year,climate_zone,continent,mean_intensity,record_freq,max_streak,pct_above_p90
1850,Polar,Antarctica,0.8433,1.0,1,0.3935
1850,Polar,Asia,0.5798,1.0,1,0.4353
1850,Polar,Europe,0.5596,1.0,1,0.1364
1850,Polar,North America,0.662,1.0,1,0.425
1850,Polar,Ocean / Unclassified,0.8306,1.0,1,0.4701
1850,Temperate,Africa,0.5546,1.0,1,0.0185
1850,Temperate,Antarctica,0.6495,1.0,1,0.4514
1850,Temperate,Asia,0.3587,1.0,1,0.1825
1850,Temperate,Australia-Oceania,0.5548,1.0,1,0.1569
1850,Temperate,Europe,0.3409,1.0,1,0.1552
1850,Temperate,North America,0.4558,1.0,1,0.2027
1850,Temperate,Ocean / Unclassified,0.6482,1.0,1,0.2629
1850,Temperate,South America,0.5317,1.0,1,0.2389
1850,Tropical,Africa,0.4468,1.0,1,0.0182
1850,Tropical,Asia,0.5743,1.0,1,0.0763
1850,Tropical,Australia-Oceania,0.5495,1.0,1,0.1106
1850,Tropical,North America,0.6328,1.0,1,0.0625
1850,Tropical,Ocean / Unclassified,0.6671,1.0,1,0.0925
1850,Tropical,South America,0.3623,1.0,1,0.0944
1851,Polar,Antarctica,0.8404,0.4387,2,0.3079
1851,Polar,Asia,0.5721,0.306,2,0.25
1851,Polar,Europe,0.5544,0.2727,2,0.0909
1851,Polar,North America,0.655,0.3875,2,0.2438
1851,Polar,Ocean / Unclassified,0.8324,0.5858,2,0.5
1851,Temperate,Africa,0.5583,0.5444,2,0.037
1851,Temperate,Antarctica,0.6496,0.5243,2,0.4201
1851,Temperate,Asia,0.3582,0.5035,2,0.2035
1851,Temperate,Australia-Oceania,0.5576,0.5392,2,0.1324
1851,Temperate,Europe,0.3395,0.4368,2,0.069
1851,Temperate,North America,0.4527,0.4358,2,0.0743
1851,Temperate,Ocean / Unclassified,0.6477,0.4888,2,0.173
1851,Temperate,South America,0.5281,0.4556,2,0.0611
1851,Tropical,Africa,0.4522,0.6455,2,0.0485
1851,Tropical,Asia,0.5798,0.5458,2,0.1107
1851,Tropical,Australia-Oceania,0.5507,0.5096,2,0.1538
1851,Tropical,North America,0.6384,0.5312,2,0.0833
1851,Tropical,Ocean / Unclassified,0.6702,0.5689,2,0.1083
1851,Tropical,South America,0.3587,0.3778,2,0.05
1852,Polar,Antarctica,0.8376,0.1852,3,0.2755
1852,Polar,Asia,0.5603,0.069,3,0.0474
1852,Polar,Europe,0.5502,0.1818,3,0.0227
1852,Polar,North America,0.6442,0.1062,3,0.1312
1852,Polar,Ocean / Unclassified,0.8216,0.2239,3,0.1493
1852,Temperate,Africa,0.5592,0.3519,3,0.0111
1852,Temperate,Antarctica,0.6462,0.25,3,0.191
1852,Temperate,Asia,0.3568,0.2526,3,0.107
1852,Temperate,Australia-Oceania,0.5613,0.402,3,0.2108
1852,Temperate,Europe,0.3387,0.2989,3,0.046
1852,Temperate,North America,0.4557,0.3716,3,0.147
1852,Temperate,Ocean / Unclassified,0.6472,0.2865,3,0.1742
1852,Temperate,South America,0.526,0.2722,3,0.1111
1852,Tropical,Africa,0.4539,0.4303,3,0.0485
1852,Tropical,Asia,0.5815,0.4351,3,0.0992
1852,Tropical,Australia-Oceania,0.55,0.351,3,0.0962
1852,Tropical,North America,0.6417,0.3958,3,0.1458
1852,Tropical,Ocean / Unclassified,0.6623,0.2815,3,0.0709
1852,Tropical,South America,0.3655,0.4278,3,0.1222
1853,Polar,Antarctica,0.8362,0.1979,4,0.2199
1853,Polar,Asia,0.5718,0.1422,2,0.2069
1853,Polar,Europe,0.5513,0.2045,2,0.0682
1853,Polar,North America,0.6508,0.2406,4,0.1969
1853,Polar,Ocean / Unclassified,0.8214,0.0522,4,0.0299
1853,Temperate,Africa,0.5677,0.4296,4,0.1333
1853,Temperate,Antarctica,0.6476,0.2118,4,0.2778
1853,Temperate,Asia,0.3552,0.1842,4,0.1298
1853,Temperate,Australia-Oceania,0.5539,0.1863,4,0.1618
1853,Temperate,Europe,0.3431,0.3218,4,0.0575
1853,Temperate,North America,0.4584,0.3429,4,0.1639
1853,Temperate,Ocean / Unclassified,0.6471,0.2112,4,0.1461
1853,Temperate,South America,0.5345,0.3889,4,0.1833
1853,Tropical,Africa,0.4531,0.3121,4,0.0636
1853,Tropical,Asia,0.5685,0.1679,4,0.0687
1853,Tropical,Australia-Oceania,0.547,0.2115,4,0.101
1853,Tropical,North America,0.6437,0.3125,4,0.0625
1853,Tropical,Ocean / Unclassified,0.6672,0.2559,4,0.0728
1853,Tropical,South America,0.3612,0.2111,4,0.1167
1854,Polar,Antarctica,0.8418,0.3218,5,0.3449
1854,Polar,Asia,0.561,0.1336,3,0.0862
1854,Polar,Europe,0.55,0.2045,2,0.2727
1854,Polar,North America,0.6464,0.1031,2,0.1594
1854,Polar,Ocean / Unclassified,0.8137,0.1119,5,0.097
1854,Temperate,Africa,0.5689,0.3667,5,0.1333
1854,Temperate,Antarctica,0.6455,0.2292,5,0.2431
1854,Temperate,Asia,0.3587,0.2351,5,0.1579
1854,Temperate,Australia-Oceania,0.5397,0.1127,3,0.1176
1854,Temperate,Europe,0.3484,0.2126,5,0.1322
1854,Temperate,North America,0.458,0.2314,5,0.152
1854,Temperate,Ocean / Unclassified,0.6479,0.2169,5,0.1753
1854,Temperate,South America,0.5418,0.3222,5,0.2667
1854,Tropical,Africa,0.4508,0.2182,5,0.0727
1854,Tropical,Asia,0.5525,0.0534,5,0.0076
1854,Tropical,Australia-Oceania,0.5355,0.1827,5,0.1154
1854,Tropical,North America,0.6165,0.1146,2,0.0104
1854,Tropical,Ocean / Unclassified,0.6728,0.2756,5,0.1929
1854,Tropical,South America,0.3537,0.0944,5,0.0778
1855,Polar,Antarctica,0.8389,0.0891,3,0.2049
1855,Polar,Asia,0.553,0.0345,3,0.0216
1855,Polar,Europe,0.5282,0.0,0,0.0
1855,Polar,North America,0.641,0.0188,3,0.1188
1855,Polar,Ocean / Unclassified,0.8224,0.0858,6,0.1604
1855,Temperate,Africa,0.5567,0.1222,6,0.0889
1855,Temperate,Antarctica,0.6484,0.1493,3,0.3229
1855,Temperate,Asia,0.3625,0.2561,6,0.2386
1855,Temperate,Australia-Oceania,0.5535,0.1225,1,0.1275
1855,Temperate,Europe,0.3472,0.2471,3,0.1149
1855,Temperate,North America,0.4566,0.1807,4,0.2044
1855,Temperate,Ocean / Unclassified,0.6467,0.1517,6,0.2
1855,Temperate,South America,0.5326,0.1222,3,0.0722
1855,Tropical,Africa,0.4485,0.103,2,0.0303
1855,Tropical,Asia,0.5642,0.1221,6,0.0534
1855,Tropical,Australia-Oceania,0.5448,0.0962,2,0.0385
1855,Tropical,North America,0.6216,0.1562,3,0.0417
1855,Tropical,Ocean / Unclassified,0.6745,0.1201,3,0.0827
1855,Tropical,South America,0.3619,0.1444,2,0.1167
1856,Polar,Antarctica,0.8341,0.0463,3,0.1007
1856,Polar,Asia,0.5526,0.0474,4,0.0043
1856,Polar,Europe,0.5322,0.0,0,0.0
1856,Polar,North America,0.6513,0.0875,4,0.2688
1856,Polar,Ocean / Unclassified,0.8154,0.0112,1,0.0448
1856,Temperate,Africa,0.5558,0.1185,2,0.0593
1856,Temperate,Antarctica,0.6486,0.066,3,0.3403
1856,Temperate,Asia,0.3578,0.1386,3,0.1561
1856,Temperate,Australia-Oceania,0.5584,0.1814,2,0.1471
1856,Temperate,Europe,0.3322,0.0575,1,0.0517
1856,Temperate,North America,0.455,0.0929,2,0.1014
1856,Temperate,Ocean / Unclassified,0.6474,0.1438,4,0.127
1856,Temperate,South America,0.5224,0.0944,3,0.1333
1856,Tropical,Africa,0.4517,0.1939,2,0.1061
1856,Tropical,Asia,0.5854,0.2595,2,0.1565
1856,Tropical,Australia-Oceania,0.5573,0.3221,3,0.226
1856,Tropical,North America,0.6465,0.2083,2,0.1354
1856,Tropical,Ocean / Unclassified,0.6575,0.1988,3,0.1004
1856,Tropical,South America,0.3681,0.3056,2,0.1222
1857,Polar,Antarctica,0.8349,0.0683,4,0.1227
1857,Polar,Asia,0.5681,0.1422,5,0.1853
1857,Polar,Europe,0.5475,0.0909,1,0.0455
1857,Polar,North America,0.647,0.075,1,0.2031
1857,Polar,Ocean / Unclassified,0.8267,0.2164,2,0.3731
1857,Temperate,Africa,0.5575,0.0889,3,0.0741
1857,Temperate,Antarctica,0.6466,0.0208,2,0.2743
1857,Temperate,Asia,0.349,0.0316,3,0.0491
1857,Temperate,Australia-Oceania,0.5457,0.0637,2,0.0588
1857,Temperate,Europe,0.3305,0.023,1,0.046
1857,Temperate,North America,0.4579,0.1689,2,0.1351
1857,Temperate,Ocean / Unclassified,0.6477,0.1236,3,0.1022
1857,Temperate,South America,0.5322,0.1111,1,0.1778
1857,Tropical,Africa,0.4532,0.1667,2,0.0909
1857,Tropical,Asia,0.5791,0.1718,2,0.1069
1857,Tropical,Australia-Oceania,0.549,0.0625,3,0.0577
1857,Tropical,North America,0.6476,0.1771,2,0.0625
1857,Tropical,Ocean / Unclassified,0.6576,0.0807,3,0.0551
1857,Tropical,South America,0.3648,0.2889,3,0.1444
1858,Polar,Antarctica,0.8356,0.0544,2,0.2222
1858,Polar,Asia,0.5663,0.0776,3,0.2155
1858,Polar,Europe,0.5418,0.0,0,0.0
1858,Polar,North America,0.6468,0.0312,1,0.175
1858,Polar,Ocean / Unclassified,0.8152,0.0149,1,0.1007
1858,Temperate,Africa,0.5599,0.1,3,0.0519
1858,Temperate,Antarctica,0.6473,0.1285,2,0.309
1858,Temperate,Asia,0.3581,0.1123,2,0.1491
1858,Temperate,Australia-Oceania,0.5571,0.1667,2,0.1127
1858,Temperate,Europe,0.3428,0.1322,1,0.0977
1858,Temperate,North America,0.453,0.0625,2,0.0794
1858,Temperate,Ocean / Unclassified,0.6473,0.1112,3,0.1618
1858,Temperate,South America,0.5297,0.0611,2,0.0778
1858,Tropical,Africa,0.4521,0.0909,3,0.0364
1858,Tropical,Asia,0.5686,0.042,1,0.0687
1858,Tropical,Australia-Oceania,0.5516,0.0913,2,0.1394
1858,Tropical,North America,0.6352,0.0729,1,0.0104
1858,Tropical,Ocean / Unclassified,0.6738,0.126,2,0.1437
1858,Tropical,South America,0.3636,0.0889,3,0.0833
1859,Polar,Antarctica,0.8386,0.1065,2,0.1991
1859,Polar,Asia,0.5777,0.306,4,0.4267
1859,Polar,Europe,0.5518,0.1591,1,0.0682
1859,Polar,North America,0.6446,0.0438,1,0.1094
1859,Polar,Ocean / Unclassified,0.817,0.0037,1,0.0299
1859,Temperate,Africa,0.5648,0.2481,4,0.1778
1859,Temperate,Antarctica,0.6436,0.0069,3,0.2118
1859,Temperate,Asia,0.3573,0.114,2,0.1526
1859,Temperate,Australia-Oceania,0.5426,0.0343,2,0.049
1859,Temperate,Europe,0.3375,0.0747,2,0.0575
1859,Temperate,North America,0.4565,0.1132,2,0.1318
1859,Temperate,Ocean / Unclassified,0.6473,0.0944,2,0.118
1859,Temperate,South America,0.5354,0.1333,1,0.1667
1859,Tropical,Africa,0.4577,0.1697,3,0.1333
1859,Tropical,Asia,0.5754,0.0916,1,0.0916
1859,Tropical,Australia-Oceania,0.5419,0.1058,2,0.101
1859,Tropical,North America,0.6488,0.125,2,0.0625
1859,Tropical,Ocean / Unclassified,0.6655,0.0945,2,0.1122
1859,Tropical,South America,0.3627,0.1444,2,0.1333
1860,Polar,Antarctica,0.8412,0.14,3,0.3623
1860,Polar,Asia,0.5566,0.0259,2,0.0388
1860,Polar,Europe,0.5398,0.0,0,0.0
1860,Polar,North America,0.6401,0.0531,1,0.025
1860,Polar,Ocean / Unclassified,0.8097,0.0597,1,0.097
1860,Temperate,Africa,0.5705,0.1519,3,0.1481
1860,Temperate,Antarctica,0.6401,0.0243,1,0.0312
1860,Temperate,Asia,0.3557,0.0719,3,0.1088
1860,Temperate,Australia-Oceania,0.5393,0.1373,2,0.1716
1860,Temperate,Europe,0.3413,0.0805,2,0.0862
1860,Temperate,North America,0.4575,0.0828,2,0.1098
1860,Temperate,Ocean / Unclassified,0.6485,0.127,3,0.182
1860,Temperate,South America,0.541,0.1167,2,0.2389
1860,Tropical,Africa,0.4559,0.1303,3,0.1121
1860,Tropical,Asia,0.5606,0.0611,2,0.0687
1860,Tropical,Australia-Oceania,0.5404,0.0913,1,0.1298
1860,Tropical,North America,0.628,0.0417,1,0.0208
1860,Tropical,Ocean / Unclassified,0.6687,0.0965,2,0.1201
1860,Tropical,South America,0.3563,0.0556,3,0.0556
1861,Polar,Antarctica,0.8388,0.1146,3,0.2801
1861,Polar,Asia,0.5525,0.0,0,0.0819
1861,Polar,Europe,0.5347,0.0,0,0.0
1861,Polar,North America,0.6429,0.1,2,0.1312
1861,Polar,Ocean / Unclassified,0.8256,0.2239,2,0.5075
1861,Temperate,Africa,0.568,0.1222,3,0.1444
1861,Temperate,Antarctica,0.6433,0.0382,1,0.0729
1861,Temperate,Asia,0.359,0.093,2,0.1912
1861,Temperate,Australia-Oceania,0.5518,0.098,3,0.1324
1861,Temperate,Europe,0.3416,0.0575,1,0.0057
1861,Temperate,North America,0.4538,0.0608,2,0.1233
1861,Temperate,Ocean / Unclassified,0.6464,0.036,2,0.1202
1861,Temperate,South America,0.5349,0.0889,2,0.1333
1861,Tropical,Africa,0.4551,0.1273,2,0.0909
1861,Tropical,Asia,0.5662,0.0267,3,0.0534
1861,Tropical,Australia-Oceania,0.5429,0.0048,1,0.0577
1861,Tropical,North America,0.6228,0.0521,2,0.0208
1861,Tropical,Ocean / Unclassified,0.6703,0.0846,2,0.1575
1861,Tropical,South America,0.3594,0.0722,4,0.0667
1862,Polar,Antarctica,0.8381,0.1435,3,0.2442
1862,Polar,Asia,0.5614,0.0216,1,0.0302
1862,Polar,Europe,0.5394,0.0,0,0.0455
1862,Polar,North America,0.6439,0.0594,2,0.1719
1862,Polar,Ocean / Unclassified,0.8157,0.0037,2,0.0112
1862,Temperate,Africa,0.5511,0.0259,2,0.0111
1862,Temperate,Antarctica,0.6446,0.0312,2,0.066
1862,Temperate,Asia,0.3558,0.0965,2,0.1404
1862,Temperate,Australia-Oceania,0.5563,0.0833,2,0.1373
1862,Temperate,Europe,0.3371,0.046,2,0.0057
1862,Temperate,North America,0.452,0.0372,2,0.1064
1862,Temperate,Ocean / Unclassified,0.646,0.0663,2,0.0809
1862,Temperate,South America,0.528,0.0889,2,0.1667
1862,Tropical,Africa,0.4499,0.0848,3,0.0697
1862,Tropical,Asia,0.587,0.2023,2,0.2328
1862,Tropical,Australia-Oceania,0.5564,0.1875,1,0.2067
1862,Tropical,North America,0.6468,0.2083,2,0.1146
1862,Tropical,Ocean / Unclassified,0.6619,0.1811,2,0.1831
1862,Tropical,South America,0.3732,0.3556,2,0.3611
1863,Polar,Antarctica,0.8311,0.0069,1,0.0567
1863,Polar,Asia,0.5586,0.0431,2,0.0905
1863,Polar,Europe,0.5331,0.0,0,0.0
1863,Polar,North America,0.6439,0.0562,1,0.1156
1863,Polar,Ocean / Unclassified,0.8173,0.0373,1,0.0672
1863,Temperate,Africa,0.563,0.0667,3,0.0667
1863,Temperate,Antarctica,0.6448,0.0833,2,0.2257
1863,Temperate,Asia,0.3533,0.0404,2,0.0614
1863,Temperate,Australia-Oceania,0.5441,0.0,0,0.0
1863,Temperate,Europe,0.34,0.046,1,0.0517
1863,Temperate,North America,0.4577,0.1149,2,0.1132
1863,Temperate,Ocean / Unclassified,0.6473,0.0494,2,0.1045
1863,Temperate,South America,0.5272,0.0111,1,0.0333
1863,Tropical,Africa,0.4559,0.1242,2,0.1273
1863,Tropical,Asia,0.5812,0.0687,1,0.0992
1863,Tropical,Australia-Oceania,0.5505,0.0481,1,0.0721
1863,Tropical,North America,0.6473,0.1458,2,0.1667
1863,Tropical,Ocean / Unclassified,0.6618,0.0551,1,0.063
1863,Tropical,South America,0.3514,0.0167,1,0.0167
1864,Polar,Antarctica,0.8359,0.0405,2,0.1736
1864,Polar,Asia,0.5586,0.0043,1,0.0302
1864,Polar,Europe,0.5433,0.0,0,0.0
1864,Polar,North America,0.6458,0.0938,2,0.1781
1864,Polar,Ocean / Unclassified,0.822,0.1045,1,0.1978
1864,Temperate,Africa,0.5729,0.1778,2,0.2185
1864,Temperate,Antarctica,0.6433,0.0278,1,0.184
1864,Temperate,Asia,0.3565,0.0632,3,0.1526
1864,Temperate,Australia-Oceania,0.5459,0.0686,1,0.098
1864,Temperate,Europe,0.3469,0.1667,2,0.1264
1864,Temperate,North America,0.4607,0.125,2,0.1841
1864,Temperate,Ocean / Unclassified,0.6467,0.0674,2,0.1079
1864,Temperate,South America,0.5375,0.0944,1,0.1556
1864,Tropical,Africa,0.4558,0.0667,2,0.1152
1864,Tropical,Asia,0.5577,0.0191,1,0.0382
1864,Tropical,Australia-Oceania,0.5499,0.0625,2,0.1635
1864,Tropical,North America,0.6268,0.0104,1,0.0104
1864,Tropical,Ocean / Unclassified,0.6694,0.0846,2,0.1555
1864,Tropical,South America,0.3538,0.0222,1,0.0389
1865,Polar,Antarctica,0.8366,0.0312,2,0.1562
1865,Polar,Asia,0.5678,0.0216,2,0.1638
1865,Polar,Europe,0.5434,0.0682,1,0.1136
1865,Polar,North America,0.642,0.0688,2,0.0906
1865,Polar,Ocean / Unclassified,0.8219,0.0,0,0.0522
1865,Temperate,Africa,0.5628,0.0444,2,0.063
1865,Temperate,Antarctica,0.6429,0.0139,1,0.1042
1865,Temperate,Asia,0.3585,0.0561,1,0.1421
1865,Temperate,Australia-Oceania,0.5438,0.0,0,0.0343
1865,Temperate,Europe,0.3395,0.0345,2,0.0575
1865,Temperate,North America,0.454,0.0389,2,0.0709
1865,Temperate,Ocean / Unclassified,0.6471,0.0348,3,0.0764
1865,Temperate,South America,0.5319,0.0333,2,0.0778
1865,Tropical,Africa,0.4576,0.097,2,0.1394
1865,Tropical,Asia,0.5713,0.0229,1,0.0229
1865,Tropical,Australia-Oceania,0.5457,0.0385,2,0.0913
1865,Tropical,North America,0.6317,0.0312,1,0.0208
1865,Tropical,Ocean / Unclassified,0.6665,0.0256,2,0.0984
1865,Tropical,South America,0.3551,0.0278,1,0.0556
1866,Polar,Antarctica,0.8359,0.0382,1,0.2222
1866,Polar,Asia,0.5623,0.0345,1,0.0647
1866,Polar,Europe,0.5472,0.0682,2,0.1818
1866,Polar,North America,0.6418,0.0156,1,0.0656
1866,Polar,Ocean / Unclassified,0.8224,0.041,1,0.1567
1866,Temperate,Africa,0.5609,0.037,2,0.1
1866,Temperate,Antarctica,0.6425,0.0243,1,0.0868
1866,Temperate,Asia,0.3556,0.0368,2,0.1193
1866,Temperate,Australia-Oceania,0.5472,0.0539,1,0.098
1866,Temperate,Europe,0.341,0.092,1,0.1264
1866,Temperate,North America,0.4573,0.0574,3,0.1453
1866,Temperate,Ocean / Unclassified,0.6476,0.0551,2,0.1449
1866,Temperate,South America,0.5283,0.0111,2,0.0556
1866,Tropical,Africa,0.4554,0.097,2,0.1545
1866,Tropical,Asia,0.576,0.0191,1,0.0458
1866,Tropical,Australia-Oceania,0.5487,0.0481,1,0.1298
1866,Tropical,North America,0.6396,0.0,0,0.0104
1866,Tropical,Ocean / Unclassified,0.6678,0.0492,1,0.1102
1866,Tropical,South America,0.3552,0.0,0,0.0167
1867,Polar,Antarctica,0.8338,0.0104,2,0.0949
1867,Polar,Asia,0.56,0.0345,2,0.0776
1867,Polar,Europe,0.549,0.0227,1,0.1136
1867,Polar,North America,0.6388,0.0156,1,0.0625
1867,Polar,Ocean / Unclassified,0.8165,0.0,0,0.0
1867,Temperate,Africa,0.5576,0.0185,1,0.0407
1867,Temperate,Antarctica,0.6453,0.0312,1,0.1146
1867,Temperate,Asia,0.3527,0.0281,1,0.0754
1867,Temperate,Australia-Oceania,0.5533,0.0784,2,0.1373
1867,Temperate,Europe,0.3454,0.0575,1,0.023
1867,Temperate,North America,0.4574,0.0524,1,0.103
1867,Temperate,Ocean / Unclassified,0.648,0.0629,2,0.1494
1867,Temperate,South America,0.5303,0.0556,1,0.1611
1867,Tropical,Africa,0.4543,0.0455,2,0.0758
1867,Tropical,Asia,0.577,0.1183,1,0.1718
1867,Tropical,Australia-Oceania,0.5498,0.0865,1,0.149
1867,Tropical,North America,0.633,0.0104,1,0.0208
1867,Tropical,Ocean / Unclassified,0.6654,0.0748,2,0.1594
1867,Tropical,South America,0.3641,0.0556,1,0.1778
1868,Polar,Antarctica,0.8354,0.0139,1,0.1123
1868,Polar,Asia,0.5666,0.0345,2,0.0733
1868,Polar,Europe,0.5425,0.0,0,0.0682
1868,Polar,North America,0.6382,0.025,1,0.0625
1868,Polar,Ocean / Unclassified,0.8134,0.0112,1,0.0373
1868,Temperate,Africa,0.5592,0.0741,1,0.0852
1868,Temperate,Antarctica,0.6433,0.0278,1,0.1042
1868,Temperate,Asia,0.3523,0.0351,1,0.0772
1868,Temperate,Australia-Oceania,0.5519,0.0245,1,0.0343
1868,Temperate,Europe,0.3397,0.0172,1,0.0172
1868,Temperate,North America,0.4562,0.076,2,0.147
1868,Temperate,Ocean / Unclassified,0.6463,0.018,2,0.0584
1868,Temperate,South America,0.5264,0.0444,1,0.1111
1868,Tropical,Africa,0.4618,0.1364,2,0.2152
1868,Tropical,Asia,0.5846,0.1298,2,0.1756
1868,Tropical,Australia-Oceania,0.5537,0.0096,1,0.1058
1868,Tropical,North America,0.6544,0.1667,1,0.1458
1868,Tropical,Ocean / Unclassified,0.6618,0.061,2,0.1024
1868,Tropical,South America,0.3549,0.0,0,0.0222
1869,Polar,Antarctica,0.8363,0.0174,1,0.1308
1869,Polar,Asia,0.5604,0.0172,2,0.0517
1869,Polar,Europe,0.5523,0.1364,1,0.1364
1869,Polar,North America,0.6399,0.025,1,0.0344
1869,Polar,Ocean / Unclassified,0.8128,0.0,0,0.0037
1869,Temperate,Africa,0.5694,0.1259,1,0.2148
1869,Temperate,Antarctica,0.6439,0.0139,1,0.2222
1869,Temperate,Asia,0.3531,0.0351,2,0.1053
1869,Temperate,Australia-Oceania,0.5365,0.0098,1,0.0147
1869,Temperate,Europe,0.3381,0.023,1,0.0402
1869,Temperate,North America,0.4579,0.076,3,0.0895
1869,Temperate,Ocean / Unclassified,0.6462,0.0483,2,0.1213
1869,Temperate,South America,0.5373,0.0833,2,0.2
1869,Tropical,Africa,0.4563,0.0879,2,0.1273
1869,Tropical,Asia,0.5677,0.0305,2,0.0878
1869,Tropical,Australia-Oceania,0.5504,0.0577,1,0.1923
1869,Tropical,North America,0.6283,0.0,0,0.0
1869,Tropical,Ocean / Unclassified,0.6645,0.0413,2,0.0827
1869,Tropical,South America,0.3587,0.0833,1,0.0944
1870,Polar,Antarctica,0.8372,0.0648,2,0.2153
1870,Polar,Asia,0.5551,0.0259,1,0.0603
1870,Polar,Europe,0.538,0.0,0,0.0227
1870,Polar,North America,0.6448,0.0438,2,0.1188
1870,Polar,Ocean / Unclassified,0.812,0.0,0,0.0
1870,Temperate,Africa,0.5637,0.0704,1,0.1185
1870,Temperate,Antarctica,0.6452,0.0278,1,0.2257
1870,Temperate,Asia,0.3576,0.0544,2,0.1702
1870,Temperate,Australia-Oceania,0.5419,0.0588,1,0.1275
1870,Temperate,Europe,0.345,0.0805,1,0.069
1870,Temperate,North America,0.4546,0.049,2,0.1436
1870,Temperate,Ocean / Unclassified,0.6479,0.0843,2,0.2202
1870,Temperate,South America,0.5378,0.1222,1,0.1833
1870,Tropical,Africa,0.4519,0.0909,3,0.1152
1870,Tropical,Asia,0.564,0.0496,1,0.0725
1870,Tropical,Australia-Oceania,0.5394,0.0577,2,0.125
1870,Tropical,North America,0.62,0.0417,1,0.0104
1870,Tropical,Ocean / Unclassified,0.6771,0.0965,2,0.2283
1870,Tropical,South America,0.3581,0.0167,1,0.0444
1871,Polar,Antarctica,0.8333,0.0625,2,0.1586
1871,Polar,Asia,0.5566,0.0,0,0.0431
1871,Polar,Europe,0.5434,0.0455,1,0.0909
1871,Polar,North America,0.6455,0.0562,2,0.2562
1871,Polar,Ocean / Unclassified,0.808,0.0037,1,0.0187
1871,Temperate,Africa,0.5577,0.0185,1,0.0407
1871,Temperate,Antarctica,0.6447,0.059,2,0.1181
1871,Temperate,Asia,0.3568,0.0351,1,0.1053
1871,Temperate,Australia-Oceania,0.561,0.0882,1,0.1618
1871,Temperate,Europe,0.3392,0.0057,1,0.0517
1871,Temperate,North America,0.4535,0.0591,2,0.1351
1871,Temperate,Ocean / Unclassified,0.6459,0.0135,1,0.0831
1871,Temperate,South America,0.5205,0.0278,1,0.0833
1871,Tropical,Africa,0.4521,0.0364,2,0.0848
1871,Tropical,Asia,0.5909,0.1107,2,0.229
1871,Tropical,Australia-Oceania,0.553,0.0769,1,0.1971
1871,Tropical,North America,0.6444,0.0312,1,0.0208
1871,Tropical,Ocean / Unclassified,0.6595,0.0315,2,0.0866
1871,Tropical,South America,0.3619,0.05,1,0.0667
1872,Polar,Antarctica,0.8362,0.0197,1,0.1725
1872,Polar,Asia,0.5628,0.1207,1,0.1853
1872,Polar,Europe,0.5487,0.1591,2,0.2727
1872,Polar,North America,0.6445,0.0438,1,0.1156
1872,Polar,Ocean / Unclassified,0.8231,0.0261,2,0.1418
1872,Temperate,Africa,0.5642,0.0333,1,0.0815
1872,Temperate,Antarctica,0.6433,0.0278,1,0.0868
1872,Temperate,Asia,0.3541,0.0263,1,0.1281
1872,Temperate,Australia-Oceania,0.5538,0.0343,2,0.098
1872,Temperate,Europe,0.3406,0.023,1,0.046
1872,Temperate,North America,0.4563,0.0591,2,0.1149
1872,Temperate,Ocean / Unclassified,0.6468,0.0551,2,0.109
1872,Temperate,South America,0.5316,0.0278,1,0.05
1872,Tropical,Africa,0.4524,0.0273,1,0.0424
1872,Tropical,Asia,0.5826,0.0611,2,0.0954
1872,Tropical,Australia-Oceania,0.5539,0.0096,1,0.0865
1872,Tropical,North America,0.6529,0.1354,2,0.1979
1872,Tropical,Ocean / Unclassified,0.6669,0.0807,1,0.1378
1872,Tropical,South America,0.3636,0.0556,2,0.1
1873,Polar,Antarctica,0.8312,0.022,1,0.0938
1873,Polar,Asia,0.5617,0.0129,2,0.0388
1873,Polar,Europe,0.5536,0.0455,1,0.0455
1873,Polar,North America,0.6462,0.0469,1,0.1875
1873,Polar,Ocean / Unclassified,0.8208,0.0,0,0.0933
1873,Temperate,Africa,0.5728,0.0815,1,0.1704
1873,Temperate,Antarctica,0.643,0.0104,1,0.1042
1873,Temperate,Asia,0.3561,0.0298,1,0.1228
1873,Temperate,Australia-Oceania,0.5454,0.1078,1,0.1373
1873,Temperate,Europe,0.3449,0.0575,1,0.1034
1873,Temperate,North America,0.4571,0.0372,2,0.1149
1873,Temperate,Ocean / Unclassified,0.6485,0.0539,2,0.1618
1873,Temperate,South America,0.5338,0.0278,1,0.0889
1873,Tropical,Africa,0.4512,0.0788,2,0.0939
1873,Tropical,Asia,0.5622,0.0153,1,0.0573
1873,Tropical,Australia-Oceania,0.5406,0.0865,2,0.1971
1873,Tropical,North America,0.6333,0.0521,2,0.0208
1873,Tropical,Ocean / Unclassified,0.6709,0.0453,1,0.0827
1873,Tropical,South America,0.3546,0.05,1,0.0667
1874,Polar,Antarctica,0.8334,0.0301,1,0.1667
1874,Polar,Asia,0.565,0.0345,1,0.0948
1874,Polar,Europe,0.5559,0.1364,1,0.3409
1874,Polar,North America,0.6451,0.0188,1,0.125
1874,Polar,Ocean / Unclassified,0.8162,0.0149,1,0.0373
1874,Temperate,Africa,0.5596,0.0074,1,0.0519
1874,Temperate,Antarctica,0.645,0.0208,1,0.1528
1874,Temperate,Asia,0.3529,0.0211,2,0.1211
1874,Temperate,Australia-Oceania,0.5465,0.0294,2,0.1225
1874,Temperate,Europe,0.3427,0.0172,2,0.0632
1874,Temperate,North America,0.4543,0.0287,3,0.0726
1874,Temperate,Ocean / Unclassified,0.6461,0.036,2,0.0989
1874,Temperate,South America,0.535,0.0278,1,0.1056
1874,Tropical,Africa,0.4533,0.0364,1,0.0576
1874,Tropical,Asia,0.5682,0.0229,1,0.0496
1874,Tropical,Australia-Oceania,0.5457,0.024,2,0.1202
1874,Tropical,North America,0.6338,0.0417,1,0.0625
1874,Tropical,Ocean / Unclassified,0.6643,0.0276,2,0.1004
1874,Tropical,South America,0.356,0.0056,1,0.0167
1875,Polar,Antarctica,0.8316,0.0127,1,0.0799
1875,Polar,Asia,0.5576,0.0,0,0.0043
1875,Polar,Europe,0.5534,0.0,0,0.2045
1875,Polar,North America,0.6383,0.0031,1,0.0094
1875,Polar,Ocean / Unclassified,0.8207,0.0187,1,0.0373
1875,Temperate,Africa,0.5523,0.0259,1,0.037
1875,Temperate,Antarctica,0.6456,0.0521,1,0.1632
1875,Temperate,Asia,0.3525,0.0228,1,0.0947
1875,Temperate,Australia-Oceania,0.5621,0.1569,1,0.2549
1875,Temperate,Europe,0.3445,0.023,1,0.0402
1875,Temperate,North America,0.4544,0.0389,2,0.1047
1875,Temperate,Ocean / Unclassified,0.647,0.0348,2,0.1101
1875,Temperate,South America,0.5261,0.0222,1,0.0944
1875,Tropical,Africa,0.4554,0.0515,1,0.1394
1875,Tropical,Asia,0.5853,0.0573,1,0.1679
1875,Tropical,Australia-Oceania,0.549,0.0529,1,0.1058
1875,Tropical,North America,0.6417,0.0,0,0.0
1875,Tropical,Ocean / Unclassified,0.6624,0.0197,1,0.0866
1875,Tropical,South America,0.3596,0.0278,1,0.0667
1876,Polar,Antarctica,0.837,0.0382,2,0.2199
1876,Polar,Asia,0.5604,0.0172,1,0.0345
1876,Polar,Europe,0.5439,0.0,0,0.0227
1876,Polar,North America,0.6383,0.0156,1,0.0562
1876,Polar,Ocean / Unclassified,0.815,0.0,0,0.0037
1876,Temperate,Africa,0.5671,0.0815,1,0.1519
1876,Temperate,Antarctica,0.6438,0.0278,1,0.1181
1876,Temperate,Asia,0.3548,0.0333,1,0.0965
1876,Temperate,Australia-Oceania,0.5444,0.0686,2,0.1961
1876,Temperate,Europe,0.3495,0.1379,1,0.1839
1876,Temperate,North America,0.4602,0.0456,2,0.1537
1876,Temperate,Ocean / Unclassified,0.6479,0.0461,2,0.1742
1876,Temperate,South America,0.5354,0.0056,1,0.1556
1876,Tropical,Africa,0.4563,0.0545,2,0.1242
1876,Tropical,Asia,0.5648,0.0153,1,0.084
1876,Tropical,Australia-Oceania,0.5406,0.0913,1,0.1538
1876,Tropical,North America,0.6406,0.0417,1,0.1875
1876,Tropical,Ocean / Unclassified,0.6665,0.0945,1,0.2028
1876,Tropical,South America,0.3612,0.0333,1,0.0944
1877,Polar,Antarctica,0.836,0.0231,2,0.1991
1877,Polar,Asia,0.5599,0.0345,1,0.1078
1877,Polar,Europe,0.5368,0.0,0,0.0
1877,Polar,North America,0.6408,0.0,0,0.0312
1877,Polar,Ocean / Unclassified,0.8115,0.0,0,0.0336
1877,Temperate,Africa,0.5724,0.0778,1,0.1889
1877,Temperate,Antarctica,0.6451,0.0069,1,0.184
1877,Temperate,Asia,0.3577,0.0579,2,0.1772
1877,Temperate,Australia-Oceania,0.5472,0.0588,2,0.1373
1877,Temperate,Europe,0.3501,0.0977,2,0.1207
1877,Temperate,North America,0.4553,0.0186,2,0.0659
1877,Temperate,Ocean / Unclassified,0.6453,0.0236,2,0.1202
1877,Temperate,South America,0.5361,0.0611,1,0.1722
1877,Tropical,Africa,0.4572,0.0485,2,0.1091
1877,Tropical,Asia,0.5636,0.0153,1,0.0458
1877,Tropical,Australia-Oceania,0.5409,0.0096,1,0.1538
1877,Tropical,North America,0.6326,0.0104,1,0.0104
1877,Tropical,Ocean / Unclassified,0.67,0.0433,1,0.0984
1877,Tropical,South America,0.3589,0.0333,1,0.0778
1878,Polar,Antarctica,0.8366,0.0613,1,0.1852
1878,Polar,Asia,0.5687,0.0302,2,0.1164
1878,Polar,Europe,0.5363,0.0,0,0.0
1878,Polar,North America,0.6553,0.0438,1,0.2562
1878,Polar,Ocean / Unclassified,0.8185,0.0075,1,0.0709
1878,Temperate,Africa,0.5676,0.0593,1,0.1556
1878,Temperate,Antarctica,0.6413,0.0035,1,0.059
1878,Temperate,Asia,0.3573,0.0351,3,0.1386
1878,Temperate,Australia-Oceania,0.5486,0.0441,1,0.1029
1878,Temperate,Europe,0.348,0.0402,1,0.1379
1878,Temperate,North America,0.4601,0.0608,2,0.1503
1878,Temperate,Ocean / Unclassified,0.646,0.0191,2,0.0854
1878,Temperate,South America,0.5353,0.0667,2,0.1944
1878,Tropical,Africa,0.4552,0.0394,1,0.1
1878,Tropical,Asia,0.5691,0.0115,1,0.042
1878,Tropical,Australia-Oceania,0.5434,0.0144,1,0.0769
1878,Tropical,North America,0.6339,0.0521,1,0.1458
1878,Tropical,Ocean / Unclassified,0.6686,0.0217,2,0.0906
1878,Tropical,South America,0.3569,0.0222,1,0.0944
1879,Polar,Antarctica,0.828,0.0023,1,0.066
1879,Polar,Asia,0.5589,0.0,0,0.0259
1879,Polar,Europe,0.5366,0.0,0,0.0227
1879,Polar,North America,0.638,0.0094,1,0.0562
1879,Polar,Ocean / Unclassified,0.8146,0.0,0,0.0
1879,Temperate,Africa,0.5649,0.0556,1,0.1222
1879,Temperate,Antarctica,0.6435,0.0069,1,0.0521
1879,Temperate,Asia,0.3582,0.0596,2,0.1281
1879,Temperate,Australia-Oceania,0.5491,0.0245,1,0.1618
1879,Temperate,Europe,0.3501,0.0862,2,0.1954
1879,Temperate,North America,0.4574,0.0253,2,0.1267
1879,Temperate,Ocean / Unclassified,0.6467,0.0213,1,0.0921
1879,Temperate,South America,0.529,0.0389,1,0.1389
1879,Tropical,Africa,0.4547,0.0364,2,0.0697
1879,Tropical,Asia,0.5679,0.0191,1,0.0802
1879,Tropical,Australia-Oceania,0.5477,0.0337,1,0.1442
1879,Tropical,North America,0.6325,0.0521,1,0.0625
1879,Tropical,Ocean / Unclassified,0.6695,0.0315,2,0.0846
1879,Tropical,South America,0.3657,0.0333,1,0.1444
1880,Polar,Antarctica,0.8288,0.0046,1,0.0787
1880,Polar,Asia,0.5698,0.0216,1,0.1293
1880,Polar,Europe,0.5502,0.0227,1,0.0227
1880,Polar,North America,0.6418,0.0188,1,0.1031
1880,Polar,Ocean / Unclassified,0.8174,0.0037,1,0.0299
1880,Temperate,Africa,0.5565,0.0259,1,0.0407
1880,Temperate,Antarctica,0.6435,0.0174,1,0.1076
1880,Temperate,Asia,0.3523,0.0175,1,0.0632
1880,Temperate,Australia-Oceania,0.5522,0.0098,1,0.0931
1880,Temperate,Europe,0.3447,0.0402,2,0.069
1880,Temperate,North America,0.454,0.0287,1,0.1149
1880,Temperate,Ocean / Unclassified,0.6463,0.0292,1,0.0921
1880,Temperate,South America,0.5211,0.0,0,0.0944
1880,Tropical,Africa,0.4547,0.0424,1,0.1273
1880,Tropical,Asia,0.5834,0.0687,1,0.1603
1880,Tropical,Australia-Oceania,0.5575,0.0625,1,0.2115
1880,Tropical,North America,0.6497,0.1146,1,0.1875
1880,Tropical,Ocean / Unclassified,0.6584,0.0591,1,0.2067
1880,Tropical,South America,0.3673,0.0778,1,0.25
1881,Polar,Antarctica,0.8345,0.0081,1,0.0741
1881,Polar,Asia,0.5716,0.0517,1,0.2328
1881,Polar,Europe,0.5554,0.1136,2,0.1136
1881,Polar,North America,0.6392,0.0,0,0.0094
1881,Polar,Ocean / Unclassified,0.826,0.0,0,0.2201
1881,Temperate,Africa,0.5704,0.0259,2,0.1481
1881,Temperate,Antarctica,0.6391,0.0,0,0.0139
1881,Temperate,Asia,0.3514,0.0175,2,0.0789
1881,Temperate,Australia-Oceania,0.5416,0.0098,1,0.0343
1881,Temperate,Europe,0.3396,0.0115,1,0.0345
1881,Temperate,North America,0.4616,0.0439,2,0.1537
1881,Temperate,Ocean / Unclassified,0.6486,0.0191,2,0.0843
1881,Temperate,South America,0.5281,0.0,0,0.0444
1881,Tropical,Africa,0.4563,0.0455,1,0.0667
1881,Tropical,Asia,0.5742,0.0382,1,0.084
1881,Tropical,Australia-Oceania,0.5495,0.0865,1,0.2067
1881,Tropical,North America,0.6457,0.0312,1,0.1354
1881,Tropical,Ocean / Unclassified,0.6595,0.0295,1,0.1102
1881,Tropical,South America,0.3611,0.0722,2,0.1222
1882,Polar,Antarctica,0.8293,0.0012,1,0.0498
1882,Polar,Asia,0.5549,0.0,0,0.0043
1882,Polar,Europe,0.5351,0.0,0,0.0
1882,Polar,North America,0.6427,0.0031,1,0.0531
1882,Polar,Ocean / Unclassified,0.8148,0.0,0,0.0
1882,Temperate,Africa,0.5771,0.0815,1,0.2519
1882,Temperate,Antarctica,0.6414,0.0069,1,0.0694
1882,Temperate,Asia,0.3598,0.0456,1,0.1754
1882,Temperate,Australia-Oceania,0.5443,0.0,0,0.0441
1882,Temperate,Europe,0.349,0.069,1,0.1322
1882,Temperate,North America,0.4569,0.027,1,0.1351
1882,Temperate,Ocean / Unclassified,0.6471,0.0258,1,0.1404
1882,Temperate,South America,0.5424,0.0889,1,0.2611
1882,Tropical,Africa,0.4628,0.0848,2,0.2606
1882,Tropical,Asia,0.5584,0.0076,1,0.0763
1882,Tropical,Australia-Oceania,0.5369,0.0048,1,0.0865
1882,Tropical,North America,0.6248,0.0,0,0.0312
1882,Tropical,Ocean / Unclassified,0.6709,0.0079,1,0.0945
1882,Tropical,South America,0.3595,0.0222,3,0.1389
1883,Polar,Antarctica,0.8351,0.0058,1,0.1134
1883,Polar,Asia,0.5603,0.0129,1,0.1078
1883,Polar,Europe,0.5402,0.0,0,0.0
1883,Polar,North America,0.6408,0.0125,1,0.0562
1883,Polar,Ocean / Unclassified,0.8097,0.0,0,0.0224
1883,Temperate,Africa,0.5632,0.0481,2,0.1148
1883,Temperate,Antarctica,0.6457,0.0035,1,0.2049
1883,Temperate,Asia,0.3545,0.0193,2,0.1105
1883,Temperate,Australia-Oceania,0.5478,0.0049,1,0.0735
1883,Temperate,Europe,0.3443,0.0172,1,0.092
1883,Temperate,North America,0.4552,0.0152,1,0.0912
1883,Temperate,Ocean / Unclassified,0.6465,0.0236,1,0.1112
1883,Temperate,South America,0.5274,0.0167,1,0.0889
1883,Tropical,Africa,0.4649,0.1091,2,0.3061
1883,Tropical,Asia,0.5765,0.0534,1,0.1527
1883,Tropical,Australia-Oceania,0.5512,0.024,1,0.1779
1883,Tropical,North America,0.6381,0.0208,1,0.0729
1883,Tropical,Ocean / Unclassified,0.663,0.0217,1,0.1024
1883,Tropical,South America,0.3591,0.0111,1,0.05
1884,Polar,Antarctica,0.8343,0.0162,1,0.0787
1884,Polar,Asia,0.5691,0.0259,1,0.2284
1884,Polar,Europe,0.5572,0.3636,1,0.2273
1884,Polar,North America,0.6496,0.0656,2,0.15
1884,Polar,Ocean / Unclassified,0.8216,0.0,0,0.1567
1884,Temperate,Africa,0.5605,0.037,1,0.1074
1884,Temperate,Antarctica,0.6409,0.0,0,0.0104
1884,Temperate,Asia,0.357,0.0333,1,0.1439
1884,Temperate,Australia-Oceania,0.554,0.049,1,0.1422
1884,Temperate,Europe,0.3444,0.0575,1,0.1149
1884,Temperate,North America,0.4577,0.0574,2,0.1419
1884,Temperate,Ocean / Unclassified,0.6466,0.0303,1,0.1146
1884,Temperate,South America,0.535,0.0278,1,0.1222
1884,Tropical,Africa,0.4494,0.0394,1,0.0394
1884,Tropical,Asia,0.5685,0.0038,1,0.0496
1884,Tropical,Australia-Oceania,0.5471,0.0192,1,0.1202
1884,Tropical,North America,0.6404,0.0312,1,0.1146
1884,Tropical,Ocean / Unclassified,0.6667,0.0453,1,0.0728
1884,Tropical,South America,0.3612,0.0167,1,0.1
1885,Polar,Antarctica,0.833,0.0046,1,0.1227
1885,Polar,Asia,0.5587,0.0862,1,0.1638
1885,Polar,Europe,0.5534,0.0227,1,0.25
1885,Polar,North America,0.6373,0.0281,2,0.0625
1885,Polar,Ocean / Unclassified,0.8217,0.0597,1,0.1754
1885,Temperate,Africa,0.5655,0.037,2,0.1111
1885,Temperate,Antarctica,0.6416,0.0174,1,0.0799
1885,Temperate,Asia,0.357,0.0368,2,0.1298
1885,Temperate,Australia-Oceania,0.5486,0.0098,1,0.0833
1885,Temperate,Europe,0.348,0.069,1,0.1494
1885,Temperate,North America,0.4583,0.0287,1,0.1588
1885,Temperate,Ocean / Unclassified,0.6465,0.036,1,0.1191
1885,Temperate,South America,0.5263,0.0111,1,0.0722
1885,Tropical,Africa,0.4625,0.0909,2,0.2485
1885,Tropical,Asia,0.5797,0.0954,1,0.2481
1885,Tropical,Australia-Oceania,0.5502,0.0865,1,0.1106
1885,Tropical,North America,0.6338,0.0,0,0.0729
1885,Tropical,Ocean / Unclassified,0.6644,0.0295,2,0.1654
1885,Tropical,South America,0.3593,0.0667,2,0.1722
1886,Polar,Antarctica,0.8308,0.0035,1,0.0509
1886,Polar,Asia,0.5743,0.0733,1,0.2629
1886,Polar,Europe,0.5621,0.0909,1,0.2955
1886,Polar,North America,0.6536,0.0719,2,0.3438
1886,Polar,Ocean / Unclassified,0.8279,0.0112,1,0.2388
1886,Temperate,Africa,0.562,0.0037,2,0.037
1886,Temperate,Antarctica,0.6418,0.0208,1,0.059
1886,Temperate,Asia,0.3544,0.0123,1,0.086
1886,Temperate,Australia-Oceania,0.5543,0.0049,1,0.0931
1886,Temperate,Europe,0.3434,0.0115,1,0.0575
1886,Temperate,North America,0.4573,0.0068,1,0.0693
1886,Temperate,Ocean / Unclassified,0.6472,0.0112,2,0.082
1886,Temperate,South America,0.5238,0.0056,1,0.0611
1886,Tropical,Africa,0.461,0.0758,2,0.1879
1886,Tropical,Asia,0.5875,0.0802,1,0.1603
1886,Tropical,Australia-Oceania,0.546,0.0048,1,0.0192
1886,Tropical,North America,0.6527,0.0104,1,0.0417
1886,Tropical,Ocean / Unclassified,0.661,0.0236,1,0.0591
1886,Tropical,South America,0.3556,0.0611,1,0.0556
1887,Polar,Antarctica,0.8344,0.0428,1,0.1736
1887,Polar,Asia,0.5587,0.0086,1,0.0474
1887,Polar,Europe,0.5555,0.0909,2,0.2273
1887,Polar,North America,0.6377,0.0,0,0.0406
1887,Polar,Ocean / Unclassified,0.8055,0.0,0,0.0
1887,Temperate,Africa,0.5717,0.0185,1,0.1778
1887,Temperate,Antarctica,0.6444,0.0451,1,0.1562
1887,Temperate,Asia,0.3575,0.0211,1,0.1263
1887,Temperate,Australia-Oceania,0.5519,0.0245,2,0.1029
1887,Temperate,Europe,0.351,0.0345,1,0.2011
1887,Temperate,North America,0.4564,0.0203,1,0.0997
1887,Temperate,Ocean / Unclassified,0.6474,0.0382,3,0.1258
1887,Temperate,South America,0.5312,0.0333,1,0.1389
1887,Tropical,Africa,0.4589,0.0091,3,0.1152
1887,Tropical,Asia,0.5676,0.0115,2,0.0649
1887,Tropical,Australia-Oceania,0.5452,0.0048,1,0.0962
1887,Tropical,North America,0.6358,0.0104,1,0.0312
1887,Tropical,Ocean / Unclassified,0.6639,0.0236,1,0.1063
1887,Tropical,South America,0.3566,0.0056,1,0.0444
1888,Polar,Antarctica,0.8317,0.0046,1,0.103
1888,Polar,Asia,0.5676,0.0302,1,0.181
1888,Polar,Europe,0.5546,0.0,0,0.2045
1888,Polar,North America,0.6408,0.0094,1,0.0906
1888,Polar,Ocean / Unclassified,0.8201,0.0,0,0.041
1888,Temperate,Africa,0.5684,0.0259,1,0.1111
1888,Temperate,Antarctica,0.6426,0.0069,1,0.0972
1888,Temperate,Asia,0.3573,0.0649,1,0.1509
1888,Temperate,Australia-Oceania,0.5496,0.0539,1,0.1912
1888,Temperate,Europe,0.3474,0.0345,1,0.1034
1888,Temperate,North America,0.4572,0.0203,1,0.1334
1888,Temperate,Ocean / Unclassified,0.6467,0.0247,2,0.127
1888,Temperate,South America,0.5395,0.0389,2,0.1722
1888,Tropical,Africa,0.4599,0.0424,1,0.1485
1888,Tropical,Asia,0.5602,0.0038,1,0.0267
1888,Tropical,Australia-Oceania,0.5466,0.0048,1,0.0721
1888,Tropical,North America,0.627,0.0,0,0.0208
1888,Tropical,Ocean / Unclassified,0.6704,0.0098,2,0.1122
1888,Tropical,South America,0.3532,0.0056,1,0.0278
1889,Polar,Antarctica,0.8321,0.0023,1,0.0914
1889,Polar,Asia,0.5665,0.0129,1,0.1853
1889,Polar,Europe,0.5375,0.0,0,0.0227
1889,Polar,North America,0.6456,0.0188,1,0.1375
1889,Polar,Ocean / Unclassified,0.8211,0.0336,1,0.2463
1889,Temperate,Africa,0.5648,0.0148,1,0.0778
1889,Temperate,Antarctica,0.642,0.0,0,0.0729
1889,Temperate,Asia,0.3536,0.0211,2,0.1
1889,Temperate,Australia-Oceania,0.5545,0.0,0,0.0588
1889,Temperate,Europe,0.3505,0.0575,2,0.1379
1889,Temperate,North America,0.4554,0.0287,1,0.0963
1889,Temperate,Ocean / Unclassified,0.6471,0.0371,1,0.1337
1889,Temperate,South America,0.5306,0.0,0,0.0833
1889,Tropical,Africa,0.4587,0.0515,1,0.1515
1889,Tropical,Asia,0.5701,0.0191,1,0.0687
1889,Tropical,Australia-Oceania,0.5431,0.0,0,0.0481
1889,Tropical,North America,0.629,0.0,0,0.0
1889,Tropical,Ocean / Unclassified,0.6717,0.0118,1,0.1043
1889,Tropical,South America,0.3565,0.0,0,0.0333
1890,Polar,Antarctica,0.8279,0.0012,1,0.0521
1890,Polar,Asia,0.5553,0.0,0,0.0129
1890,Polar,Europe,0.5373,0.0,0,0.0682
1890,Polar,North America,0.6412,0.0031,1,0.025
1890,Polar,Ocean / Unclassified,0.8124,0.0,0,0.0
1890,Temperate,Africa,0.5499,0.0,0,0.0185
1890,Temperate,Antarctica,0.6441,0.0104,1,0.1181
1890,Temperate,Asia,0.3531,0.0123,1,0.0754
1890,Temperate,Australia-Oceania,0.5598,0.0392,1,0.1373
1890,Temperate,Europe,0.3445,0.0345,1,0.069
1890,Temperate,North America,0.4558,0.0068,1,0.0878
1890,Temperate,Ocean / Unclassified,0.6451,0.0135,1,0.0933
1890,Temperate,South America,0.5203,0.0167,1,0.1222
1890,Tropical,Africa,0.4498,0.0,0,0.0121
1890,Tropical,Asia,0.5814,0.0382,1,0.2366
1890,Tropical,Australia-Oceania,0.5501,0.0385,1,0.1346
1890,Tropical,North America,0.6445,0.0208,1,0.0625
1890,Tropical,Ocean / Unclassified,0.6663,0.0315,1,0.1358
1890,Tropical,South America,0.3596,0.0111,1,0.0611
1891,Polar,Antarctica,0.8345,0.0012,1,0.1354
1891,Polar,Asia,0.5754,0.0905,1,0.2414
1891,Polar,Europe,0.5539,0.0,0,0.0682
1891,Polar,North America,0.6449,0.0062,1,0.1594
1891,Polar,Ocean / Unclassified,0.8222,0.0187,1,0.097
1891,Temperate,Africa,0.5517,0.0074,1,0.0407
1891,Temperate,Antarctica,0.6423,0.0,0,0.0382
1891,Temperate,Asia,0.3514,0.014,1,0.0825
1891,Temperate,Australia-Oceania,0.5519,0.0343,2,0.1127
1891,Temperate,Europe,0.3396,0.0,0,0.0115
1891,Temperate,North America,0.4573,0.0152,1,0.1233
1891,Temperate,Ocean / Unclassified,0.6465,0.009,1,0.0719
1891,Temperate,South America,0.5276,0.0278,1,0.0833
1891,Tropical,Africa,0.4535,0.0061,1,0.0576
1891,Tropical,Asia,0.5893,0.0611,2,0.187
1891,Tropical,Australia-Oceania,0.5513,0.024,2,0.1202
1891,Tropical,North America,0.6549,0.1354,1,0.3125
1891,Tropical,Ocean / Unclassified,0.6567,0.0394,1,0.0965
1891,Tropical,South America,0.3648,0.0222,1,0.1167
1892,Polar,Antarctica,0.8345,0.0023,1,0.1146
1892,Polar,Asia,0.561,0.0,0,0.125
1892,Polar,Europe,0.5441,0.0227,1,0.0
1892,Polar,North America,0.6475,0.0219,1,0.125
1892,Polar,Ocean / Unclassified,0.8189,0.0149,1,0.0187
1892,Temperate,Africa,0.5672,0.0333,1,0.1222
1892,Temperate,Antarctica,0.6404,0.0,0,0.0278
1892,Temperate,Asia,0.3524,0.007,1,0.0404
1892,Temperate,Australia-Oceania,0.5514,0.0,0,0.0392
1892,Temperate,Europe,0.3468,0.0287,1,0.1264
1892,Temperate,North America,0.4587,0.022,1,0.103
1892,Temperate,Ocean / Unclassified,0.6478,0.0213,2,0.0854
1892,Temperate,South America,0.5323,0.0056,1,0.1167
1892,Tropical,Africa,0.4572,0.0182,1,0.1
1892,Tropical,Asia,0.5752,0.0076,1,0.0573
1892,Tropical,Australia-Oceania,0.5482,0.0,0,0.0288
1892,Tropical,North America,0.6446,0.0104,1,0.0625
1892,Tropical,Ocean / Unclassified,0.6616,0.0157,1,0.0335
1892,Tropical,South America,0.3604,0.0167,2,0.0611
1893,Polar,Antarctica,0.826,0.0023,1,0.0498
1893,Polar,Asia,0.5667,0.0517,1,0.194
1893,Polar,Europe,0.5433,0.0,0,0.0682
1893,Polar,North America,0.6397,0.0094,1,0.0812
1893,Polar,Ocean / Unclassified,0.8182,0.0,0,0.0373
1893,Temperate,Africa,0.5738,0.063,1,0.1815
1893,Temperate,Antarctica,0.6435,0.0104,1,0.0903
1893,Temperate,Asia,0.3575,0.0263,1,0.1386
1893,Temperate,Australia-Oceania,0.5475,0.0245,1,0.1324
1893,Temperate,Europe,0.3514,0.0747,2,0.2184
1893,Temperate,North America,0.4558,0.0068,1,0.0726
1893,Temperate,Ocean / Unclassified,0.6448,0.0079,1,0.0831
1893,Temperate,South America,0.5352,0.0111,1,0.1056
1893,Tropical,Africa,0.4578,0.0667,1,0.1576
1893,Tropical,Asia,0.5547,0.0,0,0.0
1893,Tropical,Australia-Oceania,0.5449,0.0,0,0.0529
1893,Tropical,North America,0.6228,0.0104,1,0.0104
1893,Tropical,Ocean / Unclassified,0.6739,0.0079,1,0.1535
1893,Tropical,South America,0.3583,0.0,0,0.0389
1894,Polar,Antarctica,0.8362,0.0613,1,0.1875
1894,Polar,Asia,0.5652,0.0129,1,0.1078
1894,Polar,Europe,0.5421,0.0,0,0.0
1894,Polar,North America,0.6453,0.0406,1,0.1094
1894,Polar,Ocean / Unclassified,0.8193,0.0,0,0.041
1894,Temperate,Africa,0.5591,0.0222,1,0.0778
1894,Temperate,Antarctica,0.6437,0.0069,1,0.0764
1894,Temperate,Asia,0.356,0.0088,1,0.0825
1894,Temperate,Australia-Oceania,0.5576,0.0147,1,0.098
1894,Temperate,Europe,0.347,0.0632,2,0.1322
1894,Temperate,North America,0.453,0.027,2,0.0861
1894,Temperate,Ocean / Unclassified,0.6446,0.0079,2,0.0596
1894,Temperate,South America,0.5262,0.0,0,0.0944
1894,Tropical,Africa,0.459,0.0121,1,0.1485
1894,Tropical,Asia,0.5822,0.0038,1,0.1069
1894,Tropical,Australia-Oceania,0.5466,0.0,0,0.0288
1894,Tropical,North America,0.6423,0.0208,1,0.0208
1894,Tropical,Ocean / Unclassified,0.6614,0.0118,1,0.0748
1894,Tropical,South America,0.3628,0.0278,1,0.0944
1895,Polar,Antarctica,0.835,0.0336,2,0.184
1895,Polar,Asia,0.5556,0.0,0,0.0043
1895,Polar,Europe,0.5524,0.0455,1,0.0455
1895,Polar,North America,0.6351,0.0156,1,0.0219
1895,Polar,Ocean / Unclassified,0.8147,0.0149,1,0.0149
1895,Temperate,Africa,0.5596,0.0111,2,0.0481
1895,Temperate,Antarctica,0.6466,0.0243,1,0.1979
1895,Temperate,Asia,0.352,0.0123,1,0.0684
1895,Temperate,Australia-Oceania,0.5508,0.0147,1,0.0735
1895,Temperate,Europe,0.3405,0.0,0,0.0345
1895,Temperate,North America,0.4618,0.0253,1,0.1402
1895,Temperate,Ocean / Unclassified,0.6475,0.0112,1,0.1045
1895,Temperate,South America,0.5267,0.0056,1,0.05
1895,Tropical,Africa,0.4588,0.0303,1,0.1485
1895,Tropical,Asia,0.585,0.0573,1,0.2099
1895,Tropical,Australia-Oceania,0.5552,0.0,0,0.1106
1895,Tropical,North America,0.6588,0.0417,1,0.2396
1895,Tropical,Ocean / Unclassified,0.6583,0.0059,1,0.0807
1895,Tropical,South America,0.3619,0.0,0,0.0944
1896,Polar,Antarctica,0.8317,0.0,0,0.0359
1896,Polar,Asia,0.563,0.0043,1,0.069
1896,Polar,Europe,0.5506,0.0227,1,0.0
1896,Polar,North America,0.6478,0.0656,1,0.2031
1896,Polar,Ocean / Unclassified,0.8274,0.056,1,0.2836
1896,Temperate,Africa,0.5706,0.0037,1,0.0889
1896,Temperate,Antarctica,0.6406,0.0,0,0.0174
1896,Temperate,Asia,0.358,0.0298,1,0.1351
1896,Temperate,Australia-Oceania,0.547,0.0098,1,0.098
1896,Temperate,Europe,0.3424,0.0172,1,0.0747
1896,Temperate,North America,0.4549,0.0152,1,0.0946
1896,Temperate,Ocean / Unclassified,0.6469,0.0135,1,0.1
1896,Temperate,South America,0.534,0.0389,1,0.1278
1896,Tropical,Africa,0.4529,0.0182,1,0.0424
1896,Tropical,Asia,0.564,0.0038,1,0.0496
1896,Tropical,Australia-Oceania,0.5405,0.0,0,0.0144
1896,Tropical,North America,0.636,0.0417,1,0.0729
1896,Tropical,Ocean / Unclassified,0.6722,0.0039,1,0.0945
1896,Tropical,South America,0.3621,0.0056,1,0.0556
1897,Polar,Antarctica,0.8368,0.0127,1,0.1273
1897,Polar,Asia,0.562,0.0,0,0.1293
1897,Polar,Europe,0.5505,0.0909,1,0.2273
1897,Polar,North America,0.6487,0.0031,1,0.1562
1897,Polar,Ocean / Unclassified,0.8211,0.0112,2,0.1716
1897,Temperate,Africa,0.5602,0.0037,1,0.0667
1897,Temperate,Antarctica,0.6438,0.059,1,0.1181
1897,Temperate,Asia,0.3571,0.0474,1,0.1632
1897,Temperate,Australia-Oceania,0.5508,0.0,0,0.0245
1897,Temperate,Europe,0.3442,0.046,1,0.1092
1897,Temperate,North America,0.455,0.0118,1,0.0878
1897,Temperate,Ocean / Unclassified,0.6472,0.0247,2,0.091
1897,Temperate,South America,0.5336,0.0222,1,0.1444
1897,Tropical,Africa,0.4501,0.003,1,0.0182
1897,Tropical,Asia,0.5773,0.0611,1,0.1336
1897,Tropical,Australia-Oceania,0.5462,0.0,0,0.0529
1897,Tropical,North America,0.6454,0.0833,1,0.0625
1897,Tropical,Ocean / Unclassified,0.6653,0.0177,1,0.065
1897,Tropical,South America,0.3649,0.1444,1,0.2
1898,Polar,Antarctica,0.8348,0.0255,1,0.1296
1898,Polar,Asia,0.5599,0.0,0,0.0129
1898,Polar,Europe,0.557,0.0455,1,0.1818
1898,Polar,North America,0.6432,0.0,0,0.05
1898,Polar,Ocean / Unclassified,0.8186,0.0,0,0.0075
1898,Temperate,Africa,0.5653,0.0037,1,0.1407
1898,Temperate,Antarctica,0.6442,0.0139,1,0.1354
1898,Temperate,Asia,0.3555,0.0211,2,0.0895
1898,Temperate,Australia-Oceania,0.5484,0.0,0,0.0637
1898,Temperate,Europe,0.3409,0.0115,1,0.0632
1898,Temperate,North America,0.4543,0.0186,1,0.1047
1898,Temperate,Ocean / Unclassified,0.6476,0.0225,2,0.136
1898,Temperate,South America,0.5329,0.0111,1,0.1389
1898,Tropical,Africa,0.4567,0.0212,1,0.1061
1898,Tropical,Asia,0.5786,0.0,0,0.0725
1898,Tropical,Australia-Oceania,0.5528,0.0096,1,0.101
1898,Tropical,North America,0.6448,0.0417,1,0.0833
1898,Tropical,Ocean / Unclassified,0.6652,0.0138,1,0.0374
1898,Tropical,South America,0.3624,0.0167,1,0.0556
1899,Polar,Antarctica,0.8359,0.0046,1,0.1192
1899,Polar,Asia,0.5633,0.0,0,0.0776
1899,Polar,Europe,0.5468,0.0,0,0.0
1899,Polar,North America,0.6518,0.1469,1,0.35
1899,Polar,Ocean / Unclassified,0.8217,0.0784,1,0.2239
1899,Temperate,Africa,0.5644,0.0296,1,0.0778
1899,Temperate,Antarctica,0.6424,0.0104,2,0.0451
1899,Temperate,Asia,0.3553,0.0088,1,0.114
1899,Temperate,Australia-Oceania,0.5534,0.0196,1,0.1373
1899,Temperate,Europe,0.343,0.0,0,0.0575
1899,Temperate,North America,0.456,0.0236,1,0.0929
1899,Temperate,Ocean / Unclassified,0.6461,0.0067,1,0.0787
1899,Temperate,South America,0.5313,0.0056,1,0.1
1899,Tropical,Africa,0.4521,0.0091,1,0.0333
1899,Tropical,Asia,0.5722,0.0305,1,0.1527
1899,Tropical,Australia-Oceania,0.5442,0.0,0,0.0433
1899,Tropical,North America,0.6453,0.0208,1,0.1458
1899,Tropical,Ocean / Unclassified,0.6663,0.0118,1,0.1043
1899,Tropical,South America,0.3682,0.0278,1,0.1556
1900,Polar,Antarctica,0.8319,0.0023,1,0.066
1900,Polar,Asia,0.5613,0.0,0,0.0474
1900,Polar,Europe,0.5468,0.0,0,0.0455
1900,Polar,North America,0.6503,0.0031,1,0.1562
1900,Polar,Ocean / Unclassified,0.8212,0.0,0,0.1418
1900,Temperate,Africa,0.5596,0.0148,1,0.0704
1900,Temperate,Antarctica,0.6453,0.0417,1,0.1424
1900,Temperate,Asia,0.3551,0.014,1,0.0772
1900,Temperate,Australia-Oceania,0.5523,0.0,0,0.1029
1900,Temperate,Europe,0.3448,0.0,0,0.0402
1900,Temperate,North America,0.454,0.0169,1,0.076
1900,Temperate,Ocean / Unclassified,0.6471,0.0191,1,0.0966
1900,Temperate,South America,0.5287,0.0056,1,0.0556
1900,Tropical,Africa,0.4585,0.0212,1,0.1273
1900,Tropical,Asia,0.5827,0.0038,2,0.0802
1900,Tropical,Australia-Oceania,0.5528,0.0,0,0.0865
1900,Tropical,North America,0.643,0.0104,1,0.0729
1900,Tropical,Ocean / Unclassified,0.6649,0.0059,1,0.063
1900,Tropical,South America,0.36,0.0056,1,0.05
1901,Polar,Antarctica,0.8338,0.0012,1,0.0833
1901,Polar,Asia,0.5656,0.0431,1,0.0991
1901,Polar,Europe,0.5535,0.0,0,0.0
1901,Polar,North America,0.6436,0.0,0,0.0062
1901,Polar,Ocean / Unclassified,0.8207,0.0037,1,0.0784
1901,Temperate,Africa,0.5585,0.0037,1,0.0556
1901,Temperate,Antarctica,0.6422,0.0035,1,0.059
1901,Temperate,Asia,0.3566,0.007,2,0.0947
1901,Temperate,Australia-Oceania,0.5645,0.0735,1,0.2647
1901,Temperate,Europe,0.3405,0.0172,1,0.046
1901,Temperate,North America,0.4542,0.0169,2,0.0507
1901,Temperate,Ocean / Unclassified,0.6468,0.0079,1,0.1045
1901,Temperate,South America,0.5286,0.0167,1,0.1222
1901,Tropical,Africa,0.4564,0.0212,1,0.0879
1901,Tropical,Asia,0.5793,0.0191,1,0.1107
1901,Tropical,Australia-Oceania,0.551,0.0096,1,0.0625
1901,Tropical,North America,0.6475,0.0104,1,0.0625
1901,Tropical,Ocean / Unclassified,0.6612,0.0138,1,0.0512
1901,Tropical,South America,0.3585,0.0167,1,0.0556
1902,Polar,Antarctica,0.8308,0.0,0,0.066
1902,Polar,Asia,0.5496,0.0,0,0.0
1902,Polar,Europe,0.5419,0.0,0,0.0
1902,Polar,North America,0.6389,0.0031,1,0.0094
1902,Polar,Ocean / Unclassified,0.8116,0.0,0,0.0
1902,Temperate,Africa,0.5637,0.063,1,0.1296
1902,Temperate,Antarctica,0.6416,0.0139,1,0.0625
1902,Temperate,Asia,0.356,0.0175,1,0.114
1902,Temperate,Australia-Oceania,0.55,0.0,0,0.1029
1902,Temperate,Europe,0.3502,0.0517,1,0.0977
1902,Temperate,North America,0.4559,0.0101,1,0.0676
1902,Temperate,Ocean / Unclassified,0.6474,0.0191,1,0.136
1902,Temperate,South America,0.5309,0.0056,1,0.0556
1902,Tropical,Africa,0.4548,0.0061,1,0.0788
1902,Tropical,Asia,0.5748,0.0115,1,0.1069
1902,Tropical,Australia-Oceania,0.5427,0.0048,1,0.0865
1902,Tropical,North America,0.6377,0.0312,1,0.0417
1902,Tropical,Ocean / Unclassified,0.6682,0.002,1,0.063
1902,Tropical,South America,0.3562,0.0,0,0.0167
1903,Polar,Antarctica,0.8326,0.0,0,0.0324
1903,Polar,Asia,0.5574,0.0,0,0.0
1903,Polar,Europe,0.5498,0.0455,1,0.0227
1903,Polar,North America,0.646,0.0344,1,0.15
1903,Polar,Ocean / Unclassified,0.8114,0.0037,1,0.0
1903,Temperate,Africa,0.5678,0.0037,2,0.1037
1903,Temperate,Antarctica,0.6435,0.0,0,0.0903
1903,Temperate,Asia,0.3586,0.0474,1,0.1614
1903,Temperate,Australia-Oceania,0.5477,0.0,0,0.0343
1903,Temperate,Europe,0.3497,0.046,1,0.1034
1903,Temperate,North America,0.4546,0.0051,1,0.0693
1903,Temperate,Ocean / Unclassified,0.6464,0.018,2,0.1112
1903,Temperate,South America,0.5314,0.0167,1,0.05
1903,Tropical,Africa,0.4597,0.0333,1,0.1909
1903,Tropical,Asia,0.5659,0.0191,1,0.0916
1903,Tropical,Australia-Oceania,0.544,0.0048,1,0.0433
1903,Tropical,North America,0.627,0.0,0,0.0
1903,Tropical,Ocean / Unclassified,0.6683,0.0177,1,0.0689
1903,Tropical,South America,0.3594,0.0056,1,0.0667
1904,Polar,Antarctica,0.8337,0.0023,1,0.0856
1904,Polar,Asia,0.5583,0.0043,1,0.1164
1904,Polar,Europe,0.5578,0.1591,2,0.1364
1904,Polar,North America,0.6451,0.0375,2,0.1312
1904,Polar,Ocean / Unclassified,0.8168,0.0224,2,0.1791
1904,Temperate,Africa,0.558,0.0037,1,0.0444
1904,Temperate,Antarctica,0.644,0.0069,1,0.0972
1904,Temperate,Asia,0.3568,0.007,1,0.1035
1904,Temperate,Australia-Oceania,0.5618,0.0294,1,0.1814
1904,Temperate,Europe,0.3433,0.0057,2,0.023
1904,Temperate,North America,0.457,0.0389,2,0.1368
1904,Temperate,Ocean / Unclassified,0.6453,0.0146,1,0.0764
1904,Temperate,South America,0.5291,0.0056,1,0.1389
1904,Tropical,Africa,0.4475,0.003,1,0.0303
1904,Tropical,Asia,0.5795,0.0344,1,0.1412
1904,Tropical,Australia-Oceania,0.5546,0.0048,1,0.1202
1904,Tropical,North America,0.6466,0.0729,1,0.1354
1904,Tropical,Ocean / Unclassified,0.665,0.0413,1,0.1181
1904,Tropical,South America,0.3624,0.0889,2,0.1833
1905,Polar,Antarctica,0.8324,0.0,0,0.0475
1905,Polar,Asia,0.566,0.0043,1,0.0733
1905,Polar,Europe,0.5531,0.0,0,0.0
1905,Polar,North America,0.6474,0.0031,1,0.1062
1905,Polar,Ocean / Unclassified,0.8179,0.0,0,0.0634
1905,Temperate,Africa,0.563,0.0074,1,0.0481
1905,Temperate,Antarctica,0.6394,0.0,0,0.0035
1905,Temperate,Asia,0.3544,0.007,1,0.0667
1905,Temperate,Australia-Oceania,0.5532,0.0049,2,0.0882
1905,Temperate,Europe,0.3514,0.0287,1,0.1379
1905,Temperate,North America,0.4554,0.0253,2,0.0878
1905,Temperate,Ocean / Unclassified,0.6474,0.0146,1,0.1213
1905,Temperate,South America,0.5345,0.0,0,0.05
1905,Tropical,Africa,0.4486,0.0061,1,0.0091
1905,Tropical,Asia,0.5687,0.0,0,0.0534
1905,Tropical,Australia-Oceania,0.5464,0.0,0,0.0433
1905,Tropical,North America,0.6392,0.0,0,0.0312
1905,Tropical,Ocean / Unclassified,0.665,0.0039,1,0.0295
1905,Tropical,South America,0.3646,0.0,0,0.1611
1906,Polar,Antarctica,0.8309,0.0023,1,0.081
1906,Polar,Asia,0.5627,0.0388,1,0.0733
1906,Polar,Europe,0.5619,0.0227,1,0.0455
1906,Polar,North America,0.6474,0.1156,2,0.3688
1906,Polar,Ocean / Unclassified,0.8187,0.0187,1,0.1716
1906,Temperate,Africa,0.5648,0.0222,1,0.1111
1906,Temperate,Antarctica,0.6408,0.0035,1,0.0417
1906,Temperate,Asia,0.3586,0.0228,1,0.1526
1906,Temperate,Australia-Oceania,0.5541,0.0049,1,0.098
1906,Temperate,Europe,0.3499,0.0287,1,0.1149
1906,Temperate,North America,0.4531,0.0101,1,0.0743
1906,Temperate,Ocean / Unclassified,0.6472,0.009,2,0.1135
1906,Temperate,South America,0.5263,0.0,0,0.0167
1906,Tropical,Africa,0.4567,0.0182,1,0.1182
1906,Tropical,Asia,0.5672,0.0,0,0.0611
1906,Tropical,Australia-Oceania,0.5412,0.0096,1,0.0529
1906,Tropical,North America,0.6409,0.0208,1,0.0417
1906,Tropical,Ocean / Unclassified,0.6725,0.0059,1,0.0827
1906,Tropical,South America,0.3582,0.0,0,0.0389
1907,Polar,Antarctica,0.8291,0.0058,1,0.0498
1907,Polar,Asia,0.5587,0.0,0,0.0474
1907,Polar,Europe,0.5597,0.0,0,0.1591
1907,Polar,North America,0.6437,0.0062,1,0.0812
1907,Polar,Ocean / Unclassified,0.8144,0.0149,2,0.0224
1907,Temperate,Africa,0.5667,0.0444,1,0.163
1907,Temperate,Antarctica,0.639,0.0,0,0.0139
1907,Temperate,Asia,0.3593,0.0333,1,0.1807
1907,Temperate,Australia-Oceania,0.5551,0.0049,1,0.1275
1907,Temperate,Europe,0.3455,0.0,0,0.046
1907,Temperate,North America,0.4568,0.0101,1,0.1233
1907,Temperate,Ocean / Unclassified,0.6469,0.0124,1,0.091
1907,Temperate,South America,0.5294,0.0167,1,0.0833
1907,Tropical,Africa,0.4575,0.0152,1,0.1515
1907,Tropical,Asia,0.5777,0.0229,1,0.1069
1907,Tropical,Australia-Oceania,0.5471,0.0,0,0.0625
1907,Tropical,North America,0.639,0.0,0,0.0
1907,Tropical,Ocean / Unclassified,0.6665,0.0039,1,0.0472
1907,Tropical,South America,0.3648,0.0111,1,0.1
1908,Polar,Antarctica,0.829,0.0023,1,0.0694
1908,Polar,Asia,0.561,0.0086,1,0.0474
1908,Polar,Europe,0.5542,0.0,0,0.0455
1908,Polar,North America,0.6425,0.0062,1,0.0594
1908,Polar,Ocean / Unclassified,0.8141,0.0,0,0.0149
1908,Temperate,Africa,0.5624,0.0111,1,0.0704
1908,Temperate,Antarctica,0.6439,0.0035,1,0.0729
1908,Temperate,Asia,0.3558,0.0263,1,0.1439
1908,Temperate,Australia-Oceania,0.5531,0.0,0,0.0343
1908,Temperate,Europe,0.3546,0.0517,1,0.2299
1908,Temperate,North America,0.4566,0.0355,1,0.103
1908,Temperate,Ocean / Unclassified,0.6459,0.0022,1,0.0528
1908,Temperate,South America,0.5297,0.0056,1,0.0722
1908,Tropical,Africa,0.4585,0.0364,1,0.1545
1908,Tropical,Asia,0.5781,0.0153,1,0.0992
1908,Tropical,Australia-Oceania,0.5517,0.0337,1,0.1346
1908,Tropical,North America,0.6394,0.0,0,0.0208
1908,Tropical,Ocean / Unclassified,0.6673,0.0197,1,0.0807
1908,Tropical,South America,0.3661,0.0,0,0.0778
1909,Polar,Antarctica,0.8338,0.0197,1,0.1609
1909,Polar,Asia,0.5624,0.0948,1,0.1595
1909,Polar,Europe,0.5412,0.0,0,0.0
1909,Polar,North America,0.6364,0.0031,1,0.0062
1909,Polar,Ocean / Unclassified,0.8217,0.0112,1,0.0896
1909,Temperate,Africa,0.5626,0.0037,1,0.0519
1909,Temperate,Antarctica,0.6439,0.0069,1,0.0868
1909,Temperate,Asia,0.3576,0.0316,2,0.1702
1909,Temperate,Australia-Oceania,0.5616,0.0294,1,0.2353
1909,Temperate,Europe,0.348,0.023,1,0.092
1909,Temperate,North America,0.4549,0.0152,1,0.1064
1909,Temperate,Ocean / Unclassified,0.6465,0.0213,1,0.0921
1909,Temperate,South America,0.5205,0.0,0,0.0389
1909,Tropical,Africa,0.4553,0.0152,1,0.0879
1909,Tropical,Asia,0.5793,0.0,0,0.1641
1909,Tropical,Australia-Oceania,0.5524,0.0192,2,0.1587
1909,Tropical,North America,0.6433,0.0104,1,0.0521
1909,Tropical,Ocean / Unclassified,0.668,0.0157,1,0.1142
1909,Tropical,South America,0.3595,0.0056,1,0.0333
1910,Polar,Antarctica,0.8307,0.0023,2,0.0567
1910,Polar,Asia,0.576,0.0086,1,0.3664
1910,Polar,Europe,0.5549,0.0455,1,0.1818
1910,Polar,North America,0.6536,0.0031,1,0.2438
1910,Polar,Ocean / Unclassified,0.8264,0.0,0,0.1306
1910,Temperate,Africa,0.5558,0.0037,1,0.0481
1910,Temperate,Antarctica,0.6433,0.0069,1,0.0903
1910,Temperate,Asia,0.3535,0.0158,1,0.0789
1910,Temperate,Australia-Oceania,0.5558,0.0,0,0.0735
1910,Temperate,Europe,0.348,0.0747,1,0.2241
1910,Temperate,North America,0.457,0.0135,1,0.1267
1910,Temperate,Ocean / Unclassified,0.6472,0.0157,1,0.0966
1910,Temperate,South America,0.5262,0.0111,1,0.1167
1910,Tropical,Africa,0.4584,0.0424,1,0.1697
1910,Tropical,Asia,0.5874,0.0458,1,0.2366
1910,Tropical,Australia-Oceania,0.5525,0.0048,1,0.1106
1910,Tropical,North America,0.6458,0.1354,1,0.1875
1910,Tropical,Ocean / Unclassified,0.6647,0.0315,1,0.126
1910,Tropical,South America,0.3592,0.0056,1,0.0333
1911,Polar,Antarctica,0.8354,0.0,0,0.1157
1911,Polar,Asia,0.5673,0.0172,1,0.0862
1911,Polar,Europe,0.5467,0.0,0,0.0
1911,Polar,North America,0.6437,0.0,0,0.0812
1911,Polar,Ocean / Unclassified,0.8271,0.0,0,0.2127
1911,Temperate,Africa,0.5621,0.0,0,0.0222
1911,Temperate,Antarctica,0.6421,0.0,0,0.0521
1911,Temperate,Asia,0.3575,0.0123,2,0.1246
1911,Temperate,Australia-Oceania,0.5513,0.0,0,0.0784
1911,Temperate,Europe,0.3469,0.0575,2,0.1437
1911,Temperate,North America,0.4559,0.0118,2,0.0828
1911,Temperate,Ocean / Unclassified,0.6474,0.0067,2,0.0584
1911,Temperate,South America,0.5355,0.0222,1,0.1278
1911,Tropical,Africa,0.4486,0.0,0,0.0061
1911,Tropical,Asia,0.5682,0.0191,1,0.084
1911,Tropical,Australia-Oceania,0.5479,0.0144,1,0.1923
1911,Tropical,North America,0.6413,0.0,0,0.0104
1911,Tropical,Ocean / Unclassified,0.668,0.0039,1,0.0374
1911,Tropical,South America,0.3543,0.0,0,0.0278
1912,Polar,Antarctica,0.8288,0.015,1,0.0567
1912,Polar,Asia,0.5609,0.0043,1,0.1422
1912,Polar,Europe,0.5587,0.0682,1,0.0455
1912,Polar,North America,0.6447,0.0031,1,0.1156
1912,Polar,Ocean / Unclassified,0.8159,0.0,0,0.0299
1912,Temperate,Africa,0.5727,0.0704,1,0.2185
1912,Temperate,Antarctica,0.6399,0.0,0,0.0312
1912,Temperate,Asia,0.3609,0.0263,1,0.1632
1912,Temperate,Australia-Oceania,0.5504,0.0196,1,0.1078
1912,Temperate,Europe,0.3453,0.0,0,0.0172
1912,Temperate,North America,0.4543,0.0051,1,0.0625
1912,Temperate,Ocean / Unclassified,0.6464,0.0169,1,0.1225
1912,Temperate,South America,0.5287,0.0111,1,0.1278
1912,Tropical,Africa,0.4576,0.0242,1,0.1182
1912,Tropical,Asia,0.563,0.0,0,0.0229
1912,Tropical,Australia-Oceania,0.5438,0.0,0,0.0721
1912,Tropical,North America,0.6349,0.0,0,0.0104
1912,Tropical,Ocean / Unclassified,0.6697,0.002,1,0.0669
1912,Tropical,South America,0.3584,0.0,0,0.0167
1913,Polar,Antarctica,0.829,0.0012,1,0.0428
1913,Polar,Asia,0.5718,0.0776,1,0.25
1913,Polar,Europe,0.5511,0.1136,1,0.1136
1913,Polar,North America,0.6493,0.0125,1,0.1125
1913,Polar,Ocean / Unclassified,0.8274,0.0373,1,0.2052
1913,Temperate,Africa,0.5543,0.0037,1,0.0148
1913,Temperate,Antarctica,0.6467,0.0486,1,0.1806
1913,Temperate,Asia,0.357,0.007,2,0.1088
1913,Temperate,Australia-Oceania,0.5574,0.0196,1,0.1373
1913,Temperate,Europe,0.3478,0.0402,1,0.1437
1913,Temperate,North America,0.4543,0.0118,1,0.0304
1913,Temperate,Ocean / Unclassified,0.6457,0.0169,1,0.1146
1913,Temperate,South America,0.5244,0.0111,1,0.1222
1913,Tropical,Africa,0.4562,0.0182,1,0.1485
1913,Tropical,Asia,0.5873,0.0267,1,0.2023
1913,Tropical,Australia-Oceania,0.5561,0.0673,1,0.2019
1913,Tropical,North America,0.6425,0.0417,1,0.0938
1913,Tropical,Ocean / Unclassified,0.6673,0.0335,1,0.1732
1913,Tropical,South America,0.3525,0.0056,1,0.05
1914,Polar,Antarctica,0.8326,0.0046,1,0.0671
1914,Polar,Asia,0.5789,0.0733,2,0.4267
1914,Polar,Europe,0.5667,0.2273,2,0.4091
1914,Polar,North America,0.6501,0.0094,1,0.25
1914,Polar,Ocean / Unclassified,0.8293,0.0634,2,0.3507
1914,Temperate,Africa,0.5637,0.0,0,0.0704
1914,Temperate,Antarctica,0.6425,0.0035,1,0.0625
1914,Temperate,Asia,0.3533,0.0035,1,0.086
1914,Temperate,Australia-Oceania,0.5503,0.0098,1,0.1127
1914,Temperate,Europe,0.3423,0.0057,1,0.0805
1914,Temperate,North America,0.4586,0.0338,1,0.152
1914,Temperate,Ocean / Unclassified,0.6463,0.0067,1,0.0528
1914,Temperate,South America,0.5308,0.0056,1,0.0389
1914,Tropical,Africa,0.4585,0.0303,1,0.1879
1914,Tropical,Asia,0.5818,0.0305,2,0.145
1914,Tropical,Australia-Oceania,0.5467,0.0,0,0.0673
1914,Tropical,North America,0.6534,0.0833,2,0.2083
1914,Tropical,Ocean / Unclassified,0.6642,0.0256,2,0.0925
1914,Tropical,South America,0.3593,0.0167,1,0.0667
1915,Polar,Antarctica,0.8319,0.022,1,0.0984
1915,Polar,Asia,0.5685,0.0172,1,0.1336
1915,Polar,Europe,0.5614,0.0455,3,0.1364
1915,Polar,North America,0.6511,0.0562,1,0.3219
1915,Polar,Ocean / Unclassified,0.8228,0.0075,2,0.2201
1915,Temperate,Africa,0.5654,0.0074,1,0.063
1915,Temperate,Antarctica,0.6418,0.0139,1,0.1389
1915,Temperate,Asia,0.3583,0.007,1,0.1123
1915,Temperate,Australia-Oceania,0.548,0.0098,1,0.1029
1915,Temperate,Europe,0.3525,0.0402,1,0.1667
1915,Temperate,North America,0.4558,0.0118,1,0.0777
1915,Temperate,Ocean / Unclassified,0.6449,0.0191,1,0.0989
1915,Temperate,South America,0.5287,0.0,0,0.0278
1915,Tropical,Africa,0.4522,0.003,1,0.0636
1915,Tropical,Asia,0.5619,0.0038,1,0.0153
1915,Tropical,Australia-Oceania,0.5461,0.0,0,0.0433
1915,Tropical,North America,0.6333,0.0,0,0.0312
1915,Tropical,Ocean / Unclassified,0.6694,0.0039,1,0.0335
1915,Tropical,South America,0.3587,0.0,0,0.0111
1916,Polar,Antarctica,0.8335,0.0081,1,0.1088
1916,Polar,Asia,0.56,0.0,0,0.0345
1916,Polar,Europe,0.558,0.0,0,0.0682
1916,Polar,North America,0.6523,0.0156,2,0.2375
1916,Polar,Ocean / Unclassified,0.8256,0.0075,1,0.2052
1916,Temperate,Africa,0.5606,0.0185,1,0.1037
1916,Temperate,Antarctica,0.6421,0.0,0,0.1354
1916,Temperate,Asia,0.3562,0.0035,1,0.1105
1916,Temperate,Australia-Oceania,0.5534,0.0049,1,0.1422
1916,Temperate,Europe,0.3496,0.023,1,0.1494
1916,Temperate,North America,0.4577,0.0152,1,0.1081
1916,Temperate,Ocean / Unclassified,0.6467,0.0034,1,0.0562
1916,Temperate,South America,0.5244,0.0111,1,0.0556
1916,Tropical,Africa,0.4558,0.0121,1,0.0848
1916,Tropical,Asia,0.5729,0.0076,1,0.0496
1916,Tropical,Australia-Oceania,0.5486,0.0,0,0.0481
1916,Tropical,North America,0.6331,0.0104,1,0.0938
1916,Tropical,Ocean / Unclassified,0.6658,0.0059,1,0.0531
1916,Tropical,South America,0.3581,0.0056,1,0.0278
1917,Polar,Antarctica,0.8309,0.0012,1,0.0498
1917,Polar,Asia,0.5617,0.0129,1,0.0733
1917,Polar,Europe,0.5564,0.1136,1,0.25
1917,Polar,North America,0.6451,0.0,0,0.0719
1917,Polar,Ocean / Unclassified,0.82,0.0149,1,0.1642
1917,Temperate,Africa,0.5617,0.0407,1,0.0852
1917,Temperate,Antarctica,0.644,0.0035,1,0.1215
1917,Temperate,Asia,0.3544,0.007,1,0.0579
1917,Temperate,Australia-Oceania,0.5573,0.0049,1,0.1275
1917,Temperate,Europe,0.3502,0.0,0,0.0517
1917,Temperate,North America,0.4553,0.0101,1,0.0929
1917,Temperate,Ocean / Unclassified,0.6447,0.0056,1,0.0528
1917,Temperate,South America,0.5288,0.0,0,0.0222
1917,Tropical,Africa,0.4542,0.0091,1,0.0545
1917,Tropical,Asia,0.5746,0.0038,1,0.0382
1917,Tropical,Australia-Oceania,0.5516,0.024,1,0.1587
1917,Tropical,North America,0.639,0.0,0,0.0521
1917,Tropical,Ocean / Unclassified,0.6683,0.0079,1,0.0689
1917,Tropical,South America,0.3633,0.0111,1,0.0444
1918,Polar,Antarctica,0.8294,0.0081,1,0.0683
1918,Polar,Asia,0.5584,0.0,0,0.0603
1918,Polar,Europe,0.5643,0.0227,2,0.0909
1918,Polar,North America,0.6425,0.0062,1,0.1062
1918,Polar,Ocean / Unclassified,0.8164,0.0,0,0.0224
1918,Temperate,Africa,0.5665,0.0444,2,0.1296
1918,Temperate,Antarctica,0.6429,0.0,0,0.0278
1918,Temperate,Asia,0.3537,0.007,1,0.086
1918,Temperate,Australia-Oceania,0.5584,0.0147,1,0.1225
1918,Temperate,Europe,0.3508,0.046,1,0.1552
1918,Temperate,North America,0.4563,0.0152,2,0.1385
1918,Temperate,Ocean / Unclassified,0.6455,0.009,1,0.0798
1918,Temperate,South America,0.5383,0.0389,1,0.2056
1918,Tropical,Africa,0.4556,0.0121,1,0.0848
1918,Tropical,Asia,0.5774,0.0038,2,0.0573
1918,Tropical,Australia-Oceania,0.5474,0.024,2,0.1394
1918,Tropical,North America,0.643,0.0,0,0.0417
1918,Tropical,Ocean / Unclassified,0.6679,0.0098,1,0.0512
1918,Tropical,South America,0.3621,0.0111,1,0.0667
1919,Polar,Antarctica,0.8296,0.0,0,0.0671
1919,Polar,Asia,0.5628,0.0,0,0.0302
1919,Polar,Europe,0.5524,0.0,0,0.0227
1919,Polar,North America,0.6376,0.0,0,0.0062
1919,Polar,Ocean / Unclassified,0.8182,0.0,0,0.0112
1919,Temperate,Africa,0.5619,0.0111,2,0.0963
1919,Temperate,Antarctica,0.6444,0.0,0,0.1181
1919,Temperate,Asia,0.353,0.0018,1,0.0526
1919,Temperate,Australia-Oceania,0.5579,0.0392,2,0.1569
1919,Temperate,Europe,0.3443,0.0,0,0.0172
1919,Temperate,North America,0.4538,0.0051,1,0.0557
1919,Temperate,Ocean / Unclassified,0.6486,0.0213,2,0.1472
1919,Temperate,South America,0.5204,0.0278,1,0.1611
1919,Tropical,Africa,0.4567,0.0121,1,0.1091
1919,Tropical,Asia,0.5789,0.0115,1,0.0687
1919,Tropical,Australia-Oceania,0.5553,0.0,0,0.2019
1919,Tropical,North America,0.6532,0.0104,1,0.1354
1919,Tropical,Ocean / Unclassified,0.6607,0.0197,2,0.1417
1919,Tropical,South America,0.3598,0.0111,1,0.0667
1920,Polar,Antarctica,0.8348,0.0255,1,0.2025
1920,Polar,Asia,0.5638,0.0345,1,0.1379
1920,Polar,Europe,0.5633,0.1136,1,0.2955
1920,Polar,North America,0.645,0.0344,1,0.0844
1920,Polar,Ocean / Unclassified,0.8306,0.0522,1,0.4104
1920,Temperate,Africa,0.5701,0.0074,1,0.1111
1920,Temperate,Antarctica,0.6455,0.0382,1,0.191
1920,Temperate,Asia,0.353,0.0018,1,0.0614
1920,Temperate,Australia-Oceania,0.5489,0.0049,1,0.0343
1920,Temperate,Europe,0.3459,0.0,0,0.1149
1920,Temperate,North America,0.4523,0.0068,1,0.0591
1920,Temperate,Ocean / Unclassified,0.6467,0.0034,1,0.0809
1920,Temperate,South America,0.5334,0.0222,1,0.1944
1920,Tropical,Africa,0.4625,0.0061,1,0.1515
1920,Tropical,Asia,0.5693,0.0038,1,0.0267
1920,Tropical,Australia-Oceania,0.5465,0.0,0,0.0721
1920,Tropical,North America,0.6407,0.0,0,0.0938
1920,Tropical,Ocean / Unclassified,0.6629,0.0059,1,0.0394
1920,Tropical,South America,0.3604,0.0167,2,0.0556
1921,Polar,Antarctica,0.8312,0.0,0,0.0324
1921,Polar,Asia,0.5607,0.0,0,0.0474
1921,Polar,Europe,0.5702,0.1591,1,0.4545
1921,Polar,North America,0.6381,0.0062,1,0.0531
1921,Polar,Ocean / Unclassified,0.8178,0.0037,1,0.056
1921,Temperate,Africa,0.5696,0.0481,1,0.1852
1921,Temperate,Antarctica,0.6392,0.0,0,0.0139
1921,Temperate,Asia,0.3572,0.0263,1,0.1491
1921,Temperate,Australia-Oceania,0.5522,0.0,0,0.0343
1921,Temperate,Europe,0.3557,0.0402,1,0.2471
1921,Temperate,North America,0.4518,0.0186,1,0.0878
1921,Temperate,Ocean / Unclassified,0.6467,0.018,1,0.1101
1921,Temperate,South America,0.5416,0.0444,1,0.2833
1921,Tropical,Africa,0.4583,0.0182,1,0.1273
1921,Tropical,Asia,0.562,0.0191,1,0.0496
1921,Tropical,Australia-Oceania,0.5387,0.0,0,0.024
1921,Tropical,North America,0.6321,0.0625,1,0.0833
1921,Tropical,Ocean / Unclassified,0.6695,0.002,1,0.0669
1921,Tropical,South America,0.3683,0.0333,1,0.1889
1922,Polar,Antarctica,0.8337,0.0174,1,0.2176
1922,Polar,Asia,0.5698,0.0,0,0.1552
1922,Polar,Europe,0.5587,0.0,0,0.3636
1922,Polar,North America,0.6425,0.0,0,0.1125
1922,Polar,Ocean / Unclassified,0.8194,0.0,0,0.0933
1922,Temperate,Africa,0.5566,0.0074,1,0.0407
1922,Temperate,Antarctica,0.6439,0.0556,1,0.2535
1922,Temperate,Asia,0.3516,0.0053,1,0.0667
1922,Temperate,Australia-Oceania,0.5632,0.0392,1,0.1912
1922,Temperate,Europe,0.3492,0.0115,1,0.092
1922,Temperate,North America,0.4537,0.0068,1,0.0811
1922,Temperate,Ocean / Unclassified,0.6457,0.0292,2,0.1348
1922,Temperate,South America,0.5218,0.0,0,0.0722
1922,Tropical,Africa,0.4551,0.0121,1,0.0818
1922,Tropical,Asia,0.584,0.0611,1,0.1985
1922,Tropical,Australia-Oceania,0.5515,0.024,1,0.149
1922,Tropical,North America,0.643,0.0312,1,0.1771
1922,Tropical,Ocean / Unclassified,0.6647,0.0335,1,0.1004
1922,Tropical,South America,0.3635,0.0111,1,0.0611
1923,Polar,Antarctica,0.8326,0.0035,1,0.0787
1923,Polar,Asia,0.5718,0.0345,1,0.2629
1923,Polar,Europe,0.549,0.0,0,0.0
1923,Polar,North America,0.643,0.0031,1,0.0594
1923,Polar,Ocean / Unclassified,0.8306,0.0037,1,0.4104
1923,Temperate,Africa,0.561,0.0037,1,0.0667
1923,Temperate,Antarctica,0.6421,0.0278,1,0.1354
1923,Temperate,Asia,0.3505,0.0088,1,0.0719
1923,Temperate,Australia-Oceania,0.5496,0.0098,1,0.0539
1923,Temperate,Europe,0.3483,0.0172,1,0.1322
1923,Temperate,North America,0.4566,0.0051,1,0.076
1923,Temperate,Ocean / Unclassified,0.6476,0.0225,1,0.1169
1923,Temperate,South America,0.5251,0.0056,1,0.0944
1923,Tropical,Africa,0.462,0.0212,1,0.1848
1923,Tropical,Asia,0.5837,0.0038,1,0.1107
1923,Tropical,Australia-Oceania,0.5498,0.0144,1,0.1394
1923,Tropical,North America,0.6538,0.0521,1,0.125
1923,Tropical,Ocean / Unclassified,0.6602,0.0138,1,0.0984
1923,Tropical,South America,0.3628,0.0,0,0.1056
1924,Polar,Antarctica,0.8346,0.0162,1,0.1262
1924,Polar,Asia,0.5633,0.0,0,0.0819
1924,Polar,Europe,0.558,0.0,0,0.0909
1924,Polar,North America,0.6475,0.025,1,0.2219
1924,Polar,Ocean / Unclassified,0.8245,0.0,0,0.1791
1924,Temperate,Africa,0.5737,0.0333,1,0.2185
1924,Temperate,Antarctica,0.6424,0.0208,1,0.1181
1924,Temperate,Asia,0.358,0.0228,2,0.1579
1924,Temperate,Australia-Oceania,0.5518,0.0,0,0.0637
1924,Temperate,Europe,0.3532,0.0057,1,0.1149
1924,Temperate,North America,0.4559,0.0051,1,0.0963
1924,Temperate,Ocean / Unclassified,0.6467,0.0056,1,0.0978
1924,Temperate,South America,0.5389,0.0222,1,0.1889
1924,Tropical,Africa,0.4496,0.0061,1,0.0576
1924,Tropical,Asia,0.5564,0.0,0,0.0153
1924,Tropical,Australia-Oceania,0.5442,0.0,0,0.0721
1924,Tropical,North America,0.6238,0.0312,2,0.0208
1924,Tropical,Ocean / Unclassified,0.6741,0.0059,1,0.0925
1924,Tropical,South America,0.3644,0.0,0,0.05
1925,Polar,Antarctica,0.8337,0.0093,1,0.1447
1925,Polar,Asia,0.5619,0.0,0,0.1638
1925,Polar,Europe,0.5501,0.0,0,0.0682
1925,Polar,North America,0.6384,0.0,0,0.0594
1925,Polar,Ocean / Unclassified,0.8143,0.0,0,0.0261
1925,Temperate,Africa,0.5651,0.0148,1,0.1259
1925,Temperate,Antarctica,0.6416,0.0069,1,0.0312
1925,Temperate,Asia,0.3572,0.0053,1,0.0982
1925,Temperate,Australia-Oceania,0.5609,0.098,1,0.2206
1925,Temperate,Europe,0.3492,0.0287,1,0.1149
1925,Temperate,North America,0.4523,0.0186,1,0.0878
1925,Temperate,Ocean / Unclassified,0.6446,0.0067,1,0.0809
1925,Temperate,South America,0.5355,0.0,0,0.0944
1925,Tropical,Africa,0.4552,0.0,0,0.0424
1925,Tropical,Asia,0.5757,0.0076,1,0.1412
1925,Tropical,Australia-Oceania,0.5516,0.0048,1,0.1394
1925,Tropical,North America,0.629,0.0,0,0.0208
1925,Tropical,Ocean / Unclassified,0.6666,0.002,1,0.0551
1925,Tropical,South America,0.3666,0.0056,1,0.0778
1926,Polar,Antarctica,0.8318,0.0324,1,0.1597
1926,Polar,Asia,0.5725,0.0431,1,0.2759
1926,Polar,Europe,0.5653,0.2273,1,0.5
1926,Polar,North America,0.6474,0.0219,1,0.2188
1926,Polar,Ocean / Unclassified,0.8247,0.0522,1,0.306
1926,Temperate,Africa,0.5642,0.0148,1,0.0963
1926,Temperate,Antarctica,0.6418,0.0,0,0.0174
1926,Temperate,Asia,0.3555,0.007,1,0.0667
1926,Temperate,Australia-Oceania,0.5611,0.0,0,0.152
1926,Temperate,Europe,0.3437,0.0747,1,0.1379
1926,Temperate,North America,0.4538,0.0034,1,0.0574
1926,Temperate,Ocean / Unclassified,0.6446,0.0022,1,0.0494
1926,Temperate,South America,0.5294,0.0,0,0.05
1926,Tropical,Africa,0.4506,0.0121,1,0.0545
1926,Tropical,Asia,0.585,0.0,0,0.229
1926,Tropical,Australia-Oceania,0.5508,0.0144,2,0.1202
1926,Tropical,North America,0.6552,0.0312,1,0.125
1926,Tropical,Ocean / Unclassified,0.6631,0.0059,1,0.0886
1926,Tropical,South America,0.3676,0.0056,1,0.1278
1927,Polar,Antarctica,0.8326,0.0,0,0.0648
1927,Polar,Asia,0.5595,0.0,0,0.0259
1927,Polar,Europe,0.5442,0.0,0,0.0
1927,Polar,North America,0.6367,0.0062,1,0.0344
1927,Polar,Ocean / Unclassified,0.821,0.0,0,0.0522
1927,Temperate,Africa,0.5697,0.0185,1,0.1333
1927,Temperate,Antarctica,0.6379,0.0,0,0.0
1927,Temperate,Asia,0.3558,0.0053,1,0.0912
1927,Temperate,Australia-Oceania,0.5508,0.0539,1,0.1863
1927,Temperate,Europe,0.3505,0.0345,1,0.1437
1927,Temperate,North America,0.4588,0.0203,1,0.1284
1927,Temperate,Ocean / Unclassified,0.6477,0.0124,2,0.0899
1927,Temperate,South America,0.5275,0.0,0,0.05
1927,Tropical,Africa,0.459,0.0242,1,0.1545
1927,Tropical,Asia,0.5725,0.0038,1,0.042
1927,Tropical,Australia-Oceania,0.5413,0.0,0,0.0625
1927,Tropical,North America,0.6506,0.0417,1,0.1667
1927,Tropical,Ocean / Unclassified,0.6653,0.0079,1,0.0591
1927,Tropical,South America,0.3633,0.0056,1,0.05
1928,Polar,Antarctica,0.8335,0.0139,1,0.191
1928,Polar,Asia,0.5613,0.0,0,0.056
1928,Polar,Europe,0.5507,0.0,0,0.0227
1928,Polar,North America,0.6388,0.0125,1,0.05
1928,Polar,Ocean / Unclassified,0.8194,0.0187,1,0.1082
1928,Temperate,Africa,0.5598,0.0074,1,0.0741
1928,Temperate,Antarctica,0.643,0.0,0,0.1215
1928,Temperate,Asia,0.3542,0.0105,1,0.0982
1928,Temperate,Australia-Oceania,0.5549,0.0049,1,0.152
1928,Temperate,Europe,0.3475,0.023,1,0.1034
1928,Temperate,North America,0.457,0.0169,1,0.1385
1928,Temperate,Ocean / Unclassified,0.6469,0.0202,1,0.0921
1928,Temperate,South America,0.5277,0.0,0,0.1278
1928,Tropical,Africa,0.4544,0.003,1,0.0848
1928,Tropical,Asia,0.575,0.0229,1,0.1183
1928,Tropical,Australia-Oceania,0.551,0.0048,1,0.1202
1928,Tropical,North America,0.6317,0.0208,1,0.0208
1928,Tropical,Ocean / Unclassified,0.6665,0.0079,1,0.1339
1928,Tropical,South America,0.3533,0.0,0,0.0333
1929,Polar,Antarctica,0.8346,0.0648,1,0.2164
1929,Polar,Asia,0.5542,0.0,0,0.0991
1929,Polar,Europe,0.5482,0.0,0,0.0
1929,Polar,North America,0.6461,0.0062,1,0.125
1929,Polar,Ocean / Unclassified,0.8231,0.0187,1,0.2799
1929,Temperate,Africa,0.5629,0.0074,1,0.0741
1929,Temperate,Antarctica,0.6416,0.0,0,0.0764
1929,Temperate,Asia,0.3548,0.0053,1,0.0789
1929,Temperate,Australia-Oceania,0.5426,0.0,0,0.0441
1929,Temperate,Europe,0.3521,0.023,1,0.1379
1929,Temperate,North America,0.4567,0.0287,1,0.0963
1929,Temperate,Ocean / Unclassified,0.6466,0.0135,1,0.1079
1929,Temperate,South America,0.5325,0.0056,1,0.05
1929,Tropical,Africa,0.4528,0.0061,1,0.1091
1929,Tropical,Asia,0.5687,0.0038,1,0.0458
1929,Tropical,Australia-Oceania,0.5431,0.0,0,0.0529
1929,Tropical,North America,0.6326,0.0312,1,0.0521
1929,Tropical,Ocean / Unclassified,0.6695,0.0256,1,0.1063
1929,Tropical,South America,0.362,0.0111,1,0.0722
1930,Polar,Antarctica,0.8296,0.0069,1,0.103
1930,Polar,Asia,0.5647,0.0043,1,0.0948
1930,Polar,Europe,0.5528,0.0,0,0.2045
1930,Polar,North America,0.6385,0.0,0,0.0469
1930,Polar,Ocean / Unclassified,0.8231,0.0,0,0.1791
1930,Temperate,Africa,0.56,0.0111,1,0.0593
1930,Temperate,Antarctica,0.6463,0.059,1,0.2569
1930,Temperate,Asia,0.3542,0.0053,1,0.0825
1930,Temperate,Australia-Oceania,0.5541,0.0098,1,0.1078
1930,Temperate,Europe,0.3549,0.023,1,0.1954
1930,Temperate,North America,0.4531,0.0068,1,0.0929
1930,Temperate,Ocean / Unclassified,0.6439,0.0056,1,0.0708
1930,Temperate,South America,0.525,0.0056,1,0.0722
1930,Tropical,Africa,0.4554,0.0,0,0.0576
1930,Tropical,Asia,0.5821,0.0153,1,0.1489
1930,Tropical,Australia-Oceania,0.5472,0.0096,1,0.125
1930,Tropical,North America,0.6403,0.0104,1,0.0729
1930,Tropical,Ocean / Unclassified,0.6643,0.0276,1,0.065
1930,Tropical,South America,0.3667,0.0278,1,0.1278
1931,Polar,Antarctica,0.8317,0.0359,2,0.1632
1931,Polar,Asia,0.5653,0.0172,1,0.1293
1931,Polar,Europe,0.5483,0.0,0,0.0227
1931,Polar,North America,0.6401,0.0062,1,0.0219
1931,Polar,Ocean / Unclassified,0.8172,0.0,0,0.0037
1931,Temperate,Africa,0.5532,0.0,0,0.0333
1931,Temperate,Antarctica,0.6409,0.0139,2,0.0694
1931,Temperate,Asia,0.35,0.0053,1,0.0351
1931,Temperate,Australia-Oceania,0.5542,0.0,0,0.1716
1931,Temperate,Europe,0.3434,0.0287,2,0.1207
1931,Temperate,North America,0.457,0.0118,1,0.1064
1931,Temperate,Ocean / Unclassified,0.646,0.0056,1,0.0764
1931,Temperate,South America,0.5226,0.0,0,0.0389
1931,Tropical,Africa,0.4498,0.003,1,0.0636
1931,Tropical,Asia,0.59,0.0153,1,0.2137
1931,Tropical,Australia-Oceania,0.5508,0.0,0,0.0673
1931,Tropical,North America,0.6515,0.0,0,0.0729
1931,Tropical,Ocean / Unclassified,0.6559,0.0098,1,0.0886
1931,Tropical,South America,0.3607,0.0222,1,0.1
1932,Polar,Antarctica,0.8315,0.0035,1,0.0544
1932,Polar,Asia,0.5639,0.0,0,0.0216
1932,Polar,Europe,0.55,0.0,0,0.0
1932,Polar,North America,0.6432,0.0,0,0.05
1932,Polar,Ocean / Unclassified,0.8213,0.0,0,0.0299
1932,Temperate,Africa,0.5711,0.0074,1,0.2185
1932,Temperate,Antarctica,0.6406,0.0104,1,0.0486
1932,Temperate,Asia,0.3529,0.0035,1,0.0596
1932,Temperate,Australia-Oceania,0.5525,0.0,0,0.1324
1932,Temperate,Europe,0.3487,0.0057,1,0.0862
1932,Temperate,North America,0.4548,0.0,0,0.0963
1932,Temperate,Ocean / Unclassified,0.6466,0.0056,1,0.1022
1932,Temperate,South America,0.5279,0.0,0,0.0333
1932,Tropical,Africa,0.4507,0.0,0,0.0273
1932,Tropical,Asia,0.5698,0.0076,1,0.0611
1932,Tropical,Australia-Oceania,0.5467,0.0,0,0.0529
1932,Tropical,North America,0.6521,0.0,0,0.1562
1932,Tropical,Ocean / Unclassified,0.6644,0.002,1,0.063
1932,Tropical,South America,0.3624,0.0056,1,0.0611
1933,Polar,Antarctica,0.8319,0.0046,1,0.1019
1933,Polar,Asia,0.5671,0.0086,1,0.2241
1933,Polar,Europe,0.5579,0.0,0,0.1591
1933,Polar,North America,0.6441,0.0,0,0.0844
1933,Polar,Ocean / Unclassified,0.8293,0.0858,1,0.4067
1933,Temperate,Africa,0.5656,0.0148,1,0.1037
1933,Temperate,Antarctica,0.6367,0.0,0,0.0
1933,Temperate,Asia,0.356,0.0035,1,0.0982
1933,Temperate,Australia-Oceania,0.5417,0.0049,1,0.0392
1933,Temperate,Europe,0.348,0.0057,2,0.0517
1933,Temperate,North America,0.4551,0.0068,1,0.0861
1933,Temperate,Ocean / Unclassified,0.646,0.0225,1,0.1124
1933,Temperate,South America,0.5343,0.0056,1,0.1722
1933,Tropical,Africa,0.4561,0.0091,1,0.0515
1933,Tropical,Asia,0.5668,0.0,0,0.0725
1933,Tropical,Australia-Oceania,0.5454,0.0,0,0.0769
1933,Tropical,North America,0.6444,0.0104,1,0.0417
1933,Tropical,Ocean / Unclassified,0.6696,0.0098,1,0.0394
1933,Tropical,South America,0.3553,0.0,0,0.0056
1934,Polar,Antarctica,0.8333,0.0023,1,0.1597
1934,Polar,Asia,0.5547,0.0,0,0.0216
1934,Polar,Europe,0.5419,0.0,0,0.0
1934,Polar,North America,0.6495,0.025,1,0.1812
1934,Polar,Ocean / Unclassified,0.8255,0.0187,1,0.3209
1934,Temperate,Africa,0.5652,0.0074,1,0.1222
1934,Temperate,Antarctica,0.6415,0.0035,1,0.0764
1934,Temperate,Asia,0.3598,0.0053,1,0.1333
1934,Temperate,Australia-Oceania,0.5604,0.0098,1,0.152
1934,Temperate,Europe,0.3548,0.023,1,0.1494
1934,Temperate,North America,0.452,0.0118,1,0.0709
1934,Temperate,Ocean / Unclassified,0.6443,0.0124,1,0.1011
1934,Temperate,South America,0.5266,0.0056,1,0.0167
1934,Tropical,Africa,0.4559,0.0091,1,0.0788
1934,Tropical,Asia,0.5748,0.0191,1,0.1374
1934,Tropical,Australia-Oceania,0.5476,0.0048,1,0.0865
1934,Tropical,North America,0.6261,0.0,0,0.0417
1934,Tropical,Ocean / Unclassified,0.6732,0.0157,1,0.0886
1934,Tropical,South America,0.3552,0.0,0,0.0278
1935,Polar,Antarctica,0.8267,0.0035,1,0.0498
1935,Polar,Asia,0.5715,0.0043,1,0.3103
1935,Polar,Europe,0.5608,0.0227,1,0.3409
1935,Polar,North America,0.6445,0.0031,1,0.1
1935,Polar,Ocean / Unclassified,0.8251,0.0,0,0.194
1935,Temperate,Africa,0.5578,0.0,0,0.0222
1935,Temperate,Antarctica,0.6444,0.0139,1,0.1146
1935,Temperate,Asia,0.3537,0.0105,1,0.1105
1935,Temperate,Australia-Oceania,0.5517,0.0049,1,0.0588
1935,Temperate,Europe,0.3484,0.0057,1,0.092
1935,Temperate,North America,0.4552,0.0034,1,0.0963
1935,Temperate,Ocean / Unclassified,0.6463,0.0112,1,0.0944
1935,Temperate,South America,0.5237,0.0111,1,0.0611
1935,Tropical,Africa,0.4619,0.0273,1,0.1333
1935,Tropical,Asia,0.5885,0.0153,1,0.187
1935,Tropical,Australia-Oceania,0.5571,0.0481,1,0.25
1935,Tropical,North America,0.6545,0.0,0,0.0729
1935,Tropical,Ocean / Unclassified,0.6592,0.0118,1,0.1535
1935,Tropical,South America,0.3548,0.0,0,0.0167
1936,Polar,Antarctica,0.8321,0.0023,1,0.1435
1936,Polar,Asia,0.5648,0.0,0,0.0647
1936,Polar,Europe,0.5609,0.0455,1,0.2727
1936,Polar,North America,0.6413,0.0031,1,0.0406
1936,Polar,Ocean / Unclassified,0.8261,0.0,0,0.1306
1936,Temperate,Africa,0.5594,0.0,0,0.0444
1936,Temperate,Antarctica,0.6387,0.0,0,0.0174
1936,Temperate,Asia,0.3532,0.0105,1,0.0947
1936,Temperate,Australia-Oceania,0.545,0.0,0,0.1176
1936,Temperate,Europe,0.3534,0.0,0,0.1494
1936,Temperate,North America,0.4574,0.0068,2,0.0997
1936,Temperate,Ocean / Unclassified,0.6472,0.0056,1,0.0876
1936,Temperate,South America,0.5297,0.0222,1,0.1222
1936,Tropical,Africa,0.4615,0.0182,1,0.1394
1936,Tropical,Asia,0.5776,0.0076,1,0.0916
1936,Tropical,Australia-Oceania,0.5452,0.0096,1,0.0817
1936,Tropical,North America,0.6457,0.0104,1,0.0938
1936,Tropical,Ocean / Unclassified,0.664,0.0118,1,0.0689
1936,Tropical,South America,0.3604,0.0167,1,0.0722
1937,Polar,Antarctica,0.8294,0.0023,1,0.0694
1937,Polar,Asia,0.5618,0.0,0,0.0776
1937,Polar,Europe,0.5543,0.0,0,0.0455
1937,Polar,North America,0.6478,0.0,0,0.1312
1937,Polar,Ocean / Unclassified,0.8246,0.0037,1,0.1716
1937,Temperate,Africa,0.5705,0.0037,1,0.1074
1937,Temperate,Antarctica,0.6417,0.0035,1,0.1181
1937,Temperate,Asia,0.3576,0.007,1,0.1439
1937,Temperate,Australia-Oceania,0.5494,0.0,0,0.0343
1937,Temperate,Europe,0.3531,0.0115,1,0.1667
1937,Temperate,North America,0.4556,0.0051,1,0.0811
1937,Temperate,Ocean / Unclassified,0.6464,0.0079,1,0.1034
1937,Temperate,South America,0.5373,0.0167,1,0.1667
1937,Tropical,Africa,0.4605,0.0091,1,0.1758
1937,Tropical,Asia,0.5616,0.0,0,0.0458
1937,Tropical,Australia-Oceania,0.5372,0.0,0,0.0192
1937,Tropical,North America,0.6344,0.0417,1,0.1042
1937,Tropical,Ocean / Unclassified,0.6743,0.002,1,0.0965
1937,Tropical,South America,0.3619,0.0056,1,0.1056
1938,Polar,Antarctica,0.827,0.0046,1,0.0301
1938,Polar,Asia,0.5628,0.0043,1,0.0948
1938,Polar,Europe,0.5453,0.0,0,0.0
1938,Polar,North America,0.6418,0.0156,1,0.1156
1938,Polar,Ocean / Unclassified,0.8164,0.0075,1,0.0597
1938,Temperate,Africa,0.5636,0.0074,1,0.0852
1938,Temperate,Antarctica,0.6467,0.0625,1,0.2917
1938,Temperate,Asia,0.3571,0.0211,1,0.1368
1938,Temperate,Australia-Oceania,0.5589,0.0294,1,0.1716
1938,Temperate,Europe,0.3506,0.0287,1,0.1897
1938,Temperate,North America,0.4584,0.0203,1,0.1706
1938,Temperate,Ocean / Unclassified,0.6451,0.009,1,0.0989
1938,Temperate,South America,0.5272,0.0222,1,0.1556
1938,Tropical,Africa,0.4601,0.0212,1,0.1939
1938,Tropical,Asia,0.5754,0.0534,1,0.1412
1938,Tropical,Australia-Oceania,0.5478,0.0337,1,0.1346
1938,Tropical,North America,0.6307,0.0208,1,0.0417
1938,Tropical,Ocean / Unclassified,0.666,0.0118,1,0.1201
1938,Tropical,South America,0.3616,0.0,0,0.0556
1939,Polar,Antarctica,0.8257,0.0,0,0.0602
1939,Polar,Asia,0.5576,0.0,0,0.0129
1939,Polar,Europe,0.5606,0.0227,1,0.1591
1939,Polar,North America,0.6442,0.0438,1,0.1625
1939,Polar,Ocean / Unclassified,0.8131,0.0,0,0.0336
1939,Temperate,Africa,0.5656,0.0111,1,0.1222
1939,Temperate,Antarctica,0.6452,0.0625,1,0.2361
1939,Temperate,Asia,0.3526,0.0035,1,0.0737
1939,Temperate,Australia-Oceania,0.5502,0.0,0,0.049
1939,Temperate,Europe,0.3371,0.0,0,0.023
1939,Temperate,North America,0.4573,0.0034,1,0.0946
1939,Temperate,Ocean / Unclassified,0.6457,0.0045,1,0.0955
1939,Temperate,South America,0.5253,0.0,0,0.0167
1939,Tropical,Africa,0.4587,0.0,0,0.1818
1939,Tropical,Asia,0.5783,0.0115,1,0.0992
1939,Tropical,Australia-Oceania,0.5501,0.0048,1,0.0769
1939,Tropical,North America,0.6568,0.0312,1,0.2188
1939,Tropical,Ocean / Unclassified,0.6614,0.0256,1,0.122
1939,Tropical,South America,0.3546,0.0,0,0.0111
1940,Polar,Antarctica,0.8274,0.0,0,0.0208
1940,Polar,Asia,0.5717,0.0129,1,0.25
1940,Polar,Europe,0.5627,0.0,0,0.1818
1940,Polar,North America,0.6491,0.0094,1,0.1812
1940,Polar,Ocean / Unclassified,0.828,0.0075,1,0.2425
1940,Temperate,Africa,0.572,0.037,1,0.1593
1940,Temperate,Antarctica,0.6441,0.0104,2,0.1701
1940,Temperate,Asia,0.3573,0.0175,1,0.1439
1940,Temperate,Australia-Oceania,0.5461,0.0049,1,0.0539
1940,Temperate,Europe,0.3475,0.0172,1,0.0805
1940,Temperate,North America,0.4543,0.0034,1,0.0574
1940,Temperate,Ocean / Unclassified,0.6455,0.009,1,0.1236
1940,Temperate,South America,0.534,0.0389,1,0.1333
1940,Tropical,Africa,0.4557,0.0242,1,0.097
1940,Tropical,Asia,0.5599,0.0,0,0.0076
1940,Tropical,Australia-Oceania,0.5385,0.0,0,0.0048
1940,Tropical,North America,0.6422,0.0938,1,0.1042
1940,Tropical,Ocean / Unclassified,0.6729,0.0059,1,0.0728
1940,Tropical,South America,0.3597,0.0,0,0.0833
1941,Polar,Antarctica,0.8316,0.0,0,0.0972
1941,Polar,Asia,0.5696,0.0345,1,0.3362
1941,Polar,Europe,0.5605,0.0,0,0.0909
1941,Polar,North America,0.6394,0.0,0,0.0656
1941,Polar,Ocean / Unclassified,0.8215,0.0,0,0.0821
1941,Temperate,Africa,0.5638,0.0185,1,0.0889
1941,Temperate,Antarctica,0.64,0.0,0,0.0556
1941,Temperate,Asia,0.354,0.0123,1,0.1018
1941,Temperate,Australia-Oceania,0.5451,0.0098,1,0.0539
1941,Temperate,Europe,0.3465,0.0,0,0.0805
1941,Temperate,North America,0.4561,0.0034,1,0.076
1941,Temperate,Ocean / Unclassified,0.646,0.0022,1,0.0663
1941,Temperate,South America,0.529,0.0,0,0.0778
1941,Tropical,Africa,0.4615,0.0303,1,0.2242
1941,Tropical,Asia,0.5748,0.0191,1,0.1107
1941,Tropical,Australia-Oceania,0.5469,0.0144,1,0.1298
1941,Tropical,North America,0.6511,0.0938,2,0.1875
1941,Tropical,Ocean / Unclassified,0.6675,0.0236,1,0.1122
1941,Tropical,South America,0.3556,0.0056,1,0.0167
1942,Polar,Antarctica,0.8321,0.0,0,0.1192
1942,Polar,Asia,0.5594,0.0086,1,0.0733
1942,Polar,Europe,0.5582,0.0227,1,0.2727
1942,Polar,North America,0.6376,0.0,0,0.1625
1942,Polar,Ocean / Unclassified,0.821,0.0224,1,0.2313
1942,Temperate,Africa,0.5598,0.0,0,0.0519
1942,Temperate,Antarctica,0.6392,0.0,0,0.0139
1942,Temperate,Asia,0.3546,0.0018,1,0.0982
1942,Temperate,Australia-Oceania,0.5567,0.0147,1,0.1863
1942,Temperate,Europe,0.3496,0.0057,1,0.0517
1942,Temperate,North America,0.4526,0.0017,1,0.0524
1942,Temperate,Ocean / Unclassified,0.6458,0.0056,1,0.0719
1942,Temperate,South America,0.5246,0.0,0,0.0278
1942,Tropical,Africa,0.4471,0.003,1,0.0182
1942,Tropical,Asia,0.5811,0.0115,1,0.1336
1942,Tropical,Australia-Oceania,0.5444,0.0,0,0.0385
1942,Tropical,North America,0.6423,0.0208,2,0.1042
1942,Tropical,Ocean / Unclassified,0.6665,0.002,1,0.0571
1942,Tropical,South America,0.3621,0.0,0,0.0333
1943,Polar,Antarctica,0.8297,0.0,0,0.0579
1943,Polar,Asia,0.5593,0.0,0,0.0086
1943,Polar,Europe,0.5457,0.0,0,0.0
1943,Polar,North America,0.6463,0.0031,1,0.0812
1943,Polar,Ocean / Unclassified,0.816,0.0,0,0.0149
1943,Temperate,Africa,0.5667,0.0,0,0.1556
1943,Temperate,Antarctica,0.6388,0.0,0,0.0451
1943,Temperate,Asia,0.3548,0.0053,1,0.0614
1943,Temperate,Australia-Oceania,0.5507,0.0392,1,0.1912
1943,Temperate,Europe,0.3475,0.0115,1,0.1207
1943,Temperate,North America,0.4563,0.0101,1,0.0794
1943,Temperate,Ocean / Unclassified,0.6462,0.0022,1,0.0899
1943,Temperate,South America,0.5291,0.0,0,0.0611
1943,Tropical,Africa,0.4526,0.003,1,0.0545
1943,Tropical,Asia,0.5799,0.0038,1,0.1031
1943,Tropical,Australia-Oceania,0.5458,0.0,0,0.0577
1943,Tropical,North America,0.6531,0.0729,3,0.2083
1943,Tropical,Ocean / Unclassified,0.6665,0.0039,1,0.0492
1943,Tropical,South America,0.3708,0.0278,1,0.1333
1944,Polar,Antarctica,0.8322,0.0035,1,0.1123
1944,Polar,Asia,0.5666,0.0,0,0.181
1944,Polar,Europe,0.5571,0.0227,1,0.2273
1944,Polar,North America,0.6414,0.0,0,0.1094
1944,Polar,Ocean / Unclassified,0.8152,0.0,0,0.0485
1944,Temperate,Africa,0.5633,0.0074,1,0.0778
1944,Temperate,Antarctica,0.64,0.0,0,0.0312
1944,Temperate,Asia,0.3522,0.0035,1,0.0491
1944,Temperate,Australia-Oceania,0.5532,0.0392,1,0.1569
1944,Temperate,Europe,0.3476,0.0,0,0.0575
1944,Temperate,North America,0.4549,0.0017,1,0.0794
1944,Temperate,Ocean / Unclassified,0.6464,0.0056,1,0.0921
1944,Temperate,South America,0.5294,0.0222,1,0.1611
1944,Tropical,Africa,0.4595,0.0091,1,0.1485
1944,Tropical,Asia,0.5751,0.0038,1,0.1145
1944,Tropical,Australia-Oceania,0.5412,0.0048,1,0.0817
1944,Tropical,North America,0.6407,0.0521,4,0.1458
1944,Tropical,Ocean / Unclassified,0.6679,0.0177,1,0.1122
1944,Tropical,South America,0.3605,0.0278,2,0.1556
1945,Polar,Antarctica,0.8346,0.0023,1,0.0833
1945,Polar,Asia,0.5664,0.0,0,0.125
1945,Polar,Europe,0.5543,0.0,0,0.1818
1945,Polar,North America,0.6413,0.0,0,0.0375
1945,Polar,Ocean / Unclassified,0.8198,0.0,0,0.0
1945,Temperate,Africa,0.5589,0.0,0,0.0926
1945,Temperate,Antarctica,0.6421,0.0,0,0.0764
1945,Temperate,Asia,0.3549,0.0018,1,0.0825
1945,Temperate,Australia-Oceania,0.5552,0.0,0,0.1324
1945,Temperate,Europe,0.3499,0.0115,1,0.1322
1945,Temperate,North America,0.4536,0.0135,1,0.098
1945,Temperate,Ocean / Unclassified,0.6461,0.0034,1,0.0787
1945,Temperate,South America,0.5306,0.0167,1,0.1722
1945,Tropical,Africa,0.4519,0.0091,1,0.0879
1945,Tropical,Asia,0.5804,0.0305,1,0.1527
1945,Tropical,Australia-Oceania,0.5527,0.0385,1,0.149
1945,Tropical,North America,0.6405,0.0417,2,0.0833
1945,Tropical,Ocean / Unclassified,0.6645,0.0276,1,0.1555
1945,Tropical,South America,0.3603,0.05,1,0.1389
1946,Polar,Antarctica,0.8275,0.0,0,0.0498
1946,Polar,Asia,0.5586,0.0,0,0.0172
1946,Polar,Europe,0.5522,0.0,0,0.0455
1946,Polar,North America,0.647,0.0,0,0.0969
1946,Polar,Ocean / Unclassified,0.8207,0.0,0,0.0709
1946,Temperate,Africa,0.5613,0.0074,1,0.1111
1946,Temperate,Antarctica,0.6431,0.0312,1,0.1736
1946,Temperate,Asia,0.3525,0.0035,1,0.0526
1946,Temperate,Australia-Oceania,0.5505,0.0,0,0.0441
1946,Temperate,Europe,0.3456,0.0,0,0.0172
1946,Temperate,North America,0.4515,0.0,0,0.0574
1946,Temperate,Ocean / Unclassified,0.6459,0.0169,1,0.1101
1946,Temperate,South America,0.5297,0.0,0,0.1167
1946,Tropical,Africa,0.4575,0.003,1,0.0788
1946,Tropical,Asia,0.5791,0.0038,1,0.1298
1946,Tropical,Australia-Oceania,0.555,0.0192,1,0.1298
1946,Tropical,North America,0.651,0.0521,1,0.1875
1946,Tropical,Ocean / Unclassified,0.6593,0.0197,1,0.0807
1946,Tropical,South America,0.3669,0.0444,2,0.1333
1947,Polar,Antarctica,0.8283,0.0,0,0.0625
1947,Polar,Asia,0.5564,0.0043,1,0.0302
1947,Polar,Europe,0.5615,0.0227,1,0.4091
1947,Polar,North America,0.6379,0.0,0,0.0781
1947,Polar,Ocean / Unclassified,0.8118,0.0,0,0.0485
1947,Temperate,Africa,0.5586,0.0,0,0.0296
1947,Temperate,Antarctica,0.6407,0.0,0,0.0243
1947,Temperate,Asia,0.354,0.0105,1,0.1316
1947,Temperate,Australia-Oceania,0.5566,0.0147,1,0.0882
1947,Temperate,Europe,0.3425,0.0,0,0.0287
1947,Temperate,North America,0.454,0.0101,1,0.1351
1947,Temperate,Ocean / Unclassified,0.6466,0.009,1,0.0764
1947,Temperate,South America,0.5252,0.0056,1,0.0611
1947,Tropical,Africa,0.4556,0.003,1,0.0818
1947,Tropical,Asia,0.5834,0.0038,1,0.1069
1947,Tropical,Australia-Oceania,0.5554,0.0048,1,0.1394
1947,Tropical,North America,0.6525,0.0521,1,0.2188
1947,Tropical,Ocean / Unclassified,0.6615,0.002,1,0.0591
1947,Tropical,South America,0.3605,0.0111,1,0.05
1948,Polar,Antarctica,0.8315,0.0139,1,0.1308
1948,Polar,Asia,0.5614,0.0,0,0.0474
1948,Polar,Europe,0.5493,0.0,0,0.0
1948,Polar,North America,0.6384,0.0,0,0.0188
1948,Polar,Ocean / Unclassified,0.8161,0.0,0,0.0075
1948,Temperate,Africa,0.5663,0.0037,1,0.0963
1948,Temperate,Antarctica,0.6382,0.0069,1,0.066
1948,Temperate,Asia,0.3521,0.007,1,0.093
1948,Temperate,Australia-Oceania,0.5465,0.0049,1,0.0539
1948,Temperate,Europe,0.3511,0.0057,1,0.0862
1948,Temperate,North America,0.4566,0.0101,1,0.1081
1948,Temperate,Ocean / Unclassified,0.6454,0.0067,1,0.0888
1948,Temperate,South America,0.5314,0.0111,1,0.0889
1948,Tropical,Africa,0.4548,0.0,0,0.0364
1948,Tropical,Asia,0.5747,0.0,0,0.0763
1948,Tropical,Australia-Oceania,0.5491,0.0048,1,0.0962
1948,Tropical,North America,0.6431,0.0,0,0.0625
1948,Tropical,Ocean / Unclassified,0.6653,0.0,0,0.0866
1948,Tropical,South America,0.3624,0.0333,1,0.1944
1949,Polar,Antarctica,0.8365,0.0093,1,0.1609
1949,Polar,Asia,0.5661,0.0,0,0.181
1949,Polar,Europe,0.5567,0.0227,1,0.1818
1949,Polar,North America,0.6441,0.0,0,0.1031
1949,Polar,Ocean / Unclassified,0.8286,0.0075,1,0.3022
1949,Temperate,Africa,0.5732,0.0185,1,0.2148
1949,Temperate,Antarctica,0.6399,0.0,0,0.0521
1949,Temperate,Asia,0.3519,0.0,0,0.0544
1949,Temperate,Australia-Oceania,0.5369,0.0,0,0.0539
1949,Temperate,Europe,0.3524,0.0115,1,0.1437
1949,Temperate,North America,0.4612,0.0253,1,0.1571
1949,Temperate,Ocean / Unclassified,0.6446,0.0045,1,0.0787
1949,Temperate,South America,0.5406,0.0389,1,0.2667
1949,Tropical,Africa,0.4614,0.0455,1,0.2242
1949,Tropical,Asia,0.5587,0.0267,1,0.0878
1949,Tropical,Australia-Oceania,0.5378,0.0288,1,0.1875
1949,Tropical,North America,0.6328,0.0104,1,0.0729
1949,Tropical,Ocean / Unclassified,0.6682,0.0138,1,0.1181
1949,Tropical,South America,0.3567,0.0,0,0.0556
1950,Polar,Antarctica,0.832,0.0104,1,0.088
1950,Polar,Asia,0.557,0.0,0,0.0345
1950,Polar,Europe,0.5429,0.0,0,0.0
1950,Polar,North America,0.6433,0.0156,1,0.1
1950,Polar,Ocean / Unclassified,0.8241,0.0,0,0.1642
1950,Temperate,Africa,0.5665,0.0037,1,0.0741
1950,Temperate,Antarctica,0.6454,0.0243,1,0.2674
1950,Temperate,Asia,0.3557,0.0,0,0.0614
1950,Temperate,Australia-Oceania,0.5497,0.0049,1,0.0882
1950,Temperate,Europe,0.3539,0.0402,1,0.2011
1950,Temperate,North America,0.4538,0.0084,1,0.1368
1950,Temperate,Ocean / Unclassified,0.6433,0.0056,1,0.0764
1950,Temperate,South America,0.5336,0.0167,1,0.0889
1950,Tropical,Africa,0.4535,0.0152,1,0.103
1950,Tropical,Asia,0.5625,0.0,0,0.0458
1950,Tropical,Australia-Oceania,0.546,0.0048,1,0.0865
1950,Tropical,North America,0.6281,0.0104,1,0.1042
1950,Tropical,Ocean / Unclassified,0.6728,0.0098,1,0.1004
1950,Tropical,South America,0.3635,0.0056,1,0.05
1951,Polar,Antarctica,0.83,0.0046,1,0.0961
1951,Polar,Asia,0.5682,0.0043,1,0.194
1951,Polar,Europe,0.5641,0.0909,1,0.4318
1951,Polar,North America,0.6312,0.0,0,0.0406
1951,Polar,Ocean / Unclassified,0.82,0.0,0,0.0448
1951,Temperate,Africa,0.5615,0.0259,1,0.1778
1951,Temperate,Antarctica,0.6446,0.0417,2,0.1354
1951,Temperate,Asia,0.3531,0.0105,1,0.0947
1951,Temperate,Australia-Oceania,0.5526,0.0049,1,0.0882
1951,Temperate,Europe,0.345,0.0057,1,0.0345
1951,Temperate,North America,0.4562,0.0253,1,0.1841
1951,Temperate,Ocean / Unclassified,0.6459,0.0146,1,0.118
1951,Temperate,South America,0.5215,0.0389,2,0.1667
1951,Tropical,Africa,0.461,0.0273,1,0.2485
1951,Tropical,Asia,0.5884,0.0267,1,0.229
1951,Tropical,Australia-Oceania,0.5562,0.0144,1,0.25
1951,Tropical,North America,0.6628,0.0312,1,0.2812
1951,Tropical,Ocean / Unclassified,0.6538,0.0118,1,0.1634
1951,Tropical,South America,0.3699,0.0444,1,0.3
1952,Polar,Antarctica,0.8341,0.0,0,0.1076
1952,Polar,Asia,0.5629,0.0086,1,0.0647
1952,Polar,Europe,0.5574,0.0455,1,0.1364
1952,Polar,North America,0.6366,0.0,0,0.0312
1952,Polar,Ocean / Unclassified,0.8167,0.0,0,0.041
1952,Temperate,Africa,0.5608,0.0,0,0.0259
1952,Temperate,Antarctica,0.6401,0.0,0,0.0938
1952,Temperate,Asia,0.3513,0.007,1,0.0737
1952,Temperate,Australia-Oceania,0.5447,0.0,0,0.0245
1952,Temperate,Europe,0.3478,0.0,0,0.0575
1952,Temperate,North America,0.4557,0.0,0,0.0726
1952,Temperate,Ocean / Unclassified,0.6474,0.0045,1,0.0663
1952,Temperate,South America,0.5299,0.0,0,0.0333
1952,Tropical,Africa,0.4558,0.0091,1,0.1121
1952,Tropical,Asia,0.5727,0.0,0,0.0496
1952,Tropical,Australia-Oceania,0.5518,0.0,0,0.0529
1952,Tropical,North America,0.6633,0.0208,1,0.1979
1952,Tropical,Ocean / Unclassified,0.6627,0.0157,1,0.0886
1952,Tropical,South America,0.3655,0.0111,2,0.0833
1953,Polar,Antarctica,0.8287,0.0139,1,0.1505
1953,Polar,Asia,0.5638,0.0129,1,0.125
1953,Polar,Europe,0.5518,0.0,0,0.0227
1953,Polar,North America,0.644,0.0219,1,0.2156
1953,Polar,Ocean / Unclassified,0.8197,0.0112,1,0.0784
1953,Temperate,Africa,0.5593,0.0074,1,0.0889
1953,Temperate,Antarctica,0.6418,0.0069,1,0.1111
1953,Temperate,Asia,0.3597,0.0281,1,0.1702
1953,Temperate,Australia-Oceania,0.5475,0.0,0,0.0735
1953,Temperate,Europe,0.3508,0.0172,1,0.2011
1953,Temperate,North America,0.4513,0.0034,1,0.0693
1953,Temperate,Ocean / Unclassified,0.646,0.0146,1,0.1258
1953,Temperate,South America,0.5359,0.0222,1,0.1611
1953,Tropical,Africa,0.4532,0.0091,1,0.0636
1953,Tropical,Asia,0.5705,0.0153,1,0.0802
1953,Tropical,Australia-Oceania,0.5488,0.0096,1,0.0625
1953,Tropical,North America,0.6293,0.0,0,0.0938
1953,Tropical,Ocean / Unclassified,0.6701,0.0079,1,0.1102
1953,Tropical,South America,0.3667,0.0167,1,0.1
1954,Polar,Antarctica,0.828,0.0,0,0.0104
1954,Polar,Asia,0.5664,0.0086,1,0.1767
1954,Polar,Europe,0.5598,0.0,0,0.1364
1954,Polar,North America,0.6358,0.0156,1,0.1062
1954,Polar,Ocean / Unclassified,0.8187,0.0037,1,0.041
1954,Temperate,Africa,0.5568,0.0,0,0.0296
1954,Temperate,Antarctica,0.6437,0.0139,1,0.1424
1954,Temperate,Asia,0.3549,0.007,1,0.1281
1954,Temperate,Australia-Oceania,0.5515,0.0049,1,0.1078
1954,Temperate,Europe,0.3474,0.0057,1,0.0977
1954,Temperate,North America,0.4576,0.0321,1,0.1301
1954,Temperate,Ocean / Unclassified,0.6461,0.0034,1,0.0854
1954,Temperate,South America,0.5267,0.0,0,0.0167
1954,Tropical,Africa,0.4558,0.003,1,0.0667
1954,Tropical,Asia,0.5751,0.0,0,0.0916
1954,Tropical,Australia-Oceania,0.5474,0.0,0,0.0962
1954,Tropical,North America,0.6456,0.0104,1,0.2292
1954,Tropical,Ocean / Unclassified,0.6662,0.002,1,0.0571
1954,Tropical,South America,0.3644,0.0222,1,0.1167
1955,Polar,Antarctica,0.8285,0.0058,1,0.0775
1955,Polar,Asia,0.5654,0.0259,1,0.1595
1955,Polar,Europe,0.5512,0.0,0,0.1364
1955,Polar,North America,0.6384,0.0094,1,0.0531
1955,Polar,Ocean / Unclassified,0.8168,0.0,0,0.0336
1955,Temperate,Africa,0.561,0.0,0,0.0296
1955,Temperate,Antarctica,0.6435,0.0174,1,0.1667
1955,Temperate,Asia,0.3548,0.0088,1,0.086
1955,Temperate,Australia-Oceania,0.555,0.0196,1,0.0686
1955,Temperate,Europe,0.3404,0.0,0,0.0287
1955,Temperate,North America,0.4556,0.0084,1,0.0777
1955,Temperate,Ocean / Unclassified,0.6454,0.0011,1,0.0719
1955,Temperate,South America,0.5269,0.0,0,0.0222
1955,Tropical,Africa,0.4562,0.0121,1,0.0818
1955,Tropical,Asia,0.5787,0.0,0,0.0344
1955,Tropical,Australia-Oceania,0.5518,0.0,0,0.1298
1955,Tropical,North America,0.6491,0.0,0,0.0521
1955,Tropical,Ocean / Unclassified,0.6671,0.0039,1,0.1102
1955,Tropical,South America,0.3731,0.0722,1,0.2944
1956,Polar,Antarctica,0.8322,0.0058,1,0.1111
1956,Polar,Asia,0.567,0.0216,1,0.1595
1956,Polar,Europe,0.5556,0.0,0,0.0227
1956,Polar,North America,0.6405,0.0,0,0.0844
1956,Polar,Ocean / Unclassified,0.8207,0.0,0,0.2575
1956,Temperate,Africa,0.5585,0.0,0,0.0741
1956,Temperate,Antarctica,0.6424,0.0069,1,0.0764
1956,Temperate,Asia,0.3544,0.0088,1,0.0912
1956,Temperate,Australia-Oceania,0.5543,0.0098,1,0.0931
1956,Temperate,Europe,0.3448,0.0,0,0.0747
1956,Temperate,North America,0.4559,0.0017,1,0.0743
1956,Temperate,Ocean / Unclassified,0.6456,0.0067,2,0.0876
1956,Temperate,South America,0.5302,0.0056,1,0.05
1956,Tropical,Africa,0.4537,0.003,1,0.0485
1956,Tropical,Asia,0.577,0.0076,1,0.0687
1956,Tropical,Australia-Oceania,0.5526,0.0337,1,0.149
1956,Tropical,North America,0.6563,0.0,0,0.1667
1956,Tropical,Ocean / Unclassified,0.6646,0.0059,1,0.0846
1956,Tropical,South America,0.3683,0.0167,2,0.1222
1957,Polar,Antarctica,0.8291,0.0035,1,0.1771
1957,Polar,Asia,0.5612,0.0,0,0.0345
1957,Polar,Europe,0.5534,0.0,0,0.1136
1957,Polar,North America,0.645,0.0,0,0.0844
1957,Polar,Ocean / Unclassified,0.8204,0.0,0,0.0187
1957,Temperate,Africa,0.5656,0.0074,1,0.0704
1957,Temperate,Antarctica,0.6402,0.0174,1,0.1146
1957,Temperate,Asia,0.3568,0.0088,1,0.1491
1957,Temperate,Australia-Oceania,0.5512,0.0,0,0.0735
1957,Temperate,Europe,0.3481,0.0,0,0.1322
1957,Temperate,North America,0.457,0.0084,1,0.1132
1957,Temperate,Ocean / Unclassified,0.6478,0.0079,1,0.1461
1957,Temperate,South America,0.5297,0.0,0,0.0889
1957,Tropical,Africa,0.4585,0.0091,1,0.1242
1957,Tropical,Asia,0.5737,0.0,0,0.0344
1957,Tropical,Australia-Oceania,0.5443,0.0,0,0.0096
1957,Tropical,North America,0.6485,0.0208,1,0.1875
1957,Tropical,Ocean / Unclassified,0.6683,0.0059,1,0.0965
1957,Tropical,South America,0.3581,0.0,0,0.1056
1958,Polar,Antarctica,0.8294,0.0,0,0.0185
1958,Polar,Asia,0.5689,0.0043,1,0.1207
1958,Polar,Europe,0.5563,0.0227,1,0.0455
1958,Polar,North America,0.6406,0.0156,1,0.0594
1958,Polar,Ocean / Unclassified,0.8137,0.0,0,0.0149
1958,Temperate,Africa,0.566,0.0111,1,0.1148
1958,Temperate,Antarctica,0.6417,0.0,0,0.0312
1958,Temperate,Asia,0.3513,0.0,0,0.0544
1958,Temperate,Australia-Oceania,0.5643,0.0245,1,0.2059
1958,Temperate,Europe,0.3496,0.0115,1,0.1207
1958,Temperate,North America,0.4551,0.0084,1,0.1115
1958,Temperate,Ocean / Unclassified,0.6458,0.0022,1,0.0775
1958,Temperate,South America,0.5283,0.0056,1,0.0944
1958,Tropical,Africa,0.4514,0.0,0,0.0303
1958,Tropical,Asia,0.5727,0.0038,1,0.0763
1958,Tropical,Australia-Oceania,0.5558,0.0385,1,0.2163
1958,Tropical,North America,0.6441,0.0208,1,0.1667
1958,Tropical,Ocean / Unclassified,0.6713,0.0177,1,0.1024
1958,Tropical,South America,0.3704,0.0667,1,0.2611
1959,Polar,Antarctica,0.8233,0.0012,1,0.022
1959,Polar,Asia,0.5637,0.0,0,0.1034
1959,Polar,Europe,0.5575,0.0227,1,0.3182
1959,Polar,North America,0.6437,0.0,0,0.0812
1959,Polar,Ocean / Unclassified,0.8196,0.0037,1,0.1045
1959,Temperate,Africa,0.5623,0.0111,1,0.0407
1959,Temperate,Antarctica,0.642,0.0,0,0.0764
1959,Temperate,Asia,0.3548,0.0053,1,0.114
1959,Temperate,Australia-Oceania,0.5456,0.0,0,0.049
1959,Temperate,Europe,0.3496,0.0057,2,0.1322
1959,Temperate,North America,0.4566,0.0034,1,0.0878
1959,Temperate,Ocean / Unclassified,0.645,0.0112,1,0.0629
1959,Temperate,South America,0.5299,0.0056,1,0.1111
1959,Tropical,Africa,0.4498,0.0061,1,0.0212
1959,Tropical,Asia,0.5766,0.0038,1,0.1107
1959,Tropical,Australia-Oceania,0.5461,0.0288,1,0.0769
1959,Tropical,North America,0.6484,0.0312,1,0.1771
1959,Tropical,Ocean / Unclassified,0.6691,0.0079,1,0.0866
1959,Tropical,South America,0.365,0.0167,2,0.1722
1960,Polar,Antarctica,0.8276,0.0046,1,0.0475
1960,Polar,Asia,0.5646,0.0172,1,0.0819
1960,Polar,Europe,0.5614,0.0,0,0.2955
1960,Polar,North America,0.6436,0.0,0,0.0531
1960,Polar,Ocean / Unclassified,0.817,0.0,0,0.0037
1960,Temperate,Africa,0.5603,0.0,0,0.0407
1960,Temperate,Antarctica,0.6452,0.0174,1,0.2153
1960,Temperate,Asia,0.3574,0.0228,1,0.1825
1960,Temperate,Australia-Oceania,0.5521,0.0049,1,0.1127
1960,Temperate,Europe,0.3412,0.0115,1,0.0977
1960,Temperate,North America,0.4567,0.0068,1,0.1284
1960,Temperate,Ocean / Unclassified,0.6455,0.0079,2,0.1112
1960,Temperate,South America,0.5299,0.0056,1,0.1
1960,Tropical,Africa,0.4535,0.0061,1,0.0939
1960,Tropical,Asia,0.5756,0.0115,1,0.1145
1960,Tropical,Australia-Oceania,0.5451,0.0,0,0.1058
1960,Tropical,North America,0.6425,0.0,0,0.0729
1960,Tropical,Ocean / Unclassified,0.6686,0.0217,1,0.187
1960,Tropical,South America,0.3733,0.1556,1,0.3278
1961,Polar,Antarctica,0.83,0.0093,1,0.059
1961,Polar,Asia,0.5617,0.0,0,0.056
1961,Polar,Europe,0.5478,0.0,0,0.0
1961,Polar,North America,0.642,0.0,0,0.05
1961,Polar,Ocean / Unclassified,0.8189,0.0037,1,0.0448
1961,Temperate,Africa,0.5546,0.0333,1,0.0741
1961,Temperate,Antarctica,0.6392,0.0,0,0.0312
1961,Temperate,Asia,0.352,0.0035,1,0.0895
1961,Temperate,Australia-Oceania,0.5526,0.0098,1,0.1716
1961,Temperate,Europe,0.3454,0.0,0,0.0862
1961,Temperate,North America,0.4572,0.0169,2,0.1453
1961,Temperate,Ocean / Unclassified,0.6473,0.0146,1,0.1146
1961,Temperate,South America,0.5249,0.0,0,0.0778
1961,Tropical,Africa,0.45,0.003,1,0.0394
1961,Tropical,Asia,0.5858,0.0229,1,0.1756
1961,Tropical,Australia-Oceania,0.5583,0.0096,1,0.1971
1961,Tropical,North America,0.6567,0.0625,1,0.2604
1961,Tropical,Ocean / Unclassified,0.6605,0.0138,1,0.1476
1961,Tropical,South America,0.3591,0.0333,1,0.0722
1962,Polar,Antarctica,0.8279,0.0023,1,0.0694
1962,Polar,Asia,0.5682,0.0043,1,0.2112
1962,Polar,Europe,0.5595,0.0455,1,0.1818
1962,Polar,North America,0.6394,0.0,0,0.0594
1962,Polar,Ocean / Unclassified,0.8156,0.0,0,0.0
1962,Temperate,Africa,0.5674,0.0037,1,0.137
1962,Temperate,Antarctica,0.6399,0.0035,1,0.0868
1962,Temperate,Asia,0.3521,0.0,0,0.0544
1962,Temperate,Australia-Oceania,0.5404,0.0049,1,0.0686
1962,Temperate,Europe,0.3558,0.046,1,0.2701
1962,Temperate,North America,0.4578,0.0101,1,0.1351
1962,Temperate,Ocean / Unclassified,0.6461,0.0213,1,0.1494
1962,Temperate,South America,0.5351,0.0333,1,0.2056
1962,Tropical,Africa,0.4581,0.0273,1,0.1424
1962,Tropical,Asia,0.569,0.0038,1,0.0802
1962,Tropical,Australia-Oceania,0.5398,0.0385,1,0.1202
1962,Tropical,North America,0.642,0.0104,1,0.0729
1962,Tropical,Ocean / Unclassified,0.666,0.0138,1,0.0886
1962,Tropical,South America,0.3591,0.0,0,0.0833
1963,Polar,Antarctica,0.8329,0.0069,1,0.1123
1963,Polar,Asia,0.56,0.0,0,0.0259
1963,Polar,Europe,0.5502,0.0,0,0.0227
1963,Polar,North America,0.6413,0.0,0,0.0312
1963,Polar,Ocean / Unclassified,0.8288,0.056,1,0.2836
1963,Temperate,Africa,0.5763,0.0148,1,0.2593
1963,Temperate,Antarctica,0.6386,0.0104,1,0.0451
1963,Temperate,Asia,0.3507,0.0053,1,0.0684
1963,Temperate,Australia-Oceania,0.5332,0.0245,1,0.0784
1963,Temperate,Europe,0.3505,0.0287,1,0.1667
1963,Temperate,North America,0.4585,0.0034,1,0.1115
1963,Temperate,Ocean / Unclassified,0.6476,0.0236,1,0.1618
1963,Temperate,South America,0.5318,0.0,0,0.1111
1963,Tropical,Africa,0.4625,0.0273,1,0.2242
1963,Tropical,Asia,0.5682,0.0038,1,0.0954
1963,Tropical,Australia-Oceania,0.5415,0.0,0,0.0673
1963,Tropical,North America,0.6392,0.0,0,0.0729
1963,Tropical,Ocean / Unclassified,0.6668,0.0059,1,0.0945
1963,Tropical,South America,0.3586,0.0,0,0.0389
1964,Polar,Antarctica,0.834,0.0081,2,0.1377
1964,Polar,Asia,0.5748,0.0776,1,0.2543
1964,Polar,Europe,0.5654,0.1364,1,0.4091
1964,Polar,North America,0.6421,0.0,0,0.0531
1964,Polar,Ocean / Unclassified,0.8251,0.0187,1,0.1306
1964,Temperate,Africa,0.5654,0.0407,1,0.1593
1964,Temperate,Antarctica,0.643,0.0139,1,0.125
1964,Temperate,Asia,0.3603,0.0281,1,0.2018
1964,Temperate,Australia-Oceania,0.56,0.0196,1,0.1765
1964,Temperate,Europe,0.3446,0.0057,1,0.0805
1964,Temperate,North America,0.4556,0.0051,1,0.0861
1964,Temperate,Ocean / Unclassified,0.6461,0.0011,1,0.0955
1964,Temperate,South America,0.5269,0.0,0,0.0944
1964,Tropical,Africa,0.4571,0.0061,1,0.1242
1964,Tropical,Asia,0.5724,0.0191,1,0.1412
1964,Tropical,Australia-Oceania,0.5456,0.0,0,0.0385
1964,Tropical,North America,0.6495,0.0,0,0.0729
1964,Tropical,Ocean / Unclassified,0.6624,0.0157,2,0.1319
1964,Tropical,South America,0.3674,0.0667,1,0.2111
1965,Polar,Antarctica,0.8358,0.0,0,0.1782
1965,Polar,Asia,0.5676,0.0,0,0.1509
1965,Polar,Europe,0.5442,0.0,0,0.0
1965,Polar,North America,0.6457,0.0094,1,0.2281
1965,Polar,Ocean / Unclassified,0.824,0.0,0,0.3172
1965,Temperate,Africa,0.5616,0.0037,1,0.0741
1965,Temperate,Antarctica,0.6403,0.0,0,0.0521
1965,Temperate,Asia,0.3537,0.0035,1,0.086
1965,Temperate,Australia-Oceania,0.549,0.0049,1,0.0882
1965,Temperate,Europe,0.3475,0.0115,1,0.1379
1965,Temperate,North America,0.4601,0.0118,1,0.1301
1965,Temperate,Ocean / Unclassified,0.6465,0.0034,1,0.109
1965,Temperate,South America,0.5262,0.0,0,0.0556
1965,Tropical,Africa,0.4628,0.0152,1,0.1667
1965,Tropical,Asia,0.5826,0.0,0,0.1374
1965,Tropical,Australia-Oceania,0.5513,0.0048,1,0.101
1965,Tropical,North America,0.6598,0.0312,1,0.2604
1965,Tropical,Ocean / Unclassified,0.6611,0.0039,1,0.0768
1965,Tropical,South America,0.3582,0.0,0,0.0222
1966,Polar,Antarctica,0.8307,0.0012,1,0.088
1966,Polar,Asia,0.5659,0.0,0,0.0862
1966,Polar,Europe,0.5514,0.0,0,0.0455
1966,Polar,North America,0.6434,0.0,0,0.0219
1966,Polar,Ocean / Unclassified,0.8169,0.0,0,0.0
1966,Temperate,Africa,0.5694,0.0037,1,0.1148
1966,Temperate,Antarctica,0.639,0.0,0,0.0243
1966,Temperate,Asia,0.3526,0.0035,1,0.0632
1966,Temperate,Australia-Oceania,0.5389,0.0,0,0.049
1966,Temperate,Europe,0.3537,0.0287,1,0.1437
1966,Temperate,North America,0.4585,0.0118,1,0.1199
1966,Temperate,Ocean / Unclassified,0.6489,0.009,1,0.1056
1966,Temperate,South America,0.5355,0.0,0,0.1389
1966,Tropical,Africa,0.4625,0.0182,1,0.2061
1966,Tropical,Asia,0.5683,0.0191,1,0.126
1966,Tropical,Australia-Oceania,0.5387,0.0096,1,0.1683
1966,Tropical,North America,0.6348,0.0,0,0.0417
1966,Tropical,Ocean / Unclassified,0.6645,0.0217,1,0.1457
1966,Tropical,South America,0.3549,0.0056,1,0.0389
1967,Polar,Antarctica,0.8294,0.0012,1,0.0486
1967,Polar,Asia,0.5604,0.0,0,0.0819
1967,Polar,Europe,0.5566,0.0682,1,0.25
1967,Polar,North America,0.6408,0.0,0,0.075
1967,Polar,Ocean / Unclassified,0.8149,0.0,0,0.1642
1967,Temperate,Africa,0.5698,0.0481,1,0.2296
1967,Temperate,Antarctica,0.6446,0.0625,1,0.2326
1967,Temperate,Asia,0.3588,0.0316,1,0.1842
1967,Temperate,Australia-Oceania,0.5388,0.0,0,0.0098
1967,Temperate,Europe,0.3535,0.0287,1,0.2644
1967,Temperate,North America,0.4539,0.0068,1,0.0895
1967,Temperate,Ocean / Unclassified,0.6465,0.0191,2,0.1382
1967,Temperate,South America,0.5326,0.0167,1,0.0889
1967,Tropical,Africa,0.4598,0.003,1,0.1667
1967,Tropical,Asia,0.5641,0.0076,1,0.0458
1967,Tropical,Australia-Oceania,0.5442,0.0096,1,0.1683
1967,Tropical,North America,0.6374,0.0312,1,0.0833
1967,Tropical,Ocean / Unclassified,0.6665,0.0157,1,0.1496
1967,Tropical,South America,0.3616,0.0333,1,0.1333
1968,Polar,Antarctica,0.828,0.0046,1,0.0405
1968,Polar,Asia,0.5584,0.0,0,0.0086
1968,Polar,Europe,0.558,0.0682,1,0.3409
1968,Polar,North America,0.6433,0.0,0,0.0781
1968,Polar,Ocean / Unclassified,0.8158,0.0,0,0.0261
1968,Temperate,Africa,0.5576,0.0,0,0.0556
1968,Temperate,Antarctica,0.6433,0.0104,1,0.1528
1968,Temperate,Asia,0.3544,0.014,2,0.1123
1968,Temperate,Australia-Oceania,0.5537,0.0,0,0.0588
1968,Temperate,Europe,0.3426,0.0172,1,0.1034
1968,Temperate,North America,0.451,0.0051,1,0.0591
1968,Temperate,Ocean / Unclassified,0.644,0.0022,1,0.0742
1968,Temperate,South America,0.5223,0.0,0,0.0444
1968,Tropical,Africa,0.4558,0.0152,1,0.103
1968,Tropical,Asia,0.5778,0.0,0,0.0802
1968,Tropical,Australia-Oceania,0.5514,0.0,0,0.0817
1968,Tropical,North America,0.6482,0.0,0,0.0625
1968,Tropical,Ocean / Unclassified,0.6647,0.0079,2,0.1398
1968,Tropical,South America,0.3728,0.0111,1,0.2722
1969,Polar,Antarctica,0.8301,0.0,0,0.0174
1969,Polar,Asia,0.5747,0.0259,1,0.2716
1969,Polar,Europe,0.5596,0.0,0,0.0455
1969,Polar,North America,0.6411,0.0094,1,0.0844
1969,Polar,Ocean / Unclassified,0.8223,0.0,0,0.0933
1969,Temperate,Africa,0.5618,0.0,0,0.0481
1969,Temperate,Antarctica,0.6401,0.0,0,0.0312
1969,Temperate,Asia,0.3524,0.0053,1,0.0825
1969,Temperate,Australia-Oceania,0.5449,0.0049,1,0.0686
1969,Temperate,Europe,0.3457,0.0057,1,0.1092
1969,Temperate,North America,0.4576,0.0118,1,0.1064
1969,Temperate,Ocean / Unclassified,0.6479,0.0067,1,0.1124
1969,Temperate,South America,0.5237,0.0,0,0.0222
1969,Tropical,Africa,0.4578,0.003,1,0.0939
1969,Tropical,Asia,0.5868,0.0038,1,0.1603
1969,Tropical,Australia-Oceania,0.5506,0.0048,1,0.1346
1969,Tropical,North America,0.653,0.0521,1,0.0729
1969,Tropical,Ocean / Unclassified,0.6535,0.0059,1,0.0866
1969,Tropical,South America,0.3685,0.0444,1,0.2222
1970,Polar,Antarctica,0.8256,0.0,0,0.0255
1970,Polar,Asia,0.5598,0.0,0,0.0259
1970,Polar,Europe,0.5465,0.0,0,0.0227
1970,Polar,North America,0.6392,0.0,0,0.0875
1970,Polar,Ocean / Unclassified,0.8225,0.0,0,0.0821
1970,Temperate,Africa,0.5682,0.0111,1,0.163
1970,Temperate,Antarctica,0.6434,0.0069,1,0.1736
1970,Temperate,Asia,0.3528,0.0,0,0.0526
1970,Temperate,Australia-Oceania,0.546,0.0,0,0.0098
1970,Temperate,Europe,0.3523,0.0,0,0.1149
1970,Temperate,North America,0.4579,0.0135,1,0.1267
1970,Temperate,Ocean / Unclassified,0.6475,0.0202,1,0.1
1970,Temperate,South America,0.5267,0.0,0,0.0667
1970,Tropical,Africa,0.4574,0.003,1,0.0939
1970,Tropical,Asia,0.5792,0.0038,1,0.1298
1970,Tropical,Australia-Oceania,0.5479,0.0048,1,0.0625
1970,Tropical,North America,0.6492,0.0,0,0.1146
1970,Tropical,Ocean / Unclassified,0.6655,0.0118,1,0.1181
1970,Tropical,South America,0.3598,0.0056,1,0.1
1971,Polar,Antarctica,0.8284,0.0012,1,0.066
1971,Polar,Asia,0.5496,0.0,0,0.0172
1971,Polar,Europe,0.5473,0.0,0,0.1136
1971,Polar,North America,0.6395,0.0188,1,0.0562
1971,Polar,Ocean / Unclassified,0.8157,0.0075,1,0.0485
1971,Temperate,Africa,0.5688,0.0037,1,0.1444
1971,Temperate,Antarctica,0.6404,0.0,0,0.0972
1971,Temperate,Asia,0.3552,0.0088,1,0.1123
1971,Temperate,Australia-Oceania,0.5414,0.0,0,0.0588
1971,Temperate,Europe,0.357,0.0345,1,0.2299
1971,Temperate,North America,0.4569,0.0135,2,0.1149
1971,Temperate,Ocean / Unclassified,0.6462,0.0258,1,0.1506
1971,Temperate,South America,0.5383,0.0111,1,0.2167
1971,Tropical,Africa,0.458,0.0121,1,0.197
1971,Tropical,Asia,0.5648,0.0,0,0.0191
1971,Tropical,Australia-Oceania,0.54,0.0,0,0.0577
1971,Tropical,North America,0.633,0.0,0,0.1042
1971,Tropical,Ocean / Unclassified,0.6753,0.0453,1,0.2028
1971,Tropical,South America,0.3582,0.0056,1,0.0444
1972,Polar,Antarctica,0.8282,0.0046,1,0.1076
1972,Polar,Asia,0.5538,0.0086,1,0.0948
1972,Polar,Europe,0.5571,0.0,0,0.1364
1972,Polar,North America,0.642,0.0062,1,0.1
1972,Polar,Ocean / Unclassified,0.8135,0.0,0,0.0522
1972,Temperate,Africa,0.5635,0.0185,1,0.1333
1972,Temperate,Antarctica,0.6472,0.0556,1,0.2222
1972,Temperate,Asia,0.3572,0.0228,1,0.1368
1972,Temperate,Australia-Oceania,0.5592,0.0196,1,0.1814
1972,Temperate,Europe,0.3483,0.0,0,0.0977
1972,Temperate,North America,0.4563,0.0017,1,0.1081
1972,Temperate,Ocean / Unclassified,0.6435,0.0034,1,0.0652
1972,Temperate,South America,0.5254,0.0056,1,0.0667
1972,Tropical,Africa,0.4545,0.0273,1,0.1515
1972,Tropical,Asia,0.5761,0.0,0,0.0763
1972,Tropical,Australia-Oceania,0.5519,0.0096,1,0.1827
1972,Tropical,North America,0.6418,0.0208,1,0.1354
1972,Tropical,Ocean / Unclassified,0.6684,0.0079,1,0.0906
1972,Tropical,South America,0.3689,0.0111,1,0.1556
1973,Polar,Antarctica,0.8274,0.0046,1,0.1088
1973,Polar,Asia,0.5676,0.0,0,0.1336
1973,Polar,Europe,0.5615,0.0,0,0.1364
1973,Polar,North America,0.6421,0.0,0,0.0562
1973,Polar,Ocean / Unclassified,0.822,0.0112,1,0.2799
1973,Temperate,Africa,0.5658,0.0074,1,0.1185
1973,Temperate,Antarctica,0.6416,0.0,0,0.0938
1973,Temperate,Asia,0.3494,0.0035,1,0.0386
1973,Temperate,Australia-Oceania,0.5519,0.0049,1,0.0833
1973,Temperate,Europe,0.3427,0.0,0,0.092
1973,Temperate,North America,0.4556,0.0169,1,0.1368
1973,Temperate,Ocean / Unclassified,0.6458,0.0056,1,0.073
1973,Temperate,South America,0.5238,0.0,0,0.0222
1973,Tropical,Africa,0.4512,0.0121,1,0.0848
1973,Tropical,Asia,0.5878,0.0191,1,0.1985
1973,Tropical,Australia-Oceania,0.5555,0.0048,1,0.1298
1973,Tropical,North America,0.6584,0.0104,1,0.2708
1973,Tropical,Ocean / Unclassified,0.6647,0.0039,1,0.1319
1973,Tropical,South America,0.3627,0.0,0,0.0611
1974,Polar,Antarctica,0.8305,0.0046,1,0.0394
1974,Polar,Asia,0.5587,0.0,0,0.0129
1974,Polar,Europe,0.5532,0.0,0,0.0682
1974,Polar,North America,0.6401,0.0,0,0.0156
1974,Polar,Ocean / Unclassified,0.8149,0.0,0,0.0187
1974,Temperate,Africa,0.5756,0.0407,1,0.2444
1974,Temperate,Antarctica,0.6383,0.0,0,0.0
1974,Temperate,Asia,0.3548,0.007,1,0.0895
1974,Temperate,Australia-Oceania,0.5497,0.0147,1,0.152
1974,Temperate,Europe,0.353,0.0,0,0.1149
1974,Temperate,North America,0.4567,0.0,0,0.0709
1974,Temperate,Ocean / Unclassified,0.6469,0.0022,1,0.0697
1974,Temperate,South America,0.5333,0.0,0,0.0889
1974,Tropical,Africa,0.4519,0.0,0,0.0212
1974,Tropical,Asia,0.5639,0.0,0,0.0038
1974,Tropical,Australia-Oceania,0.5443,0.0,0,0.0769
1974,Tropical,North America,0.6456,0.0,0,0.0729
1974,Tropical,Ocean / Unclassified,0.672,0.0,0,0.0512
1974,Tropical,South America,0.3681,0.0,0,0.0889
1975,Polar,Antarctica,0.8292,0.0,0,0.0174
1975,Polar,Asia,0.5511,0.0,0,0.0086
1975,Polar,Europe,0.5506,0.0,0,0.0
1975,Polar,North America,0.6426,0.0031,1,0.0875
1975,Polar,Ocean / Unclassified,0.8185,0.0,0,0.0858
1975,Temperate,Africa,0.5674,0.0074,1,0.0741
1975,Temperate,Antarctica,0.6404,0.0,0,0.0521
1975,Temperate,Asia,0.3586,0.0018,1,0.1333
1975,Temperate,Australia-Oceania,0.5484,0.0,0,0.0
1975,Temperate,Europe,0.3462,0.0057,1,0.0747
1975,Temperate,North America,0.4541,0.0,0,0.0507
1975,Temperate,Ocean / Unclassified,0.6467,0.0011,1,0.0697
1975,Temperate,South America,0.5358,0.0111,1,0.15
1975,Tropical,Africa,0.4557,0.003,1,0.0697
1975,Tropical,Asia,0.5643,0.0,0,0.0229
1975,Tropical,Australia-Oceania,0.5454,0.0,0,0.0192
1975,Tropical,North America,0.6392,0.0,0,0.0625
1975,Tropical,Ocean / Unclassified,0.6739,0.0059,1,0.065
1975,Tropical,South America,0.3669,0.0,0,0.1111
1976,Polar,Antarctica,0.8266,0.0,0,0.0185
1976,Polar,Asia,0.554,0.0,0,0.0
1976,Polar,Europe,0.5479,0.0,0,0.0909
1976,Polar,North America,0.6386,0.0,0,0.025
1976,Polar,Ocean / Unclassified,0.8196,0.0,0,0.0037
1976,Temperate,Africa,0.5457,0.0,0,0.0222
1976,Temperate,Antarctica,0.6411,0.0,0,0.0417
1976,Temperate,Asia,0.3528,0.0018,1,0.1088
1976,Temperate,Australia-Oceania,0.5516,0.0,0,0.0245
1976,Temperate,Europe,0.3445,0.0,0,0.0345
1976,Temperate,North America,0.4533,0.0,0,0.0439
1976,Temperate,Ocean / Unclassified,0.6448,0.0079,1,0.0708
1976,Temperate,South America,0.5224,0.0167,1,0.1167
1976,Tropical,Africa,0.4558,0.0212,1,0.1455
1976,Tropical,Asia,0.593,0.0649,1,0.3244
1976,Tropical,Australia-Oceania,0.5585,0.0096,1,0.2644
1976,Tropical,North America,0.651,0.0104,1,0.1667
1976,Tropical,Ocean / Unclassified,0.6642,0.0256,1,0.1496
1976,Tropical,South America,0.3649,0.0,0,0.2
1977,Polar,Antarctica,0.8256,0.0023,1,0.1007
1977,Polar,Asia,0.5617,0.0,0,0.0345
1977,Polar,Europe,0.5464,0.0,0,0.0
1977,Polar,North America,0.6335,0.0,0,0.0062
1977,Polar,Ocean / Unclassified,0.8225,0.0,0,0.0597
1977,Temperate,Africa,0.5625,0.0,0,0.0741
1977,Temperate,Antarctica,0.6408,0.0,0,0.0486
1977,Temperate,Asia,0.3489,0.0,0,0.0386
1977,Temperate,Australia-Oceania,0.5472,0.0,0,0.0392
1977,Temperate,Europe,0.3441,0.0057,1,0.046
1977,Temperate,North America,0.4555,0.0068,1,0.1216
1977,Temperate,Ocean / Unclassified,0.6454,0.0034,1,0.0539
1977,Temperate,South America,0.5228,0.0,0,0.0333
1977,Tropical,Africa,0.4569,0.0091,1,0.1212
1977,Tropical,Asia,0.5785,0.0038,1,0.0496
1977,Tropical,Australia-Oceania,0.5503,0.0,0,0.0385
1977,Tropical,North America,0.6596,0.0208,1,0.1979
1977,Tropical,Ocean / Unclassified,0.6618,0.0059,1,0.1063
1977,Tropical,South America,0.3615,0.0,0,0.0944
1978,Polar,Antarctica,0.8322,0.0012,1,0.0995
1978,Polar,Asia,0.5563,0.0,0,0.0129
1978,Polar,Europe,0.5583,0.0227,1,0.1818
1978,Polar,North America,0.6421,0.0031,1,0.0688
1978,Polar,Ocean / Unclassified,0.8196,0.0,0,0.0
1978,Temperate,Africa,0.5719,0.0333,1,0.1519
1978,Temperate,Antarctica,0.6386,0.0,0,0.0243
1978,Temperate,Asia,0.3542,0.0035,1,0.0772
1978,Temperate,Australia-Oceania,0.5455,0.0098,1,0.0539
1978,Temperate,Europe,0.3549,0.092,1,0.2414
1978,Temperate,North America,0.4546,0.0034,1,0.0659
1978,Temperate,Ocean / Unclassified,0.6471,0.0045,1,0.0865
1978,Temperate,South America,0.5345,0.0167,1,0.1611
1978,Tropical,Africa,0.4496,0.0,0,0.0303
1978,Tropical,Asia,0.5607,0.0,0,0.0076
1978,Tropical,Australia-Oceania,0.5375,0.0,0,0.0288
1978,Tropical,North America,0.6429,0.0,0,0.1458
1978,Tropical,Ocean / Unclassified,0.6706,0.002,1,0.1024
1978,Tropical,South America,0.3646,0.0,0,0.0556
1979,Polar,Antarctica,0.8238,0.0012,1,0.0382
1979,Polar,Asia,0.5637,0.0216,1,0.0948
1979,Polar,Europe,0.5504,0.0,0,0.0455
1979,Polar,North America,0.638,0.0,0,0.0062
1979,Polar,Ocean / Unclassified,0.8078,0.0,0,0.0037
1979,Temperate,Africa,0.5631,0.0074,1,0.0741
1979,Temperate,Antarctica,0.6425,0.0,0,0.0903
1979,Temperate,Asia,0.3543,0.007,1,0.086
1979,Temperate,Australia-Oceania,0.557,0.0588,1,0.1716
1979,Temperate,Europe,0.3557,0.0172,1,0.2241
1979,Temperate,North America,0.4533,0.0,0,0.0659
1979,Temperate,Ocean / Unclassified,0.6446,0.0157,1,0.1067
1979,Temperate,South America,0.5304,0.0,0,0.0722
1979,Tropical,Africa,0.4529,0.0,0,0.0455
1979,Tropical,Asia,0.5704,0.0,0,0.0611
1979,Tropical,Australia-Oceania,0.5406,0.0096,1,0.0529
1979,Tropical,North America,0.635,0.0,0,0.0208
1979,Tropical,Ocean / Unclassified,0.6709,0.0098,1,0.0827
1979,Tropical,South America,0.3657,0.0,0,0.0833
1980,Polar,Antarctica,0.8286,0.0012,1,0.0625
1980,Polar,Asia,0.5597,0.0,0,0.0345
1980,Polar,Europe,0.5604,0.0,0,0.3636
1980,Polar,North America,0.6449,0.0031,1,0.1219
1980,Polar,Ocean / Unclassified,0.8121,0.0,0,0.0
1980,Temperate,Africa,0.5567,0.0,0,0.0333
1980,Temperate,Antarctica,0.6402,0.0,0,0.0521
1980,Temperate,Asia,0.3526,0.007,1,0.0877
1980,Temperate,Australia-Oceania,0.5549,0.0098,1,0.152
1980,Temperate,Europe,0.3418,0.0115,1,0.0805
1980,Temperate,North America,0.4575,0.0101,1,0.1199
1980,Temperate,Ocean / Unclassified,0.6468,0.0236,2,0.1067
1980,Temperate,South America,0.5219,0.0389,1,0.1722
1980,Tropical,Africa,0.4591,0.0061,1,0.1667
1980,Tropical,Asia,0.5875,0.0038,1,0.1641
1980,Tropical,Australia-Oceania,0.554,0.0048,1,0.1442
1980,Tropical,North America,0.6611,0.0104,1,0.2083
1980,Tropical,Ocean / Unclassified,0.6592,0.0138,1,0.1516
1980,Tropical,South America,0.3665,0.0111,1,0.1722
1981,Polar,Antarctica,0.8259,0.0,0,0.0544
1981,Polar,Asia,0.5631,0.0,0,0.0086
1981,Polar,Europe,0.5495,0.0,0,0.0
1981,Polar,North America,0.6375,0.0,0,0.025
1981,Polar,Ocean / Unclassified,0.8178,0.0,0,0.0149
1981,Temperate,Africa,0.5694,0.0444,1,0.1963
1981,Temperate,Antarctica,0.6392,0.0,0,0.0312
1981,Temperate,Asia,0.3492,0.0035,1,0.0368
1981,Temperate,Australia-Oceania,0.5495,0.0,0,0.1078
1981,Temperate,Europe,0.3473,0.0057,1,0.0977
1981,Temperate,North America,0.4573,0.0068,1,0.1318
1981,Temperate,Ocean / Unclassified,0.6462,0.0045,1,0.0888
1981,Temperate,South America,0.5277,0.0,0,0.0444
1981,Tropical,Africa,0.4539,0.0121,1,0.1333
1981,Tropical,Asia,0.5651,0.0038,1,0.0534
1981,Tropical,Australia-Oceania,0.5487,0.0,0,0.0769
1981,Tropical,North America,0.6509,0.0,0,0.0833
1981,Tropical,Ocean / Unclassified,0.6682,0.0079,1,0.0984
1981,Tropical,South America,0.3596,0.0,0,0.0556
1982,Polar,Antarctica,0.8302,0.0278,1,0.1377
1982,Polar,Asia,0.5571,0.0,0,0.0517
1982,Polar,Europe,0.5363,0.0,0,0.0
1982,Polar,North America,0.6443,0.0,0,0.0781
1982,Polar,Ocean / Unclassified,0.8136,0.0,0,0.0075
1982,Temperate,Africa,0.559,0.0,0,0.0741
1982,Temperate,Antarctica,0.6368,0.0,0,0.0035
1982,Temperate,Asia,0.3555,0.0088,1,0.1298
1982,Temperate,Australia-Oceania,0.5407,0.0,0,0.1029
1982,Temperate,Europe,0.352,0.0115,1,0.1897
1982,Temperate,North America,0.454,0.0051,1,0.1132
1982,Temperate,Ocean / Unclassified,0.6474,0.0225,1,0.1742
1982,Temperate,South America,0.5292,0.0278,1,0.1667
1982,Tropical,Africa,0.4612,0.0152,1,0.1909
1982,Tropical,Asia,0.5766,0.0076,1,0.1641
1982,Tropical,Australia-Oceania,0.5493,0.0144,1,0.2163
1982,Tropical,North America,0.6379,0.0,0,0.1875
1982,Tropical,Ocean / Unclassified,0.6626,0.0197,1,0.1949
1982,Tropical,South America,0.36,0.0167,1,0.1333
1983,Polar,Antarctica,0.8283,0.0035,1,0.0498
1983,Polar,Asia,0.5681,0.0043,1,0.2284
1983,Polar,Europe,0.5539,0.0227,1,0.1818
1983,Polar,North America,0.6511,0.0188,1,0.35
1983,Polar,Ocean / Unclassified,0.8259,0.0,0,0.347
1983,Temperate,Africa,0.567,0.0222,1,0.1037
1983,Temperate,Antarctica,0.6388,0.0,0,0.0312
1983,Temperate,Asia,0.354,0.0035,1,0.1035
1983,Temperate,Australia-Oceania,0.5493,0.0049,1,0.049
1983,Temperate,Europe,0.3486,0.0,0,0.092
1983,Temperate,North America,0.4557,0.0051,1,0.1318
1983,Temperate,Ocean / Unclassified,0.6452,0.0067,1,0.0966
1983,Temperate,South America,0.5231,0.0,0,0.0056
1983,Tropical,Africa,0.4545,0.0,0,0.0667
1983,Tropical,Asia,0.5772,0.0,0,0.084
1983,Tropical,Australia-Oceania,0.5476,0.0,0,0.0385
1983,Tropical,North America,0.6341,0.0,0,0.0417
1983,Tropical,Ocean / Unclassified,0.6714,0.0059,1,0.1181
1983,Tropical,South America,0.3537,0.0,0,0.0333
1984,Polar,Antarctica,0.8266,0.0139,1,0.0625
1984,Polar,Asia,0.571,0.0086,1,0.3103
1984,Polar,Europe,0.5497,0.0,0,0.0
1984,Polar,North America,0.6518,0.0031,1,0.2562
1984,Polar,Ocean / Unclassified,0.8289,0.0,0,0.3918
1984,Temperate,Africa,0.5576,0.0148,1,0.1519
1984,Temperate,Antarctica,0.6436,0.0,0,0.1458
1984,Temperate,Asia,0.3544,0.0,0,0.0965
1984,Temperate,Australia-Oceania,0.5579,0.0098,1,0.1814
1984,Temperate,Europe,0.3463,0.023,1,0.1092
1984,Temperate,North America,0.4564,0.0068,1,0.1166
1984,Temperate,Ocean / Unclassified,0.6446,0.0034,1,0.073
1984,Temperate,South America,0.5245,0.0556,1,0.1111
1984,Tropical,Africa,0.4516,0.0,0,0.0788
1984,Tropical,Asia,0.5885,0.0229,1,0.3015
1984,Tropical,Australia-Oceania,0.5511,0.0096,1,0.2212
1984,Tropical,North America,0.6568,0.0,0,0.2188
1984,Tropical,Ocean / Unclassified,0.6625,0.0098,1,0.1575
1984,Tropical,South America,0.3584,0.0111,1,0.0833
1985,Polar,Antarctica,0.83,0.0035,2,0.0567
1985,Polar,Asia,0.5626,0.0,0,0.0733
1985,Polar,Europe,0.5551,0.0,0,0.0227
1985,Polar,North America,0.6385,0.0,0,0.0406
1985,Polar,Ocean / Unclassified,0.8147,0.0,0,0.0261
1985,Temperate,Africa,0.5709,0.0037,1,0.1481
1985,Temperate,Antarctica,0.6386,0.0,0,0.0347
1985,Temperate,Asia,0.353,0.0,0,0.0456
1985,Temperate,Australia-Oceania,0.5524,0.0,0,0.0441
1985,Temperate,Europe,0.3424,0.0,0,0.0862
1985,Temperate,North America,0.4582,0.027,1,0.1419
1985,Temperate,Ocean / Unclassified,0.6469,0.0045,1,0.1022
1985,Temperate,South America,0.5312,0.0056,1,0.0778
1985,Tropical,Africa,0.4536,0.0061,1,0.0939
1985,Tropical,Asia,0.5731,0.0115,1,0.0954
1985,Tropical,Australia-Oceania,0.5474,0.0,0,0.0962
1985,Tropical,North America,0.656,0.0521,1,0.2292
1985,Tropical,Ocean / Unclassified,0.6673,0.0039,1,0.0709
1985,Tropical,South America,0.3596,0.0111,1,0.0333
1986,Polar,Antarctica,0.8307,0.0,0,0.1644
1986,Polar,Asia,0.5594,0.0,0,0.0086
1986,Polar,Europe,0.5439,0.0,0,0.0
1986,Polar,North America,0.646,0.0438,1,0.2312
1986,Polar,Ocean / Unclassified,0.8101,0.0,0,0.0187
1986,Temperate,Africa,0.5696,0.0185,1,0.1556
1986,Temperate,Antarctica,0.638,0.0,0,0.0069
1986,Temperate,Asia,0.3552,0.0018,1,0.0649
1986,Temperate,Australia-Oceania,0.5538,0.0098,1,0.1324
1986,Temperate,Europe,0.3523,0.0,0,0.0862
1986,Temperate,North America,0.4557,0.0152,1,0.0811
1986,Temperate,Ocean / Unclassified,0.6463,0.0045,1,0.0753
1986,Temperate,South America,0.5325,0.0,0,0.0833
1986,Tropical,Africa,0.4554,0.0,0,0.0758
1986,Tropical,Asia,0.5631,0.0,0,0.0305
1986,Tropical,Australia-Oceania,0.5372,0.0,0,0.0288
1986,Tropical,North America,0.6356,0.0,0,0.0521
1986,Tropical,Ocean / Unclassified,0.6756,0.0079,1,0.128
1986,Tropical,South America,0.3612,0.0,0,0.0556
1987,Polar,Antarctica,0.8267,0.0046,1,0.0509
1987,Polar,Asia,0.5587,0.0,0,0.0733
1987,Polar,Europe,0.5509,0.0,0,0.0227
1987,Polar,North America,0.6448,0.0,0,0.0812
1987,Polar,Ocean / Unclassified,0.8194,0.0,0,0.0821
1987,Temperate,Africa,0.5618,0.0037,1,0.0963
1987,Temperate,Antarctica,0.6446,0.0312,1,0.2118
1987,Temperate,Asia,0.3571,0.0088,1,0.1211
1987,Temperate,Australia-Oceania,0.5596,0.0,0,0.2108
1987,Temperate,Europe,0.3507,0.0057,1,0.1322
1987,Temperate,North America,0.4541,0.0034,1,0.125
1987,Temperate,Ocean / Unclassified,0.6435,0.0079,1,0.1112
1987,Temperate,South America,0.523,0.0,0,0.0278
1987,Tropical,Africa,0.4563,0.0091,1,0.097
1987,Tropical,Asia,0.5757,0.0,0,0.0802
1987,Tropical,Australia-Oceania,0.5488,0.0096,1,0.0913
1987,Tropical,North America,0.6408,0.0208,1,0.2396
1987,Tropical,Ocean / Unclassified,0.6721,0.0079,1,0.1024
1987,Tropical,South America,0.3728,0.0056,1,0.2167
1988,Polar,Antarctica,0.8215,0.0012,1,0.037
1988,Polar,Asia,0.5705,0.0129,1,0.2586
1988,Polar,Europe,0.5609,0.0227,1,0.1818
1988,Polar,North America,0.6439,0.0,0,0.1125
1988,Polar,Ocean / Unclassified,0.8191,0.0,0,0.0336
1988,Temperate,Africa,0.5617,0.0,0,0.0481
1988,Temperate,Antarctica,0.6413,0.0,0,0.0451
1988,Temperate,Asia,0.354,0.0263,1,0.1456
1988,Temperate,Australia-Oceania,0.5545,0.0049,1,0.049
1988,Temperate,Europe,0.3394,0.023,1,0.069
1988,Temperate,North America,0.4586,0.0084,1,0.1334
1988,Temperate,Ocean / Unclassified,0.6463,0.0056,1,0.0742
1988,Temperate,South America,0.5263,0.0,0,0.0389
1988,Tropical,Africa,0.4557,0.0,0,0.0788
1988,Tropical,Asia,0.5876,0.0038,1,0.1832
1988,Tropical,Australia-Oceania,0.5494,0.0,0,0.0625
1988,Tropical,North America,0.6745,0.0312,1,0.5312
1988,Tropical,Ocean / Unclassified,0.6626,0.0059,1,0.1457
1988,Tropical,South America,0.3704,0.0278,1,0.2
1989,Polar,Antarctica,0.8292,0.0266,1,0.1285
1989,Polar,Asia,0.5575,0.0,0,0.0129
1989,Polar,Europe,0.5495,0.0,0,0.0682
1989,Polar,North America,0.6345,0.0,0,0.0062
1989,Polar,Ocean / Unclassified,0.8141,0.0,0,0.0
1989,Temperate,Africa,0.568,0.0,0,0.1259
1989,Temperate,Antarctica,0.6393,0.0069,1,0.0694
1989,Temperate,Asia,0.3537,0.0053,2,0.0649
1989,Temperate,Australia-Oceania,0.5534,0.0,0,0.0735
1989,Temperate,Europe,0.3457,0.0,0,0.0517
1989,Temperate,North America,0.4546,0.0034,1,0.0709
1989,Temperate,Ocean / Unclassified,0.6457,0.0056,1,0.0798
1989,Temperate,South America,0.5322,0.0,0,0.1278
1989,Tropical,Africa,0.4564,0.0121,1,0.1
1989,Tropical,Asia,0.5753,0.0038,1,0.0573
1989,Tropical,Australia-Oceania,0.5485,0.0048,1,0.0529
1989,Tropical,North America,0.6487,0.0104,1,0.0312
1989,Tropical,Ocean / Unclassified,0.667,0.0,0,0.0551
1989,Tropical,South America,0.3633,0.0,0,0.1222
1990,Polar,Antarctica,0.8314,0.0,0,0.0405
1990,Polar,Asia,0.5494,0.0,0,0.0043
1990,Polar,Europe,0.541,0.0,0,0.0455
1990,Polar,North America,0.6345,0.0,0,0.0125
1990,Polar,Ocean / Unclassified,0.8142,0.0,0,0.0
1990,Temperate,Africa,0.5687,0.0148,1,0.1296
1990,Temperate,Antarctica,0.6383,0.0,0,0.0174
1990,Temperate,Asia,0.3527,0.0053,1,0.086
1990,Temperate,Australia-Oceania,0.5532,0.0049,1,0.1373
1990,Temperate,Europe,0.3514,0.0115,1,0.1724
1990,Temperate,North America,0.456,0.0017,1,0.0828
1990,Temperate,Ocean / Unclassified,0.6462,0.0067,1,0.0933
1990,Temperate,South America,0.5342,0.0056,1,0.1056
1990,Tropical,Africa,0.4485,0.0,0,0.0303
1990,Tropical,Asia,0.5692,0.0,0,0.0191
1990,Tropical,Australia-Oceania,0.5406,0.0,0,0.0096
1990,Tropical,North America,0.6295,0.0,0,0.0208
1990,Tropical,Ocean / Unclassified,0.6712,0.0,0,0.061
1990,Tropical,South America,0.3665,0.0,0,0.0389
1991,Polar,Antarctica,0.8265,0.0,0,0.0509
1991,Polar,Asia,0.5577,0.0,0,0.0129
1991,Polar,Europe,0.5474,0.0,0,0.0455
1991,Polar,North America,0.6426,0.0281,1,0.125
1991,Polar,Ocean / Unclassified,0.8147,0.0,0,0.0112
1991,Temperate,Africa,0.5638,0.0,0,0.1222
1991,Temperate,Antarctica,0.6367,0.0,0,0.0312
1991,Temperate,Asia,0.3522,0.0018,1,0.0368
1991,Temperate,Australia-Oceania,0.5503,0.0049,1,0.0882
1991,Temperate,Europe,0.343,0.0,0,0.092
1991,Temperate,North America,0.4542,0.0068,1,0.0811
1991,Temperate,Ocean / Unclassified,0.647,0.0135,1,0.1124
1991,Temperate,South America,0.5285,0.0056,1,0.0889
1991,Tropical,Africa,0.455,0.0,0,0.1061
1991,Tropical,Asia,0.5832,0.0038,1,0.2443
1991,Tropical,Australia-Oceania,0.5524,0.0048,1,0.0625
1991,Tropical,North America,0.6395,0.0,0,0.1458
1991,Tropical,Ocean / Unclassified,0.6657,0.002,1,0.1555
1991,Tropical,South America,0.3629,0.0,0,0.1167
1992,Polar,Antarctica,0.8298,0.0058,1,0.0949
1992,Polar,Asia,0.5562,0.0043,1,0.0302
1992,Polar,Europe,0.5498,0.0,0,0.0682
1992,Polar,North America,0.6403,0.0,0,0.0906
1992,Polar,Ocean / Unclassified,0.8148,0.0,0,0.0373
1992,Temperate,Africa,0.559,0.0,0,0.0593
1992,Temperate,Antarctica,0.638,0.0139,1,0.0833
1992,Temperate,Asia,0.3527,0.0,0,0.0842
1992,Temperate,Australia-Oceania,0.5503,0.0,0,0.0637
1992,Temperate,Europe,0.3445,0.0,0,0.046
1992,Temperate,North America,0.4533,0.0,0,0.0608
1992,Temperate,Ocean / Unclassified,0.6451,0.0067,1,0.1056
1992,Temperate,South America,0.5272,0.0,0,0.0889
1992,Tropical,Africa,0.452,0.0182,1,0.1152
1992,Tropical,Asia,0.5743,0.0038,1,0.0763
1992,Tropical,Australia-Oceania,0.5464,0.0,0,0.0962
1992,Tropical,North America,0.6501,0.0208,1,0.1979
1992,Tropical,Ocean / Unclassified,0.6686,0.0039,1,0.0748
1992,Tropical,South America,0.3747,0.0056,1,0.3056
1993,Polar,Antarctica,0.8266,0.0,0,0.0336
1993,Polar,Asia,0.5681,0.0086,1,0.181
1993,Polar,Europe,0.5532,0.0,0,0.0682
1993,Polar,North America,0.6392,0.0,0,0.0312
1993,Polar,Ocean / Unclassified,0.8252,0.0,0,0.1716
1993,Temperate,Africa,0.5647,0.0222,1,0.1704
1993,Temperate,Antarctica,0.6417,0.0243,1,0.1597
1993,Temperate,Asia,0.3544,0.0211,1,0.1158
1993,Temperate,Australia-Oceania,0.5477,0.0,0,0.0441
1993,Temperate,Europe,0.3465,0.0,0,0.0862
1993,Temperate,North America,0.4539,0.0017,1,0.0676
1993,Temperate,Ocean / Unclassified,0.6464,0.0146,1,0.1404
1993,Temperate,South America,0.5284,0.0,0,0.1222
1993,Tropical,Africa,0.4562,0.0121,1,0.1818
1993,Tropical,Asia,0.5732,0.0153,1,0.1412
1993,Tropical,Australia-Oceania,0.549,0.0048,1,0.1923
1993,Tropical,North America,0.6531,0.0104,1,0.1458
1993,Tropical,Ocean / Unclassified,0.6643,0.0177,1,0.1772
1993,Tropical,South America,0.3691,0.0111,1,0.1889
1994,Polar,Antarctica,0.8285,0.0035,1,0.0255
1994,Polar,Asia,0.5515,0.0,0,0.0216
1994,Polar,Europe,0.5452,0.0,0,0.0227
1994,Polar,North America,0.6382,0.0,0,0.0781
1994,Polar,Ocean / Unclassified,0.818,0.0,0,0.1045
1994,Temperate,Africa,0.5631,0.0,0,0.0926
1994,Temperate,Antarctica,0.6384,0.0,0,0.0729
1994,Temperate,Asia,0.3531,0.0018,1,0.0684
1994,Temperate,Australia-Oceania,0.5506,0.0,0,0.0784
1994,Temperate,Europe,0.3516,0.0,0,0.1609
1994,Temperate,North America,0.4571,0.0118,1,0.1301
1994,Temperate,Ocean / Unclassified,0.6465,0.0022,1,0.0753
1994,Temperate,South America,0.5281,0.0,0,0.0389
1994,Tropical,Africa,0.4494,0.0,0,0.0303
1994,Tropical,Asia,0.5769,0.0115,1,0.0534
1994,Tropical,Australia-Oceania,0.5533,0.0,0,0.0385
1994,Tropical,North America,0.6523,0.0312,1,0.2083
1994,Tropical,Ocean / Unclassified,0.6649,0.0,0,0.0531
1994,Tropical,South America,0.3665,0.0,0,0.1667
1995,Polar,Antarctica,0.8287,0.0058,1,0.0428
1995,Polar,Asia,0.5532,0.0,0,0.0043
1995,Polar,Europe,0.5455,0.0,0,0.0682
1995,Polar,North America,0.6364,0.0,0,0.05
1995,Polar,Ocean / Unclassified,0.8067,0.0,0,0.0
1995,Temperate,Africa,0.5652,0.0074,1,0.1148
1995,Temperate,Antarctica,0.6376,0.0,0,0.0104
1995,Temperate,Asia,0.3538,0.0035,1,0.1246
1995,Temperate,Australia-Oceania,0.5428,0.0,0,0.0392
1995,Temperate,Europe,0.3421,0.0,0,0.1092
1995,Temperate,North America,0.4553,0.0068,1,0.1081
1995,Temperate,Ocean / Unclassified,0.6458,0.0011,1,0.0966
1995,Temperate,South America,0.5338,0.0389,1,0.2389
1995,Tropical,Africa,0.4508,0.003,1,0.0455
1995,Tropical,Asia,0.5776,0.0115,1,0.1947
1995,Tropical,Australia-Oceania,0.5451,0.0,0,0.0913
1995,Tropical,North America,0.6445,0.0312,1,0.2188
1995,Tropical,Ocean / Unclassified,0.6654,0.0059,1,0.1673
1995,Tropical,South America,0.3651,0.0,0,0.2167
1996,Polar,Antarctica,0.8261,0.0023,1,0.0567
1996,Polar,Asia,0.5579,0.0,0,0.0345
1996,Polar,Europe,0.5632,0.0682,1,0.2955
1996,Polar,North America,0.6353,0.0031,1,0.025
1996,Polar,Ocean / Unclassified,0.8169,0.0,0,0.0784
1996,Temperate,Africa,0.564,0.0037,1,0.0926
1996,Temperate,Antarctica,0.6389,0.0,0,0.0625
1996,Temperate,Asia,0.3507,0.0088,1,0.0754
1996,Temperate,Australia-Oceania,0.5541,0.0098,1,0.0931
1996,Temperate,Europe,0.3407,0.0057,1,0.0632
1996,Temperate,North America,0.4526,0.0084,1,0.0929
1996,Temperate,Ocean / Unclassified,0.6462,0.0045,1,0.1135
1996,Temperate,South America,0.5274,0.0,0,0.0167
1996,Tropical,Africa,0.4514,0.003,1,0.0394
1996,Tropical,Asia,0.58,0.0,0,0.1069
1996,Tropical,Australia-Oceania,0.552,0.0,0,0.0817
1996,Tropical,North America,0.6393,0.0,0,0.1042
1996,Tropical,Ocean / Unclassified,0.6637,0.0157,1,0.126
1996,Tropical,South America,0.3665,0.0056,1,0.1278
1997,Polar,Antarctica,0.826,0.0,0,0.0428
1997,Polar,Asia,0.5556,0.0,0,0.0129
1997,Polar,Europe,0.5426,0.0,0,0.0227
1997,Polar,North America,0.6288,0.0,0,0.0156
1997,Polar,Ocean / Unclassified,0.8124,0.0,0,0.0075
1997,Temperate,Africa,0.5694,0.0407,1,0.237
1997,Temperate,Antarctica,0.6381,0.0035,1,0.0312
1997,Temperate,Asia,0.3515,0.0211,1,0.1105
1997,Temperate,Australia-Oceania,0.5514,0.0147,1,0.1471
1997,Temperate,Europe,0.3487,0.046,1,0.1494
1997,Temperate,North America,0.4527,0.0068,1,0.0777
1997,Temperate,Ocean / Unclassified,0.6459,0.0112,1,0.0809
1997,Temperate,South America,0.5247,0.0,0,0.0444
1997,Tropical,Africa,0.4562,0.0,0,0.103
1997,Tropical,Asia,0.5728,0.0,0,0.0916
1997,Tropical,Australia-Oceania,0.5483,0.0,0,0.0577
1997,Tropical,North America,0.6526,0.0,0,0.2292
1997,Tropical,Ocean / Unclassified,0.6652,0.002,2,0.1673
1997,Tropical,South America,0.3684,0.0333,1,0.1889
1998,Polar,Antarctica,0.8284,0.0,0,0.0278
1998,Polar,Asia,0.5595,0.0,0,0.1121
1998,Polar,Europe,0.5408,0.0,0,0.0
1998,Polar,North America,0.6383,0.0,0,0.0406
1998,Polar,Ocean / Unclassified,0.8154,0.0,0,0.0299
1998,Temperate,Africa,0.5627,0.0,0,0.0556
1998,Temperate,Antarctica,0.64,0.0,0,0.0486
1998,Temperate,Asia,0.3513,0.0018,1,0.093
1998,Temperate,Australia-Oceania,0.553,0.0098,1,0.1176
1998,Temperate,Europe,0.3475,0.0,0,0.092
1998,Temperate,North America,0.455,0.0051,1,0.0912
1998,Temperate,Ocean / Unclassified,0.6457,0.0,0,0.0764
1998,Temperate,South America,0.5241,0.0,0,0.0389
1998,Tropical,Africa,0.4532,0.0,0,0.0667
1998,Tropical,Asia,0.5823,0.0115,1,0.1641
1998,Tropical,Australia-Oceania,0.5494,0.0048,1,0.0913
1998,Tropical,North America,0.6571,0.0104,1,0.1562
1998,Tropical,Ocean / Unclassified,0.6652,0.0118,1,0.1378
1998,Tropical,South America,0.3674,0.0,0,0.2
1999,Polar,Antarctica,0.8268,0.0,0,0.0336
1999,Polar,Asia,0.5595,0.0043,1,0.1164
1999,Polar,Europe,0.5563,0.0,0,0.0227
1999,Polar,North America,0.6426,0.0,0,0.075
1999,Polar,Ocean / Unclassified,0.8133,0.0,0,0.0037
1999,Temperate,Africa,0.5728,0.0148,1,0.2519
1999,Temperate,Antarctica,0.6368,0.0,0,0.0035
1999,Temperate,Asia,0.3547,0.0123,1,0.1439
1999,Temperate,Australia-Oceania,0.554,0.0147,1,0.1912
1999,Temperate,Europe,0.3513,0.0,0,0.1322
1999,Temperate,North America,0.4526,0.0101,1,0.0878
1999,Temperate,Ocean / Unclassified,0.6463,0.0124,1,0.1303
1999,Temperate,South America,0.5281,0.0,0,0.0444
1999,Tropical,Africa,0.4539,0.0121,1,0.1242
1999,Tropical,Asia,0.5662,0.0115,1,0.0649
1999,Tropical,Australia-Oceania,0.5455,0.0,0,0.0337
1999,Tropical,North America,0.6396,0.0,0,0.1042
1999,Tropical,Ocean / Unclassified,0.6707,0.0,0,0.0925
1999,Tropical,South America,0.3653,0.0,0,0.1056
2000,Polar,Antarctica,0.8233,0.0,0,0.0104
2000,Polar,Asia,0.5569,0.0043,1,0.0259
2000,Polar,Europe,0.5566,0.0,0,0.1364
2000,Polar,North America,0.6425,0.0031,1,0.1281
2000,Polar,Ocean / Unclassified,0.8218,0.0261,1,0.2201
2000,Temperate,Africa,0.5608,0.0,0,0.137
2000,Temperate,Antarctica,0.6371,0.0,0,0.0069
2000,Temperate,Asia,0.3555,0.0035,1,0.0895
2000,Temperate,Australia-Oceania,0.5561,0.0,0,0.1029
2000,Temperate,Europe,0.3427,0.0,0,0.0057
2000,Temperate,North America,0.4498,0.0051,1,0.0743
2000,Temperate,Ocean / Unclassified,0.6447,0.0034,1,0.0831
2000,Temperate,South America,0.5308,0.0056,1,0.0778
2000,Tropical,Africa,0.4527,0.0,0,0.0727
2000,Tropical,Asia,0.5752,0.0,0,0.1031
2000,Tropical,Australia-Oceania,0.5458,0.0,0,0.0288
2000,Tropical,North America,0.6311,0.0,0,0.0208
2000,Tropical,Ocean / Unclassified,0.6714,0.002,1,0.061
2000,Tropical,South America,0.3723,0.0167,1,0.2111
2001,Polar,Antarctica,0.8368,0.0023,1,0.0556
2001,Polar,Asia,0.5717,0.0,0,0.0172
2001,Polar,Europe,0.5302,0.0,0,0.0
2001,Polar,North America,0.6555,0.0,0,0.0
2001,Polar,Ocean / Unclassified,0.8339,0.0,0,0.0075
2001,Temperate,Africa,0.5448,0.0074,1,0.0815
2001,Temperate,Antarctica,0.6548,0.0069,1,0.1458
2001,Temperate,Asia,0.3506,0.0,0,0.0351
2001,Temperate,Australia-Oceania,0.5519,0.0098,1,0.1275
2001,Temperate,Europe,0.3356,0.0,0,0.2069
2001,Temperate,North America,0.4519,0.0,0,0.0372
2001,Temperate,Ocean / Unclassified,0.6464,0.009,1,0.1663
2001,Temperate,South America,0.5177,0.0111,1,0.1667
2001,Tropical,Africa,0.4488,0.0,0,0.1636
2001,Tropical,Asia,0.5846,0.0229,1,0.2748
2001,Tropical,Australia-Oceania,0.5539,0.0,0,0.2212
2001,Tropical,North America,0.6427,0.0208,1,0.1875
2001,Tropical,Ocean / Unclassified,0.6556,0.0433,1,0.3386
2001,Tropical,South America,0.3734,0.0778,2,0.5
2002,Polar,Antarctica,0.8411,0.0023,1,0.0394
2002,Polar,Asia,0.5698,0.0,0,0.0
2002,Polar,Europe,0.5464,0.0,0,0.0
2002,Polar,North America,0.6626,0.0062,1,0.075
2002,Polar,Ocean / Unclassified,0.83,0.0,0,0.0
2002,Temperate,Africa,0.5578,0.0074,1,0.1111
2002,Temperate,Antarctica,0.649,0.0,0,0.0139
2002,Temperate,Asia,0.3513,0.0,0,0.0211
2002,Temperate,Australia-Oceania,0.5483,0.0,0,0.1373
2002,Temperate,Europe,0.3256,0.0,0,0.0345
2002,Temperate,North America,0.4591,0.0068,1,0.1486
2002,Temperate,Ocean / Unclassified,0.6482,0.0135,1,0.1618
2002,Temperate,South America,0.5271,0.0111,1,0.1556
2002,Tropical,Africa,0.4456,0.0,0,0.0485
2002,Tropical,Asia,0.5828,0.0153,2,0.1756
2002,Tropical,Australia-Oceania,0.5511,0.0,0,0.0385
2002,Tropical,North America,0.646,0.0,0,0.2917
2002,Tropical,Ocean / Unclassified,0.6659,0.0118,1,0.1969
2002,Tropical,South America,0.3659,0.0222,1,0.2667
2003,Polar,Antarctica,0.8442,0.0,0,0.1065
2003,Polar,Asia,0.58,0.0,0,0.0517
2003,Polar,Europe,0.5435,0.0,0,0.0
2003,Polar,North America,0.6583,0.0,0,0.0438
2003,Polar,Ocean / Unclassified,0.8345,0.0,0,0.0299
2003,Temperate,Africa,0.5723,0.0296,1,0.3333
2003,Temperate,Antarctica,0.6432,0.0,0,0.0069
2003,Temperate,Asia,0.355,0.0105,1,0.0947
2003,Temperate,Australia-Oceania,0.5368,0.0098,1,0.049
2003,Temperate,Europe,0.3359,0.0345,1,0.1379
2003,Temperate,North America,0.4597,0.0135,1,0.152
2003,Temperate,Ocean / Unclassified,0.6467,0.0157,1,0.1708
2003,Temperate,South America,0.5382,0.0111,1,0.2111
2003,Tropical,Africa,0.4486,0.0,0,0.0788
2003,Tropical,Asia,0.5506,0.0,0,0.0534
2003,Tropical,Australia-Oceania,0.5367,0.0096,1,0.1635
2003,Tropical,North America,0.6125,0.0,0,0.0
2003,Tropical,Ocean / Unclassified,0.6676,0.0,0,0.122
2003,Tropical,South America,0.3617,0.0,0,0.1444
2004,Polar,Antarctica,0.835,0.0,0,0.0417
2004,Polar,Asia,0.5681,0.0,0,0.0
2004,Polar,Europe,0.5496,0.0,0,0.1364
2004,Polar,North America,0.6583,0.0,0,0.025
2004,Polar,Ocean / Unclassified,0.8231,0.0,0,0.0
2004,Temperate,Africa,0.5675,0.0074,1,0.2519
2004,Temperate,Antarctica,0.6486,0.0,0,0.0347
2004,Temperate,Asia,0.3555,0.0035,1,0.0667
2004,Temperate,Australia-Oceania,0.5472,0.0098,1,0.0686
2004,Temperate,Europe,0.3399,0.0,0,0.1264
2004,Temperate,North America,0.4575,0.0135,1,0.1318
2004,Temperate,Ocean / Unclassified,0.6464,0.0067,1,0.1438
2004,Temperate,South America,0.5403,0.0444,1,0.1889
2004,Tropical,Africa,0.4539,0.0061,1,0.1212
2004,Tropical,Asia,0.5501,0.0,0,0.0534
2004,Tropical,Australia-Oceania,0.535,0.0,0,0.0288
2004,Tropical,North America,0.6072,0.0,0,0.0625
2004,Tropical,Ocean / Unclassified,0.6709,0.0,0,0.1063
2004,Tropical,South America,0.3549,0.0,0,0.0667
2005,Polar,Antarctica,0.841,0.0,0,0.044
2005,Polar,Asia,0.5694,0.0,0,0.0
2005,Polar,Europe,0.5359,0.0,0,0.0
2005,Polar,North America,0.6655,0.0,0,0.1812
2005,Polar,Ocean / Unclassified,0.8219,0.0,0,0.0
2005,Temperate,Africa,0.5509,0.0,0,0.0815
2005,Temperate,Antarctica,0.6551,0.0139,1,0.2153
2005,Temperate,Asia,0.3579,0.0035,1,0.1228
2005,Temperate,Australia-Oceania,0.5545,0.0196,1,0.1667
2005,Temperate,Europe,0.3401,0.069,1,0.2874
2005,Temperate,North America,0.4502,0.0,0,0.0372
2005,Temperate,Ocean / Unclassified,0.643,0.0022,1,0.0697
2005,Temperate,South America,0.5284,0.0,0,0.0778
2005,Tropical,Africa,0.4441,0.0,0,0.0545
2005,Tropical,Asia,0.5722,0.0,0,0.1221
2005,Tropical,Australia-Oceania,0.5475,0.0096,1,0.0769
2005,Tropical,North America,0.6089,0.0,0,0.0208
2005,Tropical,Ocean / Unclassified,0.6711,0.0,0,0.0787
2005,Tropical,South America,0.3653,0.0,0,0.2222
2006,Polar,Antarctica,0.8378,0.0,0,0.0833
2006,Polar,Asia,0.5751,0.0,0,0.1293
2006,Polar,Europe,0.5491,0.0,0,0.0909
2006,Polar,North America,0.659,0.0,0,0.0062
2006,Polar,Ocean / Unclassified,0.8265,0.0,0,0.0
2006,Temperate,Africa,0.5492,0.0074,1,0.1185
2006,Temperate,Antarctica,0.6533,0.0,0,0.0903
2006,Temperate,Asia,0.3532,0.0,0,0.0772
2006,Temperate,Australia-Oceania,0.556,0.0196,1,0.1471
2006,Temperate,Europe,0.3206,0.0115,1,0.0345
2006,Temperate,North America,0.4598,0.0203,1,0.1622
2006,Temperate,Ocean / Unclassified,0.6434,0.0022,1,0.0584
2006,Temperate,South America,0.5264,0.0,0,0.1111
2006,Tropical,Africa,0.4505,0.0303,1,0.1636
2006,Tropical,Asia,0.5774,0.0,0,0.1374
2006,Tropical,Australia-Oceania,0.5576,0.0288,2,0.2212
2006,Tropical,North America,0.6453,0.0208,1,0.1875
2006,Tropical,Ocean / Unclassified,0.6645,0.0354,1,0.252
2006,Tropical,South America,0.3641,0.0333,1,0.2333
2007,Polar,Antarctica,0.8374,0.0023,1,0.0556
2007,Polar,Asia,0.5831,0.0,0,0.1293
2007,Polar,Europe,0.5553,0.0,0,0.1818
2007,Polar,North America,0.66,0.0,0,0.0125
2007,Polar,Ocean / Unclassified,0.8332,0.0,0,0.0299
2007,Temperate,Africa,0.553,0.0,0,0.0667
2007,Temperate,Antarctica,0.6498,0.0,0,0.0069
2007,Temperate,Asia,0.3488,0.0,0,0.0456
2007,Temperate,Australia-Oceania,0.5555,0.0,0,0.1373
2007,Temperate,Europe,0.3277,0.0,0,0.0
2007,Temperate,North America,0.4541,0.0,0,0.0169
2007,Temperate,Ocean / Unclassified,0.6452,0.0022,1,0.0674
2007,Temperate,South America,0.5247,0.0,0,0.0111
2007,Tropical,Africa,0.4449,0.0,0,0.0485
2007,Tropical,Asia,0.574,0.0,0,0.0458
2007,Tropical,Australia-Oceania,0.549,0.0,0,0.0577
2007,Tropical,North America,0.6286,0.0,0,0.0
2007,Tropical,Ocean / Unclassified,0.6699,0.0039,1,0.1102
2007,Tropical,South America,0.3599,0.0,0,0.0222
2008,Polar,Antarctica,0.8367,0.0,0,0.0301
2008,Polar,Asia,0.5788,0.0,0,0.0
2008,Polar,Europe,0.5576,0.0,0,0.0909
2008,Polar,North America,0.667,0.0062,1,0.125
2008,Polar,Ocean / Unclassified,0.8327,0.0,0,0.0
2008,Temperate,Africa,0.5604,0.0222,1,0.1778
2008,Temperate,Antarctica,0.6572,0.0069,1,0.2431
2008,Temperate,Asia,0.3522,0.0,0,0.0421
2008,Temperate,Australia-Oceania,0.5513,0.0,0,0.0588
2008,Temperate,Europe,0.3253,0.0,0,0.0575
2008,Temperate,North America,0.4556,0.0,0,0.0845
2008,Temperate,Ocean / Unclassified,0.6443,0.0,0,0.0427
2008,Temperate,South America,0.5321,0.0,0,0.0333
2008,Tropical,Africa,0.453,0.0,0,0.0667
2008,Tropical,Asia,0.5675,0.0,0,0.0153
2008,Tropical,Australia-Oceania,0.5475,0.0,0,0.1346
2008,Tropical,North America,0.6391,0.0,0,0.125
2008,Tropical,Ocean / Unclassified,0.6657,0.0,0,0.0748
2008,Tropical,South America,0.3656,0.0111,1,0.1111
2009,Polar,Antarctica,0.8376,0.0116,1,0.0602
2009,Polar,Asia,0.5912,0.0172,1,0.3362
2009,Polar,Europe,0.5535,0.0,0,0.0455
2009,Polar,North America,0.665,0.0062,1,0.1062
2009,Polar,Ocean / Unclassified,0.8337,0.0,0,0.0149
2009,Temperate,Africa,0.5504,0.0,0,0.0296
2009,Temperate,Antarctica,0.6545,0.0,0,0.1806
2009,Temperate,Asia,0.3548,0.0035,1,0.0912
2009,Temperate,Australia-Oceania,0.5571,0.0294,1,0.1765
2009,Temperate,Europe,0.3325,0.0,0,0.0575
2009,Temperate,North America,0.4533,0.0,0,0.0608
2009,Temperate,Ocean / Unclassified,0.6437,0.0,0,0.0472
2009,Temperate,South America,0.5252,0.0,0,0.0222
2009,Tropical,Africa,0.447,0.0,0,0.0788
2009,Tropical,Asia,0.5837,0.0076,1,0.229
2009,Tropical,Australia-Oceania,0.5607,0.0577,1,0.3365
2009,Tropical,North America,0.6281,0.0,0,0.0208
2009,Tropical,Ocean / Unclassified,0.6627,0.0197,1,0.2323
2009,Tropical,South America,0.3731,0.0111,1,0.3778
2010,Polar,Antarctica,0.8421,0.0116,1,0.0787
2010,Polar,Asia,0.5754,0.0,0,0.0
2010,Polar,Europe,0.5495,0.0,0,0.0
2010,Polar,North America,0.6452,0.0,0,0.0
2010,Polar,Ocean / Unclassified,0.8178,0.0,0,0.0
2010,Temperate,Africa,0.5462,0.0,0,0.0963
2010,Temperate,Antarctica,0.6456,0.0,0,0.0
2010,Temperate,Asia,0.3454,0.0,0,0.014
2010,Temperate,Australia-Oceania,0.5409,0.0,0,0.0588
2010,Temperate,Europe,0.3306,0.0115,1,0.092
2010,Temperate,North America,0.4573,0.0135,1,0.098
2010,Temperate,Ocean / Unclassified,0.6475,0.0045,1,0.1258
2010,Temperate,South America,0.5234,0.0,0,0.0556
2010,Tropical,Africa,0.4576,0.0242,1,0.2121
2010,Tropical,Asia,0.5773,0.0,0,0.0611
2010,Tropical,Australia-Oceania,0.5491,0.0,0,0.0385
2010,Tropical,North America,0.6442,0.0,0,0.125
2010,Tropical,Ocean / Unclassified,0.6571,0.0,0,0.1142
2010,Tropical,South America,0.351,0.0,0,0.0333
2011,Polar,Antarctica,0.839,0.0,0,0.0278
2011,Polar,Asia,0.5825,0.0,0,0.0431
2011,Polar,Europe,0.556,0.0,0,0.1364
2011,Polar,North America,0.6608,0.0,0,0.075
2011,Polar,Ocean / Unclassified,0.8338,0.0,0,0.0299
2011,Temperate,Africa,0.5681,0.0148,1,0.2148
2011,Temperate,Antarctica,0.6473,0.0,0,0.0069
2011,Temperate,Asia,0.3523,0.0,0,0.0421
2011,Temperate,Australia-Oceania,0.5395,0.0,0,0.0784
2011,Temperate,Europe,0.342,0.0115,1,0.2299
2011,Temperate,North America,0.4557,0.0068,1,0.0845
2011,Temperate,Ocean / Unclassified,0.6462,0.0,0,0.0876
2011,Temperate,South America,0.5405,0.0222,1,0.2556
2011,Tropical,Africa,0.4511,0.0,0,0.1333
2011,Tropical,Asia,0.5531,0.0,0,0.0
2011,Tropical,Australia-Oceania,0.5437,0.0,0,0.0
2011,Tropical,North America,0.6306,0.0,0,0.0833
2011,Tropical,Ocean / Unclassified,0.6651,0.0,0,0.0433
2011,Tropical,South America,0.3621,0.0,0,0.1
2012,Polar,Antarctica,0.8423,0.0,0,0.044
2012,Polar,Asia,0.5734,0.0,0,0.0086
2012,Polar,Europe,0.541,0.0,0,0.0
2012,Polar,North America,0.6626,0.0125,1,0.0688
2012,Polar,Ocean / Unclassified,0.8262,0.0,0,0.0
2012,Temperate,Africa,0.5603,0.037,1,0.1481
2012,Temperate,Antarctica,0.6483,0.0,0,0.0139
2012,Temperate,Asia,0.3519,0.0,0,0.0421
2012,Temperate,Australia-Oceania,0.5366,0.0,0,0.0
2012,Temperate,Europe,0.3364,0.0,0,0.1494
2012,Temperate,North America,0.4518,0.0068,1,0.1115
2012,Temperate,Ocean / Unclassified,0.6473,0.0202,1,0.1663
2012,Temperate,South America,0.535,0.0,0,0.1
2012,Tropical,Africa,0.4442,0.0,0,0.0606
2012,Tropical,Asia,0.5592,0.0076,1,0.0763
2012,Tropical,Australia-Oceania,0.5417,0.0,0,0.0288
2012,Tropical,North America,0.6121,0.0,0,0.0
2012,Tropical,Ocean / Unclassified,0.6698,0.0,0,0.0512
2012,Tropical,South America,0.3598,0.0,0,0.0667
2013,Polar,Antarctica,0.843,0.0,0,0.0579
2013,Polar,Asia,0.572,0.0,0,0.0086
2013,Polar,Europe,0.547,0.0,0,0.0
2013,Polar,North America,0.6614,0.0,0,0.0375
2013,Polar,Ocean / Unclassified,0.8272,0.0,0,0.0
2013,Temperate,Africa,0.5519,0.0,0,0.0741
2013,Temperate,Antarctica,0.6505,0.0,0,0.0278
2013,Temperate,Asia,0.3488,0.0,0,0.0421
2013,Temperate,Australia-Oceania,0.554,0.0,0,0.1078
2013,Temperate,Europe,0.3296,0.0,0,0.0575
2013,Temperate,North America,0.4506,0.0169,1,0.1351
2013,Temperate,Ocean / Unclassified,0.6436,0.0022,1,0.0629
2013,Temperate,South America,0.5243,0.0,0,0.0444
2013,Tropical,Africa,0.4518,0.0,0,0.0727
2013,Tropical,Asia,0.5792,0.0,0,0.1908
2013,Tropical,Australia-Oceania,0.546,0.0,0,0.0769
2013,Tropical,North America,0.6179,0.0,0,0.1042
2013,Tropical,Ocean / Unclassified,0.6677,0.0079,1,0.1102
2013,Tropical,South America,0.3702,0.0,0,0.2889
2014,Polar,Antarctica,0.8406,0.0,0,0.0093
2014,Polar,Asia,0.5671,0.0,0,0.0
2014,Polar,Europe,0.5282,0.0,0,0.0
2014,Polar,North America,0.6595,0.0,0,0.0562
2014,Polar,Ocean / Unclassified,0.8252,0.0,0,0.0
2014,Temperate,Africa,0.5392,0.0,0,0.0667
2014,Temperate,Antarctica,0.6492,0.0,0,0.0278
2014,Temperate,Asia,0.3464,0.0035,1,0.0526
2014,Temperate,Australia-Oceania,0.5491,0.0,0,0.0588
2014,Temperate,Europe,0.3312,0.023,1,0.0805
2014,Temperate,North America,0.4595,0.0405,1,0.1892
2014,Temperate,Ocean / Unclassified,0.6477,0.0,0,0.1169
2014,Temperate,South America,0.5227,0.0,0,0.0556
2014,Tropical,Africa,0.4425,0.0121,1,0.1515
2014,Tropical,Asia,0.5954,0.0916,1,0.4962
2014,Tropical,Australia-Oceania,0.5488,0.0096,1,0.1827
2014,Tropical,North America,0.6644,0.1042,1,0.5833
2014,Tropical,Ocean / Unclassified,0.6528,0.0,0,0.1102
2014,Tropical,South America,0.3576,0.0,0,0.0556
