country_code,year,event,experiment,intensity_mean,intensity_max,intensity_min,n_grid_points
AE,1850,heat,historical,0.18453920441666669,0.50710076,0.0,12
AE,1851,heat,historical,0.21317178833333336,0.5825852,0.0,12
AE,1852,heat,historical,0.218365975,0.6212305,0.0,12
AE,1853,heat,historical,0.2036600275,0.54186535,0.0,12
AE,1854,heat,historical,0.20602517866666667,0.57076126,0.0,12
AE,1855,heat,historical,0.17345779000000003,0.52840614,0.0,12
AE,1856,heat,historical,0.1944510555,0.6500821,0.0,12
AE,1857,heat,historical,0.20770761824999998,0.58609784,0.0,12
AE,1858,heat,historical,0.21815657583333334,0.5852271,0.0,12
AE,1859,heat,historical,0.20060059516666665,0.63363516,0.0,12
AE,1860,heat,historical,0.17717334533333332,0.5855967,0.0,12
AE,1861,heat,historical,0.19468535833333334,0.5913558,0.0,12
AE,1862,heat,historical,0.23755820166666666,0.6397448,0.0,12
AE,1863,heat,historical,0.21760639166666665,0.62019706,0.0,12
AE,1864,heat,historical,0.18962477691666668,0.56181306,0.0,12
AE,1865,heat,historical,0.18802019216666666,0.55996716,0.0,12
AE,1866,heat,historical,0.18632759844166666,0.6126075,0.0,12
AE,1867,heat,historical,0.174138345,0.57622725,0.0,12
AE,1868,heat,historical,0.20592718916666666,0.58972156,0.0,12
AE,1869,heat,historical,0.1873839863333333,0.51340246,0.0,12
AE,1870,heat,historical,0.18514792333333333,0.6025887,0.0,12
AE,1871,heat,historical,0.19323671083333335,0.5704758,0.0,12
AE,1872,heat,historical,0.21740753916666666,0.6416088,0.0,12
AE,1873,heat,historical,0.19172714300000002,0.584142,0.0,12
AE,1874,heat,historical,0.19533598083333334,0.5148106,0.0,12
AE,1875,heat,historical,0.18707930166666667,0.56776994,0.0,12
AE,1876,heat,historical,0.216017899,0.6621667,0.0,12
AE,1877,heat,historical,0.19827806116666666,0.5841776,0.0,12
AE,1878,heat,historical,0.18866715916666665,0.50871956,0.0,12
AE,1879,heat,historical,0.17957502416666668,0.5402347,0.0,12
AE,1880,heat,historical,0.21651628666666667,0.65047747,0.0,12
AE,1881,heat,historical,0.21380579616666665,0.66972375,0.0,12
AE,1882,heat,historical,0.19210930208333332,0.5376351,0.0,12
AE,1883,heat,historical,0.19871524100000001,0.5750798,0.0,12
AE,1884,heat,historical,0.15654661466666667,0.49682438,0.0,12
AE,1885,heat,historical,0.15604982366666667,0.5529934,0.0,12
AE,1886,heat,historical,0.2208992333333333,0.6890149,0.0,12
AE,1887,heat,historical,0.19493515250000001,0.5899956,0.0,12
AE,1888,heat,historical,0.19401215949999998,0.5403152,0.0,12
AE,1889,heat,historical,0.17961183916666668,0.4869625,0.0,12
AE,1890,heat,historical,0.20827280491666667,0.68343896,0.0,12
AE,1891,heat,historical,0.21660885166666666,0.644819,0.0,12
AE,1892,heat,historical,0.20435727599999998,0.55032885,0.0,12
AE,1893,heat,historical,0.221049885,0.6077564,0.0,12
AE,1894,heat,historical,0.21328040039166665,0.5907183,0.0,12
AE,1895,heat,historical,0.20603235500000003,0.636771,0.0,12
AE,1896,heat,historical,0.191211515,0.60567033,0.0,12
AE,1897,heat,historical,0.22090517375,0.6139166,0.0,12
AE,1898,heat,historical,0.1976681918333333,0.58952236,0.0,12
AE,1899,heat,historical,0.19717234083333335,0.592747,0.0,12
AE,1900,heat,historical,0.19242619741666667,0.63731146,0.0,12
AE,1901,heat,historical,0.1869299875,0.60653704,0.0,12
AE,1902,heat,historical,0.19203660583333335,0.55548656,0.0,12
AE,1903,heat,historical,0.18277593025000002,0.5559176,0.0,12
AE,1904,heat,historical,0.1741482,0.5516229,0.0,12
AE,1905,heat,historical,0.20243100875,0.59419644,0.0,12
AE,1906,heat,historical,0.19816136866666667,0.5555145,0.0,12
AE,1907,heat,historical,0.18960985583333334,0.5309876,0.0,12
AE,1908,heat,historical,0.205636916,0.6599899,0.0,12
AE,1909,heat,historical,0.21504091604166667,0.6563951,0.0,12
AE,1910,heat,historical,0.17594381666666667,0.50328195,0.0,12
AE,1911,heat,historical,0.20218758333333334,0.5876578,0.0,12
AE,1912,heat,historical,0.18147147166666666,0.55995584,0.0,12
AE,1913,heat,historical,0.19435641666666667,0.5443704,0.0,12
AE,1914,heat,historical,0.20451019083333333,0.619494,0.0,12
AE,1915,heat,historical,0.1870610275,0.5985036,0.0,12
AE,1916,heat,historical,0.21779944583333333,0.5781986,0.0,12
AE,1917,heat,historical,0.20468041283333335,0.5663401,0.0,12
AE,1918,heat,historical,0.19424023,0.61116785,0.0,12
AE,1919,heat,historical,0.1983161813333333,0.68506086,0.0,12
AE,1920,heat,historical,0.19936310083333333,0.54251415,0.0,12
AE,1921,heat,historical,0.19130176583333333,0.5307104,0.0,12
AE,1922,heat,historical,0.20442462875,0.5793961,0.0,12
AE,1923,heat,historical,0.2279866925,0.67184633,0.0,12
AE,1924,heat,historical,0.20233577083333332,0.6325692,0.0,12
AE,1925,heat,historical,0.21506431808333334,0.56651556,0.0,12
AE,1926,heat,historical,0.22066076050000002,0.6382773,0.0,12
AE,1927,heat,historical,0.21938945531666668,0.69210327,0.0,12
AE,1928,heat,historical,0.20433662083333334,0.55114233,0.0,12
AE,1929,heat,historical,0.17101236116666665,0.53824675,0.0,12
AE,1930,heat,historical,0.20169452666666668,0.5970081,0.0,12
AE,1931,heat,historical,0.21793185583333333,0.62585974,0.0,12
AE,1932,heat,historical,0.194248964,0.61711335,0.0,12
AE,1933,heat,historical,0.22376040416666668,0.5726495,0.0,12
AE,1934,heat,historical,0.21529794208333333,0.62871325,0.0,12
AE,1935,heat,historical,0.18960795691666665,0.5867008,0.0,12
AE,1936,heat,historical,0.21432977366666664,0.61965764,0.0,12
AE,1937,heat,historical,0.17116085725,0.49703395,0.0,12
AE,1938,heat,historical,0.193555583,0.573431,0.0,12
AE,1939,heat,historical,0.23285077525,0.63030565,0.0,12
AE,1940,heat,historical,0.20318293666666665,0.5823674,0.0,12
AE,1941,heat,historical,0.19341875333333336,0.56804144,0.0,12
AE,1942,heat,historical,0.17873040533333331,0.5773454,0.0,12
AE,1943,heat,historical,0.19335703235833332,0.5120578,0.0,12
AE,1944,heat,historical,0.19653028166666667,0.58247834,0.0,12
AE,1945,heat,historical,0.1607359525,0.52597225,0.0,12
AE,1946,heat,historical,0.20364467249999998,0.6044037,0.0,12
AE,1947,heat,historical,0.22177645025,0.59204906,0.0,12
AE,1948,heat,historical,0.1975414495,0.5997914,0.0,12
AE,1949,heat,historical,0.21126844,0.5828495,0.0,12
AE,1950,heat,historical,0.20166364666666667,0.6458823,0.0,12
AE,1951,heat,historical,0.1949202725,0.61986,0.0,12
AE,1952,heat,historical,0.20309796883333334,0.5732901,0.0,12
AE,1953,heat,historical,0.19783251083333334,0.6191131,0.0,12
AE,1954,heat,historical,0.20986243083333334,0.6353164,0.0,12
AE,1955,heat,historical,0.21965457216666665,0.64577085,0.0,12
AE,1956,heat,historical,0.23173688375,0.7009245,0.0,12
AE,1957,heat,historical,0.19854377033333334,0.5745248,0.0,12
AE,1958,heat,historical,0.23014817166666668,0.62076956,0.0,12
AE,1959,heat,historical,0.196524815,0.6185819,0.0,12
AE,1960,heat,historical,0.20589195016666664,0.5970659,0.0,12
AE,1961,heat,historical,0.22335506424999998,0.6639465,0.0,12
AE,1962,heat,historical,0.19013073583333331,0.5468889,0.0,12
AE,1963,heat,historical,0.19162984166666666,0.50839585,0.0,12
AE,1964,heat,historical,0.19840065941666665,0.6780566,0.0,12
AE,1965,heat,historical,0.21632803858333335,0.6094938,0.0,12
AE,1966,heat,historical,0.19124170875000002,0.49327865,0.0,12
AE,1967,heat,historical,0.20577705391666667,0.5627974,0.0,12
AE,1968,heat,historical,0.2111090725,0.5975341,0.0,12
AE,1969,heat,historical,0.2450258316666667,0.6361624,0.0,12
AE,1970,heat,historical,0.20570891666666669,0.5873935,0.0,12
AE,1971,heat,historical,0.20204559666666666,0.5291412,0.0,12
AE,1972,heat,historical,0.17638697441666665,0.6433246,0.0,12
AE,1973,heat,historical,0.20011038,0.59434927,0.0,12
AE,1974,heat,historical,0.2041688625,0.5529702,0.0,12
AE,1975,heat,historical,0.20426440199999998,0.58017254,0.0,12
AE,1976,heat,historical,0.20099083666666664,0.5987152,0.0,12
AE,1977,heat,historical,0.20848376333333332,0.58259606,0.0,12
AE,1978,heat,historical,0.19665803333333334,0.5836723,0.0,12
AE,1979,heat,historical,0.19226816675,0.62883353,0.0,12
AE,1980,heat,historical,0.22585675308333333,0.71838886,0.0,12
AE,1981,heat,historical,0.21521530833333333,0.6117496,0.0,12
AE,1982,heat,historical,0.22066612900000002,0.6740195,0.0,12
AE,1983,heat,historical,0.16739390160833334,0.5703112,0.0,12
AE,1984,heat,historical,0.20412196666666668,0.654735,0.0,12
AE,1985,heat,historical,0.19735227683333334,0.5801054,0.0,12
AE,1986,heat,historical,0.21119605175,0.61266017,0.0,12
AE,1987,heat,historical,0.20244150583333334,0.5425627,0.0,12
AE,1988,heat,historical,0.24501560033333333,0.7037548,0.0,12
AE,1989,heat,historical,0.23581733916666667,0.5834911,0.0,12
AE,1990,heat,historical,0.22541570166666666,0.5989748,0.0,12
AE,1991,heat,historical,0.1975338008333333,0.59205115,0.0,12
AE,1992,heat,historical,0.180815175,0.5162921,0.0,12
AE,1993,heat,historical,0.20288628916666665,0.5194016,0.0,12
AE,1994,heat,historical,0.24772904725,0.70945764,0.0,12
AE,1995,heat,historical,0.21801444250000002,0.58652943,0.0,12
AE,1996,heat,historical,0.2120115925,0.6552554,0.0,12
AE,1997,heat,historical,0.23646270775,0.6817345,0.0,12
AE,1998,heat,historical,0.26273585633333335,0.6956129,0.0,12
AE,1999,heat,historical,0.20133977308333337,0.5805968,0.0,12
AE,2000,heat,historical,0.2173504885833333,0.6438351,0.0,12
AE,2001,heat,historical,0.236172090425,0.6783901,0.0,12
AE,2002,heat,historical,0.272626075,0.67478555,0.0,12
AE,2003,heat,historical,0.23240585749999998,0.65955985,0.0,12
AE,2004,heat,historical,0.22201102916666668,0.62166464,0.0,12
AE,2005,heat,historical,0.24149615766666668,0.59464866,0.0,12
AE,2006,heat,historical,0.2582913941666667,0.76234996,0.0,12
AE,2007,heat,historical,0.23841582175,0.6959789,0.0,12
AE,2008,heat,historical,0.26186412583333335,0.7399982,0.0,12
AE,2009,heat,historical,0.26622295833333337,0.7466236,0.0,12
AE,2010,heat,historical,0.24728655475000003,0.7395032,0.0,12
AE,2011,heat,historical,0.27274901333333335,0.68944645,0.0,12
AE,2012,heat,historical,0.23754108166666665,0.6710994,0.0,12
AE,2013,heat,historical,0.22627322758333332,0.6788216,0.0,12
AE,2014,heat,historical,0.23310671775,0.77371544,0.0,12
AF,1850,heat,historical,0.006689760666666667,0.11899074,0.0,36
AF,1851,heat,historical,0.015683835222222223,0.1996015,0.0,36
AF,1852,heat,historical,0.01233256736111111,0.21885602,0.0,36
AF,1853,heat,historical,0.010859424027777778,0.1713931,0.0,36
AF,1854,heat,historical,0.00995832338888889,0.22190104,0.0,36
AF,1855,heat,historical,0.006845020097222222,0.13127975,0.0,36
AF,1856,heat,historical,0.008442350277777778,0.13105881,0.0,36
AF,1857,heat,historical,0.010504326277777778,0.21123907,0.0,36
AF,1858,heat,historical,0.014326908,0.2531204,0.0,36
AF,1859,heat,historical,0.011950870958333333,0.17271714,0.0,36
AF,1860,heat,historical,0.004774455194444444,0.11193696,0.0,36
AF,1861,heat,historical,0.006543147583333333,0.13847135,0.0,36
AF,1862,heat,historical,0.018535098880555555,0.19921383,0.0,36
AF,1863,heat,historical,0.02388935321111111,0.38751483,0.0,36
AF,1864,heat,historical,0.01180698236111111,0.17454447,0.0,36
AF,1865,heat,historical,0.008409844559444445,0.15541434,0.0,36
AF,1866,heat,historical,0.009131209527777778,0.11997305,0.0,36
AF,1867,heat,historical,0.008649128875000002,0.17088827,0.0,36
AF,1868,heat,historical,0.00937240111111111,0.124162994,0.0,36
AF,1869,heat,historical,0.009934420119444445,0.17520466,0.0,36
AF,1870,heat,historical,0.009492186625000001,0.1673446,0.0,36
AF,1871,heat,historical,0.007814760083333334,0.12973581,0.0,36
AF,1872,heat,historical,0.020317384333333334,0.24750215,0.0,36
AF,1873,heat,historical,0.01224340885,0.2443518,0.0,36
AF,1874,heat,historical,0.009866885333333334,0.17912,0.0,36
AF,1875,heat,historical,0.01056873591,0.14759713,0.0,36
AF,1876,heat,historical,0.010028454055555556,0.13085699,0.0,36
AF,1877,heat,historical,0.009554344686111112,0.13543975,0.0,36
AF,1878,heat,historical,0.007860472222222222,0.11487359,0.0,36
AF,1879,heat,historical,0.007613315927777777,0.16242632,0.0,36
AF,1880,heat,historical,0.010376095175555556,0.22629951,0.0,36
AF,1881,heat,historical,0.011793073416666668,0.18906237,0.0,36
AF,1882,heat,historical,0.012617591720833333,0.22386153,0.0,36
AF,1883,heat,historical,0.0057447545972222226,0.10380589,0.0,36
AF,1884,heat,historical,0.0034714407138888895,0.122340314,0.0,36
AF,1885,heat,historical,0.006715799677777777,0.16189566,0.0,36
AF,1886,heat,historical,0.010007461811111111,0.22284928,0.0,36
AF,1887,heat,historical,0.012029145944444444,0.12745476,0.0,36
AF,1888,heat,historical,0.006074630444444445,0.13255319,0.0,36
AF,1889,heat,historical,0.008209691222222223,0.14463057,0.0,36
AF,1890,heat,historical,0.011435294138888889,0.23308796,0.0,36
AF,1891,heat,historical,0.011183665,0.23573862,0.0,36
AF,1892,heat,historical,0.008496808916666666,0.10705326,0.0,36
AF,1893,heat,historical,0.016106109527777777,0.21928291,0.0,36
AF,1894,heat,historical,0.007960785096388888,0.090703875,0.0,36
AF,1895,heat,historical,0.01430934186111111,0.1722954,0.0,36
AF,1896,heat,historical,0.0066058213888888885,0.15567398,0.0,36
AF,1897,heat,historical,0.013659254627777777,0.17777893,0.0,36
AF,1898,heat,historical,0.00735784283611111,0.13143459,0.0,36
AF,1899,heat,historical,0.013344577777777776,0.16727337,0.0,36
AF,1900,heat,historical,0.01016733875,0.15798396,0.0,36
AF,1901,heat,historical,0.0063210696666666675,0.18001352,0.0,36
AF,1902,heat,historical,0.006331221472222222,0.13785449,0.0,36
AF,1903,heat,historical,0.005932505722222222,0.12828532,0.0,36
AF,1904,heat,historical,0.005188183777777778,0.08781681,0.0,36
AF,1905,heat,historical,0.011650776361111111,0.22694269,0.0,36
AF,1906,heat,historical,0.008490055416666666,0.1250751,0.0,36
AF,1907,heat,historical,0.0068488199102777775,0.10859668,0.0,36
AF,1908,heat,historical,0.009340053055555554,0.18953419,0.0,36
AF,1909,heat,historical,0.00736577286111111,0.14828934,0.0,36
AF,1910,heat,historical,0.009140960158333333,0.18392317,0.0,36
AF,1911,heat,historical,0.006302673388888888,0.1318837,0.0,36
AF,1912,heat,historical,0.00874884011111111,0.19135842,0.0,36
AF,1913,heat,historical,0.01260488736111111,0.18341058,0.0,36
AF,1914,heat,historical,0.011818754555555555,0.22553813,0.0,36
AF,1915,heat,historical,0.005615319194444445,0.081882656,0.0,36
AF,1916,heat,historical,0.012666544277777778,0.16646554,0.0,36
AF,1917,heat,historical,0.004819851583333333,0.07863374,0.0,36
AF,1918,heat,historical,0.012112095,0.19750161,0.0,36
AF,1919,heat,historical,0.013537390202222223,0.21479046,0.0,36
AF,1920,heat,historical,0.012517263722222222,0.16840744,0.0,36
AF,1921,heat,historical,0.007389302415277779,0.11838731,0.0,36
AF,1922,heat,historical,0.010118457499999999,0.17934608,0.0,36
AF,1923,heat,historical,0.012627886519444444,0.20509326,0.0,36
AF,1924,heat,historical,0.012870826895833333,0.23724228,0.0,36
AF,1925,heat,historical,0.0086435365,0.15867823,0.0,36
AF,1926,heat,historical,0.004190526227777778,0.079937644,0.0,36
AF,1927,heat,historical,0.019862675741666665,0.3028881,0.0,36
AF,1928,heat,historical,0.01671029897222222,0.24610223,0.0,36
AF,1929,heat,historical,0.010560849833333334,0.19641092,0.0,36
AF,1930,heat,historical,0.008237651127777778,0.13919866,0.0,36
AF,1931,heat,historical,0.013339616311111111,0.22031839,0.0,36
AF,1932,heat,historical,0.00948864453888889,0.2186934,0.0,36
AF,1933,heat,historical,0.006364401250000001,0.1266624,0.0,36
AF,1934,heat,historical,0.007984544902777778,0.1140833,0.0,36
AF,1935,heat,historical,0.008101189991666667,0.13321857,0.0,36
AF,1936,heat,historical,0.008703601249999998,0.1488463,0.0,36
AF,1937,heat,historical,0.005379591222222222,0.09757338,0.0,36
AF,1938,heat,historical,0.014032907011111111,0.22279766,0.0,36
AF,1939,heat,historical,0.021341912916666667,0.25665477,0.0,36
AF,1940,heat,historical,0.009961219611111112,0.14708197,0.0,36
AF,1941,heat,historical,0.01240999576111111,0.17881544,0.0,36
AF,1942,heat,historical,0.007542668888888889,0.1642113,0.0,36
AF,1943,heat,historical,0.0061431125,0.13317573,0.0,36
AF,1944,heat,historical,0.013673679402777777,0.24448603,0.0,36
AF,1945,heat,historical,0.0037827480277777777,0.088318035,0.0,36
AF,1946,heat,historical,0.008857498777777778,0.18014929,0.0,36
AF,1947,heat,historical,0.01243002693611111,0.1706792,0.0,36
AF,1948,heat,historical,0.006167975625,0.10805106,0.0,36
AF,1949,heat,historical,0.006770171805555555,0.120474786,0.0,36
AF,1950,heat,historical,0.007617230205555557,0.16012512,0.0,36
AF,1951,heat,historical,0.010251061436111111,0.15810215,0.0,36
AF,1952,heat,historical,0.004825171277777778,0.060834892,0.0,36
AF,1953,heat,historical,0.006367799444444443,0.13404654,0.0,36
AF,1954,heat,historical,0.004325940805555556,0.100910045,0.0,36
AF,1955,heat,historical,0.009858941730555557,0.15979941,0.0,36
AF,1956,heat,historical,0.011910707944444444,0.1404876,0.0,36
AF,1957,heat,historical,0.009370020472222221,0.15092036,0.0,36
AF,1958,heat,historical,0.012816183038888889,0.19770244,0.0,36
AF,1959,heat,historical,0.008158057449999999,0.17395653,0.0,36
AF,1960,heat,historical,0.012912151208333333,0.23467991,0.0,36
AF,1961,heat,historical,0.009620675277777777,0.17540133,0.0,36
AF,1962,heat,historical,0.0059255799166666664,0.10354108,0.0,36
AF,1963,heat,historical,0.004666341444444445,0.08021484,0.0,36
AF,1964,heat,historical,0.014383143425000001,0.2606537,0.0,36
AF,1965,heat,historical,0.0118311862,0.15883671,0.0,36
AF,1966,heat,historical,0.009129689861111111,0.16147703,0.0,36
AF,1967,heat,historical,0.005924576255,0.12423268,0.0,36
AF,1968,heat,historical,0.009633680555555555,0.17436327,0.0,36
AF,1969,heat,historical,0.023401034833333334,0.3204944,0.0,36
AF,1970,heat,historical,0.007684994972222223,0.101045296,0.0,36
AF,1971,heat,historical,0.008902909472222222,0.15698874,0.0,36
AF,1972,heat,historical,0.009760062222222221,0.20065248,0.0,36
AF,1973,heat,historical,0.005613914177777778,0.0943193,0.0,36
AF,1974,heat,historical,0.0034790688611111118,0.052646004,0.0,36
AF,1975,heat,historical,0.007468767063888889,0.20916396,0.0,36
AF,1976,heat,historical,0.011509855405555556,0.18763304,0.0,36
AF,1977,heat,historical,0.015206514583333334,0.2683522,0.0,36
AF,1978,heat,historical,0.006879820072222222,0.12739643,0.0,36
AF,1979,heat,historical,0.008443440512222223,0.17918453,0.0,36
AF,1980,heat,historical,0.010848985211111111,0.19065174,0.0,36
AF,1981,heat,historical,0.007789107972222221,0.11495256,0.0,36
AF,1982,heat,historical,0.007672534666666665,0.17418055,0.0,36
AF,1983,heat,historical,0.0027479102777777775,0.044640884,0.0,36
AF,1984,heat,historical,0.012889697569444445,0.1930216,0.0,36
AF,1985,heat,historical,0.005415136666666666,0.075431794,0.0,36
AF,1986,heat,historical,0.0043238329722222225,0.100813,0.0,36
AF,1987,heat,historical,0.005524641111111111,0.09070078,0.0,36
AF,1988,heat,historical,0.013802254500000001,0.19609655,0.0,36
AF,1989,heat,historical,0.016136235444444442,0.1792542,0.0,36
AF,1990,heat,historical,0.006692026166666667,0.09687032,0.0,36
AF,1991,heat,historical,0.0045750182777777775,0.13673642,0.0,36
AF,1992,heat,historical,0.005566022666666667,0.13046932,0.0,36
AF,1993,heat,historical,0.014279933569444443,0.25500035,0.0,36
AF,1994,heat,historical,0.016615577694444446,0.21259409,0.0,36
AF,1995,heat,historical,0.007990595666666666,0.1095155,0.0,36
AF,1996,heat,historical,0.012395628805555555,0.20759217,0.0,36
AF,1997,heat,historical,0.01144093,0.14374994,0.0,36
AF,1998,heat,historical,0.009062599,0.162034,0.0,36
AF,1999,heat,historical,0.008180683805555554,0.10398914,0.0,36
AF,2000,heat,historical,0.01425059707777778,0.2478005,0.0,36
AF,2001,heat,historical,0.011734098259444443,0.16745351,0.0,36
AF,2002,heat,historical,0.014674075277777778,0.23085439,0.0,36
AF,2003,heat,historical,0.004088004694444444,0.081402086,0.0,36
AF,2004,heat,historical,0.012100165305555556,0.18652838,0.0,36
AF,2005,heat,historical,0.011900743166666665,0.16162209,0.0,36
AF,2006,heat,historical,0.014590137138888891,0.202789,0.0,36
AF,2007,heat,historical,0.007813526705555554,0.15776457,0.0,36
AF,2008,heat,historical,0.011629153611111111,0.20512372,0.0,36
AF,2009,heat,historical,0.013739536797222222,0.23569784,0.0,36
AF,2010,heat,historical,0.011928545972222223,0.22288078,0.0,36
AF,2011,heat,historical,0.022220558799999998,0.27959645,0.0,36
AF,2012,heat,historical,0.016099369983333334,0.23094214,0.0,36
AF,2013,heat,historical,0.012549942222222223,0.21290019,0.0,36
AF,2014,heat,historical,0.017630499666666667,0.29632884,0.0,36
AO,1850,heat,historical,0.0,0.0,0.0,108
AO,1851,heat,historical,0.0,0.0,0.0,108
AO,1852,heat,historical,1.428611851851852e-05,0.0015429008,0.0,108
AO,1853,heat,historical,4.050681037037037e-05,0.0027642134,0.0,108
AO,1854,heat,historical,0.0,0.0,0.0,108
AO,1855,heat,historical,0.0,0.0,0.0,108
AO,1856,heat,historical,0.0,0.0,0.0,108
AO,1857,heat,historical,2.3319496296296297e-05,0.0025185056,0.0,108
AO,1858,heat,historical,0.0,0.0,0.0,108
AO,1859,heat,historical,2.1292959259259257e-05,0.0022996396,0.0,108
AO,1860,heat,historical,0.0,0.0,0.0,108
AO,1861,heat,historical,0.0,0.0,0.0,108
AO,1862,heat,historical,0.0,0.0,0.0,108
AO,1863,heat,historical,0.0001677101425925926,0.006535003,0.0,108
AO,1864,heat,historical,0.0,0.0,0.0,108
AO,1865,heat,historical,0.0,0.0,0.0,108
AO,1866,heat,historical,0.0,0.0,0.0,108
AO,1867,heat,historical,0.00042731218518518517,0.019266386,0.0,108
AO,1868,heat,historical,0.0008435405796296297,0.02937293,0.0,108
AO,1869,heat,historical,0.0,0.0,0.0,108
AO,1870,heat,historical,0.0,0.0,0.0,108
AO,1871,heat,historical,0.0,0.0,0.0,108
AO,1872,heat,historical,0.0009848006138888888,0.02329424,0.0,108
AO,1873,heat,historical,0.00019556065833333333,0.008874389,0.0,108
AO,1874,heat,historical,1.9677466666666666e-05,0.0021251664,0.0,108
AO,1875,heat,historical,0.0,0.0,0.0,108
AO,1876,heat,historical,0.0009302657481481481,0.029228909,0.0,108
AO,1877,heat,historical,2.1484143518518518e-05,0.0023202875,0.0,108
AO,1878,heat,historical,0.0,0.0,0.0,108
AO,1879,heat,historical,0.0,0.0,0.0,108
AO,1880,heat,historical,4.630442222222222e-05,0.0032762769,0.0,108
AO,1881,heat,historical,0.00024358093657407407,0.015640646,0.0,108
AO,1882,heat,historical,0.0,0.0,0.0,108
AO,1883,heat,historical,7.947460185185185e-05,0.008583257,0.0,108
AO,1884,heat,historical,0.0,0.0,0.0,108
AO,1885,heat,historical,0.0,0.0,0.0,108
AO,1886,heat,historical,0.0007799293453703704,0.025378112,0.0,108
AO,1887,heat,historical,0.0,0.0,0.0,108
AO,1888,heat,historical,0.0,0.0,0.0,108
AO,1889,heat,historical,0.0,0.0,0.0,108
AO,1890,heat,historical,4.244253333333333e-06,0.00045837936,0.0,108
AO,1891,heat,historical,0.000703532786388889,0.027974563,0.0,108
AO,1892,heat,historical,8.911498055555555e-05,0.0036881987,0.0,108
AO,1893,heat,historical,0.0,0.0,0.0,108
AO,1894,heat,historical,0.0,0.0,0.0,108
AO,1895,heat,historical,0.0005479292666666667,0.02286838,0.0,108
AO,1896,heat,historical,2.7052336111111112e-06,0.00029216523,0.0,108
AO,1897,heat,historical,0.0,0.0,0.0,108
AO,1898,heat,historical,9.259928240740741e-05,0.0100007225,0.0,108
AO,1899,heat,historical,0.00010976270314814816,0.0085393805,0.0,108
AO,1900,heat,historical,0.00014424725555555555,0.0073046465,0.0,108
AO,1901,heat,historical,0.0003064609027777778,0.019329878,0.0,108
AO,1902,heat,historical,1.7335479629629632e-05,0.0010065762,0.0,108
AO,1903,heat,historical,0.0,0.0,0.0,108
AO,1904,heat,historical,0.0,0.0,0.0,108
AO,1905,heat,historical,0.0,0.0,0.0,108
AO,1906,heat,historical,2.1837830555555552e-05,0.0023584857,0.0,108
AO,1907,heat,historical,3.9431407129629627e-05,0.0036897473,0.0,108
AO,1908,heat,historical,0.0,0.0,0.0,108
AO,1909,heat,historical,0.0003097922527777777,0.016607992,0.0,108
AO,1910,heat,historical,0.0,0.0,0.0,108
AO,1911,heat,historical,1.9371574074074076e-05,0.00209213,0.0,108
AO,1912,heat,historical,0.00016214672685185185,0.008840321,0.0,108
AO,1913,heat,historical,0.0,0.0,0.0,108
AO,1914,heat,historical,3.297421611111111e-05,0.0033950012,0.0,108
AO,1915,heat,historical,0.0,0.0,0.0,108
AO,1916,heat,historical,0.0,0.0,0.0,108
AO,1917,heat,historical,0.0,0.0,0.0,108
AO,1918,heat,historical,7.973747222222222e-05,0.008611647,0.0,108
AO,1919,heat,historical,0.00047193899074074073,0.012791778,0.0,108
AO,1920,heat,historical,0.0,0.0,0.0,108
AO,1921,heat,historical,1.2527237962962964e-05,0.0013529417,0.0,108
AO,1922,heat,historical,4.6791935185185184e-05,0.005053529,0.0,108
AO,1923,heat,historical,0.0009018034787037038,0.03702859,0.0,108
AO,1924,heat,historical,0.0,0.0,0.0,108
AO,1925,heat,historical,0.0,0.0,0.0,108
AO,1926,heat,historical,0.0,0.0,0.0,108
AO,1927,heat,historical,0.00023731494120370368,0.008648297,0.0,108
AO,1928,heat,historical,0.00020197961851851852,0.009097385,0.0,108
AO,1929,heat,historical,0.0,0.0,0.0,108
AO,1930,heat,historical,5.1279948148148144e-05,0.003060508,0.0,108
AO,1931,heat,historical,0.0004009720096296296,0.018580366,0.0,108
AO,1932,heat,historical,0.0004905410522222221,0.025273325,0.0,108
AO,1933,heat,historical,0.0,0.0,0.0,108
AO,1934,heat,historical,0.0,0.0,0.0,108
AO,1935,heat,historical,5.1652754629629624e-05,0.0035529563,0.0,108
AO,1936,heat,historical,0.0003499549324074074,0.013698213,0.0,108
AO,1937,heat,historical,0.0,0.0,0.0,108
AO,1938,heat,historical,0.000353749912962963,0.011876052,0.0,108
AO,1939,heat,historical,0.0002545978490740741,0.018496227,0.0,108
AO,1940,heat,historical,4.794381203703704e-05,0.0029944354,0.0,108
AO,1941,heat,historical,0.0,0.0,0.0,108
AO,1942,heat,historical,0.0,0.0,0.0,108
AO,1943,heat,historical,0.0,0.0,0.0,108
AO,1944,heat,historical,0.000652835950648148,0.032310583,0.0,108
AO,1945,heat,historical,0.0007336249250000001,0.035995685,0.0,108
AO,1946,heat,historical,6.169939944444445e-05,0.004619411,0.0,108
AO,1947,heat,historical,0.0008139789509259259,0.016509399,0.0,108
AO,1948,heat,historical,0.0,0.0,0.0,108
AO,1949,heat,historical,0.0,0.0,0.0,108
AO,1950,heat,historical,0.0,0.0,0.0,108
AO,1951,heat,historical,0.0009420521925925926,0.027608065,0.0,108
AO,1952,heat,historical,0.0006203492277777777,0.025555164,0.0,108
AO,1953,heat,historical,0.0,0.0,0.0,108
AO,1954,heat,historical,8.016764259259259e-05,0.007982925,0.0,108
AO,1955,heat,historical,0.00032716596851851856,0.017873697,0.0,108
AO,1956,heat,historical,0.0,0.0,0.0,108
AO,1957,heat,historical,0.0010207620361111112,0.030517329,0.0,108
AO,1958,heat,historical,0.00028037881666666666,0.009362192,0.0,108
AO,1959,heat,historical,2.239703921296296e-05,0.0021205207,0.0,108
AO,1960,heat,historical,0.00017799098675925926,0.0063099433,0.0,108
AO,1961,heat,historical,0.0005732131683333333,0.024928506,0.0,108
AO,1962,heat,historical,0.0004989722031481481,0.029275885,0.0,108
AO,1963,heat,historical,0.0,0.0,0.0,108
AO,1964,heat,historical,0.0,0.0,0.0,108
AO,1965,heat,historical,0.0002270054152777778,0.009168103,0.0,108
AO,1966,heat,historical,0.0,0.0,0.0,108
AO,1967,heat,historical,0.0,0.0,0.0,108
AO,1968,heat,historical,0.00023899257407407408,0.013208346,0.0,108
AO,1969,heat,historical,5.549074074074074e-06,0.0005993,0.0,108
AO,1970,heat,historical,2.2798523148148148e-06,0.00024622405,0.0,108
AO,1971,heat,historical,0.0,0.0,0.0,108
AO,1972,heat,historical,0.0,0.0,0.0,108
AO,1973,heat,historical,0.0010624732912037037,0.047123253,0.0,108
AO,1974,heat,historical,7.956541018518518e-05,0.0055640438,0.0,108
AO,1975,heat,historical,7.968012101851851e-05,0.0034698492,0.0,108
AO,1976,heat,historical,0.0,0.0,0.0,108
AO,1977,heat,historical,0.00041647692814814817,0.01399296,0.0,108
AO,1978,heat,historical,3.40305e-06,0.0003675294,0.0,108
AO,1979,heat,historical,0.0,0.0,0.0,108
AO,1980,heat,historical,1.3301527777777779e-05,0.0013260997,0.0,108
AO,1981,heat,historical,0.0010702400953703703,0.032522738,0.0,108
AO,1982,heat,historical,0.0,0.0,0.0,108
AO,1983,heat,historical,0.0,0.0,0.0,108
AO,1984,heat,historical,0.0001263955888888889,0.008451628,0.0,108
AO,1985,heat,historical,0.0016184704796296297,0.028732847,0.0,108
AO,1986,heat,historical,0.0,0.0,0.0,108
AO,1987,heat,historical,3.3122382407407405e-06,0.00035772173,0.0,108
AO,1988,heat,historical,0.0004920465953703704,0.022300567,0.0,108
AO,1989,heat,historical,0.0007043740046296297,0.02861929,0.0,108
AO,1990,heat,historical,3.509634259259259e-05,0.0019052683,0.0,108
AO,1991,heat,historical,1.6723697222222223e-05,0.0018061593,0.0,108
AO,1992,heat,historical,0.0,0.0,0.0,108
AO,1993,heat,historical,0.0010505769592592592,0.034318056,0.0,108
AO,1994,heat,historical,0.001990640873148148,0.0378292,0.0,108
AO,1995,heat,historical,0.00038619838796296295,0.01781382,0.0,108
AO,1996,heat,historical,0.0,0.0,0.0,108
AO,1997,heat,historical,0.0018333310453703703,0.058576033,0.0,108
AO,1998,heat,historical,0.0007752214953703705,0.03603182,0.0,108
AO,1999,heat,historical,0.0,0.0,0.0,108
AO,2000,heat,historical,0.00011402129518518519,0.009420522,0.0,108
AO,2001,heat,historical,0.0017843787259259258,0.061530717,0.0,108
AO,2002,heat,historical,0.0023096863814814814,0.05762417,0.0,108
AO,2003,heat,historical,0.0012293565962962962,0.042044435,0.0,108
AO,2004,heat,historical,3.326098888888889e-05,0.0035921868,0.0,108
AO,2005,heat,historical,0.0,0.0,0.0,108
AO,2006,heat,historical,0.004200424762962963,0.07353221,0.0,108
AO,2007,heat,historical,0.0007831459992592593,0.022800244,0.0,108
AO,2008,heat,historical,0.0011587480948148149,0.035859928,0.0,108
AO,2009,heat,historical,0.0014566870490740744,0.04957724,0.0,108
AO,2010,heat,historical,0.0033951493324074072,0.07167339,0.0,108
AO,2011,heat,historical,0.0021047434055555553,0.042955518,0.0,108
AO,2012,heat,historical,0.0003664061953703704,0.0130813625,0.0,108
AO,2013,heat,historical,0.0005877334944444445,0.014989211,0.0,108
AO,2014,heat,historical,0.002826940381203704,0.062264744,0.0,108
AQ,1850,heat,historical,0.0,0.0,0.0,6048
AQ,1851,heat,historical,0.0,0.0,0.0,6048
AQ,1852,heat,historical,0.0,0.0,0.0,6048
AQ,1853,heat,historical,0.0,0.0,0.0,6048
AQ,1854,heat,historical,0.0,0.0,0.0,6048
AQ,1855,heat,historical,0.0,0.0,0.0,6048
AQ,1856,heat,historical,0.0,0.0,0.0,6048
AQ,1857,heat,historical,0.0,0.0,0.0,6048
AQ,1858,heat,historical,0.0,0.0,0.0,6048
AQ,1859,heat,historical,0.0,0.0,0.0,6048
AQ,1860,heat,historical,0.0,0.0,0.0,6048
AQ,1861,heat,historical,0.0,0.0,0.0,6048
AQ,1862,heat,historical,0.0,0.0,0.0,6048
AQ,1863,heat,historical,0.0,0.0,0.0,6048
AQ,1864,heat,historical,0.0,0.0,0.0,6048
AQ,1865,heat,historical,0.0,0.0,0.0,6048
AQ,1866,heat,historical,0.0,0.0,0.0,6048
AQ,1867,heat,historical,0.0,0.0,0.0,6048
AQ,1868,heat,historical,0.0,0.0,0.0,6048
AQ,1869,heat,historical,0.0,0.0,0.0,6048
AQ,1870,heat,historical,0.0,0.0,0.0,6048
AQ,1871,heat,historical,0.0,0.0,0.0,6048
AQ,1872,heat,historical,0.0,0.0,0.0,6048
AQ,1873,heat,historical,0.0,0.0,0.0,6048
AQ,1874,heat,historical,0.0,0.0,0.0,6048
AQ,1875,heat,historical,0.0,0.0,0.0,6048
AQ,1876,heat,historical,0.0,0.0,0.0,6048
AQ,1877,heat,historical,0.0,0.0,0.0,6048
AQ,1878,heat,historical,0.0,0.0,0.0,6048
AQ,1879,heat,historical,0.0,0.0,0.0,6048
AQ,1880,heat,historical,0.0,0.0,0.0,6048
AQ,1881,heat,historical,0.0,0.0,0.0,6048
AQ,1882,heat,historical,0.0,0.0,0.0,6048
AQ,1883,heat,historical,0.0,0.0,0.0,6048
AQ,1884,heat,historical,0.0,0.0,0.0,6048
AQ,1885,heat,historical,0.0,0.0,0.0,6048
AQ,1886,heat,historical,0.0,0.0,0.0,6048
AQ,1887,heat,historical,0.0,0.0,0.0,6048
AQ,1888,heat,historical,0.0,0.0,0.0,6048
AQ,1889,heat,historical,0.0,0.0,0.0,6048
AQ,1890,heat,historical,0.0,0.0,0.0,6048
AQ,1891,heat,historical,0.0,0.0,0.0,6048
AQ,1892,heat,historical,0.0,0.0,0.0,6048
AQ,1893,heat,historical,0.0,0.0,0.0,6048
AQ,1894,heat,historical,0.0,0.0,0.0,6048
AQ,1895,heat,historical,0.0,0.0,0.0,6048
AQ,1896,heat,historical,0.0,0.0,0.0,6048
AQ,1897,heat,historical,0.0,0.0,0.0,6048
AQ,1898,heat,historical,0.0,0.0,0.0,6048
AQ,1899,heat,historical,0.0,0.0,0.0,6048
AQ,1900,heat,historical,0.0,0.0,0.0,6048
AQ,1901,heat,historical,0.0,0.0,0.0,6048
AQ,1902,heat,historical,0.0,0.0,0.0,6048
AQ,1903,heat,historical,0.0,0.0,0.0,6048
AQ,1904,heat,historical,0.0,0.0,0.0,6048
AQ,1905,heat,historical,0.0,0.0,0.0,6048
AQ,1906,heat,historical,0.0,0.0,0.0,6048
AQ,1907,heat,historical,0.0,0.0,0.0,6048
AQ,1908,heat,historical,0.0,0.0,0.0,6048
AQ,1909,heat,historical,0.0,0.0,0.0,6048
AQ,1910,heat,historical,0.0,0.0,0.0,6048
AQ,1911,heat,historical,0.0,0.0,0.0,6048
AQ,1912,heat,historical,0.0,0.0,0.0,6048
AQ,1913,heat,historical,0.0,0.0,0.0,6048
AQ,1914,heat,historical,0.0,0.0,0.0,6048
AQ,1915,heat,historical,0.0,0.0,0.0,6048
AQ,1916,heat,historical,0.0,0.0,0.0,6048
AQ,1917,heat,historical,0.0,0.0,0.0,6048
AQ,1918,heat,historical,0.0,0.0,0.0,6048
AQ,1919,heat,historical,0.0,0.0,0.0,6048
AQ,1920,heat,historical,0.0,0.0,0.0,6048
AQ,1921,heat,historical,0.0,0.0,0.0,6048
AQ,1922,heat,historical,0.0,0.0,0.0,6048
AQ,1923,heat,historical,0.0,0.0,0.0,6048
AQ,1924,heat,historical,0.0,0.0,0.0,6048
AQ,1925,heat,historical,0.0,0.0,0.0,6048
AQ,1926,heat,historical,0.0,0.0,0.0,6048
AQ,1927,heat,historical,0.0,0.0,0.0,6048
AQ,1928,heat,historical,0.0,0.0,0.0,6048
AQ,1929,heat,historical,0.0,0.0,0.0,6048
AQ,1930,heat,historical,0.0,0.0,0.0,6048
AQ,1931,heat,historical,0.0,0.0,0.0,6048
AQ,1932,heat,historical,0.0,0.0,0.0,6048
AQ,1933,heat,historical,0.0,0.0,0.0,6048
AQ,1934,heat,historical,0.0,0.0,0.0,6048
AQ,1935,heat,historical,0.0,0.0,0.0,6048
AQ,1936,heat,historical,0.0,0.0,0.0,6048
AQ,1937,heat,historical,0.0,0.0,0.0,6048
AQ,1938,heat,historical,0.0,0.0,0.0,6048
AQ,1939,heat,historical,0.0,0.0,0.0,6048
AQ,1940,heat,historical,0.0,0.0,0.0,6048
AQ,1941,heat,historical,0.0,0.0,0.0,6048
AQ,1942,heat,historical,0.0,0.0,0.0,6048
AQ,1943,heat,historical,0.0,0.0,0.0,6048
AQ,1944,heat,historical,0.0,0.0,0.0,6048
AQ,1945,heat,historical,0.0,0.0,0.0,6048
AQ,1946,heat,historical,0.0,0.0,0.0,6048
AQ,1947,heat,historical,0.0,0.0,0.0,6048
AQ,1948,heat,historical,0.0,0.0,0.0,6048
AQ,1949,heat,historical,0.0,0.0,0.0,6048
AQ,1950,heat,historical,0.0,0.0,0.0,6048
AQ,1951,heat,historical,0.0,0.0,0.0,6048
AQ,1952,heat,historical,0.0,0.0,0.0,6048
AQ,1953,heat,historical,0.0,0.0,0.0,6048
AQ,1954,heat,historical,0.0,0.0,0.0,6048
AQ,1955,heat,historical,0.0,0.0,0.0,6048
AQ,1956,heat,historical,0.0,0.0,0.0,6048
AQ,1957,heat,historical,0.0,0.0,0.0,6048
AQ,1958,heat,historical,0.0,0.0,0.0,6048
AQ,1959,heat,historical,0.0,0.0,0.0,6048
AQ,1960,heat,historical,0.0,0.0,0.0,6048
AQ,1961,heat,historical,0.0,0.0,0.0,6048
AQ,1962,heat,historical,0.0,0.0,0.0,6048
AQ,1963,heat,historical,0.0,0.0,0.0,6048
AQ,1964,heat,historical,0.0,0.0,0.0,6048
AQ,1965,heat,historical,0.0,0.0,0.0,6048
AQ,1966,heat,historical,0.0,0.0,0.0,6048
AQ,1967,heat,historical,0.0,0.0,0.0,6048
AQ,1968,heat,historical,0.0,0.0,0.0,6048
AQ,1969,heat,historical,0.0,0.0,0.0,6048
AQ,1970,heat,historical,0.0,0.0,0.0,6048
AQ,1971,heat,historical,0.0,0.0,0.0,6048
AQ,1972,heat,historical,0.0,0.0,0.0,6048
AQ,1973,heat,historical,0.0,0.0,0.0,6048
AQ,1974,heat,historical,0.0,0.0,0.0,6048
AQ,1975,heat,historical,0.0,0.0,0.0,6048
AQ,1976,heat,historical,0.0,0.0,0.0,6048
AQ,1977,heat,historical,0.0,0.0,0.0,6048
AQ,1978,heat,historical,0.0,0.0,0.0,6048
AQ,1979,heat,historical,0.0,0.0,0.0,6048
AQ,1980,heat,historical,0.0,0.0,0.0,6048
AQ,1981,heat,historical,0.0,0.0,0.0,6048
AQ,1982,heat,historical,0.0,0.0,0.0,6048
AQ,1983,heat,historical,0.0,0.0,0.0,6048
AQ,1984,heat,historical,0.0,0.0,0.0,6048
AQ,1985,heat,historical,0.0,0.0,0.0,6048
AQ,1986,heat,historical,0.0,0.0,0.0,6048
AQ,1987,heat,historical,0.0,0.0,0.0,6048
AQ,1988,heat,historical,0.0,0.0,0.0,6048
AQ,1989,heat,historical,0.0,0.0,0.0,6048
AQ,1990,heat,historical,0.0,0.0,0.0,6048
AQ,1991,heat,historical,0.0,0.0,0.0,6048
AQ,1992,heat,historical,0.0,0.0,0.0,6048
AQ,1993,heat,historical,0.0,0.0,0.0,6048
AQ,1994,heat,historical,0.0,0.0,0.0,6048
AQ,1995,heat,historical,0.0,0.0,0.0,6048
AQ,1996,heat,historical,0.0,0.0,0.0,6048
AQ,1997,heat,historical,0.0,0.0,0.0,6048
AQ,1998,heat,historical,0.0,0.0,0.0,6048
AQ,1999,heat,historical,0.0,0.0,0.0,6048
AQ,2000,heat,historical,0.0,0.0,0.0,6048
AQ,2001,heat,historical,0.0,0.0,0.0,6048
AQ,2002,heat,historical,0.0,0.0,0.0,6048
AQ,2003,heat,historical,0.0,0.0,0.0,6048
AQ,2004,heat,historical,0.0,0.0,0.0,6048
AQ,2005,heat,historical,0.0,0.0,0.0,6048
AQ,2006,heat,historical,0.0,0.0,0.0,6048
AQ,2007,heat,historical,0.0,0.0,0.0,6048
AQ,2008,heat,historical,0.0,0.0,0.0,6048
AQ,2009,heat,historical,0.0,0.0,0.0,6048
AQ,2010,heat,historical,0.0,0.0,0.0,6048
AQ,2011,heat,historical,0.0,0.0,0.0,6048
AQ,2012,heat,historical,0.0,0.0,0.0,6048
AQ,2013,heat,historical,0.0,0.0,0.0,6048
AQ,2014,heat,historical,0.0,0.0,0.0,6048
AU,1850,heat,historical,0.0020157197196347034,0.15783271,0.0,1752
AU,1851,heat,historical,0.0019952735259303653,0.24787328,0.0,1752
AU,1852,heat,historical,0.002697290063242009,0.29615745,0.0,1752
AU,1853,heat,historical,0.0020350854947716896,0.2123365,0.0,1752
AU,1854,heat,historical,0.001158245399714612,0.16239792,0.0,1752
AU,1855,heat,historical,0.002511616205530822,0.32890064,0.0,1752
AU,1856,heat,historical,0.0014718149318264841,0.1884703,0.0,1752
AU,1857,heat,historical,0.001328244679686073,0.21384895,0.0,1752
AU,1858,heat,historical,0.00264374181760274,0.17908335,0.0,1752
AU,1859,heat,historical,0.0011726263304623287,0.19868267,0.0,1752
AU,1860,heat,historical,0.00014015464416267123,0.056022942,0.0,1752
AU,1861,heat,historical,0.0003658541288561644,0.09352952,0.0,1752
AU,1862,heat,historical,0.001521169722477169,0.20030248,0.0,1752
AU,1863,heat,historical,0.0008405141945776255,0.12987828,0.0,1752
AU,1864,heat,historical,0.00042794340906392696,0.23397323,0.0,1752
AU,1865,heat,historical,0.0003842069626369863,0.06945686,0.0,1752
AU,1866,heat,historical,0.0013786209037471462,0.24483135,0.0,1752
AU,1867,heat,historical,0.001033778084063927,0.18698162,0.0,1752
AU,1868,heat,historical,0.0006013229746860731,0.08386846,0.0,1752
AU,1869,heat,historical,0.0004708210184360731,0.20120221,0.0,1752
AU,1870,heat,historical,0.0006739641742009132,0.18501905,0.0,1752
AU,1871,heat,historical,0.0017949358240353882,0.25214064,0.0,1752
AU,1872,heat,historical,0.0015369003420091325,0.15822604,0.0,1752
AU,1873,heat,historical,0.002235879272642694,0.3129353,0.0,1752
AU,1874,heat,historical,0.00024230722070205479,0.09806737,0.0,1752
AU,1875,heat,historical,0.0007927719338869864,0.11379577,0.0,1752
AU,1876,heat,historical,0.0016201066836187214,0.20655255,0.0,1752
AU,1877,heat,historical,0.0014289986313013698,0.24696168,0.0,1752
AU,1878,heat,historical,0.00048341678076484017,0.10746776,0.0,1752
AU,1879,heat,historical,0.0005684748830336758,0.15550983,0.0,1752
AU,1880,heat,historical,0.0013415501736815068,0.16408691,0.0,1752
AU,1881,heat,historical,0.001630463262956621,0.19960615,0.0,1752
AU,1882,heat,historical,0.001167465583436073,0.21940988,0.0,1752
AU,1883,heat,historical,0.00031851404017123287,0.1815239,0.0,1752
AU,1884,heat,historical,0.0013235992200342466,0.1762572,0.0,1752
AU,1885,heat,historical,0.0010559955881849314,0.17913651,0.0,1752
AU,1886,heat,historical,0.0013845957319840183,0.11995086,0.0,1752
AU,1887,heat,historical,0.0011688238118150686,0.2064932,0.0,1752
AU,1888,heat,historical,5.3901506141552516e-05,0.025518,0.0,1752
AU,1889,heat,historical,0.00035280463212899543,0.09183744,0.0,1752
AU,1890,heat,historical,0.0007468136669863013,0.08090499,0.0,1752
AU,1891,heat,historical,0.002697795963224886,0.27674705,0.0,1752
AU,1892,heat,historical,0.0025162383240468033,0.2176125,0.0,1752
AU,1893,heat,historical,0.0010984887015068492,0.20625627,0.0,1752
AU,1894,heat,historical,0.0019248924505707763,0.33442336,0.0,1752
AU,1895,heat,historical,0.0028323985708333336,0.2454606,0.0,1752
AU,1896,heat,historical,0.00099262082244863,0.27055067,0.0,1752
AU,1897,heat,historical,0.0004198767246860731,0.089218274,0.0,1752
AU,1898,heat,historical,0.001184713832528539,0.27139568,0.0,1752
AU,1899,heat,historical,0.0016504695675399544,0.19221374,0.0,1752
AU,1900,heat,historical,0.0012256468794029681,0.19358733,0.0,1752
AU,1901,heat,historical,0.0022898788575228314,0.25062615,0.0,1752
AU,1902,heat,historical,0.0031481707962899546,0.2580418,0.0,1752
AU,1903,heat,historical,0.002560900822020548,0.2466117,0.0,1752
AU,1904,heat,historical,0.0015517023049828767,0.17781249,0.0,1752
AU,1905,heat,historical,0.0011144939353881279,0.2108798,0.0,1752
AU,1906,heat,historical,0.0014096443436073058,0.17460486,0.0,1752
AU,1907,heat,historical,0.002132694861900685,0.18145318,0.0,1752
AU,1908,heat,historical,0.0007408992538812786,0.12165997,0.0,1752
AU,1909,heat,historical,0.0024835198804737443,0.24241608,0.0,1752
AU,1910,heat,historical,0.0024766493597602737,0.29478437,0.0,1752
AU,1911,heat,historical,0.0018980188959303653,0.20069015,0.0,1752
AU,1912,heat,historical,0.0024366497666438356,0.29778916,0.0,1752
AU,1913,heat,historical,0.0029084804225519402,0.29249144,0.0,1752
AU,1914,heat,historical,0.0029607635855821916,0.30743372,0.0,1752
AU,1915,heat,historical,0.0012724743214657533,0.22055945,0.0,1752
AU,1916,heat,historical,0.002371709310231164,0.343592,0.0,1752
AU,1917,heat,historical,0.0015123838250114155,0.18153888,0.0,1752
AU,1918,heat,historical,0.0022046908315068495,0.19792801,0.0,1752
AU,1919,heat,historical,0.0027399534882534245,0.34743142,0.0,1752
AU,1920,heat,historical,0.0029190029029452056,0.23845275,0.0,1752
AU,1921,heat,historical,0.0029256017201541094,0.2477845,0.0,1752
AU,1922,heat,historical,0.00045083975152054797,0.17275171,0.0,1752
AU,1923,heat,historical,0.0022679662927511416,0.20168434,0.0,1752
AU,1924,heat,historical,0.0019357934761015981,0.31419736,0.0,1752
AU,1925,heat,historical,0.0022033320138242006,0.27717394,0.0,1752
AU,1926,heat,historical,0.0028715417361872145,0.27091354,0.0,1752
AU,1927,heat,historical,0.0016956181861301372,0.17878085,0.0,1752
AU,1928,heat,historical,0.0024291393318122143,0.21871716,0.0,1752
AU,1929,heat,historical,0.0006749376427739725,0.20470923,0.0,1752
AU,1930,heat,historical,0.0015227727905022831,0.18481979,0.0,1752
AU,1931,heat,historical,0.0013225023101598172,0.12598464,0.0,1752
AU,1932,heat,historical,0.0024869806188356166,0.23133549,0.0,1752
AU,1933,heat,historical,0.0018438751941038812,0.23857562,0.0,1752
AU,1934,heat,historical,0.001056146140239726,0.25329846,0.0,1752
AU,1935,heat,historical,0.002434761158253425,0.24458049,0.0,1752
AU,1936,heat,historical,0.0011722559811894978,0.18561009,0.0,1752
AU,1937,heat,historical,0.001945975323150685,0.18853948,0.0,1752
AU,1938,heat,historical,0.002455670795530822,0.19714546,0.0,1752
AU,1939,heat,historical,0.0038993225952226027,0.30729535,0.0,1752
AU,1940,heat,historical,0.0019501216545433789,0.2188937,0.0,1752
AU,1941,heat,historical,0.0009476180480964613,0.19743814,0.0,1752
AU,1942,heat,historical,0.0014548557211643835,0.22364938,0.0,1752
AU,1943,heat,historical,0.0008946814413127854,0.22256124,0.0,1752
AU,1944,heat,historical,0.002030776209931507,0.19645426,0.0,1752
AU,1945,heat,historical,0.003817987426912101,0.2769014,0.0,1752
AU,1946,heat,historical,0.002654406890194064,0.24601138,0.0,1752
AU,1947,heat,historical,0.004791072777191781,0.32933524,0.0,1752
AU,1948,heat,historical,0.002121897847608447,0.2019032,0.0,1752
AU,1949,heat,historical,8.645318875570777e-05,0.029272787,0.0,1752
AU,1950,heat,historical,0.0013535163185045662,0.22277701,0.0,1752
AU,1951,heat,historical,0.003319117283869863,0.31571653,0.0,1752
AU,1952,heat,historical,0.002250307651523973,0.2139971,0.0,1752
AU,1953,heat,historical,0.0005633612836472603,0.17233205,0.0,1752
AU,1954,heat,historical,0.0013349315811135845,0.20927393,0.0,1752
AU,1955,heat,historical,0.003595321489600457,0.24552822,0.0,1752
AU,1956,heat,historical,0.0029418998231221464,0.22018468,0.0,1752
AU,1957,heat,historical,0.0028987066999372146,0.23823905,0.0,1752
AU,1958,heat,historical,0.004577413332186074,0.28130245,0.0,1752
AU,1959,heat,historical,0.0015233694076512557,0.19184723,0.0,1752
AU,1960,heat,historical,0.002613081401939498,0.267054,0.0,1752
AU,1961,heat,historical,0.002214580391849315,0.24620444,0.0,1752
AU,1962,heat,historical,0.0008005999804794521,0.15880522,0.0,1752
AU,1963,heat,historical,0.001137133364089612,0.1945836,0.0,1752
AU,1964,heat,historical,0.0016846514571061645,0.25747603,0.0,1752
AU,1965,heat,historical,0.0007926269742694064,0.10338726,0.0,1752
AU,1966,heat,historical,0.0006122078108105023,0.13793968,0.0,1752
AU,1967,heat,historical,0.0005015000437528539,0.12435812,0.0,1752
AU,1968,heat,historical,0.0012739787134474886,0.15659592,0.0,1752
AU,1969,heat,historical,0.003923380374771689,0.27510297,0.0,1752
AU,1970,heat,historical,0.0038998850241780823,0.33973396,0.0,1752
AU,1971,heat,historical,0.0008366362622089041,0.11117454,0.0,1752
AU,1972,heat,historical,0.0012784358785502283,0.25803402,0.0,1752
AU,1973,heat,historical,0.0025496005215753428,0.16409671,0.0,1752
AU,1974,heat,historical,0.0029440553637614156,0.25024158,0.0,1752
AU,1975,heat,historical,0.0026109824290525114,0.3426742,0.0,1752
AU,1976,heat,historical,0.0016762553476484018,0.20762572,0.0,1752
AU,1977,heat,historical,0.0020136375389041097,0.2461554,0.0,1752
AU,1978,heat,historical,0.003503464417760274,0.27290243,0.0,1752
AU,1979,heat,historical,0.003078913435642123,0.3235508,0.0,1752
AU,1980,heat,historical,0.0010910619630650686,0.20013937,0.0,1752
AU,1981,heat,historical,0.000848063521706621,0.0748454,0.0,1752
AU,1982,heat,historical,0.0006361436078538812,0.15226248,0.0,1752
AU,1983,heat,historical,0.0009251359535958904,0.18240453,0.0,1752
AU,1984,heat,historical,0.0031493852545091323,0.36647534,0.0,1752
AU,1985,heat,historical,0.002163544175074201,0.23788598,0.0,1752
AU,1986,heat,historical,0.0019440051465753425,0.29169187,0.0,1752
AU,1987,heat,historical,0.002843542690656393,0.23161423,0.0,1752
AU,1988,heat,historical,0.0034410198410159817,0.24399358,0.0,1752
AU,1989,heat,historical,0.003232098125776256,0.25530234,0.0,1752
AU,1990,heat,historical,0.004268240884765981,0.29076168,0.0,1752
AU,1991,heat,historical,0.00245267737446347,0.21938202,0.0,1752
AU,1992,heat,historical,0.0012419546811986302,0.22097343,0.0,1752
AU,1993,heat,historical,0.0025836174042237446,0.4205801,0.0,1752
AU,1994,heat,historical,0.002037290538573059,0.26601487,0.0,1752
AU,1995,heat,historical,0.001366424079109589,0.22490633,0.0,1752
AU,1996,heat,historical,0.002298587601501142,0.29242694,0.0,1752
AU,1997,heat,historical,0.0027769918011643835,0.22238833,0.0,1752
AU,1998,heat,historical,0.0030523218209463467,0.31109142,0.0,1752
AU,1999,heat,historical,0.002582229445507991,0.23033202,0.0,1752
AU,2000,heat,historical,0.002303062738127854,0.22346923,0.0,1752
AU,2001,heat,historical,0.0026807412816780823,0.33037436,0.0,1752
AU,2002,heat,historical,0.0047579224401826485,0.31148273,0.0,1752
AU,2003,heat,historical,0.0024691872696974886,0.3801028,0.0,1752
AU,2004,heat,historical,0.0009501901683219179,0.17019863,0.0,1752
AU,2005,heat,historical,0.0029762526174885845,0.26188588,0.0,1752
AU,2006,heat,historical,0.004542743629823059,0.33683038,0.0,1752
AU,2007,heat,historical,0.004852933731952055,0.42177302,0.0,1752
AU,2008,heat,historical,0.0035229551811643838,0.29903162,0.0,1752
AU,2009,heat,historical,0.002995655845176941,0.29165575,0.0,1752
AU,2010,heat,historical,0.0036963090751158676,0.3126653,0.0,1752
AU,2011,heat,historical,0.002737217813270548,0.20644931,0.0,1752
AU,2012,heat,historical,0.0016520994692922374,0.19656163,0.0,1752
AU,2013,heat,historical,0.004317400579805937,0.30023175,0.0,1752
AU,2014,heat,historical,0.006439423008744292,0.37229025,0.0,1752
AZ,1850,heat,historical,0.0,0.0,0.0,12
AZ,1851,heat,historical,0.0,0.0,0.0,12
AZ,1852,heat,historical,0.0,0.0,0.0,12
AZ,1853,heat,historical,0.0,0.0,0.0,12
AZ,1854,heat,historical,0.0,0.0,0.0,12
AZ,1855,heat,historical,0.0,0.0,0.0,12
AZ,1856,heat,historical,0.0,0.0,0.0,12
AZ,1857,heat,historical,0.0,0.0,0.0,12
AZ,1858,heat,historical,0.0,0.0,0.0,12
AZ,1859,heat,historical,0.0,0.0,0.0,12
AZ,1860,heat,historical,0.0,0.0,0.0,12
AZ,1861,heat,historical,0.0,0.0,0.0,12
AZ,1862,heat,historical,0.0,0.0,0.0,12
AZ,1863,heat,historical,0.0,0.0,0.0,12
AZ,1864,heat,historical,0.0,0.0,0.0,12
AZ,1865,heat,historical,0.0,0.0,0.0,12
AZ,1866,heat,historical,0.0,0.0,0.0,12
AZ,1867,heat,historical,0.0,0.0,0.0,12
AZ,1868,heat,historical,0.0,0.0,0.0,12
AZ,1869,heat,historical,0.0,0.0,0.0,12
AZ,1870,heat,historical,0.0,0.0,0.0,12
AZ,1871,heat,historical,0.0,0.0,0.0,12
AZ,1872,heat,historical,0.0,0.0,0.0,12
AZ,1873,heat,historical,0.0,0.0,0.0,12
AZ,1874,heat,historical,0.0,0.0,0.0,12
AZ,1875,heat,historical,0.0,0.0,0.0,12
AZ,1876,heat,historical,0.0,0.0,0.0,12
AZ,1877,heat,historical,0.0,0.0,0.0,12
AZ,1878,heat,historical,0.0,0.0,0.0,12
AZ,1879,heat,historical,0.0,0.0,0.0,12
AZ,1880,heat,historical,0.0,0.0,0.0,12
AZ,1881,heat,historical,0.0,0.0,0.0,12
AZ,1882,heat,historical,0.0,0.0,0.0,12
AZ,1883,heat,historical,0.0,0.0,0.0,12
AZ,1884,heat,historical,0.0,0.0,0.0,12
AZ,1885,heat,historical,0.0,0.0,0.0,12
AZ,1886,heat,historical,0.0,0.0,0.0,12
AZ,1887,heat,historical,0.0,0.0,0.0,12
AZ,1888,heat,historical,0.0,0.0,0.0,12
AZ,1889,heat,historical,0.0,0.0,0.0,12
AZ,1890,heat,historical,0.0,0.0,0.0,12
AZ,1891,heat,historical,0.0,0.0,0.0,12
AZ,1892,heat,historical,0.0,0.0,0.0,12
AZ,1893,heat,historical,0.0,0.0,0.0,12
AZ,1894,heat,historical,0.0,0.0,0.0,12
AZ,1895,heat,historical,0.0,0.0,0.0,12
AZ,1896,heat,historical,0.0,0.0,0.0,12
AZ,1897,heat,historical,0.0,0.0,0.0,12
AZ,1898,heat,historical,0.0,0.0,0.0,12
AZ,1899,heat,historical,0.0,0.0,0.0,12
AZ,1900,heat,historical,0.0,0.0,0.0,12
AZ,1901,heat,historical,0.0,0.0,0.0,12
AZ,1902,heat,historical,0.0,0.0,0.0,12
AZ,1903,heat,historical,0.0,0.0,0.0,12
AZ,1904,heat,historical,0.0,0.0,0.0,12
AZ,1905,heat,historical,0.0,0.0,0.0,12
AZ,1906,heat,historical,0.0,0.0,0.0,12
AZ,1907,heat,historical,0.0,0.0,0.0,12
AZ,1908,heat,historical,0.0,0.0,0.0,12
AZ,1909,heat,historical,0.0,0.0,0.0,12
AZ,1910,heat,historical,0.0,0.0,0.0,12
AZ,1911,heat,historical,0.0,0.0,0.0,12
AZ,1912,heat,historical,0.0,0.0,0.0,12
AZ,1913,heat,historical,0.0,0.0,0.0,12
AZ,1914,heat,historical,0.0,0.0,0.0,12
AZ,1915,heat,historical,0.0,0.0,0.0,12
AZ,1916,heat,historical,0.0,0.0,0.0,12
AZ,1917,heat,historical,0.0,0.0,0.0,12
AZ,1918,heat,historical,0.00139152725,0.016698327,0.0,12
AZ,1919,heat,historical,0.0,0.0,0.0,12
AZ,1920,heat,historical,0.0,0.0,0.0,12
AZ,1921,heat,historical,0.0,0.0,0.0,12
AZ,1922,heat,historical,0.0,0.0,0.0,12
AZ,1923,heat,historical,0.0,0.0,0.0,12
AZ,1924,heat,historical,0.0,0.0,0.0,12
AZ,1925,heat,historical,0.0,0.0,0.0,12
AZ,1926,heat,historical,0.0,0.0,0.0,12
AZ,1927,heat,historical,0.0,0.0,0.0,12
AZ,1928,heat,historical,0.0,0.0,0.0,12
AZ,1929,heat,historical,0.0,0.0,0.0,12
AZ,1930,heat,historical,0.0,0.0,0.0,12
AZ,1931,heat,historical,0.0,0.0,0.0,12
AZ,1932,heat,historical,0.0,0.0,0.0,12
AZ,1933,heat,historical,0.0,0.0,0.0,12
AZ,1934,heat,historical,0.0,0.0,0.0,12
AZ,1935,heat,historical,0.0,0.0,0.0,12
AZ,1936,heat,historical,0.0,0.0,0.0,12
AZ,1937,heat,historical,0.0,0.0,0.0,12
AZ,1938,heat,historical,0.0,0.0,0.0,12
AZ,1939,heat,historical,0.0,0.0,0.0,12
AZ,1940,heat,historical,0.0,0.0,0.0,12
AZ,1941,heat,historical,0.0,0.0,0.0,12
AZ,1942,heat,historical,0.0,0.0,0.0,12
AZ,1943,heat,historical,0.0,0.0,0.0,12
AZ,1944,heat,historical,0.0,0.0,0.0,12
AZ,1945,heat,historical,0.0,0.0,0.0,12
AZ,1946,heat,historical,0.0,0.0,0.0,12
AZ,1947,heat,historical,0.0,0.0,0.0,12
AZ,1948,heat,historical,0.0,0.0,0.0,12
AZ,1949,heat,historical,0.0,0.0,0.0,12
AZ,1950,heat,historical,0.0,0.0,0.0,12
AZ,1951,heat,historical,0.0,0.0,0.0,12
AZ,1952,heat,historical,0.0,0.0,0.0,12
AZ,1953,heat,historical,0.0,0.0,0.0,12
AZ,1954,heat,historical,0.0,0.0,0.0,12
AZ,1955,heat,historical,0.0,0.0,0.0,12
AZ,1956,heat,historical,0.0,0.0,0.0,12
AZ,1957,heat,historical,0.0,0.0,0.0,12
AZ,1958,heat,historical,0.0,0.0,0.0,12
AZ,1959,heat,historical,0.0,0.0,0.0,12
AZ,1960,heat,historical,0.0,0.0,0.0,12
AZ,1961,heat,historical,0.0,0.0,0.0,12
AZ,1962,heat,historical,0.0,0.0,0.0,12
AZ,1963,heat,historical,0.0,0.0,0.0,12
AZ,1964,heat,historical,0.0,0.0,0.0,12
AZ,1965,heat,historical,0.0,0.0,0.0,12
AZ,1966,heat,historical,0.0,0.0,0.0,12
AZ,1967,heat,historical,0.0,0.0,0.0,12
AZ,1968,heat,historical,0.0,0.0,0.0,12
AZ,1969,heat,historical,0.0,0.0,0.0,12
AZ,1970,heat,historical,0.0,0.0,0.0,12
AZ,1971,heat,historical,0.0,0.0,0.0,12
AZ,1972,heat,historical,0.0,0.0,0.0,12
AZ,1973,heat,historical,0.0,0.0,0.0,12
AZ,1974,heat,historical,0.0,0.0,0.0,12
AZ,1975,heat,historical,0.0,0.0,0.0,12
AZ,1976,heat,historical,0.0,0.0,0.0,12
AZ,1977,heat,historical,0.0,0.0,0.0,12
AZ,1978,heat,historical,0.0,0.0,0.0,12
AZ,1979,heat,historical,0.0,0.0,0.0,12
AZ,1980,heat,historical,0.0,0.0,0.0,12
AZ,1981,heat,historical,0.0,0.0,0.0,12
AZ,1982,heat,historical,0.0,0.0,0.0,12
AZ,1983,heat,historical,0.0,0.0,0.0,12
AZ,1984,heat,historical,0.0,0.0,0.0,12
AZ,1985,heat,historical,0.0,0.0,0.0,12
AZ,1986,heat,historical,0.0,0.0,0.0,12
AZ,1987,heat,historical,0.0,0.0,0.0,12
AZ,1988,heat,historical,0.0,0.0,0.0,12
AZ,1989,heat,historical,0.0,0.0,0.0,12
AZ,1990,heat,historical,0.0,0.0,0.0,12
AZ,1991,heat,historical,0.0,0.0,0.0,12
AZ,1992,heat,historical,0.0,0.0,0.0,12
AZ,1993,heat,historical,0.0,0.0,0.0,12
AZ,1994,heat,historical,0.0,0.0,0.0,12
AZ,1995,heat,historical,0.0,0.0,0.0,12
AZ,1996,heat,historical,0.0,0.0,0.0,12
AZ,1997,heat,historical,0.0,0.0,0.0,12
AZ,1998,heat,historical,0.0,0.0,0.0,12
AZ,1999,heat,historical,0.0,0.0,0.0,12
AZ,2000,heat,historical,0.0,0.0,0.0,12
AZ,2001,heat,historical,0.0,0.0,0.0,12
AZ,2002,heat,historical,0.0,0.0,0.0,12
AZ,2003,heat,historical,0.0,0.0,0.0,12
AZ,2004,heat,historical,0.0,0.0,0.0,12
AZ,2005,heat,historical,0.0,0.0,0.0,12
AZ,2006,heat,historical,0.0,0.0,0.0,12
AZ,2007,heat,historical,0.0,0.0,0.0,12
AZ,2008,heat,historical,0.0,0.0,0.0,12
AZ,2009,heat,historical,0.0,0.0,0.0,12
AZ,2010,heat,historical,0.0,0.0,0.0,12
AZ,2011,heat,historical,0.0,0.0,0.0,12
AZ,2012,heat,historical,0.0,0.0,0.0,12
AZ,2013,heat,historical,0.0,0.0,0.0,12
AZ,2014,heat,historical,0.0,0.0,0.0,12
BA,1850,heat,historical,0.0,0.0,0.0,12
BA,1851,heat,historical,0.0,0.0,0.0,12
BA,1852,heat,historical,0.0,0.0,0.0,12
BA,1853,heat,historical,0.0,0.0,0.0,12
BA,1854,heat,historical,0.0,0.0,0.0,12
BA,1855,heat,historical,0.0,0.0,0.0,12
BA,1856,heat,historical,0.0,0.0,0.0,12
BA,1857,heat,historical,0.0,0.0,0.0,12
BA,1858,heat,historical,0.0,0.0,0.0,12
BA,1859,heat,historical,0.0,0.0,0.0,12
BA,1860,heat,historical,0.0,0.0,0.0,12
BA,1861,heat,historical,0.0,0.0,0.0,12
BA,1862,heat,historical,0.0,0.0,0.0,12
BA,1863,heat,historical,0.0,0.0,0.0,12
BA,1864,heat,historical,0.0,0.0,0.0,12
BA,1865,heat,historical,0.0,0.0,0.0,12
BA,1866,heat,historical,0.0,0.0,0.0,12
BA,1867,heat,historical,0.0,0.0,0.0,12
BA,1868,heat,historical,0.0,0.0,0.0,12
BA,1869,heat,historical,0.0,0.0,0.0,12
BA,1870,heat,historical,0.0,0.0,0.0,12
BA,1871,heat,historical,0.0,0.0,0.0,12
BA,1872,heat,historical,0.0,0.0,0.0,12
BA,1873,heat,historical,0.0,0.0,0.0,12
BA,1874,heat,historical,0.0,0.0,0.0,12
BA,1875,heat,historical,0.0,0.0,0.0,12
BA,1876,heat,historical,0.0,0.0,0.0,12
BA,1877,heat,historical,0.0,0.0,0.0,12
BA,1878,heat,historical,0.0,0.0,0.0,12
BA,1879,heat,historical,0.0,0.0,0.0,12
BA,1880,heat,historical,0.0,0.0,0.0,12
BA,1881,heat,historical,0.0,0.0,0.0,12
BA,1882,heat,historical,0.0,0.0,0.0,12
BA,1883,heat,historical,0.0,0.0,0.0,12
BA,1884,heat,historical,0.0,0.0,0.0,12
BA,1885,heat,historical,0.0,0.0,0.0,12
BA,1886,heat,historical,0.0,0.0,0.0,12
BA,1887,heat,historical,0.0,0.0,0.0,12
BA,1888,heat,historical,0.0,0.0,0.0,12
BA,1889,heat,historical,0.0,0.0,0.0,12
BA,1890,heat,historical,0.0,0.0,0.0,12
BA,1891,heat,historical,0.0,0.0,0.0,12
BA,1892,heat,historical,0.0,0.0,0.0,12
BA,1893,heat,historical,0.0,0.0,0.0,12
BA,1894,heat,historical,0.0,0.0,0.0,12
BA,1895,heat,historical,0.0,0.0,0.0,12
BA,1896,heat,historical,0.0,0.0,0.0,12
BA,1897,heat,historical,0.0,0.0,0.0,12
BA,1898,heat,historical,0.0,0.0,0.0,12
BA,1899,heat,historical,0.0,0.0,0.0,12
BA,1900,heat,historical,0.0,0.0,0.0,12
BA,1901,heat,historical,0.0,0.0,0.0,12
BA,1902,heat,historical,0.0,0.0,0.0,12
BA,1903,heat,historical,0.0,0.0,0.0,12
BA,1904,heat,historical,0.0,0.0,0.0,12
BA,1905,heat,historical,0.0,0.0,0.0,12
BA,1906,heat,historical,0.0,0.0,0.0,12
BA,1907,heat,historical,0.0,0.0,0.0,12
BA,1908,heat,historical,0.0,0.0,0.0,12
BA,1909,heat,historical,0.0,0.0,0.0,12
BA,1910,heat,historical,0.0,0.0,0.0,12
BA,1911,heat,historical,0.0,0.0,0.0,12
BA,1912,heat,historical,0.0,0.0,0.0,12
BA,1913,heat,historical,0.0,0.0,0.0,12
BA,1914,heat,historical,0.0,0.0,0.0,12
BA,1915,heat,historical,0.0,0.0,0.0,12
BA,1916,heat,historical,0.0,0.0,0.0,12
BA,1917,heat,historical,0.0,0.0,0.0,12
BA,1918,heat,historical,0.0,0.0,0.0,12
BA,1919,heat,historical,0.0,0.0,0.0,12
BA,1920,heat,historical,0.0,0.0,0.0,12
BA,1921,heat,historical,0.0,0.0,0.0,12
BA,1922,heat,historical,0.0,0.0,0.0,12
BA,1923,heat,historical,0.0,0.0,0.0,12
BA,1924,heat,historical,0.0,0.0,0.0,12
BA,1925,heat,historical,0.0,0.0,0.0,12
BA,1926,heat,historical,0.0,0.0,0.0,12
BA,1927,heat,historical,0.0,0.0,0.0,12
BA,1928,heat,historical,0.0,0.0,0.0,12
BA,1929,heat,historical,0.0,0.0,0.0,12
BA,1930,heat,historical,0.0,0.0,0.0,12
BA,1931,heat,historical,0.0,0.0,0.0,12
BA,1932,heat,historical,0.0,0.0,0.0,12
BA,1933,heat,historical,0.0,0.0,0.0,12
BA,1934,heat,historical,0.0,0.0,0.0,12
BA,1935,heat,historical,0.0,0.0,0.0,12
BA,1936,heat,historical,0.0,0.0,0.0,12
BA,1937,heat,historical,0.0,0.0,0.0,12
BA,1938,heat,historical,0.0,0.0,0.0,12
BA,1939,heat,historical,0.0,0.0,0.0,12
BA,1940,heat,historical,0.0,0.0,0.0,12
BA,1941,heat,historical,0.0,0.0,0.0,12
BA,1942,heat,historical,0.0,0.0,0.0,12
BA,1943,heat,historical,0.0,0.0,0.0,12
BA,1944,heat,historical,0.0,0.0,0.0,12
BA,1945,heat,historical,0.0,0.0,0.0,12
BA,1946,heat,historical,0.0,0.0,0.0,12
BA,1947,heat,historical,0.0,0.0,0.0,12
BA,1948,heat,historical,0.0,0.0,0.0,12
BA,1949,heat,historical,0.0,0.0,0.0,12
BA,1950,heat,historical,0.0,0.0,0.0,12
BA,1951,heat,historical,0.0,0.0,0.0,12
BA,1952,heat,historical,0.0,0.0,0.0,12
BA,1953,heat,historical,0.0,0.0,0.0,12
BA,1954,heat,historical,0.0,0.0,0.0,12
BA,1955,heat,historical,0.0,0.0,0.0,12
BA,1956,heat,historical,0.0,0.0,0.0,12
BA,1957,heat,historical,0.0,0.0,0.0,12
BA,1958,heat,historical,0.0,0.0,0.0,12
BA,1959,heat,historical,0.0,0.0,0.0,12
BA,1960,heat,historical,0.0,0.0,0.0,12
BA,1961,heat,historical,0.0,0.0,0.0,12
BA,1962,heat,historical,0.0,0.0,0.0,12
BA,1963,heat,historical,0.0,0.0,0.0,12
BA,1964,heat,historical,0.0,0.0,0.0,12
BA,1965,heat,historical,0.0,0.0,0.0,12
BA,1966,heat,historical,0.0,0.0,0.0,12
BA,1967,heat,historical,0.0,0.0,0.0,12
BA,1968,heat,historical,0.0,0.0,0.0,12
BA,1969,heat,historical,0.0,0.0,0.0,12
BA,1970,heat,historical,0.0,0.0,0.0,12
BA,1971,heat,historical,0.0,0.0,0.0,12
BA,1972,heat,historical,0.0,0.0,0.0,12
BA,1973,heat,historical,0.0,0.0,0.0,12
BA,1974,heat,historical,0.0,0.0,0.0,12
BA,1975,heat,historical,0.0,0.0,0.0,12
BA,1976,heat,historical,0.0,0.0,0.0,12
BA,1977,heat,historical,0.0,0.0,0.0,12
BA,1978,heat,historical,0.0,0.0,0.0,12
BA,1979,heat,historical,0.0,0.0,0.0,12
BA,1980,heat,historical,0.0,0.0,0.0,12
BA,1981,heat,historical,0.0,0.0,0.0,12
BA,1982,heat,historical,0.0,0.0,0.0,12
BA,1983,heat,historical,0.0,0.0,0.0,12
BA,1984,heat,historical,0.0,0.0,0.0,12
BA,1985,heat,historical,0.0,0.0,0.0,12
BA,1986,heat,historical,0.0,0.0,0.0,12
BA,1987,heat,historical,0.0,0.0,0.0,12
BA,1988,heat,historical,0.0,0.0,0.0,12
BA,1989,heat,historical,0.0,0.0,0.0,12
BA,1990,heat,historical,0.0,0.0,0.0,12
BA,1991,heat,historical,0.0,0.0,0.0,12
BA,1992,heat,historical,0.0,0.0,0.0,12
BA,1993,heat,historical,0.0,0.0,0.0,12
BA,1994,heat,historical,0.0,0.0,0.0,12
BA,1995,heat,historical,0.0,0.0,0.0,12
BA,1996,heat,historical,0.0,0.0,0.0,12
BA,1997,heat,historical,0.0,0.0,0.0,12
BA,1998,heat,historical,0.0,0.0,0.0,12
BA,1999,heat,historical,0.0,0.0,0.0,12
BA,2000,heat,historical,0.0,0.0,0.0,12
BA,2001,heat,historical,0.0,0.0,0.0,12
BA,2002,heat,historical,0.0,0.0,0.0,12
BA,2003,heat,historical,0.0,0.0,0.0,12
BA,2004,heat,historical,0.0,0.0,0.0,12
BA,2005,heat,historical,0.0,0.0,0.0,12
BA,2006,heat,historical,0.0,0.0,0.0,12
BA,2007,heat,historical,0.0,0.0,0.0,12
BA,2008,heat,historical,0.0,0.0,0.0,12
BA,2009,heat,historical,0.0,0.0,0.0,12
BA,2010,heat,historical,0.0,0.0,0.0,12
BA,2011,heat,historical,0.0,0.0,0.0,12
BA,2012,heat,historical,0.0,0.0,0.0,12
BA,2013,heat,historical,0.0,0.0,0.0,12
BA,2014,heat,historical,0.0,0.0,0.0,12
BE,1850,heat,historical,0.0,0.0,0.0,12
BE,1851,heat,historical,0.0,0.0,0.0,12
BE,1852,heat,historical,0.0,0.0,0.0,12
BE,1853,heat,historical,0.0,0.0,0.0,12
BE,1854,heat,historical,0.0,0.0,0.0,12
BE,1855,heat,historical,0.0,0.0,0.0,12
BE,1856,heat,historical,0.0,0.0,0.0,12
BE,1857,heat,historical,0.0,0.0,0.0,12
BE,1858,heat,historical,0.0,0.0,0.0,12
BE,1859,heat,historical,0.0,0.0,0.0,12
BE,1860,heat,historical,0.0,0.0,0.0,12
BE,1861,heat,historical,0.0,0.0,0.0,12
BE,1862,heat,historical,0.0,0.0,0.0,12
BE,1863,heat,historical,0.0,0.0,0.0,12
BE,1864,heat,historical,0.0,0.0,0.0,12
BE,1865,heat,historical,0.0,0.0,0.0,12
BE,1866,heat,historical,0.0,0.0,0.0,12
BE,1867,heat,historical,0.0,0.0,0.0,12
BE,1868,heat,historical,0.0,0.0,0.0,12
BE,1869,heat,historical,0.0,0.0,0.0,12
BE,1870,heat,historical,0.0,0.0,0.0,12
BE,1871,heat,historical,0.0,0.0,0.0,12
BE,1872,heat,historical,0.0,0.0,0.0,12
BE,1873,heat,historical,0.0,0.0,0.0,12
BE,1874,heat,historical,0.0,0.0,0.0,12
BE,1875,heat,historical,0.0,0.0,0.0,12
BE,1876,heat,historical,0.0,0.0,0.0,12
BE,1877,heat,historical,0.0,0.0,0.0,12
BE,1878,heat,historical,0.0,0.0,0.0,12
BE,1879,heat,historical,0.0,0.0,0.0,12
BE,1880,heat,historical,0.0,0.0,0.0,12
BE,1881,heat,historical,0.0,0.0,0.0,12
BE,1882,heat,historical,0.0,0.0,0.0,12
BE,1883,heat,historical,0.0,0.0,0.0,12
BE,1884,heat,historical,0.0,0.0,0.0,12
BE,1885,heat,historical,0.0,0.0,0.0,12
BE,1886,heat,historical,0.0,0.0,0.0,12
BE,1887,heat,historical,0.0,0.0,0.0,12
BE,1888,heat,historical,0.0,0.0,0.0,12
BE,1889,heat,historical,0.0,0.0,0.0,12
BE,1890,heat,historical,0.0,0.0,0.0,12
BE,1891,heat,historical,0.0,0.0,0.0,12
BE,1892,heat,historical,0.0,0.0,0.0,12
BE,1893,heat,historical,0.0,0.0,0.0,12
BE,1894,heat,historical,0.0,0.0,0.0,12
BE,1895,heat,historical,0.0,0.0,0.0,12
BE,1896,heat,historical,0.0,0.0,0.0,12
BE,1897,heat,historical,0.0,0.0,0.0,12
BE,1898,heat,historical,0.0,0.0,0.0,12
BE,1899,heat,historical,0.0,0.0,0.0,12
BE,1900,heat,historical,0.0,0.0,0.0,12
BE,1901,heat,historical,0.0,0.0,0.0,12
BE,1902,heat,historical,0.0,0.0,0.0,12
BE,1903,heat,historical,0.0,0.0,0.0,12
BE,1904,heat,historical,0.0,0.0,0.0,12
BE,1905,heat,historical,0.0,0.0,0.0,12
BE,1906,heat,historical,0.0,0.0,0.0,12
BE,1907,heat,historical,0.0,0.0,0.0,12
BE,1908,heat,historical,0.0,0.0,0.0,12
BE,1909,heat,historical,0.0,0.0,0.0,12
BE,1910,heat,historical,0.0,0.0,0.0,12
BE,1911,heat,historical,0.0,0.0,0.0,12
BE,1912,heat,historical,0.0,0.0,0.0,12
BE,1913,heat,historical,0.0,0.0,0.0,12
BE,1914,heat,historical,0.0,0.0,0.0,12
BE,1915,heat,historical,0.0,0.0,0.0,12
BE,1916,heat,historical,0.0,0.0,0.0,12
BE,1917,heat,historical,0.0,0.0,0.0,12
BE,1918,heat,historical,0.0,0.0,0.0,12
BE,1919,heat,historical,0.0,0.0,0.0,12
BE,1920,heat,historical,0.0,0.0,0.0,12
BE,1921,heat,historical,0.0,0.0,0.0,12
BE,1922,heat,historical,0.0,0.0,0.0,12
BE,1923,heat,historical,0.0,0.0,0.0,12
BE,1924,heat,historical,0.0,0.0,0.0,12
BE,1925,heat,historical,0.0,0.0,0.0,12
BE,1926,heat,historical,0.0,0.0,0.0,12
BE,1927,heat,historical,0.0,0.0,0.0,12
BE,1928,heat,historical,0.0,0.0,0.0,12
BE,1929,heat,historical,0.0,0.0,0.0,12
BE,1930,heat,historical,0.0,0.0,0.0,12
BE,1931,heat,historical,0.0,0.0,0.0,12
BE,1932,heat,historical,0.0,0.0,0.0,12
BE,1933,heat,historical,0.0,0.0,0.0,12
BE,1934,heat,historical,0.0,0.0,0.0,12
BE,1935,heat,historical,0.0,0.0,0.0,12
BE,1936,heat,historical,0.0,0.0,0.0,12
BE,1937,heat,historical,0.0,0.0,0.0,12
BE,1938,heat,historical,0.0,0.0,0.0,12
BE,1939,heat,historical,0.0,0.0,0.0,12
BE,1940,heat,historical,0.0,0.0,0.0,12
BE,1941,heat,historical,0.0,0.0,0.0,12
BE,1942,heat,historical,0.0,0.0,0.0,12
BE,1943,heat,historical,0.0,0.0,0.0,12
BE,1944,heat,historical,0.0,0.0,0.0,12
BE,1945,heat,historical,0.0,0.0,0.0,12
BE,1946,heat,historical,0.0,0.0,0.0,12
BE,1947,heat,historical,0.0,0.0,0.0,12
BE,1948,heat,historical,0.0,0.0,0.0,12
BE,1949,heat,historical,0.0,0.0,0.0,12
BE,1950,heat,historical,0.0,0.0,0.0,12
BE,1951,heat,historical,0.0,0.0,0.0,12
BE,1952,heat,historical,0.0,0.0,0.0,12
BE,1953,heat,historical,0.0,0.0,0.0,12
BE,1954,heat,historical,0.0,0.0,0.0,12
BE,1955,heat,historical,0.0,0.0,0.0,12
BE,1956,heat,historical,0.0,0.0,0.0,12
BE,1957,heat,historical,0.0,0.0,0.0,12
BE,1958,heat,historical,0.0,0.0,0.0,12
BE,1959,heat,historical,0.0,0.0,0.0,12
BE,1960,heat,historical,0.0,0.0,0.0,12
BE,1961,heat,historical,0.0,0.0,0.0,12
BE,1962,heat,historical,0.0,0.0,0.0,12
BE,1963,heat,historical,0.0,0.0,0.0,12
BE,1964,heat,historical,0.0,0.0,0.0,12
BE,1965,heat,historical,0.0,0.0,0.0,12
BE,1966,heat,historical,0.0,0.0,0.0,12
BE,1967,heat,historical,0.0,0.0,0.0,12
BE,1968,heat,historical,0.0,0.0,0.0,12
BE,1969,heat,historical,0.0,0.0,0.0,12
BE,1970,heat,historical,0.0,0.0,0.0,12
BE,1971,heat,historical,0.0,0.0,0.0,12
BE,1972,heat,historical,0.0,0.0,0.0,12
BE,1973,heat,historical,0.0,0.0,0.0,12
BE,1974,heat,historical,0.0,0.0,0.0,12
BE,1975,heat,historical,0.0,0.0,0.0,12
BE,1976,heat,historical,0.0,0.0,0.0,12
BE,1977,heat,historical,0.0,0.0,0.0,12
BE,1978,heat,historical,0.0,0.0,0.0,12
BE,1979,heat,historical,0.0,0.0,0.0,12
BE,1980,heat,historical,0.0,0.0,0.0,12
BE,1981,heat,historical,0.0,0.0,0.0,12
BE,1982,heat,historical,0.0,0.0,0.0,12
BE,1983,heat,historical,0.0,0.0,0.0,12
BE,1984,heat,historical,0.0,0.0,0.0,12
BE,1985,heat,historical,0.0,0.0,0.0,12
BE,1986,heat,historical,0.0,0.0,0.0,12
BE,1987,heat,historical,0.0,0.0,0.0,12
BE,1988,heat,historical,0.0,0.0,0.0,12
BE,1989,heat,historical,0.0,0.0,0.0,12
BE,1990,heat,historical,0.0,0.0,0.0,12
BE,1991,heat,historical,0.0,0.0,0.0,12
BE,1992,heat,historical,0.0,0.0,0.0,12
BE,1993,heat,historical,0.0,0.0,0.0,12
BE,1994,heat,historical,0.0,0.0,0.0,12
BE,1995,heat,historical,0.0,0.0,0.0,12
BE,1996,heat,historical,0.0,0.0,0.0,12
BE,1997,heat,historical,0.0,0.0,0.0,12
BE,1998,heat,historical,0.0,0.0,0.0,12
BE,1999,heat,historical,0.0,0.0,0.0,12
BE,2000,heat,historical,0.0,0.0,0.0,12
BE,2001,heat,historical,0.0,0.0,0.0,12
BE,2002,heat,historical,0.0,0.0,0.0,12
BE,2003,heat,historical,0.0,0.0,0.0,12
BE,2004,heat,historical,0.0,0.0,0.0,12
BE,2005,heat,historical,0.0,0.0,0.0,12
BE,2006,heat,historical,0.0,0.0,0.0,12
BE,2007,heat,historical,0.0,0.0,0.0,12
BE,2008,heat,historical,0.0,0.0,0.0,12
BE,2009,heat,historical,0.0,0.0,0.0,12
BE,2010,heat,historical,0.0,0.0,0.0,12
BE,2011,heat,historical,0.0,0.0,0.0,12
BE,2012,heat,historical,0.0,0.0,0.0,12
BE,2013,heat,historical,0.0,0.0,0.0,12
BE,2014,heat,historical,0.0,0.0,0.0,12
BG,1850,heat,historical,0.0,0.0,0.0,24
BG,1851,heat,historical,0.0,0.0,0.0,24
BG,1852,heat,historical,0.0,0.0,0.0,24
BG,1853,heat,historical,0.0,0.0,0.0,24
BG,1854,heat,historical,0.0,0.0,0.0,24
BG,1855,heat,historical,0.0,0.0,0.0,24
BG,1856,heat,historical,0.0,0.0,0.0,24
BG,1857,heat,historical,0.0,0.0,0.0,24
BG,1858,heat,historical,0.0,0.0,0.0,24
BG,1859,heat,historical,0.0,0.0,0.0,24
BG,1860,heat,historical,0.0,0.0,0.0,24
BG,1861,heat,historical,0.0,0.0,0.0,24
BG,1862,heat,historical,0.0,0.0,0.0,24
BG,1863,heat,historical,0.0,0.0,0.0,24
BG,1864,heat,historical,0.0,0.0,0.0,24
BG,1865,heat,historical,0.0,0.0,0.0,24
BG,1866,heat,historical,0.0,0.0,0.0,24
BG,1867,heat,historical,0.0,0.0,0.0,24
BG,1868,heat,historical,0.0,0.0,0.0,24
BG,1869,heat,historical,0.0,0.0,0.0,24
BG,1870,heat,historical,0.0,0.0,0.0,24
BG,1871,heat,historical,0.0,0.0,0.0,24
BG,1872,heat,historical,0.0,0.0,0.0,24
BG,1873,heat,historical,0.0,0.0,0.0,24
BG,1874,heat,historical,0.0,0.0,0.0,24
BG,1875,heat,historical,0.0,0.0,0.0,24
BG,1876,heat,historical,0.0,0.0,0.0,24
BG,1877,heat,historical,0.0,0.0,0.0,24
BG,1878,heat,historical,0.0,0.0,0.0,24
BG,1879,heat,historical,0.0,0.0,0.0,24
BG,1880,heat,historical,0.0,0.0,0.0,24
BG,1881,heat,historical,0.0,0.0,0.0,24
BG,1882,heat,historical,0.0,0.0,0.0,24
BG,1883,heat,historical,0.0,0.0,0.0,24
BG,1884,heat,historical,0.0,0.0,0.0,24
BG,1885,heat,historical,0.0,0.0,0.0,24
BG,1886,heat,historical,0.0,0.0,0.0,24
BG,1887,heat,historical,0.0,0.0,0.0,24
BG,1888,heat,historical,0.0,0.0,0.0,24
BG,1889,heat,historical,0.0,0.0,0.0,24
BG,1890,heat,historical,0.0,0.0,0.0,24
BG,1891,heat,historical,0.0,0.0,0.0,24
BG,1892,heat,historical,0.0,0.0,0.0,24
BG,1893,heat,historical,0.0,0.0,0.0,24
BG,1894,heat,historical,0.0,0.0,0.0,24
BG,1895,heat,historical,0.0,0.0,0.0,24
BG,1896,heat,historical,0.0,0.0,0.0,24
BG,1897,heat,historical,0.0,0.0,0.0,24
BG,1898,heat,historical,0.0,0.0,0.0,24
BG,1899,heat,historical,0.0,0.0,0.0,24
BG,1900,heat,historical,0.0,0.0,0.0,24
BG,1901,heat,historical,0.0,0.0,0.0,24
BG,1902,heat,historical,0.0,0.0,0.0,24
BG,1903,heat,historical,0.0,0.0,0.0,24
BG,1904,heat,historical,0.0,0.0,0.0,24
BG,1905,heat,historical,0.0,0.0,0.0,24
BG,1906,heat,historical,0.0,0.0,0.0,24
BG,1907,heat,historical,0.0,0.0,0.0,24
BG,1908,heat,historical,0.0,0.0,0.0,24
BG,1909,heat,historical,0.0,0.0,0.0,24
BG,1910,heat,historical,0.0,0.0,0.0,24
BG,1911,heat,historical,0.0,0.0,0.0,24
BG,1912,heat,historical,0.0,0.0,0.0,24
BG,1913,heat,historical,0.0,0.0,0.0,24
BG,1914,heat,historical,0.0,0.0,0.0,24
BG,1915,heat,historical,0.0,0.0,0.0,24
BG,1916,heat,historical,0.0,0.0,0.0,24
BG,1917,heat,historical,0.0,0.0,0.0,24
BG,1918,heat,historical,0.0,0.0,0.0,24
BG,1919,heat,historical,0.0,0.0,0.0,24
BG,1920,heat,historical,0.0,0.0,0.0,24
BG,1921,heat,historical,0.0,0.0,0.0,24
BG,1922,heat,historical,0.0,0.0,0.0,24
BG,1923,heat,historical,0.0,0.0,0.0,24
BG,1924,heat,historical,0.0,0.0,0.0,24
BG,1925,heat,historical,0.0,0.0,0.0,24
BG,1926,heat,historical,0.0,0.0,0.0,24
BG,1927,heat,historical,0.0,0.0,0.0,24
BG,1928,heat,historical,0.0,0.0,0.0,24
BG,1929,heat,historical,0.0,0.0,0.0,24
BG,1930,heat,historical,0.0,0.0,0.0,24
BG,1931,heat,historical,0.0,0.0,0.0,24
BG,1932,heat,historical,0.0,0.0,0.0,24
BG,1933,heat,historical,0.0,0.0,0.0,24
BG,1934,heat,historical,0.0,0.0,0.0,24
BG,1935,heat,historical,0.0,0.0,0.0,24
BG,1936,heat,historical,0.0,0.0,0.0,24
BG,1937,heat,historical,0.0,0.0,0.0,24
BG,1938,heat,historical,0.0,0.0,0.0,24
BG,1939,heat,historical,0.0,0.0,0.0,24
BG,1940,heat,historical,0.0,0.0,0.0,24
BG,1941,heat,historical,0.0,0.0,0.0,24
BG,1942,heat,historical,0.0,0.0,0.0,24
BG,1943,heat,historical,0.0,0.0,0.0,24
BG,1944,heat,historical,0.0,0.0,0.0,24
BG,1945,heat,historical,0.0,0.0,0.0,24
BG,1946,heat,historical,0.0,0.0,0.0,24
BG,1947,heat,historical,0.0,0.0,0.0,24
BG,1948,heat,historical,0.0,0.0,0.0,24
BG,1949,heat,historical,0.0,0.0,0.0,24
BG,1950,heat,historical,0.0,0.0,0.0,24
BG,1951,heat,historical,0.0,0.0,0.0,24
BG,1952,heat,historical,0.0,0.0,0.0,24
BG,1953,heat,historical,0.0,0.0,0.0,24
BG,1954,heat,historical,0.0,0.0,0.0,24
BG,1955,heat,historical,0.0,0.0,0.0,24
BG,1956,heat,historical,0.0,0.0,0.0,24
BG,1957,heat,historical,0.0,0.0,0.0,24
BG,1958,heat,historical,0.0,0.0,0.0,24
BG,1959,heat,historical,0.0,0.0,0.0,24
BG,1960,heat,historical,0.0,0.0,0.0,24
BG,1961,heat,historical,0.0,0.0,0.0,24
BG,1962,heat,historical,0.0,0.0,0.0,24
BG,1963,heat,historical,0.0,0.0,0.0,24
BG,1964,heat,historical,0.0,0.0,0.0,24
BG,1965,heat,historical,0.0,0.0,0.0,24
BG,1966,heat,historical,0.0,0.0,0.0,24
BG,1967,heat,historical,0.0,0.0,0.0,24
BG,1968,heat,historical,0.0,0.0,0.0,24
BG,1969,heat,historical,0.0,0.0,0.0,24
BG,1970,heat,historical,0.0,0.0,0.0,24
BG,1971,heat,historical,0.0,0.0,0.0,24
BG,1972,heat,historical,0.0,0.0,0.0,24
BG,1973,heat,historical,0.0,0.0,0.0,24
BG,1974,heat,historical,0.0,0.0,0.0,24
BG,1975,heat,historical,0.0,0.0,0.0,24
BG,1976,heat,historical,0.0,0.0,0.0,24
BG,1977,heat,historical,0.0,0.0,0.0,24
BG,1978,heat,historical,0.0,0.0,0.0,24
BG,1979,heat,historical,0.0,0.0,0.0,24
BG,1980,heat,historical,0.0,0.0,0.0,24
BG,1981,heat,historical,0.0,0.0,0.0,24
BG,1982,heat,historical,0.0,0.0,0.0,24
BG,1983,heat,historical,0.0,0.0,0.0,24
BG,1984,heat,historical,0.0,0.0,0.0,24
BG,1985,heat,historical,0.0,0.0,0.0,24
BG,1986,heat,historical,0.0,0.0,0.0,24
BG,1987,heat,historical,0.0,0.0,0.0,24
BG,1988,heat,historical,0.0,0.0,0.0,24
BG,1989,heat,historical,0.0,0.0,0.0,24
BG,1990,heat,historical,0.0,0.0,0.0,24
BG,1991,heat,historical,0.0,0.0,0.0,24
BG,1992,heat,historical,0.0,0.0,0.0,24
BG,1993,heat,historical,0.0,0.0,0.0,24
BG,1994,heat,historical,0.0,0.0,0.0,24
BG,1995,heat,historical,0.0,0.0,0.0,24
BG,1996,heat,historical,0.0,0.0,0.0,24
BG,1997,heat,historical,0.0,0.0,0.0,24
BG,1998,heat,historical,0.0,0.0,0.0,24
BG,1999,heat,historical,0.0,0.0,0.0,24
BG,2000,heat,historical,0.0,0.0,0.0,24
BG,2001,heat,historical,0.0,0.0,0.0,24
BG,2002,heat,historical,0.0,0.0,0.0,24
BG,2003,heat,historical,0.0,0.0,0.0,24
BG,2004,heat,historical,0.0,0.0,0.0,24
BG,2005,heat,historical,0.0,0.0,0.0,24
BG,2006,heat,historical,0.0,0.0,0.0,24
BG,2007,heat,historical,0.0,0.0,0.0,24
BG,2008,heat,historical,0.0,0.0,0.0,24
BG,2009,heat,historical,0.0,0.0,0.0,24
BG,2010,heat,historical,0.0,0.0,0.0,24
BG,2011,heat,historical,0.0,0.0,0.0,24
BG,2012,heat,historical,0.0,0.0,0.0,24
BG,2013,heat,historical,0.0,0.0,0.0,24
BG,2014,heat,historical,0.0,0.0,0.0,24
BJ,1850,heat,historical,0.01112648243611111,0.1896173,0.0,36
BJ,1851,heat,historical,0.0031123998611111113,0.052828737,0.0,36
BJ,1852,heat,historical,0.005509886944444444,0.09398687,0.0,36
BJ,1853,heat,historical,0.012083102280555556,0.16881935,0.0,36
BJ,1854,heat,historical,0.008472877339583334,0.09570114,0.0,36
BJ,1855,heat,historical,0.005642347459166666,0.07948494,0.0,36
BJ,1856,heat,historical,0.008226381323166667,0.15315704,0.0,36
BJ,1857,heat,historical,0.01363407606388889,0.22883248,0.0,36
BJ,1858,heat,historical,0.008953453030138888,0.17703147,0.0,36
BJ,1859,heat,historical,0.007775156841666666,0.09744743,0.0,36
BJ,1860,heat,historical,0.0050364087500000005,0.06272467,0.0,36
BJ,1861,heat,historical,0.004268299166666666,0.11853442,0.0,36
BJ,1862,heat,historical,0.005859206222222222,0.069394924,0.0,36
BJ,1863,heat,historical,0.0142418645,0.21156427,0.0,36
BJ,1864,heat,historical,0.007615194527777778,0.14115143,0.0,36
BJ,1865,heat,historical,0.005426622222222222,0.12586488,0.0,36
BJ,1866,heat,historical,0.004095331622222222,0.07854857,0.0,36
BJ,1867,heat,historical,0.01388212148888889,0.16343755,0.0,36
BJ,1868,heat,historical,0.017866944133333333,0.20374188,0.0,36
BJ,1869,heat,historical,0.005213032841666666,0.11116938,0.0,36
BJ,1870,heat,historical,0.006253233361111111,0.07465802,0.0,36
BJ,1871,heat,historical,0.0026427932750000003,0.041082248,0.0,36
BJ,1872,heat,historical,0.023046095472222222,0.27397305,0.0,36
BJ,1873,heat,historical,0.019645903172222222,0.1916134,0.0,36
BJ,1874,heat,historical,0.004976200625,0.07468796,0.0,36
BJ,1875,heat,historical,0.0051993107805555555,0.0940994,0.0,36
BJ,1876,heat,historical,0.0134089301,0.17948185,0.0,36
BJ,1877,heat,historical,0.005140005852777778,0.048963483,0.0,36
BJ,1878,heat,historical,0.005448388261111111,0.09645737,0.0,36
BJ,1879,heat,historical,0.0021214814444444445,0.048976906,0.0,36
BJ,1880,heat,historical,0.009369691583333332,0.1555176,0.0,36
BJ,1881,heat,historical,0.011047691136111112,0.16566233,0.0,36
BJ,1882,heat,historical,0.010347044666666666,0.15516192,0.0,36
BJ,1883,heat,historical,0.008179995069444444,0.14353675,0.0,36
BJ,1884,heat,historical,0.003801933136111111,0.06644745,0.0,36
BJ,1885,heat,historical,0.007793309388888888,0.06905888,0.0,36
BJ,1886,heat,historical,0.02300551708888889,0.19327453,0.0,36
BJ,1887,heat,historical,0.008956421627777777,0.10937613,0.0,36
BJ,1888,heat,historical,0.005741341944444444,0.11477499,0.0,36
BJ,1889,heat,historical,0.005161915555555555,0.08945831,0.0,36
BJ,1890,heat,historical,0.009086759924444444,0.20789878,0.0,36
BJ,1891,heat,historical,0.011290889069444445,0.20751163,0.0,36
BJ,1892,heat,historical,0.01514292235,0.15417033,0.0,36
BJ,1893,heat,historical,0.006685129261111111,0.08036402,0.0,36
BJ,1894,heat,historical,0.003138295583333333,0.0589735,0.0,36
BJ,1895,heat,historical,0.009542242833333332,0.17242032,0.0,36
BJ,1896,heat,historical,0.011255573195555556,0.18558788,0.0,36
BJ,1897,heat,historical,0.005854947501666667,0.14758009,0.0,36
BJ,1898,heat,historical,0.006871130499999999,0.10222324,0.0,36
BJ,1899,heat,historical,0.0037655128888888886,0.10154238,0.0,36
BJ,1900,heat,historical,0.012700283333333333,0.19489744,0.0,36
BJ,1901,heat,historical,0.014335482194444447,0.20836645,0.0,36
BJ,1902,heat,historical,0.011071665000000001,0.15099108,0.0,36
BJ,1903,heat,historical,0.005698813305555556,0.115347445,0.0,36
BJ,1904,heat,historical,0.002629816888888889,0.043224454,0.0,36
BJ,1905,heat,historical,0.002041328138888889,0.048005946,0.0,36
BJ,1906,heat,historical,0.0060605786388888885,0.10407844,0.0,36
BJ,1907,heat,historical,0.012153218605555556,0.19030951,0.0,36
BJ,1908,heat,historical,0.004590747847222222,0.076000124,0.0,36
BJ,1909,heat,historical,0.008265094986111112,0.20916344,0.0,36
BJ,1910,heat,historical,0.010824466475,0.1909114,0.0,36
BJ,1911,heat,historical,0.007981863297222223,0.17140704,0.0,36
BJ,1912,heat,historical,0.013594487083333334,0.21902378,0.0,36
BJ,1913,heat,historical,0.0104412215,0.114269644,0.0,36
BJ,1914,heat,historical,0.010961745341666667,0.16319752,0.0,36
BJ,1915,heat,historical,0.005156609952777778,0.089023665,0.0,36
BJ,1916,heat,historical,0.006076293819444444,0.09059806,0.0,36
BJ,1917,heat,historical,0.003591283694444445,0.062343724,0.0,36
BJ,1918,heat,historical,0.008362742133333333,0.099934444,0.0,36
BJ,1919,heat,historical,0.014102033547222222,0.17241362,0.0,36
BJ,1920,heat,historical,0.023723583361111113,0.23941545,0.0,36
BJ,1921,heat,historical,0.016941281708333332,0.21284701,0.0,36
BJ,1922,heat,historical,0.00809174070361111,0.14126085,0.0,36
BJ,1923,heat,historical,0.016928649330555556,0.26358467,0.0,36
BJ,1924,heat,historical,0.009359826266666668,0.19550344,0.0,36
BJ,1925,heat,historical,0.004229814194444444,0.09453971,0.0,36
BJ,1926,heat,historical,0.0048827555513888884,0.112987936,0.0,36
BJ,1927,heat,historical,0.015551302652777777,0.22240175,0.0,36
BJ,1928,heat,historical,0.016090351561666667,0.28155488,0.0,36
BJ,1929,heat,historical,0.005635206769444445,0.10136223,0.0,36
BJ,1930,heat,historical,0.011720276822222223,0.1651606,0.0,36
BJ,1931,heat,historical,0.010929152941666666,0.121436976,0.0,36
BJ,1932,heat,historical,0.016697609494444446,0.20379505,0.0,36
BJ,1933,heat,historical,0.007655156027777778,0.13006462,0.0,36
BJ,1934,heat,historical,0.010880860194444446,0.18103558,0.0,36
BJ,1935,heat,historical,0.012185924927777779,0.11079359,0.0,36
BJ,1936,heat,historical,0.022160006333333333,0.22317758,0.0,36
BJ,1937,heat,historical,0.003322447327777778,0.07846804,0.0,36
BJ,1938,heat,historical,0.011707829722222222,0.13580468,0.0,36
BJ,1939,heat,historical,0.016156625377777775,0.14202431,0.0,36
BJ,1940,heat,historical,0.013238572077777778,0.19911163,0.0,36
BJ,1941,heat,historical,0.011102837944444444,0.19896555,0.0,36
BJ,1942,heat,historical,0.006067389448611111,0.09597524,0.0,36
BJ,1943,heat,historical,0.0062194366749999995,0.09692761,0.0,36
BJ,1944,heat,historical,0.015900263402777778,0.1941252,0.0,36
BJ,1945,heat,historical,0.012485446491666666,0.23128389,0.0,36
BJ,1946,heat,historical,0.009590951311111111,0.24476115,0.0,36
BJ,1947,heat,historical,0.01756092842222222,0.1873636,0.0,36
BJ,1948,heat,historical,0.008043362066666665,0.19540021,0.0,36
BJ,1949,heat,historical,0.007274392219444444,0.123017564,0.0,36
BJ,1950,heat,historical,0.005886449505555555,0.08146609,0.0,36
BJ,1951,heat,historical,0.0187759744375,0.21821387,0.0,36
BJ,1952,heat,historical,0.028252129858333332,0.3127231,0.0,36
BJ,1953,heat,historical,0.005616882222222222,0.19936715,0.0,36
BJ,1954,heat,historical,0.009434559511111112,0.15555063,0.0,36
BJ,1955,heat,historical,0.010550224513888888,0.15396385,0.0,36
BJ,1956,heat,historical,0.0048688181333333335,0.08234052,0.0,36
BJ,1957,heat,historical,0.019921794311666668,0.19545338,0.0,36
BJ,1958,heat,historical,0.017761440166666666,0.28308022,0.0,36
BJ,1959,heat,historical,0.012222388372222222,0.1971026,0.0,36
BJ,1960,heat,historical,0.006843543249722223,0.09805137,0.0,36
BJ,1961,heat,historical,0.018950547905555552,0.2171087,0.0,36
BJ,1962,heat,historical,0.018065349197222223,0.21097271,0.0,36
BJ,1963,heat,historical,0.0085727175,0.11899538,0.0,36
BJ,1964,heat,historical,0.009025504658333332,0.145091,0.0,36
BJ,1965,heat,historical,0.013100017047222223,0.15776612,0.0,36
BJ,1966,heat,historical,0.015098874144444444,0.24626741,0.0,36
BJ,1967,heat,historical,0.002824292594444444,0.08076717,0.0,36
BJ,1968,heat,historical,0.016580748614999998,0.17913082,0.0,36
BJ,1969,heat,historical,0.017094462033333334,0.214472,0.0,36
BJ,1970,heat,historical,0.008946842825,0.21959984,0.0,36
BJ,1971,heat,historical,0.007935362916666668,0.14554164,0.0,36
BJ,1972,heat,historical,0.004701901266666667,0.12204608,0.0,36
BJ,1973,heat,historical,0.015100250708333334,0.2294803,0.0,36
BJ,1974,heat,historical,0.009909184580555556,0.18752155,0.0,36
BJ,1975,heat,historical,0.008032837341666666,0.12416403,0.0,36
BJ,1976,heat,historical,0.011493165753888888,0.18960233,0.0,36
BJ,1977,heat,historical,0.021226973523333335,0.37464306,0.0,36
BJ,1978,heat,historical,0.011384348921111112,0.15720966,0.0,36
BJ,1979,heat,historical,0.014273724893888888,0.18058392,0.0,36
BJ,1980,heat,historical,0.00952867845277778,0.12431475,0.0,36
BJ,1981,heat,historical,0.032782684803888885,0.22342949,0.0,36
BJ,1982,heat,historical,0.021058306716666666,0.20720863,0.0,36
BJ,1983,heat,historical,0.0014052923055555555,0.034487367,0.0,36
BJ,1984,heat,historical,0.004124668624999999,0.05676058,0.0,36
BJ,1985,heat,historical,0.024610776284722222,0.28710085,0.0,36
BJ,1986,heat,historical,0.010261443322222223,0.16226062,0.0,36
BJ,1987,heat,historical,0.009499613925,0.21953893,0.0,36
BJ,1988,heat,historical,0.014350136494444443,0.18572675,0.0,36
BJ,1989,heat,historical,0.026659689652777777,0.32772937,0.0,36
BJ,1990,heat,historical,0.005673233211111111,0.08129988,0.0,36
BJ,1991,heat,historical,0.005488292722222222,0.08926525,0.0,36
BJ,1992,heat,historical,0.003976937055555556,0.06857159,0.0,36
BJ,1993,heat,historical,0.013957155319444445,0.21908933,0.0,36
BJ,1994,heat,historical,0.02051531536666667,0.28643548,0.0,36
BJ,1995,heat,historical,0.009177409253888888,0.18728513,0.0,36
BJ,1996,heat,historical,0.0038807244444444447,0.05824928,0.0,36
BJ,1997,heat,historical,0.021826330708333334,0.18031085,0.0,36
BJ,1998,heat,historical,0.019343428791666666,0.19686568,0.0,36
BJ,1999,heat,historical,0.010669694638888887,0.17428121,0.0,36
BJ,2000,heat,historical,0.00901789143611111,0.15975708,0.0,36
BJ,2001,heat,historical,0.015010060268611113,0.20365259,0.0,36
BJ,2002,heat,historical,0.02743522580388889,0.2915241,0.0,36
BJ,2003,heat,historical,0.021438914063055554,0.24100173,0.0,36
BJ,2004,heat,historical,0.006402298354444444,0.11265808,0.0,36
BJ,2005,heat,historical,0.011327094602777777,0.11740396,0.0,36
BJ,2006,heat,historical,0.029251164346666667,0.20094773,0.0,36
BJ,2007,heat,historical,0.0180909293325,0.26188225,0.0,36
BJ,2008,heat,historical,0.018613746766666668,0.22266087,0.0,36
BJ,2009,heat,historical,0.015554084767222223,0.16881989,0.0,36
BJ,2010,heat,historical,0.04109668961369445,0.31548375,0.0,36
BJ,2011,heat,historical,0.03327587829444444,0.28657743,0.0,36
BJ,2012,heat,historical,0.009757624200833334,0.1713838,0.0,36
BJ,2013,heat,historical,0.013554453277777778,0.159388,0.0,36
BJ,2014,heat,historical,0.029935120277055558,0.2644059,0.0,36
BN,1850,heat,historical,0.0,0.0,0.0,12
BN,1851,heat,historical,0.0,0.0,0.0,12
BN,1852,heat,historical,0.0,0.0,0.0,12
BN,1853,heat,historical,0.0,0.0,0.0,12
BN,1854,heat,historical,0.0,0.0,0.0,12
BN,1855,heat,historical,0.0,0.0,0.0,12
BN,1856,heat,historical,0.0,0.0,0.0,12
BN,1857,heat,historical,0.0,0.0,0.0,12
BN,1858,heat,historical,0.0,0.0,0.0,12
BN,1859,heat,historical,0.0,0.0,0.0,12
BN,1860,heat,historical,0.0,0.0,0.0,12
BN,1861,heat,historical,0.0,0.0,0.0,12
BN,1862,heat,historical,0.0,0.0,0.0,12
BN,1863,heat,historical,0.0,0.0,0.0,12
BN,1864,heat,historical,0.0,0.0,0.0,12
BN,1865,heat,historical,0.0,0.0,0.0,12
BN,1866,heat,historical,0.0,0.0,0.0,12
BN,1867,heat,historical,0.0,0.0,0.0,12
BN,1868,heat,historical,0.0,0.0,0.0,12
BN,1869,heat,historical,0.0,0.0,0.0,12
BN,1870,heat,historical,0.0,0.0,0.0,12
BN,1871,heat,historical,0.0,0.0,0.0,12
BN,1872,heat,historical,0.0,0.0,0.0,12
BN,1873,heat,historical,0.0,0.0,0.0,12
BN,1874,heat,historical,0.0,0.0,0.0,12
BN,1875,heat,historical,0.0,0.0,0.0,12
BN,1876,heat,historical,0.0,0.0,0.0,12
BN,1877,heat,historical,0.0,0.0,0.0,12
BN,1878,heat,historical,0.0,0.0,0.0,12
BN,1879,heat,historical,0.0,0.0,0.0,12
BN,1880,heat,historical,0.0,0.0,0.0,12
BN,1881,heat,historical,0.0,0.0,0.0,12
BN,1882,heat,historical,0.0,0.0,0.0,12
BN,1883,heat,historical,0.0,0.0,0.0,12
BN,1884,heat,historical,0.0,0.0,0.0,12
BN,1885,heat,historical,0.0,0.0,0.0,12
BN,1886,heat,historical,0.0,0.0,0.0,12
BN,1887,heat,historical,0.0,0.0,0.0,12
BN,1888,heat,historical,0.0,0.0,0.0,12
BN,1889,heat,historical,0.0,0.0,0.0,12
BN,1890,heat,historical,0.0,0.0,0.0,12
BN,1891,heat,historical,0.0,0.0,0.0,12
BN,1892,heat,historical,0.0,0.0,0.0,12
BN,1893,heat,historical,0.0,0.0,0.0,12
BN,1894,heat,historical,0.0,0.0,0.0,12
BN,1895,heat,historical,0.0,0.0,0.0,12
BN,1896,heat,historical,0.0,0.0,0.0,12
BN,1897,heat,historical,0.0,0.0,0.0,12
BN,1898,heat,historical,0.0,0.0,0.0,12
BN,1899,heat,historical,0.0,0.0,0.0,12
BN,1900,heat,historical,0.0,0.0,0.0,12
BN,1901,heat,historical,0.0,0.0,0.0,12
BN,1902,heat,historical,0.0,0.0,0.0,12
BN,1903,heat,historical,0.0,0.0,0.0,12
BN,1904,heat,historical,0.0,0.0,0.0,12
BN,1905,heat,historical,0.0,0.0,0.0,12
BN,1906,heat,historical,0.0,0.0,0.0,12
BN,1907,heat,historical,0.0,0.0,0.0,12
BN,1908,heat,historical,0.0,0.0,0.0,12
BN,1909,heat,historical,0.0,0.0,0.0,12
BN,1910,heat,historical,0.0,0.0,0.0,12
BN,1911,heat,historical,0.0,0.0,0.0,12
BN,1912,heat,historical,0.0,0.0,0.0,12
BN,1913,heat,historical,0.0,0.0,0.0,12
BN,1914,heat,historical,0.0,0.0,0.0,12
BN,1915,heat,historical,0.0,0.0,0.0,12
BN,1916,heat,historical,0.0,0.0,0.0,12
BN,1917,heat,historical,0.0,0.0,0.0,12
BN,1918,heat,historical,0.0,0.0,0.0,12
BN,1919,heat,historical,0.0,0.0,0.0,12
BN,1920,heat,historical,0.0,0.0,0.0,12
BN,1921,heat,historical,0.0,0.0,0.0,12
BN,1922,heat,historical,0.0,0.0,0.0,12
BN,1923,heat,historical,0.0,0.0,0.0,12
BN,1924,heat,historical,0.0,0.0,0.0,12
BN,1925,heat,historical,0.0,0.0,0.0,12
BN,1926,heat,historical,0.0,0.0,0.0,12
BN,1927,heat,historical,0.0,0.0,0.0,12
BN,1928,heat,historical,0.0,0.0,0.0,12
BN,1929,heat,historical,0.0,0.0,0.0,12
BN,1930,heat,historical,0.0,0.0,0.0,12
BN,1931,heat,historical,0.0,0.0,0.0,12
BN,1932,heat,historical,0.0,0.0,0.0,12
BN,1933,heat,historical,0.0,0.0,0.0,12
BN,1934,heat,historical,0.0,0.0,0.0,12
BN,1935,heat,historical,0.0,0.0,0.0,12
BN,1936,heat,historical,0.0,0.0,0.0,12
BN,1937,heat,historical,0.0,0.0,0.0,12
BN,1938,heat,historical,0.0,0.0,0.0,12
BN,1939,heat,historical,0.0,0.0,0.0,12
BN,1940,heat,historical,0.0,0.0,0.0,12
BN,1941,heat,historical,0.0,0.0,0.0,12
BN,1942,heat,historical,0.0,0.0,0.0,12
BN,1943,heat,historical,0.0,0.0,0.0,12
BN,1944,heat,historical,0.0,0.0,0.0,12
BN,1945,heat,historical,0.0,0.0,0.0,12
BN,1946,heat,historical,0.0,0.0,0.0,12
BN,1947,heat,historical,0.0,0.0,0.0,12
BN,1948,heat,historical,0.0,0.0,0.0,12
BN,1949,heat,historical,0.0,0.0,0.0,12
BN,1950,heat,historical,0.0,0.0,0.0,12
BN,1951,heat,historical,0.0,0.0,0.0,12
BN,1952,heat,historical,0.0,0.0,0.0,12
BN,1953,heat,historical,0.0,0.0,0.0,12
BN,1954,heat,historical,0.0,0.0,0.0,12
BN,1955,heat,historical,0.0,0.0,0.0,12
BN,1956,heat,historical,0.0,0.0,0.0,12
BN,1957,heat,historical,0.0,0.0,0.0,12
BN,1958,heat,historical,0.0,0.0,0.0,12
BN,1959,heat,historical,0.0,0.0,0.0,12
BN,1960,heat,historical,0.0,0.0,0.0,12
BN,1961,heat,historical,0.0,0.0,0.0,12
BN,1962,heat,historical,0.0,0.0,0.0,12
BN,1963,heat,historical,0.0,0.0,0.0,12
BN,1964,heat,historical,0.0,0.0,0.0,12
BN,1965,heat,historical,0.0,0.0,0.0,12
BN,1966,heat,historical,0.0,0.0,0.0,12
BN,1967,heat,historical,0.0,0.0,0.0,12
BN,1968,heat,historical,0.0,0.0,0.0,12
BN,1969,heat,historical,0.0,0.0,0.0,12
BN,1970,heat,historical,0.0,0.0,0.0,12
BN,1971,heat,historical,0.0,0.0,0.0,12
BN,1972,heat,historical,0.0,0.0,0.0,12
BN,1973,heat,historical,0.0,0.0,0.0,12
BN,1974,heat,historical,0.0,0.0,0.0,12
BN,1975,heat,historical,0.0,0.0,0.0,12
BN,1976,heat,historical,0.0,0.0,0.0,12
BN,1977,heat,historical,0.0,0.0,0.0,12
BN,1978,heat,historical,0.0,0.0,0.0,12
BN,1979,heat,historical,0.0,0.0,0.0,12
BN,1980,heat,historical,0.0,0.0,0.0,12
BN,1981,heat,historical,0.0,0.0,0.0,12
BN,1982,heat,historical,0.0,0.0,0.0,12
BN,1983,heat,historical,0.0,0.0,0.0,12
BN,1984,heat,historical,0.0,0.0,0.0,12
BN,1985,heat,historical,0.0,0.0,0.0,12
BN,1986,heat,historical,0.0,0.0,0.0,12
BN,1987,heat,historical,0.0,0.0,0.0,12
BN,1988,heat,historical,0.0,0.0,0.0,12
BN,1989,heat,historical,0.0,0.0,0.0,12
BN,1990,heat,historical,0.0,0.0,0.0,12
BN,1991,heat,historical,0.0,0.0,0.0,12
BN,1992,heat,historical,0.0,0.0,0.0,12
BN,1993,heat,historical,0.0,0.0,0.0,12
BN,1994,heat,historical,0.0,0.0,0.0,12
BN,1995,heat,historical,0.0,0.0,0.0,12
BN,1996,heat,historical,0.0,0.0,0.0,12
BN,1997,heat,historical,0.0,0.0,0.0,12
BN,1998,heat,historical,0.0,0.0,0.0,12
BN,1999,heat,historical,0.0,0.0,0.0,12
BN,2000,heat,historical,0.0,0.0,0.0,12
BN,2001,heat,historical,0.0,0.0,0.0,12
BN,2002,heat,historical,0.0,0.0,0.0,12
BN,2003,heat,historical,0.0,0.0,0.0,12
BN,2004,heat,historical,0.0,0.0,0.0,12
BN,2005,heat,historical,0.0,0.0,0.0,12
BN,2006,heat,historical,0.0,0.0,0.0,12
BN,2007,heat,historical,0.0,0.0,0.0,12
BN,2008,heat,historical,0.0,0.0,0.0,12
BN,2009,heat,historical,0.0,0.0,0.0,12
BN,2010,heat,historical,0.0,0.0,0.0,12
BN,2011,heat,historical,0.0,0.0,0.0,12
BN,2012,heat,historical,0.0,0.0,0.0,12
BN,2013,heat,historical,0.0,0.0,0.0,12
BN,2014,heat,historical,0.0,0.0,0.0,12
BW,1850,heat,historical,0.0,0.0,0.0,24
BW,1851,heat,historical,0.0,0.0,0.0,24
BW,1852,heat,historical,0.0,0.0,0.0,24
BW,1853,heat,historical,0.0,0.0,0.0,24
BW,1854,heat,historical,0.0,0.0,0.0,24
BW,1855,heat,historical,0.0,0.0,0.0,24
BW,1856,heat,historical,0.0,0.0,0.0,24
BW,1857,heat,historical,0.0,0.0,0.0,24
BW,1858,heat,historical,0.0,0.0,0.0,24
BW,1859,heat,historical,0.0,0.0,0.0,24
BW,1860,heat,historical,0.0,0.0,0.0,24
BW,1861,heat,historical,0.0,0.0,0.0,24
BW,1862,heat,historical,0.0,0.0,0.0,24
BW,1863,heat,historical,0.0,0.0,0.0,24
BW,1864,heat,historical,0.0,0.0,0.0,24
BW,1865,heat,historical,0.0,0.0,0.0,24
BW,1866,heat,historical,0.0,0.0,0.0,24
BW,1867,heat,historical,0.0004715207916666667,0.011316499,0.0,24
BW,1868,heat,historical,0.0,0.0,0.0,24
BW,1869,heat,historical,0.0,0.0,0.0,24
BW,1870,heat,historical,0.0,0.0,0.0,24
BW,1871,heat,historical,0.0011145252083333333,0.026748605,0.0,24
BW,1872,heat,historical,0.0,0.0,0.0,24
BW,1873,heat,historical,0.00061183925,0.009714236,0.0,24
BW,1874,heat,historical,0.0,0.0,0.0,24
BW,1875,heat,historical,0.0,0.0,0.0,24
BW,1876,heat,historical,0.0,0.0,0.0,24
BW,1877,heat,historical,0.0,0.0,0.0,24
BW,1878,heat,historical,0.0,0.0,0.0,24
BW,1879,heat,historical,0.0,0.0,0.0,24
BW,1880,heat,historical,0.0,0.0,0.0,24
BW,1881,heat,historical,0.0,0.0,0.0,24
BW,1882,heat,historical,0.0,0.0,0.0,24
BW,1883,heat,historical,0.0,0.0,0.0,24
BW,1884,heat,historical,0.0,0.0,0.0,24
BW,1885,heat,historical,0.0,0.0,0.0,24
BW,1886,heat,historical,0.0,0.0,0.0,24
BW,1887,heat,historical,0.0,0.0,0.0,24
BW,1888,heat,historical,0.0,0.0,0.0,24
BW,1889,heat,historical,0.0,0.0,0.0,24
BW,1890,heat,historical,0.0,0.0,0.0,24
BW,1891,heat,historical,0.0,0.0,0.0,24
BW,1892,heat,historical,0.0,0.0,0.0,24
BW,1893,heat,historical,0.0,0.0,0.0,24
BW,1894,heat,historical,0.0,0.0,0.0,24
BW,1895,heat,historical,0.00013842575,0.003322218,0.0,24
BW,1896,heat,historical,0.0,0.0,0.0,24
BW,1897,heat,historical,0.0,0.0,0.0,24
BW,1898,heat,historical,0.0,0.0,0.0,24
BW,1899,heat,historical,0.0,0.0,0.0,24
BW,1900,heat,historical,0.0,0.0,0.0,24
BW,1901,heat,historical,0.0,0.0,0.0,24
BW,1902,heat,historical,0.0,0.0,0.0,24
BW,1903,heat,historical,0.0,0.0,0.0,24
BW,1904,heat,historical,0.0,0.0,0.0,24
BW,1905,heat,historical,0.0,0.0,0.0,24
BW,1906,heat,historical,0.0,0.0,0.0,24
BW,1907,heat,historical,0.0,0.0,0.0,24
BW,1908,heat,historical,0.0,0.0,0.0,24
BW,1909,heat,historical,0.0,0.0,0.0,24
BW,1910,heat,historical,0.0,0.0,0.0,24
BW,1911,heat,historical,0.0,0.0,0.0,24
BW,1912,heat,historical,0.0,0.0,0.0,24
BW,1913,heat,historical,0.0,0.0,0.0,24
BW,1914,heat,historical,0.0,0.0,0.0,24
BW,1915,heat,historical,0.0,0.0,0.0,24
BW,1916,heat,historical,0.0,0.0,0.0,24
BW,1917,heat,historical,0.0,0.0,0.0,24
BW,1918,heat,historical,0.0,0.0,0.0,24
BW,1919,heat,historical,0.0,0.0,0.0,24
BW,1920,heat,historical,0.0,0.0,0.0,24
BW,1921,heat,historical,0.0,0.0,0.0,24
BW,1922,heat,historical,0.0,0.0,0.0,24
BW,1923,heat,historical,0.0,0.0,0.0,24
BW,1924,heat,historical,0.0,0.0,0.0,24
BW,1925,heat,historical,0.0,0.0,0.0,24
BW,1926,heat,historical,3.2649205833333334e-05,0.00078358094,0.0,24
BW,1927,heat,historical,0.0,0.0,0.0,24
BW,1928,heat,historical,0.0009335565,0.022405356,0.0,24
BW,1929,heat,historical,0.000160815625,0.003859575,0.0,24
BW,1930,heat,historical,0.0,0.0,0.0,24
BW,1931,heat,historical,0.004986424000000001,0.077248275,0.0,24
BW,1932,heat,historical,0.0,0.0,0.0,24
BW,1933,heat,historical,0.0,0.0,0.0,24
BW,1934,heat,historical,0.0,0.0,0.0,24
BW,1935,heat,historical,0.0,0.0,0.0,24
BW,1936,heat,historical,0.0,0.0,0.0,24
BW,1937,heat,historical,0.0,0.0,0.0,24
BW,1938,heat,historical,0.00019103441666666667,0.004584826,0.0,24
BW,1939,heat,historical,0.0,0.0,0.0,24
BW,1940,heat,historical,0.0,0.0,0.0,24
BW,1941,heat,historical,0.0,0.0,0.0,24
BW,1942,heat,historical,0.0,0.0,0.0,24
BW,1943,heat,historical,0.0,0.0,0.0,24
BW,1944,heat,historical,0.0,0.0,0.0,24
BW,1945,heat,historical,0.0,0.0,0.0,24
BW,1946,heat,historical,0.0,0.0,0.0,24
BW,1947,heat,historical,0.0,0.0,0.0,24
BW,1948,heat,historical,0.0,0.0,0.0,24
BW,1949,heat,historical,0.0,0.0,0.0,24
BW,1950,heat,historical,0.0,0.0,0.0,24
BW,1951,heat,historical,0.0,0.0,0.0,24
BW,1952,heat,historical,0.0,0.0,0.0,24
BW,1953,heat,historical,0.0,0.0,0.0,24
BW,1954,heat,historical,0.0,0.0,0.0,24
BW,1955,heat,historical,0.0,0.0,0.0,24
BW,1956,heat,historical,0.0,0.0,0.0,24
BW,1957,heat,historical,0.0,0.0,0.0,24
BW,1958,heat,historical,0.0,0.0,0.0,24
BW,1959,heat,historical,0.0,0.0,0.0,24
BW,1960,heat,historical,0.0,0.0,0.0,24
BW,1961,heat,historical,0.0008547725833333333,0.020514542,0.0,24
BW,1962,heat,historical,0.0,0.0,0.0,24
BW,1963,heat,historical,0.0,0.0,0.0,24
BW,1964,heat,historical,0.0007925497500000001,0.019021194,0.0,24
BW,1965,heat,historical,0.0007959695833333332,0.01910327,0.0,24
BW,1966,heat,historical,0.0,0.0,0.0,24
BW,1967,heat,historical,0.0008646016666666666,0.02075044,0.0,24
BW,1968,heat,historical,0.0,0.0,0.0,24
BW,1969,heat,historical,0.0,0.0,0.0,24
BW,1970,heat,historical,0.0,0.0,0.0,24
BW,1971,heat,historical,0.0,0.0,0.0,24
BW,1972,heat,historical,0.0,0.0,0.0,24
BW,1973,heat,historical,0.0,0.0,0.0,24
BW,1974,heat,historical,0.0,0.0,0.0,24
BW,1975,heat,historical,0.00011347642499999999,0.0027234342,0.0,24
BW,1976,heat,historical,0.0,0.0,0.0,24
BW,1977,heat,historical,3.069197333333333e-05,0.00073660736,0.0,24
BW,1978,heat,historical,0.0,0.0,0.0,24
BW,1979,heat,historical,0.0,0.0,0.0,24
BW,1980,heat,historical,0.0018688981541666665,0.044124175,0.0,24
BW,1981,heat,historical,0.0,0.0,0.0,24
BW,1982,heat,historical,0.0,0.0,0.0,24
BW,1983,heat,historical,0.0,0.0,0.0,24
BW,1984,heat,historical,0.0024777908333333334,0.05946698,0.0,24
BW,1985,heat,historical,0.0,0.0,0.0,24
BW,1986,heat,historical,0.0,0.0,0.0,24
BW,1987,heat,historical,0.00039871608333333337,0.009569186,0.0,24
BW,1988,heat,historical,0.0,0.0,0.0,24
BW,1989,heat,historical,0.0,0.0,0.0,24
BW,1990,heat,historical,0.0,0.0,0.0,24
BW,1991,heat,historical,0.0,0.0,0.0,24
BW,1992,heat,historical,0.0,0.0,0.0,24
BW,1993,heat,historical,0.0,0.0,0.0,24
BW,1994,heat,historical,0.0015875515416666668,0.030659799,0.0,24
BW,1995,heat,historical,0.0,0.0,0.0,24
BW,1996,heat,historical,0.0,0.0,0.0,24
BW,1997,heat,historical,0.015639270833333333,0.1335763,0.0,24
BW,1998,heat,historical,0.00379446995,0.04887573,0.0,24
BW,1999,heat,historical,0.0,0.0,0.0,24
BW,2000,heat,historical,0.0,0.0,0.0,24
BW,2001,heat,historical,0.0011852006041666665,0.025669761,0.0,24
BW,2002,heat,historical,0.000879033625,0.021096807,0.0,24
BW,2003,heat,historical,0.0,0.0,0.0,24
BW,2004,heat,historical,0.0,0.0,0.0,24
BW,2005,heat,historical,0.0,0.0,0.0,24
BW,2006,heat,historical,0.0012700067916666666,0.030480163,0.0,24
BW,2007,heat,historical,0.0,0.0,0.0,24
BW,2008,heat,historical,0.0005805235416666666,0.010281532,0.0,24
BW,2009,heat,historical,2.3637335416666668e-05,0.00056729605,0.0,24
BW,2010,heat,historical,0.0004951366125,0.0108101135,0.0,24
BW,2011,heat,historical,0.0006732447083333333,0.016157873,0.0,24
BW,2012,heat,historical,0.00018539931666666668,0.0044495836,0.0,24
BW,2013,heat,historical,0.00019563712499999999,0.004695291,0.0,24
BW,2014,heat,historical,0.0,0.0,0.0,24
BY,1850,heat,historical,0.0,0.0,0.0,12
BY,1851,heat,historical,0.0,0.0,0.0,12
BY,1852,heat,historical,0.0,0.0,0.0,12
BY,1853,heat,historical,0.0,0.0,0.0,12
BY,1854,heat,historical,0.0,0.0,0.0,12
BY,1855,heat,historical,0.0,0.0,0.0,12
BY,1856,heat,historical,0.0,0.0,0.0,12
BY,1857,heat,historical,0.0,0.0,0.0,12
BY,1858,heat,historical,0.0,0.0,0.0,12
BY,1859,heat,historical,0.0,0.0,0.0,12
BY,1860,heat,historical,0.0,0.0,0.0,12
BY,1861,heat,historical,0.0,0.0,0.0,12
BY,1862,heat,historical,0.0,0.0,0.0,12
BY,1863,heat,historical,0.0,0.0,0.0,12
BY,1864,heat,historical,0.0,0.0,0.0,12
BY,1865,heat,historical,0.0,0.0,0.0,12
BY,1866,heat,historical,0.0,0.0,0.0,12
BY,1867,heat,historical,0.0,0.0,0.0,12
BY,1868,heat,historical,0.0,0.0,0.0,12
BY,1869,heat,historical,0.0,0.0,0.0,12
BY,1870,heat,historical,0.0,0.0,0.0,12
BY,1871,heat,historical,0.0,0.0,0.0,12
BY,1872,heat,historical,0.0,0.0,0.0,12
BY,1873,heat,historical,0.0,0.0,0.0,12
BY,1874,heat,historical,0.0,0.0,0.0,12
BY,1875,heat,historical,0.0,0.0,0.0,12
BY,1876,heat,historical,0.0,0.0,0.0,12
BY,1877,heat,historical,0.0,0.0,0.0,12
BY,1878,heat,historical,0.0,0.0,0.0,12
BY,1879,heat,historical,0.0,0.0,0.0,12
BY,1880,heat,historical,0.0,0.0,0.0,12
BY,1881,heat,historical,0.0,0.0,0.0,12
BY,1882,heat,historical,0.0,0.0,0.0,12
BY,1883,heat,historical,0.0,0.0,0.0,12
BY,1884,heat,historical,0.0,0.0,0.0,12
BY,1885,heat,historical,0.0,0.0,0.0,12
BY,1886,heat,historical,0.0,0.0,0.0,12
BY,1887,heat,historical,0.0,0.0,0.0,12
BY,1888,heat,historical,0.0,0.0,0.0,12
BY,1889,heat,historical,0.0,0.0,0.0,12
BY,1890,heat,historical,0.0,0.0,0.0,12
BY,1891,heat,historical,0.0,0.0,0.0,12
BY,1892,heat,historical,0.0,0.0,0.0,12
BY,1893,heat,historical,0.0,0.0,0.0,12
BY,1894,heat,historical,0.0,0.0,0.0,12
BY,1895,heat,historical,0.0,0.0,0.0,12
BY,1896,heat,historical,0.0,0.0,0.0,12
BY,1897,heat,historical,0.0,0.0,0.0,12
BY,1898,heat,historical,0.0,0.0,0.0,12
BY,1899,heat,historical,0.0,0.0,0.0,12
BY,1900,heat,historical,0.0,0.0,0.0,12
BY,1901,heat,historical,0.0,0.0,0.0,12
BY,1902,heat,historical,0.0,0.0,0.0,12
BY,1903,heat,historical,0.0,0.0,0.0,12
BY,1904,heat,historical,0.0,0.0,0.0,12
BY,1905,heat,historical,0.0,0.0,0.0,12
BY,1906,heat,historical,0.0,0.0,0.0,12
BY,1907,heat,historical,0.0,0.0,0.0,12
BY,1908,heat,historical,0.0,0.0,0.0,12
BY,1909,heat,historical,0.0,0.0,0.0,12
BY,1910,heat,historical,0.0,0.0,0.0,12
BY,1911,heat,historical,0.0,0.0,0.0,12
BY,1912,heat,historical,0.0,0.0,0.0,12
BY,1913,heat,historical,0.0,0.0,0.0,12
BY,1914,heat,historical,0.0,0.0,0.0,12
BY,1915,heat,historical,0.0,0.0,0.0,12
BY,1916,heat,historical,0.0,0.0,0.0,12
BY,1917,heat,historical,0.0,0.0,0.0,12
BY,1918,heat,historical,0.0,0.0,0.0,12
BY,1919,heat,historical,0.0,0.0,0.0,12
BY,1920,heat,historical,0.0,0.0,0.0,12
BY,1921,heat,historical,0.0,0.0,0.0,12
BY,1922,heat,historical,0.0,0.0,0.0,12
BY,1923,heat,historical,0.0,0.0,0.0,12
BY,1924,heat,historical,0.0,0.0,0.0,12
BY,1925,heat,historical,0.0,0.0,0.0,12
BY,1926,heat,historical,0.0,0.0,0.0,12
BY,1927,heat,historical,0.0,0.0,0.0,12
BY,1928,heat,historical,0.0,0.0,0.0,12
BY,1929,heat,historical,0.0,0.0,0.0,12
BY,1930,heat,historical,0.0,0.0,0.0,12
BY,1931,heat,historical,0.0,0.0,0.0,12
BY,1932,heat,historical,0.0,0.0,0.0,12
BY,1933,heat,historical,0.0,0.0,0.0,12
BY,1934,heat,historical,0.0,0.0,0.0,12
BY,1935,heat,historical,0.0,0.0,0.0,12
BY,1936,heat,historical,0.0,0.0,0.0,12
BY,1937,heat,historical,0.0,0.0,0.0,12
BY,1938,heat,historical,0.0,0.0,0.0,12
BY,1939,heat,historical,0.0,0.0,0.0,12
BY,1940,heat,historical,0.0,0.0,0.0,12
BY,1941,heat,historical,0.0,0.0,0.0,12
BY,1942,heat,historical,0.0,0.0,0.0,12
BY,1943,heat,historical,0.0,0.0,0.0,12
BY,1944,heat,historical,0.0,0.0,0.0,12
BY,1945,heat,historical,0.0,0.0,0.0,12
BY,1946,heat,historical,0.0,0.0,0.0,12
BY,1947,heat,historical,0.0,0.0,0.0,12
BY,1948,heat,historical,0.0,0.0,0.0,12
BY,1949,heat,historical,0.0,0.0,0.0,12
BY,1950,heat,historical,0.0,0.0,0.0,12
BY,1951,heat,historical,0.0,0.0,0.0,12
BY,1952,heat,historical,0.0,0.0,0.0,12
BY,1953,heat,historical,0.0,0.0,0.0,12
BY,1954,heat,historical,0.0,0.0,0.0,12
BY,1955,heat,historical,0.0,0.0,0.0,12
BY,1956,heat,historical,0.0,0.0,0.0,12
BY,1957,heat,historical,0.0,0.0,0.0,12
BY,1958,heat,historical,0.0,0.0,0.0,12
BY,1959,heat,historical,0.0,0.0,0.0,12
BY,1960,heat,historical,0.0,0.0,0.0,12
BY,1961,heat,historical,0.0,0.0,0.0,12
BY,1962,heat,historical,0.0,0.0,0.0,12
BY,1963,heat,historical,0.0,0.0,0.0,12
BY,1964,heat,historical,0.0,0.0,0.0,12
BY,1965,heat,historical,0.0,0.0,0.0,12
BY,1966,heat,historical,0.0,0.0,0.0,12
BY,1967,heat,historical,0.0,0.0,0.0,12
BY,1968,heat,historical,0.0,0.0,0.0,12
BY,1969,heat,historical,0.0,0.0,0.0,12
BY,1970,heat,historical,0.0,0.0,0.0,12
BY,1971,heat,historical,0.0,0.0,0.0,12
BY,1972,heat,historical,0.0,0.0,0.0,12
BY,1973,heat,historical,0.0,0.0,0.0,12
BY,1974,heat,historical,0.0,0.0,0.0,12
BY,1975,heat,historical,0.0,0.0,0.0,12
BY,1976,heat,historical,0.0,0.0,0.0,12
BY,1977,heat,historical,0.0,0.0,0.0,12
BY,1978,heat,historical,0.0,0.0,0.0,12
BY,1979,heat,historical,0.0,0.0,0.0,12
BY,1980,heat,historical,0.0,0.0,0.0,12
BY,1981,heat,historical,0.0,0.0,0.0,12
BY,1982,heat,historical,0.0,0.0,0.0,12
BY,1983,heat,historical,0.0,0.0,0.0,12
BY,1984,heat,historical,0.0,0.0,0.0,12
BY,1985,heat,historical,0.0,0.0,0.0,12
BY,1986,heat,historical,0.0,0.0,0.0,12
BY,1987,heat,historical,0.0,0.0,0.0,12
BY,1988,heat,historical,0.0,0.0,0.0,12
BY,1989,heat,historical,0.0,0.0,0.0,12
BY,1990,heat,historical,0.0,0.0,0.0,12
BY,1991,heat,historical,0.0,0.0,0.0,12
BY,1992,heat,historical,0.0,0.0,0.0,12
BY,1993,heat,historical,0.0,0.0,0.0,12
BY,1994,heat,historical,0.0,0.0,0.0,12
BY,1995,heat,historical,0.0,0.0,0.0,12
BY,1996,heat,historical,0.0,0.0,0.0,12
BY,1997,heat,historical,0.0,0.0,0.0,12
BY,1998,heat,historical,0.0,0.0,0.0,12
BY,1999,heat,historical,0.0,0.0,0.0,12
BY,2000,heat,historical,0.0,0.0,0.0,12
BY,2001,heat,historical,0.0,0.0,0.0,12
BY,2002,heat,historical,0.0,0.0,0.0,12
BY,2003,heat,historical,0.0,0.0,0.0,12
BY,2004,heat,historical,0.0,0.0,0.0,12
BY,2005,heat,historical,0.0,0.0,0.0,12
BY,2006,heat,historical,0.0,0.0,0.0,12
BY,2007,heat,historical,0.0,0.0,0.0,12
BY,2008,heat,historical,0.0,0.0,0.0,12
BY,2009,heat,historical,0.0,0.0,0.0,12
BY,2010,heat,historical,0.0,0.0,0.0,12
BY,2011,heat,historical,0.0,0.0,0.0,12
BY,2012,heat,historical,0.0,0.0,0.0,12
BY,2013,heat,historical,0.0,0.0,0.0,12
BY,2014,heat,historical,0.0,0.0,0.0,12
CC,1850,heat,historical,0.0,0.0,0.0,300
CC,1851,heat,historical,0.0,0.0,0.0,300
CC,1852,heat,historical,0.0,0.0,0.0,300
CC,1853,heat,historical,0.0,0.0,0.0,300
CC,1854,heat,historical,0.0,0.0,0.0,300
CC,1855,heat,historical,0.0,0.0,0.0,300
CC,1856,heat,historical,0.0,0.0,0.0,300
CC,1857,heat,historical,0.0,0.0,0.0,300
CC,1858,heat,historical,0.0,0.0,0.0,300
CC,1859,heat,historical,0.0,0.0,0.0,300
CC,1860,heat,historical,0.0,0.0,0.0,300
CC,1861,heat,historical,0.0,0.0,0.0,300
CC,1862,heat,historical,0.0,0.0,0.0,300
CC,1863,heat,historical,0.0,0.0,0.0,300
CC,1864,heat,historical,0.0,0.0,0.0,300
CC,1865,heat,historical,0.0,0.0,0.0,300
CC,1866,heat,historical,0.0,0.0,0.0,300
CC,1867,heat,historical,0.0,0.0,0.0,300
CC,1868,heat,historical,0.0,0.0,0.0,300
CC,1869,heat,historical,0.0,0.0,0.0,300
CC,1870,heat,historical,0.0,0.0,0.0,300
CC,1871,heat,historical,0.0,0.0,0.0,300
CC,1872,heat,historical,0.0,0.0,0.0,300
CC,1873,heat,historical,0.0,0.0,0.0,300
CC,1874,heat,historical,0.0,0.0,0.0,300
CC,1875,heat,historical,0.0,0.0,0.0,300
CC,1876,heat,historical,0.0,0.0,0.0,300
CC,1877,heat,historical,0.0,0.0,0.0,300
CC,1878,heat,historical,0.0,0.0,0.0,300
CC,1879,heat,historical,0.0,0.0,0.0,300
CC,1880,heat,historical,0.0,0.0,0.0,300
CC,1881,heat,historical,0.0,0.0,0.0,300
CC,1882,heat,historical,0.0,0.0,0.0,300
CC,1883,heat,historical,0.0,0.0,0.0,300
CC,1884,heat,historical,0.0,0.0,0.0,300
CC,1885,heat,historical,0.0,0.0,0.0,300
CC,1886,heat,historical,0.0,0.0,0.0,300
CC,1887,heat,historical,0.0,0.0,0.0,300
CC,1888,heat,historical,0.0,0.0,0.0,300
CC,1889,heat,historical,0.0,0.0,0.0,300
CC,1890,heat,historical,0.0,0.0,0.0,300
CC,1891,heat,historical,0.0,0.0,0.0,300
CC,1892,heat,historical,0.0,0.0,0.0,300
CC,1893,heat,historical,0.0,0.0,0.0,300
CC,1894,heat,historical,0.0,0.0,0.0,300
CC,1895,heat,historical,0.0,0.0,0.0,300
CC,1896,heat,historical,0.0,0.0,0.0,300
CC,1897,heat,historical,0.0,0.0,0.0,300
CC,1898,heat,historical,0.0,0.0,0.0,300
CC,1899,heat,historical,0.0,0.0,0.0,300
CC,1900,heat,historical,0.0,0.0,0.0,300
CC,1901,heat,historical,0.0,0.0,0.0,300
CC,1902,heat,historical,0.0,0.0,0.0,300
CC,1903,heat,historical,0.0,0.0,0.0,300
CC,1904,heat,historical,0.0,0.0,0.0,300
CC,1905,heat,historical,0.0,0.0,0.0,300
CC,1906,heat,historical,0.0,0.0,0.0,300
CC,1907,heat,historical,0.0,0.0,0.0,300
CC,1908,heat,historical,0.0,0.0,0.0,300
CC,1909,heat,historical,0.0,0.0,0.0,300
CC,1910,heat,historical,0.0,0.0,0.0,300
CC,1911,heat,historical,0.0,0.0,0.0,300
CC,1912,heat,historical,0.0,0.0,0.0,300
CC,1913,heat,historical,0.0,0.0,0.0,300
CC,1914,heat,historical,0.0,0.0,0.0,300
CC,1915,heat,historical,0.0,0.0,0.0,300
CC,1916,heat,historical,0.0,0.0,0.0,300
CC,1917,heat,historical,0.0,0.0,0.0,300
CC,1918,heat,historical,0.0,0.0,0.0,300
CC,1919,heat,historical,0.0,0.0,0.0,300
CC,1920,heat,historical,0.0,0.0,0.0,300
CC,1921,heat,historical,0.0,0.0,0.0,300
CC,1922,heat,historical,0.0,0.0,0.0,300
CC,1923,heat,historical,0.0,0.0,0.0,300
CC,1924,heat,historical,0.0,0.0,0.0,300
CC,1925,heat,historical,0.0,0.0,0.0,300
CC,1926,heat,historical,0.0,0.0,0.0,300
CC,1927,heat,historical,0.0,0.0,0.0,300
CC,1928,heat,historical,0.0,0.0,0.0,300
CC,1929,heat,historical,0.0,0.0,0.0,300
CC,1930,heat,historical,0.0,0.0,0.0,300
CC,1931,heat,historical,0.0,0.0,0.0,300
CC,1932,heat,historical,0.0,0.0,0.0,300
CC,1933,heat,historical,0.0,0.0,0.0,300
CC,1934,heat,historical,0.0,0.0,0.0,300
CC,1935,heat,historical,0.0,0.0,0.0,300
CC,1936,heat,historical,0.0,0.0,0.0,300
CC,1937,heat,historical,0.0,0.0,0.0,300
CC,1938,heat,historical,0.0,0.0,0.0,300
CC,1939,heat,historical,0.0,0.0,0.0,300
CC,1940,heat,historical,0.0,0.0,0.0,300
CC,1941,heat,historical,0.0,0.0,0.0,300
CC,1942,heat,historical,0.0,0.0,0.0,300
CC,1943,heat,historical,0.0,0.0,0.0,300
CC,1944,heat,historical,0.0,0.0,0.0,300
CC,1945,heat,historical,0.0,0.0,0.0,300
CC,1946,heat,historical,0.0,0.0,0.0,300
CC,1947,heat,historical,0.0,0.0,0.0,300
CC,1948,heat,historical,0.0,0.0,0.0,300
CC,1949,heat,historical,0.0,0.0,0.0,300
CC,1950,heat,historical,0.0,0.0,0.0,300
CC,1951,heat,historical,0.0,0.0,0.0,300
CC,1952,heat,historical,0.0,0.0,0.0,300
CC,1953,heat,historical,0.0,0.0,0.0,300
CC,1954,heat,historical,0.0,0.0,0.0,300
CC,1955,heat,historical,0.0,0.0,0.0,300
CC,1956,heat,historical,0.0,0.0,0.0,300
CC,1957,heat,historical,0.0,0.0,0.0,300
CC,1958,heat,historical,0.0,0.0,0.0,300
CC,1959,heat,historical,0.0,0.0,0.0,300
CC,1960,heat,historical,0.0,0.0,0.0,300
CC,1961,heat,historical,0.0,0.0,0.0,300
CC,1962,heat,historical,0.0,0.0,0.0,300
CC,1963,heat,historical,0.0,0.0,0.0,300
CC,1964,heat,historical,0.0,0.0,0.0,300
CC,1965,heat,historical,0.0,0.0,0.0,300
CC,1966,heat,historical,0.0,0.0,0.0,300
CC,1967,heat,historical,0.0,0.0,0.0,300
CC,1968,heat,historical,0.0,0.0,0.0,300
CC,1969,heat,historical,0.0,0.0,0.0,300
CC,1970,heat,historical,0.0,0.0,0.0,300
CC,1971,heat,historical,0.0,0.0,0.0,300
CC,1972,heat,historical,0.0,0.0,0.0,300
CC,1973,heat,historical,0.0,0.0,0.0,300
CC,1974,heat,historical,0.0,0.0,0.0,300
CC,1975,heat,historical,0.0,0.0,0.0,300
CC,1976,heat,historical,0.0,0.0,0.0,300
CC,1977,heat,historical,0.0,0.0,0.0,300
CC,1978,heat,historical,0.0,0.0,0.0,300
CC,1979,heat,historical,0.0,0.0,0.0,300
CC,1980,heat,historical,0.0,0.0,0.0,300
CC,1981,heat,historical,0.0,0.0,0.0,300
CC,1982,heat,historical,0.0,0.0,0.0,300
CC,1983,heat,historical,0.0,0.0,0.0,300
CC,1984,heat,historical,0.0,0.0,0.0,300
CC,1985,heat,historical,0.0,0.0,0.0,300
CC,1986,heat,historical,0.0,0.0,0.0,300
CC,1987,heat,historical,0.0,0.0,0.0,300
CC,1988,heat,historical,0.0,0.0,0.0,300
CC,1989,heat,historical,0.0,0.0,0.0,300
CC,1990,heat,historical,0.0,0.0,0.0,300
CC,1991,heat,historical,0.0,0.0,0.0,300
CC,1992,heat,historical,0.0,0.0,0.0,300
CC,1993,heat,historical,0.0,0.0,0.0,300
CC,1994,heat,historical,0.0,0.0,0.0,300
CC,1995,heat,historical,0.0,0.0,0.0,300
CC,1996,heat,historical,0.0,0.0,0.0,300
CC,1997,heat,historical,0.0,0.0,0.0,300
CC,1998,heat,historical,0.0,0.0,0.0,300
CC,1999,heat,historical,0.0,0.0,0.0,300
CC,2000,heat,historical,0.0,0.0,0.0,300
CC,2001,heat,historical,0.0,0.0,0.0,300
CC,2002,heat,historical,0.0,0.0,0.0,300
CC,2003,heat,historical,0.0,0.0,0.0,300
CC,2004,heat,historical,0.0,0.0,0.0,300
CC,2005,heat,historical,0.0,0.0,0.0,300
CC,2006,heat,historical,0.0,0.0,0.0,300
CC,2007,heat,historical,0.0,0.0,0.0,300
CC,2008,heat,historical,0.0,0.0,0.0,300
CC,2009,heat,historical,0.0,0.0,0.0,300
CC,2010,heat,historical,0.0,0.0,0.0,300
CC,2011,heat,historical,0.0,0.0,0.0,300
CC,2012,heat,historical,0.0,0.0,0.0,300
CC,2013,heat,historical,0.0,0.0,0.0,300
CC,2014,heat,historical,0.0,0.0,0.0,300
CD,1850,heat,historical,0.00014342995555555554,0.01441727,0.0,108
CD,1851,heat,historical,5.6241134259259254e-05,0.0060740425,0.0,108
CD,1852,heat,historical,0.00028386312129629633,0.013093235,0.0,108
CD,1853,heat,historical,5.061558703703704e-06,0.00054664834,0.0,108
CD,1854,heat,historical,0.00014274170000000002,0.01192922,0.0,108
CD,1855,heat,historical,0.0,0.0,0.0,108
CD,1856,heat,historical,3.183668055555556e-05,0.0034383615,0.0,108
CD,1857,heat,historical,0.0006425646804629629,0.030254588,0.0,108
CD,1858,heat,historical,0.0003881102074074074,0.018101338,0.0,108
CD,1859,heat,historical,0.00018483532379629628,0.01826394,0.0,108
CD,1860,heat,historical,0.0,0.0,0.0,108
CD,1861,heat,historical,0.0,0.0,0.0,108
CD,1862,heat,historical,0.00043877836111111114,0.018091531,0.0,108
CD,1863,heat,historical,2.500190185185185e-05,0.0027002054,0.0,108
CD,1864,heat,historical,0.0,0.0,0.0,108
CD,1865,heat,historical,6.022251296296296e-05,0.0065040314,0.0,108
CD,1866,heat,historical,0.0,0.0,0.0,108
CD,1867,heat,historical,7.662597499999999e-05,0.004406739,0.0,108
CD,1868,heat,historical,0.001923631351851852,0.055092245,0.0,108
CD,1869,heat,historical,0.00010418495370370371,0.011251975,0.0,108
CD,1870,heat,historical,5.63367287037037e-05,0.0060843667,0.0,108
CD,1871,heat,historical,3.2405447222222224e-06,0.00034997883,0.0,108
CD,1872,heat,historical,0.0013289961555555555,0.033769343,0.0,108
CD,1873,heat,historical,1.9739601851851855e-06,0.0002131877,0.0,108
CD,1874,heat,historical,0.0,0.0,0.0,108
CD,1875,heat,historical,0.0,0.0,0.0,108
CD,1876,heat,historical,0.001955305519074074,0.043221354,0.0,108
CD,1877,heat,historical,3.388711111111111e-05,0.003659808,0.0,108
CD,1878,heat,historical,6.237331944444444e-06,0.00067363185,0.0,108
CD,1879,heat,historical,0.0,0.0,0.0,108
CD,1880,heat,historical,0.00014405129669444445,0.007503381,0.0,108
CD,1881,heat,historical,1.5868155185185185e-05,0.0014102393,0.0,108
CD,1882,heat,historical,0.00010701445277777777,0.0062923925,0.0,108
CD,1883,heat,historical,0.0,0.0,0.0,108
CD,1884,heat,historical,0.0,0.0,0.0,108
CD,1885,heat,historical,0.0002511374351851852,0.012670989,0.0,108
CD,1886,heat,historical,0.0012081401087962963,0.036296625,0.0,108
CD,1887,heat,historical,0.00011194218055555555,0.006208769,0.0,108
CD,1888,heat,historical,0.0,0.0,0.0,108
CD,1889,heat,historical,0.0,0.0,0.0,108
CD,1890,heat,historical,0.0009417749753703702,0.03452092,0.0,108
CD,1891,heat,historical,0.00026520847129629633,0.017837048,0.0,108
CD,1892,heat,historical,0.001117543425925926,0.043426797,0.0,108
CD,1893,heat,historical,0.0,0.0,0.0,108
CD,1894,heat,historical,9.533797407407406e-05,0.0048883474,0.0,108
CD,1895,heat,historical,0.0008608187018518519,0.036468517,0.0,108
CD,1896,heat,historical,0.00026648463703703705,0.020938337,0.0,108
CD,1897,heat,historical,0.0,0.0,0.0,108
CD,1898,heat,historical,3.449889814814815e-05,0.003725881,0.0,108
CD,1899,heat,historical,1.9553199074074076e-05,0.0021117455,0.0,108
CD,1900,heat,historical,0.0003642792925925926,0.011552399,0.0,108
CD,1901,heat,historical,0.0005402246148148148,0.028654905,0.0,108
CD,1902,heat,historical,0.0004875299314814815,0.022377998,0.0,108
CD,1903,heat,historical,0.00010131721296296296,0.010942259,0.0,108
CD,1904,heat,historical,0.0,0.0,0.0,108
CD,1905,heat,historical,0.0,0.0,0.0,108
CD,1906,heat,historical,0.0001155746537037037,0.0069510546,0.0,108
CD,1907,heat,historical,9.954876851851852e-05,0.010751267,0.0,108
CD,1908,heat,historical,0.00011317053518518518,0.008991566,0.0,108
CD,1909,heat,historical,0.0007466731416666666,0.041181877,0.0,108
CD,1910,heat,historical,0.0,0.0,0.0,108
CD,1911,heat,historical,2.776926851851852e-06,0.0002999081,0.0,108
CD,1912,heat,historical,0.0,0.0,0.0,108
CD,1913,heat,historical,0.0,0.0,0.0,108
CD,1914,heat,historical,0.00029627086759259256,0.011056853,0.0,108
CD,1915,heat,historical,0.0,0.0,0.0,108
CD,1916,heat,historical,0.0,0.0,0.0,108
CD,1917,heat,historical,0.0,0.0,0.0,108
CD,1918,heat,historical,0.00011915932870370369,0.008406203,0.0,108
CD,1919,heat,historical,0.00028951733888888883,0.012093369,0.0,108
CD,1920,heat,historical,0.0003616457481481482,0.024463933,0.0,108
CD,1921,heat,historical,0.0,0.0,0.0,108
CD,1922,heat,historical,5.2861981481481485e-06,0.0005709094,0.0,108
CD,1923,heat,historical,0.0013040181586111111,0.04870642,0.0,108
CD,1924,heat,historical,0.0,0.0,0.0,108
CD,1925,heat,historical,9.442030555555557e-05,0.010197393,0.0,108
CD,1926,heat,historical,0.00015910214814814815,0.013697697,0.0,108
CD,1927,heat,historical,0.0006196753382407406,0.025168538,0.0,108
CD,1928,heat,historical,0.00010014622222222222,0.010815792,0.0,108
CD,1929,heat,historical,5.3770101851851855e-06,0.0005807171,0.0,108
CD,1930,heat,historical,3.5894530555555555e-06,0.00038766093,0.0,108
CD,1931,heat,historical,5.330170555555555e-05,0.003030569,0.0,108
CD,1932,heat,historical,0.0001606985185185185,0.011112602,0.0,108
CD,1933,heat,historical,4.2538125e-07,4.5941175e-05,0.0,108
CD,1934,heat,historical,7.047467962962964e-05,0.0076112654,0.0,108
CD,1935,heat,historical,0.000905923463888889,0.038449667,0.0,108
CD,1936,heat,historical,0.00030801903703703705,0.013741573,0.0,108
CD,1937,heat,historical,0.0,0.0,0.0,108
CD,1938,heat,historical,0.00102878215,0.023271527,0.0,108
CD,1939,heat,historical,0.0015323952833333333,0.03165037,0.0,108
CD,1940,heat,historical,0.00012777209956481482,0.008466081,0.0,108
CD,1941,heat,historical,0.0,0.0,0.0,108
CD,1942,heat,historical,7.448951851851852e-05,0.008044868,0.0,108
CD,1943,heat,historical,1.8200583333333333e-05,0.001965663,0.0,108
CD,1944,heat,historical,0.001432172604074074,0.05954802,0.0,108
CD,1945,heat,historical,2.899283888888889e-05,0.0028297699,0.0,108
CD,1946,heat,historical,3.089510370370371e-05,0.0017571208,0.0,108
CD,1947,heat,historical,0.001642114973148148,0.05174215,0.0,108
CD,1948,heat,historical,2.843840925925926e-06,0.00030713482,0.0,108
CD,1949,heat,historical,0.0,0.0,0.0,108
CD,1950,heat,historical,0.0,0.0,0.0,108
CD,1951,heat,historical,0.0012827968950925926,0.063227445,0.0,108
CD,1952,heat,historical,0.0008215641415277778,0.041967005,0.0,108
CD,1953,heat,historical,9.77325362037037e-05,0.006634112,0.0,108
CD,1954,heat,historical,3.552172222222222e-05,0.003836346,0.0,108
CD,1955,heat,historical,0.00023246846111111112,0.014330033,0.0,108
CD,1956,heat,historical,0.0005899034018518518,0.021635711,0.0,108
CD,1957,heat,historical,0.0009426830725370371,0.029712584,0.0,108
CD,1958,heat,historical,0.0001644887138888889,0.0073227137,0.0,108
CD,1959,heat,historical,1.9658348148148145e-05,0.0021231016,0.0,108
CD,1960,heat,historical,0.0,0.0,0.0,108
CD,1961,heat,historical,0.0007792697981481481,0.034192108,0.0,108
CD,1962,heat,historical,0.00033527212685185184,0.023365993,0.0,108
CD,1963,heat,historical,0.0,0.0,0.0,108
CD,1964,heat,historical,9.106503703703703e-05,0.009835024,0.0,108
CD,1965,heat,historical,0.0007944353361111112,0.029594377,0.0,108
CD,1966,heat,historical,0.0,0.0,0.0,108
CD,1967,heat,historical,1.7354599074074074e-05,0.0018742967,0.0,108
CD,1968,heat,historical,0.0006466655222222222,0.022702683,0.0,108
CD,1969,heat,historical,0.0013270843453703704,0.040982112,0.0,108
CD,1970,heat,historical,4.056416388888889e-05,0.0043809297,0.0,108
CD,1971,heat,historical,0.0,0.0,0.0,108
CD,1972,heat,historical,0.0,0.0,0.0,108
CD,1973,heat,historical,4.3594409259259264e-05,0.0032267224,0.0,108
CD,1974,heat,historical,3.0350235185185186e-05,0.0032778254,0.0,108
CD,1975,heat,historical,0.0,0.0,0.0,108
CD,1976,heat,historical,0.0002747102532962963,0.025674406,0.0,108
CD,1977,heat,historical,0.0026633742203703704,0.09065175,0.0,108
CD,1978,heat,historical,8.072684537037037e-05,0.0076272674,0.0,108
CD,1979,heat,historical,4.756144537037037e-05,0.0047025178,0.0,108
CD,1980,heat,historical,0.0006366475444444443,0.028638385,0.0,108
CD,1981,heat,historical,0.0021215196277777778,0.05669089,0.0,108
CD,1982,heat,historical,2.2454394444444445e-05,0.0024250746,0.0,108
CD,1983,heat,historical,0.0,0.0,0.0,108
CD,1984,heat,historical,0.0005302592324074074,0.026747055,0.0,108
CD,1985,heat,historical,0.002165094936111111,0.10417187,0.0,108
CD,1986,heat,historical,0.0,0.0,0.0,108
CD,1987,heat,historical,0.0003987017101851852,0.033831287,0.0,108
CD,1988,heat,historical,0.0009412826666666666,0.026123494,0.0,108
CD,1989,heat,historical,0.0005188313046296297,0.03835985,0.0,108
CD,1990,heat,historical,0.0003062744992592593,0.02274656,0.0,108
CD,1991,heat,historical,0.0,0.0,0.0,108
CD,1992,heat,historical,0.0,0.0,0.0,108
CD,1993,heat,historical,0.001315938350925926,0.03613144,0.0,108
CD,1994,heat,historical,0.0012879540731481481,0.030791428,0.0,108
CD,1995,heat,historical,0.0,0.0,0.0,108
CD,1996,heat,historical,1.5590938888888888e-05,0.0016838214,0.0,108
CD,1997,heat,historical,0.003113379675,0.09195823,0.0,108
CD,1998,heat,historical,0.000990961472222222,0.025715187,0.0,108
CD,1999,heat,historical,0.0,0.0,0.0,108
CD,2000,heat,historical,0.0001802708398148148,0.01617181,0.0,108
CD,2001,heat,historical,0.0038646986657407405,0.08928694,0.0,108
CD,2002,heat,historical,0.002597707709,0.065807894,0.0,108
CD,2003,heat,historical,6.395057407407408e-05,0.0034378453,0.0,108
CD,2004,heat,historical,5.594002407407407e-05,0.0060415226,0.0,108
CD,2005,heat,historical,0.00027451429629629626,0.015742337,0.0,108
CD,2006,heat,historical,0.005060273274814815,0.06022114,0.0,108
CD,2007,heat,historical,0.001989345545537037,0.06441004,0.0,108
CD,2008,heat,historical,0.0014530832212962962,0.051019996,0.0,108
CD,2009,heat,historical,0.0011936197611111111,0.04828314,0.0,108
CD,2010,heat,historical,0.009834422535092592,0.101054065,0.0,108
CD,2011,heat,historical,0.0014188950141666666,0.035803147,0.0,108
CD,2012,heat,historical,7.469025925925926e-05,0.008066548,0.0,108
CD,2013,heat,historical,5.374620342592593e-05,0.0032938274,0.0,108
CD,2014,heat,historical,0.004801459711111111,0.08919299,0.0,108
CF,1850,heat,historical,0.0009634885000000001,0.021609386,0.0,36
CF,1851,heat,historical,0.0008056481805555555,0.010652158,0.0,36
CF,1852,heat,historical,4.674414444444444e-06,0.00016827892,0.0,36
CF,1853,heat,historical,0.00062972675,0.022670163,0.0,36
CF,1854,heat,historical,0.0007753218333333334,0.019829553,0.0,36
CF,1855,heat,historical,2.447615e-05,0.0008811414,0.0,36
CF,1856,heat,historical,0.0003293024361111111,0.0065902355,0.0,36
CF,1857,heat,historical,0.0041015832500000005,0.05927805,0.0,36
CF,1858,heat,historical,0.0029999988566666667,0.051028773,0.0,36
CF,1859,heat,historical,0.0011654489666666668,0.017893312,0.0,36
CF,1860,heat,historical,0.0,0.0,0.0,36
CF,1861,heat,historical,0.0,0.0,0.0,36
CF,1862,heat,historical,0.0012434371416666667,0.019609654,0.0,36
CF,1863,heat,historical,0.0005716120111111112,0.017064823,0.0,36
CF,1864,heat,historical,0.00029504730583333337,0.010431744,0.0,36
CF,1865,heat,historical,0.000469836,0.016914096,0.0,36
CF,1866,heat,historical,0.00038459244444444447,0.013845328,0.0,36
CF,1867,heat,historical,0.0017183346766666667,0.01919257,0.0,36
CF,1868,heat,historical,0.004943637458333334,0.04191487,0.0,36
CF,1869,heat,historical,0.0006806434166666668,0.011662863,0.0,36
CF,1870,heat,historical,0.0008741584694444446,0.016806727,0.0,36
CF,1871,heat,historical,0.00010662252388888889,0.0032845358,0.0,36
CF,1872,heat,historical,0.003948173589944444,0.043615207,0.0,36
CF,1873,heat,historical,0.0008628739305555556,0.025781259,0.0,36
CF,1874,heat,historical,4.754710833333333e-05,0.0017116959,0.0,36
CF,1875,heat,historical,0.0,0.0,0.0,36
CF,1876,heat,historical,0.004128410994444445,0.03489671,0.0,36
CF,1877,heat,historical,0.0001235708611111111,0.004448551,0.0,36
CF,1878,heat,historical,0.0006550775722222222,0.016701424,0.0,36
CF,1879,heat,historical,0.0,0.0,0.0,36
CF,1880,heat,historical,0.00019920747222222223,0.0032974407,0.0,36
CF,1881,heat,historical,0.0012399959027777777,0.015367581,0.0,36
CF,1882,heat,historical,0.0002665132972222222,0.006184508,0.0,36
CF,1883,heat,historical,0.00030486931111111114,0.009813861,0.0,36
CF,1884,heat,historical,0.0,0.0,0.0,36
CF,1885,heat,historical,0.0007729989722222221,0.016622446,0.0,36
CF,1886,heat,historical,0.004310856569444445,0.05477014,0.0,36
CF,1887,heat,historical,0.0001454517083333333,0.0052362615,0.0,36
CF,1888,heat,historical,0.0004433954444444445,0.015962236,0.0,36
CF,1889,heat,historical,0.0005087655516666667,0.01785047,0.0,36
CF,1890,heat,historical,0.0024494790388888887,0.037051816,0.0,36
CF,1891,heat,historical,0.0029809141277777774,0.057919435,0.0,36
CF,1892,heat,historical,0.004518122422222222,0.039828416,0.0,36
CF,1893,heat,historical,6.350607222222222e-05,0.0022862186,0.0,36
CF,1894,heat,historical,0.00035465325,0.012767517,0.0,36
CF,1895,heat,historical,0.0016722214194444444,0.021874709,0.0,36
CF,1896,heat,historical,0.0011745541166666667,0.021595966,0.0,36
CF,1897,heat,historical,0.00016532513888888888,0.005951705,0.0,36
CF,1898,heat,historical,0.0008102078305555555,0.023373216,0.0,36
CF,1899,heat,historical,0.00010232091666666667,0.003683553,0.0,36
CF,1900,heat,historical,0.0023910202444444445,0.03152597,0.0,36
CF,1901,heat,historical,0.00019910709666666666,0.006792067,0.0,36
CF,1902,heat,historical,0.0011180740083333333,0.013429277,0.0,36
CF,1903,heat,historical,0.0002871896988888889,0.0043210513,0.0,36
CF,1904,heat,historical,0.0,0.0,0.0,36
CF,1905,heat,historical,0.0,0.0,0.0,36
CF,1906,heat,historical,0.0008592892777777778,0.028093804,0.0,36
CF,1907,heat,historical,0.002611233888888889,0.057527643,0.0,36
CF,1908,heat,historical,0.0022898176666666667,0.037437927,0.0,36
CF,1909,heat,historical,0.0011726183833333332,0.016681809,0.0,36
CF,1910,heat,historical,0.0004189909527777778,0.014751246,0.0,36
CF,1911,heat,historical,0.0,0.0,0.0,36
CF,1912,heat,historical,0.00026480697222222224,0.009533051,0.0,36
CF,1913,heat,historical,0.0,0.0,0.0,36
CF,1914,heat,historical,0.000532481713888889,0.01358465,0.0,36
CF,1915,heat,historical,0.0,0.0,0.0,36
CF,1916,heat,historical,6.689000555555555e-05,0.0024080402,0.0,36
CF,1917,heat,historical,0.0006439507222222223,0.023182226,0.0,36
CF,1918,heat,historical,0.0017950611388888886,0.03174174,0.0,36
CF,1919,heat,historical,0.002019490286111111,0.034554474,0.0,36
CF,1920,heat,historical,0.0023211620416666665,0.02092956,0.0,36
CF,1921,heat,historical,0.002236004527777778,0.026039355,0.0,36
CF,1922,heat,historical,0.0011574624194444444,0.02398336,0.0,36
CF,1923,heat,historical,0.0017219624083333334,0.03360726,0.0,36
CF,1924,heat,historical,0.0007413391166666666,0.018721802,0.0,36
CF,1925,heat,historical,0.0002513286277777778,0.0032778254,0.0,36
CF,1926,heat,historical,0.0,0.0,0.0,36
CF,1927,heat,historical,0.002728725101388889,0.05787246,0.0,36
CF,1928,heat,historical,0.001823150611111111,0.016000435,0.0,36
CF,1929,heat,historical,0.0007272585305555555,0.019445505,0.0,36
CF,1930,heat,historical,0.000726814063888889,0.02466112,0.0,36
CF,1931,heat,historical,0.0,0.0,0.0,36
CF,1932,heat,historical,0.0016781433583333335,0.0144869555,0.0,36
CF,1933,heat,historical,0.0005002053333333333,0.014366683,0.0,36
CF,1934,heat,historical,0.0004428648875,0.015806861,0.0,36
CF,1935,heat,historical,0.002208302222222222,0.013596523,0.0,36
CF,1936,heat,historical,0.002475718747222222,0.034158036,0.0,36
CF,1937,heat,historical,0.0,0.0,0.0,36
CF,1938,heat,historical,0.0003822552388888889,0.005395249,0.0,36
CF,1939,heat,historical,0.0020281651972222222,0.018040428,0.0,36
CF,1940,heat,historical,0.0016622417644444444,0.025908757,0.0,36
CF,1941,heat,historical,0.0005605282166666667,0.012267326,0.0,36
CF,1942,heat,historical,2.734388888888889e-05,0.00098438,0.0,36
CF,1943,heat,historical,1.4897902777777777e-05,0.0005363245,0.0,36
CF,1944,heat,historical,0.0031942451916666665,0.033501957,0.0,36
CF,1945,heat,historical,9.128012222222222e-05,0.0032860844,0.0,36
CF,1946,heat,historical,0.00037197438611111114,0.005692576,0.0,36
CF,1947,heat,historical,0.008611762108333332,0.07837926,0.0,36
CF,1948,heat,historical,0.00021505173333333333,0.0077418624,0.0,36
CF,1949,heat,historical,0.00019464776111111112,0.0025995478,0.0,36
CF,1950,heat,historical,3.956045555555555e-05,0.0014241764,0.0,36
CF,1951,heat,historical,0.0003168421111111111,0.005224389,0.0,36
CF,1952,heat,historical,0.004599781250000001,0.043399442,0.0,36
CF,1953,heat,historical,0.0005270473869444445,0.015841447,0.0,36
CF,1954,heat,historical,0.0,0.0,0.0,36
CF,1955,heat,historical,0.0007129772055555556,0.012831009,0.0,36
CF,1956,heat,historical,0.00020842725,0.0059047313,0.0,36
CF,1957,heat,historical,0.0023821732,0.026773896,0.0,36
CF,1958,heat,historical,0.0002930828972222222,0.009239338,0.0,36
CF,1959,heat,historical,0.0,0.0,0.0,36
CF,1960,heat,historical,0.0003634858888888889,0.013085492,0.0,36
CF,1961,heat,historical,0.0021657593416666665,0.047953296,0.0,36
CF,1962,heat,historical,0.0026554113305555555,0.03236633,0.0,36
CF,1963,heat,historical,0.0,0.0,0.0,36
CF,1964,heat,historical,0.0,0.0,0.0,36
CF,1965,heat,historical,0.0016300083166666665,0.024924377,0.0,36
CF,1966,heat,historical,0.0006560239333333333,0.018465772,0.0,36
CF,1967,heat,historical,0.0,0.0,0.0,36
CF,1968,heat,historical,0.0027133397138888894,0.043439705,0.0,36
CF,1969,heat,historical,0.004132755508333333,0.07397303,0.0,36
CF,1970,heat,historical,0.0008615690972222222,0.024530523,0.0,36
CF,1971,heat,historical,4.0177019444444446e-05,0.0014463727,0.0,36
CF,1972,heat,historical,0.00039827156666666667,0.007655142,0.0,36
CF,1973,heat,historical,0.0013862362805555555,0.027705627,0.0,36
CF,1974,heat,historical,7.955107083333334e-05,0.0020074744,0.0,36
CF,1975,heat,historical,0.0006981223158333334,0.011130153,0.0,36
CF,1976,heat,historical,0.0,0.0,0.0,36
CF,1977,heat,historical,0.00853791806388889,0.12863994,0.0,36
CF,1978,heat,historical,0.0014171934694444444,0.01997099,0.0,36
CF,1979,heat,historical,0.00010505960833333333,0.0035240494,0.0,36
CF,1980,heat,historical,0.0006610998111111111,0.014054386,0.0,36
CF,1981,heat,historical,0.003805216895666667,0.04413966,0.0,36
CF,1982,heat,historical,0.0008959676250000001,0.016318925,0.0,36
CF,1983,heat,historical,1.6589869444444446e-05,0.0005972353,0.0,36
CF,1984,heat,historical,0.0002316416111111111,0.008339098,0.0,36
CF,1985,heat,historical,0.011656885027777779,0.16045652,0.0,36
CF,1986,heat,historical,0.00019278373333333335,0.0069402144,0.0,36
CF,1987,heat,historical,0.0023074256583333333,0.031495515,0.0,36
CF,1988,heat,historical,0.0015208335888888891,0.028669875,0.0,36
CF,1989,heat,historical,0.0015860459277777777,0.01398057,0.0,36
CF,1990,heat,historical,0.0007120451888888889,0.016692132,0.0,36
CF,1991,heat,historical,0.0007762395327777778,0.013007547,0.0,36
CF,1992,heat,historical,0.00016780573055555557,0.0044361623,0.0,36
CF,1993,heat,historical,0.0014748349877777777,0.019447053,0.0,36
CF,1994,heat,historical,0.005212774728611111,0.038179696,0.0,36
CF,1995,heat,historical,0.0006797257777777777,0.0110883415,0.0,36
CF,1996,heat,historical,0.00038026215277777776,0.009413811,0.0,36
CF,1997,heat,historical,0.006076681155555556,0.072073966,0.0,36
CF,1998,heat,historical,0.003761154055555556,0.030361438,0.0,36
CF,1999,heat,historical,0.0012425338416666666,0.039000444,0.0,36
CF,2000,heat,historical,0.0012257862183333332,0.028120644,0.0,36
CF,2001,heat,historical,0.0031964962722222223,0.021557767,0.0,36
CF,2002,heat,historical,0.003565244416666667,0.040429782,0.0,36
CF,2003,heat,historical,0.0018113784722222225,0.028547537,0.0,36
CF,2004,heat,historical,0.00037319318222222225,0.006368789,0.0,36
CF,2005,heat,historical,0.00048761597222222227,0.017554175,0.0,36
CF,2006,heat,historical,0.007530524175000001,0.031189928,0.0,36
CF,2007,heat,historical,0.005760670323194443,0.09494285,0.0,36
CF,2008,heat,historical,0.0016572949083333334,0.012552264,0.0,36
CF,2009,heat,historical,0.006919738836111111,0.09231801,0.0,36
CF,2010,heat,historical,0.0279728989625,0.167373,0.0,36
CF,2011,heat,historical,0.004572824494444444,0.039893974,0.0,36
CF,2012,heat,historical,0.0,0.0,0.0,36
CF,2013,heat,historical,0.001285119763888889,0.009203721,0.0,36
CF,2014,heat,historical,0.011074331968333333,0.08647367,0.0,36
CG,1850,heat,historical,0.0,0.0,0.0,12
CG,1851,heat,historical,0.0,0.0,0.0,12
CG,1852,heat,historical,0.0,0.0,0.0,12
CG,1853,heat,historical,0.0,0.0,0.0,12
CG,1854,heat,historical,0.0,0.0,0.0,12
CG,1855,heat,historical,0.0,0.0,0.0,12
CG,1856,heat,historical,0.0,0.0,0.0,12
CG,1857,heat,historical,0.0,0.0,0.0,12
CG,1858,heat,historical,0.0,0.0,0.0,12
CG,1859,heat,historical,0.0,0.0,0.0,12
CG,1860,heat,historical,0.0,0.0,0.0,12
CG,1861,heat,historical,0.0,0.0,0.0,12
CG,1862,heat,historical,0.0,0.0,0.0,12
CG,1863,heat,historical,0.000225447275,0.0027053673,0.0,12
CG,1864,heat,historical,0.0,0.0,0.0,12
CG,1865,heat,historical,0.0,0.0,0.0,12
CG,1866,heat,historical,0.0,0.0,0.0,12
CG,1867,heat,historical,0.0,0.0,0.0,12
CG,1868,heat,historical,0.0007178523333333333,0.006653211,0.0,12
CG,1869,heat,historical,0.0,0.0,0.0,12
CG,1870,heat,historical,0.0,0.0,0.0,12
CG,1871,heat,historical,0.0,0.0,0.0,12
CG,1872,heat,historical,0.0011456043,0.009313154,0.0,12
CG,1873,heat,historical,0.0,0.0,0.0,12
CG,1874,heat,historical,0.0,0.0,0.0,12
CG,1875,heat,historical,0.0,0.0,0.0,12
CG,1876,heat,historical,0.0004911145833333333,0.0034342317,0.0,12
CG,1877,heat,historical,0.0,0.0,0.0,12
CG,1878,heat,historical,0.0,0.0,0.0,12
CG,1879,heat,historical,0.0,0.0,0.0,12
CG,1880,heat,historical,0.0,0.0,0.0,12
CG,1881,heat,historical,0.0,0.0,0.0,12
CG,1882,heat,historical,0.0,0.0,0.0,12
CG,1883,heat,historical,0.0,0.0,0.0,12
CG,1884,heat,historical,0.0,0.0,0.0,12
CG,1885,heat,historical,0.0,0.0,0.0,12
CG,1886,heat,historical,0.0004937816066666667,0.005828335,0.0,12
CG,1887,heat,historical,0.0,0.0,0.0,12
CG,1888,heat,historical,0.0,0.0,0.0,12
CG,1889,heat,historical,0.0,0.0,0.0,12
CG,1890,heat,historical,0.0,0.0,0.0,12
CG,1891,heat,historical,2.499234166666667e-05,0.0002999081,0.0,12
CG,1892,heat,historical,0.0,0.0,0.0,12
CG,1893,heat,historical,0.0,0.0,0.0,12
CG,1894,heat,historical,0.0,0.0,0.0,12
CG,1895,heat,historical,0.0,0.0,0.0,12
CG,1896,heat,historical,0.0,0.0,0.0,12
CG,1897,heat,historical,0.0,0.0,0.0,12
CG,1898,heat,historical,0.0,0.0,0.0,12
CG,1899,heat,historical,0.0,0.0,0.0,12
CG,1900,heat,historical,0.0,0.0,0.0,12
CG,1901,heat,historical,0.0,0.0,0.0,12
CG,1902,heat,historical,0.0,0.0,0.0,12
CG,1903,heat,historical,0.0,0.0,0.0,12
CG,1904,heat,historical,0.0,0.0,0.0,12
CG,1905,heat,historical,0.0,0.0,0.0,12
CG,1906,heat,historical,0.0,0.0,0.0,12
CG,1907,heat,historical,0.0,0.0,0.0,12
CG,1908,heat,historical,0.0,0.0,0.0,12
CG,1909,heat,historical,0.0,0.0,0.0,12
CG,1910,heat,historical,0.0,0.0,0.0,12
CG,1911,heat,historical,0.0,0.0,0.0,12
CG,1912,heat,historical,0.0,0.0,0.0,12
CG,1913,heat,historical,0.0,0.0,0.0,12
CG,1914,heat,historical,0.0,0.0,0.0,12
CG,1915,heat,historical,0.0,0.0,0.0,12
CG,1916,heat,historical,0.0,0.0,0.0,12
CG,1917,heat,historical,0.0,0.0,0.0,12
CG,1918,heat,historical,0.0,0.0,0.0,12
CG,1919,heat,historical,0.0,0.0,0.0,12
CG,1920,heat,historical,0.0,0.0,0.0,12
CG,1921,heat,historical,0.0,0.0,0.0,12
CG,1922,heat,historical,0.0,0.0,0.0,12
CG,1923,heat,historical,0.00011997185,0.0014396622,0.0,12
CG,1924,heat,historical,0.0,0.0,0.0,12
CG,1925,heat,historical,0.0,0.0,0.0,12
CG,1926,heat,historical,0.0,0.0,0.0,12
CG,1927,heat,historical,0.00018462501666666667,0.0022155002,0.0,12
CG,1928,heat,historical,0.0,0.0,0.0,12
CG,1929,heat,historical,0.0,0.0,0.0,12
CG,1930,heat,historical,0.0,0.0,0.0,12
CG,1931,heat,historical,0.0,0.0,0.0,12
CG,1932,heat,historical,0.0002633014416666667,0.0031596173,0.0,12
CG,1933,heat,historical,0.0,0.0,0.0,12
CG,1934,heat,historical,0.0,0.0,0.0,12
CG,1935,heat,historical,0.0,0.0,0.0,12
CG,1936,heat,historical,0.0,0.0,0.0,12
CG,1937,heat,historical,0.0,0.0,0.0,12
CG,1938,heat,historical,0.0,0.0,0.0,12
CG,1939,heat,historical,0.0,0.0,0.0,12
CG,1940,heat,historical,0.0,0.0,0.0,12
CG,1941,heat,historical,0.0,0.0,0.0,12
CG,1942,heat,historical,0.0,0.0,0.0,12
CG,1943,heat,historical,0.0,0.0,0.0,12
CG,1944,heat,historical,0.0,0.0,0.0,12
CG,1945,heat,historical,0.0,0.0,0.0,12
CG,1946,heat,historical,0.0,0.0,0.0,12
CG,1947,heat,historical,0.0007086899333333332,0.005095857,0.0,12
CG,1948,heat,historical,0.0,0.0,0.0,12
CG,1949,heat,historical,0.0,0.0,0.0,12
CG,1950,heat,historical,0.0,0.0,0.0,12
CG,1951,heat,historical,0.0,0.0,0.0,12
CG,1952,heat,historical,0.00048259743,0.005065918,0.0,12
CG,1953,heat,historical,0.0,0.0,0.0,12
CG,1954,heat,historical,0.0,0.0,0.0,12
CG,1955,heat,historical,2.6368858333333336e-05,0.0003164263,0.0,12
CG,1956,heat,historical,0.0,0.0,0.0,12
CG,1957,heat,historical,0.00047889806666666666,0.004364412,0.0,12
CG,1958,heat,historical,0.0,0.0,0.0,12
CG,1959,heat,historical,0.0,0.0,0.0,12
CG,1960,heat,historical,0.0,0.0,0.0,12
CG,1961,heat,historical,0.00013197333333333334,0.00158368,0.0,12
CG,1962,heat,historical,0.0,0.0,0.0,12
CG,1963,heat,historical,0.0,0.0,0.0,12
CG,1964,heat,historical,0.0,0.0,0.0,12
CG,1965,heat,historical,0.00021297261666666667,0.0025556714,0.0,12
CG,1966,heat,historical,0.0,0.0,0.0,12
CG,1967,heat,historical,0.0,0.0,0.0,12
CG,1968,heat,historical,0.00024084704166666665,0.0028901645,0.0,12
CG,1969,heat,historical,7.56222725e-05,0.00090746727,0.0,12
CG,1970,heat,historical,0.0,0.0,0.0,12
CG,1971,heat,historical,0.0,0.0,0.0,12
CG,1972,heat,historical,0.0,0.0,0.0,12
CG,1973,heat,historical,0.0005555527,0.0066666324,0.0,12
CG,1974,heat,historical,0.0,0.0,0.0,12
CG,1975,heat,historical,0.0,0.0,0.0,12
CG,1976,heat,historical,0.0,0.0,0.0,12
CG,1977,heat,historical,0.00061715175,0.007405821,0.0,12
CG,1978,heat,historical,0.0,0.0,0.0,12
CG,1979,heat,historical,0.0,0.0,0.0,12
CG,1980,heat,historical,0.0,0.0,0.0,12
CG,1981,heat,historical,0.0004933514416666667,0.004284918,0.0,12
CG,1982,heat,historical,0.0,0.0,0.0,12
CG,1983,heat,historical,0.0,0.0,0.0,12
CG,1984,heat,historical,0.0,0.0,0.0,12
CG,1985,heat,historical,0.0002243718916666667,0.0016605929,0.0,12
CG,1986,heat,historical,0.0,0.0,0.0,12
CG,1987,heat,historical,0.0,0.0,0.0,12
CG,1988,heat,historical,0.000752910475,0.006467898,0.0,12
CG,1989,heat,historical,0.00035673236666666666,0.0042807884,0.0,12
CG,1990,heat,historical,0.0,0.0,0.0,12
CG,1991,heat,historical,0.0,0.0,0.0,12
CG,1992,heat,historical,0.0,0.0,0.0,12
CG,1993,heat,historical,0.0005779640833333333,0.006935569,0.0,12
CG,1994,heat,historical,0.0006372832416666666,0.003253048,0.0,12
CG,1995,heat,historical,0.0,0.0,0.0,12
CG,1996,heat,historical,0.0,0.0,0.0,12
CG,1997,heat,historical,0.0021560520416666665,0.012897598,0.0,12
CG,1998,heat,historical,0.0006549198166666666,0.007343361,0.0,12
CG,1999,heat,historical,0.0,0.0,0.0,12
CG,2000,heat,historical,0.0,0.0,0.0,12
CG,2001,heat,historical,0.0007697297455000001,0.009188751,0.0,12
CG,2002,heat,historical,0.0024664559750000002,0.010519496,0.0,12
CG,2003,heat,historical,0.00014079163333333332,0.0016894996,0.0,12
CG,2004,heat,historical,0.0,0.0,0.0,12
CG,2005,heat,historical,0.0,0.0,0.0,12
CG,2006,heat,historical,0.0014603099166666667,0.010727006,0.0,12
CG,2007,heat,historical,0.00012831697083333336,0.0010963939,0.0,12
CG,2008,heat,historical,0.0005044495666666666,0.0049234484,0.0,12
CG,2009,heat,historical,0.0006591784166666666,0.0052987207,0.0,12
CG,2010,heat,historical,0.00307857496,0.015905455,0.0,12
CG,2011,heat,historical,0.00044379691666666666,0.003503918,0.0,12
CG,2012,heat,historical,0.0,0.0,0.0,12
CG,2013,heat,historical,0.0,0.0,0.0,12
CG,2014,heat,historical,0.0025382499583333335,0.013285259,0.0,12
CM,1850,heat,historical,0.0004216005958333333,0.004021143,0.0,24
CM,1851,heat,historical,0.0007385431375,0.016293116,0.0,24
CM,1852,heat,historical,0.0004579922166666667,0.0069510546,0.0,24
CM,1853,heat,historical,0.00190105275,0.045625266,0.0,24
CM,1854,heat,historical,0.0,0.0,0.0,24
CM,1855,heat,historical,0.00012448854166666667,0.002987725,0.0,24
CM,1856,heat,historical,0.0022481924166666664,0.044141725,0.0,24
CM,1857,heat,historical,0.00447380125,0.08481205,0.0,24
CM,1858,heat,historical,0.0025523805833333334,0.036568657,0.0,24
CM,1859,heat,historical,0.001039720125,0.024953283,0.0,24
CM,1860,heat,historical,0.0,0.0,0.0,24
CM,1861,heat,historical,0.00101438375,0.02434521,0.0,24
CM,1862,heat,historical,0.0018324420833333334,0.04397861,0.0,24
CM,1863,heat,historical,0.003745259754166667,0.06631996,0.0,24
CM,1864,heat,historical,0.00013040325,0.003129678,0.0,24
CM,1865,heat,historical,0.0019364333333333334,0.04369212,0.0,24
CM,1866,heat,historical,0.001069487375,0.025667697,0.0,24
CM,1867,heat,historical,0.004390887991666667,0.056967057,0.0,24
CM,1868,heat,historical,0.005545740625,0.06999628,0.0,24
CM,1869,heat,historical,0.0007924637499999999,0.011877084,0.0,24
CM,1870,heat,historical,0.0007112063333333333,0.017068952,0.0,24
CM,1871,heat,historical,0.0,0.0,0.0,24
CM,1872,heat,historical,0.008531099916666667,0.13551563,0.0,24
CM,1873,heat,historical,0.00450931125,0.07650083,0.0,24
CM,1874,heat,historical,0.00032679316666666666,0.007843036,0.0,24
CM,1875,heat,historical,0.0009782932083333333,0.015611224,0.0,24
CM,1876,heat,historical,0.0036620665416666667,0.059646614,0.0,24
CM,1877,heat,historical,0.0008219297916666667,0.010512786,0.0,24
CM,1878,heat,historical,0.001420842625,0.034100223,0.0,24
CM,1879,heat,historical,0.0,0.0,0.0,24
CM,1880,heat,historical,0.0021705914666666666,0.036109764,0.0,24
CM,1881,heat,historical,0.002598580125,0.05844234,0.0,24
CM,1882,heat,historical,0.0008072397916666666,0.01619349,0.0,24
CM,1883,heat,historical,0.0016944679166666667,0.023250364,0.0,24
CM,1884,heat,historical,0.0006037091958333334,0.011054789,0.0,24
CM,1885,heat,historical,0.0015868847720833332,0.022925163,0.0,24
CM,1886,heat,historical,0.006820436166666667,0.07915768,0.0,24
CM,1887,heat,historical,0.0015174998333333332,0.017827757,0.0,24
CM,1888,heat,historical,0.0010625401666666666,0.025500964,0.0,24
CM,1889,heat,historical,0.0010962648333333333,0.026310356,0.0,24
CM,1890,heat,historical,0.003750507625,0.08466494,0.0,24
CM,1891,heat,historical,0.002551111625,0.056781225,0.0,24
CM,1892,heat,historical,0.005200708583333333,0.08440426,0.0,24
CM,1893,heat,historical,0.0007924207916666666,0.019018099,0.0,24
CM,1894,heat,historical,0.0016092745,0.038622588,0.0,24
CM,1895,heat,historical,0.0035554511666666664,0.059673972,0.0,24
CM,1896,heat,historical,0.0040750425,0.05517845,0.0,24
CM,1897,heat,historical,0.0008657416666666666,0.0207778,0.0,24
CM,1898,heat,historical,0.0007930014666666666,0.017119024,0.0,24
CM,1899,heat,historical,0.0016000906375,0.037237644,0.0,24
CM,1900,heat,historical,0.0033357679166666665,0.08005843,0.0,24
CM,1901,heat,historical,0.0029412244583333336,0.043906856,0.0,24
CM,1902,heat,historical,0.002127812058333333,0.048263013,0.0,24
CM,1903,heat,historical,0.00019525,0.004686,0.0,24
CM,1904,heat,historical,0.0,0.0,0.0,24
CM,1905,heat,historical,0.0,0.0,0.0,24
CM,1906,heat,historical,0.000890777,0.021378648,0.0,24
CM,1907,heat,historical,0.00128949305,0.028593477,0.0,24
CM,1908,heat,historical,0.00030726387916666666,0.003947328,0.0,24
CM,1909,heat,historical,0.0030770910833333334,0.07055481,0.0,24
CM,1910,heat,historical,0.0042509781666666665,0.0688684,0.0,24
CM,1911,heat,historical,0.003517661625,0.04828366,0.0,24
CM,1912,heat,historical,0.005367073345833333,0.069846585,0.0,24
CM,1913,heat,historical,0.0030429575416666666,0.03951767,0.0,24
CM,1914,heat,historical,0.003512564291666667,0.051421598,0.0,24
CM,1915,heat,historical,0.0006770300833333333,0.016248722,0.0,24
CM,1916,heat,historical,0.002724638583333333,0.056257807,0.0,24
CM,1917,heat,historical,0.0024130732500000003,0.057913758,0.0,24
CM,1918,heat,historical,0.00022817880416666666,0.0054762913,0.0,24
CM,1919,heat,historical,0.005810633708333335,0.06684441,0.0,24
CM,1920,heat,historical,0.006895994083333333,0.07208893,0.0,24
CM,1921,heat,historical,0.00669715225,0.07790281,0.0,24
CM,1922,heat,historical,0.0015575908970833332,0.033173144,0.0,24
CM,1923,heat,historical,0.0028983374875,0.060618605,0.0,24
CM,1924,heat,historical,0.0012607153333333333,0.02436689,0.0,24
CM,1925,heat,historical,0.0013744497916666667,0.02410363,0.0,24
CM,1926,heat,historical,0.0017828660416666668,0.026461601,0.0,24
CM,1927,heat,historical,0.005574647645833333,0.09735761,0.0,24
CM,1928,heat,historical,0.0052079355125,0.06413956,0.0,24
CM,1929,heat,historical,0.0015245974166666666,0.036590338,0.0,24
CM,1930,heat,historical,0.003628471208333333,0.06823762,0.0,24
CM,1931,heat,historical,0.0020779348583333333,0.021965044,0.0,24
CM,1932,heat,historical,0.003050227263333333,0.03181865,0.0,24
CM,1933,heat,historical,0.0011733065833333333,0.028159358,0.0,24
CM,1934,heat,historical,0.00214602925,0.026280932,0.0,24
CM,1935,heat,historical,0.00401673425,0.043321498,0.0,24
CM,1936,heat,historical,0.007249134333125001,0.0927129,0.0,24
CM,1937,heat,historical,0.0003600661016666667,0.007752186,0.0,24
CM,1938,heat,historical,0.003592272930833333,0.07819446,0.0,24
CM,1939,heat,historical,0.004699937075,0.062302943,0.0,24
CM,1940,heat,historical,0.003213924958333333,0.039404623,0.0,24
CM,1941,heat,historical,0.004581083541666667,0.056718253,0.0,24
CM,1942,heat,historical,0.0027059265833333335,0.03826745,0.0,24
CM,1943,heat,historical,0.0005154187,0.0095635075,0.0,24
CM,1944,heat,historical,0.005210774479166667,0.06681602,0.0,24
CM,1945,heat,historical,0.0018978265,0.037869982,0.0,24
CM,1946,heat,historical,0.0021417061249999997,0.039244086,0.0,24
CM,1947,heat,historical,0.006270023875,0.07241929,0.0,24
CM,1948,heat,historical,0.0013063768750000001,0.031353045,0.0,24
CM,1949,heat,historical,0.002845492166666667,0.045667592,0.0,24
CM,1950,heat,historical,0.0006432839999999999,0.015438816,0.0,24
CM,1951,heat,historical,0.0038176126666666665,0.04063058,0.0,24
CM,1952,heat,historical,0.004478275154166667,0.0819828,0.0,24
CM,1953,heat,historical,0.0002855622625,0.0068534943,0.0,24
CM,1954,heat,historical,0.0018413033333333332,0.022730557,0.0,24
CM,1955,heat,historical,0.004696990376250001,0.06748294,0.0,24
CM,1956,heat,historical,0.00035331258333333335,0.008479502,0.0,24
CM,1957,heat,historical,0.0058313458125,0.060607247,0.0,24
CM,1958,heat,historical,0.004193315125,0.0593911,0.0,24
CM,1959,heat,historical,0.0017520665375,0.031087723,0.0,24
CM,1960,heat,historical,0.0034359740416666667,0.044262514,0.0,24
CM,1961,heat,historical,0.005723504854166666,0.08686186,0.0,24
CM,1962,heat,historical,0.004086441583333334,0.079236135,0.0,24
CM,1963,heat,historical,0.0003939627916666667,0.009455107,0.0,24
CM,1964,heat,historical,0.0030228691249999996,0.054600313,0.0,24
CM,1965,heat,historical,0.005852187208333334,0.074753,0.0,24
CM,1966,heat,historical,0.005183781916666666,0.10543448,0.0,24
CM,1967,heat,historical,0.0,0.0,0.0,24
CM,1968,heat,historical,0.005708384406666667,0.093724124,0.0,24
CM,1969,heat,historical,0.0074514176125000005,0.09010561,0.0,24
CM,1970,heat,historical,0.0011095783208333334,0.02483869,0.0,24
CM,1971,heat,historical,0.002462068516666667,0.05231616,0.0,24
CM,1972,heat,historical,0.0005813193333333333,0.013951664,0.0,24
CM,1973,heat,historical,0.00492876075,0.08598329,0.0,24
CM,1974,heat,historical,0.0007563732916666667,0.010378576,0.0,24
CM,1975,heat,historical,0.0,0.0,0.0,24
CM,1976,heat,historical,0.0015413952083333333,0.036993485,0.0,24
CM,1977,heat,historical,0.007718977750000001,0.11633183,0.0,24
CM,1978,heat,historical,0.0017489048125000001,0.033481825,0.0,24
CM,1979,heat,historical,0.001576625375,0.024187254,0.0,24
CM,1980,heat,historical,0.0033888068625,0.04292609,0.0,24
CM,1981,heat,historical,0.007890052510416667,0.070947625,0.0,24
CM,1982,heat,historical,0.005481582141666667,0.05258148,0.0,24
CM,1983,heat,historical,0.0,0.0,0.0,24
CM,1984,heat,historical,0.00051077295,0.0059424136,0.0,24
CM,1985,heat,historical,0.0095872519,0.100027874,0.0,24
CM,1986,heat,historical,0.0019486069291666666,0.04208418,0.0,24
CM,1987,heat,historical,0.004914243083333334,0.07014288,0.0,24
CM,1988,heat,historical,0.005507929583333334,0.068555586,0.0,24
CM,1989,heat,historical,0.0055638505625,0.0578833,0.0,24
CM,1990,heat,historical,0.0009853048333333333,0.023647316,0.0,24
CM,1991,heat,historical,0.0,0.0,0.0,24
CM,1992,heat,historical,0.00027409847916666665,0.005325047,0.0,24
CM,1993,heat,historical,0.0035248881250000003,0.043642566,0.0,24
CM,1994,heat,historical,0.0056879306250000004,0.07183497,0.0,24
CM,1995,heat,historical,0.00057974925,0.011265912,0.0,24
CM,1996,heat,historical,0.000800765875,0.0113185635,0.0,24
CM,1997,heat,historical,0.0063068241708333335,0.07908644,0.0,24
CM,1998,heat,historical,0.004151740233333334,0.060408518,0.0,24
CM,1999,heat,historical,0.0037481846125000003,0.082288384,0.0,24
CM,2000,heat,historical,0.0026298742083333336,0.03740799,0.0,24
CM,2001,heat,historical,0.004786248791666667,0.06962101,0.0,24
CM,2002,heat,historical,0.005921507458333333,0.07406801,0.0,24
CM,2003,heat,historical,0.0056858871875,0.057878137,0.0,24
CM,2004,heat,historical,0.002015238958333333,0.029807048,0.0,24
CM,2005,heat,historical,0.0022924989166666666,0.041766204,0.0,24
CM,2006,heat,historical,0.00866705235,0.07861929,0.0,24
CM,2007,heat,historical,0.0052665877083333335,0.07163984,0.0,24
CM,2008,heat,historical,0.004629433858333333,0.051413856,0.0,24
CM,2009,heat,historical,0.006635446016666667,0.08098552,0.0,24
CM,2010,heat,historical,0.015005923070833331,0.14606196,0.0,24
CM,2011,heat,historical,0.008828469791666666,0.079605214,0.0,24
CM,2012,heat,historical,0.0006366594750000001,0.010971681,0.0,24
CM,2013,heat,historical,0.004492298441666666,0.039230667,0.0,24
CM,2014,heat,historical,0.008788142208333334,0.08879964,0.0,24
CN,1850,heat,historical,0.0001279820580357143,0.053261824,0.0,672
CN,1851,heat,historical,0.000283482890625,0.057480153,0.0,672
CN,1852,heat,historical,0.0003447754243005952,0.10454663,0.0,672
CN,1853,heat,historical,0.00030090440476190477,0.07953966,0.0,672
CN,1854,heat,historical,0.0001533861294642857,0.05288294,0.0,672
CN,1855,heat,historical,0.00014551879315476192,0.045745537,0.0,672
CN,1856,heat,historical,0.0002977534751488095,0.074466,0.0,672
CN,1857,heat,historical,0.00032098215827380946,0.078272924,0.0,672
CN,1858,heat,historical,0.00022366748645833334,0.07671608,0.0,672
CN,1859,heat,historical,0.00017716633928571427,0.06167009,0.0,672
CN,1860,heat,historical,0.0001894766160714286,0.052951075,0.0,672
CN,1861,heat,historical,0.00015690576264880952,0.060085893,0.0,672
CN,1862,heat,historical,0.0005099057105654762,0.11601437,0.0,672
CN,1863,heat,historical,0.000537252425,0.10809804,0.0,672
CN,1864,heat,historical,0.00021579400982142858,0.03975873,0.0,672
CN,1865,heat,historical,0.0003294770630952381,0.08978919,0.0,672
CN,1866,heat,historical,0.00040119023883928575,0.09665042,0.0,672
CN,1867,heat,historical,0.0004183375304166667,0.11015197,0.0,672
CN,1868,heat,historical,0.00032490122961309525,0.09457791,0.0,672
CN,1869,heat,historical,0.00022867732589285715,0.0699013,0.0,672
CN,1870,heat,historical,0.0002931999069940476,0.0683042,0.0,672
CN,1871,heat,historical,0.00018630726041666667,0.047157843,0.0,672
CN,1872,heat,historical,0.0003519161,0.09425632,0.0,672
CN,1873,heat,historical,0.0003458101294642857,0.077228665,0.0,672
CN,1874,heat,historical,0.00013106846354166667,0.022068799,0.0,672
CN,1875,heat,historical,0.00011494511398809523,0.036532525,0.0,672
CN,1876,heat,historical,0.00041679587648809523,0.11529325,0.0,672
CN,1877,heat,historical,0.0002948859883779762,0.08000939,0.0,672
CN,1878,heat,historical,0.00017548333333333333,0.037226804,0.0,672
CN,1879,heat,historical,0.00027931109077380955,0.071803994,0.0,672
CN,1880,heat,historical,0.0004281175446428571,0.11219919,0.0,672
CN,1881,heat,historical,0.0002803911086309524,0.111024335,0.0,672
CN,1882,heat,historical,0.00039030794092261906,0.06402909,0.0,672
CN,1883,heat,historical,0.00021617501532738095,0.07626545,0.0,672
CN,1884,heat,historical,0.00011063505848214288,0.05794163,0.0,672
CN,1885,heat,historical,0.0003142432217559524,0.094206765,0.0,672
CN,1886,heat,historical,0.0005153242113095239,0.09115194,0.0,672
CN,1887,heat,historical,0.00022977577172619048,0.045667075,0.0,672
CN,1888,heat,historical,6.0399184523809524e-05,0.040588252,0.0,672
CN,1889,heat,historical,0.00016771278422619045,0.03851419,0.0,672
CN,1890,heat,historical,0.00025480728571428574,0.06691306,0.0,672
CN,1891,heat,historical,0.00039281748065476187,0.08262959,0.0,672
CN,1892,heat,historical,0.000418468115922619,0.08766918,0.0,672
CN,1893,heat,historical,0.0002457278318452381,0.08454157,0.0,672
CN,1894,heat,historical,0.00018871616220238094,0.055249684,0.0,672
CN,1895,heat,historical,0.0005546216968154762,0.10608333,0.0,672
CN,1896,heat,historical,0.0004939590327380952,0.08965085,0.0,672
CN,1897,heat,historical,0.00030048421875,0.0800001,0.0,672
CN,1898,heat,historical,0.00027492498511904766,0.08836036,0.0,672
CN,1899,heat,historical,0.0002840712886904762,0.072950974,0.0,672
CN,1900,heat,historical,0.0004007815877976191,0.086581044,0.0,672
CN,1901,heat,historical,0.00026456195892857144,0.04232008,0.0,672
CN,1902,heat,historical,0.00024125646279761904,0.07835345,0.0,672
CN,1903,heat,historical,0.00010169692827380953,0.054758266,0.0,672
CN,1904,heat,historical,0.0002469315119047619,0.06421492,0.0,672
CN,1905,heat,historical,0.00025586732589285714,0.0767104,0.0,672
CN,1906,heat,historical,5.796647538690476e-05,0.012278683,0.0,672
CN,1907,heat,historical,0.00011424302976190476,0.03336981,0.0,672
CN,1908,heat,historical,0.0004278871026785714,0.115478046,0.0,672
CN,1909,heat,historical,0.0005269277901785714,0.116378285,0.0,672
CN,1910,heat,historical,0.00017455311250000002,0.07469209,0.0,672
CN,1911,heat,historical,0.00028541708333333334,0.090756536,0.0,672
CN,1912,heat,historical,0.00016641769092261903,0.076478116,0.0,672
CN,1913,heat,historical,0.00036957342961309525,0.11601902,0.0,672
CN,1914,heat,historical,0.00035316586592261905,0.09432136,0.0,672
CN,1915,heat,historical,0.00021130728720238095,0.101268806,0.0,672
CN,1916,heat,historical,0.00027402318154761904,0.07942248,0.0,672
CN,1917,heat,historical,0.0002479562172619048,0.06672259,0.0,672
CN,1918,heat,historical,0.00032303310267857145,0.092681415,0.0,672
CN,1919,heat,historical,0.0004792244912202381,0.123381995,0.0,672
CN,1920,heat,historical,0.00028687962723214283,0.07869517,0.0,672
CN,1921,heat,historical,0.00013783888988095236,0.059103064,0.0,672
CN,1922,heat,historical,0.00023557910714285714,0.08016735,0.0,672
CN,1923,heat,historical,0.0005885752083333334,0.13879345,0.0,672
CN,1924,heat,historical,0.00025992082440476187,0.109165005,0.0,672
CN,1925,heat,historical,0.00017515071874999998,0.06307981,0.0,672
CN,1926,heat,historical,0.0003520750952380952,0.08932358,0.0,672
CN,1927,heat,historical,0.000550978390625,0.09331737,0.0,672
CN,1928,heat,historical,0.0002657625639880952,0.03863601,0.0,672
CN,1929,heat,historical,0.00021398426636904763,0.057084233,0.0,672
CN,1930,heat,historical,0.0003747553244047619,0.08821944,0.0,672
CN,1931,heat,historical,0.0005375120642857143,0.0698946,0.0,672
CN,1932,heat,historical,0.0003112090537202381,0.097021565,0.0,672
CN,1933,heat,historical,0.00024195547619047618,0.09162529,0.0,672
CN,1934,heat,historical,0.00028370871875000003,0.07634597,0.0,672
CN,1935,heat,historical,0.00023037492351190477,0.08281903,0.0,672
CN,1936,heat,historical,0.00024159905208333334,0.062003035,0.0,672
CN,1937,heat,historical,0.00018511355446428572,0.07116494,0.0,672
CN,1938,heat,historical,0.0002998866078869048,0.085172355,0.0,672
CN,1939,heat,historical,0.0006613199976235119,0.12466163,0.0,672
CN,1940,heat,historical,0.0002792957291666667,0.104896605,0.0,672
CN,1941,heat,historical,0.00012236307901785715,0.05138133,0.0,672
CN,1942,heat,historical,0.00033426337351190474,0.07839165,0.0,672
CN,1943,heat,historical,0.00024059815327380951,0.08358093,0.0,672
CN,1944,heat,historical,0.0005027335476190477,0.106258325,0.0,672
CN,1945,heat,historical,0.00017064556026785715,0.056159213,0.0,672
CN,1946,heat,historical,0.0002425185193452381,0.1072649,0.0,672
CN,1947,heat,historical,0.0006736901874702381,0.12753321,0.0,672
CN,1948,heat,historical,0.00018218385282738094,0.072577246,0.0,672
CN,1949,heat,historical,0.0001250277767857143,0.04236086,0.0,672
CN,1950,heat,historical,0.00030340011011904767,0.078256406,0.0,672
CN,1951,heat,historical,0.00044009215565476187,0.10592538,0.0,672
CN,1952,heat,historical,0.00033872783184523813,0.10586344,0.0,672
CN,1953,heat,historical,0.00014288405997023808,0.062005617,0.0,672
CN,1954,heat,historical,0.00011499504464285715,0.04375613,0.0,672
CN,1955,heat,historical,0.00027342711741071426,0.10082643,0.0,672
CN,1956,heat,historical,0.00038061318824404765,0.08637044,0.0,672
CN,1957,heat,historical,0.00039713060744047616,0.09820365,0.0,672
CN,1958,heat,historical,0.00043042045297619045,0.09920971,0.0,672
CN,1959,heat,historical,0.0002810839767857143,0.06390521,0.0,672
CN,1960,heat,historical,0.000424659349702381,0.08542632,0.0,672
CN,1961,heat,historical,0.00033657164181547617,0.07262422,0.0,672
CN,1962,heat,historical,0.0002452769230654762,0.06597617,0.0,672
CN,1963,heat,historical,0.0001916788888392857,0.05750751,0.0,672
CN,1964,heat,historical,0.0002779921925595238,0.082654886,0.0,672
CN,1965,heat,historical,0.00041986688988095237,0.07351568,0.0,672
CN,1966,heat,historical,0.00014866972916666664,0.07113501,0.0,672
CN,1967,heat,historical,0.0002191607894345238,0.07241826,0.0,672
CN,1968,heat,historical,0.00047907469494047616,0.10030352,0.0,672
CN,1969,heat,historical,0.00035098740922619046,0.11424538,0.0,672
CN,1970,heat,historical,0.00021241724851190475,0.060318697,0.0,672
CN,1971,heat,historical,0.00026255633526785715,0.071399815,0.0,672
CN,1972,heat,historical,0.00037146458482142854,0.0906058,0.0,672
CN,1973,heat,historical,0.0003836235633928572,0.10920114,0.0,672
CN,1974,heat,historical,0.0002169877023809524,0.062385533,0.0,672
CN,1975,heat,historical,0.00015878925892857143,0.039133105,0.0,672
CN,1976,heat,historical,0.00021789181625,0.07081703,0.0,672
CN,1977,heat,historical,0.0002996676919642857,0.06522563,0.0,672
CN,1978,heat,historical,0.00022483122574404763,0.082829356,0.0,672
CN,1979,heat,historical,0.00019776490550595238,0.08099791,0.0,672
CN,1980,heat,historical,0.00031253103050595237,0.06973096,0.0,672
CN,1981,heat,historical,0.00040404313508928566,0.0981639,0.0,672
CN,1982,heat,historical,0.00012073692708333332,0.04554216,0.0,672
CN,1983,heat,historical,0.00015889140922619048,0.06620897,0.0,672
CN,1984,heat,historical,0.00039329680050595233,0.081334464,0.0,672
CN,1985,heat,historical,0.0005517949167261905,0.13555795,0.0,672
CN,1986,heat,historical,0.00014337798095238096,0.05330467,0.0,672
CN,1987,heat,historical,0.0002596934642857143,0.100025296,0.0,672
CN,1988,heat,historical,0.0005108912470238096,0.10424311,0.0,672
CN,1989,heat,historical,0.0003490424672619047,0.06658528,0.0,672
CN,1990,heat,historical,0.0003256102261904762,0.10078203,0.0,672
CN,1991,heat,historical,0.0001796674181547619,0.083569065,0.0,672
CN,1992,heat,historical,3.1071436458333337e-05,0.01852823,0.0,672
CN,1993,heat,historical,0.00023749178794642856,0.04664578,0.0,672
CN,1994,heat,historical,0.0004306508794642857,0.11281552,0.0,672
CN,1995,heat,historical,0.0002314326532738095,0.08228477,0.0,672
CN,1996,heat,historical,0.00039445285982142857,0.09379536,0.0,672
CN,1997,heat,historical,0.0003915331413690476,0.095724374,0.0,672
CN,1998,heat,historical,0.0003042097227678571,0.08094938,0.0,672
CN,1999,heat,historical,0.0002129019549107143,0.052767828,0.0,672
CN,2000,heat,historical,0.0002662073071428571,0.08314268,0.0,672
CN,2001,heat,historical,0.0003765458610267857,0.0974531,0.0,672
CN,2002,heat,historical,0.0008694587214285715,0.1151353,0.0,672
CN,2003,heat,historical,0.00020014614434523808,0.041138,0.0,672
CN,2004,heat,historical,0.0001974315193452381,0.04647337,0.0,672
CN,2005,heat,historical,0.00018253720089285712,0.0639114,0.0,672
CN,2006,heat,historical,0.000415582959077381,0.11731672,0.0,672
CN,2007,heat,historical,0.0004333962291666667,0.11204433,0.0,672
CN,2008,heat,historical,0.0004343110853422619,0.10252986,0.0,672
CN,2009,heat,historical,0.0004960445492559523,0.07438186,0.0,672
CN,2010,heat,historical,0.0004865402998511905,0.10117537,0.0,672
CN,2011,heat,historical,0.0002685778178571429,0.08078833,0.0,672
CN,2012,heat,historical,0.00027752899776785714,0.08945366,0.0,672
CN,2013,heat,historical,0.0002445571776785714,0.06173565,0.0,672
CN,2014,heat,historical,0.0007717177052083334,0.11637312,0.0,672
CX,1850,heat,historical,0.0,0.0,0.0,48
CX,1851,heat,historical,0.0,0.0,0.0,48
CX,1852,heat,historical,0.0,0.0,0.0,48
CX,1853,heat,historical,0.0,0.0,0.0,48
CX,1854,heat,historical,0.0,0.0,0.0,48
CX,1855,heat,historical,0.0,0.0,0.0,48
CX,1856,heat,historical,0.0,0.0,0.0,48
CX,1857,heat,historical,0.0,0.0,0.0,48
CX,1858,heat,historical,0.0,0.0,0.0,48
CX,1859,heat,historical,0.0,0.0,0.0,48
CX,1860,heat,historical,0.0,0.0,0.0,48
CX,1861,heat,historical,0.0,0.0,0.0,48
CX,1862,heat,historical,0.0,0.0,0.0,48
CX,1863,heat,historical,0.0,0.0,0.0,48
CX,1864,heat,historical,0.0,0.0,0.0,48
CX,1865,heat,historical,0.0,0.0,0.0,48
CX,1866,heat,historical,0.0,0.0,0.0,48
CX,1867,heat,historical,0.0,0.0,0.0,48
CX,1868,heat,historical,0.0,0.0,0.0,48
CX,1869,heat,historical,0.0,0.0,0.0,48
CX,1870,heat,historical,0.0,0.0,0.0,48
CX,1871,heat,historical,0.0,0.0,0.0,48
CX,1872,heat,historical,0.0,0.0,0.0,48
CX,1873,heat,historical,0.0,0.0,0.0,48
CX,1874,heat,historical,0.0,0.0,0.0,48
CX,1875,heat,historical,0.0,0.0,0.0,48
CX,1876,heat,historical,0.0,0.0,0.0,48
CX,1877,heat,historical,0.0,0.0,0.0,48
CX,1878,heat,historical,0.0,0.0,0.0,48
CX,1879,heat,historical,0.0,0.0,0.0,48
CX,1880,heat,historical,0.0,0.0,0.0,48
CX,1881,heat,historical,0.0,0.0,0.0,48
CX,1882,heat,historical,0.0,0.0,0.0,48
CX,1883,heat,historical,0.0,0.0,0.0,48
CX,1884,heat,historical,0.0,0.0,0.0,48
CX,1885,heat,historical,0.0,0.0,0.0,48
CX,1886,heat,historical,0.0,0.0,0.0,48
CX,1887,heat,historical,0.0,0.0,0.0,48
CX,1888,heat,historical,0.0,0.0,0.0,48
CX,1889,heat,historical,0.0,0.0,0.0,48
CX,1890,heat,historical,0.0,0.0,0.0,48
CX,1891,heat,historical,0.0,0.0,0.0,48
CX,1892,heat,historical,0.0,0.0,0.0,48
CX,1893,heat,historical,0.0,0.0,0.0,48
CX,1894,heat,historical,0.0,0.0,0.0,48
CX,1895,heat,historical,0.0,0.0,0.0,48
CX,1896,heat,historical,0.0,0.0,0.0,48
CX,1897,heat,historical,0.0,0.0,0.0,48
CX,1898,heat,historical,0.0,0.0,0.0,48
CX,1899,heat,historical,0.0,0.0,0.0,48
CX,1900,heat,historical,0.0,0.0,0.0,48
CX,1901,heat,historical,0.0,0.0,0.0,48
CX,1902,heat,historical,0.0,0.0,0.0,48
CX,1903,heat,historical,0.0,0.0,0.0,48
CX,1904,heat,historical,0.0,0.0,0.0,48
CX,1905,heat,historical,0.0,0.0,0.0,48
CX,1906,heat,historical,0.0,0.0,0.0,48
CX,1907,heat,historical,0.0,0.0,0.0,48
CX,1908,heat,historical,0.0,0.0,0.0,48
CX,1909,heat,historical,0.0,0.0,0.0,48
CX,1910,heat,historical,0.0,0.0,0.0,48
CX,1911,heat,historical,0.0,0.0,0.0,48
CX,1912,heat,historical,0.0,0.0,0.0,48
CX,1913,heat,historical,0.0,0.0,0.0,48
CX,1914,heat,historical,0.0,0.0,0.0,48
CX,1915,heat,historical,0.0,0.0,0.0,48
CX,1916,heat,historical,0.0,0.0,0.0,48
CX,1917,heat,historical,0.0,0.0,0.0,48
CX,1918,heat,historical,0.0,0.0,0.0,48
CX,1919,heat,historical,0.0,0.0,0.0,48
CX,1920,heat,historical,0.0,0.0,0.0,48
CX,1921,heat,historical,0.0,0.0,0.0,48
CX,1922,heat,historical,0.0,0.0,0.0,48
CX,1923,heat,historical,0.0,0.0,0.0,48
CX,1924,heat,historical,0.0,0.0,0.0,48
CX,1925,heat,historical,0.0,0.0,0.0,48
CX,1926,heat,historical,0.0,0.0,0.0,48
CX,1927,heat,historical,0.0,0.0,0.0,48
CX,1928,heat,historical,0.0,0.0,0.0,48
CX,1929,heat,historical,0.0,0.0,0.0,48
CX,1930,heat,historical,0.0,0.0,0.0,48
CX,1931,heat,historical,0.0,0.0,0.0,48
CX,1932,heat,historical,0.0,0.0,0.0,48
CX,1933,heat,historical,0.0,0.0,0.0,48
CX,1934,heat,historical,0.0,0.0,0.0,48
CX,1935,heat,historical,0.0,0.0,0.0,48
CX,1936,heat,historical,0.0,0.0,0.0,48
CX,1937,heat,historical,0.0,0.0,0.0,48
CX,1938,heat,historical,0.0,0.0,0.0,48
CX,1939,heat,historical,0.0,0.0,0.0,48
CX,1940,heat,historical,0.0,0.0,0.0,48
CX,1941,heat,historical,0.0,0.0,0.0,48
CX,1942,heat,historical,0.0,0.0,0.0,48
CX,1943,heat,historical,0.0,0.0,0.0,48
CX,1944,heat,historical,0.0,0.0,0.0,48
CX,1945,heat,historical,0.0,0.0,0.0,48
CX,1946,heat,historical,0.0,0.0,0.0,48
CX,1947,heat,historical,0.0,0.0,0.0,48
CX,1948,heat,historical,0.0,0.0,0.0,48
CX,1949,heat,historical,0.0,0.0,0.0,48
CX,1950,heat,historical,0.0,0.0,0.0,48
CX,1951,heat,historical,0.0,0.0,0.0,48
CX,1952,heat,historical,0.0,0.0,0.0,48
CX,1953,heat,historical,0.0,0.0,0.0,48
CX,1954,heat,historical,0.0,0.0,0.0,48
CX,1955,heat,historical,0.0,0.0,0.0,48
CX,1956,heat,historical,0.0,0.0,0.0,48
CX,1957,heat,historical,0.0,0.0,0.0,48
CX,1958,heat,historical,0.0,0.0,0.0,48
CX,1959,heat,historical,0.0,0.0,0.0,48
CX,1960,heat,historical,0.0,0.0,0.0,48
CX,1961,heat,historical,0.0,0.0,0.0,48
CX,1962,heat,historical,0.0,0.0,0.0,48
CX,1963,heat,historical,0.0,0.0,0.0,48
CX,1964,heat,historical,0.0,0.0,0.0,48
CX,1965,heat,historical,0.0,0.0,0.0,48
CX,1966,heat,historical,0.0,0.0,0.0,48
CX,1967,heat,historical,0.0,0.0,0.0,48
CX,1968,heat,historical,0.0,0.0,0.0,48
CX,1969,heat,historical,0.0,0.0,0.0,48
CX,1970,heat,historical,0.0,0.0,0.0,48
CX,1971,heat,historical,0.0,0.0,0.0,48
CX,1972,heat,historical,0.0,0.0,0.0,48
CX,1973,heat,historical,0.0,0.0,0.0,48
CX,1974,heat,historical,0.0,0.0,0.0,48
CX,1975,heat,historical,0.0,0.0,0.0,48
CX,1976,heat,historical,0.0,0.0,0.0,48
CX,1977,heat,historical,0.0,0.0,0.0,48
CX,1978,heat,historical,0.0,0.0,0.0,48
CX,1979,heat,historical,0.0,0.0,0.0,48
CX,1980,heat,historical,0.0,0.0,0.0,48
CX,1981,heat,historical,0.0,0.0,0.0,48
CX,1982,heat,historical,0.0,0.0,0.0,48
CX,1983,heat,historical,0.0,0.0,0.0,48
CX,1984,heat,historical,0.0,0.0,0.0,48
CX,1985,heat,historical,0.0,0.0,0.0,48
CX,1986,heat,historical,0.0,0.0,0.0,48
CX,1987,heat,historical,0.0,0.0,0.0,48
CX,1988,heat,historical,0.0,0.0,0.0,48
CX,1989,heat,historical,0.0,0.0,0.0,48
CX,1990,heat,historical,0.0,0.0,0.0,48
CX,1991,heat,historical,0.0,0.0,0.0,48
CX,1992,heat,historical,0.0,0.0,0.0,48
CX,1993,heat,historical,0.0,0.0,0.0,48
CX,1994,heat,historical,0.0,0.0,0.0,48
CX,1995,heat,historical,0.0,0.0,0.0,48
CX,1996,heat,historical,0.0,0.0,0.0,48
CX,1997,heat,historical,0.0,0.0,0.0,48
CX,1998,heat,historical,0.0,0.0,0.0,48
CX,1999,heat,historical,0.0,0.0,0.0,48
CX,2000,heat,historical,0.0,0.0,0.0,48
CX,2001,heat,historical,0.0,0.0,0.0,48
CX,2002,heat,historical,0.0,0.0,0.0,48
CX,2003,heat,historical,0.0,0.0,0.0,48
CX,2004,heat,historical,0.0,0.0,0.0,48
CX,2005,heat,historical,0.0,0.0,0.0,48
CX,2006,heat,historical,0.0,0.0,0.0,48
CX,2007,heat,historical,0.0,0.0,0.0,48
CX,2008,heat,historical,0.0,0.0,0.0,48
CX,2009,heat,historical,0.0,0.0,0.0,48
CX,2010,heat,historical,0.0,0.0,0.0,48
CX,2011,heat,historical,0.0,0.0,0.0,48
CX,2012,heat,historical,0.0,0.0,0.0,48
CX,2013,heat,historical,0.0,0.0,0.0,48
CX,2014,heat,historical,0.00013921079166666667,0.006682118,0.0,48
DE,1850,heat,historical,0.0,0.0,0.0,36
DE,1851,heat,historical,0.0,0.0,0.0,36
DE,1852,heat,historical,0.0,0.0,0.0,36
DE,1853,heat,historical,0.0,0.0,0.0,36
DE,1854,heat,historical,0.0,0.0,0.0,36
DE,1855,heat,historical,0.0,0.0,0.0,36
DE,1856,heat,historical,0.0,0.0,0.0,36
DE,1857,heat,historical,0.0,0.0,0.0,36
DE,1858,heat,historical,0.0,0.0,0.0,36
DE,1859,heat,historical,0.0,0.0,0.0,36
DE,1860,heat,historical,0.0,0.0,0.0,36
DE,1861,heat,historical,0.0,0.0,0.0,36
DE,1862,heat,historical,0.0,0.0,0.0,36
DE,1863,heat,historical,0.0,0.0,0.0,36
DE,1864,heat,historical,0.0,0.0,0.0,36
DE,1865,heat,historical,0.0,0.0,0.0,36
DE,1866,heat,historical,0.0,0.0,0.0,36
DE,1867,heat,historical,0.0,0.0,0.0,36
DE,1868,heat,historical,0.0,0.0,0.0,36
DE,1869,heat,historical,0.0,0.0,0.0,36
DE,1870,heat,historical,0.0,0.0,0.0,36
DE,1871,heat,historical,0.0,0.0,0.0,36
DE,1872,heat,historical,0.0,0.0,0.0,36
DE,1873,heat,historical,0.0,0.0,0.0,36
DE,1874,heat,historical,0.0,0.0,0.0,36
DE,1875,heat,historical,0.0,0.0,0.0,36
DE,1876,heat,historical,0.0,0.0,0.0,36
DE,1877,heat,historical,0.0,0.0,0.0,36
DE,1878,heat,historical,0.0,0.0,0.0,36
DE,1879,heat,historical,0.0,0.0,0.0,36
DE,1880,heat,historical,0.0,0.0,0.0,36
DE,1881,heat,historical,0.0,0.0,0.0,36
DE,1882,heat,historical,0.0,0.0,0.0,36
DE,1883,heat,historical,0.0,0.0,0.0,36
DE,1884,heat,historical,0.0,0.0,0.0,36
DE,1885,heat,historical,0.0,0.0,0.0,36
DE,1886,heat,historical,0.0,0.0,0.0,36
DE,1887,heat,historical,0.0,0.0,0.0,36
DE,1888,heat,historical,0.0,0.0,0.0,36
DE,1889,heat,historical,0.0,0.0,0.0,36
DE,1890,heat,historical,0.0,0.0,0.0,36
DE,1891,heat,historical,0.0,0.0,0.0,36
DE,1892,heat,historical,0.0,0.0,0.0,36
DE,1893,heat,historical,0.0,0.0,0.0,36
DE,1894,heat,historical,0.0,0.0,0.0,36
DE,1895,heat,historical,0.0,0.0,0.0,36
DE,1896,heat,historical,0.0,0.0,0.0,36
DE,1897,heat,historical,0.0,0.0,0.0,36
DE,1898,heat,historical,0.0,0.0,0.0,36
DE,1899,heat,historical,0.0,0.0,0.0,36
DE,1900,heat,historical,0.0,0.0,0.0,36
DE,1901,heat,historical,0.0,0.0,0.0,36
DE,1902,heat,historical,0.0,0.0,0.0,36
DE,1903,heat,historical,0.0,0.0,0.0,36
DE,1904,heat,historical,0.0,0.0,0.0,36
DE,1905,heat,historical,0.0,0.0,0.0,36
DE,1906,heat,historical,0.0,0.0,0.0,36
DE,1907,heat,historical,0.0,0.0,0.0,36
DE,1908,heat,historical,0.0,0.0,0.0,36
DE,1909,heat,historical,0.0,0.0,0.0,36
DE,1910,heat,historical,0.0,0.0,0.0,36
DE,1911,heat,historical,0.0,0.0,0.0,36
DE,1912,heat,historical,0.0,0.0,0.0,36
DE,1913,heat,historical,0.0,0.0,0.0,36
DE,1914,heat,historical,0.0,0.0,0.0,36
DE,1915,heat,historical,0.0,0.0,0.0,36
DE,1916,heat,historical,0.0,0.0,0.0,36
DE,1917,heat,historical,0.0,0.0,0.0,36
DE,1918,heat,historical,0.0,0.0,0.0,36
DE,1919,heat,historical,0.0,0.0,0.0,36
DE,1920,heat,historical,0.0,0.0,0.0,36
DE,1921,heat,historical,0.0,0.0,0.0,36
DE,1922,heat,historical,0.0,0.0,0.0,36
DE,1923,heat,historical,0.0,0.0,0.0,36
DE,1924,heat,historical,0.0,0.0,0.0,36
DE,1925,heat,historical,0.0,0.0,0.0,36
DE,1926,heat,historical,0.0,0.0,0.0,36
DE,1927,heat,historical,0.0,0.0,0.0,36
DE,1928,heat,historical,0.0,0.0,0.0,36
DE,1929,heat,historical,0.0,0.0,0.0,36
DE,1930,heat,historical,0.0,0.0,0.0,36
DE,1931,heat,historical,0.0,0.0,0.0,36
DE,1932,heat,historical,0.0,0.0,0.0,36
DE,1933,heat,historical,0.0,0.0,0.0,36
DE,1934,heat,historical,0.0,0.0,0.0,36
DE,1935,heat,historical,0.0,0.0,0.0,36
DE,1936,heat,historical,0.0,0.0,0.0,36
DE,1937,heat,historical,0.0,0.0,0.0,36
DE,1938,heat,historical,0.0,0.0,0.0,36
DE,1939,heat,historical,0.0,0.0,0.0,36
DE,1940,heat,historical,0.0,0.0,0.0,36
DE,1941,heat,historical,0.0,0.0,0.0,36
DE,1942,heat,historical,0.0,0.0,0.0,36
DE,1943,heat,historical,0.0,0.0,0.0,36
DE,1944,heat,historical,0.0,0.0,0.0,36
DE,1945,heat,historical,0.0,0.0,0.0,36
DE,1946,heat,historical,0.0,0.0,0.0,36
DE,1947,heat,historical,0.0,0.0,0.0,36
DE,1948,heat,historical,0.0,0.0,0.0,36
DE,1949,heat,historical,0.0,0.0,0.0,36
DE,1950,heat,historical,0.0,0.0,0.0,36
DE,1951,heat,historical,0.0,0.0,0.0,36
DE,1952,heat,historical,0.0,0.0,0.0,36
DE,1953,heat,historical,0.0,0.0,0.0,36
DE,1954,heat,historical,0.0,0.0,0.0,36
DE,1955,heat,historical,0.0,0.0,0.0,36
DE,1956,heat,historical,0.0,0.0,0.0,36
DE,1957,heat,historical,0.0,0.0,0.0,36
DE,1958,heat,historical,0.0,0.0,0.0,36
DE,1959,heat,historical,0.0,0.0,0.0,36
DE,1960,heat,historical,0.0,0.0,0.0,36
DE,1961,heat,historical,0.0,0.0,0.0,36
DE,1962,heat,historical,0.0,0.0,0.0,36
DE,1963,heat,historical,0.0,0.0,0.0,36
DE,1964,heat,historical,0.0,0.0,0.0,36
DE,1965,heat,historical,0.0,0.0,0.0,36
DE,1966,heat,historical,0.0,0.0,0.0,36
DE,1967,heat,historical,0.0,0.0,0.0,36
DE,1968,heat,historical,0.0,0.0,0.0,36
DE,1969,heat,historical,0.0,0.0,0.0,36
DE,1970,heat,historical,0.0,0.0,0.0,36
DE,1971,heat,historical,0.0,0.0,0.0,36
DE,1972,heat,historical,0.0,0.0,0.0,36
DE,1973,heat,historical,0.0,0.0,0.0,36
DE,1974,heat,historical,0.0,0.0,0.0,36
DE,1975,heat,historical,0.0,0.0,0.0,36
DE,1976,heat,historical,0.0,0.0,0.0,36
DE,1977,heat,historical,0.0,0.0,0.0,36
DE,1978,heat,historical,0.0,0.0,0.0,36
DE,1979,heat,historical,0.0,0.0,0.0,36
DE,1980,heat,historical,0.0,0.0,0.0,36
DE,1981,heat,historical,0.0,0.0,0.0,36
DE,1982,heat,historical,0.0,0.0,0.0,36
DE,1983,heat,historical,0.0,0.0,0.0,36
DE,1984,heat,historical,0.0,0.0,0.0,36
DE,1985,heat,historical,0.0,0.0,0.0,36
DE,1986,heat,historical,0.0,0.0,0.0,36
DE,1987,heat,historical,0.0,0.0,0.0,36
DE,1988,heat,historical,0.0,0.0,0.0,36
DE,1989,heat,historical,0.0,0.0,0.0,36
DE,1990,heat,historical,0.0,0.0,0.0,36
DE,1991,heat,historical,0.0,0.0,0.0,36
DE,1992,heat,historical,0.0,0.0,0.0,36
DE,1993,heat,historical,0.0,0.0,0.0,36
DE,1994,heat,historical,0.0,0.0,0.0,36
DE,1995,heat,historical,0.0,0.0,0.0,36
DE,1996,heat,historical,0.0,0.0,0.0,36
DE,1997,heat,historical,0.0,0.0,0.0,36
DE,1998,heat,historical,0.0,0.0,0.0,36
DE,1999,heat,historical,0.0,0.0,0.0,36
DE,2000,heat,historical,0.0,0.0,0.0,36
DE,2001,heat,historical,0.0,0.0,0.0,36
DE,2002,heat,historical,0.0,0.0,0.0,36
DE,2003,heat,historical,0.0,0.0,0.0,36
DE,2004,heat,historical,0.0,0.0,0.0,36
DE,2005,heat,historical,0.0,0.0,0.0,36
DE,2006,heat,historical,0.0,0.0,0.0,36
DE,2007,heat,historical,0.0,0.0,0.0,36
DE,2008,heat,historical,0.0,0.0,0.0,36
DE,2009,heat,historical,0.0,0.0,0.0,36
DE,2010,heat,historical,0.0,0.0,0.0,36
DE,2011,heat,historical,0.0,0.0,0.0,36
DE,2012,heat,historical,0.0,0.0,0.0,36
DE,2013,heat,historical,0.0,0.0,0.0,36
DE,2014,heat,historical,0.0,0.0,0.0,36
DJ,1850,heat,historical,0.092560499,0.25643694,0.0,12
DJ,1851,heat,historical,0.09692830941666668,0.29948226,0.0,12
DJ,1852,heat,historical,0.095714695,0.28492716,0.0,12
DJ,1853,heat,historical,0.08229956958333333,0.31064647,0.0,12
DJ,1854,heat,historical,0.07053209080583332,0.25385803,0.0,12
DJ,1855,heat,historical,0.063692707,0.19656216,0.0,12
DJ,1856,heat,historical,0.07316794533333333,0.29301798,0.0,12
DJ,1857,heat,historical,0.09498613325,0.32981843,0.0,12
DJ,1858,heat,historical,0.07731499685,0.25153518,0.0,12
DJ,1859,heat,historical,0.08115749608333334,0.26674274,0.0,12
DJ,1860,heat,historical,0.043044901224999994,0.21005183,0.0,12
DJ,1861,heat,historical,0.058853225833333335,0.22618492,0.0,12
DJ,1862,heat,historical,0.08233247703,0.27948958,0.0,12
DJ,1863,heat,historical,0.08101072258333333,0.28982326,0.0,12
DJ,1864,heat,historical,0.060559159583333334,0.2228622,0.0,12
DJ,1865,heat,historical,0.06800704725,0.27828944,0.0,12
DJ,1866,heat,historical,0.0718957885,0.22258654,0.0,12
DJ,1867,heat,historical,0.07935847574166667,0.2705424,0.0,12
DJ,1868,heat,historical,0.08767671108333334,0.3063595,0.0,12
DJ,1869,heat,historical,0.075493995,0.24760434,0.0,12
DJ,1870,heat,historical,0.06634241073333333,0.22074166,0.0,12
DJ,1871,heat,historical,0.0761491785,0.25316584,0.0,12
DJ,1872,heat,historical,0.09627377583333334,0.30005783,0.0,12
DJ,1873,heat,historical,0.06626734808333333,0.22075456,0.0,12
DJ,1874,heat,historical,0.058810383,0.2116479,0.0,12
DJ,1875,heat,historical,0.07387358066666667,0.27493727,0.0,12
DJ,1876,heat,historical,0.08520797320000001,0.26244387,0.0,12
DJ,1877,heat,historical,0.07043349685833333,0.26180273,0.0,12
DJ,1878,heat,historical,0.054206327750000005,0.21198961,0.0,12
DJ,1879,heat,historical,0.06954706709583333,0.26308602,0.0,12
DJ,1880,heat,historical,0.10009953941666666,0.30922696,0.0,12
DJ,1881,heat,historical,0.08383313858333334,0.24343868,0.0,12
DJ,1882,heat,historical,0.08392101808333334,0.26911566,0.0,12
DJ,1883,heat,historical,0.05161370610966667,0.18748233,0.0,12
DJ,1884,heat,historical,0.06033788325,0.26401773,0.0,12
DJ,1885,heat,historical,0.06681924233333333,0.2517308,0.0,12
DJ,1886,heat,historical,0.10213798633333333,0.30489507,0.0,12
DJ,1887,heat,historical,0.06977776116666666,0.25289997,0.0,12
DJ,1888,heat,historical,0.06604112616666667,0.23988777,0.0,12
DJ,1889,heat,historical,0.07168909535833333,0.22762923,0.0,12
DJ,1890,heat,historical,0.07564979949999999,0.27021256,0.0,12
DJ,1891,heat,historical,0.09589338466666665,0.2907617,0.0,12
DJ,1892,heat,historical,0.09295435095833333,0.2893468,0.0,12
DJ,1893,heat,historical,0.074421261275,0.24480245,0.0,12
DJ,1894,heat,historical,0.07640042993333333,0.23648451,0.0,12
DJ,1895,heat,historical,0.08540816952500001,0.32879686,0.0,12
DJ,1896,heat,historical,0.06118775033333334,0.2030285,0.0,12
DJ,1897,heat,historical,0.057814645500000005,0.20948401,0.0,12
DJ,1898,heat,historical,0.071586287,0.22292104,0.0,12
DJ,1899,heat,historical,0.08725343366666667,0.28475165,0.0,12
DJ,1900,heat,historical,0.08185551641666666,0.2919799,0.0,12
DJ,1901,heat,historical,0.06728369038333333,0.24955866,0.0,12
DJ,1902,heat,historical,0.0897087045,0.30931625,0.0,12
DJ,1903,heat,historical,0.06763947466666666,0.2025665,0.0,12
DJ,1904,heat,historical,0.04954303958333334,0.16645727,0.0,12
DJ,1905,heat,historical,0.05926828608333334,0.20259283,0.0,12
DJ,1906,heat,historical,0.08322703966666667,0.27982044,0.0,12
DJ,1907,heat,historical,0.07628544945833333,0.23027834,0.0,12
DJ,1908,heat,historical,0.09287851333333334,0.27879375,0.0,12
DJ,1909,heat,historical,0.07174002558333334,0.26402393,0.0,12
DJ,1910,heat,historical,0.06796454623333333,0.2414921,0.0,12
DJ,1911,heat,historical,0.06578815,0.24511991,0.0,12
DJ,1912,heat,historical,0.08191733064166666,0.25552997,0.0,12
DJ,1913,heat,historical,0.09339088133333333,0.3201331,0.0,12
DJ,1914,heat,historical,0.08868285616666667,0.3167159,0.0,12
DJ,1915,heat,historical,0.06490020888333334,0.2506478,0.0,12
DJ,1916,heat,historical,0.08700389625,0.28102165,0.0,12
DJ,1917,heat,historical,0.07523873874999999,0.23516667,0.0,12
DJ,1918,heat,historical,0.07942398825000001,0.2656355,0.0,12
DJ,1919,heat,historical,0.09709572679166667,0.3479941,0.0,12
DJ,1920,heat,historical,0.09048811200000001,0.3073186,0.0,12
DJ,1921,heat,historical,0.058959045791666664,0.21535778,0.0,12
DJ,1922,heat,historical,0.061572358333333334,0.2564715,0.0,12
DJ,1923,heat,historical,0.09702513341666667,0.33081773,0.0,12
DJ,1924,heat,historical,0.07081745883333333,0.24476373,0.0,12
DJ,1925,heat,historical,0.07243736208333333,0.22077781,0.0,12
DJ,1926,heat,historical,0.079163012,0.23759899,0.0,12
DJ,1927,heat,historical,0.08422441183333335,0.305754,0.0,12
DJ,1928,heat,historical,0.09175846341666667,0.29976928,0.0,12
DJ,1929,heat,historical,0.057152458133333334,0.2091454,0.0,12
DJ,1930,heat,historical,0.08622061583333333,0.25300476,0.0,12
DJ,1931,heat,historical,0.07963063708333333,0.29688478,0.0,12
DJ,1932,heat,historical,0.09339088141666667,0.31851843,0.0,12
DJ,1933,heat,historical,0.07126190216666667,0.26559627,0.0,12
DJ,1934,heat,historical,0.09344847908333333,0.28122914,0.0,12
DJ,1935,heat,historical,0.10732021916666667,0.34617603,0.0,12
DJ,1936,heat,historical,0.07952860566666665,0.31145382,0.0,12
DJ,1937,heat,historical,0.07691735566666667,0.24782528,0.0,12
DJ,1938,heat,historical,0.09398656825,0.30488783,0.0,12
DJ,1939,heat,historical,0.09399108383333334,0.33629972,0.0,12
DJ,1940,heat,historical,0.0829583649375,0.29361883,0.0,12
DJ,1941,heat,historical,0.07651536861666666,0.25856054,0.0,12
DJ,1942,heat,historical,0.05892450108333333,0.2569433,0.0,12
DJ,1943,heat,historical,0.09073713422500002,0.3171242,0.0,12
DJ,1944,heat,historical,0.12217547616666667,0.33123794,0.0,12
DJ,1945,heat,historical,0.08022929391666667,0.2823617,0.0,12
DJ,1946,heat,historical,0.08343622649999999,0.29626536,0.0,12
DJ,1947,heat,historical,0.101524447,0.33625945,0.0,12
DJ,1948,heat,historical,0.07425461841666667,0.2932327,0.0,12
DJ,1949,heat,historical,0.08046829199166668,0.29864138,0.0,12
DJ,1950,heat,historical,0.06727968816666667,0.25158367,0.0,12
DJ,1951,heat,historical,0.08580460958333332,0.28056896,0.0,12
DJ,1952,heat,historical,0.089343411425,0.32241106,0.0,12
DJ,1953,heat,historical,0.06122999339833334,0.24457274,0.0,12
DJ,1954,heat,historical,0.08659386525000001,0.2887119,0.0,12
DJ,1955,heat,historical,0.09177768983333333,0.31647635,0.0,12
DJ,1956,heat,historical,0.08535233666666668,0.288221,0.0,12
DJ,1957,heat,historical,0.10375418816666666,0.35023952,0.0,12
DJ,1958,heat,historical,0.10635751841666667,0.33129677,0.0,12
DJ,1959,heat,historical,0.08851767541666666,0.26487154,0.0,12
DJ,1960,heat,historical,0.09357339975000001,0.29915965,0.0,12
DJ,1961,heat,historical,0.1037387009,0.28712255,0.0,12
DJ,1962,heat,historical,0.05329408675,0.2154925,0.0,12
DJ,1963,heat,historical,0.06180232191666666,0.23923635,0.0,12
DJ,1964,heat,historical,0.08486152280333333,0.26672828,0.0,12
DJ,1965,heat,historical,0.08938676966666666,0.33988672,0.0,12
DJ,1966,heat,historical,0.08593842841666667,0.28246853,0.0,12
DJ,1967,heat,historical,0.07429767441666667,0.25305223,0.0,12
DJ,1968,heat,historical,0.10444743233333333,0.316959,0.0,12
DJ,1969,heat,historical,0.11373292833333333,0.35077894,0.0,12
DJ,1970,heat,historical,0.08579522983333333,0.28406203,0.0,12
DJ,1971,heat,historical,0.07600679196666667,0.2293399,0.0,12
DJ,1972,heat,historical,0.06840142108333333,0.21688727,0.0,12
DJ,1973,heat,historical,0.06253028186666666,0.22467247,0.0,12
DJ,1974,heat,historical,0.08893411433333333,0.2907013,0.0,12
DJ,1975,heat,historical,0.09075296166666667,0.27759516,0.0,12
DJ,1976,heat,historical,0.09082260354999999,0.28947484,0.0,12
DJ,1977,heat,historical,0.1113096175,0.31598598,0.0,12
DJ,1978,heat,historical,0.08736622166666667,0.26840127,0.0,12
DJ,1979,heat,historical,0.08782645008333334,0.27485418,0.0,12
DJ,1980,heat,historical,0.10915197158333334,0.31373435,0.0,12
DJ,1981,heat,historical,0.09378748916666667,0.294868,0.0,12
DJ,1982,heat,historical,0.07568236483333333,0.2888368,0.0,12
DJ,1983,heat,historical,0.06646913958333334,0.2659927,0.0,12
DJ,1984,heat,historical,0.09674458541666665,0.3189453,0.0,12
DJ,1985,heat,historical,0.09711495316666667,0.31465316,0.0,12
DJ,1986,heat,historical,0.05552593194166667,0.21746075,0.0,12
DJ,1987,heat,historical,0.076172144875,0.25702178,0.0,12
DJ,1988,heat,historical,0.10701794441666666,0.31903875,0.0,12
DJ,1989,heat,historical,0.10713357306666667,0.28908974,0.0,12
DJ,1990,heat,historical,0.09687686325,0.32809538,0.0,12
DJ,1991,heat,historical,0.09690400283333334,0.25586137,0.0,12
DJ,1992,heat,historical,0.07015079775000001,0.26520395,0.0,12
DJ,1993,heat,historical,0.09397615716666667,0.3046695,0.0,12
DJ,1994,heat,historical,0.08833412549999999,0.34857583,0.0,12
DJ,1995,heat,historical,0.07438676333333333,0.2670318,0.0,12
DJ,1996,heat,historical,0.0651115908,0.25351167,0.0,12
DJ,1997,heat,historical,0.12098277208333334,0.33956775,0.0,12
DJ,1998,heat,historical,0.08016575791666666,0.30877423,0.0,12
DJ,1999,heat,historical,0.07355151833333333,0.24072917,0.0,12
DJ,2000,heat,historical,0.08638218208333333,0.3141638,0.0,12
DJ,2001,heat,historical,0.10992651866666665,0.30987218,0.0,12
DJ,2002,heat,historical,0.130083206,0.34099138,0.0,12
DJ,2003,heat,historical,0.08106586724999999,0.28623262,0.0,12
DJ,2004,heat,historical,0.07618694208333333,0.25549486,0.0,12
DJ,2005,heat,historical,0.09109846591666666,0.3340522,0.0,12
DJ,2006,heat,historical,0.10929169075,0.31571704,0.0,12
DJ,2007,heat,historical,0.11694704916666666,0.3897959,0.0,12
DJ,2008,heat,historical,0.11814379503333333,0.33304927,0.0,12
DJ,2009,heat,historical,0.10985502858333333,0.31722277,0.0,12
DJ,2010,heat,historical,0.1285974325,0.3416996,0.0,12
DJ,2011,heat,historical,0.11474130941666666,0.3316478,0.0,12
DJ,2012,heat,historical,0.08151809925,0.2611699,0.0,12
DJ,2013,heat,historical,0.0924266775,0.28753033,0.0,12
DJ,2014,heat,historical,0.10867423223166667,0.35723907,0.0,12
DK,1850,heat,historical,0.0,0.0,0.0,24
DK,1851,heat,historical,0.0,0.0,0.0,24
DK,1852,heat,historical,0.0,0.0,0.0,24
DK,1853,heat,historical,0.0,0.0,0.0,24
DK,1854,heat,historical,0.0,0.0,0.0,24
DK,1855,heat,historical,0.0,0.0,0.0,24
DK,1856,heat,historical,0.0,0.0,0.0,24
DK,1857,heat,historical,0.0,0.0,0.0,24
DK,1858,heat,historical,0.0,0.0,0.0,24
DK,1859,heat,historical,0.0,0.0,0.0,24
DK,1860,heat,historical,0.0,0.0,0.0,24
DK,1861,heat,historical,0.0,0.0,0.0,24
DK,1862,heat,historical,0.0,0.0,0.0,24
DK,1863,heat,historical,0.0,0.0,0.0,24
DK,1864,heat,historical,0.0,0.0,0.0,24
DK,1865,heat,historical,0.0,0.0,0.0,24
DK,1866,heat,historical,0.0,0.0,0.0,24
DK,1867,heat,historical,0.0,0.0,0.0,24
DK,1868,heat,historical,0.0,0.0,0.0,24
DK,1869,heat,historical,0.0,0.0,0.0,24
DK,1870,heat,historical,0.0,0.0,0.0,24
DK,1871,heat,historical,0.0,0.0,0.0,24
DK,1872,heat,historical,0.0,0.0,0.0,24
DK,1873,heat,historical,0.0,0.0,0.0,24
DK,1874,heat,historical,0.0,0.0,0.0,24
DK,1875,heat,historical,0.0,0.0,0.0,24
DK,1876,heat,historical,0.0,0.0,0.0,24
DK,1877,heat,historical,0.0,0.0,0.0,24
DK,1878,heat,historical,0.0,0.0,0.0,24
DK,1879,heat,historical,0.0,0.0,0.0,24
DK,1880,heat,historical,0.0,0.0,0.0,24
DK,1881,heat,historical,0.0,0.0,0.0,24
DK,1882,heat,historical,0.0,0.0,0.0,24
DK,1883,heat,historical,0.0,0.0,0.0,24
DK,1884,heat,historical,0.0,0.0,0.0,24
DK,1885,heat,historical,0.0,0.0,0.0,24
DK,1886,heat,historical,0.0,0.0,0.0,24
DK,1887,heat,historical,0.0,0.0,0.0,24
DK,1888,heat,historical,0.0,0.0,0.0,24
DK,1889,heat,historical,0.0,0.0,0.0,24
DK,1890,heat,historical,0.0,0.0,0.0,24
DK,1891,heat,historical,0.0,0.0,0.0,24
DK,1892,heat,historical,0.0,0.0,0.0,24
DK,1893,heat,historical,0.0,0.0,0.0,24
DK,1894,heat,historical,0.0,0.0,0.0,24
DK,1895,heat,historical,0.0,0.0,0.0,24
DK,1896,heat,historical,0.0,0.0,0.0,24
DK,1897,heat,historical,0.0,0.0,0.0,24
DK,1898,heat,historical,0.0,0.0,0.0,24
DK,1899,heat,historical,0.0,0.0,0.0,24
DK,1900,heat,historical,0.0,0.0,0.0,24
DK,1901,heat,historical,0.0,0.0,0.0,24
DK,1902,heat,historical,0.0,0.0,0.0,24
DK,1903,heat,historical,0.0,0.0,0.0,24
DK,1904,heat,historical,0.0,0.0,0.0,24
DK,1905,heat,historical,0.0,0.0,0.0,24
DK,1906,heat,historical,0.0,0.0,0.0,24
DK,1907,heat,historical,0.0,0.0,0.0,24
DK,1908,heat,historical,0.0,0.0,0.0,24
DK,1909,heat,historical,0.0,0.0,0.0,24
DK,1910,heat,historical,0.0,0.0,0.0,24
DK,1911,heat,historical,0.0,0.0,0.0,24
DK,1912,heat,historical,0.0,0.0,0.0,24
DK,1913,heat,historical,0.0,0.0,0.0,24
DK,1914,heat,historical,0.0,0.0,0.0,24
DK,1915,heat,historical,0.0,0.0,0.0,24
DK,1916,heat,historical,0.0,0.0,0.0,24
DK,1917,heat,historical,0.0,0.0,0.0,24
DK,1918,heat,historical,0.0,0.0,0.0,24
DK,1919,heat,historical,0.0,0.0,0.0,24
DK,1920,heat,historical,0.0,0.0,0.0,24
DK,1921,heat,historical,0.0,0.0,0.0,24
DK,1922,heat,historical,0.0,0.0,0.0,24
DK,1923,heat,historical,0.0,0.0,0.0,24
DK,1924,heat,historical,0.0,0.0,0.0,24
DK,1925,heat,historical,0.0,0.0,0.0,24
DK,1926,heat,historical,0.0,0.0,0.0,24
DK,1927,heat,historical,0.0,0.0,0.0,24
DK,1928,heat,historical,0.0,0.0,0.0,24
DK,1929,heat,historical,0.0,0.0,0.0,24
DK,1930,heat,historical,0.0,0.0,0.0,24
DK,1931,heat,historical,0.0,0.0,0.0,24
DK,1932,heat,historical,0.0,0.0,0.0,24
DK,1933,heat,historical,0.0,0.0,0.0,24
DK,1934,heat,historical,0.0,0.0,0.0,24
DK,1935,heat,historical,0.0,0.0,0.0,24
DK,1936,heat,historical,0.0,0.0,0.0,24
DK,1937,heat,historical,0.0,0.0,0.0,24
DK,1938,heat,historical,0.0,0.0,0.0,24
DK,1939,heat,historical,0.0,0.0,0.0,24
DK,1940,heat,historical,0.0,0.0,0.0,24
DK,1941,heat,historical,0.0,0.0,0.0,24
DK,1942,heat,historical,0.0,0.0,0.0,24
DK,1943,heat,historical,0.0,0.0,0.0,24
DK,1944,heat,historical,0.0,0.0,0.0,24
DK,1945,heat,historical,0.0,0.0,0.0,24
DK,1946,heat,historical,0.0,0.0,0.0,24
DK,1947,heat,historical,0.0,0.0,0.0,24
DK,1948,heat,historical,0.0,0.0,0.0,24
DK,1949,heat,historical,0.0,0.0,0.0,24
DK,1950,heat,historical,0.0,0.0,0.0,24
DK,1951,heat,historical,0.0,0.0,0.0,24
DK,1952,heat,historical,0.0,0.0,0.0,24
DK,1953,heat,historical,0.0,0.0,0.0,24
DK,1954,heat,historical,0.0,0.0,0.0,24
DK,1955,heat,historical,0.0,0.0,0.0,24
DK,1956,heat,historical,0.0,0.0,0.0,24
DK,1957,heat,historical,0.0,0.0,0.0,24
DK,1958,heat,historical,0.0,0.0,0.0,24
DK,1959,heat,historical,0.0,0.0,0.0,24
DK,1960,heat,historical,0.0,0.0,0.0,24
DK,1961,heat,historical,0.0,0.0,0.0,24
DK,1962,heat,historical,0.0,0.0,0.0,24
DK,1963,heat,historical,0.0,0.0,0.0,24
DK,1964,heat,historical,0.0,0.0,0.0,24
DK,1965,heat,historical,0.0,0.0,0.0,24
DK,1966,heat,historical,0.0,0.0,0.0,24
DK,1967,heat,historical,0.0,0.0,0.0,24
DK,1968,heat,historical,0.0,0.0,0.0,24
DK,1969,heat,historical,0.0,0.0,0.0,24
DK,1970,heat,historical,0.0,0.0,0.0,24
DK,1971,heat,historical,0.0,0.0,0.0,24
DK,1972,heat,historical,0.0,0.0,0.0,24
DK,1973,heat,historical,0.0,0.0,0.0,24
DK,1974,heat,historical,0.0,0.0,0.0,24
DK,1975,heat,historical,0.0,0.0,0.0,24
DK,1976,heat,historical,0.0,0.0,0.0,24
DK,1977,heat,historical,0.0,0.0,0.0,24
DK,1978,heat,historical,0.0,0.0,0.0,24
DK,1979,heat,historical,0.0,0.0,0.0,24
DK,1980,heat,historical,0.0,0.0,0.0,24
DK,1981,heat,historical,0.0,0.0,0.0,24
DK,1982,heat,historical,0.0,0.0,0.0,24
DK,1983,heat,historical,0.0,0.0,0.0,24
DK,1984,heat,historical,0.0,0.0,0.0,24
DK,1985,heat,historical,0.0,0.0,0.0,24
DK,1986,heat,historical,0.0,0.0,0.0,24
DK,1987,heat,historical,0.0,0.0,0.0,24
DK,1988,heat,historical,0.0,0.0,0.0,24
DK,1989,heat,historical,0.0,0.0,0.0,24
DK,1990,heat,historical,0.0,0.0,0.0,24
DK,1991,heat,historical,0.0,0.0,0.0,24
DK,1992,heat,historical,0.0,0.0,0.0,24
DK,1993,heat,historical,0.0,0.0,0.0,24
DK,1994,heat,historical,0.0,0.0,0.0,24
DK,1995,heat,historical,0.0,0.0,0.0,24
DK,1996,heat,historical,0.0,0.0,0.0,24
DK,1997,heat,historical,0.0,0.0,0.0,24
DK,1998,heat,historical,0.0,0.0,0.0,24
DK,1999,heat,historical,0.0,0.0,0.0,24
DK,2000,heat,historical,0.0,0.0,0.0,24
DK,2001,heat,historical,0.0,0.0,0.0,24
DK,2002,heat,historical,0.0,0.0,0.0,24
DK,2003,heat,historical,0.0,0.0,0.0,24
DK,2004,heat,historical,0.0,0.0,0.0,24
DK,2005,heat,historical,0.0,0.0,0.0,24
DK,2006,heat,historical,0.0,0.0,0.0,24
DK,2007,heat,historical,0.0,0.0,0.0,24
DK,2008,heat,historical,0.0,0.0,0.0,24
DK,2009,heat,historical,0.0,0.0,0.0,24
DK,2010,heat,historical,0.0,0.0,0.0,24
DK,2011,heat,historical,0.0,0.0,0.0,24
DK,2012,heat,historical,0.0,0.0,0.0,24
DK,2013,heat,historical,0.0,0.0,0.0,24
DK,2014,heat,historical,0.0,0.0,0.0,24
DZ,1850,heat,historical,0.05989232904375,0.57790077,0.0,96
DZ,1851,heat,historical,0.05784024016666667,0.6030352,0.0,96
DZ,1852,heat,historical,0.06990491842708334,0.70247984,0.0,96
DZ,1853,heat,historical,0.06962455928125,0.6353623,0.0,96
DZ,1854,heat,historical,0.06818819322395833,0.6245419,0.0,96
DZ,1855,heat,historical,0.063977365584375,0.5563698,0.0,96
DZ,1856,heat,historical,0.05421577509375,0.6129208,0.0,96
DZ,1857,heat,historical,0.07102472754166667,0.7350856,0.0,96
DZ,1858,heat,historical,0.08110337317708334,0.7372805,0.0,96
DZ,1859,heat,historical,0.06116300591145834,0.59253633,0.0,96
DZ,1860,heat,historical,0.06828160274791667,0.64442146,0.0,96
DZ,1861,heat,historical,0.06985237271875,0.6488158,0.0,96
DZ,1862,heat,historical,0.049174800971874995,0.5757524,0.0,96
DZ,1863,heat,historical,0.07716509132291667,0.6480333,0.0,96
DZ,1864,heat,historical,0.06003511433125,0.56009775,0.0,96
DZ,1865,heat,historical,0.06078584111041666,0.6173327,0.0,96
DZ,1866,heat,historical,0.05259317085416667,0.51621,0.0,96
DZ,1867,heat,historical,0.06369799795625,0.61058456,0.0,96
DZ,1868,heat,historical,0.061004380187500006,0.60852385,0.0,96
DZ,1869,heat,historical,0.0614353682125,0.6092863,0.0,96
DZ,1870,heat,historical,0.062025920671875005,0.6286415,0.0,96
DZ,1871,heat,historical,0.05586732185416666,0.6765214,0.0,96
DZ,1872,heat,historical,0.07310321019166667,0.7120588,0.0,96
DZ,1873,heat,historical,0.06689367282291667,0.6596637,0.0,96
DZ,1874,heat,historical,0.04268025978125,0.4902135,0.0,96
DZ,1875,heat,historical,0.06734974261458333,0.5605438,0.0,96
DZ,1876,heat,historical,0.06402136735614583,0.76527053,0.0,96
DZ,1877,heat,historical,0.054892654621875,0.5709373,0.0,96
DZ,1878,heat,historical,0.046906003915625,0.52735305,0.0,96
DZ,1879,heat,historical,0.060335193671875,0.57230055,0.0,96
DZ,1880,heat,historical,0.053320336973958334,0.57628405,0.0,96
DZ,1881,heat,historical,0.08902536607291667,0.66268545,0.0,96
DZ,1882,heat,historical,0.06284514548958334,0.6161238,0.0,96
DZ,1883,heat,historical,0.06176780669791667,0.6111895,0.0,96
DZ,1884,heat,historical,0.030240665223645834,0.45840827,0.0,96
DZ,1885,heat,historical,0.041134794471875,0.5217591,0.0,96
DZ,1886,heat,historical,0.068156920553125,0.65353644,0.0,96
DZ,1887,heat,historical,0.06753063416666667,0.51304835,0.0,96
DZ,1888,heat,historical,0.05694645172513541,0.5383847,0.0,96
DZ,1889,heat,historical,0.059812666859374995,0.6283493,0.0,96
DZ,1890,heat,historical,0.06935439225,0.68759847,0.0,96
DZ,1891,heat,historical,0.049207794503125006,0.601991,0.0,96
DZ,1892,heat,historical,0.05438139230208333,0.53860044,0.0,96
DZ,1893,heat,historical,0.05160201595833333,0.5154156,0.0,96
DZ,1894,heat,historical,0.046005752156249996,0.48758143,0.0,96
DZ,1895,heat,historical,0.061253564989583335,0.68330014,0.0,96
DZ,1896,heat,historical,0.06175261190625,0.6287323,0.0,96
DZ,1897,heat,historical,0.05769989398229167,0.597324,0.0,96
DZ,1898,heat,historical,0.0737894729375,0.60761535,0.0,96
DZ,1899,heat,historical,0.056566742328125,0.65925634,0.0,96
DZ,1900,heat,historical,0.057593349159375,0.5686237,0.0,96
DZ,1901,heat,historical,0.05902210699552083,0.61876106,0.0,96
DZ,1902,heat,historical,0.07288203840625,0.60621136,0.0,96
DZ,1903,heat,historical,0.046399946486458336,0.55652213,0.0,96
DZ,1904,heat,historical,0.06440464476041667,0.6013638,0.0,96
DZ,1905,heat,historical,0.06009493243020833,0.5723258,0.0,96
DZ,1906,heat,historical,0.054893725,0.6128135,0.0,96
DZ,1907,heat,historical,0.06679760266979166,0.5564462,0.0,96
DZ,1908,heat,historical,0.042086686822916664,0.4911096,0.0,96
DZ,1909,heat,historical,0.06720073891145834,0.6661068,0.0,96
DZ,1910,heat,historical,0.06247560516666667,0.7190754,0.0,96
DZ,1911,heat,historical,0.05795581320833334,0.5962953,0.0,96
DZ,1912,heat,historical,0.04909836105104167,0.51707673,0.0,96
DZ,1913,heat,historical,0.0628268961875,0.53955173,0.0,96
DZ,1914,heat,historical,0.049713132036249996,0.6839779,0.0,96
DZ,1915,heat,historical,0.060834675426458325,0.6265757,0.0,96
DZ,1916,heat,historical,0.06348364833333334,0.63153934,0.0,96
DZ,1917,heat,historical,0.05515066539583333,0.6011243,0.0,96
DZ,1918,heat,historical,0.06543673451145833,0.62686473,0.0,96
DZ,1919,heat,historical,0.07259949788541667,0.6478996,0.0,96
DZ,1920,heat,historical,0.061633068822916665,0.63914394,0.0,96
DZ,1921,heat,historical,0.037433535398958336,0.46032077,0.0,96
DZ,1922,heat,historical,0.04427744827083333,0.60682154,0.0,96
DZ,1923,heat,historical,0.06369647003958333,0.6251706,0.0,96
DZ,1924,heat,historical,0.06734759987697916,0.63397324,0.0,96
DZ,1925,heat,historical,0.04913120372916666,0.57989013,0.0,96
DZ,1926,heat,historical,0.061507419991666666,0.52244973,0.0,96
DZ,1927,heat,historical,0.07919814823958334,0.7649747,0.0,96
DZ,1928,heat,historical,0.054673648281249994,0.57623446,0.0,96
DZ,1929,heat,historical,0.05960595349322917,0.5413729,0.0,96
DZ,1930,heat,historical,0.0608296814875,0.6711371,0.0,96
DZ,1931,heat,historical,0.0617730174375,0.6966819,0.0,96
DZ,1932,heat,historical,0.06455892711458333,0.6331566,0.0,96
DZ,1933,heat,historical,0.07291722059791667,0.63698834,0.0,96
DZ,1934,heat,historical,0.05736121813541667,0.59558964,0.0,96
DZ,1935,heat,historical,0.06148831491666667,0.74218017,0.0,96
DZ,1936,heat,historical,0.06272627026354166,0.5584878,0.0,96
DZ,1937,heat,historical,0.04786774079166667,0.5300455,0.0,96
DZ,1938,heat,historical,0.07762551882291667,0.73762995,0.0,96
DZ,1939,heat,historical,0.1023010478125,0.6850397,0.0,96
DZ,1940,heat,historical,0.07618092538541667,0.6751845,0.0,96
DZ,1941,heat,historical,0.07369230616666667,0.6083272,0.0,96
DZ,1942,heat,historical,0.06352823998958333,0.524817,0.0,96
DZ,1943,heat,historical,0.055123333112916666,0.66973245,0.0,96
DZ,1944,heat,historical,0.06309148803124999,0.6614755,0.0,96
DZ,1945,heat,historical,0.057031848375,0.6228348,0.0,96
DZ,1946,heat,historical,0.04759315917291667,0.60065764,0.0,96
DZ,1947,heat,historical,0.06397441928125,0.63173246,0.0,96
DZ,1948,heat,historical,0.05923448276458334,0.56465733,0.0,96
DZ,1949,heat,historical,0.06511496403125,0.5831076,0.0,96
DZ,1950,heat,historical,0.05831641654270833,0.6628733,0.0,96
DZ,1951,heat,historical,0.07099971388541666,0.71278715,0.0,96
DZ,1952,heat,historical,0.07623518982187501,0.6473989,0.0,96
DZ,1953,heat,historical,0.04727286080208334,0.51398313,0.0,96
DZ,1954,heat,historical,0.06578028296979167,0.679073,0.0,96
DZ,1955,heat,historical,0.05253776008958333,0.62548757,0.0,96
DZ,1956,heat,historical,0.05461381706249999,0.5938872,0.0,96
DZ,1957,heat,historical,0.07470324802708334,0.66861445,0.0,96
DZ,1958,heat,historical,0.09451444306875,0.69559634,0.0,96
DZ,1959,heat,historical,0.056126214572916666,0.5970799,0.0,96
DZ,1960,heat,historical,0.05481244614583333,0.593018,0.0,96
DZ,1961,heat,historical,0.06634864330104166,0.64585036,0.0,96
DZ,1962,heat,historical,0.08301609418541667,0.6346794,0.0,96
DZ,1963,heat,historical,0.05914568270104167,0.5369073,0.0,96
DZ,1964,heat,historical,0.053911634520833335,0.64993703,0.0,96
DZ,1965,heat,historical,0.07844596475,0.70659745,0.0,96
DZ,1966,heat,historical,0.05242422091145834,0.5525495,0.0,96
DZ,1967,heat,historical,0.05540044934375,0.57607603,0.0,96
DZ,1968,heat,historical,0.0818822079625,0.66197413,0.0,96
DZ,1969,heat,historical,0.05590324862714583,0.6095331,0.0,96
DZ,1970,heat,historical,0.06575436580208334,0.62454605,0.0,96
DZ,1971,heat,historical,0.06331054776458334,0.5690042,0.0,96
DZ,1972,heat,historical,0.04812897751041667,0.5249889,0.0,96
DZ,1973,heat,historical,0.05523692879166667,0.68412346,0.0,96
DZ,1974,heat,historical,0.0580656125125,0.5900571,0.0,96
DZ,1975,heat,historical,0.055323503551041674,0.66571033,0.0,96
DZ,1976,heat,historical,0.055194159989166665,0.56411994,0.0,96
DZ,1977,heat,historical,0.07402682482291667,0.69460523,0.0,96
DZ,1978,heat,historical,0.04707056259583334,0.50992644,0.0,96
DZ,1979,heat,historical,0.05453592130520834,0.56633234,0.0,96
DZ,1980,heat,historical,0.057477055761875,0.58660734,0.0,96
DZ,1981,heat,historical,0.05915390833333334,0.5755985,0.0,96
DZ,1982,heat,historical,0.05988439606020834,0.64365697,0.0,96
DZ,1983,heat,historical,0.0672226495140625,0.5631738,0.0,96
DZ,1984,heat,historical,0.04983176414583334,0.63247883,0.0,96
DZ,1985,heat,historical,0.0729318511875,0.62900126,0.0,96
DZ,1986,heat,historical,0.07405574324791667,0.5812307,0.0,96
DZ,1987,heat,historical,0.06340501030208333,0.55756116,0.0,96
DZ,1988,heat,historical,0.06149867144625001,0.62407005,0.0,96
DZ,1989,heat,historical,0.08062082514583334,0.6083696,0.0,96
DZ,1990,heat,historical,0.06560156620833334,0.63233995,0.0,96
DZ,1991,heat,historical,0.059601405015104164,0.5766438,0.0,96
DZ,1992,heat,historical,0.06571843151041666,0.6093653,0.0,96
DZ,1993,heat,historical,0.0725188498125,0.6723728,0.0,96
DZ,1994,heat,historical,0.07633966027083333,0.70236367,0.0,96
DZ,1995,heat,historical,0.0876207409125,0.6600554,0.0,96
DZ,1996,heat,historical,0.06727093493854167,0.60280395,0.0,96
DZ,1997,heat,historical,0.09308450336458333,0.766065,0.0,96
DZ,1998,heat,historical,0.084505000503125,0.7866807,0.0,96
DZ,1999,heat,historical,0.06375047224375001,0.50144637,0.0,96
DZ,2000,heat,historical,0.06125612495520833,0.6544764,0.0,96
DZ,2001,heat,historical,0.081483098665625,0.65340376,0.0,96
DZ,2002,heat,historical,0.095299815559375,0.7049281,0.0,96
DZ,2003,heat,historical,0.08840205333541666,0.64887834,0.0,96
DZ,2004,heat,historical,0.07426009798291668,0.6485619,0.0,96
DZ,2005,heat,historical,0.07576285317187499,0.6879717,0.0,96
DZ,2006,heat,historical,0.08753115421875,0.73273337,0.0,96
DZ,2007,heat,historical,0.09228801832291667,0.6870601,0.0,96
DZ,2008,heat,historical,0.08686527619166667,0.64130783,0.0,96
DZ,2009,heat,historical,0.08337401482916666,0.79239184,0.0,96
DZ,2010,heat,historical,0.07856116122916666,0.78889155,0.0,96
DZ,2011,heat,historical,0.07417715102395833,0.6870668,0.0,96
DZ,2012,heat,historical,0.09652357027708335,0.71080387,0.0,96
DZ,2013,heat,historical,0.09993298295625001,0.7342401,0.0,96
DZ,2014,heat,historical,0.06485501254166666,0.6718365,0.0,96
EG,1850,heat,historical,0.033634266819444446,0.45766133,0.0,72
EG,1851,heat,historical,0.03848274575,0.38468507,0.0,72
EG,1852,heat,historical,0.03922761238333333,0.40048987,0.0,72
EG,1853,heat,historical,0.027647159708333334,0.34854174,0.0,72
EG,1854,heat,historical,0.02186161142361111,0.27250242,0.0,72
EG,1855,heat,historical,0.022660033222222223,0.42571002,0.0,72
EG,1856,heat,historical,0.022876991694444446,0.3855946,0.0,72
EG,1857,heat,historical,0.028756889243055552,0.37850213,0.0,72
EG,1858,heat,historical,0.03677141553333333,0.34778917,0.0,72
EG,1859,heat,historical,0.019785152913888892,0.25632387,0.0,72
EG,1860,heat,historical,0.02517243752777778,0.33473206,0.0,72
EG,1861,heat,historical,0.03480104181944445,0.341091,0.0,72
EG,1862,heat,historical,0.02333148567361111,0.33731613,0.0,72
EG,1863,heat,historical,0.027671635640972223,0.37196556,0.0,72
EG,1864,heat,historical,0.02408273906013889,0.34211102,0.0,72
EG,1865,heat,historical,0.024110048263888892,0.3177932,0.0,72
EG,1866,heat,historical,0.029419256944444448,0.43318862,0.0,72
EG,1867,heat,historical,0.03276362080972222,0.40526515,0.0,72
EG,1868,heat,historical,0.024353080944444445,0.40048262,0.0,72
EG,1869,heat,historical,0.02874571138888889,0.29902646,0.0,72
EG,1870,heat,historical,0.027171165156944444,0.3595217,0.0,72
EG,1871,heat,historical,0.02677297936527778,0.38983667,0.0,72
EG,1872,heat,historical,0.03061634422222222,0.407157,0.0,72
EG,1873,heat,historical,0.029201438501666663,0.38406307,0.0,72
EG,1874,heat,historical,0.024599613215277778,0.33709878,0.0,72
EG,1875,heat,historical,0.027507320925,0.42092955,0.0,72
EG,1876,heat,historical,0.04333653660277778,0.51506406,0.0,72
EG,1877,heat,historical,0.015718549166666665,0.21976916,0.0,72
EG,1878,heat,historical,0.016274245208333333,0.29862124,0.0,72
EG,1879,heat,historical,0.026691291769444445,0.33854413,0.0,72
EG,1880,heat,historical,0.030463120694444443,0.43604833,0.0,72
EG,1881,heat,historical,0.036112573569444445,0.43233845,0.0,72
EG,1882,heat,historical,0.019506918055555558,0.31358826,0.0,72
EG,1883,heat,historical,0.019585171708333335,0.28829893,0.0,72
EG,1884,heat,historical,0.014718238769444447,0.25240493,0.0,72
EG,1885,heat,historical,0.027191912888888888,0.36194625,0.0,72
EG,1886,heat,historical,0.028680634833333336,0.39571404,0.0,72
EG,1887,heat,historical,0.025366368138888887,0.36801463,0.0,72
EG,1888,heat,historical,0.014845502127777778,0.20817444,0.0,72
EG,1889,heat,historical,0.030182211569444443,0.40690303,0.0,72
EG,1890,heat,historical,0.03393678400583333,0.47406387,0.0,72
EG,1891,heat,historical,0.022482232855555555,0.37932545,0.0,72
EG,1892,heat,historical,0.0212064625,0.3259253,0.0,72
EG,1893,heat,historical,0.02056074747222222,0.30278075,0.0,72
EG,1894,heat,historical,0.028214950279166668,0.39267316,0.0,72
EG,1895,heat,historical,0.041067724972222226,0.45673323,0.0,72
EG,1896,heat,historical,0.03181595390277778,0.5538936,0.0,72
EG,1897,heat,historical,0.021083592652777778,0.31447506,0.0,72
EG,1898,heat,historical,0.02611490526388889,0.35164768,0.0,72
EG,1899,heat,historical,0.02039889247361111,0.3313892,0.0,72
EG,1900,heat,historical,0.024745517333333335,0.29203516,0.0,72
EG,1901,heat,historical,0.030224317883333334,0.3324417,0.0,72
EG,1902,heat,historical,0.03291534614583333,0.43513572,0.0,72
EG,1903,heat,historical,0.014532724784722222,0.29570735,0.0,72
EG,1904,heat,historical,0.022698983916250002,0.3139021,0.0,72
EG,1905,heat,historical,0.024193492236527777,0.38775438,0.0,72
EG,1906,heat,historical,0.0275795093875,0.31768733,0.0,72
EG,1907,heat,historical,0.01850938200138889,0.3272462,0.0,72
EG,1908,heat,historical,0.020467015404166664,0.32374436,0.0,72
EG,1909,heat,historical,0.023981257032777776,0.35517532,0.0,72
EG,1910,heat,historical,0.025789144708333336,0.3146604,0.0,72
EG,1911,heat,historical,0.025089610229166667,0.33345604,0.0,72
EG,1912,heat,historical,0.016402182144444444,0.26832432,0.0,72
EG,1913,heat,historical,0.01958087052916667,0.26538205,0.0,72
EG,1914,heat,historical,0.0224843051875,0.36941195,0.0,72
EG,1915,heat,historical,0.019695823081944445,0.33620733,0.0,72
EG,1916,heat,historical,0.026794960869444447,0.3544336,0.0,72
EG,1917,heat,historical,0.014484998659722224,0.23604678,0.0,72
EG,1918,heat,historical,0.022856910402777778,0.37095642,0.0,72
EG,1919,heat,historical,0.027000276856944443,0.40995532,0.0,72
EG,1920,heat,historical,0.023888657729166665,0.39596903,0.0,72
EG,1921,heat,historical,0.022778943698611113,0.3602356,0.0,72
EG,1922,heat,historical,0.018144792906944443,0.28959098,0.0,72
EG,1923,heat,historical,0.03021354879027778,0.35819456,0.0,72
EG,1924,heat,historical,0.02772896893527778,0.33441508,0.0,72
EG,1925,heat,historical,0.023700806902777777,0.3277805,0.0,72
EG,1926,heat,historical,0.023834551043333332,0.41697758,0.0,72
EG,1927,heat,historical,0.03225378033888889,0.4266273,0.0,72
EG,1928,heat,historical,0.022649737027777776,0.27858573,0.0,72
EG,1929,heat,historical,0.013875539444444444,0.2178515,0.0,72
EG,1930,heat,historical,0.019758698902777774,0.34617916,0.0,72
EG,1931,heat,historical,0.03083218456111111,0.43620732,0.0,72
EG,1932,heat,historical,0.026451341040277777,0.30844182,0.0,72
EG,1933,heat,historical,0.029932583097222226,0.34760642,0.0,72
EG,1934,heat,historical,0.03294705601388889,0.3624547,0.0,72
EG,1935,heat,historical,0.02725719719222222,0.41287747,0.0,72
EG,1936,heat,historical,0.03812080116319445,0.41451123,0.0,72
EG,1937,heat,historical,0.020592012597222223,0.32647604,0.0,72
EG,1938,heat,historical,0.029213589624999998,0.48517752,0.0,72
EG,1939,heat,historical,0.028393897356944444,0.32533836,0.0,72
EG,1940,heat,historical,0.040613361125,0.39147818,0.0,72
EG,1941,heat,historical,0.018787008283333333,0.26285684,0.0,72
EG,1942,heat,historical,0.02268436517361111,0.33084407,0.0,72
EG,1943,heat,historical,0.022286173012777778,0.30018377,0.0,72
EG,1944,heat,historical,0.026290252736111113,0.38703942,0.0,72
EG,1945,heat,historical,0.030824684977777777,0.4115849,0.0,72
EG,1946,heat,historical,0.03743350376388889,0.4673637,0.0,72
EG,1947,heat,historical,0.030090488009722225,0.44820005,0.0,72
EG,1948,heat,historical,0.02836218048611111,0.39788467,0.0,72
EG,1949,heat,historical,0.01570970206527778,0.21859431,0.0,72
EG,1950,heat,historical,0.031117739393055552,0.37109214,0.0,72
EG,1951,heat,historical,0.03717771601388889,0.46300906,0.0,72
EG,1952,heat,historical,0.037391183925833335,0.35241786,0.0,72
EG,1953,heat,historical,0.03408830905555556,0.40921456,0.0,72
EG,1954,heat,historical,0.03460478825,0.41527778,0.0,72
EG,1955,heat,historical,0.032865476444444444,0.38264042,0.0,72
EG,1956,heat,historical,0.026563613680555556,0.32562745,0.0,72
EG,1957,heat,historical,0.021982765504166668,0.3057354,0.0,72
EG,1958,heat,historical,0.03150061163125,0.38101494,0.0,72
EG,1959,heat,historical,0.032121907350000006,0.34444833,0.0,72
EG,1960,heat,historical,0.021069663930555555,0.35304296,0.0,72
EG,1961,heat,historical,0.035761411444444446,0.52898526,0.0,72
EG,1962,heat,historical,0.03497479824,0.3634205,0.0,72
EG,1963,heat,historical,0.02328432465277778,0.41169795,0.0,72
EG,1964,heat,historical,0.01976996876388889,0.30333358,0.0,72
EG,1965,heat,historical,0.03328896175,0.442095,0.0,72
EG,1966,heat,historical,0.010330376490277777,0.22143337,0.0,72
EG,1967,heat,historical,0.023659848402777777,0.29956022,0.0,72
EG,1968,heat,historical,0.027066937868055557,0.35068035,0.0,72
EG,1969,heat,historical,0.027642643368055556,0.41579294,0.0,72
EG,1970,heat,historical,0.01738943670833333,0.34666073,0.0,72
EG,1971,heat,historical,0.011537285711111112,0.23459578,0.0,72
EG,1972,heat,historical,0.020362385999999996,0.30770573,0.0,72
EG,1973,heat,historical,0.036195803236111115,0.41951263,0.0,72
EG,1974,heat,historical,0.028789222125,0.3483048,0.0,72
EG,1975,heat,historical,0.016812512254583335,0.31846368,0.0,72
EG,1976,heat,historical,0.025601788048611112,0.37798643,0.0,72
EG,1977,heat,historical,0.022967110629166666,0.2589095,0.0,72
EG,1978,heat,historical,0.018889127911111112,0.2682407,0.0,72
EG,1979,heat,historical,0.023122311875,0.3455845,0.0,72
EG,1980,heat,historical,0.022785667969444444,0.28341317,0.0,72
EG,1981,heat,historical,0.02794983476388889,0.40619844,0.0,72
EG,1982,heat,historical,0.02188618725416667,0.34115347,0.0,72
EG,1983,heat,historical,0.02495041654166667,0.31128967,0.0,72
EG,1984,heat,historical,0.033972752702777775,0.46175423,0.0,72
EG,1985,heat,historical,0.034940829666666666,0.35969824,0.0,72
EG,1986,heat,historical,0.020260223336111112,0.31658426,0.0,72
EG,1987,heat,historical,0.02208649916666667,0.2785145,0.0,72
EG,1988,heat,historical,0.0256764856,0.4141215,0.0,72
EG,1989,heat,historical,0.030473100791666666,0.51186776,0.0,72
EG,1990,heat,historical,0.023013201916666667,0.29433632,0.0,72
EG,1991,heat,historical,0.020000197902777777,0.27513242,0.0,72
EG,1992,heat,historical,0.03273203356527778,0.31064442,0.0,72
EG,1993,heat,historical,0.038918778092222224,0.42367056,0.0,72
EG,1994,heat,historical,0.035122458347222225,0.3926102,0.0,72
EG,1995,heat,historical,0.0229874357125,0.356279,0.0,72
EG,1996,heat,historical,0.02944266481388889,0.3369873,0.0,72
EG,1997,heat,historical,0.038228499281944446,0.48560753,0.0,72
EG,1998,heat,historical,0.03696886608513889,0.41982287,0.0,72
EG,1999,heat,historical,0.03807843758333333,0.44892633,0.0,72
EG,2000,heat,historical,0.03120841006388889,0.3858599,0.0,72
EG,2001,heat,historical,0.045851442125,0.4137529,0.0,72
EG,2002,heat,historical,0.046575117,0.49522573,0.0,72
EG,2003,heat,historical,0.028213215709722222,0.4292062,0.0,72
EG,2004,heat,historical,0.030491389702777778,0.45274204,0.0,72
EG,2005,heat,historical,0.020526621735375002,0.3204614,0.0,72
EG,2006,heat,historical,0.03398015909722222,0.4063569,0.0,72
EG,2007,heat,historical,0.031704135422222224,0.4392606,0.0,72
EG,2008,heat,historical,0.04132683940277778,0.41184098,0.0,72
EG,2009,heat,historical,0.04990559304166667,0.44569546,0.0,72
EG,2010,heat,historical,0.02579592572222222,0.40377182,0.0,72
EG,2011,heat,historical,0.02907920796527778,0.34084272,0.0,72
EG,2012,heat,historical,0.035876651569444445,0.39878434,0.0,72
EG,2013,heat,historical,0.04458501354583333,0.403889,0.0,72
EG,2014,heat,historical,0.041580870890277774,0.4511991,0.0,72
ER,1850,heat,historical,0.08560638758333333,0.24250075,0.0,12
ER,1851,heat,historical,0.100031575,0.2559357,0.0,12
ER,1852,heat,historical,0.10932976300000001,0.27575547,0.0,12
ER,1853,heat,historical,0.10507929641666668,0.25956145,0.0,12
ER,1854,heat,historical,0.074026674125,0.22803083,0.0,12
ER,1855,heat,historical,0.06866446491666667,0.16774103,0.0,12
ER,1856,heat,historical,0.07923274329166667,0.22220922,0.0,12
ER,1857,heat,historical,0.09664977616666666,0.24690282,0.0,12
ER,1858,heat,historical,0.08963957533333333,0.21348864,0.0,12
ER,1859,heat,historical,0.09502153433333334,0.21127418,0.0,12
ER,1860,heat,historical,0.04089896,0.14464244,0.0,12
ER,1861,heat,historical,0.07474586158333334,0.2130695,0.0,12
ER,1862,heat,historical,0.11318683733333333,0.30831382,0.0,12
ER,1863,heat,historical,0.08677673103333333,0.16959417,0.0,12
ER,1864,heat,historical,0.06826763983333334,0.17026058,0.0,12
ER,1865,heat,historical,0.07732200736666667,0.19453663,0.0,12
ER,1866,heat,historical,0.0681416455,0.20866895,0.0,12
ER,1867,heat,historical,0.0851254259,0.20087339,0.0,12
ER,1868,heat,historical,0.11168583366666666,0.3092987,0.0,12
ER,1869,heat,historical,0.08237398954166666,0.19391564,0.0,12
ER,1870,heat,historical,0.07815131633333333,0.20138186,0.0,12
ER,1871,heat,historical,0.08417606158333334,0.25907674,0.0,12
ER,1872,heat,historical,0.1063517565,0.29845297,0.0,12
ER,1873,heat,historical,0.08423038882833334,0.20661192,0.0,12
ER,1874,heat,historical,0.05739863849166666,0.12044641,0.0,12
ER,1875,heat,historical,0.08569168825,0.22403651,0.0,12
ER,1876,heat,historical,0.09250414925,0.28321445,0.0,12
ER,1877,heat,historical,0.0705097655,0.17588295,0.0,12
ER,1878,heat,historical,0.06211462016666667,0.16408588,0.0,12
ER,1879,heat,historical,0.06815115125,0.19441634,0.0,12
ER,1880,heat,historical,0.0985491535,0.26227972,0.0,12
ER,1881,heat,historical,0.09579917850000001,0.26701993,0.0,12
ER,1882,heat,historical,0.08534648774999999,0.22865285,0.0,12
ER,1883,heat,historical,0.06797547441666667,0.18241227,0.0,12
ER,1884,heat,historical,0.06408269139166667,0.16020514,0.0,12
ER,1885,heat,historical,0.08355985645833335,0.24097022,0.0,12
ER,1886,heat,historical,0.11659969116666667,0.26838422,0.0,12
ER,1887,heat,historical,0.07158585758333333,0.2105608,0.0,12
ER,1888,heat,historical,0.06435954308333333,0.18936695,0.0,12
ER,1889,heat,historical,0.08466287208333334,0.22684358,0.0,12
ER,1890,heat,historical,0.09575749458333334,0.22729784,0.0,12
ER,1891,heat,historical,0.11314162858333332,0.2579375,0.0,12
ER,1892,heat,historical,0.10099603535833333,0.2341983,0.0,12
ER,1893,heat,historical,0.07216932719166667,0.17159288,0.0,12
ER,1894,heat,historical,0.09128876872500001,0.20971061,0.0,12
ER,1895,heat,historical,0.107927607,0.3094928,0.0,12
ER,1896,heat,historical,0.06920547533333334,0.17258602,0.0,12
ER,1897,heat,historical,0.052307080975,0.15145205,0.0,12
ER,1898,heat,historical,0.06880847866666666,0.21000898,0.0,12
ER,1899,heat,historical,0.08505603983333333,0.23856427,0.0,12
ER,1900,heat,historical,0.09292402500000001,0.24462952,0.0,12
ER,1901,heat,historical,0.08486212733333333,0.22741193,0.0,12
ER,1902,heat,historical,0.09747052291666668,0.23436503,0.0,12
ER,1903,heat,historical,0.0782083565,0.21944861,0.0,12
ER,1904,heat,historical,0.05434062221666667,0.13194615,0.0,12
ER,1905,heat,historical,0.07066780674999999,0.19920558,0.0,12
ER,1906,heat,historical,0.08977757233333333,0.22447115,0.0,12
ER,1907,heat,historical,0.074591003,0.16178365,0.0,12
ER,1908,heat,historical,0.10065801516666667,0.2274305,0.0,12
ER,1909,heat,historical,0.10010599178333333,0.264584,0.0,12
ER,1910,heat,historical,0.08524823691666666,0.19978268,0.0,12
ER,1911,heat,historical,0.08622491816666666,0.2169621,0.0,12
ER,1912,heat,historical,0.08647140175,0.21257085,0.0,12
ER,1913,heat,historical,0.08935282966666667,0.24233401,0.0,12
ER,1914,heat,historical,0.0858092525,0.23074651,0.0,12
ER,1915,heat,historical,0.07056697880833333,0.170529,0.0,12
ER,1916,heat,historical,0.08636859074999999,0.17922324,0.0,12
ER,1917,heat,historical,0.08287577308333334,0.2165187,0.0,12
ER,1918,heat,historical,0.089556641,0.21551934,0.0,12
ER,1919,heat,historical,0.09896701074999999,0.23592135,0.0,12
ER,1920,heat,historical,0.08896568431666667,0.22079536,0.0,12
ER,1921,heat,historical,0.07823528241666666,0.20768198,0.0,12
ER,1922,heat,historical,0.06981776894166666,0.19881895,0.0,12
ER,1923,heat,historical,0.10957193766666667,0.24230562,0.0,12
ER,1924,heat,historical,0.0806686165,0.18079245,0.0,12
ER,1925,heat,historical,0.08322110308333333,0.20702332,0.0,12
ER,1926,heat,historical,0.08345485191666667,0.25914073,0.0,12
ER,1927,heat,historical,0.09303401749166666,0.2537233,0.0,12
ER,1928,heat,historical,0.08999063230833333,0.20777902,0.0,12
ER,1929,heat,historical,0.059100739699999995,0.15209162,0.0,12
ER,1930,heat,historical,0.08038720416666667,0.20218557,0.0,12
ER,1931,heat,historical,0.08779965166666666,0.2293053,0.0,12
ER,1932,heat,historical,0.0915082389,0.22232121,0.0,12
ER,1933,heat,historical,0.09430264641666668,0.20426272,0.0,12
ER,1934,heat,historical,0.11343013616666665,0.24434923,0.0,12
ER,1935,heat,historical,0.11968265516166667,0.28933546,0.0,12
ER,1936,heat,historical,0.08110269175,0.28079298,0.0,12
ER,1937,heat,historical,0.07446475258333334,0.1810423,0.0,12
ER,1938,heat,historical,0.10285618116666667,0.30155838,0.0,12
ER,1939,heat,historical,0.10297469183333334,0.273031,0.0,12
ER,1940,heat,historical,0.08667564133333333,0.22194389,0.0,12
ER,1941,heat,historical,0.08350010749999999,0.19563869,0.0,12
ER,1942,heat,historical,0.06415607566666666,0.24607693,0.0,12
ER,1943,heat,historical,0.09256544491666667,0.22040923,0.0,12
ER,1944,heat,historical,0.11999791674999999,0.29266387,0.0,12
ER,1945,heat,historical,0.09312585816666667,0.26414832,0.0,12
ER,1946,heat,historical,0.09977855349999999,0.22738817,0.0,12
ER,1947,heat,historical,0.11555207785,0.2392219,0.0,12
ER,1948,heat,historical,0.08342465708333334,0.22897908,0.0,12
ER,1949,heat,historical,0.0599451462,0.1837585,0.0,12
ER,1950,heat,historical,0.0691418565,0.15332377,0.0,12
ER,1951,heat,historical,0.10090832844166668,0.29005244,0.0,12
ER,1952,heat,historical,0.10018225999999998,0.27365506,0.0,12
ER,1953,heat,historical,0.07835977145833334,0.20534362,0.0,12
ER,1954,heat,historical,0.09254569858333334,0.26862836,0.0,12
ER,1955,heat,historical,0.09273793991666666,0.2237774,0.0,12
ER,1956,heat,historical,0.10733725475,0.24450462,0.0,12
ER,1957,heat,historical,0.11199481941666667,0.29515913,0.0,12
ER,1958,heat,historical,0.10640358466666666,0.25001496,0.0,12
ER,1959,heat,historical,0.08148828625,0.16828665,0.0,12
ER,1960,heat,historical,0.08567994616666667,0.23103094,0.0,12
ER,1961,heat,historical,0.11127640733333333,0.2099775,0.0,12
ER,1962,heat,historical,0.07518970058333334,0.2238192,0.0,12
ER,1963,heat,historical,0.06070394880833333,0.17752495,0.0,12
ER,1964,heat,historical,0.07335919316666667,0.21326202,0.0,12
ER,1965,heat,historical,0.08865850881666666,0.25448984,0.0,12
ER,1966,heat,historical,0.07876123946166666,0.18354273,0.0,12
ER,1967,heat,historical,0.07153079721666666,0.18608499,0.0,12
ER,1968,heat,historical,0.1002695393,0.2418519,0.0,12
ER,1969,heat,historical,0.11271645933333334,0.26125455,0.0,12
ER,1970,heat,historical,0.090301679875,0.2064044,0.0,12
ER,1971,heat,historical,0.06471967089166666,0.12543592,0.0,12
ER,1972,heat,historical,0.0558749205,0.14305359,0.0,12
ER,1973,heat,historical,0.058657157450000004,0.17024715,0.0,12
ER,1974,heat,historical,0.07901851958333334,0.23385607,0.0,12
ER,1975,heat,historical,0.07714164020833333,0.19973415,0.0,12
ER,1976,heat,historical,0.08312642516666667,0.2254958,0.0,12
ER,1977,heat,historical,0.10170068416666667,0.21660747,0.0,12
ER,1978,heat,historical,0.09250406116666667,0.20319524,0.0,12
ER,1979,heat,historical,0.08920795283333334,0.24108586,0.0,12
ER,1980,heat,historical,0.11139096300000001,0.25463647,0.0,12
ER,1981,heat,historical,0.080177459825,0.25546494,0.0,12
ER,1982,heat,historical,0.08101760860833333,0.18975358,0.0,12
ER,1983,heat,historical,0.06599126983333334,0.16380557,0.0,12
ER,1984,heat,historical,0.090443933775,0.19616416,0.0,12
ER,1985,heat,historical,0.09629691830249999,0.21900053,0.0,12
ER,1986,heat,historical,0.065006248,0.18658519,0.0,12
ER,1987,heat,historical,0.06866067995833333,0.1907044,0.0,12
ER,1988,heat,historical,0.09714231205833333,0.24762964,0.0,12
ER,1989,heat,historical,0.08463280569166666,0.21197568,0.0,12
ER,1990,heat,historical,0.10039471626666667,0.22985403,0.0,12
ER,1991,heat,historical,0.08925742033333334,0.21928392,0.0,12
ER,1992,heat,historical,0.05827250911916667,0.18277308,0.0,12
ER,1993,heat,historical,0.10502741458333333,0.28317365,0.0,12
ER,1994,heat,historical,0.1002467398,0.25661707,0.0,12
ER,1995,heat,historical,0.06846435154166666,0.17613176,0.0,12
ER,1996,heat,historical,0.06633707463333334,0.15238222,0.0,12
ER,1997,heat,historical,0.12071448125,0.28009716,0.0,12
ER,1998,heat,historical,0.0934557915,0.27858162,0.0,12
ER,1999,heat,historical,0.07386601025,0.20023797,0.0,12
ER,2000,heat,historical,0.09865583475,0.259308,0.0,12
ER,2001,heat,historical,0.11209164783333332,0.27013308,0.0,12
ER,2002,heat,historical,0.13735297116666667,0.29971042,0.0,12
ER,2003,heat,historical,0.07031171975,0.21180326,0.0,12
ER,2004,heat,historical,0.07718805420833333,0.19011387,0.0,12
ER,2005,heat,historical,0.08757579591666666,0.2372681,0.0,12
ER,2006,heat,historical,0.11249948274999999,0.2196014,0.0,12
ER,2007,heat,historical,0.1040986605,0.2559765,0.0,12
ER,2008,heat,historical,0.11368762791666666,0.2669053,0.0,12
ER,2009,heat,historical,0.116130903375,0.22944418,0.0,12
ER,2010,heat,historical,0.142826205,0.33356804,0.0,12
ER,2011,heat,historical,0.1013735042,0.22783417,0.0,12
ER,2012,heat,historical,0.07824651008333333,0.17526455,0.0,12
ER,2013,heat,historical,0.1009660576,0.2438124,0.0,12
ER,2014,heat,historical,0.10127813816666666,0.2564612,0.0,12
ES,1850,heat,historical,0.0,0.0,0.0,12
ES,1851,heat,historical,0.0,0.0,0.0,12
ES,1852,heat,historical,0.0,0.0,0.0,12
ES,1853,heat,historical,0.0,0.0,0.0,12
ES,1854,heat,historical,0.0,0.0,0.0,12
ES,1855,heat,historical,0.0,0.0,0.0,12
ES,1856,heat,historical,0.0,0.0,0.0,12
ES,1857,heat,historical,0.0,0.0,0.0,12
ES,1858,heat,historical,0.0,0.0,0.0,12
ES,1859,heat,historical,0.0,0.0,0.0,12
ES,1860,heat,historical,0.0,0.0,0.0,12
ES,1861,heat,historical,0.0,0.0,0.0,12
ES,1862,heat,historical,0.0,0.0,0.0,12
ES,1863,heat,historical,0.0,0.0,0.0,12
ES,1864,heat,historical,0.0,0.0,0.0,12
ES,1865,heat,historical,0.0,0.0,0.0,12
ES,1866,heat,historical,0.0,0.0,0.0,12
ES,1867,heat,historical,0.0,0.0,0.0,12
ES,1868,heat,historical,0.0,0.0,0.0,12
ES,1869,heat,historical,0.0,0.0,0.0,12
ES,1870,heat,historical,0.0,0.0,0.0,12
ES,1871,heat,historical,0.0,0.0,0.0,12
ES,1872,heat,historical,0.0,0.0,0.0,12
ES,1873,heat,historical,0.0,0.0,0.0,12
ES,1874,heat,historical,0.0,0.0,0.0,12
ES,1875,heat,historical,0.0,0.0,0.0,12
ES,1876,heat,historical,0.0,0.0,0.0,12
ES,1877,heat,historical,0.0,0.0,0.0,12
ES,1878,heat,historical,0.0,0.0,0.0,12
ES,1879,heat,historical,0.0,0.0,0.0,12
ES,1880,heat,historical,0.0,0.0,0.0,12
ES,1881,heat,historical,0.0,0.0,0.0,12
ES,1882,heat,historical,0.0,0.0,0.0,12
ES,1883,heat,historical,0.0,0.0,0.0,12
ES,1884,heat,historical,0.0,0.0,0.0,12
ES,1885,heat,historical,0.0,0.0,0.0,12
ES,1886,heat,historical,0.0,0.0,0.0,12
ES,1887,heat,historical,0.0,0.0,0.0,12
ES,1888,heat,historical,0.0,0.0,0.0,12
ES,1889,heat,historical,0.0,0.0,0.0,12
ES,1890,heat,historical,0.0,0.0,0.0,12
ES,1891,heat,historical,0.0,0.0,0.0,12
ES,1892,heat,historical,0.0,0.0,0.0,12
ES,1893,heat,historical,0.0,0.0,0.0,12
ES,1894,heat,historical,0.0,0.0,0.0,12
ES,1895,heat,historical,0.0,0.0,0.0,12
ES,1896,heat,historical,0.0,0.0,0.0,12
ES,1897,heat,historical,0.0,0.0,0.0,12
ES,1898,heat,historical,0.0,0.0,0.0,12
ES,1899,heat,historical,0.0,0.0,0.0,12
ES,1900,heat,historical,0.0,0.0,0.0,12
ES,1901,heat,historical,0.0,0.0,0.0,12
ES,1902,heat,historical,0.0,0.0,0.0,12
ES,1903,heat,historical,0.0,0.0,0.0,12
ES,1904,heat,historical,0.0,0.0,0.0,12
ES,1905,heat,historical,0.0,0.0,0.0,12
ES,1906,heat,historical,0.0,0.0,0.0,12
ES,1907,heat,historical,0.0,0.0,0.0,12
ES,1908,heat,historical,0.0,0.0,0.0,12
ES,1909,heat,historical,0.0,0.0,0.0,12
ES,1910,heat,historical,0.0,0.0,0.0,12
ES,1911,heat,historical,0.0,0.0,0.0,12
ES,1912,heat,historical,0.0,0.0,0.0,12
ES,1913,heat,historical,0.0,0.0,0.0,12
ES,1914,heat,historical,0.0,0.0,0.0,12
ES,1915,heat,historical,0.0,0.0,0.0,12
ES,1916,heat,historical,0.0,0.0,0.0,12
ES,1917,heat,historical,0.0,0.0,0.0,12
ES,1918,heat,historical,0.0,0.0,0.0,12
ES,1919,heat,historical,0.0,0.0,0.0,12
ES,1920,heat,historical,0.0,0.0,0.0,12
ES,1921,heat,historical,0.0,0.0,0.0,12
ES,1922,heat,historical,0.0,0.0,0.0,12
ES,1923,heat,historical,0.0,0.0,0.0,12
ES,1924,heat,historical,0.0,0.0,0.0,12
ES,1925,heat,historical,0.0,0.0,0.0,12
ES,1926,heat,historical,0.0,0.0,0.0,12
ES,1927,heat,historical,0.0,0.0,0.0,12
ES,1928,heat,historical,0.0,0.0,0.0,12
ES,1929,heat,historical,0.0,0.0,0.0,12
ES,1930,heat,historical,0.0,0.0,0.0,12
ES,1931,heat,historical,0.0,0.0,0.0,12
ES,1932,heat,historical,0.0,0.0,0.0,12
ES,1933,heat,historical,0.0,0.0,0.0,12
ES,1934,heat,historical,0.0,0.0,0.0,12
ES,1935,heat,historical,0.0,0.0,0.0,12
ES,1936,heat,historical,0.0,0.0,0.0,12
ES,1937,heat,historical,0.0,0.0,0.0,12
ES,1938,heat,historical,0.0,0.0,0.0,12
ES,1939,heat,historical,0.0,0.0,0.0,12
ES,1940,heat,historical,0.0,0.0,0.0,12
ES,1941,heat,historical,0.0,0.0,0.0,12
ES,1942,heat,historical,0.0,0.0,0.0,12
ES,1943,heat,historical,0.0,0.0,0.0,12
ES,1944,heat,historical,0.0,0.0,0.0,12
ES,1945,heat,historical,0.0,0.0,0.0,12
ES,1946,heat,historical,0.0,0.0,0.0,12
ES,1947,heat,historical,0.0,0.0,0.0,12
ES,1948,heat,historical,0.0,0.0,0.0,12
ES,1949,heat,historical,0.0,0.0,0.0,12
ES,1950,heat,historical,0.0,0.0,0.0,12
ES,1951,heat,historical,0.0,0.0,0.0,12
ES,1952,heat,historical,0.0,0.0,0.0,12
ES,1953,heat,historical,0.0,0.0,0.0,12
ES,1954,heat,historical,0.0,0.0,0.0,12
ES,1955,heat,historical,0.0,0.0,0.0,12
ES,1956,heat,historical,0.0,0.0,0.0,12
ES,1957,heat,historical,0.0,0.0,0.0,12
ES,1958,heat,historical,0.0,0.0,0.0,12
ES,1959,heat,historical,0.0,0.0,0.0,12
ES,1960,heat,historical,0.0,0.0,0.0,12
ES,1961,heat,historical,0.0,0.0,0.0,12
ES,1962,heat,historical,0.0,0.0,0.0,12
ES,1963,heat,historical,0.0,0.0,0.0,12
ES,1964,heat,historical,0.0,0.0,0.0,12
ES,1965,heat,historical,0.0,0.0,0.0,12
ES,1966,heat,historical,0.0,0.0,0.0,12
ES,1967,heat,historical,0.0,0.0,0.0,12
ES,1968,heat,historical,0.0,0.0,0.0,12
ES,1969,heat,historical,0.0,0.0,0.0,12
ES,1970,heat,historical,0.0,0.0,0.0,12
ES,1971,heat,historical,0.0,0.0,0.0,12
ES,1972,heat,historical,0.0,0.0,0.0,12
ES,1973,heat,historical,0.0,0.0,0.0,12
ES,1974,heat,historical,0.0,0.0,0.0,12
ES,1975,heat,historical,0.0,0.0,0.0,12
ES,1976,heat,historical,0.0,0.0,0.0,12
ES,1977,heat,historical,0.0,0.0,0.0,12
ES,1978,heat,historical,0.0,0.0,0.0,12
ES,1979,heat,historical,0.0,0.0,0.0,12
ES,1980,heat,historical,0.0,0.0,0.0,12
ES,1981,heat,historical,0.0,0.0,0.0,12
ES,1982,heat,historical,0.0,0.0,0.0,12
ES,1983,heat,historical,0.0,0.0,0.0,12
ES,1984,heat,historical,0.0,0.0,0.0,12
ES,1985,heat,historical,0.0,0.0,0.0,12
ES,1986,heat,historical,0.0,0.0,0.0,12
ES,1987,heat,historical,0.0,0.0,0.0,12
ES,1988,heat,historical,0.0,0.0,0.0,12
ES,1989,heat,historical,0.0,0.0,0.0,12
ES,1990,heat,historical,0.0,0.0,0.0,12
ES,1991,heat,historical,0.0,0.0,0.0,12
ES,1992,heat,historical,0.0,0.0,0.0,12
ES,1993,heat,historical,0.0,0.0,0.0,12
ES,1994,heat,historical,0.0,0.0,0.0,12
ES,1995,heat,historical,0.0,0.0,0.0,12
ES,1996,heat,historical,0.0,0.0,0.0,12
ES,1997,heat,historical,0.0,0.0,0.0,12
ES,1998,heat,historical,0.0,0.0,0.0,12
ES,1999,heat,historical,0.0,0.0,0.0,12
ES,2000,heat,historical,0.0,0.0,0.0,12
ES,2001,heat,historical,0.0,0.0,0.0,12
ES,2002,heat,historical,0.0,0.0,0.0,12
ES,2003,heat,historical,0.0,0.0,0.0,12
ES,2004,heat,historical,0.0,0.0,0.0,12
ES,2005,heat,historical,0.0,0.0,0.0,12
ES,2006,heat,historical,0.0,0.0,0.0,12
ES,2007,heat,historical,0.0,0.0,0.0,12
ES,2008,heat,historical,0.0,0.0,0.0,12
ES,2009,heat,historical,0.0,0.0,0.0,12
ES,2010,heat,historical,0.0,0.0,0.0,12
ES,2011,heat,historical,0.0,0.0,0.0,12
ES,2012,heat,historical,0.0,0.0,0.0,12
ES,2013,heat,historical,0.0,0.0,0.0,12
ES,2014,heat,historical,0.0,0.0,0.0,12
ET,1850,heat,historical,0.0006805896625,0.014249507,0.0,48
ET,1851,heat,historical,0.0015173384520833332,0.025924759,0.0,48
ET,1852,heat,historical,0.0012727275535416667,0.01774052,0.0,48
ET,1853,heat,historical,0.0018108802291666667,0.022790952,0.0,48
ET,1854,heat,historical,0.00118010315625,0.021229468,0.0,48
ET,1855,heat,historical,0.0001598585125,0.0076732086,0.0,48
ET,1856,heat,historical,0.00057113527375,0.019330911,0.0,48
ET,1857,heat,historical,1.9249696666666665e-05,0.00092398544,0.0,48
ET,1858,heat,historical,0.0015780342083333333,0.024140798,0.0,48
ET,1859,heat,historical,0.0020442640062499997,0.028302345,0.0,48
ET,1860,heat,historical,0.0005456051875,0.013670854,0.0,48
ET,1861,heat,historical,0.0009403530229166666,0.023391284,0.0,48
ET,1862,heat,historical,0.001597445175,0.018032685,0.0,48
ET,1863,heat,historical,0.0012881703304166666,0.021911876,0.0,48
ET,1864,heat,historical,0.00046137974583333334,0.01744371,0.0,48
ET,1865,heat,historical,4.037059166666667e-05,0.0019377884,0.0,48
ET,1866,heat,historical,0.0006426172604166667,0.011556013,0.0,48
ET,1867,heat,historical,0.0021721400250000003,0.028083479,0.0,48
ET,1868,heat,historical,0.003050506887416667,0.032600682,0.0,48
ET,1869,heat,historical,0.0008133695583333332,0.015188978,0.0,48
ET,1870,heat,historical,0.0004893616875,0.018599465,0.0,48
ET,1871,heat,historical,0.0005976331702083334,0.01647275,0.0,48
ET,1872,heat,historical,0.0008324471666666666,0.017560884,0.0,48
ET,1873,heat,historical,0.0026060109508333333,0.03130194,0.0,48
ET,1874,heat,historical,0.0004946526645833333,0.011301013,0.0,48
ET,1875,heat,historical,0.00046022906250000006,0.016289502,0.0,48
ET,1876,heat,historical,0.0013723957895833332,0.015269504,0.0,48
ET,1877,heat,historical,0.0015679254166666668,0.024290493,0.0,48
ET,1878,heat,historical,0.0005843842083333334,0.013154661,0.0,48
ET,1879,heat,historical,0.000265312425,0.011958126,0.0,48
ET,1880,heat,historical,0.00023178139166666665,0.007844068,0.0,48
ET,1881,heat,historical,0.0007125506270833333,0.01510329,0.0,48
ET,1882,heat,historical,0.0016110920208333333,0.03055656,0.0,48
ET,1883,heat,historical,0.0011207086979166667,0.020442273,0.0,48
ET,1884,heat,historical,0.0005813408166666667,0.013718344,0.0,48
ET,1885,heat,historical,0.0009504833437499999,0.018130247,0.0,48
ET,1886,heat,historical,0.004766429104166667,0.040971786,0.0,48
ET,1887,heat,historical,0.0011282580708333334,0.02155209,0.0,48
ET,1888,heat,historical,6.000743541666667e-05,0.0017122121,0.0,48
ET,1889,heat,historical,0.0009620223875,0.014884424,0.0,48
ET,1890,heat,historical,0.00011031474166666665,0.0052951076,0.0,48
ET,1891,heat,historical,0.0026639428520833335,0.031214189,0.0,48
ET,1892,heat,historical,0.004176614197916667,0.036886636,0.0,48
ET,1893,heat,historical,0.0013885698124999999,0.019102236,0.0,48
ET,1894,heat,historical,0.0014218213125,0.020004543,0.0,48
ET,1895,heat,historical,0.00289156245625,0.038218413,0.0,48
ET,1896,heat,historical,0.0010981252125000002,0.03302241,0.0,48
ET,1897,heat,historical,0.00038049873750000004,0.013137627,0.0,48
ET,1898,heat,historical,0.0005691780395833333,0.013373528,0.0,48
ET,1899,heat,historical,0.0021406737479166666,0.028994044,0.0,48
ET,1900,heat,historical,0.0024596702645833333,0.03171283,0.0,48
ET,1901,heat,historical,0.0028027665,0.03981396,0.0,48
ET,1902,heat,historical,0.0015264256041666667,0.02621486,0.0,48
ET,1903,heat,historical,0.0015328887916666667,0.02521964,0.0,48
ET,1904,heat,historical,0.0006520162333333333,0.02682087,0.0,48
ET,1905,heat,historical,0.00080184125,0.014909201,0.0,48
ET,1906,heat,historical,0.0002132952354166667,0.0051665753,0.0,48
ET,1907,heat,historical,0.0007520178916666666,0.016203813,0.0,48
ET,1908,heat,historical,0.0007274342145833333,0.0151218735,0.0,48
ET,1909,heat,historical,0.0007843337166666668,0.016385514,0.0,48
ET,1910,heat,historical,0.0018878360104166668,0.021313092,0.0,48
ET,1911,heat,historical,0.0016304707604166667,0.027485726,0.0,48
ET,1912,heat,historical,0.0011055348333333334,0.027221438,0.0,48
ET,1913,heat,historical,0.0015185107125,0.024898568,0.0,48
ET,1914,heat,historical,0.0011353556995833333,0.019458927,0.0,48
ET,1915,heat,historical,0.00090035885625,0.014983534,0.0,48
ET,1916,heat,historical,0.0008663869083333333,0.021780247,0.0,48
ET,1917,heat,historical,0.0017189548895833334,0.020143399,0.0,48
ET,1918,heat,historical,0.0017106527916666665,0.020792253,0.0,48
ET,1919,heat,historical,0.0012793735250000002,0.024222355,0.0,48
ET,1920,heat,historical,0.00490602711875,0.05862507,0.0,48
ET,1921,heat,historical,0.0008958851958333333,0.016361253,0.0,48
ET,1922,heat,historical,0.00024443888125000004,0.007642237,0.0,48
ET,1923,heat,historical,0.002443066125,0.03856478,0.0,48
ET,1924,heat,historical,0.002024207729166667,0.02878034,0.0,48
ET,1925,heat,historical,0.0004989972916666667,0.013480896,0.0,48
ET,1926,heat,historical,0.0017692944166666667,0.031102175,0.0,48
ET,1927,heat,historical,0.0014882811264583335,0.029029144,0.0,48
ET,1928,heat,historical,0.00053563624375,0.01131495,0.0,48
ET,1929,heat,historical,0.00042447192708333333,0.011573562,0.0,48
ET,1930,heat,historical,0.0015297270958333333,0.030056369,0.0,48
ET,1931,heat,historical,0.0012004067514583333,0.021938717,0.0,48
ET,1932,heat,historical,0.002211607291666667,0.048132416,0.0,48
ET,1933,heat,historical,0.0018590690270833335,0.022596864,0.0,48
ET,1934,heat,historical,0.00208768866875,0.026245315,0.0,48
ET,1935,heat,historical,0.004054373160416667,0.04358682,0.0,48
ET,1936,heat,historical,0.00228913296875,0.03033408,0.0,48
ET,1937,heat,historical,0.0006736856041666667,0.014467857,0.0,48
ET,1938,heat,historical,0.0030422155625,0.048266623,0.0,48
ET,1939,heat,historical,0.0015217583750000002,0.018849302,0.0,48
ET,1940,heat,historical,0.002732919166666667,0.03725726,0.0,48
ET,1941,heat,historical,0.0017483886208333333,0.03558686,0.0,48
ET,1942,heat,historical,0.00084981495,0.021763729,0.0,48
ET,1943,heat,historical,0.0023982540770833335,0.029956743,0.0,48
ET,1944,heat,historical,0.00540270146875,0.060277916,0.0,48
ET,1945,heat,historical,0.004325363739583333,0.06078224,0.0,48
ET,1946,heat,historical,0.0017499372208333334,0.021791603,0.0,48
ET,1947,heat,historical,0.0030511736208333334,0.043183155,0.0,48
ET,1948,heat,historical,0.0023578296666666664,0.026289191,0.0,48
ET,1949,heat,historical,0.0007395755020833334,0.017625926,0.0,48
ET,1950,heat,historical,0.0001649021516666667,0.0053699557,0.0,48
ET,1951,heat,historical,0.0024147507700833333,0.024454642,0.0,48
ET,1952,heat,historical,0.004110563,0.0523812,0.0,48
ET,1953,heat,historical,0.0010792734791666666,0.023198744,0.0,48
ET,1954,heat,historical,0.0011903624833333334,0.028328154,0.0,48
ET,1955,heat,historical,0.0021426847499999998,0.037782744,0.0,48
ET,1956,heat,historical,0.0032843208020833328,0.043662183,0.0,48
ET,1957,heat,historical,0.0030744561125000004,0.047770564,0.0,48
ET,1958,heat,historical,0.0030509262875,0.05531472,0.0,48
ET,1959,heat,historical,0.0011565948979166667,0.020759733,0.0,48
ET,1960,heat,historical,0.0018332700833333332,0.03122348,0.0,48
ET,1961,heat,historical,0.005625503260416667,0.06471821,0.0,48
ET,1962,heat,historical,0.004054642,0.057734117,0.0,48
ET,1963,heat,historical,0.00023694333333333333,0.008574998,0.0,48
ET,1964,heat,historical,0.00037279886041666666,0.010753332,0.0,48
ET,1965,heat,historical,0.004429398104166667,0.052086968,0.0,48
ET,1966,heat,historical,0.0010799617208333333,0.021389488,0.0,48
ET,1967,heat,historical,0.00043436561875,0.012812425,0.0,48
ET,1968,heat,historical,0.00233753681875,0.04359301,0.0,48
ET,1969,heat,historical,0.004283315510416667,0.056994416,0.0,48
ET,1970,heat,historical,0.0023292885729166665,0.03505931,0.0,48
ET,1971,heat,historical,0.0013927531458333333,0.024900632,0.0,48
ET,1972,heat,historical,0.0008953366937499999,0.024760228,0.0,48
ET,1973,heat,historical,0.00033375099999999997,0.016020048,0.0,48
ET,1974,heat,historical,0.0004834147229166666,0.011119313,0.0,48
ET,1975,heat,historical,0.0011628322145833335,0.019796,0.0,48
ET,1976,heat,historical,0.0012143224854166666,0.025365207,0.0,48
ET,1977,heat,historical,0.003524597872291667,0.043476354,0.0,48
ET,1978,heat,historical,0.002792464241666667,0.03507738,0.0,48
ET,1979,heat,historical,0.0012215921875,0.013467991,0.0,48
ET,1980,heat,historical,0.003564581335416667,0.04385627,0.0,48
ET,1981,heat,historical,0.0055093491854166675,0.06080134,0.0,48
ET,1982,heat,historical,0.0021971539083333333,0.027722144,0.0,48
ET,1983,heat,historical,0.0007589757124999999,0.020466534,0.0,48
ET,1984,heat,historical,0.0025617689291666666,0.035712812,0.0,48
ET,1985,heat,historical,0.0027030982375,0.036784943,0.0,48
ET,1986,heat,historical,0.00049120063125,0.013513416,0.0,48
ET,1987,heat,historical,0.00091641463125,0.022084285,0.0,48
ET,1988,heat,historical,0.0012634898,0.023752103,0.0,48
ET,1989,heat,historical,0.0036760897347083332,0.05192127,0.0,48
ET,1990,heat,historical,0.0020850109175,0.03673487,0.0,48
ET,1991,heat,historical,0.0032567367916666663,0.044272322,0.0,48
ET,1992,heat,historical,0.0012873745479166667,0.02518712,0.0,48
ET,1993,heat,historical,0.0014295749008333334,0.03879603,0.0,48
ET,1994,heat,historical,0.005339371160416666,0.072594285,0.0,48
ET,1995,heat,historical,0.0018863735333333332,0.03207417,0.0,48
ET,1996,heat,historical,0.0014376511749999998,0.026120396,0.0,48
ET,1997,heat,historical,0.0053899364374999995,0.061263844,0.0,48
ET,1998,heat,historical,0.004546466475,0.054779947,0.0,48
ET,1999,heat,historical,0.000664200556875,0.01664361,0.0,48
ET,2000,heat,historical,0.0015064124377083333,0.016469138,0.0,48
ET,2001,heat,historical,0.0025164837458333334,0.024952253,0.0,48
ET,2002,heat,historical,0.005211086383333333,0.058246184,0.0,48
ET,2003,heat,historical,0.0033045706499999997,0.04839619,0.0,48
ET,2004,heat,historical,0.0022642805366666664,0.03795309,0.0,48
ET,2005,heat,historical,0.0015319316666666666,0.025312554,0.0,48
ET,2006,heat,historical,0.0033273475875,0.0394645,0.0,48
ET,2007,heat,historical,0.003759874257125,0.04146578,0.0,48
ET,2008,heat,historical,0.00486752770625,0.05595119,0.0,48
ET,2009,heat,historical,0.0064674570479166665,0.056845233,0.0,48
ET,2010,heat,historical,0.007197429227083333,0.05825702,0.0,48
ET,2011,heat,historical,0.005426736845833333,0.066966236,0.0,48
ET,2012,heat,historical,0.003007727389583333,0.046929684,0.0,48
ET,2013,heat,historical,0.002547304886458333,0.046814576,0.0,48
ET,2014,heat,historical,0.007660368239583334,0.084276766,0.0,48
FI,1850,heat,historical,0.0,0.0,0.0,60
FI,1851,heat,historical,0.0,0.0,0.0,60
FI,1852,heat,historical,0.0,0.0,0.0,60
FI,1853,heat,historical,0.0,0.0,0.0,60
FI,1854,heat,historical,0.0,0.0,0.0,60
FI,1855,heat,historical,0.0,0.0,0.0,60
FI,1856,heat,historical,0.0,0.0,0.0,60
FI,1857,heat,historical,0.0,0.0,0.0,60
FI,1858,heat,historical,0.0,0.0,0.0,60
FI,1859,heat,historical,0.0,0.0,0.0,60
FI,1860,heat,historical,0.0,0.0,0.0,60
FI,1861,heat,historical,0.0,0.0,0.0,60
FI,1862,heat,historical,0.0,0.0,0.0,60
FI,1863,heat,historical,0.0,0.0,0.0,60
FI,1864,heat,historical,0.0,0.0,0.0,60
FI,1865,heat,historical,0.0,0.0,0.0,60
FI,1866,heat,historical,0.0,0.0,0.0,60
FI,1867,heat,historical,0.0,0.0,0.0,60
FI,1868,heat,historical,0.0,0.0,0.0,60
FI,1869,heat,historical,0.0,0.0,0.0,60
FI,1870,heat,historical,0.0,0.0,0.0,60
FI,1871,heat,historical,0.0,0.0,0.0,60
FI,1872,heat,historical,0.0,0.0,0.0,60
FI,1873,heat,historical,0.0,0.0,0.0,60
FI,1874,heat,historical,0.0,0.0,0.0,60
FI,1875,heat,historical,0.0,0.0,0.0,60
FI,1876,heat,historical,0.0,0.0,0.0,60
FI,1877,heat,historical,0.0,0.0,0.0,60
FI,1878,heat,historical,0.0,0.0,0.0,60
FI,1879,heat,historical,0.0,0.0,0.0,60
FI,1880,heat,historical,0.0,0.0,0.0,60
FI,1881,heat,historical,0.0,0.0,0.0,60
FI,1882,heat,historical,0.0,0.0,0.0,60
FI,1883,heat,historical,0.0,0.0,0.0,60
FI,1884,heat,historical,0.0,0.0,0.0,60
FI,1885,heat,historical,0.0,0.0,0.0,60
FI,1886,heat,historical,0.0,0.0,0.0,60
FI,1887,heat,historical,0.0,0.0,0.0,60
FI,1888,heat,historical,0.0,0.0,0.0,60
FI,1889,heat,historical,0.0,0.0,0.0,60
FI,1890,heat,historical,0.0,0.0,0.0,60
FI,1891,heat,historical,0.0,0.0,0.0,60
FI,1892,heat,historical,0.0,0.0,0.0,60
FI,1893,heat,historical,0.0,0.0,0.0,60
FI,1894,heat,historical,0.0,0.0,0.0,60
FI,1895,heat,historical,0.0,0.0,0.0,60
FI,1896,heat,historical,0.0,0.0,0.0,60
FI,1897,heat,historical,0.0,0.0,0.0,60
FI,1898,heat,historical,0.0,0.0,0.0,60
FI,1899,heat,historical,0.0,0.0,0.0,60
FI,1900,heat,historical,0.0,0.0,0.0,60
FI,1901,heat,historical,0.0,0.0,0.0,60
FI,1902,heat,historical,0.0,0.0,0.0,60
FI,1903,heat,historical,0.0,0.0,0.0,60
FI,1904,heat,historical,0.0,0.0,0.0,60
FI,1905,heat,historical,0.0,0.0,0.0,60
FI,1906,heat,historical,0.0,0.0,0.0,60
FI,1907,heat,historical,0.0,0.0,0.0,60
FI,1908,heat,historical,0.0,0.0,0.0,60
FI,1909,heat,historical,0.0,0.0,0.0,60
FI,1910,heat,historical,0.0,0.0,0.0,60
FI,1911,heat,historical,0.0,0.0,0.0,60
FI,1912,heat,historical,0.0,0.0,0.0,60
FI,1913,heat,historical,0.0,0.0,0.0,60
FI,1914,heat,historical,0.0,0.0,0.0,60
FI,1915,heat,historical,0.0,0.0,0.0,60
FI,1916,heat,historical,0.0,0.0,0.0,60
FI,1917,heat,historical,0.0,0.0,0.0,60
FI,1918,heat,historical,0.0,0.0,0.0,60
FI,1919,heat,historical,0.0,0.0,0.0,60
FI,1920,heat,historical,0.0,0.0,0.0,60
FI,1921,heat,historical,0.0,0.0,0.0,60
FI,1922,heat,historical,0.0,0.0,0.0,60
FI,1923,heat,historical,0.0,0.0,0.0,60
FI,1924,heat,historical,0.0,0.0,0.0,60
FI,1925,heat,historical,0.0,0.0,0.0,60
FI,1926,heat,historical,0.0,0.0,0.0,60
FI,1927,heat,historical,0.0,0.0,0.0,60
FI,1928,heat,historical,0.0,0.0,0.0,60
FI,1929,heat,historical,0.0,0.0,0.0,60
FI,1930,heat,historical,0.0,0.0,0.0,60
FI,1931,heat,historical,0.0,0.0,0.0,60
FI,1932,heat,historical,0.0,0.0,0.0,60
FI,1933,heat,historical,0.0,0.0,0.0,60
FI,1934,heat,historical,0.0,0.0,0.0,60
FI,1935,heat,historical,0.0,0.0,0.0,60
FI,1936,heat,historical,0.0,0.0,0.0,60
FI,1937,heat,historical,0.0,0.0,0.0,60
FI,1938,heat,historical,0.0,0.0,0.0,60
FI,1939,heat,historical,0.0,0.0,0.0,60
FI,1940,heat,historical,0.0,0.0,0.0,60
FI,1941,heat,historical,0.0,0.0,0.0,60
FI,1942,heat,historical,0.0,0.0,0.0,60
FI,1943,heat,historical,0.0,0.0,0.0,60
FI,1944,heat,historical,0.0,0.0,0.0,60
FI,1945,heat,historical,0.0,0.0,0.0,60
FI,1946,heat,historical,0.0,0.0,0.0,60
FI,1947,heat,historical,0.0,0.0,0.0,60
FI,1948,heat,historical,0.0,0.0,0.0,60
FI,1949,heat,historical,0.0,0.0,0.0,60
FI,1950,heat,historical,0.0,0.0,0.0,60
FI,1951,heat,historical,0.0,0.0,0.0,60
FI,1952,heat,historical,0.0,0.0,0.0,60
FI,1953,heat,historical,0.0,0.0,0.0,60
FI,1954,heat,historical,0.0,0.0,0.0,60
FI,1955,heat,historical,0.0,0.0,0.0,60
FI,1956,heat,historical,0.0,0.0,0.0,60
FI,1957,heat,historical,0.0,0.0,0.0,60
FI,1958,heat,historical,0.0,0.0,0.0,60
FI,1959,heat,historical,0.0,0.0,0.0,60
FI,1960,heat,historical,0.0,0.0,0.0,60
FI,1961,heat,historical,0.0,0.0,0.0,60
FI,1962,heat,historical,0.0,0.0,0.0,60
FI,1963,heat,historical,0.0,0.0,0.0,60
FI,1964,heat,historical,0.0,0.0,0.0,60
FI,1965,heat,historical,0.0,0.0,0.0,60
FI,1966,heat,historical,0.0,0.0,0.0,60
FI,1967,heat,historical,0.0,0.0,0.0,60
FI,1968,heat,historical,0.0,0.0,0.0,60
FI,1969,heat,historical,0.0,0.0,0.0,60
FI,1970,heat,historical,0.0,0.0,0.0,60
FI,1971,heat,historical,0.0,0.0,0.0,60
FI,1972,heat,historical,0.0,0.0,0.0,60
FI,1973,heat,historical,0.0,0.0,0.0,60
FI,1974,heat,historical,0.0,0.0,0.0,60
FI,1975,heat,historical,0.0,0.0,0.0,60
FI,1976,heat,historical,0.0,0.0,0.0,60
FI,1977,heat,historical,0.0,0.0,0.0,60
FI,1978,heat,historical,0.0,0.0,0.0,60
FI,1979,heat,historical,0.0,0.0,0.0,60
FI,1980,heat,historical,0.0,0.0,0.0,60
FI,1981,heat,historical,0.0,0.0,0.0,60
FI,1982,heat,historical,0.0,0.0,0.0,60
FI,1983,heat,historical,0.0,0.0,0.0,60
FI,1984,heat,historical,0.0,0.0,0.0,60
FI,1985,heat,historical,0.0,0.0,0.0,60
FI,1986,heat,historical,0.0,0.0,0.0,60
FI,1987,heat,historical,0.0,0.0,0.0,60
FI,1988,heat,historical,0.0,0.0,0.0,60
FI,1989,heat,historical,0.0,0.0,0.0,60
FI,1990,heat,historical,0.0,0.0,0.0,60
FI,1991,heat,historical,0.0,0.0,0.0,60
FI,1992,heat,historical,0.0,0.0,0.0,60
FI,1993,heat,historical,0.0,0.0,0.0,60
FI,1994,heat,historical,0.0,0.0,0.0,60
FI,1995,heat,historical,0.0,0.0,0.0,60
FI,1996,heat,historical,0.0,0.0,0.0,60
FI,1997,heat,historical,0.0,0.0,0.0,60
FI,1998,heat,historical,0.0,0.0,0.0,60
FI,1999,heat,historical,0.0,0.0,0.0,60
FI,2000,heat,historical,0.0,0.0,0.0,60
FI,2001,heat,historical,0.0,0.0,0.0,60
FI,2002,heat,historical,0.0,0.0,0.0,60
FI,2003,heat,historical,0.0,0.0,0.0,60
FI,2004,heat,historical,0.0,0.0,0.0,60
FI,2005,heat,historical,0.0,0.0,0.0,60
FI,2006,heat,historical,0.0,0.0,0.0,60
FI,2007,heat,historical,0.0,0.0,0.0,60
FI,2008,heat,historical,0.0,0.0,0.0,60
FI,2009,heat,historical,0.0,0.0,0.0,60
FI,2010,heat,historical,0.0,0.0,0.0,60
FI,2011,heat,historical,0.0,0.0,0.0,60
FI,2012,heat,historical,0.0,0.0,0.0,60
FI,2013,heat,historical,0.0,0.0,0.0,60
FI,2014,heat,historical,0.0,0.0,0.0,60
FJ,1850,heat,historical,0.000963483853027523,0.1542617,0.0,2616
FJ,1851,heat,historical,0.000884009674514526,0.16681448,0.0,2616
FJ,1852,heat,historical,0.0018051203196062689,0.23112127,0.0,2616
FJ,1853,heat,historical,0.0012114149341727828,0.13771771,0.0,2616
FJ,1854,heat,historical,0.0007409476515672783,0.13014773,0.0,2616
FJ,1855,heat,historical,0.0011666304572706422,0.23930551,0.0,2616
FJ,1856,heat,historical,0.0017635841339831804,0.33237147,0.0,2616
FJ,1857,heat,historical,0.0013689946909365444,0.213006,0.0,2616
FJ,1858,heat,historical,0.0015301492736238534,0.21458244,0.0,2616
FJ,1859,heat,historical,0.0009850481347094802,0.16590132,0.0,2616
FJ,1860,heat,historical,0.00021162254231651376,0.06608199,0.0,2616
FJ,1861,heat,historical,0.0009052120738463303,0.2130473,0.0,2616
FJ,1862,heat,historical,0.0020285831285110855,0.32549992,0.0,2616
FJ,1863,heat,historical,0.0009747757663685015,0.13470003,0.0,2616
FJ,1864,heat,historical,0.00040295452412079507,0.08901335,0.0,2616
FJ,1865,heat,historical,0.0006178733227828746,0.1630442,0.0,2616
FJ,1866,heat,historical,0.001652538328619266,0.28840062,0.0,2616
FJ,1867,heat,historical,0.0022706673969954128,0.29370245,0.0,2616
FJ,1868,heat,historical,0.0005136437750099389,0.1062893,0.0,2616
FJ,1869,heat,historical,0.0008834733461238532,0.20784149,0.0,2616
FJ,1870,heat,historical,0.000464618859824159,0.15998936,0.0,2616
FJ,1871,heat,historical,0.0014883718051873088,0.22874215,0.0,2616
FJ,1872,heat,historical,0.0026696793941781345,0.24581057,0.0,2616
FJ,1873,heat,historical,0.0010640820944686545,0.19350785,0.0,2616
FJ,1874,heat,historical,0.0005485759921253823,0.11974129,0.0,2616
FJ,1875,heat,historical,0.0008262927460244649,0.16648102,0.0,2616
FJ,1876,heat,historical,0.0013620021908792048,0.17162591,0.0,2616
FJ,1877,heat,historical,0.00041573266509938836,0.09418096,0.0,2616
FJ,1878,heat,historical,0.0004551945854357798,0.08928022,0.0,2616
FJ,1879,heat,historical,0.0005569956960626911,0.11943054,0.0,2616
FJ,1880,heat,historical,0.0019104523046559634,0.22391006,0.0,2616
FJ,1881,heat,historical,0.0022788370845183486,0.29434305,0.0,2616
FJ,1882,heat,historical,0.0007368489020642201,0.1871948,0.0,2616
FJ,1883,heat,historical,0.0008660921007262996,0.18428916,0.0,2616
FJ,1884,heat,historical,0.0009130984239678899,0.21926123,0.0,2616
FJ,1885,heat,historical,0.0012253450343654433,0.18782559,0.0,2616
FJ,1886,heat,historical,0.0005131267950382263,0.12922582,0.0,2616
FJ,1887,heat,historical,0.0007420796773050459,0.16255793,0.0,2616
FJ,1888,heat,historical,0.0005344213384174312,0.1451576,0.0,2616
FJ,1889,heat,historical,0.0010857697005122325,0.18074602,0.0,2616
FJ,1890,heat,historical,0.0010001951225535168,0.15151039,0.0,2616
FJ,1891,heat,historical,0.001380097568501529,0.21642372,0.0,2616
FJ,1892,heat,historical,0.00116245887603211,0.17496309,0.0,2616
FJ,1893,heat,historical,0.000398949879969419,0.11138309,0.0,2616
FJ,1894,heat,historical,0.0012529124369266055,0.20680033,0.0,2616
FJ,1895,heat,historical,0.0017561903259174312,0.36527622,0.0,2616
FJ,1896,heat,historical,0.0013218912803899083,0.22925524,0.0,2616
FJ,1897,heat,historical,0.0005213653548547401,0.13011676,0.0,2616
FJ,1898,heat,historical,0.0013147137137996942,0.1731461,0.0,2616
FJ,1899,heat,historical,0.0028391280814334865,0.26189205,0.0,2616
FJ,1900,heat,historical,0.0013424592819514525,0.20246947,0.0,2616
FJ,1901,heat,historical,0.0022269000981039754,0.3141442,0.0,2616
FJ,1902,heat,historical,0.0010870970608639144,0.31338385,0.0,2616
FJ,1903,heat,historical,0.0003180514338111621,0.08542322,0.0,2616
FJ,1904,heat,historical,0.0007488835280695719,0.16229571,0.0,2616
FJ,1905,heat,historical,0.0014251048382262995,0.33107793,0.0,2616
FJ,1906,heat,historical,0.0009872979947629968,0.17460692,0.0,2616
FJ,1907,heat,historical,0.001152905771838685,0.25479338,0.0,2616
FJ,1908,heat,historical,0.0012827634152714066,0.17805663,0.0,2616
FJ,1909,heat,historical,0.0010568103900267583,0.19367819,0.0,2616
FJ,1910,heat,historical,0.0007327035725917431,0.1350841,0.0,2616
FJ,1911,heat,historical,0.0005218813537542048,0.111800686,0.0,2616
FJ,1912,heat,historical,0.0010891444815519877,0.17671196,0.0,2616
FJ,1913,heat,historical,0.0007050858725191131,0.24856138,0.0,2616
FJ,1914,heat,historical,0.0015570001952217125,0.2213265,0.0,2616
FJ,1915,heat,historical,0.0006319472595948013,0.11260542,0.0,2616
FJ,1916,heat,historical,0.0009054038595909786,0.19124278,0.0,2616
FJ,1917,heat,historical,0.0011682336972438838,0.20965539,0.0,2616
FJ,1918,heat,historical,0.0010613941694571866,0.19793057,0.0,2616
FJ,1919,heat,historical,0.0019812934685397555,0.255244,0.0,2616
FJ,1920,heat,historical,0.0012491082641246179,0.21608406,0.0,2616
FJ,1921,heat,historical,0.001003471442068043,0.14517204,0.0,2616
FJ,1922,heat,historical,0.0009126477263493885,0.31798416,0.0,2616
FJ,1923,heat,historical,0.0013263438291911313,0.20579427,0.0,2616
FJ,1924,heat,historical,0.0007923426002102446,0.12816194,0.0,2616
FJ,1925,heat,historical,0.0007919455885703363,0.20758443,0.0,2616
FJ,1926,heat,historical,0.0016340583926261467,0.22191292,0.0,2616
FJ,1927,heat,historical,0.0020475315466437307,0.2643997,0.0,2616
FJ,1928,heat,historical,0.0007609667050191131,0.18081208,0.0,2616
FJ,1929,heat,historical,0.0010012428811391437,0.22797352,0.0,2616
FJ,1930,heat,historical,0.001465689315175841,0.25206426,0.0,2616
FJ,1931,heat,historical,0.0017490737333983183,0.19937593,0.0,2616
FJ,1932,heat,historical,0.0010773377536536697,0.155706,0.0,2616
FJ,1933,heat,historical,0.0006214977209441896,0.13466649,0.0,2616
FJ,1934,heat,historical,0.0010289079588772937,0.22080205,0.0,2616
FJ,1935,heat,historical,0.002012462945114679,0.2675552,0.0,2616
FJ,1936,heat,historical,0.0006445164528975535,0.16687176,0.0,2616
FJ,1937,heat,historical,0.0011358873619648317,0.19092068,0.0,2616
FJ,1938,heat,historical,0.0016441213900496943,0.2382659,0.0,2616
FJ,1939,heat,historical,0.0017777976059480125,0.23105416,0.0,2616
FJ,1940,heat,historical,0.000758901740558104,0.14192623,0.0,2616
FJ,1941,heat,historical,0.0006807089588799695,0.21626525,0.0,2616
FJ,1942,heat,historical,0.001014551252159786,0.28573966,0.0,2616
FJ,1943,heat,historical,0.0014467560956987768,0.19243209,0.0,2616
FJ,1944,heat,historical,0.001449208603864679,0.21377513,0.0,2616
FJ,1945,heat,historical,0.001335367348356269,0.17116237,0.0,2616
FJ,1946,heat,historical,0.0018742151815558106,0.29866356,0.0,2616
FJ,1947,heat,historical,0.001271933421062691,0.2158683,0.0,2616
FJ,1948,heat,historical,0.0008027935324950307,0.14481278,0.0,2616
FJ,1949,heat,historical,0.0008889815679281346,0.24222612,0.0,2616
FJ,1950,heat,historical,0.0017562388441131498,0.37990254,0.0,2616
FJ,1951,heat,historical,0.002732222429026376,0.28235704,0.0,2616
FJ,1952,heat,historical,0.00273182009875,0.30324584,0.0,2616
FJ,1953,heat,historical,0.0007895424090749236,0.17456356,0.0,2616
FJ,1954,heat,historical,0.0019339084704629204,0.27573323,0.0,2616
FJ,1955,heat,historical,0.001953750345050077,0.38363928,0.0,2616
FJ,1956,heat,historical,0.0021492988777714068,0.23965032,0.0,2616
FJ,1957,heat,historical,0.0019344775683715594,0.23875526,0.0,2616
FJ,1958,heat,historical,0.001419211009640673,0.2647156,0.0,2616
FJ,1959,heat,historical,0.001983605700795107,0.28117806,0.0,2616
FJ,1960,heat,historical,0.0031349626811123855,0.39787692,0.0,2616
FJ,1961,heat,historical,0.001983603317507645,0.18947896,0.0,2616
FJ,1962,heat,historical,0.0010154757026376148,0.26290378,0.0,2616
FJ,1963,heat,historical,0.0005322979621941896,0.14872655,0.0,2616
FJ,1964,heat,historical,0.0015431241523700308,0.3449057,0.0,2616
FJ,1965,heat,historical,0.001059657735061162,0.229407,0.0,2616
FJ,1966,heat,historical,0.0004203945823126911,0.09021298,0.0,2616
FJ,1967,heat,historical,0.0008264099535932722,0.15469529,0.0,2616
FJ,1968,heat,historical,0.002164863016093272,0.22368035,0.0,2616
FJ,1969,heat,historical,0.0018989559576070335,0.2557953,0.0,2616
FJ,1970,heat,historical,0.0007356971235638379,0.13410021,0.0,2616
FJ,1971,heat,historical,0.0008732615834824159,0.1971563,0.0,2616
FJ,1972,heat,historical,0.0014059693447247706,0.27745268,0.0,2616
FJ,1973,heat,historical,0.001855997688635321,0.26570877,0.0,2616
FJ,1974,heat,historical,0.0014839559236047401,0.2925477,0.0,2616
FJ,1975,heat,historical,0.0011224825467201834,0.22399007,0.0,2616
FJ,1976,heat,historical,0.0012556259918176606,0.23956619,0.0,2616
FJ,1977,heat,historical,0.0012427371702370031,0.27586386,0.0,2616
FJ,1978,heat,historical,0.0015419366924311925,0.22508079,0.0,2616
FJ,1979,heat,historical,0.0016192598728899082,0.20968068,0.0,2616
FJ,1980,heat,historical,0.002407490103906728,0.35244417,0.0,2616
FJ,1981,heat,historical,0.0007379927723203364,0.15806398,0.0,2616
FJ,1982,heat,historical,0.00043308591001146786,0.09990915,0.0,2616
FJ,1983,heat,historical,0.0010779930657492354,0.25582474,0.0,2616
FJ,1984,heat,historical,0.0009459942695718655,0.14707163,0.0,2616
FJ,1985,heat,historical,0.0016396147509900611,0.18987332,0.0,2616
FJ,1986,heat,historical,0.0013174525287652907,0.2221354,0.0,2616
FJ,1987,heat,historical,0.0017560482427561163,0.2540449,0.0,2616
FJ,1988,heat,historical,0.002406970955963303,0.32948858,0.0,2616
FJ,1989,heat,historical,0.0010330781438188073,0.1487157,0.0,2616
FJ,1990,heat,historical,0.0014979572725802753,0.1598118,0.0,2616
FJ,1991,heat,historical,0.0008452486260321101,0.23799181,0.0,2616
FJ,1992,heat,historical,0.001693389990921254,0.26146156,0.0,2616
FJ,1993,heat,historical,0.0019693160577943423,0.22998773,0.0,2616
FJ,1994,heat,historical,0.0019063667389067277,0.25866172,0.0,2616
FJ,1995,heat,historical,0.0009333021693195719,0.17339541,0.0,2616
FJ,1996,heat,historical,0.0012540671533245414,0.20239204,0.0,2616
FJ,1997,heat,historical,0.004053824412186544,0.35336196,0.0,2616
FJ,1998,heat,historical,0.0019317241389908255,0.22762924,0.0,2616
FJ,1999,heat,historical,0.0017115035064411313,0.27504206,0.0,2616
FJ,2000,heat,historical,0.0022413852451070334,0.36319077,0.0,2616
FJ,2001,heat,historical,0.002702795261391437,0.35751113,0.0,2616
FJ,2002,heat,historical,0.001648134109957951,0.26604483,0.0,2616
FJ,2003,heat,historical,0.0017142843773700306,0.28748798,0.0,2616
FJ,2004,heat,historical,0.0006435174165519878,0.14039727,0.0,2616
FJ,2005,heat,historical,0.0010178330916563456,0.16050556,0.0,2616
FJ,2006,heat,historical,0.0022328268451681957,0.27017438,0.0,2616
FJ,2007,heat,historical,0.0015587427474655963,0.18450595,0.0,2616
FJ,2008,heat,historical,0.0022420389952255352,0.2867514,0.0,2616
FJ,2009,heat,historical,0.00394742121845948,0.43910265,0.0,2616
FJ,2010,heat,historical,0.0014888536603860855,0.19013453,0.0,2616
FJ,2011,heat,historical,0.0027172042680963303,0.39393783,0.0,2616
FJ,2012,heat,historical,0.002291730254361621,0.26959056,0.0,2616
FJ,2013,heat,historical,0.003781749483463303,0.45542362,0.0,2616
FJ,2014,heat,historical,0.0027453896972553515,0.27095073,0.0,2616
FM,1850,heat,historical,0.0,0.0,0.0,192
FM,1851,heat,historical,0.0,0.0,0.0,192
FM,1852,heat,historical,0.0,0.0,0.0,192
FM,1853,heat,historical,0.0,0.0,0.0,192
FM,1854,heat,historical,0.0,0.0,0.0,192
FM,1855,heat,historical,0.0,0.0,0.0,192
FM,1856,heat,historical,0.0,0.0,0.0,192
FM,1857,heat,historical,0.0,0.0,0.0,192
FM,1858,heat,historical,0.0,0.0,0.0,192
FM,1859,heat,historical,0.0,0.0,0.0,192
FM,1860,heat,historical,0.0,0.0,0.0,192
FM,1861,heat,historical,0.0,0.0,0.0,192
FM,1862,heat,historical,0.0,0.0,0.0,192
FM,1863,heat,historical,0.0,0.0,0.0,192
FM,1864,heat,historical,0.0,0.0,0.0,192
FM,1865,heat,historical,0.0,0.0,0.0,192
FM,1866,heat,historical,0.0,0.0,0.0,192
FM,1867,heat,historical,0.0,0.0,0.0,192
FM,1868,heat,historical,0.0,0.0,0.0,192
FM,1869,heat,historical,0.0,0.0,0.0,192
FM,1870,heat,historical,0.0,0.0,0.0,192
FM,1871,heat,historical,0.0,0.0,0.0,192
FM,1872,heat,historical,0.0,0.0,0.0,192
FM,1873,heat,historical,0.0,0.0,0.0,192
FM,1874,heat,historical,0.0,0.0,0.0,192
FM,1875,heat,historical,0.0,0.0,0.0,192
FM,1876,heat,historical,0.0,0.0,0.0,192
FM,1877,heat,historical,0.0,0.0,0.0,192
FM,1878,heat,historical,0.0,0.0,0.0,192
FM,1879,heat,historical,0.0,0.0,0.0,192
FM,1880,heat,historical,0.0,0.0,0.0,192
FM,1881,heat,historical,0.0,0.0,0.0,192
FM,1882,heat,historical,0.0,0.0,0.0,192
FM,1883,heat,historical,0.0,0.0,0.0,192
FM,1884,heat,historical,0.0,0.0,0.0,192
FM,1885,heat,historical,0.0,0.0,0.0,192
FM,1886,heat,historical,0.0,0.0,0.0,192
FM,1887,heat,historical,0.0,0.0,0.0,192
FM,1888,heat,historical,0.0,0.0,0.0,192
FM,1889,heat,historical,0.0,0.0,0.0,192
FM,1890,heat,historical,0.0,0.0,0.0,192
FM,1891,heat,historical,0.0,0.0,0.0,192
FM,1892,heat,historical,0.0,0.0,0.0,192
FM,1893,heat,historical,0.0,0.0,0.0,192
FM,1894,heat,historical,0.0,0.0,0.0,192
FM,1895,heat,historical,0.0,0.0,0.0,192
FM,1896,heat,historical,0.0,0.0,0.0,192
FM,1897,heat,historical,0.0,0.0,0.0,192
FM,1898,heat,historical,0.0,0.0,0.0,192
FM,1899,heat,historical,0.0,0.0,0.0,192
FM,1900,heat,historical,0.0,0.0,0.0,192
FM,1901,heat,historical,0.0,0.0,0.0,192
FM,1902,heat,historical,0.0,0.0,0.0,192
FM,1903,heat,historical,0.0,0.0,0.0,192
FM,1904,heat,historical,0.0,0.0,0.0,192
FM,1905,heat,historical,0.0,0.0,0.0,192
FM,1906,heat,historical,0.0,0.0,0.0,192
FM,1907,heat,historical,0.0,0.0,0.0,192
FM,1908,heat,historical,0.0,0.0,0.0,192
FM,1909,heat,historical,0.0,0.0,0.0,192
FM,1910,heat,historical,0.0,0.0,0.0,192
FM,1911,heat,historical,0.0,0.0,0.0,192
FM,1912,heat,historical,0.0,0.0,0.0,192
FM,1913,heat,historical,0.0,0.0,0.0,192
FM,1914,heat,historical,0.0,0.0,0.0,192
FM,1915,heat,historical,0.0,0.0,0.0,192
FM,1916,heat,historical,0.0,0.0,0.0,192
FM,1917,heat,historical,0.0,0.0,0.0,192
FM,1918,heat,historical,0.0,0.0,0.0,192
FM,1919,heat,historical,0.0,0.0,0.0,192
FM,1920,heat,historical,0.0,0.0,0.0,192
FM,1921,heat,historical,0.0,0.0,0.0,192
FM,1922,heat,historical,0.0,0.0,0.0,192
FM,1923,heat,historical,0.0,0.0,0.0,192
FM,1924,heat,historical,0.0,0.0,0.0,192
FM,1925,heat,historical,0.0,0.0,0.0,192
FM,1926,heat,historical,0.0,0.0,0.0,192
FM,1927,heat,historical,0.0,0.0,0.0,192
FM,1928,heat,historical,0.0,0.0,0.0,192
FM,1929,heat,historical,0.0,0.0,0.0,192
FM,1930,heat,historical,0.0,0.0,0.0,192
FM,1931,heat,historical,0.0,0.0,0.0,192
FM,1932,heat,historical,0.0,0.0,0.0,192
FM,1933,heat,historical,0.0,0.0,0.0,192
FM,1934,heat,historical,0.0,0.0,0.0,192
FM,1935,heat,historical,0.0,0.0,0.0,192
FM,1936,heat,historical,0.0,0.0,0.0,192
FM,1937,heat,historical,0.0,0.0,0.0,192
FM,1938,heat,historical,0.0,0.0,0.0,192
FM,1939,heat,historical,0.0,0.0,0.0,192
FM,1940,heat,historical,0.0,0.0,0.0,192
FM,1941,heat,historical,0.0,0.0,0.0,192
FM,1942,heat,historical,0.0,0.0,0.0,192
FM,1943,heat,historical,0.0,0.0,0.0,192
FM,1944,heat,historical,0.0,0.0,0.0,192
FM,1945,heat,historical,0.0,0.0,0.0,192
FM,1946,heat,historical,0.0,0.0,0.0,192
FM,1947,heat,historical,0.0,0.0,0.0,192
FM,1948,heat,historical,0.0,0.0,0.0,192
FM,1949,heat,historical,0.0,0.0,0.0,192
FM,1950,heat,historical,0.0,0.0,0.0,192
FM,1951,heat,historical,0.0,0.0,0.0,192
FM,1952,heat,historical,0.0,0.0,0.0,192
FM,1953,heat,historical,0.0,0.0,0.0,192
FM,1954,heat,historical,0.0,0.0,0.0,192
FM,1955,heat,historical,0.0,0.0,0.0,192
FM,1956,heat,historical,0.0,0.0,0.0,192
FM,1957,heat,historical,0.0,0.0,0.0,192
FM,1958,heat,historical,0.0,0.0,0.0,192
FM,1959,heat,historical,0.0,0.0,0.0,192
FM,1960,heat,historical,0.0,0.0,0.0,192
FM,1961,heat,historical,0.0,0.0,0.0,192
FM,1962,heat,historical,0.0,0.0,0.0,192
FM,1963,heat,historical,0.0,0.0,0.0,192
FM,1964,heat,historical,0.0,0.0,0.0,192
FM,1965,heat,historical,0.0,0.0,0.0,192
FM,1966,heat,historical,0.0,0.0,0.0,192
FM,1967,heat,historical,0.0,0.0,0.0,192
FM,1968,heat,historical,0.0,0.0,0.0,192
FM,1969,heat,historical,0.0,0.0,0.0,192
FM,1970,heat,historical,0.0,0.0,0.0,192
FM,1971,heat,historical,0.0,0.0,0.0,192
FM,1972,heat,historical,0.0,0.0,0.0,192
FM,1973,heat,historical,0.0,0.0,0.0,192
FM,1974,heat,historical,0.0,0.0,0.0,192
FM,1975,heat,historical,0.0,0.0,0.0,192
FM,1976,heat,historical,0.0,0.0,0.0,192
FM,1977,heat,historical,0.0,0.0,0.0,192
FM,1978,heat,historical,0.0,0.0,0.0,192
FM,1979,heat,historical,0.0,0.0,0.0,192
FM,1980,heat,historical,0.0,0.0,0.0,192
FM,1981,heat,historical,0.0,0.0,0.0,192
FM,1982,heat,historical,0.0,0.0,0.0,192
FM,1983,heat,historical,0.0,0.0,0.0,192
FM,1984,heat,historical,0.0,0.0,0.0,192
FM,1985,heat,historical,0.0,0.0,0.0,192
FM,1986,heat,historical,0.0,0.0,0.0,192
FM,1987,heat,historical,0.0,0.0,0.0,192
FM,1988,heat,historical,0.0,0.0,0.0,192
FM,1989,heat,historical,0.0,0.0,0.0,192
FM,1990,heat,historical,0.0,0.0,0.0,192
FM,1991,heat,historical,0.0,0.0,0.0,192
FM,1992,heat,historical,0.0,0.0,0.0,192
FM,1993,heat,historical,0.0,0.0,0.0,192
FM,1994,heat,historical,0.0,0.0,0.0,192
FM,1995,heat,historical,0.0,0.0,0.0,192
FM,1996,heat,historical,0.0,0.0,0.0,192
FM,1997,heat,historical,0.0,0.0,0.0,192
FM,1998,heat,historical,0.0,0.0,0.0,192
FM,1999,heat,historical,0.0,0.0,0.0,192
FM,2000,heat,historical,0.0,0.0,0.0,192
FM,2001,heat,historical,0.0,0.0,0.0,192
FM,2002,heat,historical,0.0,0.0,0.0,192
FM,2003,heat,historical,0.0,0.0,0.0,192
FM,2004,heat,historical,0.0,0.0,0.0,192
FM,2005,heat,historical,0.0,0.0,0.0,192
FM,2006,heat,historical,0.0,0.0,0.0,192
FM,2007,heat,historical,0.0,0.0,0.0,192
FM,2008,heat,historical,0.0,0.0,0.0,192
FM,2009,heat,historical,0.0,0.0,0.0,192
FM,2010,heat,historical,0.0,0.0,0.0,192
FM,2011,heat,historical,0.0,0.0,0.0,192
FM,2012,heat,historical,0.0,0.0,0.0,192
FM,2013,heat,historical,0.0,0.0,0.0,192
FM,2014,heat,historical,0.0,0.0,0.0,192
FR,1850,heat,historical,0.0,0.0,0.0,48
FR,1851,heat,historical,0.0,0.0,0.0,48
FR,1852,heat,historical,0.0,0.0,0.0,48
FR,1853,heat,historical,0.0,0.0,0.0,48
FR,1854,heat,historical,0.0,0.0,0.0,48
FR,1855,heat,historical,0.0,0.0,0.0,48
FR,1856,heat,historical,0.0,0.0,0.0,48
FR,1857,heat,historical,0.0,0.0,0.0,48
FR,1858,heat,historical,0.0,0.0,0.0,48
FR,1859,heat,historical,0.0,0.0,0.0,48
FR,1860,heat,historical,0.0,0.0,0.0,48
FR,1861,heat,historical,0.0,0.0,0.0,48
FR,1862,heat,historical,0.0,0.0,0.0,48
FR,1863,heat,historical,0.0,0.0,0.0,48
FR,1864,heat,historical,0.0,0.0,0.0,48
FR,1865,heat,historical,0.0,0.0,0.0,48
FR,1866,heat,historical,0.0,0.0,0.0,48
FR,1867,heat,historical,0.0,0.0,0.0,48
FR,1868,heat,historical,0.0,0.0,0.0,48
FR,1869,heat,historical,0.0,0.0,0.0,48
FR,1870,heat,historical,0.0,0.0,0.0,48
FR,1871,heat,historical,0.0,0.0,0.0,48
FR,1872,heat,historical,0.0,0.0,0.0,48
FR,1873,heat,historical,0.0,0.0,0.0,48
FR,1874,heat,historical,0.0,0.0,0.0,48
FR,1875,heat,historical,0.0,0.0,0.0,48
FR,1876,heat,historical,0.0,0.0,0.0,48
FR,1877,heat,historical,0.0,0.0,0.0,48
FR,1878,heat,historical,0.0,0.0,0.0,48
FR,1879,heat,historical,0.0,0.0,0.0,48
FR,1880,heat,historical,0.0,0.0,0.0,48
FR,1881,heat,historical,0.0,0.0,0.0,48
FR,1882,heat,historical,0.0,0.0,0.0,48
FR,1883,heat,historical,0.0,0.0,0.0,48
FR,1884,heat,historical,0.0,0.0,0.0,48
FR,1885,heat,historical,0.0,0.0,0.0,48
FR,1886,heat,historical,0.0,0.0,0.0,48
FR,1887,heat,historical,0.0,0.0,0.0,48
FR,1888,heat,historical,0.0,0.0,0.0,48
FR,1889,heat,historical,0.0,0.0,0.0,48
FR,1890,heat,historical,0.0,0.0,0.0,48
FR,1891,heat,historical,0.0,0.0,0.0,48
FR,1892,heat,historical,0.0,0.0,0.0,48
FR,1893,heat,historical,0.0,0.0,0.0,48
FR,1894,heat,historical,0.0,0.0,0.0,48
FR,1895,heat,historical,0.0,0.0,0.0,48
FR,1896,heat,historical,0.0,0.0,0.0,48
FR,1897,heat,historical,0.0,0.0,0.0,48
FR,1898,heat,historical,0.0,0.0,0.0,48
FR,1899,heat,historical,0.0,0.0,0.0,48
FR,1900,heat,historical,0.0,0.0,0.0,48
FR,1901,heat,historical,0.0,0.0,0.0,48
FR,1902,heat,historical,0.0,0.0,0.0,48
FR,1903,heat,historical,0.0,0.0,0.0,48
FR,1904,heat,historical,0.0,0.0,0.0,48
FR,1905,heat,historical,0.0,0.0,0.0,48
FR,1906,heat,historical,0.0,0.0,0.0,48
FR,1907,heat,historical,0.0,0.0,0.0,48
FR,1908,heat,historical,0.0,0.0,0.0,48
FR,1909,heat,historical,0.0,0.0,0.0,48
FR,1910,heat,historical,0.0,0.0,0.0,48
FR,1911,heat,historical,0.0,0.0,0.0,48
FR,1912,heat,historical,0.0,0.0,0.0,48
FR,1913,heat,historical,0.0,0.0,0.0,48
FR,1914,heat,historical,0.0,0.0,0.0,48
FR,1915,heat,historical,0.0,0.0,0.0,48
FR,1916,heat,historical,0.0,0.0,0.0,48
FR,1917,heat,historical,0.0,0.0,0.0,48
FR,1918,heat,historical,0.0,0.0,0.0,48
FR,1919,heat,historical,0.0,0.0,0.0,48
FR,1920,heat,historical,0.0,0.0,0.0,48
FR,1921,heat,historical,0.0,0.0,0.0,48
FR,1922,heat,historical,0.0,0.0,0.0,48
FR,1923,heat,historical,0.0,0.0,0.0,48
FR,1924,heat,historical,0.0,0.0,0.0,48
FR,1925,heat,historical,0.0,0.0,0.0,48
FR,1926,heat,historical,0.0,0.0,0.0,48
FR,1927,heat,historical,0.0,0.0,0.0,48
FR,1928,heat,historical,0.0,0.0,0.0,48
FR,1929,heat,historical,0.0,0.0,0.0,48
FR,1930,heat,historical,0.0,0.0,0.0,48
FR,1931,heat,historical,0.0,0.0,0.0,48
FR,1932,heat,historical,0.0,0.0,0.0,48
FR,1933,heat,historical,0.0,0.0,0.0,48
FR,1934,heat,historical,0.0,0.0,0.0,48
FR,1935,heat,historical,0.0,0.0,0.0,48
FR,1936,heat,historical,0.0,0.0,0.0,48
FR,1937,heat,historical,0.0,0.0,0.0,48
FR,1938,heat,historical,0.0,0.0,0.0,48
FR,1939,heat,historical,0.0,0.0,0.0,48
FR,1940,heat,historical,0.0,0.0,0.0,48
FR,1941,heat,historical,0.0,0.0,0.0,48
FR,1942,heat,historical,0.0,0.0,0.0,48
FR,1943,heat,historical,0.0,0.0,0.0,48
FR,1944,heat,historical,0.0,0.0,0.0,48
FR,1945,heat,historical,0.0,0.0,0.0,48
FR,1946,heat,historical,0.0,0.0,0.0,48
FR,1947,heat,historical,0.0,0.0,0.0,48
FR,1948,heat,historical,0.0,0.0,0.0,48
FR,1949,heat,historical,0.0,0.0,0.0,48
FR,1950,heat,historical,0.0,0.0,0.0,48
FR,1951,heat,historical,0.0,0.0,0.0,48
FR,1952,heat,historical,0.0,0.0,0.0,48
FR,1953,heat,historical,0.0,0.0,0.0,48
FR,1954,heat,historical,0.0,0.0,0.0,48
FR,1955,heat,historical,0.0,0.0,0.0,48
FR,1956,heat,historical,0.0,0.0,0.0,48
FR,1957,heat,historical,0.0,0.0,0.0,48
FR,1958,heat,historical,0.0,0.0,0.0,48
FR,1959,heat,historical,0.0,0.0,0.0,48
FR,1960,heat,historical,0.0,0.0,0.0,48
FR,1961,heat,historical,0.0,0.0,0.0,48
FR,1962,heat,historical,0.0,0.0,0.0,48
FR,1963,heat,historical,0.0,0.0,0.0,48
FR,1964,heat,historical,0.0,0.0,0.0,48
FR,1965,heat,historical,0.0,0.0,0.0,48
FR,1966,heat,historical,0.0,0.0,0.0,48
FR,1967,heat,historical,0.0,0.0,0.0,48
FR,1968,heat,historical,0.0,0.0,0.0,48
FR,1969,heat,historical,0.0,0.0,0.0,48
FR,1970,heat,historical,0.0,0.0,0.0,48
FR,1971,heat,historical,0.0,0.0,0.0,48
FR,1972,heat,historical,0.0,0.0,0.0,48
FR,1973,heat,historical,0.0,0.0,0.0,48
FR,1974,heat,historical,0.0,0.0,0.0,48
FR,1975,heat,historical,0.0,0.0,0.0,48
FR,1976,heat,historical,0.0,0.0,0.0,48
FR,1977,heat,historical,0.0,0.0,0.0,48
FR,1978,heat,historical,0.0,0.0,0.0,48
FR,1979,heat,historical,0.0,0.0,0.0,48
FR,1980,heat,historical,0.0,0.0,0.0,48
FR,1981,heat,historical,0.0,0.0,0.0,48
FR,1982,heat,historical,0.0,0.0,0.0,48
FR,1983,heat,historical,0.0,0.0,0.0,48
FR,1984,heat,historical,0.0,0.0,0.0,48
FR,1985,heat,historical,0.0,0.0,0.0,48
FR,1986,heat,historical,0.0,0.0,0.0,48
FR,1987,heat,historical,0.0,0.0,0.0,48
FR,1988,heat,historical,0.0,0.0,0.0,48
FR,1989,heat,historical,0.0,0.0,0.0,48
FR,1990,heat,historical,0.0,0.0,0.0,48
FR,1991,heat,historical,0.0,0.0,0.0,48
FR,1992,heat,historical,0.0,0.0,0.0,48
FR,1993,heat,historical,0.0,0.0,0.0,48
FR,1994,heat,historical,0.0,0.0,0.0,48
FR,1995,heat,historical,0.0,0.0,0.0,48
FR,1996,heat,historical,0.0,0.0,0.0,48
FR,1997,heat,historical,0.0,0.0,0.0,48
FR,1998,heat,historical,0.0,0.0,0.0,48
FR,1999,heat,historical,0.0,0.0,0.0,48
FR,2000,heat,historical,0.0,0.0,0.0,48
FR,2001,heat,historical,0.0,0.0,0.0,48
FR,2002,heat,historical,0.0,0.0,0.0,48
FR,2003,heat,historical,0.0,0.0,0.0,48
FR,2004,heat,historical,0.0,0.0,0.0,48
FR,2005,heat,historical,0.0,0.0,0.0,48
FR,2006,heat,historical,0.0,0.0,0.0,48
FR,2007,heat,historical,0.0,0.0,0.0,48
FR,2008,heat,historical,0.0,0.0,0.0,48
FR,2009,heat,historical,0.0,0.0,0.0,48
FR,2010,heat,historical,0.0,0.0,0.0,48
FR,2011,heat,historical,0.0,0.0,0.0,48
FR,2012,heat,historical,0.0,0.0,0.0,48
FR,2013,heat,historical,0.0,0.0,0.0,48
FR,2014,heat,historical,0.0,0.0,0.0,48
GA,1850,heat,historical,0.0,0.0,0.0,24
GA,1851,heat,historical,0.0,0.0,0.0,24
GA,1852,heat,historical,0.0,0.0,0.0,24
GA,1853,heat,historical,8.596764166666667e-05,0.0020632234,0.0,24
GA,1854,heat,historical,0.0,0.0,0.0,24
GA,1855,heat,historical,0.0,0.0,0.0,24
GA,1856,heat,historical,0.0,0.0,0.0,24
GA,1857,heat,historical,6.65673875e-05,0.0015976173,0.0,24
GA,1858,heat,historical,0.0,0.0,0.0,24
GA,1859,heat,historical,0.0,0.0,0.0,24
GA,1860,heat,historical,0.0,0.0,0.0,24
GA,1861,heat,historical,0.0,0.0,0.0,24
GA,1862,heat,historical,0.0,0.0,0.0,24
GA,1863,heat,historical,0.0005294204166666666,0.01270609,0.0,24
GA,1864,heat,historical,0.0,0.0,0.0,24
GA,1865,heat,historical,0.0,0.0,0.0,24
GA,1866,heat,historical,0.0,0.0,0.0,24
GA,1867,heat,historical,0.0005536169441666667,0.013129884,0.0,24
GA,1868,heat,historical,0.0021389531250000002,0.030990677,0.0,24
GA,1869,heat,historical,0.0,0.0,0.0,24
GA,1870,heat,historical,0.0,0.0,0.0,24
GA,1871,heat,historical,0.0,0.0,0.0,24
GA,1872,heat,historical,0.003179318625,0.03877074,0.0,24
GA,1873,heat,historical,0.00015619139166666665,0.0037485934,0.0,24
GA,1874,heat,historical,0.0,0.0,0.0,24
GA,1875,heat,historical,0.0,0.0,0.0,24
GA,1876,heat,historical,0.0019587156749999997,0.031234836,0.0,24
GA,1877,heat,historical,0.0,0.0,0.0,24
GA,1878,heat,historical,0.0,0.0,0.0,24
GA,1879,heat,historical,0.0,0.0,0.0,24
GA,1880,heat,historical,0.00022194146666666668,0.0044531967,0.0,24
GA,1881,heat,historical,0.0002666351875,0.0063992445,0.0,24
GA,1882,heat,historical,0.0,0.0,0.0,24
GA,1883,heat,historical,0.0,0.0,0.0,24
GA,1884,heat,historical,0.0,0.0,0.0,24
GA,1885,heat,historical,0.0,0.0,0.0,24
GA,1886,heat,historical,0.0023500113833333333,0.040982105,0.0,24
GA,1887,heat,historical,0.0,0.0,0.0,24
GA,1888,heat,historical,0.0,0.0,0.0,24
GA,1889,heat,historical,0.0,0.0,0.0,24
GA,1890,heat,historical,4.237084166666666e-05,0.0010169002,0.0,24
GA,1891,heat,historical,0.00022875952083333334,0.0054902285,0.0,24
GA,1892,heat,historical,0.00014171647916666667,0.0030568948,0.0,24
GA,1893,heat,historical,0.0,0.0,0.0,24
GA,1894,heat,historical,0.0,0.0,0.0,24
GA,1895,heat,historical,0.00038587574999999997,0.009261018,0.0,24
GA,1896,heat,historical,0.0,0.0,0.0,24
GA,1897,heat,historical,0.0,0.0,0.0,24
GA,1898,heat,historical,0.0,0.0,0.0,24
GA,1899,heat,historical,9.814119166666668e-05,0.0023553886,0.0,24
GA,1900,heat,historical,0.00026166681666666666,0.0062800036,0.0,24
GA,1901,heat,historical,0.000146921425,0.0035261142,0.0,24
GA,1902,heat,historical,5.310335416666667e-05,0.0012744805,0.0,24
GA,1903,heat,historical,0.0,0.0,0.0,24
GA,1904,heat,historical,0.0,0.0,0.0,24
GA,1905,heat,historical,0.0,0.0,0.0,24
GA,1906,heat,historical,0.0,0.0,0.0,24
GA,1907,heat,historical,0.0,0.0,0.0,24
GA,1908,heat,historical,0.0,0.0,0.0,24
GA,1909,heat,historical,0.000601601375,0.014438433,0.0,24
GA,1910,heat,historical,8.646232083333334e-06,0.00020750957,0.0,24
GA,1911,heat,historical,0.0,0.0,0.0,24
GA,1912,heat,historical,0.00017208583333333332,0.00413006,0.0,24
GA,1913,heat,historical,0.0,0.0,0.0,24
GA,1914,heat,historical,0.00033589108333333334,0.008061386,0.0,24
GA,1915,heat,historical,0.0,0.0,0.0,24
GA,1916,heat,historical,0.0,0.0,0.0,24
GA,1917,heat,historical,0.0,0.0,0.0,24
GA,1918,heat,historical,0.0,0.0,0.0,24
GA,1919,heat,historical,0.0005729741916666668,0.009670875,0.0,24
GA,1920,heat,historical,0.0,0.0,0.0,24
GA,1921,heat,historical,4.4435612499999996e-05,0.0010664547,0.0,24
GA,1922,heat,historical,0.0,0.0,0.0,24
GA,1923,heat,historical,0.0009498595958333335,0.01841983,0.0,24
GA,1924,heat,historical,0.0,0.0,0.0,24
GA,1925,heat,historical,0.0,0.0,0.0,24
GA,1926,heat,historical,0.0,0.0,0.0,24
GA,1927,heat,historical,0.0009746799458333334,0.020249736,0.0,24
GA,1928,heat,historical,7.850434583333333e-05,0.0018841043,0.0,24
GA,1929,heat,historical,0.0,0.0,0.0,24
GA,1930,heat,historical,1.2732759583333333e-05,0.00030558623,0.0,24
GA,1931,heat,historical,0.0009634526666666667,0.014822997,0.0,24
GA,1932,heat,historical,0.0014130783041666668,0.027993146,0.0,24
GA,1933,heat,historical,0.0,0.0,0.0,24
GA,1934,heat,historical,0.0,0.0,0.0,24
GA,1935,heat,historical,0.00022641515000000002,0.0054339636,0.0,24
GA,1936,heat,historical,0.0006096239333333334,0.012912568,0.0,24
GA,1937,heat,historical,0.0,0.0,0.0,24
GA,1938,heat,historical,0.0004042005966666666,0.0070806188,0.0,24
GA,1939,heat,historical,0.000286680675,0.006248516,0.0,24
GA,1940,heat,historical,0.0004083301666666667,0.009799924,0.0,24
GA,1941,heat,historical,0.0,0.0,0.0,24
GA,1942,heat,historical,0.0,0.0,0.0,24
GA,1943,heat,historical,0.0,0.0,0.0,24
GA,1944,heat,historical,0.0015671618833333334,0.019507965,0.0,24
GA,1945,heat,historical,0.0004234287791666667,0.005979063,0.0,24
GA,1946,heat,historical,0.0002518376583333333,0.0060441038,0.0,24
GA,1947,heat,historical,0.0019562423,0.028772596,0.0,24
GA,1948,heat,historical,0.0,0.0,0.0,24
GA,1949,heat,historical,0.0,0.0,0.0,24
GA,1950,heat,historical,0.0,0.0,0.0,24
GA,1951,heat,historical,0.0014577934166666664,0.01705708,0.0,24
GA,1952,heat,historical,0.0021711505416666665,0.040721945,0.0,24
GA,1953,heat,historical,0.0,0.0,0.0,24
GA,1954,heat,historical,8.835502916666667e-05,0.0021205207,0.0,24
GA,1955,heat,historical,0.0012589947083333332,0.01835634,0.0,24
GA,1956,heat,historical,0.0,0.0,0.0,24
GA,1957,heat,historical,0.002245052291666667,0.02835706,0.0,24
GA,1958,heat,historical,0.0002204359133333333,0.0048217587,0.0,24
GA,1959,heat,historical,0.0,0.0,0.0,24
GA,1960,heat,historical,0.0004140082875000001,0.0074367924,0.0,24
GA,1961,heat,historical,0.00097840077625,0.017110249,0.0,24
GA,1962,heat,historical,0.00035245225,0.008458854,0.0,24
GA,1963,heat,historical,0.0,0.0,0.0,24
GA,1964,heat,historical,0.0,0.0,0.0,24
GA,1965,heat,historical,0.0008953151879166668,0.012893984,0.0,24
GA,1966,heat,historical,1.763659375e-05,0.00042327825,0.0,24
GA,1967,heat,historical,0.0,0.0,0.0,24
GA,1968,heat,historical,0.0013070221,0.023291659,0.0,24
GA,1969,heat,historical,0.00031141492083333334,0.00559037,0.0,24
GA,1970,heat,historical,2.3422255833333336e-05,0.00056213414,0.0,24
GA,1971,heat,historical,0.0,0.0,0.0,24
GA,1972,heat,historical,0.0,0.0,0.0,24
GA,1973,heat,historical,0.0020381234375000004,0.039756667,0.0,24
GA,1974,heat,historical,0.000398952625,0.009574863,0.0,24
GA,1975,heat,historical,0.0,0.0,0.0,24
GA,1976,heat,historical,0.0,0.0,0.0,24
GA,1977,heat,historical,0.0021873462541666666,0.038739767,0.0,24
GA,1978,heat,historical,3.654216083333333e-05,0.00087701186,0.0,24
GA,1979,heat,historical,0.0,0.0,0.0,24
GA,1980,heat,historical,0.00024065347500000001,0.004065536,0.0,24
GA,1981,heat,historical,0.0022003801333333336,0.030589595,0.0,24
GA,1982,heat,historical,0.0,0.0,0.0,24
GA,1983,heat,historical,0.0,0.0,0.0,24
GA,1984,heat,historical,4.161805775e-05,0.0009172749,0.0,24
GA,1985,heat,historical,0.002123531845833333,0.031966798,0.0,24
GA,1986,heat,historical,0.0,0.0,0.0,24
GA,1987,heat,historical,1.4302847083333334e-05,0.00034326833,0.0,24
GA,1988,heat,historical,0.0019225177666666665,0.03146093,0.0,24
GA,1989,heat,historical,0.0022925635833333335,0.043806717,0.0,24
GA,1990,heat,historical,8.007443749999999e-05,0.0019217865,0.0,24
GA,1991,heat,historical,0.0,0.0,0.0,24
GA,1992,heat,historical,0.0,0.0,0.0,24
GA,1993,heat,historical,0.0023384186249999998,0.048024528,0.0,24
GA,1994,heat,historical,0.0036524741250000005,0.03828294,0.0,24
GA,1995,heat,historical,7.775156666666667e-05,0.0018660376,0.0,24
GA,1996,heat,historical,0.0,0.0,0.0,24
GA,1997,heat,historical,0.005740883041666666,0.060256235,0.0,24
GA,1998,heat,historical,0.0024299998958333333,0.045096166,0.0,24
GA,1999,heat,historical,0.0,0.0,0.0,24
GA,2000,heat,historical,0.00018585097083333334,0.0044604233,0.0,24
GA,2001,heat,historical,0.0034210257708333336,0.05744763,0.0,24
GA,2002,heat,historical,0.006114542583333334,0.04643053,0.0,24
GA,2003,heat,historical,0.001968329875,0.022369223,0.0,24
GA,2004,heat,historical,0.00016490215,0.0039576516,0.0,24
GA,2005,heat,historical,4.561855e-05,0.0010948452,0.0,24
GA,2006,heat,historical,0.006479297500000001,0.06863044,0.0,24
GA,2007,heat,historical,0.0015133702583333332,0.027640069,0.0,24
GA,2008,heat,historical,0.002730467225,0.037872046,0.0,24
GA,2009,heat,historical,0.003072316041666667,0.036471613,0.0,24
GA,2010,heat,historical,0.007138367958333333,0.07721782,0.0,24
GA,2011,heat,historical,0.005158853970833333,0.04553338,0.0,24
GA,2012,heat,historical,0.00029186410583333333,0.0069562164,0.0,24
GA,2013,heat,historical,0.00012835999166666665,0.0030806398,0.0,24
GA,2014,heat,historical,0.007324520458333333,0.07502194,0.0,24
GB,1850,heat,historical,0.0,0.0,0.0,12
GB,1851,heat,historical,0.0,0.0,0.0,12
GB,1852,heat,historical,0.0,0.0,0.0,12
GB,1853,heat,historical,0.0,0.0,0.0,12
GB,1854,heat,historical,0.0,0.0,0.0,12
GB,1855,heat,historical,0.0,0.0,0.0,12
GB,1856,heat,historical,0.0,0.0,0.0,12
GB,1857,heat,historical,0.0,0.0,0.0,12
GB,1858,heat,historical,0.0,0.0,0.0,12
GB,1859,heat,historical,0.0,0.0,0.0,12
GB,1860,heat,historical,0.0,0.0,0.0,12
GB,1861,heat,historical,0.0,0.0,0.0,12
GB,1862,heat,historical,0.0,0.0,0.0,12
GB,1863,heat,historical,0.0,0.0,0.0,12
GB,1864,heat,historical,0.0,0.0,0.0,12
GB,1865,heat,historical,0.0,0.0,0.0,12
GB,1866,heat,historical,0.0,0.0,0.0,12
GB,1867,heat,historical,0.0,0.0,0.0,12
GB,1868,heat,historical,0.0,0.0,0.0,12
GB,1869,heat,historical,0.0,0.0,0.0,12
GB,1870,heat,historical,0.0,0.0,0.0,12
GB,1871,heat,historical,0.0,0.0,0.0,12
GB,1872,heat,historical,0.0,0.0,0.0,12
GB,1873,heat,historical,0.0,0.0,0.0,12
GB,1874,heat,historical,0.0,0.0,0.0,12
GB,1875,heat,historical,0.0,0.0,0.0,12
GB,1876,heat,historical,0.0,0.0,0.0,12
GB,1877,heat,historical,0.0,0.0,0.0,12
GB,1878,heat,historical,0.0,0.0,0.0,12
GB,1879,heat,historical,0.0,0.0,0.0,12
GB,1880,heat,historical,0.0,0.0,0.0,12
GB,1881,heat,historical,0.0,0.0,0.0,12
GB,1882,heat,historical,0.0,0.0,0.0,12
GB,1883,heat,historical,0.0,0.0,0.0,12
GB,1884,heat,historical,0.0,0.0,0.0,12
GB,1885,heat,historical,0.0,0.0,0.0,12
GB,1886,heat,historical,0.0,0.0,0.0,12
GB,1887,heat,historical,0.0,0.0,0.0,12
GB,1888,heat,historical,0.0,0.0,0.0,12
GB,1889,heat,historical,0.0,0.0,0.0,12
GB,1890,heat,historical,0.0,0.0,0.0,12
GB,1891,heat,historical,0.0,0.0,0.0,12
GB,1892,heat,historical,0.0,0.0,0.0,12
GB,1893,heat,historical,0.0,0.0,0.0,12
GB,1894,heat,historical,0.0,0.0,0.0,12
GB,1895,heat,historical,0.0,0.0,0.0,12
GB,1896,heat,historical,0.0,0.0,0.0,12
GB,1897,heat,historical,0.0,0.0,0.0,12
GB,1898,heat,historical,0.0,0.0,0.0,12
GB,1899,heat,historical,0.0,0.0,0.0,12
GB,1900,heat,historical,0.0,0.0,0.0,12
GB,1901,heat,historical,0.0,0.0,0.0,12
GB,1902,heat,historical,0.0,0.0,0.0,12
GB,1903,heat,historical,0.0,0.0,0.0,12
GB,1904,heat,historical,0.0,0.0,0.0,12
GB,1905,heat,historical,0.0,0.0,0.0,12
GB,1906,heat,historical,0.0,0.0,0.0,12
GB,1907,heat,historical,0.0,0.0,0.0,12
GB,1908,heat,historical,0.0,0.0,0.0,12
GB,1909,heat,historical,0.0,0.0,0.0,12
GB,1910,heat,historical,0.0,0.0,0.0,12
GB,1911,heat,historical,0.0,0.0,0.0,12
GB,1912,heat,historical,0.0,0.0,0.0,12
GB,1913,heat,historical,0.0,0.0,0.0,12
GB,1914,heat,historical,0.0,0.0,0.0,12
GB,1915,heat,historical,0.0,0.0,0.0,12
GB,1916,heat,historical,0.0,0.0,0.0,12
GB,1917,heat,historical,0.0,0.0,0.0,12
GB,1918,heat,historical,0.0,0.0,0.0,12
GB,1919,heat,historical,0.0,0.0,0.0,12
GB,1920,heat,historical,0.0,0.0,0.0,12
GB,1921,heat,historical,0.0,0.0,0.0,12
GB,1922,heat,historical,0.0,0.0,0.0,12
GB,1923,heat,historical,0.0,0.0,0.0,12
GB,1924,heat,historical,0.0,0.0,0.0,12
GB,1925,heat,historical,0.0,0.0,0.0,12
GB,1926,heat,historical,0.0,0.0,0.0,12
GB,1927,heat,historical,0.0,0.0,0.0,12
GB,1928,heat,historical,0.0,0.0,0.0,12
GB,1929,heat,historical,0.0,0.0,0.0,12
GB,1930,heat,historical,0.0,0.0,0.0,12
GB,1931,heat,historical,0.0,0.0,0.0,12
GB,1932,heat,historical,0.0,0.0,0.0,12
GB,1933,heat,historical,0.0,0.0,0.0,12
GB,1934,heat,historical,0.0,0.0,0.0,12
GB,1935,heat,historical,0.0,0.0,0.0,12
GB,1936,heat,historical,0.0,0.0,0.0,12
GB,1937,heat,historical,0.0,0.0,0.0,12
GB,1938,heat,historical,0.0,0.0,0.0,12
GB,1939,heat,historical,0.0,0.0,0.0,12
GB,1940,heat,historical,0.0,0.0,0.0,12
GB,1941,heat,historical,0.0,0.0,0.0,12
GB,1942,heat,historical,0.0,0.0,0.0,12
GB,1943,heat,historical,0.0,0.0,0.0,12
GB,1944,heat,historical,0.0,0.0,0.0,12
GB,1945,heat,historical,0.0,0.0,0.0,12
GB,1946,heat,historical,0.0,0.0,0.0,12
GB,1947,heat,historical,0.0,0.0,0.0,12
GB,1948,heat,historical,0.0,0.0,0.0,12
GB,1949,heat,historical,0.0,0.0,0.0,12
GB,1950,heat,historical,0.0,0.0,0.0,12
GB,1951,heat,historical,0.0,0.0,0.0,12
GB,1952,heat,historical,0.0,0.0,0.0,12
GB,1953,heat,historical,0.0,0.0,0.0,12
GB,1954,heat,historical,0.0,0.0,0.0,12
GB,1955,heat,historical,0.0,0.0,0.0,12
GB,1956,heat,historical,0.0,0.0,0.0,12
GB,1957,heat,historical,0.0,0.0,0.0,12
GB,1958,heat,historical,0.0,0.0,0.0,12
GB,1959,heat,historical,0.0,0.0,0.0,12
GB,1960,heat,historical,0.0,0.0,0.0,12
GB,1961,heat,historical,0.0,0.0,0.0,12
GB,1962,heat,historical,0.0,0.0,0.0,12
GB,1963,heat,historical,0.0,0.0,0.0,12
GB,1964,heat,historical,0.0,0.0,0.0,12
GB,1965,heat,historical,0.0,0.0,0.0,12
GB,1966,heat,historical,0.0,0.0,0.0,12
GB,1967,heat,historical,0.0,0.0,0.0,12
GB,1968,heat,historical,0.0,0.0,0.0,12
GB,1969,heat,historical,0.0,0.0,0.0,12
GB,1970,heat,historical,0.0,0.0,0.0,12
GB,1971,heat,historical,0.0,0.0,0.0,12
GB,1972,heat,historical,0.0,0.0,0.0,12
GB,1973,heat,historical,0.0,0.0,0.0,12
GB,1974,heat,historical,0.0,0.0,0.0,12
GB,1975,heat,historical,0.0,0.0,0.0,12
GB,1976,heat,historical,0.0,0.0,0.0,12
GB,1977,heat,historical,0.0,0.0,0.0,12
GB,1978,heat,historical,0.0,0.0,0.0,12
GB,1979,heat,historical,0.0,0.0,0.0,12
GB,1980,heat,historical,0.0,0.0,0.0,12
GB,1981,heat,historical,0.0,0.0,0.0,12
GB,1982,heat,historical,0.0,0.0,0.0,12
GB,1983,heat,historical,0.0,0.0,0.0,12
GB,1984,heat,historical,0.0,0.0,0.0,12
GB,1985,heat,historical,0.0,0.0,0.0,12
GB,1986,heat,historical,0.0,0.0,0.0,12
GB,1987,heat,historical,0.0,0.0,0.0,12
GB,1988,heat,historical,0.0,0.0,0.0,12
GB,1989,heat,historical,0.0,0.0,0.0,12
GB,1990,heat,historical,0.0,0.0,0.0,12
GB,1991,heat,historical,0.0,0.0,0.0,12
GB,1992,heat,historical,0.0,0.0,0.0,12
GB,1993,heat,historical,0.0,0.0,0.0,12
GB,1994,heat,historical,0.0,0.0,0.0,12
GB,1995,heat,historical,0.0,0.0,0.0,12
GB,1996,heat,historical,0.0,0.0,0.0,12
GB,1997,heat,historical,0.0,0.0,0.0,12
GB,1998,heat,historical,0.0,0.0,0.0,12
GB,1999,heat,historical,0.0,0.0,0.0,12
GB,2000,heat,historical,0.0,0.0,0.0,12
GB,2001,heat,historical,0.0,0.0,0.0,12
GB,2002,heat,historical,0.0,0.0,0.0,12
GB,2003,heat,historical,0.0,0.0,0.0,12
GB,2004,heat,historical,0.0,0.0,0.0,12
GB,2005,heat,historical,0.0,0.0,0.0,12
GB,2006,heat,historical,0.0,0.0,0.0,12
GB,2007,heat,historical,0.0,0.0,0.0,12
GB,2008,heat,historical,0.0,0.0,0.0,12
GB,2009,heat,historical,0.0,0.0,0.0,12
GB,2010,heat,historical,0.0,0.0,0.0,12
GB,2011,heat,historical,0.0,0.0,0.0,12
GB,2012,heat,historical,0.0,0.0,0.0,12
GB,2013,heat,historical,0.0,0.0,0.0,12
GB,2014,heat,historical,0.0,0.0,0.0,12
GQ,1850,heat,historical,0.0,0.0,0.0,36
GQ,1851,heat,historical,0.0,0.0,0.0,36
GQ,1852,heat,historical,0.0,0.0,0.0,36
GQ,1853,heat,historical,9.377505555555556e-06,0.0003375902,0.0,36
GQ,1854,heat,historical,0.0,0.0,0.0,36
GQ,1855,heat,historical,0.0,0.0,0.0,36
GQ,1856,heat,historical,0.0,0.0,0.0,36
GQ,1857,heat,historical,0.0,0.0,0.0,36
GQ,1858,heat,historical,0.0,0.0,0.0,36
GQ,1859,heat,historical,0.0,0.0,0.0,36
GQ,1860,heat,historical,0.0,0.0,0.0,36
GQ,1861,heat,historical,0.0,0.0,0.0,36
GQ,1862,heat,historical,0.0,0.0,0.0,36
GQ,1863,heat,historical,0.00032890097222222224,0.011840435,0.0,36
GQ,1864,heat,historical,0.0,0.0,0.0,36
GQ,1865,heat,historical,0.0,0.0,0.0,36
GQ,1866,heat,historical,0.0,0.0,0.0,36
GQ,1867,heat,historical,9.331621666666666e-05,0.0023791334,0.0,36
GQ,1868,heat,historical,0.0005989702527777778,0.014463727,0.0,36
GQ,1869,heat,historical,0.0,0.0,0.0,36
GQ,1870,heat,historical,0.0,0.0,0.0,36
GQ,1871,heat,historical,0.0,0.0,0.0,36
GQ,1872,heat,historical,0.0019325261444444444,0.033960853,0.0,36
GQ,1873,heat,historical,0.0,0.0,0.0,36
GQ,1874,heat,historical,0.0,0.0,0.0,36
GQ,1875,heat,historical,0.0,0.0,0.0,36
GQ,1876,heat,historical,0.0003834883655555556,0.0054122834,0.0,36
GQ,1877,heat,historical,0.0,0.0,0.0,36
GQ,1878,heat,historical,0.0,0.0,0.0,36
GQ,1879,heat,historical,0.0,0.0,0.0,36
GQ,1880,heat,historical,1.3464033333333334e-05,0.0004847052,0.0,36
GQ,1881,heat,historical,0.0,0.0,0.0,36
GQ,1882,heat,historical,0.0,0.0,0.0,36
GQ,1883,heat,historical,0.0,0.0,0.0,36
GQ,1884,heat,historical,0.0,0.0,0.0,36
GQ,1885,heat,historical,0.0,0.0,0.0,36
GQ,1886,heat,historical,0.0013175825152777778,0.038176082,0.0,36
GQ,1887,heat,historical,0.0,0.0,0.0,36
GQ,1888,heat,historical,0.0,0.0,0.0,36
GQ,1889,heat,historical,0.0,0.0,0.0,36
GQ,1890,heat,historical,0.0,0.0,0.0,36
GQ,1891,heat,historical,0.00020382452777777777,0.004584826,0.0,36
GQ,1892,heat,historical,1.667590138888889e-05,0.00060033245,0.0,36
GQ,1893,heat,historical,0.0,0.0,0.0,36
GQ,1894,heat,historical,0.0,0.0,0.0,36
GQ,1895,heat,historical,0.000399705425,0.007397045,0.0,36
GQ,1896,heat,historical,0.0,0.0,0.0,36
GQ,1897,heat,historical,0.0,0.0,0.0,36
GQ,1898,heat,historical,0.0,0.0,0.0,36
GQ,1899,heat,historical,0.0,0.0,0.0,36
GQ,1900,heat,historical,0.00010236393611111111,0.0028850026,0.0,36
GQ,1901,heat,historical,0.00011119657222222224,0.0021256828,0.0,36
GQ,1902,heat,historical,0.0,0.0,0.0,36
GQ,1903,heat,historical,0.0,0.0,0.0,36
GQ,1904,heat,historical,0.0,0.0,0.0,36
GQ,1905,heat,historical,0.0,0.0,0.0,36
GQ,1906,heat,historical,0.0,0.0,0.0,36
GQ,1907,heat,historical,0.0,0.0,0.0,36
GQ,1908,heat,historical,0.0,0.0,0.0,36
GQ,1909,heat,historical,6.820916666666667e-05,0.00245553,0.0,36
GQ,1910,heat,historical,1.4037580555555555e-05,0.0005053529,0.0,36
GQ,1911,heat,historical,0.0,0.0,0.0,36
GQ,1912,heat,historical,0.0,0.0,0.0,36
GQ,1913,heat,historical,0.0,0.0,0.0,36
GQ,1914,heat,historical,1.8224479166666666e-05,0.00065608125,0.0,36
GQ,1915,heat,historical,0.0,0.0,0.0,36
GQ,1916,heat,historical,0.0,0.0,0.0,36
GQ,1917,heat,historical,0.0,0.0,0.0,36
GQ,1918,heat,historical,0.0,0.0,0.0,36
GQ,1919,heat,historical,0.00022521786111111112,0.005609985,0.0,36
GQ,1920,heat,historical,0.0,0.0,0.0,36
GQ,1921,heat,historical,0.0,0.0,0.0,36
GQ,1922,heat,historical,0.0,0.0,0.0,36
GQ,1923,heat,historical,0.0008350281911111111,0.0150263775,0.0,36
GQ,1924,heat,historical,0.0,0.0,0.0,36
GQ,1925,heat,historical,0.0,0.0,0.0,36
GQ,1926,heat,historical,0.0,0.0,0.0,36
GQ,1927,heat,historical,0.0005355932344444444,0.01834395,0.0,36
GQ,1928,heat,historical,0.0,0.0,0.0,36
GQ,1929,heat,historical,0.0,0.0,0.0,36
GQ,1930,heat,historical,0.0,0.0,0.0,36
GQ,1931,heat,historical,0.0,0.0,0.0,36
GQ,1932,heat,historical,0.0006591640744444444,0.01773639,0.0,36
GQ,1933,heat,historical,0.0,0.0,0.0,36
GQ,1934,heat,historical,0.0,0.0,0.0,36
GQ,1935,heat,historical,5.485984166666666e-05,0.0019749543,0.0,36
GQ,1936,heat,historical,0.0005249826194444444,0.013776159,0.0,36
GQ,1937,heat,historical,0.0,0.0,0.0,36
GQ,1938,heat,historical,0.00016208459722222223,0.0042136833,0.0,36
GQ,1939,heat,historical,0.0002552861027777778,0.0062175444,0.0,36
GQ,1940,heat,historical,0.0,0.0,0.0,36
GQ,1941,heat,historical,0.0,0.0,0.0,36
GQ,1942,heat,historical,0.0,0.0,0.0,36
GQ,1943,heat,historical,0.0,0.0,0.0,36
GQ,1944,heat,historical,0.001185150315,0.03261978,0.0,36
GQ,1945,heat,historical,0.00020528706944444443,0.004764461,0.0,36
GQ,1946,heat,historical,9.903735277777778e-05,0.0035653447,0.0,36
GQ,1947,heat,historical,0.0012623785611111111,0.026017157,0.0,36
GQ,1948,heat,historical,0.0,0.0,0.0,36
GQ,1949,heat,historical,0.0,0.0,0.0,36
GQ,1950,heat,historical,0.0,0.0,0.0,36
GQ,1951,heat,historical,5.2709038888888894e-05,0.0010287726,0.0,36
GQ,1952,heat,historical,0.0018490461972222223,0.04248526,0.0,36
GQ,1953,heat,historical,0.0,0.0,0.0,36
GQ,1954,heat,historical,0.0,0.0,0.0,36
GQ,1955,heat,historical,0.0010009411944444445,0.014966499,0.0,36
GQ,1956,heat,historical,0.0,0.0,0.0,36
GQ,1957,heat,historical,0.002483017277777778,0.031403117,0.0,36
GQ,1958,heat,historical,0.0,0.0,0.0,36
GQ,1959,heat,historical,0.0,0.0,0.0,36
GQ,1960,heat,historical,0.00010440003055555557,0.002343,0.0,36
GQ,1961,heat,historical,0.0005347472222222223,0.010636672,0.0,36
GQ,1962,heat,historical,0.000354008,0.00657475,0.0,36
GQ,1963,heat,historical,0.0,0.0,0.0,36
GQ,1964,heat,historical,0.0,0.0,0.0,36
GQ,1965,heat,historical,0.0002556445686111111,0.005152122,0.0,36
GQ,1966,heat,historical,0.0,0.0,0.0,36
GQ,1967,heat,historical,0.0,0.0,0.0,36
GQ,1968,heat,historical,0.00010190509583333334,0.0021649133,0.0,36
GQ,1969,heat,historical,8.052610277777778e-05,0.0028989397,0.0,36
GQ,1970,heat,historical,0.0,0.0,0.0,36
GQ,1971,heat,historical,0.0,0.0,0.0,36
GQ,1972,heat,historical,0.0,0.0,0.0,36
GQ,1973,heat,historical,0.0021745346166666666,0.04374271,0.0,36
GQ,1974,heat,historical,0.0,0.0,0.0,36
GQ,1975,heat,historical,0.0,0.0,0.0,36
GQ,1976,heat,historical,0.0,0.0,0.0,36
GQ,1977,heat,historical,0.0011032621075,0.02683997,0.0,36
GQ,1978,heat,historical,0.0,0.0,0.0,36
GQ,1979,heat,historical,0.0,0.0,0.0,36
GQ,1980,heat,historical,0.0,0.0,0.0,36
GQ,1981,heat,historical,0.0009978440222222222,0.020139785,0.0,36
GQ,1982,heat,historical,0.0,0.0,0.0,36
GQ,1983,heat,historical,0.0,0.0,0.0,36
GQ,1984,heat,historical,0.0,0.0,0.0,36
GQ,1985,heat,historical,0.0007138231944444444,0.014120975,0.0,36
GQ,1986,heat,historical,0.0,0.0,0.0,36
GQ,1987,heat,historical,0.0,0.0,0.0,36
GQ,1988,heat,historical,0.00039574795555555553,0.004697356,0.0,36
GQ,1989,heat,historical,0.001308520480111111,0.018157603,0.0,36
GQ,1990,heat,historical,0.0,0.0,0.0,36
GQ,1991,heat,historical,0.0,0.0,0.0,36
GQ,1992,heat,historical,0.0,0.0,0.0,36
GQ,1993,heat,historical,0.001546700586111111,0.02580139,0.0,36
GQ,1994,heat,historical,0.0013775900138888889,0.022602025,0.0,36
GQ,1995,heat,historical,4.3001741944444444e-05,0.0013209378,0.0,36
GQ,1996,heat,historical,0.0,0.0,0.0,36
GQ,1997,heat,historical,0.0021945944583333333,0.04298081,0.0,36
GQ,1998,heat,historical,0.0019922611594722223,0.042192582,0.0,36
GQ,1999,heat,historical,0.0,0.0,0.0,36
GQ,2000,heat,historical,0.0,0.0,0.0,36
GQ,2001,heat,historical,0.002128292355555556,0.040924296,0.0,36
GQ,2002,heat,historical,0.005533072277777777,0.04348564,0.0,36
GQ,2003,heat,historical,0.0010375478833333333,0.013905723,0.0,36
GQ,2004,heat,historical,0.0,0.0,0.0,36
GQ,2005,heat,historical,0.0,0.0,0.0,36
GQ,2006,heat,historical,0.00904618152388889,0.06125404,0.0,36
GQ,2007,heat,historical,0.0011236947194444445,0.028432941,0.0,36
GQ,2008,heat,historical,0.0022167333666666665,0.03942269,0.0,36
GQ,2009,heat,historical,0.0022190705361111113,0.028582122,0.0,36
GQ,2010,heat,historical,0.005538406302777778,0.06259562,0.0,36
GQ,2011,heat,historical,0.003403934125,0.045421883,0.0,36
GQ,2012,heat,historical,0.0,0.0,0.0,36
GQ,2013,heat,historical,0.0,0.0,0.0,36
GQ,2014,heat,historical,0.005599819119166667,0.0482181,0.0,36
GR,1850,heat,historical,0.0,0.0,0.0,36
GR,1851,heat,historical,0.0,0.0,0.0,36
GR,1852,heat,historical,0.0,0.0,0.0,36
GR,1853,heat,historical,0.0,0.0,0.0,36
GR,1854,heat,historical,0.0,0.0,0.0,36
GR,1855,heat,historical,0.0,0.0,0.0,36
GR,1856,heat,historical,0.0,0.0,0.0,36
GR,1857,heat,historical,0.0,0.0,0.0,36
GR,1858,heat,historical,0.0,0.0,0.0,36
GR,1859,heat,historical,0.0,0.0,0.0,36
GR,1860,heat,historical,0.0,0.0,0.0,36
GR,1861,heat,historical,0.0,0.0,0.0,36
GR,1862,heat,historical,0.0,0.0,0.0,36
GR,1863,heat,historical,0.0,0.0,0.0,36
GR,1864,heat,historical,0.0,0.0,0.0,36
GR,1865,heat,historical,0.0,0.0,0.0,36
GR,1866,heat,historical,0.0,0.0,0.0,36
GR,1867,heat,historical,0.0,0.0,0.0,36
GR,1868,heat,historical,0.0,0.0,0.0,36
GR,1869,heat,historical,0.0,0.0,0.0,36
GR,1870,heat,historical,0.0,0.0,0.0,36
GR,1871,heat,historical,0.0,0.0,0.0,36
GR,1872,heat,historical,0.0,0.0,0.0,36
GR,1873,heat,historical,0.0,0.0,0.0,36
GR,1874,heat,historical,0.0,0.0,0.0,36
GR,1875,heat,historical,0.0,0.0,0.0,36
GR,1876,heat,historical,0.0,0.0,0.0,36
GR,1877,heat,historical,0.0,0.0,0.0,36
GR,1878,heat,historical,0.0,0.0,0.0,36
GR,1879,heat,historical,0.0,0.0,0.0,36
GR,1880,heat,historical,0.0,0.0,0.0,36
GR,1881,heat,historical,0.0,0.0,0.0,36
GR,1882,heat,historical,0.0,0.0,0.0,36
GR,1883,heat,historical,0.0,0.0,0.0,36
GR,1884,heat,historical,0.0,0.0,0.0,36
GR,1885,heat,historical,0.0,0.0,0.0,36
GR,1886,heat,historical,0.0,0.0,0.0,36
GR,1887,heat,historical,0.0,0.0,0.0,36
GR,1888,heat,historical,0.0,0.0,0.0,36
GR,1889,heat,historical,0.0,0.0,0.0,36
GR,1890,heat,historical,0.0,0.0,0.0,36
GR,1891,heat,historical,0.0,0.0,0.0,36
GR,1892,heat,historical,0.0,0.0,0.0,36
GR,1893,heat,historical,0.0,0.0,0.0,36
GR,1894,heat,historical,0.0,0.0,0.0,36
GR,1895,heat,historical,0.0,0.0,0.0,36
GR,1896,heat,historical,0.0,0.0,0.0,36
GR,1897,heat,historical,0.0,0.0,0.0,36
GR,1898,heat,historical,0.0,0.0,0.0,36
GR,1899,heat,historical,0.0,0.0,0.0,36
GR,1900,heat,historical,0.0,0.0,0.0,36
GR,1901,heat,historical,0.0,0.0,0.0,36
GR,1902,heat,historical,0.0,0.0,0.0,36
GR,1903,heat,historical,0.0,0.0,0.0,36
GR,1904,heat,historical,0.0,0.0,0.0,36
GR,1905,heat,historical,0.0,0.0,0.0,36
GR,1906,heat,historical,0.0,0.0,0.0,36
GR,1907,heat,historical,0.0,0.0,0.0,36
GR,1908,heat,historical,0.0,0.0,0.0,36
GR,1909,heat,historical,0.0,0.0,0.0,36
GR,1910,heat,historical,0.0,0.0,0.0,36
GR,1911,heat,historical,0.0,0.0,0.0,36
GR,1912,heat,historical,0.0,0.0,0.0,36
GR,1913,heat,historical,0.0,0.0,0.0,36
GR,1914,heat,historical,0.0,0.0,0.0,36
GR,1915,heat,historical,0.0,0.0,0.0,36
GR,1916,heat,historical,0.0,0.0,0.0,36
GR,1917,heat,historical,0.0,0.0,0.0,36
GR,1918,heat,historical,0.0,0.0,0.0,36
GR,1919,heat,historical,0.0,0.0,0.0,36
GR,1920,heat,historical,0.0,0.0,0.0,36
GR,1921,heat,historical,0.0,0.0,0.0,36
GR,1922,heat,historical,0.0,0.0,0.0,36
GR,1923,heat,historical,0.0,0.0,0.0,36
GR,1924,heat,historical,0.0,0.0,0.0,36
GR,1925,heat,historical,0.0,0.0,0.0,36
GR,1926,heat,historical,0.0,0.0,0.0,36
GR,1927,heat,historical,0.0,0.0,0.0,36
GR,1928,heat,historical,0.0,0.0,0.0,36
GR,1929,heat,historical,0.0,0.0,0.0,36
GR,1930,heat,historical,0.0,0.0,0.0,36
GR,1931,heat,historical,0.0,0.0,0.0,36
GR,1932,heat,historical,0.0,0.0,0.0,36
GR,1933,heat,historical,0.0,0.0,0.0,36
GR,1934,heat,historical,0.0,0.0,0.0,36
GR,1935,heat,historical,0.0,0.0,0.0,36
GR,1936,heat,historical,0.0,0.0,0.0,36
GR,1937,heat,historical,0.0,0.0,0.0,36
GR,1938,heat,historical,0.0,0.0,0.0,36
GR,1939,heat,historical,0.0,0.0,0.0,36
GR,1940,heat,historical,0.0,0.0,0.0,36
GR,1941,heat,historical,0.0,0.0,0.0,36
GR,1942,heat,historical,0.0,0.0,0.0,36
GR,1943,heat,historical,0.0,0.0,0.0,36
GR,1944,heat,historical,0.0,0.0,0.0,36
GR,1945,heat,historical,0.0,0.0,0.0,36
GR,1946,heat,historical,0.0,0.0,0.0,36
GR,1947,heat,historical,0.0,0.0,0.0,36
GR,1948,heat,historical,0.0,0.0,0.0,36
GR,1949,heat,historical,0.0,0.0,0.0,36
GR,1950,heat,historical,0.0,0.0,0.0,36
GR,1951,heat,historical,0.0,0.0,0.0,36
GR,1952,heat,historical,0.0,0.0,0.0,36
GR,1953,heat,historical,0.0,0.0,0.0,36
GR,1954,heat,historical,0.0,0.0,0.0,36
GR,1955,heat,historical,0.0,0.0,0.0,36
GR,1956,heat,historical,0.0,0.0,0.0,36
GR,1957,heat,historical,0.0,0.0,0.0,36
GR,1958,heat,historical,0.0,0.0,0.0,36
GR,1959,heat,historical,0.0,0.0,0.0,36
GR,1960,heat,historical,0.0,0.0,0.0,36
GR,1961,heat,historical,0.0,0.0,0.0,36
GR,1962,heat,historical,0.0,0.0,0.0,36
GR,1963,heat,historical,0.0,0.0,0.0,36
GR,1964,heat,historical,0.0,0.0,0.0,36
GR,1965,heat,historical,0.0,0.0,0.0,36
GR,1966,heat,historical,0.0,0.0,0.0,36
GR,1967,heat,historical,0.0,0.0,0.0,36
GR,1968,heat,historical,0.0,0.0,0.0,36
GR,1969,heat,historical,0.0,0.0,0.0,36
GR,1970,heat,historical,0.0,0.0,0.0,36
GR,1971,heat,historical,0.0,0.0,0.0,36
GR,1972,heat,historical,0.0,0.0,0.0,36
GR,1973,heat,historical,0.0,0.0,0.0,36
GR,1974,heat,historical,0.0,0.0,0.0,36
GR,1975,heat,historical,0.0,0.0,0.0,36
GR,1976,heat,historical,0.0,0.0,0.0,36
GR,1977,heat,historical,0.0,0.0,0.0,36
GR,1978,heat,historical,0.0,0.0,0.0,36
GR,1979,heat,historical,0.0,0.0,0.0,36
GR,1980,heat,historical,0.0,0.0,0.0,36
GR,1981,heat,historical,0.0,0.0,0.0,36
GR,1982,heat,historical,0.0,0.0,0.0,36
GR,1983,heat,historical,0.0,0.0,0.0,36
GR,1984,heat,historical,0.0,0.0,0.0,36
GR,1985,heat,historical,0.0,0.0,0.0,36
GR,1986,heat,historical,0.0,0.0,0.0,36
GR,1987,heat,historical,0.0,0.0,0.0,36
GR,1988,heat,historical,0.0,0.0,0.0,36
GR,1989,heat,historical,0.0,0.0,0.0,36
GR,1990,heat,historical,0.0,0.0,0.0,36
GR,1991,heat,historical,0.0,0.0,0.0,36
GR,1992,heat,historical,0.0,0.0,0.0,36
GR,1993,heat,historical,0.0,0.0,0.0,36
GR,1994,heat,historical,0.0,0.0,0.0,36
GR,1995,heat,historical,0.0,0.0,0.0,36
GR,1996,heat,historical,0.0,0.0,0.0,36
GR,1997,heat,historical,0.0,0.0,0.0,36
GR,1998,heat,historical,0.0,0.0,0.0,36
GR,1999,heat,historical,0.0,0.0,0.0,36
GR,2000,heat,historical,0.0,0.0,0.0,36
GR,2001,heat,historical,0.0,0.0,0.0,36
GR,2002,heat,historical,0.0,0.0,0.0,36
GR,2003,heat,historical,0.0,0.0,0.0,36
GR,2004,heat,historical,0.0,0.0,0.0,36
GR,2005,heat,historical,0.0,0.0,0.0,36
GR,2006,heat,historical,0.0,0.0,0.0,36
GR,2007,heat,historical,0.0,0.0,0.0,36
GR,2008,heat,historical,0.0,0.0,0.0,36
GR,2009,heat,historical,0.0,0.0,0.0,36
GR,2010,heat,historical,0.0,0.0,0.0,36
GR,2011,heat,historical,0.0,0.0,0.0,36
GR,2012,heat,historical,0.0,0.0,0.0,36
GR,2013,heat,historical,0.0,0.0,0.0,36
GR,2014,heat,historical,0.0,0.0,0.0,36
GU,1850,heat,historical,0.0,0.0,0.0,24
GU,1851,heat,historical,0.0,0.0,0.0,24
GU,1852,heat,historical,0.0,0.0,0.0,24
GU,1853,heat,historical,0.0,0.0,0.0,24
GU,1854,heat,historical,0.0,0.0,0.0,24
GU,1855,heat,historical,0.0,0.0,0.0,24
GU,1856,heat,historical,0.0,0.0,0.0,24
GU,1857,heat,historical,0.0,0.0,0.0,24
GU,1858,heat,historical,0.0,0.0,0.0,24
GU,1859,heat,historical,0.0,0.0,0.0,24
GU,1860,heat,historical,0.0,0.0,0.0,24
GU,1861,heat,historical,0.0,0.0,0.0,24
GU,1862,heat,historical,0.0,0.0,0.0,24
GU,1863,heat,historical,0.0,0.0,0.0,24
GU,1864,heat,historical,0.0,0.0,0.0,24
GU,1865,heat,historical,0.0,0.0,0.0,24
GU,1866,heat,historical,0.0,0.0,0.0,24
GU,1867,heat,historical,0.0,0.0,0.0,24
GU,1868,heat,historical,0.0,0.0,0.0,24
GU,1869,heat,historical,0.0,0.0,0.0,24
GU,1870,heat,historical,0.0,0.0,0.0,24
GU,1871,heat,historical,0.0,0.0,0.0,24
GU,1872,heat,historical,0.0,0.0,0.0,24
GU,1873,heat,historical,0.0,0.0,0.0,24
GU,1874,heat,historical,0.0,0.0,0.0,24
GU,1875,heat,historical,0.0,0.0,0.0,24
GU,1876,heat,historical,0.0,0.0,0.0,24
GU,1877,heat,historical,0.0,0.0,0.0,24
GU,1878,heat,historical,0.0,0.0,0.0,24
GU,1879,heat,historical,0.0,0.0,0.0,24
GU,1880,heat,historical,0.0,0.0,0.0,24
GU,1881,heat,historical,0.0,0.0,0.0,24
GU,1882,heat,historical,0.0,0.0,0.0,24
GU,1883,heat,historical,0.0,0.0,0.0,24
GU,1884,heat,historical,0.0,0.0,0.0,24
GU,1885,heat,historical,0.0,0.0,0.0,24
GU,1886,heat,historical,0.0,0.0,0.0,24
GU,1887,heat,historical,0.0,0.0,0.0,24
GU,1888,heat,historical,0.0,0.0,0.0,24
GU,1889,heat,historical,0.0,0.0,0.0,24
GU,1890,heat,historical,0.0,0.0,0.0,24
GU,1891,heat,historical,0.0,0.0,0.0,24
GU,1892,heat,historical,0.0,0.0,0.0,24
GU,1893,heat,historical,0.0,0.0,0.0,24
GU,1894,heat,historical,0.0,0.0,0.0,24
GU,1895,heat,historical,0.0,0.0,0.0,24
GU,1896,heat,historical,0.0,0.0,0.0,24
GU,1897,heat,historical,0.0,0.0,0.0,24
GU,1898,heat,historical,0.0,0.0,0.0,24
GU,1899,heat,historical,0.0,0.0,0.0,24
GU,1900,heat,historical,0.0,0.0,0.0,24
GU,1901,heat,historical,0.0,0.0,0.0,24
GU,1902,heat,historical,0.0,0.0,0.0,24
GU,1903,heat,historical,0.0,0.0,0.0,24
GU,1904,heat,historical,0.0,0.0,0.0,24
GU,1905,heat,historical,0.0,0.0,0.0,24
GU,1906,heat,historical,0.0,0.0,0.0,24
GU,1907,heat,historical,0.0,0.0,0.0,24
GU,1908,heat,historical,0.0,0.0,0.0,24
GU,1909,heat,historical,0.0,0.0,0.0,24
GU,1910,heat,historical,0.0,0.0,0.0,24
GU,1911,heat,historical,0.0,0.0,0.0,24
GU,1912,heat,historical,0.0,0.0,0.0,24
GU,1913,heat,historical,0.0,0.0,0.0,24
GU,1914,heat,historical,0.0,0.0,0.0,24
GU,1915,heat,historical,0.0,0.0,0.0,24
GU,1916,heat,historical,0.0,0.0,0.0,24
GU,1917,heat,historical,0.0,0.0,0.0,24
GU,1918,heat,historical,0.0,0.0,0.0,24
GU,1919,heat,historical,0.0,0.0,0.0,24
GU,1920,heat,historical,0.0,0.0,0.0,24
GU,1921,heat,historical,0.0,0.0,0.0,24
GU,1922,heat,historical,0.0,0.0,0.0,24
GU,1923,heat,historical,0.0,0.0,0.0,24
GU,1924,heat,historical,0.0,0.0,0.0,24
GU,1925,heat,historical,0.0,0.0,0.0,24
GU,1926,heat,historical,0.0,0.0,0.0,24
GU,1927,heat,historical,0.0,0.0,0.0,24
GU,1928,heat,historical,0.0,0.0,0.0,24
GU,1929,heat,historical,0.0,0.0,0.0,24
GU,1930,heat,historical,0.0,0.0,0.0,24
GU,1931,heat,historical,0.0,0.0,0.0,24
GU,1932,heat,historical,0.0,0.0,0.0,24
GU,1933,heat,historical,0.0,0.0,0.0,24
GU,1934,heat,historical,0.0,0.0,0.0,24
GU,1935,heat,historical,0.0,0.0,0.0,24
GU,1936,heat,historical,0.0,0.0,0.0,24
GU,1937,heat,historical,0.0,0.0,0.0,24
GU,1938,heat,historical,0.0,0.0,0.0,24
GU,1939,heat,historical,0.0,0.0,0.0,24
GU,1940,heat,historical,0.0,0.0,0.0,24
GU,1941,heat,historical,0.0,0.0,0.0,24
GU,1942,heat,historical,0.0,0.0,0.0,24
GU,1943,heat,historical,0.0,0.0,0.0,24
GU,1944,heat,historical,0.0,0.0,0.0,24
GU,1945,heat,historical,0.0,0.0,0.0,24
GU,1946,heat,historical,0.0,0.0,0.0,24
GU,1947,heat,historical,0.0,0.0,0.0,24
GU,1948,heat,historical,0.0,0.0,0.0,24
GU,1949,heat,historical,0.0,0.0,0.0,24
GU,1950,heat,historical,0.0,0.0,0.0,24
GU,1951,heat,historical,0.0,0.0,0.0,24
GU,1952,heat,historical,0.0,0.0,0.0,24
GU,1953,heat,historical,0.0,0.0,0.0,24
GU,1954,heat,historical,0.0,0.0,0.0,24
GU,1955,heat,historical,0.0,0.0,0.0,24
GU,1956,heat,historical,0.0,0.0,0.0,24
GU,1957,heat,historical,0.0,0.0,0.0,24
GU,1958,heat,historical,0.0,0.0,0.0,24
GU,1959,heat,historical,0.0,0.0,0.0,24
GU,1960,heat,historical,0.0,0.0,0.0,24
GU,1961,heat,historical,0.0,0.0,0.0,24
GU,1962,heat,historical,0.0,0.0,0.0,24
GU,1963,heat,historical,0.0,0.0,0.0,24
GU,1964,heat,historical,0.0,0.0,0.0,24
GU,1965,heat,historical,0.0,0.0,0.0,24
GU,1966,heat,historical,0.0,0.0,0.0,24
GU,1967,heat,historical,0.0,0.0,0.0,24
GU,1968,heat,historical,0.0,0.0,0.0,24
GU,1969,heat,historical,0.0,0.0,0.0,24
GU,1970,heat,historical,0.0,0.0,0.0,24
GU,1971,heat,historical,0.0,0.0,0.0,24
GU,1972,heat,historical,0.0,0.0,0.0,24
GU,1973,heat,historical,0.0,0.0,0.0,24
GU,1974,heat,historical,0.0,0.0,0.0,24
GU,1975,heat,historical,0.0,0.0,0.0,24
GU,1976,heat,historical,0.0,0.0,0.0,24
GU,1977,heat,historical,0.0,0.0,0.0,24
GU,1978,heat,historical,0.0,0.0,0.0,24
GU,1979,heat,historical,0.0,0.0,0.0,24
GU,1980,heat,historical,0.0,0.0,0.0,24
GU,1981,heat,historical,0.0,0.0,0.0,24
GU,1982,heat,historical,0.0,0.0,0.0,24
GU,1983,heat,historical,0.0,0.0,0.0,24
GU,1984,heat,historical,0.0,0.0,0.0,24
GU,1985,heat,historical,0.0,0.0,0.0,24
GU,1986,heat,historical,0.0,0.0,0.0,24
GU,1987,heat,historical,0.0,0.0,0.0,24
GU,1988,heat,historical,0.0,0.0,0.0,24
GU,1989,heat,historical,0.0,0.0,0.0,24
GU,1990,heat,historical,0.0,0.0,0.0,24
GU,1991,heat,historical,0.0,0.0,0.0,24
GU,1992,heat,historical,0.0,0.0,0.0,24
GU,1993,heat,historical,0.0,0.0,0.0,24
GU,1994,heat,historical,0.0,0.0,0.0,24
GU,1995,heat,historical,0.0,0.0,0.0,24
GU,1996,heat,historical,0.0,0.0,0.0,24
GU,1997,heat,historical,0.0,0.0,0.0,24
GU,1998,heat,historical,0.0,0.0,0.0,24
GU,1999,heat,historical,0.0,0.0,0.0,24
GU,2000,heat,historical,0.0,0.0,0.0,24
GU,2001,heat,historical,0.0,0.0,0.0,24
GU,2002,heat,historical,0.0,0.0,0.0,24
GU,2003,heat,historical,0.0,0.0,0.0,24
GU,2004,heat,historical,0.0,0.0,0.0,24
GU,2005,heat,historical,0.0,0.0,0.0,24
GU,2006,heat,historical,0.0,0.0,0.0,24
GU,2007,heat,historical,0.0,0.0,0.0,24
GU,2008,heat,historical,0.0,0.0,0.0,24
GU,2009,heat,historical,0.0,0.0,0.0,24
GU,2010,heat,historical,0.0,0.0,0.0,24
GU,2011,heat,historical,0.0,0.0,0.0,24
GU,2012,heat,historical,0.0,0.0,0.0,24
GU,2013,heat,historical,0.0,0.0,0.0,24
GU,2014,heat,historical,0.0,0.0,0.0,24
HU,1850,heat,historical,0.0,0.0,0.0,12
HU,1851,heat,historical,0.0,0.0,0.0,12
HU,1852,heat,historical,0.0,0.0,0.0,12
HU,1853,heat,historical,0.0,0.0,0.0,12
HU,1854,heat,historical,0.0,0.0,0.0,12
HU,1855,heat,historical,0.0,0.0,0.0,12
HU,1856,heat,historical,0.0,0.0,0.0,12
HU,1857,heat,historical,0.0,0.0,0.0,12
HU,1858,heat,historical,0.0,0.0,0.0,12
HU,1859,heat,historical,0.0,0.0,0.0,12
HU,1860,heat,historical,0.0,0.0,0.0,12
HU,1861,heat,historical,0.0,0.0,0.0,12
HU,1862,heat,historical,0.0,0.0,0.0,12
HU,1863,heat,historical,0.0,0.0,0.0,12
HU,1864,heat,historical,0.0,0.0,0.0,12
HU,1865,heat,historical,0.0,0.0,0.0,12
HU,1866,heat,historical,0.0,0.0,0.0,12
HU,1867,heat,historical,0.0,0.0,0.0,12
HU,1868,heat,historical,0.0,0.0,0.0,12
HU,1869,heat,historical,0.0,0.0,0.0,12
HU,1870,heat,historical,0.0,0.0,0.0,12
HU,1871,heat,historical,0.0,0.0,0.0,12
HU,1872,heat,historical,0.0,0.0,0.0,12
HU,1873,heat,historical,0.0,0.0,0.0,12
HU,1874,heat,historical,0.0,0.0,0.0,12
HU,1875,heat,historical,0.0,0.0,0.0,12
HU,1876,heat,historical,0.0,0.0,0.0,12
HU,1877,heat,historical,0.0,0.0,0.0,12
HU,1878,heat,historical,0.0,0.0,0.0,12
HU,1879,heat,historical,0.0,0.0,0.0,12
HU,1880,heat,historical,0.0,0.0,0.0,12
HU,1881,heat,historical,0.0,0.0,0.0,12
HU,1882,heat,historical,0.0,0.0,0.0,12
HU,1883,heat,historical,0.0,0.0,0.0,12
HU,1884,heat,historical,0.0,0.0,0.0,12
HU,1885,heat,historical,0.0,0.0,0.0,12
HU,1886,heat,historical,0.0,0.0,0.0,12
HU,1887,heat,historical,0.0,0.0,0.0,12
HU,1888,heat,historical,0.0,0.0,0.0,12
HU,1889,heat,historical,0.0,0.0,0.0,12
HU,1890,heat,historical,0.0,0.0,0.0,12
HU,1891,heat,historical,0.0,0.0,0.0,12
HU,1892,heat,historical,0.0,0.0,0.0,12
HU,1893,heat,historical,0.0,0.0,0.0,12
HU,1894,heat,historical,0.0,0.0,0.0,12
HU,1895,heat,historical,0.0,0.0,0.0,12
HU,1896,heat,historical,0.0,0.0,0.0,12
HU,1897,heat,historical,0.0,0.0,0.0,12
HU,1898,heat,historical,0.0,0.0,0.0,12
HU,1899,heat,historical,0.0,0.0,0.0,12
HU,1900,heat,historical,0.0,0.0,0.0,12
HU,1901,heat,historical,0.0,0.0,0.0,12
HU,1902,heat,historical,0.0,0.0,0.0,12
HU,1903,heat,historical,0.0,0.0,0.0,12
HU,1904,heat,historical,0.0,0.0,0.0,12
HU,1905,heat,historical,0.0,0.0,0.0,12
HU,1906,heat,historical,0.0,0.0,0.0,12
HU,1907,heat,historical,0.0,0.0,0.0,12
HU,1908,heat,historical,0.0,0.0,0.0,12
HU,1909,heat,historical,0.0,0.0,0.0,12
HU,1910,heat,historical,0.0,0.0,0.0,12
HU,1911,heat,historical,0.0,0.0,0.0,12
HU,1912,heat,historical,0.0,0.0,0.0,12
HU,1913,heat,historical,0.0,0.0,0.0,12
HU,1914,heat,historical,0.0,0.0,0.0,12
HU,1915,heat,historical,0.0,0.0,0.0,12
HU,1916,heat,historical,0.0,0.0,0.0,12
HU,1917,heat,historical,0.0,0.0,0.0,12
HU,1918,heat,historical,0.0,0.0,0.0,12
HU,1919,heat,historical,0.0,0.0,0.0,12
HU,1920,heat,historical,0.0,0.0,0.0,12
HU,1921,heat,historical,0.0,0.0,0.0,12
HU,1922,heat,historical,0.0,0.0,0.0,12
HU,1923,heat,historical,0.0,0.0,0.0,12
HU,1924,heat,historical,0.0,0.0,0.0,12
HU,1925,heat,historical,0.0,0.0,0.0,12
HU,1926,heat,historical,0.0,0.0,0.0,12
HU,1927,heat,historical,0.0,0.0,0.0,12
HU,1928,heat,historical,0.0,0.0,0.0,12
HU,1929,heat,historical,0.0,0.0,0.0,12
HU,1930,heat,historical,0.0,0.0,0.0,12
HU,1931,heat,historical,0.0,0.0,0.0,12
HU,1932,heat,historical,0.0,0.0,0.0,12
HU,1933,heat,historical,0.0,0.0,0.0,12
HU,1934,heat,historical,0.0,0.0,0.0,12
HU,1935,heat,historical,0.0,0.0,0.0,12
HU,1936,heat,historical,0.0,0.0,0.0,12
HU,1937,heat,historical,0.0,0.0,0.0,12
HU,1938,heat,historical,0.0,0.0,0.0,12
HU,1939,heat,historical,0.0,0.0,0.0,12
HU,1940,heat,historical,0.0,0.0,0.0,12
HU,1941,heat,historical,0.0,0.0,0.0,12
HU,1942,heat,historical,0.0,0.0,0.0,12
HU,1943,heat,historical,0.0,0.0,0.0,12
HU,1944,heat,historical,0.0,0.0,0.0,12
HU,1945,heat,historical,0.0,0.0,0.0,12
HU,1946,heat,historical,0.0,0.0,0.0,12
HU,1947,heat,historical,0.0,0.0,0.0,12
HU,1948,heat,historical,0.0,0.0,0.0,12
HU,1949,heat,historical,0.0,0.0,0.0,12
HU,1950,heat,historical,0.0,0.0,0.0,12
HU,1951,heat,historical,0.0,0.0,0.0,12
HU,1952,heat,historical,0.0,0.0,0.0,12
HU,1953,heat,historical,0.0,0.0,0.0,12
HU,1954,heat,historical,0.0,0.0,0.0,12
HU,1955,heat,historical,0.0,0.0,0.0,12
HU,1956,heat,historical,0.0,0.0,0.0,12
HU,1957,heat,historical,0.0,0.0,0.0,12
HU,1958,heat,historical,0.0,0.0,0.0,12
HU,1959,heat,historical,0.0,0.0,0.0,12
HU,1960,heat,historical,0.0,0.0,0.0,12
HU,1961,heat,historical,0.0,0.0,0.0,12
HU,1962,heat,historical,0.0,0.0,0.0,12
HU,1963,heat,historical,0.0,0.0,0.0,12
HU,1964,heat,historical,0.0,0.0,0.0,12
HU,1965,heat,historical,0.0,0.0,0.0,12
HU,1966,heat,historical,0.0,0.0,0.0,12
HU,1967,heat,historical,0.0,0.0,0.0,12
HU,1968,heat,historical,0.0,0.0,0.0,12
HU,1969,heat,historical,0.0,0.0,0.0,12
HU,1970,heat,historical,0.0,0.0,0.0,12
HU,1971,heat,historical,0.0,0.0,0.0,12
HU,1972,heat,historical,0.0,0.0,0.0,12
HU,1973,heat,historical,0.0,0.0,0.0,12
HU,1974,heat,historical,0.0,0.0,0.0,12
HU,1975,heat,historical,0.0,0.0,0.0,12
HU,1976,heat,historical,0.0,0.0,0.0,12
HU,1977,heat,historical,0.0,0.0,0.0,12
HU,1978,heat,historical,0.0,0.0,0.0,12
HU,1979,heat,historical,0.0,0.0,0.0,12
HU,1980,heat,historical,0.0,0.0,0.0,12
HU,1981,heat,historical,0.0,0.0,0.0,12
HU,1982,heat,historical,0.0,0.0,0.0,12
HU,1983,heat,historical,0.0,0.0,0.0,12
HU,1984,heat,historical,0.0,0.0,0.0,12
HU,1985,heat,historical,0.0,0.0,0.0,12
HU,1986,heat,historical,0.0,0.0,0.0,12
HU,1987,heat,historical,0.0,0.0,0.0,12
HU,1988,heat,historical,0.0,0.0,0.0,12
HU,1989,heat,historical,0.0,0.0,0.0,12
HU,1990,heat,historical,0.0,0.0,0.0,12
HU,1991,heat,historical,0.0,0.0,0.0,12
HU,1992,heat,historical,0.0,0.0,0.0,12
HU,1993,heat,historical,0.0,0.0,0.0,12
HU,1994,heat,historical,0.0,0.0,0.0,12
HU,1995,heat,historical,0.0,0.0,0.0,12
HU,1996,heat,historical,0.0,0.0,0.0,12
HU,1997,heat,historical,0.0,0.0,0.0,12
HU,1998,heat,historical,0.0,0.0,0.0,12
HU,1999,heat,historical,0.0,0.0,0.0,12
HU,2000,heat,historical,0.0,0.0,0.0,12
HU,2001,heat,historical,0.0,0.0,0.0,12
HU,2002,heat,historical,0.0,0.0,0.0,12
HU,2003,heat,historical,0.0,0.0,0.0,12
HU,2004,heat,historical,0.0,0.0,0.0,12
HU,2005,heat,historical,0.0,0.0,0.0,12
HU,2006,heat,historical,0.0,0.0,0.0,12
HU,2007,heat,historical,0.0,0.0,0.0,12
HU,2008,heat,historical,0.0,0.0,0.0,12
HU,2009,heat,historical,0.0,0.0,0.0,12
HU,2010,heat,historical,0.0,0.0,0.0,12
HU,2011,heat,historical,0.0,0.0,0.0,12
HU,2012,heat,historical,0.0,0.0,0.0,12
HU,2013,heat,historical,0.0,0.0,0.0,12
HU,2014,heat,historical,0.0,0.0,0.0,12
ID,1850,heat,historical,1.5282334234234236e-05,0.0067853564,0.0,444
ID,1851,heat,historical,1.1577138738738738e-05,0.0051402496,0.0,444
ID,1852,heat,historical,2.700596171171171e-05,0.011990647,0.0,444
ID,1853,heat,historical,0.0,0.0,0.0,444
ID,1854,heat,historical,0.0,0.0,0.0,444
ID,1855,heat,historical,0.0,0.0,0.0,444
ID,1856,heat,historical,1.3919770968468468e-05,0.0058298833,0.0,444
ID,1857,heat,historical,2.7658177927927928e-06,0.0012280231,0.0,444
ID,1858,heat,historical,4.238827927927928e-06,0.0018820396,0.0,444
ID,1859,heat,historical,0.0,0.0,0.0,444
ID,1860,heat,historical,0.0,0.0,0.0,444
ID,1861,heat,historical,0.0,0.0,0.0,444
ID,1862,heat,historical,2.7136172072072075e-05,0.007930273,0.0,444
ID,1863,heat,historical,0.0,0.0,0.0,444
ID,1864,heat,historical,0.0,0.0,0.0,444
ID,1865,heat,historical,0.0,0.0,0.0,444
ID,1866,heat,historical,0.0,0.0,0.0,444
ID,1867,heat,historical,5.5351231981981975e-06,0.0024575947,0.0,444
ID,1868,heat,historical,0.0,0.0,0.0,444
ID,1869,heat,historical,0.0,0.0,0.0,444
ID,1870,heat,historical,1.193986936936937e-06,0.0005301302,0.0,444
ID,1871,heat,historical,2.6416524459459462e-05,0.011277268,0.0,444
ID,1872,heat,historical,3.2473653828828825e-05,0.008219341,0.0,444
ID,1873,heat,historical,0.0,0.0,0.0,444
ID,1874,heat,historical,0.0,0.0,0.0,444
ID,1875,heat,historical,1.4048819144144144e-05,0.0040061735,0.0,444
ID,1876,heat,historical,3.6784563063063067e-06,0.0016332346,0.0,444
ID,1877,heat,historical,0.0,0.0,0.0,444
ID,1878,heat,historical,0.0,0.0,0.0,444
ID,1879,heat,historical,0.0,0.0,0.0,444
ID,1880,heat,historical,4.576911351351351e-05,0.016540889,0.0,444
ID,1881,heat,historical,0.0,0.0,0.0,444
ID,1882,heat,historical,0.0,0.0,0.0,444
ID,1883,heat,historical,0.0,0.0,0.0,444
ID,1884,heat,historical,4.045836711711712e-06,0.0017963515,0.0,444
ID,1885,heat,historical,9.980894144144145e-06,0.004431517,0.0,444
ID,1886,heat,historical,4.32020945945946e-06,0.001918173,0.0,444
ID,1887,heat,historical,0.0,0.0,0.0,444
ID,1888,heat,historical,0.0,0.0,0.0,444
ID,1889,heat,historical,0.0,0.0,0.0,444
ID,1890,heat,historical,8.277688963963964e-06,0.0036752939,0.0,444
ID,1891,heat,historical,1.4578963806306306e-05,0.005983709,0.0,444
ID,1892,heat,historical,0.0,0.0,0.0,444
ID,1893,heat,historical,0.0,0.0,0.0,444
ID,1894,heat,historical,0.0,0.0,0.0,444
ID,1895,heat,historical,8.614842477477477e-07,0.00030042432,0.0,444
ID,1896,heat,historical,0.0,0.0,0.0,444
ID,1897,heat,historical,0.0,0.0,0.0,444
ID,1898,heat,historical,1.0287818693693693e-05,0.0018046106,0.0,444
ID,1899,heat,historical,1.8846855855855857e-05,0.008368004,0.0,444
ID,1900,heat,historical,0.0,0.0,0.0,444
ID,1901,heat,historical,1.762147972972973e-05,0.007823937,0.0,444
ID,1902,heat,historical,0.0,0.0,0.0,444
ID,1903,heat,historical,0.0,0.0,0.0,444
ID,1904,heat,historical,0.0,0.0,0.0,444
ID,1905,heat,historical,0.0,0.0,0.0,444
ID,1906,heat,historical,5.803682882882883e-06,0.0025768352,0.0,444
ID,1907,heat,historical,0.0,0.0,0.0,444
ID,1908,heat,historical,6.655866666666667e-06,0.0029552048,0.0,444
ID,1909,heat,historical,1.0448257207207207e-05,0.0046390262,0.0,444
ID,1910,heat,historical,0.0,0.0,0.0,444
ID,1911,heat,historical,7.252278603603603e-06,0.0032200117,0.0,444
ID,1912,heat,historical,0.0,0.0,0.0,444
ID,1913,heat,historical,2.4720297297297295e-05,0.010975812,0.0,444
ID,1914,heat,historical,1.0549403153153153e-05,0.004683935,0.0,444
ID,1915,heat,historical,0.0,0.0,0.0,444
ID,1916,heat,historical,0.0,0.0,0.0,444
ID,1917,heat,historical,1.494401891891892e-05,0.0066351444,0.0,444
ID,1918,heat,historical,9.313562387387389e-06,0.0041352217,0.0,444
ID,1919,heat,historical,3.5645218468468468e-06,0.0015826477,0.0,444
ID,1920,heat,historical,0.0,0.0,0.0,444
ID,1921,heat,historical,0.0,0.0,0.0,444
ID,1922,heat,historical,9.405408108108109e-07,0.00041760012,0.0,444
ID,1923,heat,historical,2.232767179504504e-05,0.008567255,0.0,444
ID,1924,heat,historical,0.0,0.0,0.0,444
ID,1925,heat,historical,0.0,0.0,0.0,444
ID,1926,heat,historical,2.077444144144144e-05,0.009223852,0.0,444
ID,1927,heat,historical,1.80760552027027e-05,0.0071167527,0.0,444
ID,1928,heat,historical,0.0,0.0,0.0,444
ID,1929,heat,historical,0.0,0.0,0.0,444
ID,1930,heat,historical,6.705858108108108e-06,0.002977401,0.0,444
ID,1931,heat,historical,3.794483454954955e-05,0.009303346,0.0,444
ID,1932,heat,historical,8.083535360360361e-06,0.0035890897,0.0,444
ID,1933,heat,historical,0.0,0.0,0.0,444
ID,1934,heat,historical,2.364024189189189e-05,0.009954781,0.0,444
ID,1935,heat,historical,1.1155115990990991e-05,0.003600446,0.0,444
ID,1936,heat,historical,0.0,0.0,0.0,444
ID,1937,heat,historical,2.533647072072072e-05,0.011249393,0.0,444
ID,1938,heat,historical,2.0287315315315315e-05,0.009007568,0.0,444
ID,1939,heat,historical,1.727735135135135e-05,0.007671144,0.0,444
ID,1940,heat,historical,0.0,0.0,0.0,444
ID,1941,heat,historical,0.0,0.0,0.0,444
ID,1942,heat,historical,0.0,0.0,0.0,444
ID,1943,heat,historical,0.0,0.0,0.0,444
ID,1944,heat,historical,0.0,0.0,0.0,444
ID,1945,heat,historical,0.0,0.0,0.0,444
ID,1946,heat,historical,6.045619414414414e-05,0.025592847,0.0,444
ID,1947,heat,historical,2.6767627702702702e-05,0.0076597873,0.0,444
ID,1948,heat,historical,0.0,0.0,0.0,444
ID,1949,heat,historical,0.0,0.0,0.0,444
ID,1950,heat,historical,0.0,0.0,0.0,444
ID,1951,heat,historical,0.00020143849256756756,0.022700101,0.0,444
ID,1952,heat,historical,3.8528457207207205e-06,0.0017106635,0.0,444
ID,1953,heat,historical,0.0,0.0,0.0,444
ID,1954,heat,historical,3.101227027027027e-05,0.013769448,0.0,444
ID,1955,heat,historical,5.1439095270270277e-05,0.01203762,0.0,444
ID,1956,heat,historical,3.4500060360360365e-05,0.008662751,0.0,444
ID,1957,heat,historical,5.298651081081081e-05,0.011809979,0.0,444
ID,1958,heat,historical,0.0,0.0,0.0,444
ID,1959,heat,historical,0.0,0.0,0.0,444
ID,1960,heat,historical,5.0577609459459456e-05,0.010764172,0.0,444
ID,1961,heat,historical,3.927949565315316e-05,0.008404138,0.0,444
ID,1962,heat,historical,0.0,0.0,0.0,444
ID,1963,heat,historical,0.0,0.0,0.0,444
ID,1964,heat,historical,0.0,0.0,0.0,444
ID,1965,heat,historical,0.0,0.0,0.0,444
ID,1966,heat,historical,0.0,0.0,0.0,444
ID,1967,heat,historical,1.6932060135135136e-05,0.0075178347,0.0,444
ID,1968,heat,historical,9.167075675675675e-06,0.0020616748,0.0,444
ID,1969,heat,historical,1.156086259009009e-05,0.0020539318,0.0,444
ID,1970,heat,historical,0.0,0.0,0.0,444
ID,1971,heat,historical,0.0,0.0,0.0,444
ID,1972,heat,historical,8.511371171171171e-06,0.0037790488,0.0,444
ID,1973,heat,historical,5.969585608108109e-05,0.024656473,0.0,444
ID,1974,heat,historical,2.2592743243243243e-05,0.010031178,0.0,444
ID,1975,heat,historical,0.0,0.0,0.0,444
ID,1976,heat,historical,3.6699693693693696e-05,0.016294664,0.0,444
ID,1977,heat,historical,5.627666058558559e-05,0.01398883,0.0,444
ID,1978,heat,historical,0.0,0.0,0.0,444
ID,1979,heat,historical,0.0,0.0,0.0,444
ID,1980,heat,historical,2.4501728288288286e-05,0.0106196385,0.0,444
ID,1981,heat,historical,5.571163918918919e-06,0.0010747138,0.0,444
ID,1982,heat,historical,0.0,0.0,0.0,444
ID,1983,heat,historical,0.0,0.0,0.0,444
ID,1984,heat,historical,9.254386328828828e-05,0.022594798,0.0,444
ID,1985,heat,historical,3.351301621621621e-05,0.00886355,0.0,444
ID,1986,heat,historical,0.0,0.0,0.0,444
ID,1987,heat,historical,2.4495914414414412e-05,0.010876186,0.0,444
ID,1988,heat,historical,5.014047227477478e-05,0.02015527,0.0,444
ID,1989,heat,historical,7.98704054054054e-07,0.0003546246,0.0,444
ID,1990,heat,historical,6.351265765765766e-06,0.002819962,0.0,444
ID,1991,heat,historical,0.0,0.0,0.0,444
ID,1992,heat,historical,1.4976572297297297e-05,0.0056930925,0.0,444
ID,1993,heat,historical,2.0495417342342342e-05,0.007820323,0.0,444
ID,1994,heat,historical,0.0,0.0,0.0,444
ID,1995,heat,historical,0.0,0.0,0.0,444
ID,1996,heat,historical,7.666395608108107e-05,0.01668697,0.0,444
ID,1997,heat,historical,6.880364121621622e-05,0.009233144,0.0,444
ID,1998,heat,historical,1.1711999684684685e-05,0.0041512237,0.0,444
ID,1999,heat,historical,2.343678828828829e-05,0.010405934,0.0,444
ID,2000,heat,historical,4.06501985900901e-05,0.01567833,0.0,444
ID,2001,heat,historical,7.344589432432433e-05,0.022073962,0.0,444
ID,2002,heat,historical,0.000167138400518018,0.013460764,0.0,444
ID,2003,heat,historical,0.0,0.0,0.0,444
ID,2004,heat,historical,0.0,0.0,0.0,444
ID,2005,heat,historical,4.566796518018018e-05,0.015217369,0.0,444
ID,2006,heat,historical,0.0003581948978828829,0.03728978,0.0,444
ID,2007,heat,historical,4.560750880630631e-05,0.0057101264,0.0,444
ID,2008,heat,historical,0.00010760414495495495,0.012209512,0.0,444
ID,2009,heat,historical,0.00013780957139639642,0.020501636,0.0,444
ID,2010,heat,historical,0.0002238963839864865,0.019392855,0.0,444
ID,2011,heat,historical,1.668326367117117e-05,0.0044051907,0.0,444
ID,2012,heat,historical,0.0,0.0,0.0,444
ID,2013,heat,historical,0.00010564051801801803,0.014887005,0.0,444
ID,2014,heat,historical,0.000274186828963964,0.027401589,0.0,444
IN,1850,heat,historical,0.0362511368775641,0.5943771,0.0,312
IN,1851,heat,historical,0.05055609702294872,0.6981629,0.0,312
IN,1852,heat,historical,0.05148619214272436,0.652455,0.0,312
IN,1853,heat,historical,0.046971027489839744,0.65993416,0.0,312
IN,1854,heat,historical,0.04480083805576923,0.5927403,0.0,312
IN,1855,heat,historical,0.03633343368509615,0.5805534,0.0,312
IN,1856,heat,historical,0.039574245270032046,0.63499165,0.0,312
IN,1857,heat,historical,0.044356180576602566,0.68933904,0.0,312
IN,1858,heat,historical,0.04884733273121795,0.6920584,0.0,312
IN,1859,heat,historical,0.04881489569570513,0.6508631,0.0,312
IN,1860,heat,historical,0.0339904814900641,0.5437396,0.0,312
IN,1861,heat,historical,0.035579741006089745,0.6268405,0.0,312
IN,1862,heat,historical,0.058425225777884615,0.65251696,0.0,312
IN,1863,heat,historical,0.04622090000961538,0.70561254,0.0,312
IN,1864,heat,historical,0.028812682591602565,0.60508144,0.0,312
IN,1865,heat,historical,0.03412460911089744,0.63211906,0.0,312
IN,1866,heat,historical,0.04865377021891026,0.6362368,0.0,312
IN,1867,heat,historical,0.04557261280929487,0.7234016,0.0,312
IN,1868,heat,historical,0.05651322224701923,0.6697062,0.0,312
IN,1869,heat,historical,0.0380207360775641,0.6516038,0.0,312
IN,1870,heat,historical,0.037771163464807696,0.62404686,0.0,312
IN,1871,heat,historical,0.05029927610871795,0.63842076,0.0,312
IN,1872,heat,historical,0.05267191750375,0.71491385,0.0,312
IN,1873,heat,historical,0.036829382229807694,0.56588894,0.0,312
IN,1874,heat,historical,0.028535883821891022,0.5437701,0.0,312
IN,1875,heat,historical,0.03991921586801282,0.6377678,0.0,312
IN,1876,heat,historical,0.05635359228525642,0.74097645,0.0,312
IN,1877,heat,historical,0.04510023494519231,0.6038916,0.0,312
IN,1878,heat,historical,0.030448612275641027,0.5542576,0.0,312
IN,1879,heat,historical,0.030756724407051284,0.51147544,0.0,312
IN,1880,heat,historical,0.05050008049647436,0.71254456,0.0,312
IN,1881,heat,historical,0.05004049290224359,0.7086266,0.0,312
IN,1882,heat,historical,0.03574407514326923,0.61066556,0.0,312
IN,1883,heat,historical,0.03448012084528846,0.55248135,0.0,312
IN,1884,heat,historical,0.03107020604871795,0.55504423,0.0,312
IN,1885,heat,historical,0.03930815399262821,0.60050946,0.0,312
IN,1886,heat,historical,0.06216744384166667,0.67554533,0.0,312
IN,1887,heat,historical,0.0441169456775641,0.66439044,0.0,312
IN,1888,heat,historical,0.03301285887307692,0.5466453,0.0,312
IN,1889,heat,historical,0.034829901060897436,0.5756259,0.0,312
IN,1890,heat,historical,0.052940000507115385,0.66513586,0.0,312
IN,1891,heat,historical,0.054013465166730765,0.7041254,0.0,312
IN,1892,heat,historical,0.04264846432852564,0.6240866,0.0,312
IN,1893,heat,historical,0.044671207842435896,0.66168815,0.0,312
IN,1894,heat,historical,0.04418919233525641,0.6907875,0.0,312
IN,1895,heat,historical,0.05536549001057692,0.7579824,0.0,312
IN,1896,heat,historical,0.056955783125416666,0.65248597,0.0,312
IN,1897,heat,historical,0.04435857704423077,0.5849189,0.0,312
IN,1898,heat,historical,0.038794648806455126,0.5991241,0.0,312
IN,1899,heat,historical,0.04452679433115385,0.6649345,0.0,312
IN,1900,heat,historical,0.05124879638108974,0.62259996,0.0,312
IN,1901,heat,historical,0.037539837953846154,0.6026424,0.0,312
IN,1902,heat,historical,0.03884932794461539,0.5940132,0.0,312
IN,1903,heat,historical,0.03644379459194231,0.5743457,0.0,312
IN,1904,heat,historical,0.03466999509672436,0.50684834,0.0,312
IN,1905,heat,historical,0.0306986019900641,0.53708744,0.0,312
IN,1906,heat,historical,0.03758300803407051,0.59018666,0.0,312
IN,1907,heat,historical,0.038911552740897436,0.56646293,0.0,312
IN,1908,heat,historical,0.0419030846900641,0.6057447,0.0,312
IN,1909,heat,historical,0.04932249221811154,0.5961038,0.0,312
IN,1910,heat,historical,0.041442604544166664,0.5764642,0.0,312
IN,1911,heat,historical,0.04041635668782051,0.54991996,0.0,312
IN,1912,heat,historical,0.033994559946474365,0.51866347,0.0,312
IN,1913,heat,historical,0.041636894924679486,0.587139,0.0,312
IN,1914,heat,historical,0.04139361099775641,0.57288337,0.0,312
IN,1915,heat,historical,0.037458990466346154,0.5517551,0.0,312
IN,1916,heat,historical,0.03931409209923077,0.5889276,0.0,312
IN,1917,heat,historical,0.03929490945967949,0.5258546,0.0,312
IN,1918,heat,historical,0.035803714214871794,0.5830498,0.0,312
IN,1919,heat,historical,0.04368082853301282,0.67203474,0.0,312
IN,1920,heat,historical,0.037461126655448714,0.59192157,0.0,312
IN,1921,heat,historical,0.030597216276602567,0.48375076,0.0,312
IN,1922,heat,historical,0.033761574786858976,0.5802618,0.0,312
IN,1923,heat,historical,0.05456480326730769,0.61495924,0.0,312
IN,1924,heat,historical,0.04136807246602564,0.599777,0.0,312
IN,1925,heat,historical,0.035843080375,0.55133796,0.0,312
IN,1926,heat,historical,0.04343260225064103,0.5468796,0.0,312
IN,1927,heat,historical,0.051027578719647436,0.6192303,0.0,312
IN,1928,heat,historical,0.03187279136333333,0.5761782,0.0,312
IN,1929,heat,historical,0.02338330358583333,0.50565904,0.0,312
IN,1930,heat,historical,0.03789191636634615,0.5051738,0.0,312
IN,1931,heat,historical,0.044859465687083336,0.58003414,0.0,312
IN,1932,heat,historical,0.03799950517705128,0.5494761,0.0,312
IN,1933,heat,historical,0.03672139733035257,0.57821095,0.0,312
IN,1934,heat,historical,0.03857945728557693,0.56173927,0.0,312
IN,1935,heat,historical,0.04417390544802564,0.6337554,0.0,312
IN,1936,heat,historical,0.041079863041025635,0.5903446,0.0,312
IN,1937,heat,historical,0.02733982499721154,0.4715686,0.0,312
IN,1938,heat,historical,0.03753562578397436,0.5700226,0.0,312
IN,1939,heat,historical,0.05496845554839743,0.6661176,0.0,312
IN,1940,heat,historical,0.03433960228878205,0.5658678,0.0,312
IN,1941,heat,historical,0.03257893202307692,0.5610584,0.0,312
IN,1942,heat,historical,0.030426991542948718,0.47794205,0.0,312
IN,1943,heat,historical,0.031933071994230774,0.59315217,0.0,312
IN,1944,heat,historical,0.04187165998204423,0.55541176,0.0,312
IN,1945,heat,historical,0.02989624414294872,0.55097145,0.0,312
IN,1946,heat,historical,0.040765204036858974,0.6212904,0.0,312
IN,1947,heat,historical,0.05980626850288461,0.73837066,0.0,312
IN,1948,heat,historical,0.03425045808528846,0.5241011,0.0,312
IN,1949,heat,historical,0.03195138236538461,0.5885328,0.0,312
IN,1950,heat,historical,0.035743284788141025,0.5017561,0.0,312
IN,1951,heat,historical,0.03973779575080128,0.5834039,0.0,312
IN,1952,heat,historical,0.04737443782019231,0.5934841,0.0,312
IN,1953,heat,historical,0.03860421948807692,0.49334216,0.0,312
IN,1954,heat,historical,0.036149283537820515,0.47687763,0.0,312
IN,1955,heat,historical,0.04194028030576923,0.6067817,0.0,312
IN,1956,heat,historical,0.04304935762554487,0.57996035,0.0,312
IN,1957,heat,historical,0.04483174872307692,0.5664108,0.0,312
IN,1958,heat,historical,0.044093961558653846,0.64645016,0.0,312
IN,1959,heat,historical,0.03724076216826923,0.53414464,0.0,312
IN,1960,heat,historical,0.042032740370641024,0.5560462,0.0,312
IN,1961,heat,historical,0.045867868523429486,0.6440942,0.0,312
IN,1962,heat,historical,0.03557760327660257,0.5725261,0.0,312
IN,1963,heat,historical,0.029375838730769235,0.45023692,0.0,312
IN,1964,heat,historical,0.038269065993108975,0.49694932,0.0,312
IN,1965,heat,historical,0.04981703611371795,0.61507076,0.0,312
IN,1966,heat,historical,0.021872080815384616,0.4380589,0.0,312
IN,1967,heat,historical,0.02864288142261859,0.4423428,0.0,312
IN,1968,heat,historical,0.048149488705711535,0.578435,0.0,312
IN,1969,heat,historical,0.044219498794871796,0.5472864,0.0,312
IN,1970,heat,historical,0.033994834672115386,0.5407545,0.0,312
IN,1971,heat,historical,0.02865901564070513,0.49779326,0.0,312
IN,1972,heat,historical,0.036403175930769235,0.54351866,0.0,312
IN,1973,heat,historical,0.0424103085650641,0.5723785,0.0,312
IN,1974,heat,historical,0.03410807599301923,0.46295437,0.0,312
IN,1975,heat,historical,0.026978175359615386,0.49790424,0.0,312
IN,1976,heat,historical,0.03447851281794872,0.48097208,0.0,312
IN,1977,heat,historical,0.03521027207823718,0.53811103,0.0,312
IN,1978,heat,historical,0.03100821344858974,0.51688516,0.0,312
IN,1979,heat,historical,0.027957886602371796,0.5439967,0.0,312
IN,1980,heat,historical,0.04491206783365385,0.6270991,0.0,312
IN,1981,heat,historical,0.04086753739233974,0.5375438,0.0,312
IN,1982,heat,historical,0.034382346668942305,0.43642,0.0,312
IN,1983,heat,historical,0.026191156671153848,0.44233352,0.0,312
IN,1984,heat,historical,0.026425192070044873,0.52717394,0.0,312
IN,1985,heat,historical,0.04649621082685897,0.6052662,0.0,312
IN,1986,heat,historical,0.026255960248333335,0.40147528,0.0,312
IN,1987,heat,historical,0.029333428304391028,0.42941886,0.0,312
IN,1988,heat,historical,0.048235374972115386,0.63764495,0.0,312
IN,1989,heat,historical,0.043781681255128206,0.49489123,0.0,312
IN,1990,heat,historical,0.03606640132467949,0.49147144,0.0,312
IN,1991,heat,historical,0.023829618310897437,0.3664738,0.0,312
IN,1992,heat,historical,0.016275225401602565,0.36094743,0.0,312
IN,1993,heat,historical,0.02906419252323718,0.46039715,0.0,312
IN,1994,heat,historical,0.03286105621762821,0.5037687,0.0,312
IN,1995,heat,historical,0.02675570504301282,0.47160837,0.0,312
IN,1996,heat,historical,0.029521395238141023,0.4253683,0.0,312
IN,1997,heat,historical,0.03269897022009615,0.49531603,0.0,312
IN,1998,heat,historical,0.041043064444679485,0.56677526,0.0,312
IN,1999,heat,historical,0.02163219142980769,0.34255856,0.0,312
IN,2000,heat,historical,0.027873677779166668,0.46251562,0.0,312
IN,2001,heat,historical,0.03813225879704167,0.5352059,0.0,312
IN,2002,heat,historical,0.050076363719487184,0.61791193,0.0,312
IN,2003,heat,historical,0.021554289533333333,0.36605206,0.0,312
IN,2004,heat,historical,0.02290307676346154,0.35661656,0.0,312
IN,2005,heat,historical,0.02075044615557692,0.3935517,0.0,312
IN,2006,heat,historical,0.03715794466028846,0.52242035,0.0,312
IN,2007,heat,historical,0.03555184617948718,0.46189928,0.0,312
IN,2008,heat,historical,0.03514927698123076,0.46952498,0.0,312
IN,2009,heat,historical,0.03762492058195513,0.45300063,0.0,312
IN,2010,heat,historical,0.036041590812564105,0.45643795,0.0,312
IN,2011,heat,historical,0.031535398266294874,0.43224606,0.0,312
IN,2012,heat,historical,0.01869084314775641,0.38363412,0.0,312
IN,2013,heat,historical,0.02581713015852564,0.3551356,0.0,312
IN,2014,heat,historical,0.042549856250147434,0.56189823,0.0,312
IQ,1850,heat,historical,0.09242363375,0.48287788,0.0,36
IQ,1851,heat,historical,0.08670559441666666,0.47864768,0.0,36
IQ,1852,heat,historical,0.10008563053611111,0.57965684,0.0,36
IQ,1853,heat,historical,0.09156653891666668,0.51613826,0.0,36
IQ,1854,heat,historical,0.09471619125,0.54788566,0.0,36
IQ,1855,heat,historical,0.07870734119444445,0.5615013,0.0,36
IQ,1856,heat,historical,0.08931345769444445,0.57981014,0.0,36
IQ,1857,heat,historical,0.09798464038888889,0.49516946,0.0,36
IQ,1858,heat,historical,0.07557532611111112,0.43820602,0.0,36
IQ,1859,heat,historical,0.09296421875,0.48747098,0.0,36
IQ,1860,heat,historical,0.08754655838888888,0.44026202,0.0,36
IQ,1861,heat,historical,0.08955675516666667,0.46155703,0.0,36
IQ,1862,heat,historical,0.08494672494444444,0.49960047,0.0,36
IQ,1863,heat,historical,0.09513250069444444,0.4967227,0.0,36
IQ,1864,heat,historical,0.08998883855555556,0.51582545,0.0,36
IQ,1865,heat,historical,0.08989827491666666,0.4663824,0.0,36
IQ,1866,heat,historical,0.09298384991666667,0.49096507,0.0,36
IQ,1867,heat,historical,0.08251504011111112,0.44754708,0.0,36
IQ,1868,heat,historical,0.09075403605555556,0.5447384,0.0,36
IQ,1869,heat,historical,0.08987057419444446,0.4265473,0.0,36
IQ,1870,heat,historical,0.07811705856111112,0.5312333,0.0,36
IQ,1871,heat,historical,0.08321046305555556,0.51388246,0.0,36
IQ,1872,heat,historical,0.09664941869444445,0.51539755,0.0,36
IQ,1873,heat,historical,0.09448178248611111,0.5449661,0.0,36
IQ,1874,heat,historical,0.09220557175555556,0.43663058,0.0,36
IQ,1875,heat,historical,0.07823414988888888,0.50413007,0.0,36
IQ,1876,heat,historical,0.10864748091666666,0.5521474,0.0,36
IQ,1877,heat,historical,0.06264910929166667,0.3926675,0.0,36
IQ,1878,heat,historical,0.07992780683333334,0.4306727,0.0,36
IQ,1879,heat,historical,0.08574226183333333,0.52350897,0.0,36
IQ,1880,heat,historical,0.08849008691666665,0.52142614,0.0,36
IQ,1881,heat,historical,0.09586181138888888,0.5790142,0.0,36
IQ,1882,heat,historical,0.09288389372222222,0.44166142,0.0,36
IQ,1883,heat,historical,0.0897188266388889,0.54503524,0.0,36
IQ,1884,heat,historical,0.06063564027777778,0.4085688,0.0,36
IQ,1885,heat,historical,0.08496252652777778,0.471214,0.0,36
IQ,1886,heat,historical,0.09627205759722222,0.58745706,0.0,36
IQ,1887,heat,historical,0.09397703105555555,0.5071467,0.0,36
IQ,1888,heat,historical,0.10192346530555557,0.5215511,0.0,36
IQ,1889,heat,historical,0.05886009291666667,0.38329393,0.0,36
IQ,1890,heat,historical,0.10459612479722222,0.5579065,0.0,36
IQ,1891,heat,historical,0.10130152172222223,0.5534059,0.0,36
IQ,1892,heat,historical,0.09451387163888889,0.49445814,0.0,36
IQ,1893,heat,historical,0.07020978644444445,0.41432023,0.0,36
IQ,1894,heat,historical,0.09348832536111111,0.54393214,0.0,36
IQ,1895,heat,historical,0.10100581733333333,0.61423194,0.0,36
IQ,1896,heat,historical,0.10486712775,0.51751184,0.0,36
IQ,1897,heat,historical,0.10811545647222222,0.58761656,0.0,36
IQ,1898,heat,historical,0.08203427576027778,0.49315992,0.0,36
IQ,1899,heat,historical,0.08591247597222224,0.50471795,0.0,36
IQ,1900,heat,historical,0.08060293191666666,0.47998822,0.0,36
IQ,1901,heat,historical,0.07961624167777777,0.44742525,0.0,36
IQ,1902,heat,historical,0.09634734847222222,0.5614543,0.0,36
IQ,1903,heat,historical,0.06430737827777779,0.44422692,0.0,36
IQ,1904,heat,historical,0.09049949591666667,0.486101,0.0,36
IQ,1905,heat,historical,0.09169316533333333,0.577256,0.0,36
IQ,1906,heat,historical,0.09416208625,0.47190773,0.0,36
IQ,1907,heat,historical,0.09034002241666667,0.5066852,0.0,36
IQ,1908,heat,historical,0.0896566966388889,0.62489545,0.0,36
IQ,1909,heat,historical,0.09288159993055556,0.63276124,0.0,36
IQ,1910,heat,historical,0.06518844744444445,0.35995322,0.0,36
IQ,1911,heat,historical,0.09705926636111112,0.5165244,0.0,36
IQ,1912,heat,historical,0.06181172758055556,0.42604864,0.0,36
IQ,1913,heat,historical,0.0973099191388889,0.49333078,0.0,36
IQ,1914,heat,historical,0.07843179396666666,0.505084,0.0,36
IQ,1915,heat,historical,0.08758512852777778,0.47474474,0.0,36
IQ,1916,heat,historical,0.09046733444444445,0.50276166,0.0,36
IQ,1917,heat,historical,0.07929564272222223,0.4737366,0.0,36
IQ,1918,heat,historical,0.10028588405555555,0.5733877,0.0,36
IQ,1919,heat,historical,0.08713651244444444,0.58052194,0.0,36
IQ,1920,heat,historical,0.09043153138888889,0.47265366,0.0,36
IQ,1921,heat,historical,0.09520819444444445,0.49550703,0.0,36
IQ,1922,heat,historical,0.06479628636111111,0.47874576,0.0,36
IQ,1923,heat,historical,0.09425335274999999,0.5974629,0.0,36
IQ,1924,heat,historical,0.08382110730555555,0.50581646,0.0,36
IQ,1925,heat,historical,0.09304164649999999,0.5026465,0.0,36
IQ,1926,heat,historical,0.09551951502777778,0.5651833,0.0,36
IQ,1927,heat,historical,0.12212358766666667,0.6151482,0.0,36
IQ,1928,heat,historical,0.08173082569444444,0.43320304,0.0,36
IQ,1929,heat,historical,0.07673146902777778,0.48868868,0.0,36
IQ,1930,heat,historical,0.08594451033333333,0.49911475,0.0,36
IQ,1931,heat,historical,0.08553430655555555,0.51456076,0.0,36
IQ,1932,heat,historical,0.08887495099166667,0.449888,0.0,36
IQ,1933,heat,historical,0.09759892852777778,0.45433602,0.0,36
IQ,1934,heat,historical,0.09925741449166667,0.49648318,0.0,36
IQ,1935,heat,historical,0.0870662835,0.53794587,0.0,36
IQ,1936,heat,historical,0.09756844572222222,0.50688446,0.0,36
IQ,1937,heat,historical,0.08904462230555556,0.4585053,0.0,36
IQ,1938,heat,historical,0.09088299855555555,0.4931083,0.0,36
IQ,1939,heat,historical,0.09326838747222221,0.6325455,0.0,36
IQ,1940,heat,historical,0.09678041738888889,0.5204691,0.0,36
IQ,1941,heat,historical,0.07311206813888887,0.4681762,0.0,36
IQ,1942,heat,historical,0.07168778966666667,0.5062707,0.0,36
IQ,1943,heat,historical,0.07632359115833333,0.43550327,0.0,36
IQ,1944,heat,historical,0.07421363741666667,0.46287543,0.0,36
IQ,1945,heat,historical,0.0755693758361111,0.43502885,0.0,36
IQ,1946,heat,historical,0.07482866641666666,0.51822317,0.0,36
IQ,1947,heat,historical,0.06443955297222222,0.47148138,0.0,36
IQ,1948,heat,historical,0.096039639,0.56299466,0.0,36
IQ,1949,heat,historical,0.09495845816666666,0.45211175,0.0,36
IQ,1950,heat,historical,0.08986713299999999,0.5068473,0.0,36
IQ,1951,heat,historical,0.07195369942777778,0.4652256,0.0,36
IQ,1952,heat,historical,0.07945996379722223,0.43443367,0.0,36
IQ,1953,heat,historical,0.08759206908333333,0.49015826,0.0,36
IQ,1954,heat,historical,0.09677684738888888,0.51319647,0.0,36
IQ,1955,heat,historical,0.08629656695,0.55429316,0.0,36
IQ,1956,heat,historical,0.09686297745833333,0.57163054,0.0,36
IQ,1957,heat,historical,0.07636736661111111,0.42171776,0.0,36
IQ,1958,heat,historical,0.08286835656944444,0.56333065,0.0,36
IQ,1959,heat,historical,0.08400305075,0.5111513,0.0,36
IQ,1960,heat,historical,0.07364612833333334,0.48657227,0.0,36
IQ,1961,heat,historical,0.09205513236111111,0.54319453,0.0,36
IQ,1962,heat,historical,0.0706683946388889,0.46250632,0.0,36
IQ,1963,heat,historical,0.099805641425,0.47437826,0.0,36
IQ,1964,heat,historical,0.07742080065277777,0.5629229,0.0,36
IQ,1965,heat,historical,0.08633165666666667,0.48760158,0.0,36
IQ,1966,heat,historical,0.06752189858333334,0.4021742,0.0,36
IQ,1967,heat,historical,0.07586594109444444,0.46591574,0.0,36
IQ,1968,heat,historical,0.07291866780555556,0.45722616,0.0,36
IQ,1969,heat,historical,0.08690891741666668,0.5041512,0.0,36
IQ,1970,heat,historical,0.08262067034722223,0.50889605,0.0,36
IQ,1971,heat,historical,0.0686120125,0.44379383,0.0,36
IQ,1972,heat,historical,0.06587770795277777,0.48134682,0.0,36
IQ,1973,heat,historical,0.1109747061111111,0.6382009,0.0,36
IQ,1974,heat,historical,0.09317326225,0.45097098,0.0,36
IQ,1975,heat,historical,0.07078122713888889,0.43903553,0.0,36
IQ,1976,heat,historical,0.08033633127777778,0.49667367,0.0,36
IQ,1977,heat,historical,0.0782922206388889,0.43659294,0.0,36
IQ,1978,heat,historical,0.08815645532222222,0.5388632,0.0,36
IQ,1979,heat,historical,0.09355619027777778,0.5172522,0.0,36
IQ,1980,heat,historical,0.06364802788888889,0.44770294,0.0,36
IQ,1981,heat,historical,0.095566403575,0.5772514,0.0,36
IQ,1982,heat,historical,0.0713641658611111,0.43216294,0.0,36
IQ,1983,heat,historical,0.06574415897222223,0.45945823,0.0,36
IQ,1984,heat,historical,0.061072123816666664,0.4897226,0.0,36
IQ,1985,heat,historical,0.09559629913888888,0.63761806,0.0,36
IQ,1986,heat,historical,0.07409675005555555,0.46400434,0.0,36
IQ,1987,heat,historical,0.08269506008333333,0.4677648,0.0,36
IQ,1988,heat,historical,0.0759006426838889,0.5345116,0.0,36
IQ,1989,heat,historical,0.08836694628333333,0.6066914,0.0,36
IQ,1990,heat,historical,0.08300942372222223,0.4603724,0.0,36
IQ,1991,heat,historical,0.08605616304722223,0.5195797,0.0,36
IQ,1992,heat,historical,0.051851440675,0.37975696,0.0,36
IQ,1993,heat,historical,0.07316337,0.37576368,0.0,36
IQ,1994,heat,historical,0.10116457323333333,0.5829563,0.0,36
IQ,1995,heat,historical,0.09541140536666666,0.5501069,0.0,36
IQ,1996,heat,historical,0.09579096230555556,0.56300133,0.0,36
IQ,1997,heat,historical,0.10958645069444445,0.536402,0.0,36
IQ,1998,heat,historical,0.1125178938611111,0.6233691,0.0,36
IQ,1999,heat,historical,0.08816970194444446,0.38162816,0.0,36
IQ,2000,heat,historical,0.06854093405277778,0.4782079,0.0,36
IQ,2001,heat,historical,0.08602251030555556,0.4792573,0.0,36
IQ,2002,heat,historical,0.10997812594083334,0.5526811,0.0,36
IQ,2003,heat,historical,0.10374620006388889,0.49854589,0.0,36
IQ,2004,heat,historical,0.08897880552777777,0.48543406,0.0,36
IQ,2005,heat,historical,0.08220545294444444,0.5137948,0.0,36
IQ,2006,heat,historical,0.07232647997222223,0.54631644,0.0,36
IQ,2007,heat,historical,0.09948654527777777,0.54854226,0.0,36
IQ,2008,heat,historical,0.09450531186111111,0.5785656,0.0,36
IQ,2009,heat,historical,0.08506061592222222,0.5557917,0.0,36
IQ,2010,heat,historical,0.10150437530555556,0.64384186,0.0,36
IQ,2011,heat,historical,0.10120067869444443,0.54474366,0.0,36
IQ,2012,heat,historical,0.10334155910000001,0.6397257,0.0,36
IQ,2013,heat,historical,0.08370755794444446,0.521868,0.0,36
IQ,2014,heat,historical,0.09017619941666667,0.63152903,0.0,36
IR,1850,heat,historical,0.024981852917708335,0.25301665,0.0,96
IR,1851,heat,historical,0.036496192477083335,0.33999878,0.0,96
IR,1852,heat,historical,0.033184249689583334,0.32978743,0.0,96
IR,1853,heat,historical,0.029588380245833334,0.26430577,0.0,96
IR,1854,heat,historical,0.02917633961875,0.31033778,0.0,96
IR,1855,heat,historical,0.0240562756406875,0.26252234,0.0,96
IR,1856,heat,historical,0.027786582109375,0.30159917,0.0,96
IR,1857,heat,historical,0.028116369718750003,0.32512414,0.0,96
IR,1858,heat,historical,0.03034942598958333,0.34554216,0.0,96
IR,1859,heat,historical,0.032989494859375,0.319318,0.0,96
IR,1860,heat,historical,0.021134085364583333,0.2662864,0.0,96
IR,1861,heat,historical,0.026475015662916667,0.29669997,0.0,96
IR,1862,heat,historical,0.03952386934270833,0.31838578,0.0,96
IR,1863,heat,historical,0.04175961935770833,0.4080996,0.0,96
IR,1864,heat,historical,0.028709142791666666,0.28386226,0.0,96
IR,1865,heat,historical,0.02430291332708333,0.26309478,0.0,96
IR,1866,heat,historical,0.03026273739375,0.32000607,0.0,96
IR,1867,heat,historical,0.024154518833333333,0.30580717,0.0,96
IR,1868,heat,historical,0.033063773564583336,0.31972992,0.0,96
IR,1869,heat,historical,0.026434091589583333,0.25166938,0.0,96
IR,1870,heat,historical,0.026353145614583334,0.27796164,0.0,96
IR,1871,heat,historical,0.024067529833333334,0.27322248,0.0,96
IR,1872,heat,historical,0.037302093985416666,0.37439477,0.0,96
IR,1873,heat,historical,0.0278333401875,0.3216889,0.0,96
IR,1874,heat,historical,0.023230909879166668,0.2665956,0.0,96
IR,1875,heat,historical,0.029927970647916666,0.29072762,0.0,96
IR,1876,heat,historical,0.033860033276041666,0.3280138,0.0,96
IR,1877,heat,historical,0.03135350727020834,0.28214693,0.0,96
IR,1878,heat,historical,0.024347763288541668,0.2298277,0.0,96
IR,1879,heat,historical,0.023863977792708334,0.28083634,0.0,96
IR,1880,heat,historical,0.032252231628124996,0.39762086,0.0,96
IR,1881,heat,historical,0.03460271126041666,0.37764728,0.0,96
IR,1882,heat,historical,0.03179341125125,0.31960863,0.0,96
IR,1883,heat,historical,0.025417514164583335,0.3158043,0.0,96
IR,1884,heat,historical,0.0162887273125,0.26356554,0.0,96
IR,1885,heat,historical,0.0205876468625,0.31185386,0.0,96
IR,1886,heat,historical,0.03487672864166667,0.3977334,0.0,96
IR,1887,heat,historical,0.030740140791666665,0.3118642,0.0,96
IR,1888,heat,historical,0.023079718875,0.26585537,0.0,96
IR,1889,heat,historical,0.026415056608333334,0.2792346,0.0,96
IR,1890,heat,historical,0.030411218252083334,0.35458276,0.0,96
IR,1891,heat,historical,0.02992997146875,0.3501817,0.0,96
IR,1892,heat,historical,0.029149982072916667,0.24595255,0.0,96
IR,1893,heat,historical,0.03805337998958334,0.32758278,0.0,96
IR,1894,heat,historical,0.032099422678124996,0.29435492,0.0,96
IR,1895,heat,historical,0.0317392105275,0.29073536,0.0,96
IR,1896,heat,historical,0.024874291047916667,0.30753744,0.0,96
IR,1897,heat,historical,0.03769021710729167,0.34744018,0.0,96
IR,1898,heat,historical,0.025584900088541664,0.29217863,0.0,96
IR,1899,heat,historical,0.030774397471875003,0.30063128,0.0,96
IR,1900,heat,historical,0.03206856345833333,0.35411045,0.0,96
IR,1901,heat,historical,0.024487392833333333,0.3443647,0.0,96
IR,1902,heat,historical,0.023184775031249997,0.26193696,0.0,96
IR,1903,heat,historical,0.023816621927083333,0.2823844,0.0,96
IR,1904,heat,historical,0.021787316994791667,0.2690119,0.0,96
IR,1905,heat,historical,0.02884408900625,0.31684855,0.0,96
IR,1906,heat,historical,0.029423483513020834,0.2972688,0.0,96
IR,1907,heat,historical,0.024060260068750002,0.23876609,0.0,96
IR,1908,heat,historical,0.030377295176041666,0.34962836,0.0,96
IR,1909,heat,historical,0.03176063794583333,0.3404499,0.0,96
IR,1910,heat,historical,0.025192841410416666,0.30579478,0.0,96
IR,1911,heat,historical,0.02575658814375,0.2902646,0.0,96
IR,1912,heat,historical,0.025484242644791665,0.26285374,0.0,96
IR,1913,heat,historical,0.027093597926041667,0.26808017,0.0,96
IR,1914,heat,historical,0.029941299895833332,0.3536051,0.0,96
IR,1915,heat,historical,0.023408152104166666,0.2754927,0.0,96
IR,1916,heat,historical,0.03781645362291667,0.32588553,0.0,96
IR,1917,heat,historical,0.024674072322916667,0.28007805,0.0,96
IR,1918,heat,historical,0.029953565605208333,0.3028081,0.0,96
IR,1919,heat,historical,0.03092768614895833,0.36153898,0.0,96
IR,1920,heat,historical,0.03079807789375,0.30467826,0.0,96
IR,1921,heat,historical,0.024038741141666667,0.25003147,0.0,96
IR,1922,heat,historical,0.030280536135416664,0.30471647,0.0,96
IR,1923,heat,historical,0.03408682983333333,0.338508,0.0,96
IR,1924,heat,historical,0.031194127496041668,0.37506014,0.0,96
IR,1925,heat,historical,0.028959103073750003,0.2681287,0.0,96
IR,1926,heat,historical,0.028529437392708332,0.29827797,0.0,96
IR,1927,heat,historical,0.04131755839166667,0.43059474,0.0,96
IR,1928,heat,historical,0.035658368546875,0.33910215,0.0,96
IR,1929,heat,historical,0.024006038135416668,0.25342545,0.0,96
IR,1930,heat,historical,0.029546079979166667,0.31074354,0.0,96
IR,1931,heat,historical,0.030589471765625,0.3461848,0.0,96
IR,1932,heat,historical,0.026832415470958337,0.34876114,0.0,96
IR,1933,heat,historical,0.02829312290625,0.27900487,0.0,96
IR,1934,heat,historical,0.027205557890625,0.2802458,0.0,96
IR,1935,heat,historical,0.02771585246875,0.3057029,0.0,96
IR,1936,heat,historical,0.031982316406249996,0.31034398,0.0,96
IR,1937,heat,historical,0.018217815588541665,0.22905599,0.0,96
IR,1938,heat,historical,0.029379332632291668,0.27759,0.0,96
IR,1939,heat,historical,0.041121938375,0.35462096,0.0,96
IR,1940,heat,historical,0.026895551809375,0.26759547,0.0,96
IR,1941,heat,historical,0.029545143109375,0.28271216,0.0,96
IR,1942,heat,historical,0.026525688673333336,0.31576866,0.0,96
IR,1943,heat,historical,0.024311366552083335,0.29339582,0.0,96
IR,1944,heat,historical,0.03236275641458333,0.33212733,0.0,96
IR,1945,heat,historical,0.01974953244375,0.2696174,0.0,96
IR,1946,heat,historical,0.02972491349791667,0.31086895,0.0,96
IR,1947,heat,historical,0.03548576629375,0.32032767,0.0,96
IR,1948,heat,historical,0.027975959751041668,0.28883526,0.0,96
IR,1949,heat,historical,0.02651157430520833,0.25759578,0.0,96
IR,1950,heat,historical,0.026984439535104168,0.34074414,0.0,96
IR,1951,heat,historical,0.028032666369791667,0.31353304,0.0,96
IR,1952,heat,historical,0.025569269885416666,0.25180513,0.0,96
IR,1953,heat,historical,0.028779252980208333,0.31893033,0.0,96
IR,1954,heat,historical,0.02429699947708333,0.28187492,0.0,96
IR,1955,heat,historical,0.033383393486458336,0.32886398,0.0,96
IR,1956,heat,historical,0.0392461788125,0.35566726,0.0,96
IR,1957,heat,historical,0.02801633059375,0.2921229,0.0,96
IR,1958,heat,historical,0.03589315079166667,0.33229044,0.0,96
IR,1959,heat,historical,0.0278722538625,0.32430083,0.0,96
IR,1960,heat,historical,0.031495696701041666,0.34276554,0.0,96
IR,1961,heat,historical,0.03414942939583333,0.36829334,0.0,96
IR,1962,heat,historical,0.024108148177083333,0.2554536,0.0,96
IR,1963,heat,historical,0.02077368080625,0.23893747,0.0,96
IR,1964,heat,historical,0.033473033465625,0.39016238,0.0,96
IR,1965,heat,historical,0.034705654201041665,0.3093173,0.0,96
IR,1966,heat,historical,0.0232560260625,0.23632812,0.0,96
IR,1967,heat,historical,0.023941928098958332,0.2532159,0.0,96
IR,1968,heat,historical,0.029827651790937496,0.2774021,0.0,96
IR,1969,heat,historical,0.04836464119791667,0.39906672,0.0,96
IR,1970,heat,historical,0.027683949720833333,0.2943735,0.0,96
IR,1971,heat,historical,0.025519736384375002,0.2537465,0.0,96
IR,1972,heat,historical,0.027894229354166664,0.35835612,0.0,96
IR,1973,heat,historical,0.024191921416666668,0.28475374,0.0,96
IR,1974,heat,historical,0.02387178466666667,0.24958652,0.0,96
IR,1975,heat,historical,0.028478495412437504,0.3326115,0.0,96
IR,1976,heat,historical,0.031226292830208335,0.2941159,0.0,96
IR,1977,heat,historical,0.033114494342708335,0.3425116,0.0,96
IR,1978,heat,historical,0.025786441802083334,0.31257242,0.0,96
IR,1979,heat,historical,0.028711588406250002,0.34750473,0.0,96
IR,1980,heat,historical,0.03696404641458333,0.3937763,0.0,96
IR,1981,heat,historical,0.03129724796145834,0.3113392,0.0,96
IR,1982,heat,historical,0.03140675054166667,0.35714877,0.0,96
IR,1983,heat,historical,0.0188589059375,0.23809762,0.0,96
IR,1984,heat,historical,0.033607969375,0.3570197,0.0,96
IR,1985,heat,historical,0.02593544896875,0.27369893,0.0,96
IR,1986,heat,historical,0.026114025139583334,0.2797255,0.0,96
IR,1987,heat,historical,0.023081929402083336,0.25072992,0.0,96
IR,1988,heat,historical,0.039059612605208335,0.36282018,0.0,96
IR,1989,heat,historical,0.040860222972291665,0.27782437,0.0,96
IR,1990,heat,historical,0.02931892267708333,0.28424218,0.0,96
IR,1991,heat,historical,0.021993622173958335,0.30451256,0.0,96
IR,1992,heat,historical,0.020871376083333334,0.26985073,0.0,96
IR,1993,heat,historical,0.03405385858333333,0.35743937,0.0,96
IR,1994,heat,historical,0.04642798229791667,0.39023572,0.0,96
IR,1995,heat,historical,0.030645043141666665,0.31308186,0.0,96
IR,1996,heat,historical,0.03292216929895833,0.32710993,0.0,96
IR,1997,heat,historical,0.03672618867291667,0.37653232,0.0,96
IR,1998,heat,historical,0.04119544701041667,0.374626,0.0,96
IR,1999,heat,historical,0.027974766714583335,0.28451887,0.0,96
IR,2000,heat,historical,0.03540782694166667,0.34137028,0.0,96
IR,2001,heat,historical,0.03841572632291667,0.38942683,0.0,96
IR,2002,heat,historical,0.042649557331250004,0.34981263,0.0,96
IR,2003,heat,historical,0.028794254403125,0.31663844,0.0,96
IR,2004,heat,historical,0.03487692801041666,0.31209904,0.0,96
IR,2005,heat,historical,0.038025279915625,0.3025794,0.0,96
IR,2006,heat,historical,0.04635224723958333,0.41051537,0.0,96
IR,2007,heat,historical,0.0340192786,0.32503074,0.0,96
IR,2008,heat,historical,0.04319579157291667,0.3983487,0.0,96
IR,2009,heat,historical,0.045555873736458335,0.40294176,0.0,96
IR,2010,heat,historical,0.03963481805697917,0.4259521,0.0,96
IR,2011,heat,historical,0.051155664931250004,0.37754458,0.0,96
IR,2012,heat,historical,0.038225262002083336,0.35611174,0.0,96
IR,2013,heat,historical,0.033587924552083336,0.3252661,0.0,96
IR,2014,heat,historical,0.04887130658333333,0.45059106,0.0,96
IT,1850,heat,historical,0.0,0.0,0.0,72
IT,1851,heat,historical,0.0,0.0,0.0,72
IT,1852,heat,historical,0.0,0.0,0.0,72
IT,1853,heat,historical,0.0,0.0,0.0,72
IT,1854,heat,historical,0.0,0.0,0.0,72
IT,1855,heat,historical,0.0,0.0,0.0,72
IT,1856,heat,historical,0.0,0.0,0.0,72
IT,1857,heat,historical,0.0,0.0,0.0,72
IT,1858,heat,historical,0.0,0.0,0.0,72
IT,1859,heat,historical,0.0,0.0,0.0,72
IT,1860,heat,historical,0.0,0.0,0.0,72
IT,1861,heat,historical,0.0,0.0,0.0,72
IT,1862,heat,historical,0.0,0.0,0.0,72
IT,1863,heat,historical,0.0,0.0,0.0,72
IT,1864,heat,historical,0.0,0.0,0.0,72
IT,1865,heat,historical,0.0,0.0,0.0,72
IT,1866,heat,historical,0.0,0.0,0.0,72
IT,1867,heat,historical,0.0,0.0,0.0,72
IT,1868,heat,historical,0.0,0.0,0.0,72
IT,1869,heat,historical,0.0,0.0,0.0,72
IT,1870,heat,historical,0.0,0.0,0.0,72
IT,1871,heat,historical,0.0,0.0,0.0,72
IT,1872,heat,historical,0.0,0.0,0.0,72
IT,1873,heat,historical,0.0,0.0,0.0,72
IT,1874,heat,historical,0.0,0.0,0.0,72
IT,1875,heat,historical,0.0,0.0,0.0,72
IT,1876,heat,historical,0.0,0.0,0.0,72
IT,1877,heat,historical,0.0,0.0,0.0,72
IT,1878,heat,historical,0.0,0.0,0.0,72
IT,1879,heat,historical,0.0,0.0,0.0,72
IT,1880,heat,historical,0.0,0.0,0.0,72
IT,1881,heat,historical,0.0,0.0,0.0,72
IT,1882,heat,historical,0.0,0.0,0.0,72
IT,1883,heat,historical,0.0,0.0,0.0,72
IT,1884,heat,historical,0.0,0.0,0.0,72
IT,1885,heat,historical,0.0,0.0,0.0,72
IT,1886,heat,historical,0.0,0.0,0.0,72
IT,1887,heat,historical,0.0,0.0,0.0,72
IT,1888,heat,historical,0.0,0.0,0.0,72
IT,1889,heat,historical,0.0,0.0,0.0,72
IT,1890,heat,historical,0.0,0.0,0.0,72
IT,1891,heat,historical,0.0,0.0,0.0,72
IT,1892,heat,historical,0.0,0.0,0.0,72
IT,1893,heat,historical,0.0,0.0,0.0,72
IT,1894,heat,historical,0.0,0.0,0.0,72
IT,1895,heat,historical,0.0,0.0,0.0,72
IT,1896,heat,historical,0.0,0.0,0.0,72
IT,1897,heat,historical,0.0,0.0,0.0,72
IT,1898,heat,historical,0.0,0.0,0.0,72
IT,1899,heat,historical,0.0,0.0,0.0,72
IT,1900,heat,historical,0.0,0.0,0.0,72
IT,1901,heat,historical,0.0,0.0,0.0,72
IT,1902,heat,historical,0.0,0.0,0.0,72
IT,1903,heat,historical,0.0,0.0,0.0,72
IT,1904,heat,historical,0.0,0.0,0.0,72
IT,1905,heat,historical,0.0,0.0,0.0,72
IT,1906,heat,historical,0.0,0.0,0.0,72
IT,1907,heat,historical,0.0,0.0,0.0,72
IT,1908,heat,historical,0.0,0.0,0.0,72
IT,1909,heat,historical,0.0,0.0,0.0,72
IT,1910,heat,historical,0.0,0.0,0.0,72
IT,1911,heat,historical,0.0,0.0,0.0,72
IT,1912,heat,historical,0.0,0.0,0.0,72
IT,1913,heat,historical,0.0,0.0,0.0,72
IT,1914,heat,historical,0.0,0.0,0.0,72
IT,1915,heat,historical,0.0,0.0,0.0,72
IT,1916,heat,historical,0.0,0.0,0.0,72
IT,1917,heat,historical,0.0,0.0,0.0,72
IT,1918,heat,historical,0.0,0.0,0.0,72
IT,1919,heat,historical,0.0,0.0,0.0,72
IT,1920,heat,historical,0.0,0.0,0.0,72
IT,1921,heat,historical,0.0,0.0,0.0,72
IT,1922,heat,historical,0.0,0.0,0.0,72
IT,1923,heat,historical,0.0,0.0,0.0,72
IT,1924,heat,historical,0.0,0.0,0.0,72
IT,1925,heat,historical,0.0,0.0,0.0,72
IT,1926,heat,historical,0.0,0.0,0.0,72
IT,1927,heat,historical,0.0,0.0,0.0,72
IT,1928,heat,historical,0.0,0.0,0.0,72
IT,1929,heat,historical,0.0,0.0,0.0,72
IT,1930,heat,historical,0.0,0.0,0.0,72
IT,1931,heat,historical,0.0,0.0,0.0,72
IT,1932,heat,historical,0.0,0.0,0.0,72
IT,1933,heat,historical,0.0,0.0,0.0,72
IT,1934,heat,historical,0.0,0.0,0.0,72
IT,1935,heat,historical,0.0,0.0,0.0,72
IT,1936,heat,historical,0.0,0.0,0.0,72
IT,1937,heat,historical,0.0,0.0,0.0,72
IT,1938,heat,historical,0.0,0.0,0.0,72
IT,1939,heat,historical,0.0,0.0,0.0,72
IT,1940,heat,historical,0.0,0.0,0.0,72
IT,1941,heat,historical,0.0,0.0,0.0,72
IT,1942,heat,historical,0.0,0.0,0.0,72
IT,1943,heat,historical,0.0,0.0,0.0,72
IT,1944,heat,historical,0.0,0.0,0.0,72
IT,1945,heat,historical,0.0,0.0,0.0,72
IT,1946,heat,historical,0.0,0.0,0.0,72
IT,1947,heat,historical,0.0,0.0,0.0,72
IT,1948,heat,historical,0.0,0.0,0.0,72
IT,1949,heat,historical,0.0,0.0,0.0,72
IT,1950,heat,historical,0.0,0.0,0.0,72
IT,1951,heat,historical,0.0,0.0,0.0,72
IT,1952,heat,historical,0.0,0.0,0.0,72
IT,1953,heat,historical,0.0,0.0,0.0,72
IT,1954,heat,historical,0.0,0.0,0.0,72
IT,1955,heat,historical,0.0,0.0,0.0,72
IT,1956,heat,historical,0.0,0.0,0.0,72
IT,1957,heat,historical,0.0,0.0,0.0,72
IT,1958,heat,historical,0.0,0.0,0.0,72
IT,1959,heat,historical,0.0,0.0,0.0,72
IT,1960,heat,historical,0.0,0.0,0.0,72
IT,1961,heat,historical,0.0,0.0,0.0,72
IT,1962,heat,historical,0.0,0.0,0.0,72
IT,1963,heat,historical,0.0,0.0,0.0,72
IT,1964,heat,historical,0.0,0.0,0.0,72
IT,1965,heat,historical,0.0,0.0,0.0,72
IT,1966,heat,historical,0.0,0.0,0.0,72
IT,1967,heat,historical,0.0,0.0,0.0,72
IT,1968,heat,historical,0.0,0.0,0.0,72
IT,1969,heat,historical,0.0,0.0,0.0,72
IT,1970,heat,historical,0.0,0.0,0.0,72
IT,1971,heat,historical,0.0,0.0,0.0,72
IT,1972,heat,historical,0.0,0.0,0.0,72
IT,1973,heat,historical,0.0,0.0,0.0,72
IT,1974,heat,historical,0.0,0.0,0.0,72
IT,1975,heat,historical,0.0,0.0,0.0,72
IT,1976,heat,historical,0.0,0.0,0.0,72
IT,1977,heat,historical,0.0,0.0,0.0,72
IT,1978,heat,historical,0.0,0.0,0.0,72
IT,1979,heat,historical,0.0,0.0,0.0,72
IT,1980,heat,historical,0.0,0.0,0.0,72
IT,1981,heat,historical,0.0,0.0,0.0,72
IT,1982,heat,historical,0.0,0.0,0.0,72
IT,1983,heat,historical,0.0,0.0,0.0,72
IT,1984,heat,historical,0.0,0.0,0.0,72
IT,1985,heat,historical,0.0,0.0,0.0,72
IT,1986,heat,historical,0.0,0.0,0.0,72
IT,1987,heat,historical,0.0,0.0,0.0,72
IT,1988,heat,historical,0.0,0.0,0.0,72
IT,1989,heat,historical,0.0,0.0,0.0,72
IT,1990,heat,historical,0.0,0.0,0.0,72
IT,1991,heat,historical,0.0,0.0,0.0,72
IT,1992,heat,historical,0.0,0.0,0.0,72
IT,1993,heat,historical,0.0,0.0,0.0,72
IT,1994,heat,historical,0.0,0.0,0.0,72
IT,1995,heat,historical,0.0,0.0,0.0,72
IT,1996,heat,historical,0.0,0.0,0.0,72
IT,1997,heat,historical,0.0,0.0,0.0,72
IT,1998,heat,historical,0.0,0.0,0.0,72
IT,1999,heat,historical,0.0,0.0,0.0,72
IT,2000,heat,historical,0.0,0.0,0.0,72
IT,2001,heat,historical,0.0,0.0,0.0,72
IT,2002,heat,historical,0.0,0.0,0.0,72
IT,2003,heat,historical,0.0,0.0,0.0,72
IT,2004,heat,historical,0.0,0.0,0.0,72
IT,2005,heat,historical,0.0,0.0,0.0,72
IT,2006,heat,historical,0.0,0.0,0.0,72
IT,2007,heat,historical,0.0,0.0,0.0,72
IT,2008,heat,historical,0.0,0.0,0.0,72
IT,2009,heat,historical,0.0,0.0,0.0,72
IT,2010,heat,historical,0.0,0.0,0.0,72
IT,2011,heat,historical,0.0,0.0,0.0,72
IT,2012,heat,historical,0.0,0.0,0.0,72
IT,2013,heat,historical,0.0,0.0,0.0,72
IT,2014,heat,historical,0.0,0.0,0.0,72
JO,1850,heat,historical,0.011952276916666666,0.10059208,0.0,12
JO,1851,heat,historical,0.0007524803333333333,0.009029764,0.0,12
JO,1852,heat,historical,0.0030289342750000003,0.033355873,0.0,12
JO,1853,heat,historical,0.0016214910833333334,0.019457893,0.0,12
JO,1854,heat,historical,0.0027336719166666666,0.02339593,0.0,12
JO,1855,heat,historical,0.004223749166666666,0.05068499,0.0,12
JO,1856,heat,historical,0.006504074833333334,0.049030077,0.0,12
JO,1857,heat,historical,0.0035679259416666665,0.035091832,0.0,12
JO,1858,heat,historical,0.0012509505833333333,0.015011407,0.0,12
JO,1859,heat,historical,0.0015332651666666666,0.012063946,0.0,12
JO,1860,heat,historical,0.003410271916666667,0.027618906,0.0,12
JO,1861,heat,historical,0.002266431333333333,0.022092544,0.0,12
JO,1862,heat,historical,0.0008482770833333333,0.010179325,0.0,12
JO,1863,heat,historical,0.0020231323333333336,0.016177488,0.0,12
JO,1864,heat,historical,0.0021629345833333335,0.025955215,0.0,12
JO,1865,heat,historical,0.00323622875,0.037277907,0.0,12
JO,1866,heat,historical,0.009531632333333333,0.09998916,0.0,12
JO,1867,heat,historical,0.007476754333333333,0.051068522,0.0,12
JO,1868,heat,historical,0.00398079425,0.03885333,0.0,12
JO,1869,heat,historical,0.000473564025,0.0045223664,0.0,12
JO,1870,heat,historical,0.0017728647500000001,0.021274377,0.0,12
JO,1871,heat,historical,0.005831131083333333,0.042604506,0.0,12
JO,1872,heat,historical,0.0036974041666666666,0.029045662,0.0,12
JO,1873,heat,historical,0.004548176166666667,0.028536696,0.0,12
JO,1874,heat,historical,0.00034464483333333334,0.004135738,0.0,12
JO,1875,heat,historical,0.004449325333333333,0.053391904,0.0,12
JO,1876,heat,historical,0.016966316333333332,0.16165873,0.0,12
JO,1877,heat,historical,0.0,0.0,0.0,12
JO,1878,heat,historical,0.0009011439166666667,0.010813727,0.0,12
JO,1879,heat,historical,0.0019858374166666667,0.023830049,0.0,12
JO,1880,heat,historical,0.0012451434166666667,0.009663132,0.0,12
JO,1881,heat,historical,0.0022912516666666665,0.02749502,0.0,12
JO,1882,heat,historical,0.0,0.0,0.0,12
JO,1883,heat,historical,0.0013469625083333333,0.013367849,0.0,12
JO,1884,heat,historical,0.0,0.0,0.0,12
JO,1885,heat,historical,0.003412637833333334,0.027855322,0.0,12
JO,1886,heat,historical,0.0036533988333333333,0.023971485,0.0,12
JO,1887,heat,historical,0.003868049,0.022445103,0.0,12
JO,1888,heat,historical,0.002402577208333333,0.01962256,0.0,12
JO,1889,heat,historical,0.0,0.0,0.0,12
JO,1890,heat,historical,0.007863081166666668,0.07047892,0.0,12
JO,1891,heat,historical,0.005548558166666666,0.05023435,0.0,12
JO,1892,heat,historical,0.007252683166666667,0.082372524,0.0,12
JO,1893,heat,historical,0.0,0.0,0.0,12
JO,1894,heat,historical,0.0027074319999999996,0.032489184,0.0,12
JO,1895,heat,historical,0.013387506916666667,0.14107966,0.0,12
JO,1896,heat,historical,0.013470656166666666,0.1339949,0.0,12
JO,1897,heat,historical,0.004841416649999999,0.03152545,0.0,12
JO,1898,heat,historical,0.0025408308333333333,0.03048997,0.0,12
JO,1899,heat,historical,0.0010199972916666666,0.0122399675,0.0,12
JO,1900,heat,historical,0.0010253743333333333,0.012304492,0.0,12
JO,1901,heat,historical,0.0,0.0,0.0,12
JO,1902,heat,historical,0.008967003416666666,0.07769737,0.0,12
JO,1903,heat,historical,0.0005092243666666667,0.0061106924,0.0,12
JO,1904,heat,historical,0.0042061125,0.045173597,0.0,12
JO,1905,heat,historical,0.004082871291666667,0.045440983,0.0,12
JO,1906,heat,historical,0.0033771494999999996,0.025899982,0.0,12
JO,1907,heat,historical,0.004195229361666667,0.049616985,0.0,12
JO,1908,heat,historical,0.0015961546666666668,0.019153856,0.0,12
JO,1909,heat,historical,0.004737791333333333,0.035217267,0.0,12
JO,1910,heat,historical,0.00019103441666666667,0.002292413,0.0,12
JO,1911,heat,historical,0.0021005612500000002,0.015878612,0.0,12
JO,1912,heat,historical,0.0006876980833333333,0.008252377,0.0,12
JO,1913,heat,historical,0.0035609143333333333,0.042730972,0.0,12
JO,1914,heat,historical,0.0033584375,0.04030125,0.0,12
JO,1915,heat,historical,0.007643828500000001,0.05067673,0.0,12
JO,1916,heat,historical,0.003049151875,0.015629807,0.0,12
JO,1917,heat,historical,0.0018423358333333334,0.02210803,0.0,12
JO,1918,heat,historical,0.0038053745833333333,0.03674468,0.0,12
JO,1919,heat,historical,0.0030049742999999998,0.02902553,0.0,12
JO,1920,heat,historical,0.002836867583333333,0.020764895,0.0,12
JO,1921,heat,historical,0.005088544416666667,0.039578065,0.0,12
JO,1922,heat,historical,8.826899999999999e-05,0.001059228,0.0,12
JO,1923,heat,historical,0.004654813333333333,0.03907168,0.0,12
JO,1924,heat,historical,0.0018423357499999999,0.016734976,0.0,12
JO,1925,heat,historical,0.0023794776000000003,0.013953213,0.0,12
JO,1926,heat,historical,0.004715121666666666,0.040421523,0.0,12
JO,1927,heat,historical,0.018941872333333335,0.14940637,0.0,12
JO,1928,heat,historical,0.0,0.0,0.0,12
JO,1929,heat,historical,0.00028975631666666664,0.0034770758,0.0,12
JO,1930,heat,historical,0.003594208666666666,0.03352312,0.0,12
JO,1931,heat,historical,0.005492336333333334,0.03746477,0.0,12
JO,1932,heat,historical,0.0025828145833333336,0.030993775,0.0,12
JO,1933,heat,historical,0.0033101304916666667,0.018939637,0.0,12
JO,1934,heat,historical,0.007411025333333332,0.054195613,0.0,12
JO,1935,heat,historical,0.00490090825,0.0488205,0.0,12
JO,1936,heat,historical,0.006027972583333333,0.028421069,0.0,12
JO,1937,heat,historical,0.003694952333333333,0.029917512,0.0,12
JO,1938,heat,historical,0.010987468583333333,0.09399874,0.0,12
JO,1939,heat,historical,0.0050181699166666665,0.048671834,0.0,12
JO,1940,heat,historical,0.010623853666666667,0.109157264,0.0,12
JO,1941,heat,historical,0.00034726880833333334,0.0041672257,0.0,12
JO,1942,heat,historical,0.003585390433333333,0.036098924,0.0,12
JO,1943,heat,historical,0.001991343333333333,0.02389612,0.0,12
JO,1944,heat,historical,0.0,0.0,0.0,12
JO,1945,heat,historical,0.007469398249999999,0.07666756,0.0,12
JO,1946,heat,historical,0.004994812366666667,0.052616067,0.0,12
JO,1947,heat,historical,0.0023238578333333332,0.027886294,0.0,12
JO,1948,heat,historical,0.009892537083333333,0.09899652,0.0,12
JO,1949,heat,historical,0.0013613299166666667,0.006133405,0.0,12
JO,1950,heat,historical,0.007857876583333333,0.050850686,0.0,12
JO,1951,heat,historical,0.006585632750000001,0.060179323,0.0,12
JO,1952,heat,historical,0.0035600108333333335,0.029365702,0.0,12
JO,1953,heat,historical,0.00027629228333333333,0.0033155074,0.0,12
JO,1954,heat,historical,0.0038155265,0.023433097,0.0,12
JO,1955,heat,historical,0.0035024122499999998,0.023335535,0.0,12
JO,1956,heat,historical,0.0022663452499999998,0.013940823,0.0,12
JO,1957,heat,historical,0.0017563036666666668,0.021075644,0.0,12
JO,1958,heat,historical,0.0022149410000000002,0.026579292,0.0,12
JO,1959,heat,historical,0.0,0.0,0.0,12
JO,1960,heat,historical,0.00114676575,0.013761189,0.0,12
JO,1961,heat,historical,0.011224530083333335,0.122351155,0.0,12
JO,1962,heat,historical,0.0028919283333333334,0.03470314,0.0,12
JO,1963,heat,historical,0.01811661,0.12898424,0.0,12
JO,1964,heat,historical,0.0006933761666666666,0.008320514,0.0,12
JO,1965,heat,historical,0.004414611333333333,0.03644219,0.0,12
JO,1966,heat,historical,0.0,0.0,0.0,12
JO,1967,heat,historical,0.0014237031666666667,0.017084438,0.0,12
JO,1968,heat,historical,0.004536863033333334,0.047117062,0.0,12
JO,1969,heat,historical,0.0003366008333333333,0.00403921,0.0,12
JO,1970,heat,historical,0.0021743338333333334,0.026092006,0.0,12
JO,1971,heat,historical,0.00197082475,0.023649897,0.0,12
JO,1972,heat,historical,0.0007051625883333334,0.007921497,0.0,12
JO,1973,heat,historical,0.009955512083333333,0.07560936,0.0,12
JO,1974,heat,historical,0.004473500416666667,0.03067993,0.0,12
JO,1975,heat,historical,0.0007646968333333334,0.009176362,0.0,12
JO,1976,heat,historical,0.0019632539166666665,0.023559047,0.0,12
JO,1977,heat,historical,0.0,0.0,0.0,12
JO,1978,heat,historical,0.005163478166666667,0.032783415,0.0,12
JO,1979,heat,historical,0.005745184833333333,0.031664826,0.0,12
JO,1980,heat,historical,0.0,0.0,0.0,12
JO,1981,heat,historical,0.011370096416666668,0.075252675,0.0,12
JO,1982,heat,historical,0.0013194323333333335,0.015833188,0.0,12
JO,1983,heat,historical,0.002071826583333333,0.024861919,0.0,12
JO,1984,heat,historical,0.0016971994166666666,0.020366393,0.0,12
JO,1985,heat,historical,0.01414368725,0.15599816,0.0,12
JO,1986,heat,historical,0.0038949770833333337,0.036846887,0.0,12
JO,1987,heat,historical,0.0012263455,0.01078482,0.0,12
JO,1988,heat,historical,0.002440087116666667,0.024556331,0.0,12
JO,1989,heat,historical,0.021953901833333334,0.22444741,0.0,12
JO,1990,heat,historical,0.0011058574166666667,0.013270289,0.0,12
JO,1991,heat,historical,0.0005428199166666667,0.006513839,0.0,12
JO,1992,heat,historical,0.001864618,0.022375416,0.0,12
JO,1993,heat,historical,0.0055406863333333336,0.066488236,0.0,12
JO,1994,heat,historical,0.009115581166666666,0.08383439,0.0,12
JO,1995,heat,historical,0.013131089583333333,0.11664568,0.0,12
JO,1996,heat,historical,0.009626826083333333,0.06517039,0.0,12
JO,1997,heat,historical,0.0185832045,0.17679144,0.0,12
JO,1998,heat,historical,0.011534030249999999,0.06800687,0.0,12
JO,1999,heat,historical,0.005665046,0.032511383,0.0,12
JO,2000,heat,historical,0.002408341333333333,0.028900096,0.0,12
JO,2001,heat,historical,0.004559919583333333,0.054719035,0.0,12
JO,2002,heat,historical,0.015778986999999998,0.10925121,0.0,12
JO,2003,heat,historical,0.009881610291666667,0.11409722,0.0,12
JO,2004,heat,historical,0.006387027391666667,0.07165584,0.0,12
JO,2005,heat,historical,0.0006068708583333334,0.0047422647,0.0,12
JO,2006,heat,historical,0.0018206556666666665,0.016813438,0.0,12
JO,2007,heat,historical,0.010087184916666667,0.06891331,0.0,12
JO,2008,heat,historical,0.007145186208333334,0.054980747,0.0,12
JO,2009,heat,historical,0.0036162328333333334,0.03177942,0.0,12
JO,2010,heat,historical,0.015538828499999999,0.14716198,0.0,12
JO,2011,heat,historical,0.0029493547,0.03485077,0.0,12
JO,2012,heat,historical,0.016138170500000003,0.1532293,0.0,12
JO,2013,heat,historical,0.010506462724999999,0.12235735,0.0,12
JO,2014,heat,historical,0.008158215,0.05447436,0.0,12
JP,1850,heat,historical,0.0,0.0,0.0,336
JP,1851,heat,historical,0.0,0.0,0.0,336
JP,1852,heat,historical,0.0,0.0,0.0,336
JP,1853,heat,historical,0.0,0.0,0.0,336
JP,1854,heat,historical,0.0,0.0,0.0,336
JP,1855,heat,historical,0.0,0.0,0.0,336
JP,1856,heat,historical,0.0,0.0,0.0,336
JP,1857,heat,historical,0.0,0.0,0.0,336
JP,1858,heat,historical,0.0,0.0,0.0,336
JP,1859,heat,historical,0.0,0.0,0.0,336
JP,1860,heat,historical,0.0,0.0,0.0,336
JP,1861,heat,historical,0.0,0.0,0.0,336
JP,1862,heat,historical,0.0,0.0,0.0,336
JP,1863,heat,historical,0.0,0.0,0.0,336
JP,1864,heat,historical,0.0,0.0,0.0,336
JP,1865,heat,historical,0.0,0.0,0.0,336
JP,1866,heat,historical,0.0,0.0,0.0,336
JP,1867,heat,historical,0.0,0.0,0.0,336
JP,1868,heat,historical,0.0,0.0,0.0,336
JP,1869,heat,historical,0.0,0.0,0.0,336
JP,1870,heat,historical,0.0,0.0,0.0,336
JP,1871,heat,historical,0.0,0.0,0.0,336
JP,1872,heat,historical,0.0,0.0,0.0,336
JP,1873,heat,historical,0.0,0.0,0.0,336
JP,1874,heat,historical,0.0,0.0,0.0,336
JP,1875,heat,historical,0.0,0.0,0.0,336
JP,1876,heat,historical,0.0,0.0,0.0,336
JP,1877,heat,historical,0.0,0.0,0.0,336
JP,1878,heat,historical,0.0,0.0,0.0,336
JP,1879,heat,historical,0.0,0.0,0.0,336
JP,1880,heat,historical,0.0,0.0,0.0,336
JP,1881,heat,historical,0.0,0.0,0.0,336
JP,1882,heat,historical,0.0,0.0,0.0,336
JP,1883,heat,historical,0.0,0.0,0.0,336
JP,1884,heat,historical,0.0,0.0,0.0,336
JP,1885,heat,historical,0.0,0.0,0.0,336
JP,1886,heat,historical,0.0,0.0,0.0,336
JP,1887,heat,historical,0.0,0.0,0.0,336
JP,1888,heat,historical,0.0,0.0,0.0,336
JP,1889,heat,historical,0.0,0.0,0.0,336
JP,1890,heat,historical,0.0,0.0,0.0,336
JP,1891,heat,historical,0.0,0.0,0.0,336
JP,1892,heat,historical,0.0,0.0,0.0,336
JP,1893,heat,historical,0.0,0.0,0.0,336
JP,1894,heat,historical,0.0,0.0,0.0,336
JP,1895,heat,historical,0.0,0.0,0.0,336
JP,1896,heat,historical,0.0,0.0,0.0,336
JP,1897,heat,historical,0.0,0.0,0.0,336
JP,1898,heat,historical,0.0,0.0,0.0,336
JP,1899,heat,historical,0.0,0.0,0.0,336
JP,1900,heat,historical,0.0,0.0,0.0,336
JP,1901,heat,historical,0.0,0.0,0.0,336
JP,1902,heat,historical,0.0,0.0,0.0,336
JP,1903,heat,historical,0.0,0.0,0.0,336
JP,1904,heat,historical,0.0,0.0,0.0,336
JP,1905,heat,historical,0.0,0.0,0.0,336
JP,1906,heat,historical,0.0,0.0,0.0,336
JP,1907,heat,historical,0.0,0.0,0.0,336
JP,1908,heat,historical,0.0,0.0,0.0,336
JP,1909,heat,historical,0.0,0.0,0.0,336
JP,1910,heat,historical,0.0,0.0,0.0,336
JP,1911,heat,historical,0.0,0.0,0.0,336
JP,1912,heat,historical,0.0,0.0,0.0,336
JP,1913,heat,historical,0.0,0.0,0.0,336
JP,1914,heat,historical,0.0,0.0,0.0,336
JP,1915,heat,historical,0.0,0.0,0.0,336
JP,1916,heat,historical,0.0,0.0,0.0,336
JP,1917,heat,historical,0.0,0.0,0.0,336
JP,1918,heat,historical,0.0,0.0,0.0,336
JP,1919,heat,historical,0.0,0.0,0.0,336
JP,1920,heat,historical,0.0,0.0,0.0,336
JP,1921,heat,historical,0.0,0.0,0.0,336
JP,1922,heat,historical,0.0,0.0,0.0,336
JP,1923,heat,historical,0.0,0.0,0.0,336
JP,1924,heat,historical,0.0,0.0,0.0,336
JP,1925,heat,historical,0.0,0.0,0.0,336
JP,1926,heat,historical,0.0,0.0,0.0,336
JP,1927,heat,historical,0.0,0.0,0.0,336
JP,1928,heat,historical,0.0,0.0,0.0,336
JP,1929,heat,historical,0.0,0.0,0.0,336
JP,1930,heat,historical,0.0,0.0,0.0,336
JP,1931,heat,historical,0.0,0.0,0.0,336
JP,1932,heat,historical,0.0,0.0,0.0,336
JP,1933,heat,historical,0.0,0.0,0.0,336
JP,1934,heat,historical,0.0,0.0,0.0,336
JP,1935,heat,historical,0.0,0.0,0.0,336
JP,1936,heat,historical,0.0,0.0,0.0,336
JP,1937,heat,historical,0.0,0.0,0.0,336
JP,1938,heat,historical,0.0,0.0,0.0,336
JP,1939,heat,historical,0.0,0.0,0.0,336
JP,1940,heat,historical,0.0,0.0,0.0,336
JP,1941,heat,historical,0.0,0.0,0.0,336
JP,1942,heat,historical,0.0,0.0,0.0,336
JP,1943,heat,historical,0.0,0.0,0.0,336
JP,1944,heat,historical,0.0,0.0,0.0,336
JP,1945,heat,historical,0.0,0.0,0.0,336
JP,1946,heat,historical,0.0,0.0,0.0,336
JP,1947,heat,historical,0.0,0.0,0.0,336
JP,1948,heat,historical,0.0,0.0,0.0,336
JP,1949,heat,historical,0.0,0.0,0.0,336
JP,1950,heat,historical,0.0,0.0,0.0,336
JP,1951,heat,historical,0.0,0.0,0.0,336
JP,1952,heat,historical,0.0,0.0,0.0,336
JP,1953,heat,historical,0.0,0.0,0.0,336
JP,1954,heat,historical,0.0,0.0,0.0,336
JP,1955,heat,historical,0.0,0.0,0.0,336
JP,1956,heat,historical,0.0,0.0,0.0,336
JP,1957,heat,historical,0.0,0.0,0.0,336
JP,1958,heat,historical,0.0,0.0,0.0,336
JP,1959,heat,historical,0.0,0.0,0.0,336
JP,1960,heat,historical,0.0,0.0,0.0,336
JP,1961,heat,historical,0.0,0.0,0.0,336
JP,1962,heat,historical,0.0,0.0,0.0,336
JP,1963,heat,historical,0.0,0.0,0.0,336
JP,1964,heat,historical,0.0,0.0,0.0,336
JP,1965,heat,historical,0.0,0.0,0.0,336
JP,1966,heat,historical,0.0,0.0,0.0,336
JP,1967,heat,historical,0.0,0.0,0.0,336
JP,1968,heat,historical,0.0,0.0,0.0,336
JP,1969,heat,historical,0.0,0.0,0.0,336
JP,1970,heat,historical,0.0,0.0,0.0,336
JP,1971,heat,historical,0.0,0.0,0.0,336
JP,1972,heat,historical,0.0,0.0,0.0,336
JP,1973,heat,historical,0.0,0.0,0.0,336
JP,1974,heat,historical,0.0,0.0,0.0,336
JP,1975,heat,historical,0.0,0.0,0.0,336
JP,1976,heat,historical,0.0,0.0,0.0,336
JP,1977,heat,historical,0.0,0.0,0.0,336
JP,1978,heat,historical,0.0,0.0,0.0,336
JP,1979,heat,historical,0.0,0.0,0.0,336
JP,1980,heat,historical,0.0,0.0,0.0,336
JP,1981,heat,historical,0.0,0.0,0.0,336
JP,1982,heat,historical,0.0,0.0,0.0,336
JP,1983,heat,historical,0.0,0.0,0.0,336
JP,1984,heat,historical,0.0,0.0,0.0,336
JP,1985,heat,historical,0.0,0.0,0.0,336
JP,1986,heat,historical,0.0,0.0,0.0,336
JP,1987,heat,historical,0.0,0.0,0.0,336
JP,1988,heat,historical,0.0,0.0,0.0,336
JP,1989,heat,historical,0.0,0.0,0.0,336
JP,1990,heat,historical,0.0,0.0,0.0,336
JP,1991,heat,historical,0.0,0.0,0.0,336
JP,1992,heat,historical,0.0,0.0,0.0,336
JP,1993,heat,historical,0.0,0.0,0.0,336
JP,1994,heat,historical,0.0,0.0,0.0,336
JP,1995,heat,historical,0.0,0.0,0.0,336
JP,1996,heat,historical,0.0,0.0,0.0,336
JP,1997,heat,historical,0.0,0.0,0.0,336
JP,1998,heat,historical,0.0,0.0,0.0,336
JP,1999,heat,historical,0.0,0.0,0.0,336
JP,2000,heat,historical,0.0,0.0,0.0,336
JP,2001,heat,historical,0.0,0.0,0.0,336
JP,2002,heat,historical,0.0,0.0,0.0,336
JP,2003,heat,historical,0.0,0.0,0.0,336
JP,2004,heat,historical,0.0,0.0,0.0,336
JP,2005,heat,historical,0.0,0.0,0.0,336
JP,2006,heat,historical,0.0,0.0,0.0,336
JP,2007,heat,historical,0.0,0.0,0.0,336
JP,2008,heat,historical,0.0,0.0,0.0,336
JP,2009,heat,historical,0.0,0.0,0.0,336
JP,2010,heat,historical,0.0,0.0,0.0,336
JP,2011,heat,historical,0.0,0.0,0.0,336
JP,2012,heat,historical,0.0,0.0,0.0,336
JP,2013,heat,historical,0.0,0.0,0.0,336
JP,2014,heat,historical,0.0,0.0,0.0,336
KE,1850,heat,historical,0.0,0.0,0.0,24
KE,1851,heat,historical,5.572733333333334e-05,0.001337456,0.0,24
KE,1852,heat,historical,0.0,0.0,0.0,24
KE,1853,heat,historical,0.0,0.0,0.0,24
KE,1854,heat,historical,0.0,0.0,0.0,24
KE,1855,heat,historical,0.0,0.0,0.0,24
KE,1856,heat,historical,0.0,0.0,0.0,24
KE,1857,heat,historical,0.0,0.0,0.0,24
KE,1858,heat,historical,0.00013025269833333332,0.002254731,0.0,24
KE,1859,heat,historical,0.0,0.0,0.0,24
KE,1860,heat,historical,0.0,0.0,0.0,24
KE,1861,heat,historical,0.00028278770833333334,0.006786905,0.0,24
KE,1862,heat,historical,0.0,0.0,0.0,24
KE,1863,heat,historical,0.0,0.0,0.0,24
KE,1864,heat,historical,0.0,0.0,0.0,24
KE,1865,heat,historical,0.0,0.0,0.0,24
KE,1866,heat,historical,0.0,0.0,0.0,24
KE,1867,heat,historical,0.0008028091250000001,0.014164335,0.0,24
KE,1868,heat,historical,0.0,0.0,0.0,24
KE,1869,heat,historical,0.0,0.0,0.0,24
KE,1870,heat,historical,0.0,0.0,0.0,24
KE,1871,heat,historical,0.0,0.0,0.0,24
KE,1872,heat,historical,0.0,0.0,0.0,24
KE,1873,heat,historical,0.0,0.0,0.0,24
KE,1874,heat,historical,0.0,0.0,0.0,24
KE,1875,heat,historical,0.0,0.0,0.0,24
KE,1876,heat,historical,0.0,0.0,0.0,24
KE,1877,heat,historical,0.0,0.0,0.0,24
KE,1878,heat,historical,0.0,0.0,0.0,24
KE,1879,heat,historical,0.0,0.0,0.0,24
KE,1880,heat,historical,0.0,0.0,0.0,24
KE,1881,heat,historical,0.0,0.0,0.0,24
KE,1882,heat,historical,0.0,0.0,0.0,24
KE,1883,heat,historical,0.0,0.0,0.0,24
KE,1884,heat,historical,0.0,0.0,0.0,24
KE,1885,heat,historical,0.0,0.0,0.0,24
KE,1886,heat,historical,0.0014046041125,0.01617181,0.0,24
KE,1887,heat,historical,0.0,0.0,0.0,24
KE,1888,heat,historical,0.0,0.0,0.0,24
KE,1889,heat,historical,0.0,0.0,0.0,24
KE,1890,heat,historical,0.0,0.0,0.0,24
KE,1891,heat,historical,0.0,0.0,0.0,24
KE,1892,heat,historical,0.000996015875,0.015390294,0.0,24
KE,1893,heat,historical,0.0002710013083333333,0.0065040314,0.0,24
KE,1894,heat,historical,5.422177083333333e-05,0.0013013225,0.0,24
KE,1895,heat,historical,0.0006941720374999999,0.01571085,0.0,24
KE,1896,heat,historical,0.000314297,0.007543128,0.0,24
KE,1897,heat,historical,0.0,0.0,0.0,24
KE,1898,heat,historical,0.0,0.0,0.0,24
KE,1899,heat,historical,0.0,0.0,0.0,24
KE,1900,heat,historical,0.0,0.0,0.0,24
KE,1901,heat,historical,0.00037486364166666665,0.0054102186,0.0,24
KE,1902,heat,historical,0.0005084930833333333,0.012203834,0.0,24
KE,1903,heat,historical,0.0,0.0,0.0,24
KE,1904,heat,historical,0.0,0.0,0.0,24
KE,1905,heat,historical,0.0,0.0,0.0,24
KE,1906,heat,historical,0.0,0.0,0.0,24
KE,1907,heat,historical,0.0,0.0,0.0,24
KE,1908,heat,historical,0.0,0.0,0.0,24
KE,1909,heat,historical,0.0,0.0,0.0,24
KE,1910,heat,historical,0.0,0.0,0.0,24
KE,1911,heat,historical,0.00026368858333333334,0.006328526,0.0,24
KE,1912,heat,historical,0.0,0.0,0.0,24
KE,1913,heat,historical,0.0002795185,0.006708444,0.0,24
KE,1914,heat,historical,0.0,0.0,0.0,24
KE,1915,heat,historical,0.0,0.0,0.0,24
KE,1916,heat,historical,0.0,0.0,0.0,24
KE,1917,heat,historical,0.0,0.0,0.0,24
KE,1918,heat,historical,0.0,0.0,0.0,24
KE,1919,heat,historical,0.000515913375,0.012381921,0.0,24
KE,1920,heat,historical,0.0007358975929166667,0.017355956,0.0,24
KE,1921,heat,historical,0.0,0.0,0.0,24
KE,1922,heat,historical,0.0,0.0,0.0,24
KE,1923,heat,historical,0.0,0.0,0.0,24
KE,1924,heat,historical,0.0,0.0,0.0,24
KE,1925,heat,historical,0.0,0.0,0.0,24
KE,1926,heat,historical,0.000643606625,0.011230811,0.0,24
KE,1927,heat,historical,0.00022108115416666666,0.0053059477,0.0,24
KE,1928,heat,historical,0.0,0.0,0.0,24
KE,1929,heat,historical,0.0,0.0,0.0,24
KE,1930,heat,historical,0.00011521857083333334,0.0027652457,0.0,24
KE,1931,heat,historical,0.0,0.0,0.0,24
KE,1932,heat,historical,0.001255919,0.0153108,0.0,24
KE,1933,heat,historical,0.0002391048875,0.0057385173,0.0,24
KE,1934,heat,historical,0.0,0.0,0.0,24
KE,1935,heat,historical,0.0006371542083333334,0.015291701,0.0,24
KE,1936,heat,historical,0.0008282100833333332,0.011049626,0.0,24
KE,1937,heat,historical,0.00016225665833333335,0.0038941598,0.0,24
KE,1938,heat,historical,0.0001322529375,0.0031740705,0.0,24
KE,1939,heat,historical,0.0,0.0,0.0,24
KE,1940,heat,historical,0.0011445934166666666,0.014297513,0.0,24
KE,1941,heat,historical,0.00046149804166666666,0.011075953,0.0,24
KE,1942,heat,historical,0.0004839954166666667,0.01161589,0.0,24
KE,1943,heat,historical,0.00027373283333333333,0.004105799,0.0,24
KE,1944,heat,historical,0.0019007514791666666,0.032695144,0.0,24
KE,1945,heat,historical,0.0020645568333333333,0.034047056,0.0,24
KE,1946,heat,historical,0.00035443100000000005,0.008506344,0.0,24
KE,1947,heat,historical,0.0007720310833333332,0.010708423,0.0,24
KE,1948,heat,historical,3.82843125e-06,9.188235e-05,0.0,24
KE,1949,heat,historical,0.0,0.0,0.0,24
KE,1950,heat,historical,0.0,0.0,0.0,24
KE,1951,heat,historical,0.0,0.0,0.0,24
KE,1952,heat,historical,0.0012166668750000001,0.016770594,0.0,24
KE,1953,heat,historical,0.0,0.0,0.0,24
KE,1954,heat,historical,0.0,0.0,0.0,24
KE,1955,heat,historical,0.0008108316249999999,0.010011563,0.0,24
KE,1956,heat,historical,0.0015256298541666668,0.023823338,0.0,24
KE,1957,heat,historical,0.0010138244666666667,0.016052052,0.0,24
KE,1958,heat,historical,0.00014634070833333332,0.003512177,0.0,24
KE,1959,heat,historical,0.0,0.0,0.0,24
KE,1960,heat,historical,0.000677868875,0.016268853,0.0,24
KE,1961,heat,historical,0.0005370342416666666,0.009810247,0.0,24
KE,1962,heat,historical,0.0010308373333333335,0.019125465,0.0,24
KE,1963,heat,historical,0.0,0.0,0.0,24
KE,1964,heat,historical,0.0,0.0,0.0,24
KE,1965,heat,historical,0.0011492391083333332,0.02067869,0.0,24
KE,1966,heat,historical,0.0004953732083333333,0.011888957,0.0,24
KE,1967,heat,historical,0.0,0.0,0.0,24
KE,1968,heat,historical,0.000580738625,0.007863168,0.0,24
KE,1969,heat,historical,0.0010078883333333333,0.02418932,0.0,24
KE,1970,heat,historical,0.00032513704166666667,0.007803289,0.0,24
KE,1971,heat,historical,0.0,0.0,0.0,24
KE,1972,heat,historical,0.00012186455833333334,0.0029247494,0.0,24
KE,1973,heat,historical,0.0,0.0,0.0,24
KE,1974,heat,historical,0.0,0.0,0.0,24
KE,1975,heat,historical,0.0,0.0,0.0,24
KE,1976,heat,historical,0.0002589998166666667,0.0062159956,0.0,24
KE,1977,heat,historical,0.0,0.0,0.0,24
KE,1978,heat,historical,0.0014246496083333334,0.023760363,0.0,24
KE,1979,heat,historical,0.0,0.0,0.0,24
KE,1980,heat,historical,5.155477083333333e-05,0.0012373145,0.0,24
KE,1981,heat,historical,0.0025327653208333336,0.0326172,0.0,24
KE,1982,heat,historical,0.0,0.0,0.0,24
KE,1983,heat,historical,0.0,0.0,0.0,24
KE,1984,heat,historical,0.0009881439166666668,0.015061995,0.0,24
KE,1985,heat,historical,0.0005676832083333334,0.013624397,0.0,24
KE,1986,heat,historical,0.0,0.0,0.0,24
KE,1987,heat,historical,0.0,0.0,0.0,24
KE,1988,heat,historical,0.00064934925,0.015584382,0.0,24
KE,1989,heat,historical,0.0010695088333333334,0.01688777,0.0,24
KE,1990,heat,historical,0.0,0.0,0.0,24
KE,1991,heat,historical,0.0016380523583333334,0.022667065,0.0,24
KE,1992,heat,historical,0.0,0.0,0.0,24
KE,1993,heat,historical,0.0,0.0,0.0,24
KE,1994,heat,historical,0.0015862824833333333,0.019098107,0.0,24
KE,1995,heat,historical,0.0,0.0,0.0,24
KE,1996,heat,historical,0.00033524583333333335,0.0080459,0.0,24
KE,1997,heat,historical,0.00021282207083333333,0.0051077297,0.0,24
KE,1998,heat,historical,0.0013276053208333336,0.015468755,0.0,24
KE,1999,heat,historical,0.0001181866875,0.0028364805,0.0,24
KE,2000,heat,historical,0.0,0.0,0.0,24
KE,2001,heat,historical,0.0,0.0,0.0,24
KE,2002,heat,historical,0.00121227925,0.029094702,0.0,24
KE,2003,heat,historical,0.00031816844999999996,0.0045936015,0.0,24
KE,2004,heat,historical,0.00017313973333333332,0.0041553536,0.0,24
KE,2005,heat,historical,0.0,0.0,0.0,24
KE,2006,heat,historical,0.000571382625,0.013713183,0.0,24
KE,2007,heat,historical,0.0007824410124999999,0.011547753,0.0,24
KE,2008,heat,historical,0.0015631183583333333,0.027356679,0.0,24
KE,2009,heat,historical,0.0017088353749999997,0.015732529,0.0,24
KE,2010,heat,historical,0.0011804472666666667,0.017203163,0.0,24
KE,2011,heat,historical,0.0016917364166666668,0.022745527,0.0,24
KE,2012,heat,historical,2.3379240416666668e-05,0.00056110177,0.0,24
KE,2013,heat,historical,0.0007671488154166666,0.016834602,0.0,24
KE,2014,heat,historical,0.001437296375,0.021124166,0.0,24
KG,1850,heat,historical,0.0,0.0,0.0,12
KG,1851,heat,historical,0.0,0.0,0.0,12
KG,1852,heat,historical,0.0,0.0,0.0,12
KG,1853,heat,historical,0.0,0.0,0.0,12
KG,1854,heat,historical,0.0,0.0,0.0,12
KG,1855,heat,historical,0.0,0.0,0.0,12
KG,1856,heat,historical,0.0,0.0,0.0,12
KG,1857,heat,historical,0.0,0.0,0.0,12
KG,1858,heat,historical,0.0,0.0,0.0,12
KG,1859,heat,historical,0.0,0.0,0.0,12
KG,1860,heat,historical,0.0,0.0,0.0,12
KG,1861,heat,historical,0.0,0.0,0.0,12
KG,1862,heat,historical,0.0,0.0,0.0,12
KG,1863,heat,historical,0.0,0.0,0.0,12
KG,1864,heat,historical,0.0,0.0,0.0,12
KG,1865,heat,historical,0.0,0.0,0.0,12
KG,1866,heat,historical,0.0,0.0,0.0,12
KG,1867,heat,historical,0.0,0.0,0.0,12
KG,1868,heat,historical,0.0,0.0,0.0,12
KG,1869,heat,historical,0.0,0.0,0.0,12
KG,1870,heat,historical,0.0,0.0,0.0,12
KG,1871,heat,historical,0.0,0.0,0.0,12
KG,1872,heat,historical,0.0,0.0,0.0,12
KG,1873,heat,historical,0.0,0.0,0.0,12
KG,1874,heat,historical,0.0,0.0,0.0,12
KG,1875,heat,historical,0.0,0.0,0.0,12
KG,1876,heat,historical,0.0,0.0,0.0,12
KG,1877,heat,historical,0.0,0.0,0.0,12
KG,1878,heat,historical,0.0,0.0,0.0,12
KG,1879,heat,historical,0.0,0.0,0.0,12
KG,1880,heat,historical,0.0,0.0,0.0,12
KG,1881,heat,historical,0.0,0.0,0.0,12
KG,1882,heat,historical,0.0,0.0,0.0,12
KG,1883,heat,historical,0.0,0.0,0.0,12
KG,1884,heat,historical,0.0,0.0,0.0,12
KG,1885,heat,historical,0.0,0.0,0.0,12
KG,1886,heat,historical,0.0,0.0,0.0,12
KG,1887,heat,historical,0.0,0.0,0.0,12
KG,1888,heat,historical,0.0,0.0,0.0,12
KG,1889,heat,historical,0.0,0.0,0.0,12
KG,1890,heat,historical,0.0,0.0,0.0,12
KG,1891,heat,historical,0.0,0.0,0.0,12
KG,1892,heat,historical,0.0,0.0,0.0,12
KG,1893,heat,historical,0.0,0.0,0.0,12
KG,1894,heat,historical,0.0,0.0,0.0,12
KG,1895,heat,historical,0.0,0.0,0.0,12
KG,1896,heat,historical,0.0,0.0,0.0,12
KG,1897,heat,historical,0.0,0.0,0.0,12
KG,1898,heat,historical,0.0,0.0,0.0,12
KG,1899,heat,historical,0.0,0.0,0.0,12
KG,1900,heat,historical,0.0,0.0,0.0,12
KG,1901,heat,historical,0.0,0.0,0.0,12
KG,1902,heat,historical,0.0,0.0,0.0,12
KG,1903,heat,historical,0.0,0.0,0.0,12
KG,1904,heat,historical,0.0,0.0,0.0,12
KG,1905,heat,historical,0.0,0.0,0.0,12
KG,1906,heat,historical,0.0,0.0,0.0,12
KG,1907,heat,historical,0.0,0.0,0.0,12
KG,1908,heat,historical,0.0,0.0,0.0,12
KG,1909,heat,historical,0.0,0.0,0.0,12
KG,1910,heat,historical,0.0,0.0,0.0,12
KG,1911,heat,historical,0.0,0.0,0.0,12
KG,1912,heat,historical,0.0,0.0,0.0,12
KG,1913,heat,historical,0.0,0.0,0.0,12
KG,1914,heat,historical,0.0,0.0,0.0,12
KG,1915,heat,historical,0.0,0.0,0.0,12
KG,1916,heat,historical,0.0,0.0,0.0,12
KG,1917,heat,historical,0.0,0.0,0.0,12
KG,1918,heat,historical,0.0,0.0,0.0,12
KG,1919,heat,historical,0.0,0.0,0.0,12
KG,1920,heat,historical,0.0,0.0,0.0,12
KG,1921,heat,historical,0.0,0.0,0.0,12
KG,1922,heat,historical,0.0,0.0,0.0,12
KG,1923,heat,historical,0.0,0.0,0.0,12
KG,1924,heat,historical,0.0,0.0,0.0,12
KG,1925,heat,historical,0.0,0.0,0.0,12
KG,1926,heat,historical,0.0,0.0,0.0,12
KG,1927,heat,historical,0.0,0.0,0.0,12
KG,1928,heat,historical,0.0,0.0,0.0,12
KG,1929,heat,historical,0.0,0.0,0.0,12
KG,1930,heat,historical,0.0,0.0,0.0,12
KG,1931,heat,historical,0.0,0.0,0.0,12
KG,1932,heat,historical,0.0,0.0,0.0,12
KG,1933,heat,historical,0.0,0.0,0.0,12
KG,1934,heat,historical,0.0,0.0,0.0,12
KG,1935,heat,historical,0.0,0.0,0.0,12
KG,1936,heat,historical,0.0,0.0,0.0,12
KG,1937,heat,historical,0.0,0.0,0.0,12
KG,1938,heat,historical,0.0,0.0,0.0,12
KG,1939,heat,historical,0.0,0.0,0.0,12
KG,1940,heat,historical,0.0,0.0,0.0,12
KG,1941,heat,historical,0.0,0.0,0.0,12
KG,1942,heat,historical,0.0,0.0,0.0,12
KG,1943,heat,historical,0.0,0.0,0.0,12
KG,1944,heat,historical,0.0,0.0,0.0,12
KG,1945,heat,historical,0.0,0.0,0.0,12
KG,1946,heat,historical,0.0,0.0,0.0,12
KG,1947,heat,historical,0.0,0.0,0.0,12
KG,1948,heat,historical,0.0,0.0,0.0,12
KG,1949,heat,historical,0.0,0.0,0.0,12
KG,1950,heat,historical,0.0,0.0,0.0,12
KG,1951,heat,historical,0.0,0.0,0.0,12
KG,1952,heat,historical,0.0,0.0,0.0,12
KG,1953,heat,historical,0.0,0.0,0.0,12
KG,1954,heat,historical,0.0,0.0,0.0,12
KG,1955,heat,historical,0.0,0.0,0.0,12
KG,1956,heat,historical,0.0,0.0,0.0,12
KG,1957,heat,historical,0.0,0.0,0.0,12
KG,1958,heat,historical,0.0,0.0,0.0,12
KG,1959,heat,historical,0.0,0.0,0.0,12
KG,1960,heat,historical,0.0,0.0,0.0,12
KG,1961,heat,historical,0.0,0.0,0.0,12
KG,1962,heat,historical,0.0,0.0,0.0,12
KG,1963,heat,historical,0.0,0.0,0.0,12
KG,1964,heat,historical,0.0,0.0,0.0,12
KG,1965,heat,historical,0.0,0.0,0.0,12
KG,1966,heat,historical,0.0,0.0,0.0,12
KG,1967,heat,historical,0.0,0.0,0.0,12
KG,1968,heat,historical,0.0,0.0,0.0,12
KG,1969,heat,historical,0.0,0.0,0.0,12
KG,1970,heat,historical,0.0,0.0,0.0,12
KG,1971,heat,historical,0.0,0.0,0.0,12
KG,1972,heat,historical,0.0,0.0,0.0,12
KG,1973,heat,historical,0.0,0.0,0.0,12
KG,1974,heat,historical,0.0,0.0,0.0,12
KG,1975,heat,historical,0.0,0.0,0.0,12
KG,1976,heat,historical,0.0,0.0,0.0,12
KG,1977,heat,historical,0.0,0.0,0.0,12
KG,1978,heat,historical,0.0,0.0,0.0,12
KG,1979,heat,historical,0.0,0.0,0.0,12
KG,1980,heat,historical,0.0,0.0,0.0,12
KG,1981,heat,historical,0.0,0.0,0.0,12
KG,1982,heat,historical,0.0,0.0,0.0,12
KG,1983,heat,historical,0.0,0.0,0.0,12
KG,1984,heat,historical,0.0,0.0,0.0,12
KG,1985,heat,historical,0.0,0.0,0.0,12
KG,1986,heat,historical,0.0,0.0,0.0,12
KG,1987,heat,historical,0.0,0.0,0.0,12
KG,1988,heat,historical,0.0,0.0,0.0,12
KG,1989,heat,historical,0.0,0.0,0.0,12
KG,1990,heat,historical,0.0,0.0,0.0,12
KG,1991,heat,historical,0.0,0.0,0.0,12
KG,1992,heat,historical,0.0,0.0,0.0,12
KG,1993,heat,historical,0.0,0.0,0.0,12
KG,1994,heat,historical,0.0,0.0,0.0,12
KG,1995,heat,historical,0.0,0.0,0.0,12
KG,1996,heat,historical,0.0,0.0,0.0,12
KG,1997,heat,historical,0.0,0.0,0.0,12
KG,1998,heat,historical,0.0,0.0,0.0,12
KG,1999,heat,historical,0.0,0.0,0.0,12
KG,2000,heat,historical,0.0,0.0,0.0,12
KG,2001,heat,historical,0.0,0.0,0.0,12
KG,2002,heat,historical,0.0,0.0,0.0,12
KG,2003,heat,historical,0.0,0.0,0.0,12
KG,2004,heat,historical,0.0,0.0,0.0,12
KG,2005,heat,historical,0.0,0.0,0.0,12
KG,2006,heat,historical,0.0,0.0,0.0,12
KG,2007,heat,historical,0.0,0.0,0.0,12
KG,2008,heat,historical,0.0,0.0,0.0,12
KG,2009,heat,historical,0.0,0.0,0.0,12
KG,2010,heat,historical,0.0,0.0,0.0,12
KG,2011,heat,historical,0.0,0.0,0.0,12
KG,2012,heat,historical,0.0,0.0,0.0,12
KG,2013,heat,historical,0.0,0.0,0.0,12
KG,2014,heat,historical,0.0,0.0,0.0,12
KI,1850,heat,historical,0.0,0.0,0.0,168
KI,1851,heat,historical,0.0,0.0,0.0,168
KI,1852,heat,historical,0.0,0.0,0.0,168
KI,1853,heat,historical,0.0,0.0,0.0,168
KI,1854,heat,historical,0.0,0.0,0.0,168
KI,1855,heat,historical,0.0,0.0,0.0,168
KI,1856,heat,historical,0.0,0.0,0.0,168
KI,1857,heat,historical,0.0,0.0,0.0,168
KI,1858,heat,historical,0.0,0.0,0.0,168
KI,1859,heat,historical,0.0,0.0,0.0,168
KI,1860,heat,historical,0.0,0.0,0.0,168
KI,1861,heat,historical,0.0,0.0,0.0,168
KI,1862,heat,historical,0.0,0.0,0.0,168
KI,1863,heat,historical,0.0,0.0,0.0,168
KI,1864,heat,historical,0.0,0.0,0.0,168
KI,1865,heat,historical,0.0,0.0,0.0,168
KI,1866,heat,historical,0.0,0.0,0.0,168
KI,1867,heat,historical,0.0,0.0,0.0,168
KI,1868,heat,historical,0.0,0.0,0.0,168
KI,1869,heat,historical,0.0,0.0,0.0,168
KI,1870,heat,historical,0.0,0.0,0.0,168
KI,1871,heat,historical,0.0,0.0,0.0,168
KI,1872,heat,historical,0.0,0.0,0.0,168
KI,1873,heat,historical,0.0,0.0,0.0,168
KI,1874,heat,historical,0.0,0.0,0.0,168
KI,1875,heat,historical,0.0,0.0,0.0,168
KI,1876,heat,historical,0.0,0.0,0.0,168
KI,1877,heat,historical,0.0,0.0,0.0,168
KI,1878,heat,historical,0.0,0.0,0.0,168
KI,1879,heat,historical,0.0,0.0,0.0,168
KI,1880,heat,historical,0.0,0.0,0.0,168
KI,1881,heat,historical,0.0,0.0,0.0,168
KI,1882,heat,historical,0.0,0.0,0.0,168
KI,1883,heat,historical,0.0,0.0,0.0,168
KI,1884,heat,historical,0.0,0.0,0.0,168
KI,1885,heat,historical,0.0,0.0,0.0,168
KI,1886,heat,historical,0.0,0.0,0.0,168
KI,1887,heat,historical,0.0,0.0,0.0,168
KI,1888,heat,historical,0.0,0.0,0.0,168
KI,1889,heat,historical,0.0,0.0,0.0,168
KI,1890,heat,historical,0.0,0.0,0.0,168
KI,1891,heat,historical,0.0,0.0,0.0,168
KI,1892,heat,historical,0.0,0.0,0.0,168
KI,1893,heat,historical,0.0,0.0,0.0,168
KI,1894,heat,historical,0.0,0.0,0.0,168
KI,1895,heat,historical,0.0,0.0,0.0,168
KI,1896,heat,historical,0.0,0.0,0.0,168
KI,1897,heat,historical,0.0,0.0,0.0,168
KI,1898,heat,historical,0.0,0.0,0.0,168
KI,1899,heat,historical,0.0,0.0,0.0,168
KI,1900,heat,historical,0.0,0.0,0.0,168
KI,1901,heat,historical,0.0,0.0,0.0,168
KI,1902,heat,historical,0.0,0.0,0.0,168
KI,1903,heat,historical,0.0,0.0,0.0,168
KI,1904,heat,historical,0.0,0.0,0.0,168
KI,1905,heat,historical,0.0,0.0,0.0,168
KI,1906,heat,historical,0.0,0.0,0.0,168
KI,1907,heat,historical,0.0,0.0,0.0,168
KI,1908,heat,historical,0.0,0.0,0.0,168
KI,1909,heat,historical,0.0,0.0,0.0,168
KI,1910,heat,historical,0.0,0.0,0.0,168
KI,1911,heat,historical,0.0,0.0,0.0,168
KI,1912,heat,historical,0.0,0.0,0.0,168
KI,1913,heat,historical,0.0,0.0,0.0,168
KI,1914,heat,historical,0.0,0.0,0.0,168
KI,1915,heat,historical,0.0,0.0,0.0,168
KI,1916,heat,historical,0.0,0.0,0.0,168
KI,1917,heat,historical,0.0,0.0,0.0,168
KI,1918,heat,historical,0.0,0.0,0.0,168
KI,1919,heat,historical,0.0,0.0,0.0,168
KI,1920,heat,historical,0.0,0.0,0.0,168
KI,1921,heat,historical,0.0,0.0,0.0,168
KI,1922,heat,historical,0.0,0.0,0.0,168
KI,1923,heat,historical,0.0,0.0,0.0,168
KI,1924,heat,historical,0.0,0.0,0.0,168
KI,1925,heat,historical,0.0,0.0,0.0,168
KI,1926,heat,historical,0.0,0.0,0.0,168
KI,1927,heat,historical,0.0,0.0,0.0,168
KI,1928,heat,historical,0.0,0.0,0.0,168
KI,1929,heat,historical,0.0,0.0,0.0,168
KI,1930,heat,historical,0.0,0.0,0.0,168
KI,1931,heat,historical,0.0,0.0,0.0,168
KI,1932,heat,historical,0.0,0.0,0.0,168
KI,1933,heat,historical,0.0,0.0,0.0,168
KI,1934,heat,historical,0.0,0.0,0.0,168
KI,1935,heat,historical,0.0,0.0,0.0,168
KI,1936,heat,historical,0.0,0.0,0.0,168
KI,1937,heat,historical,0.0,0.0,0.0,168
KI,1938,heat,historical,0.0,0.0,0.0,168
KI,1939,heat,historical,0.0,0.0,0.0,168
KI,1940,heat,historical,0.0,0.0,0.0,168
KI,1941,heat,historical,0.0,0.0,0.0,168
KI,1942,heat,historical,0.0,0.0,0.0,168
KI,1943,heat,historical,0.0,0.0,0.0,168
KI,1944,heat,historical,0.0,0.0,0.0,168
KI,1945,heat,historical,0.0,0.0,0.0,168
KI,1946,heat,historical,0.0,0.0,0.0,168
KI,1947,heat,historical,0.0,0.0,0.0,168
KI,1948,heat,historical,0.0,0.0,0.0,168
KI,1949,heat,historical,0.0,0.0,0.0,168
KI,1950,heat,historical,0.0,0.0,0.0,168
KI,1951,heat,historical,0.0,0.0,0.0,168
KI,1952,heat,historical,0.0,0.0,0.0,168
KI,1953,heat,historical,0.0,0.0,0.0,168
KI,1954,heat,historical,0.0,0.0,0.0,168
KI,1955,heat,historical,0.0,0.0,0.0,168
KI,1956,heat,historical,0.0,0.0,0.0,168
KI,1957,heat,historical,0.0,0.0,0.0,168
KI,1958,heat,historical,0.0,0.0,0.0,168
KI,1959,heat,historical,0.0,0.0,0.0,168
KI,1960,heat,historical,0.0,0.0,0.0,168
KI,1961,heat,historical,0.0,0.0,0.0,168
KI,1962,heat,historical,0.0,0.0,0.0,168
KI,1963,heat,historical,0.0,0.0,0.0,168
KI,1964,heat,historical,0.0,0.0,0.0,168
KI,1965,heat,historical,0.0,0.0,0.0,168
KI,1966,heat,historical,0.0,0.0,0.0,168
KI,1967,heat,historical,0.0,0.0,0.0,168
KI,1968,heat,historical,0.0,0.0,0.0,168
KI,1969,heat,historical,0.0,0.0,0.0,168
KI,1970,heat,historical,0.0,0.0,0.0,168
KI,1971,heat,historical,0.0,0.0,0.0,168
KI,1972,heat,historical,0.0,0.0,0.0,168
KI,1973,heat,historical,0.0,0.0,0.0,168
KI,1974,heat,historical,0.0,0.0,0.0,168
KI,1975,heat,historical,0.0,0.0,0.0,168
KI,1976,heat,historical,0.0,0.0,0.0,168
KI,1977,heat,historical,0.0,0.0,0.0,168
KI,1978,heat,historical,0.0,0.0,0.0,168
KI,1979,heat,historical,0.0,0.0,0.0,168
KI,1980,heat,historical,0.0,0.0,0.0,168
KI,1981,heat,historical,0.0,0.0,0.0,168
KI,1982,heat,historical,0.0,0.0,0.0,168
KI,1983,heat,historical,0.0,0.0,0.0,168
KI,1984,heat,historical,0.0,0.0,0.0,168
KI,1985,heat,historical,0.0,0.0,0.0,168
KI,1986,heat,historical,0.0,0.0,0.0,168
KI,1987,heat,historical,0.0,0.0,0.0,168
KI,1988,heat,historical,0.0,0.0,0.0,168
KI,1989,heat,historical,0.0,0.0,0.0,168
KI,1990,heat,historical,0.0,0.0,0.0,168
KI,1991,heat,historical,0.0,0.0,0.0,168
KI,1992,heat,historical,0.0,0.0,0.0,168
KI,1993,heat,historical,0.0,0.0,0.0,168
KI,1994,heat,historical,0.0,0.0,0.0,168
KI,1995,heat,historical,0.0,0.0,0.0,168
KI,1996,heat,historical,0.0,0.0,0.0,168
KI,1997,heat,historical,0.0,0.0,0.0,168
KI,1998,heat,historical,0.0,0.0,0.0,168
KI,1999,heat,historical,0.0,0.0,0.0,168
KI,2000,heat,historical,0.0,0.0,0.0,168
KI,2001,heat,historical,0.0,0.0,0.0,168
KI,2002,heat,historical,0.0,0.0,0.0,168
KI,2003,heat,historical,0.0,0.0,0.0,168
KI,2004,heat,historical,0.0,0.0,0.0,168
KI,2005,heat,historical,0.0,0.0,0.0,168
KI,2006,heat,historical,0.0,0.0,0.0,168
KI,2007,heat,historical,0.0,0.0,0.0,168
KI,2008,heat,historical,0.0,0.0,0.0,168
KI,2009,heat,historical,0.0,0.0,0.0,168
KI,2010,heat,historical,0.0,0.0,0.0,168
KI,2011,heat,historical,0.0,0.0,0.0,168
KI,2012,heat,historical,0.0,0.0,0.0,168
KI,2013,heat,historical,0.0,0.0,0.0,168
KI,2014,heat,historical,0.0,0.0,0.0,168
KM,1850,heat,historical,0.0,0.0,0.0,12
KM,1851,heat,historical,0.0,0.0,0.0,12
KM,1852,heat,historical,0.0,0.0,0.0,12
KM,1853,heat,historical,0.0,0.0,0.0,12
KM,1854,heat,historical,0.0,0.0,0.0,12
KM,1855,heat,historical,0.0,0.0,0.0,12
KM,1856,heat,historical,0.0,0.0,0.0,12
KM,1857,heat,historical,0.0,0.0,0.0,12
KM,1858,heat,historical,0.0,0.0,0.0,12
KM,1859,heat,historical,0.0,0.0,0.0,12
KM,1860,heat,historical,0.0,0.0,0.0,12
KM,1861,heat,historical,0.0,0.0,0.0,12
KM,1862,heat,historical,0.0,0.0,0.0,12
KM,1863,heat,historical,0.0,0.0,0.0,12
KM,1864,heat,historical,0.0,0.0,0.0,12
KM,1865,heat,historical,0.0,0.0,0.0,12
KM,1866,heat,historical,0.0,0.0,0.0,12
KM,1867,heat,historical,0.0,0.0,0.0,12
KM,1868,heat,historical,0.0,0.0,0.0,12
KM,1869,heat,historical,0.0,0.0,0.0,12
KM,1870,heat,historical,0.0,0.0,0.0,12
KM,1871,heat,historical,0.0,0.0,0.0,12
KM,1872,heat,historical,0.0,0.0,0.0,12
KM,1873,heat,historical,0.0,0.0,0.0,12
KM,1874,heat,historical,0.0,0.0,0.0,12
KM,1875,heat,historical,0.0,0.0,0.0,12
KM,1876,heat,historical,0.0,0.0,0.0,12
KM,1877,heat,historical,0.0,0.0,0.0,12
KM,1878,heat,historical,0.0,0.0,0.0,12
KM,1879,heat,historical,0.0,0.0,0.0,12
KM,1880,heat,historical,0.0,0.0,0.0,12
KM,1881,heat,historical,0.0,0.0,0.0,12
KM,1882,heat,historical,0.0,0.0,0.0,12
KM,1883,heat,historical,0.0,0.0,0.0,12
KM,1884,heat,historical,0.0,0.0,0.0,12
KM,1885,heat,historical,0.0,0.0,0.0,12
KM,1886,heat,historical,0.0,0.0,0.0,12
KM,1887,heat,historical,0.0,0.0,0.0,12
KM,1888,heat,historical,0.0,0.0,0.0,12
KM,1889,heat,historical,0.0,0.0,0.0,12
KM,1890,heat,historical,0.0,0.0,0.0,12
KM,1891,heat,historical,0.0,0.0,0.0,12
KM,1892,heat,historical,0.0,0.0,0.0,12
KM,1893,heat,historical,0.0,0.0,0.0,12
KM,1894,heat,historical,0.0,0.0,0.0,12
KM,1895,heat,historical,0.0,0.0,0.0,12
KM,1896,heat,historical,0.0,0.0,0.0,12
KM,1897,heat,historical,0.0,0.0,0.0,12
KM,1898,heat,historical,0.0,0.0,0.0,12
KM,1899,heat,historical,0.0,0.0,0.0,12
KM,1900,heat,historical,0.0,0.0,0.0,12
KM,1901,heat,historical,0.0,0.0,0.0,12
KM,1902,heat,historical,0.0,0.0,0.0,12
KM,1903,heat,historical,0.0,0.0,0.0,12
KM,1904,heat,historical,0.0,0.0,0.0,12
KM,1905,heat,historical,0.0,0.0,0.0,12
KM,1906,heat,historical,0.0,0.0,0.0,12
KM,1907,heat,historical,0.0,0.0,0.0,12
KM,1908,heat,historical,0.0,0.0,0.0,12
KM,1909,heat,historical,0.0,0.0,0.0,12
KM,1910,heat,historical,0.0,0.0,0.0,12
KM,1911,heat,historical,0.0,0.0,0.0,12
KM,1912,heat,historical,0.0,0.0,0.0,12
KM,1913,heat,historical,0.0,0.0,0.0,12
KM,1914,heat,historical,0.0,0.0,0.0,12
KM,1915,heat,historical,0.0,0.0,0.0,12
KM,1916,heat,historical,0.0,0.0,0.0,12
KM,1917,heat,historical,0.0,0.0,0.0,12
KM,1918,heat,historical,0.0,0.0,0.0,12
KM,1919,heat,historical,0.0,0.0,0.0,12
KM,1920,heat,historical,0.0,0.0,0.0,12
KM,1921,heat,historical,0.0,0.0,0.0,12
KM,1922,heat,historical,0.0,0.0,0.0,12
KM,1923,heat,historical,0.0,0.0,0.0,12
KM,1924,heat,historical,0.0,0.0,0.0,12
KM,1925,heat,historical,0.0,0.0,0.0,12
KM,1926,heat,historical,0.0,0.0,0.0,12
KM,1927,heat,historical,0.0,0.0,0.0,12
KM,1928,heat,historical,0.0,0.0,0.0,12
KM,1929,heat,historical,0.0,0.0,0.0,12
KM,1930,heat,historical,0.0,0.0,0.0,12
KM,1931,heat,historical,0.0,0.0,0.0,12
KM,1932,heat,historical,0.0,0.0,0.0,12
KM,1933,heat,historical,0.0,0.0,0.0,12
KM,1934,heat,historical,0.0,0.0,0.0,12
KM,1935,heat,historical,0.0,0.0,0.0,12
KM,1936,heat,historical,0.0,0.0,0.0,12
KM,1937,heat,historical,0.0,0.0,0.0,12
KM,1938,heat,historical,0.0,0.0,0.0,12
KM,1939,heat,historical,0.0,0.0,0.0,12
KM,1940,heat,historical,0.0,0.0,0.0,12
KM,1941,heat,historical,0.0,0.0,0.0,12
KM,1942,heat,historical,0.0,0.0,0.0,12
KM,1943,heat,historical,0.0,0.0,0.0,12
KM,1944,heat,historical,0.0,0.0,0.0,12
KM,1945,heat,historical,0.0,0.0,0.0,12
KM,1946,heat,historical,0.0,0.0,0.0,12
KM,1947,heat,historical,0.0,0.0,0.0,12
KM,1948,heat,historical,0.0,0.0,0.0,12
KM,1949,heat,historical,0.0,0.0,0.0,12
KM,1950,heat,historical,0.0,0.0,0.0,12
KM,1951,heat,historical,0.0,0.0,0.0,12
KM,1952,heat,historical,0.0,0.0,0.0,12
KM,1953,heat,historical,0.0,0.0,0.0,12
KM,1954,heat,historical,0.0,0.0,0.0,12
KM,1955,heat,historical,0.0,0.0,0.0,12
KM,1956,heat,historical,0.0,0.0,0.0,12
KM,1957,heat,historical,0.0,0.0,0.0,12
KM,1958,heat,historical,0.0,0.0,0.0,12
KM,1959,heat,historical,0.0,0.0,0.0,12
KM,1960,heat,historical,0.0,0.0,0.0,12
KM,1961,heat,historical,0.0,0.0,0.0,12
KM,1962,heat,historical,0.0,0.0,0.0,12
KM,1963,heat,historical,0.0,0.0,0.0,12
KM,1964,heat,historical,0.0,0.0,0.0,12
KM,1965,heat,historical,0.0,0.0,0.0,12
KM,1966,heat,historical,0.0,0.0,0.0,12
KM,1967,heat,historical,0.0,0.0,0.0,12
KM,1968,heat,historical,0.0,0.0,0.0,12
KM,1969,heat,historical,0.0,0.0,0.0,12
KM,1970,heat,historical,0.0,0.0,0.0,12
KM,1971,heat,historical,0.0,0.0,0.0,12
KM,1972,heat,historical,0.0,0.0,0.0,12
KM,1973,heat,historical,0.0,0.0,0.0,12
KM,1974,heat,historical,0.0,0.0,0.0,12
KM,1975,heat,historical,0.0,0.0,0.0,12
KM,1976,heat,historical,0.0,0.0,0.0,12
KM,1977,heat,historical,0.0,0.0,0.0,12
KM,1978,heat,historical,0.0,0.0,0.0,12
KM,1979,heat,historical,0.0,0.0,0.0,12
KM,1980,heat,historical,0.0,0.0,0.0,12
KM,1981,heat,historical,0.0,0.0,0.0,12
KM,1982,heat,historical,0.0,0.0,0.0,12
KM,1983,heat,historical,0.0,0.0,0.0,12
KM,1984,heat,historical,0.0,0.0,0.0,12
KM,1985,heat,historical,0.0,0.0,0.0,12
KM,1986,heat,historical,0.0,0.0,0.0,12
KM,1987,heat,historical,0.0,0.0,0.0,12
KM,1988,heat,historical,0.0002626992083333333,0.0031523905,0.0,12
KM,1989,heat,historical,0.0,0.0,0.0,12
KM,1990,heat,historical,0.0,0.0,0.0,12
KM,1991,heat,historical,0.0,0.0,0.0,12
KM,1992,heat,historical,0.0,0.0,0.0,12
KM,1993,heat,historical,0.0,0.0,0.0,12
KM,1994,heat,historical,0.0,0.0,0.0,12
KM,1995,heat,historical,0.0,0.0,0.0,12
KM,1996,heat,historical,0.0,0.0,0.0,12
KM,1997,heat,historical,8.6720425e-05,0.0010406451,0.0,12
KM,1998,heat,historical,0.0,0.0,0.0,12
KM,1999,heat,historical,0.0,0.0,0.0,12
KM,2000,heat,historical,0.0,0.0,0.0,12
KM,2001,heat,historical,0.0,0.0,0.0,12
KM,2002,heat,historical,0.0003515273916666667,0.0042183287,0.0,12
KM,2003,heat,historical,0.0,0.0,0.0,12
KM,2004,heat,historical,0.0,0.0,0.0,12
KM,2005,heat,historical,0.0,0.0,0.0,12
KM,2006,heat,historical,0.0,0.0,0.0,12
KM,2007,heat,historical,5.2178508333333334e-05,0.0006261421,0.0,12
KM,2008,heat,historical,0.0,0.0,0.0,12
KM,2009,heat,historical,0.0,0.0,0.0,12
KM,2010,heat,historical,0.001982740083333333,0.018763613,0.0,12
KM,2011,heat,historical,0.002355173333333333,0.02826208,0.0,12
KM,2012,heat,historical,0.0,0.0,0.0,12
KM,2013,heat,historical,0.0,0.0,0.0,12
KM,2014,heat,historical,0.0010442154166666667,0.012530585,0.0,12
KP,1850,heat,historical,0.0,0.0,0.0,12
KP,1851,heat,historical,0.0,0.0,0.0,12
KP,1852,heat,historical,0.0,0.0,0.0,12
KP,1853,heat,historical,0.0,0.0,0.0,12
KP,1854,heat,historical,0.0,0.0,0.0,12
KP,1855,heat,historical,0.0,0.0,0.0,12
KP,1856,heat,historical,0.0,0.0,0.0,12
KP,1857,heat,historical,0.0,0.0,0.0,12
KP,1858,heat,historical,0.0,0.0,0.0,12
KP,1859,heat,historical,0.0,0.0,0.0,12
KP,1860,heat,historical,0.0,0.0,0.0,12
KP,1861,heat,historical,0.0,0.0,0.0,12
KP,1862,heat,historical,0.0,0.0,0.0,12
KP,1863,heat,historical,0.0,0.0,0.0,12
KP,1864,heat,historical,0.0,0.0,0.0,12
KP,1865,heat,historical,0.0,0.0,0.0,12
KP,1866,heat,historical,0.0,0.0,0.0,12
KP,1867,heat,historical,0.0,0.0,0.0,12
KP,1868,heat,historical,0.0,0.0,0.0,12
KP,1869,heat,historical,0.0,0.0,0.0,12
KP,1870,heat,historical,0.0,0.0,0.0,12
KP,1871,heat,historical,0.0,0.0,0.0,12
KP,1872,heat,historical,0.0,0.0,0.0,12
KP,1873,heat,historical,0.0,0.0,0.0,12
KP,1874,heat,historical,0.0,0.0,0.0,12
KP,1875,heat,historical,0.0,0.0,0.0,12
KP,1876,heat,historical,0.0,0.0,0.0,12
KP,1877,heat,historical,0.0,0.0,0.0,12
KP,1878,heat,historical,0.0,0.0,0.0,12
KP,1879,heat,historical,0.0,0.0,0.0,12
KP,1880,heat,historical,0.0,0.0,0.0,12
KP,1881,heat,historical,0.0,0.0,0.0,12
KP,1882,heat,historical,0.0,0.0,0.0,12
KP,1883,heat,historical,0.0,0.0,0.0,12
KP,1884,heat,historical,0.0,0.0,0.0,12
KP,1885,heat,historical,0.0,0.0,0.0,12
KP,1886,heat,historical,0.0,0.0,0.0,12
KP,1887,heat,historical,0.0,0.0,0.0,12
KP,1888,heat,historical,0.0,0.0,0.0,12
KP,1889,heat,historical,0.0,0.0,0.0,12
KP,1890,heat,historical,0.0,0.0,0.0,12
KP,1891,heat,historical,0.0,0.0,0.0,12
KP,1892,heat,historical,0.0,0.0,0.0,12
KP,1893,heat,historical,0.0,0.0,0.0,12
KP,1894,heat,historical,0.0,0.0,0.0,12
KP,1895,heat,historical,0.0,0.0,0.0,12
KP,1896,heat,historical,0.0,0.0,0.0,12
KP,1897,heat,historical,0.0,0.0,0.0,12
KP,1898,heat,historical,0.0,0.0,0.0,12
KP,1899,heat,historical,0.0,0.0,0.0,12
KP,1900,heat,historical,0.0,0.0,0.0,12
KP,1901,heat,historical,0.0,0.0,0.0,12
KP,1902,heat,historical,0.0,0.0,0.0,12
KP,1903,heat,historical,0.0,0.0,0.0,12
KP,1904,heat,historical,0.0,0.0,0.0,12
KP,1905,heat,historical,0.0,0.0,0.0,12
KP,1906,heat,historical,0.0,0.0,0.0,12
KP,1907,heat,historical,0.0,0.0,0.0,12
KP,1908,heat,historical,0.0,0.0,0.0,12
KP,1909,heat,historical,0.0,0.0,0.0,12
KP,1910,heat,historical,0.0,0.0,0.0,12
KP,1911,heat,historical,0.0,0.0,0.0,12
KP,1912,heat,historical,0.0,0.0,0.0,12
KP,1913,heat,historical,0.0,0.0,0.0,12
KP,1914,heat,historical,0.0,0.0,0.0,12
KP,1915,heat,historical,0.0,0.0,0.0,12
KP,1916,heat,historical,0.0,0.0,0.0,12
KP,1917,heat,historical,0.0,0.0,0.0,12
KP,1918,heat,historical,0.0,0.0,0.0,12
KP,1919,heat,historical,0.0,0.0,0.0,12
KP,1920,heat,historical,0.0,0.0,0.0,12
KP,1921,heat,historical,0.0,0.0,0.0,12
KP,1922,heat,historical,0.0,0.0,0.0,12
KP,1923,heat,historical,0.0,0.0,0.0,12
KP,1924,heat,historical,0.0,0.0,0.0,12
KP,1925,heat,historical,0.0,0.0,0.0,12
KP,1926,heat,historical,0.0,0.0,0.0,12
KP,1927,heat,historical,0.0,0.0,0.0,12
KP,1928,heat,historical,0.0,0.0,0.0,12
KP,1929,heat,historical,0.0,0.0,0.0,12
KP,1930,heat,historical,0.0,0.0,0.0,12
KP,1931,heat,historical,0.0,0.0,0.0,12
KP,1932,heat,historical,0.0,0.0,0.0,12
KP,1933,heat,historical,0.0,0.0,0.0,12
KP,1934,heat,historical,0.0,0.0,0.0,12
KP,1935,heat,historical,0.0,0.0,0.0,12
KP,1936,heat,historical,0.0,0.0,0.0,12
KP,1937,heat,historical,0.0,0.0,0.0,12
KP,1938,heat,historical,0.0,0.0,0.0,12
KP,1939,heat,historical,0.0,0.0,0.0,12
KP,1940,heat,historical,0.0,0.0,0.0,12
KP,1941,heat,historical,0.0,0.0,0.0,12
KP,1942,heat,historical,0.0,0.0,0.0,12
KP,1943,heat,historical,0.0,0.0,0.0,12
KP,1944,heat,historical,0.0,0.0,0.0,12
KP,1945,heat,historical,0.0,0.0,0.0,12
KP,1946,heat,historical,0.0,0.0,0.0,12
KP,1947,heat,historical,0.0,0.0,0.0,12
KP,1948,heat,historical,0.0,0.0,0.0,12
KP,1949,heat,historical,0.0,0.0,0.0,12
KP,1950,heat,historical,0.0,0.0,0.0,12
KP,1951,heat,historical,0.0,0.0,0.0,12
KP,1952,heat,historical,0.0,0.0,0.0,12
KP,1953,heat,historical,0.0,0.0,0.0,12
KP,1954,heat,historical,0.0,0.0,0.0,12
KP,1955,heat,historical,0.0,0.0,0.0,12
KP,1956,heat,historical,0.0,0.0,0.0,12
KP,1957,heat,historical,0.0,0.0,0.0,12
KP,1958,heat,historical,0.0,0.0,0.0,12
KP,1959,heat,historical,0.0,0.0,0.0,12
KP,1960,heat,historical,0.0,0.0,0.0,12
KP,1961,heat,historical,0.0,0.0,0.0,12
KP,1962,heat,historical,0.0,0.0,0.0,12
KP,1963,heat,historical,0.0,0.0,0.0,12
KP,1964,heat,historical,0.0,0.0,0.0,12
KP,1965,heat,historical,0.0,0.0,0.0,12
KP,1966,heat,historical,0.0,0.0,0.0,12
KP,1967,heat,historical,0.0,0.0,0.0,12
KP,1968,heat,historical,0.0,0.0,0.0,12
KP,1969,heat,historical,0.0,0.0,0.0,12
KP,1970,heat,historical,0.0,0.0,0.0,12
KP,1971,heat,historical,0.0,0.0,0.0,12
KP,1972,heat,historical,0.0,0.0,0.0,12
KP,1973,heat,historical,0.0,0.0,0.0,12
KP,1974,heat,historical,0.0,0.0,0.0,12
KP,1975,heat,historical,0.0,0.0,0.0,12
KP,1976,heat,historical,0.0,0.0,0.0,12
KP,1977,heat,historical,0.0,0.0,0.0,12
KP,1978,heat,historical,0.0,0.0,0.0,12
KP,1979,heat,historical,0.0,0.0,0.0,12
KP,1980,heat,historical,0.0,0.0,0.0,12
KP,1981,heat,historical,0.0,0.0,0.0,12
KP,1982,heat,historical,0.0,0.0,0.0,12
KP,1983,heat,historical,0.0,0.0,0.0,12
KP,1984,heat,historical,0.0,0.0,0.0,12
KP,1985,heat,historical,0.0,0.0,0.0,12
KP,1986,heat,historical,0.0,0.0,0.0,12
KP,1987,heat,historical,0.0,0.0,0.0,12
KP,1988,heat,historical,0.0,0.0,0.0,12
KP,1989,heat,historical,0.0,0.0,0.0,12
KP,1990,heat,historical,0.0,0.0,0.0,12
KP,1991,heat,historical,0.0,0.0,0.0,12
KP,1992,heat,historical,0.0,0.0,0.0,12
KP,1993,heat,historical,0.0,0.0,0.0,12
KP,1994,heat,historical,0.0,0.0,0.0,12
KP,1995,heat,historical,0.0,0.0,0.0,12
KP,1996,heat,historical,0.0,0.0,0.0,12
KP,1997,heat,historical,0.0,0.0,0.0,12
KP,1998,heat,historical,0.0,0.0,0.0,12
KP,1999,heat,historical,0.0,0.0,0.0,12
KP,2000,heat,historical,0.0,0.0,0.0,12
KP,2001,heat,historical,0.0,0.0,0.0,12
KP,2002,heat,historical,0.0,0.0,0.0,12
KP,2003,heat,historical,0.0,0.0,0.0,12
KP,2004,heat,historical,0.0,0.0,0.0,12
KP,2005,heat,historical,0.0,0.0,0.0,12
KP,2006,heat,historical,0.0,0.0,0.0,12
KP,2007,heat,historical,0.0,0.0,0.0,12
KP,2008,heat,historical,0.0,0.0,0.0,12
KP,2009,heat,historical,0.0,0.0,0.0,12
KP,2010,heat,historical,0.0,0.0,0.0,12
KP,2011,heat,historical,0.0,0.0,0.0,12
KP,2012,heat,historical,0.0,0.0,0.0,12
KP,2013,heat,historical,0.0,0.0,0.0,12
KP,2014,heat,historical,0.0,0.0,0.0,12
KR,1850,heat,historical,0.0,0.0,0.0,12
KR,1851,heat,historical,0.0,0.0,0.0,12
KR,1852,heat,historical,0.0,0.0,0.0,12
KR,1853,heat,historical,0.0,0.0,0.0,12
KR,1854,heat,historical,0.0,0.0,0.0,12
KR,1855,heat,historical,0.0,0.0,0.0,12
KR,1856,heat,historical,0.0,0.0,0.0,12
KR,1857,heat,historical,0.0,0.0,0.0,12
KR,1858,heat,historical,0.0,0.0,0.0,12
KR,1859,heat,historical,0.0,0.0,0.0,12
KR,1860,heat,historical,0.0,0.0,0.0,12
KR,1861,heat,historical,0.0,0.0,0.0,12
KR,1862,heat,historical,0.0,0.0,0.0,12
KR,1863,heat,historical,0.0,0.0,0.0,12
KR,1864,heat,historical,0.0,0.0,0.0,12
KR,1865,heat,historical,0.0,0.0,0.0,12
KR,1866,heat,historical,0.0,0.0,0.0,12
KR,1867,heat,historical,0.0,0.0,0.0,12
KR,1868,heat,historical,0.0,0.0,0.0,12
KR,1869,heat,historical,0.0,0.0,0.0,12
KR,1870,heat,historical,0.0,0.0,0.0,12
KR,1871,heat,historical,0.0,0.0,0.0,12
KR,1872,heat,historical,0.0,0.0,0.0,12
KR,1873,heat,historical,0.0,0.0,0.0,12
KR,1874,heat,historical,0.0,0.0,0.0,12
KR,1875,heat,historical,0.0,0.0,0.0,12
KR,1876,heat,historical,0.0,0.0,0.0,12
KR,1877,heat,historical,0.0,0.0,0.0,12
KR,1878,heat,historical,0.0,0.0,0.0,12
KR,1879,heat,historical,0.0,0.0,0.0,12
KR,1880,heat,historical,0.0,0.0,0.0,12
KR,1881,heat,historical,0.0,0.0,0.0,12
KR,1882,heat,historical,0.0,0.0,0.0,12
KR,1883,heat,historical,0.0,0.0,0.0,12
KR,1884,heat,historical,0.0,0.0,0.0,12
KR,1885,heat,historical,0.0,0.0,0.0,12
KR,1886,heat,historical,0.0,0.0,0.0,12
KR,1887,heat,historical,0.0,0.0,0.0,12
KR,1888,heat,historical,0.0,0.0,0.0,12
KR,1889,heat,historical,0.0,0.0,0.0,12
KR,1890,heat,historical,0.0,0.0,0.0,12
KR,1891,heat,historical,0.0,0.0,0.0,12
KR,1892,heat,historical,0.0,0.0,0.0,12
KR,1893,heat,historical,0.0,0.0,0.0,12
KR,1894,heat,historical,0.0,0.0,0.0,12
KR,1895,heat,historical,0.0,0.0,0.0,12
KR,1896,heat,historical,0.0,0.0,0.0,12
KR,1897,heat,historical,0.0,0.0,0.0,12
KR,1898,heat,historical,0.0,0.0,0.0,12
KR,1899,heat,historical,0.0,0.0,0.0,12
KR,1900,heat,historical,0.0,0.0,0.0,12
KR,1901,heat,historical,0.0,0.0,0.0,12
KR,1902,heat,historical,0.0,0.0,0.0,12
KR,1903,heat,historical,0.0,0.0,0.0,12
KR,1904,heat,historical,0.0,0.0,0.0,12
KR,1905,heat,historical,0.0,0.0,0.0,12
KR,1906,heat,historical,0.0,0.0,0.0,12
KR,1907,heat,historical,0.0,0.0,0.0,12
KR,1908,heat,historical,0.0,0.0,0.0,12
KR,1909,heat,historical,0.0,0.0,0.0,12
KR,1910,heat,historical,0.0,0.0,0.0,12
KR,1911,heat,historical,0.0,0.0,0.0,12
KR,1912,heat,historical,0.0,0.0,0.0,12
KR,1913,heat,historical,0.0,0.0,0.0,12
KR,1914,heat,historical,0.0,0.0,0.0,12
KR,1915,heat,historical,0.0,0.0,0.0,12
KR,1916,heat,historical,0.0,0.0,0.0,12
KR,1917,heat,historical,0.0,0.0,0.0,12
KR,1918,heat,historical,0.0,0.0,0.0,12
KR,1919,heat,historical,0.0,0.0,0.0,12
KR,1920,heat,historical,0.0,0.0,0.0,12
KR,1921,heat,historical,0.0,0.0,0.0,12
KR,1922,heat,historical,0.0,0.0,0.0,12
KR,1923,heat,historical,0.0,0.0,0.0,12
KR,1924,heat,historical,0.0,0.0,0.0,12
KR,1925,heat,historical,0.0,0.0,0.0,12
KR,1926,heat,historical,0.0,0.0,0.0,12
KR,1927,heat,historical,0.0,0.0,0.0,12
KR,1928,heat,historical,0.0,0.0,0.0,12
KR,1929,heat,historical,0.0,0.0,0.0,12
KR,1930,heat,historical,0.0,0.0,0.0,12
KR,1931,heat,historical,0.0,0.0,0.0,12
KR,1932,heat,historical,0.0,0.0,0.0,12
KR,1933,heat,historical,0.0,0.0,0.0,12
KR,1934,heat,historical,0.0,0.0,0.0,12
KR,1935,heat,historical,0.0,0.0,0.0,12
KR,1936,heat,historical,0.0,0.0,0.0,12
KR,1937,heat,historical,0.0,0.0,0.0,12
KR,1938,heat,historical,0.0,0.0,0.0,12
KR,1939,heat,historical,0.0,0.0,0.0,12
KR,1940,heat,historical,0.0,0.0,0.0,12
KR,1941,heat,historical,0.0,0.0,0.0,12
KR,1942,heat,historical,0.0,0.0,0.0,12
KR,1943,heat,historical,0.0,0.0,0.0,12
KR,1944,heat,historical,0.0,0.0,0.0,12
KR,1945,heat,historical,0.0,0.0,0.0,12
KR,1946,heat,historical,0.0,0.0,0.0,12
KR,1947,heat,historical,0.0,0.0,0.0,12
KR,1948,heat,historical,0.0,0.0,0.0,12
KR,1949,heat,historical,0.0,0.0,0.0,12
KR,1950,heat,historical,0.0,0.0,0.0,12
KR,1951,heat,historical,0.0,0.0,0.0,12
KR,1952,heat,historical,0.0,0.0,0.0,12
KR,1953,heat,historical,0.0,0.0,0.0,12
KR,1954,heat,historical,0.0,0.0,0.0,12
KR,1955,heat,historical,0.0,0.0,0.0,12
KR,1956,heat,historical,0.0,0.0,0.0,12
KR,1957,heat,historical,0.0,0.0,0.0,12
KR,1958,heat,historical,0.0,0.0,0.0,12
KR,1959,heat,historical,0.0,0.0,0.0,12
KR,1960,heat,historical,0.0,0.0,0.0,12
KR,1961,heat,historical,0.0,0.0,0.0,12
KR,1962,heat,historical,0.0,0.0,0.0,12
KR,1963,heat,historical,0.0,0.0,0.0,12
KR,1964,heat,historical,0.0,0.0,0.0,12
KR,1965,heat,historical,0.0,0.0,0.0,12
KR,1966,heat,historical,0.0,0.0,0.0,12
KR,1967,heat,historical,0.0,0.0,0.0,12
KR,1968,heat,historical,0.0,0.0,0.0,12
KR,1969,heat,historical,0.0,0.0,0.0,12
KR,1970,heat,historical,0.0,0.0,0.0,12
KR,1971,heat,historical,0.0,0.0,0.0,12
KR,1972,heat,historical,0.0,0.0,0.0,12
KR,1973,heat,historical,0.0,0.0,0.0,12
KR,1974,heat,historical,0.0,0.0,0.0,12
KR,1975,heat,historical,0.0,0.0,0.0,12
KR,1976,heat,historical,0.0,0.0,0.0,12
KR,1977,heat,historical,0.0,0.0,0.0,12
KR,1978,heat,historical,0.0,0.0,0.0,12
KR,1979,heat,historical,0.0,0.0,0.0,12
KR,1980,heat,historical,0.0,0.0,0.0,12
KR,1981,heat,historical,0.0,0.0,0.0,12
KR,1982,heat,historical,0.0,0.0,0.0,12
KR,1983,heat,historical,0.0,0.0,0.0,12
KR,1984,heat,historical,0.0,0.0,0.0,12
KR,1985,heat,historical,0.0,0.0,0.0,12
KR,1986,heat,historical,0.0,0.0,0.0,12
KR,1987,heat,historical,0.0,0.0,0.0,12
KR,1988,heat,historical,0.0,0.0,0.0,12
KR,1989,heat,historical,0.0,0.0,0.0,12
KR,1990,heat,historical,0.0,0.0,0.0,12
KR,1991,heat,historical,0.0,0.0,0.0,12
KR,1992,heat,historical,0.0,0.0,0.0,12
KR,1993,heat,historical,0.0,0.0,0.0,12
KR,1994,heat,historical,0.0,0.0,0.0,12
KR,1995,heat,historical,0.0,0.0,0.0,12
KR,1996,heat,historical,0.0,0.0,0.0,12
KR,1997,heat,historical,0.0,0.0,0.0,12
KR,1998,heat,historical,0.0,0.0,0.0,12
KR,1999,heat,historical,0.0,0.0,0.0,12
KR,2000,heat,historical,0.0,0.0,0.0,12
KR,2001,heat,historical,0.0,0.0,0.0,12
KR,2002,heat,historical,0.0,0.0,0.0,12
KR,2003,heat,historical,0.0,0.0,0.0,12
KR,2004,heat,historical,0.0,0.0,0.0,12
KR,2005,heat,historical,0.0,0.0,0.0,12
KR,2006,heat,historical,0.0,0.0,0.0,12
KR,2007,heat,historical,0.0,0.0,0.0,12
KR,2008,heat,historical,0.0,0.0,0.0,12
KR,2009,heat,historical,0.0,0.0,0.0,12
KR,2010,heat,historical,0.0,0.0,0.0,12
KR,2011,heat,historical,0.0,0.0,0.0,12
KR,2012,heat,historical,0.0,0.0,0.0,12
KR,2013,heat,historical,0.0,0.0,0.0,12
KR,2014,heat,historical,0.0,0.0,0.0,12
KW,1850,heat,historical,0.16074438333333332,0.5606532,0.0,12
KW,1851,heat,historical,0.18276642499999998,0.56434035,0.0,12
KW,1852,heat,historical,0.19242955814166665,0.67374384,0.0,12
KW,1853,heat,historical,0.17219022641666668,0.588653,0.0,12
KW,1854,heat,historical,0.17015286433333332,0.587742,0.0,12
KW,1855,heat,historical,0.14592185833333332,0.56938976,0.0,12
KW,1856,heat,historical,0.16279471166666667,0.6450224,0.0,12
KW,1857,heat,historical,0.18529035049999998,0.59614766,0.0,12
KW,1858,heat,historical,0.15083795488333332,0.51007557,0.0,12
KW,1859,heat,historical,0.17267721725,0.60852236,0.0,12
KW,1860,heat,historical,0.1549706366666667,0.53613865,0.0,12
KW,1861,heat,historical,0.17139598266666667,0.5497997,0.0,12
KW,1862,heat,historical,0.17781720450000002,0.60378987,0.0,12
KW,1863,heat,historical,0.18315459441666668,0.58695006,0.0,12
KW,1864,heat,historical,0.15669355925,0.5392239,0.0,12
KW,1865,heat,historical,0.16319776968333335,0.5437856,0.0,12
KW,1866,heat,historical,0.16063336666666667,0.5926577,0.0,12
KW,1867,heat,historical,0.14485433016666668,0.54858875,0.0,12
KW,1868,heat,historical,0.16909810866666666,0.6190759,0.0,12
KW,1869,heat,historical,0.154052465,0.48150173,0.0,12
KW,1870,heat,historical,0.14976917333333334,0.6143135,0.0,12
KW,1871,heat,historical,0.14862395258333333,0.59859073,0.0,12
KW,1872,heat,historical,0.1750416416666667,0.60303986,0.0,12
KW,1873,heat,historical,0.16419440713333333,0.57060647,0.0,12
KW,1874,heat,historical,0.16094583166666668,0.50135964,0.0,12
KW,1875,heat,historical,0.15615087083333334,0.59683317,0.0,12
KW,1876,heat,historical,0.18074535416666668,0.6377915,0.0,12
KW,1877,heat,historical,0.15219911249999998,0.5076474,0.0,12
KW,1878,heat,historical,0.14794809166666667,0.4826327,0.0,12
KW,1879,heat,historical,0.15468044683333335,0.5835897,0.0,12
KW,1880,heat,historical,0.17046476958333334,0.61137843,0.0,12
KW,1881,heat,historical,0.17437785491666666,0.66512656,0.0,12
KW,1882,heat,historical,0.17576280416666668,0.4832769,0.0,12
KW,1883,heat,historical,0.17402293049999998,0.6278961,0.0,12
KW,1884,heat,historical,0.13047190333333333,0.5111828,0.0,12
KW,1885,heat,historical,0.13833223083333332,0.54860574,0.0,12
KW,1886,heat,historical,0.17276440550000002,0.65743005,0.0,12
KW,1887,heat,historical,0.17869659333333332,0.6114497,0.0,12
KW,1888,heat,historical,0.17263217875,0.5612618,0.0,12
KW,1889,heat,historical,0.13820864766666666,0.45693865,0.0,12
KW,1890,heat,historical,0.17483770191666667,0.67047685,0.0,12
KW,1891,heat,historical,0.18306680583333335,0.6505053,0.0,12
KW,1892,heat,historical,0.1701889995,0.55336356,0.0,12
KW,1893,heat,historical,0.15765561258333333,0.54696065,0.0,12
KW,1894,heat,historical,0.18049061666666666,0.61712164,0.0,12
KW,1895,heat,historical,0.16590764808333333,0.66468155,0.0,12
KW,1896,heat,historical,0.17354476558333334,0.6071028,0.0,12
KW,1897,heat,historical,0.19335474666666666,0.6700288,0.0,12
KW,1898,heat,historical,0.15800825983333333,0.5668578,0.0,12
KW,1899,heat,historical,0.15788025103333334,0.5747701,0.0,12
KW,1900,heat,historical,0.16300535353333334,0.6071906,0.0,12
KW,1901,heat,historical,0.15515982605833334,0.5502664,0.0,12
KW,1902,heat,historical,0.15889675075,0.6018211,0.0,12
KW,1903,heat,historical,0.14016101691666666,0.540277,0.0,12
KW,1904,heat,historical,0.16135658666666666,0.56118435,0.0,12
KW,1905,heat,historical,0.17900699966666667,0.61375296,0.0,12
KW,1906,heat,historical,0.16740663166666667,0.5490786,0.0,12
KW,1907,heat,historical,0.16357354991666667,0.58510315,0.0,12
KW,1908,heat,historical,0.17176389633333333,0.6929565,0.0,12
KW,1909,heat,historical,0.18217271566666668,0.7251241,0.0,12
KW,1910,heat,historical,0.140812278025,0.45217988,0.0,12
KW,1911,heat,historical,0.17705504975,0.57131565,0.0,12
KW,1912,heat,historical,0.14228016224999998,0.5581553,0.0,12
KW,1913,heat,historical,0.17867534016666667,0.5405867,0.0,12
KW,1914,heat,historical,0.16028514766666666,0.5885044,0.0,12
KW,1915,heat,historical,0.14427847708333333,0.56491697,0.0,12
KW,1916,heat,historical,0.17195871948333333,0.6001657,0.0,12
KW,1917,heat,historical,0.15709821461666665,0.5555723,0.0,12
KW,1918,heat,historical,0.16731273141666667,0.60220623,0.0,12
KW,1919,heat,historical,0.1611743755,0.6816318,0.0,12
KW,1920,heat,historical,0.16562409208333334,0.5662302,0.0,12
KW,1921,heat,historical,0.1626424725,0.53613454,0.0,12
KW,1922,heat,historical,0.15099066088333332,0.55349874,0.0,12
KW,1923,heat,historical,0.193934812925,0.6913527,0.0,12
KW,1924,heat,historical,0.16189678700000001,0.61308706,0.0,12
KW,1925,heat,historical,0.17193364116666665,0.5722278,0.0,12
KW,1926,heat,historical,0.18295311583333332,0.6485397,0.0,12
KW,1927,heat,historical,0.19583874958333333,0.6985278,0.0,12
KW,1928,heat,historical,0.16290933908333333,0.52191496,0.0,12
KW,1929,heat,historical,0.14423502935833335,0.52062964,0.0,12
KW,1930,heat,historical,0.16821644766666666,0.58675295,0.0,12
KW,1931,heat,historical,0.17998852725,0.6500645,0.0,12
KW,1932,heat,historical,0.17920951166666668,0.5771693,0.0,12
KW,1933,heat,historical,0.17797671,0.52393687,0.0,12
KW,1934,heat,historical,0.18102332416666667,0.6185334,0.0,12
KW,1935,heat,historical,0.15943949611666666,0.6213833,0.0,12
KW,1936,heat,historical,0.18481730083333334,0.64555556,0.0,12
KW,1937,heat,historical,0.15520872875,0.5064509,0.0,12
KW,1938,heat,historical,0.15719396,0.57917416,0.0,12
KW,1939,heat,historical,0.18433509166666665,0.66283876,0.0,12
KW,1940,heat,historical,0.1679518973333333,0.6092832,0.0,12
KW,1941,heat,historical,0.14542691175,0.54800487,0.0,12
KW,1942,heat,historical,0.14950866999999998,0.6026997,0.0,12
KW,1943,heat,historical,0.15176258550000002,0.51381695,0.0,12
KW,1944,heat,historical,0.15565786440833332,0.53872895,0.0,12
KW,1945,heat,historical,0.13770028595833333,0.51822364,0.0,12
KW,1946,heat,historical,0.15471095333333332,0.5980953,0.0,12
KW,1947,heat,historical,0.15357631783333334,0.5767404,0.0,12
KW,1948,heat,historical,0.16563724016666667,0.5815104,0.0,12
KW,1949,heat,historical,0.18300910941666668,0.5461223,0.0,12
KW,1950,heat,historical,0.16829960405,0.63507533,0.0,12
KW,1951,heat,historical,0.1440405134,0.6010809,0.0,12
KW,1952,heat,historical,0.15676716416666667,0.5269897,0.0,12
KW,1953,heat,historical,0.18556974283333336,0.57722044,0.0,12
KW,1954,heat,historical,0.18591107475000002,0.60363454,0.0,12
KW,1955,heat,historical,0.17730303833333336,0.6667814,0.0,12
KW,1956,heat,historical,0.20238338916666665,0.6689665,0.0,12
KW,1957,heat,historical,0.16016186316666667,0.5221803,0.0,12
KW,1958,heat,historical,0.16675958449999997,0.6195462,0.0,12
KW,1959,heat,historical,0.16716793495833335,0.6119344,0.0,12
KW,1960,heat,historical,0.17362172229166664,0.6156164,0.0,12
KW,1961,heat,historical,0.17461505160000002,0.6596265,0.0,12
KW,1962,heat,historical,0.15134980439666668,0.5258009,0.0,12
KW,1963,heat,historical,0.16634663316666667,0.54587305,0.0,12
KW,1964,heat,historical,0.15602990873333333,0.6591108,0.0,12
KW,1965,heat,historical,0.18597976583333334,0.6072561,0.0,12
KW,1966,heat,historical,0.14892692208333333,0.43778944,0.0,12
KW,1967,heat,historical,0.15223756408333333,0.5334513,0.0,12
KW,1968,heat,historical,0.15624240108333334,0.5879541,0.0,12
KW,1969,heat,historical,0.19114556691666665,0.58078367,0.0,12
KW,1970,heat,historical,0.1709345956666667,0.6358527,0.0,12
KW,1971,heat,historical,0.13600854850000002,0.51582026,0.0,12
KW,1972,heat,historical,0.15331700916666666,0.6198889,0.0,12
KW,1973,heat,historical,0.17916838749999997,0.68649536,0.0,12
KW,1974,heat,historical,0.18372753,0.55074126,0.0,12
KW,1975,heat,historical,0.16282288,0.552709,0.0,12
KW,1976,heat,historical,0.173687107375,0.62522894,0.0,12
KW,1977,heat,historical,0.1720589916666667,0.55465555,0.0,12
KW,1978,heat,historical,0.15983493916666666,0.6401056,0.0,12
KW,1979,heat,historical,0.1733682625,0.6638928,0.0,12
KW,1980,heat,historical,0.16605433166666667,0.65202916,0.0,12
KW,1981,heat,historical,0.18878200533333334,0.65336764,0.0,12
KW,1982,heat,historical,0.16189042350000002,0.5792836,0.0,12
KW,1983,heat,historical,0.14144220583333333,0.5608462,0.0,12
KW,1984,heat,historical,0.156731415,0.6597127,0.0,12
KW,1985,heat,historical,0.1700325,0.63435215,0.0,12
KW,1986,heat,historical,0.16298423166666667,0.59140897,0.0,12
KW,1987,heat,historical,0.163217892,0.5495808,0.0,12
KW,1988,heat,historical,0.18650392500000001,0.68135977,0.0,12
KW,1989,heat,historical,0.17398120766666667,0.58162147,0.0,12
KW,1990,heat,historical,0.17639853583333331,0.5550953,0.0,12
KW,1991,heat,historical,0.1667849225,0.6074492,0.0,12
KW,1992,heat,historical,0.1437622385,0.48629197,0.0,12
KW,1993,heat,historical,0.15671722105,0.48342195,0.0,12
KW,1994,heat,historical,0.20981239725,0.67944884,0.0,12
KW,1995,heat,historical,0.18049568233333332,0.6381998,0.0,12
KW,1996,heat,historical,0.17891821156666665,0.670576,0.0,12
KW,1997,heat,historical,0.20491510916666666,0.70343685,0.0,12
KW,1998,heat,historical,0.22463763166666664,0.7297059,0.0,12
KW,1999,heat,historical,0.16168829166666668,0.5180616,0.0,12
KW,2000,heat,historical,0.16123958441666666,0.6162668,0.0,12
KW,2001,heat,historical,0.18404908166666667,0.6372965,0.0,12
KW,2002,heat,historical,0.21801251583333334,0.6972368,0.0,12
KW,2003,heat,historical,0.213196211,0.68545985,0.0,12
KW,2004,heat,historical,0.1863335378333333,0.63356084,0.0,12
KW,2005,heat,historical,0.19715513208333335,0.5836991,0.0,12
KW,2006,heat,historical,0.177518113,0.74437964,0.0,12
KW,2007,heat,historical,0.19188411666666663,0.6688772,0.0,12
KW,2008,heat,historical,0.21474621291666665,0.728755,0.0,12
KW,2009,heat,historical,0.2010434825,0.70396745,0.0,12
KW,2010,heat,historical,0.19586361416666667,0.752965,0.0,12
KW,2011,heat,historical,0.22099304383333332,0.6569366,0.0,12
KW,2012,heat,historical,0.20749060733333333,0.7384058,0.0,12
KW,2013,heat,historical,0.19214444374999998,0.7422318,0.0,12
KW,2014,heat,historical,0.19945735674999998,0.74166554,0.0,12
KZ,1850,heat,historical,4.4360333333333336e-05,0.008517184,0.0,192
KZ,1851,heat,historical,0.0,0.0,0.0,192
KZ,1852,heat,historical,0.00010570664583333333,0.010237656,0.0,192
KZ,1853,heat,historical,0.0009849499531249999,0.085348375,0.0,192
KZ,1854,heat,historical,0.0,0.0,0.0,192
KZ,1855,heat,historical,4.030069114583333e-05,0.0065866224,0.0,192
KZ,1856,heat,historical,0.0,0.0,0.0,192
KZ,1857,heat,historical,5.097405729166667e-06,0.0009787019,0.0,192
KZ,1858,heat,historical,0.00010678473802083333,0.016510433,0.0,192
KZ,1859,heat,historical,6.137857291666667e-06,0.0011784686,0.0,192
KZ,1860,heat,historical,5.420294791666667e-05,0.010406966,0.0,192
KZ,1861,heat,historical,0.0,0.0,0.0,192
KZ,1862,heat,historical,7.528352083333333e-05,0.014454436,0.0,192
KZ,1863,heat,historical,0.0,0.0,0.0,192
KZ,1864,heat,historical,0.00032134893229166666,0.02775776,0.0,192
KZ,1865,heat,historical,0.0,0.0,0.0,192
KZ,1866,heat,historical,0.0,0.0,0.0,192
KZ,1867,heat,historical,0.0,0.0,0.0,192
KZ,1868,heat,historical,0.0,0.0,0.0,192
KZ,1869,heat,historical,0.0,0.0,0.0,192
KZ,1870,heat,historical,0.0,0.0,0.0,192
KZ,1871,heat,historical,6.670719114583333e-05,0.010625833,0.0,192
KZ,1872,heat,historical,0.0,0.0,0.0,192
KZ,1873,heat,historical,0.0,0.0,0.0,192
KZ,1874,heat,historical,0.0,0.0,0.0,192
KZ,1875,heat,historical,0.0,0.0,0.0,192
KZ,1876,heat,historical,4.850601041666667e-05,0.009313154,0.0,192
KZ,1877,heat,historical,0.0,0.0,0.0,192
KZ,1878,heat,historical,0.0,0.0,0.0,192
KZ,1879,heat,historical,0.0,0.0,0.0,192
KZ,1880,heat,historical,0.0,0.0,0.0,192
KZ,1881,heat,historical,0.0,0.0,0.0,192
KZ,1882,heat,historical,0.0,0.0,0.0,192
KZ,1883,heat,historical,0.0,0.0,0.0,192
KZ,1884,heat,historical,0.0,0.0,0.0,192
KZ,1885,heat,historical,3.3229922916666664e-05,0.005133023,0.0,192
KZ,1886,heat,historical,0.0,0.0,0.0,192
KZ,1887,heat,historical,0.0,0.0,0.0,192
KZ,1888,heat,historical,0.0,0.0,0.0,192
KZ,1889,heat,historical,0.0,0.0,0.0,192
KZ,1890,heat,historical,0.0,0.0,0.0,192
KZ,1891,heat,historical,0.0,0.0,0.0,192
KZ,1892,heat,historical,1.851304583333333e-05,0.0035545048,0.0,192
KZ,1893,heat,historical,0.0,0.0,0.0,192
KZ,1894,heat,historical,0.0,0.0,0.0,192
KZ,1895,heat,historical,0.00015712967708333332,0.030168898,0.0,192
KZ,1896,heat,historical,0.00020687241145833334,0.039719503,0.0,192
KZ,1897,heat,historical,4.913511979166667e-05,0.009433943,0.0,192
KZ,1898,heat,historical,0.0,0.0,0.0,192
KZ,1899,heat,historical,0.00020935120312499998,0.029036371,0.0,192
KZ,1900,heat,historical,0.0,0.0,0.0,192
KZ,1901,heat,historical,0.0,0.0,0.0,192
KZ,1902,heat,historical,2.245170625e-05,0.0043107276,0.0,192
KZ,1903,heat,historical,0.0,0.0,0.0,192
KZ,1904,heat,historical,6.8253078125e-05,0.013104591,0.0,192
KZ,1905,heat,historical,0.0,0.0,0.0,192
KZ,1906,heat,historical,0.0,0.0,0.0,192
KZ,1907,heat,historical,0.0,0.0,0.0,192
KZ,1908,heat,historical,0.0,0.0,0.0,192
KZ,1909,heat,historical,0.0,0.0,0.0,192
KZ,1910,heat,historical,0.0,0.0,0.0,192
KZ,1911,heat,historical,9.508973177083334e-05,0.016549146,0.0,192
KZ,1912,heat,historical,0.0,0.0,0.0,192
KZ,1913,heat,historical,0.0,0.0,0.0,192
KZ,1914,heat,historical,0.0,0.0,0.0,192
KZ,1915,heat,historical,0.0,0.0,0.0,192
KZ,1916,heat,historical,0.0,0.0,0.0,192
KZ,1917,heat,historical,0.0,0.0,0.0,192
KZ,1918,heat,historical,0.0003216876875,0.05053529,0.0,192
KZ,1919,heat,historical,1.3571572916666666e-05,0.002605742,0.0,192
KZ,1920,heat,historical,0.0,0.0,0.0,192
KZ,1921,heat,historical,0.0,0.0,0.0,192
KZ,1922,heat,historical,0.0,0.0,0.0,192
KZ,1923,heat,historical,0.0,0.0,0.0,192
KZ,1924,heat,historical,0.0,0.0,0.0,192
KZ,1925,heat,historical,0.0,0.0,0.0,192
KZ,1926,heat,historical,0.0,0.0,0.0,192
KZ,1927,heat,historical,0.0,0.0,0.0,192
KZ,1928,heat,historical,0.0,0.0,0.0,192
KZ,1929,heat,historical,0.0,0.0,0.0,192
KZ,1930,heat,historical,0.0,0.0,0.0,192
KZ,1931,heat,historical,0.0,0.0,0.0,192
KZ,1932,heat,historical,0.0,0.0,0.0,192
KZ,1933,heat,historical,0.0,0.0,0.0,192
KZ,1934,heat,historical,0.0,0.0,0.0,192
KZ,1935,heat,historical,0.0,0.0,0.0,192
KZ,1936,heat,historical,0.0,0.0,0.0,192
KZ,1937,heat,historical,0.0,0.0,0.0,192
KZ,1938,heat,historical,0.0003046264375,0.029230975,0.0,192
KZ,1939,heat,historical,0.0,0.0,0.0,192
KZ,1940,heat,historical,0.0,0.0,0.0,192
KZ,1941,heat,historical,0.0,0.0,0.0,192
KZ,1942,heat,historical,0.0,0.0,0.0,192
KZ,1943,heat,historical,0.0,0.0,0.0,192
KZ,1944,heat,historical,0.0,0.0,0.0,192
KZ,1945,heat,historical,0.0,0.0,0.0,192
KZ,1946,heat,historical,0.0,0.0,0.0,192
KZ,1947,heat,historical,0.0,0.0,0.0,192
KZ,1948,heat,historical,7.37295625e-05,0.014156076,0.0,192
KZ,1949,heat,historical,0.0,0.0,0.0,192
KZ,1950,heat,historical,0.0,0.0,0.0,192
KZ,1951,heat,historical,0.0,0.0,0.0,192
KZ,1952,heat,historical,0.0,0.0,0.0,192
KZ,1953,heat,historical,0.0,0.0,0.0,192
KZ,1954,heat,historical,0.0,0.0,0.0,192
KZ,1955,heat,historical,0.0,0.0,0.0,192
KZ,1956,heat,historical,3.720622395833333e-05,0.007143595,0.0,192
KZ,1957,heat,historical,0.0,0.0,0.0,192
KZ,1958,heat,historical,0.0,0.0,0.0,192
KZ,1959,heat,historical,0.0,0.0,0.0,192
KZ,1960,heat,historical,0.0,0.0,0.0,192
KZ,1961,heat,historical,0.0,0.0,0.0,192
KZ,1962,heat,historical,0.0,0.0,0.0,192
KZ,1963,heat,historical,0.0,0.0,0.0,192
KZ,1964,heat,historical,0.0,0.0,0.0,192
KZ,1965,heat,historical,0.0,0.0,0.0,192
KZ,1966,heat,historical,0.0,0.0,0.0,192
KZ,1967,heat,historical,2.406749739583333e-05,0.0046209595,0.0,192
KZ,1968,heat,historical,0.0,0.0,0.0,192
KZ,1969,heat,historical,0.0,0.0,0.0,192
KZ,1970,heat,historical,0.0,0.0,0.0,192
KZ,1971,heat,historical,0.0,0.0,0.0,192
KZ,1972,heat,historical,0.0,0.0,0.0,192
KZ,1973,heat,historical,0.0,0.0,0.0,192
KZ,1974,heat,historical,0.0,0.0,0.0,192
KZ,1975,heat,historical,0.0,0.0,0.0,192
KZ,1976,heat,historical,0.0,0.0,0.0,192
KZ,1977,heat,historical,0.0,0.0,0.0,192
KZ,1978,heat,historical,0.0,0.0,0.0,192
KZ,1979,heat,historical,0.0,0.0,0.0,192
KZ,1980,heat,historical,0.0,0.0,0.0,192
KZ,1981,heat,historical,0.0,0.0,0.0,192
KZ,1982,heat,historical,0.0,0.0,0.0,192
KZ,1983,heat,historical,0.0,0.0,0.0,192
KZ,1984,heat,historical,0.0,0.0,0.0,192
KZ,1985,heat,historical,0.0,0.0,0.0,192
KZ,1986,heat,historical,0.0,0.0,0.0,192
KZ,1987,heat,historical,0.0,0.0,0.0,192
KZ,1988,heat,historical,0.0,0.0,0.0,192
KZ,1989,heat,historical,0.0,0.0,0.0,192
KZ,1990,heat,historical,0.0,0.0,0.0,192
KZ,1991,heat,historical,0.0,0.0,0.0,192
KZ,1992,heat,historical,0.0,0.0,0.0,192
KZ,1993,heat,historical,0.0,0.0,0.0,192
KZ,1994,heat,historical,0.0,0.0,0.0,192
KZ,1995,heat,historical,0.0,0.0,0.0,192
KZ,1996,heat,historical,0.0,0.0,0.0,192
KZ,1997,heat,historical,0.0,0.0,0.0,192
KZ,1998,heat,historical,0.0,0.0,0.0,192
KZ,1999,heat,historical,0.0,0.0,0.0,192
KZ,2000,heat,historical,0.0,0.0,0.0,192
KZ,2001,heat,historical,0.0,0.0,0.0,192
KZ,2002,heat,historical,0.0,0.0,0.0,192
KZ,2003,heat,historical,0.0,0.0,0.0,192
KZ,2004,heat,historical,0.0,0.0,0.0,192
KZ,2005,heat,historical,1.1479916666666667e-06,0.0002204144,0.0,192
KZ,2006,heat,historical,8.143213020833332e-05,0.015634969,0.0,192
KZ,2007,heat,historical,0.0,0.0,0.0,192
KZ,2008,heat,historical,0.0,0.0,0.0,192
KZ,2009,heat,historical,0.0,0.0,0.0,192
KZ,2010,heat,historical,0.0,0.0,0.0,192
KZ,2011,heat,historical,0.0,0.0,0.0,192
KZ,2012,heat,historical,0.0,0.0,0.0,192
KZ,2013,heat,historical,0.0,0.0,0.0,192
KZ,2014,heat,historical,0.0,0.0,0.0,192
LA,1850,heat,historical,0.0,0.0,0.0,12
LA,1851,heat,historical,0.0006556080833333334,0.007867297,0.0,12
LA,1852,heat,historical,0.000625582875,0.0075069945,0.0,12
LA,1853,heat,historical,0.009852876416666666,0.0928817,0.0,12
LA,1854,heat,historical,0.0,0.0,0.0,12
LA,1855,heat,historical,0.0,0.0,0.0,12
LA,1856,heat,historical,0.0,0.0,0.0,12
LA,1857,heat,historical,0.0,0.0,0.0,12
LA,1858,heat,historical,0.0022355458333333336,0.02682655,0.0,12
LA,1859,heat,historical,0.0,0.0,0.0,12
LA,1860,heat,historical,0.0,0.0,0.0,12
LA,1861,heat,historical,0.0,0.0,0.0,12
LA,1862,heat,historical,0.0036726265833333335,0.035030916,0.0,12
LA,1863,heat,historical,0.0,0.0,0.0,12
LA,1864,heat,historical,0.00015683663333333333,0.0018820396,0.0,12
LA,1865,heat,historical,0.0,0.0,0.0,12
LA,1866,heat,historical,0.0007655571666666666,0.009186686,0.0,12
LA,1867,heat,historical,0.0018897825,0.02267739,0.0,12
LA,1868,heat,historical,0.0006431334166666667,0.007717601,0.0,12
LA,1869,heat,historical,0.0,0.0,0.0,12
LA,1870,heat,historical,0.0,0.0,0.0,12
LA,1871,heat,historical,0.0,0.0,0.0,12
LA,1872,heat,historical,0.0006078172500000001,0.007293807,0.0,12
LA,1873,heat,historical,0.0,0.0,0.0,12
LA,1874,heat,historical,0.0,0.0,0.0,12
LA,1875,heat,historical,0.00013610288333333335,0.0016332346,0.0,12
LA,1876,heat,historical,0.0006041608666666667,0.0072499304,0.0,12
LA,1877,heat,historical,0.0,0.0,0.0,12
LA,1878,heat,historical,0.0,0.0,0.0,12
LA,1879,heat,historical,0.001569915,0.01883898,0.0,12
LA,1880,heat,historical,0.0,0.0,0.0,12
LA,1881,heat,historical,0.0,0.0,0.0,12
LA,1882,heat,historical,0.0,0.0,0.0,12
LA,1883,heat,historical,0.0,0.0,0.0,12
LA,1884,heat,historical,0.0007767413333333333,0.009320896,0.0,12
LA,1885,heat,historical,0.0016080271,0.018153474,0.0,12
LA,1886,heat,historical,0.0,0.0,0.0,12
LA,1887,heat,historical,0.0,0.0,0.0,12
LA,1888,heat,historical,0.0,0.0,0.0,12
LA,1889,heat,historical,0.0,0.0,0.0,12
LA,1890,heat,historical,0.005007674166666667,0.034116227,0.0,12
LA,1891,heat,historical,0.0018578644999999998,0.022294374,0.0,12
LA,1892,heat,historical,0.000621195225,0.0074543427,0.0,12
LA,1893,heat,historical,0.0,0.0,0.0,12
LA,1894,heat,historical,0.0,0.0,0.0,12
LA,1895,heat,historical,0.0026793427500000004,0.032152113,0.0,12
LA,1896,heat,historical,0.0,0.0,0.0,12
LA,1897,heat,historical,0.0,0.0,0.0,12
LA,1898,heat,historical,0.0,0.0,0.0,12
LA,1899,heat,historical,0.007047066166666667,0.07678525,0.0,12
LA,1900,heat,historical,0.00325046725,0.039005607,0.0,12
LA,1901,heat,historical,0.0,0.0,0.0,12
LA,1902,heat,historical,0.000165224775,0.0019826973,0.0,12
LA,1903,heat,historical,0.0,0.0,0.0,12
LA,1904,heat,historical,3.6649701666666665e-05,0.00043979642,0.0,12
LA,1905,heat,historical,0.0,0.0,0.0,12
LA,1906,heat,historical,0.0,0.0,0.0,12
LA,1907,heat,historical,0.0,0.0,0.0,12
LA,1908,heat,historical,0.0,0.0,0.0,12
LA,1909,heat,historical,0.0012863099166666666,0.015435719,0.0,12
LA,1910,heat,historical,0.0,0.0,0.0,12
LA,1911,heat,historical,0.0,0.0,0.0,12
LA,1912,heat,historical,0.0,0.0,0.0,12
LA,1913,heat,historical,0.00021740326666666666,0.0026088392,0.0,12
LA,1914,heat,historical,0.0010663255833333334,0.012795907,0.0,12
LA,1915,heat,historical,0.0005180426666666667,0.006216512,0.0,12
LA,1916,heat,historical,0.0,0.0,0.0,12
LA,1917,heat,historical,0.0,0.0,0.0,12
LA,1918,heat,historical,0.0,0.0,0.0,12
LA,1919,heat,historical,0.0030635623333333333,0.036762748,0.0,12
LA,1920,heat,historical,0.0,0.0,0.0,12
LA,1921,heat,historical,0.0,0.0,0.0,12
LA,1922,heat,historical,0.0,0.0,0.0,12
LA,1923,heat,historical,0.0043140829166666665,0.0394867,0.0,12
LA,1924,heat,historical,0.0,0.0,0.0,12
LA,1925,heat,historical,0.0,0.0,0.0,12
LA,1926,heat,historical,0.0,0.0,0.0,12
LA,1927,heat,historical,0.0011563152499999999,0.013875783,0.0,12
LA,1928,heat,historical,0.0,0.0,0.0,12
LA,1929,heat,historical,0.0,0.0,0.0,12
LA,1930,heat,historical,0.0011459484416666665,0.00806087,0.0,12
LA,1931,heat,historical,0.0030702297,0.018301621,0.0,12
LA,1932,heat,historical,0.0,0.0,0.0,12
LA,1933,heat,historical,0.0,0.0,0.0,12
LA,1934,heat,historical,0.0,0.0,0.0,12
LA,1935,heat,historical,0.000496792725,0.0059615127,0.0,12
LA,1936,heat,historical,0.0,0.0,0.0,12
LA,1937,heat,historical,0.0032576508333333333,0.03909181,0.0,12
LA,1938,heat,historical,0.0010355260833333332,0.012426313,0.0,12
LA,1939,heat,historical,0.0007469742166666668,0.005409702,0.0,12
LA,1940,heat,historical,0.003609565416666667,0.043314785,0.0,12
LA,1941,heat,historical,0.0,0.0,0.0,12
LA,1942,heat,historical,0.0032906010833333335,0.039487213,0.0,12
LA,1943,heat,historical,0.0005861371333333333,0.0070336456,0.0,12
LA,1944,heat,historical,0.0032369170833333335,0.02395187,0.0,12
LA,1945,heat,historical,0.0,0.0,0.0,12
LA,1946,heat,historical,0.0,0.0,0.0,12
LA,1947,heat,historical,0.0036467314166666667,0.022140034,0.0,12
LA,1948,heat,historical,0.0018245271008333333,0.021821542,0.0,12
LA,1949,heat,historical,0.0,0.0,0.0,12
LA,1950,heat,historical,0.0028886591666666666,0.03466391,0.0,12
LA,1951,heat,historical,0.004028155,0.03099997,0.0,12
LA,1952,heat,historical,0.002367734166666667,0.02841281,0.0,12
LA,1953,heat,historical,0.0,0.0,0.0,12
LA,1954,heat,historical,0.0,0.0,0.0,12
LA,1955,heat,historical,0.0004664233833333333,0.0055970806,0.0,12
LA,1956,heat,historical,0.0,0.0,0.0,12
LA,1957,heat,historical,0.0018090842916666666,0.0135892965,0.0,12
LA,1958,heat,historical,0.0020017963916666667,0.01883072,0.0,12
LA,1959,heat,historical,0.0,0.0,0.0,12
LA,1960,heat,historical,0.0018290868333333333,0.021949042,0.0,12
LA,1961,heat,historical,0.0028286084999999996,0.02032355,0.0,12
LA,1962,heat,historical,0.0,0.0,0.0,12
LA,1963,heat,historical,0.000981799,0.011781588,0.0,12
LA,1964,heat,historical,0.0,0.0,0.0,12
LA,1965,heat,historical,0.0,0.0,0.0,12
LA,1966,heat,historical,0.0,0.0,0.0,12
LA,1967,heat,historical,0.0,0.0,0.0,12
LA,1968,heat,historical,0.004578760833333333,0.033512797,0.0,12
LA,1969,heat,historical,0.0,0.0,0.0,12
LA,1970,heat,historical,0.0,0.0,0.0,12
LA,1971,heat,historical,0.0005104288,0.0061251456,0.0,12
LA,1972,heat,historical,0.0,0.0,0.0,12
LA,1973,heat,historical,0.002682654833333333,0.032191858,0.0,12
LA,1974,heat,historical,0.0,0.0,0.0,12
LA,1975,heat,historical,0.0,0.0,0.0,12
LA,1976,heat,historical,0.0006578019166666667,0.007893623,0.0,12
LA,1977,heat,historical,0.0,0.0,0.0,12
LA,1978,heat,historical,0.0030728538333333333,0.036874246,0.0,12
LA,1979,heat,historical,0.0014333818333333332,0.017200582,0.0,12
LA,1980,heat,historical,0.005782780833333333,0.054643672,0.0,12
LA,1981,heat,historical,0.0,0.0,0.0,12
LA,1982,heat,historical,0.0,0.0,0.0,12
LA,1983,heat,historical,0.0,0.0,0.0,12
LA,1984,heat,historical,0.00761604,0.09139248,0.0,12
LA,1985,heat,historical,0.0024797910833333336,0.023201326,0.0,12
LA,1986,heat,historical,0.0,0.0,0.0,12
LA,1987,heat,historical,0.0,0.0,0.0,12
LA,1988,heat,historical,0.0033328430833333336,0.039994117,0.0,12
LA,1989,heat,historical,0.0,0.0,0.0,12
LA,1990,heat,historical,1.0366875e-05,0.0001244025,0.0,12
LA,1991,heat,historical,0.0,0.0,0.0,12
LA,1992,heat,historical,2.1594071666666667e-05,0.00025912886,0.0,12
LA,1993,heat,historical,0.0,0.0,0.0,12
LA,1994,heat,historical,0.004188303666666666,0.031114047,0.0,12
LA,1995,heat,historical,0.0,0.0,0.0,12
LA,1996,heat,historical,0.0007235735,0.008682882,0.0,12
LA,1997,heat,historical,0.0018418195000000001,0.022101834,0.0,12
LA,1998,heat,historical,0.006382812083333332,0.047535177,0.0,12
LA,1999,heat,historical,0.0006710509166666666,0.008052611,0.0,12
LA,2000,heat,historical,0.0015851425,0.01902171,0.0,12
LA,2001,heat,historical,0.0,0.0,0.0,12
LA,2002,heat,historical,0.0009674746666666666,0.011609696,0.0,12
LA,2003,heat,historical,0.0,0.0,0.0,12
LA,2004,heat,historical,0.0,0.0,0.0,12
LA,2005,heat,historical,0.0010746277500000001,0.012895533,0.0,12
LA,2006,heat,historical,0.0016779713333333333,0.020135656,0.0,12
LA,2007,heat,historical,0.0012942678333333333,0.009798375,0.0,12
LA,2008,heat,historical,0.0026492744166666665,0.026511155,0.0,12
LA,2009,heat,historical,0.011687168,0.062339593,0.0,12
LA,2010,heat,historical,0.0,0.0,0.0,12
LA,2011,heat,historical,0.0,0.0,0.0,12
LA,2012,heat,historical,0.000462723975,0.0055526877,0.0,12
LA,2013,heat,historical,0.00017331180000000002,0.0020797416,0.0,12
LA,2014,heat,historical,0.004216006025,0.03446259,0.0,12
LK,1850,heat,historical,0.0,0.0,0.0,72
LK,1851,heat,historical,0.00022754789861111112,0.012109371,0.0,72
LK,1852,heat,historical,0.00013833972222222223,0.00996046,0.0,72
LK,1853,heat,historical,0.00017086705555555557,0.012302428,0.0,72
LK,1854,heat,historical,5.556960555555555e-05,0.0040010116,0.0,72
LK,1855,heat,historical,0.0,0.0,0.0,72
LK,1856,heat,historical,0.00018617359722222223,0.013404499,0.0,72
LK,1857,heat,historical,0.00042228170833333333,0.021305865,0.0,72
LK,1858,heat,historical,0.00017294616666666668,0.012452124,0.0,72
LK,1859,heat,historical,4.695205138888889e-05,0.0033805477,0.0,72
LK,1860,heat,historical,0.0,0.0,0.0,72
LK,1861,heat,historical,0.0,0.0,0.0,72
LK,1862,heat,historical,0.0001618981888888889,0.008709724,0.0,72
LK,1863,heat,historical,6.432337499999999e-05,0.004631283,0.0,72
LK,1864,heat,historical,0.0,0.0,0.0,72
LK,1865,heat,historical,0.0,0.0,0.0,72
LK,1866,heat,historical,0.00017922649444444448,0.011891537,0.0,72
LK,1867,heat,historical,0.00036723545833333335,0.01444979,0.0,72
LK,1868,heat,historical,0.00039996350694444446,0.021527827,0.0,72
LK,1869,heat,historical,0.0001055614625,0.0076004253,0.0,72
LK,1870,heat,historical,0.0,0.0,0.0,72
LK,1871,heat,historical,0.00033959044444444443,0.015194656,0.0,72
LK,1872,heat,historical,0.0006524535972222223,0.026432695,0.0,72
LK,1873,heat,historical,0.00015227693055555556,0.010963939,0.0,72
LK,1874,heat,historical,0.0,0.0,0.0,72
LK,1875,heat,historical,8.315008333333333e-05,0.005986806,0.0,72
LK,1876,heat,historical,0.00016932563888888888,0.012191446,0.0,72
LK,1877,heat,historical,8.936591111111111e-05,0.0064343456,0.0,72
LK,1878,heat,historical,0.0,0.0,0.0,72
LK,1879,heat,historical,0.0,0.0,0.0,72
LK,1880,heat,historical,0.000468710388888889,0.01597101,0.0,72
LK,1881,heat,historical,0.000413176625,0.016907385,0.0,72
LK,1882,heat,historical,0.0,0.0,0.0,72
LK,1883,heat,historical,0.0,0.0,0.0,72
LK,1884,heat,historical,0.0,0.0,0.0,72
LK,1885,heat,historical,0.00015660003333333334,0.008812962,0.0,72
LK,1886,heat,historical,0.00017177754236111112,0.011019687,0.0,72
LK,1887,heat,historical,0.0,0.0,0.0,72
LK,1888,heat,historical,0.0,0.0,0.0,72
LK,1889,heat,historical,0.0,0.0,0.0,72
LK,1890,heat,historical,0.0004592253333333334,0.020898588,0.0,72
LK,1891,heat,historical,0.0003388663472222222,0.013730217,0.0,72
LK,1892,heat,historical,0.0002993489027777778,0.014267057,0.0,72
LK,1893,heat,historical,0.0,0.0,0.0,72
LK,1894,heat,historical,7.843265277777778e-06,0.0005647151,0.0,72
LK,1895,heat,historical,0.0003331523861111111,0.012702477,0.0,72
LK,1896,heat,historical,0.0002317491388888889,0.011635506,0.0,72
LK,1897,heat,historical,0.0,0.0,0.0,72
LK,1898,heat,historical,0.0,0.0,0.0,72
LK,1899,heat,historical,0.0001924754583333333,0.013858233,0.0,72
LK,1900,heat,historical,0.00040479567083333333,0.022021309,0.0,72
LK,1901,heat,historical,0.00020875704166666668,0.0092300465,0.0,72
LK,1902,heat,historical,0.0002476436002777778,0.01759702,0.0,72
LK,1903,heat,historical,0.00010163265833333334,0.0073175514,0.0,72
LK,1904,heat,historical,3.209716666666667e-05,0.002310996,0.0,72
LK,1905,heat,historical,6.368530555555556e-05,0.004585342,0.0,72
LK,1906,heat,historical,0.00013255405555555555,0.009543892,0.0,72
LK,1907,heat,historical,9.941733333333333e-05,0.007158048,0.0,72
LK,1908,heat,historical,5.349766666666667e-05,0.003851832,0.0,72
LK,1909,heat,historical,0.0003716947777777778,0.020213084,0.0,72
LK,1910,heat,historical,0.00017422947222222224,0.008457822,0.0,72
LK,1911,heat,historical,0.0,0.0,0.0,72
LK,1912,heat,historical,0.0002790022916666667,0.011079566,0.0,72
LK,1913,heat,historical,0.00012508359027777778,0.0055738515,0.0,72
LK,1914,heat,historical,0.00043272742083333334,0.016575988,0.0,72
LK,1915,heat,historical,0.00017015010972222224,0.010298566,0.0,72
LK,1916,heat,historical,0.0,0.0,0.0,72
LK,1917,heat,historical,8.513599305555556e-05,0.0061297915,0.0,72
LK,1918,heat,historical,0.00013152166666666667,0.00946956,0.0,72
LK,1919,heat,historical,0.0003916685972222222,0.015206529,0.0,72
LK,1920,heat,historical,8.455527777777777e-05,0.00608798,0.0,72
LK,1921,heat,historical,0.0,0.0,0.0,72
LK,1922,heat,historical,0.0,0.0,0.0,72
LK,1923,heat,historical,0.0005423467375,0.02186232,0.0,72
LK,1924,heat,historical,0.0,0.0,0.0,72
LK,1925,heat,historical,0.0,0.0,0.0,72
LK,1926,heat,historical,1.4510756944444445e-05,0.0010447745,0.0,72
LK,1927,heat,historical,0.0003154512583333333,0.020881038,0.0,72
LK,1928,heat,historical,0.00017174887222222223,0.009410714,0.0,72
LK,1929,heat,historical,4.552535277777778e-05,0.0032778254,0.0,72
LK,1930,heat,historical,0.00022743318375,0.015497145,0.0,72
LK,1931,heat,historical,0.0005255203194444444,0.020698823,0.0,72
LK,1932,heat,historical,0.0005457880250000001,0.025436956,0.0,72
LK,1933,heat,historical,7.436046805555555e-05,0.0053539537,0.0,72
LK,1934,heat,historical,0.0,0.0,0.0,72
LK,1935,heat,historical,0.0007438196975,0.0237361,0.0,72
LK,1936,heat,historical,0.00046654525,0.023796497,0.0,72
LK,1937,heat,historical,0.00010420645833333333,0.007502865,0.0,72
LK,1938,heat,historical,0.0003128989575,0.018610304,0.0,72
LK,1939,heat,historical,0.0010344005180555555,0.031934276,0.0,72
LK,1940,heat,historical,0.00032497214444444445,0.021609902,0.0,72
LK,1941,heat,historical,2.135031458333333e-05,0.0010783271,0.0,72
LK,1942,heat,historical,0.00020985395416666666,0.011705192,0.0,72
LK,1943,heat,historical,6.865366666666666e-05,0.004943064,0.0,72
LK,1944,heat,historical,0.0005743506847222222,0.022468846,0.0,72
LK,1945,heat,historical,0.0002846445694444444,0.014527218,0.0,72
LK,1946,heat,historical,0.00021274319444444442,0.01531751,0.0,72
LK,1947,heat,historical,0.0004552535138888889,0.022971103,0.0,72
LK,1948,heat,historical,0.00015148830555555555,0.006558748,0.0,72
LK,1949,heat,historical,0.0,0.0,0.0,72
LK,1950,heat,historical,9.046281944444444e-05,0.006513323,0.0,72
LK,1951,heat,historical,0.0006113517222222221,0.021361614,0.0,72
LK,1952,heat,historical,0.0008237508055555556,0.03379051,0.0,72
LK,1953,heat,historical,0.00014373823245833332,0.010315084,0.0,72
LK,1954,heat,historical,5.5497913888888896e-05,0.0039958498,0.0,72
LK,1955,heat,historical,0.0005162431763888888,0.017998617,0.0,72
LK,1956,heat,historical,0.0005189388333333334,0.020935755,0.0,72
LK,1957,heat,historical,0.0010743767611111111,0.035489812,0.0,72
LK,1958,heat,historical,0.0002676890736111111,0.012149634,0.0,72
LK,1959,heat,historical,9.711597222222221e-05,0.00699235,0.0,72
LK,1960,heat,historical,0.00043401076388888886,0.015557024,0.0,72
LK,1961,heat,historical,0.00048085525,0.030483775,0.0,72
LK,1962,heat,historical,8.365911111111111e-05,0.006023456,0.0,72
LK,1963,heat,historical,0.0,0.0,0.0,72
LK,1964,heat,historical,0.0,0.0,0.0,72
LK,1965,heat,historical,0.0003212512736111111,0.017859245,0.0,72
LK,1966,heat,historical,0.0,0.0,0.0,72
LK,1967,heat,historical,0.0,0.0,0.0,72
LK,1968,heat,historical,0.0006149650694444445,0.026574647,0.0,72
LK,1969,heat,historical,0.0006490696111111112,0.028137678,0.0,72
LK,1970,heat,historical,0.0003140819166666667,0.013765834,0.0,72
LK,1971,heat,historical,2.2031402777777778e-05,0.001586261,0.0,72
LK,1972,heat,historical,3.5825227777777776e-05,0.0025794164,0.0,72
LK,1973,heat,historical,0.0003831299166666667,0.014873585,0.0,72
LK,1974,heat,historical,0.00018352094444444442,0.009091707,0.0,72
LK,1975,heat,historical,5.592090277777777e-07,4.026305e-05,0.0,72
LK,1976,heat,historical,1.1513970833333334e-05,0.0008290059,0.0,72
LK,1977,heat,historical,0.0006684125523611111,0.024626018,0.0,72
LK,1978,heat,historical,0.00021561094583333334,0.013728669,0.0,72
LK,1979,heat,historical,0.00023760649305555555,0.011478067,0.0,72
LK,1980,heat,historical,0.0004744458722222222,0.02023012,0.0,72
LK,1981,heat,historical,0.00031131454166666663,0.022414647,0.0,72
LK,1982,heat,historical,0.0,0.0,0.0,72
LK,1983,heat,historical,0.0,0.0,0.0,72
LK,1984,heat,historical,0.00010016294305555556,0.00564457,0.0,72
LK,1985,heat,historical,0.0007899831805555555,0.027086195,0.0,72
LK,1986,heat,historical,0.00010951894305555554,0.0039462955,0.0,72
LK,1987,heat,historical,0.00017934120833333332,0.012912567,0.0,72
LK,1988,heat,historical,0.00039647922097222217,0.01811889,0.0,72
LK,1989,heat,historical,0.00020231178611111112,0.009334833,0.0,72
LK,1990,heat,historical,9.221930833333335e-05,0.004745362,0.0,72
LK,1991,heat,historical,0.0001904537125,0.009245017,0.0,72
LK,1992,heat,historical,5.1296677777777775e-05,0.0036933608,0.0,72
LK,1993,heat,historical,8.180941944444444e-05,0.004022692,0.0,72
LK,1994,heat,historical,0.0010966591569444442,0.033067323,0.0,72
LK,1995,heat,historical,0.0,0.0,0.0,72
LK,1996,heat,historical,0.000183693,0.013225896,0.0,72
LK,1997,heat,historical,0.0005539754338888889,0.020621393,0.0,72
LK,1998,heat,historical,0.00043581025,0.014815254,0.0,72
LK,1999,heat,historical,0.00010310238194444443,0.005103084,0.0,72
LK,2000,heat,historical,0.0001604643138888889,0.010543241,0.0,72
LK,2001,heat,historical,0.0009171530555555556,0.02996397,0.0,72
LK,2002,heat,historical,0.0008998104009722221,0.03533496,0.0,72
LK,2003,heat,historical,1.8002229166666666e-05,0.0012961605,0.0,72
LK,2004,heat,historical,6.982943472222222e-06,0.00050277193,0.0,72
LK,2005,heat,historical,0.00018706977222222222,0.009107709,0.0,72
LK,2006,heat,historical,0.0007769779597222221,0.028675552,0.0,72
LK,2007,heat,historical,0.001158265361111111,0.033561837,0.0,72
LK,2008,heat,historical,0.0006879203500000001,0.024766939,0.0,72
LK,2009,heat,historical,0.0010807933430555553,0.036254294,0.0,72
LK,2010,heat,historical,0.0008964479902777778,0.031693734,0.0,72
LK,2011,heat,historical,0.000929957486111111,0.042051144,0.0,72
LK,2012,heat,historical,0.00013379435625,0.009489692,0.0,72
LK,2013,heat,historical,0.00046811534027777776,0.016563084,0.0,72
LK,2014,heat,historical,0.0004979111449999999,0.027308673,0.0,72
LT,1850,heat,historical,0.0,0.0,0.0,12
LT,1851,heat,historical,0.0,0.0,0.0,12
LT,1852,heat,historical,0.0,0.0,0.0,12
LT,1853,heat,historical,0.0,0.0,0.0,12
LT,1854,heat,historical,0.0,0.0,0.0,12
LT,1855,heat,historical,0.0,0.0,0.0,12
LT,1856,heat,historical,0.0,0.0,0.0,12
LT,1857,heat,historical,0.0,0.0,0.0,12
LT,1858,heat,historical,0.0,0.0,0.0,12
LT,1859,heat,historical,0.0,0.0,0.0,12
LT,1860,heat,historical,0.0,0.0,0.0,12
LT,1861,heat,historical,0.0,0.0,0.0,12
LT,1862,heat,historical,0.0,0.0,0.0,12
LT,1863,heat,historical,0.0,0.0,0.0,12
LT,1864,heat,historical,0.0,0.0,0.0,12
LT,1865,heat,historical,0.0,0.0,0.0,12
LT,1866,heat,historical,0.0,0.0,0.0,12
LT,1867,heat,historical,0.0,0.0,0.0,12
LT,1868,heat,historical,0.0,0.0,0.0,12
LT,1869,heat,historical,0.0,0.0,0.0,12
LT,1870,heat,historical,0.0,0.0,0.0,12
LT,1871,heat,historical,0.0,0.0,0.0,12
LT,1872,heat,historical,0.0,0.0,0.0,12
LT,1873,heat,historical,0.0,0.0,0.0,12
LT,1874,heat,historical,0.0,0.0,0.0,12
LT,1875,heat,historical,0.0,0.0,0.0,12
LT,1876,heat,historical,0.0,0.0,0.0,12
LT,1877,heat,historical,0.0,0.0,0.0,12
LT,1878,heat,historical,0.0,0.0,0.0,12
LT,1879,heat,historical,0.0,0.0,0.0,12
LT,1880,heat,historical,0.0,0.0,0.0,12
LT,1881,heat,historical,0.0,0.0,0.0,12
LT,1882,heat,historical,0.0,0.0,0.0,12
LT,1883,heat,historical,0.0,0.0,0.0,12
LT,1884,heat,historical,0.0,0.0,0.0,12
LT,1885,heat,historical,0.0,0.0,0.0,12
LT,1886,heat,historical,0.0,0.0,0.0,12
LT,1887,heat,historical,0.0,0.0,0.0,12
LT,1888,heat,historical,0.0,0.0,0.0,12
LT,1889,heat,historical,0.0,0.0,0.0,12
LT,1890,heat,historical,0.0,0.0,0.0,12
LT,1891,heat,historical,0.0,0.0,0.0,12
LT,1892,heat,historical,0.0,0.0,0.0,12
LT,1893,heat,historical,0.0,0.0,0.0,12
LT,1894,heat,historical,0.0,0.0,0.0,12
LT,1895,heat,historical,0.0,0.0,0.0,12
LT,1896,heat,historical,0.0,0.0,0.0,12
LT,1897,heat,historical,0.0,0.0,0.0,12
LT,1898,heat,historical,0.0,0.0,0.0,12
LT,1899,heat,historical,0.0,0.0,0.0,12
LT,1900,heat,historical,0.0,0.0,0.0,12
LT,1901,heat,historical,0.0,0.0,0.0,12
LT,1902,heat,historical,0.0,0.0,0.0,12
LT,1903,heat,historical,0.0,0.0,0.0,12
LT,1904,heat,historical,0.0,0.0,0.0,12
LT,1905,heat,historical,0.0,0.0,0.0,12
LT,1906,heat,historical,0.0,0.0,0.0,12
LT,1907,heat,historical,0.0,0.0,0.0,12
LT,1908,heat,historical,0.0,0.0,0.0,12
LT,1909,heat,historical,0.0,0.0,0.0,12
LT,1910,heat,historical,0.0,0.0,0.0,12
LT,1911,heat,historical,0.0,0.0,0.0,12
LT,1912,heat,historical,0.0,0.0,0.0,12
LT,1913,heat,historical,0.0,0.0,0.0,12
LT,1914,heat,historical,0.0,0.0,0.0,12
LT,1915,heat,historical,0.0,0.0,0.0,12
LT,1916,heat,historical,0.0,0.0,0.0,12
LT,1917,heat,historical,0.0,0.0,0.0,12
LT,1918,heat,historical,0.0,0.0,0.0,12
LT,1919,heat,historical,0.0,0.0,0.0,12
LT,1920,heat,historical,0.0,0.0,0.0,12
LT,1921,heat,historical,0.0,0.0,0.0,12
LT,1922,heat,historical,0.0,0.0,0.0,12
LT,1923,heat,historical,0.0,0.0,0.0,12
LT,1924,heat,historical,0.0,0.0,0.0,12
LT,1925,heat,historical,0.0,0.0,0.0,12
LT,1926,heat,historical,0.0,0.0,0.0,12
LT,1927,heat,historical,0.0,0.0,0.0,12
LT,1928,heat,historical,0.0,0.0,0.0,12
LT,1929,heat,historical,0.0,0.0,0.0,12
LT,1930,heat,historical,0.0,0.0,0.0,12
LT,1931,heat,historical,0.0,0.0,0.0,12
LT,1932,heat,historical,0.0,0.0,0.0,12
LT,1933,heat,historical,0.0,0.0,0.0,12
LT,1934,heat,historical,0.0,0.0,0.0,12
LT,1935,heat,historical,0.0,0.0,0.0,12
LT,1936,heat,historical,0.0,0.0,0.0,12
LT,1937,heat,historical,0.0,0.0,0.0,12
LT,1938,heat,historical,0.0,0.0,0.0,12
LT,1939,heat,historical,0.0,0.0,0.0,12
LT,1940,heat,historical,0.0,0.0,0.0,12
LT,1941,heat,historical,0.0,0.0,0.0,12
LT,1942,heat,historical,0.0,0.0,0.0,12
LT,1943,heat,historical,0.0,0.0,0.0,12
LT,1944,heat,historical,0.0,0.0,0.0,12
LT,1945,heat,historical,0.0,0.0,0.0,12
LT,1946,heat,historical,0.0,0.0,0.0,12
LT,1947,heat,historical,0.0,0.0,0.0,12
LT,1948,heat,historical,0.0,0.0,0.0,12
LT,1949,heat,historical,0.0,0.0,0.0,12
LT,1950,heat,historical,0.0,0.0,0.0,12
LT,1951,heat,historical,0.0,0.0,0.0,12
LT,1952,heat,historical,0.0,0.0,0.0,12
LT,1953,heat,historical,0.0,0.0,0.0,12
LT,1954,heat,historical,0.0,0.0,0.0,12
LT,1955,heat,historical,0.0,0.0,0.0,12
LT,1956,heat,historical,0.0,0.0,0.0,12
LT,1957,heat,historical,0.0,0.0,0.0,12
LT,1958,heat,historical,0.0,0.0,0.0,12
LT,1959,heat,historical,0.0,0.0,0.0,12
LT,1960,heat,historical,0.0,0.0,0.0,12
LT,1961,heat,historical,0.0,0.0,0.0,12
LT,1962,heat,historical,0.0,0.0,0.0,12
LT,1963,heat,historical,0.0,0.0,0.0,12
LT,1964,heat,historical,0.0,0.0,0.0,12
LT,1965,heat,historical,0.0,0.0,0.0,12
LT,1966,heat,historical,0.0,0.0,0.0,12
LT,1967,heat,historical,0.0,0.0,0.0,12
LT,1968,heat,historical,0.0,0.0,0.0,12
LT,1969,heat,historical,0.0,0.0,0.0,12
LT,1970,heat,historical,0.0,0.0,0.0,12
LT,1971,heat,historical,0.0,0.0,0.0,12
LT,1972,heat,historical,0.0,0.0,0.0,12
LT,1973,heat,historical,0.0,0.0,0.0,12
LT,1974,heat,historical,0.0,0.0,0.0,12
LT,1975,heat,historical,0.0,0.0,0.0,12
LT,1976,heat,historical,0.0,0.0,0.0,12
LT,1977,heat,historical,0.0,0.0,0.0,12
LT,1978,heat,historical,0.0,0.0,0.0,12
LT,1979,heat,historical,0.0,0.0,0.0,12
LT,1980,heat,historical,0.0,0.0,0.0,12
LT,1981,heat,historical,0.0,0.0,0.0,12
LT,1982,heat,historical,0.0,0.0,0.0,12
LT,1983,heat,historical,0.0,0.0,0.0,12
LT,1984,heat,historical,0.0,0.0,0.0,12
LT,1985,heat,historical,0.0,0.0,0.0,12
LT,1986,heat,historical,0.0,0.0,0.0,12
LT,1987,heat,historical,0.0,0.0,0.0,12
LT,1988,heat,historical,0.0,0.0,0.0,12
LT,1989,heat,historical,0.0,0.0,0.0,12
LT,1990,heat,historical,0.0,0.0,0.0,12
LT,1991,heat,historical,0.0,0.0,0.0,12
LT,1992,heat,historical,0.0,0.0,0.0,12
LT,1993,heat,historical,0.0,0.0,0.0,12
LT,1994,heat,historical,0.0,0.0,0.0,12
LT,1995,heat,historical,0.0,0.0,0.0,12
LT,1996,heat,historical,0.0,0.0,0.0,12
LT,1997,heat,historical,0.0,0.0,0.0,12
LT,1998,heat,historical,0.0,0.0,0.0,12
LT,1999,heat,historical,0.0,0.0,0.0,12
LT,2000,heat,historical,0.0,0.0,0.0,12
LT,2001,heat,historical,0.0,0.0,0.0,12
LT,2002,heat,historical,0.0,0.0,0.0,12
LT,2003,heat,historical,0.0,0.0,0.0,12
LT,2004,heat,historical,0.0,0.0,0.0,12
LT,2005,heat,historical,0.0,0.0,0.0,12
LT,2006,heat,historical,0.0,0.0,0.0,12
LT,2007,heat,historical,0.0,0.0,0.0,12
LT,2008,heat,historical,0.0,0.0,0.0,12
LT,2009,heat,historical,0.0,0.0,0.0,12
LT,2010,heat,historical,0.0,0.0,0.0,12
LT,2011,heat,historical,0.0,0.0,0.0,12
LT,2012,heat,historical,0.0,0.0,0.0,12
LT,2013,heat,historical,0.0,0.0,0.0,12
LT,2014,heat,historical,0.0,0.0,0.0,12
LV,1850,heat,historical,0.0,0.0,0.0,12
LV,1851,heat,historical,0.0,0.0,0.0,12
LV,1852,heat,historical,0.0,0.0,0.0,12
LV,1853,heat,historical,0.0,0.0,0.0,12
LV,1854,heat,historical,0.0,0.0,0.0,12
LV,1855,heat,historical,0.0,0.0,0.0,12
LV,1856,heat,historical,0.0,0.0,0.0,12
LV,1857,heat,historical,0.0,0.0,0.0,12
LV,1858,heat,historical,0.0,0.0,0.0,12
LV,1859,heat,historical,0.0,0.0,0.0,12
LV,1860,heat,historical,0.0,0.0,0.0,12
LV,1861,heat,historical,0.0,0.0,0.0,12
LV,1862,heat,historical,0.0,0.0,0.0,12
LV,1863,heat,historical,0.0,0.0,0.0,12
LV,1864,heat,historical,0.0,0.0,0.0,12
LV,1865,heat,historical,0.0,0.0,0.0,12
LV,1866,heat,historical,0.0,0.0,0.0,12
LV,1867,heat,historical,0.0,0.0,0.0,12
LV,1868,heat,historical,0.0,0.0,0.0,12
LV,1869,heat,historical,0.0,0.0,0.0,12
LV,1870,heat,historical,0.0,0.0,0.0,12
LV,1871,heat,historical,0.0,0.0,0.0,12
LV,1872,heat,historical,0.0,0.0,0.0,12
LV,1873,heat,historical,0.0,0.0,0.0,12
LV,1874,heat,historical,0.0,0.0,0.0,12
LV,1875,heat,historical,0.0,0.0,0.0,12
LV,1876,heat,historical,0.0,0.0,0.0,12
LV,1877,heat,historical,0.0,0.0,0.0,12
LV,1878,heat,historical,0.0,0.0,0.0,12
LV,1879,heat,historical,0.0,0.0,0.0,12
LV,1880,heat,historical,0.0,0.0,0.0,12
LV,1881,heat,historical,0.0,0.0,0.0,12
LV,1882,heat,historical,0.0,0.0,0.0,12
LV,1883,heat,historical,0.0,0.0,0.0,12
LV,1884,heat,historical,0.0,0.0,0.0,12
LV,1885,heat,historical,0.0,0.0,0.0,12
LV,1886,heat,historical,0.0,0.0,0.0,12
LV,1887,heat,historical,0.0,0.0,0.0,12
LV,1888,heat,historical,0.0,0.0,0.0,12
LV,1889,heat,historical,0.0,0.0,0.0,12
LV,1890,heat,historical,0.0,0.0,0.0,12
LV,1891,heat,historical,0.0,0.0,0.0,12
LV,1892,heat,historical,0.0,0.0,0.0,12
LV,1893,heat,historical,0.0,0.0,0.0,12
LV,1894,heat,historical,0.0,0.0,0.0,12
LV,1895,heat,historical,0.0,0.0,0.0,12
LV,1896,heat,historical,0.0,0.0,0.0,12
LV,1897,heat,historical,0.0,0.0,0.0,12
LV,1898,heat,historical,0.0,0.0,0.0,12
LV,1899,heat,historical,0.0,0.0,0.0,12
LV,1900,heat,historical,0.0,0.0,0.0,12
LV,1901,heat,historical,0.0,0.0,0.0,12
LV,1902,heat,historical,0.0,0.0,0.0,12
LV,1903,heat,historical,0.0,0.0,0.0,12
LV,1904,heat,historical,0.0,0.0,0.0,12
LV,1905,heat,historical,0.0,0.0,0.0,12
LV,1906,heat,historical,0.0,0.0,0.0,12
LV,1907,heat,historical,0.0,0.0,0.0,12
LV,1908,heat,historical,0.0,0.0,0.0,12
LV,1909,heat,historical,0.0,0.0,0.0,12
LV,1910,heat,historical,0.0,0.0,0.0,12
LV,1911,heat,historical,0.0,0.0,0.0,12
LV,1912,heat,historical,0.0,0.0,0.0,12
LV,1913,heat,historical,0.0,0.0,0.0,12
LV,1914,heat,historical,0.0,0.0,0.0,12
LV,1915,heat,historical,0.0,0.0,0.0,12
LV,1916,heat,historical,0.0,0.0,0.0,12
LV,1917,heat,historical,0.0,0.0,0.0,12
LV,1918,heat,historical,0.0,0.0,0.0,12
LV,1919,heat,historical,0.0,0.0,0.0,12
LV,1920,heat,historical,0.0,0.0,0.0,12
LV,1921,heat,historical,0.0,0.0,0.0,12
LV,1922,heat,historical,0.0,0.0,0.0,12
LV,1923,heat,historical,0.0,0.0,0.0,12
LV,1924,heat,historical,0.0,0.0,0.0,12
LV,1925,heat,historical,0.0,0.0,0.0,12
LV,1926,heat,historical,0.0,0.0,0.0,12
LV,1927,heat,historical,0.0,0.0,0.0,12
LV,1928,heat,historical,0.0,0.0,0.0,12
LV,1929,heat,historical,0.0,0.0,0.0,12
LV,1930,heat,historical,0.0,0.0,0.0,12
LV,1931,heat,historical,0.0,0.0,0.0,12
LV,1932,heat,historical,0.0,0.0,0.0,12
LV,1933,heat,historical,0.0,0.0,0.0,12
LV,1934,heat,historical,0.0,0.0,0.0,12
LV,1935,heat,historical,0.0,0.0,0.0,12
LV,1936,heat,historical,0.0,0.0,0.0,12
LV,1937,heat,historical,0.0,0.0,0.0,12
LV,1938,heat,historical,0.0,0.0,0.0,12
LV,1939,heat,historical,0.0,0.0,0.0,12
LV,1940,heat,historical,0.0,0.0,0.0,12
LV,1941,heat,historical,0.0,0.0,0.0,12
LV,1942,heat,historical,0.0,0.0,0.0,12
LV,1943,heat,historical,0.0,0.0,0.0,12
LV,1944,heat,historical,0.0,0.0,0.0,12
LV,1945,heat,historical,0.0,0.0,0.0,12
LV,1946,heat,historical,0.0,0.0,0.0,12
LV,1947,heat,historical,0.0,0.0,0.0,12
LV,1948,heat,historical,0.0,0.0,0.0,12
LV,1949,heat,historical,0.0,0.0,0.0,12
LV,1950,heat,historical,0.0,0.0,0.0,12
LV,1951,heat,historical,0.0,0.0,0.0,12
LV,1952,heat,historical,0.0,0.0,0.0,12
LV,1953,heat,historical,0.0,0.0,0.0,12
LV,1954,heat,historical,0.0,0.0,0.0,12
LV,1955,heat,historical,0.0,0.0,0.0,12
LV,1956,heat,historical,0.0,0.0,0.0,12
LV,1957,heat,historical,0.0,0.0,0.0,12
LV,1958,heat,historical,0.0,0.0,0.0,12
LV,1959,heat,historical,0.0,0.0,0.0,12
LV,1960,heat,historical,0.0,0.0,0.0,12
LV,1961,heat,historical,0.0,0.0,0.0,12
LV,1962,heat,historical,0.0,0.0,0.0,12
LV,1963,heat,historical,0.0,0.0,0.0,12
LV,1964,heat,historical,0.0,0.0,0.0,12
LV,1965,heat,historical,0.0,0.0,0.0,12
LV,1966,heat,historical,0.0,0.0,0.0,12
LV,1967,heat,historical,0.0,0.0,0.0,12
LV,1968,heat,historical,0.0,0.0,0.0,12
LV,1969,heat,historical,0.0,0.0,0.0,12
LV,1970,heat,historical,0.0,0.0,0.0,12
LV,1971,heat,historical,0.0,0.0,0.0,12
LV,1972,heat,historical,0.0,0.0,0.0,12
LV,1973,heat,historical,0.0,0.0,0.0,12
LV,1974,heat,historical,0.0,0.0,0.0,12
LV,1975,heat,historical,0.0,0.0,0.0,12
LV,1976,heat,historical,0.0,0.0,0.0,12
LV,1977,heat,historical,0.0,0.0,0.0,12
LV,1978,heat,historical,0.0,0.0,0.0,12
LV,1979,heat,historical,0.0,0.0,0.0,12
LV,1980,heat,historical,0.0,0.0,0.0,12
LV,1981,heat,historical,0.0,0.0,0.0,12
LV,1982,heat,historical,0.0,0.0,0.0,12
LV,1983,heat,historical,0.0,0.0,0.0,12
LV,1984,heat,historical,0.0,0.0,0.0,12
LV,1985,heat,historical,0.0,0.0,0.0,12
LV,1986,heat,historical,0.0,0.0,0.0,12
LV,1987,heat,historical,0.0,0.0,0.0,12
LV,1988,heat,historical,0.0,0.0,0.0,12
LV,1989,heat,historical,0.0,0.0,0.0,12
LV,1990,heat,historical,0.0,0.0,0.0,12
LV,1991,heat,historical,0.0,0.0,0.0,12
LV,1992,heat,historical,0.0,0.0,0.0,12
LV,1993,heat,historical,0.0,0.0,0.0,12
LV,1994,heat,historical,0.0,0.0,0.0,12
LV,1995,heat,historical,0.0,0.0,0.0,12
LV,1996,heat,historical,0.0,0.0,0.0,12
LV,1997,heat,historical,0.0,0.0,0.0,12
LV,1998,heat,historical,0.0,0.0,0.0,12
LV,1999,heat,historical,0.0,0.0,0.0,12
LV,2000,heat,historical,0.0,0.0,0.0,12
LV,2001,heat,historical,0.0,0.0,0.0,12
LV,2002,heat,historical,0.0,0.0,0.0,12
LV,2003,heat,historical,0.0,0.0,0.0,12
LV,2004,heat,historical,0.0,0.0,0.0,12
LV,2005,heat,historical,0.0,0.0,0.0,12
LV,2006,heat,historical,0.0,0.0,0.0,12
LV,2007,heat,historical,0.0,0.0,0.0,12
LV,2008,heat,historical,0.0,0.0,0.0,12
LV,2009,heat,historical,0.0,0.0,0.0,12
LV,2010,heat,historical,0.0,0.0,0.0,12
LV,2011,heat,historical,0.0,0.0,0.0,12
LV,2012,heat,historical,0.0,0.0,0.0,12
LV,2013,heat,historical,0.0,0.0,0.0,12
LV,2014,heat,historical,0.0,0.0,0.0,12
LY,1850,heat,historical,0.019345358666666666,0.2728596,0.0,96
LY,1851,heat,historical,0.03598310821770833,0.38139385,0.0,96
LY,1852,heat,historical,0.030999328786458332,0.29580903,0.0,96
LY,1853,heat,historical,0.02692376468125,0.24663855,0.0,96
LY,1854,heat,historical,0.014404101446354166,0.17591289,0.0,96
LY,1855,heat,historical,0.016324306917708333,0.19432756,0.0,96
LY,1856,heat,historical,0.0196459764375,0.2811662,0.0,96
LY,1857,heat,historical,0.028401679409375002,0.37189743,0.0,96
LY,1858,heat,historical,0.044578865875000005,0.38673693,0.0,96
LY,1859,heat,historical,0.013861286655208332,0.17170024,0.0,96
LY,1860,heat,historical,0.032313212358333336,0.42119384,0.0,96
LY,1861,heat,historical,0.026983438979166666,0.29483753,0.0,96
LY,1862,heat,historical,0.01673922942395833,0.29100794,0.0,96
LY,1863,heat,historical,0.028020771833333333,0.3825702,0.0,96
LY,1864,heat,historical,0.017898916302083335,0.22087124,0.0,96
LY,1865,heat,historical,0.01741288816770833,0.1968027,0.0,96
LY,1866,heat,historical,0.02236736166979167,0.26006728,0.0,96
LY,1867,heat,historical,0.029902015794791667,0.3465131,0.0,96
LY,1868,heat,historical,0.023327083134375,0.2588145,0.0,96
LY,1869,heat,historical,0.025106292605208334,0.25764844,0.0,96
LY,1870,heat,historical,0.030439011602083333,0.31406006,0.0,96
LY,1871,heat,historical,0.02313420448125,0.36068827,0.0,96
LY,1872,heat,historical,0.0258750386875,0.4195121,0.0,96
LY,1873,heat,historical,0.02799936074479167,0.32487637,0.0,96
LY,1874,heat,historical,0.011891951793750001,0.20388281,0.0,96
LY,1875,heat,historical,0.022606531281249998,0.31100163,0.0,96
LY,1876,heat,historical,0.04133216827083334,0.41221622,0.0,96
LY,1877,heat,historical,0.017577811875,0.20878148,0.0,96
LY,1878,heat,historical,0.012827218240625,0.18196319,0.0,96
LY,1879,heat,historical,0.022761604822916667,0.26881886,0.0,96
LY,1880,heat,historical,0.024256472558333336,0.33306062,0.0,96
LY,1881,heat,historical,0.03962176289166667,0.40143397,0.0,96
LY,1882,heat,historical,0.01687638601770833,0.30558312,0.0,96
LY,1883,heat,historical,0.019002128079166666,0.27276206,0.0,96
LY,1884,heat,historical,0.009410719754166666,0.17864975,0.0,96
LY,1885,heat,historical,0.019304854235416665,0.2204366,0.0,96
LY,1886,heat,historical,0.029369552072916666,0.33029124,0.0,96
LY,1887,heat,historical,0.01698040435,0.16191992,0.0,96
LY,1888,heat,historical,0.014668187936770834,0.23031086,0.0,96
LY,1889,heat,historical,0.030632585550416664,0.32139415,0.0,96
LY,1890,heat,historical,0.029057168713541665,0.35118568,0.0,96
LY,1891,heat,historical,0.019011414538541667,0.30201522,0.0,96
LY,1892,heat,historical,0.017059435905208333,0.22953346,0.0,96
LY,1893,heat,historical,0.01961671521875,0.2620619,0.0,96
LY,1894,heat,historical,0.021494490665625,0.29337364,0.0,96
LY,1895,heat,historical,0.039245479729166664,0.4270418,0.0,96
LY,1896,heat,historical,0.016947851878645833,0.25124866,0.0,96
LY,1897,heat,historical,0.01716906801875,0.29186893,0.0,96
LY,1898,heat,historical,0.030667459689583332,0.25685608,0.0,96
LY,1899,heat,historical,0.025045414005208332,0.30590525,0.0,96
LY,1900,heat,historical,0.02577974197291667,0.24681562,0.0,96
LY,1901,heat,historical,0.02568932192989583,0.3354826,0.0,96
LY,1902,heat,historical,0.028256602078124998,0.23500201,0.0,96
LY,1903,heat,historical,0.010876895763541667,0.14647388,0.0,96
LY,1904,heat,historical,0.025342833177083333,0.28267348,0.0,96
LY,1905,heat,historical,0.023482521796875,0.25576225,0.0,96
LY,1906,heat,historical,0.022169858958333333,0.29517928,0.0,96
LY,1907,heat,historical,0.022835769557291666,0.2866817,0.0,96
LY,1908,heat,historical,0.012457064653125,0.17931977,0.0,96
LY,1909,heat,historical,0.022712302619791666,0.26105738,0.0,96
LY,1910,heat,historical,0.032936665941666665,0.38619238,0.0,96
LY,1911,heat,historical,0.02787681841875,0.3689804,0.0,96
LY,1912,heat,historical,0.013489617272916666,0.19086184,0.0,96
LY,1913,heat,historical,0.015201124708541666,0.19092998,0.0,96
LY,1914,heat,historical,0.022700097062499997,0.30730724,0.0,96
LY,1915,heat,historical,0.016068560349375,0.27593353,0.0,96
LY,1916,heat,historical,0.023440812534374997,0.23648556,0.0,96
LY,1917,heat,historical,0.0144122528903125,0.18685359,0.0,96
LY,1918,heat,historical,0.017549330075729164,0.22993094,0.0,96
LY,1919,heat,historical,0.030422843570833333,0.33692792,0.0,96
LY,1920,heat,historical,0.013621488288541666,0.33700174,0.0,96
LY,1921,heat,historical,0.011389948443749999,0.18100306,0.0,96
LY,1922,heat,historical,0.014290017406250001,0.25205755,0.0,96
LY,1923,heat,historical,0.026572366536458333,0.28048122,0.0,96
LY,1924,heat,historical,0.02737242815625,0.25346005,0.0,96
LY,1925,heat,historical,0.014558873156249999,0.2377239,0.0,96
LY,1926,heat,historical,0.024118293697916668,0.28449717,0.0,96
LY,1927,heat,historical,0.030313798,0.41161796,0.0,96
LY,1928,heat,historical,0.023411244075,0.2234011,0.0,96
LY,1929,heat,historical,0.013530509273645833,0.18539432,0.0,96
LY,1930,heat,historical,0.022974006760416665,0.26224202,0.0,96
LY,1931,heat,historical,0.03185972086458334,0.34668553,0.0,96
LY,1932,heat,historical,0.022478187426041667,0.24969183,0.0,96
LY,1933,heat,historical,0.027474736288541666,0.2820024,0.0,96
LY,1934,heat,historical,0.030388210986458334,0.26810804,0.0,96
LY,1935,heat,historical,0.0238701550625,0.33175927,0.0,96
LY,1936,heat,historical,0.022891254685416668,0.24082519,0.0,96
LY,1937,heat,historical,0.01134726589375,0.17939255,0.0,96
LY,1938,heat,historical,0.03171655775520833,0.41291204,0.0,96
LY,1939,heat,historical,0.03819027383333334,0.3040206,0.0,96
LY,1940,heat,historical,0.03292742228125,0.3095248,0.0,96
LY,1941,heat,historical,0.023149695778125003,0.28004605,0.0,96
LY,1942,heat,historical,0.019766937641666666,0.2684126,0.0,96
LY,1943,heat,historical,0.01696538661458333,0.33195493,0.0,96
LY,1944,heat,historical,0.024643665734375,0.3180105,0.0,96
LY,1945,heat,historical,0.0196401101875,0.29581422,0.0,96
LY,1946,heat,historical,0.017977027894791667,0.21529222,0.0,96
LY,1947,heat,historical,0.030926287577083333,0.3894743,0.0,96
LY,1948,heat,historical,0.023216381312500003,0.30051258,0.0,96
LY,1949,heat,historical,0.01599606757083333,0.17503071,0.0,96
LY,1950,heat,historical,0.024904671497916666,0.2868753,0.0,96
LY,1951,heat,historical,0.029981945046875,0.4065128,0.0,96
LY,1952,heat,historical,0.03623429466666667,0.3261369,0.0,96
LY,1953,heat,historical,0.022795818031249998,0.23677462,0.0,96
LY,1954,heat,historical,0.03284141209539584,0.33931583,0.0,96
LY,1955,heat,historical,0.03192349759947916,0.28348804,0.0,96
LY,1956,heat,historical,0.029716858154166668,0.3516327,0.0,96
LY,1957,heat,historical,0.02704542540625,0.27312544,0.0,96
LY,1958,heat,historical,0.039536058549999996,0.36965096,0.0,96
LY,1959,heat,historical,0.031397560733333336,0.33175153,0.0,96
LY,1960,heat,historical,0.028714062,0.3228178,0.0,96
LY,1961,heat,historical,0.03189029913541667,0.4796403,0.0,96
LY,1962,heat,historical,0.040998169945833336,0.40551862,0.0,96
LY,1963,heat,historical,0.0163417606375,0.20216593,0.0,96
LY,1964,heat,historical,0.021754221,0.35421985,0.0,96
LY,1965,heat,historical,0.029695070826041666,0.30256754,0.0,96
LY,1966,heat,historical,0.008091953869791666,0.16956939,0.0,96
LY,1967,heat,historical,0.022115583107291666,0.22181275,0.0,96
LY,1968,heat,historical,0.030220861927083332,0.2929488,0.0,96
LY,1969,heat,historical,0.029766891515625,0.42652458,0.0,96
LY,1970,heat,historical,0.0201063561744875,0.24089178,0.0,96
LY,1971,heat,historical,0.011242430141666667,0.1444437,0.0,96
LY,1972,heat,historical,0.015241554465416666,0.32941476,0.0,96
LY,1973,heat,historical,0.03235466875625,0.34607124,0.0,96
LY,1974,heat,historical,0.018346579057395833,0.21997201,0.0,96
LY,1975,heat,historical,0.020172886270833332,0.26795682,0.0,96
LY,1976,heat,historical,0.02520017566979167,0.31368944,0.0,96
LY,1977,heat,historical,0.034568271039583334,0.40784818,0.0,96
LY,1978,heat,historical,0.009024504744791667,0.196398,0.0,96
LY,1979,heat,historical,0.01208549718125,0.2066594,0.0,96
LY,1980,heat,historical,0.019244631546875,0.29428318,0.0,96
LY,1981,heat,historical,0.023868860371874998,0.34991896,0.0,96
LY,1982,heat,historical,0.020868574622916664,0.25966004,0.0,96
LY,1983,heat,historical,0.026764476700625,0.20643848,0.0,96
LY,1984,heat,historical,0.03353717608854167,0.44136873,0.0,96
LY,1985,heat,historical,0.03953411286145833,0.36998597,0.0,96
LY,1986,heat,historical,0.0159052923125,0.19510803,0.0,96
LY,1987,heat,historical,0.022111238714583332,0.21707411,0.0,96
LY,1988,heat,historical,0.027976961115625,0.36218113,0.0,96
LY,1989,heat,historical,0.031006824765625,0.37277132,0.0,96
LY,1990,heat,historical,0.016521385604166668,0.21795939,0.0,96
LY,1991,heat,historical,0.02086325120416667,0.28966117,0.0,96
LY,1992,heat,historical,0.04254891550729167,0.28509957,0.0,96
LY,1993,heat,historical,0.03970799951041667,0.46598184,0.0,96
LY,1994,heat,historical,0.037970908104166666,0.44360542,0.0,96
LY,1995,heat,historical,0.0273423547375,0.24224263,0.0,96
LY,1996,heat,historical,0.032359411375,0.36258477,0.0,96
LY,1997,heat,historical,0.03166182586458333,0.32209927,0.0,96
LY,1998,heat,historical,0.038536402653125,0.4375928,0.0,96
LY,1999,heat,historical,0.031537223233333335,0.28794998,0.0,96
LY,2000,heat,historical,0.032302007663125,0.46698844,0.0,96
LY,2001,heat,historical,0.053913721315624996,0.4366848,0.0,96
LY,2002,heat,historical,0.045872645291666674,0.42120004,0.0,96
LY,2003,heat,historical,0.027069794367708334,0.2674148,0.0,96
LY,2004,heat,historical,0.030648247533333336,0.38213712,0.0,96
LY,2005,heat,historical,0.021459733076041668,0.26590443,0.0,96
LY,2006,heat,historical,0.039385599180520835,0.40470716,0.0,96
LY,2007,heat,historical,0.04072018396458333,0.48406565,0.0,96
LY,2008,heat,historical,0.043794484845833336,0.32497704,0.0,96
LY,2009,heat,historical,0.04394035126041667,0.4156329,0.0,96
LY,2010,heat,historical,0.02792229238541667,0.3432518,0.0,96
LY,2011,heat,historical,0.030643736598958332,0.4401691,0.0,96
LY,2012,heat,historical,0.043749005381250004,0.37227476,0.0,96
LY,2013,heat,historical,0.053786555864583335,0.4207778,0.0,96
LY,2014,heat,historical,0.038754639921875,0.4227321,0.0,96
MD,1850,heat,historical,0.0,0.0,0.0,12
MD,1851,heat,historical,0.0,0.0,0.0,12
MD,1852,heat,historical,0.0,0.0,0.0,12
MD,1853,heat,historical,0.0,0.0,0.0,12
MD,1854,heat,historical,0.0,0.0,0.0,12
MD,1855,heat,historical,0.0,0.0,0.0,12
MD,1856,heat,historical,0.0,0.0,0.0,12
MD,1857,heat,historical,0.0,0.0,0.0,12
MD,1858,heat,historical,0.0,0.0,0.0,12
MD,1859,heat,historical,0.0,0.0,0.0,12
MD,1860,heat,historical,0.0,0.0,0.0,12
MD,1861,heat,historical,0.0,0.0,0.0,12
MD,1862,heat,historical,0.0,0.0,0.0,12
MD,1863,heat,historical,0.0,0.0,0.0,12
MD,1864,heat,historical,0.0,0.0,0.0,12
MD,1865,heat,historical,0.0,0.0,0.0,12
MD,1866,heat,historical,0.0,0.0,0.0,12
MD,1867,heat,historical,0.0,0.0,0.0,12
MD,1868,heat,historical,0.0,0.0,0.0,12
MD,1869,heat,historical,0.0,0.0,0.0,12
MD,1870,heat,historical,0.0,0.0,0.0,12
MD,1871,heat,historical,0.0,0.0,0.0,12
MD,1872,heat,historical,0.0,0.0,0.0,12
MD,1873,heat,historical,0.0,0.0,0.0,12
MD,1874,heat,historical,0.0,0.0,0.0,12
MD,1875,heat,historical,0.0,0.0,0.0,12
MD,1876,heat,historical,0.0,0.0,0.0,12
MD,1877,heat,historical,0.0,0.0,0.0,12
MD,1878,heat,historical,0.0,0.0,0.0,12
MD,1879,heat,historical,0.0,0.0,0.0,12
MD,1880,heat,historical,0.0,0.0,0.0,12
MD,1881,heat,historical,0.0,0.0,0.0,12
MD,1882,heat,historical,0.0,0.0,0.0,12
MD,1883,heat,historical,0.0,0.0,0.0,12
MD,1884,heat,historical,0.0,0.0,0.0,12
MD,1885,heat,historical,0.0,0.0,0.0,12
MD,1886,heat,historical,0.0,0.0,0.0,12
MD,1887,heat,historical,0.0,0.0,0.0,12
MD,1888,heat,historical,0.0,0.0,0.0,12
MD,1889,heat,historical,0.0,0.0,0.0,12
MD,1890,heat,historical,0.0,0.0,0.0,12
MD,1891,heat,historical,0.0,0.0,0.0,12
MD,1892,heat,historical,0.0,0.0,0.0,12
MD,1893,heat,historical,0.0,0.0,0.0,12
MD,1894,heat,historical,0.0,0.0,0.0,12
MD,1895,heat,historical,0.0,0.0,0.0,12
MD,1896,heat,historical,0.0,0.0,0.0,12
MD,1897,heat,historical,0.0,0.0,0.0,12
MD,1898,heat,historical,0.0,0.0,0.0,12
MD,1899,heat,historical,0.0,0.0,0.0,12
MD,1900,heat,historical,0.0,0.0,0.0,12
MD,1901,heat,historical,0.0,0.0,0.0,12
MD,1902,heat,historical,0.0,0.0,0.0,12
MD,1903,heat,historical,0.0,0.0,0.0,12
MD,1904,heat,historical,0.0,0.0,0.0,12
MD,1905,heat,historical,0.0,0.0,0.0,12
MD,1906,heat,historical,0.0,0.0,0.0,12
MD,1907,heat,historical,0.0,0.0,0.0,12
MD,1908,heat,historical,0.0,0.0,0.0,12
MD,1909,heat,historical,0.0,0.0,0.0,12
MD,1910,heat,historical,0.0,0.0,0.0,12
MD,1911,heat,historical,0.0,0.0,0.0,12
MD,1912,heat,historical,0.0,0.0,0.0,12
MD,1913,heat,historical,0.0,0.0,0.0,12
MD,1914,heat,historical,0.0,0.0,0.0,12
MD,1915,heat,historical,0.0,0.0,0.0,12
MD,1916,heat,historical,0.0,0.0,0.0,12
MD,1917,heat,historical,0.0,0.0,0.0,12
MD,1918,heat,historical,0.0,0.0,0.0,12
MD,1919,heat,historical,0.0,0.0,0.0,12
MD,1920,heat,historical,0.0,0.0,0.0,12
MD,1921,heat,historical,0.0,0.0,0.0,12
MD,1922,heat,historical,0.0,0.0,0.0,12
MD,1923,heat,historical,0.0,0.0,0.0,12
MD,1924,heat,historical,0.0,0.0,0.0,12
MD,1925,heat,historical,0.0,0.0,0.0,12
MD,1926,heat,historical,0.0,0.0,0.0,12
MD,1927,heat,historical,0.0,0.0,0.0,12
MD,1928,heat,historical,0.0,0.0,0.0,12
MD,1929,heat,historical,0.0,0.0,0.0,12
MD,1930,heat,historical,0.0,0.0,0.0,12
MD,1931,heat,historical,0.0,0.0,0.0,12
MD,1932,heat,historical,0.0,0.0,0.0,12
MD,1933,heat,historical,0.0,0.0,0.0,12
MD,1934,heat,historical,0.0,0.0,0.0,12
MD,1935,heat,historical,0.0,0.0,0.0,12
MD,1936,heat,historical,0.0,0.0,0.0,12
MD,1937,heat,historical,0.0,0.0,0.0,12
MD,1938,heat,historical,0.0,0.0,0.0,12
MD,1939,heat,historical,0.0,0.0,0.0,12
MD,1940,heat,historical,0.0,0.0,0.0,12
MD,1941,heat,historical,0.0,0.0,0.0,12
MD,1942,heat,historical,0.0,0.0,0.0,12
MD,1943,heat,historical,0.0,0.0,0.0,12
MD,1944,heat,historical,0.0,0.0,0.0,12
MD,1945,heat,historical,0.0,0.0,0.0,12
MD,1946,heat,historical,0.0,0.0,0.0,12
MD,1947,heat,historical,0.0,0.0,0.0,12
MD,1948,heat,historical,0.0,0.0,0.0,12
MD,1949,heat,historical,0.0,0.0,0.0,12
MD,1950,heat,historical,0.0,0.0,0.0,12
MD,1951,heat,historical,0.0,0.0,0.0,12
MD,1952,heat,historical,0.0,0.0,0.0,12
MD,1953,heat,historical,0.0,0.0,0.0,12
MD,1954,heat,historical,0.0,0.0,0.0,12
MD,1955,heat,historical,0.0,0.0,0.0,12
MD,1956,heat,historical,0.0,0.0,0.0,12
MD,1957,heat,historical,0.0,0.0,0.0,12
MD,1958,heat,historical,0.0,0.0,0.0,12
MD,1959,heat,historical,0.0,0.0,0.0,12
MD,1960,heat,historical,0.0,0.0,0.0,12
MD,1961,heat,historical,0.0,0.0,0.0,12
MD,1962,heat,historical,0.0,0.0,0.0,12
MD,1963,heat,historical,0.0,0.0,0.0,12
MD,1964,heat,historical,0.0,0.0,0.0,12
MD,1965,heat,historical,0.0,0.0,0.0,12
MD,1966,heat,historical,0.0,0.0,0.0,12
MD,1967,heat,historical,0.0,0.0,0.0,12
MD,1968,heat,historical,0.0,0.0,0.0,12
MD,1969,heat,historical,0.0,0.0,0.0,12
MD,1970,heat,historical,0.0,0.0,0.0,12
MD,1971,heat,historical,0.0,0.0,0.0,12
MD,1972,heat,historical,0.0,0.0,0.0,12
MD,1973,heat,historical,0.0,0.0,0.0,12
MD,1974,heat,historical,0.0,0.0,0.0,12
MD,1975,heat,historical,0.0,0.0,0.0,12
MD,1976,heat,historical,0.0,0.0,0.0,12
MD,1977,heat,historical,0.0,0.0,0.0,12
MD,1978,heat,historical,0.0,0.0,0.0,12
MD,1979,heat,historical,0.0,0.0,0.0,12
MD,1980,heat,historical,0.0,0.0,0.0,12
MD,1981,heat,historical,0.0,0.0,0.0,12
MD,1982,heat,historical,0.0,0.0,0.0,12
MD,1983,heat,historical,0.0,0.0,0.0,12
MD,1984,heat,historical,0.0,0.0,0.0,12
MD,1985,heat,historical,0.0,0.0,0.0,12
MD,1986,heat,historical,0.0,0.0,0.0,12
MD,1987,heat,historical,0.0,0.0,0.0,12
MD,1988,heat,historical,0.0,0.0,0.0,12
MD,1989,heat,historical,0.0,0.0,0.0,12
MD,1990,heat,historical,0.0,0.0,0.0,12
MD,1991,heat,historical,0.0,0.0,0.0,12
MD,1992,heat,historical,0.0,0.0,0.0,12
MD,1993,heat,historical,0.0,0.0,0.0,12
MD,1994,heat,historical,0.0,0.0,0.0,12
MD,1995,heat,historical,0.0,0.0,0.0,12
MD,1996,heat,historical,0.0,0.0,0.0,12
MD,1997,heat,historical,0.0,0.0,0.0,12
MD,1998,heat,historical,0.0,0.0,0.0,12
MD,1999,heat,historical,0.0,0.0,0.0,12
MD,2000,heat,historical,0.0,0.0,0.0,12
MD,2001,heat,historical,0.0,0.0,0.0,12
MD,2002,heat,historical,0.0,0.0,0.0,12
MD,2003,heat,historical,0.0,0.0,0.0,12
MD,2004,heat,historical,0.0,0.0,0.0,12
MD,2005,heat,historical,0.0,0.0,0.0,12
MD,2006,heat,historical,0.0,0.0,0.0,12
MD,2007,heat,historical,0.0,0.0,0.0,12
MD,2008,heat,historical,0.0,0.0,0.0,12
MD,2009,heat,historical,0.0,0.0,0.0,12
MD,2010,heat,historical,0.0,0.0,0.0,12
MD,2011,heat,historical,0.0,0.0,0.0,12
MD,2012,heat,historical,0.0,0.0,0.0,12
MD,2013,heat,historical,0.0,0.0,0.0,12
MD,2014,heat,historical,0.0,0.0,0.0,12
MG,1850,heat,historical,1.848518333333333e-05,0.0048800884,0.0,264
MG,1851,heat,historical,7.918869318181819e-07,0.00020905815,0.0,264
MG,1852,heat,historical,4.906570568181818e-05,0.011376893,0.0,264
MG,1853,heat,historical,0.0,0.0,0.0,264
MG,1854,heat,historical,2.3525886363636363e-05,0.006210834,0.0,264
MG,1855,heat,historical,0.0,0.0,0.0,264
MG,1856,heat,historical,1.900919696969697e-05,0.005018428,0.0,264
MG,1857,heat,historical,0.00019187127272727274,0.050654016,0.0,264
MG,1858,heat,historical,0.00012550528295454544,0.027099615,0.0,264
MG,1859,heat,historical,0.00011796182954545454,0.0278068,0.0,264
MG,1860,heat,historical,0.0,0.0,0.0,264
MG,1861,heat,historical,0.0,0.0,0.0,264
MG,1862,heat,historical,0.000168173328030303,0.041665033,0.0,264
MG,1863,heat,historical,0.0003280249878787879,0.055358082,0.0,264
MG,1864,heat,historical,1.3888328409090908e-05,0.0036665187,0.0,264
MG,1865,heat,historical,0.0,0.0,0.0,264
MG,1866,heat,historical,6.264705681818182e-06,0.0016538823,0.0,264
MG,1867,heat,historical,0.00019222910037878786,0.023115639,0.0,264
MG,1868,heat,historical,0.0002626835503787879,0.03754581,0.0,264
MG,1869,heat,historical,0.0,0.0,0.0,264
MG,1870,heat,historical,0.0,0.0,0.0,264
MG,1871,heat,historical,5.992335598484849e-05,0.007444535,0.0,264
MG,1872,heat,historical,8.560982272727273e-05,0.012463479,0.0,264
MG,1873,heat,historical,0.00012136596092803032,0.021077707,0.0,264
MG,1874,heat,historical,0.0,0.0,0.0,264
MG,1875,heat,historical,1.3489451515151514e-05,0.0035612152,0.0,264
MG,1876,heat,historical,0.00012260756045454546,0.016574956,0.0,264
MG,1877,heat,historical,0.0,0.0,0.0,264
MG,1878,heat,historical,0.0,0.0,0.0,264
MG,1879,heat,historical,3.029114393939394e-05,0.007996862,0.0,264
MG,1880,heat,historical,7.306868181818181e-05,0.018118374,0.0,264
MG,1881,heat,historical,2.4853517424242423e-05,0.0034259725,0.0,264
MG,1882,heat,historical,9.443984848484847e-06,0.002493212,0.0,264
MG,1883,heat,historical,0.0,0.0,0.0,264
MG,1884,heat,historical,0.0,0.0,0.0,264
MG,1885,heat,historical,0.0,0.0,0.0,264
MG,1886,heat,historical,0.00032097231287878786,0.04383459,0.0,264
MG,1887,heat,historical,3.0351755303030306e-05,0.007265416,0.0,264
MG,1888,heat,historical,1.3391688257575758e-05,0.0035354057,0.0,264
MG,1889,heat,historical,0.0,0.0,0.0,264
MG,1890,heat,historical,0.00011386943181818182,0.016072184,0.0,264
MG,1891,heat,historical,8.567825530303029e-05,0.013556776,0.0,264
MG,1892,heat,historical,0.0002895295117424242,0.056718253,0.0,264
MG,1893,heat,historical,8.336516287878788e-05,0.013306422,0.0,264
MG,1894,heat,historical,0.0,0.0,0.0,264
MG,1895,heat,historical,0.0002804433318181818,0.03933442,0.0,264
MG,1896,heat,historical,0.0006708944587121211,0.0890753,0.0,264
MG,1897,heat,historical,6.143478787878787e-06,0.0016218784,0.0,264
MG,1898,heat,historical,0.0,0.0,0.0,264
MG,1899,heat,historical,6.568359924242424e-05,0.015068705,0.0,264
MG,1900,heat,historical,0.0003495154228409091,0.0477463,0.0,264
MG,1901,heat,historical,5.494326893939394e-07,0.00014505023,0.0,264
MG,1902,heat,historical,0.0002917702626893939,0.038322683,0.0,264
MG,1903,heat,historical,4.243927272727273e-05,0.011203968,0.0,264
MG,1904,heat,historical,0.0,0.0,0.0,264
MG,1905,heat,historical,0.0,0.0,0.0,264
MG,1906,heat,historical,0.0,0.0,0.0,264
MG,1907,heat,historical,0.0,0.0,0.0,264
MG,1908,heat,historical,4.4378907196969694e-05,0.00895698,0.0,264
MG,1909,heat,historical,0.00016808534090909092,0.04437453,0.0,264
MG,1910,heat,historical,0.0002949006515151515,0.06202265,0.0,264
MG,1911,heat,historical,3.786001666666666e-05,0.0078074187,0.0,264
MG,1912,heat,historical,8.016633219696969e-06,0.0011898248,0.0,264
MG,1913,heat,historical,0.00018583338143939395,0.015703106,0.0,264
MG,1914,heat,historical,3.383605909090909e-05,0.0074016913,0.0,264
MG,1915,heat,historical,0.0001980147575757576,0.02735255,0.0,264
MG,1916,heat,historical,0.0,0.0,0.0,264
MG,1917,heat,historical,0.00011145271590909091,0.017964032,0.0,264
MG,1918,heat,historical,9.858503787878787e-06,0.002602645,0.0,264
MG,1919,heat,historical,0.00019970215568181817,0.02107048,0.0,264
MG,1920,heat,historical,0.00028704826477272727,0.043630697,0.0,264
MG,1921,heat,historical,2.1725075757575756e-05,0.00573542,0.0,264
MG,1922,heat,historical,0.0,0.0,0.0,264
MG,1923,heat,historical,0.0002738833871212121,0.052029155,0.0,264
MG,1924,heat,historical,9.450242083333335e-05,0.023386123,0.0,264
MG,1925,heat,historical,0.0,0.0,0.0,264
MG,1926,heat,historical,1.2169640340909091e-05,0.0025257322,0.0,264
MG,1927,heat,historical,0.0005786875284090909,0.06275152,0.0,264
MG,1928,heat,historical,6.062725378787879e-05,0.010995426,0.0,264
MG,1929,heat,historical,9.776381818181818e-08,2.5809648e-05,0.0,264
MG,1930,heat,historical,0.0,0.0,0.0,264
MG,1931,heat,historical,0.0007644817888257575,0.0958751,0.0,264
MG,1932,heat,historical,0.00047563076439393937,0.05842995,0.0,264
MG,1933,heat,historical,3.1069342045454547e-06,0.00082023063,0.0,264
MG,1934,heat,historical,0.00011653252007575758,0.024498519,0.0,264
MG,1935,heat,historical,0.00020702857575757575,0.045342907,0.0,264
MG,1936,heat,historical,0.0003394574924242424,0.060959294,0.0,264
MG,1937,heat,historical,4.504761363636364e-05,0.01189257,0.0,264
MG,1938,heat,historical,0.00010465226287878787,0.014436369,0.0,264
MG,1939,heat,historical,0.0002978746333333333,0.07153041,0.0,264
MG,1940,heat,historical,0.0001551003462121212,0.02221488,0.0,264
MG,1941,heat,historical,0.0,0.0,0.0,264
MG,1942,heat,historical,1.592768181818182e-05,0.004204908,0.0,264
MG,1943,heat,historical,3.153860795454545e-06,0.0006968605,0.0,264
MG,1944,heat,historical,0.0002230579318181818,0.029522624,0.0,264
MG,1945,heat,historical,0.00023194466780303028,0.05829006,0.0,264
MG,1946,heat,historical,8.210596795454546e-05,0.008974531,0.0,264
MG,1947,heat,historical,0.000707426862121212,0.097596094,0.0,264
MG,1948,heat,historical,0.00016828868484848483,0.031061912,0.0,264
MG,1949,heat,historical,0.0,0.0,0.0,264
MG,1950,heat,historical,3.6471768939393946e-05,0.005433447,0.0,264
MG,1951,heat,historical,0.00048188374431818186,0.06640565,0.0,264
MG,1952,heat,historical,0.000767182043560606,0.077925526,0.0,264
MG,1953,heat,historical,4.40074053030303e-05,0.011617955,0.0,264
MG,1954,heat,historical,0.00019188495454545453,0.04421554,0.0,264
MG,1955,heat,historical,7.867054848484849e-05,0.012630726,0.0,264
MG,1956,heat,historical,3.183190227272728e-05,0.008020607,0.0,264
MG,1957,heat,historical,0.0003353396715909091,0.038951404,0.0,264
MG,1958,heat,historical,5.5367561742424244e-05,0.010465296,0.0,264
MG,1959,heat,historical,1.3080799242424243e-06,0.0003453331,0.0,264
MG,1960,heat,historical,0.0003764063515151515,0.05022248,0.0,264
MG,1961,heat,historical,0.0005152466073484849,0.053006306,0.0,264
MG,1962,heat,historical,0.00034669787045454544,0.0353396,0.0,264
MG,1963,heat,historical,0.0,0.0,0.0,264
MG,1964,heat,historical,0.0,0.0,0.0,264
MG,1965,heat,historical,0.0006630948452272726,0.06449883,0.0,264
MG,1966,heat,historical,0.0,0.0,0.0,264
MG,1967,heat,historical,8.207664015151515e-05,0.016213622,0.0,264
MG,1968,heat,historical,0.0007053874772727273,0.08211185,0.0,264
MG,1969,heat,historical,0.0003122889428030303,0.047591962,0.0,264
MG,1970,heat,historical,0.00019736560189393938,0.026100265,0.0,264
MG,1971,heat,historical,4.64339053030303e-05,0.012258551,0.0,264
MG,1972,heat,historical,1.9210591287878788e-05,0.0032220767,0.0,264
MG,1973,heat,historical,4.6850377651515156e-05,0.0067827757,0.0,264
MG,1974,heat,historical,0.0002974386063257576,0.04704015,0.0,264
MG,1975,heat,historical,0.0001385528409090909,0.03657795,0.0,264
MG,1976,heat,historical,0.0,0.0,0.0,264
MG,1977,heat,historical,0.00017212299166666667,0.034692816,0.0,264
MG,1978,heat,historical,6.97447081439394e-05,0.015002632,0.0,264
MG,1979,heat,historical,9.10806893939394e-05,0.01881317,0.0,264
MG,1980,heat,historical,0.0003194941274242424,0.053695943,0.0,264
MG,1981,heat,historical,0.0003816699568181818,0.07216894,0.0,264
MG,1982,heat,historical,6.4269935606060605e-06,0.0016967263,0.0,264
MG,1983,heat,historical,0.0,0.0,0.0,264
MG,1984,heat,historical,0.00027407890795454545,0.05391687,0.0,264
MG,1985,heat,historical,0.001145193678030303,0.11737919,0.0,264
MG,1986,heat,historical,0.00014084442045454544,0.037182927,0.0,264
MG,1987,heat,historical,0.00019247153787878786,0.040968686,0.0,264
MG,1988,heat,historical,0.00019388716477272726,0.020198116,0.0,264
MG,1989,heat,historical,6.270571212121212e-06,0.0016554308,0.0,264
MG,1990,heat,historical,8.098363844696971e-05,0.020934206,0.0,264
MG,1991,heat,historical,0.00011752383712121213,0.020707596,0.0,264
MG,1992,heat,historical,6.777574621212121e-05,0.017892797,0.0,264
MG,1993,heat,historical,0.00016107371856060606,0.022800244,0.0,264
MG,1994,heat,historical,0.0004962511106060605,0.052425075,0.0,264
MG,1995,heat,historical,0.0,0.0,0.0,264
MG,1996,heat,historical,0.0002278835568181818,0.030590113,0.0,264
MG,1997,heat,historical,0.0005966369356060606,0.044712633,0.0,264
MG,1998,heat,historical,0.0006813239045454547,0.07172192,0.0,264
MG,1999,heat,historical,0.00016834343333333332,0.02944468,0.0,264
MG,2000,heat,historical,3.250060227272727e-05,0.008580159,0.0,264
MG,2001,heat,historical,0.0001502160659090909,0.018508615,0.0,264
MG,2002,heat,historical,0.0005172155787878787,0.072854444,0.0,264
MG,2003,heat,historical,7.893451136363635e-06,0.0011056854,0.0,264
MG,2004,heat,historical,0.00015940977272727272,0.026827581,0.0,264
MG,2005,heat,historical,1.5503386363636363e-05,0.004092894,0.0,264
MG,2006,heat,historical,0.0008757429238636363,0.110059574,0.0,264
MG,2007,heat,historical,0.001038742562121212,0.09318006,0.0,264
MG,2008,heat,historical,0.0013367130185606062,0.12636198,0.0,264
MG,2009,heat,historical,0.0010107058295454544,0.075845264,0.0,264
MG,2010,heat,historical,0.000821444853030303,0.1005038,0.0,264
MG,2011,heat,historical,0.0005801148704924242,0.09712016,0.0,264
MG,2012,heat,historical,4.8991406287878794e-05,0.0053018183,0.0,264
MG,2013,heat,historical,0.0003262202696969697,0.06080082,0.0,264
MG,2014,heat,historical,0.0016988575140151514,0.13523017,0.0,264
MH,1850,heat,historical,0.0,0.0,0.0,828
MH,1851,heat,historical,0.0,0.0,0.0,828
MH,1852,heat,historical,0.0,0.0,0.0,828
MH,1853,heat,historical,0.0,0.0,0.0,828
MH,1854,heat,historical,0.0,0.0,0.0,828
MH,1855,heat,historical,0.0,0.0,0.0,828
MH,1856,heat,historical,0.0,0.0,0.0,828
MH,1857,heat,historical,0.0,0.0,0.0,828
MH,1858,heat,historical,0.0,0.0,0.0,828
MH,1859,heat,historical,0.0,0.0,0.0,828
MH,1860,heat,historical,0.0,0.0,0.0,828
MH,1861,heat,historical,0.0,0.0,0.0,828
MH,1862,heat,historical,0.0,0.0,0.0,828
MH,1863,heat,historical,0.0,0.0,0.0,828
MH,1864,heat,historical,0.0,0.0,0.0,828
MH,1865,heat,historical,0.0,0.0,0.0,828
MH,1866,heat,historical,0.0,0.0,0.0,828
MH,1867,heat,historical,0.0,0.0,0.0,828
MH,1868,heat,historical,0.0,0.0,0.0,828
MH,1869,heat,historical,0.0,0.0,0.0,828
MH,1870,heat,historical,0.0,0.0,0.0,828
MH,1871,heat,historical,0.0,0.0,0.0,828
MH,1872,heat,historical,0.0,0.0,0.0,828
MH,1873,heat,historical,0.0,0.0,0.0,828
MH,1874,heat,historical,0.0,0.0,0.0,828
MH,1875,heat,historical,0.0,0.0,0.0,828
MH,1876,heat,historical,0.0,0.0,0.0,828
MH,1877,heat,historical,0.0,0.0,0.0,828
MH,1878,heat,historical,0.0,0.0,0.0,828
MH,1879,heat,historical,0.0,0.0,0.0,828
MH,1880,heat,historical,0.0,0.0,0.0,828
MH,1881,heat,historical,0.0,0.0,0.0,828
MH,1882,heat,historical,0.0,0.0,0.0,828
MH,1883,heat,historical,0.0,0.0,0.0,828
MH,1884,heat,historical,0.0,0.0,0.0,828
MH,1885,heat,historical,0.0,0.0,0.0,828
MH,1886,heat,historical,0.0,0.0,0.0,828
MH,1887,heat,historical,0.0,0.0,0.0,828
MH,1888,heat,historical,0.0,0.0,0.0,828
MH,1889,heat,historical,0.0,0.0,0.0,828
MH,1890,heat,historical,0.0,0.0,0.0,828
MH,1891,heat,historical,0.0,0.0,0.0,828
MH,1892,heat,historical,0.0,0.0,0.0,828
MH,1893,heat,historical,0.0,0.0,0.0,828
MH,1894,heat,historical,0.0,0.0,0.0,828
MH,1895,heat,historical,0.0,0.0,0.0,828
MH,1896,heat,historical,0.0,0.0,0.0,828
MH,1897,heat,historical,0.0,0.0,0.0,828
MH,1898,heat,historical,0.0,0.0,0.0,828
MH,1899,heat,historical,0.0,0.0,0.0,828
MH,1900,heat,historical,0.0,0.0,0.0,828
MH,1901,heat,historical,0.0,0.0,0.0,828
MH,1902,heat,historical,0.0,0.0,0.0,828
MH,1903,heat,historical,0.0,0.0,0.0,828
MH,1904,heat,historical,0.0,0.0,0.0,828
MH,1905,heat,historical,0.0,0.0,0.0,828
MH,1906,heat,historical,0.0,0.0,0.0,828
MH,1907,heat,historical,0.0,0.0,0.0,828
MH,1908,heat,historical,0.0,0.0,0.0,828
MH,1909,heat,historical,0.0,0.0,0.0,828
MH,1910,heat,historical,0.0,0.0,0.0,828
MH,1911,heat,historical,0.0,0.0,0.0,828
MH,1912,heat,historical,0.0,0.0,0.0,828
MH,1913,heat,historical,0.0,0.0,0.0,828
MH,1914,heat,historical,0.0,0.0,0.0,828
MH,1915,heat,historical,0.0,0.0,0.0,828
MH,1916,heat,historical,0.0,0.0,0.0,828
MH,1917,heat,historical,0.0,0.0,0.0,828
MH,1918,heat,historical,0.0,0.0,0.0,828
MH,1919,heat,historical,0.0,0.0,0.0,828
MH,1920,heat,historical,0.0,0.0,0.0,828
MH,1921,heat,historical,0.0,0.0,0.0,828
MH,1922,heat,historical,0.0,0.0,0.0,828
MH,1923,heat,historical,0.0,0.0,0.0,828
MH,1924,heat,historical,0.0,0.0,0.0,828
MH,1925,heat,historical,0.0,0.0,0.0,828
MH,1926,heat,historical,0.0,0.0,0.0,828
MH,1927,heat,historical,0.0,0.0,0.0,828
MH,1928,heat,historical,0.0,0.0,0.0,828
MH,1929,heat,historical,0.0,0.0,0.0,828
MH,1930,heat,historical,0.0,0.0,0.0,828
MH,1931,heat,historical,0.0,0.0,0.0,828
MH,1932,heat,historical,0.0,0.0,0.0,828
MH,1933,heat,historical,0.0,0.0,0.0,828
MH,1934,heat,historical,0.0,0.0,0.0,828
MH,1935,heat,historical,0.0,0.0,0.0,828
MH,1936,heat,historical,0.0,0.0,0.0,828
MH,1937,heat,historical,0.0,0.0,0.0,828
MH,1938,heat,historical,0.0,0.0,0.0,828
MH,1939,heat,historical,0.0,0.0,0.0,828
MH,1940,heat,historical,0.0,0.0,0.0,828
MH,1941,heat,historical,0.0,0.0,0.0,828
MH,1942,heat,historical,0.0,0.0,0.0,828
MH,1943,heat,historical,0.0,0.0,0.0,828
MH,1944,heat,historical,0.0,0.0,0.0,828
MH,1945,heat,historical,0.0,0.0,0.0,828
MH,1946,heat,historical,0.0,0.0,0.0,828
MH,1947,heat,historical,0.0,0.0,0.0,828
MH,1948,heat,historical,0.0,0.0,0.0,828
MH,1949,heat,historical,0.0,0.0,0.0,828
MH,1950,heat,historical,0.0,0.0,0.0,828
MH,1951,heat,historical,0.0,0.0,0.0,828
MH,1952,heat,historical,0.0,0.0,0.0,828
MH,1953,heat,historical,0.0,0.0,0.0,828
MH,1954,heat,historical,0.0,0.0,0.0,828
MH,1955,heat,historical,0.0,0.0,0.0,828
MH,1956,heat,historical,0.0,0.0,0.0,828
MH,1957,heat,historical,0.0,0.0,0.0,828
MH,1958,heat,historical,0.0,0.0,0.0,828
MH,1959,heat,historical,0.0,0.0,0.0,828
MH,1960,heat,historical,0.0,0.0,0.0,828
MH,1961,heat,historical,0.0,0.0,0.0,828
MH,1962,heat,historical,0.0,0.0,0.0,828
MH,1963,heat,historical,0.0,0.0,0.0,828
MH,1964,heat,historical,0.0,0.0,0.0,828
MH,1965,heat,historical,0.0,0.0,0.0,828
MH,1966,heat,historical,0.0,0.0,0.0,828
MH,1967,heat,historical,0.0,0.0,0.0,828
MH,1968,heat,historical,0.0,0.0,0.0,828
MH,1969,heat,historical,0.0,0.0,0.0,828
MH,1970,heat,historical,0.0,0.0,0.0,828
MH,1971,heat,historical,0.0,0.0,0.0,828
MH,1972,heat,historical,0.0,0.0,0.0,828
MH,1973,heat,historical,0.0,0.0,0.0,828
MH,1974,heat,historical,0.0,0.0,0.0,828
MH,1975,heat,historical,0.0,0.0,0.0,828
MH,1976,heat,historical,0.0,0.0,0.0,828
MH,1977,heat,historical,0.0,0.0,0.0,828
MH,1978,heat,historical,0.0,0.0,0.0,828
MH,1979,heat,historical,0.0,0.0,0.0,828
MH,1980,heat,historical,0.0,0.0,0.0,828
MH,1981,heat,historical,0.0,0.0,0.0,828
MH,1982,heat,historical,0.0,0.0,0.0,828
MH,1983,heat,historical,0.0,0.0,0.0,828
MH,1984,heat,historical,0.0,0.0,0.0,828
MH,1985,heat,historical,0.0,0.0,0.0,828
MH,1986,heat,historical,0.0,0.0,0.0,828
MH,1987,heat,historical,0.0,0.0,0.0,828
MH,1988,heat,historical,0.0,0.0,0.0,828
MH,1989,heat,historical,0.0,0.0,0.0,828
MH,1990,heat,historical,0.0,0.0,0.0,828
MH,1991,heat,historical,0.0,0.0,0.0,828
MH,1992,heat,historical,0.0,0.0,0.0,828
MH,1993,heat,historical,0.0,0.0,0.0,828
MH,1994,heat,historical,0.0,0.0,0.0,828
MH,1995,heat,historical,0.0,0.0,0.0,828
MH,1996,heat,historical,0.0,0.0,0.0,828
MH,1997,heat,historical,0.0,0.0,0.0,828
MH,1998,heat,historical,0.0,0.0,0.0,828
MH,1999,heat,historical,0.0,0.0,0.0,828
MH,2000,heat,historical,0.0,0.0,0.0,828
MH,2001,heat,historical,0.0,0.0,0.0,828
MH,2002,heat,historical,0.0,0.0,0.0,828
MH,2003,heat,historical,0.0,0.0,0.0,828
MH,2004,heat,historical,0.0,0.0,0.0,828
MH,2005,heat,historical,0.0,0.0,0.0,828
MH,2006,heat,historical,0.0,0.0,0.0,828
MH,2007,heat,historical,0.0,0.0,0.0,828
MH,2008,heat,historical,0.0,0.0,0.0,828
MH,2009,heat,historical,0.0,0.0,0.0,828
MH,2010,heat,historical,0.0,0.0,0.0,828
MH,2011,heat,historical,0.0,0.0,0.0,828
MH,2012,heat,historical,0.0,0.0,0.0,828
MH,2013,heat,historical,0.0,0.0,0.0,828
MH,2014,heat,historical,0.0,0.0,0.0,828
ML,1850,heat,historical,0.1222373978,0.48464274,0.0,24
ML,1851,heat,historical,0.128196462625,0.5459257,0.0,24
ML,1852,heat,historical,0.139410046375,0.5944525,0.0,24
ML,1853,heat,historical,0.14428750572916665,0.55305326,0.0,24
ML,1854,heat,historical,0.1752671100208333,0.5342685,0.0,24
ML,1855,heat,historical,0.15204255625,0.47002727,0.0,24
ML,1856,heat,historical,0.11167800336666667,0.52749395,0.0,24
ML,1857,heat,historical,0.149329506,0.5811383,0.0,24
ML,1858,heat,historical,0.1708956865,0.6332072,0.0,24
ML,1859,heat,historical,0.14982668605833335,0.5367049,0.0,24
ML,1860,heat,historical,0.123870483375,0.51148117,0.0,24
ML,1861,heat,historical,0.12652141495,0.526553,0.0,24
ML,1862,heat,historical,0.121847891,0.5076624,0.0,24
ML,1863,heat,historical,0.16118426852916665,0.55456626,0.0,24
ML,1864,heat,historical,0.11873333069583335,0.46928805,0.0,24
ML,1865,heat,historical,0.11522031512499999,0.53017664,0.0,24
ML,1866,heat,historical,0.115715386125,0.4206658,0.0,24
ML,1867,heat,historical,0.12686556379166666,0.5115111,0.0,24
ML,1868,heat,historical,0.16778271798333333,0.54115033,0.0,24
ML,1869,heat,historical,0.149564848,0.5648364,0.0,24
ML,1870,heat,historical,0.127472519125,0.46369871,0.0,24
ML,1871,heat,historical,0.10552161016666667,0.51851225,0.0,24
ML,1872,heat,historical,0.18798242677916666,0.6176703,0.0,24
ML,1873,heat,historical,0.15523684608333335,0.5521536,0.0,24
ML,1874,heat,historical,0.10221223278750001,0.44894594,0.0,24
ML,1875,heat,historical,0.137717854875,0.5357634,0.0,24
ML,1876,heat,historical,0.15244772274333332,0.6501502,0.0,24
ML,1877,heat,historical,0.15415232122916667,0.5240613,0.0,24
ML,1878,heat,historical,0.09833835433333334,0.42520726,0.0,24
ML,1879,heat,historical,0.09544795,0.47952002,0.0,24
ML,1880,heat,historical,0.14489760483333333,0.4894929,0.0,24
ML,1881,heat,historical,0.16862886612499997,0.5624423,0.0,24
ML,1882,heat,historical,0.1652879595,0.556964,0.0,24
ML,1883,heat,historical,0.13423434666666667,0.5424042,0.0,24
ML,1884,heat,historical,0.09261175166791667,0.37465596,0.0,24
ML,1885,heat,historical,0.12053626525,0.46222758,0.0,24
ML,1886,heat,historical,0.14823420679166668,0.5301554,0.0,24
ML,1887,heat,historical,0.14283037945833335,0.44138783,0.0,24
ML,1888,heat,historical,0.11687047508333333,0.4522372,0.0,24
ML,1889,heat,historical,0.11833983991666668,0.5285403,0.0,24
ML,1890,heat,historical,0.13035926610833334,0.52257985,0.0,24
ML,1891,heat,historical,0.13619001129166666,0.54752386,0.0,24
ML,1892,heat,historical,0.158562243875,0.4545993,0.0,24
ML,1893,heat,historical,0.11280571408333334,0.42349297,0.0,24
ML,1894,heat,historical,0.09983630391666666,0.47120005,0.0,24
ML,1895,heat,historical,0.16223300104166666,0.6100312,0.0,24
ML,1896,heat,historical,0.16901235416666668,0.5277655,0.0,24
ML,1897,heat,historical,0.1244490299625,0.45962805,0.0,24
ML,1898,heat,historical,0.17481012529166665,0.5020802,0.0,24
ML,1899,heat,historical,0.146795794625,0.54655856,0.0,24
ML,1900,heat,historical,0.14930042699999999,0.48710293,0.0,24
ML,1901,heat,historical,0.12936630425,0.5028907,0.0,24
ML,1902,heat,historical,0.17651356045166666,0.5489408,0.0,24
ML,1903,heat,historical,0.139657107,0.48360676,0.0,24
ML,1904,heat,historical,0.11755787023791665,0.510362,0.0,24
ML,1905,heat,historical,0.12546659395833334,0.48042646,0.0,24
ML,1906,heat,historical,0.13275038058333333,0.5306139,0.0,24
ML,1907,heat,historical,0.14287335470833334,0.49324614,0.0,24
ML,1908,heat,historical,0.10247421975,0.43603903,0.0,24
ML,1909,heat,historical,0.15088129120833335,0.572315,0.0,24
ML,1910,heat,historical,0.14029750488333334,0.6175046,0.0,24
ML,1911,heat,historical,0.11306146831250001,0.4884858,0.0,24
ML,1912,heat,historical,0.13053130708333333,0.45155117,0.0,24
ML,1913,heat,historical,0.16388717983333334,0.49820518,0.0,24
ML,1914,heat,historical,0.10819101566666667,0.5651126,0.0,24
ML,1915,heat,historical,0.125746348875,0.53757215,0.0,24
ML,1916,heat,historical,0.14030847745833333,0.509706,0.0,24
ML,1917,heat,historical,0.144432965875,0.5194042,0.0,24
ML,1918,heat,historical,0.13549465508333333,0.5203081,0.0,24
ML,1919,heat,historical,0.13320062823749998,0.5095067,0.0,24
ML,1920,heat,historical,0.17300842125000002,0.5710529,0.0,24
ML,1921,heat,historical,0.11987852680833333,0.3514949,0.0,24
ML,1922,heat,historical,0.119329190375,0.5346025,0.0,24
ML,1923,heat,historical,0.17116294258333334,0.5370033,0.0,24
ML,1924,heat,historical,0.13888541891666667,0.49324974,0.0,24
ML,1925,heat,historical,0.1021864640625,0.49570942,0.0,24
ML,1926,heat,historical,0.11899224545833333,0.48710808,0.0,24
ML,1927,heat,historical,0.1772040794166667,0.63182384,0.0,24
ML,1928,heat,historical,0.13335284270833334,0.50533384,0.0,24
ML,1929,heat,historical,0.12440754108333334,0.4726046,0.0,24
ML,1930,heat,historical,0.14954114541666666,0.5306794,0.0,24
ML,1931,heat,historical,0.15379204041666666,0.5328531,0.0,24
ML,1932,heat,historical,0.16113718675,0.519334,0.0,24
ML,1933,heat,historical,0.13169485183333332,0.5085017,0.0,24
ML,1934,heat,historical,0.13512603070833334,0.51199174,0.0,24
ML,1935,heat,historical,0.13817445045833335,0.63269204,0.0,24
ML,1936,heat,historical,0.17763010991666664,0.4900922,0.0,24
ML,1937,heat,historical,0.10317174658333333,0.46689963,0.0,24
ML,1938,heat,historical,0.14811641104166667,0.62016714,0.0,24
ML,1939,heat,historical,0.20821906205416665,0.61550796,0.0,24
ML,1940,heat,historical,0.14233784708333333,0.54753053,0.0,24
ML,1941,heat,historical,0.16195029775,0.50073504,0.0,24
ML,1942,heat,historical,0.133923127625,0.46783343,0.0,24
ML,1943,heat,historical,0.12899288333333334,0.59234846,0.0,24
ML,1944,heat,historical,0.13422449570833334,0.60672086,0.0,24
ML,1945,heat,historical,0.15559873754166667,0.5642975,0.0,24
ML,1946,heat,historical,0.11374294820958335,0.5547717,0.0,24
ML,1947,heat,historical,0.16349057566666667,0.5313871,0.0,24
ML,1948,heat,historical,0.159492208125,0.47220972,0.0,24
ML,1949,heat,historical,0.14463458140416666,0.5213466,0.0,24
ML,1950,heat,historical,0.1392041704166667,0.5631165,0.0,24
ML,1951,heat,historical,0.16259867725,0.59215593,0.0,24
ML,1952,heat,historical,0.17767934795833332,0.57229906,0.0,24
ML,1953,heat,historical,0.11562677245833335,0.4348869,0.0,24
ML,1954,heat,historical,0.12887923492916667,0.5756331,0.0,24
ML,1955,heat,historical,0.11196029741666667,0.5069655,0.0,24
ML,1956,heat,historical,0.13674009795833333,0.5415298,0.0,24
ML,1957,heat,historical,0.18094518721666666,0.58568287,0.0,24
ML,1958,heat,historical,0.17012399720833335,0.6050478,0.0,24
ML,1959,heat,historical,0.12396569866666668,0.5038348,0.0,24
ML,1960,heat,historical,0.10077362091666665,0.52349293,0.0,24
ML,1961,heat,historical,0.16470334802916667,0.57871735,0.0,24
ML,1962,heat,historical,0.16675850425000002,0.5600673,0.0,24
ML,1963,heat,historical,0.11706576941666667,0.44553855,0.0,24
ML,1964,heat,historical,0.11591164591666668,0.5349199,0.0,24
ML,1965,heat,historical,0.17353082995833333,0.58100927,0.0,24
ML,1966,heat,historical,0.15621956383333332,0.5022351,0.0,24
ML,1967,heat,historical,0.10744225486249999,0.5039731,0.0,24
ML,1968,heat,historical,0.16510350441666669,0.5705899,0.0,24
ML,1969,heat,historical,0.15923948575,0.50631094,0.0,24
ML,1970,heat,historical,0.152607482375,0.53040993,0.0,24
ML,1971,heat,historical,0.1463256092916667,0.49177447,0.0,24
ML,1972,heat,historical,0.10632224575,0.43753964,0.0,24
ML,1973,heat,historical,0.120704865875,0.5198889,0.0,24
ML,1974,heat,historical,0.143831345125,0.53558636,0.0,24
ML,1975,heat,historical,0.15517283275000002,0.615526,0.0,24
ML,1976,heat,historical,0.1165092049375,0.48025665,0.0,24
ML,1977,heat,historical,0.17837635275,0.6147316,0.0,24
ML,1978,heat,historical,0.12099126845833334,0.43439293,0.0,24
ML,1979,heat,historical,0.13245447125,0.49961907,0.0,24
ML,1980,heat,historical,0.12301169049999999,0.49232575,0.0,24
ML,1981,heat,historical,0.17909407876249997,0.53299403,0.0,24
ML,1982,heat,historical,0.13317770079166666,0.4873027,0.0,24
ML,1983,heat,historical,0.10303485070833333,0.4697764,0.0,24
ML,1984,heat,historical,0.10467264416666666,0.55228055,0.0,24
ML,1985,heat,historical,0.1672484118583333,0.56469595,0.0,24
ML,1986,heat,historical,0.14345103558333333,0.4973359,0.0,24
ML,1987,heat,historical,0.13729543745833334,0.46428668,0.0,24
ML,1988,heat,historical,0.16870134770833334,0.5839071,0.0,24
ML,1989,heat,historical,0.19059909416666668,0.56348145,0.0,24
ML,1990,heat,historical,0.14845469041666667,0.5513483,0.0,24
ML,1991,heat,historical,0.13766413020833332,0.48415393,0.0,24
ML,1992,heat,historical,0.12153126808333332,0.46759805,0.0,24
ML,1993,heat,historical,0.1352344304625,0.51085865,0.0,24
ML,1994,heat,historical,0.18304377291666665,0.6259506,0.0,24
ML,1995,heat,historical,0.15813924379166666,0.54788256,0.0,24
ML,1996,heat,historical,0.136109611625,0.44016343,0.0,24
ML,1997,heat,historical,0.20504810875,0.64451236,0.0,24
ML,1998,heat,historical,0.1972080826,0.6498699,0.0,24
ML,1999,heat,historical,0.12288724408333333,0.43854153,0.0,24
ML,2000,heat,historical,0.13350087770833333,0.56645155,0.0,24
ML,2001,heat,historical,0.16525438379166665,0.55715543,0.0,24
ML,2002,heat,historical,0.21739383583333335,0.5978511,0.0,24
ML,2003,heat,historical,0.1537621885,0.5728751,0.0,24
ML,2004,heat,historical,0.14851781350833335,0.5107017,0.0,24
ML,2005,heat,historical,0.177580339,0.5589198,0.0,24
ML,2006,heat,historical,0.19770029241666667,0.64499086,0.0,24
ML,2007,heat,historical,0.1834771589166667,0.5523249,0.0,24
ML,2008,heat,historical,0.19215173720833334,0.55848,0.0,24
ML,2009,heat,historical,0.15302841958333332,0.64881533,0.0,24
ML,2010,heat,historical,0.21647707633333332,0.6373786,0.0,24
ML,2011,heat,historical,0.200636809875,0.57816917,0.0,24
ML,2012,heat,historical,0.15931517704166667,0.6197072,0.0,24
ML,2013,heat,historical,0.17377901283333333,0.6245718,0.0,24
ML,2014,heat,historical,0.14458057541666666,0.60509586,0.0,24
MM,1850,heat,historical,7.846133333333333e-05,0.00470768,0.0,60
MM,1851,heat,historical,0.00012452295,0.007471377,0.0,60
MM,1852,heat,historical,0.00014173799166666666,0.0047087125,0.0,60
MM,1853,heat,historical,0.0010141470866666666,0.019642174,0.0,60
MM,1854,heat,historical,5.452718333333333e-05,0.003271631,0.0,60
MM,1855,heat,historical,0.0,0.0,0.0,60
MM,1856,heat,historical,2.4175038333333333e-06,0.00014505023,0.0,60
MM,1857,heat,historical,0.0007243735999999999,0.015627742,0.0,60
MM,1858,heat,historical,0.000194871445,0.009063832,0.0,60
MM,1859,heat,historical,0.00044926855,0.016296212,0.0,60
MM,1860,heat,historical,0.00012823094166666666,0.0076938565,0.0,60
MM,1861,heat,historical,0.0,0.0,0.0,60
MM,1862,heat,historical,0.000228699295,0.012045363,0.0,60
MM,1863,heat,historical,0.001038907225,0.024989419,0.0,60
MM,1864,heat,historical,0.00048214145666666667,0.026589617,0.0,60
MM,1865,heat,historical,0.0,0.0,0.0,60
MM,1866,heat,historical,0.00019711688333333335,0.011827013,0.0,60
MM,1867,heat,historical,0.00040116797333333333,0.013086524,0.0,60
MM,1868,heat,historical,0.00031586707999999995,0.014741955,0.0,60
MM,1869,heat,historical,7.9227015e-05,0.00367581,0.0,60
MM,1870,heat,historical,0.0,0.0,0.0,60
MM,1871,heat,historical,0.00030609382999999995,0.00669812,0.0,60
MM,1872,heat,historical,0.0005633127833333333,0.016663741,0.0,60
MM,1873,heat,historical,8.715058333333333e-05,0.005229035,0.0,60
MM,1874,heat,historical,0.0,0.0,0.0,60
MM,1875,heat,historical,0.00021966592833333335,0.011134799,0.0,60
MM,1876,heat,historical,0.0004319244666666667,0.01689861,0.0,60
MM,1877,heat,historical,0.00012496171166666666,0.0074977027,0.0,60
MM,1878,heat,historical,0.0,0.0,0.0,60
MM,1879,heat,historical,0.00026854938333333337,0.016112963,0.0,60
MM,1880,heat,historical,0.00029781754000000004,0.007642753,0.0,60
MM,1881,heat,historical,0.00029620874999999994,0.008995695,0.0,60
MM,1882,heat,historical,0.00023643358333333333,0.014186015,0.0,60
MM,1883,heat,historical,0.0,0.0,0.0,60
MM,1884,heat,historical,0.0,0.0,0.0,60
MM,1885,heat,historical,0.00011352804333333333,0.0068116826,0.0,60
MM,1886,heat,historical,0.00036232446,0.01478067,0.0,60
MM,1887,heat,historical,0.0,0.0,0.0,60
MM,1888,heat,historical,0.0,0.0,0.0,60
MM,1889,heat,historical,0.0,0.0,0.0,60
MM,1890,heat,historical,0.0007090512823333333,0.013569165,0.0,60
MM,1891,heat,historical,0.0004039382123333334,0.013735379,0.0,60
MM,1892,heat,historical,0.0008562953033333334,0.018348595,0.0,60
MM,1893,heat,historical,0.0,0.0,0.0,60
MM,1894,heat,historical,0.0,0.0,0.0,60
MM,1895,heat,historical,0.001179165385,0.038103815,0.0,60
MM,1896,heat,historical,0.0002589051833333333,0.0092063015,0.0,60
MM,1897,heat,historical,0.0,0.0,0.0,60
MM,1898,heat,historical,5.365825833333333e-05,0.0032194955,0.0,60
MM,1899,heat,historical,0.00048268345166666666,0.013689954,0.0,60
MM,1900,heat,historical,0.0010824824533333334,0.02979156,0.0,60
MM,1901,heat,historical,0.0001782758505,0.009816442,0.0,60
MM,1902,heat,historical,0.0003276706743333333,0.019487832,0.0,60
MM,1903,heat,historical,0.00020073885,0.012044331,0.0,60
MM,1904,heat,historical,1.8496915e-06,0.00011098149,0.0,60
MM,1905,heat,historical,0.0,0.0,0.0,60
MM,1906,heat,historical,3.5281790333333334e-05,0.0016549147,0.0,60
MM,1907,heat,historical,0.00014991103333333335,0.008994662,0.0,60
MM,1908,heat,historical,0.0,0.0,0.0,60
MM,1909,heat,historical,0.0005437748750000001,0.017742585,0.0,60
MM,1910,heat,historical,0.00020467049999999998,0.01228023,0.0,60
MM,1911,heat,historical,0.00010985446666666666,0.006591268,0.0,60
MM,1912,heat,historical,0.00033616208333333333,0.010274305,0.0,60
MM,1913,heat,historical,0.00010244709499999999,0.0043463446,0.0,60
MM,1914,heat,historical,0.0006109918166666667,0.025707442,0.0,60
MM,1915,heat,historical,0.0002335429166666667,0.01042555,0.0,60
MM,1916,heat,historical,3.9918923333333334e-05,0.0023951354,0.0,60
MM,1917,heat,historical,2.4889105000000002e-05,0.0014933463,0.0,60
MM,1918,heat,historical,0.00018677582566666666,0.010967036,0.0,60
MM,1919,heat,historical,0.001032059045,0.027645748,0.0,60
MM,1920,heat,historical,2.7814199e-05,0.0011278817,0.0,60
MM,1921,heat,historical,4.007378333333334e-05,0.002404427,0.0,60
MM,1922,heat,historical,0.0,0.0,0.0,60
MM,1923,heat,historical,0.0010109553594999999,0.019900788,0.0,60
MM,1924,heat,historical,0.00012721576166666666,0.0076329457,0.0,60
MM,1925,heat,historical,0.0,0.0,0.0,60
MM,1926,heat,historical,0.0,0.0,0.0,60
MM,1927,heat,historical,0.0013919659333333334,0.032269802,0.0,60
MM,1928,heat,historical,0.0,0.0,0.0,60
MM,1929,heat,historical,9.128012e-05,0.0054768072,0.0,60
MM,1930,heat,historical,0.0004814618,0.02054861,0.0,60
MM,1931,heat,historical,0.000176383145,0.006558748,0.0,60
MM,1932,heat,historical,0.0011518243833333333,0.031926535,0.0,60
MM,1933,heat,historical,0.0,0.0,0.0,60
MM,1934,heat,historical,0.0,0.0,0.0,60
MM,1935,heat,historical,0.0004635240566666667,0.01855662,0.0,60
MM,1936,heat,historical,0.0001596843,0.006039458,0.0,60
MM,1937,heat,historical,0.0003700931636666667,0.017932544,0.0,60
MM,1938,heat,historical,0.0009838121916666666,0.029211877,0.0,60
MM,1939,heat,historical,0.0014356445033333334,0.041098252,0.0,60
MM,1940,heat,historical,0.0011184697,0.0348327,0.0,60
MM,1941,heat,historical,0.0,0.0,0.0,60
MM,1942,heat,historical,0.0009195289916666666,0.022790954,0.0,60
MM,1943,heat,historical,0.00031243439999999997,0.011352116,0.0,60
MM,1944,heat,historical,0.0004998210633333333,0.019948278,0.0,60
MM,1945,heat,historical,0.00048120365499999996,0.023802172,0.0,60
MM,1946,heat,historical,4.568308e-06,0.00027409848,0.0,60
MM,1947,heat,historical,0.0010887456216666666,0.03237459,0.0,60
MM,1948,heat,historical,0.0009901871333333333,0.035815015,0.0,60
MM,1949,heat,historical,0.00011225476166666667,0.0067352857,0.0,60
MM,1950,heat,historical,0.0004059685733333333,0.019892529,0.0,60
MM,1951,heat,historical,0.0004275540316666667,0.014950497,0.0,60
MM,1952,heat,historical,0.0009041291966666667,0.026879717,0.0,60
MM,1953,heat,historical,0.00042188451666666667,0.015850738,0.0,60
MM,1954,heat,historical,0.0,0.0,0.0,60
MM,1955,heat,historical,0.00035557953049999996,0.012612143,0.0,60
MM,1956,heat,historical,0.00018237098333333333,0.010942259,0.0,60
MM,1957,heat,historical,0.0014193069633333334,0.046816636,0.0,60
MM,1958,heat,historical,0.0004153891166666666,0.024923347,0.0,60
MM,1959,heat,historical,1.988203333333333e-05,0.001192922,0.0,60
MM,1960,heat,historical,0.000703777485,0.018952541,0.0,60
MM,1961,heat,historical,0.0009860662166666667,0.032316778,0.0,60
MM,1962,heat,historical,0.00051415401,0.015690202,0.0,60
MM,1963,heat,historical,0.0,0.0,0.0,60
MM,1964,heat,historical,0.0,0.0,0.0,60
MM,1965,heat,historical,0.000139096804,0.007893107,0.0,60
MM,1966,heat,historical,0.0,0.0,0.0,60
MM,1967,heat,historical,0.0,0.0,0.0,60
MM,1968,heat,historical,0.0012049664716666667,0.027987983,0.0,60
MM,1969,heat,historical,0.0008200069383333333,0.033289284,0.0,60
MM,1970,heat,historical,0.0,0.0,0.0,60
MM,1971,heat,historical,0.0,0.0,0.0,60
MM,1972,heat,historical,9.579681e-05,0.0057478086,0.0,60
MM,1973,heat,historical,0.0007682930233333334,0.023490394,0.0,60
MM,1974,heat,historical,0.00020441241666666667,0.012264745,0.0,60
MM,1975,heat,historical,3.3156795e-05,0.0019894077,0.0,60
MM,1976,heat,historical,0.0,0.0,0.0,60
MM,1977,heat,historical,0.0009673111883333333,0.032127332,0.0,60
MM,1978,heat,historical,0.0005520769666666667,0.027150717,0.0,60
MM,1979,heat,historical,0.00048992735,0.010871024,0.0,60
MM,1980,heat,historical,0.0011024935583333333,0.02229231,0.0,60
MM,1981,heat,historical,0.0,0.0,0.0,60
MM,1982,heat,historical,0.0,0.0,0.0,60
MM,1983,heat,historical,0.0,0.0,0.0,60
MM,1984,heat,historical,0.0005293387016666667,0.009065897,0.0,60
MM,1985,heat,historical,0.00255121497,0.04166297,0.0,60
MM,1986,heat,historical,0.0001987687,0.011926122,0.0,60
MM,1987,heat,historical,0.0,0.0,0.0,60
MM,1988,heat,historical,0.0009790976000000002,0.03216037,0.0,60
MM,1989,heat,historical,0.0003685789833333334,0.022114739,0.0,60
MM,1990,heat,historical,2.8751948333333333e-05,0.0017251169,0.0,60
MM,1991,heat,historical,4.2276205e-05,0.0025365723,0.0,60
MM,1992,heat,historical,2.3331921666666666e-05,0.0013999153,0.0,60
MM,1993,heat,historical,0.00013920003833333333,0.007019192,0.0,60
MM,1994,heat,historical,0.001245289714,0.023877539,0.0,60
MM,1995,heat,historical,0.00013789235,0.008273541,0.0,60
MM,1996,heat,historical,0.00011068038083333334,0.005967191,0.0,60
MM,1997,heat,historical,0.0010124782004666667,0.03328103,0.0,60
MM,1998,heat,historical,0.0010687173428333334,0.025567038,0.0,60
MM,1999,heat,historical,0.0006709218333333333,0.031938925,0.0,60
MM,2000,heat,historical,0.00023707022833333334,0.01207427,0.0,60
MM,2001,heat,historical,0.0004805240333333333,0.014587097,0.0,60
MM,2002,heat,historical,0.0016054719833333332,0.034977753,0.0,60
MM,2003,heat,historical,7.317034999999999e-05,0.004390221,0.0,60
MM,2004,heat,historical,0.0,0.0,0.0,60
MM,2005,heat,historical,0.00042308897416666667,0.024201708,0.0,60
MM,2006,heat,historical,0.0012187746113333333,0.044112302,0.0,60
MM,2007,heat,historical,0.0012363681716666666,0.04148901,0.0,60
MM,2008,heat,historical,0.0015065264333333332,0.04657867,0.0,60
MM,2009,heat,historical,0.001849020515,0.03256352,0.0,60
MM,2010,heat,historical,0.0015989248561666667,0.050164662,0.0,60
MM,2011,heat,historical,0.00038753186666666664,0.015289636,0.0,60
MM,2012,heat,historical,0.000136920185,0.0056564426,0.0,60
MM,2013,heat,historical,0.0009598780416666667,0.03524772,0.0,60
MM,2014,heat,historical,0.0009687479499999999,0.02009436,0.0,60
MN,1850,heat,historical,0.0,0.0,0.0,96
MN,1851,heat,historical,0.0,0.0,0.0,96
MN,1852,heat,historical,0.0,0.0,0.0,96
MN,1853,heat,historical,0.0,0.0,0.0,96
MN,1854,heat,historical,0.0,0.0,0.0,96
MN,1855,heat,historical,0.0,0.0,0.0,96
MN,1856,heat,historical,0.0,0.0,0.0,96
MN,1857,heat,historical,0.0,0.0,0.0,96
MN,1858,heat,historical,0.0,0.0,0.0,96
MN,1859,heat,historical,0.0,0.0,0.0,96
MN,1860,heat,historical,0.0,0.0,0.0,96
MN,1861,heat,historical,0.0,0.0,0.0,96
MN,1862,heat,historical,0.0,0.0,0.0,96
MN,1863,heat,historical,0.0,0.0,0.0,96
MN,1864,heat,historical,0.0,0.0,0.0,96
MN,1865,heat,historical,0.0,0.0,0.0,96
MN,1866,heat,historical,0.0,0.0,0.0,96
MN,1867,heat,historical,0.0,0.0,0.0,96
MN,1868,heat,historical,0.0,0.0,0.0,96
MN,1869,heat,historical,0.0,0.0,0.0,96
MN,1870,heat,historical,0.0,0.0,0.0,96
MN,1871,heat,historical,0.0,0.0,0.0,96
MN,1872,heat,historical,0.0,0.0,0.0,96
MN,1873,heat,historical,0.0,0.0,0.0,96
MN,1874,heat,historical,0.0,0.0,0.0,96
MN,1875,heat,historical,0.0,0.0,0.0,96
MN,1876,heat,historical,0.0,0.0,0.0,96
MN,1877,heat,historical,0.0,0.0,0.0,96
MN,1878,heat,historical,0.0,0.0,0.0,96
MN,1879,heat,historical,0.0,0.0,0.0,96
MN,1880,heat,historical,0.0,0.0,0.0,96
MN,1881,heat,historical,0.0,0.0,0.0,96
MN,1882,heat,historical,0.0,0.0,0.0,96
MN,1883,heat,historical,0.0,0.0,0.0,96
MN,1884,heat,historical,0.0,0.0,0.0,96
MN,1885,heat,historical,0.0,0.0,0.0,96
MN,1886,heat,historical,0.0,0.0,0.0,96
MN,1887,heat,historical,0.0,0.0,0.0,96
MN,1888,heat,historical,0.0,0.0,0.0,96
MN,1889,heat,historical,0.0,0.0,0.0,96
MN,1890,heat,historical,0.0,0.0,0.0,96
MN,1891,heat,historical,0.0,0.0,0.0,96
MN,1892,heat,historical,0.0,0.0,0.0,96
MN,1893,heat,historical,0.0,0.0,0.0,96
MN,1894,heat,historical,0.0,0.0,0.0,96
MN,1895,heat,historical,0.0,0.0,0.0,96
MN,1896,heat,historical,0.0,0.0,0.0,96
MN,1897,heat,historical,0.0,0.0,0.0,96
MN,1898,heat,historical,0.0,0.0,0.0,96
MN,1899,heat,historical,0.0,0.0,0.0,96
MN,1900,heat,historical,0.0,0.0,0.0,96
MN,1901,heat,historical,0.0,0.0,0.0,96
MN,1902,heat,historical,0.0,0.0,0.0,96
MN,1903,heat,historical,0.0,0.0,0.0,96
MN,1904,heat,historical,0.0,0.0,0.0,96
MN,1905,heat,historical,0.0,0.0,0.0,96
MN,1906,heat,historical,0.0,0.0,0.0,96
MN,1907,heat,historical,0.0,0.0,0.0,96
MN,1908,heat,historical,0.0,0.0,0.0,96
MN,1909,heat,historical,0.0,0.0,0.0,96
MN,1910,heat,historical,0.0,0.0,0.0,96
MN,1911,heat,historical,0.0,0.0,0.0,96
MN,1912,heat,historical,0.0,0.0,0.0,96
MN,1913,heat,historical,0.0,0.0,0.0,96
MN,1914,heat,historical,0.0,0.0,0.0,96
MN,1915,heat,historical,0.0,0.0,0.0,96
MN,1916,heat,historical,0.0,0.0,0.0,96
MN,1917,heat,historical,0.0,0.0,0.0,96
MN,1918,heat,historical,0.0,0.0,0.0,96
MN,1919,heat,historical,0.0,0.0,0.0,96
MN,1920,heat,historical,0.0,0.0,0.0,96
MN,1921,heat,historical,0.0,0.0,0.0,96
MN,1922,heat,historical,0.0,0.0,0.0,96
MN,1923,heat,historical,0.0,0.0,0.0,96
MN,1924,heat,historical,0.0,0.0,0.0,96
MN,1925,heat,historical,0.0,0.0,0.0,96
MN,1926,heat,historical,0.0,0.0,0.0,96
MN,1927,heat,historical,0.0,0.0,0.0,96
MN,1928,heat,historical,0.0,0.0,0.0,96
MN,1929,heat,historical,0.0,0.0,0.0,96
MN,1930,heat,historical,0.0,0.0,0.0,96
MN,1931,heat,historical,0.0,0.0,0.0,96
MN,1932,heat,historical,0.0,0.0,0.0,96
MN,1933,heat,historical,0.0,0.0,0.0,96
MN,1934,heat,historical,0.0,0.0,0.0,96
MN,1935,heat,historical,0.0,0.0,0.0,96
MN,1936,heat,historical,0.0,0.0,0.0,96
MN,1937,heat,historical,0.0,0.0,0.0,96
MN,1938,heat,historical,0.0,0.0,0.0,96
MN,1939,heat,historical,0.0,0.0,0.0,96
MN,1940,heat,historical,0.0,0.0,0.0,96
MN,1941,heat,historical,0.0,0.0,0.0,96
MN,1942,heat,historical,0.0,0.0,0.0,96
MN,1943,heat,historical,0.0,0.0,0.0,96
MN,1944,heat,historical,0.0,0.0,0.0,96
MN,1945,heat,historical,0.0,0.0,0.0,96
MN,1946,heat,historical,0.0,0.0,0.0,96
MN,1947,heat,historical,0.0,0.0,0.0,96
MN,1948,heat,historical,0.0,0.0,0.0,96
MN,1949,heat,historical,0.0,0.0,0.0,96
MN,1950,heat,historical,0.0,0.0,0.0,96
MN,1951,heat,historical,0.0,0.0,0.0,96
MN,1952,heat,historical,0.0,0.0,0.0,96
MN,1953,heat,historical,0.0,0.0,0.0,96
MN,1954,heat,historical,0.0,0.0,0.0,96
MN,1955,heat,historical,0.0,0.0,0.0,96
MN,1956,heat,historical,0.0,0.0,0.0,96
MN,1957,heat,historical,0.0,0.0,0.0,96
MN,1958,heat,historical,0.0,0.0,0.0,96
MN,1959,heat,historical,0.0,0.0,0.0,96
MN,1960,heat,historical,0.0,0.0,0.0,96
MN,1961,heat,historical,0.0,0.0,0.0,96
MN,1962,heat,historical,0.0,0.0,0.0,96
MN,1963,heat,historical,0.0,0.0,0.0,96
MN,1964,heat,historical,0.0,0.0,0.0,96
MN,1965,heat,historical,0.0,0.0,0.0,96
MN,1966,heat,historical,0.0,0.0,0.0,96
MN,1967,heat,historical,0.0,0.0,0.0,96
MN,1968,heat,historical,0.0,0.0,0.0,96
MN,1969,heat,historical,0.0,0.0,0.0,96
MN,1970,heat,historical,0.0,0.0,0.0,96
MN,1971,heat,historical,0.0,0.0,0.0,96
MN,1972,heat,historical,0.0,0.0,0.0,96
MN,1973,heat,historical,0.0,0.0,0.0,96
MN,1974,heat,historical,0.0,0.0,0.0,96
MN,1975,heat,historical,0.0,0.0,0.0,96
MN,1976,heat,historical,0.0,0.0,0.0,96
MN,1977,heat,historical,0.0,0.0,0.0,96
MN,1978,heat,historical,0.0,0.0,0.0,96
MN,1979,heat,historical,0.0,0.0,0.0,96
MN,1980,heat,historical,0.0,0.0,0.0,96
MN,1981,heat,historical,0.0,0.0,0.0,96
MN,1982,heat,historical,0.0,0.0,0.0,96
MN,1983,heat,historical,0.0,0.0,0.0,96
MN,1984,heat,historical,0.0,0.0,0.0,96
MN,1985,heat,historical,0.0,0.0,0.0,96
MN,1986,heat,historical,0.0,0.0,0.0,96
MN,1987,heat,historical,0.0,0.0,0.0,96
MN,1988,heat,historical,0.0,0.0,0.0,96
MN,1989,heat,historical,0.0,0.0,0.0,96
MN,1990,heat,historical,0.0,0.0,0.0,96
MN,1991,heat,historical,0.0,0.0,0.0,96
MN,1992,heat,historical,0.0,0.0,0.0,96
MN,1993,heat,historical,0.0,0.0,0.0,96
MN,1994,heat,historical,0.0,0.0,0.0,96
MN,1995,heat,historical,0.0,0.0,0.0,96
MN,1996,heat,historical,0.0,0.0,0.0,96
MN,1997,heat,historical,0.0,0.0,0.0,96
MN,1998,heat,historical,0.0,0.0,0.0,96
MN,1999,heat,historical,0.0,0.0,0.0,96
MN,2000,heat,historical,0.0,0.0,0.0,96
MN,2001,heat,historical,0.0,0.0,0.0,96
MN,2002,heat,historical,0.0,0.0,0.0,96
MN,2003,heat,historical,0.0,0.0,0.0,96
MN,2004,heat,historical,0.0,0.0,0.0,96
MN,2005,heat,historical,0.0,0.0,0.0,96
MN,2006,heat,historical,0.0,0.0,0.0,96
MN,2007,heat,historical,0.0,0.0,0.0,96
MN,2008,heat,historical,0.0,0.0,0.0,96
MN,2009,heat,historical,0.0,0.0,0.0,96
MN,2010,heat,historical,0.0,0.0,0.0,96
MN,2011,heat,historical,0.0,0.0,0.0,96
MN,2012,heat,historical,0.0,0.0,0.0,96
MN,2013,heat,historical,0.0,0.0,0.0,96
MN,2014,heat,historical,0.0,0.0,0.0,96
MP,1850,heat,historical,0.0,0.0,0.0,120
MP,1851,heat,historical,0.0,0.0,0.0,120
MP,1852,heat,historical,0.0,0.0,0.0,120
MP,1853,heat,historical,0.0,0.0,0.0,120
MP,1854,heat,historical,0.0,0.0,0.0,120
MP,1855,heat,historical,0.0,0.0,0.0,120
MP,1856,heat,historical,0.0,0.0,0.0,120
MP,1857,heat,historical,0.0,0.0,0.0,120
MP,1858,heat,historical,0.0,0.0,0.0,120
MP,1859,heat,historical,0.0,0.0,0.0,120
MP,1860,heat,historical,0.0,0.0,0.0,120
MP,1861,heat,historical,0.0,0.0,0.0,120
MP,1862,heat,historical,0.0,0.0,0.0,120
MP,1863,heat,historical,0.0,0.0,0.0,120
MP,1864,heat,historical,0.0,0.0,0.0,120
MP,1865,heat,historical,0.0,0.0,0.0,120
MP,1866,heat,historical,0.0,0.0,0.0,120
MP,1867,heat,historical,0.0,0.0,0.0,120
MP,1868,heat,historical,0.0,0.0,0.0,120
MP,1869,heat,historical,0.0,0.0,0.0,120
MP,1870,heat,historical,0.0,0.0,0.0,120
MP,1871,heat,historical,0.0,0.0,0.0,120
MP,1872,heat,historical,0.0,0.0,0.0,120
MP,1873,heat,historical,0.0,0.0,0.0,120
MP,1874,heat,historical,0.0,0.0,0.0,120
MP,1875,heat,historical,0.0,0.0,0.0,120
MP,1876,heat,historical,0.0,0.0,0.0,120
MP,1877,heat,historical,0.0,0.0,0.0,120
MP,1878,heat,historical,0.0,0.0,0.0,120
MP,1879,heat,historical,0.0,0.0,0.0,120
MP,1880,heat,historical,0.0,0.0,0.0,120
MP,1881,heat,historical,0.0,0.0,0.0,120
MP,1882,heat,historical,0.0,0.0,0.0,120
MP,1883,heat,historical,0.0,0.0,0.0,120
MP,1884,heat,historical,0.0,0.0,0.0,120
MP,1885,heat,historical,0.0,0.0,0.0,120
MP,1886,heat,historical,0.0,0.0,0.0,120
MP,1887,heat,historical,0.0,0.0,0.0,120
MP,1888,heat,historical,0.0,0.0,0.0,120
MP,1889,heat,historical,0.0,0.0,0.0,120
MP,1890,heat,historical,0.0,0.0,0.0,120
MP,1891,heat,historical,0.0,0.0,0.0,120
MP,1892,heat,historical,0.0,0.0,0.0,120
MP,1893,heat,historical,0.0,0.0,0.0,120
MP,1894,heat,historical,0.0,0.0,0.0,120
MP,1895,heat,historical,0.0,0.0,0.0,120
MP,1896,heat,historical,0.0,0.0,0.0,120
MP,1897,heat,historical,0.0,0.0,0.0,120
MP,1898,heat,historical,0.0,0.0,0.0,120
MP,1899,heat,historical,0.0,0.0,0.0,120
MP,1900,heat,historical,0.0,0.0,0.0,120
MP,1901,heat,historical,0.0,0.0,0.0,120
MP,1902,heat,historical,0.0,0.0,0.0,120
MP,1903,heat,historical,0.0,0.0,0.0,120
MP,1904,heat,historical,0.0,0.0,0.0,120
MP,1905,heat,historical,0.0,0.0,0.0,120
MP,1906,heat,historical,0.0,0.0,0.0,120
MP,1907,heat,historical,0.0,0.0,0.0,120
MP,1908,heat,historical,0.0,0.0,0.0,120
MP,1909,heat,historical,0.0,0.0,0.0,120
MP,1910,heat,historical,0.0,0.0,0.0,120
MP,1911,heat,historical,0.0,0.0,0.0,120
MP,1912,heat,historical,0.0,0.0,0.0,120
MP,1913,heat,historical,0.0,0.0,0.0,120
MP,1914,heat,historical,0.0,0.0,0.0,120
MP,1915,heat,historical,0.0,0.0,0.0,120
MP,1916,heat,historical,0.0,0.0,0.0,120
MP,1917,heat,historical,0.0,0.0,0.0,120
MP,1918,heat,historical,0.0,0.0,0.0,120
MP,1919,heat,historical,0.0,0.0,0.0,120
MP,1920,heat,historical,0.0,0.0,0.0,120
MP,1921,heat,historical,0.0,0.0,0.0,120
MP,1922,heat,historical,0.0,0.0,0.0,120
MP,1923,heat,historical,0.0,0.0,0.0,120
MP,1924,heat,historical,0.0,0.0,0.0,120
MP,1925,heat,historical,0.0,0.0,0.0,120
MP,1926,heat,historical,0.0,0.0,0.0,120
MP,1927,heat,historical,0.0,0.0,0.0,120
MP,1928,heat,historical,0.0,0.0,0.0,120
MP,1929,heat,historical,0.0,0.0,0.0,120
MP,1930,heat,historical,0.0,0.0,0.0,120
MP,1931,heat,historical,0.0,0.0,0.0,120
MP,1932,heat,historical,0.0,0.0,0.0,120
MP,1933,heat,historical,0.0,0.0,0.0,120
MP,1934,heat,historical,0.0,0.0,0.0,120
MP,1935,heat,historical,0.0,0.0,0.0,120
MP,1936,heat,historical,0.0,0.0,0.0,120
MP,1937,heat,historical,0.0,0.0,0.0,120
MP,1938,heat,historical,0.0,0.0,0.0,120
MP,1939,heat,historical,0.0,0.0,0.0,120
MP,1940,heat,historical,0.0,0.0,0.0,120
MP,1941,heat,historical,0.0,0.0,0.0,120
MP,1942,heat,historical,0.0,0.0,0.0,120
MP,1943,heat,historical,0.0,0.0,0.0,120
MP,1944,heat,historical,0.0,0.0,0.0,120
MP,1945,heat,historical,0.0,0.0,0.0,120
MP,1946,heat,historical,0.0,0.0,0.0,120
MP,1947,heat,historical,0.0,0.0,0.0,120
MP,1948,heat,historical,0.0,0.0,0.0,120
MP,1949,heat,historical,0.0,0.0,0.0,120
MP,1950,heat,historical,0.0,0.0,0.0,120
MP,1951,heat,historical,0.0,0.0,0.0,120
MP,1952,heat,historical,0.0,0.0,0.0,120
MP,1953,heat,historical,0.0,0.0,0.0,120
MP,1954,heat,historical,0.0,0.0,0.0,120
MP,1955,heat,historical,0.0,0.0,0.0,120
MP,1956,heat,historical,0.0,0.0,0.0,120
MP,1957,heat,historical,0.0,0.0,0.0,120
MP,1958,heat,historical,0.0,0.0,0.0,120
MP,1959,heat,historical,0.0,0.0,0.0,120
MP,1960,heat,historical,0.0,0.0,0.0,120
MP,1961,heat,historical,0.0,0.0,0.0,120
MP,1962,heat,historical,0.0,0.0,0.0,120
MP,1963,heat,historical,0.0,0.0,0.0,120
MP,1964,heat,historical,0.0,0.0,0.0,120
MP,1965,heat,historical,0.0,0.0,0.0,120
MP,1966,heat,historical,0.0,0.0,0.0,120
MP,1967,heat,historical,0.0,0.0,0.0,120
MP,1968,heat,historical,0.0,0.0,0.0,120
MP,1969,heat,historical,0.0,0.0,0.0,120
MP,1970,heat,historical,0.0,0.0,0.0,120
MP,1971,heat,historical,0.0,0.0,0.0,120
MP,1972,heat,historical,0.0,0.0,0.0,120
MP,1973,heat,historical,0.0,0.0,0.0,120
MP,1974,heat,historical,0.0,0.0,0.0,120
MP,1975,heat,historical,0.0,0.0,0.0,120
MP,1976,heat,historical,0.0,0.0,0.0,120
MP,1977,heat,historical,0.0,0.0,0.0,120
MP,1978,heat,historical,0.0,0.0,0.0,120
MP,1979,heat,historical,0.0,0.0,0.0,120
MP,1980,heat,historical,0.0,0.0,0.0,120
MP,1981,heat,historical,0.0,0.0,0.0,120
MP,1982,heat,historical,0.0,0.0,0.0,120
MP,1983,heat,historical,0.0,0.0,0.0,120
MP,1984,heat,historical,0.0,0.0,0.0,120
MP,1985,heat,historical,0.0,0.0,0.0,120
MP,1986,heat,historical,0.0,0.0,0.0,120
MP,1987,heat,historical,0.0,0.0,0.0,120
MP,1988,heat,historical,0.0,0.0,0.0,120
MP,1989,heat,historical,0.0,0.0,0.0,120
MP,1990,heat,historical,0.0,0.0,0.0,120
MP,1991,heat,historical,0.0,0.0,0.0,120
MP,1992,heat,historical,0.0,0.0,0.0,120
MP,1993,heat,historical,0.0,0.0,0.0,120
MP,1994,heat,historical,0.0,0.0,0.0,120
MP,1995,heat,historical,0.0,0.0,0.0,120
MP,1996,heat,historical,0.0,0.0,0.0,120
MP,1997,heat,historical,0.0,0.0,0.0,120
MP,1998,heat,historical,0.0,0.0,0.0,120
MP,1999,heat,historical,0.0,0.0,0.0,120
MP,2000,heat,historical,0.0,0.0,0.0,120
MP,2001,heat,historical,0.0,0.0,0.0,120
MP,2002,heat,historical,0.0,0.0,0.0,120
MP,2003,heat,historical,0.0,0.0,0.0,120
MP,2004,heat,historical,0.0,0.0,0.0,120
MP,2005,heat,historical,0.0,0.0,0.0,120
MP,2006,heat,historical,0.0,0.0,0.0,120
MP,2007,heat,historical,0.0,0.0,0.0,120
MP,2008,heat,historical,0.0,0.0,0.0,120
MP,2009,heat,historical,0.0,0.0,0.0,120
MP,2010,heat,historical,0.0,0.0,0.0,120
MP,2011,heat,historical,0.0,0.0,0.0,120
MP,2012,heat,historical,0.0,0.0,0.0,120
MP,2013,heat,historical,0.0,0.0,0.0,120
MP,2014,heat,historical,0.0,0.0,0.0,120
MU,1850,heat,historical,0.0,0.0,0.0,312
MU,1851,heat,historical,0.0,0.0,0.0,312
MU,1852,heat,historical,0.0,0.0,0.0,312
MU,1853,heat,historical,0.0,0.0,0.0,312
MU,1854,heat,historical,0.0,0.0,0.0,312
MU,1855,heat,historical,0.0,0.0,0.0,312
MU,1856,heat,historical,0.0,0.0,0.0,312
MU,1857,heat,historical,0.0,0.0,0.0,312
MU,1858,heat,historical,0.0,0.0,0.0,312
MU,1859,heat,historical,0.0,0.0,0.0,312
MU,1860,heat,historical,0.0,0.0,0.0,312
MU,1861,heat,historical,0.0,0.0,0.0,312
MU,1862,heat,historical,0.0,0.0,0.0,312
MU,1863,heat,historical,0.0,0.0,0.0,312
MU,1864,heat,historical,0.0,0.0,0.0,312
MU,1865,heat,historical,0.0,0.0,0.0,312
MU,1866,heat,historical,0.0,0.0,0.0,312
MU,1867,heat,historical,0.0,0.0,0.0,312
MU,1868,heat,historical,0.0,0.0,0.0,312
MU,1869,heat,historical,0.0,0.0,0.0,312
MU,1870,heat,historical,0.0,0.0,0.0,312
MU,1871,heat,historical,0.0,0.0,0.0,312
MU,1872,heat,historical,0.0,0.0,0.0,312
MU,1873,heat,historical,0.0,0.0,0.0,312
MU,1874,heat,historical,0.0,0.0,0.0,312
MU,1875,heat,historical,0.0,0.0,0.0,312
MU,1876,heat,historical,0.0,0.0,0.0,312
MU,1877,heat,historical,0.0,0.0,0.0,312
MU,1878,heat,historical,0.0,0.0,0.0,312
MU,1879,heat,historical,0.0,0.0,0.0,312
MU,1880,heat,historical,0.0,0.0,0.0,312
MU,1881,heat,historical,0.0,0.0,0.0,312
MU,1882,heat,historical,0.0,0.0,0.0,312
MU,1883,heat,historical,0.0,0.0,0.0,312
MU,1884,heat,historical,0.0,0.0,0.0,312
MU,1885,heat,historical,0.0,0.0,0.0,312
MU,1886,heat,historical,0.0,0.0,0.0,312
MU,1887,heat,historical,0.0,0.0,0.0,312
MU,1888,heat,historical,0.0,0.0,0.0,312
MU,1889,heat,historical,0.0,0.0,0.0,312
MU,1890,heat,historical,0.0,0.0,0.0,312
MU,1891,heat,historical,0.0,0.0,0.0,312
MU,1892,heat,historical,0.0,0.0,0.0,312
MU,1893,heat,historical,0.0,0.0,0.0,312
MU,1894,heat,historical,0.0,0.0,0.0,312
MU,1895,heat,historical,0.0,0.0,0.0,312
MU,1896,heat,historical,0.0,0.0,0.0,312
MU,1897,heat,historical,0.0,0.0,0.0,312
MU,1898,heat,historical,0.0,0.0,0.0,312
MU,1899,heat,historical,0.0,0.0,0.0,312
MU,1900,heat,historical,0.0,0.0,0.0,312
MU,1901,heat,historical,0.0,0.0,0.0,312
MU,1902,heat,historical,0.0,0.0,0.0,312
MU,1903,heat,historical,0.0,0.0,0.0,312
MU,1904,heat,historical,0.0,0.0,0.0,312
MU,1905,heat,historical,0.0,0.0,0.0,312
MU,1906,heat,historical,0.0,0.0,0.0,312
MU,1907,heat,historical,0.0,0.0,0.0,312
MU,1908,heat,historical,0.0,0.0,0.0,312
MU,1909,heat,historical,0.0,0.0,0.0,312
MU,1910,heat,historical,0.0,0.0,0.0,312
MU,1911,heat,historical,0.0,0.0,0.0,312
MU,1912,heat,historical,0.0,0.0,0.0,312
MU,1913,heat,historical,0.0,0.0,0.0,312
MU,1914,heat,historical,0.0,0.0,0.0,312
MU,1915,heat,historical,0.0,0.0,0.0,312
MU,1916,heat,historical,0.0,0.0,0.0,312
MU,1917,heat,historical,0.0,0.0,0.0,312
MU,1918,heat,historical,0.0,0.0,0.0,312
MU,1919,heat,historical,0.0,0.0,0.0,312
MU,1920,heat,historical,0.0,0.0,0.0,312
MU,1921,heat,historical,0.0,0.0,0.0,312
MU,1922,heat,historical,0.0,0.0,0.0,312
MU,1923,heat,historical,0.0,0.0,0.0,312
MU,1924,heat,historical,0.0,0.0,0.0,312
MU,1925,heat,historical,0.0,0.0,0.0,312
MU,1926,heat,historical,0.0,0.0,0.0,312
MU,1927,heat,historical,0.0,0.0,0.0,312
MU,1928,heat,historical,0.0,0.0,0.0,312
MU,1929,heat,historical,0.0,0.0,0.0,312
MU,1930,heat,historical,0.0,0.0,0.0,312
MU,1931,heat,historical,0.0,0.0,0.0,312
MU,1932,heat,historical,0.0,0.0,0.0,312
MU,1933,heat,historical,0.0,0.0,0.0,312
MU,1934,heat,historical,0.0,0.0,0.0,312
MU,1935,heat,historical,0.0,0.0,0.0,312
MU,1936,heat,historical,0.0,0.0,0.0,312
MU,1937,heat,historical,0.0,0.0,0.0,312
MU,1938,heat,historical,0.0,0.0,0.0,312
MU,1939,heat,historical,0.0,0.0,0.0,312
MU,1940,heat,historical,0.0,0.0,0.0,312
MU,1941,heat,historical,0.0,0.0,0.0,312
MU,1942,heat,historical,0.0,0.0,0.0,312
MU,1943,heat,historical,0.0,0.0,0.0,312
MU,1944,heat,historical,0.0,0.0,0.0,312
MU,1945,heat,historical,0.0,0.0,0.0,312
MU,1946,heat,historical,0.0,0.0,0.0,312
MU,1947,heat,historical,0.0,0.0,0.0,312
MU,1948,heat,historical,0.0,0.0,0.0,312
MU,1949,heat,historical,0.0,0.0,0.0,312
MU,1950,heat,historical,0.0,0.0,0.0,312
MU,1951,heat,historical,0.0,0.0,0.0,312
MU,1952,heat,historical,0.0,0.0,0.0,312
MU,1953,heat,historical,0.0,0.0,0.0,312
MU,1954,heat,historical,0.0,0.0,0.0,312
MU,1955,heat,historical,0.0,0.0,0.0,312
MU,1956,heat,historical,0.0,0.0,0.0,312
MU,1957,heat,historical,0.0,0.0,0.0,312
MU,1958,heat,historical,0.0,0.0,0.0,312
MU,1959,heat,historical,0.0,0.0,0.0,312
MU,1960,heat,historical,0.0,0.0,0.0,312
MU,1961,heat,historical,0.0,0.0,0.0,312
MU,1962,heat,historical,0.0,0.0,0.0,312
MU,1963,heat,historical,0.0,0.0,0.0,312
MU,1964,heat,historical,0.0,0.0,0.0,312
MU,1965,heat,historical,0.0,0.0,0.0,312
MU,1966,heat,historical,0.0,0.0,0.0,312
MU,1967,heat,historical,0.0,0.0,0.0,312
MU,1968,heat,historical,0.0,0.0,0.0,312
MU,1969,heat,historical,0.0,0.0,0.0,312
MU,1970,heat,historical,0.0,0.0,0.0,312
MU,1971,heat,historical,0.0,0.0,0.0,312
MU,1972,heat,historical,0.0,0.0,0.0,312
MU,1973,heat,historical,0.0,0.0,0.0,312
MU,1974,heat,historical,0.0,0.0,0.0,312
MU,1975,heat,historical,0.0,0.0,0.0,312
MU,1976,heat,historical,0.0,0.0,0.0,312
MU,1977,heat,historical,0.0,0.0,0.0,312
MU,1978,heat,historical,0.0,0.0,0.0,312
MU,1979,heat,historical,0.0,0.0,0.0,312
MU,1980,heat,historical,0.0,0.0,0.0,312
MU,1981,heat,historical,0.0,0.0,0.0,312
MU,1982,heat,historical,0.0,0.0,0.0,312
MU,1983,heat,historical,0.0,0.0,0.0,312
MU,1984,heat,historical,0.0,0.0,0.0,312
MU,1985,heat,historical,0.0,0.0,0.0,312
MU,1986,heat,historical,0.0,0.0,0.0,312
MU,1987,heat,historical,0.0,0.0,0.0,312
MU,1988,heat,historical,0.0,0.0,0.0,312
MU,1989,heat,historical,0.0,0.0,0.0,312
MU,1990,heat,historical,0.0,0.0,0.0,312
MU,1991,heat,historical,0.0,0.0,0.0,312
MU,1992,heat,historical,0.0,0.0,0.0,312
MU,1993,heat,historical,0.0,0.0,0.0,312
MU,1994,heat,historical,0.0,0.0,0.0,312
MU,1995,heat,historical,0.0,0.0,0.0,312
MU,1996,heat,historical,0.0,0.0,0.0,312
MU,1997,heat,historical,0.0,0.0,0.0,312
MU,1998,heat,historical,0.0,0.0,0.0,312
MU,1999,heat,historical,0.0,0.0,0.0,312
MU,2000,heat,historical,0.0,0.0,0.0,312
MU,2001,heat,historical,0.0,0.0,0.0,312
MU,2002,heat,historical,0.0,0.0,0.0,312
MU,2003,heat,historical,0.0,0.0,0.0,312
MU,2004,heat,historical,0.0,0.0,0.0,312
MU,2005,heat,historical,0.0,0.0,0.0,312
MU,2006,heat,historical,0.0,0.0,0.0,312
MU,2007,heat,historical,0.0,0.0,0.0,312
MU,2008,heat,historical,0.0,0.0,0.0,312
MU,2009,heat,historical,0.0,0.0,0.0,312
MU,2010,heat,historical,0.0,0.0,0.0,312
MU,2011,heat,historical,0.0,0.0,0.0,312
MU,2012,heat,historical,0.0,0.0,0.0,312
MU,2013,heat,historical,0.0,0.0,0.0,312
MU,2014,heat,historical,0.0,0.0,0.0,312
MV,1850,heat,historical,0.0,0.0,0.0,216
MV,1851,heat,historical,0.0,0.0,0.0,216
MV,1852,heat,historical,0.0,0.0,0.0,216
MV,1853,heat,historical,0.0,0.0,0.0,216
MV,1854,heat,historical,0.0,0.0,0.0,216
MV,1855,heat,historical,0.0,0.0,0.0,216
MV,1856,heat,historical,0.0,0.0,0.0,216
MV,1857,heat,historical,0.0,0.0,0.0,216
MV,1858,heat,historical,0.0,0.0,0.0,216
MV,1859,heat,historical,0.0,0.0,0.0,216
MV,1860,heat,historical,0.0,0.0,0.0,216
MV,1861,heat,historical,0.0,0.0,0.0,216
MV,1862,heat,historical,0.0,0.0,0.0,216
MV,1863,heat,historical,0.0,0.0,0.0,216
MV,1864,heat,historical,0.0,0.0,0.0,216
MV,1865,heat,historical,0.0,0.0,0.0,216
MV,1866,heat,historical,0.0,0.0,0.0,216
MV,1867,heat,historical,0.0,0.0,0.0,216
MV,1868,heat,historical,0.0,0.0,0.0,216
MV,1869,heat,historical,0.0,0.0,0.0,216
MV,1870,heat,historical,0.0,0.0,0.0,216
MV,1871,heat,historical,0.0,0.0,0.0,216
MV,1872,heat,historical,0.0,0.0,0.0,216
MV,1873,heat,historical,0.0,0.0,0.0,216
MV,1874,heat,historical,0.0,0.0,0.0,216
MV,1875,heat,historical,0.0,0.0,0.0,216
MV,1876,heat,historical,0.0,0.0,0.0,216
MV,1877,heat,historical,0.0,0.0,0.0,216
MV,1878,heat,historical,0.0,0.0,0.0,216
MV,1879,heat,historical,0.0,0.0,0.0,216
MV,1880,heat,historical,0.0,0.0,0.0,216
MV,1881,heat,historical,5.804781018518519e-06,0.0012538327,0.0,216
MV,1882,heat,historical,0.0,0.0,0.0,216
MV,1883,heat,historical,0.0,0.0,0.0,216
MV,1884,heat,historical,0.0,0.0,0.0,216
MV,1885,heat,historical,0.0,0.0,0.0,216
MV,1886,heat,historical,0.0,0.0,0.0,216
MV,1887,heat,historical,0.0,0.0,0.0,216
MV,1888,heat,historical,0.0,0.0,0.0,216
MV,1889,heat,historical,0.0,0.0,0.0,216
MV,1890,heat,historical,0.0,0.0,0.0,216
MV,1891,heat,historical,0.0,0.0,0.0,216
MV,1892,heat,historical,0.0,0.0,0.0,216
MV,1893,heat,historical,0.0,0.0,0.0,216
MV,1894,heat,historical,0.0,0.0,0.0,216
MV,1895,heat,historical,0.0,0.0,0.0,216
MV,1896,heat,historical,0.0,0.0,0.0,216
MV,1897,heat,historical,0.0,0.0,0.0,216
MV,1898,heat,historical,0.0,0.0,0.0,216
MV,1899,heat,historical,0.0,0.0,0.0,216
MV,1900,heat,historical,0.0,0.0,0.0,216
MV,1901,heat,historical,0.0,0.0,0.0,216
MV,1902,heat,historical,0.0,0.0,0.0,216
MV,1903,heat,historical,0.0,0.0,0.0,216
MV,1904,heat,historical,0.0,0.0,0.0,216
MV,1905,heat,historical,0.0,0.0,0.0,216
MV,1906,heat,historical,0.0,0.0,0.0,216
MV,1907,heat,historical,0.0,0.0,0.0,216
MV,1908,heat,historical,0.0,0.0,0.0,216
MV,1909,heat,historical,0.0,0.0,0.0,216
MV,1910,heat,historical,0.0,0.0,0.0,216
MV,1911,heat,historical,0.0,0.0,0.0,216
MV,1912,heat,historical,0.0,0.0,0.0,216
MV,1913,heat,historical,0.0,0.0,0.0,216
MV,1914,heat,historical,0.0,0.0,0.0,216
MV,1915,heat,historical,0.0,0.0,0.0,216
MV,1916,heat,historical,0.0,0.0,0.0,216
MV,1917,heat,historical,0.0,0.0,0.0,216
MV,1918,heat,historical,0.0,0.0,0.0,216
MV,1919,heat,historical,0.0,0.0,0.0,216
MV,1920,heat,historical,0.0,0.0,0.0,216
MV,1921,heat,historical,0.0,0.0,0.0,216
MV,1922,heat,historical,0.0,0.0,0.0,216
MV,1923,heat,historical,0.0,0.0,0.0,216
MV,1924,heat,historical,0.0,0.0,0.0,216
MV,1925,heat,historical,0.0,0.0,0.0,216
MV,1926,heat,historical,0.0,0.0,0.0,216
MV,1927,heat,historical,0.0,0.0,0.0,216
MV,1928,heat,historical,0.0,0.0,0.0,216
MV,1929,heat,historical,0.0,0.0,0.0,216
MV,1930,heat,historical,0.0,0.0,0.0,216
MV,1931,heat,historical,0.0,0.0,0.0,216
MV,1932,heat,historical,1.3535726851851853e-05,0.002923717,0.0,216
MV,1933,heat,historical,0.0,0.0,0.0,216
MV,1934,heat,historical,0.0,0.0,0.0,216
MV,1935,heat,historical,0.0,0.0,0.0,216
MV,1936,heat,historical,0.0,0.0,0.0,216
MV,1937,heat,historical,0.0,0.0,0.0,216
MV,1938,heat,historical,0.0,0.0,0.0,216
MV,1939,heat,historical,0.00011748169351851851,0.011115183,0.0,216
MV,1940,heat,historical,0.0,0.0,0.0,216
MV,1941,heat,historical,0.0,0.0,0.0,216
MV,1942,heat,historical,0.0,0.0,0.0,216
MV,1943,heat,historical,0.0,0.0,0.0,216
MV,1944,heat,historical,0.0,0.0,0.0,216
MV,1945,heat,historical,0.0,0.0,0.0,216
MV,1946,heat,historical,0.0,0.0,0.0,216
MV,1947,heat,historical,0.0001520020988888889,0.026385203,0.0,216
MV,1948,heat,historical,0.0,0.0,0.0,216
MV,1949,heat,historical,0.0,0.0,0.0,216
MV,1950,heat,historical,0.0,0.0,0.0,216
MV,1951,heat,historical,0.0,0.0,0.0,216
MV,1952,heat,historical,0.0,0.0,0.0,216
MV,1953,heat,historical,0.0,0.0,0.0,216
MV,1954,heat,historical,0.0,0.0,0.0,216
MV,1955,heat,historical,0.0,0.0,0.0,216
MV,1956,heat,historical,0.0,0.0,0.0,216
MV,1957,heat,historical,0.0,0.0,0.0,216
MV,1958,heat,historical,0.0,0.0,0.0,216
MV,1959,heat,historical,0.0,0.0,0.0,216
MV,1960,heat,historical,0.0,0.0,0.0,216
MV,1961,heat,historical,0.0,0.0,0.0,216
MV,1962,heat,historical,0.0,0.0,0.0,216
MV,1963,heat,historical,0.0,0.0,0.0,216
MV,1964,heat,historical,0.0,0.0,0.0,216
MV,1965,heat,historical,0.0,0.0,0.0,216
MV,1966,heat,historical,0.0,0.0,0.0,216
MV,1967,heat,historical,0.0,0.0,0.0,216
MV,1968,heat,historical,1.256547523148148e-05,0.0023130607,0.0,216
MV,1969,heat,historical,0.0,0.0,0.0,216
MV,1970,heat,historical,0.0,0.0,0.0,216
MV,1971,heat,historical,0.0,0.0,0.0,216
MV,1972,heat,historical,0.0,0.0,0.0,216
MV,1973,heat,historical,0.0,0.0,0.0,216
MV,1974,heat,historical,0.0,0.0,0.0,216
MV,1975,heat,historical,0.0,0.0,0.0,216
MV,1976,heat,historical,0.0,0.0,0.0,216
MV,1977,heat,historical,0.0,0.0,0.0,216
MV,1978,heat,historical,0.0,0.0,0.0,216
MV,1979,heat,historical,0.0,0.0,0.0,216
MV,1980,heat,historical,0.0,0.0,0.0,216
MV,1981,heat,historical,4.655295833333333e-06,0.0010055439,0.0,216
MV,1982,heat,historical,0.0,0.0,0.0,216
MV,1983,heat,historical,0.0,0.0,0.0,216
MV,1984,heat,historical,0.0,0.0,0.0,216
MV,1985,heat,historical,0.0,0.0,0.0,216
MV,1986,heat,historical,0.0,0.0,0.0,216
MV,1987,heat,historical,0.0,0.0,0.0,216
MV,1988,heat,historical,0.0,0.0,0.0,216
MV,1989,heat,historical,0.0,0.0,0.0,216
MV,1990,heat,historical,0.0,0.0,0.0,216
MV,1991,heat,historical,0.0,0.0,0.0,216
MV,1992,heat,historical,0.0,0.0,0.0,216
MV,1993,heat,historical,0.0,0.0,0.0,216
MV,1994,heat,historical,1.2338445833333333e-05,0.0026651043,0.0,216
MV,1995,heat,historical,0.0,0.0,0.0,216
MV,1996,heat,historical,0.0,0.0,0.0,216
MV,1997,heat,historical,3.7302111111111105e-05,0.0046240566,0.0,216
MV,1998,heat,historical,0.0,0.0,0.0,216
MV,1999,heat,historical,0.0,0.0,0.0,216
MV,2000,heat,historical,0.0,0.0,0.0,216
MV,2001,heat,historical,2.6818136111111114e-05,0.0057927174,0.0,216
MV,2002,heat,historical,0.00017502765694444444,0.017870085,0.0,216
MV,2003,heat,historical,0.0,0.0,0.0,216
MV,2004,heat,historical,0.0,0.0,0.0,216
MV,2005,heat,historical,0.0,0.0,0.0,216
MV,2006,heat,historical,5.138509768518518e-05,0.006241289,0.0,216
MV,2007,heat,historical,0.00010663447685185185,0.011196742,0.0,216
MV,2008,heat,historical,2.1656207407407408e-05,0.0026971083,0.0,216
MV,2009,heat,historical,2.3245412037037036e-05,0.005021009,0.0,216
MV,2010,heat,historical,0.0001308812097222222,0.019441377,0.0,216
MV,2011,heat,historical,8.295651481481483e-05,0.010940194,0.0,216
MV,2012,heat,historical,0.0,0.0,0.0,216
MV,2013,heat,historical,0.0,0.0,0.0,216
MV,2014,heat,historical,5.914711111111112e-05,0.00934619,0.0,216
MY,1850,heat,historical,0.0,0.0,0.0,36
MY,1851,heat,historical,0.0,0.0,0.0,36
MY,1852,heat,historical,0.0,0.0,0.0,36
MY,1853,heat,historical,0.0,0.0,0.0,36
MY,1854,heat,historical,0.0,0.0,0.0,36
MY,1855,heat,historical,0.0,0.0,0.0,36
MY,1856,heat,historical,0.0,0.0,0.0,36
MY,1857,heat,historical,0.0,0.0,0.0,36
MY,1858,heat,historical,0.0,0.0,0.0,36
MY,1859,heat,historical,0.0,0.0,0.0,36
MY,1860,heat,historical,0.0,0.0,0.0,36
MY,1861,heat,historical,0.0,0.0,0.0,36
MY,1862,heat,historical,0.0,0.0,0.0,36
MY,1863,heat,historical,0.0,0.0,0.0,36
MY,1864,heat,historical,0.0,0.0,0.0,36
MY,1865,heat,historical,0.0,0.0,0.0,36
MY,1866,heat,historical,0.0,0.0,0.0,36
MY,1867,heat,historical,0.0,0.0,0.0,36
MY,1868,heat,historical,0.0,0.0,0.0,36
MY,1869,heat,historical,0.0,0.0,0.0,36
MY,1870,heat,historical,0.0,0.0,0.0,36
MY,1871,heat,historical,0.0,0.0,0.0,36
MY,1872,heat,historical,0.0002955634805555556,0.007817742,0.0,36
MY,1873,heat,historical,0.0,0.0,0.0,36
MY,1874,heat,historical,0.0,0.0,0.0,36
MY,1875,heat,historical,0.0,0.0,0.0,36
MY,1876,heat,historical,0.00011934094444444445,0.004296274,0.0,36
MY,1877,heat,historical,0.0,0.0,0.0,36
MY,1878,heat,historical,0.0,0.0,0.0,36
MY,1879,heat,historical,0.0,0.0,0.0,36
MY,1880,heat,historical,0.0,0.0,0.0,36
MY,1881,heat,historical,0.0,0.0,0.0,36
MY,1882,heat,historical,0.0,0.0,0.0,36
MY,1883,heat,historical,0.0,0.0,0.0,36
MY,1884,heat,historical,0.0,0.0,0.0,36
MY,1885,heat,historical,0.0,0.0,0.0,36
MY,1886,heat,historical,6.982943611111111e-06,0.00025138597,0.0,36
MY,1887,heat,historical,0.0,0.0,0.0,36
MY,1888,heat,historical,0.0,0.0,0.0,36
MY,1889,heat,historical,0.0,0.0,0.0,36
MY,1890,heat,historical,0.0,0.0,0.0,36
MY,1891,heat,historical,0.0,0.0,0.0,36
MY,1892,heat,historical,0.0,0.0,0.0,36
MY,1893,heat,historical,0.0,0.0,0.0,36
MY,1894,heat,historical,0.0,0.0,0.0,36
MY,1895,heat,historical,0.0,0.0,0.0,36
MY,1896,heat,historical,0.0,0.0,0.0,36
MY,1897,heat,historical,0.0,0.0,0.0,36
MY,1898,heat,historical,0.0,0.0,0.0,36
MY,1899,heat,historical,0.00014619732222222222,0.0052631036,0.0,36
MY,1900,heat,historical,0.0,0.0,0.0,36
MY,1901,heat,historical,0.0,0.0,0.0,36
MY,1902,heat,historical,0.0,0.0,0.0,36
MY,1903,heat,historical,0.0,0.0,0.0,36
MY,1904,heat,historical,0.0,0.0,0.0,36
MY,1905,heat,historical,0.0,0.0,0.0,36
MY,1906,heat,historical,0.0,0.0,0.0,36
MY,1907,heat,historical,0.0,0.0,0.0,36
MY,1908,heat,historical,0.0,0.0,0.0,36
MY,1909,heat,historical,0.0,0.0,0.0,36
MY,1910,heat,historical,0.0,0.0,0.0,36
MY,1911,heat,historical,0.0,0.0,0.0,36
MY,1912,heat,historical,0.0,0.0,0.0,36
MY,1913,heat,historical,0.0,0.0,0.0,36
MY,1914,heat,historical,0.0,0.0,0.0,36
MY,1915,heat,historical,0.0,0.0,0.0,36
MY,1916,heat,historical,0.0,0.0,0.0,36
MY,1917,heat,historical,0.0,0.0,0.0,36
MY,1918,heat,historical,0.0,0.0,0.0,36
MY,1919,heat,historical,0.0,0.0,0.0,36
MY,1920,heat,historical,0.0,0.0,0.0,36
MY,1921,heat,historical,0.0,0.0,0.0,36
MY,1922,heat,historical,2.3458102777777775e-05,0.0008444917,0.0,36
MY,1923,heat,historical,0.0,0.0,0.0,36
MY,1924,heat,historical,0.0,0.0,0.0,36
MY,1925,heat,historical,0.0,0.0,0.0,36
MY,1926,heat,historical,0.0,0.0,0.0,36
MY,1927,heat,historical,0.0,0.0,0.0,36
MY,1928,heat,historical,0.0,0.0,0.0,36
MY,1929,heat,historical,0.0,0.0,0.0,36
MY,1930,heat,historical,0.0,0.0,0.0,36
MY,1931,heat,historical,0.0,0.0,0.0,36
MY,1932,heat,historical,0.0,0.0,0.0,36
MY,1933,heat,historical,0.0,0.0,0.0,36
MY,1934,heat,historical,0.0,0.0,0.0,36
MY,1935,heat,historical,0.0,0.0,0.0,36
MY,1936,heat,historical,0.0,0.0,0.0,36
MY,1937,heat,historical,0.0,0.0,0.0,36
MY,1938,heat,historical,0.0,0.0,0.0,36
MY,1939,heat,historical,0.0,0.0,0.0,36
MY,1940,heat,historical,0.0,0.0,0.0,36
MY,1941,heat,historical,0.0,0.0,0.0,36
MY,1942,heat,historical,0.0,0.0,0.0,36
MY,1943,heat,historical,0.0,0.0,0.0,36
MY,1944,heat,historical,0.00013895627777777778,0.005002426,0.0,36
MY,1945,heat,historical,0.0,0.0,0.0,36
MY,1946,heat,historical,0.0,0.0,0.0,36
MY,1947,heat,historical,0.0,0.0,0.0,36
MY,1948,heat,historical,0.0,0.0,0.0,36
MY,1949,heat,historical,0.0,0.0,0.0,36
MY,1950,heat,historical,0.0,0.0,0.0,36
MY,1951,heat,historical,0.0,0.0,0.0,36
MY,1952,heat,historical,0.0,0.0,0.0,36
MY,1953,heat,historical,0.0,0.0,0.0,36
MY,1954,heat,historical,0.0,0.0,0.0,36
MY,1955,heat,historical,0.0,0.0,0.0,36
MY,1956,heat,historical,0.0,0.0,0.0,36
MY,1957,heat,historical,0.0,0.0,0.0,36
MY,1958,heat,historical,0.0,0.0,0.0,36
MY,1959,heat,historical,0.0,0.0,0.0,36
MY,1960,heat,historical,0.0,0.0,0.0,36
MY,1961,heat,historical,0.0,0.0,0.0,36
MY,1962,heat,historical,0.0,0.0,0.0,36
MY,1963,heat,historical,0.0,0.0,0.0,36
MY,1964,heat,historical,0.0,0.0,0.0,36
MY,1965,heat,historical,0.0,0.0,0.0,36
MY,1966,heat,historical,0.0,0.0,0.0,36
MY,1967,heat,historical,0.0,0.0,0.0,36
MY,1968,heat,historical,0.0,0.0,0.0,36
MY,1969,heat,historical,0.0,0.0,0.0,36
MY,1970,heat,historical,0.0,0.0,0.0,36
MY,1971,heat,historical,0.0,0.0,0.0,36
MY,1972,heat,historical,0.0,0.0,0.0,36
MY,1973,heat,historical,0.0,0.0,0.0,36
MY,1974,heat,historical,0.0,0.0,0.0,36
MY,1975,heat,historical,0.0,0.0,0.0,36
MY,1976,heat,historical,0.0,0.0,0.0,36
MY,1977,heat,historical,0.0,0.0,0.0,36
MY,1978,heat,historical,0.0,0.0,0.0,36
MY,1979,heat,historical,0.0,0.0,0.0,36
MY,1980,heat,historical,0.0,0.0,0.0,36
MY,1981,heat,historical,0.0,0.0,0.0,36
MY,1982,heat,historical,0.0,0.0,0.0,36
MY,1983,heat,historical,0.0,0.0,0.0,36
MY,1984,heat,historical,0.0,0.0,0.0,36
MY,1985,heat,historical,0.0,0.0,0.0,36
MY,1986,heat,historical,0.0,0.0,0.0,36
MY,1987,heat,historical,0.0,0.0,0.0,36
MY,1988,heat,historical,0.0,0.0,0.0,36
MY,1989,heat,historical,0.0,0.0,0.0,36
MY,1990,heat,historical,0.0,0.0,0.0,36
MY,1991,heat,historical,0.0,0.0,0.0,36
MY,1992,heat,historical,0.0,0.0,0.0,36
MY,1993,heat,historical,0.0,0.0,0.0,36
MY,1994,heat,historical,0.0,0.0,0.0,36
MY,1995,heat,historical,0.0,0.0,0.0,36
MY,1996,heat,historical,0.0,0.0,0.0,36
MY,1997,heat,historical,1.2761436944444445e-05,0.00045941173,0.0,36
MY,1998,heat,historical,0.0,0.0,0.0,36
MY,1999,heat,historical,0.0,0.0,0.0,36
MY,2000,heat,historical,0.0,0.0,0.0,36
MY,2001,heat,historical,0.0,0.0,0.0,36
MY,2002,heat,historical,0.0001663718611111111,0.005989387,0.0,36
MY,2003,heat,historical,0.0,0.0,0.0,36
MY,2004,heat,historical,0.0,0.0,0.0,36
MY,2005,heat,historical,0.0,0.0,0.0,36
MY,2006,heat,historical,3.4126091666666663e-06,0.00012285393,0.0,36
MY,2007,heat,historical,0.0,0.0,0.0,36
MY,2008,heat,historical,0.0,0.0,0.0,36
MY,2009,heat,historical,0.0,0.0,0.0,36
MY,2010,heat,historical,0.0,0.0,0.0,36
MY,2011,heat,historical,0.0,0.0,0.0,36
MY,2012,heat,historical,0.0,0.0,0.0,36
MY,2013,heat,historical,0.0,0.0,0.0,36
MY,2014,heat,historical,0.00018604455555555556,0.006697604,0.0,36
MZ,1850,heat,historical,0.0,0.0,0.0,84
MZ,1851,heat,historical,0.0,0.0,0.0,84
MZ,1852,heat,historical,4.7053448809523805e-05,0.0039524897,0.0,84
MZ,1853,heat,historical,0.0,0.0,0.0,84
MZ,1854,heat,historical,0.0,0.0,0.0,84
MZ,1855,heat,historical,5.06176369047619e-05,0.0042518815,0.0,84
MZ,1856,heat,historical,3.80630869047619e-05,0.0031972993,0.0,84
MZ,1857,heat,historical,0.00010916252321428571,0.0048671835,0.0,84
MZ,1858,heat,historical,0.0012605678142857141,0.0355595,0.0,84
MZ,1859,heat,historical,0.0001244455261904762,0.006820458,0.0,84
MZ,1860,heat,historical,0.00015743885714285716,0.010656804,0.0,84
MZ,1861,heat,historical,0.0,0.0,0.0,84
MZ,1862,heat,historical,0.001631968625,0.039764926,0.0,84
MZ,1863,heat,historical,0.0003153140357142857,0.024680736,0.0,84
MZ,1864,heat,historical,0.0,0.0,0.0,84
MZ,1865,heat,historical,0.0,0.0,0.0,84
MZ,1866,heat,historical,0.00045049511904761907,0.022209203,0.0,84
MZ,1867,heat,historical,0.0008823396904761904,0.037637692,0.0,84
MZ,1868,heat,historical,0.0004275614083333333,0.012686474,0.0,84
MZ,1869,heat,historical,0.0,0.0,0.0,84
MZ,1870,heat,historical,0.0,0.0,0.0,84
MZ,1871,heat,historical,0.0008293316309523809,0.023982842,0.0,84
MZ,1872,heat,historical,0.0001307873226190476,0.005325563,0.0,84
MZ,1873,heat,historical,0.00021881666071428568,0.0079999585,0.0,84
MZ,1874,heat,historical,0.0,0.0,0.0,84
MZ,1875,heat,historical,0.0008121989107142856,0.021471564,0.0,84
MZ,1876,heat,historical,0.0010253804476190477,0.046382517,0.0,84
MZ,1877,heat,historical,0.0,0.0,0.0,84
MZ,1878,heat,historical,0.0,0.0,0.0,84
MZ,1879,heat,historical,0.00015275624404761904,0.008325676,0.0,84
MZ,1880,heat,historical,3.151235238095238e-05,0.0026470376,0.0,84
MZ,1881,heat,historical,7.793284845238094e-05,0.005598629,0.0,84
MZ,1882,heat,historical,0.0,0.0,0.0,84
MZ,1883,heat,historical,0.0,0.0,0.0,84
MZ,1884,heat,historical,0.0,0.0,0.0,84
MZ,1885,heat,historical,0.0004010450595238095,0.017856663,0.0,84
MZ,1886,heat,historical,0.001363683507142857,0.04207489,0.0,84
MZ,1887,heat,historical,0.0,0.0,0.0,84
MZ,1888,heat,historical,0.0,0.0,0.0,84
MZ,1889,heat,historical,0.0,0.0,0.0,84
MZ,1890,heat,historical,6.245320595238094e-05,0.0031838783,0.0,84
MZ,1891,heat,historical,0.0010368595833333335,0.056947954,0.0,84
MZ,1892,heat,historical,0.0003840168297619048,0.021046735,0.0,84
MZ,1893,heat,historical,0.0,0.0,0.0,84
MZ,1894,heat,historical,0.0,0.0,0.0,84
MZ,1895,heat,historical,0.0005189214154761904,0.018669667,0.0,84
MZ,1896,heat,historical,0.0004894615639154762,0.01942744,0.0,84
MZ,1897,heat,historical,0.0,0.0,0.0,84
MZ,1898,heat,historical,0.0,0.0,0.0,84
MZ,1899,heat,historical,0.00035196371666666666,0.014126653,0.0,84
MZ,1900,heat,historical,0.0006510668333333334,0.026554516,0.0,84
MZ,1901,heat,historical,0.0,0.0,0.0,84
MZ,1902,heat,historical,0.0006174405357142858,0.010703261,0.0,84
MZ,1903,heat,historical,0.00021219833333333332,0.011354181,0.0,84
MZ,1904,heat,historical,0.0,0.0,0.0,84
MZ,1905,heat,historical,0.0,0.0,0.0,84
MZ,1906,heat,historical,5.357345476190476e-05,0.0045001702,0.0,84
MZ,1907,heat,historical,0.0,0.0,0.0,84
MZ,1908,heat,historical,0.0006722553333333333,0.031692185,0.0,84
MZ,1909,heat,historical,0.0004631234166666667,0.021625388,0.0,84
MZ,1910,heat,historical,2.2368361904761903e-05,0.0012848043,0.0,84
MZ,1911,heat,historical,0.00016392199404761904,0.007056358,0.0,84
MZ,1912,heat,historical,0.0,0.0,0.0,84
MZ,1913,heat,historical,0.0008505569485714286,0.025270741,0.0,84
MZ,1914,heat,historical,1.6088014285714287e-05,0.0013513932,0.0,84
MZ,1915,heat,historical,0.0,0.0,0.0,84
MZ,1916,heat,historical,0.0,0.0,0.0,84
MZ,1917,heat,historical,0.0,0.0,0.0,84
MZ,1918,heat,historical,9.00265119047619e-06,0.0007562227,0.0,84
MZ,1919,heat,historical,0.0001819027142857143,0.006101401,0.0,84
MZ,1920,heat,historical,0.0006306649166666667,0.027695818,0.0,84
MZ,1921,heat,historical,0.0001268482761904762,0.009319864,0.0,84
MZ,1922,heat,historical,0.0,0.0,0.0,84
MZ,1923,heat,historical,0.0006923438253809524,0.03648039,0.0,84
MZ,1924,heat,historical,0.0,0.0,0.0,84
MZ,1925,heat,historical,0.0,0.0,0.0,84
MZ,1926,heat,historical,0.0,0.0,0.0,84
MZ,1927,heat,historical,0.001262454413095238,0.02678164,0.0,84
MZ,1928,heat,historical,0.0001796720261904762,0.0073154867,0.0,84
MZ,1929,heat,historical,0.0,0.0,0.0,84
MZ,1930,heat,historical,0.0,0.0,0.0,84
MZ,1931,heat,historical,0.0037456253226190476,0.058544546,0.0,84
MZ,1932,heat,historical,0.0007246919047619047,0.01961017,0.0,84
MZ,1933,heat,historical,0.0,0.0,0.0,84
MZ,1934,heat,historical,0.0,0.0,0.0,84
MZ,1935,heat,historical,0.0004817801071428572,0.02442109,0.0,84
MZ,1936,heat,historical,0.00025778925,0.021654297,0.0,84
MZ,1937,heat,historical,4.834392857142857e-05,0.00406089,0.0,84
MZ,1938,heat,historical,0.0019458447371428571,0.07798592,0.0,84
MZ,1939,heat,historical,0.0008000991095238096,0.02698657,0.0,84
MZ,1940,heat,historical,0.0001995700357142857,0.013535096,0.0,84
MZ,1941,heat,historical,0.0,0.0,0.0,84
MZ,1942,heat,historical,0.0,0.0,0.0,84
MZ,1943,heat,historical,1.249309880952381e-05,0.0010494203,0.0,84
MZ,1944,heat,historical,6.805758095238094e-05,0.004163096,0.0,84
MZ,1945,heat,historical,0.00025048878095238093,0.017032303,0.0,84
MZ,1946,heat,historical,0.0010808220154761906,0.03813427,0.0,84
MZ,1947,heat,historical,0.0009657048726190475,0.038377915,0.0,84
MZ,1948,heat,historical,0.0006118730321428571,0.025018841,0.0,84
MZ,1949,heat,historical,0.0,0.0,0.0,84
MZ,1950,heat,historical,0.0009584228809523809,0.031015972,0.0,84
MZ,1951,heat,historical,0.003041832976190476,0.085774235,0.0,84
MZ,1952,heat,historical,0.0014970333928571427,0.033549447,0.0,84
MZ,1953,heat,historical,0.0,0.0,0.0,84
MZ,1954,heat,historical,0.0,0.0,0.0,84
MZ,1955,heat,historical,0.0,0.0,0.0,84
MZ,1956,heat,historical,6.422915476190477e-05,0.005395249,0.0,84
MZ,1957,heat,historical,5.965715952380952e-05,0.0032360137,0.0,84
MZ,1958,heat,historical,0.0,0.0,0.0,84
MZ,1959,heat,historical,0.0,0.0,0.0,84
MZ,1960,heat,historical,0.002876055130952381,0.077439785,0.0,84
MZ,1961,heat,historical,0.002482224510714286,0.04302675,0.0,84
MZ,1962,heat,historical,0.00021599603095238097,0.005457708,0.0,84
MZ,1963,heat,historical,0.0001669515619047619,0.010299599,0.0,84
MZ,1964,heat,historical,0.0007458373988095238,0.022439424,0.0,84
MZ,1965,heat,historical,0.0012685872452380953,0.044425115,0.0,84
MZ,1966,heat,historical,0.0,0.0,0.0,84
MZ,1967,heat,historical,0.0008089481321428572,0.025207251,0.0,84
MZ,1968,heat,historical,0.0006508025833333333,0.021489114,0.0,84
MZ,1969,heat,historical,0.0009594245357142858,0.032823678,0.0,84
MZ,1970,heat,historical,0.0003633383928571428,0.013329651,0.0,84
MZ,1971,heat,historical,0.0,0.0,0.0,84
MZ,1972,heat,historical,0.0,0.0,0.0,84
MZ,1973,heat,historical,0.0,0.0,0.0,84
MZ,1974,heat,historical,0.00021462566033333334,0.011136347,0.0,84
MZ,1975,heat,historical,0.0,0.0,0.0,84
MZ,1976,heat,historical,0.0,0.0,0.0,84
MZ,1977,heat,historical,4.371048333333333e-05,0.0036716806,0.0,84
MZ,1978,heat,historical,0.0002605668333333333,0.01582596,0.0,84
MZ,1979,heat,historical,0.00011809758333333334,0.009920197,0.0,84
MZ,1980,heat,historical,0.003412674592857143,0.066013336,0.0,84
MZ,1981,heat,historical,0.0028791399780952382,0.04796981,0.0,84
MZ,1982,heat,historical,0.0004942670476190477,0.0230826,0.0,84
MZ,1983,heat,historical,0.0,0.0,0.0,84
MZ,1984,heat,historical,0.0014527329166666668,0.053364545,0.0,84
MZ,1985,heat,historical,0.0028046423047619045,0.069162115,0.0,84
MZ,1986,heat,historical,8.468022619047619e-05,0.007113139,0.0,84
MZ,1987,heat,historical,0.0018437736678571428,0.06920599,0.0,84
MZ,1988,heat,historical,0.0008979053773809523,0.03427831,0.0,84
MZ,1989,heat,historical,0.0005445344404761904,0.029466877,0.0,84
MZ,1990,heat,historical,0.00030562924214285717,0.016108317,0.0,84
MZ,1991,heat,historical,1.597740238095238e-07,1.3421018e-05,0.0,84
MZ,1992,heat,historical,0.0006503724285714286,0.03722629,0.0,84
MZ,1993,heat,historical,0.0,0.0,0.0,84
MZ,1994,heat,historical,0.0011503852098809523,0.055438608,0.0,84
MZ,1995,heat,historical,0.0,0.0,0.0,84
MZ,1996,heat,historical,2.228847619047619e-05,0.001872232,0.0,84
MZ,1997,heat,historical,0.003950289710714285,0.071967624,0.0,84
MZ,1998,heat,historical,0.003354289523809524,0.041638706,0.0,84
MZ,1999,heat,historical,0.0008466547785714285,0.034491498,0.0,84
MZ,2000,heat,historical,2.724147023809524e-05,0.0022882835,0.0,84
MZ,2001,heat,historical,0.0008819955845238095,0.034185912,0.0,84
MZ,2002,heat,historical,0.0010715982071428571,0.022707846,0.0,84
MZ,2003,heat,historical,0.0,0.0,0.0,84
MZ,2004,heat,historical,6.103981785714286e-05,0.0051273447,0.0,84
MZ,2005,heat,historical,0.00033543939642857143,0.011371731,0.0,84
MZ,2006,heat,historical,0.0027107873797619047,0.051998183,0.0,84
MZ,2007,heat,historical,0.0033234530821428573,0.043692123,0.0,84
MZ,2008,heat,historical,0.004633704577380953,0.09043959,0.0,84
MZ,2009,heat,historical,0.002743774598452381,0.03963536,0.0,84
MZ,2010,heat,historical,0.004236586229761905,0.045019254,0.0,84
MZ,2011,heat,historical,0.002706707060833333,0.0651833,0.0,84
MZ,2012,heat,historical,0.00047289423809523815,0.020596616,0.0,84
MZ,2013,heat,historical,0.0026872637428571426,0.08710498,0.0,84
MZ,2014,heat,historical,0.0073716597559523814,0.08617945,0.0,84
NA,1850,heat,historical,0.0,0.0,0.0,144
NA,1851,heat,historical,0.0,0.0,0.0,144
NA,1852,heat,historical,0.0,0.0,0.0,144
NA,1853,heat,historical,0.0,0.0,0.0,144
NA,1854,heat,historical,0.0,0.0,0.0,144
NA,1855,heat,historical,0.0,0.0,0.0,144
NA,1856,heat,historical,0.0,0.0,0.0,144
NA,1857,heat,historical,0.0,0.0,0.0,144
NA,1858,heat,historical,0.0,0.0,0.0,144
NA,1859,heat,historical,0.0,0.0,0.0,144
NA,1860,heat,historical,0.0,0.0,0.0,144
NA,1861,heat,historical,0.0,0.0,0.0,144
NA,1862,heat,historical,0.0,0.0,0.0,144
NA,1863,heat,historical,0.0,0.0,0.0,144
NA,1864,heat,historical,0.0,0.0,0.0,144
NA,1865,heat,historical,0.0,0.0,0.0,144
NA,1866,heat,historical,0.0,0.0,0.0,144
NA,1867,heat,historical,0.0,0.0,0.0,144
NA,1868,heat,historical,0.0,0.0,0.0,144
NA,1869,heat,historical,0.0,0.0,0.0,144
NA,1870,heat,historical,0.0,0.0,0.0,144
NA,1871,heat,historical,0.0,0.0,0.0,144
NA,1872,heat,historical,0.0,0.0,0.0,144
NA,1873,heat,historical,0.0,0.0,0.0,144
NA,1874,heat,historical,0.0,0.0,0.0,144
NA,1875,heat,historical,0.0,0.0,0.0,144
NA,1876,heat,historical,0.0,0.0,0.0,144
NA,1877,heat,historical,0.0,0.0,0.0,144
NA,1878,heat,historical,0.0,0.0,0.0,144
NA,1879,heat,historical,0.0,0.0,0.0,144
NA,1880,heat,historical,0.0,0.0,0.0,144
NA,1881,heat,historical,0.0,0.0,0.0,144
NA,1882,heat,historical,0.0,0.0,0.0,144
NA,1883,heat,historical,0.0,0.0,0.0,144
NA,1884,heat,historical,0.0,0.0,0.0,144
NA,1885,heat,historical,0.0,0.0,0.0,144
NA,1886,heat,historical,0.0,0.0,0.0,144
NA,1887,heat,historical,0.0,0.0,0.0,144
NA,1888,heat,historical,0.0,0.0,0.0,144
NA,1889,heat,historical,0.0,0.0,0.0,144
NA,1890,heat,historical,0.0,0.0,0.0,144
NA,1891,heat,historical,0.0,0.0,0.0,144
NA,1892,heat,historical,0.0,0.0,0.0,144
NA,1893,heat,historical,0.0,0.0,0.0,144
NA,1894,heat,historical,0.0,0.0,0.0,144
NA,1895,heat,historical,0.0005360126249999999,0.04872655,0.0,144
NA,1896,heat,historical,0.0,0.0,0.0,144
NA,1897,heat,historical,0.0,0.0,0.0,144
NA,1898,heat,historical,0.0,0.0,0.0,144
NA,1899,heat,historical,0.0,0.0,0.0,144
NA,1900,heat,historical,0.0,0.0,0.0,144
NA,1901,heat,historical,0.0,0.0,0.0,144
NA,1902,heat,historical,0.0,0.0,0.0,144
NA,1903,heat,historical,0.0,0.0,0.0,144
NA,1904,heat,historical,0.0,0.0,0.0,144
NA,1905,heat,historical,0.0,0.0,0.0,144
NA,1906,heat,historical,0.0,0.0,0.0,144
NA,1907,heat,historical,0.0,0.0,0.0,144
NA,1908,heat,historical,0.0,0.0,0.0,144
NA,1909,heat,historical,0.0,0.0,0.0,144
NA,1910,heat,historical,0.0,0.0,0.0,144
NA,1911,heat,historical,0.0,0.0,0.0,144
NA,1912,heat,historical,0.0,0.0,0.0,144
NA,1913,heat,historical,0.0,0.0,0.0,144
NA,1914,heat,historical,0.0,0.0,0.0,144
NA,1915,heat,historical,0.0,0.0,0.0,144
NA,1916,heat,historical,0.0,0.0,0.0,144
NA,1917,heat,historical,0.0,0.0,0.0,144
NA,1918,heat,historical,0.0,0.0,0.0,144
NA,1919,heat,historical,3.165984027777778e-05,0.004559017,0.0,144
NA,1920,heat,historical,0.0,0.0,0.0,144
NA,1921,heat,historical,0.0,0.0,0.0,144
NA,1922,heat,historical,0.0,0.0,0.0,144
NA,1923,heat,historical,0.0,0.0,0.0,144
NA,1924,heat,historical,0.0,0.0,0.0,144
NA,1925,heat,historical,0.0,0.0,0.0,144
NA,1926,heat,historical,0.0,0.0,0.0,144
NA,1927,heat,historical,0.0,0.0,0.0,144
NA,1928,heat,historical,0.0,0.0,0.0,144
NA,1929,heat,historical,0.0,0.0,0.0,144
NA,1930,heat,historical,0.0,0.0,0.0,144
NA,1931,heat,historical,4.810273194444444e-05,0.0043669925,0.0,144
NA,1932,heat,historical,0.0,0.0,0.0,144
NA,1933,heat,historical,0.0,0.0,0.0,144
NA,1934,heat,historical,0.0,0.0,0.0,144
NA,1935,heat,historical,0.0,0.0,0.0,144
NA,1936,heat,historical,0.0,0.0,0.0,144
NA,1937,heat,historical,0.0,0.0,0.0,144
NA,1938,heat,historical,0.0,0.0,0.0,144
NA,1939,heat,historical,0.0,0.0,0.0,144
NA,1940,heat,historical,0.0,0.0,0.0,144
NA,1941,heat,historical,0.0,0.0,0.0,144
NA,1942,heat,historical,0.0,0.0,0.0,144
NA,1943,heat,historical,0.0,0.0,0.0,144
NA,1944,heat,historical,0.0,0.0,0.0,144
NA,1945,heat,historical,2.1131649305555555e-05,0.0030429575,0.0,144
NA,1946,heat,historical,0.0,0.0,0.0,144
NA,1947,heat,historical,0.0,0.0,0.0,144
NA,1948,heat,historical,0.0,0.0,0.0,144
NA,1949,heat,historical,0.0,0.0,0.0,144
NA,1950,heat,historical,0.0,0.0,0.0,144
NA,1951,heat,historical,0.0,0.0,0.0,144
NA,1952,heat,historical,0.0,0.0,0.0,144
NA,1953,heat,historical,0.0,0.0,0.0,144
NA,1954,heat,historical,0.0,0.0,0.0,144
NA,1955,heat,historical,0.0,0.0,0.0,144
NA,1956,heat,historical,0.0,0.0,0.0,144
NA,1957,heat,historical,0.0,0.0,0.0,144
NA,1958,heat,historical,0.0,0.0,0.0,144
NA,1959,heat,historical,0.0,0.0,0.0,144
NA,1960,heat,historical,0.0,0.0,0.0,144
NA,1961,heat,historical,6.409754513888888e-05,0.0092300465,0.0,144
NA,1962,heat,historical,0.0,0.0,0.0,144
NA,1963,heat,historical,0.0,0.0,0.0,144
NA,1964,heat,historical,0.0,0.0,0.0,144
NA,1965,heat,historical,0.0,0.0,0.0,144
NA,1966,heat,historical,0.0,0.0,0.0,144
NA,1967,heat,historical,0.0,0.0,0.0,144
NA,1968,heat,historical,0.0,0.0,0.0,144
NA,1969,heat,historical,0.0,0.0,0.0,144
NA,1970,heat,historical,0.0,0.0,0.0,144
NA,1971,heat,historical,0.0,0.0,0.0,144
NA,1972,heat,historical,0.0,0.0,0.0,144
NA,1973,heat,historical,0.0,0.0,0.0,144
NA,1974,heat,historical,0.0,0.0,0.0,144
NA,1975,heat,historical,0.0,0.0,0.0,144
NA,1976,heat,historical,0.0,0.0,0.0,144
NA,1977,heat,historical,0.0,0.0,0.0,144
NA,1978,heat,historical,0.0,0.0,0.0,144
NA,1979,heat,historical,0.0,0.0,0.0,144
NA,1980,heat,historical,0.0,0.0,0.0,144
NA,1981,heat,historical,0.0,0.0,0.0,144
NA,1982,heat,historical,0.0,0.0,0.0,144
NA,1983,heat,historical,0.0,0.0,0.0,144
NA,1984,heat,historical,5.311769166666666e-05,0.0076489476,0.0,144
NA,1985,heat,historical,0.0,0.0,0.0,144
NA,1986,heat,historical,0.0,0.0,0.0,144
NA,1987,heat,historical,0.0,0.0,0.0,144
NA,1988,heat,historical,0.0,0.0,0.0,144
NA,1989,heat,historical,0.0,0.0,0.0,144
NA,1990,heat,historical,0.0,0.0,0.0,144
NA,1991,heat,historical,0.0,0.0,0.0,144
NA,1992,heat,historical,0.0,0.0,0.0,144
NA,1993,heat,historical,0.0,0.0,0.0,144
NA,1994,heat,historical,0.0,0.0,0.0,144
NA,1995,heat,historical,0.0,0.0,0.0,144
NA,1996,heat,historical,0.0,0.0,0.0,144
NA,1997,heat,historical,0.00018177161805555555,0.026175113,0.0,144
NA,1998,heat,historical,6.245934722222223e-05,0.008994146,0.0,144
NA,1999,heat,historical,0.0,0.0,0.0,144
NA,2000,heat,historical,0.0,0.0,0.0,144
NA,2001,heat,historical,0.0,0.0,0.0,144
NA,2002,heat,historical,0.0004247873888888889,0.03204681,0.0,144
NA,2003,heat,historical,0.0,0.0,0.0,144
NA,2004,heat,historical,0.0,0.0,0.0,144
NA,2005,heat,historical,0.0,0.0,0.0,144
NA,2006,heat,historical,0.00017550202083333334,0.014468889,0.0,144
NA,2007,heat,historical,0.0,0.0,0.0,144
NA,2008,heat,historical,0.0001236318,0.014416237,0.0,144
NA,2009,heat,historical,0.0,0.0,0.0,144
NA,2010,heat,historical,0.00015298670138888887,0.011674221,0.0,144
NA,2011,heat,historical,0.0003661600694444445,0.03874235,0.0,144
NA,2012,heat,historical,0.0,0.0,0.0,144
NA,2013,heat,historical,0.00039762991458333337,0.055130444,0.0,144
NA,2014,heat,historical,0.0,0.0,0.0,144
NC,1850,heat,historical,0.0,0.0,0.0,84
NC,1851,heat,historical,0.0,0.0,0.0,84
NC,1852,heat,historical,0.0,0.0,0.0,84
NC,1853,heat,historical,0.0,0.0,0.0,84
NC,1854,heat,historical,0.0,0.0,0.0,84
NC,1855,heat,historical,0.0,0.0,0.0,84
NC,1856,heat,historical,0.0,0.0,0.0,84
NC,1857,heat,historical,0.0,0.0,0.0,84
NC,1858,heat,historical,0.0,0.0,0.0,84
NC,1859,heat,historical,0.0,0.0,0.0,84
NC,1860,heat,historical,0.0,0.0,0.0,84
NC,1861,heat,historical,0.0,0.0,0.0,84
NC,1862,heat,historical,0.0,0.0,0.0,84
NC,1863,heat,historical,0.0,0.0,0.0,84
NC,1864,heat,historical,0.0,0.0,0.0,84
NC,1865,heat,historical,0.0,0.0,0.0,84
NC,1866,heat,historical,0.0,0.0,0.0,84
NC,1867,heat,historical,0.0,0.0,0.0,84
NC,1868,heat,historical,0.0,0.0,0.0,84
NC,1869,heat,historical,0.0,0.0,0.0,84
NC,1870,heat,historical,0.0,0.0,0.0,84
NC,1871,heat,historical,0.0,0.0,0.0,84
NC,1872,heat,historical,0.0,0.0,0.0,84
NC,1873,heat,historical,0.0,0.0,0.0,84
NC,1874,heat,historical,0.0,0.0,0.0,84
NC,1875,heat,historical,0.0,0.0,0.0,84
NC,1876,heat,historical,0.0,0.0,0.0,84
NC,1877,heat,historical,0.0,0.0,0.0,84
NC,1878,heat,historical,0.0,0.0,0.0,84
NC,1879,heat,historical,0.0,0.0,0.0,84
NC,1880,heat,historical,0.0,0.0,0.0,84
NC,1881,heat,historical,0.0,0.0,0.0,84
NC,1882,heat,historical,0.0,0.0,0.0,84
NC,1883,heat,historical,0.0,0.0,0.0,84
NC,1884,heat,historical,0.0,0.0,0.0,84
NC,1885,heat,historical,0.0,0.0,0.0,84
NC,1886,heat,historical,0.0,0.0,0.0,84
NC,1887,heat,historical,0.0,0.0,0.0,84
NC,1888,heat,historical,0.0,0.0,0.0,84
NC,1889,heat,historical,0.0,0.0,0.0,84
NC,1890,heat,historical,0.0,0.0,0.0,84
NC,1891,heat,historical,0.0,0.0,0.0,84
NC,1892,heat,historical,0.0,0.0,0.0,84
NC,1893,heat,historical,0.0,0.0,0.0,84
NC,1894,heat,historical,0.0,0.0,0.0,84
NC,1895,heat,historical,0.0,0.0,0.0,84
NC,1896,heat,historical,0.0,0.0,0.0,84
NC,1897,heat,historical,0.0,0.0,0.0,84
NC,1898,heat,historical,0.0,0.0,0.0,84
NC,1899,heat,historical,0.0,0.0,0.0,84
NC,1900,heat,historical,0.0,0.0,0.0,84
NC,1901,heat,historical,0.0,0.0,0.0,84
NC,1902,heat,historical,0.0,0.0,0.0,84
NC,1903,heat,historical,0.0,0.0,0.0,84
NC,1904,heat,historical,0.0,0.0,0.0,84
NC,1905,heat,historical,0.0,0.0,0.0,84
NC,1906,heat,historical,0.0,0.0,0.0,84
NC,1907,heat,historical,0.0,0.0,0.0,84
NC,1908,heat,historical,0.0,0.0,0.0,84
NC,1909,heat,historical,0.0,0.0,0.0,84
NC,1910,heat,historical,0.0,0.0,0.0,84
NC,1911,heat,historical,0.0,0.0,0.0,84
NC,1912,heat,historical,0.0,0.0,0.0,84
NC,1913,heat,historical,0.0,0.0,0.0,84
NC,1914,heat,historical,0.0,0.0,0.0,84
NC,1915,heat,historical,0.0,0.0,0.0,84
NC,1916,heat,historical,0.0,0.0,0.0,84
NC,1917,heat,historical,0.0,0.0,0.0,84
NC,1918,heat,historical,0.0,0.0,0.0,84
NC,1919,heat,historical,0.0,0.0,0.0,84
NC,1920,heat,historical,0.0,0.0,0.0,84
NC,1921,heat,historical,0.0,0.0,0.0,84
NC,1922,heat,historical,0.0,0.0,0.0,84
NC,1923,heat,historical,0.0,0.0,0.0,84
NC,1924,heat,historical,0.0,0.0,0.0,84
NC,1925,heat,historical,0.0,0.0,0.0,84
NC,1926,heat,historical,0.0,0.0,0.0,84
NC,1927,heat,historical,0.0,0.0,0.0,84
NC,1928,heat,historical,0.0,0.0,0.0,84
NC,1929,heat,historical,0.0,0.0,0.0,84
NC,1930,heat,historical,0.0,0.0,0.0,84
NC,1931,heat,historical,0.0,0.0,0.0,84
NC,1932,heat,historical,0.0,0.0,0.0,84
NC,1933,heat,historical,0.0,0.0,0.0,84
NC,1934,heat,historical,0.0,0.0,0.0,84
NC,1935,heat,historical,0.0,0.0,0.0,84
NC,1936,heat,historical,0.0,0.0,0.0,84
NC,1937,heat,historical,0.0,0.0,0.0,84
NC,1938,heat,historical,0.0,0.0,0.0,84
NC,1939,heat,historical,0.0,0.0,0.0,84
NC,1940,heat,historical,0.0,0.0,0.0,84
NC,1941,heat,historical,0.0,0.0,0.0,84
NC,1942,heat,historical,0.0,0.0,0.0,84
NC,1943,heat,historical,0.0,0.0,0.0,84
NC,1944,heat,historical,0.0,0.0,0.0,84
NC,1945,heat,historical,0.0,0.0,0.0,84
NC,1946,heat,historical,0.0,0.0,0.0,84
NC,1947,heat,historical,0.0,0.0,0.0,84
NC,1948,heat,historical,0.0,0.0,0.0,84
NC,1949,heat,historical,0.0,0.0,0.0,84
NC,1950,heat,historical,0.0,0.0,0.0,84
NC,1951,heat,historical,0.0,0.0,0.0,84
NC,1952,heat,historical,0.0,0.0,0.0,84
NC,1953,heat,historical,0.0,0.0,0.0,84
NC,1954,heat,historical,0.0,0.0,0.0,84
NC,1955,heat,historical,0.0,0.0,0.0,84
NC,1956,heat,historical,0.0,0.0,0.0,84
NC,1957,heat,historical,0.0,0.0,0.0,84
NC,1958,heat,historical,0.0,0.0,0.0,84
NC,1959,heat,historical,0.0,0.0,0.0,84
NC,1960,heat,historical,0.0,0.0,0.0,84
NC,1961,heat,historical,0.0,0.0,0.0,84
NC,1962,heat,historical,0.0,0.0,0.0,84
NC,1963,heat,historical,0.0,0.0,0.0,84
NC,1964,heat,historical,0.0,0.0,0.0,84
NC,1965,heat,historical,0.0,0.0,0.0,84
NC,1966,heat,historical,0.0,0.0,0.0,84
NC,1967,heat,historical,0.0,0.0,0.0,84
NC,1968,heat,historical,0.0,0.0,0.0,84
NC,1969,heat,historical,0.0,0.0,0.0,84
NC,1970,heat,historical,0.0,0.0,0.0,84
NC,1971,heat,historical,0.0,0.0,0.0,84
NC,1972,heat,historical,0.0,0.0,0.0,84
NC,1973,heat,historical,0.0,0.0,0.0,84
NC,1974,heat,historical,0.0,0.0,0.0,84
NC,1975,heat,historical,0.0,0.0,0.0,84
NC,1976,heat,historical,0.0,0.0,0.0,84
NC,1977,heat,historical,0.0,0.0,0.0,84
NC,1978,heat,historical,0.0,0.0,0.0,84
NC,1979,heat,historical,0.0,0.0,0.0,84
NC,1980,heat,historical,0.0,0.0,0.0,84
NC,1981,heat,historical,0.0,0.0,0.0,84
NC,1982,heat,historical,0.0,0.0,0.0,84
NC,1983,heat,historical,0.0,0.0,0.0,84
NC,1984,heat,historical,0.0,0.0,0.0,84
NC,1985,heat,historical,0.0,0.0,0.0,84
NC,1986,heat,historical,0.0,0.0,0.0,84
NC,1987,heat,historical,0.0,0.0,0.0,84
NC,1988,heat,historical,0.0,0.0,0.0,84
NC,1989,heat,historical,0.0,0.0,0.0,84
NC,1990,heat,historical,0.0,0.0,0.0,84
NC,1991,heat,historical,0.0,0.0,0.0,84
NC,1992,heat,historical,0.0,0.0,0.0,84
NC,1993,heat,historical,0.0,0.0,0.0,84
NC,1994,heat,historical,0.0,0.0,0.0,84
NC,1995,heat,historical,0.0,0.0,0.0,84
NC,1996,heat,historical,0.0,0.0,0.0,84
NC,1997,heat,historical,0.0,0.0,0.0,84
NC,1998,heat,historical,0.0,0.0,0.0,84
NC,1999,heat,historical,0.0,0.0,0.0,84
NC,2000,heat,historical,0.0,0.0,0.0,84
NC,2001,heat,historical,0.0,0.0,0.0,84
NC,2002,heat,historical,0.0,0.0,0.0,84
NC,2003,heat,historical,0.0,0.0,0.0,84
NC,2004,heat,historical,0.0,0.0,0.0,84
NC,2005,heat,historical,0.0,0.0,0.0,84
NC,2006,heat,historical,0.0,0.0,0.0,84
NC,2007,heat,historical,0.0,0.0,0.0,84
NC,2008,heat,historical,0.0,0.0,0.0,84
NC,2009,heat,historical,0.0,0.0,0.0,84
NC,2010,heat,historical,0.0,0.0,0.0,84
NC,2011,heat,historical,0.0,0.0,0.0,84
NC,2012,heat,historical,0.0,0.0,0.0,84
NC,2013,heat,historical,0.0,0.0,0.0,84
NC,2014,heat,historical,0.0,0.0,0.0,84
NE,1850,heat,historical,0.105938874625,0.3756966,0.0,48
NE,1851,heat,historical,0.13720446995833332,0.57580036,0.0,48
NE,1852,heat,historical,0.13468841389958333,0.50427616,0.0,48
NE,1853,heat,historical,0.12406876539583334,0.42747903,0.0,48
NE,1854,heat,historical,0.13098425725,0.38098037,0.0,48
NE,1855,heat,historical,0.1279621719375,0.39533257,0.0,48
NE,1856,heat,historical,0.10182249491666667,0.46676698,0.0,48
NE,1857,heat,historical,0.13494258552083335,0.5056074,0.0,48
NE,1858,heat,historical,0.15568209195833332,0.5243287,0.0,48
NE,1859,heat,historical,0.12694739190145835,0.41637003,0.0,48
NE,1860,heat,historical,0.10875297675833333,0.40091315,0.0,48
NE,1861,heat,historical,0.13510419752083333,0.4580304,0.0,48
NE,1862,heat,historical,0.12222668869583332,0.5377404,0.0,48
NE,1863,heat,historical,0.14273160635833335,0.52855635,0.0,48
NE,1864,heat,historical,0.09383097791666667,0.37515974,0.0,48
NE,1865,heat,historical,0.11364992858333334,0.44976205,0.0,48
NE,1866,heat,historical,0.10484890266666667,0.4080268,0.0,48
NE,1867,heat,historical,0.11628674967916668,0.5241718,0.0,48
NE,1868,heat,historical,0.12302161499999999,0.48023343,0.0,48
NE,1869,heat,historical,0.13134786021458333,0.4564013,0.0,48
NE,1870,heat,historical,0.13660529685416667,0.476124,0.0,48
NE,1871,heat,historical,0.0932519490625,0.4953842,0.0,48
NE,1872,heat,historical,0.17275092746875,0.5682128,0.0,48
NE,1873,heat,historical,0.11975652341666666,0.4398955,0.0,48
NE,1874,heat,historical,0.1043380840375,0.3681901,0.0,48
NE,1875,heat,historical,0.12375126435416667,0.49192315,0.0,48
NE,1876,heat,historical,0.16171372095833333,0.5353148,0.0,48
NE,1877,heat,historical,0.12851186395833333,0.5229742,0.0,48
NE,1878,heat,historical,0.10522184020000001,0.39592618,0.0,48
NE,1879,heat,historical,0.09838525139583333,0.4528628,0.0,48
NE,1880,heat,historical,0.14208350159375,0.5416351,0.0,48
NE,1881,heat,historical,0.13834912802916666,0.5687951,0.0,48
NE,1882,heat,historical,0.13689582872708334,0.44977134,0.0,48
NE,1883,heat,historical,0.12898678395833332,0.4653903,0.0,48
NE,1884,heat,historical,0.09258912652708334,0.34857428,0.0,48
NE,1885,heat,historical,0.11700705329166666,0.41274327,0.0,48
NE,1886,heat,historical,0.1275075803875,0.4892503,0.0,48
NE,1887,heat,historical,0.12452525239583334,0.3805421,0.0,48
NE,1888,heat,historical,0.11000236666666667,0.42711616,0.0,48
NE,1889,heat,historical,0.12657562459062502,0.5061974,0.0,48
NE,1890,heat,historical,0.13524479276041665,0.5395104,0.0,48
NE,1891,heat,historical,0.131936635,0.5299371,0.0,48
NE,1892,heat,historical,0.13684404838125,0.43995386,0.0,48
NE,1893,heat,historical,0.107738830125,0.4913032,0.0,48
NE,1894,heat,historical,0.10631747038333333,0.47601408,0.0,48
NE,1895,heat,historical,0.16613876285416665,0.5764151,0.0,48
NE,1896,heat,historical,0.142582961625,0.44396466,0.0,48
NE,1897,heat,historical,0.1182474313125,0.45343217,0.0,48
NE,1898,heat,historical,0.15788864470833333,0.5137731,0.0,48
NE,1899,heat,historical,0.14282725316666667,0.5043092,0.0,48
NE,1900,heat,historical,0.14393156060416668,0.52872044,0.0,48
NE,1901,heat,historical,0.13035449172291666,0.50707495,0.0,48
NE,1902,heat,historical,0.15765984132708333,0.4225215,0.0,48
NE,1903,heat,historical,0.12173472466666667,0.39925206,0.0,48
NE,1904,heat,historical,0.12043462860416666,0.49174553,0.0,48
NE,1905,heat,historical,0.11242749645833333,0.39281923,0.0,48
NE,1906,heat,historical,0.12681317147291668,0.47982046,0.0,48
NE,1907,heat,historical,0.118903664375,0.4722469,0.0,48
NE,1908,heat,historical,0.11113641225,0.42969763,0.0,48
NE,1909,heat,historical,0.13851665202083333,0.5171061,0.0,48
NE,1910,heat,historical,0.14280697804166667,0.53275657,0.0,48
NE,1911,heat,historical,0.11167771422916667,0.5149102,0.0,48
NE,1912,heat,historical,0.12308423520833334,0.42030343,0.0,48
NE,1913,heat,historical,0.14475958761666666,0.4379691,0.0,48
NE,1914,heat,historical,0.10068392348541666,0.42705986,0.0,48
NE,1915,heat,historical,0.11405012825552084,0.43822876,0.0,48
NE,1916,heat,historical,0.13174062010416668,0.43531328,0.0,48
NE,1917,heat,historical,0.12824674715416667,0.40830812,0.0,48
NE,1918,heat,historical,0.12552006445,0.452981,0.0,48
NE,1919,heat,historical,0.10716788932708333,0.5361557,0.0,48
NE,1920,heat,historical,0.14468694379166666,0.51744163,0.0,48
NE,1921,heat,historical,0.11451333732291667,0.44068116,0.0,48
NE,1922,heat,historical,0.10200688397916667,0.46700957,0.0,48
NE,1923,heat,historical,0.16203052058333334,0.5025149,0.0,48
NE,1924,heat,historical,0.12089558797083333,0.46120757,0.0,48
NE,1925,heat,historical,0.10925859745833333,0.46064186,0.0,48
NE,1926,heat,historical,0.11377200758333333,0.4744216,0.0,48
NE,1927,heat,historical,0.152818221,0.5889659,0.0,48
NE,1928,heat,historical,0.12377876342708333,0.4338473,0.0,48
NE,1929,heat,historical,0.12352755924375002,0.39835954,0.0,48
NE,1930,heat,historical,0.13232955235416666,0.4617439,0.0,48
NE,1931,heat,historical,0.16011898547291667,0.5381591,0.0,48
NE,1932,heat,historical,0.16471116675,0.5032825,0.0,48
NE,1933,heat,historical,0.1266647964625,0.4646232,0.0,48
NE,1934,heat,historical,0.13291099033333334,0.47874522,0.0,48
NE,1935,heat,historical,0.14500099619375,0.529915,0.0,48
NE,1936,heat,historical,0.141876972875,0.4596177,0.0,48
NE,1937,heat,historical,0.10192499245562499,0.3656959,0.0,48
NE,1938,heat,historical,0.13656959239583333,0.5370384,0.0,48
NE,1939,heat,historical,0.19507586258333334,0.5146759,0.0,48
NE,1940,heat,historical,0.12448868745833334,0.4610037,0.0,48
NE,1941,heat,historical,0.1272061438375,0.3949852,0.0,48
NE,1942,heat,historical,0.1261893415825,0.46021494,0.0,48
NE,1943,heat,historical,0.11091294188958334,0.5216434,0.0,48
NE,1944,heat,historical,0.12910253922916667,0.5242224,0.0,48
NE,1945,heat,historical,0.13914651433208333,0.5055542,0.0,48
NE,1946,heat,historical,0.10358055057291667,0.45202503,0.0,48
NE,1947,heat,historical,0.15943394956249998,0.5901365,0.0,48
NE,1948,heat,historical,0.14490109714583332,0.5043231,0.0,48
NE,1949,heat,historical,0.14159174329166666,0.42793533,0.0,48
NE,1950,heat,historical,0.13234586608333335,0.44664422,0.0,48
NE,1951,heat,historical,0.14874109147916667,0.584604,0.0,48
NE,1952,heat,historical,0.14595405835416667,0.47981325,0.0,48
NE,1953,heat,historical,0.12295055279166667,0.44112924,0.0,48
NE,1954,heat,historical,0.1301861465625,0.54885197,0.0,48
NE,1955,heat,historical,0.1294485748125,0.48221716,0.0,48
NE,1956,heat,historical,0.1437418483875,0.5115013,0.0,48
NE,1957,heat,historical,0.16059357053958334,0.5375644,0.0,48
NE,1958,heat,historical,0.14324062395208334,0.49956948,0.0,48
NE,1959,heat,historical,0.12896571752083333,0.53161013,0.0,48
NE,1960,heat,historical,0.12398685303541668,0.51050454,0.0,48
NE,1961,heat,historical,0.15388188774166667,0.5949165,0.0,48
NE,1962,heat,historical,0.14791454875,0.47709602,0.0,48
NE,1963,heat,historical,0.08215111219791667,0.3768033,0.0,48
NE,1964,heat,historical,0.12374362037499999,0.5327948,0.0,48
NE,1965,heat,historical,0.1574059493125,0.50137514,0.0,48
NE,1966,heat,historical,0.12035630641666667,0.4112747,0.0,48
NE,1967,heat,historical,0.12175639372916668,0.44089746,0.0,48
NE,1968,heat,historical,0.1691410164375,0.48238698,0.0,48
NE,1969,heat,historical,0.16306112336041667,0.5368278,0.0,48
NE,1970,heat,historical,0.14529808394583335,0.44128305,0.0,48
NE,1971,heat,historical,0.12660371470833334,0.3798855,0.0,48
NE,1972,heat,historical,0.10853966166666668,0.48238388,0.0,48
NE,1973,heat,historical,0.12163317346875001,0.55303884,0.0,48
NE,1974,heat,historical,0.11711988404166666,0.45450896,0.0,48
NE,1975,heat,historical,0.12702330277083332,0.50448155,0.0,48
NE,1976,heat,historical,0.11796300020208333,0.48724127,0.0,48
NE,1977,heat,historical,0.18397052206041667,0.5929189,0.0,48
NE,1978,heat,historical,0.12893228395833334,0.401053,0.0,48
NE,1979,heat,historical,0.12250770051875,0.47761115,0.0,48
NE,1980,heat,historical,0.12879480483541667,0.51921165,0.0,48
NE,1981,heat,historical,0.14305465660416666,0.55279726,0.0,48
NE,1982,heat,historical,0.11502940721875,0.44185394,0.0,48
NE,1983,heat,historical,0.10850222633333334,0.3983869,0.0,48
NE,1984,heat,historical,0.11652974640729168,0.57926196,0.0,48
NE,1985,heat,historical,0.14735803965208333,0.5258881,0.0,48
NE,1986,heat,historical,0.11834858484245835,0.39540744,0.0,48
NE,1987,heat,historical,0.12627152495833335,0.4539086,0.0,48
NE,1988,heat,historical,0.17443589918750002,0.5688039,0.0,48
NE,1989,heat,historical,0.15488456327083333,0.5494213,0.0,48
NE,1990,heat,historical,0.12514384596875,0.4596972,0.0,48
NE,1991,heat,historical,0.12181593009791668,0.49432343,0.0,48
NE,1992,heat,historical,0.13367332283333333,0.5056745,0.0,48
NE,1993,heat,historical,0.1241309332625,0.6235492,0.0,48
NE,1994,heat,historical,0.16740752466666667,0.6260518,0.0,48
NE,1995,heat,historical,0.14612548555625002,0.46415144,0.0,48
NE,1996,heat,historical,0.12322411231666668,0.5392642,0.0,48
NE,1997,heat,historical,0.17977860291666667,0.5595511,0.0,48
NE,1998,heat,historical,0.1761562179375,0.64629626,0.0,48
NE,1999,heat,historical,0.12253140287083332,0.43430877,0.0,48
NE,2000,heat,historical,0.13761404566666666,0.6367246,0.0,48
NE,2001,heat,historical,0.16995622725,0.58608705,0.0,48
NE,2002,heat,historical,0.21630436297916666,0.6360648,0.0,48
NE,2003,heat,historical,0.13003643029166667,0.45225626,0.0,48
NE,2004,heat,historical,0.15366963004166667,0.56492937,0.0,48
NE,2005,heat,historical,0.13466542275,0.51125664,0.0,48
NE,2006,heat,historical,0.18926567762500002,0.59188235,0.0,48
NE,2007,heat,historical,0.15717425491666667,0.60498226,0.0,48
NE,2008,heat,historical,0.18247835558333333,0.5481231,0.0,48
NE,2009,heat,historical,0.15890786559166667,0.6115844,0.0,48
NE,2010,heat,historical,0.18910150979166665,0.55765516,0.0,48
NE,2011,heat,historical,0.16476290411041666,0.57504106,0.0,48
NE,2012,heat,historical,0.1496657445625,0.48926267,0.0,48
NE,2013,heat,historical,0.16325627637833334,0.5282177,0.0,48
NE,2014,heat,historical,0.14751107947916667,0.66423243,0.0,48
NF,1850,heat,historical,0.0,0.0,0.0,72
NF,1851,heat,historical,0.0,0.0,0.0,72
NF,1852,heat,historical,0.0,0.0,0.0,72
NF,1853,heat,historical,0.0,0.0,0.0,72
NF,1854,heat,historical,0.0,0.0,0.0,72
NF,1855,heat,historical,0.0,0.0,0.0,72
NF,1856,heat,historical,0.0,0.0,0.0,72
NF,1857,heat,historical,0.0,0.0,0.0,72
NF,1858,heat,historical,0.0,0.0,0.0,72
NF,1859,heat,historical,0.0,0.0,0.0,72
NF,1860,heat,historical,0.0,0.0,0.0,72
NF,1861,heat,historical,0.0,0.0,0.0,72
NF,1862,heat,historical,0.0,0.0,0.0,72
NF,1863,heat,historical,0.0,0.0,0.0,72
NF,1864,heat,historical,0.0,0.0,0.0,72
NF,1865,heat,historical,0.0,0.0,0.0,72
NF,1866,heat,historical,0.0,0.0,0.0,72
NF,1867,heat,historical,0.0,0.0,0.0,72
NF,1868,heat,historical,0.0,0.0,0.0,72
NF,1869,heat,historical,0.0,0.0,0.0,72
NF,1870,heat,historical,0.0,0.0,0.0,72
NF,1871,heat,historical,0.0,0.0,0.0,72
NF,1872,heat,historical,0.0,0.0,0.0,72
NF,1873,heat,historical,0.0,0.0,0.0,72
NF,1874,heat,historical,0.0,0.0,0.0,72
NF,1875,heat,historical,0.0,0.0,0.0,72
NF,1876,heat,historical,0.0,0.0,0.0,72
NF,1877,heat,historical,0.0,0.0,0.0,72
NF,1878,heat,historical,0.0,0.0,0.0,72
NF,1879,heat,historical,0.0,0.0,0.0,72
NF,1880,heat,historical,0.0,0.0,0.0,72
NF,1881,heat,historical,0.0,0.0,0.0,72
NF,1882,heat,historical,0.0,0.0,0.0,72
NF,1883,heat,historical,0.0,0.0,0.0,72
NF,1884,heat,historical,0.0,0.0,0.0,72
NF,1885,heat,historical,0.0,0.0,0.0,72
NF,1886,heat,historical,0.0,0.0,0.0,72
NF,1887,heat,historical,0.0,0.0,0.0,72
NF,1888,heat,historical,0.0,0.0,0.0,72
NF,1889,heat,historical,0.0,0.0,0.0,72
NF,1890,heat,historical,0.0,0.0,0.0,72
NF,1891,heat,historical,0.0,0.0,0.0,72
NF,1892,heat,historical,0.0,0.0,0.0,72
NF,1893,heat,historical,0.0,0.0,0.0,72
NF,1894,heat,historical,0.0,0.0,0.0,72
NF,1895,heat,historical,0.0,0.0,0.0,72
NF,1896,heat,historical,0.0,0.0,0.0,72
NF,1897,heat,historical,0.0,0.0,0.0,72
NF,1898,heat,historical,0.0,0.0,0.0,72
NF,1899,heat,historical,0.0,0.0,0.0,72
NF,1900,heat,historical,0.0,0.0,0.0,72
NF,1901,heat,historical,0.0,0.0,0.0,72
NF,1902,heat,historical,0.0,0.0,0.0,72
NF,1903,heat,historical,0.0,0.0,0.0,72
NF,1904,heat,historical,0.0,0.0,0.0,72
NF,1905,heat,historical,0.0,0.0,0.0,72
NF,1906,heat,historical,0.0,0.0,0.0,72
NF,1907,heat,historical,0.0,0.0,0.0,72
NF,1908,heat,historical,0.0,0.0,0.0,72
NF,1909,heat,historical,0.0,0.0,0.0,72
NF,1910,heat,historical,0.0,0.0,0.0,72
NF,1911,heat,historical,0.0,0.0,0.0,72
NF,1912,heat,historical,0.0,0.0,0.0,72
NF,1913,heat,historical,0.0,0.0,0.0,72
NF,1914,heat,historical,0.0,0.0,0.0,72
NF,1915,heat,historical,0.0,0.0,0.0,72
NF,1916,heat,historical,0.0,0.0,0.0,72
NF,1917,heat,historical,0.0,0.0,0.0,72
NF,1918,heat,historical,0.0,0.0,0.0,72
NF,1919,heat,historical,0.0,0.0,0.0,72
NF,1920,heat,historical,0.0,0.0,0.0,72
NF,1921,heat,historical,0.0,0.0,0.0,72
NF,1922,heat,historical,0.0,0.0,0.0,72
NF,1923,heat,historical,0.0,0.0,0.0,72
NF,1924,heat,historical,0.0,0.0,0.0,72
NF,1925,heat,historical,0.0,0.0,0.0,72
NF,1926,heat,historical,0.0,0.0,0.0,72
NF,1927,heat,historical,0.0,0.0,0.0,72
NF,1928,heat,historical,0.0,0.0,0.0,72
NF,1929,heat,historical,0.0,0.0,0.0,72
NF,1930,heat,historical,0.0,0.0,0.0,72
NF,1931,heat,historical,0.0,0.0,0.0,72
NF,1932,heat,historical,0.0,0.0,0.0,72
NF,1933,heat,historical,0.0,0.0,0.0,72
NF,1934,heat,historical,0.0,0.0,0.0,72
NF,1935,heat,historical,0.0,0.0,0.0,72
NF,1936,heat,historical,0.0,0.0,0.0,72
NF,1937,heat,historical,0.0,0.0,0.0,72
NF,1938,heat,historical,0.0,0.0,0.0,72
NF,1939,heat,historical,0.0,0.0,0.0,72
NF,1940,heat,historical,0.0,0.0,0.0,72
NF,1941,heat,historical,0.0,0.0,0.0,72
NF,1942,heat,historical,0.0,0.0,0.0,72
NF,1943,heat,historical,0.0,0.0,0.0,72
NF,1944,heat,historical,0.0,0.0,0.0,72
NF,1945,heat,historical,0.0,0.0,0.0,72
NF,1946,heat,historical,0.0,0.0,0.0,72
NF,1947,heat,historical,0.0,0.0,0.0,72
NF,1948,heat,historical,0.0,0.0,0.0,72
NF,1949,heat,historical,0.0,0.0,0.0,72
NF,1950,heat,historical,0.0,0.0,0.0,72
NF,1951,heat,historical,0.0,0.0,0.0,72
NF,1952,heat,historical,0.0,0.0,0.0,72
NF,1953,heat,historical,0.0,0.0,0.0,72
NF,1954,heat,historical,0.0,0.0,0.0,72
NF,1955,heat,historical,0.0,0.0,0.0,72
NF,1956,heat,historical,0.0,0.0,0.0,72
NF,1957,heat,historical,0.0,0.0,0.0,72
NF,1958,heat,historical,0.0,0.0,0.0,72
NF,1959,heat,historical,0.0,0.0,0.0,72
NF,1960,heat,historical,0.0,0.0,0.0,72
NF,1961,heat,historical,0.0,0.0,0.0,72
NF,1962,heat,historical,0.0,0.0,0.0,72
NF,1963,heat,historical,0.0,0.0,0.0,72
NF,1964,heat,historical,0.0,0.0,0.0,72
NF,1965,heat,historical,0.0,0.0,0.0,72
NF,1966,heat,historical,0.0,0.0,0.0,72
NF,1967,heat,historical,0.0,0.0,0.0,72
NF,1968,heat,historical,0.0,0.0,0.0,72
NF,1969,heat,historical,0.0,0.0,0.0,72
NF,1970,heat,historical,0.0,0.0,0.0,72
NF,1971,heat,historical,0.0,0.0,0.0,72
NF,1972,heat,historical,0.0,0.0,0.0,72
NF,1973,heat,historical,0.0,0.0,0.0,72
NF,1974,heat,historical,0.0,0.0,0.0,72
NF,1975,heat,historical,0.0,0.0,0.0,72
NF,1976,heat,historical,0.0,0.0,0.0,72
NF,1977,heat,historical,0.0,0.0,0.0,72
NF,1978,heat,historical,0.0,0.0,0.0,72
NF,1979,heat,historical,0.0,0.0,0.0,72
NF,1980,heat,historical,0.0,0.0,0.0,72
NF,1981,heat,historical,0.0,0.0,0.0,72
NF,1982,heat,historical,0.0,0.0,0.0,72
NF,1983,heat,historical,0.0,0.0,0.0,72
NF,1984,heat,historical,0.0,0.0,0.0,72
NF,1985,heat,historical,0.0,0.0,0.0,72
NF,1986,heat,historical,0.0,0.0,0.0,72
NF,1987,heat,historical,0.0,0.0,0.0,72
NF,1988,heat,historical,0.0,0.0,0.0,72
NF,1989,heat,historical,0.0,0.0,0.0,72
NF,1990,heat,historical,0.0,0.0,0.0,72
NF,1991,heat,historical,0.0,0.0,0.0,72
NF,1992,heat,historical,0.0,0.0,0.0,72
NF,1993,heat,historical,0.0,0.0,0.0,72
NF,1994,heat,historical,0.0,0.0,0.0,72
NF,1995,heat,historical,0.0,0.0,0.0,72
NF,1996,heat,historical,0.0,0.0,0.0,72
NF,1997,heat,historical,0.0,0.0,0.0,72
NF,1998,heat,historical,0.0,0.0,0.0,72
NF,1999,heat,historical,0.0,0.0,0.0,72
NF,2000,heat,historical,0.0,0.0,0.0,72
NF,2001,heat,historical,0.0,0.0,0.0,72
NF,2002,heat,historical,0.0,0.0,0.0,72
NF,2003,heat,historical,0.0,0.0,0.0,72
NF,2004,heat,historical,0.0,0.0,0.0,72
NF,2005,heat,historical,0.0,0.0,0.0,72
NF,2006,heat,historical,0.0,0.0,0.0,72
NF,2007,heat,historical,0.0,0.0,0.0,72
NF,2008,heat,historical,0.0,0.0,0.0,72
NF,2009,heat,historical,0.0,0.0,0.0,72
NF,2010,heat,historical,0.0,0.0,0.0,72
NF,2011,heat,historical,0.0,0.0,0.0,72
NF,2012,heat,historical,0.0,0.0,0.0,72
NF,2013,heat,historical,0.0,0.0,0.0,72
NF,2014,heat,historical,0.0,0.0,0.0,72
NG,1850,heat,historical,0.010125555333333333,0.11914198,0.0,48
NG,1851,heat,historical,0.00943863119375,0.12750688,0.0,48
NG,1852,heat,historical,0.009254275410416667,0.09539866,0.0,48
NG,1853,heat,historical,0.013380571258333333,0.11862682,0.0,48
NG,1854,heat,historical,0.010962605241666666,0.117119536,0.0,48
NG,1855,heat,historical,0.009453396854166667,0.080907054,0.0,48
NG,1856,heat,historical,0.012542639625,0.12416351,0.0,48
NG,1857,heat,historical,0.019647153780208333,0.17851397,0.0,48
NG,1858,heat,historical,0.017411650797916668,0.1632672,0.0,48
NG,1859,heat,historical,0.011348233416666667,0.1516838,0.0,48
NG,1860,heat,historical,0.010284747458333333,0.13653356,0.0,48
NG,1861,heat,historical,0.010033705234166667,0.18482393,0.0,48
NG,1862,heat,historical,0.010748181025,0.10086617,0.0,48
NG,1863,heat,historical,0.01802812528333333,0.17800036,0.0,48
NG,1864,heat,historical,0.008767935377083333,0.12611213,0.0,48
NG,1865,heat,historical,0.010781184791666667,0.14099966,0.0,48
NG,1866,heat,historical,0.009285257570833334,0.100542516,0.0,48
NG,1867,heat,historical,0.0126290160625,0.1108194,0.0,48
NG,1868,heat,historical,0.017754909218958333,0.11356142,0.0,48
NG,1869,heat,historical,0.010933687735416668,0.14314754,0.0,48
NG,1870,heat,historical,0.0077302369125,0.10381208,0.0,48
NG,1871,heat,historical,0.004663846497916666,0.072637126,0.0,48
NG,1872,heat,historical,0.033769097266666666,0.22910658,0.0,48
NG,1873,heat,historical,0.02017495084375,0.12776758,0.0,48
NG,1874,heat,historical,0.009545279102083333,0.12972961,0.0,48
NG,1875,heat,historical,0.009715418466666667,0.07533784,0.0,48
NG,1876,heat,historical,0.020523940475,0.18251604,0.0,48
NG,1877,heat,historical,0.0147481495625,0.19300765,0.0,48
NG,1878,heat,historical,0.0068374811535416675,0.07748108,0.0,48
NG,1879,heat,historical,0.005440695429166666,0.06967418,0.0,48
NG,1880,heat,historical,0.01733582459375,0.17098325,0.0,48
NG,1881,heat,historical,0.012786971227083332,0.08718706,0.0,48
NG,1882,heat,historical,0.018573279197916667,0.1558175,0.0,48
NG,1883,heat,historical,0.016112501445833333,0.16130875,0.0,48
NG,1884,heat,historical,0.0078993979875,0.1564106,0.0,48
NG,1885,heat,historical,0.012269788500000002,0.12925626,0.0,48
NG,1886,heat,historical,0.020562385899479167,0.12503794,0.0,48
NG,1887,heat,historical,0.013660272875416666,0.13354428,0.0,48
NG,1888,heat,historical,0.008166495604166666,0.06502896,0.0,48
NG,1889,heat,historical,0.01156173325,0.12853153,0.0,48
NG,1890,heat,historical,0.019562627155625,0.21435273,0.0,48
NG,1891,heat,historical,0.016561610791666664,0.18520024,0.0,48
NG,1892,heat,historical,0.026259822869583335,0.24226382,0.0,48
NG,1893,heat,historical,0.007634138854166667,0.12290141,0.0,48
NG,1894,heat,historical,0.00777347909375,0.083699144,0.0,48
NG,1895,heat,historical,0.017236650866666665,0.14067754,0.0,48
NG,1896,heat,historical,0.020494688875,0.21669213,0.0,48
NG,1897,heat,historical,0.011630698791666666,0.22428533,0.0,48
NG,1898,heat,historical,0.013761113302083334,0.1468058,0.0,48
NG,1899,heat,historical,0.014894329358333333,0.23372394,0.0,48
NG,1900,heat,historical,0.022438026791666666,0.18475011,0.0,48
NG,1901,heat,historical,0.0155231914375,0.13732642,0.0,48
NG,1902,heat,historical,0.015048154416666668,0.16496186,0.0,48
NG,1903,heat,historical,0.011695212129583334,0.12463582,0.0,48
NG,1904,heat,historical,0.004877045022916667,0.06648566,0.0,48
NG,1905,heat,historical,0.0073352311875,0.10073609,0.0,48
NG,1906,heat,historical,0.010759515625,0.109231085,0.0,48
NG,1907,heat,historical,0.013347567158333332,0.07775105,0.0,48
NG,1908,heat,historical,0.007043291799166667,0.09745465,0.0,48
NG,1909,heat,historical,0.017956912681041666,0.19252191,0.0,48
NG,1910,heat,historical,0.016303019475,0.20095909,0.0,48
NG,1911,heat,historical,0.013970526977083333,0.18093649,0.0,48
NG,1912,heat,historical,0.017951546554166666,0.17341813,0.0,48
NG,1913,heat,historical,0.015751069583333333,0.11651869,0.0,48
NG,1914,heat,historical,0.013529589707291666,0.16242063,0.0,48
NG,1915,heat,historical,0.0110921053,0.10661605,0.0,48
NG,1916,heat,historical,0.012864636870625,0.15561618,0.0,48
NG,1917,heat,historical,0.015581252291666667,0.124472186,0.0,48
NG,1918,heat,historical,0.014222622172291666,0.11759651,0.0,48
NG,1919,heat,historical,0.012038351485416666,0.07692617,0.0,48
NG,1920,heat,historical,0.03566093427083333,0.27815628,0.0,48
NG,1921,heat,historical,0.024164143045833333,0.21825257,0.0,48
NG,1922,heat,historical,0.007659013083333333,0.07383572,0.0,48
NG,1923,heat,historical,0.021571769031250004,0.21693939,0.0,48
NG,1924,heat,historical,0.007546117660416667,0.11348864,0.0,48
NG,1925,heat,historical,0.01147108735625,0.15075415,0.0,48
NG,1926,heat,historical,0.00819875744375,0.11129275,0.0,48
NG,1927,heat,historical,0.020587152299583335,0.16595708,0.0,48
NG,1928,heat,historical,0.018756732122916668,0.17923975,0.0,48
NG,1929,heat,historical,0.01124840406875,0.1164201,0.0,48
NG,1930,heat,historical,0.017994638010416664,0.18506965,0.0,48
NG,1931,heat,historical,0.01745775355660417,0.1860793,0.0,48
NG,1932,heat,historical,0.019518094573750002,0.2039628,0.0,48
NG,1933,heat,historical,0.012316493552083333,0.15784201,0.0,48
NG,1934,heat,historical,0.014441552229166666,0.10550572,0.0,48
NG,1935,heat,historical,0.024558322312500002,0.14075293,0.0,48
NG,1936,heat,historical,0.02953030349583333,0.26601747,0.0,48
NG,1937,heat,historical,0.00820512398125,0.121465884,0.0,48
NG,1938,heat,historical,0.017388476217916667,0.14691678,0.0,48
NG,1939,heat,historical,0.025376283265958335,0.19199644,0.0,48
NG,1940,heat,historical,0.013313864031249999,0.09492014,0.0,48
NG,1941,heat,historical,0.0144343148625,0.12236767,0.0,48
NG,1942,heat,historical,0.014937549377083333,0.15795918,0.0,48
NG,1943,heat,historical,0.010062149610416666,0.08741315,0.0,48
NG,1944,heat,historical,0.021877774617291665,0.16472234,0.0,48
NG,1945,heat,historical,0.014340174499999999,0.17449439,0.0,48
NG,1946,heat,historical,0.013993658704166667,0.21956012,0.0,48
NG,1947,heat,historical,0.023991842625,0.27139413,0.0,48
NG,1948,heat,historical,0.01276372075625,0.14693795,0.0,48
NG,1949,heat,historical,0.014125126189583332,0.19074157,0.0,48
NG,1950,heat,historical,0.010025327891666666,0.117288336,0.0,48
NG,1951,heat,historical,0.022315935874999998,0.2124578,0.0,48
NG,1952,heat,historical,0.021879602770833336,0.17164397,0.0,48
NG,1953,heat,historical,0.005272481202083333,0.089790225,0.0,48
NG,1954,heat,historical,0.006050674326041667,0.071673915,0.0,48
NG,1955,heat,historical,0.011704234514583333,0.07596657,0.0,48
NG,1956,heat,historical,0.013087857757708333,0.16892725,0.0,48
NG,1957,heat,historical,0.028588185991666668,0.17629436,0.0,48
NG,1958,heat,historical,0.02646523474875,0.24344796,0.0,48
NG,1959,heat,historical,0.011914293229166666,0.18799491,0.0,48
NG,1960,heat,historical,0.019638335779166665,0.16716084,0.0,48
NG,1961,heat,historical,0.0319448607903125,0.23366094,0.0,48
NG,1962,heat,historical,0.02240866856458333,0.16323467,0.0,48
NG,1963,heat,historical,0.006047222197708334,0.11542746,0.0,48
NG,1964,heat,historical,0.012695916785416666,0.10495339,0.0,48
NG,1965,heat,historical,0.02445504022291667,0.22521242,0.0,48
NG,1966,heat,historical,0.024728428875,0.20990264,0.0,48
NG,1967,heat,historical,0.007368525541666666,0.08525133,0.0,48
NG,1968,heat,historical,0.028549052645833333,0.19087268,0.0,48
NG,1969,heat,historical,0.025370583500000002,0.3068633,0.0,48
NG,1970,heat,historical,0.01466797810625,0.13947172,0.0,48
NG,1971,heat,historical,0.016916880502083332,0.13546762,0.0,48
NG,1972,heat,historical,0.007761391510416667,0.15704036,0.0,48
NG,1973,heat,historical,0.013987829317708334,0.13246647,0.0,48
NG,1974,heat,historical,0.01043011995625,0.12529139,0.0,48
NG,1975,heat,historical,0.011459526822916668,0.09786915,0.0,48
NG,1976,heat,historical,0.013830906791666667,0.13730681,0.0,48
NG,1977,heat,historical,0.029111509100000002,0.33469385,0.0,48
NG,1978,heat,historical,0.017901615589583333,0.16621879,0.0,48
NG,1979,heat,historical,0.014045965535416665,0.10759887,0.0,48
NG,1980,heat,historical,0.015702288775833333,0.19934753,0.0,48
NG,1981,heat,historical,0.03146582228125,0.14702363,0.0,48
NG,1982,heat,historical,0.014306804204166667,0.119193085,0.0,48
NG,1983,heat,historical,0.006278594948750001,0.10818837,0.0,48
NG,1984,heat,historical,0.010450670959166667,0.13145216,0.0,48
NG,1985,heat,historical,0.02371196921,0.17074424,0.0,48
NG,1986,heat,historical,0.01018161615625,0.08958891,0.0,48
NG,1987,heat,historical,0.014031318541666666,0.19183485,0.0,48
NG,1988,heat,historical,0.020879285045833335,0.19688581,0.0,48
NG,1989,heat,historical,0.03406612252083333,0.30394578,0.0,48
NG,1990,heat,historical,0.010927719177083335,0.1322538,0.0,48
NG,1991,heat,historical,0.005775941197916666,0.090278536,0.0,48
NG,1992,heat,historical,0.00816620524375,0.08310036,0.0,48
NG,1993,heat,historical,0.01555864798125,0.21468157,0.0,48
NG,1994,heat,historical,0.025697667268750002,0.23070729,0.0,48
NG,1995,heat,historical,0.014457865854166667,0.15447487,0.0,48
NG,1996,heat,historical,0.009513597760416668,0.08174277,0.0,48
NG,1997,heat,historical,0.029146922508333336,0.213516,0.0,48
NG,1998,heat,historical,0.02653291093125,0.2305989,0.0,48
NG,1999,heat,historical,0.01589197925,0.1639465,0.0,48
NG,2000,heat,historical,0.011324671433333334,0.18588933,0.0,48
NG,2001,heat,historical,0.019163889753541666,0.1513039,0.0,48
NG,2002,heat,historical,0.0351539674625,0.23753239,0.0,48
NG,2003,heat,historical,0.01745299007625,0.16422576,0.0,48
NG,2004,heat,historical,0.0122862423125,0.18056534,0.0,48
NG,2005,heat,historical,0.017835499827083334,0.13283865,0.0,48
NG,2006,heat,historical,0.03796075542895833,0.30465966,0.0,48
NG,2007,heat,historical,0.024663947895833333,0.23434077,0.0,48
NG,2008,heat,historical,0.02148246766875,0.2287153,0.0,48
NG,2009,heat,historical,0.0240021774,0.2019378,0.0,48
NG,2010,heat,historical,0.04564592318125,0.32895327,0.0,48
NG,2011,heat,historical,0.03111569335,0.21278714,0.0,48
NG,2012,heat,historical,0.011845736210416666,0.14293435,0.0,48
NG,2013,heat,historical,0.0192742477625,0.14976719,0.0,48
NG,2014,heat,historical,0.031091249489270834,0.216656,0.0,48
NO,1850,heat,historical,0.0,0.0,0.0,312
NO,1851,heat,historical,0.0,0.0,0.0,312
NO,1852,heat,historical,0.0,0.0,0.0,312
NO,1853,heat,historical,0.0,0.0,0.0,312
NO,1854,heat,historical,0.0,0.0,0.0,312
NO,1855,heat,historical,0.0,0.0,0.0,312
NO,1856,heat,historical,0.0,0.0,0.0,312
NO,1857,heat,historical,0.0,0.0,0.0,312
NO,1858,heat,historical,0.0,0.0,0.0,312
NO,1859,heat,historical,0.0,0.0,0.0,312
NO,1860,heat,historical,0.0,0.0,0.0,312
NO,1861,heat,historical,0.0,0.0,0.0,312
NO,1862,heat,historical,0.0,0.0,0.0,312
NO,1863,heat,historical,0.0,0.0,0.0,312
NO,1864,heat,historical,0.0,0.0,0.0,312
NO,1865,heat,historical,0.0,0.0,0.0,312
NO,1866,heat,historical,0.0,0.0,0.0,312
NO,1867,heat,historical,0.0,0.0,0.0,312
NO,1868,heat,historical,0.0,0.0,0.0,312
NO,1869,heat,historical,0.0,0.0,0.0,312
NO,1870,heat,historical,0.0,0.0,0.0,312
NO,1871,heat,historical,0.0,0.0,0.0,312
NO,1872,heat,historical,0.0,0.0,0.0,312
NO,1873,heat,historical,0.0,0.0,0.0,312
NO,1874,heat,historical,0.0,0.0,0.0,312
NO,1875,heat,historical,0.0,0.0,0.0,312
NO,1876,heat,historical,0.0,0.0,0.0,312
NO,1877,heat,historical,0.0,0.0,0.0,312
NO,1878,heat,historical,0.0,0.0,0.0,312
NO,1879,heat,historical,0.0,0.0,0.0,312
NO,1880,heat,historical,0.0,0.0,0.0,312
NO,1881,heat,historical,0.0,0.0,0.0,312
NO,1882,heat,historical,0.0,0.0,0.0,312
NO,1883,heat,historical,0.0,0.0,0.0,312
NO,1884,heat,historical,0.0,0.0,0.0,312
NO,1885,heat,historical,0.0,0.0,0.0,312
NO,1886,heat,historical,0.0,0.0,0.0,312
NO,1887,heat,historical,0.0,0.0,0.0,312
NO,1888,heat,historical,0.0,0.0,0.0,312
NO,1889,heat,historical,0.0,0.0,0.0,312
NO,1890,heat,historical,0.0,0.0,0.0,312
NO,1891,heat,historical,0.0,0.0,0.0,312
NO,1892,heat,historical,0.0,0.0,0.0,312
NO,1893,heat,historical,0.0,0.0,0.0,312
NO,1894,heat,historical,0.0,0.0,0.0,312
NO,1895,heat,historical,0.0,0.0,0.0,312
NO,1896,heat,historical,0.0,0.0,0.0,312
NO,1897,heat,historical,0.0,0.0,0.0,312
NO,1898,heat,historical,0.0,0.0,0.0,312
NO,1899,heat,historical,0.0,0.0,0.0,312
NO,1900,heat,historical,0.0,0.0,0.0,312
NO,1901,heat,historical,0.0,0.0,0.0,312
NO,1902,heat,historical,0.0,0.0,0.0,312
NO,1903,heat,historical,0.0,0.0,0.0,312
NO,1904,heat,historical,0.0,0.0,0.0,312
NO,1905,heat,historical,0.0,0.0,0.0,312
NO,1906,heat,historical,0.0,0.0,0.0,312
NO,1907,heat,historical,0.0,0.0,0.0,312
NO,1908,heat,historical,0.0,0.0,0.0,312
NO,1909,heat,historical,0.0,0.0,0.0,312
NO,1910,heat,historical,0.0,0.0,0.0,312
NO,1911,heat,historical,0.0,0.0,0.0,312
NO,1912,heat,historical,0.0,0.0,0.0,312
NO,1913,heat,historical,0.0,0.0,0.0,312
NO,1914,heat,historical,0.0,0.0,0.0,312
NO,1915,heat,historical,0.0,0.0,0.0,312
NO,1916,heat,historical,0.0,0.0,0.0,312
NO,1917,heat,historical,0.0,0.0,0.0,312
NO,1918,heat,historical,0.0,0.0,0.0,312
NO,1919,heat,historical,0.0,0.0,0.0,312
NO,1920,heat,historical,0.0,0.0,0.0,312
NO,1921,heat,historical,0.0,0.0,0.0,312
NO,1922,heat,historical,0.0,0.0,0.0,312
NO,1923,heat,historical,0.0,0.0,0.0,312
NO,1924,heat,historical,0.0,0.0,0.0,312
NO,1925,heat,historical,0.0,0.0,0.0,312
NO,1926,heat,historical,0.0,0.0,0.0,312
NO,1927,heat,historical,0.0,0.0,0.0,312
NO,1928,heat,historical,0.0,0.0,0.0,312
NO,1929,heat,historical,0.0,0.0,0.0,312
NO,1930,heat,historical,0.0,0.0,0.0,312
NO,1931,heat,historical,0.0,0.0,0.0,312
NO,1932,heat,historical,0.0,0.0,0.0,312
NO,1933,heat,historical,0.0,0.0,0.0,312
NO,1934,heat,historical,0.0,0.0,0.0,312
NO,1935,heat,historical,0.0,0.0,0.0,312
NO,1936,heat,historical,0.0,0.0,0.0,312
NO,1937,heat,historical,0.0,0.0,0.0,312
NO,1938,heat,historical,0.0,0.0,0.0,312
NO,1939,heat,historical,0.0,0.0,0.0,312
NO,1940,heat,historical,0.0,0.0,0.0,312
NO,1941,heat,historical,0.0,0.0,0.0,312
NO,1942,heat,historical,0.0,0.0,0.0,312
NO,1943,heat,historical,0.0,0.0,0.0,312
NO,1944,heat,historical,0.0,0.0,0.0,312
NO,1945,heat,historical,0.0,0.0,0.0,312
NO,1946,heat,historical,0.0,0.0,0.0,312
NO,1947,heat,historical,0.0,0.0,0.0,312
NO,1948,heat,historical,0.0,0.0,0.0,312
NO,1949,heat,historical,0.0,0.0,0.0,312
NO,1950,heat,historical,0.0,0.0,0.0,312
NO,1951,heat,historical,0.0,0.0,0.0,312
NO,1952,heat,historical,0.0,0.0,0.0,312
NO,1953,heat,historical,0.0,0.0,0.0,312
NO,1954,heat,historical,0.0,0.0,0.0,312
NO,1955,heat,historical,0.0,0.0,0.0,312
NO,1956,heat,historical,0.0,0.0,0.0,312
NO,1957,heat,historical,0.0,0.0,0.0,312
NO,1958,heat,historical,0.0,0.0,0.0,312
NO,1959,heat,historical,0.0,0.0,0.0,312
NO,1960,heat,historical,0.0,0.0,0.0,312
NO,1961,heat,historical,0.0,0.0,0.0,312
NO,1962,heat,historical,0.0,0.0,0.0,312
NO,1963,heat,historical,0.0,0.0,0.0,312
NO,1964,heat,historical,0.0,0.0,0.0,312
NO,1965,heat,historical,0.0,0.0,0.0,312
NO,1966,heat,historical,0.0,0.0,0.0,312
NO,1967,heat,historical,0.0,0.0,0.0,312
NO,1968,heat,historical,0.0,0.0,0.0,312
NO,1969,heat,historical,0.0,0.0,0.0,312
NO,1970,heat,historical,0.0,0.0,0.0,312
NO,1971,heat,historical,0.0,0.0,0.0,312
NO,1972,heat,historical,0.0,0.0,0.0,312
NO,1973,heat,historical,0.0,0.0,0.0,312
NO,1974,heat,historical,0.0,0.0,0.0,312
NO,1975,heat,historical,0.0,0.0,0.0,312
NO,1976,heat,historical,0.0,0.0,0.0,312
NO,1977,heat,historical,0.0,0.0,0.0,312
NO,1978,heat,historical,0.0,0.0,0.0,312
NO,1979,heat,historical,0.0,0.0,0.0,312
NO,1980,heat,historical,0.0,0.0,0.0,312
NO,1981,heat,historical,0.0,0.0,0.0,312
NO,1982,heat,historical,0.0,0.0,0.0,312
NO,1983,heat,historical,0.0,0.0,0.0,312
NO,1984,heat,historical,0.0,0.0,0.0,312
NO,1985,heat,historical,0.0,0.0,0.0,312
NO,1986,heat,historical,0.0,0.0,0.0,312
NO,1987,heat,historical,0.0,0.0,0.0,312
NO,1988,heat,historical,0.0,0.0,0.0,312
NO,1989,heat,historical,0.0,0.0,0.0,312
NO,1990,heat,historical,0.0,0.0,0.0,312
NO,1991,heat,historical,0.0,0.0,0.0,312
NO,1992,heat,historical,0.0,0.0,0.0,312
NO,1993,heat,historical,0.0,0.0,0.0,312
NO,1994,heat,historical,0.0,0.0,0.0,312
NO,1995,heat,historical,0.0,0.0,0.0,312
NO,1996,heat,historical,0.0,0.0,0.0,312
NO,1997,heat,historical,0.0,0.0,0.0,312
NO,1998,heat,historical,0.0,0.0,0.0,312
NO,1999,heat,historical,0.0,0.0,0.0,312
NO,2000,heat,historical,0.0,0.0,0.0,312
NO,2001,heat,historical,0.0,0.0,0.0,312
NO,2002,heat,historical,0.0,0.0,0.0,312
NO,2003,heat,historical,0.0,0.0,0.0,312
NO,2004,heat,historical,0.0,0.0,0.0,312
NO,2005,heat,historical,0.0,0.0,0.0,312
NO,2006,heat,historical,0.0,0.0,0.0,312
NO,2007,heat,historical,0.0,0.0,0.0,312
NO,2008,heat,historical,0.0,0.0,0.0,312
NO,2009,heat,historical,0.0,0.0,0.0,312
NO,2010,heat,historical,0.0,0.0,0.0,312
NO,2011,heat,historical,0.0,0.0,0.0,312
NO,2012,heat,historical,0.0,0.0,0.0,312
NO,2013,heat,historical,0.0,0.0,0.0,312
NO,2014,heat,historical,0.0,0.0,0.0,312
NP,1850,heat,historical,0.10701019866666667,0.3539437,0.0,12
NP,1851,heat,historical,0.17712740741666666,0.46113944,0.0,12
NP,1852,heat,historical,0.18677242441666667,0.43270344,0.0,12
NP,1853,heat,historical,0.15721895766666666,0.45873138,0.0,12
NP,1854,heat,historical,0.16460567983333332,0.45914075,0.0,12
NP,1855,heat,historical,0.14306688416666666,0.3871592,0.0,12
NP,1856,heat,historical,0.11110881974999999,0.4242606,0.0,12
NP,1857,heat,historical,0.147706165375,0.43408886,0.0,12
NP,1858,heat,historical,0.1700372314416667,0.46293426,0.0,12
NP,1859,heat,historical,0.15923379516666666,0.4183517,0.0,12
NP,1860,heat,historical,0.11305985258333333,0.35086614,0.0,12
NP,1861,heat,historical,0.13796143265833333,0.41972992,0.0,12
NP,1862,heat,historical,0.19174060841666665,0.4713007,0.0,12
NP,1863,heat,historical,0.13181688791666665,0.49237636,0.0,12
NP,1864,heat,historical,0.088122142975,0.3359962,0.0,12
NP,1865,heat,historical,0.13143911883333334,0.46370026,0.0,12
NP,1866,heat,historical,0.16496206724999998,0.47504723,0.0,12
NP,1867,heat,historical,0.15155868516666668,0.5343139,0.0,12
NP,1868,heat,historical,0.1950808585,0.49939144,0.0,12
NP,1869,heat,historical,0.12145741283333333,0.43329084,0.0,12
NP,1870,heat,historical,0.1436919955,0.41321403,0.0,12
NP,1871,heat,historical,0.16737023895,0.4303289,0.0,12
NP,1872,heat,historical,0.16270720778333334,0.49097022,0.0,12
NP,1873,heat,historical,0.13011014258333334,0.42610908,0.0,12
NP,1874,heat,historical,0.09439001416666666,0.3650945,0.0,12
NP,1875,heat,historical,0.15940262824999998,0.4089508,0.0,12
NP,1876,heat,historical,0.19714007391666666,0.500432,0.0,12
NP,1877,heat,historical,0.15118405633333334,0.3853716,0.0,12
NP,1878,heat,historical,0.10905110058333334,0.42447323,0.0,12
NP,1879,heat,historical,0.11667062216666667,0.38113728,0.0,12
NP,1880,heat,historical,0.17450144308333335,0.5320943,0.0,12
NP,1881,heat,historical,0.16350128261666666,0.4563657,0.0,12
NP,1882,heat,historical,0.12667999639166666,0.3999902,0.0,12
NP,1883,heat,historical,0.10613861083333333,0.38771978,0.0,12
NP,1884,heat,historical,0.10847085375,0.31808376,0.0,12
NP,1885,heat,historical,0.13241076558333334,0.45178345,0.0,12
NP,1886,heat,historical,0.20691620945833333,0.50008726,0.0,12
NP,1887,heat,historical,0.15657126665,0.48404655,0.0,12
NP,1888,heat,historical,0.10050333108333333,0.3072045,0.0,12
NP,1889,heat,historical,0.12773754241666666,0.38732332,0.0,12
NP,1890,heat,historical,0.19526633949999997,0.48030415,0.0,12
NP,1891,heat,historical,0.18926731249999998,0.5349261,0.0,12
NP,1892,heat,historical,0.16391531833333334,0.50350547,0.0,12
NP,1893,heat,historical,0.15076388191666668,0.37764058,0.0,12
NP,1894,heat,historical,0.16870752358333332,0.46598595,0.0,12
NP,1895,heat,historical,0.18781066049999998,0.5122637,0.0,12
NP,1896,heat,historical,0.20507409091666665,0.49590763,0.0,12
NP,1897,heat,historical,0.15030674975,0.38823855,0.0,12
NP,1898,heat,historical,0.15447419083333333,0.43147898,0.0,12
NP,1899,heat,historical,0.1493882705,0.4741532,0.0,12
NP,1900,heat,historical,0.17303239958333336,0.4279704,0.0,12
NP,1901,heat,historical,0.14259211308333333,0.35019046,0.0,12
NP,1902,heat,historical,0.14809821516666669,0.39395952,0.0,12
NP,1903,heat,historical,0.14633666625,0.34134758,0.0,12
NP,1904,heat,historical,0.12728462541666666,0.28120852,0.0,12
NP,1905,heat,historical,0.10809351680833333,0.37731126,0.0,12
NP,1906,heat,historical,0.14284892016666667,0.3807176,0.0,12
NP,1907,heat,historical,0.15197262791666666,0.37449646,0.0,12
NP,1908,heat,historical,0.16714491641666665,0.4463371,0.0,12
NP,1909,heat,historical,0.17461384891666665,0.4577295,0.0,12
NP,1910,heat,historical,0.15777584483333332,0.39527425,0.0,12
NP,1911,heat,historical,0.167593189,0.38795978,0.0,12
NP,1912,heat,historical,0.14082936108333335,0.29251057,0.0,12
NP,1913,heat,historical,0.147078089,0.38969782,0.0,12
NP,1914,heat,historical,0.15495622716666668,0.37623188,0.0,12
NP,1915,heat,historical,0.13787290541666666,0.400925,0.0,12
NP,1916,heat,historical,0.141425648,0.45550674,0.0,12
NP,1917,heat,historical,0.12537290975,0.36252803,0.0,12
NP,1918,heat,historical,0.13807306316666665,0.42766434,0.0,12
NP,1919,heat,historical,0.14882088665833335,0.5181008,0.0,12
NP,1920,heat,historical,0.12767207361666666,0.4400096,0.0,12
NP,1921,heat,historical,0.10833397974999999,0.27919123,0.0,12
NP,1922,heat,historical,0.12424743525,0.38668224,0.0,12
NP,1923,heat,historical,0.18995802833333333,0.4586127,0.0,12
NP,1924,heat,historical,0.16306338316666666,0.46449676,0.0,12
NP,1925,heat,historical,0.14216643066666668,0.3411628,0.0,12
NP,1926,heat,historical,0.16006296353333335,0.4004403,0.0,12
NP,1927,heat,historical,0.19366334708333333,0.44637838,0.0,12
NP,1928,heat,historical,0.11408152958333334,0.40765876,0.0,12
NP,1929,heat,historical,0.08969381916666667,0.35250404,0.0,12
NP,1930,heat,historical,0.144903841325,0.37270215,0.0,12
NP,1931,heat,historical,0.1726643558333333,0.40362215,0.0,12
NP,1932,heat,historical,0.1314625235,0.365269,0.0,12
NP,1933,heat,historical,0.11792166091666666,0.4133534,0.0,12
NP,1934,heat,historical,0.14360221966666667,0.41729918,0.0,12
NP,1935,heat,historical,0.16022569358333333,0.41871768,0.0,12
NP,1936,heat,historical,0.13690551385833333,0.41980374,0.0,12
NP,1937,heat,historical,0.09430965983333334,0.3091268,0.0,12
NP,1938,heat,historical,0.1416861105,0.36643973,0.0,12
NP,1939,heat,historical,0.18506330908333335,0.48786223,0.0,12
NP,1940,heat,historical,0.12588471158333334,0.3748428,0.0,12
NP,1941,heat,historical,0.11333674962500001,0.39187253,0.0,12
NP,1942,heat,historical,0.11486240258333334,0.34208316,0.0,12
NP,1943,heat,historical,0.11936231316666666,0.42682758,0.0,12
NP,1944,heat,historical,0.14278216191666668,0.3402073,0.0,12
NP,1945,heat,historical,0.11474001983333333,0.37375158,0.0,12
NP,1946,heat,historical,0.1413029665,0.4460372,0.0,12
NP,1947,heat,historical,0.20702413858333332,0.5249729,0.0,12
NP,1948,heat,historical,0.10008904416666668,0.3628651,0.0,12
NP,1949,heat,historical,0.118305792,0.3768126,0.0,12
NP,1950,heat,historical,0.11141883541666665,0.36087775,0.0,12
NP,1951,heat,historical,0.14419816208333333,0.4594871,0.0,12
NP,1952,heat,historical,0.17154348458333335,0.41779935,0.0,12
NP,1953,heat,historical,0.16148598708333334,0.34710625,0.0,12
NP,1954,heat,historical,0.15576664533333331,0.40003508,0.0,12
NP,1955,heat,historical,0.141687057855,0.38131535,0.0,12
NP,1956,heat,historical,0.1657795025,0.41671175,0.0,12
NP,1957,heat,historical,0.17024487283333334,0.4024617,0.0,12
NP,1958,heat,historical,0.14218565824999999,0.4403121,0.0,12
NP,1959,heat,historical,0.14714338983333333,0.37691277,0.0,12
NP,1960,heat,historical,0.15014969333333333,0.38986042,0.0,12
NP,1961,heat,historical,0.13882932601416667,0.4567998,0.0,12
NP,1962,heat,historical,0.15245032633333333,0.39890516,0.0,12
NP,1963,heat,historical,0.13020597641666667,0.3466184,0.0,12
NP,1964,heat,historical,0.16287643075,0.34270462,0.0,12
NP,1965,heat,historical,0.18774273621666668,0.4587221,0.0,12
NP,1966,heat,historical,0.07241701605833333,0.26303905,0.0,12
NP,1967,heat,historical,0.11958681533333333,0.2844182,0.0,12
NP,1968,heat,historical,0.16957459566666666,0.47369635,0.0,12
NP,1969,heat,historical,0.1321342575,0.35737586,0.0,12
NP,1970,heat,historical,0.14135682433333333,0.32620248,0.0,12
NP,1971,heat,historical,0.09279786116666666,0.34087268,0.0,12
NP,1972,heat,historical,0.14991909,0.39179203,0.0,12
NP,1973,heat,historical,0.16073569408333335,0.42877722,0.0,12
NP,1974,heat,historical,0.15132149414166665,0.35912007,0.0,12
NP,1975,heat,historical,0.11597755183333334,0.33932722,0.0,12
NP,1976,heat,historical,0.14231685575,0.37794667,0.0,12
NP,1977,heat,historical,0.13522281416666668,0.43505722,0.0,12
NP,1978,heat,historical,0.11146421483333334,0.22916232,0.0,12
NP,1979,heat,historical,0.09983382987583334,0.36007816,0.0,12
NP,1980,heat,historical,0.14805317391666667,0.43080744,0.0,12
NP,1981,heat,historical,0.15943592033333334,0.44554213,0.0,12
NP,1982,heat,historical,0.13602911030833334,0.31819168,0.0,12
NP,1983,heat,historical,0.10691152516666667,0.3038374,0.0,12
NP,1984,heat,historical,0.09489433361666666,0.3494394,0.0,12
NP,1985,heat,historical,0.15690889916666667,0.40755087,0.0,12
NP,1986,heat,historical,0.12022792916666668,0.29216626,0.0,12
NP,1987,heat,historical,0.12235011833333333,0.28649792,0.0,12
NP,1988,heat,historical,0.16681464358333334,0.42919743,0.0,12
NP,1989,heat,historical,0.14837786008333334,0.40454867,0.0,12
NP,1990,heat,historical,0.12493405566666665,0.27808863,0.0,12
NP,1991,heat,historical,0.08333694433333333,0.23278135,0.0,12
NP,1992,heat,historical,0.06442914466666666,0.23892096,0.0,12
NP,1993,heat,historical,0.10781309974999999,0.28941393,0.0,12
NP,1994,heat,historical,0.11418111716666668,0.35187072,0.0,12
NP,1995,heat,historical,0.10617560091666667,0.29034874,0.0,12
NP,1996,heat,historical,0.12847436416666666,0.30824667,0.0,12
NP,1997,heat,historical,0.13904204033333334,0.42409796,0.0,12
NP,1998,heat,historical,0.13509544183333333,0.40381002,0.0,12
NP,1999,heat,historical,0.0778905525,0.26746023,0.0,12
NP,2000,heat,historical,0.11409094733333335,0.32606104,0.0,12
NP,2001,heat,historical,0.12489319116666668,0.34037197,0.0,12
NP,2002,heat,historical,0.17619898791666666,0.4576438,0.0,12
NP,2003,heat,historical,0.08332666500000001,0.25633886,0.0,12
NP,2004,heat,historical,0.097328702625,0.24778658,0.0,12
NP,2005,heat,historical,0.07781411041666668,0.2671856,0.0,12
NP,2006,heat,historical,0.127145985,0.35136378,0.0,12
NP,2007,heat,historical,0.12480776241666668,0.30047852,0.0,12
NP,2008,heat,historical,0.11722574141666665,0.3007118,0.0,12
NP,2009,heat,historical,0.13014136304166665,0.30209675,0.0,12
NP,2010,heat,historical,0.13101635891666666,0.32629436,0.0,12
NP,2011,heat,historical,0.09781443699999999,0.27814233,0.0,12
NP,2012,heat,historical,0.06108920266666667,0.17787184,0.0,12
NP,2013,heat,historical,0.09150157091666666,0.25081816,0.0,12
NP,2014,heat,historical,0.14514649283333333,0.36052725,0.0,12
NR,1850,heat,historical,0.0,0.0,0.0,36
NR,1851,heat,historical,0.0,0.0,0.0,36
NR,1852,heat,historical,0.0,0.0,0.0,36
NR,1853,heat,historical,0.0,0.0,0.0,36
NR,1854,heat,historical,0.0,0.0,0.0,36
NR,1855,heat,historical,0.0,0.0,0.0,36
NR,1856,heat,historical,0.0,0.0,0.0,36
NR,1857,heat,historical,0.0,0.0,0.0,36
NR,1858,heat,historical,0.0,0.0,0.0,36
NR,1859,heat,historical,0.0,0.0,0.0,36
NR,1860,heat,historical,0.0,0.0,0.0,36
NR,1861,heat,historical,0.0,0.0,0.0,36
NR,1862,heat,historical,0.0,0.0,0.0,36
NR,1863,heat,historical,0.0,0.0,0.0,36
NR,1864,heat,historical,0.0,0.0,0.0,36
NR,1865,heat,historical,0.0,0.0,0.0,36
NR,1866,heat,historical,0.0,0.0,0.0,36
NR,1867,heat,historical,0.0,0.0,0.0,36
NR,1868,heat,historical,0.0,0.0,0.0,36
NR,1869,heat,historical,0.0,0.0,0.0,36
NR,1870,heat,historical,0.0,0.0,0.0,36
NR,1871,heat,historical,0.0,0.0,0.0,36
NR,1872,heat,historical,0.0,0.0,0.0,36
NR,1873,heat,historical,0.0,0.0,0.0,36
NR,1874,heat,historical,0.0,0.0,0.0,36
NR,1875,heat,historical,0.0,0.0,0.0,36
NR,1876,heat,historical,0.0,0.0,0.0,36
NR,1877,heat,historical,0.0,0.0,0.0,36
NR,1878,heat,historical,0.0,0.0,0.0,36
NR,1879,heat,historical,0.0,0.0,0.0,36
NR,1880,heat,historical,0.0,0.0,0.0,36
NR,1881,heat,historical,0.0,0.0,0.0,36
NR,1882,heat,historical,0.0,0.0,0.0,36
NR,1883,heat,historical,0.0,0.0,0.0,36
NR,1884,heat,historical,0.0,0.0,0.0,36
NR,1885,heat,historical,0.0,0.0,0.0,36
NR,1886,heat,historical,0.0,0.0,0.0,36
NR,1887,heat,historical,0.0,0.0,0.0,36
NR,1888,heat,historical,0.0,0.0,0.0,36
NR,1889,heat,historical,0.0,0.0,0.0,36
NR,1890,heat,historical,0.0,0.0,0.0,36
NR,1891,heat,historical,0.0,0.0,0.0,36
NR,1892,heat,historical,0.0,0.0,0.0,36
NR,1893,heat,historical,0.0,0.0,0.0,36
NR,1894,heat,historical,0.0,0.0,0.0,36
NR,1895,heat,historical,0.0,0.0,0.0,36
NR,1896,heat,historical,0.0,0.0,0.0,36
NR,1897,heat,historical,0.0,0.0,0.0,36
NR,1898,heat,historical,0.0,0.0,0.0,36
NR,1899,heat,historical,0.0,0.0,0.0,36
NR,1900,heat,historical,0.0,0.0,0.0,36
NR,1901,heat,historical,0.0,0.0,0.0,36
NR,1902,heat,historical,0.0,0.0,0.0,36
NR,1903,heat,historical,0.0,0.0,0.0,36
NR,1904,heat,historical,0.0,0.0,0.0,36
NR,1905,heat,historical,0.0,0.0,0.0,36
NR,1906,heat,historical,0.0,0.0,0.0,36
NR,1907,heat,historical,0.0,0.0,0.0,36
NR,1908,heat,historical,0.0,0.0,0.0,36
NR,1909,heat,historical,0.0,0.0,0.0,36
NR,1910,heat,historical,0.0,0.0,0.0,36
NR,1911,heat,historical,0.0,0.0,0.0,36
NR,1912,heat,historical,0.0,0.0,0.0,36
NR,1913,heat,historical,0.0,0.0,0.0,36
NR,1914,heat,historical,0.0,0.0,0.0,36
NR,1915,heat,historical,0.0,0.0,0.0,36
NR,1916,heat,historical,0.0,0.0,0.0,36
NR,1917,heat,historical,0.0,0.0,0.0,36
NR,1918,heat,historical,0.0,0.0,0.0,36
NR,1919,heat,historical,0.0,0.0,0.0,36
NR,1920,heat,historical,0.0,0.0,0.0,36
NR,1921,heat,historical,0.0,0.0,0.0,36
NR,1922,heat,historical,0.0,0.0,0.0,36
NR,1923,heat,historical,0.0,0.0,0.0,36
NR,1924,heat,historical,0.0,0.0,0.0,36
NR,1925,heat,historical,0.0,0.0,0.0,36
NR,1926,heat,historical,0.0,0.0,0.0,36
NR,1927,heat,historical,0.0,0.0,0.0,36
NR,1928,heat,historical,0.0,0.0,0.0,36
NR,1929,heat,historical,0.0,0.0,0.0,36
NR,1930,heat,historical,0.0,0.0,0.0,36
NR,1931,heat,historical,0.0,0.0,0.0,36
NR,1932,heat,historical,0.0,0.0,0.0,36
NR,1933,heat,historical,0.0,0.0,0.0,36
NR,1934,heat,historical,0.0,0.0,0.0,36
NR,1935,heat,historical,0.0,0.0,0.0,36
NR,1936,heat,historical,0.0,0.0,0.0,36
NR,1937,heat,historical,0.0,0.0,0.0,36
NR,1938,heat,historical,0.0,0.0,0.0,36
NR,1939,heat,historical,0.0,0.0,0.0,36
NR,1940,heat,historical,0.0,0.0,0.0,36
NR,1941,heat,historical,0.0,0.0,0.0,36
NR,1942,heat,historical,0.0,0.0,0.0,36
NR,1943,heat,historical,0.0,0.0,0.0,36
NR,1944,heat,historical,0.0,0.0,0.0,36
NR,1945,heat,historical,0.0,0.0,0.0,36
NR,1946,heat,historical,0.0,0.0,0.0,36
NR,1947,heat,historical,0.0,0.0,0.0,36
NR,1948,heat,historical,0.0,0.0,0.0,36
NR,1949,heat,historical,0.0,0.0,0.0,36
NR,1950,heat,historical,0.0,0.0,0.0,36
NR,1951,heat,historical,0.0,0.0,0.0,36
NR,1952,heat,historical,0.0,0.0,0.0,36
NR,1953,heat,historical,0.0,0.0,0.0,36
NR,1954,heat,historical,0.0,0.0,0.0,36
NR,1955,heat,historical,0.0,0.0,0.0,36
NR,1956,heat,historical,0.0,0.0,0.0,36
NR,1957,heat,historical,0.0,0.0,0.0,36
NR,1958,heat,historical,0.0,0.0,0.0,36
NR,1959,heat,historical,0.0,0.0,0.0,36
NR,1960,heat,historical,0.0,0.0,0.0,36
NR,1961,heat,historical,0.0,0.0,0.0,36
NR,1962,heat,historical,0.0,0.0,0.0,36
NR,1963,heat,historical,0.0,0.0,0.0,36
NR,1964,heat,historical,0.0,0.0,0.0,36
NR,1965,heat,historical,0.0,0.0,0.0,36
NR,1966,heat,historical,0.0,0.0,0.0,36
NR,1967,heat,historical,0.0,0.0,0.0,36
NR,1968,heat,historical,0.0,0.0,0.0,36
NR,1969,heat,historical,0.0,0.0,0.0,36
NR,1970,heat,historical,0.0,0.0,0.0,36
NR,1971,heat,historical,0.0,0.0,0.0,36
NR,1972,heat,historical,0.0,0.0,0.0,36
NR,1973,heat,historical,0.0,0.0,0.0,36
NR,1974,heat,historical,0.0,0.0,0.0,36
NR,1975,heat,historical,0.0,0.0,0.0,36
NR,1976,heat,historical,0.0,0.0,0.0,36
NR,1977,heat,historical,0.0,0.0,0.0,36
NR,1978,heat,historical,0.0,0.0,0.0,36
NR,1979,heat,historical,0.0,0.0,0.0,36
NR,1980,heat,historical,0.0,0.0,0.0,36
NR,1981,heat,historical,0.0,0.0,0.0,36
NR,1982,heat,historical,0.0,0.0,0.0,36
NR,1983,heat,historical,0.0,0.0,0.0,36
NR,1984,heat,historical,0.0,0.0,0.0,36
NR,1985,heat,historical,0.0,0.0,0.0,36
NR,1986,heat,historical,0.0,0.0,0.0,36
NR,1987,heat,historical,0.0,0.0,0.0,36
NR,1988,heat,historical,0.0,0.0,0.0,36
NR,1989,heat,historical,0.0,0.0,0.0,36
NR,1990,heat,historical,0.0,0.0,0.0,36
NR,1991,heat,historical,0.0,0.0,0.0,36
NR,1992,heat,historical,0.0,0.0,0.0,36
NR,1993,heat,historical,0.0,0.0,0.0,36
NR,1994,heat,historical,0.0,0.0,0.0,36
NR,1995,heat,historical,0.0,0.0,0.0,36
NR,1996,heat,historical,0.0,0.0,0.0,36
NR,1997,heat,historical,0.0,0.0,0.0,36
NR,1998,heat,historical,0.0,0.0,0.0,36
NR,1999,heat,historical,0.0,0.0,0.0,36
NR,2000,heat,historical,0.0,0.0,0.0,36
NR,2001,heat,historical,0.0,0.0,0.0,36
NR,2002,heat,historical,0.0,0.0,0.0,36
NR,2003,heat,historical,0.0,0.0,0.0,36
NR,2004,heat,historical,0.0,0.0,0.0,36
NR,2005,heat,historical,0.0,0.0,0.0,36
NR,2006,heat,historical,0.0,0.0,0.0,36
NR,2007,heat,historical,0.0,0.0,0.0,36
NR,2008,heat,historical,0.0,0.0,0.0,36
NR,2009,heat,historical,0.0,0.0,0.0,36
NR,2010,heat,historical,0.0,0.0,0.0,36
NR,2011,heat,historical,0.0,0.0,0.0,36
NR,2012,heat,historical,0.0,0.0,0.0,36
NR,2013,heat,historical,0.0,0.0,0.0,36
NR,2014,heat,historical,0.0,0.0,0.0,36
NZ,1850,heat,historical,0.0,0.0,0.0,3420
NZ,1851,heat,historical,0.0,0.0,0.0,3420
NZ,1852,heat,historical,0.0,0.0,0.0,3420
NZ,1853,heat,historical,0.0,0.0,0.0,3420
NZ,1854,heat,historical,0.0,0.0,0.0,3420
NZ,1855,heat,historical,0.0,0.0,0.0,3420
NZ,1856,heat,historical,5.118159064327485e-07,0.0017504104,0.0,3420
NZ,1857,heat,historical,0.0,0.0,0.0,3420
NZ,1858,heat,historical,0.0,0.0,0.0,3420
NZ,1859,heat,historical,0.0,0.0,0.0,3420
NZ,1860,heat,historical,0.0,0.0,0.0,3420
NZ,1861,heat,historical,0.0,0.0,0.0,3420
NZ,1862,heat,historical,0.0,0.0,0.0,3420
NZ,1863,heat,historical,0.0,0.0,0.0,3420
NZ,1864,heat,historical,0.0,0.0,0.0,3420
NZ,1865,heat,historical,0.0,0.0,0.0,3420
NZ,1866,heat,historical,1.105030321637427e-05,0.020169724,0.0,3420
NZ,1867,heat,historical,0.0,0.0,0.0,3420
NZ,1868,heat,historical,0.0,0.0,0.0,3420
NZ,1869,heat,historical,0.0,0.0,0.0,3420
NZ,1870,heat,historical,0.0,0.0,0.0,3420
NZ,1871,heat,historical,0.0,0.0,0.0,3420
NZ,1872,heat,historical,0.0,0.0,0.0,3420
NZ,1873,heat,historical,0.0,0.0,0.0,3420
NZ,1874,heat,historical,5.853205555555555e-06,0.020017963,0.0,3420
NZ,1875,heat,historical,0.0,0.0,0.0,3420
NZ,1876,heat,historical,0.0,0.0,0.0,3420
NZ,1877,heat,historical,0.0,0.0,0.0,3420
NZ,1878,heat,historical,0.0,0.0,0.0,3420
NZ,1879,heat,historical,0.0,0.0,0.0,3420
NZ,1880,heat,historical,0.0,0.0,0.0,3420
NZ,1881,heat,historical,0.0,0.0,0.0,3420
NZ,1882,heat,historical,0.0,0.0,0.0,3420
NZ,1883,heat,historical,0.0,0.0,0.0,3420
NZ,1884,heat,historical,0.0,0.0,0.0,3420
NZ,1885,heat,historical,0.0,0.0,0.0,3420
NZ,1886,heat,historical,0.0,0.0,0.0,3420
NZ,1887,heat,historical,0.0,0.0,0.0,3420
NZ,1888,heat,historical,0.0,0.0,0.0,3420
NZ,1889,heat,historical,5.013411403508771e-06,0.017145867,0.0,3420
NZ,1890,heat,historical,0.0,0.0,0.0,3420
NZ,1891,heat,historical,0.0,0.0,0.0,3420
NZ,1892,heat,historical,0.0,0.0,0.0,3420
NZ,1893,heat,historical,0.0,0.0,0.0,3420
NZ,1894,heat,historical,0.0,0.0,0.0,3420
NZ,1895,heat,historical,0.0,0.0,0.0,3420
NZ,1896,heat,historical,0.0,0.0,0.0,3420
NZ,1897,heat,historical,0.0,0.0,0.0,3420
NZ,1898,heat,historical,0.0,0.0,0.0,3420
NZ,1899,heat,historical,0.0,0.0,0.0,3420
NZ,1900,heat,historical,0.0,0.0,0.0,3420
NZ,1901,heat,historical,0.0,0.0,0.0,3420
NZ,1902,heat,historical,0.0,0.0,0.0,3420
NZ,1903,heat,historical,0.0,0.0,0.0,3420
NZ,1904,heat,historical,0.0,0.0,0.0,3420
NZ,1905,heat,historical,0.0,0.0,0.0,3420
NZ,1906,heat,historical,0.0,0.0,0.0,3420
NZ,1907,heat,historical,1.4082106432748536e-06,0.0048160804,0.0,3420
NZ,1908,heat,historical,6.446374269005849e-07,0.00220466,0.0,3420
NZ,1909,heat,historical,0.0,0.0,0.0,3420
NZ,1910,heat,historical,0.0,0.0,0.0,3420
NZ,1911,heat,historical,0.0,0.0,0.0,3420
NZ,1912,heat,historical,0.0,0.0,0.0,3420
NZ,1913,heat,historical,0.0,0.0,0.0,3420
NZ,1914,heat,historical,0.0,0.0,0.0,3420
NZ,1915,heat,historical,0.0,0.0,0.0,3420
NZ,1916,heat,historical,0.0,0.0,0.0,3420
NZ,1917,heat,historical,0.0,0.0,0.0,3420
NZ,1918,heat,historical,0.0,0.0,0.0,3420
NZ,1919,heat,historical,0.0,0.0,0.0,3420
NZ,1920,heat,historical,0.0,0.0,0.0,3420
NZ,1921,heat,historical,0.0,0.0,0.0,3420
NZ,1922,heat,historical,0.0,0.0,0.0,3420
NZ,1923,heat,historical,0.0,0.0,0.0,3420
NZ,1924,heat,historical,0.0,0.0,0.0,3420
NZ,1925,heat,historical,4.105243567251462e-06,0.010864314,0.0,3420
NZ,1926,heat,historical,5.2103795321637425e-06,0.017819498,0.0,3420
NZ,1927,heat,historical,0.0,0.0,0.0,3420
NZ,1928,heat,historical,0.0,0.0,0.0,3420
NZ,1929,heat,historical,0.0,0.0,0.0,3420
NZ,1930,heat,historical,0.0,0.0,0.0,3420
NZ,1931,heat,historical,0.0,0.0,0.0,3420
NZ,1932,heat,historical,0.0,0.0,0.0,3420
NZ,1933,heat,historical,0.0,0.0,0.0,3420
NZ,1934,heat,historical,0.0,0.0,0.0,3420
NZ,1935,heat,historical,0.0,0.0,0.0,3420
NZ,1936,heat,historical,0.0,0.0,0.0,3420
NZ,1937,heat,historical,0.0,0.0,0.0,3420
NZ,1938,heat,historical,0.0,0.0,0.0,3420
NZ,1939,heat,historical,0.0,0.0,0.0,3420
NZ,1940,heat,historical,0.0,0.0,0.0,3420
NZ,1941,heat,historical,0.0,0.0,0.0,3420
NZ,1942,heat,historical,9.037904970760234e-07,0.0028333832,0.0,3420
NZ,1943,heat,historical,0.0,0.0,0.0,3420
NZ,1944,heat,historical,0.0,0.0,0.0,3420
NZ,1945,heat,historical,4.157013771929825e-06,0.011867793,0.0,3420
NZ,1946,heat,historical,0.0,0.0,0.0,3420
NZ,1947,heat,historical,0.0,0.0,0.0,3420
NZ,1948,heat,historical,0.0,0.0,0.0,3420
NZ,1949,heat,historical,0.0,0.0,0.0,3420
NZ,1950,heat,historical,0.0,0.0,0.0,3420
NZ,1951,heat,historical,0.0,0.0,0.0,3420
NZ,1952,heat,historical,0.0,0.0,0.0,3420
NZ,1953,heat,historical,0.0,0.0,0.0,3420
NZ,1954,heat,historical,0.0,0.0,0.0,3420
NZ,1955,heat,historical,4.717883040935672e-06,0.01613516,0.0,3420
NZ,1956,heat,historical,0.0,0.0,0.0,3420
NZ,1957,heat,historical,0.0,0.0,0.0,3420
NZ,1958,heat,historical,0.0,0.0,0.0,3420
NZ,1959,heat,historical,0.0,0.0,0.0,3420
NZ,1960,heat,historical,0.0,0.0,0.0,3420
NZ,1961,heat,historical,0.0,0.0,0.0,3420
NZ,1962,heat,historical,0.0,0.0,0.0,3420
NZ,1963,heat,historical,0.0,0.0,0.0,3420
NZ,1964,heat,historical,0.0,0.0,0.0,3420
NZ,1965,heat,historical,0.0,0.0,0.0,3420
NZ,1966,heat,historical,0.0,0.0,0.0,3420
NZ,1967,heat,historical,0.0,0.0,0.0,3420
NZ,1968,heat,historical,0.0,0.0,0.0,3420
NZ,1969,heat,historical,0.0,0.0,0.0,3420
NZ,1970,heat,historical,0.0,0.0,0.0,3420
NZ,1971,heat,historical,0.0,0.0,0.0,3420
NZ,1972,heat,historical,7.230323976608187e-06,0.024727708,0.0,3420
NZ,1973,heat,historical,0.0,0.0,0.0,3420
NZ,1974,heat,historical,0.0,0.0,0.0,3420
NZ,1975,heat,historical,0.0,0.0,0.0,3420
NZ,1976,heat,historical,0.0,0.0,0.0,3420
NZ,1977,heat,historical,0.0,0.0,0.0,3420
NZ,1978,heat,historical,0.0,0.0,0.0,3420
NZ,1979,heat,historical,0.0,0.0,0.0,3420
NZ,1980,heat,historical,0.0,0.0,0.0,3420
NZ,1981,heat,historical,0.0,0.0,0.0,3420
NZ,1982,heat,historical,0.0,0.0,0.0,3420
NZ,1983,heat,historical,2.60798216374269e-06,0.008919299,0.0,3420
NZ,1984,heat,historical,0.0,0.0,0.0,3420
NZ,1985,heat,historical,0.0,0.0,0.0,3420
NZ,1986,heat,historical,1.7201904385964913e-06,0.0033506085,0.0,3420
NZ,1987,heat,historical,0.0,0.0,0.0,3420
NZ,1988,heat,historical,0.0,0.0,0.0,3420
NZ,1989,heat,historical,0.0,0.0,0.0,3420
NZ,1990,heat,historical,7.5297766081871335e-06,0.0173637,0.0,3420
NZ,1991,heat,historical,0.0,0.0,0.0,3420
NZ,1992,heat,historical,0.0,0.0,0.0,3420
NZ,1993,heat,historical,0.0,0.0,0.0,3420
NZ,1994,heat,historical,0.0,0.0,0.0,3420
NZ,1995,heat,historical,0.0,0.0,0.0,3420
NZ,1996,heat,historical,0.0,0.0,0.0,3420
NZ,1997,heat,historical,0.0,0.0,0.0,3420
NZ,1998,heat,historical,0.0,0.0,0.0,3420
NZ,1999,heat,historical,0.0,0.0,0.0,3420
NZ,2000,heat,historical,4.399413157894737e-06,0.015045993,0.0,3420
NZ,2001,heat,historical,0.0,0.0,0.0,3420
NZ,2002,heat,historical,0.0,0.0,0.0,3420
NZ,2003,heat,historical,0.0,0.0,0.0,3420
NZ,2004,heat,historical,0.0,0.0,0.0,3420
NZ,2005,heat,historical,0.0,0.0,0.0,3420
NZ,2006,heat,historical,0.0,0.0,0.0,3420
NZ,2007,heat,historical,0.0,0.0,0.0,3420
NZ,2008,heat,historical,0.0,0.0,0.0,3420
NZ,2009,heat,historical,3.5123763157894734e-06,0.012012327,0.0,3420
NZ,2010,heat,historical,0.0,0.0,0.0,3420
NZ,2011,heat,historical,0.0,0.0,0.0,3420
NZ,2012,heat,historical,1.6495233625730995e-05,0.019987509,0.0,3420
NZ,2013,heat,historical,4.24078187134503e-06,0.014503474,0.0,3420
NZ,2014,heat,historical,0.0,0.0,0.0,3420
OM,1850,heat,historical,0.03252359081666666,0.36725324,0.0,60
OM,1851,heat,historical,0.040021989800000005,0.4375226,0.0,60
OM,1852,heat,historical,0.039546016648333335,0.46075487,0.0,60
OM,1853,heat,historical,0.0400227463,0.40905145,0.0,60
OM,1854,heat,historical,0.036137180633333335,0.37338662,0.0,60
OM,1855,heat,historical,0.033498902095,0.34928042,0.0,60
OM,1856,heat,historical,0.033981233535,0.45171118,0.0,60
OM,1857,heat,historical,0.03693281648333334,0.41691202,0.0,60
OM,1858,heat,historical,0.042058570983333335,0.41192925,0.0,60
OM,1859,heat,historical,0.03611212829833333,0.3877502,0.0,60
OM,1860,heat,historical,0.027806687808333334,0.37270528,0.0,60
OM,1861,heat,historical,0.0349451548,0.43325728,0.0,60
OM,1862,heat,historical,0.044973933546666664,0.4810702,0.0,60
OM,1863,heat,historical,0.0369829558,0.3996464,0.0,60
OM,1864,heat,historical,0.031524026100000005,0.37650135,0.0,60
OM,1865,heat,historical,0.030619336395,0.37305316,0.0,60
OM,1866,heat,historical,0.03569249035,0.4435703,0.0,60
OM,1867,heat,historical,0.03222487821666667,0.43998122,0.0,60
OM,1868,heat,historical,0.041189101458333335,0.43227443,0.0,60
OM,1869,heat,historical,0.0320089286,0.34089848,0.0,60
OM,1870,heat,historical,0.03303866511666667,0.38348132,0.0,60
OM,1871,heat,historical,0.036817850549999996,0.4087603,0.0,60
OM,1872,heat,historical,0.04439726818333333,0.49761057,0.0,60
OM,1873,heat,historical,0.028979392555,0.35619485,0.0,60
OM,1874,heat,historical,0.0296560695,0.32543385,0.0,60
OM,1875,heat,historical,0.03704745294166667,0.38725728,0.0,60
OM,1876,heat,historical,0.04437602633833333,0.49543634,0.0,60
OM,1877,heat,historical,0.03622533886958333,0.36988634,0.0,60
OM,1878,heat,historical,0.03294605043333333,0.32836378,0.0,60
OM,1879,heat,historical,0.031798595666666665,0.3763413,0.0,60
OM,1880,heat,historical,0.042247900520000006,0.50243074,0.0,60
OM,1881,heat,historical,0.04212530356666667,0.46607167,0.0,60
OM,1882,heat,historical,0.03449563710833334,0.4171789,0.0,60
OM,1883,heat,historical,0.035534087900000004,0.35270125,0.0,60
OM,1884,heat,historical,0.02784115275833333,0.36506665,0.0,60
OM,1885,heat,historical,0.031678668216666664,0.4227982,0.0,60
OM,1886,heat,historical,0.041022707916666665,0.46347988,0.0,60
OM,1887,heat,historical,0.033850498561666664,0.35557437,0.0,60
OM,1888,heat,historical,0.03103517325,0.33833557,0.0,60
OM,1889,heat,historical,0.03454339336666667,0.38200915,0.0,60
OM,1890,heat,historical,0.037243631895000004,0.4920119,0.0,60
OM,1891,heat,historical,0.039552589683333333,0.46659818,0.0,60
OM,1892,heat,historical,0.039860525,0.38450596,0.0,60
OM,1893,heat,historical,0.04086837348333334,0.40894306,0.0,60
OM,1894,heat,historical,0.041013544295,0.42098996,0.0,60
OM,1895,heat,historical,0.041687504,0.4679243,0.0,60
OM,1896,heat,historical,0.03284611613333333,0.37996757,0.0,60
OM,1897,heat,historical,0.03569262808333333,0.40612257,0.0,60
OM,1898,heat,historical,0.036875914228333334,0.414361,0.0,60
OM,1899,heat,historical,0.0369082025,0.43262443,0.0,60
OM,1900,heat,historical,0.03917355831666667,0.48163697,0.0,60
OM,1901,heat,historical,0.034772023128333336,0.44683367,0.0,60
OM,1902,heat,historical,0.03650135694166667,0.3673601,0.0,60
OM,1903,heat,historical,0.03270107410333333,0.36072803,0.0,60
OM,1904,heat,historical,0.02701287732,0.35223716,0.0,60
OM,1905,heat,historical,0.030296398333333332,0.36679485,0.0,60
OM,1906,heat,historical,0.039018415349999995,0.4361593,0.0,60
OM,1907,heat,historical,0.03173705807833333,0.31621155,0.0,60
OM,1908,heat,historical,0.03641586602166667,0.43907323,0.0,60
OM,1909,heat,historical,0.0368071054,0.46385306,0.0,60
OM,1910,heat,historical,0.03418378723333334,0.35637343,0.0,60
OM,1911,heat,historical,0.036497381483333334,0.4198786,0.0,60
OM,1912,heat,historical,0.036110510448333334,0.3875969,0.0,60
OM,1913,heat,historical,0.035533924211666665,0.3911277,0.0,60
OM,1914,heat,historical,0.03861642225,0.47034472,0.0,60
OM,1915,heat,historical,0.03593176276666667,0.4290735,0.0,60
OM,1916,heat,historical,0.04034347536666667,0.41739625,0.0,60
OM,1917,heat,historical,0.03727471544,0.35982984,0.0,60
OM,1918,heat,historical,0.03745155525,0.4693851,0.0,60
OM,1919,heat,historical,0.036845363071666665,0.4945304,0.0,60
OM,1920,heat,historical,0.031907652,0.36426085,0.0,60
OM,1921,heat,historical,0.0316445389,0.3588398,0.0,60
OM,1922,heat,historical,0.0393871499,0.4284536,0.0,60
OM,1923,heat,historical,0.042413863733333335,0.48137626,0.0,60
OM,1924,heat,historical,0.03707937978333333,0.4303888,0.0,60
OM,1925,heat,historical,0.03501533999333333,0.34975997,0.0,60
OM,1926,heat,historical,0.0407328218,0.44170633,0.0,60
OM,1927,heat,historical,0.03857954911666666,0.49708608,0.0,60
OM,1928,heat,historical,0.03706621761666666,0.40677607,0.0,60
OM,1929,heat,historical,0.030216887,0.3219031,0.0,60
OM,1930,heat,historical,0.0406976088,0.43847495,0.0,60
OM,1931,heat,historical,0.03715754088333333,0.39567173,0.0,60
OM,1932,heat,historical,0.037037972903333334,0.47355336,0.0,60
OM,1933,heat,historical,0.042001143133333335,0.41858605,0.0,60
OM,1934,heat,historical,0.040063121216666664,0.45917946,0.0,60
OM,1935,heat,historical,0.04123659156666667,0.45331034,0.0,60
OM,1936,heat,historical,0.03793331786666666,0.4198791,0.0,60
OM,1937,heat,historical,0.028861794521666668,0.31187916,0.0,60
OM,1938,heat,historical,0.038895304166666665,0.41421133,0.0,60
OM,1939,heat,historical,0.0444996277,0.45963266,0.0,60
OM,1940,heat,historical,0.0347415252,0.40013215,0.0,60
OM,1941,heat,historical,0.03673550915,0.3678071,0.0,60
OM,1942,heat,historical,0.03229486526666667,0.3937556,0.0,60
OM,1943,heat,historical,0.03793067706666667,0.4110011,0.0,60
OM,1944,heat,historical,0.034072916683333336,0.4430355,0.0,60
OM,1945,heat,historical,0.033781930583333335,0.45483363,0.0,60
OM,1946,heat,historical,0.03826308847166667,0.4236148,0.0,60
OM,1947,heat,historical,0.04413114397383333,0.42546484,0.0,60
OM,1948,heat,historical,0.0351204973,0.37614363,0.0,60
OM,1949,heat,historical,0.032883489,0.3357758,0.0,60
OM,1950,heat,historical,0.0350205357,0.46714535,0.0,60
OM,1951,heat,historical,0.036769405766666666,0.41268903,0.0,60
OM,1952,heat,historical,0.03978616701,0.37756318,0.0,60
OM,1953,heat,historical,0.030956385266666667,0.45089817,0.0,60
OM,1954,heat,historical,0.03510960613333333,0.4388203,0.0,60
OM,1955,heat,historical,0.0411774798,0.4697831,0.0,60
OM,1956,heat,historical,0.04044151691666666,0.46389383,0.0,60
OM,1957,heat,historical,0.03720942615,0.4178231,0.0,60
OM,1958,heat,historical,0.04213407078333333,0.4264327,0.0,60
OM,1959,heat,historical,0.035396987149999996,0.4429896,0.0,60
OM,1960,heat,historical,0.03189353315,0.40103084,0.0,60
OM,1961,heat,historical,0.03975980691666667,0.4585781,0.0,60
OM,1962,heat,historical,0.0345497591,0.376027,0.0,60
OM,1963,heat,historical,0.031498732056666666,0.3276736,0.0,60
OM,1964,heat,historical,0.035466191349999995,0.44515863,0.0,60
OM,1965,heat,historical,0.04294048440666667,0.44701123,0.0,60
OM,1966,heat,historical,0.03241971488333333,0.31935364,0.0,60
OM,1967,heat,historical,0.03631928586666667,0.38177633,0.0,60
OM,1968,heat,historical,0.04082293215,0.4211505,0.0,60
OM,1969,heat,historical,0.04800299654666666,0.4647115,0.0,60
OM,1970,heat,historical,0.03585522793333333,0.3633219,0.0,60
OM,1971,heat,historical,0.034705761849999996,0.3357923,0.0,60
OM,1972,heat,historical,0.03193264321666667,0.45600796,0.0,60
OM,1973,heat,historical,0.037040165308833334,0.39625552,0.0,60
OM,1974,heat,historical,0.037178816266666664,0.38398772,0.0,60
OM,1975,heat,historical,0.03638356065,0.36733633,0.0,60
OM,1976,heat,historical,0.037085960945,0.43473825,0.0,60
OM,1977,heat,historical,0.03686259666666667,0.39675626,0.0,60
OM,1978,heat,historical,0.03797452825,0.37174308,0.0,60
OM,1979,heat,historical,0.03327903796666667,0.42407626,0.0,60
OM,1980,heat,historical,0.044515130900000005,0.5136414,0.0,60
OM,1981,heat,historical,0.039366029351666665,0.4292413,0.0,60
OM,1982,heat,historical,0.038486824053333334,0.4105608,0.0,60
OM,1983,heat,historical,0.03027677331,0.34153855,0.0,60
OM,1984,heat,historical,0.038118562041666665,0.4718432,0.0,60
OM,1985,heat,historical,0.03434636178333333,0.36367342,0.0,60
OM,1986,heat,historical,0.03695651815,0.36425725,0.0,60
OM,1987,heat,historical,0.033754899049999995,0.3666054,0.0,60
OM,1988,heat,historical,0.045480456733333334,0.504079,0.0,60
OM,1989,heat,historical,0.044999304208333334,0.42135543,0.0,60
OM,1990,heat,historical,0.040038920283333335,0.4037181,0.0,60
OM,1991,heat,historical,0.037000093049999995,0.38954297,0.0,60
OM,1992,heat,historical,0.027566804066666666,0.3709048,0.0,60
OM,1993,heat,historical,0.03880443639166667,0.4202327,0.0,60
OM,1994,heat,historical,0.0449459376,0.46516782,0.0,60
OM,1995,heat,historical,0.0362797886,0.42147517,0.0,60
OM,1996,heat,historical,0.030579917100000003,0.38570404,0.0,60
OM,1997,heat,historical,0.04630096963333333,0.5230986,0.0,60
OM,1998,heat,historical,0.04517351811833334,0.45086408,0.0,60
OM,1999,heat,historical,0.0370428506,0.40459567,0.0,60
OM,2000,heat,historical,0.040897908988333335,0.43045074,0.0,60
OM,2001,heat,historical,0.04728306836666667,0.5399631,0.0,60
OM,2002,heat,historical,0.05440926875016667,0.47493574,0.0,60
OM,2003,heat,historical,0.035853963748333335,0.3853814,0.0,60
OM,2004,heat,historical,0.0372075416,0.41229776,0.0,60
OM,2005,heat,historical,0.042308768048666665,0.43591464,0.0,60
OM,2006,heat,historical,0.04716720208333334,0.5206395,0.0,60
OM,2007,heat,historical,0.04501558088,0.45407015,0.0,60
OM,2008,heat,historical,0.048149233491666665,0.5155849,0.0,60
OM,2009,heat,historical,0.04941255535,0.513852,0.0,60
OM,2010,heat,historical,0.04935389807833333,0.5432084,0.0,60
OM,2011,heat,historical,0.0469802116,0.43989605,0.0,60
OM,2012,heat,historical,0.038209662750000005,0.38218206,0.0,60
OM,2013,heat,historical,0.03864633461666667,0.43845898,0.0,60
OM,2014,heat,historical,0.042139413699999996,0.5201548,0.0,60
PG,1850,heat,historical,0.0,0.0,0.0,144
PG,1851,heat,historical,0.0,0.0,0.0,144
PG,1852,heat,historical,0.0,0.0,0.0,144
PG,1853,heat,historical,0.0,0.0,0.0,144
PG,1854,heat,historical,0.0,0.0,0.0,144
PG,1855,heat,historical,0.0,0.0,0.0,144
PG,1856,heat,historical,0.0,0.0,0.0,144
PG,1857,heat,historical,0.0,0.0,0.0,144
PG,1858,heat,historical,0.0,0.0,0.0,144
PG,1859,heat,historical,0.0,0.0,0.0,144
PG,1860,heat,historical,0.0,0.0,0.0,144
PG,1861,heat,historical,0.0,0.0,0.0,144
PG,1862,heat,historical,0.0,0.0,0.0,144
PG,1863,heat,historical,0.0,0.0,0.0,144
PG,1864,heat,historical,0.0,0.0,0.0,144
PG,1865,heat,historical,0.0,0.0,0.0,144
PG,1866,heat,historical,0.0,0.0,0.0,144
PG,1867,heat,historical,0.0,0.0,0.0,144
PG,1868,heat,historical,0.0,0.0,0.0,144
PG,1869,heat,historical,0.0,0.0,0.0,144
PG,1870,heat,historical,0.0,0.0,0.0,144
PG,1871,heat,historical,0.0,0.0,0.0,144
PG,1872,heat,historical,0.0,0.0,0.0,144
PG,1873,heat,historical,0.0,0.0,0.0,144
PG,1874,heat,historical,0.0,0.0,0.0,144
PG,1875,heat,historical,0.0,0.0,0.0,144
PG,1876,heat,historical,0.0,0.0,0.0,144
PG,1877,heat,historical,0.0,0.0,0.0,144
PG,1878,heat,historical,0.0,0.0,0.0,144
PG,1879,heat,historical,0.0,0.0,0.0,144
PG,1880,heat,historical,0.0,0.0,0.0,144
PG,1881,heat,historical,0.0,0.0,0.0,144
PG,1882,heat,historical,0.0,0.0,0.0,144
PG,1883,heat,historical,0.0,0.0,0.0,144
PG,1884,heat,historical,0.0,0.0,0.0,144
PG,1885,heat,historical,0.0,0.0,0.0,144
PG,1886,heat,historical,0.0,0.0,0.0,144
PG,1887,heat,historical,0.0,0.0,0.0,144
PG,1888,heat,historical,0.0,0.0,0.0,144
PG,1889,heat,historical,0.0,0.0,0.0,144
PG,1890,heat,historical,0.0,0.0,0.0,144
PG,1891,heat,historical,0.0,0.0,0.0,144
PG,1892,heat,historical,0.0,0.0,0.0,144
PG,1893,heat,historical,0.0,0.0,0.0,144
PG,1894,heat,historical,0.0,0.0,0.0,144
PG,1895,heat,historical,0.0,0.0,0.0,144
PG,1896,heat,historical,0.0,0.0,0.0,144
PG,1897,heat,historical,0.0,0.0,0.0,144
PG,1898,heat,historical,0.0,0.0,0.0,144
PG,1899,heat,historical,0.0,0.0,0.0,144
PG,1900,heat,historical,0.0,0.0,0.0,144
PG,1901,heat,historical,0.0,0.0,0.0,144
PG,1902,heat,historical,0.0,0.0,0.0,144
PG,1903,heat,historical,0.0,0.0,0.0,144
PG,1904,heat,historical,0.0,0.0,0.0,144
PG,1905,heat,historical,0.0,0.0,0.0,144
PG,1906,heat,historical,0.0,0.0,0.0,144
PG,1907,heat,historical,0.0,0.0,0.0,144
PG,1908,heat,historical,0.0,0.0,0.0,144
PG,1909,heat,historical,0.0,0.0,0.0,144
PG,1910,heat,historical,0.0,0.0,0.0,144
PG,1911,heat,historical,0.0,0.0,0.0,144
PG,1912,heat,historical,0.0,0.0,0.0,144
PG,1913,heat,historical,0.0,0.0,0.0,144
PG,1914,heat,historical,0.0,0.0,0.0,144
PG,1915,heat,historical,0.0,0.0,0.0,144
PG,1916,heat,historical,0.0,0.0,0.0,144
PG,1917,heat,historical,0.0,0.0,0.0,144
PG,1918,heat,historical,0.0,0.0,0.0,144
PG,1919,heat,historical,0.0,0.0,0.0,144
PG,1920,heat,historical,0.0,0.0,0.0,144
PG,1921,heat,historical,0.0,0.0,0.0,144
PG,1922,heat,historical,0.0,0.0,0.0,144
PG,1923,heat,historical,0.0,0.0,0.0,144
PG,1924,heat,historical,0.0,0.0,0.0,144
PG,1925,heat,historical,0.0,0.0,0.0,144
PG,1926,heat,historical,0.0,0.0,0.0,144
PG,1927,heat,historical,0.0,0.0,0.0,144
PG,1928,heat,historical,0.0,0.0,0.0,144
PG,1929,heat,historical,0.0,0.0,0.0,144
PG,1930,heat,historical,0.0,0.0,0.0,144
PG,1931,heat,historical,0.0,0.0,0.0,144
PG,1932,heat,historical,0.0,0.0,0.0,144
PG,1933,heat,historical,0.0,0.0,0.0,144
PG,1934,heat,historical,0.0,0.0,0.0,144
PG,1935,heat,historical,0.0,0.0,0.0,144
PG,1936,heat,historical,0.0,0.0,0.0,144
PG,1937,heat,historical,0.0,0.0,0.0,144
PG,1938,heat,historical,0.0,0.0,0.0,144
PG,1939,heat,historical,0.0,0.0,0.0,144
PG,1940,heat,historical,0.0,0.0,0.0,144
PG,1941,heat,historical,0.0,0.0,0.0,144
PG,1942,heat,historical,0.0,0.0,0.0,144
PG,1943,heat,historical,0.0,0.0,0.0,144
PG,1944,heat,historical,0.0,0.0,0.0,144
PG,1945,heat,historical,0.0,0.0,0.0,144
PG,1946,heat,historical,0.0,0.0,0.0,144
PG,1947,heat,historical,0.0,0.0,0.0,144
PG,1948,heat,historical,0.0,0.0,0.0,144
PG,1949,heat,historical,0.0,0.0,0.0,144
PG,1950,heat,historical,0.0,0.0,0.0,144
PG,1951,heat,historical,0.0,0.0,0.0,144
PG,1952,heat,historical,0.0,0.0,0.0,144
PG,1953,heat,historical,0.0,0.0,0.0,144
PG,1954,heat,historical,0.0,0.0,0.0,144
PG,1955,heat,historical,0.0,0.0,0.0,144
PG,1956,heat,historical,0.0,0.0,0.0,144
PG,1957,heat,historical,4.233499305555556e-05,0.006096239,0.0,144
PG,1958,heat,historical,0.0,0.0,0.0,144
PG,1959,heat,historical,0.0,0.0,0.0,144
PG,1960,heat,historical,0.0,0.0,0.0,144
PG,1961,heat,historical,0.0,0.0,0.0,144
PG,1962,heat,historical,0.0,0.0,0.0,144
PG,1963,heat,historical,0.0,0.0,0.0,144
PG,1964,heat,historical,0.0,0.0,0.0,144
PG,1965,heat,historical,0.0,0.0,0.0,144
PG,1966,heat,historical,0.0,0.0,0.0,144
PG,1967,heat,historical,0.0,0.0,0.0,144
PG,1968,heat,historical,0.0,0.0,0.0,144
PG,1969,heat,historical,0.0,0.0,0.0,144
PG,1970,heat,historical,0.0,0.0,0.0,144
PG,1971,heat,historical,0.0,0.0,0.0,144
PG,1972,heat,historical,0.0,0.0,0.0,144
PG,1973,heat,historical,0.0,0.0,0.0,144
PG,1974,heat,historical,0.0,0.0,0.0,144
PG,1975,heat,historical,0.0,0.0,0.0,144
PG,1976,heat,historical,0.0,0.0,0.0,144
PG,1977,heat,historical,0.0,0.0,0.0,144
PG,1978,heat,historical,0.0,0.0,0.0,144
PG,1979,heat,historical,0.0,0.0,0.0,144
PG,1980,heat,historical,0.0,0.0,0.0,144
PG,1981,heat,historical,0.0,0.0,0.0,144
PG,1982,heat,historical,0.0,0.0,0.0,144
PG,1983,heat,historical,0.0,0.0,0.0,144
PG,1984,heat,historical,0.0,0.0,0.0,144
PG,1985,heat,historical,0.0,0.0,0.0,144
PG,1986,heat,historical,0.0,0.0,0.0,144
PG,1987,heat,historical,0.0,0.0,0.0,144
PG,1988,heat,historical,0.0,0.0,0.0,144
PG,1989,heat,historical,0.0,0.0,0.0,144
PG,1990,heat,historical,0.0,0.0,0.0,144
PG,1991,heat,historical,0.0,0.0,0.0,144
PG,1992,heat,historical,0.0,0.0,0.0,144
PG,1993,heat,historical,0.0,0.0,0.0,144
PG,1994,heat,historical,0.0,0.0,0.0,144
PG,1995,heat,historical,0.0,0.0,0.0,144
PG,1996,heat,historical,0.0,0.0,0.0,144
PG,1997,heat,historical,0.0,0.0,0.0,144
PG,1998,heat,historical,0.0,0.0,0.0,144
PG,1999,heat,historical,0.0,0.0,0.0,144
PG,2000,heat,historical,0.0,0.0,0.0,144
PG,2001,heat,historical,0.0,0.0,0.0,144
PG,2002,heat,historical,0.0,0.0,0.0,144
PG,2003,heat,historical,0.0,0.0,0.0,144
PG,2004,heat,historical,0.0,0.0,0.0,144
PG,2005,heat,historical,0.0,0.0,0.0,144
PG,2006,heat,historical,3.0501986805555555e-05,0.0025014712,0.0,144
PG,2007,heat,historical,0.0,0.0,0.0,144
PG,2008,heat,historical,0.0,0.0,0.0,144
PG,2009,heat,historical,0.0,0.0,0.0,144
PG,2010,heat,historical,0.0,0.0,0.0,144
PG,2011,heat,historical,0.0,0.0,0.0,144
PG,2012,heat,historical,0.0,0.0,0.0,144
PG,2013,heat,historical,0.0,0.0,0.0,144
PG,2014,heat,historical,1.1008531944444445e-05,0.0015852286,0.0,144
PH,1850,heat,historical,0.0,0.0,0.0,144
PH,1851,heat,historical,0.0,0.0,0.0,144
PH,1852,heat,historical,0.0,0.0,0.0,144
PH,1853,heat,historical,0.0,0.0,0.0,144
PH,1854,heat,historical,0.0,0.0,0.0,144
PH,1855,heat,historical,0.0,0.0,0.0,144
PH,1856,heat,historical,0.0,0.0,0.0,144
PH,1857,heat,historical,0.0,0.0,0.0,144
PH,1858,heat,historical,0.0,0.0,0.0,144
PH,1859,heat,historical,0.0,0.0,0.0,144
PH,1860,heat,historical,0.0,0.0,0.0,144
PH,1861,heat,historical,0.0,0.0,0.0,144
PH,1862,heat,historical,0.0,0.0,0.0,144
PH,1863,heat,historical,0.0,0.0,0.0,144
PH,1864,heat,historical,0.0,0.0,0.0,144
PH,1865,heat,historical,0.0,0.0,0.0,144
PH,1866,heat,historical,0.0,0.0,0.0,144
PH,1867,heat,historical,0.0,0.0,0.0,144
PH,1868,heat,historical,0.0,0.0,0.0,144
PH,1869,heat,historical,0.0,0.0,0.0,144
PH,1870,heat,historical,0.0,0.0,0.0,144
PH,1871,heat,historical,0.0,0.0,0.0,144
PH,1872,heat,historical,0.0,0.0,0.0,144
PH,1873,heat,historical,0.0,0.0,0.0,144
PH,1874,heat,historical,0.0,0.0,0.0,144
PH,1875,heat,historical,0.0,0.0,0.0,144
PH,1876,heat,historical,0.0,0.0,0.0,144
PH,1877,heat,historical,0.0,0.0,0.0,144
PH,1878,heat,historical,0.0,0.0,0.0,144
PH,1879,heat,historical,0.0,0.0,0.0,144
PH,1880,heat,historical,0.0,0.0,0.0,144
PH,1881,heat,historical,0.0,0.0,0.0,144
PH,1882,heat,historical,0.0,0.0,0.0,144
PH,1883,heat,historical,0.0,0.0,0.0,144
PH,1884,heat,historical,0.0,0.0,0.0,144
PH,1885,heat,historical,0.0,0.0,0.0,144
PH,1886,heat,historical,0.0,0.0,0.0,144
PH,1887,heat,historical,0.0,0.0,0.0,144
PH,1888,heat,historical,0.0,0.0,0.0,144
PH,1889,heat,historical,0.0,0.0,0.0,144
PH,1890,heat,historical,0.0,0.0,0.0,144
PH,1891,heat,historical,0.0,0.0,0.0,144
PH,1892,heat,historical,0.0,0.0,0.0,144
PH,1893,heat,historical,0.0,0.0,0.0,144
PH,1894,heat,historical,0.0,0.0,0.0,144
PH,1895,heat,historical,0.0,0.0,0.0,144
PH,1896,heat,historical,0.0,0.0,0.0,144
PH,1897,heat,historical,0.0,0.0,0.0,144
PH,1898,heat,historical,0.0,0.0,0.0,144
PH,1899,heat,historical,0.0,0.0,0.0,144
PH,1900,heat,historical,0.0,0.0,0.0,144
PH,1901,heat,historical,0.0,0.0,0.0,144
PH,1902,heat,historical,0.0,0.0,0.0,144
PH,1903,heat,historical,0.0,0.0,0.0,144
PH,1904,heat,historical,0.0,0.0,0.0,144
PH,1905,heat,historical,0.0,0.0,0.0,144
PH,1906,heat,historical,0.0,0.0,0.0,144
PH,1907,heat,historical,0.0,0.0,0.0,144
PH,1908,heat,historical,0.0,0.0,0.0,144
PH,1909,heat,historical,0.0,0.0,0.0,144
PH,1910,heat,historical,0.0,0.0,0.0,144
PH,1911,heat,historical,0.0,0.0,0.0,144
PH,1912,heat,historical,0.0,0.0,0.0,144
PH,1913,heat,historical,0.0,0.0,0.0,144
PH,1914,heat,historical,0.0,0.0,0.0,144
PH,1915,heat,historical,0.0,0.0,0.0,144
PH,1916,heat,historical,0.0,0.0,0.0,144
PH,1917,heat,historical,0.0,0.0,0.0,144
PH,1918,heat,historical,0.0,0.0,0.0,144
PH,1919,heat,historical,2.143634722222222e-06,0.00023899735,0.0,144
PH,1920,heat,historical,0.0,0.0,0.0,144
PH,1921,heat,historical,0.0,0.0,0.0,144
PH,1922,heat,historical,0.0,0.0,0.0,144
PH,1923,heat,historical,0.0,0.0,0.0,144
PH,1924,heat,historical,0.0,0.0,0.0,144
PH,1925,heat,historical,0.0,0.0,0.0,144
PH,1926,heat,historical,0.0,0.0,0.0,144
PH,1927,heat,historical,0.0,0.0,0.0,144
PH,1928,heat,historical,0.0,0.0,0.0,144
PH,1929,heat,historical,0.0,0.0,0.0,144
PH,1930,heat,historical,0.0,0.0,0.0,144
PH,1931,heat,historical,0.0,0.0,0.0,144
PH,1932,heat,historical,0.0,0.0,0.0,144
PH,1933,heat,historical,0.0,0.0,0.0,144
PH,1934,heat,historical,0.0,0.0,0.0,144
PH,1935,heat,historical,0.0,0.0,0.0,144
PH,1936,heat,historical,0.0,0.0,0.0,144
PH,1937,heat,historical,0.0,0.0,0.0,144
PH,1938,heat,historical,0.0,0.0,0.0,144
PH,1939,heat,historical,0.0,0.0,0.0,144
PH,1940,heat,historical,0.0,0.0,0.0,144
PH,1941,heat,historical,0.0,0.0,0.0,144
PH,1942,heat,historical,0.0,0.0,0.0,144
PH,1943,heat,historical,0.0,0.0,0.0,144
PH,1944,heat,historical,1.6077259722222223e-05,0.0023151254,0.0,144
PH,1945,heat,historical,0.0,0.0,0.0,144
PH,1946,heat,historical,0.0,0.0,0.0,144
PH,1947,heat,historical,4.466502986111111e-06,0.00064317643,0.0,144
PH,1948,heat,historical,0.0,0.0,0.0,144
PH,1949,heat,historical,0.0,0.0,0.0,144
PH,1950,heat,historical,0.0,0.0,0.0,144
PH,1951,heat,historical,0.0,0.0,0.0,144
PH,1952,heat,historical,0.0,0.0,0.0,144
PH,1953,heat,historical,0.0,0.0,0.0,144
PH,1954,heat,historical,0.0,0.0,0.0,144
PH,1955,heat,historical,0.0,0.0,0.0,144
PH,1956,heat,historical,0.0,0.0,0.0,144
PH,1957,heat,historical,7.714217222222222e-06,0.00056419894,0.0,144
PH,1958,heat,historical,0.0,0.0,0.0,144
PH,1959,heat,historical,0.0,0.0,0.0,144
PH,1960,heat,historical,0.0,0.0,0.0,144
PH,1961,heat,historical,0.0,0.0,0.0,144
PH,1962,heat,historical,0.0,0.0,0.0,144
PH,1963,heat,historical,0.0,0.0,0.0,144
PH,1964,heat,historical,0.0,0.0,0.0,144
PH,1965,heat,historical,0.0,0.0,0.0,144
PH,1966,heat,historical,0.0,0.0,0.0,144
PH,1967,heat,historical,0.0,0.0,0.0,144
PH,1968,heat,historical,0.0,0.0,0.0,144
PH,1969,heat,historical,0.0,0.0,0.0,144
PH,1970,heat,historical,0.0,0.0,0.0,144
PH,1971,heat,historical,0.0,0.0,0.0,144
PH,1972,heat,historical,0.0,0.0,0.0,144
PH,1973,heat,historical,0.0,0.0,0.0,144
PH,1974,heat,historical,0.0,0.0,0.0,144
PH,1975,heat,historical,0.0,0.0,0.0,144
PH,1976,heat,historical,0.0,0.0,0.0,144
PH,1977,heat,historical,0.0,0.0,0.0,144
PH,1978,heat,historical,0.0,0.0,0.0,144
PH,1979,heat,historical,0.0,0.0,0.0,144
PH,1980,heat,historical,0.0,0.0,0.0,144
PH,1981,heat,historical,0.0,0.0,0.0,144
PH,1982,heat,historical,0.0,0.0,0.0,144
PH,1983,heat,historical,0.0,0.0,0.0,144
PH,1984,heat,historical,0.0,0.0,0.0,144
PH,1985,heat,historical,0.0,0.0,0.0,144
PH,1986,heat,historical,0.0,0.0,0.0,144
PH,1987,heat,historical,0.0,0.0,0.0,144
PH,1988,heat,historical,0.0,0.0,0.0,144
PH,1989,heat,historical,0.0,0.0,0.0,144
PH,1990,heat,historical,0.0,0.0,0.0,144
PH,1991,heat,historical,0.0,0.0,0.0,144
PH,1992,heat,historical,0.0,0.0,0.0,144
PH,1993,heat,historical,0.0,0.0,0.0,144
PH,1994,heat,historical,0.0,0.0,0.0,144
PH,1995,heat,historical,0.0,0.0,0.0,144
PH,1996,heat,historical,0.0,0.0,0.0,144
PH,1997,heat,historical,8.642647916666666e-06,0.0012445413,0.0,144
PH,1998,heat,historical,0.0,0.0,0.0,144
PH,1999,heat,historical,0.0,0.0,0.0,144
PH,2000,heat,historical,0.0,0.0,0.0,144
PH,2001,heat,historical,0.0,0.0,0.0,144
PH,2002,heat,historical,0.0,0.0,0.0,144
PH,2003,heat,historical,0.0,0.0,0.0,144
PH,2004,heat,historical,0.0,0.0,0.0,144
PH,2005,heat,historical,0.0,0.0,0.0,144
PH,2006,heat,historical,0.0,0.0,0.0,144
PH,2007,heat,historical,3.7345129166666663e-05,0.0043153735,0.0,144
PH,2008,heat,historical,0.0,0.0,0.0,144
PH,2009,heat,historical,0.0,0.0,0.0,144
PH,2010,heat,historical,4.083660166666667e-05,0.0042451713,0.0,144
PH,2011,heat,historical,0.0,0.0,0.0,144
PH,2012,heat,historical,0.0,0.0,0.0,144
PH,2013,heat,historical,0.0,0.0,0.0,144
PH,2014,heat,historical,0.00024666496875,0.02501368,0.0,144
PK,1850,heat,historical,0.05222788834166667,0.36155137,0.0,60
PK,1851,heat,historical,0.06181972616833333,0.45153567,0.0,60
PK,1852,heat,historical,0.057618629389999995,0.45739084,0.0,60
PK,1853,heat,historical,0.05301910172166667,0.42029673,0.0,60
PK,1854,heat,historical,0.053575702616666665,0.3960088,0.0,60
PK,1855,heat,historical,0.05169246023333333,0.37327105,0.0,60
PK,1856,heat,historical,0.04728671788666667,0.36381644,0.0,60
PK,1857,heat,historical,0.05416607301666666,0.48409197,0.0,60
PK,1858,heat,historical,0.059171209138333326,0.48383284,0.0,60
PK,1859,heat,historical,0.06258050936166666,0.44168723,0.0,60
PK,1860,heat,historical,0.04344360871833333,0.39377576,0.0,60
PK,1861,heat,historical,0.04807552970166666,0.37033492,0.0,60
PK,1862,heat,historical,0.06836436546666666,0.47486916,0.0,60
PK,1863,heat,historical,0.062924156149,0.5883248,0.0,60
PK,1864,heat,historical,0.05465760945,0.4515744,0.0,60
PK,1865,heat,historical,0.049238693066666665,0.4795159,0.0,60
PK,1866,heat,historical,0.051983453665,0.3646196,0.0,60
PK,1867,heat,historical,0.055074898375,0.45648026,0.0,60
PK,1868,heat,historical,0.062471763315000005,0.43823132,0.0,60
PK,1869,heat,historical,0.05813542516166667,0.4475935,0.0,60
PK,1870,heat,historical,0.04984633773166667,0.4641566,0.0,60
PK,1871,heat,historical,0.046647988633,0.39051497,0.0,60
PK,1872,heat,historical,0.06400786900166666,0.5566976,0.0,60
PK,1873,heat,historical,0.047276265100000006,0.46296367,0.0,60
PK,1874,heat,historical,0.051515077816666664,0.43108666,0.0,60
PK,1875,heat,historical,0.0555997913695,0.41922098,0.0,60
PK,1876,heat,historical,0.06651518103333333,0.39911884,0.0,60
PK,1877,heat,historical,0.05563851436166667,0.3981412,0.0,60
PK,1878,heat,historical,0.0486061153,0.37020636,0.0,60
PK,1879,heat,historical,0.041942528646666664,0.38763767,0.0,60
PK,1880,heat,historical,0.05824514982833333,0.4867803,0.0,60
PK,1881,heat,historical,0.058476671121666664,0.44210637,0.0,60
PK,1882,heat,historical,0.055645963683333334,0.485735,0.0,60
PK,1883,heat,historical,0.052459117853333334,0.36326307,0.0,60
PK,1884,heat,historical,0.03637126642,0.3265896,0.0,60
PK,1885,heat,historical,0.039851199475,0.37813768,0.0,60
PK,1886,heat,historical,0.06443727154,0.47082734,0.0,60
PK,1887,heat,historical,0.062631819049,0.4691931,0.0,60
PK,1888,heat,historical,0.056266703344999995,0.4685494,0.0,60
PK,1889,heat,historical,0.05276696542333333,0.42537963,0.0,60
PK,1890,heat,historical,0.05471681728333334,0.4283328,0.0,60
PK,1891,heat,historical,0.04913833636666667,0.44047832,0.0,60
PK,1892,heat,historical,0.05209586441333333,0.4052915,0.0,60
PK,1893,heat,historical,0.0687171664,0.45278335,0.0,60
PK,1894,heat,historical,0.0603764948,0.44369933,0.0,60
PK,1895,heat,historical,0.05830729942666667,0.48959354,0.0,60
PK,1896,heat,historical,0.05346603855,0.42746764,0.0,60
PK,1897,heat,historical,0.04828624731666666,0.36389744,0.0,60
PK,1898,heat,historical,0.046134136795,0.41675407,0.0,60
PK,1899,heat,historical,0.0500700036,0.40251178,0.0,60
PK,1900,heat,historical,0.04991356374,0.4278104,0.0,60
PK,1901,heat,historical,0.042339231878333335,0.38950166,0.0,60
PK,1902,heat,historical,0.04361466667666667,0.3500294,0.0,60
PK,1903,heat,historical,0.04227718593333333,0.33223265,0.0,60
PK,1904,heat,historical,0.027798996266666667,0.26776272,0.0,60
PK,1905,heat,historical,0.03694516138166667,0.35014814,0.0,60
PK,1906,heat,historical,0.04711374126,0.39625967,0.0,60
PK,1907,heat,historical,0.04558668724666667,0.30613908,0.0,60
PK,1908,heat,historical,0.039334627233333336,0.37070346,0.0,60
PK,1909,heat,historical,0.04777296331666667,0.36953118,0.0,60
PK,1910,heat,historical,0.04940928622833333,0.33149552,0.0,60
PK,1911,heat,historical,0.03665485472,0.32346457,0.0,60
PK,1912,heat,historical,0.041390468458333336,0.38594663,0.0,60
PK,1913,heat,historical,0.03896855171666667,0.35358033,0.0,60
PK,1914,heat,historical,0.0468729373,0.39192003,0.0,60
PK,1915,heat,historical,0.04474895918333333,0.2872361,0.0,60
PK,1916,heat,historical,0.05751801463333333,0.37879428,0.0,60
PK,1917,heat,historical,0.04457977603833333,0.28563383,0.0,60
PK,1918,heat,historical,0.04047999094166667,0.35312504,0.0,60
PK,1919,heat,historical,0.04880891975,0.43732077,0.0,60
PK,1920,heat,historical,0.05085756059166667,0.3692643,0.0,60
PK,1921,heat,historical,0.04132875687333334,0.3417729,0.0,60
PK,1922,heat,historical,0.04351666702,0.37575233,0.0,60
PK,1923,heat,historical,0.04796677554333333,0.4115395,0.0,60
PK,1924,heat,historical,0.052060719502666664,0.41003066,0.0,60
PK,1925,heat,historical,0.04306632448666667,0.34433118,0.0,60
PK,1926,heat,historical,0.039097745733666665,0.2808549,0.0,60
PK,1927,heat,historical,0.051790482816666664,0.46024382,0.0,60
PK,1928,heat,historical,0.04807562246666666,0.38021278,0.0,60
PK,1929,heat,historical,0.03355269851,0.3470737,0.0,60
PK,1930,heat,historical,0.03739150450083333,0.28817558,0.0,60
PK,1931,heat,historical,0.04257561362833333,0.36832175,0.0,60
PK,1932,heat,historical,0.03974172280333333,0.40289944,0.0,60
PK,1933,heat,historical,0.04724229998333333,0.36019844,0.0,60
PK,1934,heat,historical,0.047856208856666665,0.34635258,0.0,60
PK,1935,heat,historical,0.04658137476666667,0.35853216,0.0,60
PK,1936,heat,historical,0.051048998633333335,0.37789354,0.0,60
PK,1937,heat,historical,0.033600599939999996,0.30128324,0.0,60
PK,1938,heat,historical,0.039877705275,0.37028897,0.0,60
PK,1939,heat,historical,0.05969809526666667,0.4389344,0.0,60
PK,1940,heat,historical,0.04016424457166667,0.31340605,0.0,60
PK,1941,heat,historical,0.04911112451666667,0.36663535,0.0,60
PK,1942,heat,historical,0.03042016389,0.30570444,0.0,60
PK,1943,heat,historical,0.04280688485,0.3691482,0.0,60
PK,1944,heat,historical,0.03322353079833333,0.3742724,0.0,60
PK,1945,heat,historical,0.033104806248333334,0.2780592,0.0,60
PK,1946,heat,historical,0.045704775205000006,0.36266068,0.0,60
PK,1947,heat,historical,0.054191358295,0.43067062,0.0,60
PK,1948,heat,historical,0.042014563149999996,0.28205094,0.0,60
PK,1949,heat,historical,0.03964037746166667,0.33334196,0.0,60
PK,1950,heat,historical,0.030942602124,0.29856652,0.0,60
PK,1951,heat,historical,0.0362545383,0.29820263,0.0,60
PK,1952,heat,historical,0.039621184125,0.31885344,0.0,60
PK,1953,heat,historical,0.029567946278333333,0.27251634,0.0,60
PK,1954,heat,historical,0.03219651289,0.27257055,0.0,60
PK,1955,heat,historical,0.04412026058166666,0.36215946,0.0,60
PK,1956,heat,historical,0.038510112426666666,0.32111952,0.0,60
PK,1957,heat,historical,0.040674482915,0.3680012,0.0,60
PK,1958,heat,historical,0.038688035593333336,0.35042948,0.0,60
PK,1959,heat,historical,0.032500619,0.30830503,0.0,60
PK,1960,heat,historical,0.03397323231166667,0.31517762,0.0,60
PK,1961,heat,historical,0.03880658818716667,0.35323393,0.0,60
PK,1962,heat,historical,0.03596664872166667,0.35439128,0.0,60
PK,1963,heat,historical,0.025559552983333334,0.2113232,0.0,60
PK,1964,heat,historical,0.04052517323833334,0.36945426,0.0,60
PK,1965,heat,historical,0.05029066011666667,0.35418272,0.0,60
PK,1966,heat,historical,0.03204641245,0.27197844,0.0,60
PK,1967,heat,historical,0.032341252605,0.27493107,0.0,60
PK,1968,heat,historical,0.04551633957166667,0.32166824,0.0,60
PK,1969,heat,historical,0.05060292190666667,0.44489124,0.0,60
PK,1970,heat,historical,0.037849110486666664,0.33899787,0.0,60
PK,1971,heat,historical,0.03376078445,0.264695,0.0,60
PK,1972,heat,historical,0.027249113100883335,0.30701095,0.0,60
PK,1973,heat,historical,0.03276211366666667,0.26099956,0.0,60
PK,1974,heat,historical,0.03116783458333333,0.24932534,0.0,60
PK,1975,heat,historical,0.03248125271233333,0.3271827,0.0,60
PK,1976,heat,historical,0.033181366425,0.2862734,0.0,60
PK,1977,heat,historical,0.030494332558833333,0.3984344,0.0,60
PK,1978,heat,historical,0.03989619325,0.42616892,0.0,60
PK,1979,heat,historical,0.034060623799999995,0.342062,0.0,60
PK,1980,heat,historical,0.039597421145,0.3696685,0.0,60
PK,1981,heat,historical,0.03998096923333334,0.2639465,0.0,60
PK,1982,heat,historical,0.033093122058333334,0.2506225,0.0,60
PK,1983,heat,historical,0.022683093433333336,0.23969266,0.0,60
PK,1984,heat,historical,0.027688573441666666,0.33618253,0.0,60
PK,1985,heat,historical,0.035690829,0.2703669,0.0,60
PK,1986,heat,historical,0.02607950608,0.24755634,0.0,60
PK,1987,heat,historical,0.024119272485833336,0.25663,0.0,60
PK,1988,heat,historical,0.04346353343566667,0.4007846,0.0,60
PK,1989,heat,historical,0.05607522188333334,0.38500872,0.0,60
PK,1990,heat,historical,0.03243521768166666,0.27770615,0.0,60
PK,1991,heat,historical,0.021202032845,0.24279188,0.0,60
PK,1992,heat,historical,0.018663920683333335,0.259053,0.0,60
PK,1993,heat,historical,0.03989467926833334,0.39815307,0.0,60
PK,1994,heat,historical,0.043648529000000005,0.42235732,0.0,60
PK,1995,heat,historical,0.03224705656666667,0.26578104,0.0,60
PK,1996,heat,historical,0.02738996446166667,0.30362263,0.0,60
PK,1997,heat,historical,0.035512803466666666,0.25007433,0.0,60
PK,1998,heat,historical,0.046546367516666666,0.3280974,0.0,60
PK,1999,heat,historical,0.040713421221666664,0.29476115,0.0,60
PK,2000,heat,historical,0.038245675316666665,0.3663308,0.0,60
PK,2001,heat,historical,0.04511957708916667,0.36154002,0.0,60
PK,2002,heat,historical,0.051934553905,0.42895895,0.0,60
PK,2003,heat,historical,0.031083678479999998,0.23795566,0.0,60
PK,2004,heat,historical,0.038063802816666666,0.3094804,0.0,60
PK,2005,heat,historical,0.03274510585233333,0.29556537,0.0,60
PK,2006,heat,historical,0.04809795765,0.3846799,0.0,60
PK,2007,heat,historical,0.036967512715,0.2989996,0.0,60
PK,2008,heat,historical,0.04497876831166667,0.3827091,0.0,60
PK,2009,heat,historical,0.04262602918333334,0.38612372,0.0,60
PK,2010,heat,historical,0.04031991023333333,0.32028174,0.0,60
PK,2011,heat,historical,0.04819239547333333,0.39159843,0.0,60
PK,2012,heat,historical,0.031425724733333334,0.34412107,0.0,60
PK,2013,heat,historical,0.03184740314166667,0.30223358,0.0,60
PK,2014,heat,historical,0.041168677821666666,0.41133094,0.0,60
PL,1850,heat,historical,0.0,0.0,0.0,24
PL,1851,heat,historical,0.0,0.0,0.0,24
PL,1852,heat,historical,0.0,0.0,0.0,24
PL,1853,heat,historical,0.0,0.0,0.0,24
PL,1854,heat,historical,0.0,0.0,0.0,24
PL,1855,heat,historical,0.0,0.0,0.0,24
PL,1856,heat,historical,0.0,0.0,0.0,24
PL,1857,heat,historical,0.0,0.0,0.0,24
PL,1858,heat,historical,0.0,0.0,0.0,24
PL,1859,heat,historical,0.0,0.0,0.0,24
PL,1860,heat,historical,0.0,0.0,0.0,24
PL,1861,heat,historical,0.0,0.0,0.0,24
PL,1862,heat,historical,0.0,0.0,0.0,24
PL,1863,heat,historical,0.0,0.0,0.0,24
PL,1864,heat,historical,0.0,0.0,0.0,24
PL,1865,heat,historical,0.0,0.0,0.0,24
PL,1866,heat,historical,0.0,0.0,0.0,24
PL,1867,heat,historical,0.0,0.0,0.0,24
PL,1868,heat,historical,0.0,0.0,0.0,24
PL,1869,heat,historical,0.0,0.0,0.0,24
PL,1870,heat,historical,0.0,0.0,0.0,24
PL,1871,heat,historical,0.0,0.0,0.0,24
PL,1872,heat,historical,0.0,0.0,0.0,24
PL,1873,heat,historical,0.0,0.0,0.0,24
PL,1874,heat,historical,0.0,0.0,0.0,24
PL,1875,heat,historical,0.0,0.0,0.0,24
PL,1876,heat,historical,0.0,0.0,0.0,24
PL,1877,heat,historical,0.0,0.0,0.0,24
PL,1878,heat,historical,0.0,0.0,0.0,24
PL,1879,heat,historical,0.0,0.0,0.0,24
PL,1880,heat,historical,0.0,0.0,0.0,24
PL,1881,heat,historical,0.0,0.0,0.0,24
PL,1882,heat,historical,0.0,0.0,0.0,24
PL,1883,heat,historical,0.0,0.0,0.0,24
PL,1884,heat,historical,0.0,0.0,0.0,24
PL,1885,heat,historical,0.0,0.0,0.0,24
PL,1886,heat,historical,0.0,0.0,0.0,24
PL,1887,heat,historical,0.0,0.0,0.0,24
PL,1888,heat,historical,0.0,0.0,0.0,24
PL,1889,heat,historical,0.0,0.0,0.0,24
PL,1890,heat,historical,0.0,0.0,0.0,24
PL,1891,heat,historical,0.0,0.0,0.0,24
PL,1892,heat,historical,0.0,0.0,0.0,24
PL,1893,heat,historical,0.0,0.0,0.0,24
PL,1894,heat,historical,0.0,0.0,0.0,24
PL,1895,heat,historical,0.0,0.0,0.0,24
PL,1896,heat,historical,0.0,0.0,0.0,24
PL,1897,heat,historical,0.0,0.0,0.0,24
PL,1898,heat,historical,0.0,0.0,0.0,24
PL,1899,heat,historical,0.0,0.0,0.0,24
PL,1900,heat,historical,0.0,0.0,0.0,24
PL,1901,heat,historical,0.0,0.0,0.0,24
PL,1902,heat,historical,0.0,0.0,0.0,24
PL,1903,heat,historical,0.0,0.0,0.0,24
PL,1904,heat,historical,0.0,0.0,0.0,24
PL,1905,heat,historical,0.0,0.0,0.0,24
PL,1906,heat,historical,0.0,0.0,0.0,24
PL,1907,heat,historical,0.0,0.0,0.0,24
PL,1908,heat,historical,0.0,0.0,0.0,24
PL,1909,heat,historical,0.0,0.0,0.0,24
PL,1910,heat,historical,0.0,0.0,0.0,24
PL,1911,heat,historical,0.0,0.0,0.0,24
PL,1912,heat,historical,0.0,0.0,0.0,24
PL,1913,heat,historical,0.0,0.0,0.0,24
PL,1914,heat,historical,0.0,0.0,0.0,24
PL,1915,heat,historical,0.0,0.0,0.0,24
PL,1916,heat,historical,0.0,0.0,0.0,24
PL,1917,heat,historical,0.0,0.0,0.0,24
PL,1918,heat,historical,0.0,0.0,0.0,24
PL,1919,heat,historical,0.0,0.0,0.0,24
PL,1920,heat,historical,0.0,0.0,0.0,24
PL,1921,heat,historical,0.0,0.0,0.0,24
PL,1922,heat,historical,0.0,0.0,0.0,24
PL,1923,heat,historical,0.0,0.0,0.0,24
PL,1924,heat,historical,0.0,0.0,0.0,24
PL,1925,heat,historical,0.0,0.0,0.0,24
PL,1926,heat,historical,0.0,0.0,0.0,24
PL,1927,heat,historical,0.0,0.0,0.0,24
PL,1928,heat,historical,0.0,0.0,0.0,24
PL,1929,heat,historical,0.0,0.0,0.0,24
PL,1930,heat,historical,0.0,0.0,0.0,24
PL,1931,heat,historical,0.0,0.0,0.0,24
PL,1932,heat,historical,0.0,0.0,0.0,24
PL,1933,heat,historical,0.0,0.0,0.0,24
PL,1934,heat,historical,0.0,0.0,0.0,24
PL,1935,heat,historical,0.0,0.0,0.0,24
PL,1936,heat,historical,0.0,0.0,0.0,24
PL,1937,heat,historical,0.0,0.0,0.0,24
PL,1938,heat,historical,0.0,0.0,0.0,24
PL,1939,heat,historical,0.0,0.0,0.0,24
PL,1940,heat,historical,0.0,0.0,0.0,24
PL,1941,heat,historical,0.0,0.0,0.0,24
PL,1942,heat,historical,0.0,0.0,0.0,24
PL,1943,heat,historical,0.0,0.0,0.0,24
PL,1944,heat,historical,0.0,0.0,0.0,24
PL,1945,heat,historical,0.0,0.0,0.0,24
PL,1946,heat,historical,0.0,0.0,0.0,24
PL,1947,heat,historical,0.0,0.0,0.0,24
PL,1948,heat,historical,0.0,0.0,0.0,24
PL,1949,heat,historical,0.0,0.0,0.0,24
PL,1950,heat,historical,0.0,0.0,0.0,24
PL,1951,heat,historical,0.0,0.0,0.0,24
PL,1952,heat,historical,0.0,0.0,0.0,24
PL,1953,heat,historical,0.0,0.0,0.0,24
PL,1954,heat,historical,0.0,0.0,0.0,24
PL,1955,heat,historical,0.0,0.0,0.0,24
PL,1956,heat,historical,0.0,0.0,0.0,24
PL,1957,heat,historical,0.0,0.0,0.0,24
PL,1958,heat,historical,0.0,0.0,0.0,24
PL,1959,heat,historical,0.0,0.0,0.0,24
PL,1960,heat,historical,0.0,0.0,0.0,24
PL,1961,heat,historical,0.0,0.0,0.0,24
PL,1962,heat,historical,0.0,0.0,0.0,24
PL,1963,heat,historical,0.0,0.0,0.0,24
PL,1964,heat,historical,0.0,0.0,0.0,24
PL,1965,heat,historical,0.0,0.0,0.0,24
PL,1966,heat,historical,0.0,0.0,0.0,24
PL,1967,heat,historical,0.0,0.0,0.0,24
PL,1968,heat,historical,0.0,0.0,0.0,24
PL,1969,heat,historical,0.0,0.0,0.0,24
PL,1970,heat,historical,0.0,0.0,0.0,24
PL,1971,heat,historical,0.0,0.0,0.0,24
PL,1972,heat,historical,0.0,0.0,0.0,24
PL,1973,heat,historical,0.0,0.0,0.0,24
PL,1974,heat,historical,0.0,0.0,0.0,24
PL,1975,heat,historical,0.0,0.0,0.0,24
PL,1976,heat,historical,0.0,0.0,0.0,24
PL,1977,heat,historical,0.0,0.0,0.0,24
PL,1978,heat,historical,0.0,0.0,0.0,24
PL,1979,heat,historical,0.0,0.0,0.0,24
PL,1980,heat,historical,0.0,0.0,0.0,24
PL,1981,heat,historical,0.0,0.0,0.0,24
PL,1982,heat,historical,0.0,0.0,0.0,24
PL,1983,heat,historical,0.0,0.0,0.0,24
PL,1984,heat,historical,0.0,0.0,0.0,24
PL,1985,heat,historical,0.0,0.0,0.0,24
PL,1986,heat,historical,0.0,0.0,0.0,24
PL,1987,heat,historical,0.0,0.0,0.0,24
PL,1988,heat,historical,0.0,0.0,0.0,24
PL,1989,heat,historical,0.0,0.0,0.0,24
PL,1990,heat,historical,0.0,0.0,0.0,24
PL,1991,heat,historical,0.0,0.0,0.0,24
PL,1992,heat,historical,0.0,0.0,0.0,24
PL,1993,heat,historical,0.0,0.0,0.0,24
PL,1994,heat,historical,0.0,0.0,0.0,24
PL,1995,heat,historical,0.0,0.0,0.0,24
PL,1996,heat,historical,0.0,0.0,0.0,24
PL,1997,heat,historical,0.0,0.0,0.0,24
PL,1998,heat,historical,0.0,0.0,0.0,24
PL,1999,heat,historical,0.0,0.0,0.0,24
PL,2000,heat,historical,0.0,0.0,0.0,24
PL,2001,heat,historical,0.0,0.0,0.0,24
PL,2002,heat,historical,0.0,0.0,0.0,24
PL,2003,heat,historical,0.0,0.0,0.0,24
PL,2004,heat,historical,0.0,0.0,0.0,24
PL,2005,heat,historical,0.0,0.0,0.0,24
PL,2006,heat,historical,0.0,0.0,0.0,24
PL,2007,heat,historical,0.0,0.0,0.0,24
PL,2008,heat,historical,0.0,0.0,0.0,24
PL,2009,heat,historical,0.0,0.0,0.0,24
PL,2010,heat,historical,0.0,0.0,0.0,24
PL,2011,heat,historical,0.0,0.0,0.0,24
PL,2012,heat,historical,0.0,0.0,0.0,24
PL,2013,heat,historical,0.0,0.0,0.0,24
PL,2014,heat,historical,0.0,0.0,0.0,24
PW,1850,heat,historical,0.0,0.0,0.0,48
PW,1851,heat,historical,0.0,0.0,0.0,48
PW,1852,heat,historical,0.0,0.0,0.0,48
PW,1853,heat,historical,0.0,0.0,0.0,48
PW,1854,heat,historical,0.0,0.0,0.0,48
PW,1855,heat,historical,0.0,0.0,0.0,48
PW,1856,heat,historical,0.0,0.0,0.0,48
PW,1857,heat,historical,0.0,0.0,0.0,48
PW,1858,heat,historical,0.0,0.0,0.0,48
PW,1859,heat,historical,0.0,0.0,0.0,48
PW,1860,heat,historical,0.0,0.0,0.0,48
PW,1861,heat,historical,0.0,0.0,0.0,48
PW,1862,heat,historical,0.0,0.0,0.0,48
PW,1863,heat,historical,0.0,0.0,0.0,48
PW,1864,heat,historical,0.0,0.0,0.0,48
PW,1865,heat,historical,0.0,0.0,0.0,48
PW,1866,heat,historical,0.0,0.0,0.0,48
PW,1867,heat,historical,0.0,0.0,0.0,48
PW,1868,heat,historical,0.0,0.0,0.0,48
PW,1869,heat,historical,0.0,0.0,0.0,48
PW,1870,heat,historical,0.0,0.0,0.0,48
PW,1871,heat,historical,0.0,0.0,0.0,48
PW,1872,heat,historical,0.0,0.0,0.0,48
PW,1873,heat,historical,0.0,0.0,0.0,48
PW,1874,heat,historical,0.0,0.0,0.0,48
PW,1875,heat,historical,0.0,0.0,0.0,48
PW,1876,heat,historical,0.0,0.0,0.0,48
PW,1877,heat,historical,0.0,0.0,0.0,48
PW,1878,heat,historical,0.0,0.0,0.0,48
PW,1879,heat,historical,0.0,0.0,0.0,48
PW,1880,heat,historical,0.0,0.0,0.0,48
PW,1881,heat,historical,0.0,0.0,0.0,48
PW,1882,heat,historical,0.0,0.0,0.0,48
PW,1883,heat,historical,0.0,0.0,0.0,48
PW,1884,heat,historical,0.0,0.0,0.0,48
PW,1885,heat,historical,0.0,0.0,0.0,48
PW,1886,heat,historical,0.0,0.0,0.0,48
PW,1887,heat,historical,0.0,0.0,0.0,48
PW,1888,heat,historical,0.0,0.0,0.0,48
PW,1889,heat,historical,0.0,0.0,0.0,48
PW,1890,heat,historical,0.0,0.0,0.0,48
PW,1891,heat,historical,0.0,0.0,0.0,48
PW,1892,heat,historical,0.0,0.0,0.0,48
PW,1893,heat,historical,0.0,0.0,0.0,48
PW,1894,heat,historical,0.0,0.0,0.0,48
PW,1895,heat,historical,0.0,0.0,0.0,48
PW,1896,heat,historical,0.0,0.0,0.0,48
PW,1897,heat,historical,0.0,0.0,0.0,48
PW,1898,heat,historical,0.0,0.0,0.0,48
PW,1899,heat,historical,0.0,0.0,0.0,48
PW,1900,heat,historical,0.0,0.0,0.0,48
PW,1901,heat,historical,0.0,0.0,0.0,48
PW,1902,heat,historical,0.0,0.0,0.0,48
PW,1903,heat,historical,0.0,0.0,0.0,48
PW,1904,heat,historical,0.0,0.0,0.0,48
PW,1905,heat,historical,0.0,0.0,0.0,48
PW,1906,heat,historical,0.0,0.0,0.0,48
PW,1907,heat,historical,0.0,0.0,0.0,48
PW,1908,heat,historical,0.0,0.0,0.0,48
PW,1909,heat,historical,0.0,0.0,0.0,48
PW,1910,heat,historical,0.0,0.0,0.0,48
PW,1911,heat,historical,0.0,0.0,0.0,48
PW,1912,heat,historical,0.0,0.0,0.0,48
PW,1913,heat,historical,0.0,0.0,0.0,48
PW,1914,heat,historical,0.0,0.0,0.0,48
PW,1915,heat,historical,0.0,0.0,0.0,48
PW,1916,heat,historical,0.0,0.0,0.0,48
PW,1917,heat,historical,0.0,0.0,0.0,48
PW,1918,heat,historical,0.0,0.0,0.0,48
PW,1919,heat,historical,0.0,0.0,0.0,48
PW,1920,heat,historical,0.0,0.0,0.0,48
PW,1921,heat,historical,0.0,0.0,0.0,48
PW,1922,heat,historical,0.0,0.0,0.0,48
PW,1923,heat,historical,0.0,0.0,0.0,48
PW,1924,heat,historical,0.0,0.0,0.0,48
PW,1925,heat,historical,0.0,0.0,0.0,48
PW,1926,heat,historical,0.0,0.0,0.0,48
PW,1927,heat,historical,0.0,0.0,0.0,48
PW,1928,heat,historical,0.0,0.0,0.0,48
PW,1929,heat,historical,0.0,0.0,0.0,48
PW,1930,heat,historical,0.0,0.0,0.0,48
PW,1931,heat,historical,0.0,0.0,0.0,48
PW,1932,heat,historical,0.0,0.0,0.0,48
PW,1933,heat,historical,0.0,0.0,0.0,48
PW,1934,heat,historical,0.0,0.0,0.0,48
PW,1935,heat,historical,0.0,0.0,0.0,48
PW,1936,heat,historical,0.0,0.0,0.0,48
PW,1937,heat,historical,0.0,0.0,0.0,48
PW,1938,heat,historical,0.0,0.0,0.0,48
PW,1939,heat,historical,0.0,0.0,0.0,48
PW,1940,heat,historical,0.0,0.0,0.0,48
PW,1941,heat,historical,0.0,0.0,0.0,48
PW,1942,heat,historical,0.0,0.0,0.0,48
PW,1943,heat,historical,0.0,0.0,0.0,48
PW,1944,heat,historical,0.0,0.0,0.0,48
PW,1945,heat,historical,0.0,0.0,0.0,48
PW,1946,heat,historical,0.0,0.0,0.0,48
PW,1947,heat,historical,0.0,0.0,0.0,48
PW,1948,heat,historical,0.0,0.0,0.0,48
PW,1949,heat,historical,0.0,0.0,0.0,48
PW,1950,heat,historical,0.0,0.0,0.0,48
PW,1951,heat,historical,0.0,0.0,0.0,48
PW,1952,heat,historical,0.0,0.0,0.0,48
PW,1953,heat,historical,0.0,0.0,0.0,48
PW,1954,heat,historical,0.0,0.0,0.0,48
PW,1955,heat,historical,0.0,0.0,0.0,48
PW,1956,heat,historical,0.0,0.0,0.0,48
PW,1957,heat,historical,0.0,0.0,0.0,48
PW,1958,heat,historical,0.0,0.0,0.0,48
PW,1959,heat,historical,0.0,0.0,0.0,48
PW,1960,heat,historical,0.0,0.0,0.0,48
PW,1961,heat,historical,0.0,0.0,0.0,48
PW,1962,heat,historical,0.0,0.0,0.0,48
PW,1963,heat,historical,0.0,0.0,0.0,48
PW,1964,heat,historical,0.0,0.0,0.0,48
PW,1965,heat,historical,0.0,0.0,0.0,48
PW,1966,heat,historical,0.0,0.0,0.0,48
PW,1967,heat,historical,0.0,0.0,0.0,48
PW,1968,heat,historical,0.0,0.0,0.0,48
PW,1969,heat,historical,0.0,0.0,0.0,48
PW,1970,heat,historical,0.0,0.0,0.0,48
PW,1971,heat,historical,0.0,0.0,0.0,48
PW,1972,heat,historical,0.0,0.0,0.0,48
PW,1973,heat,historical,0.0,0.0,0.0,48
PW,1974,heat,historical,0.0,0.0,0.0,48
PW,1975,heat,historical,0.0,0.0,0.0,48
PW,1976,heat,historical,0.0,0.0,0.0,48
PW,1977,heat,historical,0.0,0.0,0.0,48
PW,1978,heat,historical,0.0,0.0,0.0,48
PW,1979,heat,historical,0.0,0.0,0.0,48
PW,1980,heat,historical,0.0,0.0,0.0,48
PW,1981,heat,historical,0.0,0.0,0.0,48
PW,1982,heat,historical,0.0,0.0,0.0,48
PW,1983,heat,historical,0.0,0.0,0.0,48
PW,1984,heat,historical,0.0,0.0,0.0,48
PW,1985,heat,historical,0.0,0.0,0.0,48
PW,1986,heat,historical,0.0,0.0,0.0,48
PW,1987,heat,historical,0.0,0.0,0.0,48
PW,1988,heat,historical,0.0,0.0,0.0,48
PW,1989,heat,historical,0.0,0.0,0.0,48
PW,1990,heat,historical,0.0,0.0,0.0,48
PW,1991,heat,historical,0.0,0.0,0.0,48
PW,1992,heat,historical,0.0,0.0,0.0,48
PW,1993,heat,historical,0.0,0.0,0.0,48
PW,1994,heat,historical,0.0,0.0,0.0,48
PW,1995,heat,historical,0.0,0.0,0.0,48
PW,1996,heat,historical,0.0,0.0,0.0,48
PW,1997,heat,historical,0.0,0.0,0.0,48
PW,1998,heat,historical,0.0,0.0,0.0,48
PW,1999,heat,historical,0.0,0.0,0.0,48
PW,2000,heat,historical,0.0,0.0,0.0,48
PW,2001,heat,historical,0.0,0.0,0.0,48
PW,2002,heat,historical,0.0,0.0,0.0,48
PW,2003,heat,historical,0.0,0.0,0.0,48
PW,2004,heat,historical,0.0,0.0,0.0,48
PW,2005,heat,historical,0.0,0.0,0.0,48
PW,2006,heat,historical,0.0,0.0,0.0,48
PW,2007,heat,historical,0.0,0.0,0.0,48
PW,2008,heat,historical,0.0,0.0,0.0,48
PW,2009,heat,historical,0.0,0.0,0.0,48
PW,2010,heat,historical,0.0,0.0,0.0,48
PW,2011,heat,historical,0.0,0.0,0.0,48
PW,2012,heat,historical,0.0,0.0,0.0,48
PW,2013,heat,historical,0.0,0.0,0.0,48
PW,2014,heat,historical,0.0,0.0,0.0,48
RE,1850,heat,historical,0.0,0.0,0.0,72
RE,1851,heat,historical,0.0,0.0,0.0,72
RE,1852,heat,historical,0.0,0.0,0.0,72
RE,1853,heat,historical,0.0,0.0,0.0,72
RE,1854,heat,historical,0.0,0.0,0.0,72
RE,1855,heat,historical,0.0,0.0,0.0,72
RE,1856,heat,historical,0.0,0.0,0.0,72
RE,1857,heat,historical,0.0,0.0,0.0,72
RE,1858,heat,historical,0.0,0.0,0.0,72
RE,1859,heat,historical,0.0,0.0,0.0,72
RE,1860,heat,historical,0.0,0.0,0.0,72
RE,1861,heat,historical,0.0,0.0,0.0,72
RE,1862,heat,historical,0.0,0.0,0.0,72
RE,1863,heat,historical,0.0,0.0,0.0,72
RE,1864,heat,historical,0.0,0.0,0.0,72
RE,1865,heat,historical,0.0,0.0,0.0,72
RE,1866,heat,historical,0.0,0.0,0.0,72
RE,1867,heat,historical,0.0,0.0,0.0,72
RE,1868,heat,historical,0.0,0.0,0.0,72
RE,1869,heat,historical,0.0,0.0,0.0,72
RE,1870,heat,historical,0.0,0.0,0.0,72
RE,1871,heat,historical,0.0,0.0,0.0,72
RE,1872,heat,historical,0.0,0.0,0.0,72
RE,1873,heat,historical,0.0,0.0,0.0,72
RE,1874,heat,historical,0.0,0.0,0.0,72
RE,1875,heat,historical,0.0,0.0,0.0,72
RE,1876,heat,historical,0.0,0.0,0.0,72
RE,1877,heat,historical,0.0,0.0,0.0,72
RE,1878,heat,historical,0.0,0.0,0.0,72
RE,1879,heat,historical,0.0,0.0,0.0,72
RE,1880,heat,historical,0.0,0.0,0.0,72
RE,1881,heat,historical,0.0,0.0,0.0,72
RE,1882,heat,historical,0.0,0.0,0.0,72
RE,1883,heat,historical,0.0,0.0,0.0,72
RE,1884,heat,historical,0.0,0.0,0.0,72
RE,1885,heat,historical,0.0,0.0,0.0,72
RE,1886,heat,historical,0.0,0.0,0.0,72
RE,1887,heat,historical,0.0,0.0,0.0,72
RE,1888,heat,historical,0.0,0.0,0.0,72
RE,1889,heat,historical,0.0,0.0,0.0,72
RE,1890,heat,historical,0.0,0.0,0.0,72
RE,1891,heat,historical,0.0,0.0,0.0,72
RE,1892,heat,historical,0.0,0.0,0.0,72
RE,1893,heat,historical,0.0,0.0,0.0,72
RE,1894,heat,historical,0.0,0.0,0.0,72
RE,1895,heat,historical,0.0,0.0,0.0,72
RE,1896,heat,historical,0.0,0.0,0.0,72
RE,1897,heat,historical,0.0,0.0,0.0,72
RE,1898,heat,historical,0.0,0.0,0.0,72
RE,1899,heat,historical,0.0,0.0,0.0,72
RE,1900,heat,historical,0.0,0.0,0.0,72
RE,1901,heat,historical,0.0,0.0,0.0,72
RE,1902,heat,historical,0.0,0.0,0.0,72
RE,1903,heat,historical,0.0,0.0,0.0,72
RE,1904,heat,historical,0.0,0.0,0.0,72
RE,1905,heat,historical,0.0,0.0,0.0,72
RE,1906,heat,historical,0.0,0.0,0.0,72
RE,1907,heat,historical,0.0,0.0,0.0,72
RE,1908,heat,historical,0.0,0.0,0.0,72
RE,1909,heat,historical,0.0,0.0,0.0,72
RE,1910,heat,historical,0.0,0.0,0.0,72
RE,1911,heat,historical,0.0,0.0,0.0,72
RE,1912,heat,historical,0.0,0.0,0.0,72
RE,1913,heat,historical,0.0,0.0,0.0,72
RE,1914,heat,historical,0.0,0.0,0.0,72
RE,1915,heat,historical,0.0,0.0,0.0,72
RE,1916,heat,historical,0.0,0.0,0.0,72
RE,1917,heat,historical,0.0,0.0,0.0,72
RE,1918,heat,historical,0.0,0.0,0.0,72
RE,1919,heat,historical,0.0,0.0,0.0,72
RE,1920,heat,historical,0.0,0.0,0.0,72
RE,1921,heat,historical,0.0,0.0,0.0,72
RE,1922,heat,historical,0.0,0.0,0.0,72
RE,1923,heat,historical,0.0,0.0,0.0,72
RE,1924,heat,historical,0.0,0.0,0.0,72
RE,1925,heat,historical,0.0,0.0,0.0,72
RE,1926,heat,historical,0.0,0.0,0.0,72
RE,1927,heat,historical,0.0,0.0,0.0,72
RE,1928,heat,historical,0.0,0.0,0.0,72
RE,1929,heat,historical,0.0,0.0,0.0,72
RE,1930,heat,historical,0.0,0.0,0.0,72
RE,1931,heat,historical,0.0,0.0,0.0,72
RE,1932,heat,historical,0.0,0.0,0.0,72
RE,1933,heat,historical,0.0,0.0,0.0,72
RE,1934,heat,historical,0.0,0.0,0.0,72
RE,1935,heat,historical,0.0,0.0,0.0,72
RE,1936,heat,historical,0.0,0.0,0.0,72
RE,1937,heat,historical,0.0,0.0,0.0,72
RE,1938,heat,historical,0.0,0.0,0.0,72
RE,1939,heat,historical,0.0,0.0,0.0,72
RE,1940,heat,historical,0.0,0.0,0.0,72
RE,1941,heat,historical,0.0,0.0,0.0,72
RE,1942,heat,historical,0.0,0.0,0.0,72
RE,1943,heat,historical,0.0,0.0,0.0,72
RE,1944,heat,historical,0.0,0.0,0.0,72
RE,1945,heat,historical,0.0,0.0,0.0,72
RE,1946,heat,historical,0.0,0.0,0.0,72
RE,1947,heat,historical,0.0,0.0,0.0,72
RE,1948,heat,historical,0.0,0.0,0.0,72
RE,1949,heat,historical,0.0,0.0,0.0,72
RE,1950,heat,historical,0.0,0.0,0.0,72
RE,1951,heat,historical,0.0,0.0,0.0,72
RE,1952,heat,historical,0.0,0.0,0.0,72
RE,1953,heat,historical,0.0,0.0,0.0,72
RE,1954,heat,historical,0.0,0.0,0.0,72
RE,1955,heat,historical,0.0,0.0,0.0,72
RE,1956,heat,historical,0.0,0.0,0.0,72
RE,1957,heat,historical,0.0,0.0,0.0,72
RE,1958,heat,historical,0.0,0.0,0.0,72
RE,1959,heat,historical,0.0,0.0,0.0,72
RE,1960,heat,historical,0.0,0.0,0.0,72
RE,1961,heat,historical,0.0,0.0,0.0,72
RE,1962,heat,historical,0.0,0.0,0.0,72
RE,1963,heat,historical,0.0,0.0,0.0,72
RE,1964,heat,historical,0.0,0.0,0.0,72
RE,1965,heat,historical,0.0,0.0,0.0,72
RE,1966,heat,historical,0.0,0.0,0.0,72
RE,1967,heat,historical,0.0,0.0,0.0,72
RE,1968,heat,historical,0.0,0.0,0.0,72
RE,1969,heat,historical,0.0,0.0,0.0,72
RE,1970,heat,historical,0.0,0.0,0.0,72
RE,1971,heat,historical,0.0,0.0,0.0,72
RE,1972,heat,historical,0.0,0.0,0.0,72
RE,1973,heat,historical,0.0,0.0,0.0,72
RE,1974,heat,historical,0.0,0.0,0.0,72
RE,1975,heat,historical,0.0,0.0,0.0,72
RE,1976,heat,historical,0.0,0.0,0.0,72
RE,1977,heat,historical,0.0,0.0,0.0,72
RE,1978,heat,historical,0.0,0.0,0.0,72
RE,1979,heat,historical,0.0,0.0,0.0,72
RE,1980,heat,historical,0.0,0.0,0.0,72
RE,1981,heat,historical,0.0,0.0,0.0,72
RE,1982,heat,historical,0.0,0.0,0.0,72
RE,1983,heat,historical,0.0,0.0,0.0,72
RE,1984,heat,historical,0.0,0.0,0.0,72
RE,1985,heat,historical,0.0,0.0,0.0,72
RE,1986,heat,historical,0.0,0.0,0.0,72
RE,1987,heat,historical,0.0,0.0,0.0,72
RE,1988,heat,historical,0.0,0.0,0.0,72
RE,1989,heat,historical,0.0,0.0,0.0,72
RE,1990,heat,historical,0.0,0.0,0.0,72
RE,1991,heat,historical,0.0,0.0,0.0,72
RE,1992,heat,historical,0.0,0.0,0.0,72
RE,1993,heat,historical,0.0,0.0,0.0,72
RE,1994,heat,historical,0.0,0.0,0.0,72
RE,1995,heat,historical,0.0,0.0,0.0,72
RE,1996,heat,historical,0.0,0.0,0.0,72
RE,1997,heat,historical,0.0,0.0,0.0,72
RE,1998,heat,historical,0.0,0.0,0.0,72
RE,1999,heat,historical,0.0,0.0,0.0,72
RE,2000,heat,historical,0.0,0.0,0.0,72
RE,2001,heat,historical,0.0,0.0,0.0,72
RE,2002,heat,historical,0.0,0.0,0.0,72
RE,2003,heat,historical,0.0,0.0,0.0,72
RE,2004,heat,historical,0.0,0.0,0.0,72
RE,2005,heat,historical,0.0,0.0,0.0,72
RE,2006,heat,historical,0.0,0.0,0.0,72
RE,2007,heat,historical,0.0,0.0,0.0,72
RE,2008,heat,historical,0.0,0.0,0.0,72
RE,2009,heat,historical,0.0,0.0,0.0,72
RE,2010,heat,historical,0.0,0.0,0.0,72
RE,2011,heat,historical,0.0,0.0,0.0,72
RE,2012,heat,historical,0.0,0.0,0.0,72
RE,2013,heat,historical,0.0,0.0,0.0,72
RE,2014,heat,historical,0.0,0.0,0.0,72
RU,1850,heat,historical,0.00022307542940180588,0.5512967,0.0,10632
RU,1851,heat,historical,0.00014811461097817907,0.43018126,0.0,10632
RU,1852,heat,historical,0.0002409183550601956,0.5899776,0.0,10632
RU,1853,heat,historical,0.00027799103790443946,0.59727865,0.0,10632
RU,1854,heat,historical,0.0002599456913374718,0.6009493,0.0,10632
RU,1855,heat,historical,0.00025982280750564335,0.5642784,0.0,10632
RU,1856,heat,historical,0.00022891721568848758,0.43550068,0.0,10632
RU,1857,heat,historical,0.00023114103708615498,0.57375777,0.0,10632
RU,1858,heat,historical,0.00023506724964446953,0.6350025,0.0,10632
RU,1859,heat,historical,0.00029471070076185106,0.5733304,0.0,10632
RU,1860,heat,historical,0.00027190489729119637,0.6098459,0.0,10632
RU,1861,heat,historical,0.00024473693418924,0.5881735,0.0,10632
RU,1862,heat,historical,0.0001807583261192626,0.44561958,0.0,10632
RU,1863,heat,historical,0.00021088139145974418,0.5778177,0.0,10632
RU,1864,heat,historical,0.00028782448433032357,0.5289579,0.0,10632
RU,1865,heat,historical,0.00019818698003197895,0.5135511,0.0,10632
RU,1866,heat,historical,0.00014967596350639578,0.3819694,0.0,10632
RU,1867,heat,historical,0.00021375554853273138,0.48747355,0.0,10632
RU,1868,heat,historical,0.00022385646084462,0.53826535,0.0,10632
RU,1869,heat,historical,0.0001949662100263356,0.46045083,0.0,10632
RU,1870,heat,historical,0.00020194889339729123,0.50990057,0.0,10632
RU,1871,heat,historical,0.0002069603191309255,0.573143,0.0,10632
RU,1872,heat,historical,0.00025211176218021067,0.5303005,0.0,10632
RU,1873,heat,historical,0.0002715003675884124,0.5857407,0.0,10632
RU,1874,heat,historical,0.00015438330747742665,0.43595698,0.0,10632
RU,1875,heat,historical,0.00019027653771632808,0.4331969,0.0,10632
RU,1876,heat,historical,0.00021764932778404813,0.62097085,0.0,10632
RU,1877,heat,historical,0.00018546567846124907,0.49372464,0.0,10632
RU,1878,heat,historical,0.0002025815108728367,0.52262574,0.0,10632
RU,1879,heat,historical,0.00018627638296651617,0.50590885,0.0,10632
RU,1880,heat,historical,0.0001797777460496614,0.46966127,0.0,10632
RU,1881,heat,historical,0.0003206359436606471,0.5402006,0.0,10632
RU,1882,heat,historical,0.00025341458222347634,0.54137754,0.0,10632
RU,1883,heat,historical,0.00022747019975263359,0.513596,0.0,10632
RU,1884,heat,historical,9.35395859668924e-05,0.3423707,0.0,10632
RU,1885,heat,historical,0.00013663383261851018,0.3856906,0.0,10632
RU,1886,heat,historical,0.000271815990331076,0.64169806,0.0,10632
RU,1887,heat,historical,0.000289783607317532,0.5387418,0.0,10632
RU,1888,heat,historical,0.0001899938282072987,0.5071622,0.0,10632
RU,1889,heat,historical,0.00020700639725357411,0.545266,0.0,10632
RU,1890,heat,historical,0.00022696823683220467,0.5265411,0.0,10632
RU,1891,heat,historical,0.00019634797369262605,0.45310026,0.0,10632
RU,1892,heat,historical,0.00028802955906696766,0.56196123,0.0,10632
RU,1893,heat,historical,0.00019905026551918735,0.41747984,0.0,10632
RU,1894,heat,historical,0.00022173522921369452,0.46655947,0.0,10632
RU,1895,heat,historical,0.00016964328550601957,0.48669875,0.0,10632
RU,1896,heat,historical,0.00024314796160647105,0.5975744,0.0,10632
RU,1897,heat,historical,0.0002054936941309255,0.47378153,0.0,10632
RU,1898,heat,historical,0.00020522340815650866,0.4998286,0.0,10632
RU,1899,heat,historical,0.00018795842365500374,0.49539608,0.0,10632
RU,1900,heat,historical,0.000173803514917231,0.45482692,0.0,10632
RU,1901,heat,historical,0.00022235206528404815,0.48565242,0.0,10632
RU,1902,heat,historical,0.00019971312735139204,0.49953854,0.0,10632
RU,1903,heat,historical,0.00019455591008276898,0.53882235,0.0,10632
RU,1904,heat,historical,0.0001613369129984951,0.54831773,0.0,10632
RU,1905,heat,historical,0.00020368352693754706,0.49148643,0.0,10632
RU,1906,heat,historical,0.00019743109565462753,0.4883707,0.0,10632
RU,1907,heat,historical,0.00020596571004514674,0.45061117,0.0,10632
RU,1908,heat,historical,0.00019898773206358163,0.42882526,0.0,10632
RU,1909,heat,historical,0.00023323664202407822,0.6023776,0.0,10632
RU,1910,heat,historical,0.00012474420833333334,0.4439213,0.0,10632
RU,1911,heat,historical,0.00015695854665161775,0.44971353,0.0,10632
RU,1912,heat,historical,0.0002114403000376223,0.5194904,0.0,10632
RU,1913,heat,historical,0.0002017660553987961,0.4834235,0.0,10632
RU,1914,heat,historical,0.00015739433536493603,0.5324458,0.0,10632
RU,1915,heat,historical,0.00021666534527840483,0.5595217,0.0,10632
RU,1916,heat,historical,0.00021459203490620767,0.52019656,0.0,10632
RU,1917,heat,historical,0.00017523770720466515,0.48626307,0.0,10632
RU,1918,heat,historical,0.00027794200188111364,0.59320277,0.0,10632
RU,1919,heat,historical,0.0002810852282731377,0.5356457,0.0,10632
RU,1920,heat,historical,0.0002807956741346877,0.5540418,0.0,10632
RU,1921,heat,historical,0.00018088582608559068,0.37216944,0.0,10632
RU,1922,heat,historical,0.00019887975390331077,0.49056658,0.0,10632
RU,1923,heat,historical,0.00019116235275583145,0.5600431,0.0,10632
RU,1924,heat,historical,0.00021557630925507902,0.5612938,0.0,10632
RU,1925,heat,historical,0.00019748211737960874,0.49269998,0.0,10632
RU,1926,heat,historical,0.0002043113813957863,0.46277887,0.0,10632
RU,1927,heat,historical,0.0002514119500094056,0.61427635,0.0,10632
RU,1928,heat,historical,0.00018901634509029344,0.48941287,0.0,10632
RU,1929,heat,historical,0.00020591350790067722,0.47568005,0.0,10632
RU,1930,heat,historical,0.00021084817720090293,0.5897969,0.0,10632
RU,1931,heat,historical,0.00016569809419676447,0.5053251,0.0,10632
RU,1932,heat,historical,0.0002502154687547028,0.55836546,0.0,10632
RU,1933,heat,historical,0.00025651921319601203,0.57246834,0.0,10632
RU,1934,heat,historical,0.0001668992855530474,0.46717942,0.0,10632
RU,1935,heat,historical,0.00022088232975921745,0.66902894,0.0,10632
RU,1936,heat,historical,0.000269124530662152,0.55785954,0.0,10632
RU,1937,heat,historical,0.0002542164968679458,0.554414,0.0,10632
RU,1938,heat,historical,0.00029433281938487583,0.69324195,0.0,10632
RU,1939,heat,historical,0.00030620381600827685,0.67288023,0.0,10632
RU,1940,heat,historical,0.0002593742423062453,0.5711721,0.0,10632
RU,1941,heat,historical,0.00027387038172498117,0.6405965,0.0,10632
RU,1942,heat,historical,0.00023750615569977427,0.47236407,0.0,10632
RU,1943,heat,historical,0.0002001471758841234,0.48802587,0.0,10632
RU,1944,heat,historical,0.00020675067200902935,0.56865,0.0,10632
RU,1945,heat,historical,0.00019291143971030854,0.46616405,0.0,10632
RU,1946,heat,historical,0.00018422204461060948,0.52208376,0.0,10632
RU,1947,heat,historical,0.00018366967872460497,0.4536479,0.0,10632
RU,1948,heat,historical,0.00024137036427765237,0.56547755,0.0,10632
RU,1949,heat,historical,0.000257776103244921,0.49759248,0.0,10632
RU,1950,heat,historical,0.00022028365279345372,0.5430541,0.0,10632
RU,1951,heat,historical,0.00024147877652370205,0.63953364,0.0,10632
RU,1952,heat,historical,0.0002489926136474793,0.5838741,0.0,10632
RU,1953,heat,historical,0.00016905897441685477,0.43077695,0.0,10632
RU,1954,heat,historical,0.0002001226076937547,0.5160691,0.0,10632
RU,1955,heat,historical,0.00018713660553047403,0.5331329,0.0,10632
RU,1956,heat,historical,0.0001713740256772009,0.5248686,0.0,10632
RU,1957,heat,historical,0.00023189595071482317,0.53567976,0.0,10632
RU,1958,heat,historical,0.0002994463423250564,0.54501873,0.0,10632
RU,1959,heat,historical,0.00016821113525206923,0.3829285,0.0,10632
RU,1960,heat,historical,0.0001459741470560572,0.468378,0.0,10632
RU,1961,heat,historical,0.00015534063231753198,0.34483445,0.0,10632
RU,1962,heat,historical,0.00022115450912340103,0.5848167,0.0,10632
RU,1963,heat,historical,0.0002456012903442438,0.5030879,0.0,10632
RU,1964,heat,historical,0.00017211942941591421,0.49709332,0.0,10632
RU,1965,heat,historical,0.0003100838476297968,0.67671347,0.0,10632
RU,1966,heat,historical,0.00020217563159330323,0.5040614,0.0,10632
RU,1967,heat,historical,0.00013887168801730626,0.42932132,0.0,10632
RU,1968,heat,historical,0.00022154388816779535,0.504622,0.0,10632
RU,1969,heat,historical,0.0002135638172498119,0.43279064,0.0,10632
RU,1970,heat,historical,0.00021494664390519187,0.5394567,0.0,10632
RU,1971,heat,historical,0.0002540665193425508,0.52018726,0.0,10632
RU,1972,heat,historical,0.00019523698448081263,0.45956197,0.0,10632
RU,1973,heat,historical,0.00017221051581075997,0.4378638,0.0,10632
RU,1974,heat,historical,0.0002581817425696012,0.51237625,0.0,10632
RU,1975,heat,historical,0.00017944454430022573,0.5065737,0.0,10632
RU,1976,heat,historical,0.00014203783857223476,0.4608891,0.0,10632
RU,1977,heat,historical,0.0002336613618510158,0.5699885,0.0,10632
RU,1978,heat,historical,0.00020293739221218963,0.48633432,0.0,10632
RU,1979,heat,historical,0.00026718772983728365,0.5959112,0.0,10632
RU,1980,heat,historical,0.00019102873589164784,0.4688581,0.0,10632
RU,1981,heat,historical,0.00018754554874905944,0.4297539,0.0,10632
RU,1982,heat,historical,0.00020836406765425131,0.5092207,0.0,10632
RU,1983,heat,historical,0.00021186662499999998,0.51753557,0.0,10632
RU,1984,heat,historical,0.0001364929402746426,0.38789374,0.0,10632
RU,1985,heat,historical,0.00017086298401053425,0.4398976,0.0,10632
RU,1986,heat,historical,0.00031694767946764484,0.62662625,0.0,10632
RU,1987,heat,historical,0.00023505554736644093,0.5190434,0.0,10632
RU,1988,heat,historical,0.00017635947319413092,0.47027862,0.0,10632
RU,1989,heat,historical,0.0002892443554364184,0.61700964,0.0,10632
RU,1990,heat,historical,0.0003023649862678706,0.506375,0.0,10632
RU,1991,heat,historical,0.00019188070927389015,0.42901468,0.0,10632
RU,1992,heat,historical,0.00012019809638826185,0.43012398,0.0,10632
RU,1993,heat,historical,0.0001822578760346125,0.5001466,0.0,10632
RU,1994,heat,historical,0.0002464454417795335,0.53208345,0.0,10632
RU,1995,heat,historical,0.0003187669853592927,0.5848064,0.0,10632
RU,1996,heat,historical,0.00026451292292607227,0.47727668,0.0,10632
RU,1997,heat,historical,0.0003408349061324304,0.77578694,0.0,10632
RU,1998,heat,historical,0.000250181288418924,0.6001528,0.0,10632
RU,1999,heat,historical,0.00027455509113995485,0.48717365,0.0,10632
RU,2000,heat,historical,0.0001736844179947329,0.51532006,0.0,10632
RU,2001,heat,historical,0.0002122712984951091,0.5780489,0.0,10632
RU,2002,heat,historical,0.0002804663100893529,0.6142748,0.0,10632
RU,2003,heat,historical,0.0003171837403931528,0.6254184,0.0,10632
RU,2004,heat,historical,0.00024266531602708803,0.52974355,0.0,10632
RU,2005,heat,historical,0.00030532464496802104,0.66311026,0.0,10632
RU,2006,heat,historical,0.0002578799931339353,0.5915024,0.0,10632
RU,2007,heat,historical,0.00025988189773325807,0.5754292,0.0,10632
RU,2008,heat,historical,0.0002945253795146727,0.619285,0.0,10632
RU,2009,heat,historical,0.0002402938062452972,0.61174136,0.0,10632
RU,2010,heat,historical,0.0002727895444883371,0.616974,0.0,10632
RU,2011,heat,historical,0.00028630416636945074,0.58296824,0.0,10632
RU,2012,heat,historical,0.0003219602208427389,0.6969431,0.0,10632
RU,2013,heat,historical,0.0003472627020127916,0.70094466,0.0,10632
RU,2014,heat,historical,0.0002115226959556057,0.3960883,0.0,10632
SA,1850,heat,historical,0.10079263357142858,0.527861,0.0,84
SA,1851,heat,historical,0.11652186844047618,0.5598453,0.0,84
SA,1852,heat,historical,0.12592076025833332,0.6609201,0.0,84
SA,1853,heat,historical,0.11090878423333334,0.5599284,0.0,84
SA,1854,heat,historical,0.10729854441666666,0.5625244,0.0,84
SA,1855,heat,historical,0.08936122639880953,0.52579623,0.0,84
SA,1856,heat,historical,0.10916179054285713,0.6632372,0.0,84
SA,1857,heat,historical,0.10986018437261905,0.5714685,0.0,84
SA,1858,heat,historical,0.09860726247619048,0.564456,0.0,84
SA,1859,heat,historical,0.11352918940309524,0.6257756,0.0,84
SA,1860,heat,historical,0.08914079481904762,0.55868137,0.0,84
SA,1861,heat,historical,0.11004938483333333,0.5841322,0.0,84
SA,1862,heat,historical,0.11818256012857142,0.664568,0.0,84
SA,1863,heat,historical,0.11938142248809523,0.59159225,0.0,84
SA,1864,heat,historical,0.09931784443571427,0.55610704,0.0,84
SA,1865,heat,historical,0.10134013477380951,0.58376575,0.0,84
SA,1866,heat,historical,0.10520320198809524,0.58585835,0.0,84
SA,1867,heat,historical,0.09646340214642857,0.59156954,0.0,84
SA,1868,heat,historical,0.11917419620238096,0.6134773,0.0,84
SA,1869,heat,historical,0.09350953032142857,0.5066253,0.0,84
SA,1870,heat,historical,0.09074987766071428,0.5823276,0.0,84
SA,1871,heat,historical,0.1046122264404762,0.60566056,0.0,84
SA,1872,heat,historical,0.11867160287261906,0.6476921,0.0,84
SA,1873,heat,historical,0.10492716664285713,0.57454395,0.0,84
SA,1874,heat,historical,0.09170464908809524,0.5050979,0.0,84
SA,1875,heat,historical,0.1015737926595238,0.5844481,0.0,84
SA,1876,heat,historical,0.1262268738095238,0.6786926,0.0,84
SA,1877,heat,historical,0.08877899136904761,0.5404768,0.0,84
SA,1878,heat,historical,0.08497742642619047,0.47611937,0.0,84
SA,1879,heat,historical,0.09526521478571429,0.55795455,0.0,84
SA,1880,heat,historical,0.11362114664523809,0.6663964,0.0,84
SA,1881,heat,historical,0.11770711002380953,0.6872294,0.0,84
SA,1882,heat,historical,0.10075665882142856,0.51885605,0.0,84
SA,1883,heat,historical,0.10214670549761905,0.5977659,0.0,84
SA,1884,heat,historical,0.07545351766071429,0.50608695,0.0,84
SA,1885,heat,historical,0.09190914863095238,0.6099646,0.0,84
SA,1886,heat,historical,0.12757139661904762,0.6687972,0.0,84
SA,1887,heat,historical,0.10969399380952381,0.5651177,0.0,84
SA,1888,heat,historical,0.09754584621428572,0.53372335,0.0,84
SA,1889,heat,historical,0.08847706197619047,0.51409054,0.0,84
SA,1890,heat,historical,0.12673202557738095,0.70698667,0.0,84
SA,1891,heat,historical,0.12685046517261905,0.6492133,0.0,84
SA,1892,heat,historical,0.11491261866630953,0.5901103,0.0,84
SA,1893,heat,historical,0.1041807148095238,0.57013416,0.0,84
SA,1894,heat,historical,0.11884146711904761,0.60589236,0.0,84
SA,1895,heat,historical,0.1161652904047619,0.6844647,0.0,84
SA,1896,heat,historical,0.10720006320238096,0.5742699,0.0,84
SA,1897,heat,historical,0.1109756437857143,0.6255288,0.0,84
SA,1898,heat,historical,0.10461225677380953,0.6007242,0.0,84
SA,1899,heat,historical,0.10580232331428571,0.6706957,0.0,84
SA,1900,heat,historical,0.10693546578571428,0.6423867,0.0,84
SA,1901,heat,historical,0.10280705534523811,0.5801265,0.0,84
SA,1902,heat,historical,0.11087308207142857,0.5892931,0.0,84
SA,1903,heat,historical,0.08890945884523808,0.57131255,0.0,84
SA,1904,heat,historical,0.0962388412107143,0.5155451,0.0,84
SA,1905,heat,historical,0.10970548498809524,0.58292073,0.0,84
SA,1906,heat,historical,0.1065403563845238,0.5866926,0.0,84
SA,1907,heat,historical,0.10051957313095239,0.54028165,0.0,84
SA,1908,heat,historical,0.11105288976190476,0.69303656,0.0,84
SA,1909,heat,historical,0.12832144256309524,0.72143906,0.0,84
SA,1910,heat,historical,0.09394913655119048,0.51032746,0.0,84
SA,1911,heat,historical,0.11129582793333334,0.5865047,0.0,84
SA,1912,heat,historical,0.09418618520119047,0.559516,0.0,84
SA,1913,heat,historical,0.1096371262142857,0.59967375,0.0,84
SA,1914,heat,historical,0.11032280153571428,0.6433643,0.0,84
SA,1915,heat,historical,0.10018170074404763,0.6279338,0.0,84
SA,1916,heat,historical,0.11339575541666666,0.5856751,0.0,84
SA,1917,heat,historical,0.10166545424345239,0.55220157,0.0,84
SA,1918,heat,historical,0.10771832001190476,0.64795125,0.0,84
SA,1919,heat,historical,0.10551100497619048,0.7178484,0.0,84
SA,1920,heat,historical,0.10848042467857143,0.56325173,0.0,84
SA,1921,heat,historical,0.10322688214285713,0.5028401,0.0,84
SA,1922,heat,historical,0.09929369419047619,0.5663158,0.0,84
SA,1923,heat,historical,0.12991141614166665,0.70392156,0.0,84
SA,1924,heat,historical,0.1124678542142857,0.6465472,0.0,84
SA,1925,heat,historical,0.11318044041785716,0.5537001,0.0,84
SA,1926,heat,historical,0.12538570150714284,0.6782812,0.0,84
SA,1927,heat,historical,0.1372091737857143,0.7082002,0.0,84
SA,1928,heat,historical,0.10498904746428572,0.5536722,0.0,84
SA,1929,heat,historical,0.08133792277142857,0.5252274,0.0,84
SA,1930,heat,historical,0.11111927128571428,0.60576487,0.0,84
SA,1931,heat,historical,0.12068442007857143,0.62748575,0.0,84
SA,1932,heat,historical,0.11559336553571428,0.6419494,0.0,84
SA,1933,heat,historical,0.11551574047261906,0.5965632,0.0,84
SA,1934,heat,historical,0.11631031975,0.65966463,0.0,84
SA,1935,heat,historical,0.11566133208523809,0.6524411,0.0,84
SA,1936,heat,historical,0.1274726177809524,0.6403064,0.0,84
SA,1937,heat,historical,0.10346729804761906,0.52922165,0.0,84
SA,1938,heat,historical,0.11683484623809524,0.6377781,0.0,84
SA,1939,heat,historical,0.1276292309940476,0.65097046,0.0,84
SA,1940,heat,historical,0.11287924885714287,0.60258925,0.0,84
SA,1941,heat,historical,0.09589067253773809,0.57678056,0.0,84
SA,1942,heat,historical,0.1001380065404762,0.58690774,0.0,84
SA,1943,heat,historical,0.10325906432142858,0.55468345,0.0,84
SA,1944,heat,historical,0.10703889277619047,0.59364665,0.0,84
SA,1945,heat,historical,0.10244268073333333,0.5884079,0.0,84
SA,1946,heat,historical,0.11318211802380954,0.61828923,0.0,84
SA,1947,heat,historical,0.12352248629761904,0.63972056,0.0,84
SA,1948,heat,historical,0.11662521432142856,0.6024927,0.0,84
SA,1949,heat,historical,0.10928060874404762,0.572793,0.0,84
SA,1950,heat,historical,0.1142776766392857,0.67044437,0.0,84
SA,1951,heat,historical,0.10530812126190477,0.6157088,0.0,84
SA,1952,heat,historical,0.12106353233214286,0.5958028,0.0,84
SA,1953,heat,historical,0.11614706185714285,0.61399865,0.0,84
SA,1954,heat,historical,0.1277358836190476,0.6579132,0.0,84
SA,1955,heat,historical,0.11914363748791666,0.6687574,0.0,84
SA,1956,heat,historical,0.13738624367857144,0.7235333,0.0,84
SA,1957,heat,historical,0.11494389813988096,0.6103177,0.0,84
SA,1958,heat,historical,0.1275660575595238,0.6477995,0.0,84
SA,1959,heat,historical,0.11312002201190476,0.65814036,0.0,84
SA,1960,heat,historical,0.11121472201190477,0.66590905,0.0,84
SA,1961,heat,historical,0.13489521708333335,0.684667,0.0,84
SA,1962,heat,historical,0.100551018272,0.5839165,0.0,84
SA,1963,heat,historical,0.11424412905952382,0.5547676,0.0,84
SA,1964,heat,historical,0.10722133251547618,0.69100535,0.0,84
SA,1965,heat,historical,0.12597468889285715,0.64866203,0.0,84
SA,1966,heat,historical,0.09076697339285714,0.4966845,0.0,84
SA,1967,heat,historical,0.0961247045,0.58103764,0.0,84
SA,1968,heat,historical,0.11174694229761904,0.6329646,0.0,84
SA,1969,heat,historical,0.1323942917357143,0.65640545,0.0,84
SA,1970,heat,historical,0.11783249415476191,0.63108826,0.0,84
SA,1971,heat,historical,0.08715136117857143,0.540118,0.0,84
SA,1972,heat,historical,0.09977133735714284,0.6719315,0.0,84
SA,1973,heat,historical,0.12213853883333334,0.6650403,0.0,84
SA,1974,heat,historical,0.1230963294047619,0.590244,0.0,84
SA,1975,heat,historical,0.10559734284047619,0.5661527,0.0,84
SA,1976,heat,historical,0.11716820181071427,0.6332299,0.0,84
SA,1977,heat,historical,0.11518292489761904,0.65278125,0.0,84
SA,1978,heat,historical,0.10720303601190477,0.59544146,0.0,84
SA,1979,heat,historical,0.12056353571904763,0.6891331,0.0,84
SA,1980,heat,historical,0.1177949168452381,0.7268436,0.0,84
SA,1981,heat,historical,0.14088731454761905,0.6478057,0.0,84
SA,1982,heat,historical,0.11728254276190477,0.64587355,0.0,84
SA,1983,heat,historical,0.09875189482142857,0.5750601,0.0,84
SA,1984,heat,historical,0.11306554552976189,0.70023644,0.0,84
SA,1985,heat,historical,0.11960322658809523,0.62325656,0.0,84
SA,1986,heat,historical,0.11500545947619048,0.5972595,0.0,84
SA,1987,heat,historical,0.1102827562047619,0.580045,0.0,84
SA,1988,heat,historical,0.1361350993654762,0.7480999,0.0,84
SA,1989,heat,historical,0.13114382015238096,0.61768115,0.0,84
SA,1990,heat,historical,0.12827418110714287,0.63579386,0.0,84
SA,1991,heat,historical,0.11201346931309523,0.62893057,0.0,84
SA,1992,heat,historical,0.09720647447619048,0.58165914,0.0,84
SA,1993,heat,historical,0.12564667707142857,0.64229167,0.0,84
SA,1994,heat,historical,0.14922589966309524,0.7519775,0.0,84
SA,1995,heat,historical,0.12257525680595238,0.6233443,0.0,84
SA,1996,heat,historical,0.12041230888690475,0.6962034,0.0,84
SA,1997,heat,historical,0.1532743689040476,0.72246003,0.0,84
SA,1998,heat,historical,0.16154283126309524,0.7494394,0.0,84
SA,1999,heat,historical,0.12035595913095239,0.59894747,0.0,84
SA,2000,heat,historical,0.12154481438095238,0.65633786,0.0,84
SA,2001,heat,historical,0.14577269288095238,0.7713797,0.0,84
SA,2002,heat,historical,0.16712879765,0.7196251,0.0,84
SA,2003,heat,historical,0.1476416976345238,0.68109083,0.0,84
SA,2004,heat,historical,0.13067131936428572,0.6823797,0.0,84
SA,2005,heat,historical,0.12579928079523808,0.63293934,0.0,84
SA,2006,heat,historical,0.13921309109166669,0.82727253,0.0,84
SA,2007,heat,historical,0.14160801123809524,0.7043252,0.0,84
SA,2008,heat,historical,0.15502304980119047,0.79985654,0.0,84
SA,2009,heat,historical,0.1434849437479762,0.78376365,0.0,84
SA,2010,heat,historical,0.14324561033690475,0.80696917,0.0,84
SA,2011,heat,historical,0.15972642080952382,0.7027916,0.0,84
SA,2012,heat,historical,0.1439552710011905,0.72591233,0.0,84
SA,2013,heat,historical,0.13450082643690475,0.7665925,0.0,84
SA,2014,heat,historical,0.1314566015017857,0.79516435,0.0,84
SB,1850,heat,historical,0.0,0.0,0.0,84
SB,1851,heat,historical,0.0,0.0,0.0,84
SB,1852,heat,historical,0.0,0.0,0.0,84
SB,1853,heat,historical,0.0,0.0,0.0,84
SB,1854,heat,historical,0.0,0.0,0.0,84
SB,1855,heat,historical,0.0,0.0,0.0,84
SB,1856,heat,historical,0.0,0.0,0.0,84
SB,1857,heat,historical,0.0,0.0,0.0,84
SB,1858,heat,historical,0.0,0.0,0.0,84
SB,1859,heat,historical,0.0,0.0,0.0,84
SB,1860,heat,historical,0.0,0.0,0.0,84
SB,1861,heat,historical,0.0,0.0,0.0,84
SB,1862,heat,historical,0.0,0.0,0.0,84
SB,1863,heat,historical,0.0,0.0,0.0,84
SB,1864,heat,historical,0.0,0.0,0.0,84
SB,1865,heat,historical,0.0,0.0,0.0,84
SB,1866,heat,historical,0.0,0.0,0.0,84
SB,1867,heat,historical,0.0,0.0,0.0,84
SB,1868,heat,historical,0.0,0.0,0.0,84
SB,1869,heat,historical,0.0,0.0,0.0,84
SB,1870,heat,historical,0.0,0.0,0.0,84
SB,1871,heat,historical,0.0,0.0,0.0,84
SB,1872,heat,historical,0.0,0.0,0.0,84
SB,1873,heat,historical,0.0,0.0,0.0,84
SB,1874,heat,historical,0.0,0.0,0.0,84
SB,1875,heat,historical,0.0,0.0,0.0,84
SB,1876,heat,historical,0.0,0.0,0.0,84
SB,1877,heat,historical,0.0,0.0,0.0,84
SB,1878,heat,historical,0.0,0.0,0.0,84
SB,1879,heat,historical,0.0,0.0,0.0,84
SB,1880,heat,historical,0.0,0.0,0.0,84
SB,1881,heat,historical,0.0,0.0,0.0,84
SB,1882,heat,historical,0.0,0.0,0.0,84
SB,1883,heat,historical,0.0,0.0,0.0,84
SB,1884,heat,historical,0.0,0.0,0.0,84
SB,1885,heat,historical,0.0,0.0,0.0,84
SB,1886,heat,historical,0.0,0.0,0.0,84
SB,1887,heat,historical,0.0,0.0,0.0,84
SB,1888,heat,historical,0.0,0.0,0.0,84
SB,1889,heat,historical,0.0,0.0,0.0,84
SB,1890,heat,historical,0.0,0.0,0.0,84
SB,1891,heat,historical,0.0,0.0,0.0,84
SB,1892,heat,historical,0.0,0.0,0.0,84
SB,1893,heat,historical,0.0,0.0,0.0,84
SB,1894,heat,historical,0.0,0.0,0.0,84
SB,1895,heat,historical,0.0,0.0,0.0,84
SB,1896,heat,historical,0.0,0.0,0.0,84
SB,1897,heat,historical,0.0,0.0,0.0,84
SB,1898,heat,historical,0.0,0.0,0.0,84
SB,1899,heat,historical,0.0,0.0,0.0,84
SB,1900,heat,historical,0.0,0.0,0.0,84
SB,1901,heat,historical,0.0,0.0,0.0,84
SB,1902,heat,historical,0.0,0.0,0.0,84
SB,1903,heat,historical,0.0,0.0,0.0,84
SB,1904,heat,historical,0.0,0.0,0.0,84
SB,1905,heat,historical,0.0,0.0,0.0,84
SB,1906,heat,historical,0.0,0.0,0.0,84
SB,1907,heat,historical,0.0,0.0,0.0,84
SB,1908,heat,historical,0.0,0.0,0.0,84
SB,1909,heat,historical,0.0,0.0,0.0,84
SB,1910,heat,historical,0.0,0.0,0.0,84
SB,1911,heat,historical,0.0,0.0,0.0,84
SB,1912,heat,historical,0.0,0.0,0.0,84
SB,1913,heat,historical,0.0,0.0,0.0,84
SB,1914,heat,historical,0.0,0.0,0.0,84
SB,1915,heat,historical,0.0,0.0,0.0,84
SB,1916,heat,historical,0.0,0.0,0.0,84
SB,1917,heat,historical,0.0,0.0,0.0,84
SB,1918,heat,historical,0.0,0.0,0.0,84
SB,1919,heat,historical,0.0,0.0,0.0,84
SB,1920,heat,historical,0.0,0.0,0.0,84
SB,1921,heat,historical,0.0,0.0,0.0,84
SB,1922,heat,historical,0.0,0.0,0.0,84
SB,1923,heat,historical,0.0,0.0,0.0,84
SB,1924,heat,historical,0.0,0.0,0.0,84
SB,1925,heat,historical,0.0,0.0,0.0,84
SB,1926,heat,historical,0.0,0.0,0.0,84
SB,1927,heat,historical,0.0,0.0,0.0,84
SB,1928,heat,historical,0.0,0.0,0.0,84
SB,1929,heat,historical,0.0,0.0,0.0,84
SB,1930,heat,historical,0.0,0.0,0.0,84
SB,1931,heat,historical,0.0,0.0,0.0,84
SB,1932,heat,historical,0.0,0.0,0.0,84
SB,1933,heat,historical,0.0,0.0,0.0,84
SB,1934,heat,historical,0.0,0.0,0.0,84
SB,1935,heat,historical,0.0,0.0,0.0,84
SB,1936,heat,historical,0.0,0.0,0.0,84
SB,1937,heat,historical,0.0,0.0,0.0,84
SB,1938,heat,historical,0.0,0.0,0.0,84
SB,1939,heat,historical,0.0,0.0,0.0,84
SB,1940,heat,historical,0.0,0.0,0.0,84
SB,1941,heat,historical,0.0,0.0,0.0,84
SB,1942,heat,historical,0.0,0.0,0.0,84
SB,1943,heat,historical,0.0,0.0,0.0,84
SB,1944,heat,historical,0.0,0.0,0.0,84
SB,1945,heat,historical,0.0,0.0,0.0,84
SB,1946,heat,historical,0.0,0.0,0.0,84
SB,1947,heat,historical,0.0,0.0,0.0,84
SB,1948,heat,historical,0.0,0.0,0.0,84
SB,1949,heat,historical,0.0,0.0,0.0,84
SB,1950,heat,historical,0.0,0.0,0.0,84
SB,1951,heat,historical,0.0,0.0,0.0,84
SB,1952,heat,historical,0.0,0.0,0.0,84
SB,1953,heat,historical,0.0,0.0,0.0,84
SB,1954,heat,historical,0.0,0.0,0.0,84
SB,1955,heat,historical,0.0,0.0,0.0,84
SB,1956,heat,historical,0.0,0.0,0.0,84
SB,1957,heat,historical,0.0,0.0,0.0,84
SB,1958,heat,historical,0.0,0.0,0.0,84
SB,1959,heat,historical,0.0,0.0,0.0,84
SB,1960,heat,historical,0.0,0.0,0.0,84
SB,1961,heat,historical,0.0,0.0,0.0,84
SB,1962,heat,historical,0.0,0.0,0.0,84
SB,1963,heat,historical,0.0,0.0,0.0,84
SB,1964,heat,historical,0.0,0.0,0.0,84
SB,1965,heat,historical,0.0,0.0,0.0,84
SB,1966,heat,historical,0.0,0.0,0.0,84
SB,1967,heat,historical,0.0,0.0,0.0,84
SB,1968,heat,historical,0.0,0.0,0.0,84
SB,1969,heat,historical,0.0,0.0,0.0,84
SB,1970,heat,historical,0.0,0.0,0.0,84
SB,1971,heat,historical,0.0,0.0,0.0,84
SB,1972,heat,historical,0.0,0.0,0.0,84
SB,1973,heat,historical,0.0,0.0,0.0,84
SB,1974,heat,historical,0.0,0.0,0.0,84
SB,1975,heat,historical,0.0,0.0,0.0,84
SB,1976,heat,historical,0.0,0.0,0.0,84
SB,1977,heat,historical,0.0,0.0,0.0,84
SB,1978,heat,historical,0.0,0.0,0.0,84
SB,1979,heat,historical,0.0,0.0,0.0,84
SB,1980,heat,historical,0.0,0.0,0.0,84
SB,1981,heat,historical,0.0,0.0,0.0,84
SB,1982,heat,historical,0.0,0.0,0.0,84
SB,1983,heat,historical,0.0,0.0,0.0,84
SB,1984,heat,historical,0.0,0.0,0.0,84
SB,1985,heat,historical,0.0,0.0,0.0,84
SB,1986,heat,historical,0.0,0.0,0.0,84
SB,1987,heat,historical,0.0,0.0,0.0,84
SB,1988,heat,historical,0.0,0.0,0.0,84
SB,1989,heat,historical,0.0,0.0,0.0,84
SB,1990,heat,historical,0.0,0.0,0.0,84
SB,1991,heat,historical,0.0,0.0,0.0,84
SB,1992,heat,historical,0.0,0.0,0.0,84
SB,1993,heat,historical,0.0,0.0,0.0,84
SB,1994,heat,historical,0.0,0.0,0.0,84
SB,1995,heat,historical,0.0,0.0,0.0,84
SB,1996,heat,historical,0.0,0.0,0.0,84
SB,1997,heat,historical,0.0,0.0,0.0,84
SB,1998,heat,historical,0.0,0.0,0.0,84
SB,1999,heat,historical,0.0,0.0,0.0,84
SB,2000,heat,historical,0.0,0.0,0.0,84
SB,2001,heat,historical,0.0,0.0,0.0,84
SB,2002,heat,historical,0.0,0.0,0.0,84
SB,2003,heat,historical,0.0,0.0,0.0,84
SB,2004,heat,historical,0.0,0.0,0.0,84
SB,2005,heat,historical,0.0,0.0,0.0,84
SB,2006,heat,historical,0.0,0.0,0.0,84
SB,2007,heat,historical,0.0,0.0,0.0,84
SB,2008,heat,historical,0.0,0.0,0.0,84
SB,2009,heat,historical,0.0,0.0,0.0,84
SB,2010,heat,historical,0.0,0.0,0.0,84
SB,2011,heat,historical,0.0,0.0,0.0,84
SB,2012,heat,historical,0.0,0.0,0.0,84
SB,2013,heat,historical,0.0,0.0,0.0,84
SB,2014,heat,historical,0.0,0.0,0.0,84
SC,1850,heat,historical,0.0,0.0,0.0,108
SC,1851,heat,historical,0.0,0.0,0.0,108
SC,1852,heat,historical,0.0,0.0,0.0,108
SC,1853,heat,historical,0.0,0.0,0.0,108
SC,1854,heat,historical,0.0,0.0,0.0,108
SC,1855,heat,historical,0.0,0.0,0.0,108
SC,1856,heat,historical,0.0,0.0,0.0,108
SC,1857,heat,historical,0.0,0.0,0.0,108
SC,1858,heat,historical,0.0,0.0,0.0,108
SC,1859,heat,historical,0.0,0.0,0.0,108
SC,1860,heat,historical,0.0,0.0,0.0,108
SC,1861,heat,historical,0.0,0.0,0.0,108
SC,1862,heat,historical,0.0,0.0,0.0,108
SC,1863,heat,historical,0.0,0.0,0.0,108
SC,1864,heat,historical,0.0,0.0,0.0,108
SC,1865,heat,historical,0.0,0.0,0.0,108
SC,1866,heat,historical,0.0,0.0,0.0,108
SC,1867,heat,historical,0.0,0.0,0.0,108
SC,1868,heat,historical,0.0,0.0,0.0,108
SC,1869,heat,historical,0.0,0.0,0.0,108
SC,1870,heat,historical,0.0,0.0,0.0,108
SC,1871,heat,historical,0.0,0.0,0.0,108
SC,1872,heat,historical,0.0,0.0,0.0,108
SC,1873,heat,historical,0.0,0.0,0.0,108
SC,1874,heat,historical,0.0,0.0,0.0,108
SC,1875,heat,historical,0.0,0.0,0.0,108
SC,1876,heat,historical,0.0,0.0,0.0,108
SC,1877,heat,historical,0.0,0.0,0.0,108
SC,1878,heat,historical,0.0,0.0,0.0,108
SC,1879,heat,historical,0.0,0.0,0.0,108
SC,1880,heat,historical,0.0,0.0,0.0,108
SC,1881,heat,historical,0.0,0.0,0.0,108
SC,1882,heat,historical,0.0,0.0,0.0,108
SC,1883,heat,historical,0.0,0.0,0.0,108
SC,1884,heat,historical,0.0,0.0,0.0,108
SC,1885,heat,historical,0.0,0.0,0.0,108
SC,1886,heat,historical,0.0,0.0,0.0,108
SC,1887,heat,historical,0.0,0.0,0.0,108
SC,1888,heat,historical,0.0,0.0,0.0,108
SC,1889,heat,historical,0.0,0.0,0.0,108
SC,1890,heat,historical,0.0,0.0,0.0,108
SC,1891,heat,historical,0.0,0.0,0.0,108
SC,1892,heat,historical,0.0,0.0,0.0,108
SC,1893,heat,historical,0.0,0.0,0.0,108
SC,1894,heat,historical,0.0,0.0,0.0,108
SC,1895,heat,historical,0.0,0.0,0.0,108
SC,1896,heat,historical,0.0,0.0,0.0,108
SC,1897,heat,historical,0.0,0.0,0.0,108
SC,1898,heat,historical,0.0,0.0,0.0,108
SC,1899,heat,historical,0.0,0.0,0.0,108
SC,1900,heat,historical,0.0,0.0,0.0,108
SC,1901,heat,historical,0.0,0.0,0.0,108
SC,1902,heat,historical,0.0,0.0,0.0,108
SC,1903,heat,historical,0.0,0.0,0.0,108
SC,1904,heat,historical,0.0,0.0,0.0,108
SC,1905,heat,historical,0.0,0.0,0.0,108
SC,1906,heat,historical,0.0,0.0,0.0,108
SC,1907,heat,historical,0.0,0.0,0.0,108
SC,1908,heat,historical,0.0,0.0,0.0,108
SC,1909,heat,historical,0.0,0.0,0.0,108
SC,1910,heat,historical,0.0,0.0,0.0,108
SC,1911,heat,historical,0.0,0.0,0.0,108
SC,1912,heat,historical,0.0,0.0,0.0,108
SC,1913,heat,historical,0.0,0.0,0.0,108
SC,1914,heat,historical,0.0,0.0,0.0,108
SC,1915,heat,historical,0.0,0.0,0.0,108
SC,1916,heat,historical,0.0,0.0,0.0,108
SC,1917,heat,historical,0.0,0.0,0.0,108
SC,1918,heat,historical,0.0,0.0,0.0,108
SC,1919,heat,historical,0.0,0.0,0.0,108
SC,1920,heat,historical,0.0,0.0,0.0,108
SC,1921,heat,historical,0.0,0.0,0.0,108
SC,1922,heat,historical,0.0,0.0,0.0,108
SC,1923,heat,historical,0.0,0.0,0.0,108
SC,1924,heat,historical,0.0,0.0,0.0,108
SC,1925,heat,historical,0.0,0.0,0.0,108
SC,1926,heat,historical,0.0,0.0,0.0,108
SC,1927,heat,historical,0.0,0.0,0.0,108
SC,1928,heat,historical,0.0,0.0,0.0,108
SC,1929,heat,historical,0.0,0.0,0.0,108
SC,1930,heat,historical,0.0,0.0,0.0,108
SC,1931,heat,historical,0.0,0.0,0.0,108
SC,1932,heat,historical,0.0,0.0,0.0,108
SC,1933,heat,historical,0.0,0.0,0.0,108
SC,1934,heat,historical,0.0,0.0,0.0,108
SC,1935,heat,historical,0.0,0.0,0.0,108
SC,1936,heat,historical,0.0,0.0,0.0,108
SC,1937,heat,historical,0.0,0.0,0.0,108
SC,1938,heat,historical,0.0,0.0,0.0,108
SC,1939,heat,historical,0.0,0.0,0.0,108
SC,1940,heat,historical,0.0,0.0,0.0,108
SC,1941,heat,historical,0.0,0.0,0.0,108
SC,1942,heat,historical,0.0,0.0,0.0,108
SC,1943,heat,historical,0.0,0.0,0.0,108
SC,1944,heat,historical,0.0,0.0,0.0,108
SC,1945,heat,historical,0.0,0.0,0.0,108
SC,1946,heat,historical,0.0,0.0,0.0,108
SC,1947,heat,historical,0.0,0.0,0.0,108
SC,1948,heat,historical,0.0,0.0,0.0,108
SC,1949,heat,historical,0.0,0.0,0.0,108
SC,1950,heat,historical,0.0,0.0,0.0,108
SC,1951,heat,historical,0.0,0.0,0.0,108
SC,1952,heat,historical,0.0,0.0,0.0,108
SC,1953,heat,historical,0.0,0.0,0.0,108
SC,1954,heat,historical,0.0,0.0,0.0,108
SC,1955,heat,historical,0.0,0.0,0.0,108
SC,1956,heat,historical,0.0,0.0,0.0,108
SC,1957,heat,historical,0.0,0.0,0.0,108
SC,1958,heat,historical,0.0,0.0,0.0,108
SC,1959,heat,historical,0.0,0.0,0.0,108
SC,1960,heat,historical,0.0,0.0,0.0,108
SC,1961,heat,historical,0.0,0.0,0.0,108
SC,1962,heat,historical,0.0,0.0,0.0,108
SC,1963,heat,historical,0.0,0.0,0.0,108
SC,1964,heat,historical,0.0,0.0,0.0,108
SC,1965,heat,historical,0.0,0.0,0.0,108
SC,1966,heat,historical,0.0,0.0,0.0,108
SC,1967,heat,historical,0.0,0.0,0.0,108
SC,1968,heat,historical,0.0,0.0,0.0,108
SC,1969,heat,historical,0.0,0.0,0.0,108
SC,1970,heat,historical,0.0,0.0,0.0,108
SC,1971,heat,historical,0.0,0.0,0.0,108
SC,1972,heat,historical,0.0,0.0,0.0,108
SC,1973,heat,historical,0.0,0.0,0.0,108
SC,1974,heat,historical,0.0,0.0,0.0,108
SC,1975,heat,historical,0.0,0.0,0.0,108
SC,1976,heat,historical,0.0,0.0,0.0,108
SC,1977,heat,historical,0.0,0.0,0.0,108
SC,1978,heat,historical,0.0,0.0,0.0,108
SC,1979,heat,historical,0.0,0.0,0.0,108
SC,1980,heat,historical,0.0,0.0,0.0,108
SC,1981,heat,historical,0.0,0.0,0.0,108
SC,1982,heat,historical,0.0,0.0,0.0,108
SC,1983,heat,historical,0.0,0.0,0.0,108
SC,1984,heat,historical,0.0,0.0,0.0,108
SC,1985,heat,historical,0.0,0.0,0.0,108
SC,1986,heat,historical,0.0,0.0,0.0,108
SC,1987,heat,historical,0.0,0.0,0.0,108
SC,1988,heat,historical,0.0,0.0,0.0,108
SC,1989,heat,historical,0.0,0.0,0.0,108
SC,1990,heat,historical,0.0,0.0,0.0,108
SC,1991,heat,historical,0.0,0.0,0.0,108
SC,1992,heat,historical,0.0,0.0,0.0,108
SC,1993,heat,historical,0.0,0.0,0.0,108
SC,1994,heat,historical,0.0,0.0,0.0,108
SC,1995,heat,historical,0.0,0.0,0.0,108
SC,1996,heat,historical,0.0,0.0,0.0,108
SC,1997,heat,historical,0.0,0.0,0.0,108
SC,1998,heat,historical,0.0,0.0,0.0,108
SC,1999,heat,historical,0.0,0.0,0.0,108
SC,2000,heat,historical,0.0,0.0,0.0,108
SC,2001,heat,historical,0.0,0.0,0.0,108
SC,2002,heat,historical,0.0,0.0,0.0,108
SC,2003,heat,historical,0.0,0.0,0.0,108
SC,2004,heat,historical,0.0,0.0,0.0,108
SC,2005,heat,historical,0.0,0.0,0.0,108
SC,2006,heat,historical,0.0,0.0,0.0,108
SC,2007,heat,historical,0.0,0.0,0.0,108
SC,2008,heat,historical,0.0,0.0,0.0,108
SC,2009,heat,historical,0.0,0.0,0.0,108
SC,2010,heat,historical,0.0,0.0,0.0,108
SC,2011,heat,historical,0.0,0.0,0.0,108
SC,2012,heat,historical,0.0,0.0,0.0,108
SC,2013,heat,historical,0.0,0.0,0.0,108
SC,2014,heat,historical,0.0,0.0,0.0,108
SD,1850,heat,historical,0.09417066266309523,0.54376435,0.0,84
SD,1851,heat,historical,0.11521960746154762,0.5129348,0.0,84
SD,1852,heat,historical,0.11405088799107142,0.5460248,0.0,84
SD,1853,heat,historical,0.1012429051702381,0.48380136,0.0,84
SD,1854,heat,historical,0.08024271385714285,0.44365805,0.0,84
SD,1855,heat,historical,0.08362238927380952,0.5226985,0.0,84
SD,1856,heat,historical,0.07950300920833334,0.53179073,0.0,84
SD,1857,heat,historical,0.09336953086904762,0.47379595,0.0,84
SD,1858,heat,historical,0.10693751726547619,0.48684794,0.0,84
SD,1859,heat,historical,0.09923162812940477,0.41096136,0.0,84
SD,1860,heat,historical,0.06529764955833334,0.42757708,0.0,84
SD,1861,heat,historical,0.09425141773690476,0.46924317,0.0,84
SD,1862,heat,historical,0.10723528751785714,0.5208743,0.0,84
SD,1863,heat,historical,0.09675899568928571,0.4496428,0.0,84
SD,1864,heat,historical,0.08030254960833333,0.43289906,0.0,84
SD,1865,heat,historical,0.08315465131071428,0.45828384,0.0,84
SD,1866,heat,historical,0.08427847122095239,0.5061675,0.0,84
SD,1867,heat,historical,0.09529074764880953,0.53217435,0.0,84
SD,1868,heat,historical,0.10327349295833332,0.522856,0.0,84
SD,1869,heat,historical,0.0892439461607143,0.43934888,0.0,84
SD,1870,heat,historical,0.08773265547619047,0.47543436,0.0,84
SD,1871,heat,historical,0.09449139766666667,0.5824665,0.0,84
SD,1872,heat,historical,0.11313376264023811,0.59019136,0.0,84
SD,1873,heat,historical,0.09817062330015476,0.5541693,0.0,84
SD,1874,heat,historical,0.07802548091666667,0.41138208,0.0,84
SD,1875,heat,historical,0.09414002909428572,0.55344045,0.0,84
SD,1876,heat,historical,0.12038619927059523,0.568138,0.0,84
SD,1877,heat,historical,0.08383214168452381,0.3282977,0.0,84
SD,1878,heat,historical,0.07119294813809524,0.40399587,0.0,84
SD,1879,heat,historical,0.07301301961904762,0.50069636,0.0,84
SD,1880,heat,historical,0.09927744120357142,0.5988861,0.0,84
SD,1881,heat,historical,0.09677473398452381,0.54800904,0.0,84
SD,1882,heat,historical,0.08744690674404762,0.41210938,0.0,84
SD,1883,heat,historical,0.08117611358809523,0.4184255,0.0,84
SD,1884,heat,historical,0.06349681785238095,0.35011253,0.0,84
SD,1885,heat,historical,0.08589055988095239,0.5227662,0.0,84
SD,1886,heat,historical,0.110186206425,0.54040444,0.0,84
SD,1887,heat,historical,0.0858978410047619,0.43040583,0.0,84
SD,1888,heat,historical,0.06957856575357144,0.36698532,0.0,84
SD,1889,heat,historical,0.0984225701190476,0.5323199,0.0,84
SD,1890,heat,historical,0.0976390550595238,0.6079447,0.0,84
SD,1891,heat,historical,0.10715558408214285,0.54729617,0.0,84
SD,1892,heat,historical,0.10414978065119047,0.44964486,0.0,84
SD,1893,heat,historical,0.08345267950357142,0.4495344,0.0,84
SD,1894,heat,historical,0.09766659421666667,0.5175516,0.0,84
SD,1895,heat,historical,0.11661030433214285,0.59350944,0.0,84
SD,1896,heat,historical,0.0862679825195238,0.5400514,0.0,84
SD,1897,heat,historical,0.07070443804166666,0.44479212,0.0,84
SD,1898,heat,historical,0.08563897726785714,0.46733943,0.0,84
SD,1899,heat,historical,0.08513312039880952,0.46088445,0.0,84
SD,1900,heat,historical,0.0951110195170238,0.43808368,0.0,84
SD,1901,heat,historical,0.09951946126904761,0.48374406,0.0,84
SD,1902,heat,historical,0.10782973198892856,0.53821063,0.0,84
SD,1903,heat,historical,0.08025988358095237,0.47145557,0.0,84
SD,1904,heat,historical,0.07774322114880952,0.45055437,0.0,84
SD,1905,heat,historical,0.08333692864369048,0.48247215,0.0,84
SD,1906,heat,historical,0.09600692787976191,0.49023157,0.0,84
SD,1907,heat,historical,0.07752299831380952,0.45081764,0.0,84
SD,1908,heat,historical,0.09484989417821428,0.470322,0.0,84
SD,1909,heat,historical,0.10084048624289285,0.5629219,0.0,84
SD,1910,heat,historical,0.10232600257857143,0.44671494,0.0,84
SD,1911,heat,historical,0.09377007417976191,0.48196423,0.0,84
SD,1912,heat,historical,0.08714127753928572,0.42043555,0.0,84
SD,1913,heat,historical,0.09066009103809523,0.44806427,0.0,84
SD,1914,heat,historical,0.08194371634285715,0.4281769,0.0,84
SD,1915,heat,historical,0.07935068898630952,0.47548652,0.0,84
SD,1916,heat,historical,0.08795501649404762,0.48025975,0.0,84
SD,1917,heat,historical,0.0854613765297619,0.43096226,0.0,84
SD,1918,heat,historical,0.09033853810238095,0.5446445,0.0,84
SD,1919,heat,historical,0.09805135240714287,0.5446605,0.0,84
SD,1920,heat,historical,0.10385585765357142,0.50709355,0.0,84
SD,1921,heat,historical,0.0916206948389762,0.47898114,0.0,84
SD,1922,heat,historical,0.06850515624285715,0.42963257,0.0,84
SD,1923,heat,historical,0.123150368925,0.52550304,0.0,84
SD,1924,heat,historical,0.09494220608119049,0.4373321,0.0,84
SD,1925,heat,historical,0.09779696861785714,0.5036593,0.0,84
SD,1926,heat,historical,0.08072813153869048,0.605453,0.0,84
SD,1927,heat,historical,0.10183700712619048,0.594022,0.0,84
SD,1928,heat,historical,0.09129256145119047,0.4197139,0.0,84
SD,1929,heat,historical,0.07147481249880953,0.38171127,0.0,84
SD,1930,heat,historical,0.0881492346654762,0.51088905,0.0,84
SD,1931,heat,historical,0.10143758458404761,0.53654647,0.0,84
SD,1932,heat,historical,0.10743034661857143,0.45725146,0.0,84
SD,1933,heat,historical,0.10508127461785714,0.49085099,0.0,84
SD,1934,heat,historical,0.11421752129095239,0.5182737,0.0,84
SD,1935,heat,historical,0.1100652392547619,0.5790007,0.0,84
SD,1936,heat,historical,0.09979769513488095,0.5335804,0.0,84
SD,1937,heat,historical,0.08373613530357142,0.48232865,0.0,84
SD,1938,heat,historical,0.09189651315119048,0.60967755,0.0,84
SD,1939,heat,historical,0.11440287676547618,0.46002653,0.0,84
SD,1940,heat,historical,0.09765191792976191,0.46653467,0.0,84
SD,1941,heat,historical,0.08698883294880952,0.36792067,0.0,84
SD,1942,heat,historical,0.0792184149952381,0.47355336,0.0,84
SD,1943,heat,historical,0.08916757355,0.44636032,0.0,84
SD,1944,heat,historical,0.1131795317407143,0.51154155,0.0,84
SD,1945,heat,historical,0.10761390753214287,0.5675196,0.0,84
SD,1946,heat,historical,0.11415166402857144,0.5783271,0.0,84
SD,1947,heat,historical,0.12943386337261906,0.57037,0.0,84
SD,1948,heat,historical,0.10804400116309523,0.52685905,0.0,84
SD,1949,heat,historical,0.08356579804404762,0.37596658,0.0,84
SD,1950,heat,historical,0.08801295408452381,0.48434696,0.0,84
SD,1951,heat,historical,0.10851524229047618,0.61363524,0.0,84
SD,1952,heat,historical,0.10916436213095239,0.5427475,0.0,84
SD,1953,heat,historical,0.10129195738928572,0.54605365,0.0,84
SD,1954,heat,historical,0.1000925873892857,0.560122,0.0,84
SD,1955,heat,historical,0.09739272809285714,0.50203586,0.0,84
SD,1956,heat,historical,0.11239913416726191,0.4947245,0.0,84
SD,1957,heat,historical,0.10426074961738095,0.50109226,0.0,84
SD,1958,heat,historical,0.10671710817142856,0.5247143,0.0,84
SD,1959,heat,historical,0.0893303646904762,0.4900029,0.0,84
SD,1960,heat,historical,0.08936112738214286,0.50724065,0.0,84
SD,1961,heat,historical,0.11239567514285714,0.5777036,0.0,84
SD,1962,heat,historical,0.09562282444166667,0.48196113,0.0,84
SD,1963,heat,historical,0.06749929227083333,0.43051836,0.0,84
SD,1964,heat,historical,0.08071336547619049,0.48710495,0.0,84
SD,1965,heat,historical,0.1018583427654762,0.50069165,0.0,84
SD,1966,heat,historical,0.07190927679761905,0.33585167,0.0,84
SD,1967,heat,historical,0.07918123694642858,0.39941052,0.0,84
SD,1968,heat,historical,0.11052577050595239,0.48187646,0.0,84
SD,1969,heat,historical,0.1116920480952381,0.51766413,0.0,84
SD,1970,heat,historical,0.09054089186895238,0.50259125,0.0,84
SD,1971,heat,historical,0.06306152502702381,0.35590833,0.0,84
SD,1972,heat,historical,0.06772225680952382,0.45407277,0.0,84
SD,1973,heat,historical,0.08351357723809524,0.5607301,0.0,84
SD,1974,heat,historical,0.09968581021380953,0.514233,0.0,84
SD,1975,heat,historical,0.07958695798452381,0.46712676,0.0,84
SD,1976,heat,historical,0.09081229251547619,0.532308,0.0,84
SD,1977,heat,historical,0.11002391949285714,0.46054167,0.0,84
SD,1978,heat,historical,0.09717645920142856,0.42969346,0.0,84
SD,1979,heat,historical,0.09287588596214286,0.5000031,0.0,84
SD,1980,heat,historical,0.11327947563214284,0.46906972,0.0,84
SD,1981,heat,historical,0.10866081448809524,0.58745086,0.0,84
SD,1982,heat,historical,0.08823077526547618,0.4538152,0.0,84
SD,1983,heat,historical,0.07639697264166667,0.44656992,0.0,84
SD,1984,heat,historical,0.10428906575642857,0.6036701,0.0,84
SD,1985,heat,historical,0.10819673415833332,0.47953552,0.0,84
SD,1986,heat,historical,0.07767920801190475,0.44246873,0.0,84
SD,1987,heat,historical,0.08370655295,0.43555743,0.0,84
SD,1988,heat,historical,0.11039897321333332,0.6197067,0.0,84
SD,1989,heat,historical,0.09642075551666666,0.62187886,0.0,84
SD,1990,heat,historical,0.09388557673333334,0.4367839,0.0,84
SD,1991,heat,historical,0.08860328978809523,0.41924265,0.0,84
SD,1992,heat,historical,0.07908037584285714,0.44533002,0.0,84
SD,1993,heat,historical,0.10625522564166667,0.60020125,0.0,84
SD,1994,heat,historical,0.11954106161309525,0.51739055,0.0,84
SD,1995,heat,historical,0.08723537772857143,0.46481782,0.0,84
SD,1996,heat,historical,0.08046765798690476,0.45804125,0.0,84
SD,1997,heat,historical,0.12037330007464286,0.6257539,0.0,84
SD,1998,heat,historical,0.1123602723527381,0.5389055,0.0,84
SD,1999,heat,historical,0.0997094128282143,0.517709,0.0,84
SD,2000,heat,historical,0.10842319978690476,0.54144824,0.0,84
SD,2001,heat,historical,0.1284447275238095,0.5905134,0.0,84
SD,2002,heat,historical,0.1551759967297619,0.6300357,0.0,84
SD,2003,heat,historical,0.0812283549142857,0.4048636,0.0,84
SD,2004,heat,historical,0.1001780615392857,0.4781005,0.0,84
SD,2005,heat,historical,0.09191340204047618,0.4831525,0.0,84
SD,2006,heat,historical,0.1293093011547619,0.5239085,0.0,84
SD,2007,heat,historical,0.1171916112222619,0.5627892,0.0,84
SD,2008,heat,historical,0.12713299603333333,0.56604123,0.0,84
SD,2009,heat,historical,0.1385555051714286,0.57730454,0.0,84
SD,2010,heat,historical,0.14510005593333333,0.60359734,0.0,84
SD,2011,heat,historical,0.1172712765452381,0.44909254,0.0,84
SD,2012,heat,historical,0.10010004991476192,0.48184964,0.0,84
SD,2013,heat,historical,0.11593132543214286,0.5640043,0.0,84
SD,2014,heat,historical,0.12062426758333332,0.5694419,0.0,84
SE,1850,heat,historical,0.0,0.0,0.0,48
SE,1851,heat,historical,0.0,0.0,0.0,48
SE,1852,heat,historical,0.0,0.0,0.0,48
SE,1853,heat,historical,0.0,0.0,0.0,48
SE,1854,heat,historical,0.0,0.0,0.0,48
SE,1855,heat,historical,0.0,0.0,0.0,48
SE,1856,heat,historical,0.0,0.0,0.0,48
SE,1857,heat,historical,0.0,0.0,0.0,48
SE,1858,heat,historical,0.0,0.0,0.0,48
SE,1859,heat,historical,0.0,0.0,0.0,48
SE,1860,heat,historical,0.0,0.0,0.0,48
SE,1861,heat,historical,0.0,0.0,0.0,48
SE,1862,heat,historical,0.0,0.0,0.0,48
SE,1863,heat,historical,0.0,0.0,0.0,48
SE,1864,heat,historical,0.0,0.0,0.0,48
SE,1865,heat,historical,0.0,0.0,0.0,48
SE,1866,heat,historical,0.0,0.0,0.0,48
SE,1867,heat,historical,0.0,0.0,0.0,48
SE,1868,heat,historical,0.0,0.0,0.0,48
SE,1869,heat,historical,0.0,0.0,0.0,48
SE,1870,heat,historical,0.0,0.0,0.0,48
SE,1871,heat,historical,0.0,0.0,0.0,48
SE,1872,heat,historical,0.0,0.0,0.0,48
SE,1873,heat,historical,0.0,0.0,0.0,48
SE,1874,heat,historical,0.0,0.0,0.0,48
SE,1875,heat,historical,0.0,0.0,0.0,48
SE,1876,heat,historical,0.0,0.0,0.0,48
SE,1877,heat,historical,0.0,0.0,0.0,48
SE,1878,heat,historical,0.0,0.0,0.0,48
SE,1879,heat,historical,0.0,0.0,0.0,48
SE,1880,heat,historical,0.0,0.0,0.0,48
SE,1881,heat,historical,0.0,0.0,0.0,48
SE,1882,heat,historical,0.0,0.0,0.0,48
SE,1883,heat,historical,0.0,0.0,0.0,48
SE,1884,heat,historical,0.0,0.0,0.0,48
SE,1885,heat,historical,0.0,0.0,0.0,48
SE,1886,heat,historical,0.0,0.0,0.0,48
SE,1887,heat,historical,0.0,0.0,0.0,48
SE,1888,heat,historical,0.0,0.0,0.0,48
SE,1889,heat,historical,0.0,0.0,0.0,48
SE,1890,heat,historical,0.0,0.0,0.0,48
SE,1891,heat,historical,0.0,0.0,0.0,48
SE,1892,heat,historical,0.0,0.0,0.0,48
SE,1893,heat,historical,0.0,0.0,0.0,48
SE,1894,heat,historical,0.0,0.0,0.0,48
SE,1895,heat,historical,0.0,0.0,0.0,48
SE,1896,heat,historical,0.0,0.0,0.0,48
SE,1897,heat,historical,0.0,0.0,0.0,48
SE,1898,heat,historical,0.0,0.0,0.0,48
SE,1899,heat,historical,0.0,0.0,0.0,48
SE,1900,heat,historical,0.0,0.0,0.0,48
SE,1901,heat,historical,0.0,0.0,0.0,48
SE,1902,heat,historical,0.0,0.0,0.0,48
SE,1903,heat,historical,0.0,0.0,0.0,48
SE,1904,heat,historical,0.0,0.0,0.0,48
SE,1905,heat,historical,0.0,0.0,0.0,48
SE,1906,heat,historical,0.0,0.0,0.0,48
SE,1907,heat,historical,0.0,0.0,0.0,48
SE,1908,heat,historical,0.0,0.0,0.0,48
SE,1909,heat,historical,0.0,0.0,0.0,48
SE,1910,heat,historical,0.0,0.0,0.0,48
SE,1911,heat,historical,0.0,0.0,0.0,48
SE,1912,heat,historical,0.0,0.0,0.0,48
SE,1913,heat,historical,0.0,0.0,0.0,48
SE,1914,heat,historical,0.0,0.0,0.0,48
SE,1915,heat,historical,0.0,0.0,0.0,48
SE,1916,heat,historical,0.0,0.0,0.0,48
SE,1917,heat,historical,0.0,0.0,0.0,48
SE,1918,heat,historical,0.0,0.0,0.0,48
SE,1919,heat,historical,0.0,0.0,0.0,48
SE,1920,heat,historical,0.0,0.0,0.0,48
SE,1921,heat,historical,0.0,0.0,0.0,48
SE,1922,heat,historical,0.0,0.0,0.0,48
SE,1923,heat,historical,0.0,0.0,0.0,48
SE,1924,heat,historical,0.0,0.0,0.0,48
SE,1925,heat,historical,0.0,0.0,0.0,48
SE,1926,heat,historical,0.0,0.0,0.0,48
SE,1927,heat,historical,0.0,0.0,0.0,48
SE,1928,heat,historical,0.0,0.0,0.0,48
SE,1929,heat,historical,0.0,0.0,0.0,48
SE,1930,heat,historical,0.0,0.0,0.0,48
SE,1931,heat,historical,0.0,0.0,0.0,48
SE,1932,heat,historical,0.0,0.0,0.0,48
SE,1933,heat,historical,0.0,0.0,0.0,48
SE,1934,heat,historical,0.0,0.0,0.0,48
SE,1935,heat,historical,0.0,0.0,0.0,48
SE,1936,heat,historical,0.0,0.0,0.0,48
SE,1937,heat,historical,0.0,0.0,0.0,48
SE,1938,heat,historical,0.0,0.0,0.0,48
SE,1939,heat,historical,0.0,0.0,0.0,48
SE,1940,heat,historical,0.0,0.0,0.0,48
SE,1941,heat,historical,0.0,0.0,0.0,48
SE,1942,heat,historical,0.0,0.0,0.0,48
SE,1943,heat,historical,0.0,0.0,0.0,48
SE,1944,heat,historical,0.0,0.0,0.0,48
SE,1945,heat,historical,0.0,0.0,0.0,48
SE,1946,heat,historical,0.0,0.0,0.0,48
SE,1947,heat,historical,0.0,0.0,0.0,48
SE,1948,heat,historical,0.0,0.0,0.0,48
SE,1949,heat,historical,0.0,0.0,0.0,48
SE,1950,heat,historical,0.0,0.0,0.0,48
SE,1951,heat,historical,0.0,0.0,0.0,48
SE,1952,heat,historical,0.0,0.0,0.0,48
SE,1953,heat,historical,0.0,0.0,0.0,48
SE,1954,heat,historical,0.0,0.0,0.0,48
SE,1955,heat,historical,0.0,0.0,0.0,48
SE,1956,heat,historical,0.0,0.0,0.0,48
SE,1957,heat,historical,0.0,0.0,0.0,48
SE,1958,heat,historical,0.0,0.0,0.0,48
SE,1959,heat,historical,0.0,0.0,0.0,48
SE,1960,heat,historical,0.0,0.0,0.0,48
SE,1961,heat,historical,0.0,0.0,0.0,48
SE,1962,heat,historical,0.0,0.0,0.0,48
SE,1963,heat,historical,0.0,0.0,0.0,48
SE,1964,heat,historical,0.0,0.0,0.0,48
SE,1965,heat,historical,0.0,0.0,0.0,48
SE,1966,heat,historical,0.0,0.0,0.0,48
SE,1967,heat,historical,0.0,0.0,0.0,48
SE,1968,heat,historical,0.0,0.0,0.0,48
SE,1969,heat,historical,0.0,0.0,0.0,48
SE,1970,heat,historical,0.0,0.0,0.0,48
SE,1971,heat,historical,0.0,0.0,0.0,48
SE,1972,heat,historical,0.0,0.0,0.0,48
SE,1973,heat,historical,0.0,0.0,0.0,48
SE,1974,heat,historical,0.0,0.0,0.0,48
SE,1975,heat,historical,0.0,0.0,0.0,48
SE,1976,heat,historical,0.0,0.0,0.0,48
SE,1977,heat,historical,0.0,0.0,0.0,48
SE,1978,heat,historical,0.0,0.0,0.0,48
SE,1979,heat,historical,0.0,0.0,0.0,48
SE,1980,heat,historical,0.0,0.0,0.0,48
SE,1981,heat,historical,0.0,0.0,0.0,48
SE,1982,heat,historical,0.0,0.0,0.0,48
SE,1983,heat,historical,0.0,0.0,0.0,48
SE,1984,heat,historical,0.0,0.0,0.0,48
SE,1985,heat,historical,0.0,0.0,0.0,48
SE,1986,heat,historical,0.0,0.0,0.0,48
SE,1987,heat,historical,0.0,0.0,0.0,48
SE,1988,heat,historical,0.0,0.0,0.0,48
SE,1989,heat,historical,0.0,0.0,0.0,48
SE,1990,heat,historical,0.0,0.0,0.0,48
SE,1991,heat,historical,0.0,0.0,0.0,48
SE,1992,heat,historical,0.0,0.0,0.0,48
SE,1993,heat,historical,0.0,0.0,0.0,48
SE,1994,heat,historical,0.0,0.0,0.0,48
SE,1995,heat,historical,0.0,0.0,0.0,48
SE,1996,heat,historical,0.0,0.0,0.0,48
SE,1997,heat,historical,0.0,0.0,0.0,48
SE,1998,heat,historical,0.0,0.0,0.0,48
SE,1999,heat,historical,0.0,0.0,0.0,48
SE,2000,heat,historical,0.0,0.0,0.0,48
SE,2001,heat,historical,0.0,0.0,0.0,48
SE,2002,heat,historical,0.0,0.0,0.0,48
SE,2003,heat,historical,0.0,0.0,0.0,48
SE,2004,heat,historical,0.0,0.0,0.0,48
SE,2005,heat,historical,0.0,0.0,0.0,48
SE,2006,heat,historical,0.0,0.0,0.0,48
SE,2007,heat,historical,0.0,0.0,0.0,48
SE,2008,heat,historical,0.0,0.0,0.0,48
SE,2009,heat,historical,0.0,0.0,0.0,48
SE,2010,heat,historical,0.0,0.0,0.0,48
SE,2011,heat,historical,0.0,0.0,0.0,48
SE,2012,heat,historical,0.0,0.0,0.0,48
SE,2013,heat,historical,0.0,0.0,0.0,48
SE,2014,heat,historical,0.0,0.0,0.0,48
SH,1850,heat,historical,0.0,0.0,0.0,132
SH,1851,heat,historical,0.0,0.0,0.0,132
SH,1852,heat,historical,0.0,0.0,0.0,132
SH,1853,heat,historical,0.0,0.0,0.0,132
SH,1854,heat,historical,0.0,0.0,0.0,132
SH,1855,heat,historical,0.0,0.0,0.0,132
SH,1856,heat,historical,0.0,0.0,0.0,132
SH,1857,heat,historical,0.0,0.0,0.0,132
SH,1858,heat,historical,0.0,0.0,0.0,132
SH,1859,heat,historical,0.0,0.0,0.0,132
SH,1860,heat,historical,0.0,0.0,0.0,132
SH,1861,heat,historical,0.0,0.0,0.0,132
SH,1862,heat,historical,0.0,0.0,0.0,132
SH,1863,heat,historical,0.0,0.0,0.0,132
SH,1864,heat,historical,0.0,0.0,0.0,132
SH,1865,heat,historical,0.0,0.0,0.0,132
SH,1866,heat,historical,0.0,0.0,0.0,132
SH,1867,heat,historical,0.0,0.0,0.0,132
SH,1868,heat,historical,0.0,0.0,0.0,132
SH,1869,heat,historical,0.0,0.0,0.0,132
SH,1870,heat,historical,0.0,0.0,0.0,132
SH,1871,heat,historical,0.0,0.0,0.0,132
SH,1872,heat,historical,0.0,0.0,0.0,132
SH,1873,heat,historical,0.0,0.0,0.0,132
SH,1874,heat,historical,0.0,0.0,0.0,132
SH,1875,heat,historical,0.0,0.0,0.0,132
SH,1876,heat,historical,0.0,0.0,0.0,132
SH,1877,heat,historical,0.0,0.0,0.0,132
SH,1878,heat,historical,0.0,0.0,0.0,132
SH,1879,heat,historical,0.0,0.0,0.0,132
SH,1880,heat,historical,0.0,0.0,0.0,132
SH,1881,heat,historical,0.0,0.0,0.0,132
SH,1882,heat,historical,0.0,0.0,0.0,132
SH,1883,heat,historical,0.0,0.0,0.0,132
SH,1884,heat,historical,0.0,0.0,0.0,132
SH,1885,heat,historical,0.0,0.0,0.0,132
SH,1886,heat,historical,0.0,0.0,0.0,132
SH,1887,heat,historical,0.0,0.0,0.0,132
SH,1888,heat,historical,0.0,0.0,0.0,132
SH,1889,heat,historical,0.0,0.0,0.0,132
SH,1890,heat,historical,0.0,0.0,0.0,132
SH,1891,heat,historical,0.0,0.0,0.0,132
SH,1892,heat,historical,0.0,0.0,0.0,132
SH,1893,heat,historical,0.0,0.0,0.0,132
SH,1894,heat,historical,0.0,0.0,0.0,132
SH,1895,heat,historical,0.0,0.0,0.0,132
SH,1896,heat,historical,0.0,0.0,0.0,132
SH,1897,heat,historical,0.0,0.0,0.0,132
SH,1898,heat,historical,0.0,0.0,0.0,132
SH,1899,heat,historical,0.0,0.0,0.0,132
SH,1900,heat,historical,0.0,0.0,0.0,132
SH,1901,heat,historical,0.0,0.0,0.0,132
SH,1902,heat,historical,0.0,0.0,0.0,132
SH,1903,heat,historical,0.0,0.0,0.0,132
SH,1904,heat,historical,0.0,0.0,0.0,132
SH,1905,heat,historical,0.0,0.0,0.0,132
SH,1906,heat,historical,0.0,0.0,0.0,132
SH,1907,heat,historical,0.0,0.0,0.0,132
SH,1908,heat,historical,0.0,0.0,0.0,132
SH,1909,heat,historical,0.0,0.0,0.0,132
SH,1910,heat,historical,0.0,0.0,0.0,132
SH,1911,heat,historical,0.0,0.0,0.0,132
SH,1912,heat,historical,0.0,0.0,0.0,132
SH,1913,heat,historical,0.0,0.0,0.0,132
SH,1914,heat,historical,0.0,0.0,0.0,132
SH,1915,heat,historical,0.0,0.0,0.0,132
SH,1916,heat,historical,0.0,0.0,0.0,132
SH,1917,heat,historical,0.0,0.0,0.0,132
SH,1918,heat,historical,0.0,0.0,0.0,132
SH,1919,heat,historical,0.0,0.0,0.0,132
SH,1920,heat,historical,0.0,0.0,0.0,132
SH,1921,heat,historical,0.0,0.0,0.0,132
SH,1922,heat,historical,0.0,0.0,0.0,132
SH,1923,heat,historical,0.0,0.0,0.0,132
SH,1924,heat,historical,0.0,0.0,0.0,132
SH,1925,heat,historical,0.0,0.0,0.0,132
SH,1926,heat,historical,0.0,0.0,0.0,132
SH,1927,heat,historical,0.0,0.0,0.0,132
SH,1928,heat,historical,0.0,0.0,0.0,132
SH,1929,heat,historical,0.0,0.0,0.0,132
SH,1930,heat,historical,0.0,0.0,0.0,132
SH,1931,heat,historical,0.0,0.0,0.0,132
SH,1932,heat,historical,0.0,0.0,0.0,132
SH,1933,heat,historical,0.0,0.0,0.0,132
SH,1934,heat,historical,0.0,0.0,0.0,132
SH,1935,heat,historical,0.0,0.0,0.0,132
SH,1936,heat,historical,0.0,0.0,0.0,132
SH,1937,heat,historical,0.0,0.0,0.0,132
SH,1938,heat,historical,0.0,0.0,0.0,132
SH,1939,heat,historical,0.0,0.0,0.0,132
SH,1940,heat,historical,0.0,0.0,0.0,132
SH,1941,heat,historical,0.0,0.0,0.0,132
SH,1942,heat,historical,0.0,0.0,0.0,132
SH,1943,heat,historical,0.0,0.0,0.0,132
SH,1944,heat,historical,0.0,0.0,0.0,132
SH,1945,heat,historical,0.0,0.0,0.0,132
SH,1946,heat,historical,0.0,0.0,0.0,132
SH,1947,heat,historical,0.0,0.0,0.0,132
SH,1948,heat,historical,0.0,0.0,0.0,132
SH,1949,heat,historical,0.0,0.0,0.0,132
SH,1950,heat,historical,0.0,0.0,0.0,132
SH,1951,heat,historical,0.0,0.0,0.0,132
SH,1952,heat,historical,0.0,0.0,0.0,132
SH,1953,heat,historical,0.0,0.0,0.0,132
SH,1954,heat,historical,0.0,0.0,0.0,132
SH,1955,heat,historical,0.0,0.0,0.0,132
SH,1956,heat,historical,0.0,0.0,0.0,132
SH,1957,heat,historical,0.0,0.0,0.0,132
SH,1958,heat,historical,0.0,0.0,0.0,132
SH,1959,heat,historical,0.0,0.0,0.0,132
SH,1960,heat,historical,0.0,0.0,0.0,132
SH,1961,heat,historical,0.0,0.0,0.0,132
SH,1962,heat,historical,0.0,0.0,0.0,132
SH,1963,heat,historical,0.0,0.0,0.0,132
SH,1964,heat,historical,0.0,0.0,0.0,132
SH,1965,heat,historical,0.0,0.0,0.0,132
SH,1966,heat,historical,0.0,0.0,0.0,132
SH,1967,heat,historical,0.0,0.0,0.0,132
SH,1968,heat,historical,0.0,0.0,0.0,132
SH,1969,heat,historical,0.0,0.0,0.0,132
SH,1970,heat,historical,0.0,0.0,0.0,132
SH,1971,heat,historical,0.0,0.0,0.0,132
SH,1972,heat,historical,0.0,0.0,0.0,132
SH,1973,heat,historical,0.0,0.0,0.0,132
SH,1974,heat,historical,0.0,0.0,0.0,132
SH,1975,heat,historical,0.0,0.0,0.0,132
SH,1976,heat,historical,0.0,0.0,0.0,132
SH,1977,heat,historical,0.0,0.0,0.0,132
SH,1978,heat,historical,0.0,0.0,0.0,132
SH,1979,heat,historical,0.0,0.0,0.0,132
SH,1980,heat,historical,0.0,0.0,0.0,132
SH,1981,heat,historical,0.0,0.0,0.0,132
SH,1982,heat,historical,0.0,0.0,0.0,132
SH,1983,heat,historical,0.0,0.0,0.0,132
SH,1984,heat,historical,0.0,0.0,0.0,132
SH,1985,heat,historical,0.0,0.0,0.0,132
SH,1986,heat,historical,0.0,0.0,0.0,132
SH,1987,heat,historical,0.0,0.0,0.0,132
SH,1988,heat,historical,0.0,0.0,0.0,132
SH,1989,heat,historical,0.0,0.0,0.0,132
SH,1990,heat,historical,0.0,0.0,0.0,132
SH,1991,heat,historical,0.0,0.0,0.0,132
SH,1992,heat,historical,0.0,0.0,0.0,132
SH,1993,heat,historical,0.0,0.0,0.0,132
SH,1994,heat,historical,0.0,0.0,0.0,132
SH,1995,heat,historical,0.0,0.0,0.0,132
SH,1996,heat,historical,0.0,0.0,0.0,132
SH,1997,heat,historical,0.0,0.0,0.0,132
SH,1998,heat,historical,0.0,0.0,0.0,132
SH,1999,heat,historical,0.0,0.0,0.0,132
SH,2000,heat,historical,0.0,0.0,0.0,132
SH,2001,heat,historical,0.0,0.0,0.0,132
SH,2002,heat,historical,0.0,0.0,0.0,132
SH,2003,heat,historical,0.0,0.0,0.0,132
SH,2004,heat,historical,0.0,0.0,0.0,132
SH,2005,heat,historical,0.0,0.0,0.0,132
SH,2006,heat,historical,1.900919696969697e-05,0.002509214,0.0,132
SH,2007,heat,historical,0.0,0.0,0.0,132
SH,2008,heat,historical,0.0,0.0,0.0,132
SH,2009,heat,historical,0.0,0.0,0.0,132
SH,2010,heat,historical,0.0,0.0,0.0,132
SH,2011,heat,historical,0.0,0.0,0.0,132
SH,2012,heat,historical,0.0,0.0,0.0,132
SH,2013,heat,historical,0.0,0.0,0.0,132
SH,2014,heat,historical,0.0,0.0,0.0,132
SJ,1850,heat,historical,0.0,0.0,0.0,240
SJ,1851,heat,historical,0.0,0.0,0.0,240
SJ,1852,heat,historical,0.0,0.0,0.0,240
SJ,1853,heat,historical,0.0,0.0,0.0,240
SJ,1854,heat,historical,0.0,0.0,0.0,240
SJ,1855,heat,historical,0.0,0.0,0.0,240
SJ,1856,heat,historical,0.0,0.0,0.0,240
SJ,1857,heat,historical,0.0,0.0,0.0,240
SJ,1858,heat,historical,0.0,0.0,0.0,240
SJ,1859,heat,historical,0.0,0.0,0.0,240
SJ,1860,heat,historical,0.0,0.0,0.0,240
SJ,1861,heat,historical,0.0,0.0,0.0,240
SJ,1862,heat,historical,0.0,0.0,0.0,240
SJ,1863,heat,historical,0.0,0.0,0.0,240
SJ,1864,heat,historical,0.0,0.0,0.0,240
SJ,1865,heat,historical,0.0,0.0,0.0,240
SJ,1866,heat,historical,0.0,0.0,0.0,240
SJ,1867,heat,historical,0.0,0.0,0.0,240
SJ,1868,heat,historical,0.0,0.0,0.0,240
SJ,1869,heat,historical,0.0,0.0,0.0,240
SJ,1870,heat,historical,0.0,0.0,0.0,240
SJ,1871,heat,historical,0.0,0.0,0.0,240
SJ,1872,heat,historical,0.0,0.0,0.0,240
SJ,1873,heat,historical,0.0,0.0,0.0,240
SJ,1874,heat,historical,0.0,0.0,0.0,240
SJ,1875,heat,historical,0.0,0.0,0.0,240
SJ,1876,heat,historical,0.0,0.0,0.0,240
SJ,1877,heat,historical,0.0,0.0,0.0,240
SJ,1878,heat,historical,0.0,0.0,0.0,240
SJ,1879,heat,historical,0.0,0.0,0.0,240
SJ,1880,heat,historical,0.0,0.0,0.0,240
SJ,1881,heat,historical,0.0,0.0,0.0,240
SJ,1882,heat,historical,0.0,0.0,0.0,240
SJ,1883,heat,historical,0.0,0.0,0.0,240
SJ,1884,heat,historical,0.0,0.0,0.0,240
SJ,1885,heat,historical,0.0,0.0,0.0,240
SJ,1886,heat,historical,0.0,0.0,0.0,240
SJ,1887,heat,historical,0.0,0.0,0.0,240
SJ,1888,heat,historical,0.0,0.0,0.0,240
SJ,1889,heat,historical,0.0,0.0,0.0,240
SJ,1890,heat,historical,0.0,0.0,0.0,240
SJ,1891,heat,historical,0.0,0.0,0.0,240
SJ,1892,heat,historical,0.0,0.0,0.0,240
SJ,1893,heat,historical,0.0,0.0,0.0,240
SJ,1894,heat,historical,0.0,0.0,0.0,240
SJ,1895,heat,historical,0.0,0.0,0.0,240
SJ,1896,heat,historical,0.0,0.0,0.0,240
SJ,1897,heat,historical,0.0,0.0,0.0,240
SJ,1898,heat,historical,0.0,0.0,0.0,240
SJ,1899,heat,historical,0.0,0.0,0.0,240
SJ,1900,heat,historical,0.0,0.0,0.0,240
SJ,1901,heat,historical,0.0,0.0,0.0,240
SJ,1902,heat,historical,0.0,0.0,0.0,240
SJ,1903,heat,historical,0.0,0.0,0.0,240
SJ,1904,heat,historical,0.0,0.0,0.0,240
SJ,1905,heat,historical,0.0,0.0,0.0,240
SJ,1906,heat,historical,0.0,0.0,0.0,240
SJ,1907,heat,historical,0.0,0.0,0.0,240
SJ,1908,heat,historical,0.0,0.0,0.0,240
SJ,1909,heat,historical,0.0,0.0,0.0,240
SJ,1910,heat,historical,0.0,0.0,0.0,240
SJ,1911,heat,historical,0.0,0.0,0.0,240
SJ,1912,heat,historical,0.0,0.0,0.0,240
SJ,1913,heat,historical,0.0,0.0,0.0,240
SJ,1914,heat,historical,0.0,0.0,0.0,240
SJ,1915,heat,historical,0.0,0.0,0.0,240
SJ,1916,heat,historical,0.0,0.0,0.0,240
SJ,1917,heat,historical,0.0,0.0,0.0,240
SJ,1918,heat,historical,0.0,0.0,0.0,240
SJ,1919,heat,historical,0.0,0.0,0.0,240
SJ,1920,heat,historical,0.0,0.0,0.0,240
SJ,1921,heat,historical,0.0,0.0,0.0,240
SJ,1922,heat,historical,0.0,0.0,0.0,240
SJ,1923,heat,historical,0.0,0.0,0.0,240
SJ,1924,heat,historical,0.0,0.0,0.0,240
SJ,1925,heat,historical,0.0,0.0,0.0,240
SJ,1926,heat,historical,0.0,0.0,0.0,240
SJ,1927,heat,historical,0.0,0.0,0.0,240
SJ,1928,heat,historical,0.0,0.0,0.0,240
SJ,1929,heat,historical,0.0,0.0,0.0,240
SJ,1930,heat,historical,0.0,0.0,0.0,240
SJ,1931,heat,historical,0.0,0.0,0.0,240
SJ,1932,heat,historical,0.0,0.0,0.0,240
SJ,1933,heat,historical,0.0,0.0,0.0,240
SJ,1934,heat,historical,0.0,0.0,0.0,240
SJ,1935,heat,historical,0.0,0.0,0.0,240
SJ,1936,heat,historical,0.0,0.0,0.0,240
SJ,1937,heat,historical,0.0,0.0,0.0,240
SJ,1938,heat,historical,0.0,0.0,0.0,240
SJ,1939,heat,historical,0.0,0.0,0.0,240
SJ,1940,heat,historical,0.0,0.0,0.0,240
SJ,1941,heat,historical,0.0,0.0,0.0,240
SJ,1942,heat,historical,0.0,0.0,0.0,240
SJ,1943,heat,historical,0.0,0.0,0.0,240
SJ,1944,heat,historical,0.0,0.0,0.0,240
SJ,1945,heat,historical,0.0,0.0,0.0,240
SJ,1946,heat,historical,0.0,0.0,0.0,240
SJ,1947,heat,historical,0.0,0.0,0.0,240
SJ,1948,heat,historical,0.0,0.0,0.0,240
SJ,1949,heat,historical,0.0,0.0,0.0,240
SJ,1950,heat,historical,0.0,0.0,0.0,240
SJ,1951,heat,historical,0.0,0.0,0.0,240
SJ,1952,heat,historical,0.0,0.0,0.0,240
SJ,1953,heat,historical,0.0,0.0,0.0,240
SJ,1954,heat,historical,0.0,0.0,0.0,240
SJ,1955,heat,historical,0.0,0.0,0.0,240
SJ,1956,heat,historical,0.0,0.0,0.0,240
SJ,1957,heat,historical,0.0,0.0,0.0,240
SJ,1958,heat,historical,0.0,0.0,0.0,240
SJ,1959,heat,historical,0.0,0.0,0.0,240
SJ,1960,heat,historical,0.0,0.0,0.0,240
SJ,1961,heat,historical,0.0,0.0,0.0,240
SJ,1962,heat,historical,0.0,0.0,0.0,240
SJ,1963,heat,historical,0.0,0.0,0.0,240
SJ,1964,heat,historical,0.0,0.0,0.0,240
SJ,1965,heat,historical,0.0,0.0,0.0,240
SJ,1966,heat,historical,0.0,0.0,0.0,240
SJ,1967,heat,historical,0.0,0.0,0.0,240
SJ,1968,heat,historical,0.0,0.0,0.0,240
SJ,1969,heat,historical,0.0,0.0,0.0,240
SJ,1970,heat,historical,0.0,0.0,0.0,240
SJ,1971,heat,historical,0.0,0.0,0.0,240
SJ,1972,heat,historical,0.0,0.0,0.0,240
SJ,1973,heat,historical,0.0,0.0,0.0,240
SJ,1974,heat,historical,0.0,0.0,0.0,240
SJ,1975,heat,historical,0.0,0.0,0.0,240
SJ,1976,heat,historical,0.0,0.0,0.0,240
SJ,1977,heat,historical,0.0,0.0,0.0,240
SJ,1978,heat,historical,0.0,0.0,0.0,240
SJ,1979,heat,historical,0.0,0.0,0.0,240
SJ,1980,heat,historical,0.0,0.0,0.0,240
SJ,1981,heat,historical,0.0,0.0,0.0,240
SJ,1982,heat,historical,0.0,0.0,0.0,240
SJ,1983,heat,historical,0.0,0.0,0.0,240
SJ,1984,heat,historical,0.0,0.0,0.0,240
SJ,1985,heat,historical,0.0,0.0,0.0,240
SJ,1986,heat,historical,0.0,0.0,0.0,240
SJ,1987,heat,historical,0.0,0.0,0.0,240
SJ,1988,heat,historical,0.0,0.0,0.0,240
SJ,1989,heat,historical,0.0,0.0,0.0,240
SJ,1990,heat,historical,0.0,0.0,0.0,240
SJ,1991,heat,historical,0.0,0.0,0.0,240
SJ,1992,heat,historical,0.0,0.0,0.0,240
SJ,1993,heat,historical,0.0,0.0,0.0,240
SJ,1994,heat,historical,0.0,0.0,0.0,240
SJ,1995,heat,historical,0.0,0.0,0.0,240
SJ,1996,heat,historical,0.0,0.0,0.0,240
SJ,1997,heat,historical,0.0,0.0,0.0,240
SJ,1998,heat,historical,0.0,0.0,0.0,240
SJ,1999,heat,historical,0.0,0.0,0.0,240
SJ,2000,heat,historical,0.0,0.0,0.0,240
SJ,2001,heat,historical,0.0,0.0,0.0,240
SJ,2002,heat,historical,0.0,0.0,0.0,240
SJ,2003,heat,historical,0.0,0.0,0.0,240
SJ,2004,heat,historical,0.0,0.0,0.0,240
SJ,2005,heat,historical,0.0,0.0,0.0,240
SJ,2006,heat,historical,0.0,0.0,0.0,240
SJ,2007,heat,historical,0.0,0.0,0.0,240
SJ,2008,heat,historical,0.0,0.0,0.0,240
SJ,2009,heat,historical,0.0,0.0,0.0,240
SJ,2010,heat,historical,0.0,0.0,0.0,240
SJ,2011,heat,historical,0.0,0.0,0.0,240
SJ,2012,heat,historical,0.0,0.0,0.0,240
SJ,2013,heat,historical,0.0,0.0,0.0,240
SJ,2014,heat,historical,0.0,0.0,0.0,240
SK,1850,heat,historical,0.0,0.0,0.0,12
SK,1851,heat,historical,0.0,0.0,0.0,12
SK,1852,heat,historical,0.0,0.0,0.0,12
SK,1853,heat,historical,0.0,0.0,0.0,12
SK,1854,heat,historical,0.0,0.0,0.0,12
SK,1855,heat,historical,0.0,0.0,0.0,12
SK,1856,heat,historical,0.0,0.0,0.0,12
SK,1857,heat,historical,0.0,0.0,0.0,12
SK,1858,heat,historical,0.0,0.0,0.0,12
SK,1859,heat,historical,0.0,0.0,0.0,12
SK,1860,heat,historical,0.0,0.0,0.0,12
SK,1861,heat,historical,0.0,0.0,0.0,12
SK,1862,heat,historical,0.0,0.0,0.0,12
SK,1863,heat,historical,0.0,0.0,0.0,12
SK,1864,heat,historical,0.0,0.0,0.0,12
SK,1865,heat,historical,0.0,0.0,0.0,12
SK,1866,heat,historical,0.0,0.0,0.0,12
SK,1867,heat,historical,0.0,0.0,0.0,12
SK,1868,heat,historical,0.0,0.0,0.0,12
SK,1869,heat,historical,0.0,0.0,0.0,12
SK,1870,heat,historical,0.0,0.0,0.0,12
SK,1871,heat,historical,0.0,0.0,0.0,12
SK,1872,heat,historical,0.0,0.0,0.0,12
SK,1873,heat,historical,0.0,0.0,0.0,12
SK,1874,heat,historical,0.0,0.0,0.0,12
SK,1875,heat,historical,0.0,0.0,0.0,12
SK,1876,heat,historical,0.0,0.0,0.0,12
SK,1877,heat,historical,0.0,0.0,0.0,12
SK,1878,heat,historical,0.0,0.0,0.0,12
SK,1879,heat,historical,0.0,0.0,0.0,12
SK,1880,heat,historical,0.0,0.0,0.0,12
SK,1881,heat,historical,0.0,0.0,0.0,12
SK,1882,heat,historical,0.0,0.0,0.0,12
SK,1883,heat,historical,0.0,0.0,0.0,12
SK,1884,heat,historical,0.0,0.0,0.0,12
SK,1885,heat,historical,0.0,0.0,0.0,12
SK,1886,heat,historical,0.0,0.0,0.0,12
SK,1887,heat,historical,0.0,0.0,0.0,12
SK,1888,heat,historical,0.0,0.0,0.0,12
SK,1889,heat,historical,0.0,0.0,0.0,12
SK,1890,heat,historical,0.0,0.0,0.0,12
SK,1891,heat,historical,0.0,0.0,0.0,12
SK,1892,heat,historical,0.0,0.0,0.0,12
SK,1893,heat,historical,0.0,0.0,0.0,12
SK,1894,heat,historical,0.0,0.0,0.0,12
SK,1895,heat,historical,0.0,0.0,0.0,12
SK,1896,heat,historical,0.0,0.0,0.0,12
SK,1897,heat,historical,0.0,0.0,0.0,12
SK,1898,heat,historical,0.0,0.0,0.0,12
SK,1899,heat,historical,0.0,0.0,0.0,12
SK,1900,heat,historical,0.0,0.0,0.0,12
SK,1901,heat,historical,0.0,0.0,0.0,12
SK,1902,heat,historical,0.0,0.0,0.0,12
SK,1903,heat,historical,0.0,0.0,0.0,12
SK,1904,heat,historical,0.0,0.0,0.0,12
SK,1905,heat,historical,0.0,0.0,0.0,12
SK,1906,heat,historical,0.0,0.0,0.0,12
SK,1907,heat,historical,0.0,0.0,0.0,12
SK,1908,heat,historical,0.0,0.0,0.0,12
SK,1909,heat,historical,0.0,0.0,0.0,12
SK,1910,heat,historical,0.0,0.0,0.0,12
SK,1911,heat,historical,0.0,0.0,0.0,12
SK,1912,heat,historical,0.0,0.0,0.0,12
SK,1913,heat,historical,0.0,0.0,0.0,12
SK,1914,heat,historical,0.0,0.0,0.0,12
SK,1915,heat,historical,0.0,0.0,0.0,12
SK,1916,heat,historical,0.0,0.0,0.0,12
SK,1917,heat,historical,0.0,0.0,0.0,12
SK,1918,heat,historical,0.0,0.0,0.0,12
SK,1919,heat,historical,0.0,0.0,0.0,12
SK,1920,heat,historical,0.0,0.0,0.0,12
SK,1921,heat,historical,0.0,0.0,0.0,12
SK,1922,heat,historical,0.0,0.0,0.0,12
SK,1923,heat,historical,0.0,0.0,0.0,12
SK,1924,heat,historical,0.0,0.0,0.0,12
SK,1925,heat,historical,0.0,0.0,0.0,12
SK,1926,heat,historical,0.0,0.0,0.0,12
SK,1927,heat,historical,0.0,0.0,0.0,12
SK,1928,heat,historical,0.0,0.0,0.0,12
SK,1929,heat,historical,0.0,0.0,0.0,12
SK,1930,heat,historical,0.0,0.0,0.0,12
SK,1931,heat,historical,0.0,0.0,0.0,12
SK,1932,heat,historical,0.0,0.0,0.0,12
SK,1933,heat,historical,0.0,0.0,0.0,12
SK,1934,heat,historical,0.0,0.0,0.0,12
SK,1935,heat,historical,0.0,0.0,0.0,12
SK,1936,heat,historical,0.0,0.0,0.0,12
SK,1937,heat,historical,0.0,0.0,0.0,12
SK,1938,heat,historical,0.0,0.0,0.0,12
SK,1939,heat,historical,0.0,0.0,0.0,12
SK,1940,heat,historical,0.0,0.0,0.0,12
SK,1941,heat,historical,0.0,0.0,0.0,12
SK,1942,heat,historical,0.0,0.0,0.0,12
SK,1943,heat,historical,0.0,0.0,0.0,12
SK,1944,heat,historical,0.0,0.0,0.0,12
SK,1945,heat,historical,0.0,0.0,0.0,12
SK,1946,heat,historical,0.0,0.0,0.0,12
SK,1947,heat,historical,0.0,0.0,0.0,12
SK,1948,heat,historical,0.0,0.0,0.0,12
SK,1949,heat,historical,0.0,0.0,0.0,12
SK,1950,heat,historical,0.0,0.0,0.0,12
SK,1951,heat,historical,0.0,0.0,0.0,12
SK,1952,heat,historical,0.0,0.0,0.0,12
SK,1953,heat,historical,0.0,0.0,0.0,12
SK,1954,heat,historical,0.0,0.0,0.0,12
SK,1955,heat,historical,0.0,0.0,0.0,12
SK,1956,heat,historical,0.0,0.0,0.0,12
SK,1957,heat,historical,0.0,0.0,0.0,12
SK,1958,heat,historical,0.0,0.0,0.0,12
SK,1959,heat,historical,0.0,0.0,0.0,12
SK,1960,heat,historical,0.0,0.0,0.0,12
SK,1961,heat,historical,0.0,0.0,0.0,12
SK,1962,heat,historical,0.0,0.0,0.0,12
SK,1963,heat,historical,0.0,0.0,0.0,12
SK,1964,heat,historical,0.0,0.0,0.0,12
SK,1965,heat,historical,0.0,0.0,0.0,12
SK,1966,heat,historical,0.0,0.0,0.0,12
SK,1967,heat,historical,0.0,0.0,0.0,12
SK,1968,heat,historical,0.0,0.0,0.0,12
SK,1969,heat,historical,0.0,0.0,0.0,12
SK,1970,heat,historical,0.0,0.0,0.0,12
SK,1971,heat,historical,0.0,0.0,0.0,12
SK,1972,heat,historical,0.0,0.0,0.0,12
SK,1973,heat,historical,0.0,0.0,0.0,12
SK,1974,heat,historical,0.0,0.0,0.0,12
SK,1975,heat,historical,0.0,0.0,0.0,12
SK,1976,heat,historical,0.0,0.0,0.0,12
SK,1977,heat,historical,0.0,0.0,0.0,12
SK,1978,heat,historical,0.0,0.0,0.0,12
SK,1979,heat,historical,0.0,0.0,0.0,12
SK,1980,heat,historical,0.0,0.0,0.0,12
SK,1981,heat,historical,0.0,0.0,0.0,12
SK,1982,heat,historical,0.0,0.0,0.0,12
SK,1983,heat,historical,0.0,0.0,0.0,12
SK,1984,heat,historical,0.0,0.0,0.0,12
SK,1985,heat,historical,0.0,0.0,0.0,12
SK,1986,heat,historical,0.0,0.0,0.0,12
SK,1987,heat,historical,0.0,0.0,0.0,12
SK,1988,heat,historical,0.0,0.0,0.0,12
SK,1989,heat,historical,0.0,0.0,0.0,12
SK,1990,heat,historical,0.0,0.0,0.0,12
SK,1991,heat,historical,0.0,0.0,0.0,12
SK,1992,heat,historical,0.0,0.0,0.0,12
SK,1993,heat,historical,0.0,0.0,0.0,12
SK,1994,heat,historical,0.0,0.0,0.0,12
SK,1995,heat,historical,0.0,0.0,0.0,12
SK,1996,heat,historical,0.0,0.0,0.0,12
SK,1997,heat,historical,0.0,0.0,0.0,12
SK,1998,heat,historical,0.0,0.0,0.0,12
SK,1999,heat,historical,0.0,0.0,0.0,12
SK,2000,heat,historical,0.0,0.0,0.0,12
SK,2001,heat,historical,0.0,0.0,0.0,12
SK,2002,heat,historical,0.0,0.0,0.0,12
SK,2003,heat,historical,0.0,0.0,0.0,12
SK,2004,heat,historical,0.0,0.0,0.0,12
SK,2005,heat,historical,0.0,0.0,0.0,12
SK,2006,heat,historical,0.0,0.0,0.0,12
SK,2007,heat,historical,0.0,0.0,0.0,12
SK,2008,heat,historical,0.0,0.0,0.0,12
SK,2009,heat,historical,0.0,0.0,0.0,12
SK,2010,heat,historical,0.0,0.0,0.0,12
SK,2011,heat,historical,0.0,0.0,0.0,12
SK,2012,heat,historical,0.0,0.0,0.0,12
SK,2013,heat,historical,0.0,0.0,0.0,12
SK,2014,heat,historical,0.0,0.0,0.0,12
SO,1850,heat,historical,0.0035526206,0.15909635,0.0,120
SO,1851,heat,historical,0.004010625842083333,0.14460114,0.0,120
SO,1852,heat,historical,0.005012741369166667,0.18498859,0.0,120
SO,1853,heat,historical,0.003344956055,0.16380402,0.0,120
SO,1854,heat,historical,0.00304336615,0.14950703,0.0,120
SO,1855,heat,historical,0.0025881528666666666,0.11416847,0.0,120
SO,1856,heat,historical,0.0036976750866916665,0.1712785,0.0,120
SO,1857,heat,historical,0.003399505026583333,0.14999536,0.0,120
SO,1858,heat,historical,0.003475897265,0.14210638,0.0,120
SO,1859,heat,historical,0.0020438446,0.13449821,0.0,120
SO,1860,heat,historical,0.0016219815416666668,0.102858156,0.0,120
SO,1861,heat,historical,0.0025308984125,0.09771533,0.0,120
SO,1862,heat,historical,0.004406829756666666,0.15800822,0.0,120
SO,1863,heat,historical,0.003196142136666666,0.12300156,0.0,120
SO,1864,heat,historical,0.0016326883,0.09182867,0.0,120
SO,1865,heat,historical,0.001983308025,0.07570486,0.0,120
SO,1866,heat,historical,0.0038029916265000002,0.15413265,0.0,120
SO,1867,heat,historical,0.003433535033333333,0.13290575,0.0,120
SO,1868,heat,historical,0.004685302993083334,0.16317892,0.0,120
SO,1869,heat,historical,0.0026076993625,0.11034709,0.0,120
SO,1870,heat,historical,0.0026101512233333334,0.113345645,0.0,120
SO,1871,heat,historical,0.004257654241666667,0.15985774,0.0,120
SO,1872,heat,historical,0.00500115725,0.1729995,0.0,120
SO,1873,heat,historical,0.0018901352358333334,0.11496702,0.0,120
SO,1874,heat,historical,0.0014362424,0.08960387,0.0,120
SO,1875,heat,historical,0.00396603965,0.15717818,0.0,120
SO,1876,heat,historical,0.003982669670833333,0.14388879,0.0,120
SO,1877,heat,historical,0.0027007301700000003,0.12708825,0.0,120
SO,1878,heat,historical,0.0018910213833333333,0.091975264,0.0,120
SO,1879,heat,historical,0.0026247337083333336,0.11101091,0.0,120
SO,1880,heat,historical,0.0044281355650000005,0.16696829,0.0,120
SO,1881,heat,historical,0.0042358021758333335,0.15788537,0.0,120
SO,1882,heat,historical,0.0026340338025,0.1588749,0.0,120
SO,1883,heat,historical,0.002111134675,0.116064444,0.0,120
SO,1884,heat,historical,0.0021931491083333333,0.13388756,0.0,120
SO,1885,heat,historical,0.0032319573658333334,0.15487286,0.0,120
SO,1886,heat,historical,0.005422284661666667,0.14345054,0.0,120
SO,1887,heat,historical,0.0027863323083333336,0.14596337,0.0,120
SO,1888,heat,historical,0.001268832430833333,0.08620629,0.0,120
SO,1889,heat,historical,0.002973783383333333,0.119449124,0.0,120
SO,1890,heat,historical,0.003295814764166667,0.14421451,0.0,120
SO,1891,heat,historical,0.004326518754166666,0.16644746,0.0,120
SO,1892,heat,historical,0.005085739694166667,0.18916097,0.0,120
SO,1893,heat,historical,0.0032280988766666668,0.12819447,0.0,120
SO,1894,heat,historical,0.0029680278475,0.123164676,0.0,120
SO,1895,heat,historical,0.004749779764583333,0.16258065,0.0,120
SO,1896,heat,historical,0.003531516890416667,0.13830255,0.0,120
SO,1897,heat,historical,0.002285629455,0.10087289,0.0,120
SO,1898,heat,historical,0.003906311825,0.13847032,0.0,120
SO,1899,heat,historical,0.004806694281666666,0.17451607,0.0,120
SO,1900,heat,historical,0.0043401074175,0.15093328,0.0,120
SO,1901,heat,historical,0.0027360077133333333,0.12650599,0.0,120
SO,1902,heat,historical,0.0043299471266666665,0.15821779,0.0,120
SO,1903,heat,historical,0.0027610387666666667,0.12245955,0.0,120
SO,1904,heat,historical,0.001987635486666667,0.084818766,0.0,120
SO,1905,heat,historical,0.00269980545,0.104602374,0.0,120
SO,1906,heat,historical,0.0038786352374999998,0.1634809,0.0,120
SO,1907,heat,historical,0.0031102475916666666,0.10405676,0.0,120
SO,1908,heat,historical,0.0031916728225,0.13128749,0.0,120
SO,1909,heat,historical,0.004683406083333333,0.17475456,0.0,120
SO,1910,heat,historical,0.0035131835166666665,0.14608467,0.0,120
SO,1911,heat,historical,0.003863966675,0.16182081,0.0,120
SO,1912,heat,historical,0.0036504177615,0.13884455,0.0,120
SO,1913,heat,historical,0.004183584883333333,0.18428399,0.0,120
SO,1914,heat,historical,0.003722658858333333,0.1851419,0.0,120
SO,1915,heat,historical,0.0031277938349999995,0.14472605,0.0,120
SO,1916,heat,historical,0.0026068562041666665,0.11167628,0.0,120
SO,1917,heat,historical,0.0033758848216666666,0.14298494,0.0,120
SO,1918,heat,historical,0.00419811583625,0.19007258,0.0,120
SO,1919,heat,historical,0.004791221251666667,0.17484435,0.0,120
SO,1920,heat,historical,0.004952639270000001,0.19063213,0.0,120
SO,1921,heat,historical,0.0019359386770833333,0.11195296,0.0,120
SO,1922,heat,historical,0.003162533775,0.12981789,0.0,120
SO,1923,heat,historical,0.004678067534999999,0.19862744,0.0,120
SO,1924,heat,historical,0.0028988321816666666,0.13058908,0.0,120
SO,1925,heat,historical,0.002401974941666667,0.1037997,0.0,120
SO,1926,heat,historical,0.004707077639166666,0.14889328,0.0,120
SO,1927,heat,historical,0.004475212473416667,0.15723445,0.0,120
SO,1928,heat,historical,0.003635263175,0.14145236,0.0,120
SO,1929,heat,historical,0.002720332691666667,0.14309748,0.0,120
SO,1930,heat,historical,0.003391060861666667,0.12257105,0.0,120
SO,1931,heat,historical,0.004184062429166666,0.17216688,0.0,120
SO,1932,heat,historical,0.004294463008333333,0.15674871,0.0,120
SO,1933,heat,historical,0.0027224963558333333,0.092339694,0.0,120
SO,1934,heat,historical,0.0039256261224999995,0.13560492,0.0,120
SO,1935,heat,historical,0.004849310337499999,0.17756212,0.0,120
SO,1936,heat,historical,0.0035773807075000002,0.17327565,0.0,120
SO,1937,heat,historical,0.0029174324225,0.11650941,0.0,120
SO,1938,heat,historical,0.004459279353,0.14227259,0.0,120
SO,1939,heat,historical,0.004743852223666667,0.16663742,0.0,120
SO,1940,heat,historical,0.003334761442833333,0.16504702,0.0,120
SO,1941,heat,historical,0.0031521625016666666,0.16571498,0.0,120
SO,1942,heat,historical,0.0032068876233333336,0.1342236,0.0,120
SO,1943,heat,historical,0.0038474959702916663,0.13050081,0.0,120
SO,1944,heat,historical,0.006265042696666666,0.1763341,0.0,120
SO,1945,heat,historical,0.00473575659875,0.16646656,0.0,120
SO,1946,heat,historical,0.0038631709041666664,0.16825259,0.0,120
SO,1947,heat,historical,0.006007552695333334,0.20454147,0.0,120
SO,1948,heat,historical,0.0032914874264166664,0.1742905,0.0,120
SO,1949,heat,historical,0.002535733525,0.12367055,0.0,120
SO,1950,heat,historical,0.0036831959125,0.1539499,0.0,120
SO,1951,heat,historical,0.005313746457833333,0.17755026,0.0,120
SO,1952,heat,historical,0.006217071002166666,0.21738124,0.0,120
SO,1953,heat,historical,0.002402129891666667,0.078435525,0.0,120
SO,1954,heat,historical,0.004186312267500001,0.15135244,0.0,120
SO,1955,heat,historical,0.00505199354975,0.18335176,0.0,120
SO,1956,heat,historical,0.004913817424166666,0.1567002,0.0,120
SO,1957,heat,historical,0.005022312374416666,0.16423711,0.0,120
SO,1958,heat,historical,0.005509418219166667,0.15865347,0.0,120
SO,1959,heat,historical,0.003841929596666667,0.14448087,0.0,120
SO,1960,heat,historical,0.005044466014083333,0.1984251,0.0,120
SO,1961,heat,historical,0.0063647753974999995,0.20080319,0.0,120
SO,1962,heat,historical,0.0027523452941666665,0.16619194,0.0,120
SO,1963,heat,historical,0.002113917733333333,0.11237882,0.0,120
SO,1964,heat,historical,0.004093014468333334,0.13270238,0.0,120
SO,1965,heat,historical,0.004849430847916667,0.19580749,0.0,120
SO,1966,heat,historical,0.00210281102125,0.10900757,0.0,120
SO,1967,heat,historical,0.0022970329991666666,0.10968172,0.0,120
SO,1968,heat,historical,0.006484566726666667,0.1813386,0.0,120
SO,1969,heat,historical,0.006392791873333333,0.17289884,0.0,120
SO,1970,heat,historical,0.0032551172741666664,0.14460321,0.0,120
SO,1971,heat,historical,0.0025237835916666665,0.11779575,0.0,120
SO,1972,heat,historical,0.003970392933333333,0.1440803,0.0,120
SO,1973,heat,historical,0.0043146893641666665,0.15757926,0.0,120
SO,1974,heat,historical,0.004449278039166667,0.14310469,0.0,120
SO,1975,heat,historical,0.00417620317,0.17554948,0.0,120
SO,1976,heat,historical,0.004134137860833334,0.15831535,0.0,120
SO,1977,heat,historical,0.006229201722083333,0.19597885,0.0,120
SO,1978,heat,historical,0.003814390739666667,0.13015237,0.0,120
SO,1979,heat,historical,0.0028423693391666665,0.11921477,0.0,120
SO,1980,heat,historical,0.005077648375833333,0.17947875,0.0,120
SO,1981,heat,historical,0.006128905537416667,0.17940442,0.0,120
SO,1982,heat,historical,0.00349710833,0.16650371,0.0,120
SO,1983,heat,historical,0.0025773773625,0.10572097,0.0,120
SO,1984,heat,historical,0.004508756348,0.18588212,0.0,120
SO,1985,heat,historical,0.004964240796666667,0.14617759,0.0,120
SO,1986,heat,historical,0.0031793873858333333,0.12536417,0.0,120
SO,1987,heat,historical,0.004026003849999999,0.1488272,0.0,120
SO,1988,heat,historical,0.0051543115125,0.17412582,0.0,120
SO,1989,heat,historical,0.0074491249141666665,0.22458525,0.0,120
SO,1990,heat,historical,0.004183516053333333,0.1632579,0.0,120
SO,1991,heat,historical,0.004082694925000001,0.1500991,0.0,120
SO,1992,heat,historical,0.0027125638899999998,0.095764115,0.0,120
SO,1993,heat,historical,0.004705589408666667,0.1873987,0.0,120
SO,1994,heat,historical,0.005555088084416667,0.18538038,0.0,120
SO,1995,heat,historical,0.004155065045,0.16061911,0.0,120
SO,1996,heat,historical,0.003703207070833333,0.13349886,0.0,120
SO,1997,heat,historical,0.0076706707175,0.21328011,0.0,120
SO,1998,heat,historical,0.0037347594751666663,0.15860288,0.0,120
SO,1999,heat,historical,0.004443698773333333,0.16200045,0.0,120
SO,2000,heat,historical,0.003991122266666667,0.12847474,0.0,120
SO,2001,heat,historical,0.006279521753000001,0.20150211,0.0,120
SO,2002,heat,historical,0.008267329335833334,0.24041481,0.0,120
SO,2003,heat,historical,0.003904913873333333,0.15863694,0.0,120
SO,2004,heat,historical,0.0034887720708333333,0.16437133,0.0,120
SO,2005,heat,historical,0.004657148968,0.13681024,0.0,120
SO,2006,heat,historical,0.005637975809166667,0.18240298,0.0,120
SO,2007,heat,historical,0.005980082585,0.19630252,0.0,120
SO,2008,heat,historical,0.006667509736783333,0.18640089,0.0,120
SO,2009,heat,historical,0.006121730357416667,0.20627844,0.0,120
SO,2010,heat,historical,0.008526892805666665,0.2393659,0.0,120
SO,2011,heat,historical,0.00684156158125,0.2326167,0.0,120
SO,2012,heat,historical,0.0031975831749999997,0.13507687,0.0,120
SO,2013,heat,historical,0.005254130478333333,0.1735193,0.0,120
SO,2014,heat,historical,0.0077222083275,0.21950229,0.0,120
SS,1850,heat,historical,0.004334655222916667,0.042326793,0.0,48
SS,1851,heat,historical,0.0105495324985,0.12789145,0.0,48
SS,1852,heat,historical,0.003103352204166667,0.042299435,0.0,48
SS,1853,heat,historical,0.007902678014583333,0.116683364,0.0,48
SS,1854,heat,historical,0.005019729347291667,0.06230036,0.0,48
SS,1855,heat,historical,0.002752986153125,0.063075684,0.0,48
SS,1856,heat,historical,0.007407670395833333,0.09658642,0.0,48
SS,1857,heat,historical,0.011345233270833333,0.1394867,0.0,48
SS,1858,heat,historical,0.011813947153124999,0.100263774,0.0,48
SS,1859,heat,historical,0.011294097945833333,0.07968265,0.0,48
SS,1860,heat,historical,0.0011186224479166668,0.021751856,0.0,48
SS,1861,heat,historical,0.004595805854166667,0.056087464,0.0,48
SS,1862,heat,historical,0.014191693592083334,0.13732746,0.0,48
SS,1863,heat,historical,0.005729021483333333,0.06731466,0.0,48
SS,1864,heat,historical,0.0011538741291666668,0.020896524,0.0,48
SS,1865,heat,historical,0.005818451887499999,0.0884538,0.0,48
SS,1866,heat,historical,0.005607447394583333,0.09084584,0.0,48
SS,1867,heat,historical,0.013735744277083331,0.081502736,0.0,48
SS,1868,heat,historical,0.017224294652083333,0.13545316,0.0,48
SS,1869,heat,historical,0.006341753230625,0.11448592,0.0,48
SS,1870,heat,historical,0.0073432320854166675,0.10357721,0.0,48
SS,1871,heat,historical,0.0063132874020833335,0.05221705,0.0,48
SS,1872,heat,historical,0.0146974656,0.11808999,0.0,48
SS,1873,heat,historical,0.014183520298958334,0.18341213,0.0,48
SS,1874,heat,historical,0.007137540058333333,0.10092296,0.0,48
SS,1875,heat,historical,0.00600756134375,0.061112083,0.0,48
SS,1876,heat,historical,0.016760441983333332,0.10877838,0.0,48
SS,1877,heat,historical,0.00577396255,0.09218329,0.0,48
SS,1878,heat,historical,0.004364519125,0.11431919,0.0,48
SS,1879,heat,historical,0.0012944829208333334,0.027265314,0.0,48
SS,1880,heat,historical,0.0055417293379166664,0.05609727,0.0,48
SS,1881,heat,historical,0.006206575521666667,0.102016255,0.0,48
SS,1882,heat,historical,0.004564511649583333,0.07108803,0.0,48
SS,1883,heat,historical,0.011006159148958333,0.1411922,0.0,48
SS,1884,heat,historical,0.00403046700625,0.039623488,0.0,48
SS,1885,heat,historical,0.006637843681250001,0.05433602,0.0,48
SS,1886,heat,historical,0.021452270402083334,0.14004213,0.0,48
SS,1887,heat,historical,0.005729559150000001,0.063455604,0.0,48
SS,1888,heat,historical,0.0031598216358333336,0.07552936,0.0,48
SS,1889,heat,historical,0.009478862075,0.13165708,0.0,48
SS,1890,heat,historical,0.013055251564583334,0.107780576,0.0,48
SS,1891,heat,historical,0.014250539434166666,0.16834757,0.0,48
SS,1892,heat,historical,0.015235973602083334,0.09622973,0.0,48
SS,1893,heat,historical,0.006281939332083333,0.07940596,0.0,48
SS,1894,heat,historical,0.006867248613125001,0.11109041,0.0,48
SS,1895,heat,historical,0.01920343245625,0.14778346,0.0,48
SS,1896,heat,historical,0.005683327597291666,0.06292444,0.0,48
SS,1897,heat,historical,0.004174463252416666,0.085880056,0.0,48
SS,1898,heat,historical,0.003978299210416667,0.039613165,0.0,48
SS,1899,heat,historical,0.005796943809375,0.057535384,0.0,48
SS,1900,heat,historical,0.009365697768749999,0.11444979,0.0,48
SS,1901,heat,historical,0.012140805029166667,0.11063048,0.0,48
SS,1902,heat,historical,0.0094355559125,0.06399244,0.0,48
SS,1903,heat,historical,0.007920981127291666,0.102853,0.0,48
SS,1904,heat,historical,0.0013342513125,0.027834158,0.0,48
SS,1905,heat,historical,0.0016873810625,0.01998183,0.0,48
SS,1906,heat,historical,0.00902249388125,0.10644467,0.0,48
SS,1907,heat,historical,0.009558732504166667,0.0900127,0.0,48
SS,1908,heat,historical,0.004443636485416667,0.057871427,0.0,48
SS,1909,heat,historical,0.008328913316666667,0.064601034,0.0,48
SS,1910,heat,historical,0.005797815007916666,0.067140706,0.0,48
SS,1911,heat,historical,0.008622014462499999,0.08360933,0.0,48
SS,1912,heat,historical,0.007865468697291668,0.07356162,0.0,48
SS,1913,heat,historical,0.004525367026041667,0.07215862,0.0,48
SS,1914,heat,historical,0.00974480926875,0.09763171,0.0,48
SS,1915,heat,historical,0.0025957194541666668,0.049494132,0.0,48
SS,1916,heat,historical,0.004321363428333333,0.08786844,0.0,48
SS,1917,heat,historical,0.0056151256875,0.09007051,0.0,48
SS,1918,heat,historical,0.011704224064583333,0.07449078,0.0,48
SS,1919,heat,historical,0.01307656605,0.1158177,0.0,48
SS,1920,heat,historical,0.024933421937500002,0.18369812,0.0,48
SS,1921,heat,historical,0.014457457397916667,0.13250674,0.0,48
SS,1922,heat,historical,0.006168516814166667,0.10141282,0.0,48
SS,1923,heat,historical,0.011944791377083333,0.15431176,0.0,48
SS,1924,heat,historical,0.007736280647916666,0.09060529,0.0,48
SS,1925,heat,historical,0.006088141215,0.11200613,0.0,48
SS,1926,heat,historical,0.006465338466666667,0.05826786,0.0,48
SS,1927,heat,historical,0.014388513639583335,0.13407235,0.0,48
SS,1928,heat,historical,0.007634806016666666,0.05985361,0.0,48
SS,1929,heat,historical,0.008726446414583333,0.13781732,0.0,48
SS,1930,heat,historical,0.0068598711229166665,0.111194156,0.0,48
SS,1931,heat,historical,0.006456262137500001,0.044041067,0.0,48
SS,1932,heat,historical,0.010017552634583335,0.076815195,0.0,48
SS,1933,heat,historical,0.008360723914583333,0.100424826,0.0,48
SS,1934,heat,historical,0.011616761595833332,0.107405305,0.0,48
SS,1935,heat,historical,0.024720868760416667,0.16120294,0.0,48
SS,1936,heat,historical,0.016889844452083334,0.10266407,0.0,48
SS,1937,heat,historical,0.0015282430104166668,0.028559923,0.0,48
SS,1938,heat,historical,0.020729686339583334,0.17312442,0.0,48
SS,1939,heat,historical,0.015017419249999999,0.1082978,0.0,48
SS,1940,heat,historical,0.0063749078625,0.08601736,0.0,48
SS,1941,heat,historical,0.0076791770625,0.10027255,0.0,48
SS,1942,heat,historical,0.005736097660741666,0.057613328,0.0,48
SS,1943,heat,historical,0.006704217491666667,0.111258164,0.0,48
SS,1944,heat,historical,0.021430514945000003,0.15486667,0.0,48
SS,1945,heat,historical,0.011630956929166667,0.11531028,0.0,48
SS,1946,heat,historical,0.011336501112500001,0.07223088,0.0,48
SS,1947,heat,historical,0.02247118149166667,0.15198837,0.0,48
SS,1948,heat,historical,0.008327429513541667,0.07783726,0.0,48
SS,1949,heat,historical,0.004675149035416667,0.061099697,0.0,48
SS,1950,heat,historical,0.0015217476409374998,0.035936322,0.0,48
SS,1951,heat,historical,0.017565745802083334,0.08989036,0.0,48
SS,1952,heat,historical,0.01850152849375,0.13163954,0.0,48
SS,1953,heat,historical,0.006392533857291666,0.12851347,0.0,48
SS,1954,heat,historical,0.0071541443325,0.08358816,0.0,48
SS,1955,heat,historical,0.010745159360416666,0.11255795,0.0,48
SS,1956,heat,historical,0.009069929983333334,0.08242363,0.0,48
SS,1957,heat,historical,0.0170278293125,0.10012853,0.0,48
SS,1958,heat,historical,0.016477578636666667,0.15365517,0.0,48
SS,1959,heat,historical,0.0023204487104166666,0.022297988,0.0,48
SS,1960,heat,historical,0.00901933238125,0.049446125,0.0,48
SS,1961,heat,historical,0.01892085983,0.15214737,0.0,48
SS,1962,heat,historical,0.016278510541666666,0.2122637,0.0,48
SS,1963,heat,historical,0.0007258748604166667,0.015770728,0.0,48
SS,1964,heat,historical,0.0036749820689583336,0.0295856,0.0,48
SS,1965,heat,historical,0.013108215318125,0.11418757,0.0,48
SS,1966,heat,historical,0.008860979393750001,0.0747401,0.0,48
SS,1967,heat,historical,0.0031654243875000004,0.030401703,0.0,48
SS,1968,heat,historical,0.013338275789583333,0.10195999,0.0,48
SS,1969,heat,historical,0.026744807709375,0.20797983,0.0,48
SS,1970,heat,historical,0.007879556725833332,0.13872893,0.0,48
SS,1971,heat,historical,0.0077109229375,0.076781124,0.0,48
SS,1972,heat,historical,0.00629909214375,0.087907664,0.0,48
SS,1973,heat,historical,0.004104045979166667,0.05820489,0.0,48
SS,1974,heat,historical,0.003841594132916666,0.041672774,0.0,48
SS,1975,heat,historical,0.005417832304166668,0.05131629,0.0,48
SS,1976,heat,historical,0.010280671410416666,0.10604875,0.0,48
SS,1977,heat,historical,0.021402252825750003,0.19836935,0.0,48
SS,1978,heat,historical,0.010269207757291668,0.15922748,0.0,48
SS,1979,heat,historical,0.005106127266666666,0.08106398,0.0,48
SS,1980,heat,historical,0.01455488890875,0.096671075,0.0,48
SS,1981,heat,historical,0.024769218787500002,0.15593106,0.0,48
SS,1982,heat,historical,0.010290242545,0.0813706,0.0,48
SS,1983,heat,historical,0.0016563879416666668,0.041429646,0.0,48
SS,1984,heat,historical,0.011896581202083333,0.09282286,0.0,48
SS,1985,heat,historical,0.026690327283333332,0.27755487,0.0,48
SS,1986,heat,historical,0.005044786287499999,0.061910123,0.0,48
SS,1987,heat,historical,0.006977154702083333,0.12935022,0.0,48
SS,1988,heat,historical,0.01005356788125,0.07788784,0.0,48
SS,1989,heat,historical,0.017845963002083333,0.1385271,0.0,48
SS,1990,heat,historical,0.011240586192708332,0.14280531,0.0,48
SS,1991,heat,historical,0.009303174029166666,0.09267729,0.0,48
SS,1992,heat,historical,0.005788609495833333,0.07836997,0.0,48
SS,1993,heat,historical,0.013056746329166667,0.12609304,0.0,48
SS,1994,heat,historical,0.021384702483958334,0.1653268,0.0,48
SS,1995,heat,historical,0.008069591245833334,0.14500739,0.0,48
SS,1996,heat,historical,0.004463477582916667,0.046112034,0.0,48
SS,1997,heat,historical,0.029355539972916667,0.25024933,0.0,48
SS,1998,heat,historical,0.01555314213771875,0.1535824,0.0,48
SS,1999,heat,historical,0.00569863069,0.071811736,0.0,48
SS,2000,heat,historical,0.008913254688333334,0.095394015,0.0,48
SS,2001,heat,historical,0.028473128791666667,0.12688075,0.0,48
SS,2002,heat,historical,0.025479134819583332,0.20501688,0.0,48
SS,2003,heat,historical,0.006088797120833333,0.068997964,0.0,48
SS,2004,heat,historical,0.01065383571875,0.09398635,0.0,48
SS,2005,heat,historical,0.012358509104166667,0.1278899,0.0,48
SS,2006,heat,historical,0.029738318320833332,0.12059558,0.0,48
SS,2007,heat,historical,0.024455997035833333,0.2681896,0.0,48
SS,2008,heat,historical,0.015820088589583333,0.10419871,0.0,48
SS,2009,heat,historical,0.027282681006666667,0.19198817,0.0,48
SS,2010,heat,historical,0.059234649125000004,0.28124723,0.0,48
SS,2011,heat,historical,0.022263123818749998,0.19478646,0.0,48
SS,2012,heat,historical,0.009399777239583332,0.07872201,0.0,48
SS,2013,heat,historical,0.018293029472916666,0.1415876,0.0,48
SS,2014,heat,historical,0.04459159890729167,0.27350485,0.0,48
ST,1850,heat,historical,0.0,0.0,0.0,12
ST,1851,heat,historical,0.0,0.0,0.0,12
ST,1852,heat,historical,0.0,0.0,0.0,12
ST,1853,heat,historical,0.0,0.0,0.0,12
ST,1854,heat,historical,0.0,0.0,0.0,12
ST,1855,heat,historical,0.0,0.0,0.0,12
ST,1856,heat,historical,0.0,0.0,0.0,12
ST,1857,heat,historical,0.0001955511,0.0023466132,0.0,12
ST,1858,heat,historical,0.0,0.0,0.0,12
ST,1859,heat,historical,0.0,0.0,0.0,12
ST,1860,heat,historical,0.0,0.0,0.0,12
ST,1861,heat,historical,0.0,0.0,0.0,12
ST,1862,heat,historical,0.0,0.0,0.0,12
ST,1863,heat,historical,0.00020669225833333334,0.0024803071,0.0,12
ST,1864,heat,historical,0.0,0.0,0.0,12
ST,1865,heat,historical,0.0,0.0,0.0,12
ST,1866,heat,historical,0.0,0.0,0.0,12
ST,1867,heat,historical,0.0008104229999999999,0.009725076,0.0,12
ST,1868,heat,historical,0.00288960525,0.025494255,0.0,12
ST,1869,heat,historical,0.0,0.0,0.0,12
ST,1870,heat,historical,0.0,0.0,0.0,12
ST,1871,heat,historical,0.0,0.0,0.0,12
ST,1872,heat,historical,0.002293961566666667,0.023818176,0.0,12
ST,1873,heat,historical,0.0,0.0,0.0,12
ST,1874,heat,historical,0.0,0.0,0.0,12
ST,1875,heat,historical,0.0,0.0,0.0,12
ST,1876,heat,historical,0.0006725994583333334,0.0080711935,0.0,12
ST,1877,heat,historical,0.0,0.0,0.0,12
ST,1878,heat,historical,0.0,0.0,0.0,12
ST,1879,heat,historical,0.0,0.0,0.0,12
ST,1880,heat,historical,0.00014784627,0.0016007144,0.0,12
ST,1881,heat,historical,0.0004186755166666666,0.0050241062,0.0,12
ST,1882,heat,historical,0.0,0.0,0.0,12
ST,1883,heat,historical,0.0,0.0,0.0,12
ST,1884,heat,historical,0.0,0.0,0.0,12
ST,1885,heat,historical,0.0,0.0,0.0,12
ST,1886,heat,historical,0.00472811275,0.040838093,0.0,12
ST,1887,heat,historical,0.0,0.0,0.0,12
ST,1888,heat,historical,0.0,0.0,0.0,12
ST,1889,heat,historical,0.0,0.0,0.0,12
ST,1890,heat,historical,0.0,0.0,0.0,12
ST,1891,heat,historical,0.0,0.0,0.0,12
ST,1892,heat,historical,6.426602499999999e-05,0.0007711923,0.0,12
ST,1893,heat,historical,0.0,0.0,0.0,12
ST,1894,heat,historical,0.0,0.0,0.0,12
ST,1895,heat,historical,0.00029035853333333334,0.0034843024,0.0,12
ST,1896,heat,historical,0.0,0.0,0.0,12
ST,1897,heat,historical,0.0,0.0,0.0,12
ST,1898,heat,historical,0.0,0.0,0.0,12
ST,1899,heat,historical,0.0,0.0,0.0,12
ST,1900,heat,historical,0.0,0.0,0.0,12
ST,1901,heat,historical,0.0,0.0,0.0,12
ST,1902,heat,historical,6.155601333333333e-05,0.00073867216,0.0,12
ST,1903,heat,historical,0.0,0.0,0.0,12
ST,1904,heat,historical,0.0,0.0,0.0,12
ST,1905,heat,historical,0.0,0.0,0.0,12
ST,1906,heat,historical,0.0,0.0,0.0,12
ST,1907,heat,historical,0.0,0.0,0.0,12
ST,1908,heat,historical,0.0,0.0,0.0,12
ST,1909,heat,historical,0.0004963195833333333,0.005955835,0.0,12
ST,1910,heat,historical,0.0,0.0,0.0,12
ST,1911,heat,historical,0.0,0.0,0.0,12
ST,1912,heat,historical,0.0,0.0,0.0,12
ST,1913,heat,historical,0.0,0.0,0.0,12
ST,1914,heat,historical,0.00012427346666666668,0.0014912816,0.0,12
ST,1915,heat,historical,0.0,0.0,0.0,12
ST,1916,heat,historical,0.0,0.0,0.0,12
ST,1917,heat,historical,0.0,0.0,0.0,12
ST,1918,heat,historical,0.0,0.0,0.0,12
ST,1919,heat,historical,0.00024390118333333333,0.0019016549,0.0,12
ST,1920,heat,historical,0.0,0.0,0.0,12
ST,1921,heat,historical,0.0,0.0,0.0,12
ST,1922,heat,historical,0.0,0.0,0.0,12
ST,1923,heat,historical,0.0004154923109166667,0.0043484094,0.0,12
ST,1924,heat,historical,0.0,0.0,0.0,12
ST,1925,heat,historical,0.0,0.0,0.0,12
ST,1926,heat,historical,0.0,0.0,0.0,12
ST,1927,heat,historical,0.0014992825333333332,0.016845442,0.0,12
ST,1928,heat,historical,0.0,0.0,0.0,12
ST,1929,heat,historical,0.0,0.0,0.0,12
ST,1930,heat,historical,0.0,0.0,0.0,12
ST,1931,heat,historical,0.0008291779975,0.009816442,0.0,12
ST,1932,heat,historical,0.0009654099,0.010416774,0.0,12
ST,1933,heat,historical,0.0,0.0,0.0,12
ST,1934,heat,historical,0.0,0.0,0.0,12
ST,1935,heat,historical,0.0,0.0,0.0,12
ST,1936,heat,historical,1.30338725e-05,0.00015640647,0.0,12
ST,1937,heat,historical,0.0,0.0,0.0,12
ST,1938,heat,historical,0.0,0.0,0.0,12
ST,1939,heat,historical,0.0010118242625,0.011389798,0.0,12
ST,1940,heat,historical,3.746700833333334e-05,0.0004496041,0.0,12
ST,1941,heat,historical,0.0,0.0,0.0,12
ST,1942,heat,historical,0.0,0.0,0.0,12
ST,1943,heat,historical,0.0,0.0,0.0,12
ST,1944,heat,historical,0.00031470565000000004,0.0030594757,0.0,12
ST,1945,heat,historical,0.0,0.0,0.0,12
ST,1946,heat,historical,0.00039462955,0.0047355546,0.0,12
ST,1947,heat,historical,0.0033769343333333334,0.02171727,0.0,12
ST,1948,heat,historical,0.0,0.0,0.0,12
ST,1949,heat,historical,0.0,0.0,0.0,12
ST,1950,heat,historical,0.0,0.0,0.0,12
ST,1951,heat,historical,0.00040615783333333336,0.004873894,0.0,12
ST,1952,heat,historical,0.0029915103916666667,0.032946017,0.0,12
ST,1953,heat,historical,0.0,0.0,0.0,12
ST,1954,heat,historical,0.0,0.0,0.0,12
ST,1955,heat,historical,0.000238051,0.002856612,0.0,12
ST,1956,heat,historical,0.0,0.0,0.0,12
ST,1957,heat,historical,0.003589304833333333,0.020861939,0.0,12
ST,1958,heat,historical,6.0996800000000005e-05,0.0007319616,0.0,12
ST,1959,heat,historical,0.0,0.0,0.0,12
ST,1960,heat,historical,0.0002660544666666667,0.0031926536,0.0,12
ST,1961,heat,historical,0.0004637133333333333,0.00556456,0.0,12
ST,1962,heat,historical,0.0,0.0,0.0,12
ST,1963,heat,historical,0.0,0.0,0.0,12
ST,1964,heat,historical,0.0,0.0,0.0,12
ST,1965,heat,historical,0.0014004745666666666,0.006187605,0.0,12
ST,1966,heat,historical,0.0,0.0,0.0,12
ST,1967,heat,historical,0.0,0.0,0.0,12
ST,1968,heat,historical,0.0018003520833333334,0.021604225,0.0,12
ST,1969,heat,historical,0.0,0.0,0.0,12
ST,1970,heat,historical,0.0,0.0,0.0,12
ST,1971,heat,historical,0.0,0.0,0.0,12
ST,1972,heat,historical,0.0,0.0,0.0,12
ST,1973,heat,historical,0.0023063932925,0.027346356,0.0,12
ST,1974,heat,historical,0.00012345615,0.0014814738,0.0,12
ST,1975,heat,historical,0.0,0.0,0.0,12
ST,1976,heat,historical,0.0,0.0,0.0,12
ST,1977,heat,historical,0.002928879,0.030551914,0.0,12
ST,1978,heat,historical,0.0,0.0,0.0,12
ST,1979,heat,historical,0.0,0.0,0.0,12
ST,1980,heat,historical,0.00029005744166666665,0.0025334752,0.0,12
ST,1981,heat,historical,0.0024236980333333332,0.021615064,0.0,12
ST,1982,heat,historical,0.0,0.0,0.0,12
ST,1983,heat,historical,0.0,0.0,0.0,12
ST,1984,heat,historical,0.0,0.0,0.0,12
ST,1985,heat,historical,0.002086925271666667,0.021222759,0.0,12
ST,1986,heat,historical,0.0,0.0,0.0,12
ST,1987,heat,historical,0.0,0.0,0.0,12
ST,1988,heat,historical,0.0019709108333333335,0.02365093,0.0,12
ST,1989,heat,historical,0.0010516140833333333,0.012619369,0.0,12
ST,1990,heat,historical,0.0,0.0,0.0,12
ST,1991,heat,historical,0.0,0.0,0.0,12
ST,1992,heat,historical,0.0,0.0,0.0,12
ST,1993,heat,historical,0.0023333213333333333,0.027999856,0.0,12
ST,1994,heat,historical,0.003388634833333333,0.019867752,0.0,12
ST,1995,heat,historical,0.0,0.0,0.0,12
ST,1996,heat,historical,0.0,0.0,0.0,12
ST,1997,heat,historical,0.007224809000000001,0.042379443,0.0,12
ST,1998,heat,historical,0.0017962223633333334,0.021419942,0.0,12
ST,1999,heat,historical,0.0,0.0,0.0,12
ST,2000,heat,historical,0.0,0.0,0.0,12
ST,2001,heat,historical,0.0035202208333333334,0.036999162,0.0,12
ST,2002,heat,historical,0.005352103666666667,0.023024788,0.0,12
ST,2003,heat,historical,0.00013898496,0.0014040449,0.0,12
ST,2004,heat,historical,0.0,0.0,0.0,12
ST,2005,heat,historical,0.0,0.0,0.0,12
ST,2006,heat,historical,0.011465678083333333,0.06030218,0.0,12
ST,2007,heat,historical,0.0018615639,0.015036185,0.0,12
ST,2008,heat,historical,0.0022512466666666665,0.013030776,0.0,12
ST,2009,heat,historical,0.0014259830416666665,0.012208996,0.0,12
ST,2010,heat,historical,0.012152473066666667,0.06702869,0.0,12
ST,2011,heat,historical,0.00502543975,0.026201956,0.0,12
ST,2012,heat,historical,0.0,0.0,0.0,12
ST,2013,heat,historical,0.0,0.0,0.0,12
ST,2014,heat,historical,0.012478363083333333,0.065746985,0.0,12
SY,1850,heat,historical,0.00497665925,0.037261903,0.0,12
SY,1851,heat,historical,9.958222499999999e-05,0.0011949867,0.0,12
SY,1852,heat,historical,3.5660331666666666e-05,0.00042792398,0.0,12
SY,1853,heat,historical,0.0008869055833333334,0.010642867,0.0,12
SY,1854,heat,historical,0.00040546958333333334,0.004865635,0.0,12
SY,1855,heat,historical,0.0006350034166666666,0.007620041,0.0,12
SY,1856,heat,historical,0.0032812667499999997,0.023096023,0.0,12
SY,1857,heat,historical,0.0013519953749999997,0.011463613,0.0,12
SY,1858,heat,historical,0.00015597631666666666,0.0018717158,0.0,12
SY,1859,heat,historical,0.00039256475,0.004710777,0.0,12
SY,1860,heat,historical,0.0025428956666666666,0.01561587,0.0,12
SY,1861,heat,historical,0.0021049489166666663,0.019580748,0.0,12
SY,1862,heat,historical,0.0,0.0,0.0,12
SY,1863,heat,historical,0.0,0.0,0.0,12
SY,1864,heat,historical,0.0010889950833333332,0.013067941,0.0,12
SY,1865,heat,historical,0.0023662286666666665,0.028394744,0.0,12
SY,1866,heat,historical,0.006459208833333334,0.077510506,0.0,12
SY,1867,heat,historical,0.00648712625,0.05179119,0.0,12
SY,1868,heat,historical,0.0016678625,0.02001435,0.0,12
SY,1869,heat,historical,0.0011043948333333334,0.010013111,0.0,12
SY,1870,heat,historical,0.000353119025,0.0042374283,0.0,12
SY,1871,heat,historical,0.001351135144166667,0.015810475,0.0,12
SY,1872,heat,historical,0.00141286325,0.016954359,0.0,12
SY,1873,heat,historical,0.002975078166666667,0.023761395,0.0,12
SY,1874,heat,historical,0.00045648663333333335,0.0054778396,0.0,12
SY,1875,heat,historical,0.00205608275,0.024672993,0.0,12
SY,1876,heat,historical,0.0075634320833333326,0.090761185,0.0,12
SY,1877,heat,historical,0.0,0.0,0.0,12
SY,1878,heat,historical,2.008851e-05,0.00024106212,0.0,12
SY,1879,heat,historical,0.0,0.0,0.0,12
SY,1880,heat,historical,0.0,0.0,0.0,12
SY,1881,heat,historical,0.00202554125,0.024306495,0.0,12
SY,1882,heat,historical,0.0,0.0,0.0,12
SY,1883,heat,historical,0.00017288162500000002,0.0020745795,0.0,12
SY,1884,heat,historical,0.0,0.0,0.0,12
SY,1885,heat,historical,0.0008356733916666668,0.005360664,0.0,12
SY,1886,heat,historical,0.00027663641666666664,0.003319637,0.0,12
SY,1887,heat,historical,0.0012211404916666667,0.0114455465,0.0,12
SY,1888,heat,historical,0.0007026246666666666,0.008431496,0.0,12
SY,1889,heat,historical,0.0,0.0,0.0,12
SY,1890,heat,historical,0.002662738333333333,0.03195286,0.0,12
SY,1891,heat,historical,0.0031748450000000004,0.03809814,0.0,12
SY,1892,heat,historical,0.003929561916666667,0.047154743,0.0,12
SY,1893,heat,historical,0.0,0.0,0.0,12
SY,1894,heat,historical,0.0016208890000000001,0.019450668,0.0,12
SY,1895,heat,historical,0.010990652166666668,0.12009643,0.0,12
SY,1896,heat,historical,0.006124801666666666,0.07349762,0.0,12
SY,1897,heat,historical,0.0006902360583333333,0.004848601,0.0,12
SY,1898,heat,historical,0.0010162979166666666,0.012195575,0.0,12
SY,1899,heat,historical,0.0,0.0,0.0,12
SY,1900,heat,historical,0.00048436108333333334,0.005812333,0.0,12
SY,1901,heat,historical,0.0,0.0,0.0,12
SY,1902,heat,historical,0.00483376,0.045433756,0.0,12
SY,1903,heat,historical,0.0,0.0,0.0,12
SY,1904,heat,historical,0.002616065833333333,0.03139279,0.0,12
SY,1905,heat,historical,0.0015302970833333332,0.018363565,0.0,12
SY,1906,heat,historical,0.0,0.0,0.0,12
SY,1907,heat,historical,0.0029669053333333333,0.035602864,0.0,12
SY,1908,heat,historical,0.0,0.0,0.0,12
SY,1909,heat,historical,0.0,0.0,0.0,12
SY,1910,heat,historical,0.0,0.0,0.0,12
SY,1911,heat,historical,0.0,0.0,0.0,12
SY,1912,heat,historical,0.0,0.0,0.0,12
SY,1913,heat,historical,0.002026616666666667,0.0243194,0.0,12
SY,1914,heat,historical,0.0016040696666666666,0.019248836,0.0,12
SY,1915,heat,historical,0.0042967475,0.02874937,0.0,12
SY,1916,heat,historical,0.0,0.0,0.0,12
SY,1917,heat,historical,0.0007674068333333333,0.009208882,0.0,12
SY,1918,heat,historical,0.0015009601666666665,0.018011522,0.0,12
SY,1919,heat,historical,0.0008358455,0.010030146,0.0,12
SY,1920,heat,historical,9.093599166666668e-05,0.0010912319,0.0,12
SY,1921,heat,historical,0.0021576865833333333,0.025892239,0.0,12
SY,1922,heat,historical,0.0,0.0,0.0,12
SY,1923,heat,historical,0.0015662585833333333,0.018795103,0.0,12
SY,1924,heat,historical,0.000495459225,0.0059455107,0.0,12
SY,1925,heat,historical,0.0002183926416666667,0.0026207117,0.0,12
SY,1926,heat,historical,0.000620593,0.007447116,0.0,12
SY,1927,heat,historical,0.010275423333333334,0.0922442,0.0,12
SY,1928,heat,historical,0.0,0.0,0.0,12
SY,1929,heat,historical,0.0,0.0,0.0,12
SY,1930,heat,historical,0.000467111625,0.0056053395,0.0,12
SY,1931,heat,historical,0.0005911269666666667,0.0070935236,0.0,12
SY,1932,heat,historical,0.0008362325833333333,0.010034791,0.0,12
SY,1933,heat,historical,0.003988192916666667,0.02963722,0.0,12
SY,1934,heat,historical,0.0012845462750000001,0.011267977,0.0,12
SY,1935,heat,historical,0.0014438348333333333,0.017326018,0.0,12
SY,1936,heat,historical,0.002667298125,0.015883774,0.0,12
SY,1937,heat,historical,0.0,0.0,0.0,12
SY,1938,heat,historical,0.0033207123583333335,0.038681436,0.0,12
SY,1939,heat,historical,0.0011516695,0.013820034,0.0,12
SY,1940,heat,historical,0.006039758696666667,0.0719733,0.0,12
SY,1941,heat,historical,0.0,0.0,0.0,12
SY,1942,heat,historical,0.0,0.0,0.0,12
SY,1943,heat,historical,0.0002488480333333333,0.0029861764,0.0,12
SY,1944,heat,historical,0.0,0.0,0.0,12
SY,1945,heat,historical,0.00270954,0.03251448,0.0,12
SY,1946,heat,historical,0.0008527507499999999,0.010233009,0.0,12
SY,1947,heat,historical,0.00048694205,0.0058433046,0.0,12
SY,1948,heat,historical,0.004563963,0.054767556,0.0,12
SY,1949,heat,historical,0.0,0.0,0.0,12
SY,1950,heat,historical,0.0005905247416666667,0.005195482,0.0,12
SY,1951,heat,historical,0.002792130833333333,0.03350557,0.0,12
SY,1952,heat,historical,0.0007908936666666667,0.009490724,0.0,12
SY,1953,heat,historical,0.0,0.0,0.0,12
SY,1954,heat,historical,0.0012990856666666667,0.015589028,0.0,12
SY,1955,heat,historical,0.00020716545,0.0024859854,0.0,12
SY,1956,heat,historical,0.00017012859166666666,0.0020415431,0.0,12
SY,1957,heat,historical,0.0,0.0,0.0,12
SY,1958,heat,historical,0.00189042775,0.022685133,0.0,12
SY,1959,heat,historical,0.0,0.0,0.0,12
SY,1960,heat,historical,0.0,0.0,0.0,12
SY,1961,heat,historical,0.0031620689166666667,0.037944827,0.0,12
SY,1962,heat,historical,3.553128333333333e-05,0.0004263754,0.0,12
SY,1963,heat,historical,0.011370397833333332,0.07924388,0.0,12
SY,1964,heat,historical,0.0,0.0,0.0,12
SY,1965,heat,historical,0.0003532050583333333,0.0042384607,0.0,12
SY,1966,heat,historical,0.0,0.0,0.0,12
SY,1967,heat,historical,0.0013498876666666667,0.016198652,0.0,12
SY,1968,heat,historical,0.0025559725833333336,0.030671671,0.0,12
SY,1969,heat,historical,0.0,0.0,0.0,12
SY,1970,heat,historical,0.0,0.0,0.0,12
SY,1971,heat,historical,8.603216666666667e-05,0.001032386,0.0,12
SY,1972,heat,historical,0.0,0.0,0.0,12
SY,1973,heat,historical,0.0031923524166666667,0.028285826,0.0,12
SY,1974,heat,historical,0.0004724025833333333,0.005668831,0.0,12
SY,1975,heat,historical,0.0,0.0,0.0,12
SY,1976,heat,historical,0.0,0.0,0.0,12
SY,1977,heat,historical,0.0,0.0,0.0,12
SY,1978,heat,historical,2.5121391666666665e-05,0.0003014567,0.0,12
SY,1979,heat,historical,0.0,0.0,0.0,12
SY,1980,heat,historical,0.0,0.0,0.0,12
SY,1981,heat,historical,0.0012371855,0.014846226,0.0,12
SY,1982,heat,historical,0.0,0.0,0.0,12
SY,1983,heat,historical,0.000439022125,0.0052682655,0.0,12
SY,1984,heat,historical,0.0,0.0,0.0,12
SY,1985,heat,historical,0.0091581236,0.10874947,0.0,12
SY,1986,heat,historical,0.00031732964166666667,0.0038079557,0.0,12
SY,1987,heat,historical,0.0,0.0,0.0,12
SY,1988,heat,historical,0.0,0.0,0.0,12
SY,1989,heat,historical,0.009931553333333334,0.11917864,0.0,12
SY,1990,heat,historical,0.0,0.0,0.0,12
SY,1991,heat,historical,0.0,0.0,0.0,12
SY,1992,heat,historical,0.0,0.0,0.0,12
SY,1993,heat,historical,0.0005432500833333333,0.006519001,0.0,12
SY,1994,heat,historical,0.004192003083333334,0.050304037,0.0,12
SY,1995,heat,historical,0.003207623083333333,0.027417589,0.0,12
SY,1996,heat,historical,0.00289407905,0.029394094,0.0,12
SY,1997,heat,historical,0.005872340166666667,0.055086564,0.0,12
SY,1998,heat,historical,0.003333531166666666,0.024687445,0.0,12
SY,1999,heat,historical,0.00151210125,0.018145215,0.0,12
SY,2000,heat,historical,0.0,0.0,0.0,12
SY,2001,heat,historical,0.0006664051666666667,0.007996862,0.0,12
SY,2002,heat,historical,0.004103561916666667,0.038271062,0.0,12
SY,2003,heat,historical,0.0030094481666666666,0.036113378,0.0,12
SY,2004,heat,historical,0.004098959583333333,0.049187515,0.0,12
SY,2005,heat,historical,0.0,0.0,0.0,12
SY,2006,heat,historical,0.0,0.0,0.0,12
SY,2007,heat,historical,0.00267826725,0.019249868,0.0,12
SY,2008,heat,historical,0.0017294184999999999,0.020753022,0.0,12
SY,2009,heat,historical,0.001864144875,0.015207561,0.0,12
SY,2010,heat,historical,0.005482915866666667,0.059978012,0.0,12
SY,2011,heat,historical,0.00057925455,0.0069510546,0.0,12
SY,2012,heat,historical,0.0074108532750000004,0.0855404,0.0,12
SY,2013,heat,historical,0.004527485583333333,0.054329827,0.0,12
SY,2014,heat,historical,0.0011278386166666667,0.01115493,0.0,12
TD,1850,heat,historical,0.053928663385416666,0.39220136,0.0,96
TD,1851,heat,historical,0.07911384233125,0.51441,0.0,96
TD,1852,heat,historical,0.07233308961458333,0.4845555,0.0,96
TD,1853,heat,historical,0.06371031643958333,0.47264645,0.0,96
TD,1854,heat,historical,0.04896331209895833,0.38744,0.0,96
TD,1855,heat,historical,0.054223996371875,0.44324097,0.0,96
TD,1856,heat,historical,0.05377016616666667,0.4517597,0.0,96
TD,1857,heat,historical,0.07711222456979167,0.5021536,0.0,96
TD,1858,heat,historical,0.0789505053025,0.5440142,0.0,96
TD,1859,heat,historical,0.060554538974999995,0.44195306,0.0,96
TD,1860,heat,historical,0.048228517579166665,0.42619783,0.0,96
TD,1861,heat,historical,0.06530377796041667,0.4245775,0.0,96
TD,1862,heat,historical,0.06825988019375,0.5197986,0.0,96
TD,1863,heat,historical,0.06853131147520834,0.4813897,0.0,96
TD,1864,heat,historical,0.042966521020833336,0.39552101,0.0,96
TD,1865,heat,historical,0.05917916923604166,0.45885217,0.0,96
TD,1866,heat,historical,0.055762547080625,0.3911927,0.0,96
TD,1867,heat,historical,0.06148288902395834,0.41193178,0.0,96
TD,1868,heat,historical,0.0541477990321875,0.50945616,0.0,96
TD,1869,heat,historical,0.0624707921125,0.4901242,0.0,96
TD,1870,heat,historical,0.0608523227125,0.46240002,0.0,96
TD,1871,heat,historical,0.054884863672696876,0.43234777,0.0,96
TD,1872,heat,historical,0.08953378410041667,0.58073103,0.0,96
TD,1873,heat,historical,0.06542598579375,0.44610018,0.0,96
TD,1874,heat,historical,0.047850696212499995,0.3937112,0.0,96
TD,1875,heat,historical,0.06234652323333333,0.4848363,0.0,96
TD,1876,heat,historical,0.08927437024166666,0.4960785,0.0,96
TD,1877,heat,historical,0.061321213667708326,0.57071686,0.0,96
TD,1878,heat,historical,0.047678400826562495,0.37125424,0.0,96
TD,1879,heat,historical,0.04478496148864583,0.39207697,0.0,96
TD,1880,heat,historical,0.07235716754125,0.46782157,0.0,96
TD,1881,heat,historical,0.07316044951666667,0.46810806,0.0,96
TD,1882,heat,historical,0.061297270218750005,0.50919545,0.0,96
TD,1883,heat,historical,0.05949177861875,0.50909895,0.0,96
TD,1884,heat,historical,0.04281967464375,0.38221353,0.0,96
TD,1885,heat,historical,0.06340699925208333,0.42986125,0.0,96
TD,1886,heat,historical,0.06842966986979167,0.45586446,0.0,96
TD,1887,heat,historical,0.058176653256249995,0.4467191,0.0,96
TD,1888,heat,historical,0.0486167968125,0.41961017,0.0,96
TD,1889,heat,historical,0.07123036682291667,0.47189897,0.0,96
TD,1890,heat,historical,0.07437498151041667,0.4164335,0.0,96
TD,1891,heat,historical,0.06874663397395833,0.48782557,0.0,96
TD,1892,heat,historical,0.07527299632708333,0.47987622,0.0,96
TD,1893,heat,historical,0.053373472453124994,0.4328882,0.0,96
TD,1894,heat,historical,0.05965625459583334,0.47736079,0.0,96
TD,1895,heat,historical,0.08935725069583333,0.5565386,0.0,96
TD,1896,heat,historical,0.06149081073333334,0.45810112,0.0,96
TD,1897,heat,historical,0.05276282117604167,0.38155332,0.0,96
TD,1898,heat,historical,0.06607116831354166,0.49791095,0.0,96
TD,1899,heat,historical,0.06262076140625,0.50719416,0.0,96
TD,1900,heat,historical,0.07519279252322916,0.49977854,0.0,96
TD,1901,heat,historical,0.06463646334479166,0.46735182,0.0,96
TD,1902,heat,historical,0.07173622489374999,0.47222984,0.0,96
TD,1903,heat,historical,0.05494583753645834,0.43130708,0.0,96
TD,1904,heat,historical,0.052917904956250005,0.41662347,0.0,96
TD,1905,heat,historical,0.05312042977083333,0.35470355,0.0,96
TD,1906,heat,historical,0.06508037355520833,0.4624666,0.0,96
TD,1907,heat,historical,0.0559220232215625,0.4197836,0.0,96
TD,1908,heat,historical,0.054799755884375,0.4357221,0.0,96
TD,1909,heat,historical,0.07275249089895834,0.49152723,0.0,96
TD,1910,heat,historical,0.07537160050833333,0.53733265,0.0,96
TD,1911,heat,historical,0.06836717302395834,0.44150293,0.0,96
TD,1912,heat,historical,0.06402665133645834,0.4600446,0.0,96
TD,1913,heat,historical,0.06771489315625,0.46671328,0.0,96
TD,1914,heat,historical,0.05539752857291667,0.3896266,0.0,96
TD,1915,heat,historical,0.052099501169375,0.4121909,0.0,96
TD,1916,heat,historical,0.063704788996875,0.4056394,0.0,96
TD,1917,heat,historical,0.06312654430416666,0.42700255,0.0,96
TD,1918,heat,historical,0.05777425814270833,0.48551768,0.0,96
TD,1919,heat,historical,0.060835939364583334,0.49138683,0.0,96
TD,1920,heat,historical,0.07585835838052084,0.46085447,0.0,96
TD,1921,heat,historical,0.06390058733039583,0.39425993,0.0,96
TD,1922,heat,historical,0.04405111855208333,0.4713064,0.0,96
TD,1923,heat,historical,0.08472360628041666,0.5283055,0.0,96
TD,1924,heat,historical,0.058488147082291664,0.4040134,0.0,96
TD,1925,heat,historical,0.06331539599791666,0.50038767,0.0,96
TD,1926,heat,historical,0.053597107034375,0.40007898,0.0,96
TD,1927,heat,historical,0.07462490551562499,0.50588095,0.0,96
TD,1928,heat,historical,0.06770520904635417,0.4484798,0.0,96
TD,1929,heat,historical,0.05774126499479167,0.41734356,0.0,96
TD,1930,heat,historical,0.05967481646041667,0.43383902,0.0,96
TD,1931,heat,historical,0.07939563642708333,0.5035313,0.0,96
TD,1932,heat,historical,0.085363685549375,0.5636739,0.0,96
TD,1933,heat,historical,0.06524784020822917,0.37817848,0.0,96
TD,1934,heat,historical,0.06978449412270833,0.45940298,0.0,96
TD,1935,heat,historical,0.07992056118229167,0.51702094,0.0,96
TD,1936,heat,historical,0.070009473503125,0.47965887,0.0,96
TD,1937,heat,historical,0.05146959536354167,0.40176693,0.0,96
TD,1938,heat,historical,0.06634912886114583,0.5363648,0.0,96
TD,1939,heat,historical,0.09442262136652084,0.5308761,0.0,96
TD,1940,heat,historical,0.063000879553125,0.45774496,0.0,96
TD,1941,heat,historical,0.058140594785104166,0.45232493,0.0,96
TD,1942,heat,historical,0.063693319405875,0.42390645,0.0,96
TD,1943,heat,historical,0.05346082143125,0.49825528,0.0,96
TD,1944,heat,historical,0.07520300338958334,0.5458627,0.0,96
TD,1945,heat,historical,0.06626537571041667,0.4786797,0.0,96
TD,1946,heat,historical,0.06276048409145833,0.42265728,0.0,96
TD,1947,heat,historical,0.09277948689583333,0.5437628,0.0,96
TD,1948,heat,historical,0.06945409171666667,0.46729606,0.0,96
TD,1949,heat,historical,0.06338622829166667,0.47577816,0.0,96
TD,1950,heat,historical,0.06035561130041667,0.41958696,0.0,96
TD,1951,heat,historical,0.07977660768854167,0.512671,0.0,96
TD,1952,heat,historical,0.07285076580354166,0.50789464,0.0,96
TD,1953,heat,historical,0.06336206809166667,0.39830792,0.0,96
TD,1954,heat,historical,0.06364016799583333,0.52557117,0.0,96
TD,1955,heat,historical,0.07712766753125,0.43258777,0.0,96
TD,1956,heat,historical,0.07765187155625,0.47604555,0.0,96
TD,1957,heat,historical,0.08712144297916667,0.51722693,0.0,96
TD,1958,heat,historical,0.07510952867395833,0.52238417,0.0,96
TD,1959,heat,historical,0.06556507201979167,0.4146862,0.0,96
TD,1960,heat,historical,0.07472475650625,0.47801223,0.0,96
TD,1961,heat,historical,0.08334394221875001,0.48658,0.0,96
TD,1962,heat,historical,0.0719655814375,0.5337523,0.0,96
TD,1963,heat,historical,0.033772328181041665,0.3509782,0.0,96
TD,1964,heat,historical,0.060407159927083336,0.3862987,0.0,96
TD,1965,heat,historical,0.07859162790166667,0.49898878,0.0,96
TD,1966,heat,historical,0.054066261176041665,0.42635322,0.0,96
TD,1967,heat,historical,0.06059229000416667,0.43995285,0.0,96
TD,1968,heat,historical,0.0837731613715625,0.51487154,0.0,96
TD,1969,heat,historical,0.08855766236145833,0.53070724,0.0,96
TD,1970,heat,historical,0.064611815096875,0.4518067,0.0,96
TD,1971,heat,historical,0.050577512243125004,0.4038002,0.0,96
TD,1972,heat,historical,0.05043482294385417,0.3373445,0.0,96
TD,1973,heat,historical,0.06809245070416667,0.4544093,0.0,96
TD,1974,heat,historical,0.057720052709375,0.51115084,0.0,96
TD,1975,heat,historical,0.057505822176666666,0.5247876,0.0,96
TD,1976,heat,historical,0.06543961675104167,0.4330601,0.0,96
TD,1977,heat,historical,0.10008057405833333,0.58296925,0.0,96
TD,1978,heat,historical,0.066038636421875,0.4221684,0.0,96
TD,1979,heat,historical,0.05798337601041667,0.45247462,0.0,96
TD,1980,heat,historical,0.08020601587125,0.53092825,0.0,96
TD,1981,heat,historical,0.075459013665625,0.4821005,0.0,96
TD,1982,heat,historical,0.05972797925,0.38153732,0.0,96
TD,1983,heat,historical,0.04874025304270833,0.3336305,0.0,96
TD,1984,heat,historical,0.064813195278125,0.41107544,0.0,96
TD,1985,heat,historical,0.08746674758645834,0.44054955,0.0,96
TD,1986,heat,historical,0.046893287347916666,0.36932522,0.0,96
TD,1987,heat,historical,0.052974373434375,0.4625925,0.0,96
TD,1988,heat,historical,0.08684180004791665,0.4778063,0.0,96
TD,1989,heat,historical,0.07579464570208333,0.48470724,0.0,96
TD,1990,heat,historical,0.057166044061250004,0.4753616,0.0,96
TD,1991,heat,historical,0.061277139264583336,0.45310748,0.0,96
TD,1992,heat,historical,0.06877657799374999,0.4610398,0.0,96
TD,1993,heat,historical,0.07256095088020834,0.46520495,0.0,96
TD,1994,heat,historical,0.08638654482500001,0.51980376,0.0,96
TD,1995,heat,historical,0.06765252036354166,0.41403788,0.0,96
TD,1996,heat,historical,0.05892253515833334,0.3865413,0.0,96
TD,1997,heat,historical,0.08811781260208333,0.47495535,0.0,96
TD,1998,heat,historical,0.08546243932083335,0.5395899,0.0,96
TD,1999,heat,historical,0.06989734708958333,0.42681724,0.0,96
TD,2000,heat,historical,0.07730992020625001,0.5604416,0.0,96
TD,2001,heat,historical,0.093933264983125,0.4573738,0.0,96
TD,2002,heat,historical,0.1127172638703125,0.53330374,0.0,96
TD,2003,heat,historical,0.056420778724583336,0.48434284,0.0,96
TD,2004,heat,historical,0.07255757451770833,0.44497538,0.0,96
TD,2005,heat,historical,0.06639662704708334,0.48795927,0.0,96
TD,2006,heat,historical,0.10742040281239583,0.53691447,0.0,96
TD,2007,heat,historical,0.08781637866333332,0.523414,0.0,96
TD,2008,heat,historical,0.09140533806697916,0.48667914,0.0,96
TD,2009,heat,historical,0.09571334627031251,0.49318057,0.0,96
TD,2010,heat,historical,0.11008372856875,0.5424409,0.0,96
TD,2011,heat,historical,0.08342782414822918,0.40524608,0.0,96
TD,2012,heat,historical,0.0703433902625,0.49741644,0.0,96
TD,2013,heat,historical,0.08442902306770833,0.5319978,0.0,96
TD,2014,heat,historical,0.09261840862604166,0.6182908,0.0,96
TF,1850,heat,historical,0.0,0.0,0.0,780
TF,1851,heat,historical,0.0,0.0,0.0,780
TF,1852,heat,historical,0.0,0.0,0.0,780
TF,1853,heat,historical,0.0,0.0,0.0,780
TF,1854,heat,historical,0.0,0.0,0.0,780
TF,1855,heat,historical,0.0,0.0,0.0,780
TF,1856,heat,historical,0.0,0.0,0.0,780
TF,1857,heat,historical,0.0,0.0,0.0,780
TF,1858,heat,historical,0.0,0.0,0.0,780
TF,1859,heat,historical,0.0,0.0,0.0,780
TF,1860,heat,historical,0.0,0.0,0.0,780
TF,1861,heat,historical,0.0,0.0,0.0,780
TF,1862,heat,historical,0.0,0.0,0.0,780
TF,1863,heat,historical,0.0,0.0,0.0,780
TF,1864,heat,historical,0.0,0.0,0.0,780
TF,1865,heat,historical,0.0,0.0,0.0,780
TF,1866,heat,historical,0.0,0.0,0.0,780
TF,1867,heat,historical,0.0,0.0,0.0,780
TF,1868,heat,historical,0.0,0.0,0.0,780
TF,1869,heat,historical,0.0,0.0,0.0,780
TF,1870,heat,historical,0.0,0.0,0.0,780
TF,1871,heat,historical,0.0,0.0,0.0,780
TF,1872,heat,historical,0.0,0.0,0.0,780
TF,1873,heat,historical,0.0,0.0,0.0,780
TF,1874,heat,historical,0.0,0.0,0.0,780
TF,1875,heat,historical,0.0,0.0,0.0,780
TF,1876,heat,historical,0.0,0.0,0.0,780
TF,1877,heat,historical,0.0,0.0,0.0,780
TF,1878,heat,historical,0.0,0.0,0.0,780
TF,1879,heat,historical,0.0,0.0,0.0,780
TF,1880,heat,historical,0.0,0.0,0.0,780
TF,1881,heat,historical,0.0,0.0,0.0,780
TF,1882,heat,historical,0.0,0.0,0.0,780
TF,1883,heat,historical,0.0,0.0,0.0,780
TF,1884,heat,historical,0.0,0.0,0.0,780
TF,1885,heat,historical,0.0,0.0,0.0,780
TF,1886,heat,historical,0.0,0.0,0.0,780
TF,1887,heat,historical,0.0,0.0,0.0,780
TF,1888,heat,historical,0.0,0.0,0.0,780
TF,1889,heat,historical,0.0,0.0,0.0,780
TF,1890,heat,historical,0.0,0.0,0.0,780
TF,1891,heat,historical,0.0,0.0,0.0,780
TF,1892,heat,historical,0.0,0.0,0.0,780
TF,1893,heat,historical,0.0,0.0,0.0,780
TF,1894,heat,historical,0.0,0.0,0.0,780
TF,1895,heat,historical,0.0,0.0,0.0,780
TF,1896,heat,historical,0.0,0.0,0.0,780
TF,1897,heat,historical,0.0,0.0,0.0,780
TF,1898,heat,historical,0.0,0.0,0.0,780
TF,1899,heat,historical,0.0,0.0,0.0,780
TF,1900,heat,historical,0.0,0.0,0.0,780
TF,1901,heat,historical,0.0,0.0,0.0,780
TF,1902,heat,historical,0.0,0.0,0.0,780
TF,1903,heat,historical,0.0,0.0,0.0,780
TF,1904,heat,historical,0.0,0.0,0.0,780
TF,1905,heat,historical,0.0,0.0,0.0,780
TF,1906,heat,historical,0.0,0.0,0.0,780
TF,1907,heat,historical,0.0,0.0,0.0,780
TF,1908,heat,historical,0.0,0.0,0.0,780
TF,1909,heat,historical,0.0,0.0,0.0,780
TF,1910,heat,historical,0.0,0.0,0.0,780
TF,1911,heat,historical,0.0,0.0,0.0,780
TF,1912,heat,historical,0.0,0.0,0.0,780
TF,1913,heat,historical,0.0,0.0,0.0,780
TF,1914,heat,historical,0.0,0.0,0.0,780
TF,1915,heat,historical,0.0,0.0,0.0,780
TF,1916,heat,historical,0.0,0.0,0.0,780
TF,1917,heat,historical,0.0,0.0,0.0,780
TF,1918,heat,historical,0.0,0.0,0.0,780
TF,1919,heat,historical,0.0,0.0,0.0,780
TF,1920,heat,historical,0.0,0.0,0.0,780
TF,1921,heat,historical,0.0,0.0,0.0,780
TF,1922,heat,historical,0.0,0.0,0.0,780
TF,1923,heat,historical,0.0,0.0,0.0,780
TF,1924,heat,historical,0.0,0.0,0.0,780
TF,1925,heat,historical,0.0,0.0,0.0,780
TF,1926,heat,historical,0.0,0.0,0.0,780
TF,1927,heat,historical,0.0,0.0,0.0,780
TF,1928,heat,historical,0.0,0.0,0.0,780
TF,1929,heat,historical,0.0,0.0,0.0,780
TF,1930,heat,historical,0.0,0.0,0.0,780
TF,1931,heat,historical,0.0,0.0,0.0,780
TF,1932,heat,historical,0.0,0.0,0.0,780
TF,1933,heat,historical,0.0,0.0,0.0,780
TF,1934,heat,historical,0.0,0.0,0.0,780
TF,1935,heat,historical,0.0,0.0,0.0,780
TF,1936,heat,historical,0.0,0.0,0.0,780
TF,1937,heat,historical,0.0,0.0,0.0,780
TF,1938,heat,historical,0.0,0.0,0.0,780
TF,1939,heat,historical,0.0,0.0,0.0,780
TF,1940,heat,historical,0.0,0.0,0.0,780
TF,1941,heat,historical,0.0,0.0,0.0,780
TF,1942,heat,historical,0.0,0.0,0.0,780
TF,1943,heat,historical,0.0,0.0,0.0,780
TF,1944,heat,historical,0.0,0.0,0.0,780
TF,1945,heat,historical,0.0,0.0,0.0,780
TF,1946,heat,historical,0.0,0.0,0.0,780
TF,1947,heat,historical,0.0,0.0,0.0,780
TF,1948,heat,historical,0.0,0.0,0.0,780
TF,1949,heat,historical,0.0,0.0,0.0,780
TF,1950,heat,historical,0.0,0.0,0.0,780
TF,1951,heat,historical,0.0,0.0,0.0,780
TF,1952,heat,historical,0.0,0.0,0.0,780
TF,1953,heat,historical,0.0,0.0,0.0,780
TF,1954,heat,historical,0.0,0.0,0.0,780
TF,1955,heat,historical,0.0,0.0,0.0,780
TF,1956,heat,historical,0.0,0.0,0.0,780
TF,1957,heat,historical,0.0,0.0,0.0,780
TF,1958,heat,historical,0.0,0.0,0.0,780
TF,1959,heat,historical,0.0,0.0,0.0,780
TF,1960,heat,historical,0.0,0.0,0.0,780
TF,1961,heat,historical,0.0,0.0,0.0,780
TF,1962,heat,historical,0.0,0.0,0.0,780
TF,1963,heat,historical,0.0,0.0,0.0,780
TF,1964,heat,historical,0.0,0.0,0.0,780
TF,1965,heat,historical,0.0,0.0,0.0,780
TF,1966,heat,historical,0.0,0.0,0.0,780
TF,1967,heat,historical,0.0,0.0,0.0,780
TF,1968,heat,historical,0.0,0.0,0.0,780
TF,1969,heat,historical,0.0,0.0,0.0,780
TF,1970,heat,historical,0.0,0.0,0.0,780
TF,1971,heat,historical,0.0,0.0,0.0,780
TF,1972,heat,historical,0.0,0.0,0.0,780
TF,1973,heat,historical,0.0,0.0,0.0,780
TF,1974,heat,historical,0.0,0.0,0.0,780
TF,1975,heat,historical,0.0,0.0,0.0,780
TF,1976,heat,historical,0.0,0.0,0.0,780
TF,1977,heat,historical,0.0,0.0,0.0,780
TF,1978,heat,historical,0.0,0.0,0.0,780
TF,1979,heat,historical,0.0,0.0,0.0,780
TF,1980,heat,historical,0.0,0.0,0.0,780
TF,1981,heat,historical,0.0,0.0,0.0,780
TF,1982,heat,historical,0.0,0.0,0.0,780
TF,1983,heat,historical,0.0,0.0,0.0,780
TF,1984,heat,historical,0.0,0.0,0.0,780
TF,1985,heat,historical,0.0,0.0,0.0,780
TF,1986,heat,historical,0.0,0.0,0.0,780
TF,1987,heat,historical,0.0,0.0,0.0,780
TF,1988,heat,historical,0.0,0.0,0.0,780
TF,1989,heat,historical,0.0,0.0,0.0,780
TF,1990,heat,historical,0.0,0.0,0.0,780
TF,1991,heat,historical,0.0,0.0,0.0,780
TF,1992,heat,historical,0.0,0.0,0.0,780
TF,1993,heat,historical,0.0,0.0,0.0,780
TF,1994,heat,historical,0.0,0.0,0.0,780
TF,1995,heat,historical,0.0,0.0,0.0,780
TF,1996,heat,historical,0.0,0.0,0.0,780
TF,1997,heat,historical,0.0,0.0,0.0,780
TF,1998,heat,historical,0.0,0.0,0.0,780
TF,1999,heat,historical,0.0,0.0,0.0,780
TF,2000,heat,historical,0.0,0.0,0.0,780
TF,2001,heat,historical,0.0,0.0,0.0,780
TF,2002,heat,historical,0.0,0.0,0.0,780
TF,2003,heat,historical,0.0,0.0,0.0,780
TF,2004,heat,historical,0.0,0.0,0.0,780
TF,2005,heat,historical,0.0,0.0,0.0,780
TF,2006,heat,historical,0.0,0.0,0.0,780
TF,2007,heat,historical,0.0,0.0,0.0,780
TF,2008,heat,historical,0.0,0.0,0.0,780
TF,2009,heat,historical,0.0,0.0,0.0,780
TF,2010,heat,historical,0.0,0.0,0.0,780
TF,2011,heat,historical,0.0,0.0,0.0,780
TF,2012,heat,historical,0.0,0.0,0.0,780
TF,2013,heat,historical,0.0,0.0,0.0,780
TF,2014,heat,historical,0.0,0.0,0.0,780
TH,1850,heat,historical,0.00011990732499999999,0.0057555516,0.0,48
TH,1851,heat,historical,0.0016779928179166666,0.05578704,0.0,48
TH,1852,heat,historical,0.0014561481041666666,0.04913073,0.0,48
TH,1853,heat,historical,0.009272556645833333,0.17383468,0.0,48
TH,1854,heat,historical,0.00044827056250000005,0.013166534,0.0,48
TH,1855,heat,historical,0.0,0.0,0.0,48
TH,1856,heat,historical,0.0011025882291666666,0.036270816,0.0,48
TH,1857,heat,historical,0.0015140047808333333,0.028621353,0.0,48
TH,1858,heat,historical,0.0027611914375,0.07365764,0.0,48
TH,1859,heat,historical,0.00041492236875,0.008118167,0.0,48
TH,1860,heat,historical,4.690903541666667e-05,0.0022516337,0.0,48
TH,1861,heat,historical,4.450013541666667e-05,0.0021360065,0.0,48
TH,1862,heat,historical,0.008329268210416666,0.19106057,0.0,48
TH,1863,heat,historical,0.0012177100166666668,0.021780763,0.0,48
TH,1864,heat,historical,0.0011539278958333334,0.045406915,0.0,48
TH,1865,heat,historical,0.0012576718791666665,0.039948173,0.0,48
TH,1866,heat,historical,0.0006832781710416667,0.017748263,0.0,48
TH,1867,heat,historical,0.0022885630729166666,0.039199695,0.0,48
TH,1868,heat,historical,0.004639542504166667,0.06558077,0.0,48
TH,1869,heat,historical,0.0,0.0,0.0,48
TH,1870,heat,historical,0.0003612167833333333,0.011967934,0.0,48
TH,1871,heat,historical,0.0035104025479166666,0.060938127,0.0,48
TH,1872,heat,historical,0.0032905365979166664,0.071432844,0.0,48
TH,1873,heat,historical,0.0006003861916666666,0.010814759,0.0,48
TH,1874,heat,historical,0.0,0.0,0.0,48
TH,1875,heat,historical,0.0007226916999999999,0.022640225,0.0,48
TH,1876,heat,historical,0.004682322083333333,0.09100018,0.0,48
TH,1877,heat,historical,0.00014011413541666667,0.0047226497,0.0,48
TH,1878,heat,historical,0.0,0.0,0.0,48
TH,1879,heat,historical,0.0025261838958333333,0.09809628,0.0,48
TH,1880,heat,historical,0.003403679722916667,0.03627288,0.0,48
TH,1881,heat,historical,0.0011258276250000001,0.023659188,0.0,48
TH,1882,heat,historical,0.00021249943749999999,0.010199973,0.0,48
TH,1883,heat,historical,1.5668607291666665e-05,0.00075209315,0.0,48
TH,1884,heat,historical,0.0025969021458333336,0.0938893,0.0,48
TH,1885,heat,historical,0.0051181285833333335,0.091710456,0.0,48
TH,1886,heat,historical,0.00134545697,0.02662833,0.0,48
TH,1887,heat,historical,0.0,0.0,0.0,48
TH,1888,heat,historical,0.0,0.0,0.0,48
TH,1889,heat,historical,0.0005934713541666667,0.019449634,0.0,48
TH,1890,heat,historical,0.010593624410416667,0.16778699,0.0,48
TH,1891,heat,historical,0.006806477333333334,0.17327204,0.0,48
TH,1892,heat,historical,0.002778494733333333,0.034225143,0.0,48
TH,1893,heat,historical,0.0,0.0,0.0,48
TH,1894,heat,historical,0.0002277163791666667,0.0082776705,0.0,48
TH,1895,heat,historical,0.009572411491666667,0.15988407,0.0,48
TH,1896,heat,historical,0.0006763740833333334,0.016622446,0.0,48
TH,1897,heat,historical,0.0,0.0,0.0,48
TH,1898,heat,historical,0.0,0.0,0.0,48
TH,1899,heat,historical,0.012723640520833334,0.1945939,0.0,48
TH,1900,heat,historical,0.0038798784583333333,0.09164645,0.0,48
TH,1901,heat,historical,0.0,0.0,0.0,48
TH,1902,heat,historical,0.0021292422791666667,0.041186005,0.0,48
TH,1903,heat,historical,2.0895060416666664e-05,0.0010029629,0.0,48
TH,1904,heat,historical,0.0015222422916666666,0.05912629,0.0,48
TH,1905,heat,historical,0.00026889351458333333,0.0073665897,0.0,48
TH,1906,heat,historical,0.000519440675,0.01809979,0.0,48
TH,1907,heat,historical,0.00015738508958333333,0.0044227415,0.0,48
TH,1908,heat,historical,0.0,0.0,0.0,48
TH,1909,heat,historical,0.004801229060416667,0.103441454,0.0,48
TH,1910,heat,historical,0.0031199025687499997,0.038943663,0.0,48
TH,1911,heat,historical,0.0003452470708333333,0.0070708115,0.0,48
TH,1912,heat,historical,0.0037231277812499997,0.081792325,0.0,48
TH,1913,heat,historical,0.003650269270833333,0.05301663,0.0,48
TH,1914,heat,historical,0.006256151479166666,0.116061345,0.0,48
TH,1915,heat,historical,0.0024404420666666667,0.06137844,0.0,48
TH,1916,heat,historical,0.0,0.0,0.0,48
TH,1917,heat,historical,0.00019894937500000001,0.00954957,0.0,48
TH,1918,heat,historical,0.0018019435875000001,0.05274821,0.0,48
TH,1919,heat,historical,0.0091069130625,0.12952417,0.0,48
TH,1920,heat,historical,0.0006958281104166667,0.016512496,0.0,48
TH,1921,heat,historical,0.001329551825,0.035631254,0.0,48
TH,1922,heat,historical,0.00039785573333333337,0.011917347,0.0,48
TH,1923,heat,historical,0.009995614677083332,0.2002581,0.0,48
TH,1924,heat,historical,0.0,0.0,0.0,48
TH,1925,heat,historical,0.0,0.0,0.0,48
TH,1926,heat,historical,0.0,0.0,0.0,48
TH,1927,heat,historical,0.006458413041666666,0.121872135,0.0,48
TH,1928,heat,historical,4.676923333333334e-05,0.0013854619,0.0,48
TH,1929,heat,historical,0.00010701325,0.005136636,0.0,48
TH,1930,heat,historical,0.0056123296354166664,0.07928879,0.0,48
TH,1931,heat,historical,0.004534034683333334,0.07783312,0.0,48
TH,1932,heat,historical,0.006523571566666666,0.0861237,0.0,48
TH,1933,heat,historical,0.0,0.0,0.0,48
TH,1934,heat,historical,0.0,0.0,0.0,48
TH,1935,heat,historical,0.005974127085833334,0.078764334,0.0,48
TH,1936,heat,historical,0.00029424075208333336,0.006579396,0.0,48
TH,1937,heat,historical,0.003780070647291667,0.13566843,0.0,48
TH,1938,heat,historical,0.00406508415625,0.11470995,0.0,48
TH,1939,heat,historical,0.010988296779166665,0.12521087,0.0,48
TH,1940,heat,historical,0.001900256870833333,0.062078398,0.0,48
TH,1941,heat,historical,0.0,0.0,0.0,48
TH,1942,heat,historical,0.0038571121666666672,0.065164715,0.0,48
TH,1943,heat,historical,0.0020784296072916667,0.06954875,0.0,48
TH,1944,heat,historical,0.008283800383333333,0.11846835,0.0,48
TH,1945,heat,historical,0.0048331576886666665,0.08123122,0.0,48
TH,1946,heat,historical,4.585514166666667e-05,0.0022010468,0.0,48
TH,1947,heat,historical,0.006803961229166666,0.106030166,0.0,48
TH,1948,heat,historical,0.0061599675125000005,0.15285507,0.0,48
TH,1949,heat,historical,0.0,0.0,0.0,48
TH,1950,heat,historical,0.0025693183166666665,0.088110015,0.0,48
TH,1951,heat,historical,0.007821872131666666,0.15518619,0.0,48
TH,1952,heat,historical,0.00379309361875,0.08585838,0.0,48
TH,1953,heat,historical,0.0,0.0,0.0,48
TH,1954,heat,historical,0.0,0.0,0.0,48
TH,1955,heat,historical,0.004153826414583333,0.084064096,0.0,48
TH,1956,heat,historical,0.0040859684,0.067668766,0.0,48
TH,1957,heat,historical,0.004233535152083333,0.053363,0.0,48
TH,1958,heat,historical,0.0041205104916666666,0.0976792,0.0,48
TH,1959,heat,historical,1.8819535416666667e-06,9.033377e-05,0.0,48
TH,1960,heat,historical,0.007574304035416667,0.13396809,0.0,48
TH,1961,heat,historical,0.00738840994375,0.13991514,0.0,48
TH,1962,heat,historical,6.46961875e-05,0.003105417,0.0,48
TH,1963,heat,historical,7.52028625e-05,0.0036097374,0.0,48
TH,1964,heat,historical,0.0,0.0,0.0,48
TH,1965,heat,historical,0.0002639036633333333,0.008717467,0.0,48
TH,1966,heat,historical,0.0,0.0,0.0,48
TH,1967,heat,historical,0.0,0.0,0.0,48
TH,1968,heat,historical,0.011603275979166666,0.1990884,0.0,48
TH,1969,heat,historical,0.0020917967229166666,0.04728276,0.0,48
TH,1970,heat,historical,0.0004159117479166667,0.018690832,0.0,48
TH,1971,heat,historical,0.0008721187916666666,0.038060457,0.0,48
TH,1972,heat,historical,0.00024109437645833333,0.006326977,0.0,48
TH,1973,heat,historical,0.005889374820833334,0.13332543,0.0,48
TH,1974,heat,historical,0.0,0.0,0.0,48
TH,1975,heat,historical,0.0,0.0,0.0,48
TH,1976,heat,historical,0.0013887312375000002,0.061751653,0.0,48
TH,1977,heat,historical,0.0033751385208333332,0.04462798,0.0,48
TH,1978,heat,historical,0.003292633440833333,0.12559387,0.0,48
TH,1979,heat,historical,0.0014147881458333334,0.04388621,0.0,48
TH,1980,heat,historical,0.0072990655833333334,0.1038348,0.0,48
TH,1981,heat,historical,3.1778131250000004e-05,0.0015253503,0.0,48
TH,1982,heat,historical,0.0,0.0,0.0,48
TH,1983,heat,historical,0.0,0.0,0.0,48
TH,1984,heat,historical,0.005969922343750001,0.1717467,0.0,48
TH,1985,heat,historical,0.010514528430208335,0.11945583,0.0,48
TH,1986,heat,historical,0.0,0.0,0.0,48
TH,1987,heat,historical,0.0,0.0,0.0,48
TH,1988,heat,historical,0.003434436104166667,0.11464749,0.0,48
TH,1989,heat,historical,0.00045880951875000006,0.017315177,0.0,48
TH,1990,heat,historical,0.0005219571458333333,0.025053943,0.0,48
TH,1991,heat,historical,0.0,0.0,0.0,48
TH,1992,heat,historical,9.695824999999999e-05,0.004653996,0.0,48
TH,1993,heat,historical,0.0009781104583333332,0.033795673,0.0,48
TH,1994,heat,historical,0.0070561964375,0.14469972,0.0,48
TH,1995,heat,historical,0.0010849623333333335,0.031343237,0.0,48
TH,1996,heat,historical,0.0009160489625,0.021825671,0.0,48
TH,1997,heat,historical,0.0061015407270833336,0.12193717,0.0,48
TH,1998,heat,historical,0.007433232560416667,0.14114213,0.0,48
TH,1999,heat,historical,0.0015542247083333335,0.053061537,0.0,48
TH,2000,heat,historical,0.0021045833708333334,0.07488257,0.0,48
TH,2001,heat,historical,0.0042699052208333334,0.06390314,0.0,48
TH,2002,heat,historical,0.0027817854458333335,0.04092791,0.0,48
TH,2003,heat,historical,0.0,0.0,0.0,48
TH,2004,heat,historical,0.0,0.0,0.0,48
TH,2005,heat,historical,0.004965668889583333,0.11930407,0.0,48
TH,2006,heat,historical,0.0065907301375000005,0.10324995,0.0,48
TH,2007,heat,historical,0.005480721918750001,0.0792031,0.0,48
TH,2008,heat,historical,0.006230836075,0.15756273,0.0,48
TH,2009,heat,historical,0.01667824954375,0.15706979,0.0,48
TH,2010,heat,historical,0.005759412504166666,0.06381591,0.0,48
TH,2011,heat,historical,2.8541170833333333e-05,0.0013699762,0.0,48
TH,2012,heat,historical,0.0005046754166666667,0.014867906,0.0,48
TH,2013,heat,historical,0.0030641537979166668,0.061027948,0.0,48
TH,2014,heat,historical,0.015133412366666668,0.17952417,0.0,48
TL,1850,heat,historical,1.5227692916666667e-05,0.00036546463,0.0,24
TL,1851,heat,historical,1.9808905e-05,0.00047541372,0.0,24
TL,1852,heat,historical,7.583735e-05,0.0018200964,0.0,24
TL,1853,heat,historical,0.0006041178375,0.00884858,0.0,24
TL,1854,heat,historical,0.0,0.0,0.0,24
TL,1855,heat,historical,0.0,0.0,0.0,24
TL,1856,heat,historical,2.9681095833333334e-05,0.0007123463,0.0,24
TL,1857,heat,historical,1.9830413750000002e-05,0.00047592993,0.0,24
TL,1858,heat,historical,3.981138208333333e-05,0.00095547317,0.0,24
TL,1859,heat,historical,0.0,0.0,0.0,24
TL,1860,heat,historical,0.0,0.0,0.0,24
TL,1861,heat,historical,0.0,0.0,0.0,24
TL,1862,heat,historical,0.00012177852916666666,0.0029226847,0.0,24
TL,1863,heat,historical,3.806923166666667e-05,0.00091366156,0.0,24
TL,1864,heat,historical,0.0,0.0,0.0,24
TL,1865,heat,historical,8.684946666666668e-05,0.0020843872,0.0,24
TL,1866,heat,historical,8.203166666666667e-05,0.00196876,0.0,24
TL,1867,heat,historical,0.00019286260416666667,0.0046287025,0.0,24
TL,1868,heat,historical,0.000140641075,0.0017963515,0.0,24
TL,1869,heat,historical,0.0,0.0,0.0,24
TL,1870,heat,historical,0.0,0.0,0.0,24
TL,1871,heat,historical,0.0,0.0,0.0,24
TL,1872,heat,historical,0.0004269776166666666,0.009953749,0.0,24
TL,1873,heat,historical,0.002215435754166667,0.037042525,0.0,24
TL,1874,heat,historical,0.0,0.0,0.0,24
TL,1875,heat,historical,0.0,0.0,0.0,24
TL,1876,heat,historical,5.398517916666667e-06,0.00012956443,0.0,24
TL,1877,heat,historical,0.00032941712499999997,0.007906011,0.0,24
TL,1878,heat,historical,0.0,0.0,0.0,24
TL,1879,heat,historical,0.0,0.0,0.0,24
TL,1880,heat,historical,0.0005390130375,0.011077502,0.0,24
TL,1881,heat,historical,0.0007721816666666666,0.010541693,0.0,24
TL,1882,heat,historical,0.0,0.0,0.0,24
TL,1883,heat,historical,0.0,0.0,0.0,24
TL,1884,heat,historical,0.0,0.0,0.0,24
TL,1885,heat,historical,0.0,0.0,0.0,24
TL,1886,heat,historical,0.0,0.0,0.0,24
TL,1887,heat,historical,0.0,0.0,0.0,24
TL,1888,heat,historical,0.0,0.0,0.0,24
TL,1889,heat,historical,0.0,0.0,0.0,24
TL,1890,heat,historical,0.0,0.0,0.0,24
TL,1891,heat,historical,9.491498333333335e-05,0.0022779596,0.0,24
TL,1892,heat,historical,0.001565032625,0.016061345,0.0,24
TL,1893,heat,historical,0.0,0.0,0.0,24
TL,1894,heat,historical,0.00026738797083333333,0.0064173113,0.0,24
TL,1895,heat,historical,0.000884088,0.011393411,0.0,24
TL,1896,heat,historical,0.0003501078979166667,0.007604039,0.0,24
TL,1897,heat,historical,0.0,0.0,0.0,24
TL,1898,heat,historical,0.0,0.0,0.0,24
TL,1899,heat,historical,5.850187083333333e-06,0.00014040449,0.0,24
TL,1900,heat,historical,0.0,0.0,0.0,24
TL,1901,heat,historical,1.7077384166666668e-05,0.00040985722,0.0,24
TL,1902,heat,historical,0.00015550313666666668,0.0018009973,0.0,24
TL,1903,heat,historical,0.0002968754791666667,0.005475775,0.0,24
TL,1904,heat,historical,0.0,0.0,0.0,24
TL,1905,heat,historical,0.0,0.0,0.0,24
TL,1906,heat,historical,0.0,0.0,0.0,24
TL,1907,heat,historical,0.0,0.0,0.0,24
TL,1908,heat,historical,0.0,0.0,0.0,24
TL,1909,heat,historical,0.00016673033333333332,0.004001528,0.0,24
TL,1910,heat,historical,0.0,0.0,0.0,24
TL,1911,heat,historical,0.0,0.0,0.0,24
TL,1912,heat,historical,0.0,0.0,0.0,24
TL,1913,heat,historical,0.00027667941666666666,0.006640306,0.0,24
TL,1914,heat,historical,0.0,0.0,0.0,24
TL,1915,heat,historical,0.00017440870833333334,0.004185809,0.0,24
TL,1916,heat,historical,0.00013294119583333333,0.0031905887,0.0,24
TL,1917,heat,historical,0.00017279558333333333,0.004147094,0.0,24
TL,1918,heat,historical,0.0006196896583333334,0.011192612,0.0,24
TL,1919,heat,historical,0.0,0.0,0.0,24
TL,1920,heat,historical,0.00027930341666666667,0.006703282,0.0,24
TL,1921,heat,historical,0.00021850018333333335,0.003940101,0.0,24
TL,1922,heat,historical,0.0,0.0,0.0,24
TL,1923,heat,historical,0.0005257210416666666,0.007586488,0.0,24
TL,1924,heat,historical,0.00011360547500000001,0.0027265314,0.0,24
TL,1925,heat,historical,4.789840416666666e-05,0.0011495617,0.0,24
TL,1926,heat,historical,0.0,0.0,0.0,24
TL,1927,heat,historical,0.00040977120416666666,0.008607002,0.0,24
TL,1928,heat,historical,0.0007624384958333333,0.013687372,0.0,24
TL,1929,heat,historical,0.0,0.0,0.0,24
TL,1930,heat,historical,0.0,0.0,0.0,24
TL,1931,heat,historical,0.0,0.0,0.0,24
TL,1932,heat,historical,0.0004277304166666667,0.01026553,0.0,24
TL,1933,heat,historical,0.00012337011666666668,0.0029608828,0.0,24
TL,1934,heat,historical,0.0,0.0,0.0,24
TL,1935,heat,historical,0.00020454146041666666,0.004443389,0.0,24
TL,1936,heat,historical,6.542745833333333e-05,0.001570259,0.0,24
TL,1937,heat,historical,0.0,0.0,0.0,24
TL,1938,heat,historical,1.3872686250000001e-05,0.00033294447,0.0,24
TL,1939,heat,historical,0.0005777705083333333,0.00597545,0.0,24
TL,1940,heat,historical,0.0006518011791666667,0.007534869,0.0,24
TL,1941,heat,historical,0.0,0.0,0.0,24
TL,1942,heat,historical,0.00014296394166666667,0.0034311346,0.0,24
TL,1943,heat,historical,0.0,0.0,0.0,24
TL,1944,heat,historical,0.00036804559,0.0058489824,0.0,24
TL,1945,heat,historical,0.0004500772708333333,0.008542994,0.0,24
TL,1946,heat,historical,0.000283088825,0.0041661933,0.0,24
TL,1947,heat,historical,0.00018572192083333335,0.0039070644,0.0,24
TL,1948,heat,historical,0.0012273133583333333,0.01677524,0.0,24
TL,1949,heat,historical,0.0,0.0,0.0,24
TL,1950,heat,historical,9.506554166666667e-06,0.0002281573,0.0,24
TL,1951,heat,historical,0.002544960275,0.03581811,0.0,24
TL,1952,heat,historical,0.0007267136791666667,0.011175062,0.0,24
TL,1953,heat,historical,6.5190875e-05,0.001564581,0.0,24
TL,1954,heat,historical,0.0,0.0,0.0,24
TL,1955,heat,historical,0.00038847821666666664,0.004762396,0.0,24
TL,1956,heat,historical,0.00016513875000000002,0.00396333,0.0,24
TL,1957,heat,historical,0.00042762287500000003,0.005563012,0.0,24
TL,1958,heat,historical,0.0003048334583333333,0.007316003,0.0,24
TL,1959,heat,historical,3.953177916666667e-05,0.0009487627,0.0,24
TL,1960,heat,historical,0.00019944406666666666,0.0047866576,0.0,24
TL,1961,heat,historical,0.0,0.0,0.0,24
TL,1962,heat,historical,0.0010773163124999999,0.017460745,0.0,24
TL,1963,heat,historical,0.0,0.0,0.0,24
TL,1964,heat,historical,0.0,0.0,0.0,24
TL,1965,heat,historical,7.196590416666666e-05,0.0017271817,0.0,24
TL,1966,heat,historical,0.0,0.0,0.0,24
TL,1967,heat,historical,0.0,0.0,0.0,24
TL,1968,heat,historical,0.00036903497916666666,0.0088568395,0.0,24
TL,1969,heat,historical,0.002123833075,0.036039047,0.0,24
TL,1970,heat,historical,0.0010370317191666669,0.012770615,0.0,24
TL,1971,heat,historical,0.0,0.0,0.0,24
TL,1972,heat,historical,0.0,0.0,0.0,24
TL,1973,heat,historical,0.0004270636625,0.008422721,0.0,24
TL,1974,heat,historical,0.00021972613333333334,0.0047314246,0.0,24
TL,1975,heat,historical,6.516936666666667e-05,0.0015640648,0.0,24
TL,1976,heat,historical,3.8951060416666665e-05,0.00093482545,0.0,24
TL,1977,heat,historical,0.00018699091666666667,0.004487782,0.0,24
TL,1978,heat,historical,0.0014428454583333332,0.020047387,0.0,24
TL,1979,heat,historical,0.0,0.0,0.0,24
TL,1980,heat,historical,0.00019062575499999998,0.004143997,0.0,24
TL,1981,heat,historical,0.0,0.0,0.0,24
TL,1982,heat,historical,0.0,0.0,0.0,24
TL,1983,heat,historical,0.0,0.0,0.0,24
TL,1984,heat,historical,0.0,0.0,0.0,24
TL,1985,heat,historical,0.0002731951333333333,0.0034522987,0.0,24
TL,1986,heat,historical,0.00024766508333333334,0.005943962,0.0,24
TL,1987,heat,historical,0.0,0.0,0.0,24
TL,1988,heat,historical,8.448358333333334e-05,0.0013890753,0.0,24
TL,1989,heat,historical,0.0008097992291666668,0.013674468,0.0,24
TL,1990,heat,historical,0.00013122055833333335,0.0031492934,0.0,24
TL,1991,heat,historical,0.0,0.0,0.0,24
TL,1992,heat,historical,0.0,0.0,0.0,24
TL,1993,heat,historical,0.0004918458333333333,0.0118043,0.0,24
TL,1994,heat,historical,0.0,0.0,0.0,24
TL,1995,heat,historical,0.0,0.0,0.0,24
TL,1996,heat,historical,0.0,0.0,0.0,24
TL,1997,heat,historical,0.0010573568083333334,0.021903617,0.0,24
TL,1998,heat,historical,0.00035234472916666665,0.006181411,0.0,24
TL,1999,heat,historical,0.00030339241666666665,0.007281418,0.0,24
TL,2000,heat,historical,0.00014709348333333334,0.0035302436,0.0,24
TL,2001,heat,historical,0.0005476592083333334,0.009645065,0.0,24
TL,2002,heat,historical,0.000348602325,0.0056084367,0.0,24
TL,2003,heat,historical,0.0013285086083333333,0.023585372,0.0,24
TL,2004,heat,historical,0.0,0.0,0.0,24
TL,2005,heat,historical,0.0,0.0,0.0,24
TL,2006,heat,historical,0.002767525633333333,0.04586994,0.0,24
TL,2007,heat,historical,0.0007902269166666667,0.010999556,0.0,24
TL,2008,heat,historical,0.0007329940041666667,0.009232111,0.0,24
TL,2009,heat,historical,0.0009194042541666667,0.016573925,0.0,24
TL,2010,heat,historical,0.001993859933333333,0.01769303,0.0,24
TL,2011,heat,historical,0.00196200645,0.021866966,0.0,24
TL,2012,heat,historical,0.000188238375,0.004517721,0.0,24
TL,2013,heat,historical,0.00081304698875,0.019214252,0.0,24
TL,2014,heat,historical,0.0009077468458333335,0.014795123,0.0,24
TM,1850,heat,historical,0.00646110149125,0.17907354,0.0,48
TM,1851,heat,historical,0.006677300083333333,0.08142996,0.0,48
TM,1852,heat,historical,0.015586565052083334,0.15502772,0.0,48
TM,1853,heat,historical,0.013990883908333335,0.25072217,0.0,48
TM,1854,heat,historical,0.008553564849999999,0.16625853,0.0,48
TM,1855,heat,historical,0.011319520565416666,0.16739932,0.0,48
TM,1856,heat,historical,0.00496915294375,0.09567894,0.0,48
TM,1857,heat,historical,0.009007793083333333,0.1696974,0.0,48
TM,1858,heat,historical,0.01446320025,0.23014568,0.0,48
TM,1859,heat,historical,0.007888418052083334,0.1392028,0.0,48
TM,1860,heat,historical,0.005302549427291667,0.12710375,0.0,48
TM,1861,heat,historical,0.003983708520833333,0.09061871,0.0,48
TM,1862,heat,historical,0.02404340816666667,0.20658405,0.0,48
TM,1863,heat,historical,0.009692641608333333,0.16180223,0.0,48
TM,1864,heat,historical,0.014074635500000002,0.24894334,0.0,48
TM,1865,heat,historical,0.001217946609375,0.016921323,0.0,48
TM,1866,heat,historical,0.0016608724250000001,0.02879118,0.0,48
TM,1867,heat,historical,0.0061672046875,0.10016105,0.0,48
TM,1868,heat,historical,0.008911254565833334,0.1386928,0.0,48
TM,1869,heat,historical,0.005447846783333334,0.10980508,0.0,48
TM,1870,heat,historical,0.006963142037499999,0.08300796,0.0,48
TM,1871,heat,historical,0.009863544260416668,0.17201667,0.0,48
TM,1872,heat,historical,0.017336287895833333,0.20342651,0.0,48
TM,1873,heat,historical,0.014377576741666667,0.23861796,0.0,48
TM,1874,heat,historical,0.005620921964583333,0.08301725,0.0,48
TM,1875,heat,historical,0.00269850625,0.036720935,0.0,48
TM,1876,heat,historical,0.0054272851833333325,0.09782166,0.0,48
TM,1877,heat,historical,0.0020013124375,0.048986197,0.0,48
TM,1878,heat,historical,0.0051177950583333335,0.114944294,0.0,48
TM,1879,heat,historical,0.0030124591812499997,0.06113325,0.0,48
TM,1880,heat,historical,0.00964409778125,0.100415535,0.0,48
TM,1881,heat,historical,0.005059422254166667,0.09753363,0.0,48
TM,1882,heat,historical,0.011232993501458332,0.13990533,0.0,48
TM,1883,heat,historical,0.0014929913520833331,0.030100761,0.0,48
TM,1884,heat,historical,7.67299375e-05,0.003683037,0.0,48
TM,1885,heat,historical,0.010059236050000002,0.19404832,0.0,48
TM,1886,heat,historical,0.0012246677583333334,0.046503305,0.0,48
TM,1887,heat,historical,0.006115768479166666,0.11295438,0.0,48
TM,1888,heat,historical,0.004931492474999999,0.06510329,0.0,48
TM,1889,heat,historical,0.002439216208333333,0.050722156,0.0,48
TM,1890,heat,historical,0.0057732959520833335,0.09758577,0.0,48
TM,1891,heat,historical,0.012728813429166666,0.20130132,0.0,48
TM,1892,heat,historical,0.00823148165625,0.15408462,0.0,48
TM,1893,heat,historical,0.006204972875,0.075395145,0.0,48
TM,1894,heat,historical,0.0023587652916666666,0.042213745,0.0,48
TM,1895,heat,historical,0.014815200729166667,0.19827333,0.0,48
TM,1896,heat,historical,0.008624734927083334,0.13867576,0.0,48
TM,1897,heat,historical,0.01400840196875,0.24280323,0.0,48
TM,1898,heat,historical,0.006956119664583333,0.12786151,0.0,48
TM,1899,heat,historical,0.014474674375000001,0.24933463,0.0,48
TM,1900,heat,historical,0.0018553480812500002,0.03331974,0.0,48
TM,1901,heat,historical,0.008279434125,0.16289037,0.0,48
TM,1902,heat,historical,0.006480490854166666,0.08859007,0.0,48
TM,1903,heat,historical,0.00010524959791666667,0.0050519807,0.0,48
TM,1904,heat,historical,0.007267835916666667,0.09678825,0.0,48
TM,1905,heat,historical,0.008529518625,0.16626006,0.0,48
TM,1906,heat,historical,0.0043019415625,0.0691456,0.0,48
TM,1907,heat,historical,0.0008711186541666667,0.036652282,0.0,48
TM,1908,heat,historical,0.010093411895833333,0.17651787,0.0,48
TM,1909,heat,historical,0.006563361485416666,0.10828954,0.0,48
TM,1910,heat,historical,0.0023225134083333333,0.05346933,0.0,48
TM,1911,heat,historical,0.0106727628125,0.20687827,0.0,48
TM,1912,heat,historical,0.0032794599791666663,0.051241443,0.0,48
TM,1913,heat,historical,0.01288490776875,0.17501315,0.0,48
TM,1914,heat,historical,0.007774371479166667,0.13153319,0.0,48
TM,1915,heat,historical,0.0009042410416666667,0.013022,0.0,48
TM,1916,heat,historical,0.001977158895833333,0.04696943,0.0,48
TM,1917,heat,historical,0.0015231886729166668,0.026622137,0.0,48
TM,1918,heat,historical,0.021021829625000002,0.26290122,0.0,48
TM,1919,heat,historical,0.01463479125625,0.20581801,0.0,48
TM,1920,heat,historical,0.004139835327083333,0.056026034,0.0,48
TM,1921,heat,historical,0.003152433410416667,0.04695859,0.0,48
TM,1922,heat,historical,0.004378327354166666,0.08673178,0.0,48
TM,1923,heat,historical,0.013481659125000002,0.15234558,0.0,48
TM,1924,heat,historical,0.009734474520833333,0.13842799,0.0,48
TM,1925,heat,historical,0.006049512895833334,0.10931315,0.0,48
TM,1926,heat,historical,0.003459245516666667,0.0797931,0.0,48
TM,1927,heat,historical,0.018130310208333333,0.2276251,0.0,48
TM,1928,heat,historical,0.006312814104166666,0.07027296,0.0,48
TM,1929,heat,historical,0.003300591702083333,0.05301457,0.0,48
TM,1930,heat,historical,0.005567302416666666,0.0916578,0.0,48
TM,1931,heat,historical,0.007194600979166667,0.123863086,0.0,48
TM,1932,heat,historical,0.005986902666666666,0.1422762,0.0,48
TM,1933,heat,historical,0.0028335982975,0.046616353,0.0,48
TM,1934,heat,historical,0.005665809110416666,0.10907828,0.0,48
TM,1935,heat,historical,0.006292101958333333,0.10975811,0.0,48
TM,1936,heat,historical,0.0034730323750000003,0.058951303,0.0,48
TM,1937,heat,historical,0.005605038283333333,0.10055852,0.0,48
TM,1938,heat,historical,0.011153704027083334,0.16003479,0.0,48
TM,1939,heat,historical,0.024414249679166666,0.22185612,0.0,48
TM,1940,heat,historical,0.002626271475,0.04330859,0.0,48
TM,1941,heat,historical,0.005721181733333333,0.07170282,0.0,48
TM,1942,heat,historical,0.004076892166666666,0.07560627,0.0,48
TM,1943,heat,historical,7.615997208333333e-05,0.00274976,0.0,48
TM,1944,heat,historical,0.014184133207916666,0.23116153,0.0,48
TM,1945,heat,historical,6.129791666666666e-06,0.00029423,0.0,48
TM,1946,heat,historical,0.005027494012500001,0.1108509,0.0,48
TM,1947,heat,historical,0.004460907366666667,0.095128685,0.0,48
TM,1948,heat,historical,0.005145411637500001,0.1251066,0.0,48
TM,1949,heat,historical,0.0009899075770833333,0.024956383,0.0,48
TM,1950,heat,historical,0.005797309647916666,0.10676007,0.0,48
TM,1951,heat,historical,0.003780909166666667,0.05222221,0.0,48
TM,1952,heat,historical,0.0,0.0,0.0,48
TM,1953,heat,historical,0.0028867875624999997,0.085810885,0.0,48
TM,1954,heat,historical,0.003400991166666667,0.08158017,0.0,48
TM,1955,heat,historical,0.0011983097077083334,0.025188668,0.0,48
TM,1956,heat,historical,0.0093668268125,0.17036329,0.0,48
TM,1957,heat,historical,0.0037266552708333333,0.07388425,0.0,48
TM,1958,heat,historical,0.00604822230625,0.08056482,0.0,48
TM,1959,heat,historical,0.0013335415333333332,0.042006236,0.0,48
TM,1960,heat,historical,0.008342829089583333,0.11250219,0.0,48
TM,1961,heat,historical,0.0040381238499999994,0.06873058,0.0,48
TM,1962,heat,historical,3.107911875e-06,0.00014917977,0.0,48
TM,1963,heat,historical,0.0007666648720833333,0.021715207,0.0,48
TM,1964,heat,historical,0.012579429396250001,0.22396374,0.0,48
TM,1965,heat,historical,0.00424925758125,0.058084615,0.0,48
TM,1966,heat,historical,0.005416918458333334,0.11115132,0.0,48
TM,1967,heat,historical,0.007743389104166667,0.1595191,0.0,48
TM,1968,heat,historical,0.00413338295625,0.052627422,0.0,48
TM,1969,heat,historical,0.015990734208333333,0.15187018,0.0,48
TM,1970,heat,historical,0.0010368918916666668,0.026945274,0.0,48
TM,1971,heat,historical,0.004494234145833334,0.101149045,0.0,48
TM,1972,heat,historical,0.006701485708333334,0.12613484,0.0,48
TM,1973,heat,historical,0.0013889031944375,0.031744834,0.0,48
TM,1974,heat,historical,0.0,0.0,0.0,48
TM,1975,heat,historical,0.0070075021874999996,0.17974767,0.0,48
TM,1976,heat,historical,0.0045690390708333336,0.05298411,0.0,48
TM,1977,heat,historical,0.011262750121666667,0.13168238,0.0,48
TM,1978,heat,historical,0.00073357475,0.027331902,0.0,48
TM,1979,heat,historical,0.0009163930833333333,0.022465235,0.0,48
TM,1980,heat,historical,0.0036644109166666665,0.068915375,0.0,48
TM,1981,heat,historical,0.0017961902341666666,0.03473927,0.0,48
TM,1982,heat,historical,0.0,0.0,0.0,48
TM,1983,heat,historical,0.0007352093666666667,0.023344828,0.0,48
TM,1984,heat,historical,0.006614260322916667,0.11550025,0.0,48
TM,1985,heat,historical,0.0030139862708333334,0.038586974,0.0,48
TM,1986,heat,historical,0.0023210831645833333,0.046230756,0.0,48
TM,1987,heat,historical,0.00453475525,0.06442398,0.0,48
TM,1988,heat,historical,0.005987838541666666,0.121326,0.0,48
TM,1989,heat,historical,0.0036795418625,0.05774909,0.0,48
TM,1990,heat,historical,0.00052591459375,0.021746177,0.0,48
TM,1991,heat,historical,0.006492836485416667,0.12024044,0.0,48
TM,1992,heat,historical,0.0004969217583333333,0.011793461,0.0,48
TM,1993,heat,historical,0.0018248497125,0.035198167,0.0,48
TM,1994,heat,historical,0.006106218677083333,0.07555671,0.0,48
TM,1995,heat,historical,0.00243119365625,0.058067065,0.0,48
TM,1996,heat,historical,0.013307938527083334,0.16055253,0.0,48
TM,1997,heat,historical,0.002471865252083333,0.058176495,0.0,48
TM,1998,heat,historical,0.00505419596875,0.09755118,0.0,48
TM,1999,heat,historical,0.0026249488,0.056032233,0.0,48
TM,2000,heat,historical,0.007306206275,0.14444113,0.0,48
TM,2001,heat,historical,0.004170559525,0.07850985,0.0,48
TM,2002,heat,historical,0.008098078356875,0.08125858,0.0,48
TM,2003,heat,historical,0.00014137235416666668,0.006785873,0.0,48
TM,2004,heat,historical,0.0074492561625,0.07872717,0.0,48
TM,2005,heat,historical,0.009874696267708333,0.1207365,0.0,48
TM,2006,heat,historical,0.011287301325,0.20359838,0.0,48
TM,2007,heat,historical,0.0016307289104166664,0.063313134,0.0,48
TM,2008,heat,historical,0.004321309375,0.12566666,0.0,48
TM,2009,heat,historical,0.0048833683093749995,0.09491653,0.0,48
TM,2010,heat,historical,0.007785630864583334,0.121216044,0.0,48
TM,2011,heat,historical,0.012488955545833333,0.12137555,0.0,48
TM,2012,heat,historical,0.012669021229166667,0.18916357,0.0,48
TM,2013,heat,historical,0.006045135885416667,0.07819859,0.0,48
TM,2014,heat,historical,0.00921744258125,0.12540598,0.0,48
TR,1850,heat,historical,0.0,0.0,0.0,60
TR,1851,heat,historical,0.0,0.0,0.0,60
TR,1852,heat,historical,0.0,0.0,0.0,60
TR,1853,heat,historical,0.0,0.0,0.0,60
TR,1854,heat,historical,0.0,0.0,0.0,60
TR,1855,heat,historical,0.0,0.0,0.0,60
TR,1856,heat,historical,0.0,0.0,0.0,60
TR,1857,heat,historical,0.0,0.0,0.0,60
TR,1858,heat,historical,0.0,0.0,0.0,60
TR,1859,heat,historical,0.0,0.0,0.0,60
TR,1860,heat,historical,0.0,0.0,0.0,60
TR,1861,heat,historical,0.0,0.0,0.0,60
TR,1862,heat,historical,0.0,0.0,0.0,60
TR,1863,heat,historical,0.0,0.0,0.0,60
TR,1864,heat,historical,0.0,0.0,0.0,60
TR,1865,heat,historical,0.0,0.0,0.0,60
TR,1866,heat,historical,0.0,0.0,0.0,60
TR,1867,heat,historical,0.0,0.0,0.0,60
TR,1868,heat,historical,0.0,0.0,0.0,60
TR,1869,heat,historical,0.0,0.0,0.0,60
TR,1870,heat,historical,0.0,0.0,0.0,60
TR,1871,heat,historical,0.0,0.0,0.0,60
TR,1872,heat,historical,0.0,0.0,0.0,60
TR,1873,heat,historical,0.0,0.0,0.0,60
TR,1874,heat,historical,0.0,0.0,0.0,60
TR,1875,heat,historical,0.0,0.0,0.0,60
TR,1876,heat,historical,0.0,0.0,0.0,60
TR,1877,heat,historical,0.0,0.0,0.0,60
TR,1878,heat,historical,0.0,0.0,0.0,60
TR,1879,heat,historical,0.0,0.0,0.0,60
TR,1880,heat,historical,0.0,0.0,0.0,60
TR,1881,heat,historical,0.0,0.0,0.0,60
TR,1882,heat,historical,0.0,0.0,0.0,60
TR,1883,heat,historical,0.0,0.0,0.0,60
TR,1884,heat,historical,0.0,0.0,0.0,60
TR,1885,heat,historical,0.0,0.0,0.0,60
TR,1886,heat,historical,0.0,0.0,0.0,60
TR,1887,heat,historical,0.0,0.0,0.0,60
TR,1888,heat,historical,0.0,0.0,0.0,60
TR,1889,heat,historical,0.0,0.0,0.0,60
TR,1890,heat,historical,0.0,0.0,0.0,60
TR,1891,heat,historical,0.0,0.0,0.0,60
TR,1892,heat,historical,0.0,0.0,0.0,60
TR,1893,heat,historical,0.0,0.0,0.0,60
TR,1894,heat,historical,0.0,0.0,0.0,60
TR,1895,heat,historical,0.0,0.0,0.0,60
TR,1896,heat,historical,0.0,0.0,0.0,60
TR,1897,heat,historical,0.0,0.0,0.0,60
TR,1898,heat,historical,0.0,0.0,0.0,60
TR,1899,heat,historical,0.0,0.0,0.0,60
TR,1900,heat,historical,0.0,0.0,0.0,60
TR,1901,heat,historical,0.0,0.0,0.0,60
TR,1902,heat,historical,0.0,0.0,0.0,60
TR,1903,heat,historical,0.0,0.0,0.0,60
TR,1904,heat,historical,0.0,0.0,0.0,60
TR,1905,heat,historical,0.0,0.0,0.0,60
TR,1906,heat,historical,0.0,0.0,0.0,60
TR,1907,heat,historical,0.0,0.0,0.0,60
TR,1908,heat,historical,0.0,0.0,0.0,60
TR,1909,heat,historical,0.0,0.0,0.0,60
TR,1910,heat,historical,0.0,0.0,0.0,60
TR,1911,heat,historical,0.0,0.0,0.0,60
TR,1912,heat,historical,0.0,0.0,0.0,60
TR,1913,heat,historical,0.0,0.0,0.0,60
TR,1914,heat,historical,0.0,0.0,0.0,60
TR,1915,heat,historical,0.0,0.0,0.0,60
TR,1916,heat,historical,0.0,0.0,0.0,60
TR,1917,heat,historical,0.0,0.0,0.0,60
TR,1918,heat,historical,0.0,0.0,0.0,60
TR,1919,heat,historical,0.0,0.0,0.0,60
TR,1920,heat,historical,0.0,0.0,0.0,60
TR,1921,heat,historical,0.0,0.0,0.0,60
TR,1922,heat,historical,0.0,0.0,0.0,60
TR,1923,heat,historical,0.0,0.0,0.0,60
TR,1924,heat,historical,0.0,0.0,0.0,60
TR,1925,heat,historical,0.0,0.0,0.0,60
TR,1926,heat,historical,0.0,0.0,0.0,60
TR,1927,heat,historical,0.0,0.0,0.0,60
TR,1928,heat,historical,0.0,0.0,0.0,60
TR,1929,heat,historical,0.0,0.0,0.0,60
TR,1930,heat,historical,0.0,0.0,0.0,60
TR,1931,heat,historical,0.0,0.0,0.0,60
TR,1932,heat,historical,0.0,0.0,0.0,60
TR,1933,heat,historical,0.0,0.0,0.0,60
TR,1934,heat,historical,0.0,0.0,0.0,60
TR,1935,heat,historical,0.0,0.0,0.0,60
TR,1936,heat,historical,0.0,0.0,0.0,60
TR,1937,heat,historical,0.0,0.0,0.0,60
TR,1938,heat,historical,0.0,0.0,0.0,60
TR,1939,heat,historical,0.0,0.0,0.0,60
TR,1940,heat,historical,0.0,0.0,0.0,60
TR,1941,heat,historical,0.0,0.0,0.0,60
TR,1942,heat,historical,0.0,0.0,0.0,60
TR,1943,heat,historical,0.0,0.0,0.0,60
TR,1944,heat,historical,0.0,0.0,0.0,60
TR,1945,heat,historical,0.0,0.0,0.0,60
TR,1946,heat,historical,0.0,0.0,0.0,60
TR,1947,heat,historical,0.0,0.0,0.0,60
TR,1948,heat,historical,0.0,0.0,0.0,60
TR,1949,heat,historical,0.0,0.0,0.0,60
TR,1950,heat,historical,0.0,0.0,0.0,60
TR,1951,heat,historical,0.0,0.0,0.0,60
TR,1952,heat,historical,0.0,0.0,0.0,60
TR,1953,heat,historical,0.0,0.0,0.0,60
TR,1954,heat,historical,0.0,0.0,0.0,60
TR,1955,heat,historical,0.0,0.0,0.0,60
TR,1956,heat,historical,0.0,0.0,0.0,60
TR,1957,heat,historical,0.0,0.0,0.0,60
TR,1958,heat,historical,0.0,0.0,0.0,60
TR,1959,heat,historical,0.0,0.0,0.0,60
TR,1960,heat,historical,0.0,0.0,0.0,60
TR,1961,heat,historical,0.0,0.0,0.0,60
TR,1962,heat,historical,0.0,0.0,0.0,60
TR,1963,heat,historical,0.0,0.0,0.0,60
TR,1964,heat,historical,0.0,0.0,0.0,60
TR,1965,heat,historical,0.0,0.0,0.0,60
TR,1966,heat,historical,0.0,0.0,0.0,60
TR,1967,heat,historical,0.0,0.0,0.0,60
TR,1968,heat,historical,0.0,0.0,0.0,60
TR,1969,heat,historical,0.0,0.0,0.0,60
TR,1970,heat,historical,0.0,0.0,0.0,60
TR,1971,heat,historical,0.0,0.0,0.0,60
TR,1972,heat,historical,0.0,0.0,0.0,60
TR,1973,heat,historical,0.0,0.0,0.0,60
TR,1974,heat,historical,0.0,0.0,0.0,60
TR,1975,heat,historical,0.0,0.0,0.0,60
TR,1976,heat,historical,0.0,0.0,0.0,60
TR,1977,heat,historical,0.0,0.0,0.0,60
TR,1978,heat,historical,0.0,0.0,0.0,60
TR,1979,heat,historical,0.0,0.0,0.0,60
TR,1980,heat,historical,0.0,0.0,0.0,60
TR,1981,heat,historical,0.0,0.0,0.0,60
TR,1982,heat,historical,0.0,0.0,0.0,60
TR,1983,heat,historical,0.0,0.0,0.0,60
TR,1984,heat,historical,0.0,0.0,0.0,60
TR,1985,heat,historical,0.0,0.0,0.0,60
TR,1986,heat,historical,0.0,0.0,0.0,60
TR,1987,heat,historical,0.0,0.0,0.0,60
TR,1988,heat,historical,0.0,0.0,0.0,60
TR,1989,heat,historical,0.0,0.0,0.0,60
TR,1990,heat,historical,0.0,0.0,0.0,60
TR,1991,heat,historical,0.0,0.0,0.0,60
TR,1992,heat,historical,0.0,0.0,0.0,60
TR,1993,heat,historical,0.0,0.0,0.0,60
TR,1994,heat,historical,0.0,0.0,0.0,60
TR,1995,heat,historical,0.0,0.0,0.0,60
TR,1996,heat,historical,0.0,0.0,0.0,60
TR,1997,heat,historical,0.0,0.0,0.0,60
TR,1998,heat,historical,0.0,0.0,0.0,60
TR,1999,heat,historical,0.0,0.0,0.0,60
TR,2000,heat,historical,0.0,0.0,0.0,60
TR,2001,heat,historical,0.0,0.0,0.0,60
TR,2002,heat,historical,0.0,0.0,0.0,60
TR,2003,heat,historical,0.0,0.0,0.0,60
TR,2004,heat,historical,0.0,0.0,0.0,60
TR,2005,heat,historical,0.0,0.0,0.0,60
TR,2006,heat,historical,0.0,0.0,0.0,60
TR,2007,heat,historical,0.0,0.0,0.0,60
TR,2008,heat,historical,0.0,0.0,0.0,60
TR,2009,heat,historical,0.0,0.0,0.0,60
TR,2010,heat,historical,0.0,0.0,0.0,60
TR,2011,heat,historical,0.0,0.0,0.0,60
TR,2012,heat,historical,0.0,0.0,0.0,60
TR,2013,heat,historical,0.0,0.0,0.0,60
TR,2014,heat,historical,0.0,0.0,0.0,60
TV,1850,heat,historical,0.00500056365526,0.69995713,0.0,3600
TV,1851,heat,historical,0.0042068178866722225,0.57920414,0.0,3600
TV,1852,heat,historical,0.006422301167084167,0.7671082,0.0,3600
TV,1853,heat,historical,0.005793722820666666,0.722345,0.0,3600
TV,1854,heat,historical,0.005328081686255556,0.74286467,0.0,3600
TV,1855,heat,historical,0.00432080807655,0.68658257,0.0,3600
TV,1856,heat,historical,0.005218754122813889,0.65807116,0.0,3600
TV,1857,heat,historical,0.007211762971891666,0.7606723,0.0,3600
TV,1858,heat,historical,0.005845217214338889,0.8179754,0.0,3600
TV,1859,heat,historical,0.004574265877886333,0.7280066,0.0,3600
TV,1860,heat,historical,0.004029778588972222,0.7301395,0.0,3600
TV,1861,heat,historical,0.0044457786585138884,0.7385286,0.0,3600
TV,1862,heat,historical,0.00716863089845,0.6551681,0.0,3600
TV,1863,heat,historical,0.0053188732002036115,0.7270738,0.0,3600
TV,1864,heat,historical,0.004456851408705555,0.67844117,0.0,3600
TV,1865,heat,historical,0.003874830204975,0.6541027,0.0,3600
TV,1866,heat,historical,0.005051275294155555,0.58216757,0.0,3600
TV,1867,heat,historical,0.007178127323650833,0.61799294,0.0,3600
TV,1868,heat,historical,0.006395049231069445,0.7085874,0.0,3600
TV,1869,heat,historical,0.005232260599333334,0.6607884,0.0,3600
TV,1870,heat,historical,0.003973112784772222,0.662783,0.0,3600
TV,1871,heat,historical,0.005548774780345278,0.6726754,0.0,3600
TV,1872,heat,historical,0.007790372754994445,0.7065201,0.0,3600
TV,1873,heat,historical,0.0050385626055,0.75377285,0.0,3600
TV,1874,heat,historical,0.0029619178369083335,0.56972885,0.0,3600
TV,1875,heat,historical,0.005226374969044445,0.65946597,0.0,3600
TV,1876,heat,historical,0.0061532716381,0.8424724,0.0,3600
TV,1877,heat,historical,0.004221137351111111,0.6616123,0.0,3600
TV,1878,heat,historical,0.0029956658224722225,0.6602676,0.0,3600
TV,1879,heat,historical,0.004169648507235,0.6583731,0.0,3600
TV,1880,heat,historical,0.007214834321266667,0.63681746,0.0,3600
TV,1881,heat,historical,0.008255901278296111,0.69141155,0.0,3600
TV,1882,heat,historical,0.005149486758711111,0.6849349,0.0,3600
TV,1883,heat,historical,0.0038605267806055554,0.6677261,0.0,3600
TV,1884,heat,historical,0.0028159599927222224,0.49531245,0.0,3600
TV,1885,heat,historical,0.005305285523727778,0.5404804,0.0,3600
TV,1886,heat,historical,0.005678831953402778,0.75289226,0.0,3600
TV,1887,heat,historical,0.004635090873720528,0.61134124,0.0,3600
TV,1888,heat,historical,0.00359577977685,0.6197666,0.0,3600
TV,1889,heat,historical,0.003890972058438333,0.6633152,0.0,3600
TV,1890,heat,historical,0.005943075410506388,0.6857779,0.0,3600
TV,1891,heat,historical,0.006275207298635,0.6355967,0.0,3600
TV,1892,heat,historical,0.005763469220311112,0.6555981,0.0,3600
TV,1893,heat,historical,0.004204661225257223,0.56831765,0.0,3600
TV,1894,heat,historical,0.004597437019472222,0.57945085,0.0,3600
TV,1895,heat,historical,0.006902035409123889,0.73379827,0.0,3600
TV,1896,heat,historical,0.0050784469805,0.72403604,0.0,3600
TV,1897,heat,historical,0.004354392125138889,0.6433354,0.0,3600
TV,1898,heat,historical,0.005498037178875,0.6594112,0.0,3600
TV,1899,heat,historical,0.006270229854247223,0.70890224,0.0,3600
TV,1900,heat,historical,0.0053113887882277775,0.6217865,0.0,3600
TV,1901,heat,historical,0.005430342464863889,0.6142924,0.0,3600
TV,1902,heat,historical,0.005211787858202778,0.623828,0.0,3600
TV,1903,heat,historical,0.003770149004705556,0.66190904,0.0,3600
TV,1904,heat,historical,0.0035981277134444446,0.68327427,0.0,3600
TV,1905,heat,historical,0.004136355822441666,0.6442212,0.0,3600
TV,1906,heat,historical,0.004468089623068333,0.6288934,0.0,3600
TV,1907,heat,historical,0.005448970904094444,0.63357836,0.0,3600
TV,1908,heat,historical,0.005014038142651112,0.5976658,0.0,3600
TV,1909,heat,historical,0.005717660650644444,0.7279508,0.0,3600
TV,1910,heat,historical,0.004717462637,0.6982176,0.0,3600
TV,1911,heat,historical,0.004385024896433333,0.5736767,0.0,3600
TV,1912,heat,historical,0.00440351331655,0.64734423,0.0,3600
TV,1913,heat,historical,0.004699505193601111,0.6469452,0.0,3600
TV,1914,heat,historical,0.004188443688731945,0.7484328,0.0,3600
TV,1915,heat,historical,0.004716361967,0.69428885,0.0,3600
TV,1916,heat,historical,0.004474034645302778,0.67500436,0.0,3600
TV,1917,heat,historical,0.005035247246233333,0.65073043,0.0,3600
TV,1918,heat,historical,0.006172493623155556,0.724132,0.0,3600
TV,1919,heat,historical,0.007512675124204167,0.70248806,0.0,3600
TV,1920,heat,historical,0.005625511054266666,0.7585332,0.0,3600
TV,1921,heat,historical,0.004455357220597222,0.53913414,0.0,3600
TV,1922,heat,historical,0.004599639993173611,0.687536,0.0,3600
TV,1923,heat,historical,0.005912589597890277,0.6892617,0.0,3600
TV,1924,heat,historical,0.005244800792345834,0.69474566,0.0,3600
TV,1925,heat,historical,0.003996604742840278,0.6436002,0.0,3600
TV,1926,heat,historical,0.005822447145136333,0.64521235,0.0,3600
TV,1927,heat,historical,0.008737564674415556,0.7527802,0.0,3600
TV,1928,heat,historical,0.0046305356010000005,0.646016,0.0,3600
TV,1929,heat,historical,0.0042855162223555555,0.6064199,0.0,3600
TV,1930,heat,historical,0.005210385627725,0.7627102,0.0,3600
TV,1931,heat,historical,0.007342327703877778,0.72028327,0.0,3600
TV,1932,heat,historical,0.006411893924108333,0.66634166,0.0,3600
TV,1933,heat,historical,0.004598504247967223,0.6931052,0.0,3600
TV,1934,heat,historical,0.004536256968916666,0.66566443,0.0,3600
TV,1935,heat,historical,0.005719111314375,0.81866145,0.0,3600
TV,1936,heat,historical,0.006069983925686111,0.70730674,0.0,3600
TV,1937,heat,historical,0.005064825528080555,0.6697965,0.0,3600
TV,1938,heat,historical,0.006857728629572223,0.8296708,0.0,3600
TV,1939,heat,historical,0.006977818002916667,0.7913439,0.0,3600
TV,1940,heat,historical,0.004876820400072222,0.71469295,0.0,3600
TV,1941,heat,historical,0.005029474193344444,0.72456974,0.0,3600
TV,1942,heat,historical,0.0048824839088430555,0.58454055,0.0,3600
TV,1943,heat,historical,0.005680611593063889,0.6922302,0.0,3600
TV,1944,heat,historical,0.005625301292068333,0.7392988,0.0,3600
TV,1945,heat,historical,0.005240474261825,0.65148973,0.0,3600
TV,1946,heat,historical,0.00540705156665,0.6533351,0.0,3600
TV,1947,heat,historical,0.007123325629494444,0.61673236,0.0,3600
TV,1948,heat,historical,0.004839913806027778,0.70655566,0.0,3600
TV,1949,heat,historical,0.004080371083972223,0.6276716,0.0,3600
TV,1950,heat,historical,0.005158746585147222,0.7157625,0.0,3600
TV,1951,heat,historical,0.008686557859501388,0.7867566,0.0,3600
TV,1952,heat,historical,0.007277992970886111,0.7167644,0.0,3600
TV,1953,heat,historical,0.004064674558955555,0.564139,0.0,3600
TV,1954,heat,historical,0.005313678444083333,0.68246496,0.0,3600
TV,1955,heat,historical,0.005658522114631945,0.69329363,0.0,3600
TV,1956,heat,historical,0.006832143329752778,0.64938575,0.0,3600
TV,1957,heat,historical,0.006419438399855,0.7054293,0.0,3600
TV,1958,heat,historical,0.006518907865681112,0.7279632,0.0,3600
TV,1959,heat,historical,0.005324393994488889,0.58467835,0.0,3600
TV,1960,heat,historical,0.008004642427313888,0.6221395,0.0,3600
TV,1961,heat,historical,0.006251047755873611,0.6065407,0.0,3600
TV,1962,heat,historical,0.004637669386941668,0.71814984,0.0,3600
TV,1963,heat,historical,0.0044626853943333334,0.63916147,0.0,3600
TV,1964,heat,historical,0.006585784775027778,0.6848223,0.0,3600
TV,1965,heat,historical,0.006333207027805556,0.8224802,0.0,3600
TV,1966,heat,historical,0.0046582390791111115,0.63221663,0.0,3600
TV,1967,heat,historical,0.004836669528658333,0.6121548,0.0,3600
TV,1968,heat,historical,0.007515005731315556,0.67370105,0.0,3600
TV,1969,heat,historical,0.0072099229477222216,0.64431727,0.0,3600
TV,1970,heat,historical,0.005314544610583333,0.70264554,0.0,3600
TV,1971,heat,historical,0.004364238957602778,0.67419136,0.0,3600
TV,1972,heat,historical,0.004380587502130556,0.598724,0.0,3600
TV,1973,heat,historical,0.005832389130381111,0.71506715,0.0,3600
TV,1974,heat,historical,0.006218666575977778,0.6882071,0.0,3600
TV,1975,heat,historical,0.005415188046903556,0.6834049,0.0,3600
TV,1976,heat,historical,0.005493981448325001,0.6294617,0.0,3600
TV,1977,heat,historical,0.0070345763504286105,0.7172501,0.0,3600
TV,1978,heat,historical,0.005339931511875,0.62983394,0.0,3600
TV,1979,heat,historical,0.005996776485686112,0.7087056,0.0,3600
TV,1980,heat,historical,0.007201668283816666,0.63138974,0.0,3600
TV,1981,heat,historical,0.006810275346169445,0.62881136,0.0,3600
TV,1982,heat,historical,0.004611741033749999,0.6770093,0.0,3600
TV,1983,heat,historical,0.0034915026344583336,0.66236544,0.0,3600
TV,1984,heat,historical,0.005063956449383333,0.5970866,0.0,3600
TV,1985,heat,historical,0.0064988301016722224,0.620768,0.0,3600
TV,1986,heat,historical,0.0052484945248250005,0.73084664,0.0,3600
TV,1987,heat,historical,0.005911892326444444,0.6205863,0.0,3600
TV,1988,heat,historical,0.0067688245601333335,0.6765318,0.0,3600
TV,1989,heat,historical,0.006926938794301945,0.6939641,0.0,3600
TV,1990,heat,historical,0.005769894476666667,0.6826347,0.0,3600
TV,1991,heat,historical,0.00469096702,0.5832232,0.0,3600
TV,1992,heat,historical,0.004877221947337499,0.6081326,0.0,3600
TV,1993,heat,historical,0.006613425665258334,0.698612,0.0,3600
TV,1994,heat,historical,0.006886985561404167,0.713612,0.0,3600
TV,1995,heat,historical,0.005755807762211111,0.7429875,0.0,3600
TV,1996,heat,historical,0.006741455556061111,0.65286326,0.0,3600
TV,1997,heat,historical,0.01241699805455361,0.88711226,0.0,3600
TV,1998,heat,historical,0.008774135212618056,0.7875241,0.0,3600
TV,1999,heat,historical,0.005941943752,0.6182686,0.0,3600
TV,2000,heat,historical,0.005810788716695,0.66056645,0.0,3600
TV,2001,heat,historical,0.009964565947505557,0.75875,0.0,3600
TV,2002,heat,historical,0.01049867648416,0.7501466,0.0,3600
TV,2003,heat,historical,0.005838798508211111,0.74644136,0.0,3600
TV,2004,heat,historical,0.005219156450453889,0.6813195,0.0,3600
TV,2005,heat,historical,0.006620604938977778,0.8020276,0.0,3600
TV,2006,heat,historical,0.008541079089619446,0.7754333,0.0,3600
TV,2007,heat,historical,0.007491447547651667,0.6899781,0.0,3600
TV,2008,heat,historical,0.008792672131,0.72263765,0.0,3600
TV,2009,heat,historical,0.00950299146564375,0.8229716,0.0,3600
TV,2010,heat,historical,0.008001850771894446,0.81972325,0.0,3600
TV,2011,heat,historical,0.007776561296202777,0.7173972,0.0,3600
TV,2012,heat,historical,0.005779474805519444,0.8113475,0.0,3600
TV,2013,heat,historical,0.009252356430961112,0.8018898,0.0,3600
TV,2014,heat,historical,0.00884745488975111,0.66421646,0.0,3600
TZ,1850,heat,historical,0.0,0.0,0.0,72
TZ,1851,heat,historical,0.0,0.0,0.0,72
TZ,1852,heat,historical,0.0,0.0,0.0,72
TZ,1853,heat,historical,0.0,0.0,0.0,72
TZ,1854,heat,historical,0.0,0.0,0.0,72
TZ,1855,heat,historical,0.0,0.0,0.0,72
TZ,1856,heat,historical,0.0,0.0,0.0,72
TZ,1857,heat,historical,0.0,0.0,0.0,72
TZ,1858,heat,historical,0.0,0.0,0.0,72
TZ,1859,heat,historical,0.0,0.0,0.0,72
TZ,1860,heat,historical,0.0,0.0,0.0,72
TZ,1861,heat,historical,0.0,0.0,0.0,72
TZ,1862,heat,historical,0.0,0.0,0.0,72
TZ,1863,heat,historical,0.0,0.0,0.0,72
TZ,1864,heat,historical,0.0,0.0,0.0,72
TZ,1865,heat,historical,0.0,0.0,0.0,72
TZ,1866,heat,historical,0.0,0.0,0.0,72
TZ,1867,heat,historical,0.0,0.0,0.0,72
TZ,1868,heat,historical,0.0,0.0,0.0,72
TZ,1869,heat,historical,0.0,0.0,0.0,72
TZ,1870,heat,historical,0.0,0.0,0.0,72
TZ,1871,heat,historical,0.0,0.0,0.0,72
TZ,1872,heat,historical,0.0,0.0,0.0,72
TZ,1873,heat,historical,0.0,0.0,0.0,72
TZ,1874,heat,historical,0.0,0.0,0.0,72
TZ,1875,heat,historical,0.0,0.0,0.0,72
TZ,1876,heat,historical,0.0,0.0,0.0,72
TZ,1877,heat,historical,0.0,0.0,0.0,72
TZ,1878,heat,historical,0.0,0.0,0.0,72
TZ,1879,heat,historical,0.0,0.0,0.0,72
TZ,1880,heat,historical,0.0,0.0,0.0,72
TZ,1881,heat,historical,0.0,0.0,0.0,72
TZ,1882,heat,historical,0.0,0.0,0.0,72
TZ,1883,heat,historical,0.0,0.0,0.0,72
TZ,1884,heat,historical,0.0,0.0,0.0,72
TZ,1885,heat,historical,0.0,0.0,0.0,72
TZ,1886,heat,historical,0.0,0.0,0.0,72
TZ,1887,heat,historical,0.0,0.0,0.0,72
TZ,1888,heat,historical,0.0,0.0,0.0,72
TZ,1889,heat,historical,0.0,0.0,0.0,72
TZ,1890,heat,historical,0.0,0.0,0.0,72
TZ,1891,heat,historical,0.0,0.0,0.0,72
TZ,1892,heat,historical,0.0,0.0,0.0,72
TZ,1893,heat,historical,0.0,0.0,0.0,72
TZ,1894,heat,historical,0.0,0.0,0.0,72
TZ,1895,heat,historical,0.0,0.0,0.0,72
TZ,1896,heat,historical,0.0,0.0,0.0,72
TZ,1897,heat,historical,0.0,0.0,0.0,72
TZ,1898,heat,historical,0.0,0.0,0.0,72
TZ,1899,heat,historical,0.0,0.0,0.0,72
TZ,1900,heat,historical,0.0,0.0,0.0,72
TZ,1901,heat,historical,0.0,0.0,0.0,72
TZ,1902,heat,historical,0.0,0.0,0.0,72
TZ,1903,heat,historical,0.0,0.0,0.0,72
TZ,1904,heat,historical,0.0,0.0,0.0,72
TZ,1905,heat,historical,0.0,0.0,0.0,72
TZ,1906,heat,historical,0.0,0.0,0.0,72
TZ,1907,heat,historical,0.0,0.0,0.0,72
TZ,1908,heat,historical,0.0,0.0,0.0,72
TZ,1909,heat,historical,0.0,0.0,0.0,72
TZ,1910,heat,historical,0.0,0.0,0.0,72
TZ,1911,heat,historical,0.0,0.0,0.0,72
TZ,1912,heat,historical,0.0,0.0,0.0,72
TZ,1913,heat,historical,0.0,0.0,0.0,72
TZ,1914,heat,historical,0.0,0.0,0.0,72
TZ,1915,heat,historical,0.0,0.0,0.0,72
TZ,1916,heat,historical,0.0,0.0,0.0,72
TZ,1917,heat,historical,0.0,0.0,0.0,72
TZ,1918,heat,historical,0.0,0.0,0.0,72
TZ,1919,heat,historical,0.0,0.0,0.0,72
TZ,1920,heat,historical,0.0,0.0,0.0,72
TZ,1921,heat,historical,0.0,0.0,0.0,72
TZ,1922,heat,historical,0.0,0.0,0.0,72
TZ,1923,heat,historical,0.0,0.0,0.0,72
TZ,1924,heat,historical,0.0,0.0,0.0,72
TZ,1925,heat,historical,0.0,0.0,0.0,72
TZ,1926,heat,historical,0.0,0.0,0.0,72
TZ,1927,heat,historical,0.0,0.0,0.0,72
TZ,1928,heat,historical,0.0,0.0,0.0,72
TZ,1929,heat,historical,0.0,0.0,0.0,72
TZ,1930,heat,historical,0.0,0.0,0.0,72
TZ,1931,heat,historical,0.0,0.0,0.0,72
TZ,1932,heat,historical,0.0,0.0,0.0,72
TZ,1933,heat,historical,0.0,0.0,0.0,72
TZ,1934,heat,historical,0.0,0.0,0.0,72
TZ,1935,heat,historical,0.0,0.0,0.0,72
TZ,1936,heat,historical,5.9821027777777774e-05,0.004307114,0.0,72
TZ,1937,heat,historical,0.0,0.0,0.0,72
TZ,1938,heat,historical,0.0,0.0,0.0,72
TZ,1939,heat,historical,0.0,0.0,0.0,72
TZ,1940,heat,historical,0.0,0.0,0.0,72
TZ,1941,heat,historical,0.0,0.0,0.0,72
TZ,1942,heat,historical,0.0,0.0,0.0,72
TZ,1943,heat,historical,0.0,0.0,0.0,72
TZ,1944,heat,historical,0.0,0.0,0.0,72
TZ,1945,heat,historical,0.0,0.0,0.0,72
TZ,1946,heat,historical,0.0,0.0,0.0,72
TZ,1947,heat,historical,0.0,0.0,0.0,72
TZ,1948,heat,historical,0.0,0.0,0.0,72
TZ,1949,heat,historical,0.0,0.0,0.0,72
TZ,1950,heat,historical,0.0,0.0,0.0,72
TZ,1951,heat,historical,0.0,0.0,0.0,72
TZ,1952,heat,historical,5.106725972222222e-05,0.0036768427,0.0,72
TZ,1953,heat,historical,0.0,0.0,0.0,72
TZ,1954,heat,historical,0.0,0.0,0.0,72
TZ,1955,heat,historical,0.0,0.0,0.0,72
TZ,1956,heat,historical,0.0,0.0,0.0,72
TZ,1957,heat,historical,0.0,0.0,0.0,72
TZ,1958,heat,historical,0.0,0.0,0.0,72
TZ,1959,heat,historical,0.0,0.0,0.0,72
TZ,1960,heat,historical,0.0,0.0,0.0,72
TZ,1961,heat,historical,0.0,0.0,0.0,72
TZ,1962,heat,historical,0.0,0.0,0.0,72
TZ,1963,heat,historical,0.0,0.0,0.0,72
TZ,1964,heat,historical,0.0,0.0,0.0,72
TZ,1965,heat,historical,0.0,0.0,0.0,72
TZ,1966,heat,historical,0.0,0.0,0.0,72
TZ,1967,heat,historical,0.0,0.0,0.0,72
TZ,1968,heat,historical,0.0,0.0,0.0,72
TZ,1969,heat,historical,0.0,0.0,0.0,72
TZ,1970,heat,historical,0.0,0.0,0.0,72
TZ,1971,heat,historical,0.0,0.0,0.0,72
TZ,1972,heat,historical,0.0,0.0,0.0,72
TZ,1973,heat,historical,0.0,0.0,0.0,72
TZ,1974,heat,historical,0.0,0.0,0.0,72
TZ,1975,heat,historical,0.0,0.0,0.0,72
TZ,1976,heat,historical,0.0,0.0,0.0,72
TZ,1977,heat,historical,0.0,0.0,0.0,72
TZ,1978,heat,historical,0.0,0.0,0.0,72
TZ,1979,heat,historical,0.0,0.0,0.0,72
TZ,1980,heat,historical,0.0,0.0,0.0,72
TZ,1981,heat,historical,0.0,0.0,0.0,72
TZ,1982,heat,historical,0.0,0.0,0.0,72
TZ,1983,heat,historical,0.0,0.0,0.0,72
TZ,1984,heat,historical,0.0,0.0,0.0,72
TZ,1985,heat,historical,0.0,0.0,0.0,72
TZ,1986,heat,historical,0.0,0.0,0.0,72
TZ,1987,heat,historical,0.0,0.0,0.0,72
TZ,1988,heat,historical,8.018914444444444e-05,0.0057736184,0.0,72
TZ,1989,heat,historical,0.0,0.0,0.0,72
TZ,1990,heat,historical,0.0,0.0,0.0,72
TZ,1991,heat,historical,0.0,0.0,0.0,72
TZ,1992,heat,historical,0.0,0.0,0.0,72
TZ,1993,heat,historical,0.0,0.0,0.0,72
TZ,1994,heat,historical,0.0,0.0,0.0,72
TZ,1995,heat,historical,0.0,0.0,0.0,72
TZ,1996,heat,historical,0.0,0.0,0.0,72
TZ,1997,heat,historical,0.0,0.0,0.0,72
TZ,1998,heat,historical,0.0,0.0,0.0,72
TZ,1999,heat,historical,0.0,0.0,0.0,72
TZ,2000,heat,historical,0.0,0.0,0.0,72
TZ,2001,heat,historical,0.0,0.0,0.0,72
TZ,2002,heat,historical,3.084252777777778e-05,0.002220662,0.0,72
TZ,2003,heat,historical,4.667244722222222e-06,0.00033604162,0.0,72
TZ,2004,heat,historical,0.0,0.0,0.0,72
TZ,2005,heat,historical,0.0,0.0,0.0,72
TZ,2006,heat,historical,0.0,0.0,0.0,72
TZ,2007,heat,historical,0.0,0.0,0.0,72
TZ,2008,heat,historical,0.0,0.0,0.0,72
TZ,2009,heat,historical,0.0,0.0,0.0,72
TZ,2010,heat,historical,0.0,0.0,0.0,72
TZ,2011,heat,historical,9.728803888888889e-05,0.003827571,0.0,72
TZ,2012,heat,historical,0.0,0.0,0.0,72
TZ,2013,heat,historical,0.0,0.0,0.0,72
TZ,2014,heat,historical,0.0,0.0,0.0,72
UA,1850,heat,historical,0.0,0.0,0.0,48
UA,1851,heat,historical,0.0,0.0,0.0,48
UA,1852,heat,historical,0.0,0.0,0.0,48
UA,1853,heat,historical,0.0,0.0,0.0,48
UA,1854,heat,historical,0.0,0.0,0.0,48
UA,1855,heat,historical,0.0,0.0,0.0,48
UA,1856,heat,historical,0.0,0.0,0.0,48
UA,1857,heat,historical,0.0,0.0,0.0,48
UA,1858,heat,historical,0.0,0.0,0.0,48
UA,1859,heat,historical,0.0,0.0,0.0,48
UA,1860,heat,historical,0.0,0.0,0.0,48
UA,1861,heat,historical,0.0,0.0,0.0,48
UA,1862,heat,historical,0.0,0.0,0.0,48
UA,1863,heat,historical,0.0,0.0,0.0,48
UA,1864,heat,historical,0.0,0.0,0.0,48
UA,1865,heat,historical,0.0,0.0,0.0,48
UA,1866,heat,historical,0.0,0.0,0.0,48
UA,1867,heat,historical,0.0,0.0,0.0,48
UA,1868,heat,historical,0.0,0.0,0.0,48
UA,1869,heat,historical,0.0,0.0,0.0,48
UA,1870,heat,historical,0.0,0.0,0.0,48
UA,1871,heat,historical,0.0,0.0,0.0,48
UA,1872,heat,historical,0.0,0.0,0.0,48
UA,1873,heat,historical,0.0,0.0,0.0,48
UA,1874,heat,historical,0.0,0.0,0.0,48
UA,1875,heat,historical,0.0,0.0,0.0,48
UA,1876,heat,historical,0.0,0.0,0.0,48
UA,1877,heat,historical,0.0,0.0,0.0,48
UA,1878,heat,historical,0.0,0.0,0.0,48
UA,1879,heat,historical,0.0,0.0,0.0,48
UA,1880,heat,historical,0.0,0.0,0.0,48
UA,1881,heat,historical,0.0,0.0,0.0,48
UA,1882,heat,historical,0.0,0.0,0.0,48
UA,1883,heat,historical,0.0,0.0,0.0,48
UA,1884,heat,historical,0.0,0.0,0.0,48
UA,1885,heat,historical,0.0,0.0,0.0,48
UA,1886,heat,historical,0.0,0.0,0.0,48
UA,1887,heat,historical,0.0,0.0,0.0,48
UA,1888,heat,historical,0.0,0.0,0.0,48
UA,1889,heat,historical,0.0,0.0,0.0,48
UA,1890,heat,historical,0.0,0.0,0.0,48
UA,1891,heat,historical,0.0,0.0,0.0,48
UA,1892,heat,historical,0.0,0.0,0.0,48
UA,1893,heat,historical,0.0,0.0,0.0,48
UA,1894,heat,historical,0.0,0.0,0.0,48
UA,1895,heat,historical,0.0,0.0,0.0,48
UA,1896,heat,historical,0.0,0.0,0.0,48
UA,1897,heat,historical,0.0,0.0,0.0,48
UA,1898,heat,historical,0.0,0.0,0.0,48
UA,1899,heat,historical,0.0,0.0,0.0,48
UA,1900,heat,historical,0.0,0.0,0.0,48
UA,1901,heat,historical,0.0,0.0,0.0,48
UA,1902,heat,historical,0.0,0.0,0.0,48
UA,1903,heat,historical,0.0,0.0,0.0,48
UA,1904,heat,historical,0.0,0.0,0.0,48
UA,1905,heat,historical,0.0,0.0,0.0,48
UA,1906,heat,historical,0.0,0.0,0.0,48
UA,1907,heat,historical,0.0,0.0,0.0,48
UA,1908,heat,historical,0.0,0.0,0.0,48
UA,1909,heat,historical,0.0,0.0,0.0,48
UA,1910,heat,historical,0.0,0.0,0.0,48
UA,1911,heat,historical,0.0,0.0,0.0,48
UA,1912,heat,historical,0.0,0.0,0.0,48
UA,1913,heat,historical,0.0,0.0,0.0,48
UA,1914,heat,historical,0.0,0.0,0.0,48
UA,1915,heat,historical,0.0,0.0,0.0,48
UA,1916,heat,historical,0.0,0.0,0.0,48
UA,1917,heat,historical,0.0,0.0,0.0,48
UA,1918,heat,historical,0.0,0.0,0.0,48
UA,1919,heat,historical,0.0,0.0,0.0,48
UA,1920,heat,historical,0.0,0.0,0.0,48
UA,1921,heat,historical,0.0,0.0,0.0,48
UA,1922,heat,historical,0.0,0.0,0.0,48
UA,1923,heat,historical,0.0,0.0,0.0,48
UA,1924,heat,historical,0.0,0.0,0.0,48
UA,1925,heat,historical,0.0,0.0,0.0,48
UA,1926,heat,historical,0.0,0.0,0.0,48
UA,1927,heat,historical,0.0,0.0,0.0,48
UA,1928,heat,historical,0.0,0.0,0.0,48
UA,1929,heat,historical,0.0,0.0,0.0,48
UA,1930,heat,historical,0.0,0.0,0.0,48
UA,1931,heat,historical,0.0,0.0,0.0,48
UA,1932,heat,historical,0.0,0.0,0.0,48
UA,1933,heat,historical,0.0,0.0,0.0,48
UA,1934,heat,historical,0.0,0.0,0.0,48
UA,1935,heat,historical,0.0,0.0,0.0,48
UA,1936,heat,historical,0.0,0.0,0.0,48
UA,1937,heat,historical,0.0,0.0,0.0,48
UA,1938,heat,historical,0.0,0.0,0.0,48
UA,1939,heat,historical,0.0,0.0,0.0,48
UA,1940,heat,historical,0.0,0.0,0.0,48
UA,1941,heat,historical,0.0,0.0,0.0,48
UA,1942,heat,historical,0.0,0.0,0.0,48
UA,1943,heat,historical,0.0,0.0,0.0,48
UA,1944,heat,historical,0.0,0.0,0.0,48
UA,1945,heat,historical,0.0,0.0,0.0,48
UA,1946,heat,historical,0.0,0.0,0.0,48
UA,1947,heat,historical,0.0,0.0,0.0,48
UA,1948,heat,historical,0.0,0.0,0.0,48
UA,1949,heat,historical,0.0,0.0,0.0,48
UA,1950,heat,historical,0.0,0.0,0.0,48
UA,1951,heat,historical,0.0,0.0,0.0,48
UA,1952,heat,historical,0.0,0.0,0.0,48
UA,1953,heat,historical,0.0,0.0,0.0,48
UA,1954,heat,historical,0.0,0.0,0.0,48
UA,1955,heat,historical,0.0,0.0,0.0,48
UA,1956,heat,historical,0.0,0.0,0.0,48
UA,1957,heat,historical,0.0,0.0,0.0,48
UA,1958,heat,historical,0.0,0.0,0.0,48
UA,1959,heat,historical,0.0,0.0,0.0,48
UA,1960,heat,historical,0.0,0.0,0.0,48
UA,1961,heat,historical,0.0,0.0,0.0,48
UA,1962,heat,historical,0.0,0.0,0.0,48
UA,1963,heat,historical,0.0,0.0,0.0,48
UA,1964,heat,historical,0.0,0.0,0.0,48
UA,1965,heat,historical,0.0,0.0,0.0,48
UA,1966,heat,historical,0.0,0.0,0.0,48
UA,1967,heat,historical,0.0,0.0,0.0,48
UA,1968,heat,historical,0.0,0.0,0.0,48
UA,1969,heat,historical,0.0,0.0,0.0,48
UA,1970,heat,historical,0.0,0.0,0.0,48
UA,1971,heat,historical,0.0,0.0,0.0,48
UA,1972,heat,historical,0.0,0.0,0.0,48
UA,1973,heat,historical,0.0,0.0,0.0,48
UA,1974,heat,historical,0.0,0.0,0.0,48
UA,1975,heat,historical,0.0,0.0,0.0,48
UA,1976,heat,historical,0.0,0.0,0.0,48
UA,1977,heat,historical,0.0,0.0,0.0,48
UA,1978,heat,historical,0.0,0.0,0.0,48
UA,1979,heat,historical,0.0,0.0,0.0,48
UA,1980,heat,historical,0.0,0.0,0.0,48
UA,1981,heat,historical,0.0,0.0,0.0,48
UA,1982,heat,historical,0.0,0.0,0.0,48
UA,1983,heat,historical,0.0,0.0,0.0,48
UA,1984,heat,historical,0.0,0.0,0.0,48
UA,1985,heat,historical,0.0,0.0,0.0,48
UA,1986,heat,historical,0.0,0.0,0.0,48
UA,1987,heat,historical,0.0,0.0,0.0,48
UA,1988,heat,historical,0.0,0.0,0.0,48
UA,1989,heat,historical,0.0,0.0,0.0,48
UA,1990,heat,historical,0.0,0.0,0.0,48
UA,1991,heat,historical,0.0,0.0,0.0,48
UA,1992,heat,historical,0.0,0.0,0.0,48
UA,1993,heat,historical,0.0,0.0,0.0,48
UA,1994,heat,historical,0.0,0.0,0.0,48
UA,1995,heat,historical,0.0,0.0,0.0,48
UA,1996,heat,historical,0.0,0.0,0.0,48
UA,1997,heat,historical,0.0,0.0,0.0,48
UA,1998,heat,historical,0.0,0.0,0.0,48
UA,1999,heat,historical,0.0,0.0,0.0,48
UA,2000,heat,historical,0.0,0.0,0.0,48
UA,2001,heat,historical,0.0,0.0,0.0,48
UA,2002,heat,historical,0.0,0.0,0.0,48
UA,2003,heat,historical,0.0,0.0,0.0,48
UA,2004,heat,historical,0.0,0.0,0.0,48
UA,2005,heat,historical,0.0,0.0,0.0,48
UA,2006,heat,historical,0.0,0.0,0.0,48
UA,2007,heat,historical,0.0,0.0,0.0,48
UA,2008,heat,historical,0.0,0.0,0.0,48
UA,2009,heat,historical,0.0,0.0,0.0,48
UA,2010,heat,historical,0.0,0.0,0.0,48
UA,2011,heat,historical,0.0,0.0,0.0,48
UA,2012,heat,historical,0.0,0.0,0.0,48
UA,2013,heat,historical,0.0,0.0,0.0,48
UA,2014,heat,historical,0.0,0.0,0.0,48
UG,1850,heat,historical,0.0,0.0,0.0,12
UG,1851,heat,historical,0.0,0.0,0.0,12
UG,1852,heat,historical,0.0,0.0,0.0,12
UG,1853,heat,historical,0.0,0.0,0.0,12
UG,1854,heat,historical,0.0,0.0,0.0,12
UG,1855,heat,historical,0.0,0.0,0.0,12
UG,1856,heat,historical,0.0,0.0,0.0,12
UG,1857,heat,historical,0.0,0.0,0.0,12
UG,1858,heat,historical,0.0,0.0,0.0,12
UG,1859,heat,historical,0.0,0.0,0.0,12
UG,1860,heat,historical,0.0,0.0,0.0,12
UG,1861,heat,historical,0.0,0.0,0.0,12
UG,1862,heat,historical,0.0,0.0,0.0,12
UG,1863,heat,historical,0.0,0.0,0.0,12
UG,1864,heat,historical,0.0,0.0,0.0,12
UG,1865,heat,historical,0.0,0.0,0.0,12
UG,1866,heat,historical,0.0,0.0,0.0,12
UG,1867,heat,historical,0.0,0.0,0.0,12
UG,1868,heat,historical,0.0,0.0,0.0,12
UG,1869,heat,historical,0.0,0.0,0.0,12
UG,1870,heat,historical,0.0,0.0,0.0,12
UG,1871,heat,historical,0.0,0.0,0.0,12
UG,1872,heat,historical,0.0,0.0,0.0,12
UG,1873,heat,historical,0.0,0.0,0.0,12
UG,1874,heat,historical,0.0,0.0,0.0,12
UG,1875,heat,historical,0.0,0.0,0.0,12
UG,1876,heat,historical,0.0,0.0,0.0,12
UG,1877,heat,historical,0.0,0.0,0.0,12
UG,1878,heat,historical,0.0,0.0,0.0,12
UG,1879,heat,historical,0.0,0.0,0.0,12
UG,1880,heat,historical,0.0,0.0,0.0,12
UG,1881,heat,historical,0.0,0.0,0.0,12
UG,1882,heat,historical,0.0,0.0,0.0,12
UG,1883,heat,historical,0.0,0.0,0.0,12
UG,1884,heat,historical,0.0,0.0,0.0,12
UG,1885,heat,historical,0.0,0.0,0.0,12
UG,1886,heat,historical,0.0,0.0,0.0,12
UG,1887,heat,historical,0.0,0.0,0.0,12
UG,1888,heat,historical,0.0,0.0,0.0,12
UG,1889,heat,historical,0.0,0.0,0.0,12
UG,1890,heat,historical,0.0,0.0,0.0,12
UG,1891,heat,historical,0.0,0.0,0.0,12
UG,1892,heat,historical,0.0,0.0,0.0,12
UG,1893,heat,historical,0.0,0.0,0.0,12
UG,1894,heat,historical,0.0,0.0,0.0,12
UG,1895,heat,historical,0.0,0.0,0.0,12
UG,1896,heat,historical,0.0,0.0,0.0,12
UG,1897,heat,historical,0.0,0.0,0.0,12
UG,1898,heat,historical,0.0,0.0,0.0,12
UG,1899,heat,historical,0.0,0.0,0.0,12
UG,1900,heat,historical,0.0,0.0,0.0,12
UG,1901,heat,historical,0.0,0.0,0.0,12
UG,1902,heat,historical,0.0,0.0,0.0,12
UG,1903,heat,historical,0.0,0.0,0.0,12
UG,1904,heat,historical,0.0,0.0,0.0,12
UG,1905,heat,historical,0.0,0.0,0.0,12
UG,1906,heat,historical,0.0,0.0,0.0,12
UG,1907,heat,historical,0.0,0.0,0.0,12
UG,1908,heat,historical,0.0,0.0,0.0,12
UG,1909,heat,historical,0.0,0.0,0.0,12
UG,1910,heat,historical,0.0,0.0,0.0,12
UG,1911,heat,historical,0.0,0.0,0.0,12
UG,1912,heat,historical,0.0,0.0,0.0,12
UG,1913,heat,historical,0.0,0.0,0.0,12
UG,1914,heat,historical,0.0,0.0,0.0,12
UG,1915,heat,historical,0.0,0.0,0.0,12
UG,1916,heat,historical,0.0,0.0,0.0,12
UG,1917,heat,historical,0.0,0.0,0.0,12
UG,1918,heat,historical,0.0,0.0,0.0,12
UG,1919,heat,historical,0.0,0.0,0.0,12
UG,1920,heat,historical,0.0,0.0,0.0,12
UG,1921,heat,historical,0.0,0.0,0.0,12
UG,1922,heat,historical,0.0,0.0,0.0,12
UG,1923,heat,historical,0.0,0.0,0.0,12
UG,1924,heat,historical,0.0,0.0,0.0,12
UG,1925,heat,historical,0.0,0.0,0.0,12
UG,1926,heat,historical,0.0,0.0,0.0,12
UG,1927,heat,historical,0.0,0.0,0.0,12
UG,1928,heat,historical,0.0,0.0,0.0,12
UG,1929,heat,historical,0.0,0.0,0.0,12
UG,1930,heat,historical,0.0,0.0,0.0,12
UG,1931,heat,historical,0.0,0.0,0.0,12
UG,1932,heat,historical,0.0,0.0,0.0,12
UG,1933,heat,historical,0.0,0.0,0.0,12
UG,1934,heat,historical,0.0,0.0,0.0,12
UG,1935,heat,historical,0.0,0.0,0.0,12
UG,1936,heat,historical,0.0,0.0,0.0,12
UG,1937,heat,historical,0.0,0.0,0.0,12
UG,1938,heat,historical,0.0,0.0,0.0,12
UG,1939,heat,historical,0.0,0.0,0.0,12
UG,1940,heat,historical,0.0,0.0,0.0,12
UG,1941,heat,historical,0.0,0.0,0.0,12
UG,1942,heat,historical,0.0,0.0,0.0,12
UG,1943,heat,historical,0.0,0.0,0.0,12
UG,1944,heat,historical,0.0,0.0,0.0,12
UG,1945,heat,historical,0.0,0.0,0.0,12
UG,1946,heat,historical,0.0,0.0,0.0,12
UG,1947,heat,historical,0.0,0.0,0.0,12
UG,1948,heat,historical,0.0,0.0,0.0,12
UG,1949,heat,historical,0.0,0.0,0.0,12
UG,1950,heat,historical,0.0,0.0,0.0,12
UG,1951,heat,historical,0.0,0.0,0.0,12
UG,1952,heat,historical,0.0,0.0,0.0,12
UG,1953,heat,historical,0.0,0.0,0.0,12
UG,1954,heat,historical,0.0,0.0,0.0,12
UG,1955,heat,historical,0.0,0.0,0.0,12
UG,1956,heat,historical,0.0,0.0,0.0,12
UG,1957,heat,historical,0.0,0.0,0.0,12
UG,1958,heat,historical,0.0,0.0,0.0,12
UG,1959,heat,historical,0.0,0.0,0.0,12
UG,1960,heat,historical,0.0,0.0,0.0,12
UG,1961,heat,historical,0.0,0.0,0.0,12
UG,1962,heat,historical,0.0,0.0,0.0,12
UG,1963,heat,historical,0.0,0.0,0.0,12
UG,1964,heat,historical,0.0,0.0,0.0,12
UG,1965,heat,historical,0.0,0.0,0.0,12
UG,1966,heat,historical,0.0,0.0,0.0,12
UG,1967,heat,historical,0.0,0.0,0.0,12
UG,1968,heat,historical,0.0,0.0,0.0,12
UG,1969,heat,historical,0.0,0.0,0.0,12
UG,1970,heat,historical,0.0,0.0,0.0,12
UG,1971,heat,historical,0.0,0.0,0.0,12
UG,1972,heat,historical,0.0,0.0,0.0,12
UG,1973,heat,historical,0.0,0.0,0.0,12
UG,1974,heat,historical,0.0,0.0,0.0,12
UG,1975,heat,historical,0.0,0.0,0.0,12
UG,1976,heat,historical,0.0,0.0,0.0,12
UG,1977,heat,historical,0.0,0.0,0.0,12
UG,1978,heat,historical,0.0,0.0,0.0,12
UG,1979,heat,historical,0.0,0.0,0.0,12
UG,1980,heat,historical,0.0,0.0,0.0,12
UG,1981,heat,historical,0.0,0.0,0.0,12
UG,1982,heat,historical,0.0,0.0,0.0,12
UG,1983,heat,historical,0.0,0.0,0.0,12
UG,1984,heat,historical,0.0,0.0,0.0,12
UG,1985,heat,historical,0.0,0.0,0.0,12
UG,1986,heat,historical,0.0,0.0,0.0,12
UG,1987,heat,historical,0.0,0.0,0.0,12
UG,1988,heat,historical,0.0,0.0,0.0,12
UG,1989,heat,historical,0.0,0.0,0.0,12
UG,1990,heat,historical,0.0,0.0,0.0,12
UG,1991,heat,historical,0.0,0.0,0.0,12
UG,1992,heat,historical,0.0,0.0,0.0,12
UG,1993,heat,historical,0.0,0.0,0.0,12
UG,1994,heat,historical,0.0,0.0,0.0,12
UG,1995,heat,historical,0.0,0.0,0.0,12
UG,1996,heat,historical,0.0,0.0,0.0,12
UG,1997,heat,historical,0.0,0.0,0.0,12
UG,1998,heat,historical,0.0,0.0,0.0,12
UG,1999,heat,historical,0.0,0.0,0.0,12
UG,2000,heat,historical,0.0,0.0,0.0,12
UG,2001,heat,historical,0.0,0.0,0.0,12
UG,2002,heat,historical,0.0,0.0,0.0,12
UG,2003,heat,historical,0.0,0.0,0.0,12
UG,2004,heat,historical,0.0,0.0,0.0,12
UG,2005,heat,historical,0.0,0.0,0.0,12
UG,2006,heat,historical,0.0,0.0,0.0,12
UG,2007,heat,historical,0.0,0.0,0.0,12
UG,2008,heat,historical,0.0,0.0,0.0,12
UG,2009,heat,historical,0.0,0.0,0.0,12
UG,2010,heat,historical,0.0,0.0,0.0,12
UG,2011,heat,historical,0.0,0.0,0.0,12
UG,2012,heat,historical,0.0,0.0,0.0,12
UG,2013,heat,historical,0.0,0.0,0.0,12
UG,2014,heat,historical,0.0,0.0,0.0,12
UZ,1850,heat,historical,0.0006507687916666667,0.015618451,0.0,24
UZ,1851,heat,historical,0.0,0.0,0.0,24
UZ,1852,heat,historical,0.00014930882083333334,0.0035834117,0.0,24
UZ,1853,heat,historical,0.004171720875,0.062158406,0.0,24
UZ,1854,heat,historical,0.0,0.0,0.0,24
UZ,1855,heat,historical,0.00029663889166666667,0.0071193334,0.0,24
UZ,1856,heat,historical,0.0,0.0,0.0,24
UZ,1857,heat,historical,0.0,0.0,0.0,24
UZ,1858,heat,historical,0.0004926201608333333,0.011357794,0.0,24
UZ,1859,heat,historical,0.0,0.0,0.0,24
UZ,1860,heat,historical,0.00017765641666666666,0.004263754,0.0,24
UZ,1861,heat,historical,0.0,0.0,0.0,24
UZ,1862,heat,historical,0.0012610594291666665,0.025615044,0.0,24
UZ,1863,heat,historical,0.00068010575,0.016322538,0.0,24
UZ,1864,heat,historical,0.0024593799500000004,0.057425953,0.0,24
UZ,1865,heat,historical,0.0,0.0,0.0,24
UZ,1866,heat,historical,0.0,0.0,0.0,24
UZ,1867,heat,historical,0.0,0.0,0.0,24
UZ,1868,heat,historical,0.0,0.0,0.0,24
UZ,1869,heat,historical,0.0,0.0,0.0,24
UZ,1870,heat,historical,0.0,0.0,0.0,24
UZ,1871,heat,historical,0.00035378579166666664,0.008490859,0.0,24
UZ,1872,heat,historical,0.003722633333333333,0.0893432,0.0,24
UZ,1873,heat,historical,0.0021194883333333333,0.05086772,0.0,24
UZ,1874,heat,historical,0.0,0.0,0.0,24
UZ,1875,heat,historical,0.0,0.0,0.0,24
UZ,1876,heat,historical,6.015799166666667e-05,0.0014437918,0.0,24
UZ,1877,heat,historical,0.0,0.0,0.0,24
UZ,1878,heat,historical,0.0,0.0,0.0,24
UZ,1879,heat,historical,0.0,0.0,0.0,24
UZ,1880,heat,historical,0.0,0.0,0.0,24
UZ,1881,heat,historical,0.0,0.0,0.0,24
UZ,1882,heat,historical,1.5055629166666666e-05,0.0003613351,0.0,24
UZ,1883,heat,historical,0.0,0.0,0.0,24
UZ,1884,heat,historical,0.0,0.0,0.0,24
UZ,1885,heat,historical,0.0,0.0,0.0,24
UZ,1886,heat,historical,0.0,0.0,0.0,24
UZ,1887,heat,historical,0.0,0.0,0.0,24
UZ,1888,heat,historical,0.0,0.0,0.0,24
UZ,1889,heat,historical,0.0,0.0,0.0,24
UZ,1890,heat,historical,0.0,0.0,0.0,24
UZ,1891,heat,historical,0.00028293828333333335,0.0067905188,0.0,24
UZ,1892,heat,historical,0.00046941299999999996,0.011265912,0.0,24
UZ,1893,heat,historical,0.0,0.0,0.0,24
UZ,1894,heat,historical,0.0,0.0,0.0,24
UZ,1895,heat,historical,0.0005836421875,0.0108023705,0.0,24
UZ,1896,heat,historical,0.0003217387708333333,0.0077217305,0.0,24
UZ,1897,heat,historical,0.0,0.0,0.0,24
UZ,1898,heat,historical,0.0,0.0,0.0,24
UZ,1899,heat,historical,2.06692275e-05,0.00049606146,0.0,24
UZ,1900,heat,historical,0.0,0.0,0.0,24
UZ,1901,heat,historical,0.0,0.0,0.0,24
UZ,1902,heat,historical,0.0,0.0,0.0,24
UZ,1903,heat,historical,0.0,0.0,0.0,24
UZ,1904,heat,historical,0.0,0.0,0.0,24
UZ,1905,heat,historical,0.0,0.0,0.0,24
UZ,1906,heat,historical,0.0,0.0,0.0,24
UZ,1907,heat,historical,0.0,0.0,0.0,24
UZ,1908,heat,historical,0.0,0.0,0.0,24
UZ,1909,heat,historical,0.0,0.0,0.0,24
UZ,1910,heat,historical,0.0,0.0,0.0,24
UZ,1911,heat,historical,0.0,0.0,0.0,24
UZ,1912,heat,historical,0.0,0.0,0.0,24
UZ,1913,heat,historical,0.000248460875,0.005963061,0.0,24
UZ,1914,heat,historical,0.0,0.0,0.0,24
UZ,1915,heat,historical,0.0,0.0,0.0,24
UZ,1916,heat,historical,0.0,0.0,0.0,24
UZ,1917,heat,historical,0.0,0.0,0.0,24
UZ,1918,heat,historical,3.105760916666667e-05,0.00039695238,0.0,24
UZ,1919,heat,historical,0.0,0.0,0.0,24
UZ,1920,heat,historical,0.0,0.0,0.0,24
UZ,1921,heat,historical,0.0,0.0,0.0,24
UZ,1922,heat,historical,0.0,0.0,0.0,24
UZ,1923,heat,historical,0.00024138475000000002,0.005793234,0.0,24
UZ,1924,heat,historical,0.0,0.0,0.0,24
UZ,1925,heat,historical,0.0,0.0,0.0,24
UZ,1926,heat,historical,0.0,0.0,0.0,24
UZ,1927,heat,historical,0.00020243366666666666,0.004858408,0.0,24
UZ,1928,heat,historical,0.0,0.0,0.0,24
UZ,1929,heat,historical,0.0,0.0,0.0,24
UZ,1930,heat,historical,0.0,0.0,0.0,24
UZ,1931,heat,historical,0.0,0.0,0.0,24
UZ,1932,heat,historical,0.0,0.0,0.0,24
UZ,1933,heat,historical,0.0,0.0,0.0,24
UZ,1934,heat,historical,0.0,0.0,0.0,24
UZ,1935,heat,historical,0.0,0.0,0.0,24
UZ,1936,heat,historical,0.0,0.0,0.0,24
UZ,1937,heat,historical,0.0,0.0,0.0,24
UZ,1938,heat,historical,0.0008998749166666667,0.021596998,0.0,24
UZ,1939,heat,historical,0.0012527787916666666,0.030066691,0.0,24
UZ,1940,heat,historical,0.0,0.0,0.0,24
UZ,1941,heat,historical,0.0,0.0,0.0,24
UZ,1942,heat,historical,0.0,0.0,0.0,24
UZ,1943,heat,historical,0.0,0.0,0.0,24
UZ,1944,heat,historical,0.0,0.0,0.0,24
UZ,1945,heat,historical,0.0,0.0,0.0,24
UZ,1946,heat,historical,0.0,0.0,0.0,24
UZ,1947,heat,historical,0.0,0.0,0.0,24
UZ,1948,heat,historical,0.0,0.0,0.0,24
UZ,1949,heat,historical,0.0,0.0,0.0,24
UZ,1950,heat,historical,0.0,0.0,0.0,24
UZ,1951,heat,historical,0.0,0.0,0.0,24
UZ,1952,heat,historical,0.0,0.0,0.0,24
UZ,1953,heat,historical,0.0,0.0,0.0,24
UZ,1954,heat,historical,0.0,0.0,0.0,24
UZ,1955,heat,historical,0.0,0.0,0.0,24
UZ,1956,heat,historical,0.0,0.0,0.0,24
UZ,1957,heat,historical,0.0,0.0,0.0,24
UZ,1958,heat,historical,0.0,0.0,0.0,24
UZ,1959,heat,historical,0.0,0.0,0.0,24
UZ,1960,heat,historical,0.0,0.0,0.0,24
UZ,1961,heat,historical,0.0,0.0,0.0,24
UZ,1962,heat,historical,0.0,0.0,0.0,24
UZ,1963,heat,historical,0.0,0.0,0.0,24
UZ,1964,heat,historical,0.0,0.0,0.0,24
UZ,1965,heat,historical,0.0,0.0,0.0,24
UZ,1966,heat,historical,0.0,0.0,0.0,24
UZ,1967,heat,historical,0.0,0.0,0.0,24
UZ,1968,heat,historical,0.0,0.0,0.0,24
UZ,1969,heat,historical,0.0,0.0,0.0,24
UZ,1970,heat,historical,0.0,0.0,0.0,24
UZ,1971,heat,historical,0.0,0.0,0.0,24
UZ,1972,heat,historical,0.0,0.0,0.0,24
UZ,1973,heat,historical,0.0,0.0,0.0,24
UZ,1974,heat,historical,0.0,0.0,0.0,24
UZ,1975,heat,historical,0.0,0.0,0.0,24
UZ,1976,heat,historical,0.0,0.0,0.0,24
UZ,1977,heat,historical,0.00013855480000000002,0.0033253152,0.0,24
UZ,1978,heat,historical,0.0,0.0,0.0,24
UZ,1979,heat,historical,0.0,0.0,0.0,24
UZ,1980,heat,historical,0.0,0.0,0.0,24
UZ,1981,heat,historical,0.0,0.0,0.0,24
UZ,1982,heat,historical,0.0,0.0,0.0,24
UZ,1983,heat,historical,0.0,0.0,0.0,24
UZ,1984,heat,historical,0.0,0.0,0.0,24
UZ,1985,heat,historical,0.0,0.0,0.0,24
UZ,1986,heat,historical,0.0,0.0,0.0,24
UZ,1987,heat,historical,0.0,0.0,0.0,24
UZ,1988,heat,historical,0.0,0.0,0.0,24
UZ,1989,heat,historical,0.0,0.0,0.0,24
UZ,1990,heat,historical,0.0,0.0,0.0,24
UZ,1991,heat,historical,0.0,0.0,0.0,24
UZ,1992,heat,historical,0.0,0.0,0.0,24
UZ,1993,heat,historical,0.0,0.0,0.0,24
UZ,1994,heat,historical,0.0,0.0,0.0,24
UZ,1995,heat,historical,0.0,0.0,0.0,24
UZ,1996,heat,historical,0.00017980722916666666,0.0043153735,0.0,24
UZ,1997,heat,historical,0.0,0.0,0.0,24
UZ,1998,heat,historical,0.0,0.0,0.0,24
UZ,1999,heat,historical,0.0,0.0,0.0,24
UZ,2000,heat,historical,0.0,0.0,0.0,24
UZ,2001,heat,historical,0.0,0.0,0.0,24
UZ,2002,heat,historical,0.0,0.0,0.0,24
UZ,2003,heat,historical,0.0,0.0,0.0,24
UZ,2004,heat,historical,0.0,0.0,0.0,24
UZ,2005,heat,historical,0.0,0.0,0.0,24
UZ,2006,heat,historical,0.0,0.0,0.0,24
UZ,2007,heat,historical,0.0,0.0,0.0,24
UZ,2008,heat,historical,0.0,0.0,0.0,24
UZ,2009,heat,historical,0.0,0.0,0.0,24
UZ,2010,heat,historical,0.0,0.0,0.0,24
UZ,2011,heat,historical,0.0,0.0,0.0,24
UZ,2012,heat,historical,0.00018916320833333334,0.004539917,0.0,24
UZ,2013,heat,historical,0.0,0.0,0.0,24
UZ,2014,heat,historical,0.0,0.0,0.0,24
VN,1850,heat,historical,0.0015028871833333332,0.06426499,0.0,60
VN,1851,heat,historical,0.0008900113166666666,0.01968089,0.0,60
VN,1852,heat,historical,0.00221334945,0.05789259,0.0,60
VN,1853,heat,historical,0.005058734133333334,0.12738249,0.0,60
VN,1854,heat,historical,0.0008559855950000001,0.026892105,0.0,60
VN,1855,heat,historical,0.0005642591666666666,0.03385555,0.0,60
VN,1856,heat,historical,0.0020201211666666667,0.0537393,0.0,60
VN,1857,heat,historical,0.0025882776883333334,0.07686217,0.0,60
VN,1858,heat,historical,0.004299595016666667,0.070453115,0.0,60
VN,1859,heat,historical,0.0003368847333333333,0.011862631,0.0,60
VN,1860,heat,historical,0.0007113999450000001,0.0236659,0.0,60
VN,1861,heat,historical,0.0009240628096666666,0.035239976,0.0,60
VN,1862,heat,historical,0.007660535765833334,0.118732125,0.0,60
VN,1863,heat,historical,0.0035090796733333336,0.11076468,0.0,60
VN,1864,heat,historical,0.0012459349999999999,0.035159968,0.0,60
VN,1865,heat,historical,0.0023323147500000003,0.07237387,0.0,60
VN,1866,heat,historical,0.00192266399,0.04359869,0.0,60
VN,1867,heat,historical,0.005220405848333333,0.1173637,0.0,60
VN,1868,heat,historical,0.0014291405166666667,0.041138,0.0,60
VN,1869,heat,historical,0.00042181566666666667,0.02530894,0.0,60
VN,1870,heat,historical,0.00236674485,0.096406266,0.0,60
VN,1871,heat,historical,0.0016944293083333334,0.040695623,0.0,60
VN,1872,heat,historical,0.003069386691666667,0.097470656,0.0,60
VN,1873,heat,historical,0.0,0.0,0.0,60
VN,1874,heat,historical,0.0013215314,0.06368479,0.0,60
VN,1875,heat,historical,0.001416132375,0.044642948,0.0,60
VN,1876,heat,historical,0.004369332485,0.083904065,0.0,60
VN,1877,heat,historical,0.00021945945,0.013167567,0.0,60
VN,1878,heat,historical,0.00023884250000000002,0.010315601,0.0,60
VN,1879,heat,historical,3.2632e-05,0.00195792,0.0,60
VN,1880,heat,historical,0.0020888696,0.09022073,0.0,60
VN,1881,heat,historical,0.0016151592166666665,0.0832005,0.0,60
VN,1882,heat,historical,0.0006259700233333334,0.02662988,0.0,60
VN,1883,heat,historical,0.0,0.0,0.0,60
VN,1884,heat,historical,0.002285151866666667,0.058264248,0.0,60
VN,1885,heat,historical,0.0046223360266666675,0.13229148,0.0,60
VN,1886,heat,historical,0.0026167025383333335,0.091283046,0.0,60
VN,1887,heat,historical,0.0012288489666666667,0.055804588,0.0,60
VN,1888,heat,historical,0.00014504161666666667,0.008702497,0.0,60
VN,1889,heat,historical,0.0,0.0,0.0,60
VN,1890,heat,historical,0.006130729225,0.12784138,0.0,60
VN,1891,heat,historical,0.0034852748276666666,0.07436173,0.0,60
VN,1892,heat,historical,0.004260028605,0.15751576,0.0,60
VN,1893,heat,historical,0.0005901290333333333,0.020303935,0.0,60
VN,1894,heat,historical,0.0017079105,0.07935125,0.0,60
VN,1895,heat,historical,0.008064241857166667,0.14212754,0.0,60
VN,1896,heat,historical,0.0009563163166666667,0.033456016,0.0,60
VN,1897,heat,historical,0.0,0.0,0.0,60
VN,1898,heat,historical,0.0007199859666666667,0.023369089,0.0,60
VN,1899,heat,historical,0.008683828166666666,0.11777562,0.0,60
VN,1900,heat,historical,0.0013381786249999999,0.025982056,0.0,60
VN,1901,heat,historical,0.004032112433333334,0.12469674,0.0,60
VN,1902,heat,historical,0.0017678662743333335,0.07472048,0.0,60
VN,1903,heat,historical,0.0,0.0,0.0,60
VN,1904,heat,historical,0.002049200038333333,0.088449664,0.0,60
VN,1905,heat,historical,0.00011131701666666667,0.006679021,0.0,60
VN,1906,heat,historical,0.00127839495,0.05820076,0.0,60
VN,1907,heat,historical,0.0011496994083333334,0.0391393,0.0,60
VN,1908,heat,historical,0.0011020547666666667,0.04365444,0.0,60
VN,1909,heat,historical,0.004294579255,0.10361335,0.0,60
VN,1910,heat,historical,0.0015802387475,0.08046829,0.0,60
VN,1911,heat,historical,0.0007335274066666667,0.036745712,0.0,60
VN,1912,heat,historical,0.0015480111091666666,0.050418634,0.0,60
VN,1913,heat,historical,0.002400830766666667,0.043462932,0.0,60
VN,1914,heat,historical,0.0033962399549999998,0.060912833,0.0,60
VN,1915,heat,historical,0.00084887931,0.023158481,0.0,60
VN,1916,heat,historical,0.0018139107166666665,0.095471956,0.0,60
VN,1917,heat,historical,0.000922454,0.05534724,0.0,60
VN,1918,heat,historical,0.0013530020443333333,0.03474908,0.0,60
VN,1919,heat,historical,0.003601564476666667,0.054094963,0.0,60
VN,1920,heat,historical,0.0013623193416666668,0.06426448,0.0,60
VN,1921,heat,historical,0.00020069582166666667,0.0062500644,0.0,60
VN,1922,heat,historical,0.0025379746,0.08424166,0.0,60
VN,1923,heat,historical,0.0052216013976833335,0.08004139,0.0,60
VN,1924,heat,historical,0.0,0.0,0.0,60
VN,1925,heat,historical,0.003078867366666667,0.090515986,0.0,60
VN,1926,heat,historical,0.0010472351,0.03242518,0.0,60
VN,1927,heat,historical,0.0021829800932666667,0.05961048,0.0,60
VN,1928,heat,historical,0.0016913320616666666,0.08052507,0.0,60
VN,1929,heat,historical,0.00026435963333333335,0.015861578,0.0,60
VN,1930,heat,historical,0.0020086187216666667,0.046039253,0.0,60
VN,1931,heat,historical,0.006873075238333333,0.23428142,0.0,60
VN,1932,heat,historical,0.0017923596916666665,0.055187743,0.0,60
VN,1933,heat,historical,0.0006364831333333334,0.021818444,0.0,60
VN,1934,heat,historical,0.0005060928,0.030365568,0.0,60
VN,1935,heat,historical,0.002974622258333333,0.06403787,0.0,60
VN,1936,heat,historical,0.0005995839533333334,0.027246214,0.0,60
VN,1937,heat,historical,0.0024727536,0.0453522,0.0,60
VN,1938,heat,historical,0.0029164387,0.053685103,0.0,60
VN,1939,heat,historical,0.004667657718333333,0.10409083,0.0,60
VN,1940,heat,historical,0.0016370285666666667,0.060440004,0.0,60
VN,1941,heat,historical,0.0009525394666666666,0.057152368,0.0,60
VN,1942,heat,historical,0.001501743,0.034817215,0.0,60
VN,1943,heat,historical,0.0013092804833333333,0.043697283,0.0,60
VN,1944,heat,historical,0.0044909047833333335,0.0920847,0.0,60
VN,1945,heat,historical,0.0004975756045,0.014253637,0.0,60
VN,1946,heat,historical,0.0004966808583333333,0.016536757,0.0,60
VN,1947,heat,historical,0.005268291186166666,0.08457925,0.0,60
VN,1948,heat,historical,0.0015798774083333332,0.0283488,0.0,60
VN,1949,heat,historical,0.0014048708333333332,0.08429225,0.0,60
VN,1950,heat,historical,0.0008768312000000001,0.032417435,0.0,60
VN,1951,heat,historical,0.0077854462136666665,0.13611287,0.0,60
VN,1952,heat,historical,0.0012668408203333334,0.033396654,0.0,60
VN,1953,heat,historical,0.0005445921833333333,0.021577898,0.0,60
VN,1954,heat,historical,0.0006312179666666667,0.036308497,0.0,60
VN,1955,heat,historical,0.00212140685,0.053419262,0.0,60
VN,1956,heat,historical,0.0010892531988333334,0.02745011,0.0,60
VN,1957,heat,historical,0.004875666266666666,0.120338514,0.0,60
VN,1958,heat,historical,0.0006219006833333333,0.013714215,0.0,60
VN,1959,heat,historical,0.0,0.0,0.0,60
VN,1960,heat,historical,0.004944440356666666,0.111126535,0.0,60
VN,1961,heat,historical,0.0032193493166666667,0.073784105,0.0,60
VN,1962,heat,historical,0.0008753686166666667,0.031878527,0.0,60
VN,1963,heat,historical,0.0,0.0,0.0,60
VN,1964,heat,historical,0.00015854006666666666,0.009512404,0.0,60
VN,1965,heat,historical,0.001031396575,0.027074838,0.0,60
VN,1966,heat,historical,0.00019986993333333334,0.011992196,0.0,60
VN,1967,heat,historical,0.0008040393666666666,0.042656638,0.0,60
VN,1968,heat,historical,0.0055128637199999995,0.09214613,0.0,60
VN,1969,heat,historical,0.0014485492566666666,0.06870528,0.0,60
VN,1970,heat,historical,0.00024185361666666667,0.014511217,0.0,60
VN,1971,heat,historical,0.001408398075,0.07768704,0.0,60
VN,1972,heat,historical,0.0,0.0,0.0,60
VN,1973,heat,historical,0.003717062525,0.08739405,0.0,60
VN,1974,heat,historical,0.00044147403333333335,0.026488442,0.0,60
VN,1975,heat,historical,0.00039838916666666666,0.02390335,0.0,60
VN,1976,heat,historical,0.00014131643333333335,0.008478986,0.0,60
VN,1977,heat,historical,0.0017945534833333334,0.090684265,0.0,60
VN,1978,heat,historical,0.0005286504583333334,0.017985713,0.0,60
VN,1979,heat,historical,0.0035516054600000005,0.099740356,0.0,60
VN,1980,heat,historical,0.003399380143333333,0.0548455,0.0,60
VN,1981,heat,historical,0.0020556696295,0.052941263,0.0,60
VN,1982,heat,historical,0.0007237541833333333,0.027223501,0.0,60
VN,1983,heat,historical,0.0,0.0,0.0,60
VN,1984,heat,historical,0.00414217339,0.07577145,0.0,60
VN,1985,heat,historical,0.003916949733333334,0.05528375,0.0,60
VN,1986,heat,historical,0.00044419263666666664,0.023336567,0.0,60
VN,1987,heat,historical,0.00047084540000000004,0.028250724,0.0,60
VN,1988,heat,historical,0.0009462247466666667,0.02047944,0.0,60
VN,1989,heat,historical,0.0008515463416666668,0.028314734,0.0,60
VN,1990,heat,historical,0.00019883753333333336,0.011930252,0.0,60
VN,1991,heat,historical,7.89001e-05,0.004734006,0.0,60
VN,1992,heat,historical,0.0006422386833333332,0.027126973,0.0,60
VN,1993,heat,historical,0.0023816885395,0.10615663,0.0,60
VN,1994,heat,historical,0.004955099853333334,0.093806714,0.0,60
VN,1995,heat,historical,0.00046647498333333336,0.014294932,0.0,60
VN,1996,heat,historical,0.0013978591666666668,0.08387155,0.0,60
VN,1997,heat,historical,0.006094862685833333,0.10875361,0.0,60
VN,1998,heat,historical,0.0017311220108333332,0.022091512,0.0,60
VN,1999,heat,historical,0.0004788292166666667,0.01787628,0.0,60
VN,2000,heat,historical,0.0007261631066666666,0.017677546,0.0,60
VN,2001,heat,historical,0.0017709118333333333,0.041925192,0.0,60
VN,2002,heat,historical,0.006639239858333334,0.12997276,0.0,60
VN,2003,heat,historical,0.0009354879183333334,0.053855445,0.0,60
VN,2004,heat,historical,0.0003304237383333333,0.017334277,0.0,60
VN,2005,heat,historical,0.0016887769533333332,0.052508183,0.0,60
VN,2006,heat,historical,0.0038925769233333334,0.103411525,0.0,60
VN,2007,heat,historical,0.0008311566923833333,0.018602561,0.0,60
VN,2008,heat,historical,0.0011394960105,0.029877767,0.0,60
VN,2009,heat,historical,0.007832436838333333,0.11917554,0.0,60
VN,2010,heat,historical,0.00323889593,0.045130238,0.0,60
VN,2011,heat,historical,0.0011541214333333333,0.035248753,0.0,60
VN,2012,heat,historical,0.0011238123333333334,0.039121233,0.0,60
VN,2013,heat,historical,0.003221448425,0.0988334,0.0,60
VN,2014,heat,historical,0.006503902341666667,0.102101415,0.0,60
VU,1850,heat,historical,0.0,0.0,0.0,48
VU,1851,heat,historical,0.0,0.0,0.0,48
VU,1852,heat,historical,0.0,0.0,0.0,48
VU,1853,heat,historical,0.0,0.0,0.0,48
VU,1854,heat,historical,0.0,0.0,0.0,48
VU,1855,heat,historical,0.0,0.0,0.0,48
VU,1856,heat,historical,0.0,0.0,0.0,48
VU,1857,heat,historical,0.0,0.0,0.0,48
VU,1858,heat,historical,0.0,0.0,0.0,48
VU,1859,heat,historical,0.0,0.0,0.0,48
VU,1860,heat,historical,0.0,0.0,0.0,48
VU,1861,heat,historical,0.0,0.0,0.0,48
VU,1862,heat,historical,0.0,0.0,0.0,48
VU,1863,heat,historical,0.0,0.0,0.0,48
VU,1864,heat,historical,0.0,0.0,0.0,48
VU,1865,heat,historical,0.0,0.0,0.0,48
VU,1866,heat,historical,0.0,0.0,0.0,48
VU,1867,heat,historical,0.0,0.0,0.0,48
VU,1868,heat,historical,0.0,0.0,0.0,48
VU,1869,heat,historical,0.0,0.0,0.0,48
VU,1870,heat,historical,0.0,0.0,0.0,48
VU,1871,heat,historical,0.0,0.0,0.0,48
VU,1872,heat,historical,0.0,0.0,0.0,48
VU,1873,heat,historical,0.0,0.0,0.0,48
VU,1874,heat,historical,0.0,0.0,0.0,48
VU,1875,heat,historical,0.0,0.0,0.0,48
VU,1876,heat,historical,0.0,0.0,0.0,48
VU,1877,heat,historical,0.0,0.0,0.0,48
VU,1878,heat,historical,0.0,0.0,0.0,48
VU,1879,heat,historical,0.0,0.0,0.0,48
VU,1880,heat,historical,0.0,0.0,0.0,48
VU,1881,heat,historical,0.0,0.0,0.0,48
VU,1882,heat,historical,0.0,0.0,0.0,48
VU,1883,heat,historical,0.0,0.0,0.0,48
VU,1884,heat,historical,0.0,0.0,0.0,48
VU,1885,heat,historical,0.0,0.0,0.0,48
VU,1886,heat,historical,0.0,0.0,0.0,48
VU,1887,heat,historical,0.0,0.0,0.0,48
VU,1888,heat,historical,0.0,0.0,0.0,48
VU,1889,heat,historical,0.0,0.0,0.0,48
VU,1890,heat,historical,0.0,0.0,0.0,48
VU,1891,heat,historical,0.0,0.0,0.0,48
VU,1892,heat,historical,0.0,0.0,0.0,48
VU,1893,heat,historical,0.0,0.0,0.0,48
VU,1894,heat,historical,0.0,0.0,0.0,48
VU,1895,heat,historical,0.0,0.0,0.0,48
VU,1896,heat,historical,0.0,0.0,0.0,48
VU,1897,heat,historical,0.0,0.0,0.0,48
VU,1898,heat,historical,0.0,0.0,0.0,48
VU,1899,heat,historical,0.0,0.0,0.0,48
VU,1900,heat,historical,0.0,0.0,0.0,48
VU,1901,heat,historical,0.0,0.0,0.0,48
VU,1902,heat,historical,0.0,0.0,0.0,48
VU,1903,heat,historical,0.0,0.0,0.0,48
VU,1904,heat,historical,0.0,0.0,0.0,48
VU,1905,heat,historical,0.0,0.0,0.0,48
VU,1906,heat,historical,0.0,0.0,0.0,48
VU,1907,heat,historical,0.0,0.0,0.0,48
VU,1908,heat,historical,0.0,0.0,0.0,48
VU,1909,heat,historical,0.0,0.0,0.0,48
VU,1910,heat,historical,0.0,0.0,0.0,48
VU,1911,heat,historical,0.0,0.0,0.0,48
VU,1912,heat,historical,0.0,0.0,0.0,48
VU,1913,heat,historical,0.0,0.0,0.0,48
VU,1914,heat,historical,0.0,0.0,0.0,48
VU,1915,heat,historical,0.0,0.0,0.0,48
VU,1916,heat,historical,0.0,0.0,0.0,48
VU,1917,heat,historical,0.0,0.0,0.0,48
VU,1918,heat,historical,0.0,0.0,0.0,48
VU,1919,heat,historical,0.0,0.0,0.0,48
VU,1920,heat,historical,0.0,0.0,0.0,48
VU,1921,heat,historical,0.0,0.0,0.0,48
VU,1922,heat,historical,0.0,0.0,0.0,48
VU,1923,heat,historical,0.0,0.0,0.0,48
VU,1924,heat,historical,0.0,0.0,0.0,48
VU,1925,heat,historical,0.0,0.0,0.0,48
VU,1926,heat,historical,0.0,0.0,0.0,48
VU,1927,heat,historical,0.0,0.0,0.0,48
VU,1928,heat,historical,0.0,0.0,0.0,48
VU,1929,heat,historical,0.0,0.0,0.0,48
VU,1930,heat,historical,0.0,0.0,0.0,48
VU,1931,heat,historical,0.0,0.0,0.0,48
VU,1932,heat,historical,0.0,0.0,0.0,48
VU,1933,heat,historical,0.0,0.0,0.0,48
VU,1934,heat,historical,0.0,0.0,0.0,48
VU,1935,heat,historical,0.0,0.0,0.0,48
VU,1936,heat,historical,0.0,0.0,0.0,48
VU,1937,heat,historical,0.0,0.0,0.0,48
VU,1938,heat,historical,0.0,0.0,0.0,48
VU,1939,heat,historical,0.0,0.0,0.0,48
VU,1940,heat,historical,0.0,0.0,0.0,48
VU,1941,heat,historical,0.0,0.0,0.0,48
VU,1942,heat,historical,0.0,0.0,0.0,48
VU,1943,heat,historical,0.0,0.0,0.0,48
VU,1944,heat,historical,0.0,0.0,0.0,48
VU,1945,heat,historical,0.0,0.0,0.0,48
VU,1946,heat,historical,0.0,0.0,0.0,48
VU,1947,heat,historical,0.0,0.0,0.0,48
VU,1948,heat,historical,0.0,0.0,0.0,48
VU,1949,heat,historical,0.0,0.0,0.0,48
VU,1950,heat,historical,0.0,0.0,0.0,48
VU,1951,heat,historical,0.0,0.0,0.0,48
VU,1952,heat,historical,0.0,0.0,0.0,48
VU,1953,heat,historical,0.0,0.0,0.0,48
VU,1954,heat,historical,0.0,0.0,0.0,48
VU,1955,heat,historical,0.0,0.0,0.0,48
VU,1956,heat,historical,0.0,0.0,0.0,48
VU,1957,heat,historical,0.0,0.0,0.0,48
VU,1958,heat,historical,0.0,0.0,0.0,48
VU,1959,heat,historical,0.0,0.0,0.0,48
VU,1960,heat,historical,0.0,0.0,0.0,48
VU,1961,heat,historical,0.0,0.0,0.0,48
VU,1962,heat,historical,0.0,0.0,0.0,48
VU,1963,heat,historical,0.0,0.0,0.0,48
VU,1964,heat,historical,0.0,0.0,0.0,48
VU,1965,heat,historical,0.0,0.0,0.0,48
VU,1966,heat,historical,0.0,0.0,0.0,48
VU,1967,heat,historical,0.0,0.0,0.0,48
VU,1968,heat,historical,0.0,0.0,0.0,48
VU,1969,heat,historical,0.0,0.0,0.0,48
VU,1970,heat,historical,0.0,0.0,0.0,48
VU,1971,heat,historical,0.0,0.0,0.0,48
VU,1972,heat,historical,0.0,0.0,0.0,48
VU,1973,heat,historical,0.0,0.0,0.0,48
VU,1974,heat,historical,0.0,0.0,0.0,48
VU,1975,heat,historical,0.0,0.0,0.0,48
VU,1976,heat,historical,0.0,0.0,0.0,48
VU,1977,heat,historical,0.0,0.0,0.0,48
VU,1978,heat,historical,0.0,0.0,0.0,48
VU,1979,heat,historical,0.0,0.0,0.0,48
VU,1980,heat,historical,0.0,0.0,0.0,48
VU,1981,heat,historical,0.0,0.0,0.0,48
VU,1982,heat,historical,0.0,0.0,0.0,48
VU,1983,heat,historical,0.0,0.0,0.0,48
VU,1984,heat,historical,0.0,0.0,0.0,48
VU,1985,heat,historical,0.0,0.0,0.0,48
VU,1986,heat,historical,0.0,0.0,0.0,48
VU,1987,heat,historical,0.0,0.0,0.0,48
VU,1988,heat,historical,0.0,0.0,0.0,48
VU,1989,heat,historical,0.0,0.0,0.0,48
VU,1990,heat,historical,0.0,0.0,0.0,48
VU,1991,heat,historical,0.0,0.0,0.0,48
VU,1992,heat,historical,0.0,0.0,0.0,48
VU,1993,heat,historical,0.0,0.0,0.0,48
VU,1994,heat,historical,0.0,0.0,0.0,48
VU,1995,heat,historical,0.0,0.0,0.0,48
VU,1996,heat,historical,0.0,0.0,0.0,48
VU,1997,heat,historical,0.0,0.0,0.0,48
VU,1998,heat,historical,0.0,0.0,0.0,48
VU,1999,heat,historical,0.0,0.0,0.0,48
VU,2000,heat,historical,0.0,0.0,0.0,48
VU,2001,heat,historical,0.0,0.0,0.0,48
VU,2002,heat,historical,0.0,0.0,0.0,48
VU,2003,heat,historical,0.0,0.0,0.0,48
VU,2004,heat,historical,0.0,0.0,0.0,48
VU,2005,heat,historical,0.0,0.0,0.0,48
VU,2006,heat,historical,0.0,0.0,0.0,48
VU,2007,heat,historical,0.0,0.0,0.0,48
VU,2008,heat,historical,0.0,0.0,0.0,48
VU,2009,heat,historical,0.0,0.0,0.0,48
VU,2010,heat,historical,0.0,0.0,0.0,48
VU,2011,heat,historical,0.0,0.0,0.0,48
VU,2012,heat,historical,0.0,0.0,0.0,48
VU,2013,heat,historical,0.0,0.0,0.0,48
VU,2014,heat,historical,0.0,0.0,0.0,48
YE,1850,heat,historical,0.038686360245092595,0.62258863,0.0,108
YE,1851,heat,historical,0.04218916372222222,0.66904134,0.0,108
YE,1852,heat,historical,0.0447255743287037,0.6846634,0.0,108
YE,1853,heat,historical,0.03969727596851852,0.6584134,0.0,108
YE,1854,heat,historical,0.03831995250972223,0.61218005,0.0,108
YE,1855,heat,historical,0.03473968727962963,0.5958679,0.0,108
YE,1856,heat,historical,0.03692394739444444,0.6562093,0.0,108
YE,1857,heat,historical,0.04133621202777778,0.67953086,0.0,108
YE,1858,heat,historical,0.04039370172962963,0.6365134,0.0,108
YE,1859,heat,historical,0.036604563531481484,0.5598041,0.0,108
YE,1860,heat,historical,0.03170630787962963,0.6072706,0.0,108
YE,1861,heat,historical,0.03786566004074074,0.6862378,0.0,108
YE,1862,heat,historical,0.042833836040740744,0.6976162,0.0,108
YE,1863,heat,historical,0.03812616667537037,0.5870704,0.0,108
YE,1864,heat,historical,0.03286080197777778,0.6060684,0.0,108
YE,1865,heat,historical,0.035115284842592596,0.6301746,0.0,108
YE,1866,heat,historical,0.03700196909583334,0.6447049,0.0,108
YE,1867,heat,historical,0.03526261445925926,0.6843279,0.0,108
YE,1868,heat,historical,0.04355536390648148,0.69119734,0.0,108
YE,1869,heat,historical,0.03637453805277778,0.6159437,0.0,108
YE,1870,heat,historical,0.03350038451388889,0.59762037,0.0,108
YE,1871,heat,historical,0.036067827787037036,0.6344884,0.0,108
YE,1872,heat,historical,0.047750201671296295,0.7592197,0.0,108
YE,1873,heat,historical,0.031289863574074074,0.5646459,0.0,108
YE,1874,heat,historical,0.030666675606481484,0.53633946,0.0,108
YE,1875,heat,historical,0.0379303517462963,0.6429772,0.0,108
YE,1876,heat,historical,0.04349937173611112,0.6888249,0.0,108
YE,1877,heat,historical,0.03702439924074074,0.62402725,0.0,108
YE,1878,heat,historical,0.033352766358333334,0.5564018,0.0,108
YE,1879,heat,historical,0.03596287355555555,0.63023293,0.0,108
YE,1880,heat,historical,0.04418004886642593,0.71908987,0.0,108
YE,1881,heat,historical,0.04782038969999999,0.7279059,0.0,108
YE,1882,heat,historical,0.039093325411111116,0.6502751,0.0,108
YE,1883,heat,historical,0.03674925897962963,0.639337,0.0,108
YE,1884,heat,historical,0.027255872921296297,0.58172315,0.0,108
YE,1885,heat,historical,0.03233683735925926,0.6459417,0.0,108
YE,1886,heat,historical,0.04634173075925926,0.6822595,0.0,108
YE,1887,heat,historical,0.03521354694351852,0.5883686,0.0,108
YE,1888,heat,historical,0.03266029968518519,0.5947999,0.0,108
YE,1889,heat,historical,0.035412912100925925,0.6098629,0.0,108
YE,1890,heat,historical,0.03910585648055556,0.6836279,0.0,108
YE,1891,heat,historical,0.04133733561944445,0.64228857,0.0,108
YE,1892,heat,historical,0.04356012441851852,0.6476709,0.0,108
YE,1893,heat,historical,0.04050726535,0.6150631,0.0,108
YE,1894,heat,historical,0.04262225459814815,0.6578869,0.0,108
YE,1895,heat,historical,0.04534850347222222,0.72240895,0.0,108
YE,1896,heat,historical,0.03300063802685185,0.56638294,0.0,108
YE,1897,heat,historical,0.03347999912777778,0.5574342,0.0,108
YE,1898,heat,historical,0.03954553466574074,0.67135906,0.0,108
YE,1899,heat,historical,0.04148903905,0.68042594,0.0,108
YE,1900,heat,historical,0.03975209257314814,0.686754,0.0,108
YE,1901,heat,historical,0.037632796025277776,0.67589176,0.0,108
YE,1902,heat,historical,0.041568853620370376,0.62761533,0.0,108
YE,1903,heat,historical,0.03638595430092592,0.6224213,0.0,108
YE,1904,heat,historical,0.029610243450925926,0.5761364,0.0,108
YE,1905,heat,historical,0.03327776650212963,0.547497,0.0,108
YE,1906,heat,historical,0.03922534158333333,0.6996939,0.0,108
YE,1907,heat,historical,0.03461494982222223,0.5527059,0.0,108
YE,1908,heat,historical,0.041126265574629624,0.6530977,0.0,108
YE,1909,heat,historical,0.04097356765,0.6557638,0.0,108
YE,1910,heat,historical,0.038619221149444445,0.5877559,0.0,108
YE,1911,heat,historical,0.038288011441666665,0.64979506,0.0,108
YE,1912,heat,historical,0.03766733184259259,0.60919493,0.0,108
YE,1913,heat,historical,0.04094835042129629,0.6818259,0.0,108
YE,1914,heat,historical,0.04235626247166667,0.7315776,0.0,108
YE,1915,heat,historical,0.03746102178240741,0.6613407,0.0,108
YE,1916,heat,historical,0.041189861623148145,0.6771192,0.0,108
YE,1917,heat,historical,0.041041881851851855,0.6184085,0.0,108
YE,1918,heat,historical,0.03832445100555555,0.69007105,0.0,108
YE,1919,heat,historical,0.04507332469564815,0.71741176,0.0,108
YE,1920,heat,historical,0.04049565877777778,0.62591493,0.0,108
YE,1921,heat,historical,0.035404041415740745,0.57946223,0.0,108
YE,1922,heat,historical,0.04008721113240741,0.67198104,0.0,108
YE,1923,heat,historical,0.0465810044775,0.75678897,0.0,108
YE,1924,heat,historical,0.039376429251851856,0.60597706,0.0,108
YE,1925,heat,historical,0.0368639932962963,0.58897567,0.0,108
YE,1926,heat,historical,0.04099633746296297,0.62210596,0.0,108
YE,1927,heat,historical,0.04425847192222222,0.7319534,0.0,108
YE,1928,heat,historical,0.04024164046296296,0.666639,0.0,108
YE,1929,heat,historical,0.033092577243518516,0.5294751,0.0,108
YE,1930,heat,historical,0.04110081976851852,0.65875876,0.0,108
YE,1931,heat,historical,0.03618236476962963,0.5917089,0.0,108
YE,1932,heat,historical,0.046097814341759254,0.7172605,0.0,108
YE,1933,heat,historical,0.042136932989814815,0.6379758,0.0,108
YE,1934,heat,historical,0.04260206971481481,0.7013844,0.0,108
YE,1935,heat,historical,0.04621023014259259,0.69072354,0.0,108
YE,1936,heat,historical,0.04231335163462963,0.66513014,0.0,108
YE,1937,heat,historical,0.03639694812962963,0.5731089,0.0,108
YE,1938,heat,historical,0.045063130093055556,0.6555031,0.0,108
YE,1939,heat,historical,0.04710923792222222,0.70322204,0.0,108
YE,1940,heat,historical,0.040410363,0.6487854,0.0,108
YE,1941,heat,historical,0.04039589052333333,0.59600466,0.0,108
YE,1942,heat,historical,0.03377250379175,0.6457915,0.0,108
YE,1943,heat,historical,0.040655345034259265,0.652199,0.0,108
YE,1944,heat,historical,0.042918840599074075,0.6787153,0.0,108
YE,1945,heat,historical,0.04068247652314815,0.6889963,0.0,108
YE,1946,heat,historical,0.03981309402777778,0.61886835,0.0,108
YE,1947,heat,historical,0.0495641372712963,0.6777769,0.0,108
YE,1948,heat,historical,0.03955844364351852,0.6189319,0.0,108
YE,1949,heat,historical,0.03564149609722222,0.62600636,0.0,108
YE,1950,heat,historical,0.03641903964444444,0.6699705,0.0,108
YE,1951,heat,historical,0.039043192271296295,0.6454451,0.0,108
YE,1952,heat,historical,0.044242590283333334,0.61339784,0.0,108
YE,1953,heat,historical,0.0325657974787037,0.6597545,0.0,108
YE,1954,heat,historical,0.04131763826460185,0.6585605,0.0,108
YE,1955,heat,historical,0.04450066111083333,0.69340664,0.0,108
YE,1956,heat,historical,0.04477791948425926,0.6910368,0.0,108
YE,1957,heat,historical,0.0443980586037037,0.6928234,0.0,108
YE,1958,heat,historical,0.04687355790518519,0.639798,0.0,108
YE,1959,heat,historical,0.03948095225648148,0.6789212,0.0,108
YE,1960,heat,historical,0.042191429555555555,0.6737898,0.0,108
YE,1961,heat,historical,0.04829692567907407,0.6984689,0.0,108
YE,1962,heat,historical,0.03640086712037037,0.6003871,0.0,108
YE,1963,heat,historical,0.03634013376712963,0.6234579,0.0,108
YE,1964,heat,historical,0.037894940440740744,0.6644534,0.0,108
YE,1965,heat,historical,0.04496534966388889,0.73542476,0.0,108
YE,1966,heat,historical,0.03975514174484259,0.6087799,0.0,108
YE,1967,heat,historical,0.03903251033648148,0.6498462,0.0,108
YE,1968,heat,historical,0.048810982562962964,0.6806593,0.0,108
YE,1969,heat,historical,0.04937735673953703,0.70446557,0.0,108
YE,1970,heat,historical,0.04266836301203703,0.64514935,0.0,108
YE,1971,heat,historical,0.03479948903888889,0.57963103,0.0,108
YE,1972,heat,historical,0.03459542987962963,0.67401433,0.0,108
YE,1973,heat,historical,0.03751643715648148,0.6403023,0.0,108
YE,1974,heat,historical,0.04057316940157407,0.623446,0.0,108
YE,1975,heat,historical,0.04220168038888889,0.61325634,0.0,108
YE,1976,heat,historical,0.040468825888888886,0.70830864,0.0,108
YE,1977,heat,historical,0.04370569725055556,0.65109336,0.0,108
YE,1978,heat,historical,0.04157775671083334,0.64777523,0.0,108
YE,1979,heat,historical,0.03677630161111111,0.6373868,0.0,108
YE,1980,heat,historical,0.04407368854629629,0.6957424,0.0,108
YE,1981,heat,historical,0.043840187219444444,0.6485536,0.0,108
YE,1982,heat,historical,0.040411093851851855,0.6162962,0.0,108
YE,1983,heat,historical,0.03400866181574074,0.58188784,0.0,108
YE,1984,heat,historical,0.03914419951203704,0.68065464,0.0,108
YE,1985,heat,historical,0.04248912442592592,0.6572809,0.0,108
YE,1986,heat,historical,0.036630859351851855,0.61650884,0.0,108
YE,1987,heat,historical,0.04139485698611111,0.64339685,0.0,108
YE,1988,heat,historical,0.04875496265092592,0.71652335,0.0,108
YE,1989,heat,historical,0.05073511552777778,0.6410729,0.0,108
YE,1990,heat,historical,0.04300803318518519,0.6538178,0.0,108
YE,1991,heat,historical,0.04262123126388889,0.68589455,0.0,108
YE,1992,heat,historical,0.035385496310185185,0.61320674,0.0,108
YE,1993,heat,historical,0.04231696424074074,0.66484004,0.0,108
YE,1994,heat,historical,0.0474130409712963,0.6878927,0.0,108
YE,1995,heat,historical,0.04113951983888889,0.65055287,0.0,108
YE,1996,heat,historical,0.033303169526111114,0.6091521,0.0,108
YE,1997,heat,historical,0.05547453757638889,0.71174186,0.0,108
YE,1998,heat,historical,0.043815452929629635,0.6597163,0.0,108
YE,1999,heat,historical,0.04135029250925926,0.65600073,0.0,108
YE,2000,heat,historical,0.04440191562407408,0.70771194,0.0,108
YE,2001,heat,historical,0.05057171253611111,0.78422976,0.0,108
YE,2002,heat,historical,0.05975694485962963,0.7433592,0.0,108
YE,2003,heat,historical,0.04329607306481482,0.6733438,0.0,108
YE,2004,heat,historical,0.038049845724999996,0.60149336,0.0,108
YE,2005,heat,historical,0.042924959105555556,0.70796585,0.0,108
YE,2006,heat,historical,0.05367666001851852,0.7619256,0.0,108
YE,2007,heat,historical,0.04570138449814815,0.6713792,0.0,108
YE,2008,heat,historical,0.054852878541666664,0.7447256,0.0,108
YE,2009,heat,historical,0.04809080327379629,0.7305158,0.0,108
YE,2010,heat,historical,0.054381813988055555,0.72704387,0.0,108
YE,2011,heat,historical,0.05394463313277778,0.6765442,0.0,108
YE,2012,heat,historical,0.04478962415333333,0.62810725,0.0,108
YE,2013,heat,historical,0.041883095342592595,0.7013901,0.0,108
YE,2014,heat,historical,0.044317672107407405,0.6752919,0.0,108
ZA,1850,heat,historical,0.0,0.0,0.0,756
ZA,1851,heat,historical,0.0,0.0,0.0,756
ZA,1852,heat,historical,0.0,0.0,0.0,756
ZA,1853,heat,historical,0.0,0.0,0.0,756
ZA,1854,heat,historical,0.0,0.0,0.0,756
ZA,1855,heat,historical,0.0,0.0,0.0,756
ZA,1856,heat,historical,0.0,0.0,0.0,756
ZA,1857,heat,historical,0.0,0.0,0.0,756
ZA,1858,heat,historical,0.0,0.0,0.0,756
ZA,1859,heat,historical,0.0,0.0,0.0,756
ZA,1860,heat,historical,0.0,0.0,0.0,756
ZA,1861,heat,historical,0.0,0.0,0.0,756
ZA,1862,heat,historical,0.0,0.0,0.0,756
ZA,1863,heat,historical,0.0,0.0,0.0,756
ZA,1864,heat,historical,0.0,0.0,0.0,756
ZA,1865,heat,historical,0.0,0.0,0.0,756
ZA,1866,heat,historical,0.0,0.0,0.0,756
ZA,1867,heat,historical,0.0,0.0,0.0,756
ZA,1868,heat,historical,0.0,0.0,0.0,756
ZA,1869,heat,historical,0.0,0.0,0.0,756
ZA,1870,heat,historical,0.0,0.0,0.0,756
ZA,1871,heat,historical,0.0,0.0,0.0,756
ZA,1872,heat,historical,0.0,0.0,0.0,756
ZA,1873,heat,historical,1.2157163359788359e-05,0.0091908155,0.0,756
ZA,1874,heat,historical,0.0,0.0,0.0,756
ZA,1875,heat,historical,0.0,0.0,0.0,756
ZA,1876,heat,historical,2.4117682539682538e-05,0.018232968,0.0,756
ZA,1877,heat,historical,0.0,0.0,0.0,756
ZA,1878,heat,historical,0.0,0.0,0.0,756
ZA,1879,heat,historical,0.0,0.0,0.0,756
ZA,1880,heat,historical,0.0,0.0,0.0,756
ZA,1881,heat,historical,0.0,0.0,0.0,756
ZA,1882,heat,historical,0.0,0.0,0.0,756
ZA,1883,heat,historical,0.0,0.0,0.0,756
ZA,1884,heat,historical,0.0,0.0,0.0,756
ZA,1885,heat,historical,0.0,0.0,0.0,756
ZA,1886,heat,historical,0.0,0.0,0.0,756
ZA,1887,heat,historical,0.0,0.0,0.0,756
ZA,1888,heat,historical,0.0,0.0,0.0,756
ZA,1889,heat,historical,0.0,0.0,0.0,756
ZA,1890,heat,historical,0.0,0.0,0.0,756
ZA,1891,heat,historical,5.141445767195767e-07,0.0003886933,0.0,756
ZA,1892,heat,historical,0.0,0.0,0.0,756
ZA,1893,heat,historical,0.0,0.0,0.0,756
ZA,1894,heat,historical,0.0,0.0,0.0,756
ZA,1895,heat,historical,2.89689417989418e-05,0.02190052,0.0,756
ZA,1896,heat,historical,0.0,0.0,0.0,756
ZA,1897,heat,historical,0.0,0.0,0.0,756
ZA,1898,heat,historical,0.0,0.0,0.0,756
ZA,1899,heat,historical,0.0,0.0,0.0,756
ZA,1900,heat,historical,0.0,0.0,0.0,756
ZA,1901,heat,historical,0.0,0.0,0.0,756
ZA,1902,heat,historical,0.0,0.0,0.0,756
ZA,1903,heat,historical,0.0,0.0,0.0,756
ZA,1904,heat,historical,0.0,0.0,0.0,756
ZA,1905,heat,historical,0.0,0.0,0.0,756
ZA,1906,heat,historical,0.0,0.0,0.0,756
ZA,1907,heat,historical,0.0,0.0,0.0,756
ZA,1908,heat,historical,0.0,0.0,0.0,756
ZA,1909,heat,historical,0.0,0.0,0.0,756
ZA,1910,heat,historical,2.1760674603174602e-06,0.001645107,0.0,756
ZA,1911,heat,historical,0.0,0.0,0.0,756
ZA,1912,heat,historical,0.0,0.0,0.0,756
ZA,1913,heat,historical,0.0,0.0,0.0,756
ZA,1914,heat,historical,0.0,0.0,0.0,756
ZA,1915,heat,historical,0.0,0.0,0.0,756
ZA,1916,heat,historical,0.0,0.0,0.0,756
ZA,1917,heat,historical,0.0,0.0,0.0,756
ZA,1918,heat,historical,4.47913492063492e-06,0.003386226,0.0,756
ZA,1919,heat,historical,2.9633300264550263e-05,0.022402775,0.0,756
ZA,1920,heat,historical,0.0,0.0,0.0,756
ZA,1921,heat,historical,0.0,0.0,0.0,756
ZA,1922,heat,historical,0.0,0.0,0.0,756
ZA,1923,heat,historical,0.0,0.0,0.0,756
ZA,1924,heat,historical,0.0,0.0,0.0,756
ZA,1925,heat,historical,0.0,0.0,0.0,756
ZA,1926,heat,historical,3.7239634920634923e-06,0.0028153164,0.0,756
ZA,1927,heat,historical,0.0,0.0,0.0,756
ZA,1928,heat,historical,0.0,0.0,0.0,756
ZA,1929,heat,historical,0.0,0.0,0.0,756
ZA,1930,heat,historical,0.0,0.0,0.0,756
ZA,1931,heat,historical,2.0258526455026455e-06,0.0015315446,0.0,756
ZA,1932,heat,historical,0.0,0.0,0.0,756
ZA,1933,heat,historical,0.0,0.0,0.0,756
ZA,1934,heat,historical,0.0,0.0,0.0,756
ZA,1935,heat,historical,0.0,0.0,0.0,756
ZA,1936,heat,historical,7.712168915343914e-06,0.0058303997,0.0,756
ZA,1937,heat,historical,0.0,0.0,0.0,756
ZA,1938,heat,historical,0.0,0.0,0.0,756
ZA,1939,heat,historical,0.0,0.0,0.0,756
ZA,1940,heat,historical,2.1797546296296294e-05,0.016478945,0.0,756
ZA,1941,heat,historical,0.0,0.0,0.0,756
ZA,1942,heat,historical,0.0,0.0,0.0,756
ZA,1943,heat,historical,0.0,0.0,0.0,756
ZA,1944,heat,historical,0.0,0.0,0.0,756
ZA,1945,heat,historical,5.386227513227513e-05,0.04071988,0.0,756
ZA,1946,heat,historical,0.0,0.0,0.0,756
ZA,1947,heat,historical,0.0,0.0,0.0,756
ZA,1948,heat,historical,1.156723015873016e-05,0.008744826,0.0,756
ZA,1949,heat,historical,0.0,0.0,0.0,756
ZA,1950,heat,historical,0.0,0.0,0.0,756
ZA,1951,heat,historical,0.0,0.0,0.0,756
ZA,1952,heat,historical,3.19315873015873e-05,0.02414028,0.0,756
ZA,1953,heat,historical,0.0,0.0,0.0,756
ZA,1954,heat,historical,0.0,0.0,0.0,756
ZA,1955,heat,historical,0.0,0.0,0.0,756
ZA,1956,heat,historical,2.680652777777778e-06,0.0020265735,0.0,756
ZA,1957,heat,historical,2.7926313492063494e-07,0.00021112293,0.0,756
ZA,1958,heat,historical,0.0,0.0,0.0,756
ZA,1959,heat,historical,0.0,0.0,0.0,756
ZA,1960,heat,historical,0.0,0.0,0.0,756
ZA,1961,heat,historical,4.5547201058201056e-05,0.023055242,0.0,756
ZA,1962,heat,historical,0.0,0.0,0.0,756
ZA,1963,heat,historical,0.0,0.0,0.0,756
ZA,1964,heat,historical,0.0,0.0,0.0,756
ZA,1965,heat,historical,0.0,0.0,0.0,756
ZA,1966,heat,historical,0.0,0.0,0.0,756
ZA,1967,heat,historical,0.0,0.0,0.0,756
ZA,1968,heat,historical,0.0,0.0,0.0,756
ZA,1969,heat,historical,1.4064210317460318e-05,0.010632543,0.0,756
ZA,1970,heat,historical,0.0,0.0,0.0,756
ZA,1971,heat,historical,0.0,0.0,0.0,756
ZA,1972,heat,historical,0.0,0.0,0.0,756
ZA,1973,heat,historical,1.04310582010582e-05,0.00788588,0.0,756
ZA,1974,heat,historical,9.872531746031746e-06,0.007463634,0.0,756
ZA,1975,heat,historical,1.0218026587301587e-05,0.006320267,0.0,756
ZA,1976,heat,historical,1.940503306878307e-06,0.0014670205,0.0,756
ZA,1977,heat,historical,7.2499166666666665e-06,0.005480937,0.0,756
ZA,1978,heat,historical,0.0,0.0,0.0,756
ZA,1979,heat,historical,0.0,0.0,0.0,756
ZA,1980,heat,historical,5.689730423280423e-06,0.0043014362,0.0,756
ZA,1981,heat,historical,0.0,0.0,0.0,756
ZA,1982,heat,historical,0.0,0.0,0.0,756
ZA,1983,heat,historical,0.0,0.0,0.0,756
ZA,1984,heat,historical,0.0,0.0,0.0,756
ZA,1985,heat,historical,9.819957010582011e-06,0.0074238875,0.0,756
ZA,1986,heat,historical,6.741234126984127e-06,0.005096373,0.0,756
ZA,1987,heat,historical,0.0,0.0,0.0,756
ZA,1988,heat,historical,0.0,0.0,0.0,756
ZA,1989,heat,historical,3.221631349206349e-05,0.024355533,0.0,756
ZA,1990,heat,historical,0.0,0.0,0.0,756
ZA,1991,heat,historical,2.494932671957672e-06,0.0018861691,0.0,756
ZA,1992,heat,historical,0.0,0.0,0.0,756
ZA,1993,heat,historical,8.351947486772487e-06,0.0063140723,0.0,756
ZA,1994,heat,historical,2.5606859788359786e-05,0.019358786,0.0,756
ZA,1995,heat,historical,0.0,0.0,0.0,756
ZA,1996,heat,historical,0.0,0.0,0.0,756
ZA,1997,heat,historical,2.4718543650793653e-05,0.007604039,0.0,756
ZA,1998,heat,historical,6.921287433862433e-05,0.037455995,0.0,756
ZA,1999,heat,historical,7.943636243386244e-06,0.006005389,0.0,756
ZA,2000,heat,historical,0.0,0.0,0.0,756
ZA,2001,heat,historical,3.84413544973545e-05,0.029061664,0.0,756
ZA,2002,heat,historical,7.861085978835979e-05,0.05942981,0.0,756
ZA,2003,heat,historical,0.0,0.0,0.0,756
ZA,2004,heat,historical,0.0,0.0,0.0,756
ZA,2005,heat,historical,0.0,0.0,0.0,756
ZA,2006,heat,historical,4.999834259259259e-05,0.037798747,0.0,756
ZA,2007,heat,historical,1.3087130952380953e-05,0.009893871,0.0,756
ZA,2008,heat,historical,5.2227668518518524e-05,0.03854413,0.0,756
ZA,2009,heat,historical,3.919925661375661e-06,0.0029634638,0.0,756
ZA,2010,heat,historical,4.7565548148148145e-05,0.03258262,0.0,756
ZA,2011,heat,historical,8.544017857142855e-05,0.052270733,0.0,756
ZA,2012,heat,historical,1.940981216931217e-05,0.014673818,0.0,756
ZA,2013,heat,historical,3.300357671957672e-05,0.024950704,0.0,756
ZA,2014,heat,historical,7.725824603174603e-06,0.0058407234,0.0,756
ZM,1850,heat,historical,0.0,0.0,0.0,48
ZM,1851,heat,historical,0.0,0.0,0.0,48
ZM,1852,heat,historical,0.0,0.0,0.0,48
ZM,1853,heat,historical,0.0,0.0,0.0,48
ZM,1854,heat,historical,0.0,0.0,0.0,48
ZM,1855,heat,historical,0.0,0.0,0.0,48
ZM,1856,heat,historical,0.0,0.0,0.0,48
ZM,1857,heat,historical,0.0,0.0,0.0,48
ZM,1858,heat,historical,0.0,0.0,0.0,48
ZM,1859,heat,historical,0.0,0.0,0.0,48
ZM,1860,heat,historical,0.0,0.0,0.0,48
ZM,1861,heat,historical,0.0,0.0,0.0,48
ZM,1862,heat,historical,0.0001553203125,0.007455375,0.0,48
ZM,1863,heat,historical,0.0,0.0,0.0,48
ZM,1864,heat,historical,0.0,0.0,0.0,48
ZM,1865,heat,historical,0.0,0.0,0.0,48
ZM,1866,heat,historical,0.0,0.0,0.0,48
ZM,1867,heat,historical,0.000295939875,0.011273138,0.0,48
ZM,1868,heat,historical,0.0,0.0,0.0,48
ZM,1869,heat,historical,0.0,0.0,0.0,48
ZM,1870,heat,historical,0.0,0.0,0.0,48
ZM,1871,heat,historical,0.00012330559396875,0.0059047313,0.0,48
ZM,1872,heat,historical,0.0,0.0,0.0,48
ZM,1873,heat,historical,0.0,0.0,0.0,48
ZM,1874,heat,historical,0.0,0.0,0.0,48
ZM,1875,heat,historical,0.0,0.0,0.0,48
ZM,1876,heat,historical,0.00020315418958333337,0.009390066,0.0,48
ZM,1877,heat,historical,0.0,0.0,0.0,48
ZM,1878,heat,historical,0.0,0.0,0.0,48
ZM,1879,heat,historical,0.0,0.0,0.0,48
ZM,1880,heat,historical,0.0,0.0,0.0,48
ZM,1881,heat,historical,0.0,0.0,0.0,48
ZM,1882,heat,historical,0.0,0.0,0.0,48
ZM,1883,heat,historical,0.0,0.0,0.0,48
ZM,1884,heat,historical,0.0,0.0,0.0,48
ZM,1885,heat,historical,0.0,0.0,0.0,48
ZM,1886,heat,historical,0.0,0.0,0.0,48
ZM,1887,heat,historical,0.0,0.0,0.0,48
ZM,1888,heat,historical,0.0,0.0,0.0,48
ZM,1889,heat,historical,0.0,0.0,0.0,48
ZM,1890,heat,historical,0.0,0.0,0.0,48
ZM,1891,heat,historical,0.00011392808958333333,0.0054685483,0.0,48
ZM,1892,heat,historical,0.0,0.0,0.0,48
ZM,1893,heat,historical,0.0,0.0,0.0,48
ZM,1894,heat,historical,0.0,0.0,0.0,48
ZM,1895,heat,historical,0.0,0.0,0.0,48
ZM,1896,heat,historical,0.0,0.0,0.0,48
ZM,1897,heat,historical,0.0,0.0,0.0,48
ZM,1898,heat,historical,0.0,0.0,0.0,48
ZM,1899,heat,historical,0.0,0.0,0.0,48
ZM,1900,heat,historical,0.0,0.0,0.0,48
ZM,1901,heat,historical,0.0,0.0,0.0,48
ZM,1902,heat,historical,0.0,0.0,0.0,48
ZM,1903,heat,historical,0.0,0.0,0.0,48
ZM,1904,heat,historical,0.0,0.0,0.0,48
ZM,1905,heat,historical,0.0,0.0,0.0,48
ZM,1906,heat,historical,0.0,0.0,0.0,48
ZM,1907,heat,historical,0.0,0.0,0.0,48
ZM,1908,heat,historical,0.0,0.0,0.0,48
ZM,1909,heat,historical,0.0,0.0,0.0,48
ZM,1910,heat,historical,0.0,0.0,0.0,48
ZM,1911,heat,historical,0.0,0.0,0.0,48
ZM,1912,heat,historical,0.0,0.0,0.0,48
ZM,1913,heat,historical,1.1958470833333335e-05,0.0005740066,0.0,48
ZM,1914,heat,historical,0.0,0.0,0.0,48
ZM,1915,heat,historical,0.0,0.0,0.0,48
ZM,1916,heat,historical,0.0,0.0,0.0,48
ZM,1917,heat,historical,0.0,0.0,0.0,48
ZM,1918,heat,historical,0.0,0.0,0.0,48
ZM,1919,heat,historical,0.0,0.0,0.0,48
ZM,1920,heat,historical,0.0,0.0,0.0,48
ZM,1921,heat,historical,0.0,0.0,0.0,48
ZM,1922,heat,historical,0.0,0.0,0.0,48
ZM,1923,heat,historical,0.00015672909375000001,0.0075229965,0.0,48
ZM,1924,heat,historical,0.0,0.0,0.0,48
ZM,1925,heat,historical,0.0,0.0,0.0,48
ZM,1926,heat,historical,0.0,0.0,0.0,48
ZM,1927,heat,historical,0.0,0.0,0.0,48
ZM,1928,heat,historical,0.0,0.0,0.0,48
ZM,1929,heat,historical,0.0,0.0,0.0,48
ZM,1930,heat,historical,0.0,0.0,0.0,48
ZM,1931,heat,historical,0.0009235337708333333,0.025690924,0.0,48
ZM,1932,heat,historical,0.0,0.0,0.0,48
ZM,1933,heat,historical,0.0,0.0,0.0,48
ZM,1934,heat,historical,0.0,0.0,0.0,48
ZM,1935,heat,historical,0.0,0.0,0.0,48
ZM,1936,heat,historical,0.0,0.0,0.0,48
ZM,1937,heat,historical,0.0,0.0,0.0,48
ZM,1938,heat,historical,0.0003997806875,0.019189473,0.0,48
ZM,1939,heat,historical,0.0,0.0,0.0,48
ZM,1940,heat,historical,0.0,0.0,0.0,48
ZM,1941,heat,historical,0.0,0.0,0.0,48
ZM,1942,heat,historical,0.0,0.0,0.0,48
ZM,1943,heat,historical,0.0,0.0,0.0,48
ZM,1944,heat,historical,0.0,0.0,0.0,48
ZM,1945,heat,historical,0.0,0.0,0.0,48
ZM,1946,heat,historical,0.0,0.0,0.0,48
ZM,1947,heat,historical,0.0,0.0,0.0,48
ZM,1948,heat,historical,0.0,0.0,0.0,48
ZM,1949,heat,historical,0.0,0.0,0.0,48
ZM,1950,heat,historical,0.0,0.0,0.0,48
ZM,1951,heat,historical,0.0007460493750000001,0.02692927,0.0,48
ZM,1952,heat,historical,0.0,0.0,0.0,48
ZM,1953,heat,historical,0.0,0.0,0.0,48
ZM,1954,heat,historical,0.0,0.0,0.0,48
ZM,1955,heat,historical,0.0,0.0,0.0,48
ZM,1956,heat,historical,0.0,0.0,0.0,48
ZM,1957,heat,historical,0.0,0.0,0.0,48
ZM,1958,heat,historical,0.0,0.0,0.0,48
ZM,1959,heat,historical,0.0,0.0,0.0,48
ZM,1960,heat,historical,0.0,0.0,0.0,48
ZM,1961,heat,historical,0.0,0.0,0.0,48
ZM,1962,heat,historical,0.0,0.0,0.0,48
ZM,1963,heat,historical,0.0,0.0,0.0,48
ZM,1964,heat,historical,0.0,0.0,0.0,48
ZM,1965,heat,historical,2.2594195833333335e-05,0.0010845214,0.0,48
ZM,1966,heat,historical,0.0,0.0,0.0,48
ZM,1967,heat,historical,9.308679791666665e-05,0.0044681663,0.0,48
ZM,1968,heat,historical,0.0,0.0,0.0,48
ZM,1969,heat,historical,0.0,0.0,0.0,48
ZM,1970,heat,historical,0.0,0.0,0.0,48
ZM,1971,heat,historical,0.0,0.0,0.0,48
ZM,1972,heat,historical,0.0,0.0,0.0,48
ZM,1973,heat,historical,0.0,0.0,0.0,48
ZM,1974,heat,historical,0.0,0.0,0.0,48
ZM,1975,heat,historical,0.0,0.0,0.0,48
ZM,1976,heat,historical,0.0,0.0,0.0,48
ZM,1977,heat,historical,0.0,0.0,0.0,48
ZM,1978,heat,historical,0.0,0.0,0.0,48
ZM,1979,heat,historical,0.0,0.0,0.0,48
ZM,1980,heat,historical,0.0012532520208333334,0.023766557,0.0,48
ZM,1981,heat,historical,0.0,0.0,0.0,48
ZM,1982,heat,historical,0.0,0.0,0.0,48
ZM,1983,heat,historical,0.0,0.0,0.0,48
ZM,1984,heat,historical,0.0011130732916666667,0.029931448,0.0,48
ZM,1985,heat,historical,0.0,0.0,0.0,48
ZM,1986,heat,historical,0.0,0.0,0.0,48
ZM,1987,heat,historical,0.00021780116666666668,0.010454456,0.0,48
ZM,1988,heat,historical,0.0,0.0,0.0,48
ZM,1989,heat,historical,0.0,0.0,0.0,48
ZM,1990,heat,historical,0.0,0.0,0.0,48
ZM,1991,heat,historical,0.0,0.0,0.0,48
ZM,1992,heat,historical,0.0,0.0,0.0,48
ZM,1993,heat,historical,0.0,0.0,0.0,48
ZM,1994,heat,historical,0.0,0.0,0.0,48
ZM,1995,heat,historical,0.0,0.0,0.0,48
ZM,1996,heat,historical,0.0,0.0,0.0,48
ZM,1997,heat,historical,0.0032425844791666666,0.047143903,0.0,48
ZM,1998,heat,historical,0.0008342968958333333,0.02070037,0.0,48
ZM,1999,heat,historical,0.0,0.0,0.0,48
ZM,2000,heat,historical,0.0,0.0,0.0,48
ZM,2001,heat,historical,0.0,0.0,0.0,48
ZM,2002,heat,historical,0.0,0.0,0.0,48
ZM,2003,heat,historical,0.0,0.0,0.0,48
ZM,2004,heat,historical,0.0,0.0,0.0,48
ZM,2005,heat,historical,0.0,0.0,0.0,48
ZM,2006,heat,historical,0.0004264614395833334,0.013461281,0.0,48
ZM,2007,heat,historical,0.0,0.0,0.0,48
ZM,2008,heat,historical,0.00022743677083333336,0.010916965,0.0,48
ZM,2009,heat,historical,0.0,0.0,0.0,48
ZM,2010,heat,historical,0.0,0.0,0.0,48
ZM,2011,heat,historical,0.0,0.0,0.0,48
ZM,2012,heat,historical,0.0,0.0,0.0,48
ZM,2013,heat,historical,0.00017724776041666665,0.0085078925,0.0,48
ZM,2014,heat,historical,0.0002505686729166667,0.0076159113,0.0,48
ZW,1850,heat,historical,0.0,0.0,0.0,24
ZW,1851,heat,historical,0.0,0.0,0.0,24
ZW,1852,heat,historical,0.0,0.0,0.0,24
ZW,1853,heat,historical,0.0,0.0,0.0,24
ZW,1854,heat,historical,0.0,0.0,0.0,24
ZW,1855,heat,historical,0.0,0.0,0.0,24
ZW,1856,heat,historical,0.0,0.0,0.0,24
ZW,1857,heat,historical,0.0,0.0,0.0,24
ZW,1858,heat,historical,0.0023053178333333336,0.04275678,0.0,24
ZW,1859,heat,historical,0.0,0.0,0.0,24
ZW,1860,heat,historical,0.0,0.0,0.0,24
ZW,1861,heat,historical,0.0,0.0,0.0,24
ZW,1862,heat,historical,0.0005935574166666666,0.014245378,0.0,24
ZW,1863,heat,historical,0.0,0.0,0.0,24
ZW,1864,heat,historical,0.0,0.0,0.0,24
ZW,1865,heat,historical,0.0,0.0,0.0,24
ZW,1866,heat,historical,0.0,0.0,0.0,24
ZW,1867,heat,historical,0.000163203,0.003916872,0.0,24
ZW,1868,heat,historical,0.0,0.0,0.0,24
ZW,1869,heat,historical,0.0,0.0,0.0,24
ZW,1870,heat,historical,0.0,0.0,0.0,24
ZW,1871,heat,historical,0.00035298996666666664,0.0074620857,0.0,24
ZW,1872,heat,historical,0.0,0.0,0.0,24
ZW,1873,heat,historical,0.0003597435,0.008633844,0.0,24
ZW,1874,heat,historical,0.0,0.0,0.0,24
ZW,1875,heat,historical,0.0,0.0,0.0,24
ZW,1876,heat,historical,3.47785025e-05,0.00083468406,0.0,24
ZW,1877,heat,historical,0.0,0.0,0.0,24
ZW,1878,heat,historical,0.0,0.0,0.0,24
ZW,1879,heat,historical,0.0,0.0,0.0,24
ZW,1880,heat,historical,0.0,0.0,0.0,24
ZW,1881,heat,historical,0.0,0.0,0.0,24
ZW,1882,heat,historical,0.0,0.0,0.0,24
ZW,1883,heat,historical,0.0,0.0,0.0,24
ZW,1884,heat,historical,0.0,0.0,0.0,24
ZW,1885,heat,historical,0.0,0.0,0.0,24
ZW,1886,heat,historical,7.48049625e-05,0.0017953191,0.0,24
ZW,1887,heat,historical,0.0,0.0,0.0,24
ZW,1888,heat,historical,0.0,0.0,0.0,24
ZW,1889,heat,historical,0.00044291508333333334,0.010629962,0.0,24
ZW,1890,heat,historical,0.0,0.0,0.0,24
ZW,1891,heat,historical,5.5404716666666665e-05,0.0013297132,0.0,24
ZW,1892,heat,historical,0.0,0.0,0.0,24
ZW,1893,heat,historical,0.0,0.0,0.0,24
ZW,1894,heat,historical,0.0,0.0,0.0,24
ZW,1895,heat,historical,0.0,0.0,0.0,24
ZW,1896,heat,historical,0.0005318723333333333,0.012764936,0.0,24
ZW,1897,heat,historical,0.0,0.0,0.0,24
ZW,1898,heat,historical,0.0,0.0,0.0,24
ZW,1899,heat,historical,0.0,0.0,0.0,24
ZW,1900,heat,historical,0.0,0.0,0.0,24
ZW,1901,heat,historical,0.0,0.0,0.0,24
ZW,1902,heat,historical,0.0,0.0,0.0,24
ZW,1903,heat,historical,0.00034004212499999997,0.008161011,0.0,24
ZW,1904,heat,historical,0.0,0.0,0.0,24
ZW,1905,heat,historical,0.0,0.0,0.0,24
ZW,1906,heat,historical,0.0,0.0,0.0,24
ZW,1907,heat,historical,0.0,0.0,0.0,24
ZW,1908,heat,historical,8.25478625e-05,0.0019811487,0.0,24
ZW,1909,heat,historical,0.0,0.0,0.0,24
ZW,1910,heat,historical,0.0,0.0,0.0,24
ZW,1911,heat,historical,1.7787149166666667e-05,0.00042689158,0.0,24
ZW,1912,heat,historical,0.0,0.0,0.0,24
ZW,1913,heat,historical,0.0003933175329166666,0.009306443,0.0,24
ZW,1914,heat,historical,0.0,0.0,0.0,24
ZW,1915,heat,historical,0.0,0.0,0.0,24
ZW,1916,heat,historical,0.0,0.0,0.0,24
ZW,1917,heat,historical,0.0,0.0,0.0,24
ZW,1918,heat,historical,0.0,0.0,0.0,24
ZW,1919,heat,historical,0.0,0.0,0.0,24
ZW,1920,heat,historical,0.00037581,0.00901944,0.0,24
ZW,1921,heat,historical,0.0,0.0,0.0,24
ZW,1922,heat,historical,0.0,0.0,0.0,24
ZW,1923,heat,historical,0.0003132861083333333,0.004735038,0.0,24
ZW,1924,heat,historical,0.0,0.0,0.0,24
ZW,1925,heat,historical,0.0,0.0,0.0,24
ZW,1926,heat,historical,0.0,0.0,0.0,24
ZW,1927,heat,historical,0.00027848611250000003,0.0066836667,0.0,24
ZW,1928,heat,historical,0.0,0.0,0.0,24
ZW,1929,heat,historical,0.0,0.0,0.0,24
ZW,1930,heat,historical,0.0,0.0,0.0,24
ZW,1931,heat,historical,0.003303893125,0.04971248,0.0,24
ZW,1932,heat,historical,0.0,0.0,0.0,24
ZW,1933,heat,historical,0.0,0.0,0.0,24
ZW,1934,heat,historical,0.0,0.0,0.0,24
ZW,1935,heat,historical,0.0,0.0,0.0,24
ZW,1936,heat,historical,0.0,0.0,0.0,24
ZW,1937,heat,historical,0.0,0.0,0.0,24
ZW,1938,heat,historical,0.0035701626966666666,0.08312462,0.0,24
ZW,1939,heat,historical,0.00010824997083333332,0.0025979993,0.0,24
ZW,1940,heat,historical,3.74454975e-05,0.00089869194,0.0,24
ZW,1941,heat,historical,0.0,0.0,0.0,24
ZW,1942,heat,historical,0.0,0.0,0.0,24
ZW,1943,heat,historical,0.0,0.0,0.0,24
ZW,1944,heat,historical,0.0,0.0,0.0,24
ZW,1945,heat,historical,0.0,0.0,0.0,24
ZW,1946,heat,historical,0.0026306699583333332,0.034009375,0.0,24
ZW,1947,heat,historical,0.00019871279166666666,0.004769107,0.0,24
ZW,1948,heat,historical,0.0,0.0,0.0,24
ZW,1949,heat,historical,0.0,0.0,0.0,24
ZW,1950,heat,historical,0.0009764865166666667,0.020658042,0.0,24
ZW,1951,heat,historical,0.004095216774166667,0.09804827,0.0,24
ZW,1952,heat,historical,0.0,0.0,0.0,24
ZW,1953,heat,historical,0.0,0.0,0.0,24
ZW,1954,heat,historical,0.0,0.0,0.0,24
ZW,1955,heat,historical,0.0,0.0,0.0,24
ZW,1956,heat,historical,0.0,0.0,0.0,24
ZW,1957,heat,historical,0.0,0.0,0.0,24
ZW,1958,heat,historical,1.2453155416666667e-05,0.00029887573,0.0,24
ZW,1959,heat,historical,0.0,0.0,0.0,24
ZW,1960,heat,historical,0.0019931931250000002,0.047836635,0.0,24
ZW,1961,heat,historical,2.04971625e-05,0.0004919319,0.0,24
ZW,1962,heat,historical,0.0,0.0,0.0,24
ZW,1963,heat,historical,0.0,0.0,0.0,24
ZW,1964,heat,historical,2.66484625e-05,0.0006395631,0.0,24
ZW,1965,heat,historical,2.114240416666667e-05,0.0005074177,0.0,24
ZW,1966,heat,historical,0.0,0.0,0.0,24
ZW,1967,heat,historical,0.002147685375,0.03767899,0.0,24
ZW,1968,heat,historical,0.00017466679166666665,0.004192003,0.0,24
ZW,1969,heat,historical,0.0020307460833333332,0.048737906,0.0,24
ZW,1970,heat,historical,0.0,0.0,0.0,24
ZW,1971,heat,historical,0.0,0.0,0.0,24
ZW,1972,heat,historical,0.0,0.0,0.0,24
ZW,1973,heat,historical,0.0,0.0,0.0,24
ZW,1974,heat,historical,0.0,0.0,0.0,24
ZW,1975,heat,historical,0.0,0.0,0.0,24
ZW,1976,heat,historical,0.0,0.0,0.0,24
ZW,1977,heat,historical,0.0,0.0,0.0,24
ZW,1978,heat,historical,0.0,0.0,0.0,24
ZW,1979,heat,historical,0.0,0.0,0.0,24
ZW,1980,heat,historical,0.005646635208333334,0.06845339,0.0,24
ZW,1981,heat,historical,0.0017597663208333333,0.038143046,0.0,24
ZW,1982,heat,historical,0.0,0.0,0.0,24
ZW,1983,heat,historical,0.0,0.0,0.0,24
ZW,1984,heat,historical,0.0030323111125,0.0433153,0.0,24
ZW,1985,heat,historical,0.0009725290745833333,0.02320752,0.0,24
ZW,1986,heat,historical,0.0,0.0,0.0,24
ZW,1987,heat,historical,0.003946596458333333,0.094718315,0.0,24
ZW,1988,heat,historical,0.0,0.0,0.0,24
ZW,1989,heat,historical,0.0,0.0,0.0,24
ZW,1990,heat,historical,0.0,0.0,0.0,24
ZW,1991,heat,historical,0.0,0.0,0.0,24
ZW,1992,heat,historical,0.0,0.0,0.0,24
ZW,1993,heat,historical,0.0,0.0,0.0,24
ZW,1994,heat,historical,1.398022625e-05,0.00033552543,0.0,24
ZW,1995,heat,historical,0.0,0.0,0.0,24
ZW,1996,heat,historical,0.0,0.0,0.0,24
ZW,1997,heat,historical,0.0072315625,0.057971053,0.0,24
ZW,1998,heat,historical,0.0016750461458333334,0.020578548,0.0,24
ZW,1999,heat,historical,6.585762083333333e-05,0.0015805829,0.0,24
ZW,2000,heat,historical,0.0,0.0,0.0,24
ZW,2001,heat,historical,0.0,0.0,0.0,24
ZW,2002,heat,historical,0.0,0.0,0.0,24
ZW,2003,heat,historical,0.0,0.0,0.0,24
ZW,2004,heat,historical,0.0,0.0,0.0,24
ZW,2005,heat,historical,0.0,0.0,0.0,24
ZW,2006,heat,historical,0.0014201113624999998,0.018727997,0.0,24
ZW,2007,heat,historical,0.0010132008125,0.021964528,0.0,24
ZW,2008,heat,historical,0.0032241627083333334,0.077379905,0.0,24
ZW,2009,heat,historical,0.0006219479854166666,0.013638334,0.0,24
ZW,2010,heat,historical,0.0013642119166666668,0.02796372,0.0,24
ZW,2011,heat,historical,0.0,0.0,0.0,24
ZW,2012,heat,historical,0.0,0.0,0.0,24
ZW,2013,heat,historical,0.0,0.0,0.0,24
ZW,2014,heat,historical,0.00021772589583333337,0.0032762769,0.0,24
