country_code,year,event,experiment,intensity_mean,intensity_max,intensity_min,n_grid_points
AE,1850,marine_hw,historical,0.22352251,0.6638292,0.0,12
AE,1851,marine_hw,historical,0.24572723916666664,0.7075926,0.0,12
AE,1852,marine_hw,historical,0.2700669766666667,0.7793546,0.0,12
AE,1853,marine_hw,historical,0.23898088416666666,0.70549375,0.0,12
AE,1854,marine_hw,historical,0.25477859524999996,0.72597015,0.0,12
AE,1855,marine_hw,historical,0.1952085569166667,0.6247246,0.0,12
AE,1856,marine_hw,historical,0.23311185,0.72892237,0.0,12
AE,1857,marine_hw,historical,0.2715318070833333,0.71646005,0.0,12
AE,1858,marine_hw,historical,0.23406604916666665,0.69310224,0.0,12
AE,1859,marine_hw,historical,0.2463648833333333,0.739787,0.0,12
AE,1860,marine_hw,historical,0.20425409351916668,0.6949451,0.0,12
AE,1861,marine_hw,historical,0.23408192375,0.6721283,0.0,12
AE,1862,marine_hw,historical,0.2904561858333333,0.78364843,0.0,12
AE,1863,marine_hw,historical,0.25254762833333333,0.7345108,0.0,12
AE,1864,marine_hw,historical,0.2327130983333333,0.6874157,0.0,12
AE,1865,marine_hw,historical,0.22142624083333332,0.6826643,0.0,12
AE,1866,marine_hw,historical,0.230060725,0.7432548,0.0,12
AE,1867,marine_hw,historical,0.21168276583333334,0.6150764,0.0,12
AE,1868,marine_hw,historical,0.2404167375,0.7323266,0.0,12
AE,1869,marine_hw,historical,0.21178729387499998,0.6377044,0.0,12
AE,1870,marine_hw,historical,0.19570165746666668,0.6325226,0.0,12
AE,1871,marine_hw,historical,0.21202351608333334,0.72772586,0.0,12
AE,1872,marine_hw,historical,0.22668974583333332,0.71869504,0.0,12
AE,1873,marine_hw,historical,0.24060662666666666,0.7169012,0.0,12
AE,1874,marine_hw,historical,0.24462635266666666,0.6784811,0.0,12
AE,1875,marine_hw,historical,0.2208578525,0.72033453,0.0,12
AE,1876,marine_hw,historical,0.25946215833333336,0.74394286,0.0,12
AE,1877,marine_hw,historical,0.22818481529049997,0.7196156,0.0,12
AE,1878,marine_hw,historical,0.21644935941666665,0.6436106,0.0,12
AE,1879,marine_hw,historical,0.19859468040833336,0.62435967,0.0,12
AE,1880,marine_hw,historical,0.2472609345,0.71592444,0.0,12
AE,1881,marine_hw,historical,0.257627912,0.75897795,0.0,12
AE,1882,marine_hw,historical,0.23696054366666666,0.64754134,0.0,12
AE,1883,marine_hw,historical,0.22635076166666668,0.6670827,0.0,12
AE,1884,marine_hw,historical,0.20225295425,0.6210226,0.0,12
AE,1885,marine_hw,historical,0.19457535633333334,0.62630785,0.0,12
AE,1886,marine_hw,historical,0.2467839345,0.83235395,0.0,12
AE,1887,marine_hw,historical,0.2411355265,0.78981066,0.0,12
AE,1888,marine_hw,historical,0.23864895083333335,0.68091404,0.0,12
AE,1889,marine_hw,historical,0.2044947775,0.5784992,0.0,12
AE,1890,marine_hw,historical,0.2520162237083333,0.81475526,0.0,12
AE,1891,marine_hw,historical,0.25336867916666667,0.7650094,0.0,12
AE,1892,marine_hw,historical,0.23353947558333332,0.6620934,0.0,12
AE,1893,marine_hw,historical,0.2606383199166667,0.7443714,0.0,12
AE,1894,marine_hw,historical,0.25230593583333333,0.7508259,0.0,12
AE,1895,marine_hw,historical,0.2526567975,0.6913247,0.0,12
AE,1896,marine_hw,historical,0.23342453500000002,0.7550671,0.0,12
AE,1897,marine_hw,historical,0.2689441321666667,0.8067303,0.0,12
AE,1898,marine_hw,historical,0.225204065,0.70511246,0.0,12
AE,1899,marine_hw,historical,0.23585609200000002,0.7223263,0.0,12
AE,1900,marine_hw,historical,0.22863056950000002,0.67951965,0.0,12
AE,1901,marine_hw,historical,0.19638079841666667,0.6260518,0.0,12
AE,1902,marine_hw,historical,0.23440056500000003,0.65878904,0.0,12
AE,1903,marine_hw,historical,0.20956592699999999,0.5928026,0.0,12
AE,1904,marine_hw,historical,0.21844516916666668,0.6860286,0.0,12
AE,1905,marine_hw,historical,0.2507497225,0.75091124,0.0,12
AE,1906,marine_hw,historical,0.23160913083333334,0.6939229,0.0,12
AE,1907,marine_hw,historical,0.23335582749999997,0.6515175,0.0,12
AE,1908,marine_hw,historical,0.23661259041666668,0.73964715,0.0,12
AE,1909,marine_hw,historical,0.2559313975,0.77508783,0.0,12
AE,1910,marine_hw,historical,0.19967238666666667,0.6035855,0.0,12
AE,1911,marine_hw,historical,0.24459795199166667,0.68176013,0.0,12
AE,1912,marine_hw,historical,0.19901784941666667,0.6755362,0.0,12
AE,1913,marine_hw,historical,0.235327435,0.64271724,0.0,12
AE,1914,marine_hw,historical,0.23625173916666664,0.7633572,0.0,12
AE,1915,marine_hw,historical,0.2213699525,0.6925394,0.0,12
AE,1916,marine_hw,historical,0.24996880666666668,0.73969436,0.0,12
AE,1917,marine_hw,historical,0.246007887,0.7380985,0.0,12
AE,1918,marine_hw,historical,0.22479768158333335,0.7050108,0.0,12
AE,1919,marine_hw,historical,0.23309273275,0.759125,0.0,12
AE,1920,marine_hw,historical,0.2455712,0.7600583,0.0,12
AE,1921,marine_hw,historical,0.2216239908333333,0.63165116,0.0,12
AE,1922,marine_hw,historical,0.24212198583333333,0.7105175,0.0,12
AE,1923,marine_hw,historical,0.2792332216666667,0.79727817,0.0,12
AE,1924,marine_hw,historical,0.2289150175,0.74545896,0.0,12
AE,1925,marine_hw,historical,0.24756780666666667,0.69760495,0.0,12
AE,1926,marine_hw,historical,0.2619804,0.8223826,0.0,12
AE,1927,marine_hw,historical,0.28720329,0.8017845,0.0,12
AE,1928,marine_hw,historical,0.2342130879166667,0.6927718,0.0,12
AE,1929,marine_hw,historical,0.21208871066666665,0.6980679,0.0,12
AE,1930,marine_hw,historical,0.23564424191666666,0.69334555,0.0,12
AE,1931,marine_hw,historical,0.28041064583333336,0.8032788,0.0,12
AE,1932,marine_hw,historical,0.2297023775,0.6488086,0.0,12
AE,1933,marine_hw,historical,0.2671042775,0.70986575,0.0,12
AE,1934,marine_hw,historical,0.25146724425,0.7073566,0.0,12
AE,1935,marine_hw,historical,0.21603175649999998,0.7150856,0.0,12
AE,1936,marine_hw,historical,0.2666925216666666,0.78378284,0.0,12
AE,1937,marine_hw,historical,0.21428771416666667,0.6119427,0.0,12
AE,1938,marine_hw,historical,0.22190773166666666,0.72539103,0.0,12
AE,1939,marine_hw,historical,0.2786175295,0.78070897,0.0,12
AE,1940,marine_hw,historical,0.24748940091666669,0.7482877,0.0,12
AE,1941,marine_hw,historical,0.216518638,0.6923723,0.0,12
AE,1942,marine_hw,historical,0.20765279083333332,0.700312,0.0,12
AE,1943,marine_hw,historical,0.21422885049999998,0.63993394,0.0,12
AE,1944,marine_hw,historical,0.23244833916666666,0.65015036,0.0,12
AE,1945,marine_hw,historical,0.19138791116666665,0.6196917,0.0,12
AE,1946,marine_hw,historical,0.2485715241666667,0.7247573,0.0,12
AE,1947,marine_hw,historical,0.2622135616666667,0.7742963,0.0,12
AE,1948,marine_hw,historical,0.2281879125,0.73241925,0.0,12
AE,1949,marine_hw,historical,0.2631877275,0.73663324,0.0,12
AE,1950,marine_hw,historical,0.23419738533333334,0.73219955,0.0,12
AE,1951,marine_hw,historical,0.21380295133333335,0.6888174,0.0,12
AE,1952,marine_hw,historical,0.2323293985,0.7037344,0.0,12
AE,1953,marine_hw,historical,0.25860465833333335,0.79106885,0.0,12
AE,1954,marine_hw,historical,0.240038045,0.72941077,0.0,12
AE,1955,marine_hw,historical,0.28266545174999996,0.8039197,0.0,12
AE,1956,marine_hw,historical,0.29367017916666666,0.88082165,0.0,12
AE,1957,marine_hw,historical,0.23854242666666667,0.69297874,0.0,12
AE,1958,marine_hw,historical,0.26018229783333335,0.71569026,0.0,12
AE,1959,marine_hw,historical,0.22645790233333332,0.74619794,0.0,12
AE,1960,marine_hw,historical,0.2517362575,0.7655214,0.0,12
AE,1961,marine_hw,historical,0.2784298358333333,0.81653094,0.0,12
AE,1962,marine_hw,historical,0.215176,0.6618955,0.0,12
AE,1963,marine_hw,historical,0.22338100140000003,0.64733255,0.0,12
AE,1964,marine_hw,historical,0.2367866508333333,0.7555029,0.0,12
AE,1965,marine_hw,historical,0.2581401108333333,0.77850485,0.0,12
AE,1966,marine_hw,historical,0.24083290916666666,0.6483275,0.0,12
AE,1967,marine_hw,historical,0.24383778916666668,0.679467,0.0,12
AE,1968,marine_hw,historical,0.25683634208333334,0.77215743,0.0,12
AE,1969,marine_hw,historical,0.2941687116666667,0.79777384,0.0,12
AE,1970,marine_hw,historical,0.239434488,0.7517954,0.0,12
AE,1971,marine_hw,historical,0.245808413,0.6879513,0.0,12
AE,1972,marine_hw,historical,0.21062902083333335,0.8031354,0.0,12
AE,1973,marine_hw,historical,0.25283442,0.7368729,0.0,12
AE,1974,marine_hw,historical,0.23321904000000002,0.65990925,0.0,12
AE,1975,marine_hw,historical,0.22436403659166668,0.6867585,0.0,12
AE,1976,marine_hw,historical,0.22994112474999998,0.7289151,0.0,12
AE,1977,marine_hw,historical,0.24711041833333333,0.679231,0.0,12
AE,1978,marine_hw,historical,0.23855613499999997,0.7040522,0.0,12
AE,1979,marine_hw,historical,0.23890479616666668,0.7406548,0.0,12
AE,1980,marine_hw,historical,0.270093005,0.7976904,0.0,12
AE,1981,marine_hw,historical,0.2831570433333333,0.76381475,0.0,12
AE,1982,marine_hw,historical,0.25796316491666665,0.82708323,0.0,12
AE,1983,marine_hw,historical,0.19738463000000003,0.6782106,0.0,12
AE,1984,marine_hw,historical,0.24349660616666666,0.7170774,0.0,12
AE,1985,marine_hw,historical,0.242377882,0.76214254,0.0,12
AE,1986,marine_hw,historical,0.24497314583333332,0.7708466,0.0,12
AE,1987,marine_hw,historical,0.24440531749999997,0.6809703,0.0,12
AE,1988,marine_hw,historical,0.295103165,0.79288626,0.0,12
AE,1989,marine_hw,historical,0.2707203795,0.76331913,0.0,12
AE,1990,marine_hw,historical,0.2644516975,0.758348,0.0,12
AE,1991,marine_hw,historical,0.24052989916666667,0.65495265,0.0,12
AE,1992,marine_hw,historical,0.20970245916666666,0.64293516,0.0,12
AE,1993,marine_hw,historical,0.24007842666666668,0.65978944,0.0,12
AE,1994,marine_hw,historical,0.30708676166666665,0.8932259,0.0,12
AE,1995,marine_hw,historical,0.25622064024999996,0.79560244,0.0,12
AE,1996,marine_hw,historical,0.28873369916666664,0.83259904,0.0,12
AE,1997,marine_hw,historical,0.28736119889166667,0.87483376,0.0,12
AE,1998,marine_hw,historical,0.3298496166666667,0.8982024,0.0,12
AE,1999,marine_hw,historical,0.23801297000000002,0.7040558,0.0,12
AE,2000,marine_hw,historical,0.2641180911666667,0.7889283,0.0,12
AE,2001,marine_hw,historical,0.26853929449999997,0.784382,0.0,12
AE,2002,marine_hw,historical,0.32526669291666666,0.86444306,0.0,12
AE,2003,marine_hw,historical,0.2793738725,0.8183193,0.0,12
AE,2004,marine_hw,historical,0.26448273083333335,0.8162659,0.0,12
AE,2005,marine_hw,historical,0.30825839625,0.80832803,0.0,12
AE,2006,marine_hw,historical,0.30746778208333336,0.95976615,0.0,12
AE,2007,marine_hw,historical,0.2850118105,0.8530955,0.0,12
AE,2008,marine_hw,historical,0.33161936125,0.9142978,0.0,12
AE,2009,marine_hw,historical,0.32644323000000003,0.9476596,0.0,12
AE,2010,marine_hw,historical,0.30308073750000003,0.8806038,0.0,12
AE,2011,marine_hw,historical,0.33805266883333335,0.9154998,0.0,12
AE,2012,marine_hw,historical,0.281643878,0.85967886,0.0,12
AE,2013,marine_hw,historical,0.28955147666666664,0.8188567,0.0,12
AE,2014,marine_hw,historical,0.302297364,0.9787084,0.0,12
AO,1850,marine_hw,historical,0.08268987512777777,0.3327822,0.0,72
AO,1851,marine_hw,historical,0.07595059114583333,0.31097677,0.0,72
AO,1852,marine_hw,historical,0.08342130957916666,0.3464928,0.0,72
AO,1853,marine_hw,historical,0.08789044958611111,0.34461725,0.0,72
AO,1854,marine_hw,historical,0.08045802325555557,0.35583955,0.0,72
AO,1855,marine_hw,historical,0.07442443510833334,0.29319468,0.0,72
AO,1856,marine_hw,historical,0.07411061233333333,0.34005374,0.0,72
AO,1857,marine_hw,historical,0.09132225171527779,0.32638037,0.0,72
AO,1858,marine_hw,historical,0.09656265125972223,0.32685062,0.0,72
AO,1859,marine_hw,historical,0.06991115236388888,0.36664423,0.0,72
AO,1860,marine_hw,historical,0.045799745859166664,0.2236015,0.0,72
AO,1861,marine_hw,historical,0.06626478665694445,0.30501702,0.0,72
AO,1862,marine_hw,historical,0.07524648055694444,0.31378007,0.0,72
AO,1863,marine_hw,historical,0.08066850966944444,0.35497802,0.0,72
AO,1864,marine_hw,historical,0.05477371394861111,0.2973597,0.0,72
AO,1865,marine_hw,historical,0.07028203562569445,0.3006196,0.0,72
AO,1866,marine_hw,historical,0.06781068709583332,0.3220647,0.0,72
AO,1867,marine_hw,historical,0.10082812760555555,0.37469465,0.0,72
AO,1868,marine_hw,historical,0.10390051561666666,0.40616912,0.0,72
AO,1869,marine_hw,historical,0.08110804615277778,0.3242216,0.0,72
AO,1870,marine_hw,historical,0.06727392173,0.34281254,0.0,72
AO,1871,marine_hw,historical,0.08794110989583333,0.3296966,0.0,72
AO,1872,marine_hw,historical,0.1167691793513889,0.40986025,0.0,72
AO,1873,marine_hw,historical,0.10563435957305556,0.374317,0.0,72
AO,1874,marine_hw,historical,0.06842405665555557,0.28187346,0.0,72
AO,1875,marine_hw,historical,0.06046534297291666,0.286043,0.0,72
AO,1876,marine_hw,historical,0.10310942816097222,0.41186288,0.0,72
AO,1877,marine_hw,historical,0.08526118763333333,0.32555065,0.0,72
AO,1878,marine_hw,historical,0.05410315228888889,0.2711904,0.0,72
AO,1879,marine_hw,historical,0.05956745067916666,0.26967075,0.0,72
AO,1880,marine_hw,historical,0.07982830361944444,0.33927846,0.0,72
AO,1881,marine_hw,historical,0.08783157814166667,0.38777065,0.0,72
AO,1882,marine_hw,historical,0.07721722974111112,0.29124293,0.0,72
AO,1883,marine_hw,historical,0.07270013309444444,0.3299272,0.0,72
AO,1884,marine_hw,historical,0.05621643459444444,0.2781006,0.0,72
AO,1885,marine_hw,historical,0.0630264376125,0.3095134,0.0,72
AO,1886,marine_hw,historical,0.08639552285694445,0.3986661,0.0,72
AO,1887,marine_hw,historical,0.07179118484722222,0.3319062,0.0,72
AO,1888,marine_hw,historical,0.04341319009444444,0.2796439,0.0,72
AO,1889,marine_hw,historical,0.06037248978472222,0.26400515,0.0,72
AO,1890,marine_hw,historical,0.09824432349944444,0.35082301,0.0,72
AO,1891,marine_hw,historical,0.11677415567422221,0.396117,0.0,72
AO,1892,marine_hw,historical,0.09340233695694444,0.37712753,0.0,72
AO,1893,marine_hw,historical,0.06345009824722223,0.29352152,0.0,72
AO,1894,marine_hw,historical,0.06172370310833333,0.29604247,0.0,72
AO,1895,marine_hw,historical,0.10898748675833334,0.39484698,0.0,72
AO,1896,marine_hw,historical,0.08239897877777777,0.3399003,0.0,72
AO,1897,marine_hw,historical,0.06520570072638888,0.28717232,0.0,72
AO,1898,marine_hw,historical,0.076739086825,0.36310288,0.0,72
AO,1899,marine_hw,historical,0.09588365790638889,0.358149,0.0,72
AO,1900,marine_hw,historical,0.09565500136208333,0.3667831,0.0,72
AO,1901,marine_hw,historical,0.08105309265833333,0.35923836,0.0,72
AO,1902,marine_hw,historical,0.08848755819305555,0.3396053,0.0,72
AO,1903,marine_hw,historical,0.07449827421111112,0.32355893,0.0,72
AO,1904,marine_hw,historical,0.06560741437222223,0.29214436,0.0,72
AO,1905,marine_hw,historical,0.06394835046277778,0.29100415,0.0,72
AO,1906,marine_hw,historical,0.08436359252916666,0.3180558,0.0,72
AO,1907,marine_hw,historical,0.09039474136527778,0.36428577,0.0,72
AO,1908,marine_hw,historical,0.07941969122222221,0.31123367,0.0,72
AO,1909,marine_hw,historical,0.08118302528291667,0.35524493,0.0,72
AO,1910,marine_hw,historical,0.06961119963333334,0.34221157,0.0,72
AO,1911,marine_hw,historical,0.07433281690277777,0.35075584,0.0,72
AO,1912,marine_hw,historical,0.08590602860694445,0.361418,0.0,72
AO,1913,marine_hw,historical,0.09266817613888889,0.35060334,0.0,72
AO,1914,marine_hw,historical,0.07984638964583333,0.36355317,0.0,72
AO,1915,marine_hw,historical,0.08684354634583333,0.30905858,0.0,72
AO,1916,marine_hw,historical,0.06858474822194444,0.30372068,0.0,72
AO,1917,marine_hw,historical,0.08125743612083333,0.31546676,0.0,72
AO,1918,marine_hw,historical,0.10903334862638889,0.3546458,0.0,72
AO,1919,marine_hw,historical,0.10452639642722222,0.41061372,0.0,72
AO,1920,marine_hw,historical,0.08437126385023612,0.345762,0.0,72
AO,1921,marine_hw,historical,0.08659421472500001,0.33750734,0.0,72
AO,1922,marine_hw,historical,0.07738387427777778,0.32356894,0.0,72
AO,1923,marine_hw,historical,0.08963277481111111,0.40599298,0.0,72
AO,1924,marine_hw,historical,0.08286459255277778,0.30696338,0.0,72
AO,1925,marine_hw,historical,0.07134533931805556,0.2731449,0.0,72
AO,1926,marine_hw,historical,0.09231631034722222,0.33091307,0.0,72
AO,1927,marine_hw,historical,0.10736416945972221,0.38758275,0.0,72
AO,1928,marine_hw,historical,0.09797495146611111,0.34885398,0.0,72
AO,1929,marine_hw,historical,0.08317011805555556,0.3171562,0.0,72
AO,1930,marine_hw,historical,0.08110962792222222,0.34253114,0.0,72
AO,1931,marine_hw,historical,0.10538671179027777,0.41724616,0.0,72
AO,1932,marine_hw,historical,0.11678112638347223,0.42203116,0.0,72
AO,1933,marine_hw,historical,0.07147846605208334,0.29085618,0.0,72
AO,1934,marine_hw,historical,0.07508700249583333,0.3505988,0.0,72
AO,1935,marine_hw,historical,0.08312853916805556,0.3565812,0.0,72
AO,1936,marine_hw,historical,0.08855125152083333,0.40184617,0.0,72
AO,1937,marine_hw,historical,0.06335171595833333,0.31074437,0.0,72
AO,1938,marine_hw,historical,0.08795992336805555,0.38128895,0.0,72
AO,1939,marine_hw,historical,0.09397889235,0.37565237,0.0,72
AO,1940,marine_hw,historical,0.09479811659819444,0.33300644,0.0,72
AO,1941,marine_hw,historical,0.09004330129722221,0.33720595,0.0,72
AO,1942,marine_hw,historical,0.1024887449736111,0.33645245,0.0,72
AO,1943,marine_hw,historical,0.10495573729166667,0.35602927,0.0,72
AO,1944,marine_hw,historical,0.10178486738055556,0.41254556,0.0,72
AO,1945,marine_hw,historical,0.12485808502083333,0.42593473,0.0,72
AO,1946,marine_hw,historical,0.08790043304861112,0.35755348,0.0,72
AO,1947,marine_hw,historical,0.10765349558055555,0.40939093,0.0,72
AO,1948,marine_hw,historical,0.07564753925694444,0.28474665,0.0,72
AO,1949,marine_hw,historical,0.061021351138333325,0.30853474,0.0,72
AO,1950,marine_hw,historical,0.08261136129166667,0.32716382,0.0,72
AO,1951,marine_hw,historical,0.11185804001944444,0.42442414,0.0,72
AO,1952,marine_hw,historical,0.09558839690277778,0.39885223,0.0,72
AO,1953,marine_hw,historical,0.07510569211805555,0.30512235,0.0,72
AO,1954,marine_hw,historical,0.07303582653569445,0.3489502,0.0,72
AO,1955,marine_hw,historical,0.0745634785388889,0.38055995,0.0,72
AO,1956,marine_hw,historical,0.06761887520277778,0.25981775,0.0,72
AO,1957,marine_hw,historical,0.10618080118652778,0.4193822,0.0,72
AO,1958,marine_hw,historical,0.10242504853055556,0.37652114,0.0,72
AO,1959,marine_hw,historical,0.10052046030416667,0.3598811,0.0,72
AO,1960,marine_hw,historical,0.0900993858763889,0.38729316,0.0,72
AO,1961,marine_hw,historical,0.11827005736944446,0.38733852,0.0,72
AO,1962,marine_hw,historical,0.10575045075,0.38332152,0.0,72
AO,1963,marine_hw,historical,0.05058439955138889,0.27238053,0.0,72
AO,1964,marine_hw,historical,0.06071057169722222,0.3192659,0.0,72
AO,1965,marine_hw,historical,0.0884167472875,0.37674263,0.0,72
AO,1966,marine_hw,historical,0.06973808408611111,0.31894457,0.0,72
AO,1967,marine_hw,historical,0.07362018799999999,0.32347906,0.0,72
AO,1968,marine_hw,historical,0.1063240635,0.4046458,0.0,72
AO,1969,marine_hw,historical,0.08252877094583333,0.37616166,0.0,72
AO,1970,marine_hw,historical,0.08401311222916667,0.34589455,0.0,72
AO,1971,marine_hw,historical,0.08144685634166667,0.33510348,0.0,72
AO,1972,marine_hw,historical,0.08320571699027778,0.2972235,0.0,72
AO,1973,marine_hw,historical,0.11708488511527777,0.4430287,0.0,72
AO,1974,marine_hw,historical,0.09389498837555556,0.341538,0.0,72
AO,1975,marine_hw,historical,0.09567674802916666,0.38162118,0.0,72
AO,1976,marine_hw,historical,0.08699032866805556,0.3444003,0.0,72
AO,1977,marine_hw,historical,0.1122580911013889,0.377783,0.0,72
AO,1978,marine_hw,historical,0.09682509140208334,0.34908727,0.0,72
AO,1979,marine_hw,historical,0.07463816938055555,0.3176827,0.0,72
AO,1980,marine_hw,historical,0.08613206567361112,0.33982497,0.0,72
AO,1981,marine_hw,historical,0.11437057652638888,0.42680714,0.0,72
AO,1982,marine_hw,historical,0.07474060510416666,0.34588456,0.0,72
AO,1983,marine_hw,historical,0.055734052997222214,0.25464568,0.0,72
AO,1984,marine_hw,historical,0.09541908722916666,0.37974745,0.0,72
AO,1985,marine_hw,historical,0.12641328498416668,0.44496685,0.0,72
AO,1986,marine_hw,historical,0.08891909303125,0.32216728,0.0,72
AO,1987,marine_hw,historical,0.09005341221944445,0.33716148,0.0,72
AO,1988,marine_hw,historical,0.106291063307,0.39239863,0.0,72
AO,1989,marine_hw,historical,0.10586124752083333,0.41526803,0.0,72
AO,1990,marine_hw,historical,0.10630115240138889,0.33958712,0.0,72
AO,1991,marine_hw,historical,0.0983821934763889,0.35683087,0.0,72
AO,1992,marine_hw,historical,0.07641428219444445,0.3294551,0.0,72
AO,1993,marine_hw,historical,0.104625648175,0.42467743,0.0,72
AO,1994,marine_hw,historical,0.12339155392680556,0.43548304,0.0,72
AO,1995,marine_hw,historical,0.11292684763888888,0.38392973,0.0,72
AO,1996,marine_hw,historical,0.0930648096263889,0.33331147,0.0,72
AO,1997,marine_hw,historical,0.12566521640833334,0.4548365,0.0,72
AO,1998,marine_hw,historical,0.11893705628402779,0.4099601,0.0,72
AO,1999,marine_hw,historical,0.08250655506666667,0.31489938,0.0,72
AO,2000,marine_hw,historical,0.10404126050236112,0.37585118,0.0,72
AO,2001,marine_hw,historical,0.11949408130097222,0.4333288,0.0,72
AO,2002,marine_hw,historical,0.13928206354305556,0.48469138,0.0,72
AO,2003,marine_hw,historical,0.10769673360138889,0.44572395,0.0,72
AO,2004,marine_hw,historical,0.0954880704,0.36567378,0.0,72
AO,2005,marine_hw,historical,0.09989244120694445,0.3372949,0.0,72
AO,2006,marine_hw,historical,0.14684449136305555,0.46782985,0.0,72
AO,2007,marine_hw,historical,0.13085794816055554,0.4004182,0.0,72
AO,2008,marine_hw,historical,0.13703400147777778,0.42649215,0.0,72
AO,2009,marine_hw,historical,0.12953534855722224,0.43183365,0.0,72
AO,2010,marine_hw,historical,0.14368946266666666,0.4577369,0.0,72
AO,2011,marine_hw,historical,0.13373871404541665,0.43234837,0.0,72
AO,2012,marine_hw,historical,0.12844622905333333,0.39940596,0.0,72
AO,2013,marine_hw,historical,0.11754501118708333,0.3876463,0.0,72
AO,2014,marine_hw,historical,0.1426491841625,0.4521185,0.0,72
AQ,1850,marine_hw,historical,0.0,0.0,0.0,2388
AQ,1851,marine_hw,historical,0.0,0.0,0.0,2388
AQ,1852,marine_hw,historical,0.0,0.0,0.0,2388
AQ,1853,marine_hw,historical,0.0,0.0,0.0,2388
AQ,1854,marine_hw,historical,0.0,0.0,0.0,2388
AQ,1855,marine_hw,historical,0.0,0.0,0.0,2388
AQ,1856,marine_hw,historical,0.0,0.0,0.0,2388
AQ,1857,marine_hw,historical,0.0,0.0,0.0,2388
AQ,1858,marine_hw,historical,0.0,0.0,0.0,2388
AQ,1859,marine_hw,historical,0.0,0.0,0.0,2388
AQ,1860,marine_hw,historical,0.0,0.0,0.0,2388
AQ,1861,marine_hw,historical,0.0,0.0,0.0,2388
AQ,1862,marine_hw,historical,0.0,0.0,0.0,2388
AQ,1863,marine_hw,historical,0.0,0.0,0.0,2388
AQ,1864,marine_hw,historical,0.0,0.0,0.0,2388
AQ,1865,marine_hw,historical,0.0,0.0,0.0,2388
AQ,1866,marine_hw,historical,0.0,0.0,0.0,2388
AQ,1867,marine_hw,historical,0.0,0.0,0.0,2388
AQ,1868,marine_hw,historical,0.0,0.0,0.0,2388
AQ,1869,marine_hw,historical,0.0,0.0,0.0,2388
AQ,1870,marine_hw,historical,0.0,0.0,0.0,2388
AQ,1871,marine_hw,historical,0.0,0.0,0.0,2388
AQ,1872,marine_hw,historical,0.0,0.0,0.0,2388
AQ,1873,marine_hw,historical,0.0,0.0,0.0,2388
AQ,1874,marine_hw,historical,0.0,0.0,0.0,2388
AQ,1875,marine_hw,historical,0.0,0.0,0.0,2388
AQ,1876,marine_hw,historical,0.0,0.0,0.0,2388
AQ,1877,marine_hw,historical,0.0,0.0,0.0,2388
AQ,1878,marine_hw,historical,0.0,0.0,0.0,2388
AQ,1879,marine_hw,historical,0.0,0.0,0.0,2388
AQ,1880,marine_hw,historical,0.0,0.0,0.0,2388
AQ,1881,marine_hw,historical,0.0,0.0,0.0,2388
AQ,1882,marine_hw,historical,0.0,0.0,0.0,2388
AQ,1883,marine_hw,historical,0.0,0.0,0.0,2388
AQ,1884,marine_hw,historical,0.0,0.0,0.0,2388
AQ,1885,marine_hw,historical,0.0,0.0,0.0,2388
AQ,1886,marine_hw,historical,0.0,0.0,0.0,2388
AQ,1887,marine_hw,historical,0.0,0.0,0.0,2388
AQ,1888,marine_hw,historical,0.0,0.0,0.0,2388
AQ,1889,marine_hw,historical,0.0,0.0,0.0,2388
AQ,1890,marine_hw,historical,0.0,0.0,0.0,2388
AQ,1891,marine_hw,historical,0.0,0.0,0.0,2388
AQ,1892,marine_hw,historical,0.0,0.0,0.0,2388
AQ,1893,marine_hw,historical,0.0,0.0,0.0,2388
AQ,1894,marine_hw,historical,0.0,0.0,0.0,2388
AQ,1895,marine_hw,historical,0.0,0.0,0.0,2388
AQ,1896,marine_hw,historical,0.0,0.0,0.0,2388
AQ,1897,marine_hw,historical,0.0,0.0,0.0,2388
AQ,1898,marine_hw,historical,0.0,0.0,0.0,2388
AQ,1899,marine_hw,historical,0.0,0.0,0.0,2388
AQ,1900,marine_hw,historical,0.0,0.0,0.0,2388
AQ,1901,marine_hw,historical,0.0,0.0,0.0,2388
AQ,1902,marine_hw,historical,0.0,0.0,0.0,2388
AQ,1903,marine_hw,historical,0.0,0.0,0.0,2388
AQ,1904,marine_hw,historical,0.0,0.0,0.0,2388
AQ,1905,marine_hw,historical,0.0,0.0,0.0,2388
AQ,1906,marine_hw,historical,0.0,0.0,0.0,2388
AQ,1907,marine_hw,historical,0.0,0.0,0.0,2388
AQ,1908,marine_hw,historical,0.0,0.0,0.0,2388
AQ,1909,marine_hw,historical,0.0,0.0,0.0,2388
AQ,1910,marine_hw,historical,0.0,0.0,0.0,2388
AQ,1911,marine_hw,historical,0.0,0.0,0.0,2388
AQ,1912,marine_hw,historical,0.0,0.0,0.0,2388
AQ,1913,marine_hw,historical,0.0,0.0,0.0,2388
AQ,1914,marine_hw,historical,0.0,0.0,0.0,2388
AQ,1915,marine_hw,historical,0.0,0.0,0.0,2388
AQ,1916,marine_hw,historical,0.0,0.0,0.0,2388
AQ,1917,marine_hw,historical,0.0,0.0,0.0,2388
AQ,1918,marine_hw,historical,0.0,0.0,0.0,2388
AQ,1919,marine_hw,historical,0.0,0.0,0.0,2388
AQ,1920,marine_hw,historical,0.0,0.0,0.0,2388
AQ,1921,marine_hw,historical,0.0,0.0,0.0,2388
AQ,1922,marine_hw,historical,0.0,0.0,0.0,2388
AQ,1923,marine_hw,historical,0.0,0.0,0.0,2388
AQ,1924,marine_hw,historical,0.0,0.0,0.0,2388
AQ,1925,marine_hw,historical,0.0,0.0,0.0,2388
AQ,1926,marine_hw,historical,0.0,0.0,0.0,2388
AQ,1927,marine_hw,historical,0.0,0.0,0.0,2388
AQ,1928,marine_hw,historical,0.0,0.0,0.0,2388
AQ,1929,marine_hw,historical,0.0,0.0,0.0,2388
AQ,1930,marine_hw,historical,0.0,0.0,0.0,2388
AQ,1931,marine_hw,historical,0.0,0.0,0.0,2388
AQ,1932,marine_hw,historical,0.0,0.0,0.0,2388
AQ,1933,marine_hw,historical,0.0,0.0,0.0,2388
AQ,1934,marine_hw,historical,0.0,0.0,0.0,2388
AQ,1935,marine_hw,historical,0.0,0.0,0.0,2388
AQ,1936,marine_hw,historical,0.0,0.0,0.0,2388
AQ,1937,marine_hw,historical,0.0,0.0,0.0,2388
AQ,1938,marine_hw,historical,0.0,0.0,0.0,2388
AQ,1939,marine_hw,historical,0.0,0.0,0.0,2388
AQ,1940,marine_hw,historical,0.0,0.0,0.0,2388
AQ,1941,marine_hw,historical,0.0,0.0,0.0,2388
AQ,1942,marine_hw,historical,0.0,0.0,0.0,2388
AQ,1943,marine_hw,historical,0.0,0.0,0.0,2388
AQ,1944,marine_hw,historical,0.0,0.0,0.0,2388
AQ,1945,marine_hw,historical,0.0,0.0,0.0,2388
AQ,1946,marine_hw,historical,0.0,0.0,0.0,2388
AQ,1947,marine_hw,historical,0.0,0.0,0.0,2388
AQ,1948,marine_hw,historical,0.0,0.0,0.0,2388
AQ,1949,marine_hw,historical,0.0,0.0,0.0,2388
AQ,1950,marine_hw,historical,0.0,0.0,0.0,2388
AQ,1951,marine_hw,historical,0.0,0.0,0.0,2388
AQ,1952,marine_hw,historical,0.0,0.0,0.0,2388
AQ,1953,marine_hw,historical,0.0,0.0,0.0,2388
AQ,1954,marine_hw,historical,0.0,0.0,0.0,2388
AQ,1955,marine_hw,historical,0.0,0.0,0.0,2388
AQ,1956,marine_hw,historical,0.0,0.0,0.0,2388
AQ,1957,marine_hw,historical,0.0,0.0,0.0,2388
AQ,1958,marine_hw,historical,0.0,0.0,0.0,2388
AQ,1959,marine_hw,historical,0.0,0.0,0.0,2388
AQ,1960,marine_hw,historical,0.0,0.0,0.0,2388
AQ,1961,marine_hw,historical,0.0,0.0,0.0,2388
AQ,1962,marine_hw,historical,0.0,0.0,0.0,2388
AQ,1963,marine_hw,historical,0.0,0.0,0.0,2388
AQ,1964,marine_hw,historical,0.0,0.0,0.0,2388
AQ,1965,marine_hw,historical,0.0,0.0,0.0,2388
AQ,1966,marine_hw,historical,0.0,0.0,0.0,2388
AQ,1967,marine_hw,historical,0.0,0.0,0.0,2388
AQ,1968,marine_hw,historical,0.0,0.0,0.0,2388
AQ,1969,marine_hw,historical,0.0,0.0,0.0,2388
AQ,1970,marine_hw,historical,0.0,0.0,0.0,2388
AQ,1971,marine_hw,historical,0.0,0.0,0.0,2388
AQ,1972,marine_hw,historical,0.0,0.0,0.0,2388
AQ,1973,marine_hw,historical,0.0,0.0,0.0,2388
AQ,1974,marine_hw,historical,0.0,0.0,0.0,2388
AQ,1975,marine_hw,historical,0.0,0.0,0.0,2388
AQ,1976,marine_hw,historical,0.0,0.0,0.0,2388
AQ,1977,marine_hw,historical,0.0,0.0,0.0,2388
AQ,1978,marine_hw,historical,0.0,0.0,0.0,2388
AQ,1979,marine_hw,historical,0.0,0.0,0.0,2388
AQ,1980,marine_hw,historical,0.0,0.0,0.0,2388
AQ,1981,marine_hw,historical,0.0,0.0,0.0,2388
AQ,1982,marine_hw,historical,0.0,0.0,0.0,2388
AQ,1983,marine_hw,historical,0.0,0.0,0.0,2388
AQ,1984,marine_hw,historical,0.0,0.0,0.0,2388
AQ,1985,marine_hw,historical,0.0,0.0,0.0,2388
AQ,1986,marine_hw,historical,0.0,0.0,0.0,2388
AQ,1987,marine_hw,historical,0.0,0.0,0.0,2388
AQ,1988,marine_hw,historical,0.0,0.0,0.0,2388
AQ,1989,marine_hw,historical,0.0,0.0,0.0,2388
AQ,1990,marine_hw,historical,0.0,0.0,0.0,2388
AQ,1991,marine_hw,historical,0.0,0.0,0.0,2388
AQ,1992,marine_hw,historical,0.0,0.0,0.0,2388
AQ,1993,marine_hw,historical,0.0,0.0,0.0,2388
AQ,1994,marine_hw,historical,0.0,0.0,0.0,2388
AQ,1995,marine_hw,historical,0.0,0.0,0.0,2388
AQ,1996,marine_hw,historical,0.0,0.0,0.0,2388
AQ,1997,marine_hw,historical,0.0,0.0,0.0,2388
AQ,1998,marine_hw,historical,0.0,0.0,0.0,2388
AQ,1999,marine_hw,historical,0.0,0.0,0.0,2388
AQ,2000,marine_hw,historical,0.0,0.0,0.0,2388
AQ,2001,marine_hw,historical,0.0,0.0,0.0,2388
AQ,2002,marine_hw,historical,0.0,0.0,0.0,2388
AQ,2003,marine_hw,historical,0.0,0.0,0.0,2388
AQ,2004,marine_hw,historical,0.0,0.0,0.0,2388
AQ,2005,marine_hw,historical,0.0,0.0,0.0,2388
AQ,2006,marine_hw,historical,0.0,0.0,0.0,2388
AQ,2007,marine_hw,historical,0.0,0.0,0.0,2388
AQ,2008,marine_hw,historical,0.0,0.0,0.0,2388
AQ,2009,marine_hw,historical,0.0,0.0,0.0,2388
AQ,2010,marine_hw,historical,0.0,0.0,0.0,2388
AQ,2011,marine_hw,historical,0.0,0.0,0.0,2388
AQ,2012,marine_hw,historical,0.0,0.0,0.0,2388
AQ,2013,marine_hw,historical,0.0,0.0,0.0,2388
AQ,2014,marine_hw,historical,0.0,0.0,0.0,2388
AU,1850,marine_hw,historical,0.0066360058357581965,0.41366577,0.0,1464
AU,1851,marine_hw,historical,0.007940964625546448,0.45450243,0.0,1464
AU,1852,marine_hw,historical,0.007764091893510929,0.45372173,0.0,1464
AU,1853,marine_hw,historical,0.00809697624393306,0.4493225,0.0,1464
AU,1854,marine_hw,historical,0.008767143587636613,0.45938268,0.0,1464
AU,1855,marine_hw,historical,0.005253943909177596,0.39879775,0.0,1464
AU,1856,marine_hw,historical,0.00800957407101093,0.48451602,0.0,1464
AU,1857,marine_hw,historical,0.008379577371106558,0.4811591,0.0,1464
AU,1858,marine_hw,historical,0.009356072808353825,0.5142394,0.0,1464
AU,1859,marine_hw,historical,0.008614867825259564,0.4505281,0.0,1464
AU,1860,marine_hw,historical,0.007084484502800546,0.35284472,0.0,1464
AU,1861,marine_hw,historical,0.005051808041051912,0.31578812,0.0,1464
AU,1862,marine_hw,historical,0.006891904277889344,0.39252663,0.0,1464
AU,1863,marine_hw,historical,0.009339318357581967,0.45355833,0.0,1464
AU,1864,marine_hw,historical,0.006852157870150274,0.3213675,0.0,1464
AU,1865,marine_hw,historical,0.006577475504508196,0.35270306,0.0,1464
AU,1866,marine_hw,historical,0.0076953447566803284,0.4628361,0.0,1464
AU,1867,marine_hw,historical,0.008326332207855192,0.4479354,0.0,1464
AU,1868,marine_hw,historical,0.010045042823592898,0.52998435,0.0,1464
AU,1869,marine_hw,historical,0.006958700917486339,0.36026326,0.0,1464
AU,1870,marine_hw,historical,0.005448095176721311,0.3802495,0.0,1464
AU,1871,marine_hw,historical,0.006182350114275956,0.38844335,0.0,1464
AU,1872,marine_hw,historical,0.008549469612773223,0.4161332,0.0,1464
AU,1873,marine_hw,historical,0.012074076633333333,0.48668763,0.0,1464
AU,1874,marine_hw,historical,0.007289517899180328,0.35327682,0.0,1464
AU,1875,marine_hw,historical,0.005749556330874317,0.34602165,0.0,1464
AU,1876,marine_hw,historical,0.008373112249316939,0.4089706,0.0,1464
AU,1877,marine_hw,historical,0.008568520781379782,0.4009311,0.0,1464
AU,1878,marine_hw,historical,0.006672114372390711,0.3231232,0.0,1464
AU,1879,marine_hw,historical,0.005975055120491803,0.42734277,0.0,1464
AU,1880,marine_hw,historical,0.008902032880259562,0.4213603,0.0,1464
AU,1881,marine_hw,historical,0.010311490701502732,0.4804256,0.0,1464
AU,1882,marine_hw,historical,0.008652802961748633,0.41767827,0.0,1464
AU,1883,marine_hw,historical,0.0065953675019603825,0.422535,0.0,1464
AU,1884,marine_hw,historical,0.005156188926680328,0.33569264,0.0,1464
AU,1885,marine_hw,historical,0.007043029282172131,0.4372905,0.0,1464
AU,1886,marine_hw,historical,0.008557249183927597,0.45943362,0.0,1464
AU,1887,marine_hw,historical,0.007852382612568307,0.4048074,0.0,1464
AU,1888,marine_hw,historical,0.006737675199453552,0.3529355,0.0,1464
AU,1889,marine_hw,historical,0.005924071255054645,0.37943065,0.0,1464
AU,1890,marine_hw,historical,0.0069293009680122955,0.38378266,0.0,1464
AU,1891,marine_hw,historical,0.00806802932851093,0.48699626,0.0,1464
AU,1892,marine_hw,historical,0.010117705909870219,0.5072039,0.0,1464
AU,1893,marine_hw,historical,0.006623090964480875,0.3857726,0.0,1464
AU,1894,marine_hw,historical,0.006688928521106558,0.4083297,0.0,1464
AU,1895,marine_hw,historical,0.008991922387185792,0.4247682,0.0,1464
AU,1896,marine_hw,historical,0.009002166168784152,0.4659588,0.0,1464
AU,1897,marine_hw,historical,0.00813069060273224,0.4309994,0.0,1464
AU,1898,marine_hw,historical,0.007573834218920765,0.4373504,0.0,1464
AU,1899,marine_hw,historical,0.007886084691099726,0.39998698,0.0,1464
AU,1900,marine_hw,historical,0.00688135599079918,0.40133598,0.0,1464
AU,1901,marine_hw,historical,0.007731576026366121,0.4137656,0.0,1464
AU,1902,marine_hw,historical,0.009219784534221311,0.51268154,0.0,1464
AU,1903,marine_hw,historical,0.009233518506420764,0.47932532,0.0,1464
AU,1904,marine_hw,historical,0.006495631382595628,0.4034893,0.0,1464
AU,1905,marine_hw,historical,0.006218670923224043,0.3692451,0.0,1464
AU,1906,marine_hw,historical,0.006295413283538251,0.4246157,0.0,1464
AU,1907,marine_hw,historical,0.008891912146448086,0.44396645,0.0,1464
AU,1908,marine_hw,historical,0.006366577042862022,0.3905204,0.0,1464
AU,1909,marine_hw,historical,0.009672175374590164,0.53124434,0.0,1464
AU,1910,marine_hw,historical,0.0071545814181693985,0.4490066,0.0,1464
AU,1911,marine_hw,historical,0.008054761914583333,0.41236943,0.0,1464
AU,1912,marine_hw,historical,0.007903645270657105,0.43846518,0.0,1464
AU,1913,marine_hw,historical,0.009421610149754098,0.48426366,0.0,1464
AU,1914,marine_hw,historical,0.007498705210088115,0.42138937,0.0,1464
AU,1915,marine_hw,historical,0.007954282787636612,0.46812847,0.0,1464
AU,1916,marine_hw,historical,0.007568294675,0.42516038,0.0,1464
AU,1917,marine_hw,historical,0.008277226278507514,0.4879059,0.0,1464
AU,1918,marine_hw,historical,0.00923906073647541,0.5201001,0.0,1464
AU,1919,marine_hw,historical,0.008259712466550547,0.44358155,0.0,1464
AU,1920,marine_hw,historical,0.010247940646618853,0.48753357,0.0,1464
AU,1921,marine_hw,historical,0.010131466484521857,0.5100726,0.0,1464
AU,1922,marine_hw,historical,0.0058537059512363395,0.316912,0.0,1464
AU,1923,marine_hw,historical,0.009715401241974043,0.4344581,0.0,1464
AU,1924,marine_hw,historical,0.009528124255054645,0.43796042,0.0,1464
AU,1925,marine_hw,historical,0.007881440900730875,0.4199732,0.0,1464
AU,1926,marine_hw,historical,0.007338570746789617,0.40005052,0.0,1464
AU,1927,marine_hw,historical,0.010722933590437158,0.4784519,0.0,1464
AU,1928,marine_hw,historical,0.009988385024931695,0.470959,0.0,1464
AU,1929,marine_hw,historical,0.006857126988627049,0.33979592,0.0,1464
AU,1930,marine_hw,historical,0.008387360900136613,0.4676292,0.0,1464
AU,1931,marine_hw,historical,0.007302386902978142,0.37160358,0.0,1464
AU,1932,marine_hw,historical,0.008862813319398907,0.45620185,0.0,1464
AU,1933,marine_hw,historical,0.008014016992691258,0.42051607,0.0,1464
AU,1934,marine_hw,historical,0.006307073210314208,0.35300994,0.0,1464
AU,1935,marine_hw,historical,0.00886846151762295,0.452035,0.0,1464
AU,1936,marine_hw,historical,0.009989830137978143,0.43857047,0.0,1464
AU,1937,marine_hw,historical,0.006948772770259563,0.4098875,0.0,1464
AU,1938,marine_hw,historical,0.010098432781420764,0.5580355,0.0,1464
AU,1939,marine_hw,historical,0.011332377478135246,0.46582085,0.0,1464
AU,1940,marine_hw,historical,0.010668613353483606,0.5068081,0.0,1464
AU,1941,marine_hw,historical,0.008359048483422131,0.39894843,0.0,1464
AU,1942,marine_hw,historical,0.007613887661195355,0.40435714,0.0,1464
AU,1943,marine_hw,historical,0.00631138885375683,0.40387782,0.0,1464
AU,1944,marine_hw,historical,0.009319363627336066,0.4616051,0.0,1464
AU,1945,marine_hw,historical,0.010800134003142076,0.505154,0.0,1464
AU,1946,marine_hw,historical,0.007339585576454918,0.42292356,0.0,1464
AU,1947,marine_hw,historical,0.010264759595486339,0.47708124,0.0,1464
AU,1948,marine_hw,historical,0.010422329543852459,0.48459592,0.0,1464
AU,1949,marine_hw,historical,0.00807130289760929,0.3778547,0.0,1464
AU,1950,marine_hw,historical,0.0069083582625683055,0.39139733,0.0,1464
AU,1951,marine_hw,historical,0.010195351355956284,0.47278732,0.0,1464
AU,1952,marine_hw,historical,0.012053840855253416,0.520013,0.0,1464
AU,1953,marine_hw,historical,0.008590331018551913,0.40574065,0.0,1464
AU,1954,marine_hw,historical,0.007393849464706283,0.3947544,0.0,1464
AU,1955,marine_hw,historical,0.009655573339870218,0.41160142,0.0,1464
AU,1956,marine_hw,historical,0.009115093098476777,0.46882927,0.0,1464
AU,1957,marine_hw,historical,0.011229571588442622,0.5047528,0.0,1464
AU,1958,marine_hw,historical,0.010271304141734973,0.5409633,0.0,1464
AU,1959,marine_hw,historical,0.008918082982172131,0.49686217,0.0,1464
AU,1960,marine_hw,historical,0.008608815788374316,0.5328839,0.0,1464
AU,1961,marine_hw,historical,0.010904208238592897,0.47863176,0.0,1464
AU,1962,marine_hw,historical,0.011982393601277324,0.52644753,0.0,1464
AU,1963,marine_hw,historical,0.006154174765054644,0.34588727,0.0,1464
AU,1964,marine_hw,historical,0.004292808839781421,0.33686733,0.0,1464
AU,1965,marine_hw,historical,0.009703242826775956,0.5188147,0.0,1464
AU,1966,marine_hw,historical,0.007936821532411202,0.3762697,0.0,1464
AU,1967,marine_hw,historical,0.005771441427418033,0.32059222,0.0,1464
AU,1968,marine_hw,historical,0.009216926184234973,0.46539974,0.0,1464
AU,1969,marine_hw,historical,0.010444602859795081,0.5185133,0.0,1464
AU,1970,marine_hw,historical,0.008962959546857923,0.5026195,0.0,1464
AU,1971,marine_hw,historical,0.008492753342663934,0.41177028,0.0,1464
AU,1972,marine_hw,historical,0.004904687570061475,0.35292822,0.0,1464
AU,1973,marine_hw,historical,0.00834439710113388,0.40999097,0.0,1464
AU,1974,marine_hw,historical,0.008950907104603825,0.44029713,0.0,1464
AU,1975,marine_hw,historical,0.009656886950819673,0.4364081,0.0,1464
AU,1976,marine_hw,historical,0.00847148035443989,0.4555555,0.0,1464
AU,1977,marine_hw,historical,0.010833329995423498,0.5149529,0.0,1464
AU,1978,marine_hw,historical,0.011254093046612021,0.50347096,0.0,1464
AU,1979,marine_hw,historical,0.007036015362841531,0.37772217,0.0,1464
AU,1980,marine_hw,historical,0.008451156789139345,0.43041477,0.0,1464
AU,1981,marine_hw,historical,0.009282151248306012,0.4672825,0.0,1464
AU,1982,marine_hw,historical,0.010508590391605191,0.41613865,0.0,1464
AU,1983,marine_hw,historical,0.0066758809770765025,0.39218348,0.0,1464
AU,1984,marine_hw,historical,0.005883626418989071,0.38068342,0.0,1464
AU,1985,marine_hw,historical,0.010896346529351092,0.4504718,0.0,1464
AU,1986,marine_hw,historical,0.0091649813169194,0.42229173,0.0,1464
AU,1987,marine_hw,historical,0.006998036867083333,0.45079678,0.0,1464
AU,1988,marine_hw,historical,0.010226813119562842,0.5057714,0.0,1464
AU,1989,marine_hw,historical,0.009994792224979508,0.47206652,0.0,1464
AU,1990,marine_hw,historical,0.009933561147889344,0.42863727,0.0,1464
AU,1991,marine_hw,historical,0.009140437647404371,0.4247319,0.0,1464
AU,1992,marine_hw,historical,0.006971062897459016,0.45212942,0.0,1464
AU,1993,marine_hw,historical,0.009374110232855191,0.43959448,0.0,1464
AU,1994,marine_hw,historical,0.010165294186680328,0.48612478,0.0,1464
AU,1995,marine_hw,historical,0.010111964067486339,0.4482277,0.0,1464
AU,1996,marine_hw,historical,0.009155071221618852,0.45744193,0.0,1464
AU,1997,marine_hw,historical,0.011049097385177595,0.47065398,0.0,1464
AU,1998,marine_hw,historical,0.011166562324931692,0.46191555,0.0,1464
AU,1999,marine_hw,historical,0.008952777561659835,0.3756778,0.0,1464
AU,2000,marine_hw,historical,0.007927490577438525,0.40052074,0.0,1464
AU,2001,marine_hw,historical,0.010075259957991804,0.48288208,0.0,1464
AU,2002,marine_hw,historical,0.012634228212158469,0.52859354,0.0,1464
AU,2003,marine_hw,historical,0.012952219023538252,0.5527793,0.0,1464
AU,2004,marine_hw,historical,0.008691402679234973,0.36398527,0.0,1464
AU,2005,marine_hw,historical,0.008940697679918033,0.4757994,0.0,1464
AU,2006,marine_hw,historical,0.011460189217479507,0.53855395,0.0,1464
AU,2007,marine_hw,historical,0.010974096950273224,0.5224459,0.0,1464
AU,2008,marine_hw,historical,0.013310650916256831,0.5600163,0.0,1464
AU,2009,marine_hw,historical,0.008750659019426229,0.42615896,0.0,1464
AU,2010,marine_hw,historical,0.01382821197568306,0.46727163,0.0,1464
AU,2011,marine_hw,historical,0.014679593793599727,0.5459907,0.0,1464
AU,2012,marine_hw,historical,0.010949640307923498,0.46112394,0.0,1464
AU,2013,marine_hw,historical,0.011109588307520492,0.44155717,0.0,1464
AU,2014,marine_hw,historical,0.012552857802527323,0.5394981,0.0,1464
BA,1850,marine_hw,historical,0.0,0.0,0.0,12
BA,1851,marine_hw,historical,0.0,0.0,0.0,12
BA,1852,marine_hw,historical,0.0,0.0,0.0,12
BA,1853,marine_hw,historical,0.0,0.0,0.0,12
BA,1854,marine_hw,historical,0.0,0.0,0.0,12
BA,1855,marine_hw,historical,0.0,0.0,0.0,12
BA,1856,marine_hw,historical,0.0,0.0,0.0,12
BA,1857,marine_hw,historical,0.0,0.0,0.0,12
BA,1858,marine_hw,historical,0.0,0.0,0.0,12
BA,1859,marine_hw,historical,0.0,0.0,0.0,12
BA,1860,marine_hw,historical,0.0,0.0,0.0,12
BA,1861,marine_hw,historical,0.0,0.0,0.0,12
BA,1862,marine_hw,historical,0.0,0.0,0.0,12
BA,1863,marine_hw,historical,0.0,0.0,0.0,12
BA,1864,marine_hw,historical,0.0,0.0,0.0,12
BA,1865,marine_hw,historical,0.0,0.0,0.0,12
BA,1866,marine_hw,historical,0.0,0.0,0.0,12
BA,1867,marine_hw,historical,0.0,0.0,0.0,12
BA,1868,marine_hw,historical,0.0,0.0,0.0,12
BA,1869,marine_hw,historical,0.0,0.0,0.0,12
BA,1870,marine_hw,historical,0.0,0.0,0.0,12
BA,1871,marine_hw,historical,0.0,0.0,0.0,12
BA,1872,marine_hw,historical,0.0,0.0,0.0,12
BA,1873,marine_hw,historical,0.0,0.0,0.0,12
BA,1874,marine_hw,historical,0.0,0.0,0.0,12
BA,1875,marine_hw,historical,0.0,0.0,0.0,12
BA,1876,marine_hw,historical,0.0,0.0,0.0,12
BA,1877,marine_hw,historical,0.0,0.0,0.0,12
BA,1878,marine_hw,historical,0.0,0.0,0.0,12
BA,1879,marine_hw,historical,0.0,0.0,0.0,12
BA,1880,marine_hw,historical,0.0,0.0,0.0,12
BA,1881,marine_hw,historical,0.0,0.0,0.0,12
BA,1882,marine_hw,historical,0.0,0.0,0.0,12
BA,1883,marine_hw,historical,0.0,0.0,0.0,12
BA,1884,marine_hw,historical,0.0,0.0,0.0,12
BA,1885,marine_hw,historical,0.0,0.0,0.0,12
BA,1886,marine_hw,historical,0.0,0.0,0.0,12
BA,1887,marine_hw,historical,0.0,0.0,0.0,12
BA,1888,marine_hw,historical,0.0,0.0,0.0,12
BA,1889,marine_hw,historical,0.0,0.0,0.0,12
BA,1890,marine_hw,historical,0.0,0.0,0.0,12
BA,1891,marine_hw,historical,0.0,0.0,0.0,12
BA,1892,marine_hw,historical,0.0,0.0,0.0,12
BA,1893,marine_hw,historical,0.0,0.0,0.0,12
BA,1894,marine_hw,historical,0.0,0.0,0.0,12
BA,1895,marine_hw,historical,0.0,0.0,0.0,12
BA,1896,marine_hw,historical,0.0,0.0,0.0,12
BA,1897,marine_hw,historical,0.0,0.0,0.0,12
BA,1898,marine_hw,historical,0.0,0.0,0.0,12
BA,1899,marine_hw,historical,0.0,0.0,0.0,12
BA,1900,marine_hw,historical,0.0,0.0,0.0,12
BA,1901,marine_hw,historical,0.0,0.0,0.0,12
BA,1902,marine_hw,historical,0.0,0.0,0.0,12
BA,1903,marine_hw,historical,0.0,0.0,0.0,12
BA,1904,marine_hw,historical,0.0,0.0,0.0,12
BA,1905,marine_hw,historical,0.0,0.0,0.0,12
BA,1906,marine_hw,historical,0.0,0.0,0.0,12
BA,1907,marine_hw,historical,0.0,0.0,0.0,12
BA,1908,marine_hw,historical,0.0,0.0,0.0,12
BA,1909,marine_hw,historical,0.0,0.0,0.0,12
BA,1910,marine_hw,historical,0.0,0.0,0.0,12
BA,1911,marine_hw,historical,0.0,0.0,0.0,12
BA,1912,marine_hw,historical,0.0,0.0,0.0,12
BA,1913,marine_hw,historical,0.0,0.0,0.0,12
BA,1914,marine_hw,historical,0.0,0.0,0.0,12
BA,1915,marine_hw,historical,0.0,0.0,0.0,12
BA,1916,marine_hw,historical,0.0,0.0,0.0,12
BA,1917,marine_hw,historical,0.0,0.0,0.0,12
BA,1918,marine_hw,historical,0.0,0.0,0.0,12
BA,1919,marine_hw,historical,0.0,0.0,0.0,12
BA,1920,marine_hw,historical,0.0,0.0,0.0,12
BA,1921,marine_hw,historical,0.0,0.0,0.0,12
BA,1922,marine_hw,historical,0.0,0.0,0.0,12
BA,1923,marine_hw,historical,0.0,0.0,0.0,12
BA,1924,marine_hw,historical,0.0,0.0,0.0,12
BA,1925,marine_hw,historical,0.0,0.0,0.0,12
BA,1926,marine_hw,historical,0.0,0.0,0.0,12
BA,1927,marine_hw,historical,0.0,0.0,0.0,12
BA,1928,marine_hw,historical,0.0,0.0,0.0,12
BA,1929,marine_hw,historical,0.0,0.0,0.0,12
BA,1930,marine_hw,historical,0.0,0.0,0.0,12
BA,1931,marine_hw,historical,0.0,0.0,0.0,12
BA,1932,marine_hw,historical,0.0,0.0,0.0,12
BA,1933,marine_hw,historical,0.0,0.0,0.0,12
BA,1934,marine_hw,historical,0.0,0.0,0.0,12
BA,1935,marine_hw,historical,0.0,0.0,0.0,12
BA,1936,marine_hw,historical,0.0,0.0,0.0,12
BA,1937,marine_hw,historical,0.0,0.0,0.0,12
BA,1938,marine_hw,historical,0.0,0.0,0.0,12
BA,1939,marine_hw,historical,0.0,0.0,0.0,12
BA,1940,marine_hw,historical,0.0,0.0,0.0,12
BA,1941,marine_hw,historical,0.0,0.0,0.0,12
BA,1942,marine_hw,historical,0.0,0.0,0.0,12
BA,1943,marine_hw,historical,0.0,0.0,0.0,12
BA,1944,marine_hw,historical,0.0,0.0,0.0,12
BA,1945,marine_hw,historical,0.0,0.0,0.0,12
BA,1946,marine_hw,historical,0.0,0.0,0.0,12
BA,1947,marine_hw,historical,0.0,0.0,0.0,12
BA,1948,marine_hw,historical,0.0,0.0,0.0,12
BA,1949,marine_hw,historical,0.0,0.0,0.0,12
BA,1950,marine_hw,historical,0.0,0.0,0.0,12
BA,1951,marine_hw,historical,0.0,0.0,0.0,12
BA,1952,marine_hw,historical,0.0,0.0,0.0,12
BA,1953,marine_hw,historical,0.0,0.0,0.0,12
BA,1954,marine_hw,historical,0.0,0.0,0.0,12
BA,1955,marine_hw,historical,0.0,0.0,0.0,12
BA,1956,marine_hw,historical,0.0,0.0,0.0,12
BA,1957,marine_hw,historical,0.0,0.0,0.0,12
BA,1958,marine_hw,historical,0.0,0.0,0.0,12
BA,1959,marine_hw,historical,0.0,0.0,0.0,12
BA,1960,marine_hw,historical,0.0,0.0,0.0,12
BA,1961,marine_hw,historical,0.0,0.0,0.0,12
BA,1962,marine_hw,historical,0.0,0.0,0.0,12
BA,1963,marine_hw,historical,0.0,0.0,0.0,12
BA,1964,marine_hw,historical,0.0,0.0,0.0,12
BA,1965,marine_hw,historical,0.0,0.0,0.0,12
BA,1966,marine_hw,historical,0.0,0.0,0.0,12
BA,1967,marine_hw,historical,0.0,0.0,0.0,12
BA,1968,marine_hw,historical,0.0,0.0,0.0,12
BA,1969,marine_hw,historical,0.0,0.0,0.0,12
BA,1970,marine_hw,historical,0.0,0.0,0.0,12
BA,1971,marine_hw,historical,0.0,0.0,0.0,12
BA,1972,marine_hw,historical,0.0,0.0,0.0,12
BA,1973,marine_hw,historical,0.0,0.0,0.0,12
BA,1974,marine_hw,historical,0.0,0.0,0.0,12
BA,1975,marine_hw,historical,0.0,0.0,0.0,12
BA,1976,marine_hw,historical,0.0,0.0,0.0,12
BA,1977,marine_hw,historical,0.0,0.0,0.0,12
BA,1978,marine_hw,historical,0.0,0.0,0.0,12
BA,1979,marine_hw,historical,0.0,0.0,0.0,12
BA,1980,marine_hw,historical,0.0,0.0,0.0,12
BA,1981,marine_hw,historical,0.0,0.0,0.0,12
BA,1982,marine_hw,historical,0.0,0.0,0.0,12
BA,1983,marine_hw,historical,0.0,0.0,0.0,12
BA,1984,marine_hw,historical,0.0,0.0,0.0,12
BA,1985,marine_hw,historical,0.0,0.0,0.0,12
BA,1986,marine_hw,historical,0.0,0.0,0.0,12
BA,1987,marine_hw,historical,0.0,0.0,0.0,12
BA,1988,marine_hw,historical,0.0,0.0,0.0,12
BA,1989,marine_hw,historical,0.0,0.0,0.0,12
BA,1990,marine_hw,historical,0.0,0.0,0.0,12
BA,1991,marine_hw,historical,0.0,0.0,0.0,12
BA,1992,marine_hw,historical,0.0,0.0,0.0,12
BA,1993,marine_hw,historical,0.0,0.0,0.0,12
BA,1994,marine_hw,historical,0.0,0.0,0.0,12
BA,1995,marine_hw,historical,0.0,0.0,0.0,12
BA,1996,marine_hw,historical,0.0,0.0,0.0,12
BA,1997,marine_hw,historical,0.0,0.0,0.0,12
BA,1998,marine_hw,historical,0.0,0.0,0.0,12
BA,1999,marine_hw,historical,0.0,0.0,0.0,12
BA,2000,marine_hw,historical,0.0,0.0,0.0,12
BA,2001,marine_hw,historical,0.0,0.0,0.0,12
BA,2002,marine_hw,historical,0.0,0.0,0.0,12
BA,2003,marine_hw,historical,0.0,0.0,0.0,12
BA,2004,marine_hw,historical,0.0,0.0,0.0,12
BA,2005,marine_hw,historical,0.0,0.0,0.0,12
BA,2006,marine_hw,historical,0.0,0.0,0.0,12
BA,2007,marine_hw,historical,0.0,0.0,0.0,12
BA,2008,marine_hw,historical,0.0,0.0,0.0,12
BA,2009,marine_hw,historical,0.0,0.0,0.0,12
BA,2010,marine_hw,historical,0.0,0.0,0.0,12
BA,2011,marine_hw,historical,0.0,0.0,0.0,12
BA,2012,marine_hw,historical,0.0,0.0,0.0,12
BA,2013,marine_hw,historical,0.0,0.0,0.0,12
BA,2014,marine_hw,historical,0.0,0.0,0.0,12
BE,1850,marine_hw,historical,0.0,0.0,0.0,12
BE,1851,marine_hw,historical,0.0,0.0,0.0,12
BE,1852,marine_hw,historical,0.0,0.0,0.0,12
BE,1853,marine_hw,historical,0.0,0.0,0.0,12
BE,1854,marine_hw,historical,0.0,0.0,0.0,12
BE,1855,marine_hw,historical,0.0,0.0,0.0,12
BE,1856,marine_hw,historical,0.0,0.0,0.0,12
BE,1857,marine_hw,historical,0.0,0.0,0.0,12
BE,1858,marine_hw,historical,0.0,0.0,0.0,12
BE,1859,marine_hw,historical,0.0,0.0,0.0,12
BE,1860,marine_hw,historical,0.0,0.0,0.0,12
BE,1861,marine_hw,historical,0.0,0.0,0.0,12
BE,1862,marine_hw,historical,0.0,0.0,0.0,12
BE,1863,marine_hw,historical,0.0,0.0,0.0,12
BE,1864,marine_hw,historical,0.0,0.0,0.0,12
BE,1865,marine_hw,historical,0.0,0.0,0.0,12
BE,1866,marine_hw,historical,0.0,0.0,0.0,12
BE,1867,marine_hw,historical,0.0,0.0,0.0,12
BE,1868,marine_hw,historical,0.0,0.0,0.0,12
BE,1869,marine_hw,historical,0.0,0.0,0.0,12
BE,1870,marine_hw,historical,0.0,0.0,0.0,12
BE,1871,marine_hw,historical,0.0,0.0,0.0,12
BE,1872,marine_hw,historical,0.0,0.0,0.0,12
BE,1873,marine_hw,historical,0.0,0.0,0.0,12
BE,1874,marine_hw,historical,0.0,0.0,0.0,12
BE,1875,marine_hw,historical,0.0,0.0,0.0,12
BE,1876,marine_hw,historical,0.0,0.0,0.0,12
BE,1877,marine_hw,historical,0.0,0.0,0.0,12
BE,1878,marine_hw,historical,0.0,0.0,0.0,12
BE,1879,marine_hw,historical,0.0,0.0,0.0,12
BE,1880,marine_hw,historical,0.0,0.0,0.0,12
BE,1881,marine_hw,historical,0.0,0.0,0.0,12
BE,1882,marine_hw,historical,0.0,0.0,0.0,12
BE,1883,marine_hw,historical,0.0,0.0,0.0,12
BE,1884,marine_hw,historical,0.0,0.0,0.0,12
BE,1885,marine_hw,historical,0.0,0.0,0.0,12
BE,1886,marine_hw,historical,0.0,0.0,0.0,12
BE,1887,marine_hw,historical,0.0,0.0,0.0,12
BE,1888,marine_hw,historical,0.0,0.0,0.0,12
BE,1889,marine_hw,historical,0.0,0.0,0.0,12
BE,1890,marine_hw,historical,0.0,0.0,0.0,12
BE,1891,marine_hw,historical,0.0,0.0,0.0,12
BE,1892,marine_hw,historical,0.0,0.0,0.0,12
BE,1893,marine_hw,historical,0.0,0.0,0.0,12
BE,1894,marine_hw,historical,0.0,0.0,0.0,12
BE,1895,marine_hw,historical,0.0,0.0,0.0,12
BE,1896,marine_hw,historical,0.0,0.0,0.0,12
BE,1897,marine_hw,historical,0.0,0.0,0.0,12
BE,1898,marine_hw,historical,0.0,0.0,0.0,12
BE,1899,marine_hw,historical,0.0,0.0,0.0,12
BE,1900,marine_hw,historical,0.0,0.0,0.0,12
BE,1901,marine_hw,historical,0.0,0.0,0.0,12
BE,1902,marine_hw,historical,0.0,0.0,0.0,12
BE,1903,marine_hw,historical,0.0,0.0,0.0,12
BE,1904,marine_hw,historical,0.0,0.0,0.0,12
BE,1905,marine_hw,historical,0.0,0.0,0.0,12
BE,1906,marine_hw,historical,0.0,0.0,0.0,12
BE,1907,marine_hw,historical,0.0,0.0,0.0,12
BE,1908,marine_hw,historical,0.0,0.0,0.0,12
BE,1909,marine_hw,historical,0.0,0.0,0.0,12
BE,1910,marine_hw,historical,0.0,0.0,0.0,12
BE,1911,marine_hw,historical,0.0,0.0,0.0,12
BE,1912,marine_hw,historical,0.0,0.0,0.0,12
BE,1913,marine_hw,historical,0.0,0.0,0.0,12
BE,1914,marine_hw,historical,0.0,0.0,0.0,12
BE,1915,marine_hw,historical,0.0,0.0,0.0,12
BE,1916,marine_hw,historical,0.0,0.0,0.0,12
BE,1917,marine_hw,historical,0.0,0.0,0.0,12
BE,1918,marine_hw,historical,0.0,0.0,0.0,12
BE,1919,marine_hw,historical,0.0,0.0,0.0,12
BE,1920,marine_hw,historical,0.0,0.0,0.0,12
BE,1921,marine_hw,historical,0.0,0.0,0.0,12
BE,1922,marine_hw,historical,0.0,0.0,0.0,12
BE,1923,marine_hw,historical,0.0,0.0,0.0,12
BE,1924,marine_hw,historical,0.0,0.0,0.0,12
BE,1925,marine_hw,historical,0.0,0.0,0.0,12
BE,1926,marine_hw,historical,0.0,0.0,0.0,12
BE,1927,marine_hw,historical,0.0,0.0,0.0,12
BE,1928,marine_hw,historical,0.0,0.0,0.0,12
BE,1929,marine_hw,historical,0.0,0.0,0.0,12
BE,1930,marine_hw,historical,0.0,0.0,0.0,12
BE,1931,marine_hw,historical,0.0,0.0,0.0,12
BE,1932,marine_hw,historical,0.0,0.0,0.0,12
BE,1933,marine_hw,historical,0.0,0.0,0.0,12
BE,1934,marine_hw,historical,0.0,0.0,0.0,12
BE,1935,marine_hw,historical,0.0,0.0,0.0,12
BE,1936,marine_hw,historical,0.0,0.0,0.0,12
BE,1937,marine_hw,historical,0.0,0.0,0.0,12
BE,1938,marine_hw,historical,0.0,0.0,0.0,12
BE,1939,marine_hw,historical,0.0,0.0,0.0,12
BE,1940,marine_hw,historical,0.0,0.0,0.0,12
BE,1941,marine_hw,historical,0.0,0.0,0.0,12
BE,1942,marine_hw,historical,0.0,0.0,0.0,12
BE,1943,marine_hw,historical,0.0,0.0,0.0,12
BE,1944,marine_hw,historical,0.0,0.0,0.0,12
BE,1945,marine_hw,historical,0.0,0.0,0.0,12
BE,1946,marine_hw,historical,0.0,0.0,0.0,12
BE,1947,marine_hw,historical,0.0,0.0,0.0,12
BE,1948,marine_hw,historical,0.0,0.0,0.0,12
BE,1949,marine_hw,historical,0.0,0.0,0.0,12
BE,1950,marine_hw,historical,0.0,0.0,0.0,12
BE,1951,marine_hw,historical,0.0,0.0,0.0,12
BE,1952,marine_hw,historical,0.0,0.0,0.0,12
BE,1953,marine_hw,historical,0.0,0.0,0.0,12
BE,1954,marine_hw,historical,0.0,0.0,0.0,12
BE,1955,marine_hw,historical,0.0,0.0,0.0,12
BE,1956,marine_hw,historical,0.0,0.0,0.0,12
BE,1957,marine_hw,historical,0.0,0.0,0.0,12
BE,1958,marine_hw,historical,0.0,0.0,0.0,12
BE,1959,marine_hw,historical,0.0,0.0,0.0,12
BE,1960,marine_hw,historical,0.0,0.0,0.0,12
BE,1961,marine_hw,historical,0.0,0.0,0.0,12
BE,1962,marine_hw,historical,0.0,0.0,0.0,12
BE,1963,marine_hw,historical,0.0,0.0,0.0,12
BE,1964,marine_hw,historical,0.0,0.0,0.0,12
BE,1965,marine_hw,historical,0.0,0.0,0.0,12
BE,1966,marine_hw,historical,0.0,0.0,0.0,12
BE,1967,marine_hw,historical,0.0,0.0,0.0,12
BE,1968,marine_hw,historical,0.0,0.0,0.0,12
BE,1969,marine_hw,historical,0.0,0.0,0.0,12
BE,1970,marine_hw,historical,0.0,0.0,0.0,12
BE,1971,marine_hw,historical,0.0,0.0,0.0,12
BE,1972,marine_hw,historical,0.0,0.0,0.0,12
BE,1973,marine_hw,historical,0.0,0.0,0.0,12
BE,1974,marine_hw,historical,0.0,0.0,0.0,12
BE,1975,marine_hw,historical,0.0,0.0,0.0,12
BE,1976,marine_hw,historical,0.0,0.0,0.0,12
BE,1977,marine_hw,historical,0.0,0.0,0.0,12
BE,1978,marine_hw,historical,0.0,0.0,0.0,12
BE,1979,marine_hw,historical,0.0,0.0,0.0,12
BE,1980,marine_hw,historical,0.0,0.0,0.0,12
BE,1981,marine_hw,historical,0.0,0.0,0.0,12
BE,1982,marine_hw,historical,0.0,0.0,0.0,12
BE,1983,marine_hw,historical,0.0,0.0,0.0,12
BE,1984,marine_hw,historical,0.0,0.0,0.0,12
BE,1985,marine_hw,historical,0.0,0.0,0.0,12
BE,1986,marine_hw,historical,0.0,0.0,0.0,12
BE,1987,marine_hw,historical,0.0,0.0,0.0,12
BE,1988,marine_hw,historical,0.0,0.0,0.0,12
BE,1989,marine_hw,historical,0.0,0.0,0.0,12
BE,1990,marine_hw,historical,0.0,0.0,0.0,12
BE,1991,marine_hw,historical,0.0,0.0,0.0,12
BE,1992,marine_hw,historical,0.0,0.0,0.0,12
BE,1993,marine_hw,historical,0.0,0.0,0.0,12
BE,1994,marine_hw,historical,0.0,0.0,0.0,12
BE,1995,marine_hw,historical,0.0,0.0,0.0,12
BE,1996,marine_hw,historical,0.0,0.0,0.0,12
BE,1997,marine_hw,historical,0.0,0.0,0.0,12
BE,1998,marine_hw,historical,0.0,0.0,0.0,12
BE,1999,marine_hw,historical,0.0,0.0,0.0,12
BE,2000,marine_hw,historical,0.0,0.0,0.0,12
BE,2001,marine_hw,historical,0.0,0.0,0.0,12
BE,2002,marine_hw,historical,0.0,0.0,0.0,12
BE,2003,marine_hw,historical,0.0,0.0,0.0,12
BE,2004,marine_hw,historical,0.0,0.0,0.0,12
BE,2005,marine_hw,historical,0.0,0.0,0.0,12
BE,2006,marine_hw,historical,0.0,0.0,0.0,12
BE,2007,marine_hw,historical,0.0,0.0,0.0,12
BE,2008,marine_hw,historical,0.0,0.0,0.0,12
BE,2009,marine_hw,historical,0.0,0.0,0.0,12
BE,2010,marine_hw,historical,0.0,0.0,0.0,12
BE,2011,marine_hw,historical,0.0,0.0,0.0,12
BE,2012,marine_hw,historical,0.0,0.0,0.0,12
BE,2013,marine_hw,historical,0.0,0.0,0.0,12
BE,2014,marine_hw,historical,0.0,0.0,0.0,12
BG,1850,marine_hw,historical,0.0,0.0,0.0,12
BG,1851,marine_hw,historical,0.0,0.0,0.0,12
BG,1852,marine_hw,historical,0.0,0.0,0.0,12
BG,1853,marine_hw,historical,0.0,0.0,0.0,12
BG,1854,marine_hw,historical,0.0,0.0,0.0,12
BG,1855,marine_hw,historical,0.0,0.0,0.0,12
BG,1856,marine_hw,historical,0.0,0.0,0.0,12
BG,1857,marine_hw,historical,0.0,0.0,0.0,12
BG,1858,marine_hw,historical,0.0,0.0,0.0,12
BG,1859,marine_hw,historical,0.0,0.0,0.0,12
BG,1860,marine_hw,historical,0.0,0.0,0.0,12
BG,1861,marine_hw,historical,0.0,0.0,0.0,12
BG,1862,marine_hw,historical,0.0,0.0,0.0,12
BG,1863,marine_hw,historical,0.0,0.0,0.0,12
BG,1864,marine_hw,historical,0.0,0.0,0.0,12
BG,1865,marine_hw,historical,0.0,0.0,0.0,12
BG,1866,marine_hw,historical,0.0,0.0,0.0,12
BG,1867,marine_hw,historical,0.0,0.0,0.0,12
BG,1868,marine_hw,historical,0.0,0.0,0.0,12
BG,1869,marine_hw,historical,0.0,0.0,0.0,12
BG,1870,marine_hw,historical,0.0,0.0,0.0,12
BG,1871,marine_hw,historical,0.0,0.0,0.0,12
BG,1872,marine_hw,historical,0.0,0.0,0.0,12
BG,1873,marine_hw,historical,0.0,0.0,0.0,12
BG,1874,marine_hw,historical,0.0,0.0,0.0,12
BG,1875,marine_hw,historical,0.0,0.0,0.0,12
BG,1876,marine_hw,historical,0.0,0.0,0.0,12
BG,1877,marine_hw,historical,0.0,0.0,0.0,12
BG,1878,marine_hw,historical,0.0,0.0,0.0,12
BG,1879,marine_hw,historical,0.0,0.0,0.0,12
BG,1880,marine_hw,historical,0.0,0.0,0.0,12
BG,1881,marine_hw,historical,0.0,0.0,0.0,12
BG,1882,marine_hw,historical,0.0,0.0,0.0,12
BG,1883,marine_hw,historical,0.0,0.0,0.0,12
BG,1884,marine_hw,historical,0.0,0.0,0.0,12
BG,1885,marine_hw,historical,0.0,0.0,0.0,12
BG,1886,marine_hw,historical,0.0,0.0,0.0,12
BG,1887,marine_hw,historical,0.0,0.0,0.0,12
BG,1888,marine_hw,historical,0.0,0.0,0.0,12
BG,1889,marine_hw,historical,0.0,0.0,0.0,12
BG,1890,marine_hw,historical,0.0,0.0,0.0,12
BG,1891,marine_hw,historical,0.0,0.0,0.0,12
BG,1892,marine_hw,historical,0.0,0.0,0.0,12
BG,1893,marine_hw,historical,0.0,0.0,0.0,12
BG,1894,marine_hw,historical,0.0,0.0,0.0,12
BG,1895,marine_hw,historical,0.0,0.0,0.0,12
BG,1896,marine_hw,historical,0.0,0.0,0.0,12
BG,1897,marine_hw,historical,0.0,0.0,0.0,12
BG,1898,marine_hw,historical,0.0,0.0,0.0,12
BG,1899,marine_hw,historical,0.0,0.0,0.0,12
BG,1900,marine_hw,historical,0.0,0.0,0.0,12
BG,1901,marine_hw,historical,0.0,0.0,0.0,12
BG,1902,marine_hw,historical,0.0,0.0,0.0,12
BG,1903,marine_hw,historical,0.0,0.0,0.0,12
BG,1904,marine_hw,historical,0.0,0.0,0.0,12
BG,1905,marine_hw,historical,0.0,0.0,0.0,12
BG,1906,marine_hw,historical,0.0,0.0,0.0,12
BG,1907,marine_hw,historical,0.0,0.0,0.0,12
BG,1908,marine_hw,historical,0.0,0.0,0.0,12
BG,1909,marine_hw,historical,0.0,0.0,0.0,12
BG,1910,marine_hw,historical,0.0,0.0,0.0,12
BG,1911,marine_hw,historical,0.0,0.0,0.0,12
BG,1912,marine_hw,historical,0.0,0.0,0.0,12
BG,1913,marine_hw,historical,0.0,0.0,0.0,12
BG,1914,marine_hw,historical,0.0,0.0,0.0,12
BG,1915,marine_hw,historical,0.0,0.0,0.0,12
BG,1916,marine_hw,historical,0.0,0.0,0.0,12
BG,1917,marine_hw,historical,0.0,0.0,0.0,12
BG,1918,marine_hw,historical,0.0,0.0,0.0,12
BG,1919,marine_hw,historical,0.0,0.0,0.0,12
BG,1920,marine_hw,historical,0.0,0.0,0.0,12
BG,1921,marine_hw,historical,0.0,0.0,0.0,12
BG,1922,marine_hw,historical,0.0,0.0,0.0,12
BG,1923,marine_hw,historical,0.0,0.0,0.0,12
BG,1924,marine_hw,historical,0.0,0.0,0.0,12
BG,1925,marine_hw,historical,0.0,0.0,0.0,12
BG,1926,marine_hw,historical,0.0,0.0,0.0,12
BG,1927,marine_hw,historical,0.0,0.0,0.0,12
BG,1928,marine_hw,historical,0.0,0.0,0.0,12
BG,1929,marine_hw,historical,0.0,0.0,0.0,12
BG,1930,marine_hw,historical,0.0,0.0,0.0,12
BG,1931,marine_hw,historical,0.0,0.0,0.0,12
BG,1932,marine_hw,historical,0.0,0.0,0.0,12
BG,1933,marine_hw,historical,0.0,0.0,0.0,12
BG,1934,marine_hw,historical,0.0,0.0,0.0,12
BG,1935,marine_hw,historical,0.0,0.0,0.0,12
BG,1936,marine_hw,historical,0.0,0.0,0.0,12
BG,1937,marine_hw,historical,0.0,0.0,0.0,12
BG,1938,marine_hw,historical,0.0,0.0,0.0,12
BG,1939,marine_hw,historical,0.0,0.0,0.0,12
BG,1940,marine_hw,historical,0.0,0.0,0.0,12
BG,1941,marine_hw,historical,0.0,0.0,0.0,12
BG,1942,marine_hw,historical,0.0,0.0,0.0,12
BG,1943,marine_hw,historical,0.0,0.0,0.0,12
BG,1944,marine_hw,historical,0.0,0.0,0.0,12
BG,1945,marine_hw,historical,0.0,0.0,0.0,12
BG,1946,marine_hw,historical,0.0,0.0,0.0,12
BG,1947,marine_hw,historical,0.0,0.0,0.0,12
BG,1948,marine_hw,historical,0.0,0.0,0.0,12
BG,1949,marine_hw,historical,0.0,0.0,0.0,12
BG,1950,marine_hw,historical,0.0,0.0,0.0,12
BG,1951,marine_hw,historical,0.0,0.0,0.0,12
BG,1952,marine_hw,historical,0.0,0.0,0.0,12
BG,1953,marine_hw,historical,0.0,0.0,0.0,12
BG,1954,marine_hw,historical,0.0,0.0,0.0,12
BG,1955,marine_hw,historical,0.0,0.0,0.0,12
BG,1956,marine_hw,historical,0.0,0.0,0.0,12
BG,1957,marine_hw,historical,0.0,0.0,0.0,12
BG,1958,marine_hw,historical,0.0,0.0,0.0,12
BG,1959,marine_hw,historical,0.0,0.0,0.0,12
BG,1960,marine_hw,historical,0.0,0.0,0.0,12
BG,1961,marine_hw,historical,0.0,0.0,0.0,12
BG,1962,marine_hw,historical,0.0,0.0,0.0,12
BG,1963,marine_hw,historical,0.0,0.0,0.0,12
BG,1964,marine_hw,historical,0.0,0.0,0.0,12
BG,1965,marine_hw,historical,0.0,0.0,0.0,12
BG,1966,marine_hw,historical,0.0,0.0,0.0,12
BG,1967,marine_hw,historical,0.0,0.0,0.0,12
BG,1968,marine_hw,historical,0.0,0.0,0.0,12
BG,1969,marine_hw,historical,0.0,0.0,0.0,12
BG,1970,marine_hw,historical,0.0,0.0,0.0,12
BG,1971,marine_hw,historical,0.0,0.0,0.0,12
BG,1972,marine_hw,historical,0.0,0.0,0.0,12
BG,1973,marine_hw,historical,0.0,0.0,0.0,12
BG,1974,marine_hw,historical,0.0,0.0,0.0,12
BG,1975,marine_hw,historical,0.0,0.0,0.0,12
BG,1976,marine_hw,historical,0.0,0.0,0.0,12
BG,1977,marine_hw,historical,0.0,0.0,0.0,12
BG,1978,marine_hw,historical,0.0,0.0,0.0,12
BG,1979,marine_hw,historical,0.0,0.0,0.0,12
BG,1980,marine_hw,historical,0.0,0.0,0.0,12
BG,1981,marine_hw,historical,0.0,0.0,0.0,12
BG,1982,marine_hw,historical,0.0,0.0,0.0,12
BG,1983,marine_hw,historical,0.0,0.0,0.0,12
BG,1984,marine_hw,historical,0.0,0.0,0.0,12
BG,1985,marine_hw,historical,0.0,0.0,0.0,12
BG,1986,marine_hw,historical,0.0,0.0,0.0,12
BG,1987,marine_hw,historical,0.0,0.0,0.0,12
BG,1988,marine_hw,historical,0.0,0.0,0.0,12
BG,1989,marine_hw,historical,0.0,0.0,0.0,12
BG,1990,marine_hw,historical,0.0,0.0,0.0,12
BG,1991,marine_hw,historical,0.0,0.0,0.0,12
BG,1992,marine_hw,historical,0.0,0.0,0.0,12
BG,1993,marine_hw,historical,0.0,0.0,0.0,12
BG,1994,marine_hw,historical,0.0,0.0,0.0,12
BG,1995,marine_hw,historical,0.0,0.0,0.0,12
BG,1996,marine_hw,historical,0.0,0.0,0.0,12
BG,1997,marine_hw,historical,0.0,0.0,0.0,12
BG,1998,marine_hw,historical,0.0,0.0,0.0,12
BG,1999,marine_hw,historical,0.0,0.0,0.0,12
BG,2000,marine_hw,historical,0.0,0.0,0.0,12
BG,2001,marine_hw,historical,0.0,0.0,0.0,12
BG,2002,marine_hw,historical,0.0,0.0,0.0,12
BG,2003,marine_hw,historical,0.0,0.0,0.0,12
BG,2004,marine_hw,historical,0.0,0.0,0.0,12
BG,2005,marine_hw,historical,0.0,0.0,0.0,12
BG,2006,marine_hw,historical,0.0,0.0,0.0,12
BG,2007,marine_hw,historical,0.0,0.0,0.0,12
BG,2008,marine_hw,historical,0.0,0.0,0.0,12
BG,2009,marine_hw,historical,0.0,0.0,0.0,12
BG,2010,marine_hw,historical,0.0,0.0,0.0,12
BG,2011,marine_hw,historical,0.0,0.0,0.0,12
BG,2012,marine_hw,historical,0.0,0.0,0.0,12
BG,2013,marine_hw,historical,0.0,0.0,0.0,12
BG,2014,marine_hw,historical,0.0,0.0,0.0,12
BJ,1850,marine_hw,historical,0.1591138835,0.26759824,0.046045877,12
BJ,1851,marine_hw,historical,0.1438314685,0.20982105,0.03128787,12
BJ,1852,marine_hw,historical,0.1753340795,0.27592462,0.05191574,12
BJ,1853,marine_hw,historical,0.1695764215,0.27575758,0.025153838,12
BJ,1854,marine_hw,historical,0.11077617425000001,0.20977473,0.0,12
BJ,1855,marine_hw,historical,0.090290284025,0.1624046,0.0029574563,12
BJ,1856,marine_hw,historical,0.12933649298333333,0.20575862,0.0,12
BJ,1857,marine_hw,historical,0.19154587516666668,0.31004626,0.036067292,12
BJ,1858,marine_hw,historical,0.17082201249999998,0.27496868,0.02291718,12
BJ,1859,marine_hw,historical,0.11188978091666667,0.24722621,0.0,12
BJ,1860,marine_hw,historical,0.06015745878333334,0.12345163,0.0,12
BJ,1861,marine_hw,historical,0.10992411345833335,0.20655294,0.009980968,12
BJ,1862,marine_hw,historical,0.15989707741666667,0.2853295,0.009761279,12
BJ,1863,marine_hw,historical,0.14460906033333334,0.28840512,0.002870307,12
BJ,1864,marine_hw,historical,0.073678673875,0.1952535,0.0,12
BJ,1865,marine_hw,historical,0.10560553541666667,0.17680237,0.012951303,12
BJ,1866,marine_hw,historical,0.14334018183333333,0.23300727,0.022796102,12
BJ,1867,marine_hw,historical,0.19005397583333336,0.31838536,0.0471071,12
BJ,1868,marine_hw,historical,0.2008349845,0.33906242,0.068845384,12
BJ,1869,marine_hw,historical,0.08952809601666667,0.17667891,0.0019507012,12
BJ,1870,marine_hw,historical,0.10508508100000001,0.18706784,0.050810035,12
BJ,1871,marine_hw,historical,0.16637792208333332,0.27008653,0.025668565,12
BJ,1872,marine_hw,historical,0.22877008499999998,0.33505172,0.06518057,12
BJ,1873,marine_hw,historical,0.14011969691666668,0.2562189,0.020057425,12
BJ,1874,marine_hw,historical,0.07244339645,0.122475736,0.0055445284,12
BJ,1875,marine_hw,historical,0.12380294400000001,0.23341486,0.050999768,12
BJ,1876,marine_hw,historical,0.17424151725,0.30125508,0.01939853,12
BJ,1877,marine_hw,historical,0.116984297725,0.22326651,0.0,12
BJ,1878,marine_hw,historical,0.06873098958333333,0.12408073,0.0,12
BJ,1879,marine_hw,historical,0.10216172358333332,0.1916132,0.028298303,12
BJ,1880,marine_hw,historical,0.16429353956666667,0.3242761,0.0,12
BJ,1881,marine_hw,historical,0.19338381375,0.32365152,0.042604562,12
BJ,1882,marine_hw,historical,0.11741926116666666,0.18110901,0.0,12
BJ,1883,marine_hw,historical,0.08477476475000001,0.15484351,0.0,12
BJ,1884,marine_hw,historical,0.09919361153333334,0.18524769,0.0035491744,12
BJ,1885,marine_hw,historical,0.14349819341666667,0.2971999,0.008621077,12
BJ,1886,marine_hw,historical,0.18202764908333335,0.33230925,0.026858866,12
BJ,1887,marine_hw,historical,0.09728091980833332,0.1988357,0.0,12
BJ,1888,marine_hw,historical,0.05438979896666666,0.11762534,0.0,12
BJ,1889,marine_hw,historical,0.10351165666666667,0.1916722,0.019466616,12
BJ,1890,marine_hw,historical,0.18943086941666665,0.31348318,0.04137738,12
BJ,1891,marine_hw,historical,0.19730755916666667,0.29809228,0.10709299,12
BJ,1892,marine_hw,historical,0.16637678833333333,0.26932216,0.02765847,12
BJ,1893,marine_hw,historical,0.10551109758333332,0.18180075,0.008705502,12
BJ,1894,marine_hw,historical,0.12083805223333333,0.22571033,0.0028939098,12
BJ,1895,marine_hw,historical,0.19424752874999998,0.31421217,0.03309548,12
BJ,1896,marine_hw,historical,0.131268091975,0.21550661,0.0018045447,12
BJ,1897,marine_hw,historical,0.11299828414166667,0.2129348,0.0,12
BJ,1898,marine_hw,historical,0.12972618325,0.23913676,0.017651007,12
BJ,1899,marine_hw,historical,0.17626271566666665,0.33923125,0.016207598,12
BJ,1900,marine_hw,historical,0.16698954391666665,0.2613907,0.032212757,12
BJ,1901,marine_hw,historical,0.15823856383333332,0.23770516,0.022810966,12
BJ,1902,marine_hw,historical,0.17851495183333332,0.32199752,0.03850021,12
BJ,1903,marine_hw,historical,0.09081971558333334,0.16058081,0.0,12
BJ,1904,marine_hw,historical,0.10022694616666666,0.18685359,0.006094658,12
BJ,1905,marine_hw,historical,0.09969784983333334,0.21182093,0.013528667,12
BJ,1906,marine_hw,historical,0.15543523725,0.26816744,0.07362044,12
BJ,1907,marine_hw,historical,0.115381256125,0.21456793,0.0,12
BJ,1908,marine_hw,historical,0.14451873833333334,0.24688488,0.04432922,12
BJ,1909,marine_hw,historical,0.16895265325,0.29111218,0.006405127,12
BJ,1910,marine_hw,historical,0.14786878783333332,0.25382957,0.025284734,12
BJ,1911,marine_hw,historical,0.13827818691666668,0.21101025,0.055631384,12
BJ,1912,marine_hw,historical,0.15294647,0.26505184,0.012431132,12
BJ,1913,marine_hw,historical,0.16958828166666665,0.27419615,0.07165776,12
BJ,1914,marine_hw,historical,0.169170974,0.30922288,0.018694982,12
BJ,1915,marine_hw,historical,0.1332386578625,0.24081892,0.00054451235,12
BJ,1916,marine_hw,historical,0.1024078115,0.16487655,0.0,12
BJ,1917,marine_hw,historical,0.12681629525000002,0.2057223,0.017506666,12
BJ,1918,marine_hw,historical,0.18259144166666666,0.2393519,0.09936304,12
BJ,1919,marine_hw,historical,0.20671619491666668,0.31968445,0.074366644,12
BJ,1920,marine_hw,historical,0.12696395925,0.20751157,0.0,12
BJ,1921,marine_hw,historical,0.11499214210833335,0.20843753,0.0027985903,12
BJ,1922,marine_hw,historical,0.12408430333333333,0.21960443,0.031845264,12
BJ,1923,marine_hw,historical,0.1797272049166667,0.33098567,0.024468618,12
BJ,1924,marine_hw,historical,0.10268072333333333,0.19344425,0.0,12
BJ,1925,marine_hw,historical,0.11047968983333334,0.21869391,0.009766726,12
BJ,1926,marine_hw,historical,0.1619857245,0.24579914,0.041742884,12
BJ,1927,marine_hw,historical,0.21234972708333333,0.34534353,0.054766245,12
BJ,1928,marine_hw,historical,0.16044521083333332,0.2659633,0.024325185,12
BJ,1929,marine_hw,historical,0.11359762075,0.17096066,0.014912161,12
BJ,1930,marine_hw,historical,0.14531881258333332,0.26591063,0.0,12
BJ,1931,marine_hw,historical,0.20125593,0.36048388,0.0308877,12
BJ,1932,marine_hw,historical,0.19316770108333334,0.3075734,0.017101783,12
BJ,1933,marine_hw,historical,0.12185547408333335,0.21832716,0.003649203,12
BJ,1934,marine_hw,historical,0.11830735341666666,0.20846932,0.017272454,12
BJ,1935,marine_hw,historical,0.17819326633333332,0.3059593,0.02337562,12
BJ,1936,marine_hw,historical,0.16718417200000002,0.28440988,0.015282545,12
BJ,1937,marine_hw,historical,0.1359127975,0.20374782,0.0060647,12
BJ,1938,marine_hw,historical,0.18949011183333334,0.29500577,0.022254482,12
BJ,1939,marine_hw,historical,0.19685147583333332,0.33177817,0.04081074,12
BJ,1940,marine_hw,historical,0.16018922230833332,0.27489334,0.0037899127,12
BJ,1941,marine_hw,historical,0.11295300141666666,0.2063269,0.013901775,12
BJ,1942,marine_hw,historical,0.14943495316666666,0.23083761,0.038513824,12
BJ,1943,marine_hw,historical,0.16532001633333335,0.27089995,0.06563902,12
BJ,1944,marine_hw,historical,0.20786804749999999,0.33830893,0.09276149,12
BJ,1945,marine_hw,historical,0.17452537416666666,0.26365837,0.06811459,12
BJ,1946,marine_hw,historical,0.18919095833333333,0.2953952,0.05320119,12
BJ,1947,marine_hw,historical,0.21769011233333335,0.33007696,0.052904338,12
BJ,1948,marine_hw,historical,0.13350990891666667,0.25250962,0.0,12
BJ,1949,marine_hw,historical,0.09027253816666668,0.16656053,0.0,12
BJ,1950,marine_hw,historical,0.12905068758333332,0.21334058,0.025118604,12
BJ,1951,marine_hw,historical,0.236832225,0.3612201,0.13443787,12
BJ,1952,marine_hw,historical,0.1858634673,0.3243251,0.0034331456,12
BJ,1953,marine_hw,historical,0.1170513815,0.18364722,0.03202121,12
BJ,1954,marine_hw,historical,0.137736617,0.25551808,0.0,12
BJ,1955,marine_hw,historical,0.16915745625,0.28888443,0.047158845,12
BJ,1956,marine_hw,historical,0.17646974233333335,0.2704451,0.047542848,12
BJ,1957,marine_hw,historical,0.21913299975,0.33524144,0.030004237,12
BJ,1958,marine_hw,historical,0.18711397424999998,0.30508965,0.09591429,12
BJ,1959,marine_hw,historical,0.17072999941666667,0.2530797,0.056757063,12
BJ,1960,marine_hw,historical,0.21324860333333331,0.30452862,0.100545,12
BJ,1961,marine_hw,historical,0.22397499166666668,0.31302476,0.08411647,12
BJ,1962,marine_hw,historical,0.118282143,0.22000569,0.0,12
BJ,1963,marine_hw,historical,0.06255826974999999,0.12042411,0.0,12
BJ,1964,marine_hw,historical,0.14521535500000002,0.25488716,0.021165118,12
BJ,1965,marine_hw,historical,0.18427222058333334,0.335797,0.013549547,12
BJ,1966,marine_hw,historical,0.09653821808333334,0.19734326,0.0,12
BJ,1967,marine_hw,historical,0.12393503208333334,0.24330539,0.032596756,12
BJ,1968,marine_hw,historical,0.2016644925,0.33889356,0.06984124,12
BJ,1969,marine_hw,historical,0.18192504333333334,0.3028038,0.07131824,12
BJ,1970,marine_hw,historical,0.14091443583333332,0.2198904,0.012688948,12
BJ,1971,marine_hw,historical,0.10440782569166666,0.16496098,0.0021066733,12
BJ,1972,marine_hw,historical,0.13326001316666666,0.21291575,0.016650436,12
BJ,1973,marine_hw,historical,0.19868274616666667,0.3202754,0.037320234,12
BJ,1974,marine_hw,historical,0.16502596166666667,0.27074015,0.04840254,12
BJ,1975,marine_hw,historical,0.13253502291666666,0.24146256,0.020557795,12
BJ,1976,marine_hw,historical,0.17938318500000003,0.26824456,0.1038485,12
BJ,1977,marine_hw,historical,0.20574219116666667,0.3306643,0.056086194,12
BJ,1978,marine_hw,historical,0.18025491000000002,0.26067895,0.10868982,12
BJ,1979,marine_hw,historical,0.14105761125,0.22419521,0.030598111,12
BJ,1980,marine_hw,historical,0.20411239716666665,0.33178818,0.041553326,12
BJ,1981,marine_hw,historical,0.19084583783333334,0.3378977,0.036906444,12
BJ,1982,marine_hw,historical,0.09617582125,0.1904603,0.0,12
BJ,1983,marine_hw,historical,0.08667446066666666,0.16772978,0.010821595,12
BJ,1984,marine_hw,historical,0.21647199083333335,0.3011734,0.07605879,12
BJ,1985,marine_hw,historical,0.2188555025,0.33194613,0.09133078,12
BJ,1986,marine_hw,historical,0.12300133625,0.20702772,0.019915977,12
BJ,1987,marine_hw,historical,0.15152048091666667,0.23361005,0.07788983,12
BJ,1988,marine_hw,historical,0.2023566125,0.31782162,0.05485884,12
BJ,1989,marine_hw,historical,0.18625625416666666,0.29748678,0.03975842,12
BJ,1990,marine_hw,historical,0.17576672166666665,0.22668713,0.10600726,12
BJ,1991,marine_hw,historical,0.14173444275,0.2235434,0.03541203,12
BJ,1992,marine_hw,historical,0.13684968366666667,0.21159852,0.049192324,12
BJ,1993,marine_hw,historical,0.20913602666666667,0.345132,0.10251585,12
BJ,1994,marine_hw,historical,0.21232445583333334,0.3410369,0.07713182,12
BJ,1995,marine_hw,historical,0.12803465583333332,0.21878651,0.012724353,12
BJ,1996,marine_hw,historical,0.1654381835,0.2826342,0.049049802,12
BJ,1997,marine_hw,historical,0.24278786791666665,0.39772835,0.124926805,12
BJ,1998,marine_hw,historical,0.19417775208333332,0.28376806,0.052348763,12
BJ,1999,marine_hw,historical,0.116705002,0.18464036,0.017699119,12
BJ,2000,marine_hw,historical,0.16315255583333332,0.2672932,0.08376333,12
BJ,2001,marine_hw,historical,0.25564737249999997,0.3412148,0.15540996,12
BJ,2002,marine_hw,historical,0.26668816666666667,0.3495076,0.13303532,12
BJ,2003,marine_hw,historical,0.14288163833333334,0.27147365,0.0,12
BJ,2004,marine_hw,historical,0.138422058125,0.21977058,0.0106563745,12
BJ,2005,marine_hw,historical,0.17253758841666667,0.24642825,0.067474596,12
BJ,2006,marine_hw,historical,0.27544507583333333,0.3865224,0.16626278,12
BJ,2007,marine_hw,historical,0.24528894916666666,0.36289954,0.11790857,12
BJ,2008,marine_hw,historical,0.23704813291666668,0.35489726,0.082793795,12
BJ,2009,marine_hw,historical,0.2663943383333333,0.35562712,0.15807347,12
BJ,2010,marine_hw,historical,0.27230211249999997,0.3646961,0.12403171,12
BJ,2011,marine_hw,historical,0.21139169133333333,0.32740167,0.08170262,12
BJ,2012,marine_hw,historical,0.17001246583333332,0.26281047,0.05329123,12
BJ,2013,marine_hw,historical,0.21600938449999998,0.30608732,0.120543934,12
BJ,2014,marine_hw,historical,0.28634553583333333,0.36981973,0.17037512,12
BN,1850,marine_hw,historical,0.03690593233333333,0.10047691,0.0,12
BN,1851,marine_hw,historical,0.07275011263333334,0.21647796,0.0043191626,12
BN,1852,marine_hw,historical,0.09202500050000001,0.26899534,0.0,12
BN,1853,marine_hw,historical,0.09593792641666667,0.22023809,0.0,12
BN,1854,marine_hw,historical,0.0621674545,0.120777234,0.0,12
BN,1855,marine_hw,historical,0.028792384841666668,0.12816495,0.0,12
BN,1856,marine_hw,historical,0.055643773583333334,0.14238387,0.0,12
BN,1857,marine_hw,historical,0.09422069141666667,0.29020166,0.0,12
BN,1858,marine_hw,historical,0.057666500749999995,0.21760002,0.0,12
BN,1859,marine_hw,historical,0.08198996641666667,0.17875597,0.0,12
BN,1860,marine_hw,historical,0.0488133656,0.15415357,0.0,12
BN,1861,marine_hw,historical,0.047777482233333335,0.18467486,0.0,12
BN,1862,marine_hw,historical,0.09810583866666667,0.28409213,0.0,12
BN,1863,marine_hw,historical,0.12493864508333334,0.24783716,0.0,12
BN,1864,marine_hw,historical,0.07253580575,0.21290484,0.0,12
BN,1865,marine_hw,historical,0.049385763783333335,0.15442137,0.0,12
BN,1866,marine_hw,historical,0.04599088873333334,0.21589607,0.0,12
BN,1867,marine_hw,historical,0.08185896775,0.25949517,0.0,12
BN,1868,marine_hw,historical,0.136652195,0.3259846,0.0,12
BN,1869,marine_hw,historical,0.06277960409166666,0.12759212,0.0,12
BN,1870,marine_hw,historical,0.04035797270541667,0.123083964,0.0,12
BN,1871,marine_hw,historical,0.08616108533333333,0.25373515,0.0,12
BN,1872,marine_hw,historical,0.09922912716666667,0.25336385,0.0,12
BN,1873,marine_hw,historical,0.12342893244166668,0.24370119,0.0,12
BN,1874,marine_hw,historical,0.041460618750000004,0.15065399,0.0015975654,12
BN,1875,marine_hw,historical,0.055945166500000004,0.1997789,0.0,12
BN,1876,marine_hw,historical,0.08860365594166668,0.2734182,0.0,12
BN,1877,marine_hw,historical,0.10734886166666667,0.20979108,0.0,12
BN,1878,marine_hw,historical,0.037129106125,0.117275834,0.0,12
BN,1879,marine_hw,historical,0.037527084908333334,0.12976179,0.0,12
BN,1880,marine_hw,historical,0.09748768483333332,0.2974187,0.0,12
BN,1881,marine_hw,historical,0.10335434116666668,0.22743244,0.0,12
BN,1882,marine_hw,historical,0.078772224,0.14961907,0.0,12
BN,1883,marine_hw,historical,0.019630148025,0.15102619,0.0,12
BN,1884,marine_hw,historical,0.04566779625,0.1769667,0.0,12
BN,1885,marine_hw,historical,0.07069937208333334,0.17349523,0.0,12
BN,1886,marine_hw,historical,0.08670521141666666,0.25411826,0.0,12
BN,1887,marine_hw,historical,0.0902036296,0.18584229,0.0,12
BN,1888,marine_hw,historical,0.027690418983333336,0.11093935,0.0,12
BN,1889,marine_hw,historical,0.046813817416666674,0.14598241,0.0,12
BN,1890,marine_hw,historical,0.10551337166666667,0.3097576,0.0,12
BN,1891,marine_hw,historical,0.08557280854166666,0.2769468,0.0,12
BN,1892,marine_hw,historical,0.081105963775,0.2278237,0.0,12
BN,1893,marine_hw,historical,0.06525453430833333,0.21722418,0.0,12
BN,1894,marine_hw,historical,0.044766438475,0.19029143,0.0,12
BN,1895,marine_hw,historical,0.09905989491666667,0.3101316,0.0,12
BN,1896,marine_hw,historical,0.10945265716666668,0.23308897,0.0,12
BN,1897,marine_hw,historical,0.05521710725000001,0.16977689,0.0,12
BN,1898,marine_hw,historical,0.033574183291666664,0.14270072,0.0,12
BN,1899,marine_hw,historical,0.07951787451666667,0.24475606,0.0,12
BN,1900,marine_hw,historical,0.08995655483333333,0.29468077,0.0,12
BN,1901,marine_hw,historical,0.06874958475,0.20931903,0.0016157215,12
BN,1902,marine_hw,historical,0.11076501808333333,0.27492875,0.0,12
BN,1903,marine_hw,historical,0.050808839083333335,0.19357589,0.0,12
BN,1904,marine_hw,historical,0.0248177437875,0.122775316,0.0,12
BN,1905,marine_hw,historical,0.03510747733333333,0.14721067,0.0,12
BN,1906,marine_hw,historical,0.08389218116666668,0.30814803,0.0,12
BN,1907,marine_hw,historical,0.047672106133333336,0.14548585,0.0,12
BN,1908,marine_hw,historical,0.044243992499999996,0.13032733,0.0,12
BN,1909,marine_hw,historical,0.08965144141666666,0.26031673,0.0,12
BN,1910,marine_hw,historical,0.08594545291666666,0.2197279,0.0,12
BN,1911,marine_hw,historical,0.07266347414166667,0.20870988,0.0,12
BN,1912,marine_hw,historical,0.06887329558333334,0.24030782,0.0,12
BN,1913,marine_hw,historical,0.0646107495,0.18273488,0.0,12
BN,1914,marine_hw,historical,0.089132256325,0.2474922,0.0,12
BN,1915,marine_hw,historical,0.07896233655,0.24695659,0.0,12
BN,1916,marine_hw,historical,0.05971010425,0.21499552,0.0,12
BN,1917,marine_hw,historical,0.05322652891666666,0.20321313,0.0,12
BN,1918,marine_hw,historical,0.06363564566666667,0.20097812,0.0,12
BN,1919,marine_hw,historical,0.09271974691666666,0.26644987,0.0,12
BN,1920,marine_hw,historical,0.08121779066666666,0.20684344,0.0,12
BN,1921,marine_hw,historical,0.052441618175833336,0.16302373,0.0,12
BN,1922,marine_hw,historical,0.04079337370833334,0.19406882,0.0,12
BN,1923,marine_hw,historical,0.12625887916666667,0.29217613,0.0,12
BN,1924,marine_hw,historical,0.07172875399999999,0.14940666,0.0,12
BN,1925,marine_hw,historical,0.046917777949999996,0.10363425,0.0,12
BN,1926,marine_hw,historical,0.06709562282499999,0.18678096,0.0,12
BN,1927,marine_hw,historical,0.1144112925,0.28762624,0.0,12
BN,1928,marine_hw,historical,0.0805910786,0.17622592,0.0020814252,12
BN,1929,marine_hw,historical,0.044191232525000006,0.14354497,0.0,12
BN,1930,marine_hw,historical,0.06614157758333333,0.20007938,0.0,12
BN,1931,marine_hw,historical,0.1200066775,0.28068694,0.0,12
BN,1932,marine_hw,historical,0.111836575875,0.28030115,0.0,12
BN,1933,marine_hw,historical,0.073033458,0.14003812,0.004151219,12
BN,1934,marine_hw,historical,0.04291434489166667,0.17062114,0.0,12
BN,1935,marine_hw,historical,0.1193884805,0.30813807,0.0,12
BN,1936,marine_hw,historical,0.1082676395,0.22377671,0.0,12
BN,1937,marine_hw,historical,0.06236100994166666,0.20774397,0.0,12
BN,1938,marine_hw,historical,0.09685934975,0.2671044,0.0,12
BN,1939,marine_hw,historical,0.129109390475,0.31534693,0.0,12
BN,1940,marine_hw,historical,0.09523339616666666,0.22811602,0.0,12
BN,1941,marine_hw,historical,0.060769085875,0.23984666,0.0,12
BN,1942,marine_hw,historical,0.07456300858333333,0.24163595,0.0,12
BN,1943,marine_hw,historical,0.06449393058333334,0.23123977,0.0,12
BN,1944,marine_hw,historical,0.08085459626083334,0.20284365,0.00036930613,12
BN,1945,marine_hw,historical,0.07233183925,0.21183819,0.0,12
BN,1946,marine_hw,historical,0.08932886958333335,0.23649505,0.0,12
BN,1947,marine_hw,historical,0.14321976583333332,0.30912668,0.0,12
BN,1948,marine_hw,historical,0.13189718279166665,0.21858498,0.0,12
BN,1949,marine_hw,historical,0.059584105416666665,0.17564312,0.008561332,12
BN,1950,marine_hw,historical,0.03700957444166667,0.17308855,0.0,12
BN,1951,marine_hw,historical,0.13855855220833332,0.32073838,0.0,12
BN,1952,marine_hw,historical,0.1121515845,0.33114,0.0,12
BN,1953,marine_hw,historical,0.06939350416666666,0.18144763,0.0,12
BN,1954,marine_hw,historical,0.05252071564166667,0.19602513,0.0,12
BN,1955,marine_hw,historical,0.08645375041666666,0.23715411,0.0,12
BN,1956,marine_hw,historical,0.07947843983333333,0.24293502,0.0,12
BN,1957,marine_hw,historical,0.10567134825,0.2793997,0.0,12
BN,1958,marine_hw,historical,0.05878615529166667,0.15593015,0.0,12
BN,1959,marine_hw,historical,0.041062693500000004,0.12773192,0.0,12
BN,1960,marine_hw,historical,0.11125301285,0.24237128,0.0,12
BN,1961,marine_hw,historical,0.11812913091666667,0.25989914,0.0,12
BN,1962,marine_hw,historical,0.12883889883333333,0.24922429,0.016968166,12
BN,1963,marine_hw,historical,0.031433688566666666,0.1823763,0.0,12
BN,1964,marine_hw,historical,0.06953980433333333,0.22477075,0.0,12
BN,1965,marine_hw,historical,0.123386514,0.28878823,0.0,12
BN,1966,marine_hw,historical,0.05339813860833333,0.14624476,0.0,12
BN,1967,marine_hw,historical,0.06039681315,0.18653496,0.0,12
BN,1968,marine_hw,historical,0.09203931491666667,0.35953522,0.0,12
BN,1969,marine_hw,historical,0.10434169975833334,0.29632115,0.0,12
BN,1970,marine_hw,historical,0.075383875,0.16798578,0.0,12
BN,1971,marine_hw,historical,0.052570555624999994,0.19071901,0.0,12
BN,1972,marine_hw,historical,0.037048611211666665,0.129868,0.0,12
BN,1973,marine_hw,historical,0.10487715199999999,0.20719838,0.0,12
BN,1974,marine_hw,historical,0.05921052432916666,0.14455172,0.0,12
BN,1975,marine_hw,historical,0.064648575275,0.13487998,0.0,12
BN,1976,marine_hw,historical,0.040184606575,0.15900216,0.0,12
BN,1977,marine_hw,historical,0.09314554791666667,0.23765431,0.0,12
BN,1978,marine_hw,historical,0.06870097875,0.23570617,0.0,12
BN,1979,marine_hw,historical,0.09708501183333333,0.29173222,0.0,12
BN,1980,marine_hw,historical,0.12122555750000001,0.26917237,0.0,12
BN,1981,marine_hw,historical,0.09843972083333334,0.20586663,0.0,12
BN,1982,marine_hw,historical,0.09507322621749999,0.18582776,0.0,12
BN,1983,marine_hw,historical,0.029188418921666667,0.0873192,0.0,12
BN,1984,marine_hw,historical,0.08315051833333333,0.23444432,0.0,12
BN,1985,marine_hw,historical,0.13392376091666666,0.27897483,0.0,12
BN,1986,marine_hw,historical,0.06249175383333333,0.22882229,0.0,12
BN,1987,marine_hw,historical,0.067009769,0.19164044,0.0,12
BN,1988,marine_hw,historical,0.1059829475,0.31033403,0.0,12
BN,1989,marine_hw,historical,0.08922518482416668,0.18709415,0.0,12
BN,1990,marine_hw,historical,0.07694815983333333,0.1588333,0.0,12
BN,1991,marine_hw,historical,0.081327637225,0.17908278,0.0021166592,12
BN,1992,marine_hw,historical,0.05173717196916666,0.21403417,0.0,12
BN,1993,marine_hw,historical,0.1101633555,0.24077444,0.0,12
BN,1994,marine_hw,historical,0.13795957174166665,0.34244853,0.0,12
BN,1995,marine_hw,historical,0.08435690375,0.22656095,0.0,12
BN,1996,marine_hw,historical,0.07991197525,0.1767824,0.0,12
BN,1997,marine_hw,historical,0.1386114805,0.32604992,0.0,12
BN,1998,marine_hw,historical,0.13244770258333333,0.2501421,0.0,12
BN,1999,marine_hw,historical,0.06410030916666666,0.19476965,0.009352937,12
BN,2000,marine_hw,historical,0.08122540999583333,0.2568453,0.0,12
BN,2001,marine_hw,historical,0.11492459739166666,0.26964444,0.0,12
BN,2002,marine_hw,historical,0.14432128375,0.34119755,0.0,12
BN,2003,marine_hw,historical,0.15687792458333333,0.28083855,0.0,12
BN,2004,marine_hw,historical,0.080974536,0.19437748,0.009325533,12
BN,2005,marine_hw,historical,0.07040055766666665,0.21015328,0.0,12
BN,2006,marine_hw,historical,0.12013022287499998,0.30433166,0.0,12
BN,2007,marine_hw,historical,0.128025886875,0.2861547,0.0124028195,12
BN,2008,marine_hw,historical,0.10088856841666667,0.22337365,0.0,12
BN,2009,marine_hw,historical,0.14307886430833333,0.3138327,0.0033351027,12
BN,2010,marine_hw,historical,0.13865031456666668,0.30813897,0.0,12
BN,2011,marine_hw,historical,0.16067797,0.26317543,0.050209068,12
BN,2012,marine_hw,historical,0.10858258742166667,0.21112192,0.00030939106,12
BN,2013,marine_hw,historical,0.10702748475,0.23976587,0.0,12
BN,2014,marine_hw,historical,0.1378477575,0.30023107,0.0,12
CC,1850,marine_hw,historical,0.020665245196,0.18203768,0.0,300
CC,1851,marine_hw,historical,0.01955479187313333,0.17983353,0.0,300
CC,1852,marine_hw,historical,0.016530366317333334,0.1794895,0.0,300
CC,1853,marine_hw,historical,0.02226629584159333,0.25332028,0.0,300
CC,1854,marine_hw,historical,0.018964436923786666,0.16982773,0.0,300
CC,1855,marine_hw,historical,0.006946898917233333,0.10812062,0.0,300
CC,1856,marine_hw,historical,0.014673518936400001,0.15563057,0.0,300
CC,1857,marine_hw,historical,0.025846869166866668,0.28484923,0.0,300
CC,1858,marine_hw,historical,0.022811556275499998,0.25588304,0.0,300
CC,1859,marine_hw,historical,0.020047308910070002,0.19528073,0.0,300
CC,1860,marine_hw,historical,0.007617822844666667,0.109003924,0.0,300
CC,1861,marine_hw,historical,0.010946533607853333,0.119555324,0.0,300
CC,1862,marine_hw,historical,0.02456129988166667,0.23498264,0.0,300
CC,1863,marine_hw,historical,0.027688219615566667,0.29512924,0.0,300
CC,1864,marine_hw,historical,0.0066089855507333335,0.12574111,0.0,300
CC,1865,marine_hw,historical,0.008022036263433334,0.13592668,0.0,300
CC,1866,marine_hw,historical,0.013004227235333333,0.19506468,0.0,300
CC,1867,marine_hw,historical,0.016094277150433333,0.21148321,0.0,300
CC,1868,marine_hw,historical,0.025189955098366665,0.26223493,0.0,300
CC,1869,marine_hw,historical,0.013732954647450002,0.15196939,0.0,300
CC,1870,marine_hw,historical,0.010893490891333334,0.1408161,0.0,300
CC,1871,marine_hw,historical,0.016222349324166666,0.17646013,0.0,300
CC,1872,marine_hw,historical,0.031777671754,0.2804455,0.0,300
CC,1873,marine_hw,historical,0.0292574514552,0.21871388,0.0,300
CC,1874,marine_hw,historical,0.0093107570015,0.103458144,0.0,300
CC,1875,marine_hw,historical,0.011479370793266667,0.17721996,0.0,300
CC,1876,marine_hw,historical,0.025128051444633332,0.20586392,0.0,300
CC,1877,marine_hw,historical,0.014101999779199998,0.15143923,0.0,300
CC,1878,marine_hw,historical,0.007899048294,0.11707793,0.0,300
CC,1879,marine_hw,historical,0.0069507014100666665,0.12852988,0.0,300
CC,1880,marine_hw,historical,0.027684315030500003,0.23746368,0.0,300
CC,1881,marine_hw,historical,0.0230068361856,0.21835077,0.0,300
CC,1882,marine_hw,historical,0.018675775306766666,0.1865994,0.0,300
CC,1883,marine_hw,historical,0.0110880396321,0.1441895,0.0,300
CC,1884,marine_hw,historical,0.0093397674615,0.1741997,0.0,300
CC,1885,marine_hw,historical,0.02347020961353333,0.206385,0.0,300
CC,1886,marine_hw,historical,0.028282389280933334,0.26689744,0.0,300
CC,1887,marine_hw,historical,0.010975669578666665,0.13779312,0.0,300
CC,1888,marine_hw,historical,0.005302983502466666,0.102859,0.0,300
CC,1889,marine_hw,historical,0.010971549290666667,0.14907168,0.0,300
CC,1890,marine_hw,historical,0.016754368178566667,0.18229823,0.0,300
CC,1891,marine_hw,historical,0.02708333506765,0.28437537,0.0,300
CC,1892,marine_hw,historical,0.02720804820804667,0.22592458,0.0,300
CC,1893,marine_hw,historical,0.019125801862,0.24517003,0.0,300
CC,1894,marine_hw,historical,0.011893219590333333,0.14990504,0.0,300
CC,1895,marine_hw,historical,0.03510423050216667,0.27137923,0.0,300
CC,1896,marine_hw,historical,0.022429273412666668,0.2375581,0.0,300
CC,1897,marine_hw,historical,0.011087767901813332,0.18724303,0.0,300
CC,1898,marine_hw,historical,0.009474703800966666,0.12188203,0.0,300
CC,1899,marine_hw,historical,0.025590622936166665,0.24286148,0.0,300
CC,1900,marine_hw,historical,0.02219234779876667,0.23098832,0.0,300
CC,1901,marine_hw,historical,0.019586890480333335,0.2513649,0.0,300
CC,1902,marine_hw,historical,0.02285464955933333,0.21688193,0.0,300
CC,1903,marine_hw,historical,0.019045744419,0.1694991,0.0,300
CC,1904,marine_hw,historical,0.012219251768666667,0.18279116,0.0,300
CC,1905,marine_hw,historical,0.010310283475833333,0.17133376,0.0,300
CC,1906,marine_hw,historical,0.016051637935,0.18315792,0.0,300
CC,1907,marine_hw,historical,0.016188044725633333,0.18745546,0.0,300
CC,1908,marine_hw,historical,0.008122616052233333,0.14819384,0.0,300
CC,1909,marine_hw,historical,0.028494274780166667,0.24294136,0.0,300
CC,1910,marine_hw,historical,0.022398737559266666,0.2332905,0.0,300
CC,1911,marine_hw,historical,0.0198605356235,0.22910371,0.0,300
CC,1912,marine_hw,historical,0.021212965732400002,0.23615098,0.0,300
CC,1913,marine_hw,historical,0.02204979406143333,0.24953112,0.0,300
CC,1914,marine_hw,historical,0.01895427413102,0.21487297,0.0,300
CC,1915,marine_hw,historical,0.0169196889631,0.18429902,0.0,300
CC,1916,marine_hw,historical,0.0131823819986,0.123432554,0.0,300
CC,1917,marine_hw,historical,0.020500362824333335,0.18464673,0.0,300
CC,1918,marine_hw,historical,0.015195984158666666,0.18106088,0.0,300
CC,1919,marine_hw,historical,0.028031513764800002,0.28310898,0.0,300
CC,1920,marine_hw,historical,0.023092162204,0.2306034,0.0,300
CC,1921,marine_hw,historical,0.021975627951133333,0.1877042,0.0,300
CC,1922,marine_hw,historical,0.015468946428733333,0.17403176,0.0,300
CC,1923,marine_hw,historical,0.0240844888688,0.24717718,0.0,300
CC,1924,marine_hw,historical,0.0187845884565,0.1926009,0.0,300
CC,1925,marine_hw,historical,0.0109432220475,0.12023708,0.0,300
CC,1926,marine_hw,historical,0.0234757958465,0.22070198,0.0,300
CC,1927,marine_hw,historical,0.032134797878600005,0.27988446,0.0,300
CC,1928,marine_hw,historical,0.02151402388468,0.2213665,0.0,300
CC,1929,marine_hw,historical,0.0119559102318,0.12903735,0.0,300
CC,1930,marine_hw,historical,0.022028492264666667,0.20088643,0.0,300
CC,1931,marine_hw,historical,0.028111598250433332,0.23699978,0.0,300
CC,1932,marine_hw,historical,0.039558105559066664,0.3299054,0.0,300
CC,1933,marine_hw,historical,0.0168332376219,0.18752083,0.0,300
CC,1934,marine_hw,historical,0.01491213163256,0.19150427,0.0,300
CC,1935,marine_hw,historical,0.023132804015883333,0.20907208,0.0,300
CC,1936,marine_hw,historical,0.02833239034766667,0.23673654,0.0,300
CC,1937,marine_hw,historical,0.014582037275333333,0.1880056,0.0,300
CC,1938,marine_hw,historical,0.022953476037166666,0.20609087,0.0,300
CC,1939,marine_hw,historical,0.028030398503900003,0.22593457,0.0,300
CC,1940,marine_hw,historical,0.021097170678333336,0.20097902,0.0,300
CC,1941,marine_hw,historical,0.0151037051582,0.20674993,0.0,300
CC,1942,marine_hw,historical,0.019014724844699998,0.20391577,0.0,300
CC,1943,marine_hw,historical,0.018686113086153335,0.19749668,0.0,300
CC,1944,marine_hw,historical,0.027811686126333335,0.23668477,0.0,300
CC,1945,marine_hw,historical,0.028163476640333335,0.24398988,0.0,300
CC,1946,marine_hw,historical,0.031042558183980003,0.2225294,0.0,300
CC,1947,marine_hw,historical,0.03535271941166667,0.28929567,0.0,300
CC,1948,marine_hw,historical,0.018747314143,0.19021246,0.0,300
CC,1949,marine_hw,historical,0.01657875662,0.15913287,0.0,300
CC,1950,marine_hw,historical,0.011900330962,0.14057463,0.0,300
CC,1951,marine_hw,historical,0.019314267901566668,0.21477947,0.0,300
CC,1952,marine_hw,historical,0.0359582435518,0.28760898,0.0,300
CC,1953,marine_hw,historical,0.012919069894666667,0.14529522,0.0,300
CC,1954,marine_hw,historical,0.019097890711133332,0.17633486,0.0,300
CC,1955,marine_hw,historical,0.026530810770566668,0.24475244,0.0,300
CC,1956,marine_hw,historical,0.0183949209416,0.18574788,0.0,300
CC,1957,marine_hw,historical,0.0374238890882,0.29079443,0.0,300
CC,1958,marine_hw,historical,0.019545305028666665,0.223764,0.0,300
CC,1959,marine_hw,historical,0.019243515361466665,0.18717676,0.0,300
CC,1960,marine_hw,historical,0.022231193221866667,0.21108378,0.0,300
CC,1961,marine_hw,historical,0.03455452936154333,0.33075055,0.0,300
CC,1962,marine_hw,historical,0.020786343864333333,0.21531597,0.0,300
CC,1963,marine_hw,historical,0.006974690371266667,0.09628649,0.0,300
CC,1964,marine_hw,historical,0.012086782525733333,0.17716913,0.0,300
CC,1965,marine_hw,historical,0.025965832530833333,0.22980455,0.0,300
CC,1966,marine_hw,historical,0.011676175218666667,0.13523403,0.0,300
CC,1967,marine_hw,historical,0.013818906500299998,0.14009076,0.0,300
CC,1968,marine_hw,historical,0.02678545754613333,0.22712107,0.0,300
CC,1969,marine_hw,historical,0.0312669104077,0.2680231,0.0,300
CC,1970,marine_hw,historical,0.023892607112666667,0.23569073,0.0,300
CC,1971,marine_hw,historical,0.012462975167533334,0.1618118,0.0,300
CC,1972,marine_hw,historical,0.011927774528776665,0.16792768,0.0,300
CC,1973,marine_hw,historical,0.028032075006666664,0.25812167,0.0,300
CC,1974,marine_hw,historical,0.017370054320833335,0.20522392,0.0,300
CC,1975,marine_hw,historical,0.020874970369,0.18782222,0.0,300
CC,1976,marine_hw,historical,0.021903869196166666,0.22283259,0.0,300
CC,1977,marine_hw,historical,0.040706805288666666,0.30360085,0.0,300
CC,1978,marine_hw,historical,0.02916195632933333,0.22853997,0.0,300
CC,1979,marine_hw,historical,0.021155123653333333,0.22074918,0.0,300
CC,1980,marine_hw,historical,0.02216053586833333,0.20734,0.0,300
CC,1981,marine_hw,historical,0.03538919706533333,0.26829544,0.0,300
CC,1982,marine_hw,historical,0.021941456327666666,0.19339159,0.0,300
CC,1983,marine_hw,historical,0.0066166493702,0.10819416,0.0,300
CC,1984,marine_hw,historical,0.023272239234333334,0.23852944,0.0,300
CC,1985,marine_hw,historical,0.028688859430666666,0.2839133,0.0,300
CC,1986,marine_hw,historical,0.0222927076606,0.2221227,0.0,300
CC,1987,marine_hw,historical,0.015146634706,0.16999112,0.0,300
CC,1988,marine_hw,historical,0.040847837873999995,0.29306942,0.0,300
CC,1989,marine_hw,historical,0.027371941928333334,0.23339853,0.0,300
CC,1990,marine_hw,historical,0.0220016619993,0.18127331,0.0,300
CC,1991,marine_hw,historical,0.0280001319793,0.21204333,0.0,300
CC,1992,marine_hw,historical,0.015257131414100001,0.14950651,0.0,300
CC,1993,marine_hw,historical,0.038125090558,0.28619006,0.0,300
CC,1994,marine_hw,historical,0.032206090995,0.27058128,0.0,300
CC,1995,marine_hw,historical,0.02825574604153333,0.25424442,0.0,300
CC,1996,marine_hw,historical,0.022994111331100003,0.21729589,0.0,300
CC,1997,marine_hw,historical,0.0407840072425,0.28870744,0.0,300
CC,1998,marine_hw,historical,0.03498256071833333,0.27464825,0.0,300
CC,1999,marine_hw,historical,0.010681947606666665,0.16904338,0.0,300
CC,2000,marine_hw,historical,0.029830531646333334,0.23341668,0.0,300
CC,2001,marine_hw,historical,0.029957920199433333,0.28713056,0.0,300
CC,2002,marine_hw,historical,0.042993704790000004,0.35586494,0.0,300
CC,2003,marine_hw,historical,0.027608417658266663,0.21957994,0.0,300
CC,2004,marine_hw,historical,0.022563491180883334,0.23000062,0.0,300
CC,2005,marine_hw,historical,0.026487682032166667,0.22804339,0.0,300
CC,2006,marine_hw,historical,0.04167851025923333,0.27565682,0.0,300
CC,2007,marine_hw,historical,0.034932265673633334,0.30727926,0.0,300
CC,2008,marine_hw,historical,0.04040253191073333,0.29780543,0.0,300
CC,2009,marine_hw,historical,0.03403326610206667,0.2973579,0.0,300
CC,2010,marine_hw,historical,0.059481939645799994,0.38972515,0.0,300
CC,2011,marine_hw,historical,0.05020733513866667,0.30523127,0.0,300
CC,2012,marine_hw,historical,0.024926347551333335,0.18928832,0.0,300
CC,2013,marine_hw,historical,0.03117318535078,0.20495248,0.0,300
CC,2014,marine_hw,historical,0.06036154137066667,0.3827741,0.0,300
CG,1850,marine_hw,historical,0.10057512983333333,0.20791736,0.0,12
CG,1851,marine_hw,historical,0.09910503275,0.19729424,0.0,12
CG,1852,marine_hw,historical,0.12067416141666666,0.28337586,0.0,12
CG,1853,marine_hw,historical,0.10443465783333333,0.2594752,0.0,12
CG,1854,marine_hw,historical,0.11437373325,0.22774018,0.023010343,12
CG,1855,marine_hw,historical,0.09197387358333332,0.17543432,0.0,12
CG,1856,marine_hw,historical,0.09291225666666668,0.22700486,0.0,12
CG,1857,marine_hw,historical,0.155125092375,0.2974323,0.0059385155,12
CG,1858,marine_hw,historical,0.13850831633333335,0.28312534,0.006795142,12
CG,1859,marine_hw,historical,0.10279177878333334,0.22672163,0.0,12
CG,1860,marine_hw,historical,0.046466236833333334,0.12785992,0.0,12
CG,1861,marine_hw,historical,0.071211981,0.18714318,0.0,12
CG,1862,marine_hw,historical,0.11165266583333333,0.27978277,0.0,12
CG,1863,marine_hw,historical,0.11358272244166667,0.28940552,0.0,12
CG,1864,marine_hw,historical,0.06291786493333333,0.16571899,0.0,12
CG,1865,marine_hw,historical,0.07707640591666666,0.17671977,0.0,12
CG,1866,marine_hw,historical,0.09018228266666667,0.20475641,0.0,12
CG,1867,marine_hw,historical,0.12453480558333334,0.28861028,0.0,12
CG,1868,marine_hw,historical,0.15418216158333334,0.33695084,0.032462403,12
CG,1869,marine_hw,historical,0.09640607291666665,0.18726845,0.0,12
CG,1870,marine_hw,historical,0.09592563783333334,0.22355339,0.032587677,12
CG,1871,marine_hw,historical,0.10178432366666668,0.21456975,0.0,12
CG,1872,marine_hw,historical,0.17975395433333333,0.35480374,0.015477383,12
CG,1873,marine_hw,historical,0.15737975133333335,0.28552556,0.04057454,12
CG,1874,marine_hw,historical,0.07547237175,0.16962074,0.0,12
CG,1875,marine_hw,historical,0.08172260425,0.22791085,0.0,12
CG,1876,marine_hw,historical,0.13984704475,0.33708158,0.0,12
CG,1877,marine_hw,historical,0.10975034475,0.21564098,0.007703287,12
CG,1878,marine_hw,historical,0.06710006106666667,0.16346219,0.0,12
CG,1879,marine_hw,historical,0.056893183066666665,0.13435435,0.0,12
CG,1880,marine_hw,historical,0.0974834765,0.24424225,0.0,12
CG,1881,marine_hw,historical,0.12699686670833335,0.31617123,0.0,12
CG,1882,marine_hw,historical,0.0881401475,0.18389687,0.0,12
CG,1883,marine_hw,historical,0.077928767,0.22077006,0.0,12
CG,1884,marine_hw,historical,0.06274051133333333,0.18619725,0.0,12
CG,1885,marine_hw,historical,0.10017133641666666,0.2598347,0.0,12
CG,1886,marine_hw,historical,0.1332176545,0.36399072,0.0,12
CG,1887,marine_hw,historical,0.09129640030833334,0.22349527,0.0,12
CG,1888,marine_hw,historical,0.04885203245833333,0.14134444,0.0,12
CG,1889,marine_hw,historical,0.08683911508333332,0.22185579,0.0,12
CG,1890,marine_hw,historical,0.13485124416666666,0.27232972,0.0,12
CG,1891,marine_hw,historical,0.14470613486666664,0.3015574,0.0,12
CG,1892,marine_hw,historical,0.13590469445,0.27311406,0.0,12
CG,1893,marine_hw,historical,0.07948350525,0.16786323,0.0,12
CG,1894,marine_hw,historical,0.08115192693541666,0.19150245,0.0,12
CG,1895,marine_hw,historical,0.14960449416666666,0.30928826,0.0,12
CG,1896,marine_hw,historical,0.12145567025,0.24795517,0.029364973,12
CG,1897,marine_hw,historical,0.0768070915,0.18056886,0.0,12
CG,1898,marine_hw,historical,0.10160276380833333,0.26677758,0.0,12
CG,1899,marine_hw,historical,0.11880217716666668,0.2842964,0.0,12
CG,1900,marine_hw,historical,0.13957413433333332,0.26948285,0.0,12
CG,1901,marine_hw,historical,0.10089761686666666,0.23847769,0.0,12
CG,1902,marine_hw,historical,0.12184071854166667,0.295604,0.0,12
CG,1903,marine_hw,historical,0.08675889541666666,0.18891521,0.0,12
CG,1904,marine_hw,historical,0.07463973780833334,0.1850879,0.0,12
CG,1905,marine_hw,historical,0.07505350525,0.17967921,0.0,12
CG,1906,marine_hw,historical,0.11411836591666667,0.21475494,0.001009138,12
CG,1907,marine_hw,historical,0.10498497475,0.23236635,0.0,12
CG,1908,marine_hw,historical,0.08925030989166667,0.20098719,0.0,12
CG,1909,marine_hw,historical,0.10921790933333335,0.2863807,0.0,12
CG,1910,marine_hw,historical,0.11553880731666666,0.25383228,0.0028156685,12
CG,1911,marine_hw,historical,0.10844804216666666,0.22318846,0.014780189,12
CG,1912,marine_hw,historical,0.10765176841666667,0.27430692,0.0,12
CG,1913,marine_hw,historical,0.109433483875,0.25672457,0.0,12
CG,1914,marine_hw,historical,0.115572359,0.29222152,0.0,12
CG,1915,marine_hw,historical,0.12835619008333335,0.23656222,0.024976647,12
CG,1916,marine_hw,historical,0.09012476816666666,0.16661409,0.022923194,12
CG,1917,marine_hw,historical,0.11129400961666668,0.2204723,0.0052627684,12
CG,1918,marine_hw,historical,0.1309879745,0.24609235,0.0,12
CG,1919,marine_hw,historical,0.146034347375,0.30855474,0.0028846615,12
CG,1920,marine_hw,historical,0.12182734904999999,0.2651962,0.0,12
CG,1921,marine_hw,historical,0.12519218991666667,0.25283188,0.023787424,12
CG,1922,marine_hw,historical,0.077690233,0.17608975,0.0,12
CG,1923,marine_hw,historical,0.12438456375,0.3042717,0.0,12
CG,1924,marine_hw,historical,0.11147196366666666,0.2310573,0.008093643,12
CG,1925,marine_hw,historical,0.10921453083333332,0.16480392,0.03264941,12
CG,1926,marine_hw,historical,0.13102985333333333,0.23853034,0.010568317,12
CG,1927,marine_hw,historical,0.14471675183333335,0.29749587,0.0,12
CG,1928,marine_hw,historical,0.156619014,0.24824387,0.060072362,12
CG,1929,marine_hw,historical,0.10430152338333333,0.18528762,0.0060325866,12
CG,1930,marine_hw,historical,0.08895753005000001,0.26090592,0.0,12
CG,1931,marine_hw,historical,0.14496297583333334,0.3148549,0.0,12
CG,1932,marine_hw,historical,0.16596216404166667,0.3226348,0.010708119,12
CG,1933,marine_hw,historical,0.10267857678666666,0.20283003,0.0,12
CG,1934,marine_hw,historical,0.09564312125,0.23086667,0.0,12
CG,1935,marine_hw,historical,0.13272834841666667,0.2849936,0.0,12
CG,1936,marine_hw,historical,0.11972190245833335,0.28491732,0.0,12
CG,1937,marine_hw,historical,0.08227678824166666,0.13057062,0.0,12
CG,1938,marine_hw,historical,0.11982226995833334,0.28614467,0.0,12
CG,1939,marine_hw,historical,0.14795767805,0.30018115,0.003750707,12
CG,1940,marine_hw,historical,0.14256635158333333,0.27260387,0.047791585,12
CG,1941,marine_hw,historical,0.12051245637500001,0.23802379,0.0151088135,12
CG,1942,marine_hw,historical,0.13619613966666666,0.23570889,0.02122197,12
CG,1943,marine_hw,historical,0.13665231283333332,0.23139864,0.03530564,12
CG,1944,marine_hw,historical,0.1531789185,0.3155957,0.008057331,12
CG,1945,marine_hw,historical,0.17726837958333333,0.32360068,0.08206483,12
CG,1946,marine_hw,historical,0.14509010683333332,0.24388458,0.0,12
CG,1947,marine_hw,historical,0.15647709183333333,0.33226115,0.015500985,12
CG,1948,marine_hw,historical,0.11544230626666667,0.25956598,0.0,12
CG,1949,marine_hw,historical,0.07864887641666667,0.19791338,0.0,12
CG,1950,marine_hw,historical,0.10984593908333333,0.19142075,0.011831981,12
CG,1951,marine_hw,historical,0.16021281966666667,0.34692216,0.0,12
CG,1952,marine_hw,historical,0.14734920719166666,0.3449123,0.0,12
CG,1953,marine_hw,historical,0.123785549,0.23096289,0.05132476,12
CG,1954,marine_hw,historical,0.0994387075,0.22670892,0.0,12
CG,1955,marine_hw,historical,0.10165495949999999,0.28893164,0.0,12
CG,1956,marine_hw,historical,0.10660576775000001,0.23631713,0.0,12
CG,1957,marine_hw,historical,0.142110927425,0.33671665,0.0,12
CG,1958,marine_hw,historical,0.14542566233333334,0.295555,0.023190428,12
CG,1959,marine_hw,historical,0.12026713365000001,0.2609876,0.0025542208,12
CG,1960,marine_hw,historical,0.11776652058333333,0.2624292,0.0,12
CG,1961,marine_hw,historical,0.18459436666666665,0.3333487,0.06360553,12
CG,1962,marine_hw,historical,0.13711668133333335,0.27038702,0.012236521,12
CG,1963,marine_hw,historical,0.04684533241666666,0.15679528,0.0,12
CG,1964,marine_hw,historical,0.07225741168333333,0.17707562,0.0,12
CG,1965,marine_hw,historical,0.1301781705,0.33338863,0.0,12
CG,1966,marine_hw,historical,0.08840734644166666,0.21966255,0.0,12
CG,1967,marine_hw,historical,0.09046930824999999,0.1710242,0.018878357,12
CG,1968,marine_hw,historical,0.151712266,0.36671412,0.0,12
CG,1969,marine_hw,historical,0.1332377834,0.32140562,0.0027212568,12
CG,1970,marine_hw,historical,0.12527359208333333,0.2354765,0.024431964,12
CG,1971,marine_hw,historical,0.09859113136666665,0.20266482,0.0020945314,12
CG,1972,marine_hw,historical,0.1041554245,0.18390958,0.0,12
CG,1973,marine_hw,historical,0.1667445412916667,0.35949528,0.0119950455,12
CG,1974,marine_hw,historical,0.1292472553,0.2903242,0.0039195586,12
CG,1975,marine_hw,historical,0.13663733275,0.2926827,0.0330089,12
CG,1976,marine_hw,historical,0.1166825445,0.2750041,0.0,12
CG,1977,marine_hw,historical,0.17874462625,0.34919894,0.037533395,12
CG,1978,marine_hw,historical,0.15158251166666667,0.26366562,0.04428201,12
CG,1979,marine_hw,historical,0.106907035275,0.22331917,0.0,12
CG,1980,marine_hw,historical,0.12791985425,0.2918257,0.0,12
CG,1981,marine_hw,historical,0.194771303,0.3703308,0.064634986,12
CG,1982,marine_hw,historical,0.095943603175,0.22613156,0.0,12
CG,1983,marine_hw,historical,0.0697369595,0.15492883,0.0,12
CG,1984,marine_hw,historical,0.12887087625000002,0.2613126,0.0,12
CG,1985,marine_hw,historical,0.18263608158333333,0.35374343,0.0479677,12
CG,1986,marine_hw,historical,0.12576985691666667,0.21471682,0.05123761,12
CG,1987,marine_hw,historical,0.118174285,0.2493205,0.005958487,12
CG,1988,marine_hw,historical,0.16783656083333334,0.3933255,0.0,12
CG,1989,marine_hw,historical,0.15550740241666666,0.32192487,0.028371833,12
CG,1990,marine_hw,historical,0.16154748208333333,0.25574958,0.0792125,12
CG,1991,marine_hw,historical,0.13562800666666666,0.27096075,0.045169845,12
CG,1992,marine_hw,historical,0.10523918811666666,0.23008594,0.0,12
CG,1993,marine_hw,historical,0.1521306445,0.36538875,0.0,12
CG,1994,marine_hw,historical,0.1933058075,0.35830423,0.07522906,12
CG,1995,marine_hw,historical,0.15272982616666667,0.2540175,0.07831559,12
CG,1996,marine_hw,historical,0.11535028591666667,0.24647544,0.0,12
CG,1997,marine_hw,historical,0.199971539,0.39270458,0.004890909,12
CG,1998,marine_hw,historical,0.2081812405,0.35593486,0.08169263,12
CG,1999,marine_hw,historical,0.12875353275,0.21315902,0.029481173,12
CG,2000,marine_hw,historical,0.15728427916666665,0.27156535,0.06070601,12
CG,2001,marine_hw,historical,0.15914881558333333,0.3459962,0.0,12
CG,2002,marine_hw,historical,0.22665248166666666,0.42200848,0.05852183,12
CG,2003,marine_hw,historical,0.15671281841666668,0.29308212,0.02779992,12
CG,2004,marine_hw,historical,0.1424136905,0.25164086,0.0493639,12
CG,2005,marine_hw,historical,0.14211774683333334,0.24345246,0.016969813,12
CG,2006,marine_hw,historical,0.197518925,0.36708087,0.05006291,12
CG,2007,marine_hw,historical,0.20040332033333333,0.3491681,0.067158684,12
CG,2008,marine_hw,historical,0.21013316883333333,0.33226478,0.09011342,12
CG,2009,marine_hw,historical,0.19875825816666667,0.33425832,0.008810808,12
CG,2010,marine_hw,historical,0.23410540700000002,0.4178907,0.06430999,12
CG,2011,marine_hw,historical,0.21641063416666664,0.32396746,0.10397741,12
CG,2012,marine_hw,historical,0.19446628166666668,0.31978428,0.1255777,12
CG,2013,marine_hw,historical,0.17865323716666667,0.31321722,0.06843142,12
CG,2014,marine_hw,historical,0.2264093435,0.41505107,0.050066542,12
CN,1850,marine_hw,historical,0.016736139405333337,0.1660685,0.0,120
CN,1851,marine_hw,historical,0.021904839162500002,0.22370952,0.0,120
CN,1852,marine_hw,historical,0.022685417044166666,0.22549519,0.0,120
CN,1853,marine_hw,historical,0.02029092930975,0.20954144,0.0,120
CN,1854,marine_hw,historical,0.018812515570833334,0.20972934,0.0,120
CN,1855,marine_hw,historical,0.006941196875,0.13471566,0.0,120
CN,1856,marine_hw,historical,0.0222346872075,0.21976241,0.0,120
CN,1857,marine_hw,historical,0.02425750793083333,0.24012807,0.0,120
CN,1858,marine_hw,historical,0.019220283816666666,0.22389382,0.0,120
CN,1859,marine_hw,historical,0.016879565024166664,0.17424963,0.0,120
CN,1860,marine_hw,historical,0.01201833768575,0.18949439,0.0,120
CN,1861,marine_hw,historical,0.01224639818,0.17440122,0.0,120
CN,1862,marine_hw,historical,0.019939002776666666,0.23472573,0.0,120
CN,1863,marine_hw,historical,0.0302652914575,0.22882318,0.0,120
CN,1864,marine_hw,historical,0.011747036458333334,0.16249084,0.0,120
CN,1865,marine_hw,historical,0.007784267509166666,0.14385906,0.0,120
CN,1866,marine_hw,historical,0.022893636486666664,0.23142406,0.0,120
CN,1867,marine_hw,historical,0.024370382213333333,0.24199,0.0,120
CN,1868,marine_hw,historical,0.028212166793333333,0.27329564,0.0,120
CN,1869,marine_hw,historical,0.016559443252125,0.17016542,0.0,120
CN,1870,marine_hw,historical,0.011809891100833332,0.15336832,0.0,120
CN,1871,marine_hw,historical,0.015976227354166667,0.21512172,0.0,120
CN,1872,marine_hw,historical,0.020203893469166668,0.2698496,0.0,120
CN,1873,marine_hw,historical,0.01940036498325,0.17070737,0.0,120
CN,1874,marine_hw,historical,0.010407731370833334,0.14424762,0.0,120
CN,1875,marine_hw,historical,0.012123266416666667,0.18665932,0.0,120
CN,1876,marine_hw,historical,0.026403618686666668,0.27088723,0.0,120
CN,1877,marine_hw,historical,0.014450485441666666,0.18012223,0.0,120
CN,1878,marine_hw,historical,0.0126548819725,0.14364028,0.0,120
CN,1879,marine_hw,historical,0.010115461945,0.14417952,0.0,120
CN,1880,marine_hw,historical,0.0247733223375,0.23397498,0.0,120
CN,1881,marine_hw,historical,0.027870747064166666,0.2507621,0.0,120
CN,1882,marine_hw,historical,0.0084129891145,0.11112818,0.0,120
CN,1883,marine_hw,historical,0.010135193758333333,0.14496115,0.0,120
CN,1884,marine_hw,historical,0.009428864355833334,0.18165277,0.0,120
CN,1885,marine_hw,historical,0.025160550033333333,0.23582055,0.0,120
CN,1886,marine_hw,historical,0.02931839113,0.2575679,0.0,120
CN,1887,marine_hw,historical,0.015890036095833334,0.20155275,0.0,120
CN,1888,marine_hw,historical,0.004950609604166667,0.096395425,0.0,120
CN,1889,marine_hw,historical,0.011952525920583334,0.16194344,0.0,120
CN,1890,marine_hw,historical,0.025390758122500003,0.26279688,0.0,120
CN,1891,marine_hw,historical,0.023326366935833332,0.25994182,0.0,120
CN,1892,marine_hw,historical,0.028600051959999997,0.25081384,0.0,120
CN,1893,marine_hw,historical,0.018012584741666667,0.16660683,0.0,120
CN,1894,marine_hw,historical,0.014454612494166666,0.17192838,0.0,120
CN,1895,marine_hw,historical,0.027251791706666664,0.27632132,0.0,120
CN,1896,marine_hw,historical,0.015134727038333332,0.15692508,0.0,120
CN,1897,marine_hw,historical,0.013600126906666668,0.14953648,0.0,120
CN,1898,marine_hw,historical,0.016415576273333333,0.141408,0.0,120
CN,1899,marine_hw,historical,0.0258634350275,0.25422627,0.0,120
CN,1900,marine_hw,historical,0.018168545070833333,0.21097668,0.0,120
CN,1901,marine_hw,historical,0.01694011918083333,0.22761944,0.0,120
CN,1902,marine_hw,historical,0.021276685275,0.22887766,0.0,120
CN,1903,marine_hw,historical,0.008384183445966666,0.1622757,0.0,120
CN,1904,marine_hw,historical,0.010854076343833334,0.17149988,0.0,120
CN,1905,marine_hw,historical,0.009121813125,0.14178473,0.0,120
CN,1906,marine_hw,historical,0.019893718142500003,0.2243568,0.0,120
CN,1907,marine_hw,historical,0.013372410494999999,0.18562533,0.0,120
CN,1908,marine_hw,historical,0.009914036591666668,0.1502727,0.0,120
CN,1909,marine_hw,historical,0.024082058518333335,0.27147457,0.0,120
CN,1910,marine_hw,historical,0.021667935057499997,0.28083223,0.0,120
CN,1911,marine_hw,historical,0.013498308969166668,0.20351088,0.0,120
CN,1912,marine_hw,historical,0.020654277025,0.27378404,0.0,120
CN,1913,marine_hw,historical,0.02293344291833333,0.22576843,0.0,120
CN,1914,marine_hw,historical,0.0318536921665,0.3003137,0.0,120
CN,1915,marine_hw,historical,0.01756778373,0.19233945,0.0,120
CN,1916,marine_hw,historical,0.017612940959166667,0.23441799,0.0,120
CN,1917,marine_hw,historical,0.014729419179416668,0.2034882,0.0,120
CN,1918,marine_hw,historical,0.012749549088333334,0.15769129,0.0,120
CN,1919,marine_hw,historical,0.026024929763333333,0.2711096,0.0,120
CN,1920,marine_hw,historical,0.023973047963333334,0.2638626,0.0,120
CN,1921,marine_hw,historical,0.012318595749166666,0.20780571,0.0,120
CN,1922,marine_hw,historical,0.015965666505833333,0.2119462,0.0,120
CN,1923,marine_hw,historical,0.027801468508333333,0.2709335,0.0,120
CN,1924,marine_hw,historical,0.009085329283333334,0.11622642,0.0,120
CN,1925,marine_hw,historical,0.014345657514166667,0.19400072,0.0,120
CN,1926,marine_hw,historical,0.016453158825,0.1867165,0.0,120
CN,1927,marine_hw,historical,0.023798622639166666,0.24301308,0.0,120
CN,1928,marine_hw,historical,0.018731914634166666,0.19316828,0.0,120
CN,1929,marine_hw,historical,0.014786796798333333,0.17260924,0.0,120
CN,1930,marine_hw,historical,0.017094813605,0.22798711,0.0,120
CN,1931,marine_hw,historical,0.033689692182499995,0.30583224,0.0,120
CN,1932,marine_hw,historical,0.024879533529166668,0.28431636,0.0,120
CN,1933,marine_hw,historical,0.016286754100833335,0.17647557,0.0,120
CN,1934,marine_hw,historical,0.012852187252500001,0.22555691,0.0,120
CN,1935,marine_hw,historical,0.027512084970833333,0.25639504,0.0,120
CN,1936,marine_hw,historical,0.023398717911666665,0.21554928,0.0,120
CN,1937,marine_hw,historical,0.011766577038416666,0.14870402,0.0,120
CN,1938,marine_hw,historical,0.02927568335,0.22536537,0.0,120
CN,1939,marine_hw,historical,0.0355064031525,0.3206058,0.0,120
CN,1940,marine_hw,historical,0.017014116149999998,0.21192442,0.0,120
CN,1941,marine_hw,historical,0.015715578291666667,0.22252303,0.0,120
CN,1942,marine_hw,historical,0.024218312940833334,0.238583,0.0,120
CN,1943,marine_hw,historical,0.019287537351666665,0.19379283,0.0,120
CN,1944,marine_hw,historical,0.029984798476666668,0.25724292,0.0,120
CN,1945,marine_hw,historical,0.022924026796666667,0.2883352,0.0,120
CN,1946,marine_hw,historical,0.01193924475875,0.1758056,0.0,120
CN,1947,marine_hw,historical,0.026711691017416665,0.28362733,0.0,120
CN,1948,marine_hw,historical,0.0239660448775,0.2449331,0.0,120
CN,1949,marine_hw,historical,0.019940809676666667,0.22854723,0.0,120
CN,1950,marine_hw,historical,0.017651466913333334,0.22840106,0.0,120
CN,1951,marine_hw,historical,0.023773332941666666,0.25829506,0.0,120
CN,1952,marine_hw,historical,0.025142403834166667,0.30156374,0.0,120
CN,1953,marine_hw,historical,0.012278266388333332,0.16623645,0.0,120
CN,1954,marine_hw,historical,0.014226930083333334,0.16149408,0.0,120
CN,1955,marine_hw,historical,0.025953296310833332,0.29434758,0.0,120
CN,1956,marine_hw,historical,0.03172087996383333,0.3296194,0.0,120
CN,1957,marine_hw,historical,0.035126232029333335,0.32758504,0.0,120
CN,1958,marine_hw,historical,0.020584618523333334,0.22074282,0.0,120
CN,1959,marine_hw,historical,0.018858270723333334,0.20466107,0.0,120
CN,1960,marine_hw,historical,0.023336880730833336,0.2087017,0.0,120
CN,1961,marine_hw,historical,0.0359159850275,0.29450375,0.0,120
CN,1962,marine_hw,historical,0.019394017608416667,0.20415181,0.0,120
CN,1963,marine_hw,historical,0.008454710739166668,0.14911163,0.0,120
CN,1964,marine_hw,historical,0.017190149916666668,0.19567472,0.0,120
CN,1965,marine_hw,historical,0.02821153997083333,0.28053808,0.0,120
CN,1966,marine_hw,historical,0.011054397011666666,0.1656972,0.0,120
CN,1967,marine_hw,historical,0.010917554174666666,0.17442937,0.0,120
CN,1968,marine_hw,historical,0.02309438066,0.26876384,0.0,120
CN,1969,marine_hw,historical,0.030900971622249997,0.29553592,0.0,120
CN,1970,marine_hw,historical,0.016253396764166667,0.1660113,0.0,120
CN,1971,marine_hw,historical,0.011924949999999998,0.14899996,0.0,120
CN,1972,marine_hw,historical,0.00979508044,0.21764268,0.0,120
CN,1973,marine_hw,historical,0.03432065993333333,0.2874537,0.0,120
CN,1974,marine_hw,historical,0.018767296025,0.20607817,0.0,120
CN,1975,marine_hw,historical,0.015733171366666666,0.20747164,0.0,120
CN,1976,marine_hw,historical,0.021913878185000003,0.2116784,0.0,120
CN,1977,marine_hw,historical,0.0329045089425,0.28186348,0.0,120
CN,1978,marine_hw,historical,0.022771445631666668,0.27387115,0.0,120
CN,1979,marine_hw,historical,0.02630247639183333,0.25979203,0.0,120
CN,1980,marine_hw,historical,0.025213997183333333,0.22821587,0.0,120
CN,1981,marine_hw,historical,0.038019501426666664,0.29364315,0.0,120
CN,1982,marine_hw,historical,0.01549780599,0.164439,0.0,120
CN,1983,marine_hw,historical,0.009488446743333333,0.11259882,0.0,120
CN,1984,marine_hw,historical,0.021239328133333336,0.26593876,0.0,120
CN,1985,marine_hw,historical,0.03166717838,0.2908235,0.0,120
CN,1986,marine_hw,historical,0.011821161435833333,0.17776375,0.0,120
CN,1987,marine_hw,historical,0.015899465033333334,0.23670293,0.0,120
CN,1988,marine_hw,historical,0.03053856854975,0.26903528,0.0,120
CN,1989,marine_hw,historical,0.030148614058333335,0.26662415,0.0,120
CN,1990,marine_hw,historical,0.013862006566666666,0.15493336,0.0,120
CN,1991,marine_hw,historical,0.0207685110075,0.1656972,0.0,120
CN,1992,marine_hw,historical,0.008531436086666667,0.16801119,0.0,120
CN,1993,marine_hw,historical,0.023742167316666667,0.27554607,0.0,120
CN,1994,marine_hw,historical,0.03423153730833333,0.3005688,0.0,120
CN,1995,marine_hw,historical,0.0196231272725,0.20345005,0.0,120
CN,1996,marine_hw,historical,0.015323649589999998,0.16417846,0.0,120
CN,1997,marine_hw,historical,0.03451292555833333,0.28922668,0.0,120
CN,1998,marine_hw,historical,0.0348415972425,0.29616594,0.0,120
CN,1999,marine_hw,historical,0.0137245327545,0.1697551,0.0,120
CN,2000,marine_hw,historical,0.022389743979166665,0.24962464,0.0,120
CN,2001,marine_hw,historical,0.03159827946208334,0.30366167,0.0,120
CN,2002,marine_hw,historical,0.04522907457,0.36950928,0.0,120
CN,2003,marine_hw,historical,0.024320095581666666,0.20714937,0.0,120
CN,2004,marine_hw,historical,0.0210350631275,0.1910068,0.0,120
CN,2005,marine_hw,historical,0.017149171108333337,0.17768204,0.0,120
CN,2006,marine_hw,historical,0.032435040416666665,0.2943213,0.0,120
CN,2007,marine_hw,historical,0.03833704271583334,0.327546,0.0,120
CN,2008,marine_hw,historical,0.03103802379083333,0.2787506,0.0,120
CN,2009,marine_hw,historical,0.02884963153,0.2752474,0.0,120
CN,2010,marine_hw,historical,0.042870023420833334,0.33005247,0.0,120
CN,2011,marine_hw,historical,0.03809996539666667,0.2926954,0.0,120
CN,2012,marine_hw,historical,0.02203307725375,0.19819751,0.0,120
CN,2013,marine_hw,historical,0.025610588245833333,0.21383172,0.0,120
CN,2014,marine_hw,historical,0.03208788684358334,0.26400968,0.0,120
CX,1850,marine_hw,historical,0.052978201860416664,0.25343287,0.0,48
CX,1851,marine_hw,historical,0.06453945355833333,0.21413128,0.0,48
CX,1852,marine_hw,historical,0.040141965489583334,0.23189339,0.0,48
CX,1853,marine_hw,historical,0.051713670920833336,0.25495255,0.0,48
CX,1854,marine_hw,historical,0.044677306229166665,0.22755499,0.0,48
CX,1855,marine_hw,historical,0.028328021125000002,0.14398524,0.0,48
CX,1856,marine_hw,historical,0.054357211885416666,0.20444047,0.0,48
CX,1857,marine_hw,historical,0.06687077647083332,0.2809366,0.0,48
CX,1858,marine_hw,historical,0.043381954366458336,0.25816706,0.0,48
CX,1859,marine_hw,historical,0.04614417324166667,0.18697432,0.0,48
CX,1860,marine_hw,historical,0.02119131992708333,0.12091158,0.0,48
CX,1861,marine_hw,historical,0.0313326744375,0.15358618,0.0,48
CX,1862,marine_hw,historical,0.07125418625,0.29302585,0.0,48
CX,1863,marine_hw,historical,0.06725322305416666,0.28715873,0.0,48
CX,1864,marine_hw,historical,0.023704033964583333,0.12051306,0.0,48
CX,1865,marine_hw,historical,0.022563995545833337,0.12334541,0.0,48
CX,1866,marine_hw,historical,0.03135439049104167,0.17594542,0.0,48
CX,1867,marine_hw,historical,0.053691253060416666,0.22323565,0.0,48
CX,1868,marine_hw,historical,0.07285723843125001,0.30873904,0.0,48
CX,1869,marine_hw,historical,0.03877816464791667,0.13979301,0.0,48
CX,1870,marine_hw,historical,0.03082837972291667,0.216458,0.0,48
CX,1871,marine_hw,historical,0.05481878214791667,0.28023306,0.0,48
CX,1872,marine_hw,historical,0.07856876415833333,0.31083697,0.0,48
CX,1873,marine_hw,historical,0.07745389097708334,0.23502441,0.0,48
CX,1874,marine_hw,historical,0.03940362888541667,0.13283288,0.0,48
CX,1875,marine_hw,historical,0.03937083645,0.22494778,0.0,48
CX,1876,marine_hw,historical,0.06544323189875,0.2817945,0.0,48
CX,1877,marine_hw,historical,0.0488319826875,0.24668606,0.0,48
CX,1878,marine_hw,historical,0.03804569996875,0.16757545,0.0,48
CX,1879,marine_hw,historical,0.025997814579166667,0.14918697,0.0,48
CX,1880,marine_hw,historical,0.06213013263541667,0.22616424,0.0,48
CX,1881,marine_hw,historical,0.066287676625,0.28868017,0.0,48
CX,1882,marine_hw,historical,0.050019978131250004,0.20489618,0.0,48
CX,1883,marine_hw,historical,0.03491505073541667,0.13423906,0.0,48
CX,1884,marine_hw,historical,0.02649349816375,0.12818038,0.0,48
CX,1885,marine_hw,historical,0.05453958619166666,0.20401017,0.0,48
CX,1886,marine_hw,historical,0.0689583234375,0.29410523,0.0,48
CX,1887,marine_hw,historical,0.050145205289583335,0.20606363,0.0,48
CX,1888,marine_hw,historical,0.01970359622083333,0.19462438,0.0,48
CX,1889,marine_hw,historical,0.03235577887,0.16395876,0.0,48
CX,1890,marine_hw,historical,0.048840019510416666,0.23686361,0.0,48
CX,1891,marine_hw,historical,0.06065729336395834,0.2541137,0.0,48
CX,1892,marine_hw,historical,0.05986060093541667,0.25574684,0.0,48
CX,1893,marine_hw,historical,0.034024258089583335,0.16927394,0.0,48
CX,1894,marine_hw,historical,0.032189718883333336,0.15252405,0.0,48
CX,1895,marine_hw,historical,0.08122505185416666,0.26333517,0.0,48
CX,1896,marine_hw,historical,0.06473437884583334,0.2685814,0.0,48
CX,1897,marine_hw,historical,0.051814992610416666,0.20944521,0.0,48
CX,1898,marine_hw,historical,0.04398770482916667,0.19861147,0.0,48
CX,1899,marine_hw,historical,0.056830324833333334,0.25794917,0.0,48
CX,1900,marine_hw,historical,0.05906852386875,0.30604196,0.0,48
CX,1901,marine_hw,historical,0.05021635982916667,0.23667842,0.0,48
CX,1902,marine_hw,historical,0.061210512385416666,0.23161015,0.0,48
CX,1903,marine_hw,historical,0.06476090604375,0.30003044,0.0,48
CX,1904,marine_hw,historical,0.036998546491666666,0.18687265,0.0,48
CX,1905,marine_hw,historical,0.02806609794583333,0.15344095,0.0,48
CX,1906,marine_hw,historical,0.044894642650000004,0.20386764,0.0,48
CX,1907,marine_hw,historical,0.04561874149791667,0.1931937,0.0,48
CX,1908,marine_hw,historical,0.026485392940208335,0.14765733,0.0,48
CX,1909,marine_hw,historical,0.07581839770522916,0.24629752,0.0,48
CX,1910,marine_hw,historical,0.04361547316875,0.2059783,0.0,48
CX,1911,marine_hw,historical,0.059764327062500004,0.24033688,0.0,48
CX,1912,marine_hw,historical,0.06399914455104166,0.22359243,0.0,48
CX,1913,marine_hw,historical,0.0606446301875,0.2608578,0.0,48
CX,1914,marine_hw,historical,0.0553366786625,0.2884714,0.0,48
CX,1915,marine_hw,historical,0.05204518892083334,0.2210651,0.0,48
CX,1916,marine_hw,historical,0.0503389031125,0.1747362,0.0,48
CX,1917,marine_hw,historical,0.060631958118749996,0.20862728,0.0,48
CX,1918,marine_hw,historical,0.048294032993750007,0.24805322,0.0,48
CX,1919,marine_hw,historical,0.07616613768958334,0.3376662,0.0,48
CX,1920,marine_hw,historical,0.04683863451875,0.25231534,0.0,48
CX,1921,marine_hw,historical,0.05588695501875,0.20256859,0.0,48
CX,1922,marine_hw,historical,0.038432055208333336,0.16125986,0.0,48
CX,1923,marine_hw,historical,0.0797959710625,0.3000822,0.0,48
CX,1924,marine_hw,historical,0.06405432705208333,0.226521,0.0,48
CX,1925,marine_hw,historical,0.049332503,0.19029507,0.0,48
CX,1926,marine_hw,historical,0.06478378016666667,0.24184474,0.0,48
CX,1927,marine_hw,historical,0.07471920340625,0.2463865,0.0,48
CX,1928,marine_hw,historical,0.06509057874375,0.27124035,0.0,48
CX,1929,marine_hw,historical,0.04698799078541666,0.16592506,0.0,48
CX,1930,marine_hw,historical,0.061121523886770834,0.24511011,0.0,48
CX,1931,marine_hw,historical,0.06831242157291667,0.25615627,0.0,48
CX,1932,marine_hw,historical,0.09210182191110416,0.3931303,0.0,48
CX,1933,marine_hw,historical,0.052502629716666666,0.24445921,0.0,48
CX,1934,marine_hw,historical,0.04204231158333333,0.20437148,0.0,48
CX,1935,marine_hw,historical,0.06170430391666667,0.2633143,0.0,48
CX,1936,marine_hw,historical,0.055235636160416664,0.2668257,0.0,48
CX,1937,marine_hw,historical,0.032934629124999996,0.17900017,0.0,48
CX,1938,marine_hw,historical,0.06529794345833333,0.23073775,0.0,48
CX,1939,marine_hw,historical,0.060897607182708334,0.2896243,0.0,48
CX,1940,marine_hw,historical,0.05832411480625,0.25880343,0.0,48
CX,1941,marine_hw,historical,0.046629384912499995,0.17454013,0.0,48
CX,1942,marine_hw,historical,0.04381508834166667,0.21685562,0.0,48
CX,1943,marine_hw,historical,0.04239061451875,0.18175808,0.0,48
CX,1944,marine_hw,historical,0.06631419207666667,0.2732593,0.0,48
CX,1945,marine_hw,historical,0.0609133509375,0.24332628,0.0,48
CX,1946,marine_hw,historical,0.07223041024791667,0.26391074,0.0,48
CX,1947,marine_hw,historical,0.087114352,0.33353478,0.0,48
CX,1948,marine_hw,historical,0.07136535734791667,0.26729685,0.0,48
CX,1949,marine_hw,historical,0.05215721496354167,0.21042018,0.0,48
CX,1950,marine_hw,historical,0.03408408844479167,0.20305972,0.0,48
CX,1951,marine_hw,historical,0.06282726696875,0.26188725,0.0,48
CX,1952,marine_hw,historical,0.08835881169583333,0.3180567,0.0,48
CX,1953,marine_hw,historical,0.037000763014583334,0.1517261,0.0,48
CX,1954,marine_hw,historical,0.051988970604166664,0.1996963,0.0,48
CX,1955,marine_hw,historical,0.07634006602083333,0.2851243,0.0,48
CX,1956,marine_hw,historical,0.06857719314583334,0.304643,0.0,48
CX,1957,marine_hw,historical,0.09421873668750001,0.3313706,0.0,48
CX,1958,marine_hw,historical,0.0636383892125,0.26257265,0.0,48
CX,1959,marine_hw,historical,0.046466313766249996,0.1804354,0.0,48
CX,1960,marine_hw,historical,0.0649565654375,0.28063157,0.0,48
CX,1961,marine_hw,historical,0.0889284563625,0.35027832,0.0,48
CX,1962,marine_hw,historical,0.05825192529791667,0.22931615,0.0,48
CX,1963,marine_hw,historical,0.03226654779166666,0.13049528,0.0,48
CX,1964,marine_hw,historical,0.028895989729166665,0.1748642,0.0,48
CX,1965,marine_hw,historical,0.067260591,0.27531368,0.0,48
CX,1966,marine_hw,historical,0.04359231864583333,0.19358858,0.0,48
CX,1967,marine_hw,historical,0.039368903016666665,0.14918515,0.0,48
CX,1968,marine_hw,historical,0.06773251447083334,0.25044075,0.0,48
CX,1969,marine_hw,historical,0.08348878130833333,0.3604476,0.0,48
CX,1970,marine_hw,historical,0.06272760751249999,0.2375944,0.0,48
CX,1971,marine_hw,historical,0.0491543892,0.21305373,0.0,48
CX,1972,marine_hw,historical,0.03710679444375,0.17916267,0.0,48
CX,1973,marine_hw,historical,0.07818110246875,0.28424555,0.0,48
CX,1974,marine_hw,historical,0.05112966261572916,0.23525862,0.0,48
CX,1975,marine_hw,historical,0.04906830525625,0.20734909,0.0,48
CX,1976,marine_hw,historical,0.05090046055208333,0.22441852,0.0,48
CX,1977,marine_hw,historical,0.09562434648125,0.3593582,0.0,48
CX,1978,marine_hw,historical,0.07441171737291667,0.2949658,0.0,48
CX,1979,marine_hw,historical,0.05773490675,0.27159166,0.0,48
CX,1980,marine_hw,historical,0.07046080592708333,0.23075773,0.0,48
CX,1981,marine_hw,historical,0.09304769689583332,0.301394,0.0,48
CX,1982,marine_hw,historical,0.06662868224375,0.22105148,0.0,48
CX,1983,marine_hw,historical,0.029588129367708337,0.12110677,0.0,48
CX,1984,marine_hw,historical,0.06868011057708333,0.26066262,0.0,48
CX,1985,marine_hw,historical,0.08349064831875001,0.30946434,0.0,48
CX,1986,marine_hw,historical,0.052808239124999996,0.19496754,0.0,48
CX,1987,marine_hw,historical,0.04173329714166666,0.19292952,0.0,48
CX,1988,marine_hw,historical,0.07557015386333334,0.26246554,0.0,48
CX,1989,marine_hw,historical,0.057082201620833335,0.27331376,0.0,48
CX,1990,marine_hw,historical,0.058099163275000004,0.23349385,0.0,48
CX,1991,marine_hw,historical,0.06074302162922917,0.2734536,0.0,48
CX,1992,marine_hw,historical,0.03351470762916667,0.1683371,0.0,48
CX,1993,marine_hw,historical,0.08847585551458333,0.2797265,0.0,48
CX,1994,marine_hw,historical,0.0746887728125,0.32082644,0.0,48
CX,1995,marine_hw,historical,0.05743943972729166,0.18756802,0.0,48
CX,1996,marine_hw,historical,0.060739122166666666,0.21741119,0.0,48
CX,1997,marine_hw,historical,0.09539458270833334,0.3208346,0.0,48
CX,1998,marine_hw,historical,0.08451022451458333,0.32781744,0.0,48
CX,1999,marine_hw,historical,0.03988701825625,0.19049752,0.0,48
CX,2000,marine_hw,historical,0.06423849975416666,0.2243686,0.0,48
CX,2001,marine_hw,historical,0.08022150399375,0.31769451,0.0,48
CX,2002,marine_hw,historical,0.10215738271041667,0.36272523,0.0,48
CX,2003,marine_hw,historical,0.07286470930416666,0.23797294,0.0,48
CX,2004,marine_hw,historical,0.05350174750416667,0.23165283,0.0,48
CX,2005,marine_hw,historical,0.06881315243958333,0.2543334,0.0,48
CX,2006,marine_hw,historical,0.098317971784375,0.35799742,0.0,48
CX,2007,marine_hw,historical,0.06567991689583333,0.26034942,0.0,48
CX,2008,marine_hw,historical,0.09639272917291668,0.31538415,0.0,48
CX,2009,marine_hw,historical,0.09350605073125,0.3390397,0.0,48
CX,2010,marine_hw,historical,0.1331496483,0.38418028,0.0,48
CX,2011,marine_hw,historical,0.11791074598958333,0.35158375,0.0,48
CX,2012,marine_hw,historical,0.07402040696291666,0.25762147,0.0,48
CX,2013,marine_hw,historical,0.0851168893125,0.2867529,0.0,48
CX,2014,marine_hw,historical,0.11459066704791666,0.43709528,0.0,48
DE,1850,marine_hw,historical,0.0,0.0,0.0,12
DE,1851,marine_hw,historical,0.0,0.0,0.0,12
DE,1852,marine_hw,historical,0.0,0.0,0.0,12
DE,1853,marine_hw,historical,0.0,0.0,0.0,12
DE,1854,marine_hw,historical,0.0,0.0,0.0,12
DE,1855,marine_hw,historical,0.0,0.0,0.0,12
DE,1856,marine_hw,historical,0.0,0.0,0.0,12
DE,1857,marine_hw,historical,0.0,0.0,0.0,12
DE,1858,marine_hw,historical,0.0,0.0,0.0,12
DE,1859,marine_hw,historical,0.0,0.0,0.0,12
DE,1860,marine_hw,historical,0.0,0.0,0.0,12
DE,1861,marine_hw,historical,0.0,0.0,0.0,12
DE,1862,marine_hw,historical,0.0,0.0,0.0,12
DE,1863,marine_hw,historical,0.0,0.0,0.0,12
DE,1864,marine_hw,historical,0.0,0.0,0.0,12
DE,1865,marine_hw,historical,0.0,0.0,0.0,12
DE,1866,marine_hw,historical,0.0,0.0,0.0,12
DE,1867,marine_hw,historical,0.0,0.0,0.0,12
DE,1868,marine_hw,historical,0.0,0.0,0.0,12
DE,1869,marine_hw,historical,0.0,0.0,0.0,12
DE,1870,marine_hw,historical,0.0,0.0,0.0,12
DE,1871,marine_hw,historical,0.0,0.0,0.0,12
DE,1872,marine_hw,historical,0.0,0.0,0.0,12
DE,1873,marine_hw,historical,0.0,0.0,0.0,12
DE,1874,marine_hw,historical,0.0,0.0,0.0,12
DE,1875,marine_hw,historical,0.0,0.0,0.0,12
DE,1876,marine_hw,historical,0.0,0.0,0.0,12
DE,1877,marine_hw,historical,0.0,0.0,0.0,12
DE,1878,marine_hw,historical,0.0,0.0,0.0,12
DE,1879,marine_hw,historical,0.0,0.0,0.0,12
DE,1880,marine_hw,historical,0.0,0.0,0.0,12
DE,1881,marine_hw,historical,0.0,0.0,0.0,12
DE,1882,marine_hw,historical,0.0,0.0,0.0,12
DE,1883,marine_hw,historical,0.0,0.0,0.0,12
DE,1884,marine_hw,historical,0.0,0.0,0.0,12
DE,1885,marine_hw,historical,0.0,0.0,0.0,12
DE,1886,marine_hw,historical,0.0,0.0,0.0,12
DE,1887,marine_hw,historical,0.0,0.0,0.0,12
DE,1888,marine_hw,historical,0.0,0.0,0.0,12
DE,1889,marine_hw,historical,0.0,0.0,0.0,12
DE,1890,marine_hw,historical,0.0,0.0,0.0,12
DE,1891,marine_hw,historical,0.0,0.0,0.0,12
DE,1892,marine_hw,historical,0.0,0.0,0.0,12
DE,1893,marine_hw,historical,0.0,0.0,0.0,12
DE,1894,marine_hw,historical,0.0,0.0,0.0,12
DE,1895,marine_hw,historical,0.0,0.0,0.0,12
DE,1896,marine_hw,historical,0.0,0.0,0.0,12
DE,1897,marine_hw,historical,0.0,0.0,0.0,12
DE,1898,marine_hw,historical,0.0,0.0,0.0,12
DE,1899,marine_hw,historical,0.0,0.0,0.0,12
DE,1900,marine_hw,historical,0.0,0.0,0.0,12
DE,1901,marine_hw,historical,0.0,0.0,0.0,12
DE,1902,marine_hw,historical,0.0,0.0,0.0,12
DE,1903,marine_hw,historical,0.0,0.0,0.0,12
DE,1904,marine_hw,historical,0.0,0.0,0.0,12
DE,1905,marine_hw,historical,0.0,0.0,0.0,12
DE,1906,marine_hw,historical,0.0,0.0,0.0,12
DE,1907,marine_hw,historical,0.0,0.0,0.0,12
DE,1908,marine_hw,historical,0.0,0.0,0.0,12
DE,1909,marine_hw,historical,0.0,0.0,0.0,12
DE,1910,marine_hw,historical,0.0,0.0,0.0,12
DE,1911,marine_hw,historical,0.0,0.0,0.0,12
DE,1912,marine_hw,historical,0.0,0.0,0.0,12
DE,1913,marine_hw,historical,0.0,0.0,0.0,12
DE,1914,marine_hw,historical,0.0,0.0,0.0,12
DE,1915,marine_hw,historical,0.0,0.0,0.0,12
DE,1916,marine_hw,historical,0.0,0.0,0.0,12
DE,1917,marine_hw,historical,0.0,0.0,0.0,12
DE,1918,marine_hw,historical,0.0,0.0,0.0,12
DE,1919,marine_hw,historical,0.0,0.0,0.0,12
DE,1920,marine_hw,historical,0.0,0.0,0.0,12
DE,1921,marine_hw,historical,0.0,0.0,0.0,12
DE,1922,marine_hw,historical,0.0,0.0,0.0,12
DE,1923,marine_hw,historical,0.0,0.0,0.0,12
DE,1924,marine_hw,historical,0.0,0.0,0.0,12
DE,1925,marine_hw,historical,0.0,0.0,0.0,12
DE,1926,marine_hw,historical,0.0,0.0,0.0,12
DE,1927,marine_hw,historical,0.0,0.0,0.0,12
DE,1928,marine_hw,historical,0.0,0.0,0.0,12
DE,1929,marine_hw,historical,0.0,0.0,0.0,12
DE,1930,marine_hw,historical,0.0,0.0,0.0,12
DE,1931,marine_hw,historical,0.0,0.0,0.0,12
DE,1932,marine_hw,historical,0.0,0.0,0.0,12
DE,1933,marine_hw,historical,0.0,0.0,0.0,12
DE,1934,marine_hw,historical,0.0,0.0,0.0,12
DE,1935,marine_hw,historical,0.0,0.0,0.0,12
DE,1936,marine_hw,historical,0.0,0.0,0.0,12
DE,1937,marine_hw,historical,0.0,0.0,0.0,12
DE,1938,marine_hw,historical,0.0,0.0,0.0,12
DE,1939,marine_hw,historical,0.0,0.0,0.0,12
DE,1940,marine_hw,historical,0.0,0.0,0.0,12
DE,1941,marine_hw,historical,0.0,0.0,0.0,12
DE,1942,marine_hw,historical,0.0,0.0,0.0,12
DE,1943,marine_hw,historical,0.0,0.0,0.0,12
DE,1944,marine_hw,historical,0.0,0.0,0.0,12
DE,1945,marine_hw,historical,0.0,0.0,0.0,12
DE,1946,marine_hw,historical,0.0,0.0,0.0,12
DE,1947,marine_hw,historical,0.0,0.0,0.0,12
DE,1948,marine_hw,historical,0.0,0.0,0.0,12
DE,1949,marine_hw,historical,0.0,0.0,0.0,12
DE,1950,marine_hw,historical,0.0,0.0,0.0,12
DE,1951,marine_hw,historical,0.0,0.0,0.0,12
DE,1952,marine_hw,historical,0.0,0.0,0.0,12
DE,1953,marine_hw,historical,0.0,0.0,0.0,12
DE,1954,marine_hw,historical,0.0,0.0,0.0,12
DE,1955,marine_hw,historical,0.0,0.0,0.0,12
DE,1956,marine_hw,historical,0.0,0.0,0.0,12
DE,1957,marine_hw,historical,0.0,0.0,0.0,12
DE,1958,marine_hw,historical,0.0,0.0,0.0,12
DE,1959,marine_hw,historical,0.0,0.0,0.0,12
DE,1960,marine_hw,historical,0.0,0.0,0.0,12
DE,1961,marine_hw,historical,0.0,0.0,0.0,12
DE,1962,marine_hw,historical,0.0,0.0,0.0,12
DE,1963,marine_hw,historical,0.0,0.0,0.0,12
DE,1964,marine_hw,historical,0.0,0.0,0.0,12
DE,1965,marine_hw,historical,0.0,0.0,0.0,12
DE,1966,marine_hw,historical,0.0,0.0,0.0,12
DE,1967,marine_hw,historical,0.0,0.0,0.0,12
DE,1968,marine_hw,historical,0.0,0.0,0.0,12
DE,1969,marine_hw,historical,0.0,0.0,0.0,12
DE,1970,marine_hw,historical,0.0,0.0,0.0,12
DE,1971,marine_hw,historical,0.0,0.0,0.0,12
DE,1972,marine_hw,historical,0.0,0.0,0.0,12
DE,1973,marine_hw,historical,0.0,0.0,0.0,12
DE,1974,marine_hw,historical,0.0,0.0,0.0,12
DE,1975,marine_hw,historical,0.0,0.0,0.0,12
DE,1976,marine_hw,historical,0.0,0.0,0.0,12
DE,1977,marine_hw,historical,0.0,0.0,0.0,12
DE,1978,marine_hw,historical,0.0,0.0,0.0,12
DE,1979,marine_hw,historical,0.0,0.0,0.0,12
DE,1980,marine_hw,historical,0.0,0.0,0.0,12
DE,1981,marine_hw,historical,0.0,0.0,0.0,12
DE,1982,marine_hw,historical,0.0,0.0,0.0,12
DE,1983,marine_hw,historical,0.0,0.0,0.0,12
DE,1984,marine_hw,historical,0.0,0.0,0.0,12
DE,1985,marine_hw,historical,0.0,0.0,0.0,12
DE,1986,marine_hw,historical,0.0,0.0,0.0,12
DE,1987,marine_hw,historical,0.0,0.0,0.0,12
DE,1988,marine_hw,historical,0.0,0.0,0.0,12
DE,1989,marine_hw,historical,0.0,0.0,0.0,12
DE,1990,marine_hw,historical,0.0,0.0,0.0,12
DE,1991,marine_hw,historical,0.0,0.0,0.0,12
DE,1992,marine_hw,historical,0.0,0.0,0.0,12
DE,1993,marine_hw,historical,0.0,0.0,0.0,12
DE,1994,marine_hw,historical,0.0,0.0,0.0,12
DE,1995,marine_hw,historical,0.0,0.0,0.0,12
DE,1996,marine_hw,historical,0.0,0.0,0.0,12
DE,1997,marine_hw,historical,0.0,0.0,0.0,12
DE,1998,marine_hw,historical,0.0,0.0,0.0,12
DE,1999,marine_hw,historical,0.0,0.0,0.0,12
DE,2000,marine_hw,historical,0.0,0.0,0.0,12
DE,2001,marine_hw,historical,0.0,0.0,0.0,12
DE,2002,marine_hw,historical,0.0,0.0,0.0,12
DE,2003,marine_hw,historical,0.0,0.0,0.0,12
DE,2004,marine_hw,historical,0.0,0.0,0.0,12
DE,2005,marine_hw,historical,0.0,0.0,0.0,12
DE,2006,marine_hw,historical,0.0,0.0,0.0,12
DE,2007,marine_hw,historical,0.0,0.0,0.0,12
DE,2008,marine_hw,historical,0.0,0.0,0.0,12
DE,2009,marine_hw,historical,0.0,0.0,0.0,12
DE,2010,marine_hw,historical,0.0,0.0,0.0,12
DE,2011,marine_hw,historical,0.0,0.0,0.0,12
DE,2012,marine_hw,historical,0.0,0.0,0.0,12
DE,2013,marine_hw,historical,0.0,0.0,0.0,12
DE,2014,marine_hw,historical,0.0,0.0,0.0,12
DJ,1850,marine_hw,historical,0.12258180619999999,0.29856163,0.0,12
DJ,1851,marine_hw,historical,0.11913953283333334,0.32659099,0.0,12
DJ,1852,marine_hw,historical,0.14322267341666667,0.35632157,0.0,12
DJ,1853,marine_hw,historical,0.12636338833333335,0.32871705,0.0,12
DJ,1854,marine_hw,historical,0.10555348875,0.27664542,0.0,12
DJ,1855,marine_hw,historical,0.08226352241666667,0.239676,0.0,12
DJ,1856,marine_hw,historical,0.113485885,0.3286608,0.0,12
DJ,1857,marine_hw,historical,0.12535360833333334,0.30328947,0.0,12
DJ,1858,marine_hw,historical,0.10988855824999999,0.30320415,0.0,12
DJ,1859,marine_hw,historical,0.09863468644166666,0.261358,0.0,12
DJ,1860,marine_hw,historical,0.049431931166666665,0.16671577,0.0,12
DJ,1861,marine_hw,historical,0.08027942166666667,0.2286734,0.0,12
DJ,1862,marine_hw,historical,0.13585221333333333,0.34971094,0.0,12
DJ,1863,marine_hw,historical,0.11906676100000001,0.2887192,0.0,12
DJ,1864,marine_hw,historical,0.07779803416666667,0.23446701,0.0,12
DJ,1865,marine_hw,historical,0.09622022783333334,0.27415985,0.0,12
DJ,1866,marine_hw,historical,0.11347580083333332,0.29779726,0.0,12
DJ,1867,marine_hw,historical,0.1197629525,0.3002193,0.0,12
DJ,1868,marine_hw,historical,0.140635887,0.33591413,0.0,12
DJ,1869,marine_hw,historical,0.10590813791666666,0.29925883,0.0,12
DJ,1870,marine_hw,historical,0.09064437308333333,0.26537958,0.0,12
DJ,1871,marine_hw,historical,0.14230216583333333,0.37118235,0.0,12
DJ,1872,marine_hw,historical,0.13201689025,0.31847703,0.0,12
DJ,1873,marine_hw,historical,0.08806572954166665,0.23854488,0.0,12
DJ,1874,marine_hw,historical,0.07359750425,0.20100354,0.0,12
DJ,1875,marine_hw,historical,0.12073137083333334,0.32481897,0.0,12
DJ,1876,marine_hw,historical,0.12764884191666667,0.32106066,0.0,12
DJ,1877,marine_hw,historical,0.09280782166666668,0.22583199,0.0,12
DJ,1878,marine_hw,historical,0.07929515625,0.20696962,0.0,12
DJ,1879,marine_hw,historical,0.09222591941666668,0.24671148,0.0,12
DJ,1880,marine_hw,historical,0.13910124575,0.35079485,0.0,12
DJ,1881,marine_hw,historical,0.13484061666666666,0.31383455,0.0,12
DJ,1882,marine_hw,historical,0.1011031825,0.28955984,0.0,12
DJ,1883,marine_hw,historical,0.07026295833333333,0.20297529,0.0,12
DJ,1884,marine_hw,historical,0.08685341066666667,0.25007397,0.0,12
DJ,1885,marine_hw,historical,0.10655851175000002,0.30765963,0.0,12
DJ,1886,marine_hw,historical,0.14377186678333334,0.3549962,0.0,12
DJ,1887,marine_hw,historical,0.08788283499999999,0.25416636,0.0,12
DJ,1888,marine_hw,historical,0.07709266999999999,0.2158679,0.0,12
DJ,1889,marine_hw,historical,0.08752543051666667,0.23760802,0.0,12
DJ,1890,marine_hw,historical,0.12619514525,0.33174732,0.0,12
DJ,1891,marine_hw,historical,0.14165293608333332,0.3608352,0.0,12
DJ,1892,marine_hw,historical,0.133168745,0.35628527,0.0,12
DJ,1893,marine_hw,historical,0.11034130333333335,0.2871941,0.0,12
DJ,1894,marine_hw,historical,0.10579575275000001,0.25717664,0.0,12
DJ,1895,marine_hw,historical,0.13776371733333334,0.36081704,0.0,12
DJ,1896,marine_hw,historical,0.11552753583333335,0.28991753,0.0,12
DJ,1897,marine_hw,historical,0.08122015566666667,0.2661167,0.0,12
DJ,1898,marine_hw,historical,0.1222363595,0.297396,0.0,12
DJ,1899,marine_hw,historical,0.127616340275,0.33288208,0.0,12
DJ,1900,marine_hw,historical,0.13552114190833334,0.33803117,0.0,12
DJ,1901,marine_hw,historical,0.1098799305,0.30331486,0.0,12
DJ,1902,marine_hw,historical,0.1304182495,0.33208323,0.0,12
DJ,1903,marine_hw,historical,0.09120237041666666,0.23469034,0.0,12
DJ,1904,marine_hw,historical,0.08429485941666666,0.22492962,0.0,12
DJ,1905,marine_hw,historical,0.10438214474166667,0.2798336,0.0,12
DJ,1906,marine_hw,historical,0.12117455858333333,0.3061563,0.0,12
DJ,1907,marine_hw,historical,0.11570988139166666,0.27148184,0.0,12
DJ,1908,marine_hw,historical,0.12234998358333332,0.31411594,0.0,12
DJ,1909,marine_hw,historical,0.12962482866666666,0.36750755,0.0,12
DJ,1910,marine_hw,historical,0.10418167299999999,0.25679356,0.0,12
DJ,1911,marine_hw,historical,0.1229473235,0.30016845,0.0,12
DJ,1912,marine_hw,historical,0.11855754,0.31673223,0.0,12
DJ,1913,marine_hw,historical,0.127251977,0.33672935,0.0,12
DJ,1914,marine_hw,historical,0.132223572,0.35179165,0.0,12
DJ,1915,marine_hw,historical,0.10924359083333333,0.33521876,0.0,12
DJ,1916,marine_hw,historical,0.10020231614166668,0.27729723,0.0,12
DJ,1917,marine_hw,historical,0.11162022220833334,0.29042408,0.0,12
DJ,1918,marine_hw,historical,0.11026323525,0.31873485,0.0,12
DJ,1919,marine_hw,historical,0.14424350133333333,0.36273974,0.0,12
DJ,1920,marine_hw,historical,0.11634458626666666,0.31059912,0.0,12
DJ,1921,marine_hw,historical,0.08824595583333333,0.2120606,0.0,12
DJ,1922,marine_hw,historical,0.10195816091666667,0.30670828,0.0,12
DJ,1923,marine_hw,historical,0.1574101363333333,0.38766614,0.0,12
DJ,1924,marine_hw,historical,0.11047230149999998,0.2985943,0.0,12
DJ,1925,marine_hw,historical,0.10043438108333332,0.28716505,0.0,12
DJ,1926,marine_hw,historical,0.13985941333333332,0.32288533,0.0,12
DJ,1927,marine_hw,historical,0.14719704625,0.342808,0.0,12
DJ,1928,marine_hw,historical,0.12488778366666668,0.30542827,0.0,12
DJ,1929,marine_hw,historical,0.083566346,0.25559708,0.0,12
DJ,1930,marine_hw,historical,0.13521674708333334,0.32548892,0.0,12
DJ,1931,marine_hw,historical,0.1515821975,0.41929054,0.0,12
DJ,1932,marine_hw,historical,0.13930520041666666,0.3396089,0.0,12
DJ,1933,marine_hw,historical,0.10621863716666667,0.24258642,0.0,12
DJ,1934,marine_hw,historical,0.11494442166666667,0.3324536,0.0,12
DJ,1935,marine_hw,historical,0.15253009041666668,0.37752426,0.0,12
DJ,1936,marine_hw,historical,0.11527476916666667,0.34598172,0.0,12
DJ,1937,marine_hw,historical,0.10906081741666666,0.2703979,0.0,12
DJ,1938,marine_hw,historical,0.13330673,0.29869962,0.0,12
DJ,1939,marine_hw,historical,0.1420960925,0.33938196,0.0,12
DJ,1940,marine_hw,historical,0.104645261,0.27583203,0.0,12
DJ,1941,marine_hw,historical,0.08620763166666667,0.23767883,0.0,12
DJ,1942,marine_hw,historical,0.09990588841666666,0.30367076,0.0,12
DJ,1943,marine_hw,historical,0.12829564891666667,0.31268162,0.0,12
DJ,1944,marine_hw,historical,0.17137290558333332,0.38375908,0.0,12
DJ,1945,marine_hw,historical,0.12184685575,0.32217,0.0,12
DJ,1946,marine_hw,historical,0.1229394575,0.3121315,0.0,12
DJ,1947,marine_hw,historical,0.17185809683333333,0.39550242,0.0,12
DJ,1948,marine_hw,historical,0.10232688158333332,0.2785155,0.0,12
DJ,1949,marine_hw,historical,0.09082411958333335,0.25720024,0.0,12
DJ,1950,marine_hw,historical,0.10659265106666665,0.3168793,0.0,12
DJ,1951,marine_hw,historical,0.15436143583333334,0.38442177,0.0,12
DJ,1952,marine_hw,historical,0.1655620225,0.39743242,0.0,12
DJ,1953,marine_hw,historical,0.11307298441666667,0.2919619,0.0,12
DJ,1954,marine_hw,historical,0.128723076,0.33004975,0.0,12
DJ,1955,marine_hw,historical,0.13944455025,0.36847347,0.0,12
DJ,1956,marine_hw,historical,0.14009556491666667,0.34925523,0.0,12
DJ,1957,marine_hw,historical,0.14599175591666666,0.33373177,0.0,12
DJ,1958,marine_hw,historical,0.14888147583333333,0.36507463,0.0,12
DJ,1959,marine_hw,historical,0.12818096541666665,0.30897778,0.0,12
DJ,1960,marine_hw,historical,0.15607794158333332,0.3871488,0.0,12
DJ,1961,marine_hw,historical,0.17144625616666667,0.40397584,0.0,12
DJ,1962,marine_hw,historical,0.10519898708333335,0.26000535,0.0,12
DJ,1963,marine_hw,historical,0.08837150591666666,0.2182155,0.0,12
DJ,1964,marine_hw,historical,0.13783455625,0.32592648,0.0,12
DJ,1965,marine_hw,historical,0.15668884233333333,0.37566692,0.0,12
DJ,1966,marine_hw,historical,0.10064484,0.2402806,0.0,12
DJ,1967,marine_hw,historical,0.08822401658333334,0.24779722,0.0,12
DJ,1968,marine_hw,historical,0.15382883105833334,0.363092,0.0,12
DJ,1969,marine_hw,historical,0.1717555738333333,0.38764447,0.0,12
DJ,1970,marine_hw,historical,0.1083001075,0.28398412,0.0,12
DJ,1971,marine_hw,historical,0.09507836525,0.2603921,0.0,12
DJ,1972,marine_hw,historical,0.11380346187500001,0.31256905,0.0,12
DJ,1973,marine_hw,historical,0.13747884958333334,0.33797306,0.0,12
DJ,1974,marine_hw,historical,0.13903512408333332,0.3578503,0.0,12
DJ,1975,marine_hw,historical,0.12808397916666667,0.31669956,0.0,12
DJ,1976,marine_hw,historical,0.13233553574999998,0.32517666,0.0,12
DJ,1977,marine_hw,historical,0.15592330916666666,0.3673169,0.0,12
DJ,1978,marine_hw,historical,0.12858899758333334,0.31274337,0.0,12
DJ,1979,marine_hw,historical,0.11989604257499999,0.29114488,0.0,12
DJ,1980,marine_hw,historical,0.15791231416666665,0.39901018,0.0,12
DJ,1981,marine_hw,historical,0.16048258091666665,0.3966644,0.0,12
DJ,1982,marine_hw,historical,0.12137999808333334,0.29578194,0.0,12
DJ,1983,marine_hw,historical,0.08872860283333334,0.26680663,0.0,12
DJ,1984,marine_hw,historical,0.13791035333333332,0.36770725,0.0,12
DJ,1985,marine_hw,historical,0.14914350139166668,0.36684668,0.0,12
DJ,1986,marine_hw,historical,0.10168684716666666,0.24461627,0.0,12
DJ,1987,marine_hw,historical,0.12555740666666668,0.31192994,0.0,12
DJ,1988,marine_hw,historical,0.161988655,0.3863354,0.0,12
DJ,1989,marine_hw,historical,0.1698099346666667,0.39811325,0.0,12
DJ,1990,marine_hw,historical,0.14729644583333332,0.34575838,0.0,12
DJ,1991,marine_hw,historical,0.13453847,0.3298264,0.0,12
DJ,1992,marine_hw,historical,0.08877033405000001,0.26714253,0.0,12
DJ,1993,marine_hw,historical,0.14907317283333335,0.35409564,0.0,12
DJ,1994,marine_hw,historical,0.16226550930833333,0.38027674,0.0,12
DJ,1995,marine_hw,historical,0.11994249166666666,0.32453936,0.0,12
DJ,1996,marine_hw,historical,0.11229014983333334,0.29607242,0.0,12
DJ,1997,marine_hw,historical,0.18769140750000002,0.40809536,0.0,12
DJ,1998,marine_hw,historical,0.13917399325,0.35717672,0.0,12
DJ,1999,marine_hw,historical,0.13153030583333333,0.30205485,0.0,12
DJ,2000,marine_hw,historical,0.132262455,0.35598934,0.0,12
DJ,2001,marine_hw,historical,0.18589544425,0.4194739,0.0,12
DJ,2002,marine_hw,historical,0.21821065983333332,0.4483801,0.0,12
DJ,2003,marine_hw,historical,0.14427854583333333,0.35169178,0.0,12
DJ,2004,marine_hw,historical,0.11035383169166667,0.32985544,0.0,12
DJ,2005,marine_hw,historical,0.13737339499999998,0.34923345,0.0,12
DJ,2006,marine_hw,historical,0.16517486174999998,0.41702455,0.0,12
DJ,2007,marine_hw,historical,0.17932314666666668,0.43829805,0.0,12
DJ,2008,marine_hw,historical,0.18442969858333333,0.38491195,0.0,12
DJ,2009,marine_hw,historical,0.17554759333333333,0.3991427,0.0,12
DJ,2010,marine_hw,historical,0.18667057971666667,0.43362284,0.0,12
DJ,2011,marine_hw,historical,0.16116358041666665,0.39346167,0.0,12
DJ,2012,marine_hw,historical,0.1138597475,0.26143062,0.0,12
DJ,2013,marine_hw,historical,0.15930891425,0.3738277,0.0,12
DJ,2014,marine_hw,historical,0.18929110680833336,0.4618392,0.0,12
DK,1850,marine_hw,historical,0.0,0.0,0.0,24
DK,1851,marine_hw,historical,0.0,0.0,0.0,24
DK,1852,marine_hw,historical,0.0,0.0,0.0,24
DK,1853,marine_hw,historical,0.0,0.0,0.0,24
DK,1854,marine_hw,historical,0.0,0.0,0.0,24
DK,1855,marine_hw,historical,0.0,0.0,0.0,24
DK,1856,marine_hw,historical,0.0,0.0,0.0,24
DK,1857,marine_hw,historical,0.0,0.0,0.0,24
DK,1858,marine_hw,historical,0.0,0.0,0.0,24
DK,1859,marine_hw,historical,0.0,0.0,0.0,24
DK,1860,marine_hw,historical,0.0,0.0,0.0,24
DK,1861,marine_hw,historical,0.0,0.0,0.0,24
DK,1862,marine_hw,historical,0.0,0.0,0.0,24
DK,1863,marine_hw,historical,0.0,0.0,0.0,24
DK,1864,marine_hw,historical,0.0,0.0,0.0,24
DK,1865,marine_hw,historical,0.0,0.0,0.0,24
DK,1866,marine_hw,historical,0.0,0.0,0.0,24
DK,1867,marine_hw,historical,0.0,0.0,0.0,24
DK,1868,marine_hw,historical,0.0,0.0,0.0,24
DK,1869,marine_hw,historical,0.0,0.0,0.0,24
DK,1870,marine_hw,historical,0.0,0.0,0.0,24
DK,1871,marine_hw,historical,0.0,0.0,0.0,24
DK,1872,marine_hw,historical,0.0,0.0,0.0,24
DK,1873,marine_hw,historical,0.0,0.0,0.0,24
DK,1874,marine_hw,historical,0.0,0.0,0.0,24
DK,1875,marine_hw,historical,0.0,0.0,0.0,24
DK,1876,marine_hw,historical,0.0,0.0,0.0,24
DK,1877,marine_hw,historical,0.0,0.0,0.0,24
DK,1878,marine_hw,historical,0.0,0.0,0.0,24
DK,1879,marine_hw,historical,0.0,0.0,0.0,24
DK,1880,marine_hw,historical,0.0,0.0,0.0,24
DK,1881,marine_hw,historical,0.0,0.0,0.0,24
DK,1882,marine_hw,historical,0.0,0.0,0.0,24
DK,1883,marine_hw,historical,0.0,0.0,0.0,24
DK,1884,marine_hw,historical,0.0,0.0,0.0,24
DK,1885,marine_hw,historical,0.0,0.0,0.0,24
DK,1886,marine_hw,historical,0.0,0.0,0.0,24
DK,1887,marine_hw,historical,0.0,0.0,0.0,24
DK,1888,marine_hw,historical,0.0,0.0,0.0,24
DK,1889,marine_hw,historical,0.0,0.0,0.0,24
DK,1890,marine_hw,historical,0.0,0.0,0.0,24
DK,1891,marine_hw,historical,0.0,0.0,0.0,24
DK,1892,marine_hw,historical,0.0,0.0,0.0,24
DK,1893,marine_hw,historical,0.0,0.0,0.0,24
DK,1894,marine_hw,historical,0.0,0.0,0.0,24
DK,1895,marine_hw,historical,0.0,0.0,0.0,24
DK,1896,marine_hw,historical,0.0,0.0,0.0,24
DK,1897,marine_hw,historical,0.0,0.0,0.0,24
DK,1898,marine_hw,historical,0.0,0.0,0.0,24
DK,1899,marine_hw,historical,0.0,0.0,0.0,24
DK,1900,marine_hw,historical,0.0,0.0,0.0,24
DK,1901,marine_hw,historical,0.0,0.0,0.0,24
DK,1902,marine_hw,historical,0.0,0.0,0.0,24
DK,1903,marine_hw,historical,0.0,0.0,0.0,24
DK,1904,marine_hw,historical,0.0,0.0,0.0,24
DK,1905,marine_hw,historical,0.0,0.0,0.0,24
DK,1906,marine_hw,historical,0.0,0.0,0.0,24
DK,1907,marine_hw,historical,0.0,0.0,0.0,24
DK,1908,marine_hw,historical,0.0,0.0,0.0,24
DK,1909,marine_hw,historical,0.0,0.0,0.0,24
DK,1910,marine_hw,historical,0.0,0.0,0.0,24
DK,1911,marine_hw,historical,0.0,0.0,0.0,24
DK,1912,marine_hw,historical,0.0,0.0,0.0,24
DK,1913,marine_hw,historical,0.0,0.0,0.0,24
DK,1914,marine_hw,historical,0.0,0.0,0.0,24
DK,1915,marine_hw,historical,0.0,0.0,0.0,24
DK,1916,marine_hw,historical,0.0,0.0,0.0,24
DK,1917,marine_hw,historical,0.0,0.0,0.0,24
DK,1918,marine_hw,historical,0.0,0.0,0.0,24
DK,1919,marine_hw,historical,0.0,0.0,0.0,24
DK,1920,marine_hw,historical,0.0,0.0,0.0,24
DK,1921,marine_hw,historical,0.0,0.0,0.0,24
DK,1922,marine_hw,historical,0.0,0.0,0.0,24
DK,1923,marine_hw,historical,0.0,0.0,0.0,24
DK,1924,marine_hw,historical,0.0,0.0,0.0,24
DK,1925,marine_hw,historical,0.0,0.0,0.0,24
DK,1926,marine_hw,historical,0.0,0.0,0.0,24
DK,1927,marine_hw,historical,0.0,0.0,0.0,24
DK,1928,marine_hw,historical,0.0,0.0,0.0,24
DK,1929,marine_hw,historical,0.0,0.0,0.0,24
DK,1930,marine_hw,historical,0.0,0.0,0.0,24
DK,1931,marine_hw,historical,0.0,0.0,0.0,24
DK,1932,marine_hw,historical,0.0,0.0,0.0,24
DK,1933,marine_hw,historical,0.0,0.0,0.0,24
DK,1934,marine_hw,historical,0.0,0.0,0.0,24
DK,1935,marine_hw,historical,0.0,0.0,0.0,24
DK,1936,marine_hw,historical,0.0,0.0,0.0,24
DK,1937,marine_hw,historical,0.0,0.0,0.0,24
DK,1938,marine_hw,historical,0.0,0.0,0.0,24
DK,1939,marine_hw,historical,0.0,0.0,0.0,24
DK,1940,marine_hw,historical,0.0,0.0,0.0,24
DK,1941,marine_hw,historical,0.0,0.0,0.0,24
DK,1942,marine_hw,historical,0.0,0.0,0.0,24
DK,1943,marine_hw,historical,0.0,0.0,0.0,24
DK,1944,marine_hw,historical,0.0,0.0,0.0,24
DK,1945,marine_hw,historical,0.0,0.0,0.0,24
DK,1946,marine_hw,historical,0.0,0.0,0.0,24
DK,1947,marine_hw,historical,0.0,0.0,0.0,24
DK,1948,marine_hw,historical,0.0,0.0,0.0,24
DK,1949,marine_hw,historical,0.0,0.0,0.0,24
DK,1950,marine_hw,historical,0.0,0.0,0.0,24
DK,1951,marine_hw,historical,0.0,0.0,0.0,24
DK,1952,marine_hw,historical,0.0,0.0,0.0,24
DK,1953,marine_hw,historical,0.0,0.0,0.0,24
DK,1954,marine_hw,historical,0.0,0.0,0.0,24
DK,1955,marine_hw,historical,0.0,0.0,0.0,24
DK,1956,marine_hw,historical,0.0,0.0,0.0,24
DK,1957,marine_hw,historical,0.0,0.0,0.0,24
DK,1958,marine_hw,historical,0.0,0.0,0.0,24
DK,1959,marine_hw,historical,0.0,0.0,0.0,24
DK,1960,marine_hw,historical,0.0,0.0,0.0,24
DK,1961,marine_hw,historical,0.0,0.0,0.0,24
DK,1962,marine_hw,historical,0.0,0.0,0.0,24
DK,1963,marine_hw,historical,0.0,0.0,0.0,24
DK,1964,marine_hw,historical,0.0,0.0,0.0,24
DK,1965,marine_hw,historical,0.0,0.0,0.0,24
DK,1966,marine_hw,historical,0.0,0.0,0.0,24
DK,1967,marine_hw,historical,0.0,0.0,0.0,24
DK,1968,marine_hw,historical,0.0,0.0,0.0,24
DK,1969,marine_hw,historical,0.0,0.0,0.0,24
DK,1970,marine_hw,historical,0.0,0.0,0.0,24
DK,1971,marine_hw,historical,0.0,0.0,0.0,24
DK,1972,marine_hw,historical,0.0,0.0,0.0,24
DK,1973,marine_hw,historical,0.0,0.0,0.0,24
DK,1974,marine_hw,historical,0.0,0.0,0.0,24
DK,1975,marine_hw,historical,0.0,0.0,0.0,24
DK,1976,marine_hw,historical,0.0,0.0,0.0,24
DK,1977,marine_hw,historical,0.0,0.0,0.0,24
DK,1978,marine_hw,historical,0.0,0.0,0.0,24
DK,1979,marine_hw,historical,0.0,0.0,0.0,24
DK,1980,marine_hw,historical,0.0,0.0,0.0,24
DK,1981,marine_hw,historical,0.0,0.0,0.0,24
DK,1982,marine_hw,historical,0.0,0.0,0.0,24
DK,1983,marine_hw,historical,0.0,0.0,0.0,24
DK,1984,marine_hw,historical,0.0,0.0,0.0,24
DK,1985,marine_hw,historical,0.0,0.0,0.0,24
DK,1986,marine_hw,historical,0.0,0.0,0.0,24
DK,1987,marine_hw,historical,0.0,0.0,0.0,24
DK,1988,marine_hw,historical,0.0,0.0,0.0,24
DK,1989,marine_hw,historical,0.0,0.0,0.0,24
DK,1990,marine_hw,historical,0.0,0.0,0.0,24
DK,1991,marine_hw,historical,0.0,0.0,0.0,24
DK,1992,marine_hw,historical,0.0,0.0,0.0,24
DK,1993,marine_hw,historical,0.0,0.0,0.0,24
DK,1994,marine_hw,historical,0.0,0.0,0.0,24
DK,1995,marine_hw,historical,0.0,0.0,0.0,24
DK,1996,marine_hw,historical,0.0,0.0,0.0,24
DK,1997,marine_hw,historical,0.0,0.0,0.0,24
DK,1998,marine_hw,historical,0.0,0.0,0.0,24
DK,1999,marine_hw,historical,0.0,0.0,0.0,24
DK,2000,marine_hw,historical,0.0,0.0,0.0,24
DK,2001,marine_hw,historical,0.0,0.0,0.0,24
DK,2002,marine_hw,historical,0.0,0.0,0.0,24
DK,2003,marine_hw,historical,0.0,0.0,0.0,24
DK,2004,marine_hw,historical,0.0,0.0,0.0,24
DK,2005,marine_hw,historical,0.0,0.0,0.0,24
DK,2006,marine_hw,historical,0.0,0.0,0.0,24
DK,2007,marine_hw,historical,0.0,0.0,0.0,24
DK,2008,marine_hw,historical,0.0,0.0,0.0,24
DK,2009,marine_hw,historical,0.0,0.0,0.0,24
DK,2010,marine_hw,historical,0.0,0.0,0.0,24
DK,2011,marine_hw,historical,0.0,0.0,0.0,24
DK,2012,marine_hw,historical,0.0,0.0,0.0,24
DK,2013,marine_hw,historical,0.0,0.0,0.0,24
DK,2014,marine_hw,historical,0.0,0.0,0.0,24
DZ,1850,marine_hw,historical,0.0,0.0,0.0,24
DZ,1851,marine_hw,historical,0.0,0.0,0.0,24
DZ,1852,marine_hw,historical,0.0,0.0,0.0,24
DZ,1853,marine_hw,historical,0.0,0.0,0.0,24
DZ,1854,marine_hw,historical,0.0,0.0,0.0,24
DZ,1855,marine_hw,historical,0.0,0.0,0.0,24
DZ,1856,marine_hw,historical,0.0,0.0,0.0,24
DZ,1857,marine_hw,historical,0.0,0.0,0.0,24
DZ,1858,marine_hw,historical,0.0,0.0,0.0,24
DZ,1859,marine_hw,historical,0.0,0.0,0.0,24
DZ,1860,marine_hw,historical,0.0,0.0,0.0,24
DZ,1861,marine_hw,historical,0.0,0.0,0.0,24
DZ,1862,marine_hw,historical,0.0,0.0,0.0,24
DZ,1863,marine_hw,historical,0.0,0.0,0.0,24
DZ,1864,marine_hw,historical,0.0,0.0,0.0,24
DZ,1865,marine_hw,historical,0.0,0.0,0.0,24
DZ,1866,marine_hw,historical,0.0,0.0,0.0,24
DZ,1867,marine_hw,historical,0.0,0.0,0.0,24
DZ,1868,marine_hw,historical,0.0,0.0,0.0,24
DZ,1869,marine_hw,historical,0.0,0.0,0.0,24
DZ,1870,marine_hw,historical,0.0,0.0,0.0,24
DZ,1871,marine_hw,historical,0.0,0.0,0.0,24
DZ,1872,marine_hw,historical,0.0,0.0,0.0,24
DZ,1873,marine_hw,historical,0.0,0.0,0.0,24
DZ,1874,marine_hw,historical,0.0,0.0,0.0,24
DZ,1875,marine_hw,historical,0.0,0.0,0.0,24
DZ,1876,marine_hw,historical,0.0,0.0,0.0,24
DZ,1877,marine_hw,historical,0.0,0.0,0.0,24
DZ,1878,marine_hw,historical,0.0,0.0,0.0,24
DZ,1879,marine_hw,historical,0.0,0.0,0.0,24
DZ,1880,marine_hw,historical,0.0,0.0,0.0,24
DZ,1881,marine_hw,historical,0.0,0.0,0.0,24
DZ,1882,marine_hw,historical,0.0,0.0,0.0,24
DZ,1883,marine_hw,historical,0.0,0.0,0.0,24
DZ,1884,marine_hw,historical,0.0,0.0,0.0,24
DZ,1885,marine_hw,historical,0.0,0.0,0.0,24
DZ,1886,marine_hw,historical,0.0,0.0,0.0,24
DZ,1887,marine_hw,historical,0.0,0.0,0.0,24
DZ,1888,marine_hw,historical,0.0,0.0,0.0,24
DZ,1889,marine_hw,historical,0.0,0.0,0.0,24
DZ,1890,marine_hw,historical,0.0,0.0,0.0,24
DZ,1891,marine_hw,historical,0.0,0.0,0.0,24
DZ,1892,marine_hw,historical,0.0,0.0,0.0,24
DZ,1893,marine_hw,historical,0.0,0.0,0.0,24
DZ,1894,marine_hw,historical,0.0,0.0,0.0,24
DZ,1895,marine_hw,historical,0.0,0.0,0.0,24
DZ,1896,marine_hw,historical,0.0,0.0,0.0,24
DZ,1897,marine_hw,historical,0.0,0.0,0.0,24
DZ,1898,marine_hw,historical,0.0,0.0,0.0,24
DZ,1899,marine_hw,historical,0.0,0.0,0.0,24
DZ,1900,marine_hw,historical,0.0,0.0,0.0,24
DZ,1901,marine_hw,historical,0.0,0.0,0.0,24
DZ,1902,marine_hw,historical,0.0,0.0,0.0,24
DZ,1903,marine_hw,historical,0.0,0.0,0.0,24
DZ,1904,marine_hw,historical,0.0,0.0,0.0,24
DZ,1905,marine_hw,historical,0.0,0.0,0.0,24
DZ,1906,marine_hw,historical,0.0,0.0,0.0,24
DZ,1907,marine_hw,historical,0.0,0.0,0.0,24
DZ,1908,marine_hw,historical,0.0,0.0,0.0,24
DZ,1909,marine_hw,historical,0.0,0.0,0.0,24
DZ,1910,marine_hw,historical,0.0,0.0,0.0,24
DZ,1911,marine_hw,historical,0.0,0.0,0.0,24
DZ,1912,marine_hw,historical,0.0,0.0,0.0,24
DZ,1913,marine_hw,historical,0.0,0.0,0.0,24
DZ,1914,marine_hw,historical,0.0,0.0,0.0,24
DZ,1915,marine_hw,historical,0.0,0.0,0.0,24
DZ,1916,marine_hw,historical,0.0,0.0,0.0,24
DZ,1917,marine_hw,historical,0.0,0.0,0.0,24
DZ,1918,marine_hw,historical,0.0,0.0,0.0,24
DZ,1919,marine_hw,historical,0.0,0.0,0.0,24
DZ,1920,marine_hw,historical,0.0,0.0,0.0,24
DZ,1921,marine_hw,historical,0.0,0.0,0.0,24
DZ,1922,marine_hw,historical,0.0,0.0,0.0,24
DZ,1923,marine_hw,historical,0.0,0.0,0.0,24
DZ,1924,marine_hw,historical,0.0,0.0,0.0,24
DZ,1925,marine_hw,historical,0.0,0.0,0.0,24
DZ,1926,marine_hw,historical,0.0,0.0,0.0,24
DZ,1927,marine_hw,historical,0.0,0.0,0.0,24
DZ,1928,marine_hw,historical,0.0,0.0,0.0,24
DZ,1929,marine_hw,historical,0.0,0.0,0.0,24
DZ,1930,marine_hw,historical,0.0,0.0,0.0,24
DZ,1931,marine_hw,historical,0.0,0.0,0.0,24
DZ,1932,marine_hw,historical,0.0,0.0,0.0,24
DZ,1933,marine_hw,historical,0.0,0.0,0.0,24
DZ,1934,marine_hw,historical,0.0,0.0,0.0,24
DZ,1935,marine_hw,historical,0.0,0.0,0.0,24
DZ,1936,marine_hw,historical,0.0,0.0,0.0,24
DZ,1937,marine_hw,historical,0.0,0.0,0.0,24
DZ,1938,marine_hw,historical,0.0,0.0,0.0,24
DZ,1939,marine_hw,historical,0.0,0.0,0.0,24
DZ,1940,marine_hw,historical,0.0,0.0,0.0,24
DZ,1941,marine_hw,historical,0.0,0.0,0.0,24
DZ,1942,marine_hw,historical,0.0,0.0,0.0,24
DZ,1943,marine_hw,historical,0.0,0.0,0.0,24
DZ,1944,marine_hw,historical,0.0,0.0,0.0,24
DZ,1945,marine_hw,historical,0.0,0.0,0.0,24
DZ,1946,marine_hw,historical,0.0,0.0,0.0,24
DZ,1947,marine_hw,historical,0.0,0.0,0.0,24
DZ,1948,marine_hw,historical,0.0,0.0,0.0,24
DZ,1949,marine_hw,historical,0.0,0.0,0.0,24
DZ,1950,marine_hw,historical,0.0,0.0,0.0,24
DZ,1951,marine_hw,historical,0.0,0.0,0.0,24
DZ,1952,marine_hw,historical,0.0,0.0,0.0,24
DZ,1953,marine_hw,historical,0.0,0.0,0.0,24
DZ,1954,marine_hw,historical,0.0,0.0,0.0,24
DZ,1955,marine_hw,historical,0.0,0.0,0.0,24
DZ,1956,marine_hw,historical,0.0,0.0,0.0,24
DZ,1957,marine_hw,historical,0.0,0.0,0.0,24
DZ,1958,marine_hw,historical,0.0,0.0,0.0,24
DZ,1959,marine_hw,historical,0.0,0.0,0.0,24
DZ,1960,marine_hw,historical,0.0,0.0,0.0,24
DZ,1961,marine_hw,historical,0.0,0.0,0.0,24
DZ,1962,marine_hw,historical,0.0,0.0,0.0,24
DZ,1963,marine_hw,historical,0.0,0.0,0.0,24
DZ,1964,marine_hw,historical,0.0,0.0,0.0,24
DZ,1965,marine_hw,historical,0.0,0.0,0.0,24
DZ,1966,marine_hw,historical,0.0,0.0,0.0,24
DZ,1967,marine_hw,historical,0.0,0.0,0.0,24
DZ,1968,marine_hw,historical,0.0,0.0,0.0,24
DZ,1969,marine_hw,historical,0.0,0.0,0.0,24
DZ,1970,marine_hw,historical,0.0,0.0,0.0,24
DZ,1971,marine_hw,historical,0.0,0.0,0.0,24
DZ,1972,marine_hw,historical,0.0,0.0,0.0,24
DZ,1973,marine_hw,historical,0.0,0.0,0.0,24
DZ,1974,marine_hw,historical,0.0,0.0,0.0,24
DZ,1975,marine_hw,historical,0.0,0.0,0.0,24
DZ,1976,marine_hw,historical,0.0,0.0,0.0,24
DZ,1977,marine_hw,historical,0.0,0.0,0.0,24
DZ,1978,marine_hw,historical,0.0,0.0,0.0,24
DZ,1979,marine_hw,historical,0.0,0.0,0.0,24
DZ,1980,marine_hw,historical,0.0,0.0,0.0,24
DZ,1981,marine_hw,historical,0.0,0.0,0.0,24
DZ,1982,marine_hw,historical,0.0,0.0,0.0,24
DZ,1983,marine_hw,historical,0.0,0.0,0.0,24
DZ,1984,marine_hw,historical,0.0,0.0,0.0,24
DZ,1985,marine_hw,historical,0.0,0.0,0.0,24
DZ,1986,marine_hw,historical,0.0,0.0,0.0,24
DZ,1987,marine_hw,historical,0.0,0.0,0.0,24
DZ,1988,marine_hw,historical,0.0,0.0,0.0,24
DZ,1989,marine_hw,historical,0.0,0.0,0.0,24
DZ,1990,marine_hw,historical,0.0,0.0,0.0,24
DZ,1991,marine_hw,historical,0.0,0.0,0.0,24
DZ,1992,marine_hw,historical,0.0,0.0,0.0,24
DZ,1993,marine_hw,historical,0.0,0.0,0.0,24
DZ,1994,marine_hw,historical,0.0,0.0,0.0,24
DZ,1995,marine_hw,historical,0.0,0.0,0.0,24
DZ,1996,marine_hw,historical,0.0,0.0,0.0,24
DZ,1997,marine_hw,historical,0.0,0.0,0.0,24
DZ,1998,marine_hw,historical,0.0,0.0,0.0,24
DZ,1999,marine_hw,historical,0.0,0.0,0.0,24
DZ,2000,marine_hw,historical,0.0,0.0,0.0,24
DZ,2001,marine_hw,historical,0.0,0.0,0.0,24
DZ,2002,marine_hw,historical,0.0,0.0,0.0,24
DZ,2003,marine_hw,historical,0.0,0.0,0.0,24
DZ,2004,marine_hw,historical,0.0,0.0,0.0,24
DZ,2005,marine_hw,historical,0.0,0.0,0.0,24
DZ,2006,marine_hw,historical,0.0,0.0,0.0,24
DZ,2007,marine_hw,historical,0.0,0.0,0.0,24
DZ,2008,marine_hw,historical,0.0,0.0,0.0,24
DZ,2009,marine_hw,historical,0.0,0.0,0.0,24
DZ,2010,marine_hw,historical,0.0,0.0,0.0,24
DZ,2011,marine_hw,historical,0.0,0.0,0.0,24
DZ,2012,marine_hw,historical,0.0,0.0,0.0,24
DZ,2013,marine_hw,historical,0.0,0.0,0.0,24
DZ,2014,marine_hw,historical,0.0,0.0,0.0,24
EG,1850,marine_hw,historical,0.012559805388888888,0.24843994,0.0,36
EG,1851,marine_hw,historical,0.007967087930555556,0.150713,0.0,36
EG,1852,marine_hw,historical,0.012038317166666666,0.16453703,0.0,36
EG,1853,marine_hw,historical,0.005034442916666667,0.092591725,0.0,36
EG,1854,marine_hw,historical,0.0028720343999999996,0.08105172,0.0,36
EG,1855,marine_hw,historical,0.0039396311111111115,0.07661074,0.0,36
EG,1856,marine_hw,historical,0.004784355522222223,0.10259936,0.0,36
EG,1857,marine_hw,historical,0.006430829111111111,0.15212554,0.0,36
EG,1858,marine_hw,historical,0.007660582566666667,0.13585769,0.0,36
EG,1859,marine_hw,historical,0.0028748775,0.053476255,0.0,36
EG,1860,marine_hw,historical,0.004194746186111111,0.11369636,0.0,36
EG,1861,marine_hw,historical,0.009415711583333333,0.14220868,0.0,36
EG,1862,marine_hw,historical,0.0043469325,0.09234117,0.0,36
EG,1863,marine_hw,historical,0.0068803937222222215,0.08843035,0.0,36
EG,1864,marine_hw,historical,0.0026842197222222224,0.041144643,0.0,36
EG,1865,marine_hw,historical,0.007548537944444444,0.1259953,0.0,36
EG,1866,marine_hw,historical,0.008779823333333334,0.1318924,0.0,36
EG,1867,marine_hw,historical,0.009759748914444444,0.16433732,0.0,36
EG,1868,marine_hw,historical,0.004854880583333334,0.10495965,0.0,36
EG,1869,marine_hw,historical,0.005770451541666667,0.12024707,0.0,36
EG,1870,marine_hw,historical,0.004044917416666667,0.06340037,0.0,36
EG,1871,marine_hw,historical,0.007069620555555555,0.11014866,0.0,36
EG,1872,marine_hw,historical,0.008310286611111111,0.18625535,0.0,36
EG,1873,marine_hw,historical,0.0032567604444444444,0.06561178,0.0,36
EG,1874,marine_hw,historical,0.005448300944444444,0.11805745,0.0,36
EG,1875,marine_hw,historical,0.005822196333333333,0.13065414,0.0,36
EG,1876,marine_hw,historical,0.012941073472222222,0.2310682,0.0,36
EG,1877,marine_hw,historical,0.0002541662777777778,0.009149986,0.0,36
EG,1878,marine_hw,historical,0.0012100841666666667,0.04356303,0.0,36
EG,1879,marine_hw,historical,0.0059355902777777775,0.12856983,0.0,36
EG,1880,marine_hw,historical,0.005944346527777779,0.10278092,0.0,36
EG,1881,marine_hw,historical,0.01481705725,0.18136047,0.0,36
EG,1882,marine_hw,historical,0.0,0.0,0.0,36
EG,1883,marine_hw,historical,0.0,0.0,0.0,36
EG,1884,marine_hw,historical,0.00045255307222222225,0.009651095,0.0,36
EG,1885,marine_hw,historical,0.007490318249999999,0.12752403,0.0,36
EG,1886,marine_hw,historical,0.0053681068055555555,0.12004373,0.0,36
EG,1887,marine_hw,historical,0.003846310072222222,0.10253763,0.0,36
EG,1888,marine_hw,historical,0.0006295938333333333,0.022665378,0.0,36
EG,1889,marine_hw,historical,0.002338970388888889,0.045131717,0.0,36
EG,1890,marine_hw,historical,0.014407989361111111,0.20428434,0.0,36
EG,1891,marine_hw,historical,0.004841383611111111,0.10497418,0.0,36
EG,1892,marine_hw,historical,0.0006917279444444445,0.024902206,0.0,36
EG,1893,marine_hw,historical,0.0012652585277777777,0.045549307,0.0,36
EG,1894,marine_hw,historical,0.0031755437777777774,0.07110219,0.0,36
EG,1895,marine_hw,historical,0.014915543083333335,0.18579055,0.0,36
EG,1896,marine_hw,historical,0.012277491833333333,0.20998171,0.0,36
EG,1897,marine_hw,historical,0.0034448777777777778,0.110184975,0.0,36
EG,1898,marine_hw,historical,0.0070085960555555556,0.115428455,0.0,36
EG,1899,marine_hw,historical,0.0030971508333333332,0.05072379,0.0,36
EG,1900,marine_hw,historical,0.0052889119,0.108699806,0.0,36
EG,1901,marine_hw,historical,0.0068713978416666665,0.10451665,0.0,36
EG,1902,marine_hw,historical,0.011493029472222221,0.14972167,0.0,36
EG,1903,marine_hw,historical,0.0,0.0,0.0,36
EG,1904,marine_hw,historical,0.0025592642222222223,0.07294321,0.0,36
EG,1905,marine_hw,historical,0.002424386013888889,0.0750239,0.0,36
EG,1906,marine_hw,historical,0.005355685772222222,0.12573747,0.0,36
EG,1907,marine_hw,historical,0.0015110528888888889,0.030174734,0.0,36
EG,1908,marine_hw,historical,0.0009592087361111111,0.021354508,0.0,36
EG,1909,marine_hw,historical,0.0035796173888888888,0.11903062,0.0,36
EG,1910,marine_hw,historical,0.004390406305555556,0.105446234,0.0,36
EG,1911,marine_hw,historical,0.003837856388888889,0.07143263,0.0,36
EG,1912,marine_hw,historical,0.0007969324166666666,0.028689567,0.0,36
EG,1913,marine_hw,historical,0.0009715334722222223,0.034975205,0.0,36
EG,1914,marine_hw,historical,0.007165967499999999,0.1677434,0.0,36
EG,1915,marine_hw,historical,0.0028562169444444445,0.08680356,0.0,36
EG,1916,marine_hw,historical,0.0026795798333333334,0.06500537,0.0,36
EG,1917,marine_hw,historical,0.0,0.0,0.0,36
EG,1918,marine_hw,historical,0.004543321111111111,0.1035689,0.0,36
EG,1919,marine_hw,historical,0.00919825636111111,0.1676272,0.0,36
EG,1920,marine_hw,historical,0.004319194388888888,0.10209826,0.0,36
EG,1921,marine_hw,historical,0.0011612455722222223,0.037854757,0.0,36
EG,1922,marine_hw,historical,0.0016726232277777778,0.037045,0.0,36
EG,1923,marine_hw,historical,0.007727576861111111,0.12085712,0.0,36
EG,1924,marine_hw,historical,0.004470274088888889,0.09216324,0.0,36
EG,1925,marine_hw,historical,0.0011450059722222224,0.027520314,0.0,36
EG,1926,marine_hw,historical,0.0028431042500000002,0.061650123,0.0,36
EG,1927,marine_hw,historical,0.012891279833333333,0.19811127,0.0,36
EG,1928,marine_hw,historical,0.0006172691111111111,0.018057363,0.0,36
EG,1929,marine_hw,historical,0.0005626180277777778,0.020254249,0.0,36
EG,1930,marine_hw,historical,0.001361485777777778,0.049013488,0.0,36
EG,1931,marine_hw,historical,0.0077375629444444444,0.16455519,0.0,36
EG,1932,marine_hw,historical,0.0031688863055555558,0.051417354,0.0,36
EG,1933,marine_hw,historical,0.007668569722222222,0.10542445,0.0,36
EG,1934,marine_hw,historical,0.007202563611111111,0.13233177,0.0,36
EG,1935,marine_hw,historical,0.006814609583333333,0.135313,0.0,36
EG,1936,marine_hw,historical,0.009000621027777777,0.1557168,0.0,36
EG,1937,marine_hw,historical,0.003210059083333333,0.08195226,0.0,36
EG,1938,marine_hw,historical,0.010658051388888888,0.142688,0.0,36
EG,1939,marine_hw,historical,0.006069138444444445,0.10971655,0.0,36
EG,1940,marine_hw,historical,0.010833257388888889,0.16784507,0.0,36
EG,1941,marine_hw,historical,0.0011257593333333332,0.040527336,0.0,36
EG,1942,marine_hw,historical,0.002000863722222222,0.053559773,0.0,36
EG,1943,marine_hw,historical,0.0021307805833333335,0.049932186,0.0,36
EG,1944,marine_hw,historical,0.005347333055555556,0.10172061,0.0,36
EG,1945,marine_hw,historical,0.01077556138888889,0.12645283,0.0,36
EG,1946,marine_hw,historical,0.0088773615,0.12811229,0.0,36
EG,1947,marine_hw,historical,0.005390081972222222,0.09637909,0.0,36
EG,1948,marine_hw,historical,0.0063396450000000005,0.09272608,0.0,36
EG,1949,marine_hw,historical,0.0010747204722222222,0.038689937,0.0,36
EG,1950,marine_hw,historical,0.00978294675,0.16368733,0.0,36
EG,1951,marine_hw,historical,0.011193589658333333,0.19544959,0.0,36
EG,1952,marine_hw,historical,0.008847586712777779,0.16008879,0.0,36
EG,1953,marine_hw,historical,0.007158383694444445,0.12571569,0.0,36
EG,1954,marine_hw,historical,0.00813901413888889,0.12949942,0.0,36
EG,1955,marine_hw,historical,0.005345136111111111,0.11872923,0.0,36
EG,1956,marine_hw,historical,0.0035392893333333333,0.07798697,0.0,36
EG,1957,marine_hw,historical,0.0035600678888888884,0.0686039,0.0,36
EG,1958,marine_hw,historical,0.006510009583333334,0.11273409,0.0,36
EG,1959,marine_hw,historical,0.007227559777777778,0.113972336,0.0,36
EG,1960,marine_hw,historical,0.0010405265555555555,0.037458956,0.0,36
EG,1961,marine_hw,historical,0.013164719166666665,0.2221826,0.0,36
EG,1962,marine_hw,historical,0.006024737666666667,0.10759591,0.0,36
EG,1963,marine_hw,historical,0.003989056111111111,0.07597528,0.0,36
EG,1964,marine_hw,historical,0.0008055880638888888,0.02607509,0.0,36
EG,1965,marine_hw,historical,0.008561042222222223,0.14401703,0.0,36
EG,1966,marine_hw,historical,0.0,0.0,0.0,36
EG,1967,marine_hw,historical,0.0012176491666666667,0.04383537,0.0,36
EG,1968,marine_hw,historical,0.005620462513888889,0.11973508,0.0,36
EG,1969,marine_hw,historical,0.0038384613888888886,0.08648765,0.0,36
EG,1970,marine_hw,historical,0.0012716131388888889,0.045778073,0.0,36
EG,1971,marine_hw,historical,0.0,0.0,0.0,36
EG,1972,marine_hw,historical,0.0038467325,0.09128812,0.0,36
EG,1973,marine_hw,historical,0.009103102055555555,0.13846126,0.0,36
EG,1974,marine_hw,historical,0.004681710694444444,0.10880511,0.0,36
EG,1975,marine_hw,historical,0.0006377640555555556,0.022959506,0.0,36
EG,1976,marine_hw,historical,0.003832491194444445,0.07739145,0.0,36
EG,1977,marine_hw,historical,0.0012074427083333334,0.037524316,0.0,36
EG,1978,marine_hw,historical,0.0,0.0,0.0,36
EG,1979,marine_hw,historical,0.0011411541472222224,0.022679903,0.0,36
EG,1980,marine_hw,historical,0.003864768888888889,0.09715617,0.0,36
EG,1981,marine_hw,historical,0.005032205138888889,0.11255616,0.0,36
EG,1982,marine_hw,historical,0.0009052448055555553,0.017545361,0.0,36
EG,1983,marine_hw,historical,0.0030365487916666667,0.08453043,0.0,36
EG,1984,marine_hw,historical,0.009558012888888889,0.17800522,0.0,36
EG,1985,marine_hw,historical,0.008667942277777778,0.10558422,0.0,36
EG,1986,marine_hw,historical,0.003285911111111111,0.08314693,0.0,36
EG,1987,marine_hw,historical,0.005495084444444445,0.06822263,0.0,36
EG,1988,marine_hw,historical,0.003528295,0.08232628,0.0,36
EG,1989,marine_hw,historical,0.004470091388888889,0.13872634,0.0,36
EG,1990,marine_hw,historical,0.002055313008333333,0.05442037,0.0,36
EG,1991,marine_hw,historical,0.0,0.0,0.0,36
EG,1992,marine_hw,historical,0.004358935944444444,0.09417131,0.0,36
EG,1993,marine_hw,historical,0.01010166825,0.19684035,0.0,36
EG,1994,marine_hw,historical,0.009123055416666666,0.14018247,0.0,36
EG,1995,marine_hw,historical,0.007034701416666667,0.15052779,0.0,36
EG,1996,marine_hw,historical,0.006372004527777777,0.089752115,0.0,36
EG,1997,marine_hw,historical,0.01757915288888889,0.20623067,0.0,36
EG,1998,marine_hw,historical,0.011887701972222223,0.19556215,0.0,36
EG,1999,marine_hw,historical,0.012342230000000001,0.14864683,0.0,36
EG,2000,marine_hw,historical,0.006963993999999999,0.09772627,0.0,36
EG,2001,marine_hw,historical,0.014496646830555555,0.2028718,0.0,36
EG,2002,marine_hw,historical,0.017986250694444445,0.22057761,0.0,36
EG,2003,marine_hw,historical,0.010651367222222223,0.19852886,0.0,36
EG,2004,marine_hw,historical,0.007040470138888889,0.16715515,0.0,36
EG,2005,marine_hw,historical,0.0020961831666666663,0.039056692,0.0,36
EG,2006,marine_hw,historical,0.008224851944444445,0.11333324,0.0,36
EG,2007,marine_hw,historical,0.011953992194444445,0.1880419,0.0,36
EG,2008,marine_hw,historical,0.012434544152777779,0.15895586,0.0,36
EG,2009,marine_hw,historical,0.022057130472222224,0.22761491,0.0,36
EG,2010,marine_hw,historical,0.008693279222222221,0.16224937,0.0,36
EG,2011,marine_hw,historical,0.0007609039166666667,0.014168329,0.0,36
EG,2012,marine_hw,historical,0.011292995719444443,0.16852774,0.0,36
EG,2013,marine_hw,historical,0.01635061622222222,0.20669547,0.0,36
EG,2014,marine_hw,historical,0.01578432111111111,0.20235616,0.0,36
ER,1850,marine_hw,historical,0.24835744183333333,0.5807433,0.0,12
ER,1851,marine_hw,historical,0.2617741685833333,0.60602385,0.0,12
ER,1852,marine_hw,historical,0.2797281675,0.62546176,0.0,12
ER,1853,marine_hw,historical,0.25863376425,0.5846396,0.0,12
ER,1854,marine_hw,historical,0.2520295083333333,0.52121675,0.0,12
ER,1855,marine_hw,historical,0.21456663833333334,0.5207955,0.0,12
ER,1856,marine_hw,historical,0.23361566416666668,0.55489993,0.0,12
ER,1857,marine_hw,historical,0.25962025108333336,0.601158,0.0,12
ER,1858,marine_hw,historical,0.23230414916666667,0.53475755,0.0,12
ER,1859,marine_hw,historical,0.23631395616666664,0.5699077,0.0,12
ER,1860,marine_hw,historical,0.167655325,0.3787934,0.0,12
ER,1861,marine_hw,historical,0.22011843,0.5607498,0.0,12
ER,1862,marine_hw,historical,0.2724121140833333,0.61570466,0.0,12
ER,1863,marine_hw,historical,0.24948923,0.6007622,0.0,12
ER,1864,marine_hw,historical,0.21044068333333332,0.4554847,0.0,12
ER,1865,marine_hw,historical,0.24249429533333333,0.5766509,0.0,12
ER,1866,marine_hw,historical,0.2475946225,0.5821885,0.0,12
ER,1867,marine_hw,historical,0.24608732986666668,0.5883108,0.0,12
ER,1868,marine_hw,historical,0.2733856466666667,0.60080576,0.0,12
ER,1869,marine_hw,historical,0.24553695783333332,0.5746102,0.0,12
ER,1870,marine_hw,historical,0.22042166416666667,0.5061653,0.0,12
ER,1871,marine_hw,historical,0.24015702208333334,0.6058931,0.0,12
ER,1872,marine_hw,historical,0.25680761916666667,0.63010603,0.0,12
ER,1873,marine_hw,historical,0.23512500208333334,0.53973234,0.0,12
ER,1874,marine_hw,historical,0.2026692615,0.49547142,0.0,12
ER,1875,marine_hw,historical,0.24204911216666666,0.58890265,0.0,12
ER,1876,marine_hw,historical,0.2569243896666667,0.56527793,0.0,12
ER,1877,marine_hw,historical,0.20530366749999998,0.4686442,0.0,12
ER,1878,marine_hw,historical,0.19174027583333333,0.45842233,0.0,12
ER,1879,marine_hw,historical,0.19928258166666668,0.4930966,0.0,12
ER,1880,marine_hw,historical,0.25589318916666665,0.5912775,0.0,12
ER,1881,marine_hw,historical,0.26182232641666664,0.5944802,0.0,12
ER,1882,marine_hw,historical,0.23264070150000002,0.5199676,0.0,12
ER,1883,marine_hw,historical,0.19404695233333336,0.41814125,0.0,12
ER,1884,marine_hw,historical,0.18800036833333333,0.4651437,0.0,12
ER,1885,marine_hw,historical,0.22755334833333332,0.57015467,0.0,12
ER,1886,marine_hw,historical,0.2995333699166667,0.6657864,0.0,12
ER,1887,marine_hw,historical,0.20952108225,0.46667972,0.0,12
ER,1888,marine_hw,historical,0.20578665641666669,0.49092877,0.0,12
ER,1889,marine_hw,historical,0.23146507691666665,0.5441733,0.0,12
ER,1890,marine_hw,historical,0.26514363291666665,0.6307669,0.0,12
ER,1891,marine_hw,historical,0.2887235458333333,0.6516065,0.0,12
ER,1892,marine_hw,historical,0.25405088783333335,0.59910274,0.0,12
ER,1893,marine_hw,historical,0.23828028666666667,0.5421253,0.0,12
ER,1894,marine_hw,historical,0.2592411038333333,0.57268196,0.0,12
ER,1895,marine_hw,historical,0.2901718125,0.6244486,0.0,12
ER,1896,marine_hw,historical,0.25750260383333334,0.50214195,0.0,12
ER,1897,marine_hw,historical,0.20455811416666667,0.44758677,0.0,12
ER,1898,marine_hw,historical,0.24288675,0.5360721,0.0,12
ER,1899,marine_hw,historical,0.2456343666666667,0.5995167,0.0,12
ER,1900,marine_hw,historical,0.26918063249999996,0.5888409,0.0,12
ER,1901,marine_hw,historical,0.2595388668333333,0.5762297,0.0,12
ER,1902,marine_hw,historical,0.26936674083333334,0.6053085,0.0,12
ER,1903,marine_hw,historical,0.21794516533333333,0.51454985,0.0,12
ER,1904,marine_hw,historical,0.21990632583333333,0.51715344,0.0,12
ER,1905,marine_hw,historical,0.2322596895,0.51237476,0.0,12
ER,1906,marine_hw,historical,0.23967223308333332,0.5746574,0.0,12
ER,1907,marine_hw,historical,0.223118407,0.5629322,0.0,12
ER,1908,marine_hw,historical,0.25348895958333334,0.568379,0.0,12
ER,1909,marine_hw,historical,0.26015441833333336,0.5925266,0.0,12
ER,1910,marine_hw,historical,0.23795738583333334,0.54229957,0.0,12
ER,1911,marine_hw,historical,0.24832657225,0.56820107,0.0,12
ER,1912,marine_hw,historical,0.23663072666666665,0.56047386,0.0,12
ER,1913,marine_hw,historical,0.24796621833333332,0.5753183,0.0,12
ER,1914,marine_hw,historical,0.26929502641666664,0.58337593,0.0,12
ER,1915,marine_hw,historical,0.24228629177499997,0.53926027,0.0,12
ER,1916,marine_hw,historical,0.2469316175,0.5768179,0.0,12
ER,1917,marine_hw,historical,0.23770195658333335,0.53360647,0.0,12
ER,1918,marine_hw,historical,0.23140969616666665,0.55310607,0.0,12
ER,1919,marine_hw,historical,0.26179990191666663,0.62172884,0.0,12
ER,1920,marine_hw,historical,0.23424808516666665,0.48053986,0.0,12
ER,1921,marine_hw,historical,0.22983246025,0.5400264,0.0,12
ER,1922,marine_hw,historical,0.23629946166666668,0.53755,0.0,12
ER,1923,marine_hw,historical,0.2961938691666667,0.65136683,0.0,12
ER,1924,marine_hw,historical,0.25291405283333335,0.4797664,0.0,12
ER,1925,marine_hw,historical,0.24764516916666668,0.60025746,0.0,12
ER,1926,marine_hw,historical,0.27869261979166665,0.6062127,0.0,12
ER,1927,marine_hw,historical,0.28141305,0.60289735,0.0,12
ER,1928,marine_hw,historical,0.24991947141666668,0.56895274,0.0,12
ER,1929,marine_hw,historical,0.19551630766666664,0.482163,0.0,12
ER,1930,marine_hw,historical,0.2776301775,0.58810014,0.0,12
ER,1931,marine_hw,historical,0.2548506219166667,0.5412356,0.0,12
ER,1932,marine_hw,historical,0.27248897941666667,0.59335816,0.0,12
ER,1933,marine_hw,historical,0.26729397466666666,0.57763135,0.0,12
ER,1934,marine_hw,historical,0.27177096366666664,0.6241545,0.0,12
ER,1935,marine_hw,historical,0.301697225,0.6208864,0.0,12
ER,1936,marine_hw,historical,0.23848631833333334,0.5302875,0.0,12
ER,1937,marine_hw,historical,0.23762240683333336,0.5424993,0.0,12
ER,1938,marine_hw,historical,0.2902949553333333,0.5857943,0.0,12
ER,1939,marine_hw,historical,0.27223570283333337,0.56913793,0.0,12
ER,1940,marine_hw,historical,0.2512929788333333,0.53838515,0.0,12
ER,1941,marine_hw,historical,0.21121952883333336,0.42612267,0.0,12
ER,1942,marine_hw,historical,0.21093148916666668,0.50197494,0.0,12
ER,1943,marine_hw,historical,0.25919176625,0.56853515,0.0,12
ER,1944,marine_hw,historical,0.29590458166666667,0.61360943,0.0,12
ER,1945,marine_hw,historical,0.2977612275,0.6334613,0.0,12
ER,1946,marine_hw,historical,0.2688992375,0.5931838,0.0,12
ER,1947,marine_hw,historical,0.3106908493583333,0.64508486,0.0,12
ER,1948,marine_hw,historical,0.23558678933333332,0.50454944,0.0,12
ER,1949,marine_hw,historical,0.21342522666666666,0.5142666,0.0,12
ER,1950,marine_hw,historical,0.23515526399999997,0.52840656,0.0,12
ER,1951,marine_hw,historical,0.25341790416666665,0.6365769,0.0,12
ER,1952,marine_hw,historical,0.29675852166666666,0.59525,0.0,12
ER,1953,marine_hw,historical,0.2602060889166667,0.57483894,0.0,12
ER,1954,marine_hw,historical,0.265029264375,0.5698097,0.0,12
ER,1955,marine_hw,historical,0.2747385763333334,0.60439706,0.0,12
ER,1956,marine_hw,historical,0.29434285499999996,0.6466281,0.0,12
ER,1957,marine_hw,historical,0.28605309500000003,0.61273795,0.0,12
ER,1958,marine_hw,historical,0.2953211688333333,0.6269905,0.0,12
ER,1959,marine_hw,historical,0.25848705833333335,0.57436323,0.0,12
ER,1960,marine_hw,historical,0.2736119866666667,0.62231344,0.0,12
ER,1961,marine_hw,historical,0.3223522525,0.68862313,0.0,12
ER,1962,marine_hw,historical,0.26021064,0.53720134,0.0,12
ER,1963,marine_hw,historical,0.22818092145833332,0.4841892,0.0,12
ER,1964,marine_hw,historical,0.25026600250000003,0.57877517,0.0,12
ER,1965,marine_hw,historical,0.27052783708333333,0.57276917,0.0,12
ER,1966,marine_hw,historical,0.24637452916666666,0.51652884,0.0,12
ER,1967,marine_hw,historical,0.20967899983333335,0.5201165,0.0,12
ER,1968,marine_hw,historical,0.28517947941666666,0.62639856,0.0,12
ER,1969,marine_hw,historical,0.32434300551666667,0.66904724,0.0,12
ER,1970,marine_hw,historical,0.25630526833333334,0.542325,0.0,12
ER,1971,marine_hw,historical,0.23206299583333334,0.53344303,0.0,12
ER,1972,marine_hw,historical,0.24132171749999998,0.58784235,0.0,12
ER,1973,marine_hw,historical,0.26029202883333336,0.5882091,0.0,12
ER,1974,marine_hw,historical,0.2709142983333333,0.62460476,0.0,12
ER,1975,marine_hw,historical,0.25536447925,0.5603177,0.0,12
ER,1976,marine_hw,historical,0.272988271,0.5922434,0.0,12
ER,1977,marine_hw,historical,0.2785194649166667,0.5789059,0.0,12
ER,1978,marine_hw,historical,0.28395903166666664,0.60714227,0.0,12
ER,1979,marine_hw,historical,0.2781051451,0.58560187,0.0,12
ER,1980,marine_hw,historical,0.2823795091666667,0.5990773,0.0,12
ER,1981,marine_hw,historical,0.2725246695833333,0.62404555,0.0,12
ER,1982,marine_hw,historical,0.2466674908333333,0.5414608,0.0,12
ER,1983,marine_hw,historical,0.21415928108333335,0.5297864,0.0,12
ER,1984,marine_hw,historical,0.25944595016666666,0.5796394,0.0,12
ER,1985,marine_hw,historical,0.2817333989,0.5968768,0.0,12
ER,1986,marine_hw,historical,0.21521483033333333,0.46785986,0.0,12
ER,1987,marine_hw,historical,0.24852151166666667,0.5461451,0.0,12
ER,1988,marine_hw,historical,0.29654362100000003,0.6321141,0.0,12
ER,1989,marine_hw,historical,0.2793117325,0.6102687,0.0,12
ER,1990,marine_hw,historical,0.29119854083333335,0.5925593,0.0,12
ER,1991,marine_hw,historical,0.2582529915083333,0.5621042,0.0,12
ER,1992,marine_hw,historical,0.22625732499999998,0.50976026,0.0,12
ER,1993,marine_hw,historical,0.2795765633333333,0.5918548,0.0,12
ER,1994,marine_hw,historical,0.29842065391666667,0.61431026,0.0,12
ER,1995,marine_hw,historical,0.25713435675,0.54083985,0.0,12
ER,1996,marine_hw,historical,0.24220648349999999,0.5604666,0.0,12
ER,1997,marine_hw,historical,0.3353610616666667,0.6824936,0.0,12
ER,1998,marine_hw,historical,0.284524305875,0.62187046,0.0,12
ER,1999,marine_hw,historical,0.28215068583333336,0.60223645,0.0,12
ER,2000,marine_hw,historical,0.293224992,0.6270377,0.0,12
ER,2001,marine_hw,historical,0.31439407416666665,0.70052624,0.0,12
ER,2002,marine_hw,historical,0.36365993283333337,0.69182223,0.0,12
ER,2003,marine_hw,historical,0.29240391625,0.53239363,0.029364973,12
ER,2004,marine_hw,historical,0.24391438791666667,0.5337118,0.0,12
ER,2005,marine_hw,historical,0.27061770683333336,0.6015429,0.0,12
ER,2006,marine_hw,historical,0.3025969183333333,0.64033884,0.0,12
ER,2007,marine_hw,historical,0.29967221633333335,0.62165624,0.0,12
ER,2008,marine_hw,historical,0.32640317583333334,0.6764876,0.0,12
ER,2009,marine_hw,historical,0.32548048333333335,0.64634484,0.0,12
ER,2010,marine_hw,historical,0.32916706,0.60799193,0.0,12
ER,2011,marine_hw,historical,0.29253472845,0.59649915,0.0,12
ER,2012,marine_hw,historical,0.2691428145,0.5141722,0.0,12
ER,2013,marine_hw,historical,0.3074417522083333,0.64207095,0.0,12
ER,2014,marine_hw,historical,0.31033129030833334,0.69564587,0.0,12
ES,1850,marine_hw,historical,0.0,0.0,0.0,12
ES,1851,marine_hw,historical,0.0,0.0,0.0,12
ES,1852,marine_hw,historical,0.0,0.0,0.0,12
ES,1853,marine_hw,historical,0.0,0.0,0.0,12
ES,1854,marine_hw,historical,0.0,0.0,0.0,12
ES,1855,marine_hw,historical,0.0,0.0,0.0,12
ES,1856,marine_hw,historical,0.0,0.0,0.0,12
ES,1857,marine_hw,historical,0.0,0.0,0.0,12
ES,1858,marine_hw,historical,0.0,0.0,0.0,12
ES,1859,marine_hw,historical,0.0,0.0,0.0,12
ES,1860,marine_hw,historical,0.0,0.0,0.0,12
ES,1861,marine_hw,historical,0.0,0.0,0.0,12
ES,1862,marine_hw,historical,0.0,0.0,0.0,12
ES,1863,marine_hw,historical,0.0,0.0,0.0,12
ES,1864,marine_hw,historical,0.0,0.0,0.0,12
ES,1865,marine_hw,historical,0.0,0.0,0.0,12
ES,1866,marine_hw,historical,0.0,0.0,0.0,12
ES,1867,marine_hw,historical,0.0,0.0,0.0,12
ES,1868,marine_hw,historical,0.0,0.0,0.0,12
ES,1869,marine_hw,historical,0.0,0.0,0.0,12
ES,1870,marine_hw,historical,0.0,0.0,0.0,12
ES,1871,marine_hw,historical,0.0,0.0,0.0,12
ES,1872,marine_hw,historical,0.0,0.0,0.0,12
ES,1873,marine_hw,historical,0.0,0.0,0.0,12
ES,1874,marine_hw,historical,0.0,0.0,0.0,12
ES,1875,marine_hw,historical,0.0,0.0,0.0,12
ES,1876,marine_hw,historical,0.0,0.0,0.0,12
ES,1877,marine_hw,historical,0.0,0.0,0.0,12
ES,1878,marine_hw,historical,0.0,0.0,0.0,12
ES,1879,marine_hw,historical,0.0,0.0,0.0,12
ES,1880,marine_hw,historical,0.0,0.0,0.0,12
ES,1881,marine_hw,historical,0.0,0.0,0.0,12
ES,1882,marine_hw,historical,0.0,0.0,0.0,12
ES,1883,marine_hw,historical,0.0,0.0,0.0,12
ES,1884,marine_hw,historical,0.0,0.0,0.0,12
ES,1885,marine_hw,historical,0.0,0.0,0.0,12
ES,1886,marine_hw,historical,0.0,0.0,0.0,12
ES,1887,marine_hw,historical,0.0,0.0,0.0,12
ES,1888,marine_hw,historical,0.0,0.0,0.0,12
ES,1889,marine_hw,historical,0.0,0.0,0.0,12
ES,1890,marine_hw,historical,0.0,0.0,0.0,12
ES,1891,marine_hw,historical,0.0,0.0,0.0,12
ES,1892,marine_hw,historical,0.0,0.0,0.0,12
ES,1893,marine_hw,historical,0.0,0.0,0.0,12
ES,1894,marine_hw,historical,0.0,0.0,0.0,12
ES,1895,marine_hw,historical,0.0,0.0,0.0,12
ES,1896,marine_hw,historical,0.0,0.0,0.0,12
ES,1897,marine_hw,historical,0.0,0.0,0.0,12
ES,1898,marine_hw,historical,0.0,0.0,0.0,12
ES,1899,marine_hw,historical,0.0,0.0,0.0,12
ES,1900,marine_hw,historical,0.0,0.0,0.0,12
ES,1901,marine_hw,historical,0.0,0.0,0.0,12
ES,1902,marine_hw,historical,0.0,0.0,0.0,12
ES,1903,marine_hw,historical,0.0,0.0,0.0,12
ES,1904,marine_hw,historical,0.0,0.0,0.0,12
ES,1905,marine_hw,historical,0.0,0.0,0.0,12
ES,1906,marine_hw,historical,0.0,0.0,0.0,12
ES,1907,marine_hw,historical,0.0,0.0,0.0,12
ES,1908,marine_hw,historical,0.0,0.0,0.0,12
ES,1909,marine_hw,historical,0.0,0.0,0.0,12
ES,1910,marine_hw,historical,0.0,0.0,0.0,12
ES,1911,marine_hw,historical,0.0,0.0,0.0,12
ES,1912,marine_hw,historical,0.0,0.0,0.0,12
ES,1913,marine_hw,historical,0.0,0.0,0.0,12
ES,1914,marine_hw,historical,0.0,0.0,0.0,12
ES,1915,marine_hw,historical,0.0,0.0,0.0,12
ES,1916,marine_hw,historical,0.0,0.0,0.0,12
ES,1917,marine_hw,historical,0.0,0.0,0.0,12
ES,1918,marine_hw,historical,0.0,0.0,0.0,12
ES,1919,marine_hw,historical,0.0,0.0,0.0,12
ES,1920,marine_hw,historical,0.0,0.0,0.0,12
ES,1921,marine_hw,historical,0.0,0.0,0.0,12
ES,1922,marine_hw,historical,0.0,0.0,0.0,12
ES,1923,marine_hw,historical,0.0,0.0,0.0,12
ES,1924,marine_hw,historical,0.0,0.0,0.0,12
ES,1925,marine_hw,historical,0.0,0.0,0.0,12
ES,1926,marine_hw,historical,0.0,0.0,0.0,12
ES,1927,marine_hw,historical,0.0,0.0,0.0,12
ES,1928,marine_hw,historical,0.0,0.0,0.0,12
ES,1929,marine_hw,historical,0.0,0.0,0.0,12
ES,1930,marine_hw,historical,0.0,0.0,0.0,12
ES,1931,marine_hw,historical,0.0,0.0,0.0,12
ES,1932,marine_hw,historical,0.0,0.0,0.0,12
ES,1933,marine_hw,historical,0.0,0.0,0.0,12
ES,1934,marine_hw,historical,0.0,0.0,0.0,12
ES,1935,marine_hw,historical,0.0,0.0,0.0,12
ES,1936,marine_hw,historical,0.0,0.0,0.0,12
ES,1937,marine_hw,historical,0.0,0.0,0.0,12
ES,1938,marine_hw,historical,0.0,0.0,0.0,12
ES,1939,marine_hw,historical,0.0,0.0,0.0,12
ES,1940,marine_hw,historical,0.0,0.0,0.0,12
ES,1941,marine_hw,historical,0.0,0.0,0.0,12
ES,1942,marine_hw,historical,0.0,0.0,0.0,12
ES,1943,marine_hw,historical,0.0,0.0,0.0,12
ES,1944,marine_hw,historical,0.0,0.0,0.0,12
ES,1945,marine_hw,historical,0.0,0.0,0.0,12
ES,1946,marine_hw,historical,0.0,0.0,0.0,12
ES,1947,marine_hw,historical,0.0,0.0,0.0,12
ES,1948,marine_hw,historical,0.0,0.0,0.0,12
ES,1949,marine_hw,historical,0.0,0.0,0.0,12
ES,1950,marine_hw,historical,0.0,0.0,0.0,12
ES,1951,marine_hw,historical,0.0,0.0,0.0,12
ES,1952,marine_hw,historical,0.0,0.0,0.0,12
ES,1953,marine_hw,historical,0.0,0.0,0.0,12
ES,1954,marine_hw,historical,0.0,0.0,0.0,12
ES,1955,marine_hw,historical,0.0,0.0,0.0,12
ES,1956,marine_hw,historical,0.0,0.0,0.0,12
ES,1957,marine_hw,historical,0.0,0.0,0.0,12
ES,1958,marine_hw,historical,0.0,0.0,0.0,12
ES,1959,marine_hw,historical,0.0,0.0,0.0,12
ES,1960,marine_hw,historical,0.0,0.0,0.0,12
ES,1961,marine_hw,historical,0.0,0.0,0.0,12
ES,1962,marine_hw,historical,0.0,0.0,0.0,12
ES,1963,marine_hw,historical,0.0,0.0,0.0,12
ES,1964,marine_hw,historical,0.0,0.0,0.0,12
ES,1965,marine_hw,historical,0.0,0.0,0.0,12
ES,1966,marine_hw,historical,0.0,0.0,0.0,12
ES,1967,marine_hw,historical,0.0,0.0,0.0,12
ES,1968,marine_hw,historical,0.0,0.0,0.0,12
ES,1969,marine_hw,historical,0.0,0.0,0.0,12
ES,1970,marine_hw,historical,0.0,0.0,0.0,12
ES,1971,marine_hw,historical,0.0,0.0,0.0,12
ES,1972,marine_hw,historical,0.0,0.0,0.0,12
ES,1973,marine_hw,historical,0.0,0.0,0.0,12
ES,1974,marine_hw,historical,0.0,0.0,0.0,12
ES,1975,marine_hw,historical,0.0,0.0,0.0,12
ES,1976,marine_hw,historical,0.0,0.0,0.0,12
ES,1977,marine_hw,historical,0.0,0.0,0.0,12
ES,1978,marine_hw,historical,0.0,0.0,0.0,12
ES,1979,marine_hw,historical,0.0,0.0,0.0,12
ES,1980,marine_hw,historical,0.0,0.0,0.0,12
ES,1981,marine_hw,historical,0.0,0.0,0.0,12
ES,1982,marine_hw,historical,0.0,0.0,0.0,12
ES,1983,marine_hw,historical,0.0,0.0,0.0,12
ES,1984,marine_hw,historical,0.0,0.0,0.0,12
ES,1985,marine_hw,historical,0.0,0.0,0.0,12
ES,1986,marine_hw,historical,0.0,0.0,0.0,12
ES,1987,marine_hw,historical,0.0,0.0,0.0,12
ES,1988,marine_hw,historical,0.0,0.0,0.0,12
ES,1989,marine_hw,historical,0.0,0.0,0.0,12
ES,1990,marine_hw,historical,0.0,0.0,0.0,12
ES,1991,marine_hw,historical,0.0,0.0,0.0,12
ES,1992,marine_hw,historical,0.0,0.0,0.0,12
ES,1993,marine_hw,historical,0.0,0.0,0.0,12
ES,1994,marine_hw,historical,0.0,0.0,0.0,12
ES,1995,marine_hw,historical,0.0,0.0,0.0,12
ES,1996,marine_hw,historical,0.0,0.0,0.0,12
ES,1997,marine_hw,historical,0.0,0.0,0.0,12
ES,1998,marine_hw,historical,0.0,0.0,0.0,12
ES,1999,marine_hw,historical,0.0,0.0,0.0,12
ES,2000,marine_hw,historical,0.0,0.0,0.0,12
ES,2001,marine_hw,historical,0.0,0.0,0.0,12
ES,2002,marine_hw,historical,0.0,0.0,0.0,12
ES,2003,marine_hw,historical,0.0,0.0,0.0,12
ES,2004,marine_hw,historical,0.0,0.0,0.0,12
ES,2005,marine_hw,historical,0.0,0.0,0.0,12
ES,2006,marine_hw,historical,0.0,0.0,0.0,12
ES,2007,marine_hw,historical,0.0,0.0,0.0,12
ES,2008,marine_hw,historical,0.0,0.0,0.0,12
ES,2009,marine_hw,historical,0.0,0.0,0.0,12
ES,2010,marine_hw,historical,0.0,0.0,0.0,12
ES,2011,marine_hw,historical,0.0,0.0,0.0,12
ES,2012,marine_hw,historical,0.0,0.0,0.0,12
ES,2013,marine_hw,historical,0.0,0.0,0.0,12
ES,2014,marine_hw,historical,0.0,0.0,0.0,12
FI,1850,marine_hw,historical,0.0,0.0,0.0,36
FI,1851,marine_hw,historical,0.0,0.0,0.0,36
FI,1852,marine_hw,historical,0.0,0.0,0.0,36
FI,1853,marine_hw,historical,0.0,0.0,0.0,36
FI,1854,marine_hw,historical,0.0,0.0,0.0,36
FI,1855,marine_hw,historical,0.0,0.0,0.0,36
FI,1856,marine_hw,historical,0.0,0.0,0.0,36
FI,1857,marine_hw,historical,0.0,0.0,0.0,36
FI,1858,marine_hw,historical,0.0,0.0,0.0,36
FI,1859,marine_hw,historical,0.0,0.0,0.0,36
FI,1860,marine_hw,historical,0.0,0.0,0.0,36
FI,1861,marine_hw,historical,0.0,0.0,0.0,36
FI,1862,marine_hw,historical,0.0,0.0,0.0,36
FI,1863,marine_hw,historical,0.0,0.0,0.0,36
FI,1864,marine_hw,historical,0.0,0.0,0.0,36
FI,1865,marine_hw,historical,0.0,0.0,0.0,36
FI,1866,marine_hw,historical,0.0,0.0,0.0,36
FI,1867,marine_hw,historical,0.0,0.0,0.0,36
FI,1868,marine_hw,historical,0.0,0.0,0.0,36
FI,1869,marine_hw,historical,0.0,0.0,0.0,36
FI,1870,marine_hw,historical,0.0,0.0,0.0,36
FI,1871,marine_hw,historical,0.0,0.0,0.0,36
FI,1872,marine_hw,historical,0.0,0.0,0.0,36
FI,1873,marine_hw,historical,0.0,0.0,0.0,36
FI,1874,marine_hw,historical,0.0,0.0,0.0,36
FI,1875,marine_hw,historical,0.0,0.0,0.0,36
FI,1876,marine_hw,historical,0.0,0.0,0.0,36
FI,1877,marine_hw,historical,0.0,0.0,0.0,36
FI,1878,marine_hw,historical,0.0,0.0,0.0,36
FI,1879,marine_hw,historical,0.0,0.0,0.0,36
FI,1880,marine_hw,historical,0.0,0.0,0.0,36
FI,1881,marine_hw,historical,0.0,0.0,0.0,36
FI,1882,marine_hw,historical,0.0,0.0,0.0,36
FI,1883,marine_hw,historical,0.0,0.0,0.0,36
FI,1884,marine_hw,historical,0.0,0.0,0.0,36
FI,1885,marine_hw,historical,0.0,0.0,0.0,36
FI,1886,marine_hw,historical,0.0,0.0,0.0,36
FI,1887,marine_hw,historical,0.0,0.0,0.0,36
FI,1888,marine_hw,historical,0.0,0.0,0.0,36
FI,1889,marine_hw,historical,0.0,0.0,0.0,36
FI,1890,marine_hw,historical,0.0,0.0,0.0,36
FI,1891,marine_hw,historical,0.0,0.0,0.0,36
FI,1892,marine_hw,historical,0.0,0.0,0.0,36
FI,1893,marine_hw,historical,0.0,0.0,0.0,36
FI,1894,marine_hw,historical,0.0,0.0,0.0,36
FI,1895,marine_hw,historical,0.0,0.0,0.0,36
FI,1896,marine_hw,historical,0.0,0.0,0.0,36
FI,1897,marine_hw,historical,0.0,0.0,0.0,36
FI,1898,marine_hw,historical,0.0,0.0,0.0,36
FI,1899,marine_hw,historical,0.0,0.0,0.0,36
FI,1900,marine_hw,historical,0.0,0.0,0.0,36
FI,1901,marine_hw,historical,0.0,0.0,0.0,36
FI,1902,marine_hw,historical,0.0,0.0,0.0,36
FI,1903,marine_hw,historical,0.0,0.0,0.0,36
FI,1904,marine_hw,historical,0.0,0.0,0.0,36
FI,1905,marine_hw,historical,0.0,0.0,0.0,36
FI,1906,marine_hw,historical,0.0,0.0,0.0,36
FI,1907,marine_hw,historical,0.0,0.0,0.0,36
FI,1908,marine_hw,historical,0.0,0.0,0.0,36
FI,1909,marine_hw,historical,0.0,0.0,0.0,36
FI,1910,marine_hw,historical,0.0,0.0,0.0,36
FI,1911,marine_hw,historical,0.0,0.0,0.0,36
FI,1912,marine_hw,historical,0.0,0.0,0.0,36
FI,1913,marine_hw,historical,0.0,0.0,0.0,36
FI,1914,marine_hw,historical,0.0,0.0,0.0,36
FI,1915,marine_hw,historical,0.0,0.0,0.0,36
FI,1916,marine_hw,historical,0.0,0.0,0.0,36
FI,1917,marine_hw,historical,0.0,0.0,0.0,36
FI,1918,marine_hw,historical,0.0,0.0,0.0,36
FI,1919,marine_hw,historical,0.0,0.0,0.0,36
FI,1920,marine_hw,historical,0.0,0.0,0.0,36
FI,1921,marine_hw,historical,0.0,0.0,0.0,36
FI,1922,marine_hw,historical,0.0,0.0,0.0,36
FI,1923,marine_hw,historical,0.0,0.0,0.0,36
FI,1924,marine_hw,historical,0.0,0.0,0.0,36
FI,1925,marine_hw,historical,0.0,0.0,0.0,36
FI,1926,marine_hw,historical,0.0,0.0,0.0,36
FI,1927,marine_hw,historical,0.0,0.0,0.0,36
FI,1928,marine_hw,historical,0.0,0.0,0.0,36
FI,1929,marine_hw,historical,0.0,0.0,0.0,36
FI,1930,marine_hw,historical,0.0,0.0,0.0,36
FI,1931,marine_hw,historical,0.0,0.0,0.0,36
FI,1932,marine_hw,historical,0.0,0.0,0.0,36
FI,1933,marine_hw,historical,0.0,0.0,0.0,36
FI,1934,marine_hw,historical,0.0,0.0,0.0,36
FI,1935,marine_hw,historical,0.0,0.0,0.0,36
FI,1936,marine_hw,historical,0.0,0.0,0.0,36
FI,1937,marine_hw,historical,0.0,0.0,0.0,36
FI,1938,marine_hw,historical,0.0,0.0,0.0,36
FI,1939,marine_hw,historical,0.0,0.0,0.0,36
FI,1940,marine_hw,historical,0.0,0.0,0.0,36
FI,1941,marine_hw,historical,0.0,0.0,0.0,36
FI,1942,marine_hw,historical,0.0,0.0,0.0,36
FI,1943,marine_hw,historical,0.0,0.0,0.0,36
FI,1944,marine_hw,historical,0.0,0.0,0.0,36
FI,1945,marine_hw,historical,0.0,0.0,0.0,36
FI,1946,marine_hw,historical,0.0,0.0,0.0,36
FI,1947,marine_hw,historical,0.0,0.0,0.0,36
FI,1948,marine_hw,historical,0.0,0.0,0.0,36
FI,1949,marine_hw,historical,0.0,0.0,0.0,36
FI,1950,marine_hw,historical,0.0,0.0,0.0,36
FI,1951,marine_hw,historical,0.0,0.0,0.0,36
FI,1952,marine_hw,historical,0.0,0.0,0.0,36
FI,1953,marine_hw,historical,0.0,0.0,0.0,36
FI,1954,marine_hw,historical,0.0,0.0,0.0,36
FI,1955,marine_hw,historical,0.0,0.0,0.0,36
FI,1956,marine_hw,historical,0.0,0.0,0.0,36
FI,1957,marine_hw,historical,0.0,0.0,0.0,36
FI,1958,marine_hw,historical,0.0,0.0,0.0,36
FI,1959,marine_hw,historical,0.0,0.0,0.0,36
FI,1960,marine_hw,historical,0.0,0.0,0.0,36
FI,1961,marine_hw,historical,0.0,0.0,0.0,36
FI,1962,marine_hw,historical,0.0,0.0,0.0,36
FI,1963,marine_hw,historical,0.0,0.0,0.0,36
FI,1964,marine_hw,historical,0.0,0.0,0.0,36
FI,1965,marine_hw,historical,0.0,0.0,0.0,36
FI,1966,marine_hw,historical,0.0,0.0,0.0,36
FI,1967,marine_hw,historical,0.0,0.0,0.0,36
FI,1968,marine_hw,historical,0.0,0.0,0.0,36
FI,1969,marine_hw,historical,0.0,0.0,0.0,36
FI,1970,marine_hw,historical,0.0,0.0,0.0,36
FI,1971,marine_hw,historical,0.0,0.0,0.0,36
FI,1972,marine_hw,historical,0.0,0.0,0.0,36
FI,1973,marine_hw,historical,0.0,0.0,0.0,36
FI,1974,marine_hw,historical,0.0,0.0,0.0,36
FI,1975,marine_hw,historical,0.0,0.0,0.0,36
FI,1976,marine_hw,historical,0.0,0.0,0.0,36
FI,1977,marine_hw,historical,0.0,0.0,0.0,36
FI,1978,marine_hw,historical,0.0,0.0,0.0,36
FI,1979,marine_hw,historical,0.0,0.0,0.0,36
FI,1980,marine_hw,historical,0.0,0.0,0.0,36
FI,1981,marine_hw,historical,0.0,0.0,0.0,36
FI,1982,marine_hw,historical,0.0,0.0,0.0,36
FI,1983,marine_hw,historical,0.0,0.0,0.0,36
FI,1984,marine_hw,historical,0.0,0.0,0.0,36
FI,1985,marine_hw,historical,0.0,0.0,0.0,36
FI,1986,marine_hw,historical,0.0,0.0,0.0,36
FI,1987,marine_hw,historical,0.0,0.0,0.0,36
FI,1988,marine_hw,historical,0.0,0.0,0.0,36
FI,1989,marine_hw,historical,0.0,0.0,0.0,36
FI,1990,marine_hw,historical,0.0,0.0,0.0,36
FI,1991,marine_hw,historical,0.0,0.0,0.0,36
FI,1992,marine_hw,historical,0.0,0.0,0.0,36
FI,1993,marine_hw,historical,0.0,0.0,0.0,36
FI,1994,marine_hw,historical,0.0,0.0,0.0,36
FI,1995,marine_hw,historical,0.0,0.0,0.0,36
FI,1996,marine_hw,historical,0.0,0.0,0.0,36
FI,1997,marine_hw,historical,0.0,0.0,0.0,36
FI,1998,marine_hw,historical,0.0,0.0,0.0,36
FI,1999,marine_hw,historical,0.0,0.0,0.0,36
FI,2000,marine_hw,historical,0.0,0.0,0.0,36
FI,2001,marine_hw,historical,0.0,0.0,0.0,36
FI,2002,marine_hw,historical,0.0,0.0,0.0,36
FI,2003,marine_hw,historical,0.0,0.0,0.0,36
FI,2004,marine_hw,historical,0.0,0.0,0.0,36
FI,2005,marine_hw,historical,0.0,0.0,0.0,36
FI,2006,marine_hw,historical,0.0,0.0,0.0,36
FI,2007,marine_hw,historical,0.0,0.0,0.0,36
FI,2008,marine_hw,historical,0.0,0.0,0.0,36
FI,2009,marine_hw,historical,0.0,0.0,0.0,36
FI,2010,marine_hw,historical,0.0,0.0,0.0,36
FI,2011,marine_hw,historical,0.0,0.0,0.0,36
FI,2012,marine_hw,historical,0.0,0.0,0.0,36
FI,2013,marine_hw,historical,0.0,0.0,0.0,36
FI,2014,marine_hw,historical,0.0,0.0,0.0,36
FJ,1850,marine_hw,historical,0.01116971032160097,0.2365232,0.0,2268
FJ,1851,marine_hw,historical,0.011322425009981924,0.22532362,0.0,2268
FJ,1852,marine_hw,historical,0.011783459928376544,0.2501702,0.0,2268
FJ,1853,marine_hw,historical,0.016524744393205466,0.29036143,0.0,2268
FJ,1854,marine_hw,historical,0.011280409224537036,0.20981649,0.0,2268
FJ,1855,marine_hw,historical,0.007635401923733687,0.21771348,0.0,2268
FJ,1856,marine_hw,historical,0.01206304507409612,0.2636057,0.0,2268
FJ,1857,marine_hw,historical,0.014462172867394178,0.26200345,0.0,2268
FJ,1858,marine_hw,historical,0.018658416418655205,0.28525594,0.0,2268
FJ,1859,marine_hw,historical,0.009718885486902999,0.26284587,0.0,2268
FJ,1860,marine_hw,historical,0.0037879202445943562,0.14487672,0.0,2268
FJ,1861,marine_hw,historical,0.007834644509690476,0.17861891,0.0,2268
FJ,1862,marine_hw,historical,0.01237650826776455,0.22291611,0.0,2268
FJ,1863,marine_hw,historical,0.012836405825024249,0.25478458,0.0,2268
FJ,1864,marine_hw,historical,0.005338618312376544,0.16472495,0.0,2268
FJ,1865,marine_hw,historical,0.006579430509453263,0.17988619,0.0,2268
FJ,1866,marine_hw,historical,0.012008558979662258,0.23657948,0.0,2268
FJ,1867,marine_hw,historical,0.015052977027347885,0.2683853,0.0,2268
FJ,1868,marine_hw,historical,0.017133926695821738,0.30017844,0.0,2268
FJ,1869,marine_hw,historical,0.009476456156424161,0.20130673,0.0,2268
FJ,1870,marine_hw,historical,0.007390453904272486,0.18199411,0.0,2268
FJ,1871,marine_hw,historical,0.013219081837570546,0.28622,0.0,2268
FJ,1872,marine_hw,historical,0.01658974762382055,0.27816144,0.0,2268
FJ,1873,marine_hw,historical,0.014577703523834657,0.26977062,0.0,2268
FJ,1874,marine_hw,historical,0.005414035530489418,0.17203277,0.0,2268
FJ,1875,marine_hw,historical,0.01018900173164462,0.19780171,0.0,2268
FJ,1876,marine_hw,historical,0.013068517231163888,0.25916928,0.0,2268
FJ,1877,marine_hw,historical,0.010328935662485451,0.22044417,0.0,2268
FJ,1878,marine_hw,historical,0.003614585261631393,0.13225915,0.0,2268
FJ,1879,marine_hw,historical,0.009718194000912698,0.2098973,0.0,2268
FJ,1880,marine_hw,historical,0.017228544439317726,0.27953857,0.0,2268
FJ,1881,marine_hw,historical,0.017341024728822752,0.28582698,0.0,2268
FJ,1882,marine_hw,historical,0.010510065063589065,0.24116388,0.0,2268
FJ,1883,marine_hw,historical,0.007444661779404762,0.19525713,0.0,2268
FJ,1884,marine_hw,historical,0.00808759265228836,0.18273035,0.0,2268
FJ,1885,marine_hw,historical,0.010393324643112876,0.23380521,0.0,2268
FJ,1886,marine_hw,historical,0.013472801908121692,0.25180697,0.0,2268
FJ,1887,marine_hw,historical,0.00956794656601411,0.20417994,0.0,2268
FJ,1888,marine_hw,historical,0.005843293897495591,0.182714,0.0,2268
FJ,1889,marine_hw,historical,0.008738097625507054,0.21804847,0.0,2268
FJ,1890,marine_hw,historical,0.014757386172028219,0.25472832,0.0,2268
FJ,1891,marine_hw,historical,0.017479162480956042,0.26664415,0.0,2268
FJ,1892,marine_hw,historical,0.01622484150271605,0.26946923,0.0,2268
FJ,1893,marine_hw,historical,0.010279237624040564,0.27248132,0.0,2268
FJ,1894,marine_hw,historical,0.009518171862380952,0.25363168,0.0,2268
FJ,1895,marine_hw,historical,0.015648928994603174,0.29159513,0.0,2268
FJ,1896,marine_hw,historical,0.01451339858404762,0.27460104,0.0,2268
FJ,1897,marine_hw,historical,0.012305809624960317,0.22930342,0.0,2268
FJ,1898,marine_hw,historical,0.012081951314419753,0.21784784,0.0,2268
FJ,1899,marine_hw,historical,0.013739861809354057,0.29727888,0.0,2268
FJ,1900,marine_hw,historical,0.015722855746009703,0.2888109,0.0,2268
FJ,1901,marine_hw,historical,0.013625399546341711,0.22451293,0.0,2268
FJ,1902,marine_hw,historical,0.016579454765554058,0.26077974,0.0,2268
FJ,1903,marine_hw,historical,0.012333292937949736,0.26568004,0.0,2268
FJ,1904,marine_hw,historical,0.007445870737202381,0.18425907,0.0,2268
FJ,1905,marine_hw,historical,0.007980351048909436,0.21316537,0.0,2268
FJ,1906,marine_hw,historical,0.013006318544953217,0.21477492,0.0,2268
FJ,1907,marine_hw,historical,0.011671345986666666,0.25520852,0.0,2268
FJ,1908,marine_hw,historical,0.009349957824047619,0.21035483,0.0,2268
FJ,1909,marine_hw,historical,0.015534895938725748,0.284005,0.0,2268
FJ,1910,marine_hw,historical,0.014093104927891535,0.2800515,0.0,2268
FJ,1911,marine_hw,historical,0.013068607262464286,0.20960316,0.0,2268
FJ,1912,marine_hw,historical,0.016883286138368606,0.29111037,0.0,2268
FJ,1913,marine_hw,historical,0.016115103535577602,0.23686454,0.0,2268
FJ,1914,marine_hw,historical,0.014859473795809524,0.23600847,0.0,2268
FJ,1915,marine_hw,historical,0.014712920596453703,0.27018005,0.0,2268
FJ,1916,marine_hw,historical,0.00978968253284612,0.21074882,0.0,2268
FJ,1917,marine_hw,historical,0.013398234867724868,0.27512574,0.0,2268
FJ,1918,marine_hw,historical,0.019142117062085538,0.2572974,0.0,2268
FJ,1919,marine_hw,historical,0.0210307870320194,0.2992688,0.0,2268
FJ,1920,marine_hw,historical,0.01416175531595723,0.2805063,0.0,2268
FJ,1921,marine_hw,historical,0.008904623594966932,0.20712486,0.0,2268
FJ,1922,marine_hw,historical,0.01091748279329806,0.24543239,0.0,2268
FJ,1923,marine_hw,historical,0.01515706142909171,0.3111565,0.0,2268
FJ,1924,marine_hw,historical,0.010888222044246032,0.22131112,0.0,2268
FJ,1925,marine_hw,historical,0.011483826764559082,0.22193478,0.0,2268
FJ,1926,marine_hw,historical,0.013350392233584215,0.24159601,0.0,2268
FJ,1927,marine_hw,historical,0.01644262249227513,0.28267324,0.0,2268
FJ,1928,marine_hw,historical,0.01137237779589947,0.2163536,0.0,2268
FJ,1929,marine_hw,historical,0.008486568865550263,0.20014112,0.0,2268
FJ,1930,marine_hw,historical,0.01727923191191799,0.26145333,0.0,2268
FJ,1931,marine_hw,historical,0.017708722160255732,0.28233737,0.0,2268
FJ,1932,marine_hw,historical,0.01843146617788845,0.29776004,0.0,2268
FJ,1933,marine_hw,historical,0.011916805038050263,0.24557038,0.0,2268
FJ,1934,marine_hw,historical,0.012833142362871561,0.23862204,0.0,2268
FJ,1935,marine_hw,historical,0.018209255514378308,0.28282213,0.0,2268
FJ,1936,marine_hw,historical,0.014516854352645504,0.29127106,0.0,2268
FJ,1937,marine_hw,historical,0.010661842732940916,0.23272946,0.0,2268
FJ,1938,marine_hw,historical,0.018374204682801144,0.3393983,0.0,2268
FJ,1939,marine_hw,historical,0.01752408702574515,0.30555174,0.0,2268
FJ,1940,marine_hw,historical,0.015328727545176366,0.2524488,0.0,2268
FJ,1941,marine_hw,historical,0.011674149585013227,0.23445794,0.0,2268
FJ,1942,marine_hw,historical,0.012009632925304234,0.22465457,0.0,2268
FJ,1943,marine_hw,historical,0.014770795968861111,0.26185912,0.0,2268
FJ,1944,marine_hw,historical,0.017356426603470018,0.26887006,0.0,2268
FJ,1945,marine_hw,historical,0.016712894584398147,0.29633933,0.0,2268
FJ,1946,marine_hw,historical,0.01680341257522046,0.2754798,0.0,2268
FJ,1947,marine_hw,historical,0.019600519334545857,0.31015974,0.0,2268
FJ,1948,marine_hw,historical,0.015659090668805112,0.2674893,0.0,2268
FJ,1949,marine_hw,historical,0.0068646552201494715,0.18922478,0.0,2268
FJ,1950,marine_hw,historical,0.012539891607001764,0.22545978,0.0,2268
FJ,1951,marine_hw,historical,0.016867817707945328,0.27648476,0.0,2268
FJ,1952,marine_hw,historical,0.017377068043959436,0.33491194,0.0,2268
FJ,1953,marine_hw,historical,0.010144030377522047,0.20754789,0.0,2268
FJ,1954,marine_hw,historical,0.01285118456191358,0.23080856,0.0,2268
FJ,1955,marine_hw,historical,0.015828477544430335,0.3135259,0.0,2268
FJ,1956,marine_hw,historical,0.018469404811350086,0.29165688,0.0,2268
FJ,1957,marine_hw,historical,0.018862692889746912,0.29768923,0.0,2268
FJ,1958,marine_hw,historical,0.017191781477804233,0.26074338,0.0,2268
FJ,1959,marine_hw,historical,0.012718952203040123,0.23403308,0.0,2268
FJ,1960,marine_hw,historical,0.0187446321611067,0.28355744,0.0,2268
FJ,1961,marine_hw,historical,0.0215573137470657,0.3308695,0.0,2268
FJ,1962,marine_hw,historical,0.014274319533570105,0.26735586,0.0,2268
FJ,1963,marine_hw,historical,0.005000974434253087,0.16142598,0.0,2268
FJ,1964,marine_hw,historical,0.00816543885319665,0.2144463,0.0,2268
FJ,1965,marine_hw,historical,0.015743150948619045,0.25453675,0.0,2268
FJ,1966,marine_hw,historical,0.009048800221669312,0.21812561,0.0,2268
FJ,1967,marine_hw,historical,0.011048811901609348,0.19929232,0.0,2268
FJ,1968,marine_hw,historical,0.018252623418156966,0.3019595,0.0,2268
FJ,1969,marine_hw,historical,0.018331928376296297,0.31573367,0.0,2268
FJ,1970,marine_hw,historical,0.01662246943218695,0.25633782,0.0,2268
FJ,1971,marine_hw,historical,0.008311284248333333,0.19710088,0.0,2268
FJ,1972,marine_hw,historical,0.01084920872542328,0.23852399,0.0,2268
FJ,1973,marine_hw,historical,0.01919980889368342,0.287185,0.0,2268
FJ,1974,marine_hw,historical,0.01632316250051896,0.2562289,0.0,2268
FJ,1975,marine_hw,historical,0.011362961979973545,0.22768027,0.0,2268
FJ,1976,marine_hw,historical,0.018074383407504408,0.27479625,0.0,2268
FJ,1977,marine_hw,historical,0.020337326932929896,0.29972726,0.0,2268
FJ,1978,marine_hw,historical,0.01903645127435185,0.30284375,0.0,2268
FJ,1979,marine_hw,historical,0.016693399019695458,0.26640266,0.0,2268
FJ,1980,marine_hw,historical,0.020991076440130513,0.31789786,0.0,2268
FJ,1981,marine_hw,historical,0.01963373725082187,0.30621624,0.0,2268
FJ,1982,marine_hw,historical,0.013332736052689594,0.24241303,0.0,2268
FJ,1983,marine_hw,historical,0.006289993697612435,0.18533938,0.0,2268
FJ,1984,marine_hw,historical,0.016544166453214285,0.26108748,0.0,2268
FJ,1985,marine_hw,historical,0.016858469866882716,0.26843798,0.0,2268
FJ,1986,marine_hw,historical,0.0115952361795,0.27230066,0.0,2268
FJ,1987,marine_hw,historical,0.01558276391654321,0.24821389,0.0,2268
FJ,1988,marine_hw,historical,0.021960775336667987,0.33688366,0.0,2268
FJ,1989,marine_hw,historical,0.020919945629598768,0.31443006,0.0,2268
FJ,1990,marine_hw,historical,0.014649277251525572,0.2561835,0.0,2268
FJ,1991,marine_hw,historical,0.015022480362563052,0.2479579,0.0,2268
FJ,1992,marine_hw,historical,0.01318382849736508,0.23532942,0.0,2268
FJ,1993,marine_hw,historical,0.02215424219664255,0.30827332,0.0,2268
FJ,1994,marine_hw,historical,0.0224694273008642,0.29586,0.0,2268
FJ,1995,marine_hw,historical,0.013509831897798325,0.23129787,0.0,2268
FJ,1996,marine_hw,historical,0.01668301154372575,0.24474427,0.0,2268
FJ,1997,marine_hw,historical,0.027927012592270723,0.3295459,0.0,2268
FJ,1998,marine_hw,historical,0.02351850486371252,0.3474242,0.0,2268
FJ,1999,marine_hw,historical,0.011728725829744269,0.20755152,0.0,2268
FJ,2000,marine_hw,historical,0.01845938391803351,0.28236276,0.0,2268
FJ,2001,marine_hw,historical,0.023959308251482802,0.35026473,0.0,2268
FJ,2002,marine_hw,historical,0.025751877993384478,0.30242798,0.0,2268
FJ,2003,marine_hw,historical,0.021688213143315697,0.28240725,0.0,2268
FJ,2004,marine_hw,historical,0.013065828208708994,0.22836475,0.0,2268
FJ,2005,marine_hw,historical,0.014569833227892416,0.2558068,0.0,2268
FJ,2006,marine_hw,historical,0.02787106832069224,0.33186352,0.0,2268
FJ,2007,marine_hw,historical,0.030466524258227514,0.3383861,0.0,2268
FJ,2008,marine_hw,historical,0.025882978153693562,0.32636493,0.0,2268
FJ,2009,marine_hw,historical,0.025404608078703702,0.30652672,0.0,2268
FJ,2010,marine_hw,historical,0.024216961754338625,0.30765235,0.0,2268
FJ,2011,marine_hw,historical,0.026666619410089066,0.3395844,0.0,2268
FJ,2012,marine_hw,historical,0.01946019543152822,0.24788073,0.0,2268
FJ,2013,marine_hw,historical,0.023792999027050264,0.27771118,0.0,2268
FJ,2014,marine_hw,historical,0.030027076702647707,0.3537852,0.0,2268
FM,1850,marine_hw,historical,0.10156987202395834,0.21622378,0.0,192
FM,1851,marine_hw,historical,0.09877244342500001,0.21526423,0.0,192
FM,1852,marine_hw,historical,0.10272724192447917,0.23340762,0.0,192
FM,1853,marine_hw,historical,0.10134045837614584,0.22359425,0.0,192
FM,1854,marine_hw,historical,0.08093960615104166,0.20117691,0.0,192
FM,1855,marine_hw,historical,0.073949137884375,0.19699922,0.0,192
FM,1856,marine_hw,historical,0.07685260852005209,0.18933553,0.0,192
FM,1857,marine_hw,historical,0.10021756748489584,0.29210806,0.0,192
FM,1858,marine_hw,historical,0.09279359600208333,0.22800435,0.0,192
FM,1859,marine_hw,historical,0.08039080875921875,0.19860965,0.0,192
FM,1860,marine_hw,historical,0.05353717848135417,0.16920042,0.0,192
FM,1861,marine_hw,historical,0.06398581451927084,0.20980015,0.0,192
FM,1862,marine_hw,historical,0.08918145664083334,0.22780645,0.0,192
FM,1863,marine_hw,historical,0.074558951403125,0.21659689,0.0,192
FM,1864,marine_hw,historical,0.059853431515104166,0.18332677,0.0,192
FM,1865,marine_hw,historical,0.09436608119067708,0.21077514,0.0,192
FM,1866,marine_hw,historical,0.08020366777880208,0.21282133,0.0,192
FM,1867,marine_hw,historical,0.07540522997083333,0.23819628,0.0,192
FM,1868,marine_hw,historical,0.10435359565572916,0.26734227,0.0,192
FM,1869,marine_hw,historical,0.09198538717119792,0.21076515,0.0,192
FM,1870,marine_hw,historical,0.08535451163229167,0.21376,0.0,192
FM,1871,marine_hw,historical,0.07815075783958333,0.20794642,0.0,192
FM,1872,marine_hw,historical,0.11554669519416666,0.27228978,0.0,192
FM,1873,marine_hw,historical,0.06684575423541667,0.1736995,0.0,192
FM,1874,marine_hw,historical,0.06696912097239584,0.1977654,0.0,192
FM,1875,marine_hw,historical,0.06325932318322917,0.17357242,0.0,192
FM,1876,marine_hw,historical,0.09668911756171876,0.2517153,0.0,192
FM,1877,marine_hw,historical,0.06935777057447916,0.19201082,0.0,192
FM,1878,marine_hw,historical,0.053326314333072916,0.15164167,0.0,192
FM,1879,marine_hw,historical,0.0627134179984375,0.20034355,0.0,192
FM,1880,marine_hw,historical,0.09102972262536459,0.21951365,0.0,192
FM,1881,marine_hw,historical,0.1117345503296875,0.26889914,0.0,192
FM,1882,marine_hw,historical,0.08558020409895833,0.20318589,0.0,192
FM,1883,marine_hw,historical,0.06555853092745313,0.15972658,0.0,192
FM,1884,marine_hw,historical,0.052733672887312504,0.17092979,0.0,192
FM,1885,marine_hw,historical,0.0769223405521927,0.22329831,0.0,192
FM,1886,marine_hw,historical,0.105920877440625,0.24001098,0.0,192
FM,1887,marine_hw,historical,0.08212385615302083,0.1982429,0.0,192
FM,1888,marine_hw,historical,0.06011948437130052,0.16828172,0.0,192
FM,1889,marine_hw,historical,0.05739644015953125,0.18716587,0.0,192
FM,1890,marine_hw,historical,0.09732222932197916,0.22874331,0.0,192
FM,1891,marine_hw,historical,0.10180124458375,0.21997938,0.0,192
FM,1892,marine_hw,historical,0.09264476535903125,0.21967524,0.0,192
FM,1893,marine_hw,historical,0.08851618565030207,0.20816065,0.0,192
FM,1894,marine_hw,historical,0.072937800163125,0.3041537,0.0,192
FM,1895,marine_hw,historical,0.09994223988125,0.2772954,0.0,192
FM,1896,marine_hw,historical,0.08938299514999999,0.20180422,0.0,192
FM,1897,marine_hw,historical,0.09425977632234374,0.1992197,0.0,192
FM,1898,marine_hw,historical,0.091513333996875,0.27700126,0.0,192
FM,1899,marine_hw,historical,0.08428751682041667,0.24078079,0.0,192
FM,1900,marine_hw,historical,0.10060023357760417,0.2267997,0.0,192
FM,1901,marine_hw,historical,0.09635940614843751,0.26554388,0.0,192
FM,1902,marine_hw,historical,0.09640632009375,0.25818884,0.0,192
FM,1903,marine_hw,historical,0.0872485956546875,0.20406374,0.0,192
FM,1904,marine_hw,historical,0.06712890627544271,0.1652315,0.0,192
FM,1905,marine_hw,historical,0.08400598133281251,0.19675864,0.0,192
FM,1906,marine_hw,historical,0.09145060761109375,0.24190828,0.0,192
FM,1907,marine_hw,historical,0.10563511912552083,0.21625192,0.0,192
FM,1908,marine_hw,historical,0.08915146776927084,0.2098065,0.0,192
FM,1909,marine_hw,historical,0.0916395449625,0.21798673,0.0,192
FM,1910,marine_hw,historical,0.10287197454270834,0.20305426,0.0,192
FM,1911,marine_hw,historical,0.11668420672708334,0.237549,0.0,192
FM,1912,marine_hw,historical,0.11448113887447918,0.23362185,0.0,192
FM,1913,marine_hw,historical,0.11276771506015625,0.23763888,0.0,192
FM,1914,marine_hw,historical,0.116771826596875,0.24707098,0.0,192
FM,1915,marine_hw,historical,0.11366288822343751,0.22302778,0.0,192
FM,1916,marine_hw,historical,0.09379167314291666,0.22541258,0.0,192
FM,1917,marine_hw,historical,0.10244438395338541,0.24543963,0.0,192
FM,1918,marine_hw,historical,0.08744635089375001,0.22187668,0.0,192
FM,1919,marine_hw,historical,0.12509158252416666,0.268142,0.0,192
FM,1920,marine_hw,historical,0.13329970170729166,0.251817,0.0,192
FM,1921,marine_hw,historical,0.10362599778854166,0.23516601,0.0,192
FM,1922,marine_hw,historical,0.07160984954166667,0.21580255,0.0,192
FM,1923,marine_hw,historical,0.11607084576302083,0.27427876,0.0,192
FM,1924,marine_hw,historical,0.11158656325989584,0.24654989,0.0,192
FM,1925,marine_hw,historical,0.09058884683,0.19633469,0.0,192
FM,1926,marine_hw,historical,0.07949747515223958,0.2085265,0.0,192
FM,1927,marine_hw,historical,0.10682290777187499,0.22342175,0.0,192
FM,1928,marine_hw,historical,0.10888331420901042,0.23652954,0.0,192
FM,1929,marine_hw,historical,0.085342384708125,0.21701175,0.0,192
FM,1930,marine_hw,historical,0.09341473067033333,0.2017089,0.0,192
FM,1931,marine_hw,historical,0.0906201742171875,0.21990764,0.0,192
FM,1932,marine_hw,historical,0.104114490103125,0.2344888,0.0,192
FM,1933,marine_hw,historical,0.08202193954236459,0.21833897,0.0,192
FM,1934,marine_hw,historical,0.10366003495911458,0.24472067,0.0,192
FM,1935,marine_hw,historical,0.09705521794664583,0.23263869,0.0,192
FM,1936,marine_hw,historical,0.11638833708697917,0.24062102,0.0,192
FM,1937,marine_hw,historical,0.12381669919947917,0.2706294,0.0,192
FM,1938,marine_hw,historical,0.08020773748380208,0.19664153,0.0,192
FM,1939,marine_hw,historical,0.1140488915203125,0.27208734,0.0,192
FM,1940,marine_hw,historical,0.11223556230572918,0.23989025,0.0,192
FM,1941,marine_hw,historical,0.09582552421458333,0.22432049,0.0,192
FM,1942,marine_hw,historical,0.099475324270625,0.2514375,0.0,192
FM,1943,marine_hw,historical,0.08710427899666667,0.20765592,0.0,192
FM,1944,marine_hw,historical,0.11032699662744792,0.26409775,0.0,192
FM,1945,marine_hw,historical,0.1319966415859375,0.25186962,0.0,192
FM,1946,marine_hw,historical,0.09824574968645833,0.2541228,0.0,192
FM,1947,marine_hw,historical,0.11663734320773438,0.2504235,0.0,192
FM,1948,marine_hw,historical,0.099104503080625,0.2428978,0.0,192
FM,1949,marine_hw,historical,0.08839649541031251,0.20959046,0.0,192
FM,1950,marine_hw,historical,0.09439412446432292,0.2307314,0.0,192
FM,1951,marine_hw,historical,0.11663226719322917,0.26212418,0.0,192
FM,1952,marine_hw,historical,0.1288426171190625,0.303097,0.0,192
FM,1953,marine_hw,historical,0.1262901732591146,0.23754628,0.0,192
FM,1954,marine_hw,historical,0.10764565718541667,0.24566478,0.0,192
FM,1955,marine_hw,historical,0.12674880836979166,0.24863331,0.0,192
FM,1956,marine_hw,historical,0.12888918481770834,0.2831571,0.0,192
FM,1957,marine_hw,historical,0.12967441092708334,0.26723513,0.0,192
FM,1958,marine_hw,historical,0.13632042059791666,0.28851405,0.0,192
FM,1959,marine_hw,historical,0.12632199591458335,0.26744482,0.0,192
FM,1960,marine_hw,historical,0.11190526023036458,0.24101046,0.0,192
FM,1961,marine_hw,historical,0.12067355014434376,0.2996419,0.0,192
FM,1962,marine_hw,historical,0.08188571371354167,0.204396,0.0,192
FM,1963,marine_hw,historical,0.06969658682864584,0.17874055,0.0,192
FM,1964,marine_hw,historical,0.05937520636953125,0.17538166,0.0,192
FM,1965,marine_hw,historical,0.08665445407508647,0.25857648,0.0,192
FM,1966,marine_hw,historical,0.07853582635416666,0.17638478,0.0,192
FM,1967,marine_hw,historical,0.074518397609875,0.19476782,0.0,192
FM,1968,marine_hw,historical,0.1006135260528125,0.27577937,0.0,192
FM,1969,marine_hw,historical,0.11736400950260417,0.28628087,0.0,192
FM,1970,marine_hw,historical,0.10633651381041666,0.238967,0.0,192
FM,1971,marine_hw,historical,0.08527472394114582,0.19422404,0.0,192
FM,1972,marine_hw,historical,0.06710808916979166,0.21111284,0.0,192
FM,1973,marine_hw,historical,0.11169584316067709,0.2501003,0.0,192
FM,1974,marine_hw,historical,0.14052411752734376,0.25701958,0.0,192
FM,1975,marine_hw,historical,0.10797898296510416,0.23382701,0.0,192
FM,1976,marine_hw,historical,0.08270243538802084,0.22197199,0.0,192
FM,1977,marine_hw,historical,0.1213467471729323,0.27154082,0.0,192
FM,1978,marine_hw,historical,0.1320071829453125,0.2996301,0.0,192
FM,1979,marine_hw,historical,0.10414410512760418,0.21155313,0.0,192
FM,1980,marine_hw,historical,0.09083391575677084,0.23920393,0.0,192
FM,1981,marine_hw,historical,0.09446997677843749,0.22695312,0.0,192
FM,1982,marine_hw,historical,0.0929590868571875,0.20524207,0.0,192
FM,1983,marine_hw,historical,0.09719380262864584,0.20137483,0.0,192
FM,1984,marine_hw,historical,0.08894455463533855,0.20536916,0.0,192
FM,1985,marine_hw,historical,0.10006842899635417,0.25990006,0.0,192
FM,1986,marine_hw,historical,0.1123947318263021,0.23163648,0.0,192
FM,1987,marine_hw,historical,0.10665133326510418,0.24519636,0.0,192
FM,1988,marine_hw,historical,0.13304868287552082,0.27826494,0.0,192
FM,1989,marine_hw,historical,0.14796147692291667,0.2988485,0.0,192
FM,1990,marine_hw,historical,0.13101757053385418,0.24692662,0.0,192
FM,1991,marine_hw,historical,0.12729757376371875,0.24861969,0.0,192
FM,1992,marine_hw,historical,0.08415036388729168,0.2304872,0.0,192
FM,1993,marine_hw,historical,0.10824235650783333,0.23855214,0.0,192
FM,1994,marine_hw,historical,0.13004600716145834,0.2837898,0.0,192
FM,1995,marine_hw,historical,0.10617346325416667,0.23608017,0.0,192
FM,1996,marine_hw,historical,0.1089707866,0.24221966,0.0,192
FM,1997,marine_hw,historical,0.13122174365625,0.27501774,0.0,192
FM,1998,marine_hw,historical,0.1419526237134375,0.29230416,0.0,192
FM,1999,marine_hw,historical,0.14849628248958333,0.24234404,0.0,192
FM,2000,marine_hw,historical,0.13944177944427083,0.2772128,0.0,192
FM,2001,marine_hw,historical,0.13853234445833332,0.27383122,0.0,192
FM,2002,marine_hw,historical,0.15418740676348958,0.32714838,0.0,192
FM,2003,marine_hw,historical,0.10308159193697917,0.22087082,0.0,192
FM,2004,marine_hw,historical,0.10827852712720833,0.23231824,0.0,192
FM,2005,marine_hw,historical,0.12404650736041667,0.28840148,0.0,192
FM,2006,marine_hw,historical,0.151939061765625,0.2949658,0.0,192
FM,2007,marine_hw,historical,0.1549122679296875,0.28255248,0.0,192
FM,2008,marine_hw,historical,0.17487964773875,0.29137546,0.0,192
FM,2009,marine_hw,historical,0.14028713554635416,0.26610854,0.0,192
FM,2010,marine_hw,historical,0.15784973722916668,0.28924757,0.0,192
FM,2011,marine_hw,historical,0.17242803228958334,0.33454973,0.0,192
FM,2012,marine_hw,historical,0.15852169677828123,0.26720697,0.0,192
FM,2013,marine_hw,historical,0.12910634646927083,0.26871756,0.0,192
FM,2014,marine_hw,historical,0.14096507568854166,0.29458362,0.0,192
FR,1850,marine_hw,historical,0.0,0.0,0.0,24
FR,1851,marine_hw,historical,0.0,0.0,0.0,24
FR,1852,marine_hw,historical,0.0,0.0,0.0,24
FR,1853,marine_hw,historical,0.0,0.0,0.0,24
FR,1854,marine_hw,historical,0.0,0.0,0.0,24
FR,1855,marine_hw,historical,0.0,0.0,0.0,24
FR,1856,marine_hw,historical,0.0,0.0,0.0,24
FR,1857,marine_hw,historical,0.0,0.0,0.0,24
FR,1858,marine_hw,historical,0.0,0.0,0.0,24
FR,1859,marine_hw,historical,0.0,0.0,0.0,24
FR,1860,marine_hw,historical,0.0,0.0,0.0,24
FR,1861,marine_hw,historical,0.0,0.0,0.0,24
FR,1862,marine_hw,historical,0.0,0.0,0.0,24
FR,1863,marine_hw,historical,0.0,0.0,0.0,24
FR,1864,marine_hw,historical,0.0,0.0,0.0,24
FR,1865,marine_hw,historical,0.0,0.0,0.0,24
FR,1866,marine_hw,historical,0.0,0.0,0.0,24
FR,1867,marine_hw,historical,0.0,0.0,0.0,24
FR,1868,marine_hw,historical,0.0,0.0,0.0,24
FR,1869,marine_hw,historical,0.0,0.0,0.0,24
FR,1870,marine_hw,historical,0.0,0.0,0.0,24
FR,1871,marine_hw,historical,0.0,0.0,0.0,24
FR,1872,marine_hw,historical,0.0,0.0,0.0,24
FR,1873,marine_hw,historical,0.0,0.0,0.0,24
FR,1874,marine_hw,historical,0.0,0.0,0.0,24
FR,1875,marine_hw,historical,0.0,0.0,0.0,24
FR,1876,marine_hw,historical,0.0,0.0,0.0,24
FR,1877,marine_hw,historical,0.0,0.0,0.0,24
FR,1878,marine_hw,historical,0.0,0.0,0.0,24
FR,1879,marine_hw,historical,0.0,0.0,0.0,24
FR,1880,marine_hw,historical,0.0,0.0,0.0,24
FR,1881,marine_hw,historical,0.0,0.0,0.0,24
FR,1882,marine_hw,historical,0.0,0.0,0.0,24
FR,1883,marine_hw,historical,0.0,0.0,0.0,24
FR,1884,marine_hw,historical,0.0,0.0,0.0,24
FR,1885,marine_hw,historical,0.0,0.0,0.0,24
FR,1886,marine_hw,historical,0.0,0.0,0.0,24
FR,1887,marine_hw,historical,0.0,0.0,0.0,24
FR,1888,marine_hw,historical,0.0,0.0,0.0,24
FR,1889,marine_hw,historical,0.0,0.0,0.0,24
FR,1890,marine_hw,historical,0.0,0.0,0.0,24
FR,1891,marine_hw,historical,0.0,0.0,0.0,24
FR,1892,marine_hw,historical,0.0,0.0,0.0,24
FR,1893,marine_hw,historical,0.0,0.0,0.0,24
FR,1894,marine_hw,historical,0.0,0.0,0.0,24
FR,1895,marine_hw,historical,0.0,0.0,0.0,24
FR,1896,marine_hw,historical,0.0,0.0,0.0,24
FR,1897,marine_hw,historical,0.0,0.0,0.0,24
FR,1898,marine_hw,historical,0.0,0.0,0.0,24
FR,1899,marine_hw,historical,0.0,0.0,0.0,24
FR,1900,marine_hw,historical,0.0,0.0,0.0,24
FR,1901,marine_hw,historical,0.0,0.0,0.0,24
FR,1902,marine_hw,historical,0.0,0.0,0.0,24
FR,1903,marine_hw,historical,0.0,0.0,0.0,24
FR,1904,marine_hw,historical,0.0,0.0,0.0,24
FR,1905,marine_hw,historical,0.0,0.0,0.0,24
FR,1906,marine_hw,historical,0.0,0.0,0.0,24
FR,1907,marine_hw,historical,0.0,0.0,0.0,24
FR,1908,marine_hw,historical,0.0,0.0,0.0,24
FR,1909,marine_hw,historical,0.0,0.0,0.0,24
FR,1910,marine_hw,historical,0.0,0.0,0.0,24
FR,1911,marine_hw,historical,0.0,0.0,0.0,24
FR,1912,marine_hw,historical,0.0,0.0,0.0,24
FR,1913,marine_hw,historical,0.0,0.0,0.0,24
FR,1914,marine_hw,historical,0.0,0.0,0.0,24
FR,1915,marine_hw,historical,0.0,0.0,0.0,24
FR,1916,marine_hw,historical,0.0,0.0,0.0,24
FR,1917,marine_hw,historical,0.0,0.0,0.0,24
FR,1918,marine_hw,historical,0.0,0.0,0.0,24
FR,1919,marine_hw,historical,0.0,0.0,0.0,24
FR,1920,marine_hw,historical,0.0,0.0,0.0,24
FR,1921,marine_hw,historical,0.0,0.0,0.0,24
FR,1922,marine_hw,historical,0.0,0.0,0.0,24
FR,1923,marine_hw,historical,0.0,0.0,0.0,24
FR,1924,marine_hw,historical,0.0,0.0,0.0,24
FR,1925,marine_hw,historical,0.0,0.0,0.0,24
FR,1926,marine_hw,historical,0.0,0.0,0.0,24
FR,1927,marine_hw,historical,0.0,0.0,0.0,24
FR,1928,marine_hw,historical,0.0,0.0,0.0,24
FR,1929,marine_hw,historical,0.0,0.0,0.0,24
FR,1930,marine_hw,historical,0.0,0.0,0.0,24
FR,1931,marine_hw,historical,0.0,0.0,0.0,24
FR,1932,marine_hw,historical,0.0,0.0,0.0,24
FR,1933,marine_hw,historical,0.0,0.0,0.0,24
FR,1934,marine_hw,historical,0.0,0.0,0.0,24
FR,1935,marine_hw,historical,0.0,0.0,0.0,24
FR,1936,marine_hw,historical,0.0,0.0,0.0,24
FR,1937,marine_hw,historical,0.0,0.0,0.0,24
FR,1938,marine_hw,historical,0.0,0.0,0.0,24
FR,1939,marine_hw,historical,0.0,0.0,0.0,24
FR,1940,marine_hw,historical,0.0,0.0,0.0,24
FR,1941,marine_hw,historical,0.0,0.0,0.0,24
FR,1942,marine_hw,historical,0.0,0.0,0.0,24
FR,1943,marine_hw,historical,0.0,0.0,0.0,24
FR,1944,marine_hw,historical,0.0,0.0,0.0,24
FR,1945,marine_hw,historical,0.0,0.0,0.0,24
FR,1946,marine_hw,historical,0.0,0.0,0.0,24
FR,1947,marine_hw,historical,0.0,0.0,0.0,24
FR,1948,marine_hw,historical,0.0,0.0,0.0,24
FR,1949,marine_hw,historical,0.0,0.0,0.0,24
FR,1950,marine_hw,historical,0.0,0.0,0.0,24
FR,1951,marine_hw,historical,0.0,0.0,0.0,24
FR,1952,marine_hw,historical,0.0,0.0,0.0,24
FR,1953,marine_hw,historical,0.0,0.0,0.0,24
FR,1954,marine_hw,historical,0.0,0.0,0.0,24
FR,1955,marine_hw,historical,0.0,0.0,0.0,24
FR,1956,marine_hw,historical,0.0,0.0,0.0,24
FR,1957,marine_hw,historical,0.0,0.0,0.0,24
FR,1958,marine_hw,historical,0.0,0.0,0.0,24
FR,1959,marine_hw,historical,0.0,0.0,0.0,24
FR,1960,marine_hw,historical,0.0,0.0,0.0,24
FR,1961,marine_hw,historical,0.0,0.0,0.0,24
FR,1962,marine_hw,historical,0.0,0.0,0.0,24
FR,1963,marine_hw,historical,0.0,0.0,0.0,24
FR,1964,marine_hw,historical,0.0,0.0,0.0,24
FR,1965,marine_hw,historical,0.0,0.0,0.0,24
FR,1966,marine_hw,historical,0.0,0.0,0.0,24
FR,1967,marine_hw,historical,0.0,0.0,0.0,24
FR,1968,marine_hw,historical,0.0,0.0,0.0,24
FR,1969,marine_hw,historical,0.0,0.0,0.0,24
FR,1970,marine_hw,historical,0.0,0.0,0.0,24
FR,1971,marine_hw,historical,0.0,0.0,0.0,24
FR,1972,marine_hw,historical,0.0,0.0,0.0,24
FR,1973,marine_hw,historical,0.0,0.0,0.0,24
FR,1974,marine_hw,historical,0.0,0.0,0.0,24
FR,1975,marine_hw,historical,0.0,0.0,0.0,24
FR,1976,marine_hw,historical,0.0,0.0,0.0,24
FR,1977,marine_hw,historical,0.0,0.0,0.0,24
FR,1978,marine_hw,historical,0.0,0.0,0.0,24
FR,1979,marine_hw,historical,0.0,0.0,0.0,24
FR,1980,marine_hw,historical,0.0,0.0,0.0,24
FR,1981,marine_hw,historical,0.0,0.0,0.0,24
FR,1982,marine_hw,historical,0.0,0.0,0.0,24
FR,1983,marine_hw,historical,0.0,0.0,0.0,24
FR,1984,marine_hw,historical,0.0,0.0,0.0,24
FR,1985,marine_hw,historical,0.0,0.0,0.0,24
FR,1986,marine_hw,historical,0.0,0.0,0.0,24
FR,1987,marine_hw,historical,0.0,0.0,0.0,24
FR,1988,marine_hw,historical,0.0,0.0,0.0,24
FR,1989,marine_hw,historical,0.0,0.0,0.0,24
FR,1990,marine_hw,historical,0.0,0.0,0.0,24
FR,1991,marine_hw,historical,0.0,0.0,0.0,24
FR,1992,marine_hw,historical,0.0,0.0,0.0,24
FR,1993,marine_hw,historical,0.0,0.0,0.0,24
FR,1994,marine_hw,historical,0.0,0.0,0.0,24
FR,1995,marine_hw,historical,0.0,0.0,0.0,24
FR,1996,marine_hw,historical,0.0,0.0,0.0,24
FR,1997,marine_hw,historical,0.0,0.0,0.0,24
FR,1998,marine_hw,historical,0.0,0.0,0.0,24
FR,1999,marine_hw,historical,0.0,0.0,0.0,24
FR,2000,marine_hw,historical,0.0,0.0,0.0,24
FR,2001,marine_hw,historical,0.0,0.0,0.0,24
FR,2002,marine_hw,historical,0.0,0.0,0.0,24
FR,2003,marine_hw,historical,0.0,0.0,0.0,24
FR,2004,marine_hw,historical,0.0,0.0,0.0,24
FR,2005,marine_hw,historical,0.0,0.0,0.0,24
FR,2006,marine_hw,historical,0.0,0.0,0.0,24
FR,2007,marine_hw,historical,0.0,0.0,0.0,24
FR,2008,marine_hw,historical,0.0,0.0,0.0,24
FR,2009,marine_hw,historical,0.0,0.0,0.0,24
FR,2010,marine_hw,historical,0.0,0.0,0.0,24
FR,2011,marine_hw,historical,0.0,0.0,0.0,24
FR,2012,marine_hw,historical,0.0,0.0,0.0,24
FR,2013,marine_hw,historical,0.0,0.0,0.0,24
FR,2014,marine_hw,historical,0.0,0.0,0.0,24
GA,1850,marine_hw,historical,0.150266585625,0.27680427,0.006701071,12
GA,1851,marine_hw,historical,0.14356332758333334,0.25388858,0.013699334,12
GA,1852,marine_hw,historical,0.158763563025,0.3225422,0.0,12
GA,1853,marine_hw,historical,0.15186064083333334,0.29805234,0.0,12
GA,1854,marine_hw,historical,0.14373306091666668,0.2688973,0.018858217,12
GA,1855,marine_hw,historical,0.125362311625,0.24491766,0.0106708985,12
GA,1856,marine_hw,historical,0.12121962719166667,0.264499,0.0,12
GA,1857,marine_hw,historical,0.18963830816666669,0.31655613,0.028106928,12
GA,1858,marine_hw,historical,0.1816395675,0.32145464,0.023839507,12
GA,1859,marine_hw,historical,0.13681560420000002,0.3045604,0.0042038714,12
GA,1860,marine_hw,historical,0.08757211972000001,0.19577457,0.00064164744,12
GA,1861,marine_hw,historical,0.11012633475,0.2327204,0.0,12
GA,1862,marine_hw,historical,0.13719136916666666,0.29479516,0.0,12
GA,1863,marine_hw,historical,0.14190216725833335,0.31792963,0.0056981174,12
GA,1864,marine_hw,historical,0.09890164345,0.2230668,0.0072141504,12
GA,1865,marine_hw,historical,0.12359790033333333,0.2515319,0.017864171,12
GA,1866,marine_hw,historical,0.11527738596666666,0.26397157,0.0,12
GA,1867,marine_hw,historical,0.16584316538333332,0.31707904,0.0060131256,12
GA,1868,marine_hw,historical,0.19672793891666665,0.36418772,0.040990487,12
GA,1869,marine_hw,historical,0.11887636241666666,0.25299802,0.0053704,12
GA,1870,marine_hw,historical,0.12795064183333335,0.307085,0.031436753,12
GA,1871,marine_hw,historical,0.14782596166666664,0.2711895,0.0,12
GA,1872,marine_hw,historical,0.21393467591666668,0.37822145,0.04136433,12
GA,1873,marine_hw,historical,0.17843037208333334,0.3544016,0.053961925,12
GA,1874,marine_hw,historical,0.10070116678333334,0.21465147,0.001691977,12
GA,1875,marine_hw,historical,0.11519239808333333,0.2543007,0.0,12
GA,1876,marine_hw,historical,0.17143530870833334,0.3854621,0.0006598035,12
GA,1877,marine_hw,historical,0.14944404308333334,0.27240777,0.02064659,12
GA,1878,marine_hw,historical,0.0980951055,0.23470758,0.024049949,12
GA,1879,marine_hw,historical,0.09226129288333333,0.18723215,0.0,12
GA,1880,marine_hw,historical,0.13383671541666667,0.29106045,0.0,12
GA,1881,marine_hw,historical,0.16179453935000002,0.35063875,0.0057578622,12
GA,1882,marine_hw,historical,0.12636543316666668,0.21977058,0.005880416,12
GA,1883,marine_hw,historical,0.111890307225,0.27735713,0.0035502524,12
GA,1884,marine_hw,historical,0.10413470899999999,0.22767845,0.0,12
GA,1885,marine_hw,historical,0.12846351133333334,0.30234537,0.0,12
GA,1886,marine_hw,historical,0.16818067714166665,0.40327322,0.0,12
GA,1887,marine_hw,historical,0.132513124225,0.28312078,0.0071388027,12
GA,1888,marine_hw,historical,0.07024954788333333,0.19283874,0.0,12
GA,1889,marine_hw,historical,0.13492922926666667,0.2436331,0.0015303878,12
GA,1890,marine_hw,historical,0.17204598978333333,0.32549798,0.0,12
GA,1891,marine_hw,historical,0.18573091825,0.3363145,0.020544179,12
GA,1892,marine_hw,historical,0.16959186206666665,0.3255679,0.0046332628,12
GA,1893,marine_hw,historical,0.12067458621666666,0.22669166,0.0024509013,12
GA,1894,marine_hw,historical,0.11972114633333335,0.23807827,0.0,12
GA,1895,marine_hw,historical,0.17573329666666668,0.33229202,0.0,12
GA,1896,marine_hw,historical,0.15525506483333332,0.30223912,0.03289015,12
GA,1897,marine_hw,historical,0.10800254741666666,0.23133963,0.004850966,12
GA,1898,marine_hw,historical,0.13748497691666667,0.32109606,0.013264496,12
GA,1899,marine_hw,historical,0.16543325641666667,0.33207324,0.0,12
GA,1900,marine_hw,historical,0.18255729458333333,0.32520387,0.022173688,12
GA,1901,marine_hw,historical,0.139742700725,0.27672714,0.0059976927,12
GA,1902,marine_hw,historical,0.15740608814166665,0.33129436,0.0008213927,12
GA,1903,marine_hw,historical,0.12361624869166667,0.26103026,0.0022030708,12
GA,1904,marine_hw,historical,0.1096184395,0.25570965,0.004409035,12
GA,1905,marine_hw,historical,0.10961872595833333,0.22430323,0.0063462895,12
GA,1906,marine_hw,historical,0.15604279716666666,0.25651848,0.019913992,12
GA,1907,marine_hw,historical,0.14025901533333332,0.30210206,0.004372723,12
GA,1908,marine_hw,historical,0.13684300795833335,0.27154356,0.0105120335,12
GA,1909,marine_hw,historical,0.14298440531666667,0.3161667,0.0,12
GA,1910,marine_hw,historical,0.15244664866666666,0.29326642,0.016526237,12
GA,1911,marine_hw,historical,0.13818758816666668,0.27297333,0.025760252,12
GA,1912,marine_hw,historical,0.14591001266666667,0.30285007,0.0,12
GA,1913,marine_hw,historical,0.15489832716666666,0.3096559,0.014294854,12
GA,1914,marine_hw,historical,0.148293621125,0.34088254,0.0,12
GA,1915,marine_hw,historical,0.1581072845833333,0.279643,0.057892725,12
GA,1916,marine_hw,historical,0.11912905633333333,0.23512699,0.017317671,12
GA,1917,marine_hw,historical,0.15434263066666667,0.26667136,0.027634868,12
GA,1918,marine_hw,historical,0.17258318725,0.28693083,0.01978253,12
GA,1919,marine_hw,historical,0.18808018149999997,0.35696703,0.03903127,12
GA,1920,marine_hw,historical,0.15060019375,0.27801985,0.008131033,12
GA,1921,marine_hw,historical,0.15419609533333334,0.2995475,0.023109464,12
GA,1922,marine_hw,historical,0.123786160475,0.22859353,0.0018744457,12
GA,1923,marine_hw,historical,0.16206363599999998,0.34496677,0.0,12
GA,1924,marine_hw,historical,0.13877924816666667,0.28695536,0.016013328,12
GA,1925,marine_hw,historical,0.15092496133333333,0.24412969,0.055945482,12
GA,1926,marine_hw,historical,0.16753766058333333,0.2824136,0.02776559,12
GA,1927,marine_hw,historical,0.19397580891666666,0.32982367,0.029569568,12
GA,1928,marine_hw,historical,0.19057195000000002,0.31880477,0.05555422,12
GA,1929,marine_hw,historical,0.13470323516666668,0.25375605,0.020493342,12
GA,1930,marine_hw,historical,0.12755321458333332,0.30841675,0.0,12
GA,1931,marine_hw,historical,0.18115513608333333,0.3697707,0.0,12
GA,1932,marine_hw,historical,0.2063560525,0.36291406,0.022582028,12
GA,1933,marine_hw,historical,0.14662355533333335,0.26665777,0.008004678,12
GA,1934,marine_hw,historical,0.13251990816666667,0.2772464,0.004479844,12
GA,1935,marine_hw,historical,0.1687062556,0.3313043,0.0,12
GA,1936,marine_hw,historical,0.16556127604166668,0.32745886,0.0033922945,12
GA,1937,marine_hw,historical,0.12716325583333335,0.21615387,0.004488922,12
GA,1938,marine_hw,historical,0.16174999160833334,0.34866065,0.0,12
GA,1939,marine_hw,historical,0.17932966983333332,0.3429678,0.018730385,12
GA,1940,marine_hw,historical,0.18143475533333334,0.31381637,0.04670222,12
GA,1941,marine_hw,historical,0.15783003841666668,0.29217342,0.027054781,12
GA,1942,marine_hw,historical,0.18501747666666668,0.28692448,0.04386261,12
GA,1943,marine_hw,historical,0.18386275116666664,0.29557675,0.055684034,12
GA,1944,marine_hw,historical,0.19736976875,0.3784929,0.02885768,12
GA,1945,marine_hw,historical,0.20775872875,0.35188878,0.07599525,12
GA,1946,marine_hw,historical,0.18028595675,0.30494985,0.021642622,12
GA,1947,marine_hw,historical,0.19454755533333334,0.3639172,0.023488924,12
GA,1948,marine_hw,historical,0.148883156475,0.26503098,0.0072595407,12
GA,1949,marine_hw,historical,0.11098853941666666,0.24317376,0.0,12
GA,1950,marine_hw,historical,0.160557612,0.28998107,0.03627081,12
GA,1951,marine_hw,historical,0.20436665658333333,0.3991636,0.0,12
GA,1952,marine_hw,historical,0.18720749108333334,0.37790462,0.006357183,12
GA,1953,marine_hw,historical,0.15894374916666668,0.24708368,0.07458997,12
GA,1954,marine_hw,historical,0.13443531191666666,0.26407415,0.008319686,12
GA,1955,marine_hw,historical,0.138661104675,0.32661003,0.0013279475,12
GA,1956,marine_hw,historical,0.1379806815,0.25395215,0.0,12
GA,1957,marine_hw,historical,0.18438699,0.36241022,0.005681777,12
GA,1958,marine_hw,historical,0.18018487116666668,0.33852047,0.037200402,12
GA,1959,marine_hw,historical,0.1668470205,0.29711187,0.0391974,12
GA,1960,marine_hw,historical,0.15471515908333333,0.33951995,0.0,12
GA,1961,marine_hw,historical,0.22449569583333331,0.36778897,0.09740853,12
GA,1962,marine_hw,historical,0.16308471333333333,0.3032931,0.01981595,12
GA,1963,marine_hw,historical,0.07821003558333334,0.20300704,0.0,12
GA,1964,marine_hw,historical,0.11879423166666668,0.23204409,0.0,12
GA,1965,marine_hw,historical,0.16088494003333334,0.36065453,0.0,12
GA,1966,marine_hw,historical,0.12535310675,0.2802267,0.003770849,12
GA,1967,marine_hw,historical,0.14096916216666666,0.22884317,0.040278766,12
GA,1968,marine_hw,historical,0.1905296485,0.40820533,0.011508802,12
GA,1969,marine_hw,historical,0.17317286933333334,0.3524471,0.021751558,12
GA,1970,marine_hw,historical,0.15717817516666666,0.28930205,0.026551858,12
GA,1971,marine_hw,historical,0.13367522616666666,0.25852293,0.007504648,12
GA,1972,marine_hw,historical,0.14987820191666668,0.25320047,0.018315349,12
GA,1973,marine_hw,historical,0.19761177633333335,0.39917085,0.028239466,12
GA,1974,marine_hw,historical,0.15961155808333335,0.31646898,0.024052843,12
GA,1975,marine_hw,historical,0.17206055358333336,0.33970696,0.033861496,12
GA,1976,marine_hw,historical,0.15946037616666667,0.31172296,0.0,12
GA,1977,marine_hw,historical,0.21439069225,0.37887055,0.057480577,12
GA,1978,marine_hw,historical,0.1810210960833333,0.30688074,0.053125843,12
GA,1979,marine_hw,historical,0.14222277419166668,0.26958996,0.0013769689,12
GA,1980,marine_hw,historical,0.16308279533333334,0.33513343,0.0,12
GA,1981,marine_hw,historical,0.22146560583333333,0.41823292,0.06794955,12
GA,1982,marine_hw,historical,0.1323754305,0.29303584,0.003942424,12
GA,1983,marine_hw,historical,0.10998057903333334,0.20302248,0.0037817424,12
GA,1984,marine_hw,historical,0.17070142788966666,0.311693,8.2439976e-05,12
GA,1985,marine_hw,historical,0.21769088033333336,0.39333093,0.054676544,12
GA,1986,marine_hw,historical,0.15664254083333332,0.28316072,0.04700089,12
GA,1987,marine_hw,historical,0.16437518441666668,0.30021566,0.022058398,12
GA,1988,marine_hw,historical,0.20978107908333332,0.41526353,0.016697813,12
GA,1989,marine_hw,historical,0.19829044183333333,0.37562606,0.03953074,12
GA,1990,marine_hw,historical,0.19547666458333335,0.29797065,0.081871465,12
GA,1991,marine_hw,historical,0.16971522333333333,0.32538813,0.04517711,12
GA,1992,marine_hw,historical,0.15542990566666667,0.2998516,0.019135267,12
GA,1993,marine_hw,historical,0.18758631458333333,0.4049926,0.017648283,12
GA,1994,marine_hw,historical,0.23127063633333333,0.39915544,0.077244386,12
GA,1995,marine_hw,historical,0.18448096333333333,0.3082824,0.07186383,12
GA,1996,marine_hw,historical,0.15579030858333334,0.29494676,0.025636053,12
GA,1997,marine_hw,historical,0.24057210008333332,0.43109196,0.028167011,12
GA,1998,marine_hw,historical,0.23661087133333333,0.38285762,0.086998746,12
GA,1999,marine_hw,historical,0.16520858675,0.28724405,0.046217453,12
GA,2000,marine_hw,historical,0.20089172249999998,0.3419465,0.062852964,12
GA,2001,marine_hw,historical,0.2050174145,0.38668036,0.014398344,12
GA,2002,marine_hw,historical,0.2609829225,0.4797066,0.04984975,12
GA,2003,marine_hw,historical,0.18574631166666666,0.34623498,0.03507705,12
GA,2004,marine_hw,historical,0.17692901733333333,0.32309684,0.056511953,12
GA,2005,marine_hw,historical,0.18160302591666666,0.3155421,0.035969418,12
GA,2006,marine_hw,historical,0.24961153108333334,0.43433285,0.062045023,12
GA,2007,marine_hw,historical,0.23780796466666665,0.37063676,0.08252417,12
GA,2008,marine_hw,historical,0.25338731666666664,0.39220163,0.10917096,12
GA,2009,marine_hw,historical,0.24483391833333334,0.4029591,0.04194368,12
GA,2010,marine_hw,historical,0.25402764908333336,0.4438693,0.049785294,12
GA,2011,marine_hw,historical,0.26181235416666665,0.40742645,0.13376155,12
GA,2012,marine_hw,historical,0.23505042916666666,0.36795056,0.13258594,12
GA,2013,marine_hw,historical,0.20568297283333334,0.32075652,0.071959324,12
GA,2014,marine_hw,historical,0.26138877958333334,0.4516192,0.07758391,12
GB,1850,marine_hw,historical,0.0,0.0,0.0,12
GB,1851,marine_hw,historical,0.0,0.0,0.0,12
GB,1852,marine_hw,historical,0.0,0.0,0.0,12
GB,1853,marine_hw,historical,0.0,0.0,0.0,12
GB,1854,marine_hw,historical,0.0,0.0,0.0,12
GB,1855,marine_hw,historical,0.0,0.0,0.0,12
GB,1856,marine_hw,historical,0.0,0.0,0.0,12
GB,1857,marine_hw,historical,0.0,0.0,0.0,12
GB,1858,marine_hw,historical,0.0,0.0,0.0,12
GB,1859,marine_hw,historical,0.0,0.0,0.0,12
GB,1860,marine_hw,historical,0.0,0.0,0.0,12
GB,1861,marine_hw,historical,0.0,0.0,0.0,12
GB,1862,marine_hw,historical,0.0,0.0,0.0,12
GB,1863,marine_hw,historical,0.0,0.0,0.0,12
GB,1864,marine_hw,historical,0.0,0.0,0.0,12
GB,1865,marine_hw,historical,0.0,0.0,0.0,12
GB,1866,marine_hw,historical,0.0,0.0,0.0,12
GB,1867,marine_hw,historical,0.0,0.0,0.0,12
GB,1868,marine_hw,historical,0.0,0.0,0.0,12
GB,1869,marine_hw,historical,0.0,0.0,0.0,12
GB,1870,marine_hw,historical,0.0,0.0,0.0,12
GB,1871,marine_hw,historical,0.0,0.0,0.0,12
GB,1872,marine_hw,historical,0.0,0.0,0.0,12
GB,1873,marine_hw,historical,0.0,0.0,0.0,12
GB,1874,marine_hw,historical,0.0,0.0,0.0,12
GB,1875,marine_hw,historical,0.0,0.0,0.0,12
GB,1876,marine_hw,historical,0.0,0.0,0.0,12
GB,1877,marine_hw,historical,0.0,0.0,0.0,12
GB,1878,marine_hw,historical,0.0,0.0,0.0,12
GB,1879,marine_hw,historical,0.0,0.0,0.0,12
GB,1880,marine_hw,historical,0.0,0.0,0.0,12
GB,1881,marine_hw,historical,0.0,0.0,0.0,12
GB,1882,marine_hw,historical,0.0,0.0,0.0,12
GB,1883,marine_hw,historical,0.0,0.0,0.0,12
GB,1884,marine_hw,historical,0.0,0.0,0.0,12
GB,1885,marine_hw,historical,0.0,0.0,0.0,12
GB,1886,marine_hw,historical,0.0,0.0,0.0,12
GB,1887,marine_hw,historical,0.0,0.0,0.0,12
GB,1888,marine_hw,historical,0.0,0.0,0.0,12
GB,1889,marine_hw,historical,0.0,0.0,0.0,12
GB,1890,marine_hw,historical,0.0,0.0,0.0,12
GB,1891,marine_hw,historical,0.0,0.0,0.0,12
GB,1892,marine_hw,historical,0.0,0.0,0.0,12
GB,1893,marine_hw,historical,0.0,0.0,0.0,12
GB,1894,marine_hw,historical,0.0,0.0,0.0,12
GB,1895,marine_hw,historical,0.0,0.0,0.0,12
GB,1896,marine_hw,historical,0.0,0.0,0.0,12
GB,1897,marine_hw,historical,0.0,0.0,0.0,12
GB,1898,marine_hw,historical,0.0,0.0,0.0,12
GB,1899,marine_hw,historical,0.0,0.0,0.0,12
GB,1900,marine_hw,historical,0.0,0.0,0.0,12
GB,1901,marine_hw,historical,0.0,0.0,0.0,12
GB,1902,marine_hw,historical,0.0,0.0,0.0,12
GB,1903,marine_hw,historical,0.0,0.0,0.0,12
GB,1904,marine_hw,historical,0.0,0.0,0.0,12
GB,1905,marine_hw,historical,0.0,0.0,0.0,12
GB,1906,marine_hw,historical,0.0,0.0,0.0,12
GB,1907,marine_hw,historical,0.0,0.0,0.0,12
GB,1908,marine_hw,historical,0.0,0.0,0.0,12
GB,1909,marine_hw,historical,0.0,0.0,0.0,12
GB,1910,marine_hw,historical,0.0,0.0,0.0,12
GB,1911,marine_hw,historical,0.0,0.0,0.0,12
GB,1912,marine_hw,historical,0.0,0.0,0.0,12
GB,1913,marine_hw,historical,0.0,0.0,0.0,12
GB,1914,marine_hw,historical,0.0,0.0,0.0,12
GB,1915,marine_hw,historical,0.0,0.0,0.0,12
GB,1916,marine_hw,historical,0.0,0.0,0.0,12
GB,1917,marine_hw,historical,0.0,0.0,0.0,12
GB,1918,marine_hw,historical,0.0,0.0,0.0,12
GB,1919,marine_hw,historical,0.0,0.0,0.0,12
GB,1920,marine_hw,historical,0.0,0.0,0.0,12
GB,1921,marine_hw,historical,0.0,0.0,0.0,12
GB,1922,marine_hw,historical,0.0,0.0,0.0,12
GB,1923,marine_hw,historical,0.0,0.0,0.0,12
GB,1924,marine_hw,historical,0.0,0.0,0.0,12
GB,1925,marine_hw,historical,0.0,0.0,0.0,12
GB,1926,marine_hw,historical,0.0,0.0,0.0,12
GB,1927,marine_hw,historical,0.0,0.0,0.0,12
GB,1928,marine_hw,historical,0.0,0.0,0.0,12
GB,1929,marine_hw,historical,0.0,0.0,0.0,12
GB,1930,marine_hw,historical,0.0,0.0,0.0,12
GB,1931,marine_hw,historical,0.0,0.0,0.0,12
GB,1932,marine_hw,historical,0.0,0.0,0.0,12
GB,1933,marine_hw,historical,0.0,0.0,0.0,12
GB,1934,marine_hw,historical,0.0,0.0,0.0,12
GB,1935,marine_hw,historical,0.0,0.0,0.0,12
GB,1936,marine_hw,historical,0.0,0.0,0.0,12
GB,1937,marine_hw,historical,0.0,0.0,0.0,12
GB,1938,marine_hw,historical,0.0,0.0,0.0,12
GB,1939,marine_hw,historical,0.0,0.0,0.0,12
GB,1940,marine_hw,historical,0.0,0.0,0.0,12
GB,1941,marine_hw,historical,0.0,0.0,0.0,12
GB,1942,marine_hw,historical,0.0,0.0,0.0,12
GB,1943,marine_hw,historical,0.0,0.0,0.0,12
GB,1944,marine_hw,historical,0.0,0.0,0.0,12
GB,1945,marine_hw,historical,0.0,0.0,0.0,12
GB,1946,marine_hw,historical,0.0,0.0,0.0,12
GB,1947,marine_hw,historical,0.0,0.0,0.0,12
GB,1948,marine_hw,historical,0.0,0.0,0.0,12
GB,1949,marine_hw,historical,0.0,0.0,0.0,12
GB,1950,marine_hw,historical,0.0,0.0,0.0,12
GB,1951,marine_hw,historical,0.0,0.0,0.0,12
GB,1952,marine_hw,historical,0.0,0.0,0.0,12
GB,1953,marine_hw,historical,0.0,0.0,0.0,12
GB,1954,marine_hw,historical,0.0,0.0,0.0,12
GB,1955,marine_hw,historical,0.0,0.0,0.0,12
GB,1956,marine_hw,historical,0.0,0.0,0.0,12
GB,1957,marine_hw,historical,0.0,0.0,0.0,12
GB,1958,marine_hw,historical,0.0,0.0,0.0,12
GB,1959,marine_hw,historical,0.0,0.0,0.0,12
GB,1960,marine_hw,historical,0.0,0.0,0.0,12
GB,1961,marine_hw,historical,0.0,0.0,0.0,12
GB,1962,marine_hw,historical,0.0,0.0,0.0,12
GB,1963,marine_hw,historical,0.0,0.0,0.0,12
GB,1964,marine_hw,historical,0.0,0.0,0.0,12
GB,1965,marine_hw,historical,0.0,0.0,0.0,12
GB,1966,marine_hw,historical,0.0,0.0,0.0,12
GB,1967,marine_hw,historical,0.0,0.0,0.0,12
GB,1968,marine_hw,historical,0.0,0.0,0.0,12
GB,1969,marine_hw,historical,0.0,0.0,0.0,12
GB,1970,marine_hw,historical,0.0,0.0,0.0,12
GB,1971,marine_hw,historical,0.0,0.0,0.0,12
GB,1972,marine_hw,historical,0.0,0.0,0.0,12
GB,1973,marine_hw,historical,0.0,0.0,0.0,12
GB,1974,marine_hw,historical,0.0,0.0,0.0,12
GB,1975,marine_hw,historical,0.0,0.0,0.0,12
GB,1976,marine_hw,historical,0.0,0.0,0.0,12
GB,1977,marine_hw,historical,0.0,0.0,0.0,12
GB,1978,marine_hw,historical,0.0,0.0,0.0,12
GB,1979,marine_hw,historical,0.0,0.0,0.0,12
GB,1980,marine_hw,historical,0.0,0.0,0.0,12
GB,1981,marine_hw,historical,0.0,0.0,0.0,12
GB,1982,marine_hw,historical,0.0,0.0,0.0,12
GB,1983,marine_hw,historical,0.0,0.0,0.0,12
GB,1984,marine_hw,historical,0.0,0.0,0.0,12
GB,1985,marine_hw,historical,0.0,0.0,0.0,12
GB,1986,marine_hw,historical,0.0,0.0,0.0,12
GB,1987,marine_hw,historical,0.0,0.0,0.0,12
GB,1988,marine_hw,historical,0.0,0.0,0.0,12
GB,1989,marine_hw,historical,0.0,0.0,0.0,12
GB,1990,marine_hw,historical,0.0,0.0,0.0,12
GB,1991,marine_hw,historical,0.0,0.0,0.0,12
GB,1992,marine_hw,historical,0.0,0.0,0.0,12
GB,1993,marine_hw,historical,0.0,0.0,0.0,12
GB,1994,marine_hw,historical,0.0,0.0,0.0,12
GB,1995,marine_hw,historical,0.0,0.0,0.0,12
GB,1996,marine_hw,historical,0.0,0.0,0.0,12
GB,1997,marine_hw,historical,0.0,0.0,0.0,12
GB,1998,marine_hw,historical,0.0,0.0,0.0,12
GB,1999,marine_hw,historical,0.0,0.0,0.0,12
GB,2000,marine_hw,historical,0.0,0.0,0.0,12
GB,2001,marine_hw,historical,0.0,0.0,0.0,12
GB,2002,marine_hw,historical,0.0,0.0,0.0,12
GB,2003,marine_hw,historical,0.0,0.0,0.0,12
GB,2004,marine_hw,historical,0.0,0.0,0.0,12
GB,2005,marine_hw,historical,0.0,0.0,0.0,12
GB,2006,marine_hw,historical,0.0,0.0,0.0,12
GB,2007,marine_hw,historical,0.0,0.0,0.0,12
GB,2008,marine_hw,historical,0.0,0.0,0.0,12
GB,2009,marine_hw,historical,0.0,0.0,0.0,12
GB,2010,marine_hw,historical,0.0,0.0,0.0,12
GB,2011,marine_hw,historical,0.0,0.0,0.0,12
GB,2012,marine_hw,historical,0.0,0.0,0.0,12
GB,2013,marine_hw,historical,0.0,0.0,0.0,12
GB,2014,marine_hw,historical,0.0,0.0,0.0,12
GQ,1850,marine_hw,historical,0.1405282465277778,0.29337624,0.0,36
GQ,1851,marine_hw,historical,0.1250538524638889,0.29726893,0.0,36
GQ,1852,marine_hw,historical,0.13147737503333334,0.29833922,0.0,36
GQ,1853,marine_hw,historical,0.13975286080555555,0.31989866,0.0,36
GQ,1854,marine_hw,historical,0.11439495702027777,0.32202566,0.0,36
GQ,1855,marine_hw,historical,0.10316947195277777,0.27996343,0.0,36
GQ,1856,marine_hw,historical,0.11328153711111111,0.32127944,0.0,36
GQ,1857,marine_hw,historical,0.154672498075,0.3241,0.0,36
GQ,1858,marine_hw,historical,0.15174419220833332,0.31829095,0.0,36
GQ,1859,marine_hw,historical,0.11075300766666667,0.3183899,0.0,36
GQ,1860,marine_hw,historical,0.06735876240555555,0.21633816,0.0,36
GQ,1861,marine_hw,historical,0.0987317142611111,0.26882833,0.0,36
GQ,1862,marine_hw,historical,0.12395556178055554,0.3142376,0.0,36
GQ,1863,marine_hw,historical,0.12672783925083334,0.33883727,0.0,36
GQ,1864,marine_hw,historical,0.07979558744166666,0.24894649,0.0,36
GQ,1865,marine_hw,historical,0.10289942237222222,0.30607644,0.0,36
GQ,1866,marine_hw,historical,0.11463542941666666,0.3178806,0.0,36
GQ,1867,marine_hw,historical,0.16328741586111112,0.35978216,0.0,36
GQ,1868,marine_hw,historical,0.1714542629111111,0.3597921,0.0,36
GQ,1869,marine_hw,historical,0.09888579348055555,0.29882672,0.0,36
GQ,1870,marine_hw,historical,0.10074042466666666,0.2851216,0.0,36
GQ,1871,marine_hw,historical,0.14549179291666667,0.2872268,0.0,36
GQ,1872,marine_hw,historical,0.19375551226944443,0.38524425,0.0,36
GQ,1873,marine_hw,historical,0.144673727375,0.37386763,0.0,36
GQ,1874,marine_hw,historical,0.07942804697777778,0.2767616,0.0,36
GQ,1875,marine_hw,historical,0.09737927781944444,0.28033203,0.0,36
GQ,1876,marine_hw,historical,0.15656792076666667,0.39035517,0.0,36
GQ,1877,marine_hw,historical,0.12312955723888891,0.29906094,0.0,36
GQ,1878,marine_hw,historical,0.07163414726111111,0.27252033,0.0,36
GQ,1879,marine_hw,historical,0.08522981430555555,0.26504552,0.0,36
GQ,1880,marine_hw,historical,0.13118698369444445,0.32049328,0.0,36
GQ,1881,marine_hw,historical,0.15897502933333332,0.362432,0.0,36
GQ,1882,marine_hw,historical,0.11694635215277777,0.28444982,0.0,36
GQ,1883,marine_hw,historical,0.09464902354722221,0.30742452,0.0,36
GQ,1884,marine_hw,historical,0.09264626453944444,0.25183785,0.0,36
GQ,1885,marine_hw,historical,0.11432030470944445,0.28569984,0.0,36
GQ,1886,marine_hw,historical,0.15114323848055555,0.38329425,0.0,36
GQ,1887,marine_hw,historical,0.10680534252075,0.29705468,0.0,36
GQ,1888,marine_hw,historical,0.05386409677305556,0.22794172,0.0,36
GQ,1889,marine_hw,historical,0.10712818108333333,0.23578243,0.0,36
GQ,1890,marine_hw,historical,0.16331097016666668,0.33543026,0.0,36
GQ,1891,marine_hw,historical,0.16661476602777778,0.38433462,0.0,36
GQ,1892,marine_hw,historical,0.1492244772777778,0.3544497,0.0,36
GQ,1893,marine_hw,historical,0.09898086286111112,0.25067133,0.0,36
GQ,1894,marine_hw,historical,0.10238314774444444,0.2646715,0.0,36
GQ,1895,marine_hw,historical,0.15584562525,0.37592018,0.0,36
GQ,1896,marine_hw,historical,0.13430693011666667,0.3293126,0.0,36
GQ,1897,marine_hw,historical,0.10612798780277778,0.2932201,0.0,36
GQ,1898,marine_hw,historical,0.11575970640277777,0.30505878,0.0,36
GQ,1899,marine_hw,historical,0.15005306666666668,0.3384905,0.0,36
GQ,1900,marine_hw,historical,0.15184936481666667,0.35319874,0.0,36
GQ,1901,marine_hw,historical,0.13369261486725,0.3244631,0.0,36
GQ,1902,marine_hw,historical,0.14786443529166668,0.34988797,0.0,36
GQ,1903,marine_hw,historical,0.10547020491388888,0.30430892,0.0,36
GQ,1904,marine_hw,historical,0.09841107596944444,0.2766772,0.0,36
GQ,1905,marine_hw,historical,0.10030878019444445,0.25322407,0.0,36
GQ,1906,marine_hw,historical,0.14003422758333334,0.3249306,0.0,36
GQ,1907,marine_hw,historical,0.12050515540555555,0.3335012,0.0,36
GQ,1908,marine_hw,historical,0.1291561335,0.30238166,0.0,36
GQ,1909,marine_hw,historical,0.14006394337222222,0.34422782,0.0,36
GQ,1910,marine_hw,historical,0.12576138990277777,0.32875338,0.0,36
GQ,1911,marine_hw,historical,0.12402313088888889,0.333306,0.0,36
GQ,1912,marine_hw,historical,0.13622773572222224,0.31597513,0.0,36
GQ,1913,marine_hw,historical,0.13823790244444445,0.3317573,0.0,36
GQ,1914,marine_hw,historical,0.13987459634166666,0.34600893,0.0,36
GQ,1915,marine_hw,historical,0.12747127422222224,0.31133443,0.0,36
GQ,1916,marine_hw,historical,0.09602674700833333,0.26755103,0.0,36
GQ,1917,marine_hw,historical,0.12570077436944443,0.30608732,0.0,36
GQ,1918,marine_hw,historical,0.16321612341666666,0.33154577,0.0,36
GQ,1919,marine_hw,historical,0.17507154691666668,0.38451982,0.0,36
GQ,1920,marine_hw,historical,0.12930272206944443,0.3318826,0.0,36
GQ,1921,marine_hw,historical,0.11578745668333333,0.3069906,0.0,36
GQ,1922,marine_hw,historical,0.11136283408333332,0.3047456,0.0,36
GQ,1923,marine_hw,historical,0.14900207412222222,0.38680202,0.0,36
GQ,1924,marine_hw,historical,0.10437024117027777,0.25964135,0.0,36
GQ,1925,marine_hw,historical,0.11791236336111112,0.2717142,0.0,36
GQ,1926,marine_hw,historical,0.1440859252361111,0.31704453,0.0,36
GQ,1927,marine_hw,historical,0.181807362,0.36347598,0.0,36
GQ,1928,marine_hw,historical,0.1459301807111111,0.32787463,0.0,36
GQ,1929,marine_hw,historical,0.1058589008,0.25688708,0.0,36
GQ,1930,marine_hw,historical,0.12066680645833333,0.33158302,0.0,36
GQ,1931,marine_hw,historical,0.17409022191666668,0.3750859,0.0,36
GQ,1932,marine_hw,historical,0.1771567833611111,0.3938393,0.0,36
GQ,1933,marine_hw,historical,0.12329643608333335,0.27676433,0.0,36
GQ,1934,marine_hw,historical,0.11000607025,0.32861722,0.0,36
GQ,1935,marine_hw,historical,0.1502652147861111,0.35793838,0.0,36
GQ,1936,marine_hw,historical,0.15681887507777778,0.37213552,0.0,36
GQ,1937,marine_hw,historical,0.11381637722222221,0.2598002,0.0,36
GQ,1938,marine_hw,historical,0.1523163764027778,0.35463125,0.0,36
GQ,1939,marine_hw,historical,0.15948126419444444,0.3353032,0.0,36
GQ,1940,marine_hw,historical,0.14906039885833333,0.3250432,0.0,36
GQ,1941,marine_hw,historical,0.11753910245,0.28214943,0.0,36
GQ,1942,marine_hw,historical,0.15849633156666665,0.3033058,0.0,36
GQ,1943,marine_hw,historical,0.1588848036388889,0.32159716,0.0,36
GQ,1944,marine_hw,historical,0.17507695530555556,0.39260107,0.0,36
GQ,1945,marine_hw,historical,0.17345604197222222,0.41034684,0.0,36
GQ,1946,marine_hw,historical,0.15991118258333334,0.3378133,0.0,36
GQ,1947,marine_hw,historical,0.17777202452777777,0.3832162,0.0,36
GQ,1948,marine_hw,historical,0.12308567897222221,0.2680512,0.0,36
GQ,1949,marine_hw,historical,0.09451673980555556,0.26391888,0.0,36
GQ,1950,marine_hw,historical,0.1288106235,0.289135,0.0,36
GQ,1951,marine_hw,historical,0.19351327225833334,0.3962223,0.0,36
GQ,1952,marine_hw,historical,0.1677486713611111,0.40561628,0.0,36
GQ,1953,marine_hw,historical,0.11644141784444445,0.3057233,0.0,36
GQ,1954,marine_hw,historical,0.11729520995277778,0.30601108,0.0,36
GQ,1955,marine_hw,historical,0.13513643916666665,0.38524786,0.0,36
GQ,1956,marine_hw,historical,0.1207838337611111,0.23943453,0.0,36
GQ,1957,marine_hw,historical,0.18148259194444444,0.41843992,0.0,36
GQ,1958,marine_hw,historical,0.14998116151666668,0.33618832,0.0,36
GQ,1959,marine_hw,historical,0.15277995775,0.3429124,0.0,36
GQ,1960,marine_hw,historical,0.15461937175972224,0.38252628,0.0,36
GQ,1961,marine_hw,historical,0.1989342885275,0.38302645,0.0,36
GQ,1962,marine_hw,historical,0.136812369825,0.38053998,0.0,36
GQ,1963,marine_hw,historical,0.069989805575,0.24953476,0.0,36
GQ,1964,marine_hw,historical,0.11701425233611112,0.30661386,0.0,36
GQ,1965,marine_hw,historical,0.15253046642499998,0.37484896,0.0,36
GQ,1966,marine_hw,historical,0.10240696185,0.28620458,0.0,36
GQ,1967,marine_hw,historical,0.12498145130555555,0.26779342,0.0,36
GQ,1968,marine_hw,historical,0.17546336619722222,0.37634593,0.0,36
GQ,1969,marine_hw,historical,0.1515436774638889,0.35901684,0.0,36
GQ,1970,marine_hw,historical,0.1303023298888889,0.32946602,0.0,36
GQ,1971,marine_hw,historical,0.11095064013888889,0.32691962,0.0,36
GQ,1972,marine_hw,historical,0.13100400319166666,0.29200637,0.0,36
GQ,1973,marine_hw,historical,0.182220843,0.42085648,0.0,36
GQ,1974,marine_hw,historical,0.13877568867222223,0.30368167,0.0,36
GQ,1975,marine_hw,historical,0.14038463099999998,0.35861015,0.0,36
GQ,1976,marine_hw,historical,0.14852621609444444,0.3432828,0.0,36
GQ,1977,marine_hw,historical,0.1843720846472222,0.3887202,0.0,36
GQ,1978,marine_hw,historical,0.1505891492361111,0.34076908,0.0,36
GQ,1979,marine_hw,historical,0.12674072044444445,0.295466,0.0,36
GQ,1980,marine_hw,historical,0.1483799675513889,0.31439555,0.0,36
GQ,1981,marine_hw,historical,0.1819547568888889,0.41303575,0.0,36
GQ,1982,marine_hw,historical,0.10532570743055555,0.29723442,0.0,36
GQ,1983,marine_hw,historical,0.09090312977777777,0.23157385,0.0,36
GQ,1984,marine_hw,historical,0.1714327569722222,0.36554307,0.0,36
GQ,1985,marine_hw,historical,0.18992170597222222,0.3834014,0.0,36
GQ,1986,marine_hw,historical,0.12673468304166666,0.32954317,0.0,36
GQ,1987,marine_hw,historical,0.14749634095,0.30906403,0.0,36
GQ,1988,marine_hw,historical,0.189614218,0.39115405,0.0,36
GQ,1989,marine_hw,historical,0.17549205721666666,0.39084992,0.0,36
GQ,1990,marine_hw,historical,0.16112416380555555,0.32667905,0.0,36
GQ,1991,marine_hw,historical,0.13757084234166667,0.31966445,0.0,36
GQ,1992,marine_hw,historical,0.13380072083333333,0.32254037,0.0,36
GQ,1993,marine_hw,historical,0.17404463966666667,0.39946952,0.0,36
GQ,1994,marine_hw,historical,0.19849415782500002,0.4130684,0.0,36
GQ,1995,marine_hw,historical,0.1492528801388889,0.37440413,0.0,36
GQ,1996,marine_hw,historical,0.14055326309166669,0.2919183,0.0,36
GQ,1997,marine_hw,historical,0.21447078663055555,0.42477095,0.0,36
GQ,1998,marine_hw,historical,0.19576459154166667,0.40004873,0.0,36
GQ,1999,marine_hw,historical,0.1268078873611111,0.3085157,0.0,36
GQ,2000,marine_hw,historical,0.1674026919722222,0.34455916,0.0,36
GQ,2001,marine_hw,historical,0.19982157873055556,0.40270492,0.0,36
GQ,2002,marine_hw,historical,0.2276067052376389,0.4511,0.0,36
GQ,2003,marine_hw,historical,0.15313083444444445,0.44001207,0.0,36
GQ,2004,marine_hw,historical,0.1429053464361111,0.34357876,0.0,36
GQ,2005,marine_hw,historical,0.1535662323611111,0.32547167,0.0,36
GQ,2006,marine_hw,historical,0.23994459980555558,0.4637728,0.0,36
GQ,2007,marine_hw,historical,0.2106762467222222,0.38273507,0.0,36
GQ,2008,marine_hw,historical,0.22121929680555555,0.42256224,0.0,36
GQ,2009,marine_hw,historical,0.22123380783333332,0.4152744,0.0,36
GQ,2010,marine_hw,historical,0.21178899208333332,0.44859344,0.0,36
GQ,2011,marine_hw,historical,0.2091487060277778,0.42119783,0.0,36
GQ,2012,marine_hw,historical,0.18368041086944445,0.38723686,0.0,36
GQ,2013,marine_hw,historical,0.17501365260555557,0.3466217,0.0,36
GQ,2014,marine_hw,historical,0.2386531985833333,0.44454563,0.0,36
GR,1850,marine_hw,historical,0.0,0.0,0.0,36
GR,1851,marine_hw,historical,0.0,0.0,0.0,36
GR,1852,marine_hw,historical,0.0,0.0,0.0,36
GR,1853,marine_hw,historical,0.0,0.0,0.0,36
GR,1854,marine_hw,historical,0.0,0.0,0.0,36
GR,1855,marine_hw,historical,0.0,0.0,0.0,36
GR,1856,marine_hw,historical,0.0,0.0,0.0,36
GR,1857,marine_hw,historical,0.0,0.0,0.0,36
GR,1858,marine_hw,historical,0.0,0.0,0.0,36
GR,1859,marine_hw,historical,0.0,0.0,0.0,36
GR,1860,marine_hw,historical,0.0,0.0,0.0,36
GR,1861,marine_hw,historical,0.0,0.0,0.0,36
GR,1862,marine_hw,historical,0.0,0.0,0.0,36
GR,1863,marine_hw,historical,0.0,0.0,0.0,36
GR,1864,marine_hw,historical,0.0,0.0,0.0,36
GR,1865,marine_hw,historical,0.0,0.0,0.0,36
GR,1866,marine_hw,historical,0.0,0.0,0.0,36
GR,1867,marine_hw,historical,0.0,0.0,0.0,36
GR,1868,marine_hw,historical,0.0,0.0,0.0,36
GR,1869,marine_hw,historical,0.0,0.0,0.0,36
GR,1870,marine_hw,historical,0.0,0.0,0.0,36
GR,1871,marine_hw,historical,0.0,0.0,0.0,36
GR,1872,marine_hw,historical,0.0,0.0,0.0,36
GR,1873,marine_hw,historical,0.0,0.0,0.0,36
GR,1874,marine_hw,historical,0.0,0.0,0.0,36
GR,1875,marine_hw,historical,0.0,0.0,0.0,36
GR,1876,marine_hw,historical,0.0,0.0,0.0,36
GR,1877,marine_hw,historical,0.0,0.0,0.0,36
GR,1878,marine_hw,historical,0.0,0.0,0.0,36
GR,1879,marine_hw,historical,0.0,0.0,0.0,36
GR,1880,marine_hw,historical,0.0,0.0,0.0,36
GR,1881,marine_hw,historical,0.0,0.0,0.0,36
GR,1882,marine_hw,historical,0.0,0.0,0.0,36
GR,1883,marine_hw,historical,0.0,0.0,0.0,36
GR,1884,marine_hw,historical,0.0,0.0,0.0,36
GR,1885,marine_hw,historical,0.0,0.0,0.0,36
GR,1886,marine_hw,historical,0.0,0.0,0.0,36
GR,1887,marine_hw,historical,0.0,0.0,0.0,36
GR,1888,marine_hw,historical,0.0,0.0,0.0,36
GR,1889,marine_hw,historical,0.0,0.0,0.0,36
GR,1890,marine_hw,historical,0.0,0.0,0.0,36
GR,1891,marine_hw,historical,0.0,0.0,0.0,36
GR,1892,marine_hw,historical,0.0,0.0,0.0,36
GR,1893,marine_hw,historical,0.0,0.0,0.0,36
GR,1894,marine_hw,historical,0.0,0.0,0.0,36
GR,1895,marine_hw,historical,0.0,0.0,0.0,36
GR,1896,marine_hw,historical,0.0,0.0,0.0,36
GR,1897,marine_hw,historical,0.0,0.0,0.0,36
GR,1898,marine_hw,historical,0.0,0.0,0.0,36
GR,1899,marine_hw,historical,0.0,0.0,0.0,36
GR,1900,marine_hw,historical,0.0,0.0,0.0,36
GR,1901,marine_hw,historical,0.0,0.0,0.0,36
GR,1902,marine_hw,historical,0.0,0.0,0.0,36
GR,1903,marine_hw,historical,0.0,0.0,0.0,36
GR,1904,marine_hw,historical,0.0,0.0,0.0,36
GR,1905,marine_hw,historical,0.0,0.0,0.0,36
GR,1906,marine_hw,historical,0.0,0.0,0.0,36
GR,1907,marine_hw,historical,0.0,0.0,0.0,36
GR,1908,marine_hw,historical,0.0,0.0,0.0,36
GR,1909,marine_hw,historical,0.0,0.0,0.0,36
GR,1910,marine_hw,historical,0.0,0.0,0.0,36
GR,1911,marine_hw,historical,0.0,0.0,0.0,36
GR,1912,marine_hw,historical,0.0,0.0,0.0,36
GR,1913,marine_hw,historical,0.0,0.0,0.0,36
GR,1914,marine_hw,historical,0.0,0.0,0.0,36
GR,1915,marine_hw,historical,0.0,0.0,0.0,36
GR,1916,marine_hw,historical,0.0,0.0,0.0,36
GR,1917,marine_hw,historical,0.0,0.0,0.0,36
GR,1918,marine_hw,historical,0.0,0.0,0.0,36
GR,1919,marine_hw,historical,0.0,0.0,0.0,36
GR,1920,marine_hw,historical,0.0,0.0,0.0,36
GR,1921,marine_hw,historical,0.0,0.0,0.0,36
GR,1922,marine_hw,historical,0.0,0.0,0.0,36
GR,1923,marine_hw,historical,0.0,0.0,0.0,36
GR,1924,marine_hw,historical,0.0,0.0,0.0,36
GR,1925,marine_hw,historical,0.0,0.0,0.0,36
GR,1926,marine_hw,historical,0.0,0.0,0.0,36
GR,1927,marine_hw,historical,0.0,0.0,0.0,36
GR,1928,marine_hw,historical,0.0,0.0,0.0,36
GR,1929,marine_hw,historical,0.0,0.0,0.0,36
GR,1930,marine_hw,historical,0.0,0.0,0.0,36
GR,1931,marine_hw,historical,0.0,0.0,0.0,36
GR,1932,marine_hw,historical,0.0,0.0,0.0,36
GR,1933,marine_hw,historical,0.0,0.0,0.0,36
GR,1934,marine_hw,historical,0.0,0.0,0.0,36
GR,1935,marine_hw,historical,0.0,0.0,0.0,36
GR,1936,marine_hw,historical,0.0,0.0,0.0,36
GR,1937,marine_hw,historical,0.0,0.0,0.0,36
GR,1938,marine_hw,historical,0.0,0.0,0.0,36
GR,1939,marine_hw,historical,0.0,0.0,0.0,36
GR,1940,marine_hw,historical,0.0,0.0,0.0,36
GR,1941,marine_hw,historical,0.0,0.0,0.0,36
GR,1942,marine_hw,historical,0.0,0.0,0.0,36
GR,1943,marine_hw,historical,0.0,0.0,0.0,36
GR,1944,marine_hw,historical,0.0,0.0,0.0,36
GR,1945,marine_hw,historical,0.0,0.0,0.0,36
GR,1946,marine_hw,historical,0.0,0.0,0.0,36
GR,1947,marine_hw,historical,0.0,0.0,0.0,36
GR,1948,marine_hw,historical,0.0,0.0,0.0,36
GR,1949,marine_hw,historical,0.0,0.0,0.0,36
GR,1950,marine_hw,historical,0.0,0.0,0.0,36
GR,1951,marine_hw,historical,0.0,0.0,0.0,36
GR,1952,marine_hw,historical,0.0,0.0,0.0,36
GR,1953,marine_hw,historical,0.0,0.0,0.0,36
GR,1954,marine_hw,historical,0.0,0.0,0.0,36
GR,1955,marine_hw,historical,0.0,0.0,0.0,36
GR,1956,marine_hw,historical,0.0,0.0,0.0,36
GR,1957,marine_hw,historical,0.0,0.0,0.0,36
GR,1958,marine_hw,historical,0.0,0.0,0.0,36
GR,1959,marine_hw,historical,0.0,0.0,0.0,36
GR,1960,marine_hw,historical,0.0,0.0,0.0,36
GR,1961,marine_hw,historical,0.0,0.0,0.0,36
GR,1962,marine_hw,historical,0.0,0.0,0.0,36
GR,1963,marine_hw,historical,0.0,0.0,0.0,36
GR,1964,marine_hw,historical,0.0,0.0,0.0,36
GR,1965,marine_hw,historical,0.0,0.0,0.0,36
GR,1966,marine_hw,historical,0.0,0.0,0.0,36
GR,1967,marine_hw,historical,0.0,0.0,0.0,36
GR,1968,marine_hw,historical,0.0,0.0,0.0,36
GR,1969,marine_hw,historical,0.0,0.0,0.0,36
GR,1970,marine_hw,historical,0.0,0.0,0.0,36
GR,1971,marine_hw,historical,0.0,0.0,0.0,36
GR,1972,marine_hw,historical,0.0,0.0,0.0,36
GR,1973,marine_hw,historical,0.0,0.0,0.0,36
GR,1974,marine_hw,historical,0.0,0.0,0.0,36
GR,1975,marine_hw,historical,0.0,0.0,0.0,36
GR,1976,marine_hw,historical,0.0,0.0,0.0,36
GR,1977,marine_hw,historical,0.0,0.0,0.0,36
GR,1978,marine_hw,historical,0.0,0.0,0.0,36
GR,1979,marine_hw,historical,0.0,0.0,0.0,36
GR,1980,marine_hw,historical,0.0,0.0,0.0,36
GR,1981,marine_hw,historical,0.0,0.0,0.0,36
GR,1982,marine_hw,historical,0.0,0.0,0.0,36
GR,1983,marine_hw,historical,0.0,0.0,0.0,36
GR,1984,marine_hw,historical,0.0,0.0,0.0,36
GR,1985,marine_hw,historical,0.0,0.0,0.0,36
GR,1986,marine_hw,historical,0.0,0.0,0.0,36
GR,1987,marine_hw,historical,0.0,0.0,0.0,36
GR,1988,marine_hw,historical,0.0,0.0,0.0,36
GR,1989,marine_hw,historical,0.0,0.0,0.0,36
GR,1990,marine_hw,historical,0.0,0.0,0.0,36
GR,1991,marine_hw,historical,0.0,0.0,0.0,36
GR,1992,marine_hw,historical,0.0,0.0,0.0,36
GR,1993,marine_hw,historical,0.0,0.0,0.0,36
GR,1994,marine_hw,historical,0.0,0.0,0.0,36
GR,1995,marine_hw,historical,0.0,0.0,0.0,36
GR,1996,marine_hw,historical,0.0,0.0,0.0,36
GR,1997,marine_hw,historical,0.0,0.0,0.0,36
GR,1998,marine_hw,historical,0.0,0.0,0.0,36
GR,1999,marine_hw,historical,0.0,0.0,0.0,36
GR,2000,marine_hw,historical,0.0,0.0,0.0,36
GR,2001,marine_hw,historical,0.0,0.0,0.0,36
GR,2002,marine_hw,historical,0.0,0.0,0.0,36
GR,2003,marine_hw,historical,0.0,0.0,0.0,36
GR,2004,marine_hw,historical,0.0,0.0,0.0,36
GR,2005,marine_hw,historical,0.0,0.0,0.0,36
GR,2006,marine_hw,historical,0.0,0.0,0.0,36
GR,2007,marine_hw,historical,0.0,0.0,0.0,36
GR,2008,marine_hw,historical,0.0,0.0,0.0,36
GR,2009,marine_hw,historical,0.0,0.0,0.0,36
GR,2010,marine_hw,historical,0.0,0.0,0.0,36
GR,2011,marine_hw,historical,0.0,0.0,0.0,36
GR,2012,marine_hw,historical,0.0,0.0,0.0,36
GR,2013,marine_hw,historical,0.0,0.0,0.0,36
GR,2014,marine_hw,historical,0.0,0.0,0.0,36
GU,1850,marine_hw,historical,0.048277512558333326,0.16048822,0.0,24
GU,1851,marine_hw,historical,0.027161370491666666,0.12902918,0.0,24
GU,1852,marine_hw,historical,0.03762612895833333,0.1129456,0.0,24
GU,1853,marine_hw,historical,0.051212983375,0.17185757,0.0,24
GU,1854,marine_hw,historical,0.040731980583333334,0.10078193,0.0,24
GU,1855,marine_hw,historical,0.0223372765125,0.10206375,0.0,24
GU,1856,marine_hw,historical,0.030586073583333335,0.16352847,0.0,24
GU,1857,marine_hw,historical,0.054930075833333335,0.16158395,0.0,24
GU,1858,marine_hw,historical,0.0288616875375,0.10499052,0.0,24
GU,1859,marine_hw,historical,0.05030274073333333,0.1418619,0.0,24
GU,1860,marine_hw,historical,0.04164246083958333,0.12719631,0.0,24
GU,1861,marine_hw,historical,0.0047229558775,0.029799812,0.0,24
GU,1862,marine_hw,historical,0.043102141937500005,0.15544266,0.0,24
GU,1863,marine_hw,historical,0.07201783104166666,0.1779317,0.0,24
GU,1864,marine_hw,historical,0.045193392150000004,0.13893877,0.0,24
GU,1865,marine_hw,historical,0.04952467798750001,0.14444098,0.0,24
GU,1866,marine_hw,historical,0.03787274172083333,0.11803022,0.0,24
GU,1867,marine_hw,historical,0.03327700891666666,0.13021386,0.0,24
GU,1868,marine_hw,historical,0.098504881,0.20428888,0.0,24
GU,1869,marine_hw,historical,0.057247226882083335,0.15193218,0.0,24
GU,1870,marine_hw,historical,0.0193253972375,0.067331165,0.0,24
GU,1871,marine_hw,historical,0.034566259,0.19161502,0.0,24
GU,1872,marine_hw,historical,0.07259097308333333,0.19068089,0.0,24
GU,1873,marine_hw,historical,0.05419548109583333,0.12521367,0.0,24
GU,1874,marine_hw,historical,0.04767467320833333,0.1037205,0.0,24
GU,1875,marine_hw,historical,0.015627160541666667,0.10766218,0.0,24
GU,1876,marine_hw,historical,0.07208271635833334,0.1869489,0.0,24
GU,1877,marine_hw,historical,0.043417700720833334,0.09746754,0.0,24
GU,1878,marine_hw,historical,0.030490841422916668,0.10490791,0.0,24
GU,1879,marine_hw,historical,0.025441430454166667,0.112031445,0.0,24
GU,1880,marine_hw,historical,0.050126745,0.14748937,0.0,24
GU,1881,marine_hw,historical,0.08074715320833332,0.21457611,0.0,24
GU,1882,marine_hw,historical,0.057998477754166666,0.13513324,0.0,24
GU,1883,marine_hw,historical,0.023574764979166666,0.06642154,0.0,24
GU,1884,marine_hw,historical,0.02373836175833333,0.113397695,0.0,24
GU,1885,marine_hw,historical,0.037939607374999997,0.15860362,0.0,24
GU,1886,marine_hw,historical,0.06370295452083334,0.17520465,0.0,24
GU,1887,marine_hw,historical,0.059187894875,0.14596154,0.0,24
GU,1888,marine_hw,historical,0.028651618379166664,0.09168029,0.0,24
GU,1889,marine_hw,historical,0.009582732495416666,0.0894362,0.0,24
GU,1890,marine_hw,historical,0.042189841166666665,0.17009734,0.0,24
GU,1891,marine_hw,historical,0.061363850750000004,0.1940561,0.0,24
GU,1892,marine_hw,historical,0.0590737583875,0.1758982,0.0,24
GU,1893,marine_hw,historical,0.05579272553333333,0.13240075,0.0,24
GU,1894,marine_hw,historical,0.025161536416666668,0.08395397,0.0,24
GU,1895,marine_hw,historical,0.04605826221116666,0.15036257,0.0,24
GU,1896,marine_hw,historical,0.06418344883333334,0.16460966,0.0,24
GU,1897,marine_hw,historical,0.06144970452916667,0.20656747,0.0,24
GU,1898,marine_hw,historical,0.01767424545458333,0.11692724,0.0,24
GU,1899,marine_hw,historical,0.03825795362083333,0.17443119,0.0,24
GU,1900,marine_hw,historical,0.063432107,0.17096429,0.0,24
GU,1901,marine_hw,historical,0.03662080425,0.14480682,0.0,24
GU,1902,marine_hw,historical,0.03910490341666666,0.17391282,0.0,24
GU,1903,marine_hw,historical,0.044406710875,0.13483186,0.0,24
GU,1904,marine_hw,historical,0.03611163252083333,0.10620062,0.0,24
GU,1905,marine_hw,historical,0.025282179404166664,0.12970912,0.0,24
GU,1906,marine_hw,historical,0.035310972541666666,0.10412902,0.0,24
GU,1907,marine_hw,historical,0.061664286504166665,0.14626022,0.0,24
GU,1908,marine_hw,historical,0.0196170716,0.11435361,0.0,24
GU,1909,marine_hw,historical,0.045940648423333334,0.13893422,0.0,24
GU,1910,marine_hw,historical,0.05038395397916667,0.12986436,0.0,24
GU,1911,marine_hw,historical,0.0433943356875,0.12717089,0.002038588,24
GU,1912,marine_hw,historical,0.044913313379166674,0.16550657,0.0,24
GU,1913,marine_hw,historical,0.043076921666666664,0.13682812,0.0,24
GU,1914,marine_hw,historical,0.08027846591666667,0.22490783,0.0,24
GU,1915,marine_hw,historical,0.073741868625,0.1732674,0.0,24
GU,1916,marine_hw,historical,0.0426067151225,0.1401743,0.0,24
GU,1917,marine_hw,historical,0.029078839541666665,0.0998006,0.0,24
GU,1918,marine_hw,historical,0.03802206675,0.17952943,0.0,24
GU,1919,marine_hw,historical,0.07616245020833333,0.1898212,0.0,24
GU,1920,marine_hw,historical,0.072378161685,0.19145435,0.0,24
GU,1921,marine_hw,historical,0.07200822317569167,0.14808398,0.0,24
GU,1922,marine_hw,historical,0.026489545352083334,0.14415228,0.0,24
GU,1923,marine_hw,historical,0.07127175844166667,0.20070577,0.0,24
GU,1924,marine_hw,historical,0.09366557081666667,0.17950854,0.0037216572,24
GU,1925,marine_hw,historical,0.031643295054166666,0.1326477,0.0,24
GU,1926,marine_hw,historical,0.0260906275,0.08766598,0.0,24
GU,1927,marine_hw,historical,0.079789519475,0.2142384,0.0,24
GU,1928,marine_hw,historical,0.07433653093291667,0.20312144,0.0,24
GU,1929,marine_hw,historical,0.015566446729166667,0.06561723,0.0,24
GU,1930,marine_hw,historical,0.032028933749999995,0.14607683,0.0,24
GU,1931,marine_hw,historical,0.055712290500000004,0.15791914,0.0,24
GU,1932,marine_hw,historical,0.08190732331666667,0.18359911,0.0,24
GU,1933,marine_hw,historical,0.05504717487916667,0.14227676,0.0,24
GU,1934,marine_hw,historical,0.03686316896041667,0.11778057,0.0,24
GU,1935,marine_hw,historical,0.046058767723750005,0.18016125,0.0,24
GU,1936,marine_hw,historical,0.081938721,0.17319568,0.0,24
GU,1937,marine_hw,historical,0.04763613075,0.1330335,0.0,24
GU,1938,marine_hw,historical,0.036594632125,0.121134005,0.0,24
GU,1939,marine_hw,historical,0.0805223775,0.20273745,0.0,24
GU,1940,marine_hw,historical,0.07363176331666667,0.13929826,0.0,24
GU,1941,marine_hw,historical,0.05178749876666667,0.1764084,0.0,24
GU,1942,marine_hw,historical,0.050910877609999995,0.13946801,0.0,24
GU,1943,marine_hw,historical,0.020262873104166666,0.09036216,0.0,24
GU,1944,marine_hw,historical,0.05224499754166667,0.19668601,0.0,24
GU,1945,marine_hw,historical,0.051350291,0.15687698,0.0,24
GU,1946,marine_hw,historical,0.038865628958333336,0.14554939,0.0,24
GU,1947,marine_hw,historical,0.08552450641666666,0.21507722,0.0,24
GU,1948,marine_hw,historical,0.071653934175,0.16428012,0.0,24
GU,1949,marine_hw,historical,0.05995010806158333,0.15566596,0.0,24
GU,1950,marine_hw,historical,0.036010122275,0.11562726,0.0,24
GU,1951,marine_hw,historical,0.060447371458333336,0.17653549,0.0,24
GU,1952,marine_hw,historical,0.11151319204166667,0.23713867,0.0,24
GU,1953,marine_hw,historical,0.07212519854166667,0.15898672,0.014861323,24
GU,1954,marine_hw,historical,0.041434843208333336,0.15876976,0.0,24
GU,1955,marine_hw,historical,0.071926347125,0.19474787,0.0,24
GU,1956,marine_hw,historical,0.08019226358333333,0.21227393,0.0,24
GU,1957,marine_hw,historical,0.07045862731666667,0.15124768,0.0,24
GU,1958,marine_hw,historical,0.05652177080416667,0.15551436,0.0,24
GU,1959,marine_hw,historical,0.035722812916666666,0.1360692,0.0,24
GU,1960,marine_hw,historical,0.0631552673375,0.1887745,0.0,24
GU,1961,marine_hw,historical,0.10103169754166667,0.23617005,0.0,24
GU,1962,marine_hw,historical,0.06854820604166667,0.14777261,0.007981983,24
GU,1963,marine_hw,historical,0.03340284185583333,0.12549418,0.0,24
GU,1964,marine_hw,historical,0.020574176125,0.09535054,0.0,24
GU,1965,marine_hw,historical,0.06733641929166667,0.16433278,0.0,24
GU,1966,marine_hw,historical,0.04892657646666667,0.099881396,0.0,24
GU,1967,marine_hw,historical,0.03494432401666667,0.12561311,0.0,24
GU,1968,marine_hw,historical,0.03921770044583333,0.14626656,0.0,24
GU,1969,marine_hw,historical,0.08514681508333333,0.25090465,0.0,24
GU,1970,marine_hw,historical,0.04777120881666667,0.14530882,0.0,24
GU,1971,marine_hw,historical,0.03467928063333333,0.10486524,0.0,24
GU,1972,marine_hw,historical,0.032433650475,0.1646024,0.0,24
GU,1973,marine_hw,historical,0.08396454537499999,0.20761417,0.0,24
GU,1974,marine_hw,historical,0.0707328676775,0.16764353,0.0,24
GU,1975,marine_hw,historical,0.052387278875,0.15793458,0.0,24
GU,1976,marine_hw,historical,0.035003210641666664,0.09361301,0.0,24
GU,1977,marine_hw,historical,0.06920167108333333,0.19782895,0.0,24
GU,1978,marine_hw,historical,0.06006256504166666,0.17891394,0.0,24
GU,1979,marine_hw,historical,0.03293945869583333,0.11495911,0.0,24
GU,1980,marine_hw,historical,0.04631734766666667,0.1970918,0.0,24
GU,1981,marine_hw,historical,0.07061780091666667,0.18215388,0.0,24
GU,1982,marine_hw,historical,0.06448588107083333,0.1813886,0.0,24
GU,1983,marine_hw,historical,0.032062804125000004,0.096554294,0.0,24
GU,1984,marine_hw,historical,0.0468952685375,0.15950325,0.0,24
GU,1985,marine_hw,historical,0.0851770786375,0.22683692,0.0,24
GU,1986,marine_hw,historical,0.05274098089583334,0.15234613,0.0,24
GU,1987,marine_hw,historical,0.0286303574375,0.12242671,0.0,24
GU,1988,marine_hw,historical,0.07490054108333334,0.25058326,0.0,24
GU,1989,marine_hw,historical,0.07359193838333333,0.18391593,0.0,24
GU,1990,marine_hw,historical,0.05983040953333333,0.14114472,0.0,24
GU,1991,marine_hw,historical,0.057660040375,0.18282384,0.0,24
GU,1992,marine_hw,historical,0.022661816715416668,0.117335744,0.0,24
GU,1993,marine_hw,historical,0.06458397270833334,0.18469301,0.0,24
GU,1994,marine_hw,historical,0.09758527924166667,0.23906142,0.0,24
GU,1995,marine_hw,historical,0.062288154458333335,0.1581134,0.0,24
GU,1996,marine_hw,historical,0.038390616347499996,0.15543902,0.0,24
GU,1997,marine_hw,historical,0.08032961291666667,0.27782282,0.0,24
GU,1998,marine_hw,historical,0.099313048525,0.21951185,0.0,24
GU,1999,marine_hw,historical,0.07358064754166667,0.15048786,0.008193161,24
GU,2000,marine_hw,historical,0.0663046763875,0.19098592,0.0,24
GU,2001,marine_hw,historical,0.09429509320833333,0.25543094,0.0,24
GU,2002,marine_hw,historical,0.10274897045833332,0.26844162,0.0,24
GU,2003,marine_hw,historical,0.1000978415375,0.18575695,0.0025696536,24
GU,2004,marine_hw,historical,0.06605674745625,0.1985116,0.0,24
GU,2005,marine_hw,historical,0.037545099108333334,0.15340555,0.0,24
GU,2006,marine_hw,historical,0.09672058904166668,0.2769559,0.0,24
GU,2007,marine_hw,historical,0.07983671270833333,0.20127496,0.0016474946,24
GU,2008,marine_hw,historical,0.09148189989166666,0.20576406,0.0,24
GU,2009,marine_hw,historical,0.08172149499999999,0.2117601,0.0019904743,24
GU,2010,marine_hw,historical,0.11888039729166666,0.24852437,0.0,24
GU,2011,marine_hw,historical,0.13220428787500002,0.2645344,0.015571226,24
GU,2012,marine_hw,historical,0.10029126404166666,0.22271639,0.006224474,24
GU,2013,marine_hw,historical,0.03301709483333334,0.09379729,0.0,24
GU,2014,marine_hw,historical,0.089572088,0.23171365,0.0,24
ID,1850,marine_hw,historical,0.11609560771371621,0.38407314,0.0,444
ID,1851,marine_hw,historical,0.11550497574898648,0.32063034,0.0,444
ID,1852,marine_hw,historical,0.11774602581963965,0.3558695,0.0,444
ID,1853,marine_hw,historical,0.12150741026921172,0.3265665,0.0,444
ID,1854,marine_hw,historical,0.12245609308536036,0.32118595,0.0,444
ID,1855,marine_hw,historical,0.08205769393835585,0.32579848,0.0,444
ID,1856,marine_hw,historical,0.11296700832139639,0.37621248,0.0,444
ID,1857,marine_hw,historical,0.15096938030385135,0.39347708,0.0,444
ID,1858,marine_hw,historical,0.11690753351940315,0.3491109,0.0,444
ID,1859,marine_hw,historical,0.12554291628574324,0.33446348,0.0,444
ID,1860,marine_hw,historical,0.08634032875371621,0.27084184,0.0,444
ID,1861,marine_hw,historical,0.09110817069414415,0.30947614,0.0,444
ID,1862,marine_hw,historical,0.13342372839481983,0.3501803,0.0,444
ID,1863,marine_hw,historical,0.13276134312477478,0.36377284,0.0,444
ID,1864,marine_hw,historical,0.0950851307580991,0.26309282,0.0,444
ID,1865,marine_hw,historical,0.09573375197596846,0.32662004,0.0,444
ID,1866,marine_hw,historical,0.09998401794076577,0.34253386,0.0,444
ID,1867,marine_hw,historical,0.1194376154813063,0.3672216,0.0,444
ID,1868,marine_hw,historical,0.15139576019583334,0.38354844,0.0,444
ID,1869,marine_hw,historical,0.10832019066790541,0.285482,0.0,444
ID,1870,marine_hw,historical,0.0881433281458018,0.3476938,0.0,444
ID,1871,marine_hw,historical,0.12170258227027027,0.36738408,0.0,444
ID,1872,marine_hw,historical,0.15294453668018018,0.40725392,0.0,444
ID,1873,marine_hw,historical,0.14828558086155405,0.35049528,0.0,444
ID,1874,marine_hw,historical,0.09887239759698199,0.3006641,0.0,444
ID,1875,marine_hw,historical,0.09370673023852479,0.3282995,0.0,444
ID,1876,marine_hw,historical,0.13427036382033783,0.39181492,0.0,444
ID,1877,marine_hw,historical,0.11423325627335586,0.30820614,0.0,444
ID,1878,marine_hw,historical,0.08098364591475225,0.2640596,0.0,444
ID,1879,marine_hw,historical,0.08335662403648648,0.32803893,0.0,444
ID,1880,marine_hw,historical,0.14142547266054054,0.37862816,0.0,444
ID,1881,marine_hw,historical,0.14163037587675675,0.3745966,0.0,444
ID,1882,marine_hw,historical,0.11842618556013514,0.26846063,0.0,444
ID,1883,marine_hw,historical,0.08197548378745495,0.25704956,0.0,444
ID,1884,marine_hw,historical,0.06670982918423424,0.29742235,0.0,444
ID,1885,marine_hw,historical,0.11260950023693694,0.3593464,0.0,444
ID,1886,marine_hw,historical,0.134797307094009,0.3626889,0.0,444
ID,1887,marine_hw,historical,0.10988908990990992,0.2987069,0.0,444
ID,1888,marine_hw,historical,0.08292621472779278,0.27306414,0.0,444
ID,1889,marine_hw,historical,0.08478805097047297,0.30745086,0.0,444
ID,1890,marine_hw,historical,0.121580087965,0.35994282,0.0,444
ID,1891,marine_hw,historical,0.12565601449759234,0.3977338,0.0,444
ID,1892,marine_hw,historical,0.15353250835997748,0.38782966,0.0,444
ID,1893,marine_hw,historical,0.10120792260621622,0.28122982,0.0,444
ID,1894,marine_hw,historical,0.0863202929638063,0.33531046,0.0,444
ID,1895,marine_hw,historical,0.14383032387162162,0.39026892,0.0,444
ID,1896,marine_hw,historical,0.1357963624032883,0.3656484,0.0,444
ID,1897,marine_hw,historical,0.09829183596209459,0.3080173,0.0,444
ID,1898,marine_hw,historical,0.09369128406608107,0.35270762,0.0,444
ID,1899,marine_hw,historical,0.1327482471561847,0.39758128,0.0,444
ID,1900,marine_hw,historical,0.12878737920495495,0.39780006,0.0,444
ID,1901,marine_hw,historical,0.12134298075698198,0.32899576,0.0,444
ID,1902,marine_hw,historical,0.13282553340923423,0.35144848,0.0,444
ID,1903,marine_hw,historical,0.11850759462358108,0.35161644,0.0,444
ID,1904,marine_hw,historical,0.0802898879181937,0.24374568,0.0,444
ID,1905,marine_hw,historical,0.07547991457983108,0.32625055,0.0,444
ID,1906,marine_hw,historical,0.10497057213851352,0.35748085,0.0,444
ID,1907,marine_hw,historical,0.11469091731552929,0.293418,0.0,444
ID,1908,marine_hw,historical,0.0892387553320045,0.34454918,0.0,444
ID,1909,marine_hw,historical,0.13653529450022522,0.3909253,0.0,444
ID,1910,marine_hw,historical,0.1233408706036036,0.351512,0.0,444
ID,1911,marine_hw,historical,0.11981764375770271,0.3554982,0.0,444
ID,1912,marine_hw,historical,0.1255505777668919,0.3434362,0.0,444
ID,1913,marine_hw,historical,0.12636364609932432,0.36583266,0.0,444
ID,1914,marine_hw,historical,0.1357596691115991,0.36283237,0.0,444
ID,1915,marine_hw,historical,0.12474243784513513,0.3492961,0.0,444
ID,1916,marine_hw,historical,0.10640343024256757,0.3025714,0.0,444
ID,1917,marine_hw,historical,0.11547193442792793,0.35394043,0.0,444
ID,1918,marine_hw,historical,0.10656385583986487,0.38113824,0.0,444
ID,1919,marine_hw,historical,0.1366239536816216,0.382411,0.0,444
ID,1920,marine_hw,historical,0.1441680632328829,0.3468677,0.0,444
ID,1921,marine_hw,historical,0.1273293930445045,0.31194356,0.0,444
ID,1922,marine_hw,historical,0.08459079457463964,0.3544497,0.0,444
ID,1923,marine_hw,historical,0.14627992071988738,0.4084577,0.0,444
ID,1924,marine_hw,historical,0.12623143553943694,0.31553757,0.0,444
ID,1925,marine_hw,historical,0.11062619269711713,0.344157,0.0,444
ID,1926,marine_hw,historical,0.11920672630886488,0.34221703,0.0,444
ID,1927,marine_hw,historical,0.16237614308056306,0.3805899,0.0,444
ID,1928,marine_hw,historical,0.13808497680246395,0.32165253,0.0,444
ID,1929,marine_hw,historical,0.10904576420168918,0.34414884,0.0,444
ID,1930,marine_hw,historical,0.1390074609202838,0.35173717,0.0,444
ID,1931,marine_hw,historical,0.12930735131711713,0.39128295,0.0,444
ID,1932,marine_hw,historical,0.16886967992792795,0.38680294,0.0,444
ID,1933,marine_hw,historical,0.13838133298445945,0.3362319,0.0,444
ID,1934,marine_hw,historical,0.10039705083452702,0.34260195,0.0,444
ID,1935,marine_hw,historical,0.15235656495675676,0.39910913,0.0,444
ID,1936,marine_hw,historical,0.1589411763162162,0.33041102,0.0,444
ID,1937,marine_hw,historical,0.10407918833225224,0.31378278,0.0,444
ID,1938,marine_hw,historical,0.13081273850304054,0.39169595,0.0,444
ID,1939,marine_hw,historical,0.1738741700096847,0.4099492,0.0,444
ID,1940,marine_hw,historical,0.13239912744315316,0.378807,0.0,444
ID,1941,marine_hw,historical,0.11196667569338964,0.32960308,0.0,444
ID,1942,marine_hw,historical,0.12050676975045047,0.34622225,0.0,444
ID,1943,marine_hw,historical,0.11071540882763513,0.3742008,0.0,444
ID,1944,marine_hw,historical,0.16312213409585585,0.38950092,0.0,444
ID,1945,marine_hw,historical,0.14670914901261262,0.37561786,0.0,444
ID,1946,marine_hw,historical,0.14650279369346847,0.38207418,0.0,444
ID,1947,marine_hw,historical,0.15816126206936937,0.41517544,0.0,444
ID,1948,marine_hw,historical,0.15190751476695946,0.38263974,0.0,444
ID,1949,marine_hw,historical,0.12067459261869369,0.26239926,0.0,444
ID,1950,marine_hw,historical,0.10246340621266892,0.34056392,0.0,444
ID,1951,marine_hw,historical,0.15930691134925223,0.437167,0.0,444
ID,1952,marine_hw,historical,0.18109250539414415,0.41687757,0.0,444
ID,1953,marine_hw,historical,0.1110245351009009,0.30689347,0.0,444
ID,1954,marine_hw,historical,0.11983647742686937,0.3380611,0.0,444
ID,1955,marine_hw,historical,0.14712077471283785,0.40334314,0.0,444
ID,1956,marine_hw,historical,0.14186921915472975,0.39531723,0.0,444
ID,1957,marine_hw,historical,0.1796408140514865,0.4368865,0.0,444
ID,1958,marine_hw,historical,0.12455136123513515,0.35583317,0.0,444
ID,1959,marine_hw,historical,0.12141142079033333,0.31487486,0.0,444
ID,1960,marine_hw,historical,0.14893626676234234,0.41333443,0.0,444
ID,1961,marine_hw,historical,0.16605734909238737,0.47858912,0.0,444
ID,1962,marine_hw,historical,0.14823244599436938,0.3517844,0.0,444
ID,1963,marine_hw,historical,0.08541700675315315,0.26138705,0.0,444
ID,1964,marine_hw,historical,0.08227789922211712,0.3431666,0.0,444
ID,1965,marine_hw,historical,0.13959985412405407,0.3699904,0.0,444
ID,1966,marine_hw,historical,0.11712937655619368,0.2835883,0.0,444
ID,1967,marine_hw,historical,0.09117273299313063,0.35000235,0.0,444
ID,1968,marine_hw,historical,0.14724895726603604,0.39298415,0.0,444
ID,1969,marine_hw,historical,0.1796929469577928,0.41165134,0.0,444
ID,1970,marine_hw,historical,0.14297725615337836,0.34946766,0.0,444
ID,1971,marine_hw,historical,0.10613308529975225,0.2715935,0.0,444
ID,1972,marine_hw,historical,0.08547944080045947,0.31941754,0.0,444
ID,1973,marine_hw,historical,0.1406923788497027,0.40688083,0.0,444
ID,1974,marine_hw,historical,0.1218611242191892,0.3446218,0.0,444
ID,1975,marine_hw,historical,0.125403103527241,0.31123728,0.0,444
ID,1976,marine_hw,historical,0.1119869019563063,0.33686373,0.0,444
ID,1977,marine_hw,historical,0.16566192840270272,0.42311692,0.0,444
ID,1978,marine_hw,historical,0.14813899313981982,0.34382656,0.0,444
ID,1979,marine_hw,historical,0.13825422670036036,0.36152422,0.0,444
ID,1980,marine_hw,historical,0.15169565794594594,0.40781134,0.0,444
ID,1981,marine_hw,historical,0.14945831823454955,0.40134144,0.0,444
ID,1982,marine_hw,historical,0.12260407364695947,0.2887183,0.0,444
ID,1983,marine_hw,historical,0.07904766451907658,0.2781569,0.0,444
ID,1984,marine_hw,historical,0.11455163959599099,0.39596087,0.0,444
ID,1985,marine_hw,historical,0.15308727666436936,0.41992235,0.0,444
ID,1986,marine_hw,historical,0.12282727112274774,0.34465358,0.0,444
ID,1987,marine_hw,historical,0.10510121373188289,0.3591757,0.0,444
ID,1988,marine_hw,historical,0.16132145875146395,0.37943792,0.0,444
ID,1989,marine_hw,historical,0.15257044095,0.40220928,0.0,444
ID,1990,marine_hw,historical,0.12502193766702702,0.38260162,0.0,444
ID,1991,marine_hw,historical,0.13513956587916667,0.32214093,0.0,444
ID,1992,marine_hw,historical,0.09919950333664346,0.34708834,0.0,444
ID,1993,marine_hw,historical,0.15737656685022522,0.4147905,0.0,444
ID,1994,marine_hw,historical,0.16208361319022524,0.40317428,0.0,444
ID,1995,marine_hw,historical,0.13358336621166667,0.34700572,0.0,444
ID,1996,marine_hw,historical,0.11464940164734234,0.40939367,0.0,444
ID,1997,marine_hw,historical,0.17769633675990992,0.4435879,0.0,444
ID,1998,marine_hw,historical,0.17653332398297297,0.42147195,0.0,444
ID,1999,marine_hw,historical,0.12525419396864865,0.31948018,0.0,444
ID,2000,marine_hw,historical,0.1462842541668919,0.4343719,0.0,444
ID,2001,marine_hw,historical,0.16794709903054056,0.41987514,0.0,444
ID,2002,marine_hw,historical,0.19357551864594594,0.46052027,0.0,444
ID,2003,marine_hw,historical,0.16295650701914416,0.38389155,0.0,444
ID,2004,marine_hw,historical,0.12600580972927927,0.3297447,0.0,444
ID,2005,marine_hw,historical,0.13867376256402025,0.43361023,0.0,444
ID,2006,marine_hw,historical,0.17929110081351352,0.4492262,0.0,444
ID,2007,marine_hw,historical,0.1688938918517117,0.41096687,0.0,444
ID,2008,marine_hw,historical,0.18050510532995495,0.39729714,0.0,444
ID,2009,marine_hw,historical,0.1760409520936036,0.4062463,0.0,444
ID,2010,marine_hw,historical,0.21599380162680182,0.43973428,0.0,444
ID,2011,marine_hw,historical,0.19575180527297298,0.37291718,0.0,444
ID,2012,marine_hw,historical,0.1639565490054054,0.3436178,0.0,444
ID,2013,marine_hw,historical,0.16006755827202027,0.40669385,0.0,444
ID,2014,marine_hw,historical,0.19099428336207205,0.47286087,0.0,444
IN,1850,marine_hw,historical,0.045774760231583334,0.248331,0.0,180
IN,1851,marine_hw,historical,0.05570478730777778,0.26647258,0.0,180
IN,1852,marine_hw,historical,0.07288611886916667,0.3046893,0.0,180
IN,1853,marine_hw,historical,0.07415721345522222,0.3094834,0.0,180
IN,1854,marine_hw,historical,0.05387365512422222,0.2551695,0.0,180
IN,1855,marine_hw,historical,0.028513497717188887,0.23103279,0.0,180
IN,1856,marine_hw,historical,0.07187882486166666,0.2952935,0.0,180
IN,1857,marine_hw,historical,0.081819787651,0.36532336,0.0,180
IN,1858,marine_hw,historical,0.07137030120277778,0.30898502,0.0,180
IN,1859,marine_hw,historical,0.057000271253222226,0.30346376,0.0,180
IN,1860,marine_hw,historical,0.028259400904222225,0.23007688,0.0,180
IN,1861,marine_hw,historical,0.03691116569777778,0.22489512,0.0,180
IN,1862,marine_hw,historical,0.07256002720794444,0.3020721,0.0,180
IN,1863,marine_hw,historical,0.07961074598833333,0.3731178,0.0,180
IN,1864,marine_hw,historical,0.042429101784444444,0.26494563,0.0,180
IN,1865,marine_hw,historical,0.040910602831388886,0.2365722,0.0,180
IN,1866,marine_hw,historical,0.05684975833666667,0.30368257,0.0,180
IN,1867,marine_hw,historical,0.06494589627277778,0.30254325,0.0,180
IN,1868,marine_hw,historical,0.07561605185888888,0.32993808,0.0,180
IN,1869,marine_hw,historical,0.0430461090175,0.30573055,0.0,180
IN,1870,marine_hw,historical,0.036834083390444444,0.25602373,0.0,180
IN,1871,marine_hw,historical,0.08866820830166666,0.30972037,0.0,180
IN,1872,marine_hw,historical,0.10056630171061111,0.3904405,0.0,180
IN,1873,marine_hw,historical,0.059377523337222224,0.32196665,0.0,180
IN,1874,marine_hw,historical,0.027368202673344444,0.21345589,0.0,180
IN,1875,marine_hw,historical,0.05320733461611111,0.29347792,0.0,180
IN,1876,marine_hw,historical,0.08212692443438889,0.31220955,0.0,180
IN,1877,marine_hw,historical,0.058661709825277776,0.2821567,0.0,180
IN,1878,marine_hw,historical,0.02841110308266667,0.18478833,0.0,180
IN,1879,marine_hw,historical,0.04178756824227778,0.22155985,0.0,180
IN,1880,marine_hw,historical,0.08281536665929444,0.32377407,0.0,180
IN,1881,marine_hw,historical,0.09356797063194444,0.3025151,0.0,180
IN,1882,marine_hw,historical,0.04773125987566667,0.25675178,0.0,180
IN,1883,marine_hw,historical,0.024817552372055556,0.2185877,0.0,180
IN,1884,marine_hw,historical,0.03368969068944445,0.18977036,0.0,180
IN,1885,marine_hw,historical,0.06799519097944445,0.266823,0.0,180
IN,1886,marine_hw,historical,0.08795676049422221,0.29071093,0.0,180
IN,1887,marine_hw,historical,0.05191137505005556,0.24013261,0.0,180
IN,1888,marine_hw,historical,0.03222030480777778,0.23250887,0.0,180
IN,1889,marine_hw,historical,0.03616145071,0.22773293,0.0,180
IN,1890,marine_hw,historical,0.08350764781283333,0.32968932,0.0,180
IN,1891,marine_hw,historical,0.0894579689481111,0.29852623,0.0,180
IN,1892,marine_hw,historical,0.06991873929944445,0.35771233,0.0,180
IN,1893,marine_hw,historical,0.04637721874455556,0.27254486,0.0,180
IN,1894,marine_hw,historical,0.04237867596133334,0.25981838,0.0,180
IN,1895,marine_hw,historical,0.09105161924372221,0.3086909,0.0,180
IN,1896,marine_hw,historical,0.08845355248388889,0.29055935,0.0,180
IN,1897,marine_hw,historical,0.04918837252805555,0.25837132,0.0,180
IN,1898,marine_hw,historical,0.04133504177611111,0.24746314,0.0,180
IN,1899,marine_hw,historical,0.06505996946944445,0.2928951,0.0,180
IN,1900,marine_hw,historical,0.09119828783944445,0.34750044,0.0,180
IN,1901,marine_hw,historical,0.07116230273333334,0.36272794,0.0,180
IN,1902,marine_hw,historical,0.08245422175666667,0.3240101,0.0,180
IN,1903,marine_hw,historical,0.048824558054444446,0.30345652,0.0,180
IN,1904,marine_hw,historical,0.041090892258833334,0.2477618,0.0,180
IN,1905,marine_hw,historical,0.03790160390944444,0.22961754,0.0,180
IN,1906,marine_hw,historical,0.06244875266033333,0.2779481,0.0,180
IN,1907,marine_hw,historical,0.06043112916372222,0.30904043,0.0,180
IN,1908,marine_hw,historical,0.05395624237188889,0.2543225,0.0,180
IN,1909,marine_hw,historical,0.07181107367724444,0.33203417,0.0,180
IN,1910,marine_hw,historical,0.05909090887500001,0.3089342,0.0,180
IN,1911,marine_hw,historical,0.07101876473444445,0.24633929,0.0,180
IN,1912,marine_hw,historical,0.06802940712944444,0.29410434,0.0,180
IN,1913,marine_hw,historical,0.05752609139123334,0.27566046,0.0,180
IN,1914,marine_hw,historical,0.07776044519166667,0.3203017,0.0,180
IN,1915,marine_hw,historical,0.06178135999555556,0.3472372,0.0,180
IN,1916,marine_hw,historical,0.04416182191405556,0.27250218,0.0,180
IN,1917,marine_hw,historical,0.06684890435857778,0.27702487,0.0,180
IN,1918,marine_hw,historical,0.061089616623722226,0.31122822,0.0,180
IN,1919,marine_hw,historical,0.086942015332,0.33534133,0.0,180
IN,1920,marine_hw,historical,0.06743986732183334,0.3218659,0.0,180
IN,1921,marine_hw,historical,0.03154118424788889,0.20198941,0.0,180
IN,1922,marine_hw,historical,0.042248422764055556,0.23133418,0.0,180
IN,1923,marine_hw,historical,0.10427547776444444,0.36462802,0.0,180
IN,1924,marine_hw,historical,0.06327367590027778,0.30789024,0.0,180
IN,1925,marine_hw,historical,0.0579901915445,0.26901352,0.0,180
IN,1926,marine_hw,historical,0.07632994649333334,0.3179015,0.0,180
IN,1927,marine_hw,historical,0.09859522297861112,0.3612401,0.0,180
IN,1928,marine_hw,historical,0.06497653640416667,0.2864052,0.0,180
IN,1929,marine_hw,historical,0.04212262885733334,0.31015247,0.0,180
IN,1930,marine_hw,historical,0.07049591970944444,0.32386032,0.0,180
IN,1931,marine_hw,historical,0.10903771042555556,0.3243242,0.0,180
IN,1932,marine_hw,historical,0.09075715586855555,0.38731673,0.0,180
IN,1933,marine_hw,historical,0.057878081417888895,0.24363947,0.0,180
IN,1934,marine_hw,historical,0.05446578813666667,0.27069566,0.0,180
IN,1935,marine_hw,historical,0.09457891223261111,0.31777805,0.0,180
IN,1936,marine_hw,historical,0.08810085224222222,0.32711482,0.0,180
IN,1937,marine_hw,historical,0.07036266626437777,0.2736506,0.0,180
IN,1938,marine_hw,historical,0.08428446787666667,0.35195053,0.0,180
IN,1939,marine_hw,historical,0.105240569375,0.39800432,0.0,180
IN,1940,marine_hw,historical,0.06224281202666666,0.3212758,0.0,180
IN,1941,marine_hw,historical,0.043265794747777774,0.27628773,0.0,180
IN,1942,marine_hw,historical,0.06376474826883334,0.30602652,0.0,180
IN,1943,marine_hw,historical,0.056083810025277785,0.2683608,0.0,180
IN,1944,marine_hw,historical,0.09828657567166667,0.34247667,0.0,180
IN,1945,marine_hw,historical,0.06976153307638888,0.35095283,0.0,180
IN,1946,marine_hw,historical,0.09012968923055556,0.33207685,0.0,180
IN,1947,marine_hw,historical,0.11369388085583333,0.36482862,0.0,180
IN,1948,marine_hw,historical,0.07939387350555556,0.3418303,0.0,180
IN,1949,marine_hw,historical,0.044847074405888886,0.23553097,0.0,180
IN,1950,marine_hw,historical,0.05978955091555555,0.29966006,0.0,180
IN,1951,marine_hw,historical,0.09504086872344444,0.3182964,0.0,180
IN,1952,marine_hw,historical,0.10815364109944445,0.37109157,0.0,180
IN,1953,marine_hw,historical,0.07140002215222221,0.3093409,0.0,180
IN,1954,marine_hw,historical,0.06594942771416666,0.30706474,0.0,180
IN,1955,marine_hw,historical,0.08697869263388888,0.35125422,0.0,180
IN,1956,marine_hw,historical,0.0972949973788889,0.3363517,0.0,180
IN,1957,marine_hw,historical,0.09407760974277779,0.41020975,0.0,180
IN,1958,marine_hw,historical,0.07579549195666667,0.27951318,0.0,180
IN,1959,marine_hw,historical,0.07082702173711111,0.3263849,0.0,180
IN,1960,marine_hw,historical,0.09774080899000001,0.34679872,0.0,180
IN,1961,marine_hw,historical,0.1066351324698889,0.3857871,0.0,180
IN,1962,marine_hw,historical,0.07491912250661112,0.32315043,0.0,180
IN,1963,marine_hw,historical,0.02621857922161111,0.1917884,0.0,180
IN,1964,marine_hw,historical,0.07593239558655555,0.26597327,0.0,180
IN,1965,marine_hw,historical,0.09634226755861111,0.3423051,0.0,180
IN,1966,marine_hw,historical,0.03201894943538889,0.21695092,0.0,180
IN,1967,marine_hw,historical,0.04754083760833333,0.22468542,0.0,180
IN,1968,marine_hw,historical,0.08319495659166666,0.35747358,0.0,180
IN,1969,marine_hw,historical,0.10005759400544445,0.35060152,0.0,180
IN,1970,marine_hw,historical,0.05828076846055555,0.29057568,0.0,180
IN,1971,marine_hw,historical,0.041427614365999996,0.22287071,0.0,180
IN,1972,marine_hw,historical,0.05806223056,0.25378963,0.0,180
IN,1973,marine_hw,historical,0.09803033714055556,0.2937539,0.0,180
IN,1974,marine_hw,historical,0.06737529341944444,0.3238113,0.0,180
IN,1975,marine_hw,historical,0.050992891491666664,0.31004354,0.0,180
IN,1976,marine_hw,historical,0.06646360440138889,0.26741034,0.0,180
IN,1977,marine_hw,historical,0.10036179614077777,0.35786214,0.0,180
IN,1978,marine_hw,historical,0.079441845915,0.2948115,0.0,180
IN,1979,marine_hw,historical,0.082146134925,0.35001868,0.0,180
IN,1980,marine_hw,historical,0.10287800867944444,0.3379776,0.0,180
IN,1981,marine_hw,historical,0.09155477489000001,0.33777058,0.0,180
IN,1982,marine_hw,historical,0.05858282188073334,0.20894864,0.0,180
IN,1983,marine_hw,historical,0.03750082675777778,0.22896753,0.0,180
IN,1984,marine_hw,historical,0.08669325885055555,0.28559455,0.0,180
IN,1985,marine_hw,historical,0.1128716721961111,0.36061278,0.0,180
IN,1986,marine_hw,historical,0.07396995475022222,0.34851086,0.0,180
IN,1987,marine_hw,historical,0.06171220436055556,0.2671162,0.0,180
IN,1988,marine_hw,historical,0.10485140816538888,0.35045534,0.0,180
IN,1989,marine_hw,historical,0.09469742701611111,0.33744836,0.0,180
IN,1990,marine_hw,historical,0.08381879470466666,0.29307124,0.0,180
IN,1991,marine_hw,historical,0.07206852170916667,0.33775336,0.0,180
IN,1992,marine_hw,historical,0.043933567512944444,0.2668611,0.0,180
IN,1993,marine_hw,historical,0.0895070040961111,0.2812725,0.0,180
IN,1994,marine_hw,historical,0.12339975392972223,0.36791605,0.0,180
IN,1995,marine_hw,historical,0.0668820771900461,0.25136852,0.0,180
IN,1996,marine_hw,historical,0.07513572093611112,0.28781503,0.0,180
IN,1997,marine_hw,historical,0.1179400762688889,0.3658626,0.0,180
IN,1998,marine_hw,historical,0.11833725849749999,0.41292682,0.0,180
IN,1999,marine_hw,historical,0.06929457228944445,0.29066828,0.0,180
IN,2000,marine_hw,historical,0.08735702977166666,0.3335121,0.0,180
IN,2001,marine_hw,historical,0.12378037252666665,0.3859396,0.0,180
IN,2002,marine_hw,historical,0.14608582144777776,0.39639932,0.0,180
IN,2003,marine_hw,historical,0.08662206389816667,0.32429242,0.0,180
IN,2004,marine_hw,historical,0.05942025072477777,0.2596958,0.0,180
IN,2005,marine_hw,historical,0.08493156182211112,0.3358261,0.0,180
IN,2006,marine_hw,historical,0.10853305429999999,0.3906629,0.0,180
IN,2007,marine_hw,historical,0.13092326609044444,0.40034646,0.0,180
IN,2008,marine_hw,historical,0.11538926531522223,0.4070751,0.0,180
IN,2009,marine_hw,historical,0.1224094965488889,0.3479026,0.0,180
IN,2010,marine_hw,historical,0.1418092563442222,0.39299235,0.0,180
IN,2011,marine_hw,historical,0.12677228745055555,0.39480886,0.0,180
IN,2012,marine_hw,historical,0.07184816162555555,0.32783648,0.0,180
IN,2013,marine_hw,historical,0.11394799617666666,0.34762573,0.0,180
IN,2014,marine_hw,historical,0.13648397350555555,0.35461947,0.0,180
IR,1850,marine_hw,historical,0.12958949808333334,0.51980555,0.0,24
IR,1851,marine_hw,historical,0.14881992525,0.5664508,0.0,24
IR,1852,marine_hw,historical,0.16038098458333336,0.6198006,0.0,24
IR,1853,marine_hw,historical,0.143341735125,0.54250306,0.0,24
IR,1854,marine_hw,historical,0.15398310355,0.5591182,0.0,24
IR,1855,marine_hw,historical,0.10666974152208335,0.48230842,0.0,24
IR,1856,marine_hw,historical,0.136249877575,0.5982361,0.0,24
IR,1857,marine_hw,historical,0.162096155,0.565865,0.0,24
IR,1858,marine_hw,historical,0.14139842475,0.53947216,0.0,24
IR,1859,marine_hw,historical,0.16007367316666668,0.5907691,0.0,24
IR,1860,marine_hw,historical,0.11441892520833334,0.54000956,0.0,24
IR,1861,marine_hw,historical,0.130579567125,0.50428814,0.0,24
IR,1862,marine_hw,historical,0.19112974149999998,0.62391,0.0,24
IR,1863,marine_hw,historical,0.16864958875,0.5890842,0.0,24
IR,1864,marine_hw,historical,0.13922153520833333,0.5211975,0.0,24
IR,1865,marine_hw,historical,0.12202702020833334,0.54423016,0.0,24
IR,1866,marine_hw,historical,0.14386936166666667,0.60258746,0.0,24
IR,1867,marine_hw,historical,0.11201181291666668,0.45027503,0.0,24
IR,1868,marine_hw,historical,0.14775863670833334,0.58028334,0.0,24
IR,1869,marine_hw,historical,0.12265948079166666,0.4799638,0.0,24
IR,1870,marine_hw,historical,0.11709662575,0.51641506,0.0,24
IR,1871,marine_hw,historical,0.11396757066666667,0.5105834,0.0,24
IR,1872,marine_hw,historical,0.14253353833333335,0.5697601,0.0,24
IR,1873,marine_hw,historical,0.14231816441666667,0.56330985,0.0,24
IR,1874,marine_hw,historical,0.14628663020833335,0.52923334,0.0,24
IR,1875,marine_hw,historical,0.13304982041666666,0.548762,0.0,24
IR,1876,marine_hw,historical,0.15707887404166668,0.5442763,0.0,24
IR,1877,marine_hw,historical,0.14551643333333333,0.55937606,0.0,24
IR,1878,marine_hw,historical,0.12565539967916667,0.5040485,0.0,24
IR,1879,marine_hw,historical,0.107744607625,0.48121533,0.0,24
IR,1880,marine_hw,historical,0.15080298875,0.5474438,0.0,24
IR,1881,marine_hw,historical,0.16268030266666667,0.59430104,0.0,24
IR,1882,marine_hw,historical,0.15011541083333332,0.4841458,0.0,24
IR,1883,marine_hw,historical,0.13782524145833333,0.55051947,0.0,24
IR,1884,marine_hw,historical,0.1050422775,0.47999898,0.0,24
IR,1885,marine_hw,historical,0.09803844027083335,0.46185014,0.0,24
IR,1886,marine_hw,historical,0.15695107095833333,0.64509934,0.0,24
IR,1887,marine_hw,historical,0.15373744166666667,0.6796697,0.0,24
IR,1888,marine_hw,historical,0.1367837935,0.5533264,0.0,24
IR,1889,marine_hw,historical,0.10945005811250001,0.4178833,0.0,24
IR,1890,marine_hw,historical,0.14736838583333334,0.63290936,0.0,24
IR,1891,marine_hw,historical,0.15040788916666667,0.603442,0.0,24
IR,1892,marine_hw,historical,0.13545361412499998,0.522242,0.0,24
IR,1893,marine_hw,historical,0.1717058175,0.5818884,0.0,24
IR,1894,marine_hw,historical,0.16246015416666668,0.62082595,0.0,24
IR,1895,marine_hw,historical,0.14948268091666667,0.54024196,0.0,24
IR,1896,marine_hw,historical,0.136758937,0.60934764,0.0,24
IR,1897,marine_hw,historical,0.1845888725,0.69945145,0.0,24
IR,1898,marine_hw,historical,0.13795420858333332,0.5654825,0.0,24
IR,1899,marine_hw,historical,0.13099422683333334,0.5580361,0.0,24
IR,1900,marine_hw,historical,0.13863152820833333,0.53819036,0.0,24
IR,1901,marine_hw,historical,0.11500617341666668,0.47292534,0.0,24
IR,1902,marine_hw,historical,0.13206164825,0.5421205,0.0,24
IR,1903,marine_hw,historical,0.12178510645833333,0.42577758,0.0,24
IR,1904,marine_hw,historical,0.12347642166666667,0.5621394,0.0,24
IR,1905,marine_hw,historical,0.14976410791666667,0.5916454,0.0,24
IR,1906,marine_hw,historical,0.14205018958333332,0.55725783,0.0,24
IR,1907,marine_hw,historical,0.11952124604166665,0.506433,0.0,24
IR,1908,marine_hw,historical,0.14074602925,0.5705819,0.0,24
IR,1909,marine_hw,historical,0.16090172066666666,0.636566,0.0,24
IR,1910,marine_hw,historical,0.12063810708333333,0.45529577,0.0,24
IR,1911,marine_hw,historical,0.15780493208333332,0.5524658,0.0,24
IR,1912,marine_hw,historical,0.11777036004166667,0.5256493,0.0,24
IR,1913,marine_hw,historical,0.13472166770833335,0.48112345,0.0,24
IR,1914,marine_hw,historical,0.13957127233333333,0.5987626,0.0,24
IR,1915,marine_hw,historical,0.12126796416666667,0.5257909,0.0,24
IR,1916,marine_hw,historical,0.16513497804166669,0.59388226,0.0,24
IR,1917,marine_hw,historical,0.15225559291666665,0.5946956,0.0,24
IR,1918,marine_hw,historical,0.12747645581666667,0.5561854,0.0,24
IR,1919,marine_hw,historical,0.14083099816666667,0.6038887,0.0,24
IR,1920,marine_hw,historical,0.15814029345833333,0.6276453,0.0,24
IR,1921,marine_hw,historical,0.13007954375,0.47369638,0.0,24
IR,1922,marine_hw,historical,0.14980766912500001,0.5466366,0.0,24
IR,1923,marine_hw,historical,0.18340769929166667,0.6369388,0.0,24
IR,1924,marine_hw,historical,0.13934936333333334,0.58595043,0.0,24
IR,1925,marine_hw,historical,0.15562149341666667,0.5531206,0.0,24
IR,1926,marine_hw,historical,0.15650880749999999,0.6853768,0.0,24
IR,1927,marine_hw,historical,0.17783225433333336,0.6584743,0.0,24
IR,1928,marine_hw,historical,0.15236205833333333,0.5420455,0.0,24
IR,1929,marine_hw,historical,0.12425399304166668,0.5473131,0.0,24
IR,1930,marine_hw,historical,0.147629842825,0.54517794,0.0,24
IR,1931,marine_hw,historical,0.17729482629166668,0.6921902,0.0,24
IR,1932,marine_hw,historical,0.1300481395,0.50914305,0.0,24
IR,1933,marine_hw,historical,0.16385749125000001,0.5670004,0.0,24
IR,1934,marine_hw,historical,0.14735487458333332,0.51634127,0.0,24
IR,1935,marine_hw,historical,0.123162510125,0.571871,0.0,24
IR,1936,marine_hw,historical,0.1729446945833333,0.65750724,0.0,24
IR,1937,marine_hw,historical,0.11974029458333334,0.48121905,0.0,24
IR,1938,marine_hw,historical,0.13673686333333332,0.57223654,0.0,24
IR,1939,marine_hw,historical,0.17475099291666665,0.6427488,0.0,24
IR,1940,marine_hw,historical,0.14818156712083333,0.6310139,0.0,24
IR,1941,marine_hw,historical,0.13700813141666668,0.5417041,0.0,24
IR,1942,marine_hw,historical,0.12419141333333333,0.5639998,0.0,24
IR,1943,marine_hw,historical,0.12731345342916667,0.5010479,0.0,24
IR,1944,marine_hw,historical,0.14256701541666666,0.48176968,0.0,24
IR,1945,marine_hw,historical,0.09703893525,0.4594015,0.0,24
IR,1946,marine_hw,historical,0.14787171737500002,0.5433333,0.0,24
IR,1947,marine_hw,historical,0.174018859125,0.6145172,0.0,24
IR,1948,marine_hw,historical,0.14071990404166665,0.6008554,0.0,24
IR,1949,marine_hw,historical,0.16260621895833333,0.5979262,0.0,24
IR,1950,marine_hw,historical,0.14300315416666667,0.5726202,0.0,24
IR,1951,marine_hw,historical,0.12314498820833332,0.55757856,0.0,24
IR,1952,marine_hw,historical,0.139812443875,0.55183154,0.0,24
IR,1953,marine_hw,historical,0.17054866591666665,0.6411595,0.0,24
IR,1954,marine_hw,historical,0.14314199504166666,0.60062057,0.0,24
IR,1955,marine_hw,historical,0.175975465375,0.65306264,0.0,24
IR,1956,marine_hw,historical,0.190016606875,0.7123665,0.0,24
IR,1957,marine_hw,historical,0.14432599437500002,0.5318696,0.0,24
IR,1958,marine_hw,historical,0.15750545799166668,0.5465397,0.0,24
IR,1959,marine_hw,historical,0.14150548060291668,0.5866888,0.0,24
IR,1960,marine_hw,historical,0.15533218270833335,0.6049913,0.0,24
IR,1961,marine_hw,historical,0.17482883354166667,0.6455061,0.0,24
IR,1962,marine_hw,historical,0.13154869175,0.5372268,0.0,24
IR,1963,marine_hw,historical,0.13231751205833334,0.5415807,0.0,24
IR,1964,marine_hw,historical,0.140273875,0.567136,0.0,24
IR,1965,marine_hw,historical,0.17208606808333335,0.6433261,0.0,24
IR,1966,marine_hw,historical,0.13779602597916665,0.47163507,0.0,24
IR,1967,marine_hw,historical,0.14908278725,0.51348233,0.0,24
IR,1968,marine_hw,historical,0.16408168229166667,0.61150455,0.0,24
IR,1969,marine_hw,historical,0.20917062441666667,0.6341283,0.0,24
IR,1970,marine_hw,historical,0.15162333333333333,0.64433074,0.0,24
IR,1971,marine_hw,historical,0.14922642608333334,0.51583415,0.0,24
IR,1972,marine_hw,historical,0.12277630437499999,0.6448089,0.0,24
IR,1973,marine_hw,historical,0.15384230779166666,0.60245436,0.0,24
IR,1974,marine_hw,historical,0.13151062708333333,0.5078334,0.0,24
IR,1975,marine_hw,historical,0.14425649933333332,0.53974205,0.0,24
IR,1976,marine_hw,historical,0.14001507083333334,0.5798706,0.0,24
IR,1977,marine_hw,historical,0.16228493125000001,0.53448886,0.0,24
IR,1978,marine_hw,historical,0.13983088541666666,0.56397194,0.0,24
IR,1979,marine_hw,historical,0.14610226091666667,0.5819331,0.0,24
IR,1980,marine_hw,historical,0.18306541875000001,0.58627725,0.0,24
IR,1981,marine_hw,historical,0.17895762483333333,0.6230772,0.0,24
IR,1982,marine_hw,historical,0.16010967483333333,0.6422307,0.0,24
IR,1983,marine_hw,historical,0.107381803625,0.51252246,0.0,24
IR,1984,marine_hw,historical,0.15650347975,0.5431675,0.0,24
IR,1985,marine_hw,historical,0.14865515625,0.62004757,0.0,24
IR,1986,marine_hw,historical,0.14660289316666666,0.6154347,0.0,24
IR,1987,marine_hw,historical,0.14600078316666668,0.5329602,0.0,24
IR,1988,marine_hw,historical,0.19280163875,0.63886577,0.0,24
IR,1989,marine_hw,historical,0.18071852179166667,0.62253016,0.0,24
IR,1990,marine_hw,historical,0.16841435791666667,0.6182211,0.0,24
IR,1991,marine_hw,historical,0.139454801875,0.50816387,0.0,24
IR,1992,marine_hw,historical,0.12434529483333334,0.4857508,0.0,24
IR,1993,marine_hw,historical,0.14641918558333333,0.5188881,0.0,24
IR,1994,marine_hw,historical,0.20948544358333332,0.7529114,0.0,24
IR,1995,marine_hw,historical,0.17406423091666667,0.6794192,0.0,24
IR,1996,marine_hw,historical,0.18427389687499998,0.67928845,0.0,24
IR,1997,marine_hw,historical,0.19400481041666665,0.74082065,0.0,24
IR,1998,marine_hw,historical,0.22746146625,0.8092994,0.0,24
IR,1999,marine_hw,historical,0.14992505949999999,0.54748493,0.0,24
IR,2000,marine_hw,historical,0.17655893333333336,0.6450969,0.0,24
IR,2001,marine_hw,historical,0.17348137926041665,0.6105955,0.0,24
IR,2002,marine_hw,historical,0.2152237661666667,0.7148574,0.0,24
IR,2003,marine_hw,historical,0.18377486522916667,0.688185,0.0,24
IR,2004,marine_hw,historical,0.17445351958333333,0.6942939,0.0,24
IR,2005,marine_hw,historical,0.20951358145833332,0.6556662,0.0,24
IR,2006,marine_hw,historical,0.21718215541666666,0.77929336,0.0,24
IR,2007,marine_hw,historical,0.17896643791666667,0.7435634,0.0,24
IR,2008,marine_hw,historical,0.21338792375,0.76446956,0.0,24
IR,2009,marine_hw,historical,0.22392083541666666,0.7963698,0.0,24
IR,2010,marine_hw,historical,0.19497331583333333,0.73643297,0.0,24
IR,2011,marine_hw,historical,0.23719783005000003,0.76403505,0.0,24
IR,2012,marine_hw,historical,0.1971616309166667,0.7346851,0.0,24
IR,2013,marine_hw,historical,0.18027662929166666,0.6090486,0.0,24
IR,2014,marine_hw,historical,0.220970508625,0.8058836,0.0,24
IT,1850,marine_hw,historical,0.0,0.0,0.0,72
IT,1851,marine_hw,historical,0.0,0.0,0.0,72
IT,1852,marine_hw,historical,0.0,0.0,0.0,72
IT,1853,marine_hw,historical,0.0,0.0,0.0,72
IT,1854,marine_hw,historical,0.0,0.0,0.0,72
IT,1855,marine_hw,historical,0.0,0.0,0.0,72
IT,1856,marine_hw,historical,0.0,0.0,0.0,72
IT,1857,marine_hw,historical,0.0,0.0,0.0,72
IT,1858,marine_hw,historical,0.0,0.0,0.0,72
IT,1859,marine_hw,historical,0.0,0.0,0.0,72
IT,1860,marine_hw,historical,0.0,0.0,0.0,72
IT,1861,marine_hw,historical,0.0,0.0,0.0,72
IT,1862,marine_hw,historical,0.0,0.0,0.0,72
IT,1863,marine_hw,historical,0.0,0.0,0.0,72
IT,1864,marine_hw,historical,0.0,0.0,0.0,72
IT,1865,marine_hw,historical,0.0,0.0,0.0,72
IT,1866,marine_hw,historical,0.0,0.0,0.0,72
IT,1867,marine_hw,historical,0.0,0.0,0.0,72
IT,1868,marine_hw,historical,0.0,0.0,0.0,72
IT,1869,marine_hw,historical,0.0,0.0,0.0,72
IT,1870,marine_hw,historical,0.0,0.0,0.0,72
IT,1871,marine_hw,historical,0.0,0.0,0.0,72
IT,1872,marine_hw,historical,0.0,0.0,0.0,72
IT,1873,marine_hw,historical,0.0,0.0,0.0,72
IT,1874,marine_hw,historical,0.0,0.0,0.0,72
IT,1875,marine_hw,historical,0.0,0.0,0.0,72
IT,1876,marine_hw,historical,0.0,0.0,0.0,72
IT,1877,marine_hw,historical,0.0,0.0,0.0,72
IT,1878,marine_hw,historical,0.0,0.0,0.0,72
IT,1879,marine_hw,historical,0.0,0.0,0.0,72
IT,1880,marine_hw,historical,0.0,0.0,0.0,72
IT,1881,marine_hw,historical,0.0,0.0,0.0,72
IT,1882,marine_hw,historical,0.0,0.0,0.0,72
IT,1883,marine_hw,historical,0.0,0.0,0.0,72
IT,1884,marine_hw,historical,0.0,0.0,0.0,72
IT,1885,marine_hw,historical,0.0,0.0,0.0,72
IT,1886,marine_hw,historical,0.0,0.0,0.0,72
IT,1887,marine_hw,historical,0.0,0.0,0.0,72
IT,1888,marine_hw,historical,0.0,0.0,0.0,72
IT,1889,marine_hw,historical,0.0,0.0,0.0,72
IT,1890,marine_hw,historical,0.0,0.0,0.0,72
IT,1891,marine_hw,historical,0.0,0.0,0.0,72
IT,1892,marine_hw,historical,0.0,0.0,0.0,72
IT,1893,marine_hw,historical,0.0,0.0,0.0,72
IT,1894,marine_hw,historical,0.0,0.0,0.0,72
IT,1895,marine_hw,historical,0.0,0.0,0.0,72
IT,1896,marine_hw,historical,0.0,0.0,0.0,72
IT,1897,marine_hw,historical,0.0,0.0,0.0,72
IT,1898,marine_hw,historical,0.0,0.0,0.0,72
IT,1899,marine_hw,historical,0.0,0.0,0.0,72
IT,1900,marine_hw,historical,0.0,0.0,0.0,72
IT,1901,marine_hw,historical,0.0,0.0,0.0,72
IT,1902,marine_hw,historical,0.0,0.0,0.0,72
IT,1903,marine_hw,historical,0.0,0.0,0.0,72
IT,1904,marine_hw,historical,0.0,0.0,0.0,72
IT,1905,marine_hw,historical,0.0,0.0,0.0,72
IT,1906,marine_hw,historical,0.0,0.0,0.0,72
IT,1907,marine_hw,historical,0.0,0.0,0.0,72
IT,1908,marine_hw,historical,0.0,0.0,0.0,72
IT,1909,marine_hw,historical,0.0,0.0,0.0,72
IT,1910,marine_hw,historical,0.0,0.0,0.0,72
IT,1911,marine_hw,historical,0.0,0.0,0.0,72
IT,1912,marine_hw,historical,0.0,0.0,0.0,72
IT,1913,marine_hw,historical,0.0,0.0,0.0,72
IT,1914,marine_hw,historical,0.0,0.0,0.0,72
IT,1915,marine_hw,historical,0.0,0.0,0.0,72
IT,1916,marine_hw,historical,0.0,0.0,0.0,72
IT,1917,marine_hw,historical,0.0,0.0,0.0,72
IT,1918,marine_hw,historical,0.0,0.0,0.0,72
IT,1919,marine_hw,historical,0.0,0.0,0.0,72
IT,1920,marine_hw,historical,0.0,0.0,0.0,72
IT,1921,marine_hw,historical,0.0,0.0,0.0,72
IT,1922,marine_hw,historical,0.0,0.0,0.0,72
IT,1923,marine_hw,historical,0.0,0.0,0.0,72
IT,1924,marine_hw,historical,0.0,0.0,0.0,72
IT,1925,marine_hw,historical,0.0,0.0,0.0,72
IT,1926,marine_hw,historical,0.0,0.0,0.0,72
IT,1927,marine_hw,historical,0.0,0.0,0.0,72
IT,1928,marine_hw,historical,0.0,0.0,0.0,72
IT,1929,marine_hw,historical,0.0,0.0,0.0,72
IT,1930,marine_hw,historical,0.0,0.0,0.0,72
IT,1931,marine_hw,historical,0.0,0.0,0.0,72
IT,1932,marine_hw,historical,0.0,0.0,0.0,72
IT,1933,marine_hw,historical,0.0,0.0,0.0,72
IT,1934,marine_hw,historical,0.0,0.0,0.0,72
IT,1935,marine_hw,historical,0.0,0.0,0.0,72
IT,1936,marine_hw,historical,0.0,0.0,0.0,72
IT,1937,marine_hw,historical,0.0,0.0,0.0,72
IT,1938,marine_hw,historical,0.0,0.0,0.0,72
IT,1939,marine_hw,historical,0.0,0.0,0.0,72
IT,1940,marine_hw,historical,0.0,0.0,0.0,72
IT,1941,marine_hw,historical,0.0,0.0,0.0,72
IT,1942,marine_hw,historical,0.0,0.0,0.0,72
IT,1943,marine_hw,historical,0.0,0.0,0.0,72
IT,1944,marine_hw,historical,0.0,0.0,0.0,72
IT,1945,marine_hw,historical,0.0,0.0,0.0,72
IT,1946,marine_hw,historical,0.0,0.0,0.0,72
IT,1947,marine_hw,historical,0.0,0.0,0.0,72
IT,1948,marine_hw,historical,0.0,0.0,0.0,72
IT,1949,marine_hw,historical,0.0,0.0,0.0,72
IT,1950,marine_hw,historical,0.0,0.0,0.0,72
IT,1951,marine_hw,historical,0.0,0.0,0.0,72
IT,1952,marine_hw,historical,0.0,0.0,0.0,72
IT,1953,marine_hw,historical,0.0,0.0,0.0,72
IT,1954,marine_hw,historical,0.0,0.0,0.0,72
IT,1955,marine_hw,historical,0.0,0.0,0.0,72
IT,1956,marine_hw,historical,0.0,0.0,0.0,72
IT,1957,marine_hw,historical,0.0,0.0,0.0,72
IT,1958,marine_hw,historical,0.0,0.0,0.0,72
IT,1959,marine_hw,historical,0.0,0.0,0.0,72
IT,1960,marine_hw,historical,0.0,0.0,0.0,72
IT,1961,marine_hw,historical,0.0,0.0,0.0,72
IT,1962,marine_hw,historical,0.0,0.0,0.0,72
IT,1963,marine_hw,historical,0.0,0.0,0.0,72
IT,1964,marine_hw,historical,0.0,0.0,0.0,72
IT,1965,marine_hw,historical,0.0,0.0,0.0,72
IT,1966,marine_hw,historical,0.0,0.0,0.0,72
IT,1967,marine_hw,historical,0.0,0.0,0.0,72
IT,1968,marine_hw,historical,0.0,0.0,0.0,72
IT,1969,marine_hw,historical,0.0,0.0,0.0,72
IT,1970,marine_hw,historical,0.0,0.0,0.0,72
IT,1971,marine_hw,historical,0.0,0.0,0.0,72
IT,1972,marine_hw,historical,0.0,0.0,0.0,72
IT,1973,marine_hw,historical,0.0,0.0,0.0,72
IT,1974,marine_hw,historical,0.0,0.0,0.0,72
IT,1975,marine_hw,historical,0.0,0.0,0.0,72
IT,1976,marine_hw,historical,0.0,0.0,0.0,72
IT,1977,marine_hw,historical,0.0,0.0,0.0,72
IT,1978,marine_hw,historical,0.0,0.0,0.0,72
IT,1979,marine_hw,historical,0.0,0.0,0.0,72
IT,1980,marine_hw,historical,0.0,0.0,0.0,72
IT,1981,marine_hw,historical,0.0,0.0,0.0,72
IT,1982,marine_hw,historical,0.0,0.0,0.0,72
IT,1983,marine_hw,historical,0.0,0.0,0.0,72
IT,1984,marine_hw,historical,0.0,0.0,0.0,72
IT,1985,marine_hw,historical,0.0,0.0,0.0,72
IT,1986,marine_hw,historical,0.0,0.0,0.0,72
IT,1987,marine_hw,historical,0.0,0.0,0.0,72
IT,1988,marine_hw,historical,0.0,0.0,0.0,72
IT,1989,marine_hw,historical,0.0,0.0,0.0,72
IT,1990,marine_hw,historical,0.0,0.0,0.0,72
IT,1991,marine_hw,historical,0.0,0.0,0.0,72
IT,1992,marine_hw,historical,0.0,0.0,0.0,72
IT,1993,marine_hw,historical,0.0,0.0,0.0,72
IT,1994,marine_hw,historical,0.0,0.0,0.0,72
IT,1995,marine_hw,historical,0.0,0.0,0.0,72
IT,1996,marine_hw,historical,0.0,0.0,0.0,72
IT,1997,marine_hw,historical,0.0,0.0,0.0,72
IT,1998,marine_hw,historical,0.0,0.0,0.0,72
IT,1999,marine_hw,historical,0.0,0.0,0.0,72
IT,2000,marine_hw,historical,0.0,0.0,0.0,72
IT,2001,marine_hw,historical,0.0,0.0,0.0,72
IT,2002,marine_hw,historical,0.0,0.0,0.0,72
IT,2003,marine_hw,historical,0.0,0.0,0.0,72
IT,2004,marine_hw,historical,0.0,0.0,0.0,72
IT,2005,marine_hw,historical,0.0,0.0,0.0,72
IT,2006,marine_hw,historical,0.0,0.0,0.0,72
IT,2007,marine_hw,historical,0.0,0.0,0.0,72
IT,2008,marine_hw,historical,0.0,0.0,0.0,72
IT,2009,marine_hw,historical,0.0,0.0,0.0,72
IT,2010,marine_hw,historical,0.0,0.0,0.0,72
IT,2011,marine_hw,historical,0.0,0.0,0.0,72
IT,2012,marine_hw,historical,0.0,0.0,0.0,72
IT,2013,marine_hw,historical,0.00012205712638888888,0.006451595,0.0,72
IT,2014,marine_hw,historical,0.0,0.0,0.0,72
JP,1850,marine_hw,historical,0.005988513382142856,0.147178,0.0,336
JP,1851,marine_hw,historical,0.006327344306875,0.13795653,0.0,336
JP,1852,marine_hw,historical,0.007733301256547619,0.20349818,0.0,336
JP,1853,marine_hw,historical,0.005457556646428572,0.14249554,0.0,336
JP,1854,marine_hw,historical,0.0047041478123214285,0.13708866,0.0,336
JP,1855,marine_hw,historical,0.0013453127622023808,0.073511496,0.0,336
JP,1856,marine_hw,historical,0.006693793433333333,0.16812558,0.0,336
JP,1857,marine_hw,historical,0.006728110831160715,0.14563382,0.0,336
JP,1858,marine_hw,historical,0.005723803509702381,0.14722249,0.0,336
JP,1859,marine_hw,historical,0.003726012105654762,0.120083675,0.0,336
JP,1860,marine_hw,historical,0.001959032202202381,0.086295195,0.0,336
JP,1861,marine_hw,historical,0.003895124657738095,0.148655,0.0,336
JP,1862,marine_hw,historical,0.005538592130464285,0.16323252,0.0,336
JP,1863,marine_hw,historical,0.010317752830130953,0.213947,0.0,336
JP,1864,marine_hw,historical,0.005324976609744048,0.15193398,0.0,336
JP,1865,marine_hw,historical,0.0024688023458333333,0.10830401,0.0,336
JP,1866,marine_hw,historical,0.006173654116517857,0.16673756,0.0,336
JP,1867,marine_hw,historical,0.007391183978779762,0.191556,0.0,336
JP,1868,marine_hw,historical,0.0064558104648809525,0.15959314,0.0,336
JP,1869,marine_hw,historical,0.003471140596023809,0.10572857,0.0,336
JP,1870,marine_hw,historical,0.0022337825348214286,0.11627725,0.0,336
JP,1871,marine_hw,historical,0.0031193551535714284,0.13266766,0.0,336
JP,1872,marine_hw,historical,0.006788105840892857,0.18203677,0.0,336
JP,1873,marine_hw,historical,0.005021256129791667,0.13666925,0.0,336
JP,1874,marine_hw,historical,0.001459642407440476,0.07727888,0.0,336
JP,1875,marine_hw,historical,0.004191717800297619,0.14843893,0.0,336
JP,1876,marine_hw,historical,0.005828970047619048,0.18187065,0.0,336
JP,1877,marine_hw,historical,0.004194380993407738,0.14501834,0.0,336
JP,1878,marine_hw,historical,0.0010239357351190476,0.050755568,0.0,336
JP,1879,marine_hw,historical,0.0009201662305357143,0.03816886,0.0,336
JP,1880,marine_hw,historical,0.005119657381845237,0.13366534,0.0,336
JP,1881,marine_hw,historical,0.008199893452738095,0.211781,0.0,336
JP,1882,marine_hw,historical,0.005451530329642858,0.13444424,0.0,336
JP,1883,marine_hw,historical,0.004540160332142857,0.1602177,0.0,336
JP,1884,marine_hw,historical,0.003942744524107143,0.13513234,0.0,336
JP,1885,marine_hw,historical,0.007665997479702381,0.19272889,0.0,336
JP,1886,marine_hw,historical,0.008467780929761906,0.18844861,0.0,336
JP,1887,marine_hw,historical,0.005670908262916666,0.15496695,0.0,336
JP,1888,marine_hw,historical,0.0010575990928571428,0.08043895,0.0,336
JP,1889,marine_hw,historical,0.003923095851190476,0.1497253,0.0,336
JP,1890,marine_hw,historical,0.007784373747678572,0.18794566,0.0,336
JP,1891,marine_hw,historical,0.005709117722619048,0.17833567,0.0,336
JP,1892,marine_hw,historical,0.011388980515208333,0.19897096,0.0,336
JP,1893,marine_hw,historical,0.0063467241470238096,0.14919242,0.0,336
JP,1894,marine_hw,historical,0.005462856549404762,0.13507606,0.0,336
JP,1895,marine_hw,historical,0.007466279608035715,0.17650099,0.0,336
JP,1896,marine_hw,historical,0.0048794141875,0.15587476,0.0,336
JP,1897,marine_hw,historical,0.0058748585692559524,0.21379268,0.0,336
JP,1898,marine_hw,historical,0.005674140095535714,0.15739352,0.0,336
JP,1899,marine_hw,historical,0.009200942824851191,0.21900801,0.0,336
JP,1900,marine_hw,historical,0.0029538420622916665,0.112244785,0.0,336
JP,1901,marine_hw,historical,0.004422578399404762,0.118977964,0.0,336
JP,1902,marine_hw,historical,0.007640831391666666,0.21376091,0.0,336
JP,1903,marine_hw,historical,0.0013514698416666666,0.075426966,0.0,336
JP,1904,marine_hw,historical,0.0031613006726190474,0.0973105,0.0,336
JP,1905,marine_hw,historical,0.0011857587431547618,0.08007492,0.0,336
JP,1906,marine_hw,historical,0.00458722805,0.1618572,0.0,336
JP,1907,marine_hw,historical,0.0029580717392857143,0.10559966,0.0,336
JP,1908,marine_hw,historical,0.005913579760238095,0.16529323,0.0,336
JP,1909,marine_hw,historical,0.0050505333214285715,0.16302282,0.0,336
JP,1910,marine_hw,historical,0.006510422049702381,0.15426613,0.0,336
JP,1911,marine_hw,historical,0.0032333731648809525,0.111425035,0.0,336
JP,1912,marine_hw,historical,0.005896076589285714,0.16457425,0.0,336
JP,1913,marine_hw,historical,0.006227580033630952,0.1864015,0.0,336
JP,1914,marine_hw,historical,0.010296513047916667,0.20483355,0.0,336
JP,1915,marine_hw,historical,0.006797885325,0.16809563,0.0,336
JP,1916,marine_hw,historical,0.0045947277055952375,0.13828424,0.0,336
JP,1917,marine_hw,historical,0.0038006467863095235,0.11869745,0.0,336
JP,1918,marine_hw,historical,0.0040603663205357144,0.11658862,0.0,336
JP,1919,marine_hw,historical,0.009913873814880953,0.2144935,0.0,336
JP,1920,marine_hw,historical,0.0101716929025,0.20471281,0.0,336
JP,1921,marine_hw,historical,0.0026236729543749997,0.08880437,0.0,336
JP,1922,marine_hw,historical,0.00313446287610119,0.10412902,0.0,336
JP,1923,marine_hw,historical,0.010109127043154762,0.25282916,0.0,336
JP,1924,marine_hw,historical,0.003766817632470238,0.15807256,0.0,336
JP,1925,marine_hw,historical,0.002704634333809524,0.13204944,0.0,336
JP,1926,marine_hw,historical,0.007237613482589286,0.18439978,0.0,336
JP,1927,marine_hw,historical,0.006152667180357142,0.21859677,0.0,336
JP,1928,marine_hw,historical,0.0025398895667857143,0.08820522,0.0,336
JP,1929,marine_hw,historical,0.0033724568703571425,0.10184861,0.0,336
JP,1930,marine_hw,historical,0.005977449802083333,0.18134321,0.0,336
JP,1931,marine_hw,historical,0.011215605574880952,0.2883561,0.0,336
JP,1932,marine_hw,historical,0.007388102231488096,0.18156108,0.0,336
JP,1933,marine_hw,historical,0.006028945653869047,0.13306528,0.0,336
JP,1934,marine_hw,historical,0.004007294400595238,0.123913705,0.0,336
JP,1935,marine_hw,historical,0.008676735492261905,0.20535645,0.0,336
JP,1936,marine_hw,historical,0.006853338041964285,0.16178003,0.0,336
JP,1937,marine_hw,historical,0.003957592886011905,0.13953337,0.0,336
JP,1938,marine_hw,historical,0.007236880051279762,0.16132703,0.0,336
JP,1939,marine_hw,historical,0.010602262879464286,0.19843353,0.0,336
JP,1940,marine_hw,historical,0.004017673348809524,0.1277419,0.0,336
JP,1941,marine_hw,historical,0.0057053143997619045,0.16223395,0.0,336
JP,1942,marine_hw,historical,0.007469225190476191,0.1871087,0.0,336
JP,1943,marine_hw,historical,0.0066444234672619045,0.16793221,0.0,336
JP,1944,marine_hw,historical,0.0064977453863095235,0.18985206,0.0,336
JP,1945,marine_hw,historical,0.00394125733177381,0.14334434,0.0,336
JP,1946,marine_hw,historical,0.005027545441666666,0.18047172,0.0,336
JP,1947,marine_hw,historical,0.0076343824026785705,0.17243947,0.0,336
JP,1948,marine_hw,historical,0.0030562681011071426,0.12297322,0.0,336
JP,1949,marine_hw,historical,0.004580392222648809,0.14704092,0.0,336
JP,1950,marine_hw,historical,0.007681519896824405,0.18358004,0.0,336
JP,1951,marine_hw,historical,0.007300264643154762,0.18679821,0.0,336
JP,1952,marine_hw,historical,0.006172531556249999,0.19798054,0.0,336
JP,1953,marine_hw,historical,0.0027203808139880954,0.1159341,0.0,336
JP,1954,marine_hw,historical,0.006468540927785715,0.20750976,0.0,336
JP,1955,marine_hw,historical,0.006033510969642856,0.16872656,0.0,336
JP,1956,marine_hw,historical,0.008216308861904761,0.197779,0.0,336
JP,1957,marine_hw,historical,0.012587294293452381,0.21881282,0.0,336
JP,1958,marine_hw,historical,0.007602196768154762,0.1714654,0.0,336
JP,1959,marine_hw,historical,0.005508009270535715,0.14715257,0.0,336
JP,1960,marine_hw,historical,0.008765698426190476,0.19235215,0.0,336
JP,1961,marine_hw,historical,0.0075463483018452385,0.17861708,0.0,336
JP,1962,marine_hw,historical,0.003172186584077381,0.1267052,0.0,336
JP,1963,marine_hw,historical,0.001516529636904762,0.105404474,0.0,336
JP,1964,marine_hw,historical,0.003635173974107143,0.10264838,0.0,336
JP,1965,marine_hw,historical,0.011997792058035714,0.25305158,0.0,336
JP,1966,marine_hw,historical,0.0010455026545535715,0.056023553,0.0,336
JP,1967,marine_hw,historical,0.0024841493829761904,0.110013396,0.0,336
JP,1968,marine_hw,historical,0.006945717656547619,0.19297491,0.0,336
JP,1969,marine_hw,historical,0.008240064116666666,0.23398316,0.0,336
JP,1970,marine_hw,historical,0.003932319305059524,0.13302988,0.0,336
JP,1971,marine_hw,historical,0.0019298102752380952,0.08595295,0.0,336
JP,1972,marine_hw,historical,0.0041697393613095235,0.1785027,0.0,336
JP,1973,marine_hw,historical,0.012678942131130952,0.22354159,0.0,336
JP,1974,marine_hw,historical,0.00470831828720238,0.12468806,0.0,336
JP,1975,marine_hw,historical,0.0028865302572916667,0.122016385,0.0,336
JP,1976,marine_hw,historical,0.005807121782440476,0.16289845,0.0,336
JP,1977,marine_hw,historical,0.00780719822485119,0.21834622,0.0,336
JP,1978,marine_hw,historical,0.005798705718154762,0.14687026,0.0,336
JP,1979,marine_hw,historical,0.0070357475863095245,0.18921116,0.0,336
JP,1980,marine_hw,historical,0.006328947254910715,0.16145322,0.0,336
JP,1981,marine_hw,historical,0.012416297433333334,0.19526622,0.0,336
JP,1982,marine_hw,historical,0.0021959651110119048,0.06500174,0.0,336
JP,1983,marine_hw,historical,0.0031296612210119043,0.14439648,0.0,336
JP,1984,marine_hw,historical,0.0076908364735119045,0.19825107,0.0,336
JP,1985,marine_hw,historical,0.006039943145178571,0.15650114,0.0,336
JP,1986,marine_hw,historical,0.0026670587818452382,0.11518788,0.0,336
JP,1987,marine_hw,historical,0.004882747329315476,0.1489573,0.0,336
JP,1988,marine_hw,historical,0.010028588519166668,0.23715049,0.0,336
JP,1989,marine_hw,historical,0.00997803666220238,0.22309858,0.0,336
JP,1990,marine_hw,historical,0.006417430811607143,0.18582867,0.0,336
JP,1991,marine_hw,historical,0.005731873170446429,0.14324085,0.0,336
JP,1992,marine_hw,historical,0.002321956207142857,0.10464101,0.0,336
JP,1993,marine_hw,historical,0.005692698220982143,0.1860293,0.0,336
JP,1994,marine_hw,historical,0.012533462153273809,0.25230086,0.0,336
JP,1995,marine_hw,historical,0.006421226997854167,0.18141404,0.0,336
JP,1996,marine_hw,historical,0.004763786164583333,0.13953973,0.0,336
JP,1997,marine_hw,historical,0.010899722267410714,0.23811275,0.0,336
JP,1998,marine_hw,historical,0.013022570183035714,0.2355464,0.0,336
JP,1999,marine_hw,historical,0.00592418840625,0.16014689,0.0,336
JP,2000,marine_hw,historical,0.006972047189583333,0.19513549,0.0,336
JP,2001,marine_hw,historical,0.00738573248485119,0.17032792,0.0,336
JP,2002,marine_hw,historical,0.016391358469642858,0.30606464,0.0,336
JP,2003,marine_hw,historical,0.008371478374107143,0.18023297,0.0,336
JP,2004,marine_hw,historical,0.0071991003726190475,0.15905753,0.0,336
JP,2005,marine_hw,historical,0.00565337826797619,0.1422686,0.0,336
JP,2006,marine_hw,historical,0.008484678860684524,0.21422571,0.0,336
JP,2007,marine_hw,historical,0.013054591194345237,0.3069307,0.0,336
JP,2008,marine_hw,historical,0.012470804989880952,0.21473408,0.0,336
JP,2009,marine_hw,historical,0.010963716761904762,0.20863634,0.0,336
JP,2010,marine_hw,historical,0.014422931260714285,0.22016093,0.0,336
JP,2011,marine_hw,historical,0.018722727050595238,0.25997633,0.0,336
JP,2012,marine_hw,historical,0.007353529557321429,0.18160829,0.0,336
JP,2013,marine_hw,historical,0.011193126323928571,0.24878037,0.0,336
JP,2014,marine_hw,historical,0.013065572424404762,0.23556001,0.0,336
KE,1850,marine_hw,historical,0.05549721466666666,0.19866684,0.0,12
KE,1851,marine_hw,historical,0.03365808724916667,0.14914703,0.0,12
KE,1852,marine_hw,historical,0.05351351291666667,0.19003181,0.0,12
KE,1853,marine_hw,historical,0.08791374950000001,0.2820886,0.0,12
KE,1854,marine_hw,historical,0.0454293925,0.21899168,0.0,12
KE,1855,marine_hw,historical,0.018208058083333332,0.07631207,0.0,12
KE,1856,marine_hw,historical,0.048507671583333335,0.17043504,0.0,12
KE,1857,marine_hw,historical,0.08706985691666667,0.22995341,0.0,12
KE,1858,marine_hw,historical,0.04941323116666666,0.20451674,0.0,12
KE,1859,marine_hw,historical,0.046227277000000004,0.22081727,0.0,12
KE,1860,marine_hw,historical,0.018443401666666668,0.09858959,0.0,12
KE,1861,marine_hw,historical,0.016638162008333336,0.0813749,0.0,12
KE,1862,marine_hw,historical,0.06989667825,0.1959171,0.0,12
KE,1863,marine_hw,historical,0.08059647566666667,0.25911298,0.0,12
KE,1864,marine_hw,historical,0.025224580958333336,0.14765641,0.0,12
KE,1865,marine_hw,historical,0.022680989666666665,0.11934563,0.0,12
KE,1866,marine_hw,historical,0.03435909775,0.15063038,0.0,12
KE,1867,marine_hw,historical,0.08251857933333333,0.22315395,0.0,12
KE,1868,marine_hw,historical,0.08673381666666667,0.22771294,0.0,12
KE,1869,marine_hw,historical,0.031015078333333335,0.14221323,0.0,12
KE,1870,marine_hw,historical,0.025474700500000003,0.10208736,0.0,12
KE,1871,marine_hw,historical,0.06721514466666666,0.19545867,0.0,12
KE,1872,marine_hw,historical,0.107550525,0.25526845,0.0,12
KE,1873,marine_hw,historical,0.05863231916666667,0.2401408,0.0,12
KE,1874,marine_hw,historical,0.011739545175,0.06037738,0.0,12
KE,1875,marine_hw,historical,0.024322276299166667,0.10097621,0.0,12
KE,1876,marine_hw,historical,0.07536409708333333,0.2449703,0.0,12
KE,1877,marine_hw,historical,0.06573167921666667,0.24611959,0.0,12
KE,1878,marine_hw,historical,0.008418532583333334,0.048253827,0.0,12
KE,1879,marine_hw,historical,0.030875937275,0.13235627,0.0,12
KE,1880,marine_hw,historical,0.08099664483333334,0.2437466,0.0,12
KE,1881,marine_hw,historical,0.07145758391666666,0.22757587,0.0,12
KE,1882,marine_hw,historical,0.057442971291666665,0.23082036,0.0,12
KE,1883,marine_hw,historical,0.0039621828833333326,0.021889376,0.0,12
KE,1884,marine_hw,historical,0.02216696425,0.10147187,0.0,12
KE,1885,marine_hw,historical,0.060724524658333334,0.22444668,0.0,12
KE,1886,marine_hw,historical,0.09555404391666666,0.2599282,0.0,12
KE,1887,marine_hw,historical,0.07031598866666666,0.22931615,0.0,12
KE,1888,marine_hw,historical,0.012470488850000001,0.08611091,0.0,12
KE,1889,marine_hw,historical,0.02326602575,0.097625494,0.0,12
KE,1890,marine_hw,historical,0.07971332666666667,0.22939421,0.0,12
KE,1891,marine_hw,historical,0.07859914691666665,0.21104112,0.0,12
KE,1892,marine_hw,historical,0.07226321182166666,0.27091718,0.0,12
KE,1893,marine_hw,historical,0.043329291250000006,0.15954956,0.0,12
KE,1894,marine_hw,historical,0.033046607166666665,0.12669249,0.0,12
KE,1895,marine_hw,historical,0.08135507625,0.23683275,0.0,12
KE,1896,marine_hw,historical,0.07733005975,0.21535501,0.0,12
KE,1897,marine_hw,historical,0.024289003166666667,0.08866547,0.0,12
KE,1898,marine_hw,historical,0.049763780333333334,0.17806877,0.0,12
KE,1899,marine_hw,historical,0.08554838875,0.22335005,0.0,12
KE,1900,marine_hw,historical,0.09327030783333333,0.28385246,0.0,12
KE,1901,marine_hw,historical,0.07336660625000001,0.21820371,0.0,12
KE,1902,marine_hw,historical,0.07843459433333334,0.21853596,0.0,12
KE,1903,marine_hw,historical,0.04443080891666667,0.16268058,0.0,12
KE,1904,marine_hw,historical,0.021926546850000003,0.11671844,0.0,12
KE,1905,marine_hw,historical,0.030933752999999998,0.11666306,0.0,12
KE,1906,marine_hw,historical,0.04172873024999999,0.14012891,0.0,12
KE,1907,marine_hw,historical,0.05894383103333334,0.21960625,0.0,12
KE,1908,marine_hw,historical,0.03075149166666667,0.13521858,0.0,12
KE,1909,marine_hw,historical,0.10029972896666667,0.2763749,0.0,12
KE,1910,marine_hw,historical,0.06729499851666666,0.21325435,0.0,12
KE,1911,marine_hw,historical,0.03107659545583334,0.15115781,0.0,12
KE,1912,marine_hw,historical,0.074748937125,0.23564443,0.0,12
KE,1913,marine_hw,historical,0.06718184133333334,0.20969123,0.0,12
KE,1914,marine_hw,historical,0.088117187,0.28131515,0.0,12
KE,1915,marine_hw,historical,0.085178789775,0.29512286,0.0,12
KE,1916,marine_hw,historical,0.026232139516666666,0.1356734,0.0,12
KE,1917,marine_hw,historical,0.04442584910833333,0.16950636,0.0,12
KE,1918,marine_hw,historical,0.062083205166666676,0.19042853,0.0,12
KE,1919,marine_hw,historical,0.091842787,0.20406736,0.0,12
KE,1920,marine_hw,historical,0.07796929281666666,0.25774676,0.0,12
KE,1921,marine_hw,historical,0.024430451108333334,0.13860923,0.0,12
KE,1922,marine_hw,historical,0.0224253996775,0.101326615,0.0,12
KE,1923,marine_hw,historical,0.08820679139416666,0.24702649,0.0,12
KE,1924,marine_hw,historical,0.061250335999999996,0.18371713,0.0,12
KE,1925,marine_hw,historical,0.023834964833333333,0.09656337,0.0,12
KE,1926,marine_hw,historical,0.06323375741666666,0.17670615,0.0,12
KE,1927,marine_hw,historical,0.09318837916666667,0.21913329,0.0,12
KE,1928,marine_hw,historical,0.053608424749999994,0.25217646,0.0,12
KE,1929,marine_hw,historical,0.02874878591666667,0.12395909,0.0,12
KE,1930,marine_hw,historical,0.0466068485,0.15014017,0.0,12
KE,1931,marine_hw,historical,0.08915886425000001,0.22374856,0.0,12
KE,1932,marine_hw,historical,0.10345519400000001,0.2886502,0.0,12
KE,1933,marine_hw,historical,0.046975747250000005,0.17570393,0.0,12
KE,1934,marine_hw,historical,0.036577345191666666,0.1277292,0.0,12
KE,1935,marine_hw,historical,0.08802955666666668,0.24102136,0.0,12
KE,1936,marine_hw,historical,0.09342132216666667,0.25589845,0.0,12
KE,1937,marine_hw,historical,0.04280129891666667,0.1817717,0.0,12
KE,1938,marine_hw,historical,0.059912190691666665,0.175595,0.0,12
KE,1939,marine_hw,historical,0.10100713158333334,0.31937215,0.0,12
KE,1940,marine_hw,historical,0.06713599575833333,0.22219259,0.0,12
KE,1941,marine_hw,historical,0.023586841132499998,0.15675715,0.0,12
KE,1942,marine_hw,historical,0.05520970133333333,0.20448224,0.0,12
KE,1943,marine_hw,historical,0.05650987541666667,0.17955847,0.0,12
KE,1944,marine_hw,historical,0.08239536125000001,0.23023212,0.0,12
KE,1945,marine_hw,historical,0.08028567579,0.25721386,0.0,12
KE,1946,marine_hw,historical,0.059990263499999995,0.18261777,0.0,12
KE,1947,marine_hw,historical,0.09186177805,0.21814743,0.0,12
KE,1948,marine_hw,historical,0.07754767895,0.289588,0.0,12
KE,1949,marine_hw,historical,0.024276232874999998,0.09318997,0.0,12
KE,1950,marine_hw,historical,0.026190717083333332,0.10431692,0.0,12
KE,1951,marine_hw,historical,0.08446218847999999,0.23918216,0.0,12
KE,1952,marine_hw,historical,0.10183961716666667,0.28837878,0.0,12
KE,1953,marine_hw,historical,0.029458875083333336,0.13679363,0.0,12
KE,1954,marine_hw,historical,0.022339658808333333,0.102074645,0.0,12
KE,1955,marine_hw,historical,0.07755341933333333,0.21091221,0.0,12
KE,1956,marine_hw,historical,0.09383950583333334,0.2500395,0.0,12
KE,1957,marine_hw,historical,0.08726922566666667,0.25851658,0.0,12
KE,1958,marine_hw,historical,0.049064638083333334,0.16414304,0.0,12
KE,1959,marine_hw,historical,0.06805973191666666,0.2249051,0.0,12
KE,1960,marine_hw,historical,0.07551095055833333,0.20668548,0.0,12
KE,1961,marine_hw,historical,0.12782851559166666,0.28731304,0.0,12
KE,1962,marine_hw,historical,0.06692694125,0.24740233,0.0,12
KE,1963,marine_hw,historical,0.00983599343,0.08921288,0.0,12
KE,1964,marine_hw,historical,0.04832884808333334,0.16940376,0.0,12
KE,1965,marine_hw,historical,0.11467572991666665,0.28178358,0.0,12
KE,1966,marine_hw,historical,0.04879392791666667,0.22105421,0.0,12
KE,1967,marine_hw,historical,0.027518002333333333,0.11621552,0.0,12
KE,1968,marine_hw,historical,0.09970100155,0.26960266,0.0,12
KE,1969,marine_hw,historical,0.11277070533333333,0.28860486,0.0,12
KE,1970,marine_hw,historical,0.055165052,0.18318334,0.0,12
KE,1971,marine_hw,historical,0.038512194625,0.15173337,0.0,12
KE,1972,marine_hw,historical,0.030139789166666667,0.12922436,0.0,12
KE,1973,marine_hw,historical,0.09207526158333333,0.27435774,0.0,12
KE,1974,marine_hw,historical,0.07286743362499999,0.26175743,0.0,12
KE,1975,marine_hw,historical,0.050672888916666665,0.21022591,0.0,12
KE,1976,marine_hw,historical,0.05003607833333334,0.16521789,0.0,12
KE,1977,marine_hw,historical,0.12063959319999999,0.25163084,0.0,12
KE,1978,marine_hw,historical,0.06965329478333333,0.2697007,0.0,12
KE,1979,marine_hw,historical,0.05715520281666667,0.18471116,0.0,12
KE,1980,marine_hw,historical,0.09282427491666667,0.23299274,0.0,12
KE,1981,marine_hw,historical,0.08708271733333334,0.24728522,0.0,12
KE,1982,marine_hw,historical,0.040530411333333335,0.155646,0.0,12
KE,1983,marine_hw,historical,0.019197379525,0.10247227,0.0,12
KE,1984,marine_hw,historical,0.06771993232916666,0.19233945,0.0,12
KE,1985,marine_hw,historical,0.12674060116666666,0.29881036,0.0,12
KE,1986,marine_hw,historical,0.059342434275,0.19882117,0.0,12
KE,1987,marine_hw,historical,0.04155379532,0.16240914,0.0,12
KE,1988,marine_hw,historical,0.1161493890325,0.31344235,0.0,12
KE,1989,marine_hw,historical,0.08629940136666665,0.3045123,0.0,12
KE,1990,marine_hw,historical,0.06570454366666667,0.19548407,0.0,12
KE,1991,marine_hw,historical,0.05490324254166667,0.20144835,0.0,12
KE,1992,marine_hw,historical,0.036494661,0.1364414,0.0,12
KE,1993,marine_hw,historical,0.08493869,0.22068474,0.0,12
KE,1994,marine_hw,historical,0.0914148375,0.24671149,0.0,12
KE,1995,marine_hw,historical,0.054790250816666664,0.1951128,0.0,12
KE,1996,marine_hw,historical,0.054423509,0.19011804,0.0,12
KE,1997,marine_hw,historical,0.139805349,0.3140887,0.0,12
KE,1998,marine_hw,historical,0.11071233291666667,0.27655646,0.0,12
KE,1999,marine_hw,historical,0.049525774333333335,0.18041089,0.0,12
KE,2000,marine_hw,historical,0.06947010370833334,0.17850451,0.0,12
KE,2001,marine_hw,historical,0.10105532058333333,0.23209944,0.0,12
KE,2002,marine_hw,historical,0.139539029275,0.32696047,0.0,12
KE,2003,marine_hw,historical,0.08211026155833333,0.27276093,0.0,12
KE,2004,marine_hw,historical,0.03550282225,0.15694779,0.0,12
KE,2005,marine_hw,historical,0.06208603956666667,0.1835737,0.0,12
KE,2006,marine_hw,historical,0.12957733525,0.31674856,0.0,12
KE,2007,marine_hw,historical,0.12070786583333333,0.31189635,0.0,12
KE,2008,marine_hw,historical,0.10940630491666666,0.288495,0.0,12
KE,2009,marine_hw,historical,0.11587034316666667,0.26775074,0.0,12
KE,2010,marine_hw,historical,0.1589093725,0.33256164,0.01230404,12
KE,2011,marine_hw,historical,0.10933685766666668,0.2706775,0.0,12
KE,2012,marine_hw,historical,0.054309567,0.22620781,0.0,12
KE,2013,marine_hw,historical,0.07071229683333334,0.19891013,0.0,12
KE,2014,marine_hw,historical,0.13294975911666665,0.29443294,0.0,12
KI,1850,marine_hw,historical,0.07180225105107144,0.20021556,0.0,168
KI,1851,marine_hw,historical,0.08166618642678572,0.2085728,0.0,168
KI,1852,marine_hw,historical,0.10212233188095238,0.24069273,0.0,168
KI,1853,marine_hw,historical,0.0781091637297619,0.23912223,0.0,168
KI,1854,marine_hw,historical,0.039463229140357145,0.13883346,0.0,168
KI,1855,marine_hw,historical,0.052295025221428565,0.16462328,0.0,168
KI,1856,marine_hw,historical,0.07852029083154762,0.22618511,0.0,168
KI,1857,marine_hw,historical,0.061987091172678574,0.21049826,0.0,168
KI,1858,marine_hw,historical,0.10258370678714285,0.25880072,0.0,168
KI,1859,marine_hw,historical,0.033580015417916664,0.13121517,0.0,168
KI,1860,marine_hw,historical,0.011904791694345239,0.08850388,0.0,168
KI,1861,marine_hw,historical,0.07726642644916668,0.21315812,0.0,168
KI,1862,marine_hw,historical,0.08250623117440477,0.2269277,0.0,168
KI,1863,marine_hw,historical,0.03602508958113095,0.1687438,0.0,168
KI,1864,marine_hw,historical,0.014583161478928571,0.12167414,0.0,168
KI,1865,marine_hw,historical,0.04515171650436905,0.16882005,0.0,168
KI,1866,marine_hw,historical,0.07903846618848213,0.21584705,0.0,168
KI,1867,marine_hw,historical,0.06758815611005953,0.23172,0.0,168
KI,1868,marine_hw,historical,0.05535713795755952,0.20808622,0.0,168
KI,1869,marine_hw,historical,0.033723643911309525,0.13184065,0.0,168
KI,1870,marine_hw,historical,0.06681781884404761,0.1944737,0.0,168
KI,1871,marine_hw,historical,0.08222650271130953,0.21547756,0.0,168
KI,1872,marine_hw,historical,0.07067408167857143,0.22957577,0.0,168
KI,1873,marine_hw,historical,0.018845619151666666,0.1404203,0.0,168
KI,1874,marine_hw,historical,0.018761061987261903,0.10245048,0.0,168
KI,1875,marine_hw,historical,0.07079477295273809,0.20070486,0.0,168
KI,1876,marine_hw,historical,0.05570194957023809,0.1877968,0.0,168
KI,1877,marine_hw,historical,0.02186490939029762,0.09323445,0.0,168
KI,1878,marine_hw,historical,0.012944559591630952,0.09054917,0.0,168
KI,1879,marine_hw,historical,0.08242321505238095,0.2208336,0.0,168
KI,1880,marine_hw,historical,0.0833366589625,0.24912533,0.0,168
KI,1881,marine_hw,historical,0.05546668011130953,0.17675698,0.0,168
KI,1882,marine_hw,historical,0.02272157160559524,0.09972707,0.0,168
KI,1883,marine_hw,historical,0.0334154415175,0.14143069,0.0,168
KI,1884,marine_hw,historical,0.06734623300107143,0.23702793,0.0,168
KI,1885,marine_hw,historical,0.07216456074404762,0.2369326,0.0,168
KI,1886,marine_hw,historical,0.071342346565,0.22460282,0.0,168
KI,1887,marine_hw,historical,0.030936448174583336,0.13722755,0.0,168
KI,1888,marine_hw,historical,0.022570229914428572,0.11907147,0.0,168
KI,1889,marine_hw,historical,0.075672129275,0.21076515,0.0,168
KI,1890,marine_hw,historical,0.08987825742916666,0.2516082,0.0,168
KI,1891,marine_hw,historical,0.08841238213035714,0.25075394,0.0,168
KI,1892,marine_hw,historical,0.06602647869255952,0.21989313,0.0,168
KI,1893,marine_hw,historical,0.030761815307738097,0.119724184,0.0,168
KI,1894,marine_hw,historical,0.07742154660846429,0.20008847,0.0,168
KI,1895,marine_hw,historical,0.07773669869464286,0.26474774,0.0,168
KI,1896,marine_hw,historical,0.04331142986940476,0.24943578,0.0,168
KI,1897,marine_hw,historical,0.03534963333214286,0.13111985,0.0,168
KI,1898,marine_hw,historical,0.09752504975,0.24250926,0.0,168
KI,1899,marine_hw,historical,0.08162094905357142,0.23140863,0.0,168
KI,1900,marine_hw,historical,0.0786260235529762,0.21226212,0.0,168
KI,1901,marine_hw,historical,0.09574612307839285,0.23846316,0.0,168
KI,1902,marine_hw,historical,0.0912070644172619,0.27265742,0.0,168
KI,1903,marine_hw,historical,0.044758452994404764,0.16291933,0.0,168
KI,1904,marine_hw,historical,0.023639103679464285,0.12487325,0.0,168
KI,1905,marine_hw,historical,0.06343064703059524,0.18330498,0.0,168
KI,1906,marine_hw,historical,0.07518490555833333,0.22418885,0.0,168
KI,1907,marine_hw,historical,0.04612772500297619,0.17221978,0.0,168
KI,1908,marine_hw,historical,0.08574416554654762,0.22707477,0.0,168
KI,1909,marine_hw,historical,0.08072822972708334,0.23674288,0.0,168
KI,1910,marine_hw,historical,0.07426782387738096,0.1986378,0.0,168
KI,1911,marine_hw,historical,0.08378137824404762,0.2307205,0.0,168
KI,1912,marine_hw,historical,0.08822946177005953,0.2178778,0.0,168
KI,1913,marine_hw,historical,0.08813746298988095,0.22366597,0.0,168
KI,1914,marine_hw,historical,0.06178825541378929,0.18433443,0.0,168
KI,1915,marine_hw,historical,0.053147592801666664,0.18410021,0.0,168
KI,1916,marine_hw,historical,0.05334102993694048,0.17245491,0.0,168
KI,1917,marine_hw,historical,0.09498092155833333,0.22030163,0.0,168
KI,1918,marine_hw,historical,0.11105702493660714,0.24910626,0.0,168
KI,1919,marine_hw,historical,0.08666372594166666,0.24083254,0.0,168
KI,1920,marine_hw,historical,0.07625396762023809,0.2099672,0.0,168
KI,1921,marine_hw,historical,0.03431117323630952,0.12189656,0.0,168
KI,1922,marine_hw,historical,0.08809037499242857,0.26430112,0.0,168
KI,1923,marine_hw,historical,0.07599335339029761,0.25422263,0.0,168
KI,1924,marine_hw,historical,0.04361683846845238,0.16228023,0.0,168
KI,1925,marine_hw,historical,0.051693246015357144,0.16938472,0.0,168
KI,1926,marine_hw,historical,0.09616996224255951,0.25905037,0.0,168
KI,1927,marine_hw,historical,0.07585234284285713,0.23511973,0.0,168
KI,1928,marine_hw,historical,0.05091882608288095,0.16162297,0.0,168
KI,1929,marine_hw,historical,0.06187470970535715,0.16735122,0.0,168
KI,1930,marine_hw,historical,0.09743484055654761,0.22106147,0.0,168
KI,1931,marine_hw,historical,0.09399401030684523,0.2528437,0.0,168
KI,1932,marine_hw,historical,0.03749167109255952,0.1951718,0.0,168
KI,1933,marine_hw,historical,0.034647787948214284,0.14355586,0.0,168
KI,1934,marine_hw,historical,0.10798889874047618,0.24396718,0.0,168
KI,1935,marine_hw,historical,0.09625104929523809,0.26187453,0.0,168
KI,1936,marine_hw,historical,0.0835865395685119,0.254111,0.0,168
KI,1937,marine_hw,historical,0.07389595333125,0.19868772,0.0,168
KI,1938,marine_hw,historical,0.09238507947142857,0.25506598,0.0,168
KI,1939,marine_hw,historical,0.06806694097660715,0.23322514,0.0,168
KI,1940,marine_hw,historical,0.041002053856666665,0.14295308,0.0,168
KI,1941,marine_hw,historical,0.03565375965,0.14698645,0.0,168
KI,1942,marine_hw,historical,0.07060796223690476,0.19002637,0.0,168
KI,1943,marine_hw,historical,0.10474130132440476,0.2383733,0.0,168
KI,1944,marine_hw,historical,0.09455238945654762,0.24662252,0.0,168
KI,1945,marine_hw,historical,0.10402556418630951,0.25827056,0.0,168
KI,1946,marine_hw,historical,0.09696639167339285,0.25183785,0.0,168
KI,1947,marine_hw,historical,0.07534424164440476,0.22739613,0.0,168
KI,1948,marine_hw,historical,0.03963240231964286,0.17952941,0.0,168
KI,1949,marine_hw,historical,0.025696858645535715,0.11611112,0.0,168
KI,1950,marine_hw,historical,0.0845417523807262,0.2086409,0.0,168
KI,1951,marine_hw,historical,0.10204291507440477,0.27310225,0.0,168
KI,1952,marine_hw,historical,0.06377067982589286,0.19596612,0.0,168
KI,1953,marine_hw,historical,0.06319408883130952,0.19708726,0.0,168
KI,1954,marine_hw,historical,0.09443880603458334,0.2245892,0.0,168
KI,1955,marine_hw,historical,0.08288925736428572,0.23574066,0.0,168
KI,1956,marine_hw,historical,0.10382424568095239,0.2455513,0.0,168
KI,1957,marine_hw,historical,0.0777552641857738,0.21597505,0.0,168
KI,1958,marine_hw,historical,0.09444409446547619,0.20621705,0.0,168
KI,1959,marine_hw,historical,0.10507154111904761,0.23779048,0.0,168
KI,1960,marine_hw,historical,0.10591902292083333,0.24290869,0.0,168
KI,1961,marine_hw,historical,0.05446647548690476,0.20034084,0.0,168
KI,1962,marine_hw,historical,0.024281797714880954,0.1242986,0.0,168
KI,1963,marine_hw,historical,0.019609075011785715,0.100631244,0.0,168
KI,1964,marine_hw,historical,0.053873307383482144,0.16410945,0.0,168
KI,1965,marine_hw,historical,0.04181320903333333,0.18160102,0.0,168
KI,1966,marine_hw,historical,0.026869553532738094,0.117166,0.0,168
KI,1967,marine_hw,historical,0.0735793324125,0.24014714,0.0,168
KI,1968,marine_hw,historical,0.09262425979107143,0.24162324,0.0,168
KI,1969,marine_hw,historical,0.08781850501428572,0.23548102,0.0,168
KI,1970,marine_hw,historical,0.0560682168470238,0.2327567,0.0,168
KI,1971,marine_hw,historical,0.03928923169702381,0.14920422,0.0,168
KI,1972,marine_hw,historical,0.10604903888869047,0.26692557,0.0,168
KI,1973,marine_hw,historical,0.07621208120535715,0.24119838,0.0,168
KI,1974,marine_hw,historical,0.09448868625216071,0.2262995,0.0,168
KI,1975,marine_hw,historical,0.060539864513095246,0.18264772,0.0,168
KI,1976,marine_hw,historical,0.09935017029666666,0.25314057,0.0,168
KI,1977,marine_hw,historical,0.08975077146785713,0.25494796,0.0,168
KI,1978,marine_hw,historical,0.08795271319107142,0.20058231,0.0,168
KI,1979,marine_hw,historical,0.10136433286773809,0.24609055,0.0,168
KI,1980,marine_hw,historical,0.08021928428660714,0.24396172,0.0,168
KI,1981,marine_hw,historical,0.051859096872619054,0.20706767,0.0,168
KI,1982,marine_hw,historical,0.042353505372619046,0.14462435,0.0,168
KI,1983,marine_hw,historical,0.056764849252380956,0.1604728,0.0,168
KI,1984,marine_hw,historical,0.07402327199452381,0.21241464,0.0,168
KI,1985,marine_hw,historical,0.06142352086571429,0.22617875,0.0,168
KI,1986,marine_hw,historical,0.060539714922619045,0.18625897,0.0,168
KI,1987,marine_hw,historical,0.11233956255607143,0.25022924,0.0,168
KI,1988,marine_hw,historical,0.09150332450714285,0.24307027,0.0,168
KI,1989,marine_hw,historical,0.09131413480363096,0.2397686,0.0,168
KI,1990,marine_hw,historical,0.08815720465416667,0.20992815,0.0,168
KI,1991,marine_hw,historical,0.08780464835416667,0.22488786,0.0,168
KI,1992,marine_hw,historical,0.09786909399404763,0.23402128,0.0,168
KI,1993,marine_hw,historical,0.10736491226369047,0.26709804,0.0,168
KI,1994,marine_hw,historical,0.07534727318869047,0.25067586,0.0,168
KI,1995,marine_hw,historical,0.059138780749642864,0.20654023,0.0,168
KI,1996,marine_hw,historical,0.11390649522261904,0.25009668,0.0,168
KI,1997,marine_hw,historical,0.1217324880125,0.28033838,0.0,168
KI,1998,marine_hw,historical,0.0960987334250232,0.28085944,0.0,168
KI,1999,marine_hw,historical,0.06843455668535714,0.18585409,0.0,168
KI,2000,marine_hw,historical,0.13209966292619046,0.30174986,0.0,168
KI,2001,marine_hw,historical,0.11531594356785714,0.26547396,0.0,168
KI,2002,marine_hw,historical,0.09701448186583334,0.26185095,0.0,168
KI,2003,marine_hw,historical,0.032702423577619044,0.13454953,0.0,168
KI,2004,marine_hw,historical,0.05024030057940476,0.19430575,0.0,168
KI,2005,marine_hw,historical,0.11534222428273809,0.23988388,0.0,168
KI,2006,marine_hw,historical,0.10053035002083334,0.26837987,0.0,168
KI,2007,marine_hw,historical,0.14254766669464286,0.31656793,0.0,168
KI,2008,marine_hw,historical,0.13212385151041667,0.2882998,0.0,168
KI,2009,marine_hw,historical,0.14187519149404762,0.32295072,0.0,168
KI,2010,marine_hw,historical,0.12440953706988096,0.30585128,0.0,168
KI,2011,marine_hw,historical,0.10439094155357143,0.287185,0.0,168
KI,2012,marine_hw,historical,0.09756836078988096,0.24041767,0.0,168
KI,2013,marine_hw,historical,0.15651290343214286,0.31448543,0.0,168
KI,2014,marine_hw,historical,0.1369350881674405,0.3394092,0.0,168
KM,1850,marine_hw,historical,0.07472057833333333,0.20832407,0.0,12
KM,1851,marine_hw,historical,0.06800825961666666,0.227161,0.0,12
KM,1852,marine_hw,historical,0.063073634275,0.27085,0.0,12
KM,1853,marine_hw,historical,0.09070866069166666,0.262874,0.0,12
KM,1854,marine_hw,historical,0.054234352391666664,0.21415581,0.0,12
KM,1855,marine_hw,historical,0.040244888166666666,0.16977505,0.0,12
KM,1856,marine_hw,historical,0.07797793691666667,0.18733564,0.0,12
KM,1857,marine_hw,historical,0.11024321708333334,0.29050395,0.0,12
KM,1858,marine_hw,historical,0.0856957795,0.25298804,0.0,12
KM,1859,marine_hw,historical,0.062260372583333334,0.2103185,0.0,12
KM,1860,marine_hw,historical,0.03840423975,0.18275848,0.0,12
KM,1861,marine_hw,historical,0.033335589916666665,0.13639691,0.0,12
KM,1862,marine_hw,historical,0.08611809343333333,0.23789397,0.0,12
KM,1863,marine_hw,historical,0.09882253933333333,0.31398883,0.0,12
KM,1864,marine_hw,historical,0.0414428315,0.18194056,0.0,12
KM,1865,marine_hw,historical,0.03659170491666667,0.15269835,0.0,12
KM,1866,marine_hw,historical,0.05517846866666667,0.17722905,0.0,12
KM,1867,marine_hw,historical,0.09436794771666668,0.29131103,0.0,12
KM,1868,marine_hw,historical,0.09400004099999999,0.23104277,0.0,12
KM,1869,marine_hw,historical,0.059047274000000004,0.17944227,0.0,12
KM,1870,marine_hw,historical,0.02843874308333333,0.135894,0.0,12
KM,1871,marine_hw,historical,0.07431022196666666,0.23921938,0.0,12
KM,1872,marine_hw,historical,0.11902200833333333,0.36650625,0.0,12
KM,1873,marine_hw,historical,0.085676293,0.29685134,0.0,12
KM,1874,marine_hw,historical,0.038922625191666664,0.15452123,0.0,12
KM,1875,marine_hw,historical,0.050182854549999996,0.18144761,0.0,12
KM,1876,marine_hw,historical,0.0813253845,0.23570436,0.0,12
KM,1877,marine_hw,historical,0.07676737191666667,0.2586854,0.0,12
KM,1878,marine_hw,historical,0.03284853873333333,0.11611293,0.0,12
KM,1879,marine_hw,historical,0.047756068000000006,0.20766047,0.0,12
KM,1880,marine_hw,historical,0.0913289802,0.28987485,0.0,12
KM,1881,marine_hw,historical,0.0841934405,0.2742915,0.0,12
KM,1882,marine_hw,historical,0.08013767133333334,0.21762088,0.0,12
KM,1883,marine_hw,historical,0.03431744216666666,0.11369274,0.0,12
KM,1884,marine_hw,historical,0.046086781,0.1607061,0.0,12
KM,1885,marine_hw,historical,0.07601202358333332,0.24342704,0.0,12
KM,1886,marine_hw,historical,0.10887001466666667,0.32633954,0.0,12
KM,1887,marine_hw,historical,0.07649504641666667,0.23749907,0.0,12
KM,1888,marine_hw,historical,0.028944540833333334,0.15345456,0.0,12
KM,1889,marine_hw,historical,0.032415806,0.12663168,0.0,12
KM,1890,marine_hw,historical,0.08930097833333334,0.26326168,0.0,12
KM,1891,marine_hw,historical,0.09042844043333333,0.30165634,0.0,12
KM,1892,marine_hw,historical,0.09425288008333332,0.28557277,0.0,12
KM,1893,marine_hw,historical,0.07046330741666666,0.2562062,0.0,12
KM,1894,marine_hw,historical,0.05945240116666667,0.21149684,0.0,12
KM,1895,marine_hw,historical,0.111626083725,0.307804,0.0,12
KM,1896,marine_hw,historical,0.11049676916666666,0.33463052,0.0,12
KM,1897,marine_hw,historical,0.057606938525000005,0.17707017,0.0,12
KM,1898,marine_hw,historical,0.0814189070325,0.24012172,0.0,12
KM,1899,marine_hw,historical,0.09047529500000001,0.29184932,0.0,12
KM,1900,marine_hw,historical,0.10285457155,0.28469944,0.0,12
KM,1901,marine_hw,historical,0.08247267991666667,0.2661085,0.0,12
KM,1902,marine_hw,historical,0.10173482301666666,0.26587704,0.0,12
KM,1903,marine_hw,historical,0.07481899708333334,0.25921738,0.0,12
KM,1904,marine_hw,historical,0.0496612585,0.18761705,0.0,12
KM,1905,marine_hw,historical,0.04166394399166667,0.17662808,0.0,12
KM,1906,marine_hw,historical,0.061648196999999995,0.20885423,0.0,12
KM,1907,marine_hw,historical,0.08537726066666666,0.2968123,0.0,12
KM,1908,marine_hw,historical,0.0507841385,0.18617365,0.0,12
KM,1909,marine_hw,historical,0.09610881666583333,0.3183082,0.0,12
KM,1910,marine_hw,historical,0.07866868065,0.26463425,0.0,12
KM,1911,marine_hw,historical,0.059716917749999994,0.2057223,0.0,12
KM,1912,marine_hw,historical,0.09189649416666668,0.29272172,0.0,12
KM,1913,marine_hw,historical,0.08268209833333333,0.23969416,0.0,12
KM,1914,marine_hw,historical,0.09652511840833333,0.2909034,0.0,12
KM,1915,marine_hw,historical,0.09743898383333333,0.30267125,0.0,12
KM,1916,marine_hw,historical,0.04343403866666667,0.17919263,0.0,12
KM,1917,marine_hw,historical,0.07672887,0.22393286,0.0,12
KM,1918,marine_hw,historical,0.08354567806666667,0.25757608,0.0,12
KM,1919,marine_hw,historical,0.09925070991666667,0.260255,0.0,12
KM,1920,marine_hw,historical,0.09244817833333334,0.31315276,0.0,12
KM,1921,marine_hw,historical,0.05566159958333333,0.21453527,0.0,12
KM,1922,marine_hw,historical,0.028725217499999997,0.109003015,0.0,12
KM,1923,marine_hw,historical,0.10481082916666666,0.2625354,0.0,12
KM,1924,marine_hw,historical,0.08631965401666668,0.27977008,0.0,12
KM,1925,marine_hw,historical,0.044818335583333334,0.12597804,0.0,12
KM,1926,marine_hw,historical,0.0895332063,0.24806501,0.0,12
KM,1927,marine_hw,historical,0.12290007491666667,0.2942505,0.0,12
KM,1928,marine_hw,historical,0.074496138,0.24142715,0.0,12
KM,1929,marine_hw,historical,0.058729362816666665,0.18841591,0.0,12
KM,1930,marine_hw,historical,0.0798672555,0.22981451,0.0,12
KM,1931,marine_hw,historical,0.10935369503333332,0.29989067,0.0,12
KM,1932,marine_hw,historical,0.12552882545833333,0.33783597,0.0,12
KM,1933,marine_hw,historical,0.07171718366666667,0.2313705,0.0,12
KM,1934,marine_hw,historical,0.053838779499999996,0.17973004,0.0,12
KM,1935,marine_hw,historical,0.09741023975,0.26790324,0.0,12
KM,1936,marine_hw,historical,0.1090055705,0.2976139,0.0,12
KM,1937,marine_hw,historical,0.06063130641666666,0.19803593,0.0,12
KM,1938,marine_hw,historical,0.09152747125,0.2940898,0.0,12
KM,1939,marine_hw,historical,0.10985378733333333,0.31160587,0.0,12
KM,1940,marine_hw,historical,0.08200578133333333,0.29013446,0.0,12
KM,1941,marine_hw,historical,0.04499505,0.17485422,0.0,12
KM,1942,marine_hw,historical,0.06892837975,0.21828994,0.0,12
KM,1943,marine_hw,historical,0.08717440124999999,0.24829742,0.0,12
KM,1944,marine_hw,historical,0.10937216708333335,0.32063034,0.0,12
KM,1945,marine_hw,historical,0.10138384699999999,0.30847484,0.0,12
KM,1946,marine_hw,historical,0.08832956811666666,0.23112631,0.0,12
KM,1947,marine_hw,historical,0.12820774469166665,0.36273795,0.0,12
KM,1948,marine_hw,historical,0.08422135541666669,0.2909397,0.0,12
KM,1949,marine_hw,historical,0.056630623,0.15896946,0.0,12
KM,1950,marine_hw,historical,0.04468892733333333,0.15436691,0.0,12
KM,1951,marine_hw,historical,0.08780694408333334,0.25181878,0.0,12
KM,1952,marine_hw,historical,0.12823957745833334,0.32126036,0.0,12
KM,1953,marine_hw,historical,0.05536302691666667,0.1835292,0.0,12
KM,1954,marine_hw,historical,0.055906547333333334,0.17776284,0.0,12
KM,1955,marine_hw,historical,0.08269477709166667,0.2578829,0.0,12
KM,1956,marine_hw,historical,0.1035277221,0.30032188,0.0,12
KM,1957,marine_hw,historical,0.10225197335833332,0.26337513,0.0,12
KM,1958,marine_hw,historical,0.08306012275,0.2417004,0.0,12
KM,1959,marine_hw,historical,0.07826925916666667,0.26870576,0.0,12
KM,1960,marine_hw,historical,0.09128991441666667,0.23500715,0.0,12
KM,1961,marine_hw,historical,0.12315887525000001,0.3212513,0.0,12
KM,1962,marine_hw,historical,0.09324137490833334,0.33920586,0.0,12
KM,1963,marine_hw,historical,0.01557002565,0.07386372,0.0,12
KM,1964,marine_hw,historical,0.07225040016666666,0.20807715,0.0,12
KM,1965,marine_hw,historical,0.10585012854999999,0.28345576,0.0,12
KM,1966,marine_hw,historical,0.062349276583333335,0.23612921,0.0,12
KM,1967,marine_hw,historical,0.0472670445,0.2073845,0.0,12
KM,1968,marine_hw,historical,0.11324375566666667,0.26031584,0.0,12
KM,1969,marine_hw,historical,0.10428489546666665,0.30021748,0.0,12
KM,1970,marine_hw,historical,0.08169516166666667,0.21180822,0.0,12
KM,1971,marine_hw,historical,0.06320840916666666,0.18846767,0.0,12
KM,1972,marine_hw,historical,0.057921934499999994,0.15954593,0.0,12
KM,1973,marine_hw,historical,0.10770176416666666,0.31700093,0.0,12
KM,1974,marine_hw,historical,0.09736082698333333,0.30448598,0.0,12
KM,1975,marine_hw,historical,0.060830945500000004,0.21133344,0.0,12
KM,1976,marine_hw,historical,0.07541562370833334,0.24917254,0.0,12
KM,1977,marine_hw,historical,0.13432417500000002,0.30044532,0.0,12
KM,1978,marine_hw,historical,0.07757684833333334,0.26730776,0.0,12
KM,1979,marine_hw,historical,0.08179577718333333,0.27387935,0.0,12
KM,1980,marine_hw,historical,0.10684620208333334,0.28317434,0.0,12
KM,1981,marine_hw,historical,0.1183689825,0.3207965,0.0,12
KM,1982,marine_hw,historical,0.06565532083333334,0.20206566,0.0,12
KM,1983,marine_hw,historical,0.037493532941666664,0.17511931,0.0,12
KM,1984,marine_hw,historical,0.08029746730833333,0.24843268,0.0,12
KM,1985,marine_hw,historical,0.14049033666666666,0.38150316,0.0,12
KM,1986,marine_hw,historical,0.07171559333333334,0.21913874,0.0,12
KM,1987,marine_hw,historical,0.059987140833333334,0.19618401,0.0,12
KM,1988,marine_hw,historical,0.11849852425,0.3689891,0.0,12
KM,1989,marine_hw,historical,0.10088557175,0.29156336,0.0,12
KM,1990,marine_hw,historical,0.07480515996666666,0.1829119,0.0,12
KM,1991,marine_hw,historical,0.08535634025,0.30121243,0.0,12
KM,1992,marine_hw,historical,0.06054445583333334,0.19935133,0.0,12
KM,1993,marine_hw,historical,0.102804294625,0.2815857,0.0,12
KM,1994,marine_hw,historical,0.11363484217500001,0.32100803,0.0,12
KM,1995,marine_hw,historical,0.08008149216666667,0.26025772,0.0,12
KM,1996,marine_hw,historical,0.07359022916666667,0.2090721,0.0,12
KM,1997,marine_hw,historical,0.13652367908333332,0.35747814,0.0,12
KM,1998,marine_hw,historical,0.12582773866666666,0.31975883,0.0,12
KM,1999,marine_hw,historical,0.06660647083333333,0.20511952,0.0,12
KM,2000,marine_hw,historical,0.08568773916666667,0.23391417,0.0,12
KM,2001,marine_hw,historical,0.1122150936,0.28873554,0.0,12
KM,2002,marine_hw,historical,0.14500728621166667,0.34997874,0.0,12
KM,2003,marine_hw,historical,0.10706551395833334,0.29829383,0.0,12
KM,2004,marine_hw,historical,0.06861318833333334,0.23903963,0.0,12
KM,2005,marine_hw,historical,0.08718898600000001,0.26144513,0.0,12
KM,2006,marine_hw,historical,0.12659453291666667,0.34255564,0.0,12
KM,2007,marine_hw,historical,0.12963666716666666,0.3215645,0.0,12
KM,2008,marine_hw,historical,0.12678381325000002,0.34989706,0.0,12
KM,2009,marine_hw,historical,0.11714232470833334,0.28584692,0.0,12
KM,2010,marine_hw,historical,0.15175309526458333,0.3635568,0.0,12
KM,2011,marine_hw,historical,0.13511037470916668,0.40327775,0.0,12
KM,2012,marine_hw,historical,0.07310507916666666,0.25065136,0.0,12
KM,2013,marine_hw,historical,0.085599738675,0.27112234,0.0,12
KM,2014,marine_hw,historical,0.15180235516666665,0.3890806,0.0,12
KP,1850,marine_hw,historical,0.0,0.0,0.0,12
KP,1851,marine_hw,historical,0.0,0.0,0.0,12
KP,1852,marine_hw,historical,0.0,0.0,0.0,12
KP,1853,marine_hw,historical,0.0,0.0,0.0,12
KP,1854,marine_hw,historical,0.0,0.0,0.0,12
KP,1855,marine_hw,historical,0.0,0.0,0.0,12
KP,1856,marine_hw,historical,0.0,0.0,0.0,12
KP,1857,marine_hw,historical,0.0,0.0,0.0,12
KP,1858,marine_hw,historical,0.0,0.0,0.0,12
KP,1859,marine_hw,historical,0.0,0.0,0.0,12
KP,1860,marine_hw,historical,0.0,0.0,0.0,12
KP,1861,marine_hw,historical,0.0,0.0,0.0,12
KP,1862,marine_hw,historical,0.0,0.0,0.0,12
KP,1863,marine_hw,historical,0.0,0.0,0.0,12
KP,1864,marine_hw,historical,0.0,0.0,0.0,12
KP,1865,marine_hw,historical,0.0,0.0,0.0,12
KP,1866,marine_hw,historical,0.0,0.0,0.0,12
KP,1867,marine_hw,historical,0.0,0.0,0.0,12
KP,1868,marine_hw,historical,0.0,0.0,0.0,12
KP,1869,marine_hw,historical,0.0,0.0,0.0,12
KP,1870,marine_hw,historical,0.0,0.0,0.0,12
KP,1871,marine_hw,historical,0.0,0.0,0.0,12
KP,1872,marine_hw,historical,0.0,0.0,0.0,12
KP,1873,marine_hw,historical,0.0,0.0,0.0,12
KP,1874,marine_hw,historical,0.0,0.0,0.0,12
KP,1875,marine_hw,historical,0.0,0.0,0.0,12
KP,1876,marine_hw,historical,0.0,0.0,0.0,12
KP,1877,marine_hw,historical,0.0,0.0,0.0,12
KP,1878,marine_hw,historical,0.0,0.0,0.0,12
KP,1879,marine_hw,historical,0.0,0.0,0.0,12
KP,1880,marine_hw,historical,0.0,0.0,0.0,12
KP,1881,marine_hw,historical,0.0,0.0,0.0,12
KP,1882,marine_hw,historical,0.0,0.0,0.0,12
KP,1883,marine_hw,historical,0.0,0.0,0.0,12
KP,1884,marine_hw,historical,0.0,0.0,0.0,12
KP,1885,marine_hw,historical,0.0,0.0,0.0,12
KP,1886,marine_hw,historical,0.0,0.0,0.0,12
KP,1887,marine_hw,historical,0.0,0.0,0.0,12
KP,1888,marine_hw,historical,0.0,0.0,0.0,12
KP,1889,marine_hw,historical,0.0,0.0,0.0,12
KP,1890,marine_hw,historical,0.0,0.0,0.0,12
KP,1891,marine_hw,historical,0.0,0.0,0.0,12
KP,1892,marine_hw,historical,0.0,0.0,0.0,12
KP,1893,marine_hw,historical,0.0,0.0,0.0,12
KP,1894,marine_hw,historical,0.0,0.0,0.0,12
KP,1895,marine_hw,historical,0.0,0.0,0.0,12
KP,1896,marine_hw,historical,0.0,0.0,0.0,12
KP,1897,marine_hw,historical,0.0,0.0,0.0,12
KP,1898,marine_hw,historical,0.0,0.0,0.0,12
KP,1899,marine_hw,historical,0.0,0.0,0.0,12
KP,1900,marine_hw,historical,0.0,0.0,0.0,12
KP,1901,marine_hw,historical,0.0,0.0,0.0,12
KP,1902,marine_hw,historical,0.0,0.0,0.0,12
KP,1903,marine_hw,historical,0.0,0.0,0.0,12
KP,1904,marine_hw,historical,0.0,0.0,0.0,12
KP,1905,marine_hw,historical,0.0,0.0,0.0,12
KP,1906,marine_hw,historical,0.0,0.0,0.0,12
KP,1907,marine_hw,historical,0.0,0.0,0.0,12
KP,1908,marine_hw,historical,0.0,0.0,0.0,12
KP,1909,marine_hw,historical,0.0,0.0,0.0,12
KP,1910,marine_hw,historical,0.0,0.0,0.0,12
KP,1911,marine_hw,historical,0.0,0.0,0.0,12
KP,1912,marine_hw,historical,0.0,0.0,0.0,12
KP,1913,marine_hw,historical,0.0,0.0,0.0,12
KP,1914,marine_hw,historical,0.0,0.0,0.0,12
KP,1915,marine_hw,historical,0.0,0.0,0.0,12
KP,1916,marine_hw,historical,0.0,0.0,0.0,12
KP,1917,marine_hw,historical,0.0,0.0,0.0,12
KP,1918,marine_hw,historical,0.0,0.0,0.0,12
KP,1919,marine_hw,historical,0.0,0.0,0.0,12
KP,1920,marine_hw,historical,0.0,0.0,0.0,12
KP,1921,marine_hw,historical,0.0,0.0,0.0,12
KP,1922,marine_hw,historical,0.0,0.0,0.0,12
KP,1923,marine_hw,historical,0.0,0.0,0.0,12
KP,1924,marine_hw,historical,0.0,0.0,0.0,12
KP,1925,marine_hw,historical,0.0,0.0,0.0,12
KP,1926,marine_hw,historical,0.0,0.0,0.0,12
KP,1927,marine_hw,historical,0.0,0.0,0.0,12
KP,1928,marine_hw,historical,0.0,0.0,0.0,12
KP,1929,marine_hw,historical,0.0,0.0,0.0,12
KP,1930,marine_hw,historical,0.0,0.0,0.0,12
KP,1931,marine_hw,historical,0.0,0.0,0.0,12
KP,1932,marine_hw,historical,0.0,0.0,0.0,12
KP,1933,marine_hw,historical,0.0,0.0,0.0,12
KP,1934,marine_hw,historical,0.0,0.0,0.0,12
KP,1935,marine_hw,historical,0.0,0.0,0.0,12
KP,1936,marine_hw,historical,0.0,0.0,0.0,12
KP,1937,marine_hw,historical,0.0,0.0,0.0,12
KP,1938,marine_hw,historical,0.0,0.0,0.0,12
KP,1939,marine_hw,historical,0.0,0.0,0.0,12
KP,1940,marine_hw,historical,0.0,0.0,0.0,12
KP,1941,marine_hw,historical,0.0,0.0,0.0,12
KP,1942,marine_hw,historical,0.0,0.0,0.0,12
KP,1943,marine_hw,historical,0.0,0.0,0.0,12
KP,1944,marine_hw,historical,0.0,0.0,0.0,12
KP,1945,marine_hw,historical,0.0,0.0,0.0,12
KP,1946,marine_hw,historical,0.0,0.0,0.0,12
KP,1947,marine_hw,historical,0.0,0.0,0.0,12
KP,1948,marine_hw,historical,0.0,0.0,0.0,12
KP,1949,marine_hw,historical,0.0,0.0,0.0,12
KP,1950,marine_hw,historical,0.0,0.0,0.0,12
KP,1951,marine_hw,historical,0.0,0.0,0.0,12
KP,1952,marine_hw,historical,0.0,0.0,0.0,12
KP,1953,marine_hw,historical,0.0,0.0,0.0,12
KP,1954,marine_hw,historical,0.0,0.0,0.0,12
KP,1955,marine_hw,historical,0.0,0.0,0.0,12
KP,1956,marine_hw,historical,0.0,0.0,0.0,12
KP,1957,marine_hw,historical,0.0,0.0,0.0,12
KP,1958,marine_hw,historical,0.0,0.0,0.0,12
KP,1959,marine_hw,historical,0.0,0.0,0.0,12
KP,1960,marine_hw,historical,0.0,0.0,0.0,12
KP,1961,marine_hw,historical,0.0,0.0,0.0,12
KP,1962,marine_hw,historical,0.0,0.0,0.0,12
KP,1963,marine_hw,historical,0.0,0.0,0.0,12
KP,1964,marine_hw,historical,0.0,0.0,0.0,12
KP,1965,marine_hw,historical,0.0,0.0,0.0,12
KP,1966,marine_hw,historical,0.0,0.0,0.0,12
KP,1967,marine_hw,historical,0.0,0.0,0.0,12
KP,1968,marine_hw,historical,0.0,0.0,0.0,12
KP,1969,marine_hw,historical,0.0,0.0,0.0,12
KP,1970,marine_hw,historical,0.0,0.0,0.0,12
KP,1971,marine_hw,historical,0.0,0.0,0.0,12
KP,1972,marine_hw,historical,0.0,0.0,0.0,12
KP,1973,marine_hw,historical,0.0,0.0,0.0,12
KP,1974,marine_hw,historical,0.0,0.0,0.0,12
KP,1975,marine_hw,historical,0.0,0.0,0.0,12
KP,1976,marine_hw,historical,0.0,0.0,0.0,12
KP,1977,marine_hw,historical,0.0,0.0,0.0,12
KP,1978,marine_hw,historical,0.0,0.0,0.0,12
KP,1979,marine_hw,historical,0.0,0.0,0.0,12
KP,1980,marine_hw,historical,0.0,0.0,0.0,12
KP,1981,marine_hw,historical,0.0,0.0,0.0,12
KP,1982,marine_hw,historical,0.0,0.0,0.0,12
KP,1983,marine_hw,historical,0.0,0.0,0.0,12
KP,1984,marine_hw,historical,0.0,0.0,0.0,12
KP,1985,marine_hw,historical,0.0,0.0,0.0,12
KP,1986,marine_hw,historical,0.0,0.0,0.0,12
KP,1987,marine_hw,historical,0.0,0.0,0.0,12
KP,1988,marine_hw,historical,0.0,0.0,0.0,12
KP,1989,marine_hw,historical,0.0,0.0,0.0,12
KP,1990,marine_hw,historical,0.0,0.0,0.0,12
KP,1991,marine_hw,historical,0.0,0.0,0.0,12
KP,1992,marine_hw,historical,0.0,0.0,0.0,12
KP,1993,marine_hw,historical,0.0,0.0,0.0,12
KP,1994,marine_hw,historical,0.0,0.0,0.0,12
KP,1995,marine_hw,historical,0.0,0.0,0.0,12
KP,1996,marine_hw,historical,0.0,0.0,0.0,12
KP,1997,marine_hw,historical,0.0,0.0,0.0,12
KP,1998,marine_hw,historical,0.0,0.0,0.0,12
KP,1999,marine_hw,historical,0.0,0.0,0.0,12
KP,2000,marine_hw,historical,0.0,0.0,0.0,12
KP,2001,marine_hw,historical,0.0,0.0,0.0,12
KP,2002,marine_hw,historical,0.0,0.0,0.0,12
KP,2003,marine_hw,historical,0.0,0.0,0.0,12
KP,2004,marine_hw,historical,0.0,0.0,0.0,12
KP,2005,marine_hw,historical,0.0,0.0,0.0,12
KP,2006,marine_hw,historical,0.0,0.0,0.0,12
KP,2007,marine_hw,historical,0.0,0.0,0.0,12
KP,2008,marine_hw,historical,0.0,0.0,0.0,12
KP,2009,marine_hw,historical,0.0,0.0,0.0,12
KP,2010,marine_hw,historical,0.0,0.0,0.0,12
KP,2011,marine_hw,historical,0.0,0.0,0.0,12
KP,2012,marine_hw,historical,0.0,0.0,0.0,12
KP,2013,marine_hw,historical,0.0,0.0,0.0,12
KP,2014,marine_hw,historical,0.0,0.0,0.0,12
KR,1850,marine_hw,historical,0.0,0.0,0.0,12
KR,1851,marine_hw,historical,0.0,0.0,0.0,12
KR,1852,marine_hw,historical,0.0,0.0,0.0,12
KR,1853,marine_hw,historical,0.0,0.0,0.0,12
KR,1854,marine_hw,historical,0.0,0.0,0.0,12
KR,1855,marine_hw,historical,0.0,0.0,0.0,12
KR,1856,marine_hw,historical,0.0,0.0,0.0,12
KR,1857,marine_hw,historical,0.0,0.0,0.0,12
KR,1858,marine_hw,historical,0.0,0.0,0.0,12
KR,1859,marine_hw,historical,0.0,0.0,0.0,12
KR,1860,marine_hw,historical,0.0,0.0,0.0,12
KR,1861,marine_hw,historical,0.0,0.0,0.0,12
KR,1862,marine_hw,historical,0.0,0.0,0.0,12
KR,1863,marine_hw,historical,0.0,0.0,0.0,12
KR,1864,marine_hw,historical,0.0,0.0,0.0,12
KR,1865,marine_hw,historical,0.0,0.0,0.0,12
KR,1866,marine_hw,historical,0.0,0.0,0.0,12
KR,1867,marine_hw,historical,0.0,0.0,0.0,12
KR,1868,marine_hw,historical,0.0,0.0,0.0,12
KR,1869,marine_hw,historical,0.0,0.0,0.0,12
KR,1870,marine_hw,historical,0.0,0.0,0.0,12
KR,1871,marine_hw,historical,0.0,0.0,0.0,12
KR,1872,marine_hw,historical,0.0,0.0,0.0,12
KR,1873,marine_hw,historical,0.0,0.0,0.0,12
KR,1874,marine_hw,historical,0.0,0.0,0.0,12
KR,1875,marine_hw,historical,0.0,0.0,0.0,12
KR,1876,marine_hw,historical,0.0,0.0,0.0,12
KR,1877,marine_hw,historical,0.0,0.0,0.0,12
KR,1878,marine_hw,historical,0.0,0.0,0.0,12
KR,1879,marine_hw,historical,0.0,0.0,0.0,12
KR,1880,marine_hw,historical,0.0,0.0,0.0,12
KR,1881,marine_hw,historical,0.0,0.0,0.0,12
KR,1882,marine_hw,historical,0.0,0.0,0.0,12
KR,1883,marine_hw,historical,0.0,0.0,0.0,12
KR,1884,marine_hw,historical,0.0,0.0,0.0,12
KR,1885,marine_hw,historical,0.0,0.0,0.0,12
KR,1886,marine_hw,historical,0.0,0.0,0.0,12
KR,1887,marine_hw,historical,0.0,0.0,0.0,12
KR,1888,marine_hw,historical,0.0,0.0,0.0,12
KR,1889,marine_hw,historical,0.0,0.0,0.0,12
KR,1890,marine_hw,historical,0.0,0.0,0.0,12
KR,1891,marine_hw,historical,0.0,0.0,0.0,12
KR,1892,marine_hw,historical,0.0,0.0,0.0,12
KR,1893,marine_hw,historical,0.0,0.0,0.0,12
KR,1894,marine_hw,historical,0.0,0.0,0.0,12
KR,1895,marine_hw,historical,0.0,0.0,0.0,12
KR,1896,marine_hw,historical,0.0,0.0,0.0,12
KR,1897,marine_hw,historical,0.0,0.0,0.0,12
KR,1898,marine_hw,historical,0.0,0.0,0.0,12
KR,1899,marine_hw,historical,0.0,0.0,0.0,12
KR,1900,marine_hw,historical,0.0,0.0,0.0,12
KR,1901,marine_hw,historical,0.0,0.0,0.0,12
KR,1902,marine_hw,historical,0.0,0.0,0.0,12
KR,1903,marine_hw,historical,0.0,0.0,0.0,12
KR,1904,marine_hw,historical,0.0,0.0,0.0,12
KR,1905,marine_hw,historical,0.0,0.0,0.0,12
KR,1906,marine_hw,historical,0.0,0.0,0.0,12
KR,1907,marine_hw,historical,0.0,0.0,0.0,12
KR,1908,marine_hw,historical,0.0,0.0,0.0,12
KR,1909,marine_hw,historical,0.0,0.0,0.0,12
KR,1910,marine_hw,historical,0.0,0.0,0.0,12
KR,1911,marine_hw,historical,0.0,0.0,0.0,12
KR,1912,marine_hw,historical,0.0,0.0,0.0,12
KR,1913,marine_hw,historical,0.0,0.0,0.0,12
KR,1914,marine_hw,historical,0.0,0.0,0.0,12
KR,1915,marine_hw,historical,0.0,0.0,0.0,12
KR,1916,marine_hw,historical,0.0,0.0,0.0,12
KR,1917,marine_hw,historical,0.0,0.0,0.0,12
KR,1918,marine_hw,historical,0.0,0.0,0.0,12
KR,1919,marine_hw,historical,0.0,0.0,0.0,12
KR,1920,marine_hw,historical,0.0,0.0,0.0,12
KR,1921,marine_hw,historical,0.0,0.0,0.0,12
KR,1922,marine_hw,historical,0.0,0.0,0.0,12
KR,1923,marine_hw,historical,0.0,0.0,0.0,12
KR,1924,marine_hw,historical,0.0,0.0,0.0,12
KR,1925,marine_hw,historical,0.0,0.0,0.0,12
KR,1926,marine_hw,historical,0.0,0.0,0.0,12
KR,1927,marine_hw,historical,0.0,0.0,0.0,12
KR,1928,marine_hw,historical,0.0,0.0,0.0,12
KR,1929,marine_hw,historical,0.0,0.0,0.0,12
KR,1930,marine_hw,historical,0.0,0.0,0.0,12
KR,1931,marine_hw,historical,0.0,0.0,0.0,12
KR,1932,marine_hw,historical,0.0,0.0,0.0,12
KR,1933,marine_hw,historical,0.0,0.0,0.0,12
KR,1934,marine_hw,historical,0.0,0.0,0.0,12
KR,1935,marine_hw,historical,0.0,0.0,0.0,12
KR,1936,marine_hw,historical,0.0,0.0,0.0,12
KR,1937,marine_hw,historical,0.0,0.0,0.0,12
KR,1938,marine_hw,historical,0.0,0.0,0.0,12
KR,1939,marine_hw,historical,0.0,0.0,0.0,12
KR,1940,marine_hw,historical,0.0,0.0,0.0,12
KR,1941,marine_hw,historical,0.0,0.0,0.0,12
KR,1942,marine_hw,historical,0.0,0.0,0.0,12
KR,1943,marine_hw,historical,0.0,0.0,0.0,12
KR,1944,marine_hw,historical,0.0,0.0,0.0,12
KR,1945,marine_hw,historical,0.0,0.0,0.0,12
KR,1946,marine_hw,historical,0.0,0.0,0.0,12
KR,1947,marine_hw,historical,0.0,0.0,0.0,12
KR,1948,marine_hw,historical,0.0,0.0,0.0,12
KR,1949,marine_hw,historical,0.0,0.0,0.0,12
KR,1950,marine_hw,historical,0.0,0.0,0.0,12
KR,1951,marine_hw,historical,0.0,0.0,0.0,12
KR,1952,marine_hw,historical,0.0,0.0,0.0,12
KR,1953,marine_hw,historical,0.0,0.0,0.0,12
KR,1954,marine_hw,historical,0.0,0.0,0.0,12
KR,1955,marine_hw,historical,0.0,0.0,0.0,12
KR,1956,marine_hw,historical,0.0,0.0,0.0,12
KR,1957,marine_hw,historical,0.0,0.0,0.0,12
KR,1958,marine_hw,historical,0.0,0.0,0.0,12
KR,1959,marine_hw,historical,0.0,0.0,0.0,12
KR,1960,marine_hw,historical,0.0,0.0,0.0,12
KR,1961,marine_hw,historical,0.0,0.0,0.0,12
KR,1962,marine_hw,historical,0.0,0.0,0.0,12
KR,1963,marine_hw,historical,0.0,0.0,0.0,12
KR,1964,marine_hw,historical,0.0,0.0,0.0,12
KR,1965,marine_hw,historical,0.0,0.0,0.0,12
KR,1966,marine_hw,historical,0.0,0.0,0.0,12
KR,1967,marine_hw,historical,0.0,0.0,0.0,12
KR,1968,marine_hw,historical,0.0,0.0,0.0,12
KR,1969,marine_hw,historical,0.0,0.0,0.0,12
KR,1970,marine_hw,historical,0.0,0.0,0.0,12
KR,1971,marine_hw,historical,0.0,0.0,0.0,12
KR,1972,marine_hw,historical,0.0,0.0,0.0,12
KR,1973,marine_hw,historical,0.0,0.0,0.0,12
KR,1974,marine_hw,historical,0.0,0.0,0.0,12
KR,1975,marine_hw,historical,0.0,0.0,0.0,12
KR,1976,marine_hw,historical,0.0,0.0,0.0,12
KR,1977,marine_hw,historical,0.0,0.0,0.0,12
KR,1978,marine_hw,historical,0.0,0.0,0.0,12
KR,1979,marine_hw,historical,0.0,0.0,0.0,12
KR,1980,marine_hw,historical,0.0,0.0,0.0,12
KR,1981,marine_hw,historical,0.0,0.0,0.0,12
KR,1982,marine_hw,historical,0.0,0.0,0.0,12
KR,1983,marine_hw,historical,0.0,0.0,0.0,12
KR,1984,marine_hw,historical,0.0,0.0,0.0,12
KR,1985,marine_hw,historical,0.0,0.0,0.0,12
KR,1986,marine_hw,historical,0.0,0.0,0.0,12
KR,1987,marine_hw,historical,0.0,0.0,0.0,12
KR,1988,marine_hw,historical,0.0,0.0,0.0,12
KR,1989,marine_hw,historical,0.0,0.0,0.0,12
KR,1990,marine_hw,historical,0.0,0.0,0.0,12
KR,1991,marine_hw,historical,0.0,0.0,0.0,12
KR,1992,marine_hw,historical,0.0,0.0,0.0,12
KR,1993,marine_hw,historical,0.0,0.0,0.0,12
KR,1994,marine_hw,historical,0.0,0.0,0.0,12
KR,1995,marine_hw,historical,0.0,0.0,0.0,12
KR,1996,marine_hw,historical,0.0,0.0,0.0,12
KR,1997,marine_hw,historical,0.0,0.0,0.0,12
KR,1998,marine_hw,historical,0.0,0.0,0.0,12
KR,1999,marine_hw,historical,0.0,0.0,0.0,12
KR,2000,marine_hw,historical,0.0,0.0,0.0,12
KR,2001,marine_hw,historical,0.0,0.0,0.0,12
KR,2002,marine_hw,historical,0.0,0.0,0.0,12
KR,2003,marine_hw,historical,0.0,0.0,0.0,12
KR,2004,marine_hw,historical,0.0,0.0,0.0,12
KR,2005,marine_hw,historical,0.0,0.0,0.0,12
KR,2006,marine_hw,historical,0.0,0.0,0.0,12
KR,2007,marine_hw,historical,0.0,0.0,0.0,12
KR,2008,marine_hw,historical,0.0,0.0,0.0,12
KR,2009,marine_hw,historical,0.0,0.0,0.0,12
KR,2010,marine_hw,historical,0.0,0.0,0.0,12
KR,2011,marine_hw,historical,0.0,0.0,0.0,12
KR,2012,marine_hw,historical,0.0,0.0,0.0,12
KR,2013,marine_hw,historical,0.0,0.0,0.0,12
KR,2014,marine_hw,historical,0.0,0.0,0.0,12
KW,1850,marine_hw,historical,0.18747874833333333,0.63937116,0.0,12
KW,1851,marine_hw,historical,0.19375006000000003,0.58896255,0.0,12
KW,1852,marine_hw,historical,0.21815617783333333,0.66175574,0.0,12
KW,1853,marine_hw,historical,0.18370248666666666,0.5686985,0.0,12
KW,1854,marine_hw,historical,0.18540037833333334,0.558424,0.0,12
KW,1855,marine_hw,historical,0.14775301916666667,0.52358615,0.0,12
KW,1856,marine_hw,historical,0.19147434666666666,0.66384006,0.0,12
KW,1857,marine_hw,historical,0.212680167825,0.63153315,0.0,12
KW,1858,marine_hw,historical,0.18282556416666665,0.5962504,0.0,12
KW,1859,marine_hw,historical,0.20495313166666665,0.64420974,0.0,12
KW,1860,marine_hw,historical,0.17308601166666668,0.5981931,0.0,12
KW,1861,marine_hw,historical,0.19051738,0.56783795,0.0,12
KW,1862,marine_hw,historical,0.1994695275,0.6381855,0.0,12
KW,1863,marine_hw,historical,0.19281956583333335,0.5685043,0.0,12
KW,1864,marine_hw,historical,0.17603063500000002,0.51462615,0.0,12
KW,1865,marine_hw,historical,0.19286161916666666,0.59781545,0.0,12
KW,1866,marine_hw,historical,0.1806192875,0.6306217,0.0,12
KW,1867,marine_hw,historical,0.16411737166666665,0.55567515,0.0,12
KW,1868,marine_hw,historical,0.18406405916666668,0.63297474,0.0,12
KW,1869,marine_hw,historical,0.16494802333333333,0.5107316,0.0,12
KW,1870,marine_hw,historical,0.15893185083333333,0.5695918,0.0,12
KW,1871,marine_hw,historical,0.17028259224999998,0.63633907,0.0,12
KW,1872,marine_hw,historical,0.17546808833333336,0.6199604,0.0,12
KW,1873,marine_hw,historical,0.1825934125833333,0.5685751,0.0,12
KW,1874,marine_hw,historical,0.18368943716666666,0.56011796,0.0,12
KW,1875,marine_hw,historical,0.16868726833333333,0.567168,0.0,12
KW,1876,marine_hw,historical,0.20047828166666667,0.6703545,0.0,12
KW,1877,marine_hw,historical,0.16562630166666667,0.56966627,0.0,12
KW,1878,marine_hw,historical,0.15955263833333333,0.5399084,0.0,12
KW,1879,marine_hw,historical,0.16546016416666667,0.52173054,0.0,12
KW,1880,marine_hw,historical,0.18197026083333334,0.580943,0.0,12
KW,1881,marine_hw,historical,0.19981661833333333,0.61259997,0.0,12
KW,1882,marine_hw,historical,0.18269766083333336,0.5541283,0.0,12
KW,1883,marine_hw,historical,0.18476306166666667,0.63696724,0.0,12
KW,1884,marine_hw,historical,0.15635868,0.54331994,0.0,12
KW,1885,marine_hw,historical,0.15809166833333332,0.56894547,0.0,12
KW,1886,marine_hw,historical,0.19124119083333332,0.7033949,0.0,12
KW,1887,marine_hw,historical,0.21153591000000002,0.72135305,0.0,12
KW,1888,marine_hw,historical,0.20243481833333332,0.59891754,0.0,12
KW,1889,marine_hw,historical,0.135236985,0.41100043,0.0,12
KW,1890,marine_hw,historical,0.20947065,0.6974778,0.0,12
KW,1891,marine_hw,historical,0.21549727249999998,0.7012198,0.0,12
KW,1892,marine_hw,historical,0.182349683125,0.5871669,0.0,12
KW,1893,marine_hw,historical,0.17587617166666666,0.58879185,0.0,12
KW,1894,marine_hw,historical,0.20785016916666665,0.64397913,0.0,12
KW,1895,marine_hw,historical,0.20017861425000003,0.60678273,0.0,12
KW,1896,marine_hw,historical,0.20090356500000003,0.69434226,0.0,12
KW,1897,marine_hw,historical,0.22145640333333336,0.75465864,0.0,12
KW,1898,marine_hw,historical,0.178461745,0.6164418,0.0,12
KW,1899,marine_hw,historical,0.1865673575,0.6123893,0.0,12
KW,1900,marine_hw,historical,0.1798042175,0.5949595,0.0,12
KW,1901,marine_hw,historical,0.1728347225,0.54957294,0.0,12
KW,1902,marine_hw,historical,0.19677106175,0.61047757,0.0,12
KW,1903,marine_hw,historical,0.1530149525,0.50956416,0.0,12
KW,1904,marine_hw,historical,0.19057482941666667,0.61299944,0.0,12
KW,1905,marine_hw,historical,0.20737212166666666,0.651405,0.0,12
KW,1906,marine_hw,historical,0.19709063583333333,0.61111116,0.0,12
KW,1907,marine_hw,historical,0.1856965695,0.56028503,0.0,12
KW,1908,marine_hw,historical,0.18578392583333334,0.6396689,0.0,12
KW,1909,marine_hw,historical,0.21614801083333335,0.7218251,0.0,12
KW,1910,marine_hw,historical,0.1480513625,0.50255954,0.0,12
KW,1911,marine_hw,historical,0.2081616075,0.61337703,0.0,12
KW,1912,marine_hw,historical,0.1372297475,0.5905167,0.0,12
KW,1913,marine_hw,historical,0.193000685,0.57853365,0.0,12
KW,1914,marine_hw,historical,0.1864602516666667,0.6571332,0.0,12
KW,1915,marine_hw,historical,0.16341155666666665,0.59868145,0.0,12
KW,1916,marine_hw,historical,0.1992353216666667,0.6773954,0.0,12
KW,1917,marine_hw,historical,0.19875278249999997,0.6933818,0.0,12
KW,1918,marine_hw,historical,0.1946787475,0.653689,0.0,12
KW,1919,marine_hw,historical,0.19164639333333333,0.6308214,0.0,12
KW,1920,marine_hw,historical,0.19372070333333333,0.66664696,0.0,12
KW,1921,marine_hw,historical,0.18125263916666667,0.5579175,0.0,12
KW,1922,marine_hw,historical,0.166338795,0.5718613,0.0,12
KW,1923,marine_hw,historical,0.22793070583333333,0.65638334,0.0,12
KW,1924,marine_hw,historical,0.19131504,0.63834715,0.0,12
KW,1925,marine_hw,historical,0.188325785,0.62562877,0.0,12
KW,1926,marine_hw,historical,0.2163844975,0.76782906,0.0,12
KW,1927,marine_hw,historical,0.2420321825,0.742977,0.0,12
KW,1928,marine_hw,historical,0.16763568666666664,0.56871486,0.0,12
KW,1929,marine_hw,historical,0.170627819875,0.60974586,0.0,12
KW,1930,marine_hw,historical,0.19602320166666665,0.6221537,0.0,12
KW,1931,marine_hw,historical,0.21944198083333333,0.7646118,0.0,12
KW,1932,marine_hw,historical,0.20393708300000002,0.6155358,0.0,12
KW,1933,marine_hw,historical,0.21011877833333334,0.62536913,0.0,12
KW,1934,marine_hw,historical,0.198614623,0.59333813,0.0,12
KW,1935,marine_hw,historical,0.19049558666666666,0.65891254,0.0,12
KW,1936,marine_hw,historical,0.22154060583333335,0.71746224,0.0,12
KW,1937,marine_hw,historical,0.17267888333333334,0.5501975,0.0,12
KW,1938,marine_hw,historical,0.17765,0.6568137,0.0,12
KW,1939,marine_hw,historical,0.21658763666666667,0.7039759,0.0,12
KW,1940,marine_hw,historical,0.1938389675,0.7052922,0.0,12
KW,1941,marine_hw,historical,0.16004180125,0.5818998,0.0,12
KW,1942,marine_hw,historical,0.15793568416666667,0.6174113,0.0,12
KW,1943,marine_hw,historical,0.16904842416666666,0.5238621,0.0,12
KW,1944,marine_hw,historical,0.1709396275,0.5106354,0.0,12
KW,1945,marine_hw,historical,0.15464762466666668,0.55376154,0.0,12
KW,1946,marine_hw,historical,0.18090629,0.5875536,0.0,12
KW,1947,marine_hw,historical,0.18281480333333333,0.61179924,0.0,12
KW,1948,marine_hw,historical,0.18311816916666668,0.6339806,0.0,12
KW,1949,marine_hw,historical,0.21106516083333335,0.6341113,0.0,12
KW,1950,marine_hw,historical,0.19271546166666667,0.6033349,0.0,12
KW,1951,marine_hw,historical,0.16546108083333333,0.6405748,0.0,12
KW,1952,marine_hw,historical,0.17930858166666666,0.6123603,0.0,12
KW,1953,marine_hw,historical,0.22322919583333334,0.67173433,0.0,12
KW,1954,marine_hw,historical,0.22004122583333333,0.6835085,0.0,12
KW,1955,marine_hw,historical,0.21435162249999998,0.705294,0.0,12
KW,1956,marine_hw,historical,0.24630796197499996,0.7851336,0.0,12
KW,1957,marine_hw,historical,0.18993077666666666,0.5588688,0.0,12
KW,1958,marine_hw,historical,0.19565444541666666,0.6034402,0.0,12
KW,1959,marine_hw,historical,0.1896622225,0.65599847,0.0,12
KW,1960,marine_hw,historical,0.203271234,0.63010967,0.0,12
KW,1961,marine_hw,historical,0.21780137408333333,0.6545968,0.0,12
KW,1962,marine_hw,historical,0.176700855,0.5725095,0.0,12
KW,1963,marine_hw,historical,0.19986503916666667,0.6455823,0.0,12
KW,1964,marine_hw,historical,0.17637591666666666,0.64032066,0.0,12
KW,1965,marine_hw,historical,0.21143087058333332,0.7089398,0.0,12
KW,1966,marine_hw,historical,0.16283658525,0.48449618,0.0,12
KW,1967,marine_hw,historical,0.17557899583333333,0.53355926,0.0,12
KW,1968,marine_hw,historical,0.18970035500000001,0.6545187,0.0,12
KW,1969,marine_hw,historical,0.21899450916666666,0.65159017,0.0,12
KW,1970,marine_hw,historical,0.1899203591666667,0.7166107,0.0,12
KW,1971,marine_hw,historical,0.16033936991666667,0.5404676,0.0,12
KW,1972,marine_hw,historical,0.17294364166666668,0.7044171,0.0,12
KW,1973,marine_hw,historical,0.22629817666666666,0.7346488,0.0,12
KW,1974,marine_hw,historical,0.18808251333333334,0.5845924,0.0,12
KW,1975,marine_hw,historical,0.17223267750000001,0.5524416,0.0,12
KW,1976,marine_hw,historical,0.19729125166666664,0.65226734,0.0,12
KW,1977,marine_hw,historical,0.17905648139166666,0.56681937,0.0,12
KW,1978,marine_hw,historical,0.19786646216666667,0.6784303,0.0,12
KW,1979,marine_hw,historical,0.19924772416666667,0.63758457,0.0,12
KW,1980,marine_hw,historical,0.18770253950000002,0.6303003,0.0,12
KW,1981,marine_hw,historical,0.23098209466666667,0.7218597,0.0,12
KW,1982,marine_hw,historical,0.18010185166666667,0.6568264,0.0,12
KW,1983,marine_hw,historical,0.158047935,0.5812752,0.0,12
KW,1984,marine_hw,historical,0.18159805166666665,0.6339388,0.0,12
KW,1985,marine_hw,historical,0.20504269833333333,0.68086684,0.0,12
KW,1986,marine_hw,historical,0.18028199150000002,0.69629586,0.0,12
KW,1987,marine_hw,historical,0.2009885608833333,0.6352878,0.0,12
KW,1988,marine_hw,historical,0.23130843916666666,0.70602393,0.0,12
KW,1989,marine_hw,historical,0.18929380416666666,0.6380094,0.0,12
KW,1990,marine_hw,historical,0.2008191566666667,0.6576071,0.0,12
KW,1991,marine_hw,historical,0.183294425,0.5654831,0.0,12
KW,1992,marine_hw,historical,0.16155041166666664,0.541252,0.0,12
KW,1993,marine_hw,historical,0.19129561883333335,0.6159352,0.0,12
KW,1994,marine_hw,historical,0.2450722731666667,0.78262264,0.0,12
KW,1995,marine_hw,historical,0.22510517833333332,0.7600111,0.0,12
KW,1996,marine_hw,historical,0.221101567225,0.70108545,0.0,12
KW,1997,marine_hw,historical,0.2493915008333333,0.8078432,0.0,12
KW,1998,marine_hw,historical,0.2718446175,0.87270045,0.0,12
KW,1999,marine_hw,historical,0.19203416083333336,0.6087781,0.0,12
KW,2000,marine_hw,historical,0.1990922025,0.71340436,0.0,12
KW,2001,marine_hw,historical,0.21087517666666666,0.6854258,0.0,12
KW,2002,marine_hw,historical,0.2578682641666667,0.8066014,0.0,12
KW,2003,marine_hw,historical,0.23787054583333334,0.7590978,0.0,12
KW,2004,marine_hw,historical,0.21427486308333332,0.7250515,0.0,12
KW,2005,marine_hw,historical,0.23919451833333336,0.6935634,0.0,12
KW,2006,marine_hw,historical,0.23282044999999998,0.7810939,0.0,12
KW,2007,marine_hw,historical,0.22417058583333335,0.80395424,0.0,12
KW,2008,marine_hw,historical,0.2577739683333333,0.8261373,0.0,12
KW,2009,marine_hw,historical,0.23950915583333335,0.8433348,0.0,12
KW,2010,marine_hw,historical,0.24072847833333333,0.8421437,0.0,12
KW,2011,marine_hw,historical,0.25609072941666666,0.7669176,0.0,12
KW,2012,marine_hw,historical,0.231963475,0.84767044,0.0,12
KW,2013,marine_hw,historical,0.22832011166666666,0.7184881,0.0,12
KW,2014,marine_hw,historical,0.260020085,0.8483949,0.0,12
LK,1850,marine_hw,historical,0.058320821813888896,0.22264376,0.0,72
LK,1851,marine_hw,historical,0.08988482656944445,0.29808414,0.0,72
LK,1852,marine_hw,historical,0.09329828831833334,0.27526826,0.0,72
LK,1853,marine_hw,historical,0.09888399938472221,0.27968383,0.0,72
LK,1854,marine_hw,historical,0.059641841776388885,0.22130477,0.0,72
LK,1855,marine_hw,historical,0.05328961902638889,0.22465546,0.0,72
LK,1856,marine_hw,historical,0.09632867096805556,0.310551,0.0,72
LK,1857,marine_hw,historical,0.09759491979402778,0.30788296,0.0,72
LK,1858,marine_hw,historical,0.0970202289663889,0.32775936,0.0,72
LK,1859,marine_hw,historical,0.07774204201875,0.28530404,0.0,72
LK,1860,marine_hw,historical,0.03490205446097222,0.18166457,0.0,72
LK,1861,marine_hw,historical,0.056877556136111104,0.21547666,0.0,72
LK,1862,marine_hw,historical,0.10045121542083334,0.3103994,0.0,72
LK,1863,marine_hw,historical,0.10115324488027778,0.26784337,0.0,72
LK,1864,marine_hw,historical,0.049942327044995835,0.20428434,0.0,72
LK,1865,marine_hw,historical,0.051713607952916664,0.19752301,0.0,72
LK,1866,marine_hw,historical,0.06663501194861111,0.27983272,0.0,72
LK,1867,marine_hw,historical,0.09629013402013889,0.30268124,0.0,72
LK,1868,marine_hw,historical,0.11389554450277778,0.3334204,0.0,72
LK,1869,marine_hw,historical,0.058940554859444445,0.22832662,0.0,72
LK,1870,marine_hw,historical,0.06555017496111111,0.22510573,0.0,72
LK,1871,marine_hw,historical,0.11530225160694446,0.27141917,0.0,72
LK,1872,marine_hw,historical,0.1390571128611111,0.35979846,0.0,72
LK,1873,marine_hw,historical,0.08736347252083333,0.28048182,0.0,72
LK,1874,marine_hw,historical,0.036612049474125004,0.21754918,0.0,72
LK,1875,marine_hw,historical,0.06752761591666667,0.2948932,0.0,72
LK,1876,marine_hw,historical,0.09567706539861111,0.30755526,0.0,72
LK,1877,marine_hw,historical,0.07926793976375,0.26055005,0.0,72
LK,1878,marine_hw,historical,0.04219967584111111,0.19329718,0.0,72
LK,1879,marine_hw,historical,0.06559165643027778,0.17461094,0.0,72
LK,1880,marine_hw,historical,0.12962568121944443,0.3251476,0.0,72
LK,1881,marine_hw,historical,0.11326841315694446,0.30570242,0.0,72
LK,1882,marine_hw,historical,0.060953848063416666,0.21989495,0.0,72
LK,1883,marine_hw,historical,0.033907562162083335,0.19528528,0.0,72
LK,1884,marine_hw,historical,0.05268534476527778,0.18750267,0.0,72
LK,1885,marine_hw,historical,0.09523813817638889,0.270023,0.0,72
LK,1886,marine_hw,historical,0.10589045572777778,0.29845634,0.0,72
LK,1887,marine_hw,historical,0.06147086042916667,0.19789976,0.0,72
LK,1888,marine_hw,historical,0.03299402015375,0.20261398,0.0,72
LK,1889,marine_hw,historical,0.057368928698472224,0.21961534,0.0,72
LK,1890,marine_hw,historical,0.10765614650833334,0.33207414,0.0,72
LK,1891,marine_hw,historical,0.10804899010694444,0.2752583,0.0,72
LK,1892,marine_hw,historical,0.11130789461513887,0.35565162,0.0,72
LK,1893,marine_hw,historical,0.06722937055972222,0.23891252,0.0,72
LK,1894,marine_hw,historical,0.0536720057125,0.2265546,0.0,72
LK,1895,marine_hw,historical,0.1083479638861111,0.27952498,0.0,72
LK,1896,marine_hw,historical,0.09027418296680556,0.250655,0.0,72
LK,1897,marine_hw,historical,0.05928288273097223,0.19402161,0.0,72
LK,1898,marine_hw,historical,0.06007116690361111,0.22465366,0.0,72
LK,1899,marine_hw,historical,0.11276866326249999,0.33287027,0.0,72
LK,1900,marine_hw,historical,0.10835146348888888,0.3408308,0.0021821912,72
LK,1901,marine_hw,historical,0.08965029109972222,0.32262117,0.0,72
LK,1902,marine_hw,historical,0.10289501374027778,0.30992007,0.0,72
LK,1903,marine_hw,historical,0.05604973715416666,0.24323368,0.0,72
LK,1904,marine_hw,historical,0.044831019524,0.20440236,0.0,72
LK,1905,marine_hw,historical,0.048537197416666664,0.21889272,0.0,72
LK,1906,marine_hw,historical,0.09373260032916667,0.26784062,0.0,72
LK,1907,marine_hw,historical,0.06757794514833333,0.26589158,0.0,72
LK,1908,marine_hw,historical,0.06811196145555555,0.22586739,0.0,72
LK,1909,marine_hw,historical,0.09970957598291667,0.36743674,0.0,72
LK,1910,marine_hw,historical,0.09302368025972223,0.30441517,0.0,72
LK,1911,marine_hw,historical,0.09865793605555556,0.21731949,0.0,72
LK,1912,marine_hw,historical,0.09959570013611112,0.29266816,0.0,72
LK,1913,marine_hw,historical,0.08465197507263889,0.27515388,0.0,72
LK,1914,marine_hw,historical,0.11123714827361113,0.32184952,0.0,72
LK,1915,marine_hw,historical,0.09630594917361111,0.27565864,0.0,72
LK,1916,marine_hw,historical,0.06539215218888889,0.22527187,0.0,72
LK,1917,marine_hw,historical,0.09255480161666667,0.273272,0.0,72
LK,1918,marine_hw,historical,0.07726826891666666,0.26241922,0.0,72
LK,1919,marine_hw,historical,0.12251399523611112,0.3611302,0.0,72
LK,1920,marine_hw,historical,0.08450923419625,0.27221987,0.0,72
LK,1921,marine_hw,historical,0.05265933972708334,0.19538331,0.0,72
LK,1922,marine_hw,historical,0.061301653137361106,0.20773672,0.0,72
LK,1923,marine_hw,historical,0.13109845847222223,0.33789408,0.0,72
LK,1924,marine_hw,historical,0.09392159075416667,0.29323283,0.0,72
LK,1925,marine_hw,historical,0.08481951035833334,0.23779595,0.0,72
LK,1926,marine_hw,historical,0.09145175683194445,0.26587975,0.0,72
LK,1927,marine_hw,historical,0.09781778907375,0.33156666,0.0,72
LK,1928,marine_hw,historical,0.10568844809305555,0.2834621,0.0014069264,72
LK,1929,marine_hw,historical,0.08030326758583334,0.27519384,0.0,72
LK,1930,marine_hw,historical,0.1054060214101389,0.30181974,0.0,72
LK,1931,marine_hw,historical,0.13305711880555554,0.2927771,0.0,72
LK,1932,marine_hw,historical,0.11259545797083333,0.3665353,0.0,72
LK,1933,marine_hw,historical,0.06637752000694445,0.237303,0.0,72
LK,1934,marine_hw,historical,0.05939379635,0.20265664,0.0,72
LK,1935,marine_hw,historical,0.14709590365277778,0.3626762,0.0,72
LK,1936,marine_hw,historical,0.10284143008819445,0.29463175,0.0,72
LK,1937,marine_hw,historical,0.0902675376375,0.26312822,0.0,72
LK,1938,marine_hw,historical,0.11744762241527777,0.3315794,0.0,72
LK,1939,marine_hw,historical,0.15276089118194444,0.38930756,0.0014993523,72
LK,1940,marine_hw,historical,0.09134400260152778,0.31803584,0.0,72
LK,1941,marine_hw,historical,0.07454257598069444,0.27543986,0.0,72
LK,1942,marine_hw,historical,0.09369835283472222,0.30822796,0.0,72
LK,1943,marine_hw,historical,0.08558214424541667,0.25023103,0.0,72
LK,1944,marine_hw,historical,0.1407924708763889,0.31401518,0.0,72
LK,1945,marine_hw,historical,0.08545232524583334,0.31486127,0.0,72
LK,1946,marine_hw,historical,0.13196862325,0.29587543,0.0,72
LK,1947,marine_hw,historical,0.14032115974361112,0.35674825,0.0002767101,72
LK,1948,marine_hw,historical,0.09661017329444445,0.31839895,0.0,72
LK,1949,marine_hw,historical,0.058646173648611105,0.20907936,0.0,72
LK,1950,marine_hw,historical,0.07734454844027777,0.26955277,0.0,72
LK,1951,marine_hw,historical,0.14371388216018055,0.3047474,0.0,72
LK,1952,marine_hw,historical,0.12501677944861112,0.3316157,0.0004038027,72
LK,1953,marine_hw,historical,0.09215578622500001,0.2570913,0.0,72
LK,1954,marine_hw,historical,0.07408650315555555,0.208758,0.0,72
LK,1955,marine_hw,historical,0.11412108925972222,0.29518098,0.0,72
LK,1956,marine_hw,historical,0.12747158275833334,0.34336087,0.0,72
LK,1957,marine_hw,historical,0.12834839906249998,0.37839302,0.0,72
LK,1958,marine_hw,historical,0.09330850816388889,0.25830415,0.0,72
LK,1959,marine_hw,historical,0.09332245854284722,0.29067463,0.0,72
LK,1960,marine_hw,historical,0.1460414178361111,0.3301623,0.0,72
LK,1961,marine_hw,historical,0.12417654748888889,0.3209263,0.0,72
LK,1962,marine_hw,historical,0.09469123707680555,0.28899065,0.0,72
LK,1963,marine_hw,historical,0.031211559269305553,0.174896,0.0,72
LK,1964,marine_hw,historical,0.09190277155486111,0.22129478,0.0,72
LK,1965,marine_hw,historical,0.10499834911388889,0.29696116,0.0,72
LK,1966,marine_hw,historical,0.04808212950694444,0.21238014,0.0,72
LK,1967,marine_hw,historical,0.06884566803888889,0.19561571,0.0,72
LK,1968,marine_hw,historical,0.13932966520694445,0.3762161,0.0,72
LK,1969,marine_hw,historical,0.13999333460208332,0.36388087,0.0,72
LK,1970,marine_hw,historical,0.0775794419113889,0.26686656,0.0,72
LK,1971,marine_hw,historical,0.06945530121902778,0.232941,0.0,72
LK,1972,marine_hw,historical,0.05630569651805555,0.23681095,0.0,72
LK,1973,marine_hw,historical,0.1184721666475,0.29827476,0.0,72
LK,1974,marine_hw,historical,0.07529629537777777,0.29426134,0.0,72
LK,1975,marine_hw,historical,0.07721400106222223,0.30271304,0.0,72
LK,1976,marine_hw,historical,0.0858986993125,0.255558,0.0,72
LK,1977,marine_hw,historical,0.13566060351666664,0.36142164,0.0,72
LK,1978,marine_hw,historical,0.1064908245923611,0.26773983,0.0,72
LK,1979,marine_hw,historical,0.11633510625833335,0.32229343,0.0,72
LK,1980,marine_hw,historical,0.15535323677083335,0.32929352,0.0,72
LK,1981,marine_hw,historical,0.11898471101805555,0.31974435,0.0,72
LK,1982,marine_hw,historical,0.06987229653333332,0.23736382,0.0,72
LK,1983,marine_hw,historical,0.04654641029861111,0.2020575,0.0,72
LK,1984,marine_hw,historical,0.10840222459305555,0.2742806,0.0,72
LK,1985,marine_hw,historical,0.13434985682777778,0.34237134,0.0,72
LK,1986,marine_hw,historical,0.09082716874166667,0.3085184,0.0,72
LK,1987,marine_hw,historical,0.09562680445833333,0.3000377,0.0,72
LK,1988,marine_hw,historical,0.1236078264138889,0.30993825,0.0,72
LK,1989,marine_hw,historical,0.12310148499166666,0.30409834,0.0,72
LK,1990,marine_hw,historical,0.11875139810138889,0.25394213,0.0,72
LK,1991,marine_hw,historical,0.10105819367444445,0.30139673,0.0,72
LK,1992,marine_hw,historical,0.10123420026684722,0.29851168,0.0,72
LK,1993,marine_hw,historical,0.12553280716666668,0.3021075,0.0,72
LK,1994,marine_hw,historical,0.15070043879166667,0.36106578,0.018142866,72
LK,1995,marine_hw,historical,0.07733754802222222,0.20611176,0.0,72
LK,1996,marine_hw,historical,0.10266452333611112,0.26822644,0.0,72
LK,1997,marine_hw,historical,0.15608560589305556,0.35693073,0.0,72
LK,1998,marine_hw,historical,0.1585439219861111,0.35160917,0.0016992395,72
LK,1999,marine_hw,historical,0.08955124669583334,0.24992056,0.0,72
LK,2000,marine_hw,historical,0.13293828529166665,0.28034198,0.0,72
LK,2001,marine_hw,historical,0.15828670246666665,0.34767658,0.0013551816,72
LK,2002,marine_hw,historical,0.15467609106944444,0.3334676,0.018916316,72
LK,2003,marine_hw,historical,0.11630706889305555,0.268723,0.0,72
LK,2004,marine_hw,historical,0.09276349390277777,0.22962841,0.0,72
LK,2005,marine_hw,historical,0.11866244969444445,0.2732811,0.0,72
LK,2006,marine_hw,historical,0.1701053177722222,0.36575732,0.0,72
LK,2007,marine_hw,historical,0.17976694345277777,0.39880592,0.0,72
LK,2008,marine_hw,historical,0.1590613797986111,0.3591258,0.0080598835,72
LK,2009,marine_hw,historical,0.18124133729166667,0.3359577,0.007533698,72
LK,2010,marine_hw,historical,0.16950469269305557,0.37678623,0.0,72
LK,2011,marine_hw,historical,0.16610426431944444,0.35040814,0.010891496,72
LK,2012,marine_hw,historical,0.08939276268888889,0.27018094,0.0,72
LK,2013,marine_hw,historical,0.1473462722125,0.31355494,0.0026842072,72
LK,2014,marine_hw,historical,0.15115210009305555,0.33767712,0.0,72
LT,1850,marine_hw,historical,0.0,0.0,0.0,12
LT,1851,marine_hw,historical,0.0,0.0,0.0,12
LT,1852,marine_hw,historical,0.0,0.0,0.0,12
LT,1853,marine_hw,historical,0.0,0.0,0.0,12
LT,1854,marine_hw,historical,0.0,0.0,0.0,12
LT,1855,marine_hw,historical,0.0,0.0,0.0,12
LT,1856,marine_hw,historical,0.0,0.0,0.0,12
LT,1857,marine_hw,historical,0.0,0.0,0.0,12
LT,1858,marine_hw,historical,0.0,0.0,0.0,12
LT,1859,marine_hw,historical,0.0,0.0,0.0,12
LT,1860,marine_hw,historical,0.0,0.0,0.0,12
LT,1861,marine_hw,historical,0.0,0.0,0.0,12
LT,1862,marine_hw,historical,0.0,0.0,0.0,12
LT,1863,marine_hw,historical,0.0,0.0,0.0,12
LT,1864,marine_hw,historical,0.0,0.0,0.0,12
LT,1865,marine_hw,historical,0.0,0.0,0.0,12
LT,1866,marine_hw,historical,0.0,0.0,0.0,12
LT,1867,marine_hw,historical,0.0,0.0,0.0,12
LT,1868,marine_hw,historical,0.0,0.0,0.0,12
LT,1869,marine_hw,historical,0.0,0.0,0.0,12
LT,1870,marine_hw,historical,0.0,0.0,0.0,12
LT,1871,marine_hw,historical,0.0,0.0,0.0,12
LT,1872,marine_hw,historical,0.0,0.0,0.0,12
LT,1873,marine_hw,historical,0.0,0.0,0.0,12
LT,1874,marine_hw,historical,0.0,0.0,0.0,12
LT,1875,marine_hw,historical,0.0,0.0,0.0,12
LT,1876,marine_hw,historical,0.0,0.0,0.0,12
LT,1877,marine_hw,historical,0.0,0.0,0.0,12
LT,1878,marine_hw,historical,0.0,0.0,0.0,12
LT,1879,marine_hw,historical,0.0,0.0,0.0,12
LT,1880,marine_hw,historical,0.0,0.0,0.0,12
LT,1881,marine_hw,historical,0.0,0.0,0.0,12
LT,1882,marine_hw,historical,0.0,0.0,0.0,12
LT,1883,marine_hw,historical,0.0,0.0,0.0,12
LT,1884,marine_hw,historical,0.0,0.0,0.0,12
LT,1885,marine_hw,historical,0.0,0.0,0.0,12
LT,1886,marine_hw,historical,0.0,0.0,0.0,12
LT,1887,marine_hw,historical,0.0,0.0,0.0,12
LT,1888,marine_hw,historical,0.0,0.0,0.0,12
LT,1889,marine_hw,historical,0.0,0.0,0.0,12
LT,1890,marine_hw,historical,0.0,0.0,0.0,12
LT,1891,marine_hw,historical,0.0,0.0,0.0,12
LT,1892,marine_hw,historical,0.0,0.0,0.0,12
LT,1893,marine_hw,historical,0.0,0.0,0.0,12
LT,1894,marine_hw,historical,0.0,0.0,0.0,12
LT,1895,marine_hw,historical,0.0,0.0,0.0,12
LT,1896,marine_hw,historical,0.0,0.0,0.0,12
LT,1897,marine_hw,historical,0.0,0.0,0.0,12
LT,1898,marine_hw,historical,0.0,0.0,0.0,12
LT,1899,marine_hw,historical,0.0,0.0,0.0,12
LT,1900,marine_hw,historical,0.0,0.0,0.0,12
LT,1901,marine_hw,historical,0.0,0.0,0.0,12
LT,1902,marine_hw,historical,0.0,0.0,0.0,12
LT,1903,marine_hw,historical,0.0,0.0,0.0,12
LT,1904,marine_hw,historical,0.0,0.0,0.0,12
LT,1905,marine_hw,historical,0.0,0.0,0.0,12
LT,1906,marine_hw,historical,0.0,0.0,0.0,12
LT,1907,marine_hw,historical,0.0,0.0,0.0,12
LT,1908,marine_hw,historical,0.0,0.0,0.0,12
LT,1909,marine_hw,historical,0.0,0.0,0.0,12
LT,1910,marine_hw,historical,0.0,0.0,0.0,12
LT,1911,marine_hw,historical,0.0,0.0,0.0,12
LT,1912,marine_hw,historical,0.0,0.0,0.0,12
LT,1913,marine_hw,historical,0.0,0.0,0.0,12
LT,1914,marine_hw,historical,0.0,0.0,0.0,12
LT,1915,marine_hw,historical,0.0,0.0,0.0,12
LT,1916,marine_hw,historical,0.0,0.0,0.0,12
LT,1917,marine_hw,historical,0.0,0.0,0.0,12
LT,1918,marine_hw,historical,0.0,0.0,0.0,12
LT,1919,marine_hw,historical,0.0,0.0,0.0,12
LT,1920,marine_hw,historical,0.0,0.0,0.0,12
LT,1921,marine_hw,historical,0.0,0.0,0.0,12
LT,1922,marine_hw,historical,0.0,0.0,0.0,12
LT,1923,marine_hw,historical,0.0,0.0,0.0,12
LT,1924,marine_hw,historical,0.0,0.0,0.0,12
LT,1925,marine_hw,historical,0.0,0.0,0.0,12
LT,1926,marine_hw,historical,0.0,0.0,0.0,12
LT,1927,marine_hw,historical,0.0,0.0,0.0,12
LT,1928,marine_hw,historical,0.0,0.0,0.0,12
LT,1929,marine_hw,historical,0.0,0.0,0.0,12
LT,1930,marine_hw,historical,0.0,0.0,0.0,12
LT,1931,marine_hw,historical,0.0,0.0,0.0,12
LT,1932,marine_hw,historical,0.0,0.0,0.0,12
LT,1933,marine_hw,historical,0.0,0.0,0.0,12
LT,1934,marine_hw,historical,0.0,0.0,0.0,12
LT,1935,marine_hw,historical,0.0,0.0,0.0,12
LT,1936,marine_hw,historical,0.0,0.0,0.0,12
LT,1937,marine_hw,historical,0.0,0.0,0.0,12
LT,1938,marine_hw,historical,0.0,0.0,0.0,12
LT,1939,marine_hw,historical,0.0,0.0,0.0,12
LT,1940,marine_hw,historical,0.0,0.0,0.0,12
LT,1941,marine_hw,historical,0.0,0.0,0.0,12
LT,1942,marine_hw,historical,0.0,0.0,0.0,12
LT,1943,marine_hw,historical,0.0,0.0,0.0,12
LT,1944,marine_hw,historical,0.0,0.0,0.0,12
LT,1945,marine_hw,historical,0.0,0.0,0.0,12
LT,1946,marine_hw,historical,0.0,0.0,0.0,12
LT,1947,marine_hw,historical,0.0,0.0,0.0,12
LT,1948,marine_hw,historical,0.0,0.0,0.0,12
LT,1949,marine_hw,historical,0.0,0.0,0.0,12
LT,1950,marine_hw,historical,0.0,0.0,0.0,12
LT,1951,marine_hw,historical,0.0,0.0,0.0,12
LT,1952,marine_hw,historical,0.0,0.0,0.0,12
LT,1953,marine_hw,historical,0.0,0.0,0.0,12
LT,1954,marine_hw,historical,0.0,0.0,0.0,12
LT,1955,marine_hw,historical,0.0,0.0,0.0,12
LT,1956,marine_hw,historical,0.0,0.0,0.0,12
LT,1957,marine_hw,historical,0.0,0.0,0.0,12
LT,1958,marine_hw,historical,0.0,0.0,0.0,12
LT,1959,marine_hw,historical,0.0,0.0,0.0,12
LT,1960,marine_hw,historical,0.0,0.0,0.0,12
LT,1961,marine_hw,historical,0.0,0.0,0.0,12
LT,1962,marine_hw,historical,0.0,0.0,0.0,12
LT,1963,marine_hw,historical,0.0,0.0,0.0,12
LT,1964,marine_hw,historical,0.0,0.0,0.0,12
LT,1965,marine_hw,historical,0.0,0.0,0.0,12
LT,1966,marine_hw,historical,0.0,0.0,0.0,12
LT,1967,marine_hw,historical,0.0,0.0,0.0,12
LT,1968,marine_hw,historical,0.0,0.0,0.0,12
LT,1969,marine_hw,historical,0.0,0.0,0.0,12
LT,1970,marine_hw,historical,0.0,0.0,0.0,12
LT,1971,marine_hw,historical,0.0,0.0,0.0,12
LT,1972,marine_hw,historical,0.0,0.0,0.0,12
LT,1973,marine_hw,historical,0.0,0.0,0.0,12
LT,1974,marine_hw,historical,0.0,0.0,0.0,12
LT,1975,marine_hw,historical,0.0,0.0,0.0,12
LT,1976,marine_hw,historical,0.0,0.0,0.0,12
LT,1977,marine_hw,historical,0.0,0.0,0.0,12
LT,1978,marine_hw,historical,0.0,0.0,0.0,12
LT,1979,marine_hw,historical,0.0,0.0,0.0,12
LT,1980,marine_hw,historical,0.0,0.0,0.0,12
LT,1981,marine_hw,historical,0.0,0.0,0.0,12
LT,1982,marine_hw,historical,0.0,0.0,0.0,12
LT,1983,marine_hw,historical,0.0,0.0,0.0,12
LT,1984,marine_hw,historical,0.0,0.0,0.0,12
LT,1985,marine_hw,historical,0.0,0.0,0.0,12
LT,1986,marine_hw,historical,0.0,0.0,0.0,12
LT,1987,marine_hw,historical,0.0,0.0,0.0,12
LT,1988,marine_hw,historical,0.0,0.0,0.0,12
LT,1989,marine_hw,historical,0.0,0.0,0.0,12
LT,1990,marine_hw,historical,0.0,0.0,0.0,12
LT,1991,marine_hw,historical,0.0,0.0,0.0,12
LT,1992,marine_hw,historical,0.0,0.0,0.0,12
LT,1993,marine_hw,historical,0.0,0.0,0.0,12
LT,1994,marine_hw,historical,0.0,0.0,0.0,12
LT,1995,marine_hw,historical,0.0,0.0,0.0,12
LT,1996,marine_hw,historical,0.0,0.0,0.0,12
LT,1997,marine_hw,historical,0.0,0.0,0.0,12
LT,1998,marine_hw,historical,0.0,0.0,0.0,12
LT,1999,marine_hw,historical,0.0,0.0,0.0,12
LT,2000,marine_hw,historical,0.0,0.0,0.0,12
LT,2001,marine_hw,historical,0.0,0.0,0.0,12
LT,2002,marine_hw,historical,0.0,0.0,0.0,12
LT,2003,marine_hw,historical,0.0,0.0,0.0,12
LT,2004,marine_hw,historical,0.0,0.0,0.0,12
LT,2005,marine_hw,historical,0.0,0.0,0.0,12
LT,2006,marine_hw,historical,0.0,0.0,0.0,12
LT,2007,marine_hw,historical,0.0,0.0,0.0,12
LT,2008,marine_hw,historical,0.0,0.0,0.0,12
LT,2009,marine_hw,historical,0.0,0.0,0.0,12
LT,2010,marine_hw,historical,0.0,0.0,0.0,12
LT,2011,marine_hw,historical,0.0,0.0,0.0,12
LT,2012,marine_hw,historical,0.0,0.0,0.0,12
LT,2013,marine_hw,historical,0.0,0.0,0.0,12
LT,2014,marine_hw,historical,0.0,0.0,0.0,12
LY,1850,marine_hw,historical,0.0,0.0,0.0,36
LY,1851,marine_hw,historical,0.0,0.0,0.0,36
LY,1852,marine_hw,historical,0.0,0.0,0.0,36
LY,1853,marine_hw,historical,0.0,0.0,0.0,36
LY,1854,marine_hw,historical,0.0,0.0,0.0,36
LY,1855,marine_hw,historical,0.0,0.0,0.0,36
LY,1856,marine_hw,historical,0.0,0.0,0.0,36
LY,1857,marine_hw,historical,0.0,0.0,0.0,36
LY,1858,marine_hw,historical,0.0,0.0,0.0,36
LY,1859,marine_hw,historical,0.0,0.0,0.0,36
LY,1860,marine_hw,historical,0.00016927555555555556,0.00609392,0.0,36
LY,1861,marine_hw,historical,0.0,0.0,0.0,36
LY,1862,marine_hw,historical,0.0,0.0,0.0,36
LY,1863,marine_hw,historical,0.0,0.0,0.0,36
LY,1864,marine_hw,historical,0.0,0.0,0.0,36
LY,1865,marine_hw,historical,0.0,0.0,0.0,36
LY,1866,marine_hw,historical,0.0,0.0,0.0,36
LY,1867,marine_hw,historical,1.4091455555555557e-05,0.0005072924,0.0,36
LY,1868,marine_hw,historical,0.0,0.0,0.0,36
LY,1869,marine_hw,historical,0.0,0.0,0.0,36
LY,1870,marine_hw,historical,0.0,0.0,0.0,36
LY,1871,marine_hw,historical,0.0,0.0,0.0,36
LY,1872,marine_hw,historical,0.0,0.0,0.0,36
LY,1873,marine_hw,historical,0.0,0.0,0.0,36
LY,1874,marine_hw,historical,0.0,0.0,0.0,36
LY,1875,marine_hw,historical,0.0,0.0,0.0,36
LY,1876,marine_hw,historical,0.0,0.0,0.0,36
LY,1877,marine_hw,historical,0.0,0.0,0.0,36
LY,1878,marine_hw,historical,0.0,0.0,0.0,36
LY,1879,marine_hw,historical,0.0,0.0,0.0,36
LY,1880,marine_hw,historical,0.0,0.0,0.0,36
LY,1881,marine_hw,historical,0.00019403844444444444,0.006985384,0.0,36
LY,1882,marine_hw,historical,0.0,0.0,0.0,36
LY,1883,marine_hw,historical,0.0,0.0,0.0,36
LY,1884,marine_hw,historical,0.0,0.0,0.0,36
LY,1885,marine_hw,historical,0.0,0.0,0.0,36
LY,1886,marine_hw,historical,0.0,0.0,0.0,36
LY,1887,marine_hw,historical,0.0,0.0,0.0,36
LY,1888,marine_hw,historical,0.0,0.0,0.0,36
LY,1889,marine_hw,historical,0.0,0.0,0.0,36
LY,1890,marine_hw,historical,0.0,0.0,0.0,36
LY,1891,marine_hw,historical,0.0,0.0,0.0,36
LY,1892,marine_hw,historical,0.0,0.0,0.0,36
LY,1893,marine_hw,historical,0.0,0.0,0.0,36
LY,1894,marine_hw,historical,0.0,0.0,0.0,36
LY,1895,marine_hw,historical,0.0,0.0,0.0,36
LY,1896,marine_hw,historical,0.0,0.0,0.0,36
LY,1897,marine_hw,historical,0.0,0.0,0.0,36
LY,1898,marine_hw,historical,0.0,0.0,0.0,36
LY,1899,marine_hw,historical,0.0,0.0,0.0,36
LY,1900,marine_hw,historical,0.0,0.0,0.0,36
LY,1901,marine_hw,historical,0.0,0.0,0.0,36
LY,1902,marine_hw,historical,0.0,0.0,0.0,36
LY,1903,marine_hw,historical,0.0,0.0,0.0,36
LY,1904,marine_hw,historical,0.0,0.0,0.0,36
LY,1905,marine_hw,historical,0.0,0.0,0.0,36
LY,1906,marine_hw,historical,0.0,0.0,0.0,36
LY,1907,marine_hw,historical,0.0,0.0,0.0,36
LY,1908,marine_hw,historical,0.0,0.0,0.0,36
LY,1909,marine_hw,historical,0.0,0.0,0.0,36
LY,1910,marine_hw,historical,0.0,0.0,0.0,36
LY,1911,marine_hw,historical,0.0,0.0,0.0,36
LY,1912,marine_hw,historical,0.0,0.0,0.0,36
LY,1913,marine_hw,historical,0.0,0.0,0.0,36
LY,1914,marine_hw,historical,0.0,0.0,0.0,36
LY,1915,marine_hw,historical,0.0,0.0,0.0,36
LY,1916,marine_hw,historical,0.0,0.0,0.0,36
LY,1917,marine_hw,historical,0.0,0.0,0.0,36
LY,1918,marine_hw,historical,0.0,0.0,0.0,36
LY,1919,marine_hw,historical,0.0,0.0,0.0,36
LY,1920,marine_hw,historical,0.0,0.0,0.0,36
LY,1921,marine_hw,historical,0.0,0.0,0.0,36
LY,1922,marine_hw,historical,0.0,0.0,0.0,36
LY,1923,marine_hw,historical,0.0,0.0,0.0,36
LY,1924,marine_hw,historical,0.0,0.0,0.0,36
LY,1925,marine_hw,historical,0.0,0.0,0.0,36
LY,1926,marine_hw,historical,0.0,0.0,0.0,36
LY,1927,marine_hw,historical,0.0,0.0,0.0,36
LY,1928,marine_hw,historical,0.0,0.0,0.0,36
LY,1929,marine_hw,historical,0.0,0.0,0.0,36
LY,1930,marine_hw,historical,0.0,0.0,0.0,36
LY,1931,marine_hw,historical,0.0,0.0,0.0,36
LY,1932,marine_hw,historical,0.0,0.0,0.0,36
LY,1933,marine_hw,historical,0.0,0.0,0.0,36
LY,1934,marine_hw,historical,0.0,0.0,0.0,36
LY,1935,marine_hw,historical,0.0,0.0,0.0,36
LY,1936,marine_hw,historical,0.0,0.0,0.0,36
LY,1937,marine_hw,historical,0.0,0.0,0.0,36
LY,1938,marine_hw,historical,0.0,0.0,0.0,36
LY,1939,marine_hw,historical,0.0,0.0,0.0,36
LY,1940,marine_hw,historical,9.125482222222222e-05,0.0032851736,0.0,36
LY,1941,marine_hw,historical,0.00025198661111111115,0.009071518,0.0,36
LY,1942,marine_hw,historical,0.0,0.0,0.0,36
LY,1943,marine_hw,historical,0.0,0.0,0.0,36
LY,1944,marine_hw,historical,0.0,0.0,0.0,36
LY,1945,marine_hw,historical,0.0,0.0,0.0,36
LY,1946,marine_hw,historical,0.0,0.0,0.0,36
LY,1947,marine_hw,historical,0.0,0.0,0.0,36
LY,1948,marine_hw,historical,0.0,0.0,0.0,36
LY,1949,marine_hw,historical,0.0,0.0,0.0,36
LY,1950,marine_hw,historical,0.0,0.0,0.0,36
LY,1951,marine_hw,historical,0.0,0.0,0.0,36
LY,1952,marine_hw,historical,0.0,0.0,0.0,36
LY,1953,marine_hw,historical,0.0,0.0,0.0,36
LY,1954,marine_hw,historical,0.0,0.0,0.0,36
LY,1955,marine_hw,historical,0.0,0.0,0.0,36
LY,1956,marine_hw,historical,0.0,0.0,0.0,36
LY,1957,marine_hw,historical,0.0,0.0,0.0,36
LY,1958,marine_hw,historical,0.0,0.0,0.0,36
LY,1959,marine_hw,historical,0.0,0.0,0.0,36
LY,1960,marine_hw,historical,0.0,0.0,0.0,36
LY,1961,marine_hw,historical,0.0,0.0,0.0,36
LY,1962,marine_hw,historical,0.0,0.0,0.0,36
LY,1963,marine_hw,historical,0.0,0.0,0.0,36
LY,1964,marine_hw,historical,0.0,0.0,0.0,36
LY,1965,marine_hw,historical,0.0,0.0,0.0,36
LY,1966,marine_hw,historical,0.0,0.0,0.0,36
LY,1967,marine_hw,historical,0.0,0.0,0.0,36
LY,1968,marine_hw,historical,0.0,0.0,0.0,36
LY,1969,marine_hw,historical,0.0,0.0,0.0,36
LY,1970,marine_hw,historical,0.0,0.0,0.0,36
LY,1971,marine_hw,historical,0.0,0.0,0.0,36
LY,1972,marine_hw,historical,0.0,0.0,0.0,36
LY,1973,marine_hw,historical,0.0,0.0,0.0,36
LY,1974,marine_hw,historical,0.0,0.0,0.0,36
LY,1975,marine_hw,historical,0.0,0.0,0.0,36
LY,1976,marine_hw,historical,0.0,0.0,0.0,36
LY,1977,marine_hw,historical,0.0,0.0,0.0,36
LY,1978,marine_hw,historical,0.0,0.0,0.0,36
LY,1979,marine_hw,historical,0.0,0.0,0.0,36
LY,1980,marine_hw,historical,0.0,0.0,0.0,36
LY,1981,marine_hw,historical,0.0,0.0,0.0,36
LY,1982,marine_hw,historical,0.0,0.0,0.0,36
LY,1983,marine_hw,historical,0.0,0.0,0.0,36
LY,1984,marine_hw,historical,0.0,0.0,0.0,36
LY,1985,marine_hw,historical,0.0,0.0,0.0,36
LY,1986,marine_hw,historical,0.0,0.0,0.0,36
LY,1987,marine_hw,historical,0.0,0.0,0.0,36
LY,1988,marine_hw,historical,0.0,0.0,0.0,36
LY,1989,marine_hw,historical,0.0,0.0,0.0,36
LY,1990,marine_hw,historical,0.0,0.0,0.0,36
LY,1991,marine_hw,historical,0.0,0.0,0.0,36
LY,1992,marine_hw,historical,0.0,0.0,0.0,36
LY,1993,marine_hw,historical,0.0,0.0,0.0,36
LY,1994,marine_hw,historical,0.0,0.0,0.0,36
LY,1995,marine_hw,historical,0.0,0.0,0.0,36
LY,1996,marine_hw,historical,0.0,0.0,0.0,36
LY,1997,marine_hw,historical,7.062748888888889e-05,0.0025425896,0.0,36
LY,1998,marine_hw,historical,0.0,0.0,0.0,36
LY,1999,marine_hw,historical,0.0,0.0,0.0,36
LY,2000,marine_hw,historical,0.0,0.0,0.0,36
LY,2001,marine_hw,historical,0.0,0.0,0.0,36
LY,2002,marine_hw,historical,0.0,0.0,0.0,36
LY,2003,marine_hw,historical,0.000268201,0.009655236,0.0,36
LY,2004,marine_hw,historical,0.0,0.0,0.0,36
LY,2005,marine_hw,historical,0.0,0.0,0.0,36
LY,2006,marine_hw,historical,0.0,0.0,0.0,36
LY,2007,marine_hw,historical,0.0,0.0,0.0,36
LY,2008,marine_hw,historical,0.0,0.0,0.0,36
LY,2009,marine_hw,historical,0.0,0.0,0.0,36
LY,2010,marine_hw,historical,0.0,0.0,0.0,36
LY,2011,marine_hw,historical,0.0,0.0,0.0,36
LY,2012,marine_hw,historical,0.0001513968611111111,0.005450287,0.0,36
LY,2013,marine_hw,historical,0.004150014861111111,0.09192631,0.0,36
LY,2014,marine_hw,historical,0.0,0.0,0.0,36
MG,1850,marine_hw,historical,0.020060872990530304,0.32874793,0.0,264
MG,1851,marine_hw,historical,0.01758444142878788,0.2881618,0.0,264
MG,1852,marine_hw,historical,0.02034914406060606,0.292276,0.0,264
MG,1853,marine_hw,historical,0.025728948156704543,0.35143942,0.0,264
MG,1854,marine_hw,historical,0.01590187056364394,0.2859268,0.0,264
MG,1855,marine_hw,historical,0.012785475136363637,0.2731322,0.0,264
MG,1856,marine_hw,historical,0.02176148037405303,0.33125436,0.0,264
MG,1857,marine_hw,historical,0.031151522121969696,0.43031943,0.0,264
MG,1858,marine_hw,historical,0.02544093042462121,0.3884161,0.0,264
MG,1859,marine_hw,historical,0.018822152754545456,0.32788736,0.0,264
MG,1860,marine_hw,historical,0.009559221003598486,0.26119733,0.0,264
MG,1861,marine_hw,historical,0.01027755456969697,0.20302522,0.0,264
MG,1862,marine_hw,historical,0.023357153221969695,0.3620698,0.0,264
MG,1863,marine_hw,historical,0.028641769287613635,0.37706763,0.0,264
MG,1864,marine_hw,historical,0.010949501352272727,0.27801257,0.0,264
MG,1865,marine_hw,historical,0.010156015143181818,0.27585834,0.0,264
MG,1866,marine_hw,historical,0.017724422009053033,0.33276045,0.0,264
MG,1867,marine_hw,historical,0.028404738039772726,0.35555452,0.0,264
MG,1868,marine_hw,historical,0.027865032517689396,0.3808895,0.0,264
MG,1869,marine_hw,historical,0.013327653792424243,0.255194,0.0,264
MG,1870,marine_hw,historical,0.009859522714015152,0.19155964,0.0,264
MG,1871,marine_hw,historical,0.021543417548863634,0.3171353,0.0,264
MG,1872,marine_hw,historical,0.03520304382159091,0.40715137,0.0,264
MG,1873,marine_hw,historical,0.021378447220454545,0.3362682,0.0,264
MG,1874,marine_hw,historical,0.012764317029924243,0.24663159,0.0,264
MG,1875,marine_hw,historical,0.013608541425378788,0.27277184,0.0,264
MG,1876,marine_hw,historical,0.025883361616666666,0.3663928,0.0,264
MG,1877,marine_hw,historical,0.021016881654242425,0.27992442,0.0,264
MG,1878,marine_hw,historical,0.010232308450265152,0.21772802,0.0,264
MG,1879,marine_hw,historical,0.015230276695075757,0.30204034,0.0,264
MG,1880,marine_hw,historical,0.02414937328598485,0.37976837,0.0,264
MG,1881,marine_hw,historical,0.02417634129659091,0.37184143,0.0,264
MG,1882,marine_hw,historical,0.022362957079810605,0.35875815,0.0,264
MG,1883,marine_hw,historical,0.011251762598484847,0.29623765,0.0,264
MG,1884,marine_hw,historical,0.012301483480037878,0.2601025,0.0,264
MG,1885,marine_hw,historical,0.02410772308560606,0.30943167,0.0,264
MG,1886,marine_hw,historical,0.02996835174621212,0.37408006,0.0,264
MG,1887,marine_hw,historical,0.01851624285530303,0.28601852,0.0,264
MG,1888,marine_hw,historical,0.00910739684318182,0.257114,0.0,264
MG,1889,marine_hw,historical,0.014771896301893938,0.27712202,0.0,264
MG,1890,marine_hw,historical,0.023856040600757578,0.33721137,0.0,264
MG,1891,marine_hw,historical,0.02589327760719697,0.33335233,0.0,264
MG,1892,marine_hw,historical,0.027959022556439395,0.37605995,0.0,264
MG,1893,marine_hw,historical,0.018415892042045457,0.36066997,0.0,264
MG,1894,marine_hw,historical,0.015553621823333332,0.29394272,0.0,264
MG,1895,marine_hw,historical,0.029061193859848483,0.33793128,0.0,264
MG,1896,marine_hw,historical,0.02958256811098485,0.48633534,0.0,264
MG,1897,marine_hw,historical,0.014854454628030303,0.31524798,0.0,264
MG,1898,marine_hw,historical,0.016941145660075756,0.28611383,0.0,264
MG,1899,marine_hw,historical,0.024812452442045455,0.338781,0.0,264
MG,1900,marine_hw,historical,0.030442484363257576,0.3678589,0.0,264
MG,1901,marine_hw,historical,0.02455135151439394,0.29517007,0.0,264
MG,1902,marine_hw,historical,0.02781554134431818,0.35795292,0.0,264
MG,1903,marine_hw,historical,0.017678107096212124,0.30932635,0.0,264
MG,1904,marine_hw,historical,0.01474047945340909,0.28040648,0.0,264
MG,1905,marine_hw,historical,0.012067530994318182,0.23084125,0.0,264
MG,1906,marine_hw,historical,0.01840913165125,0.25743446,0.0,264
MG,1907,marine_hw,historical,0.019264937651325757,0.305766,0.0,264
MG,1908,marine_hw,historical,0.01604877411401515,0.34562767,0.0,264
MG,1909,marine_hw,historical,0.027594044756818183,0.36405063,0.0,264
MG,1910,marine_hw,historical,0.02234326720909091,0.39086264,0.0,264
MG,1911,marine_hw,historical,0.018173431534848482,0.29382926,0.0,264
MG,1912,marine_hw,historical,0.024868342257575757,0.33472311,0.0,264
MG,1913,marine_hw,historical,0.024326260433181816,0.36832458,0.0,264
MG,1914,marine_hw,historical,0.02591322221060606,0.3496465,0.0,264
MG,1915,marine_hw,historical,0.02710238850469697,0.388998,0.0,264
MG,1916,marine_hw,historical,0.012580722035037878,0.24504748,0.0,264
MG,1917,marine_hw,historical,0.018357538150757576,0.30701327,0.0,264
MG,1918,marine_hw,historical,0.023225500950757576,0.3216934,0.0,264
MG,1919,marine_hw,historical,0.02455976385189394,0.32740983,0.0,264
MG,1920,marine_hw,historical,0.025002544403787876,0.3728736,0.0,264
MG,1921,marine_hw,historical,0.017423671221590907,0.30020657,0.0,264
MG,1922,marine_hw,historical,0.010023089379734848,0.21937114,0.0,264
MG,1923,marine_hw,historical,0.030852177343598488,0.3758312,0.0,264
MG,1924,marine_hw,historical,0.023891050977083335,0.40191245,0.0,264
MG,1925,marine_hw,historical,0.012379508957765153,0.29645282,0.0,264
MG,1926,marine_hw,historical,0.025589264642424243,0.31098765,0.0,264
MG,1927,marine_hw,historical,0.032551259859469696,0.4540267,0.0,264
MG,1928,marine_hw,historical,0.0190924855530303,0.33400232,0.0,264
MG,1929,marine_hw,historical,0.017222299458522727,0.2857825,0.0,264
MG,1930,marine_hw,historical,0.019570963036363638,0.27454293,0.0,264
MG,1931,marine_hw,historical,0.02777295952462121,0.46194002,0.0,264
MG,1932,marine_hw,historical,0.03601518055151515,0.46275336,0.0,264
MG,1933,marine_hw,historical,0.019321608290151514,0.32873887,0.0,264
MG,1934,marine_hw,historical,0.017790076166287878,0.33167288,0.0,264
MG,1935,marine_hw,historical,0.03080923138257576,0.35722303,0.0,264
MG,1936,marine_hw,historical,0.02924239261212121,0.38847238,0.0,264
MG,1937,marine_hw,historical,0.015333293643030302,0.28485924,0.0,264
MG,1938,marine_hw,historical,0.025564182538068185,0.32365787,0.0,264
MG,1939,marine_hw,historical,0.03182298758522727,0.42906848,0.0,264
MG,1940,marine_hw,historical,0.025496407015151514,0.34140635,0.0,264
MG,1941,marine_hw,historical,0.013571693799242423,0.25859192,0.0,264
MG,1942,marine_hw,historical,0.018000580054469698,0.28224474,0.0,264
MG,1943,marine_hw,historical,0.02283882124621212,0.31086603,0.0,264
MG,1944,marine_hw,historical,0.028619570243939397,0.39334005,0.0,264
MG,1945,marine_hw,historical,0.025331465417045455,0.38493106,0.0,264
MG,1946,marine_hw,historical,0.025170640090719697,0.32757506,0.0,264
MG,1947,marine_hw,historical,0.035091731503787874,0.456731,0.0,264
MG,1948,marine_hw,historical,0.02526618169848485,0.3517526,0.0,264
MG,1949,marine_hw,historical,0.019866179607348485,0.30216926,0.0,264
MG,1950,marine_hw,historical,0.013628876804545454,0.2717079,0.0,264
MG,1951,marine_hw,historical,0.02634850406185606,0.35688442,0.0,264
MG,1952,marine_hw,historical,0.038896850127045454,0.4547003,0.0,264
MG,1953,marine_hw,historical,0.016224802652954545,0.29203814,0.0,264
MG,1954,marine_hw,historical,0.01360746902689394,0.29353786,0.0,264
MG,1955,marine_hw,historical,0.0246469502625,0.37707308,0.0,264
MG,1956,marine_hw,historical,0.028343885970568184,0.32678252,0.0,264
MG,1957,marine_hw,historical,0.02744030120530303,0.38781968,0.0,264
MG,1958,marine_hw,historical,0.02095854519560606,0.32602724,0.0,264
MG,1959,marine_hw,historical,0.02314040565909091,0.32040703,0.0,264
MG,1960,marine_hw,historical,0.026508413143772728,0.3641405,0.0,264
MG,1961,marine_hw,historical,0.035607476523257575,0.42044342,0.0,264
MG,1962,marine_hw,historical,0.026566069196780305,0.3876345,0.0,264
MG,1963,marine_hw,historical,0.008706804129545455,0.21915054,0.0,264
MG,1964,marine_hw,historical,0.02215623724962121,0.31565467,0.0,264
MG,1965,marine_hw,historical,0.03517062716780303,0.4065286,0.0,264
MG,1966,marine_hw,historical,0.017716488334469697,0.29764473,0.0,264
MG,1967,marine_hw,historical,0.015429233989772728,0.32605448,0.0,264
MG,1968,marine_hw,historical,0.03432615908772727,0.41274253,0.0,264
MG,1969,marine_hw,historical,0.032080288337878786,0.38516435,0.0,264
MG,1970,marine_hw,historical,0.023893082281439396,0.3575916,0.0,264
MG,1971,marine_hw,historical,0.015808993678030302,0.28657407,0.0,264
MG,1972,marine_hw,historical,0.016990673250757576,0.32523656,0.0,264
MG,1973,marine_hw,historical,0.030455392817613634,0.34241492,0.0,264
MG,1974,marine_hw,historical,0.025300782284662877,0.3637238,0.0,264
MG,1975,marine_hw,historical,0.01780674009280303,0.31226584,0.0,264
MG,1976,marine_hw,historical,0.019715890067045456,0.31386358,0.0,264
MG,1977,marine_hw,historical,0.03718695516666667,0.3844372,0.0,264
MG,1978,marine_hw,historical,0.023064472226136362,0.33449614,0.0,264
MG,1979,marine_hw,historical,0.021823470378030303,0.32953864,0.0,264
MG,1980,marine_hw,historical,0.031767108021628784,0.39312124,0.0,264
MG,1981,marine_hw,historical,0.03836832548371212,0.45780048,0.0,264
MG,1982,marine_hw,historical,0.018369977805681816,0.28533944,0.0,264
MG,1983,marine_hw,historical,0.012132609836363635,0.28785953,0.0,264
MG,1984,marine_hw,historical,0.02808429969848485,0.38184088,0.0,264
MG,1985,marine_hw,historical,0.0411312909530303,0.47959948,0.0,264
MG,1986,marine_hw,historical,0.021415106612878786,0.33871198,0.0,264
MG,1987,marine_hw,historical,0.016677527870833334,0.32894856,0.0,264
MG,1988,marine_hw,historical,0.03720895537689394,0.41348237,0.0,264
MG,1989,marine_hw,historical,0.028399605240151515,0.37586662,0.0,264
MG,1990,marine_hw,historical,0.0236433248125,0.3296067,0.0,264
MG,1991,marine_hw,historical,0.02519850113460606,0.36427304,0.0,264
MG,1992,marine_hw,historical,0.014723890171969697,0.28805107,0.0,264
MG,1993,marine_hw,historical,0.02835300420242424,0.39169598,0.0,264
MG,1994,marine_hw,historical,0.03133126781590909,0.41192186,0.0,264
MG,1995,marine_hw,historical,0.018081140075757576,0.2724105,0.0,264
MG,1996,marine_hw,historical,0.021432543483939394,0.3337409,0.0,264
MG,1997,marine_hw,historical,0.038864942501439396,0.39622593,0.0,264
MG,1998,marine_hw,historical,0.037147982012727274,0.42774037,0.0,264
MG,1999,marine_hw,historical,0.022448812799189394,0.34329188,0.0,264
MG,2000,marine_hw,historical,0.024200113563901515,0.32575127,0.0,264
MG,2001,marine_hw,historical,0.030943842109848484,0.35844857,0.0,264
MG,2002,marine_hw,historical,0.04231828502818182,0.43040752,0.0,264
MG,2003,marine_hw,historical,0.03154210475681818,0.36870587,0.0,264
MG,2004,marine_hw,historical,0.02039299909844697,0.28145587,0.0,264
MG,2005,marine_hw,historical,0.022269701422727273,0.31636912,0.0,264
MG,2006,marine_hw,historical,0.03598888331704546,0.43853417,0.0,264
MG,2007,marine_hw,historical,0.03765030774681818,0.46497846,0.0,264
MG,2008,marine_hw,historical,0.03858159233484849,0.50751066,0.0,264
MG,2009,marine_hw,historical,0.0352646973125,0.4199069,0.0,264
MG,2010,marine_hw,historical,0.04315220827488637,0.4512098,0.0,264
MG,2011,marine_hw,historical,0.03950338278901515,0.43383992,0.0,264
MG,2012,marine_hw,historical,0.021895663596590908,0.3685724,0.0,264
MG,2013,marine_hw,historical,0.02700668646628788,0.37703133,0.0,264
MG,2014,marine_hw,historical,0.046444303194696966,0.5287915,0.0,264
MH,1850,marine_hw,historical,0.013666837065120773,0.18602112,0.0,828
MH,1851,marine_hw,historical,0.012280029866751209,0.20376506,0.0,828
MH,1852,marine_hw,historical,0.012124708989444444,0.24005818,0.0,828
MH,1853,marine_hw,historical,0.01433445318165785,0.1626951,0.0,828
MH,1854,marine_hw,historical,0.011813830918514493,0.16711792,0.0,828
MH,1855,marine_hw,historical,0.011016286878888889,0.16840065,0.0,828
MH,1856,marine_hw,historical,0.010403789339541064,0.20645127,0.0,828
MH,1857,marine_hw,historical,0.013046688457306763,0.20990366,0.0,828
MH,1858,marine_hw,historical,0.0138944004244686,0.2501902,0.0,828
MH,1859,marine_hw,historical,0.009246314958937197,0.1485152,0.0,828
MH,1860,marine_hw,historical,0.00708893923880314,0.1469211,0.0,828
MH,1861,marine_hw,historical,0.010202041618611112,0.21681023,0.0,828
MH,1862,marine_hw,historical,0.013967124807971014,0.22483522,0.0,828
MH,1863,marine_hw,historical,0.010816080685458937,0.1725375,0.0,828
MH,1864,marine_hw,historical,0.007831679898731883,0.1339195,0.0,828
MH,1865,marine_hw,historical,0.01211805171379227,0.19311108,0.0,828
MH,1866,marine_hw,historical,0.013527356541859905,0.22248217,0.0,828
MH,1867,marine_hw,historical,0.011047529380326087,0.22755772,0.0,828
MH,1868,marine_hw,historical,0.021099514040024154,0.20603731,0.0,828
MH,1869,marine_hw,historical,0.013806819607391305,0.16665313,0.0,828
MH,1870,marine_hw,historical,0.013514344284963769,0.20353541,0.0,828
MH,1871,marine_hw,historical,0.012673653758164252,0.20540729,0.0,828
MH,1872,marine_hw,historical,0.020202080658393722,0.21048918,0.0,828
MH,1873,marine_hw,historical,0.006872628197892512,0.11140688,0.0,828
MH,1874,marine_hw,historical,0.007697909330640097,0.1346966,0.0,828
MH,1875,marine_hw,historical,0.007977077661830917,0.16513346,0.0,828
MH,1876,marine_hw,historical,0.013909466600893719,0.21162121,0.0,828
MH,1877,marine_hw,historical,0.009606045828019324,0.16245997,0.0,828
MH,1878,marine_hw,historical,0.00661006520531401,0.11477483,0.0,828
MH,1879,marine_hw,historical,0.008534620141461353,0.20548809,0.0,828
MH,1880,marine_hw,historical,0.014809178269263286,0.22708657,0.0,828
MH,1881,marine_hw,historical,0.014278124151775361,0.20920101,0.0,828
MH,1882,marine_hw,historical,0.009116711586477052,0.14156142,0.0,828
MH,1883,marine_hw,historical,0.010448622920916546,0.16795763,0.0,828
MH,1884,marine_hw,historical,0.008620655642028985,0.1946362,0.0,828
MH,1885,marine_hw,historical,0.009397434106678744,0.1882979,0.0,828
MH,1886,marine_hw,historical,0.018146259545,0.25021195,0.0,828
MH,1887,marine_hw,historical,0.012071972159975845,0.15800264,0.0,828
MH,1888,marine_hw,historical,0.009459102037844202,0.12920529,0.0,828
MH,1889,marine_hw,historical,0.011363646964855072,0.20120052,0.0,828
MH,1890,marine_hw,historical,0.014008815157246376,0.20264122,0.0,828
MH,1891,marine_hw,historical,0.01116792031108454,0.20832133,0.0,828
MH,1892,marine_hw,historical,0.014248300736944445,0.19849798,0.0,828
MH,1893,marine_hw,historical,0.009144332154873189,0.15745524,0.0,828
MH,1894,marine_hw,historical,0.008912675471251208,0.1846222,0.0,828
MH,1895,marine_hw,historical,0.013861870474927535,0.26984233,0.0,828
MH,1896,marine_hw,historical,0.011220760418768117,0.1828765,0.0,828
MH,1897,marine_hw,historical,0.013006003603295532,0.18388417,0.0,828
MH,1898,marine_hw,historical,0.014557242290489129,0.2608714,0.0,828
MH,1899,marine_hw,historical,0.012049072464806763,0.21904615,0.0,828
MH,1900,marine_hw,historical,0.01549083373557971,0.22405541,0.0,828
MH,1901,marine_hw,historical,0.0144880471412657,0.23333043,0.0,828
MH,1902,marine_hw,historical,0.01390107736440459,0.20254952,0.0,828
MH,1903,marine_hw,historical,0.012267868738342996,0.16656688,0.0,828
MH,1904,marine_hw,historical,0.006145453581497585,0.12956478,0.0,828
MH,1905,marine_hw,historical,0.011933695261135266,0.19972625,0.0,828
MH,1906,marine_hw,historical,0.013007789696280194,0.24202994,0.0,828
MH,1907,marine_hw,historical,0.015741799866485506,0.19608232,0.0,828
MH,1908,marine_hw,historical,0.012837802931871981,0.21269605,0.0,828
MH,1909,marine_hw,historical,0.011558524578403383,0.20937711,0.0,828
MH,1910,marine_hw,historical,0.013328251028743963,0.20540094,0.0,828
MH,1911,marine_hw,historical,0.014861332811533816,0.21807662,0.0,828
MH,1912,marine_hw,historical,0.01829973598521739,0.22775835,0.0,828
MH,1913,marine_hw,historical,0.014729925036086958,0.19915253,0.0,828
MH,1914,marine_hw,historical,0.0119230421887593,0.22031435,0.0,828
MH,1915,marine_hw,historical,0.017183312595582128,0.20647576,0.0,828
MH,1916,marine_hw,historical,0.014109865225157005,0.19166857,0.0,828
MH,1917,marine_hw,historical,0.014879276103241546,0.21977602,0.0,828
MH,1918,marine_hw,historical,0.013215360383586956,0.23054712,0.0,828
MH,1919,marine_hw,historical,0.01793370252004831,0.24238397,0.0,828
MH,1920,marine_hw,historical,0.018692430772608695,0.23759168,0.0,828
MH,1921,marine_hw,historical,0.016281207222572463,0.16763628,0.0,828
MH,1922,marine_hw,historical,0.01203494204177536,0.17205092,0.0,828
MH,1923,marine_hw,historical,0.01580430480710145,0.23682275,0.0,828
MH,1924,marine_hw,historical,0.015467037839251208,0.17813867,0.0,828
MH,1925,marine_hw,historical,0.012342014657922704,0.16353571,0.0,828
MH,1926,marine_hw,historical,0.011214366027741547,0.19795603,0.0,828
MH,1927,marine_hw,historical,0.015505094023031402,0.24493308,0.0,828
MH,1928,marine_hw,historical,0.014704986349363526,0.22252849,0.0,828
MH,1929,marine_hw,historical,0.011126190786551932,0.18172994,0.0,828
MH,1930,marine_hw,historical,0.015236444144396134,0.21391886,0.0,828
MH,1931,marine_hw,historical,0.013549652020012078,0.19680858,0.0,828
MH,1932,marine_hw,historical,0.015239702601896134,0.19001003,0.0,828
MH,1933,marine_hw,historical,0.012085687405072465,0.19039947,0.0,828
MH,1934,marine_hw,historical,0.01768308445807971,0.24885844,0.0,828
MH,1935,marine_hw,historical,0.016194118411799515,0.26687017,0.0,828
MH,1936,marine_hw,historical,0.019403836052696858,0.22008921,0.0,828
MH,1937,marine_hw,historical,0.018393866564202898,0.22322023,0.0,828
MH,1938,marine_hw,historical,0.008507930084625604,0.21164209,0.0,828
MH,1939,marine_hw,historical,0.017274241063019325,0.21865307,0.0,828
MH,1940,marine_hw,historical,0.01522255858834541,0.16784325,0.0,828
MH,1941,marine_hw,historical,0.011030032932282607,0.14212789,0.0,828
MH,1942,marine_hw,historical,0.014923094982729469,0.22121307,0.0,828
MH,1943,marine_hw,historical,0.01474995710928744,0.2125853,0.0,828
MH,1944,marine_hw,historical,0.01882269986369565,0.25211474,0.0,828
MH,1945,marine_hw,historical,0.021045267564275362,0.22702391,0.0,828
MH,1946,marine_hw,historical,0.012079125665458936,0.19963002,0.0,828
MH,1947,marine_hw,historical,0.020664026515736712,0.24142987,0.0,828
MH,1948,marine_hw,historical,0.014292074499722222,0.18105817,0.0,828
MH,1949,marine_hw,historical,0.0129138986127657,0.18411201,0.0,828
MH,1950,marine_hw,historical,0.015526005234408212,0.21225396,0.0,828
MH,1951,marine_hw,historical,0.01608652218206522,0.22588101,0.0,828
MH,1952,marine_hw,historical,0.021517671267137682,0.23196964,0.0,828
MH,1953,marine_hw,historical,0.01934130069787923,0.22396734,0.0,828
MH,1954,marine_hw,historical,0.01709734634281401,0.23878363,0.0,828
MH,1955,marine_hw,historical,0.017958904159227053,0.26065987,0.0,828
MH,1956,marine_hw,historical,0.016576007333146136,0.24554405,0.0,828
MH,1957,marine_hw,historical,0.0179474408034058,0.2200202,0.0,828
MH,1958,marine_hw,historical,0.021363306469263287,0.23248255,0.0,828
MH,1959,marine_hw,historical,0.01881180374638889,0.22978728,0.0,828
MH,1960,marine_hw,historical,0.015477326831545894,0.21080782,0.0,828
MH,1961,marine_hw,historical,0.020208138926026572,0.24493492,0.0,828
MH,1962,marine_hw,historical,0.013016278059903382,0.17340447,0.0,828
MH,1963,marine_hw,historical,0.009617132038907005,0.13964686,0.0,828
MH,1964,marine_hw,historical,0.005693726795144928,0.16571084,0.0,828
MH,1965,marine_hw,historical,0.012677939278545049,0.21420574,0.0,828
MH,1966,marine_hw,historical,0.011787736736690821,0.17723086,0.0,828
MH,1967,marine_hw,historical,0.012651041935265702,0.21812926,0.0,828
MH,1968,marine_hw,historical,0.015988102389492755,0.23028566,0.0,828
MH,1969,marine_hw,historical,0.017632630936352655,0.27006656,0.0,828
MH,1970,marine_hw,historical,0.015755402079263285,0.16638078,0.0,828
MH,1971,marine_hw,historical,0.011532233510446861,0.18892157,0.0,828
MH,1972,marine_hw,historical,0.012560110283490338,0.18885711,0.0,828
MH,1973,marine_hw,historical,0.01948276299955314,0.23959246,0.0,828
MH,1974,marine_hw,historical,0.019970113436630434,0.22939058,0.0,828
MH,1975,marine_hw,historical,0.012385789975845411,0.18102911,0.0,828
MH,1976,marine_hw,historical,0.014246305977077295,0.21393067,0.0,828
MH,1977,marine_hw,historical,0.020435934507934784,0.2533902,0.0,828
MH,1978,marine_hw,historical,0.021198397853900968,0.22329466,0.0,828
MH,1979,marine_hw,historical,0.014393516248900968,0.22965929,0.0,828
MH,1980,marine_hw,historical,0.011804507796533815,0.21862039,0.0,828
MH,1981,marine_hw,historical,0.016274672171787442,0.222031,0.0,828
MH,1982,marine_hw,historical,0.015157108177282608,0.16574079,0.0,828
MH,1983,marine_hw,historical,0.017277699342971013,0.17042233,0.0,828
MH,1984,marine_hw,historical,0.012247001810144927,0.18896514,0.0,828
MH,1985,marine_hw,historical,0.019804773059178743,0.22090986,0.0,828
MH,1986,marine_hw,historical,0.017724700118429953,0.19676135,0.0,828
MH,1987,marine_hw,historical,0.016400364582403383,0.24811676,0.0,828
MH,1988,marine_hw,historical,0.015929981061714976,0.25253683,0.0,828
MH,1989,marine_hw,historical,0.02275242947402174,0.247691,0.0,828
MH,1990,marine_hw,historical,0.018675879099915457,0.22428599,0.0,828
MH,1991,marine_hw,historical,0.017616759070591785,0.23039642,0.0,828
MH,1992,marine_hw,historical,0.014885175276884058,0.22613338,0.0,828
MH,1993,marine_hw,historical,0.0173810986879686,0.22467363,0.0,828
MH,1994,marine_hw,historical,0.026252782050398552,0.2499124,0.0,828
MH,1995,marine_hw,historical,0.018848058248007248,0.2169609,0.0,828
MH,1996,marine_hw,historical,0.020862686076533816,0.23341215,0.0,828
MH,1997,marine_hw,historical,0.022852109989806763,0.26724327,0.0,828
MH,1998,marine_hw,historical,0.02662792713683575,0.28952533,0.0,828
MH,1999,marine_hw,historical,0.028530758262155797,0.23017764,0.0,828
MH,2000,marine_hw,historical,0.026351286840289857,0.25096363,0.0,828
MH,2001,marine_hw,historical,0.018939446284711354,0.24445105,0.0,828
MH,2002,marine_hw,historical,0.02780772027879831,0.29452008,0.0,828
MH,2003,marine_hw,historical,0.016543342025374396,0.19418502,0.0,828
MH,2004,marine_hw,historical,0.01857508601821256,0.20997263,0.0,828
MH,2005,marine_hw,historical,0.02177681590878019,0.24105313,0.0,828
MH,2006,marine_hw,historical,0.023531385901316426,0.26697642,0.0,828
MH,2007,marine_hw,historical,0.026640285708417873,0.2843899,0.0,828
MH,2008,marine_hw,historical,0.025760375553719808,0.27859628,0.0,828
MH,2009,marine_hw,historical,0.02170031276316425,0.24200542,0.0,828
MH,2010,marine_hw,historical,0.029923639645640095,0.2926246,0.0,828
MH,2011,marine_hw,historical,0.02765010820942029,0.27377585,0.0,828
MH,2012,marine_hw,historical,0.025676281058876812,0.23803195,0.0,828
MH,2013,marine_hw,historical,0.022061550599154586,0.28860664,0.0,828
MH,2014,marine_hw,historical,0.026513781085012077,0.2981395,0.0,828
MM,1850,marine_hw,historical,0.030304658208333335,0.18483555,0.0,48
MM,1851,marine_hw,historical,0.033912263458333335,0.28388333,0.0,48
MM,1852,marine_hw,historical,0.039159072832,0.26524794,0.0,48
MM,1853,marine_hw,historical,0.053312766109791666,0.28485015,0.0,48
MM,1854,marine_hw,historical,0.037434066158125,0.2231476,0.0,48
MM,1855,marine_hw,historical,0.021330828391666667,0.23870191,0.0,48
MM,1856,marine_hw,historical,0.05103535,0.29245484,0.0,48
MM,1857,marine_hw,historical,0.07138587335208334,0.30264947,0.0,48
MM,1858,marine_hw,historical,0.04997144525625,0.26902893,0.0,48
MM,1859,marine_hw,historical,0.03849023781875,0.24766468,0.0,48
MM,1860,marine_hw,historical,0.02157961449375,0.25534558,0.0,48
MM,1861,marine_hw,historical,0.019315421360416665,0.21083868,0.0,48
MM,1862,marine_hw,historical,0.041185260625000004,0.31337154,0.0,48
MM,1863,marine_hw,historical,0.07085108334583333,0.3370244,0.0,48
MM,1864,marine_hw,historical,0.028893318110416667,0.15947421,0.0,48
MM,1865,marine_hw,historical,0.02701684601875,0.1999396,0.0,48
MM,1866,marine_hw,historical,0.039839143089583334,0.2999769,0.0,48
MM,1867,marine_hw,historical,0.04826339168333333,0.29641467,0.0,48
MM,1868,marine_hw,historical,0.05732083257916667,0.32773846,0.0,48
MM,1869,marine_hw,historical,0.040084950583333334,0.28874645,0.0,48
MM,1870,marine_hw,historical,0.028497272232708332,0.21712615,0.0,48
MM,1871,marine_hw,historical,0.05554113535416667,0.30075127,0.0,48
MM,1872,marine_hw,historical,0.06387955224583333,0.26834992,0.0,48
MM,1873,marine_hw,historical,0.05161927587916667,0.21207058,0.0,48
MM,1874,marine_hw,historical,0.020688425127083333,0.20775305,0.0,48
MM,1875,marine_hw,historical,0.027373088702083336,0.26414043,0.0,48
MM,1876,marine_hw,historical,0.06208125477708334,0.34373578,0.0,48
MM,1877,marine_hw,historical,0.04527422769041667,0.21697,0.0,48
MM,1878,marine_hw,historical,0.013860567551041666,0.14079887,0.0,48
MM,1879,marine_hw,historical,0.022968674866875,0.14270161,0.0,48
MM,1880,marine_hw,historical,0.04653412159166667,0.32750878,0.0,48
MM,1881,marine_hw,historical,0.0556976886275,0.2580318,0.0,48
MM,1882,marine_hw,historical,0.03537332532125,0.18434714,0.0,48
MM,1883,marine_hw,historical,0.017193458802083336,0.21308096,0.0,48
MM,1884,marine_hw,historical,0.017504264729166667,0.15925634,0.0,48
MM,1885,marine_hw,historical,0.045372365922916665,0.2741326,0.0,48
MM,1886,marine_hw,historical,0.05269468627583334,0.2969176,0.0,48
MM,1887,marine_hw,historical,0.0300671855375,0.2060818,0.0,48
MM,1888,marine_hw,historical,0.015078929068333332,0.12806872,0.0,48
MM,1889,marine_hw,historical,0.02101703099375,0.18127331,0.0,48
MM,1890,marine_hw,historical,0.04626891947916667,0.290671,0.0,48
MM,1891,marine_hw,historical,0.05571011079166666,0.27570403,0.0,48
MM,1892,marine_hw,historical,0.05475690888541667,0.3456894,0.0,48
MM,1893,marine_hw,historical,0.029350999916666665,0.26512903,0.0,48
MM,1894,marine_hw,historical,0.025011280375833334,0.22736707,0.0,48
MM,1895,marine_hw,historical,0.059050116875,0.29721898,0.0,48
MM,1896,marine_hw,historical,0.057580094585416665,0.28443983,0.0,48
MM,1897,marine_hw,historical,0.025613718572916666,0.17515017,0.0,48
MM,1898,marine_hw,historical,0.019910056009166666,0.17109774,0.0,48
MM,1899,marine_hw,historical,0.0366214375375,0.3316629,0.0,48
MM,1900,marine_hw,historical,0.051491599801458336,0.31783432,0.0,48
MM,1901,marine_hw,historical,0.04289622925979167,0.31794506,0.0,48
MM,1902,marine_hw,historical,0.0475873326375,0.30234897,0.0,48
MM,1903,marine_hw,historical,0.02997580413541667,0.26996216,0.0,48
MM,1904,marine_hw,historical,0.018396254754166667,0.18170089,0.0,48
MM,1905,marine_hw,historical,0.01629523025,0.1449911,0.0,48
MM,1906,marine_hw,historical,0.03770687999375,0.28679013,0.0,48
MM,1907,marine_hw,historical,0.03933894388125,0.17054307,0.0,48
MM,1908,marine_hw,historical,0.03833213333333333,0.2128404,0.0,48
MM,1909,marine_hw,historical,0.04606826247916667,0.30092373,0.0,48
MM,1910,marine_hw,historical,0.033554029922916666,0.25504604,0.0,48
MM,1911,marine_hw,historical,0.036191405577083335,0.22946411,0.0,48
MM,1912,marine_hw,historical,0.036310105094999996,0.25398028,0.0,48
MM,1913,marine_hw,historical,0.03869375446875,0.23316886,0.0,48
MM,1914,marine_hw,historical,0.05568740550625,0.3229879,0.0,48
MM,1915,marine_hw,historical,0.04152932607791667,0.25403383,0.0,48
MM,1916,marine_hw,historical,0.029863337562499998,0.2196698,0.0,48
MM,1917,marine_hw,historical,0.04071618879166667,0.23479564,0.0,48
MM,1918,marine_hw,historical,0.04720379718333333,0.30243886,0.0,48
MM,1919,marine_hw,historical,0.05872270443125,0.2930122,0.0,48
MM,1920,marine_hw,historical,0.0449715797625,0.28485104,0.0,48
MM,1921,marine_hw,historical,0.022991222079166665,0.19947569,0.0,48
MM,1922,marine_hw,historical,0.012495838924375,0.10846197,0.0,48
MM,1923,marine_hw,historical,0.06196972911666667,0.35540563,0.0,48
MM,1924,marine_hw,historical,0.031742146556249996,0.2262305,0.0,48
MM,1925,marine_hw,historical,0.03974725770208334,0.21104021,0.0,48
MM,1926,marine_hw,historical,0.047000413614583327,0.32686695,0.0,48
MM,1927,marine_hw,historical,0.078323388959375,0.30934906,0.0,48
MM,1928,marine_hw,historical,0.0570521436625,0.30491173,0.0,48
MM,1929,marine_hw,historical,0.03568158832833333,0.29992425,0.0,48
MM,1930,marine_hw,historical,0.0465308500625,0.32974654,0.0,48
MM,1931,marine_hw,historical,0.073961642625,0.27723277,0.0,48
MM,1932,marine_hw,historical,0.062084732727083335,0.3286662,0.0,48
MM,1933,marine_hw,historical,0.03452995632708333,0.18582958,0.0,48
MM,1934,marine_hw,historical,0.03326554187083333,0.19047663,0.0,48
MM,1935,marine_hw,historical,0.05512459672916667,0.32627508,0.0,48
MM,1936,marine_hw,historical,0.064275163875,0.21578895,0.0,48
MM,1937,marine_hw,historical,0.045590265104166666,0.21343502,0.0,48
MM,1938,marine_hw,historical,0.05389027678125,0.30309975,0.0,48
MM,1939,marine_hw,historical,0.07453914866041667,0.3455786,0.0,48
MM,1940,marine_hw,historical,0.04784473929791667,0.25731915,0.0,48
MM,1941,marine_hw,historical,0.033078120731458334,0.30754617,0.0,48
MM,1942,marine_hw,historical,0.05147299695729166,0.28786498,0.0,48
MM,1943,marine_hw,historical,0.032154493014583334,0.27875787,0.0,48
MM,1944,marine_hw,historical,0.06181768976041666,0.28552467,0.0,48
MM,1945,marine_hw,historical,0.04410047768177083,0.22678337,0.0,48
MM,1946,marine_hw,historical,0.06831673096458334,0.26695278,0.0,48
MM,1947,marine_hw,historical,0.06798480113541668,0.35439432,0.0,48
MM,1948,marine_hw,historical,0.06778087531041667,0.30568698,0.0,48
MM,1949,marine_hw,historical,0.035914069316666665,0.20545086,0.0,48
MM,1950,marine_hw,historical,0.03465374014083333,0.23643422,0.0,48
MM,1951,marine_hw,historical,0.055555617070833334,0.28248894,0.0,48
MM,1952,marine_hw,historical,0.08004885652083334,0.35007226,0.0,48
MM,1953,marine_hw,historical,0.052003788699375,0.22584742,0.0,48
MM,1954,marine_hw,historical,0.03133502623541667,0.2091075,0.0,48
MM,1955,marine_hw,historical,0.05675744329791666,0.31768906,0.0,48
MM,1956,marine_hw,historical,0.054813701166666666,0.26540953,0.0,48
MM,1957,marine_hw,historical,0.0722391949734375,0.4002666,0.0,48
MM,1958,marine_hw,historical,0.04572731107083333,0.24186198,0.0,48
MM,1959,marine_hw,historical,0.0375461208375,0.27394196,0.0,48
MM,1960,marine_hw,historical,0.07362745651250001,0.35882258,0.0,48
MM,1961,marine_hw,historical,0.07130903225625,0.3057723,0.0,48
MM,1962,marine_hw,historical,0.06386343702708333,0.2915443,0.0,48
MM,1963,marine_hw,historical,0.016590487312500003,0.18694073,0.0,48
MM,1964,marine_hw,historical,0.037478505291666665,0.19563206,0.0,48
MM,1965,marine_hw,historical,0.06791688706666667,0.3266046,0.0,48
MM,1966,marine_hw,historical,0.023914526102916667,0.20532559,0.0,48
MM,1967,marine_hw,historical,0.022084443125000002,0.16605307,0.0,48
MM,1968,marine_hw,historical,0.05320211877916667,0.3047465,0.0,48
MM,1969,marine_hw,historical,0.06213539073625,0.36047113,0.0,48
MM,1970,marine_hw,historical,0.045066816722916674,0.26044747,0.0,48
MM,1971,marine_hw,historical,0.028726235066666665,0.20429885,0.0,48
MM,1972,marine_hw,historical,0.0238536514625,0.2526204,0.0,48
MM,1973,marine_hw,historical,0.06471738369791667,0.30138397,0.0,48
MM,1974,marine_hw,historical,0.04318175197729166,0.24075991,0.0,48
MM,1975,marine_hw,historical,0.03797770841083333,0.28946632,0.0,48
MM,1976,marine_hw,historical,0.030990309254166667,0.24440113,0.0,48
MM,1977,marine_hw,historical,0.0691450166375,0.36473513,0.0,48
MM,1978,marine_hw,historical,0.047975378458333336,0.25690794,0.0,48
MM,1979,marine_hw,historical,0.060297651811666665,0.31667507,0.0,48
MM,1980,marine_hw,historical,0.06999079654166666,0.32109606,0.0,48
MM,1981,marine_hw,historical,0.054895417003125,0.31342873,0.0,48
MM,1982,marine_hw,historical,0.025405819867291665,0.12195194,0.0,48
MM,1983,marine_hw,historical,0.023243922570833336,0.16021681,0.0,48
MM,1984,marine_hw,historical,0.04834159073958333,0.24237853,0.0,48
MM,1985,marine_hw,historical,0.081048134375,0.3485335,0.0,48
MM,1986,marine_hw,historical,0.048057449125000005,0.30591667,0.0,48
MM,1987,marine_hw,historical,0.0289899107625,0.22931251,0.0,48
MM,1988,marine_hw,historical,0.06091329897916667,0.29816037,0.0,48
MM,1989,marine_hw,historical,0.05872419881458333,0.3227074,0.0,48
MM,1990,marine_hw,historical,0.04495888716833333,0.22796622,0.0,48
MM,1991,marine_hw,historical,0.049160913856249995,0.2830863,0.0,48
MM,1992,marine_hw,historical,0.02272529765,0.26636815,0.0,48
MM,1993,marine_hw,historical,0.053840932781249996,0.28117263,0.0,48
MM,1994,marine_hw,historical,0.08866477400541667,0.31441373,0.0,48
MM,1995,marine_hw,historical,0.04574239837916667,0.2621587,0.0,48
MM,1996,marine_hw,historical,0.040888381184374996,0.24826473,0.0,48
MM,1997,marine_hw,historical,0.07816937645833334,0.32148552,0.0,48
MM,1998,marine_hw,historical,0.07118554559583333,0.3298691,0.0,48
MM,1999,marine_hw,historical,0.03268767840833333,0.15591653,0.0,48
MM,2000,marine_hw,historical,0.0444248274125,0.28392783,0.0,48
MM,2001,marine_hw,historical,0.06619329807291667,0.30954152,0.0,48
MM,2002,marine_hw,historical,0.09283923468125,0.35405117,0.0,48
MM,2003,marine_hw,historical,0.06064085344166667,0.24580094,0.0,48
MM,2004,marine_hw,historical,0.03357116630208334,0.21308823,0.0,48
MM,2005,marine_hw,historical,0.046299988904791665,0.31033677,0.0,48
MM,2006,marine_hw,historical,0.05910827068625,0.31782615,0.0,48
MM,2007,marine_hw,historical,0.07031688989583333,0.34945858,0.0,48
MM,2008,marine_hw,historical,0.06432820822708334,0.36917883,0.0,48
MM,2009,marine_hw,historical,0.07650834513541667,0.32905114,0.0,48
MM,2010,marine_hw,historical,0.09130063714583332,0.41092688,0.0,48
MM,2011,marine_hw,historical,0.08225053193333333,0.31967807,0.0,48
MM,2012,marine_hw,historical,0.04628450447916666,0.3398831,0.0,48
MM,2013,marine_hw,historical,0.062117414989583335,0.3477891,0.0,48
MM,2014,marine_hw,historical,0.07502098439375,0.34496856,0.0,48
MP,1850,marine_hw,historical,0.020405568641958336,0.15947694,0.0,120
MP,1851,marine_hw,historical,0.011677204549083333,0.13970314,0.0,120
MP,1852,marine_hw,historical,0.014212261190833332,0.1309855,0.0,120
MP,1853,marine_hw,historical,0.020978363841666667,0.17878865,0.0,120
MP,1854,marine_hw,historical,0.014769422483,0.12636569,0.0,120
MP,1855,marine_hw,historical,0.007203051727208334,0.079266064,0.0,120
MP,1856,marine_hw,historical,0.0284797773375,0.20196944,0.0,120
MP,1857,marine_hw,historical,0.02220210722275,0.13485548,0.0,120
MP,1858,marine_hw,historical,0.021526676356083334,0.13014124,0.0,120
MP,1859,marine_hw,historical,0.013028788039333333,0.0972651,0.0,120
MP,1860,marine_hw,historical,0.008073821344166668,0.08305524,0.0,120
MP,1861,marine_hw,historical,0.009419548262583333,0.13651584,0.0,120
MP,1862,marine_hw,historical,0.03527075495,0.15287447,0.0,120
MP,1863,marine_hw,historical,0.0380611116025,0.16521516,0.0,120
MP,1864,marine_hw,historical,0.015668746891249998,0.1546002,0.0,120
MP,1865,marine_hw,historical,0.015247434859166666,0.11780418,0.0,120
MP,1866,marine_hw,historical,0.025926187607499998,0.14119104,0.0,120
MP,1867,marine_hw,historical,0.025833806359583333,0.19226591,0.0,120
MP,1868,marine_hw,historical,0.038912243751999996,0.14284143,0.0,120
MP,1869,marine_hw,historical,0.01177680113575,0.1133868,0.0,120
MP,1870,marine_hw,historical,0.011146027332333334,0.12023255,0.0,120
MP,1871,marine_hw,historical,0.023461794624166664,0.20176336,0.0,120
MP,1872,marine_hw,historical,0.0460115816,0.17649099,0.0,120
MP,1873,marine_hw,historical,0.018779850255,0.10211278,0.0,120
MP,1874,marine_hw,historical,0.013733243511666667,0.096254714,0.0,120
MP,1875,marine_hw,historical,0.014725409835,0.14553396,0.0,120
MP,1876,marine_hw,historical,0.03318061193675,0.19900455,0.0,120
MP,1877,marine_hw,historical,0.011238581875666667,0.12023255,0.0,120
MP,1878,marine_hw,historical,0.00547961611075,0.07170497,0.0,120
MP,1879,marine_hw,historical,0.0152724659825,0.10192487,0.0,120
MP,1880,marine_hw,historical,0.030770714937999998,0.19723797,0.0,120
MP,1881,marine_hw,historical,0.0476092384455,0.24258733,0.0,120
MP,1882,marine_hw,historical,0.01716073394075,0.14591524,0.0,120
MP,1883,marine_hw,historical,0.016210644735583334,0.12572113,0.0,120
MP,1884,marine_hw,historical,0.010142962830333333,0.09958726,0.0,120
MP,1885,marine_hw,historical,0.02296914250833333,0.16435003,0.0,120
MP,1886,marine_hw,historical,0.0307537499725,0.17614514,0.0,120
MP,1887,marine_hw,historical,0.0190891069325,0.10467733,0.0,120
MP,1888,marine_hw,historical,0.003801393569666667,0.03987553,0.0,120
MP,1889,marine_hw,historical,0.012481216164166666,0.100860916,0.0,120
MP,1890,marine_hw,historical,0.02829341425,0.18273215,0.0,120
MP,1891,marine_hw,historical,0.03222420261916667,0.18568796,0.0,120
MP,1892,marine_hw,historical,0.040349249238333336,0.17561951,0.0,120
MP,1893,marine_hw,historical,0.016377049976666665,0.120615646,0.0,120
MP,1894,marine_hw,historical,0.022965939611166667,0.15108609,0.0,120
MP,1895,marine_hw,historical,0.0232854894177,0.14305566,0.0,120
MP,1896,marine_hw,historical,0.026999280937416666,0.17862797,0.0,120
MP,1897,marine_hw,historical,0.025812955315,0.18539473,0.0,120
MP,1898,marine_hw,historical,0.010878272747075,0.14002995,0.0,120
MP,1899,marine_hw,historical,0.028985177662499997,0.151353,0.0,120
MP,1900,marine_hw,historical,0.022990615623333332,0.16359654,0.0,120
MP,1901,marine_hw,historical,0.021419264445,0.102419615,0.0,120
MP,1902,marine_hw,historical,0.02824836414591667,0.23229918,0.0,120
MP,1903,marine_hw,historical,0.011748793347750001,0.13525581,0.0,120
MP,1904,marine_hw,historical,0.013344745486083333,0.10128668,0.0,120
MP,1905,marine_hw,historical,0.012453218594583334,0.12291239,0.0,120
MP,1906,marine_hw,historical,0.020248764234166668,0.12202638,0.0,120
MP,1907,marine_hw,historical,0.027025970245,0.12708557,0.0,120
MP,1908,marine_hw,historical,0.014614488487083334,0.11090033,0.0,120
MP,1909,marine_hw,historical,0.03019824766,0.1833295,0.0,120
MP,1910,marine_hw,historical,0.02013549519,0.13808724,0.0,120
MP,1911,marine_hw,historical,0.016241473314916665,0.13492173,0.0,120
MP,1912,marine_hw,historical,0.03378808517083333,0.16806021,0.0,120
MP,1913,marine_hw,historical,0.022136230049166667,0.15460564,0.0,120
MP,1914,marine_hw,historical,0.0516450642025,0.24791977,0.0,120
MP,1915,marine_hw,historical,0.027639426696666667,0.16926125,0.0,120
MP,1916,marine_hw,historical,0.01986176598708333,0.1500639,0.0,120
MP,1917,marine_hw,historical,0.010341642799166667,0.115414836,0.0,120
MP,1918,marine_hw,historical,0.018867394716916668,0.15771307,0.0,120
MP,1919,marine_hw,historical,0.047846120426666666,0.22722547,0.0,120
MP,1920,marine_hw,historical,0.028932157538583334,0.16912326,0.0,120
MP,1921,marine_hw,historical,0.010577827461083333,0.104360506,0.0,120
MP,1922,marine_hw,historical,0.010361905813,0.09136619,0.0,120
MP,1923,marine_hw,historical,0.032042521455833334,0.19402434,0.0,120
MP,1924,marine_hw,historical,0.024111966114166668,0.1481085,0.0,120
MP,1925,marine_hw,historical,0.011400245598166667,0.117106974,0.0,120
MP,1926,marine_hw,historical,0.02171781708583333,0.1754416,0.0,120
MP,1927,marine_hw,historical,0.030731847045833333,0.1693593,0.0,120
MP,1928,marine_hw,historical,0.02687123070354167,0.1707101,0.0,120
MP,1929,marine_hw,historical,0.0048902245413333335,0.06141137,0.0,120
MP,1930,marine_hw,historical,0.01874401025083333,0.15388395,0.0,120
MP,1931,marine_hw,historical,0.04269256327833334,0.21079874,0.0,120
MP,1932,marine_hw,historical,0.039485806219999996,0.15037075,0.0,120
MP,1933,marine_hw,historical,0.021280986410033335,0.11592775,0.0,120
MP,1934,marine_hw,historical,0.02187501751833333,0.16380715,0.0,120
MP,1935,marine_hw,historical,0.03210056980466667,0.19474967,0.0,120
MP,1936,marine_hw,historical,0.038712130922750006,0.16708252,0.0,120
MP,1937,marine_hw,historical,0.01998240409725,0.13619357,0.0,120
MP,1938,marine_hw,historical,0.017324311908833333,0.104751766,0.0,120
MP,1939,marine_hw,historical,0.03343052991708333,0.16901341,0.0,120
MP,1940,marine_hw,historical,0.022767720390833336,0.14102218,0.0,120
MP,1941,marine_hw,historical,0.01445573194325,0.14230582,0.0,120
MP,1942,marine_hw,historical,0.0227589528075,0.1278336,0.0,120
MP,1943,marine_hw,historical,0.014616815568975,0.14233848,0.0,120
MP,1944,marine_hw,historical,0.03699744673416667,0.18683271,0.0,120
MP,1945,marine_hw,historical,0.015743173086083334,0.12059477,0.0,120
MP,1946,marine_hw,historical,0.014617520128,0.11114271,0.0,120
MP,1947,marine_hw,historical,0.039390194335,0.19406882,0.0,120
MP,1948,marine_hw,historical,0.0214812809425,0.11837973,0.0,120
MP,1949,marine_hw,historical,0.017541524309166667,0.10594916,0.0,120
MP,1950,marine_hw,historical,0.023061955466666666,0.14739133,0.0,120
MP,1951,marine_hw,historical,0.02350371843458333,0.1914498,0.0,120
MP,1952,marine_hw,historical,0.04669385211358333,0.21116549,0.0,120
MP,1953,marine_hw,historical,0.017761686941666667,0.11697898,0.0,120
MP,1954,marine_hw,historical,0.017752287523083332,0.16736212,0.0,120
MP,1955,marine_hw,historical,0.046414993622500005,0.2199839,0.0,120
MP,1956,marine_hw,historical,0.03720665402433333,0.18279661,0.0,120
MP,1957,marine_hw,historical,0.041311560834166663,0.20467651,0.0,120
MP,1958,marine_hw,historical,0.024324985104166665,0.14659429,0.0,120
MP,1959,marine_hw,historical,0.0146058659575,0.12088073,0.0,120
MP,1960,marine_hw,historical,0.033790312398333334,0.18132415,0.0,120
MP,1961,marine_hw,historical,0.04742726196416667,0.22909826,0.0,120
MP,1962,marine_hw,historical,0.019627697889666666,0.13636515,0.0,120
MP,1963,marine_hw,historical,0.012302045741666667,0.10239874,0.0,120
MP,1964,marine_hw,historical,0.016476850008333332,0.105686806,0.0,120
MP,1965,marine_hw,historical,0.0316159270875,0.16150859,0.0,120
MP,1966,marine_hw,historical,0.0076216899675,0.072935045,0.0,120
MP,1967,marine_hw,historical,0.016563488740583335,0.14017521,0.0,120
MP,1968,marine_hw,historical,0.028500209850833333,0.15784925,0.0,120
MP,1969,marine_hw,historical,0.047322532344999994,0.25228813,0.0,120
MP,1970,marine_hw,historical,0.025228850006,0.15892681,0.0,120
MP,1971,marine_hw,historical,0.008184047205,0.09380274,0.0,120
MP,1972,marine_hw,historical,0.0186110656637,0.21073791,0.0,120
MP,1973,marine_hw,historical,0.053987895433333336,0.19786254,0.0,120
MP,1974,marine_hw,historical,0.0257941862975,0.17298779,0.0,120
MP,1975,marine_hw,historical,0.012685373349416666,0.12492137,0.0,120
MP,1976,marine_hw,historical,0.024275342551250002,0.17781186,0.0,120
MP,1977,marine_hw,historical,0.038397928021666666,0.20804445,0.0,120
MP,1978,marine_hw,historical,0.0264081960125,0.17992523,0.0,120
MP,1979,marine_hw,historical,0.017423848358333334,0.117061585,0.0,120
MP,1980,marine_hw,historical,0.03081288852666667,0.15414086,0.0,120
MP,1981,marine_hw,historical,0.02901453900425,0.17084627,0.0,120
MP,1982,marine_hw,historical,0.015134439703166667,0.14830913,0.0,120
MP,1983,marine_hw,historical,0.0118381235525,0.119189486,0.0,120
MP,1984,marine_hw,historical,0.030611821064166666,0.18347564,0.0,120
MP,1985,marine_hw,historical,0.04929926334233334,0.21730497,0.0,120
MP,1986,marine_hw,historical,0.014445759978333333,0.11660497,0.0,120
MP,1987,marine_hw,historical,0.026791723378333333,0.1620678,0.0,120
MP,1988,marine_hw,historical,0.03721885847583333,0.20166533,0.0,120
MP,1989,marine_hw,historical,0.04598408322083333,0.21552023,0.0,120
MP,1990,marine_hw,historical,0.020361860163833335,0.1381998,0.0,120
MP,1991,marine_hw,historical,0.016994672943333334,0.13230363,0.0,120
MP,1992,marine_hw,historical,0.006572146156916666,0.09381454,0.0,120
MP,1993,marine_hw,historical,0.034857808944,0.16807476,0.0,120
MP,1994,marine_hw,historical,0.04823068596025,0.19548318,0.0,120
MP,1995,marine_hw,historical,0.022920020593333333,0.16158122,0.0,120
MP,1996,marine_hw,historical,0.02678478333,0.19164953,0.0,120
MP,1997,marine_hw,historical,0.04799781765083334,0.22853634,0.0,120
MP,1998,marine_hw,historical,0.04144495639383334,0.22695221,0.0,120
MP,1999,marine_hw,historical,0.02473908077083333,0.13779856,0.0,120
MP,2000,marine_hw,historical,0.037400331340833336,0.20983465,0.0,120
MP,2001,marine_hw,historical,0.039064740520833335,0.23967327,0.0,120
MP,2002,marine_hw,historical,0.06203468964666667,0.28782594,0.0,120
MP,2003,marine_hw,historical,0.03401812587308333,0.1582968,0.0,120
MP,2004,marine_hw,historical,0.025955614395,0.13674551,0.0,120
MP,2005,marine_hw,historical,0.026038769837050002,0.15702766,0.0,120
MP,2006,marine_hw,historical,0.047200215631083335,0.23483467,0.0,120
MP,2007,marine_hw,historical,0.039771771848208334,0.21230751,0.0,120
MP,2008,marine_hw,historical,0.0484787289495,0.21698725,0.0,120
MP,2009,marine_hw,historical,0.06699766819216667,0.26072162,0.0,120
MP,2010,marine_hw,historical,0.05574941824416667,0.21944284,0.0,120
MP,2011,marine_hw,historical,0.06594466988666667,0.24181297,0.0,120
MP,2012,marine_hw,historical,0.03271314093666667,0.20909297,0.0,120
MP,2013,marine_hw,historical,0.02154336231333333,0.21800126,0.0,120
MP,2014,marine_hw,historical,0.061398140430000005,0.2743414,0.0,120
MU,1850,marine_hw,historical,0.006428011153076923,0.11019768,0.0,312
MU,1851,marine_hw,historical,0.012053098555897436,0.19829828,0.0,312
MU,1852,marine_hw,historical,0.011646152935576923,0.18446061,0.0,312
MU,1853,marine_hw,historical,0.021784967384935898,0.22311401,0.0,312
MU,1854,marine_hw,historical,0.007977920244551283,0.14527705,0.0,312
MU,1855,marine_hw,historical,0.0027314442155128202,0.09331979,0.0,312
MU,1856,marine_hw,historical,0.011683188982435897,0.19741589,0.0,312
MU,1857,marine_hw,historical,0.014261791583653847,0.20524752,0.0,312
MU,1858,marine_hw,historical,0.012072569590576924,0.16628365,0.0,312
MU,1859,marine_hw,historical,0.010243307822692308,0.22708565,0.0,312
MU,1860,marine_hw,historical,0.003908872759294872,0.1428496,0.0,312
MU,1861,marine_hw,historical,0.004647500030608974,0.1585773,0.0,312
MU,1862,marine_hw,historical,0.014979916959807693,0.18293914,0.0,312
MU,1863,marine_hw,historical,0.026177857948717947,0.27464464,0.0,312
MU,1864,marine_hw,historical,0.005743810576442308,0.1357333,0.0,312
MU,1865,marine_hw,historical,0.004801627351282051,0.10403006,0.0,312
MU,1866,marine_hw,historical,0.010224790927467949,0.16336143,0.0,312
MU,1867,marine_hw,historical,0.014670008169551281,0.19645725,0.0,312
MU,1868,marine_hw,historical,0.015014332222820514,0.19563024,0.0,312
MU,1869,marine_hw,historical,0.0034551419757051284,0.110316604,0.0,312
MU,1870,marine_hw,historical,0.006031385730961539,0.12343891,0.0,312
MU,1871,marine_hw,historical,0.009852796076057694,0.17017631,0.0,312
MU,1872,marine_hw,historical,0.018761925778205128,0.2892494,0.0,312
MU,1873,marine_hw,historical,0.015019668320064104,0.17974004,0.0,312
MU,1874,marine_hw,historical,0.0021777583391025643,0.080400825,0.0,312
MU,1875,marine_hw,historical,0.004317522108974359,0.1137481,0.0,312
MU,1876,marine_hw,historical,0.017428185740073716,0.20113608,0.0,312
MU,1877,marine_hw,historical,0.011895718794551282,0.17687136,0.0,312
MU,1878,marine_hw,historical,0.0006618717214743591,0.04490477,0.0,312
MU,1879,marine_hw,historical,0.005721833300833334,0.10419528,0.0,312
MU,1880,marine_hw,historical,0.016162516842307694,0.21631819,0.0,312
MU,1881,marine_hw,historical,0.011707134158653846,0.22142912,0.0,312
MU,1882,marine_hw,historical,0.015742506265512823,0.2334884,0.0,312
MU,1883,marine_hw,historical,0.004711388934487179,0.14629108,0.0,312
MU,1884,marine_hw,historical,0.003985734070817308,0.114995435,0.0,312
MU,1885,marine_hw,historical,0.01772928763525641,0.22797713,0.0,312
MU,1886,marine_hw,historical,0.01834752957926282,0.24433757,0.0,312
MU,1887,marine_hw,historical,0.004002133646185897,0.10947235,0.0,312
MU,1888,marine_hw,historical,0.003293794250961539,0.09643991,0.0,312
MU,1889,marine_hw,historical,0.004972689975641025,0.10489339,0.0,312
MU,1890,marine_hw,historical,0.012494246792445513,0.18445426,0.0,312
MU,1891,marine_hw,historical,0.014717606459358974,0.18366902,0.0,312
MU,1892,marine_hw,historical,0.01932355674294872,0.21090223,0.0,312
MU,1893,marine_hw,historical,0.010976974232307693,0.14315824,0.0,312
MU,1894,marine_hw,historical,0.009908761725192308,0.14023784,0.0,312
MU,1895,marine_hw,historical,0.020606129787916667,0.2722698,0.0,312
MU,1896,marine_hw,historical,0.017881721080128206,0.2518469,0.0,312
MU,1897,marine_hw,historical,0.007734197290448717,0.14633465,0.0,312
MU,1898,marine_hw,historical,0.007295659962596153,0.13811994,0.0,312
MU,1899,marine_hw,historical,0.013898201180448719,0.18569794,0.0,312
MU,1900,marine_hw,historical,0.015314423563878207,0.22127753,0.0,312
MU,1901,marine_hw,historical,0.01029759353525641,0.17372039,0.0,312
MU,1902,marine_hw,historical,0.014423772722596153,0.2144826,0.0,312
MU,1903,marine_hw,historical,0.011132650753205128,0.13742727,0.0,312
MU,1904,marine_hw,historical,0.0013906436298076923,0.06340582,0.0,312
MU,1905,marine_hw,historical,0.0036311758962916663,0.10803983,0.0,312
MU,1906,marine_hw,historical,0.008559787495320511,0.13776588,0.0,312
MU,1907,marine_hw,historical,0.010316940903846154,0.18270038,0.0,312
MU,1908,marine_hw,historical,0.003542768814647436,0.121843904,0.0,312
MU,1909,marine_hw,historical,0.020450592007692305,0.23581329,0.0,312
MU,1910,marine_hw,historical,0.01372218809871795,0.18741915,0.0,312
MU,1911,marine_hw,historical,0.009021405807403845,0.14879751,0.0,312
MU,1912,marine_hw,historical,0.008410278445833334,0.15305331,0.0,312
MU,1913,marine_hw,historical,0.011435813814198718,0.23661034,0.0,312
MU,1914,marine_hw,historical,0.0173202004100641,0.21419756,0.0,312
MU,1915,marine_hw,historical,0.013839510977884615,0.22857536,0.0,312
MU,1916,marine_hw,historical,0.002443228335128205,0.06584237,0.0,312
MU,1917,marine_hw,historical,0.010479690183333333,0.18218112,0.0,312
MU,1918,marine_hw,historical,0.015528310842435897,0.20356354,0.0,312
MU,1919,marine_hw,historical,0.018104189617628205,0.2075951,0.0,312
MU,1920,marine_hw,historical,0.0144014974125,0.20068309,0.0,312
MU,1921,marine_hw,historical,0.008269624526474359,0.16668944,0.0,312
MU,1922,marine_hw,historical,0.004983335685224359,0.14474508,0.0,312
MU,1923,marine_hw,historical,0.014470859626282051,0.2219266,0.0,312
MU,1924,marine_hw,historical,0.01286970565727564,0.16040471,0.0,312
MU,1925,marine_hw,historical,0.004861973101442308,0.097647294,0.0,312
MU,1926,marine_hw,historical,0.02084079472653846,0.21356028,0.0,312
MU,1927,marine_hw,historical,0.019454110435320512,0.25137758,0.0,312
MU,1928,marine_hw,historical,0.009866249365064103,0.1867247,0.0,312
MU,1929,marine_hw,historical,0.0033805847694871796,0.081551924,0.0,312
MU,1930,marine_hw,historical,0.010184422921410256,0.20424803,0.0,312
MU,1931,marine_hw,historical,0.013969870451262821,0.21242371,0.0,312
MU,1932,marine_hw,historical,0.030337441359615386,0.30260953,0.0,312
MU,1933,marine_hw,historical,0.004339621005833333,0.118136436,0.0,312
MU,1934,marine_hw,historical,0.006199586483846154,0.1611237,0.0,312
MU,1935,marine_hw,historical,0.024102207674102562,0.24114302,0.0,312
MU,1936,marine_hw,historical,0.022378502981701923,0.2563097,0.0,312
MU,1937,marine_hw,historical,0.004652393358333334,0.107445225,0.0,312
MU,1938,marine_hw,historical,0.015849903854346155,0.265769,0.0,312
MU,1939,marine_hw,historical,0.02563859375205128,0.21073428,0.0,312
MU,1940,marine_hw,historical,0.013354748707051282,0.19503382,0.0,312
MU,1941,marine_hw,historical,0.006975387729166667,0.14263263,0.0,312
MU,1942,marine_hw,historical,0.009208032692467949,0.19164498,0.0,312
MU,1943,marine_hw,historical,0.015786063799679485,0.17676243,0.0,312
MU,1944,marine_hw,historical,0.02080361457246795,0.2818653,0.0,312
MU,1945,marine_hw,historical,0.017643460479166668,0.21742208,0.0,312
MU,1946,marine_hw,historical,0.012661658467307694,0.1780851,0.0,312
MU,1947,marine_hw,historical,0.01910579150150641,0.20951238,0.0,312
MU,1948,marine_hw,historical,0.018265650763977563,0.23431632,0.0,312
MU,1949,marine_hw,historical,0.004416354334615384,0.13596117,0.0,312
MU,1950,marine_hw,historical,0.003857079335128205,0.10297428,0.0,312
MU,1951,marine_hw,historical,0.010206020945016025,0.1991961,0.0,312
MU,1952,marine_hw,historical,0.029353288283108975,0.2736569,0.0,312
MU,1953,marine_hw,historical,0.007326207436651603,0.1184233,0.0,312
MU,1954,marine_hw,historical,0.007197187757147436,0.19375834,0.0,312
MU,1955,marine_hw,historical,0.02047691990458333,0.23033923,0.0,312
MU,1956,marine_hw,historical,0.013306872480128204,0.20109522,0.0,312
MU,1957,marine_hw,historical,0.01445470224474359,0.19487767,0.0,312
MU,1958,marine_hw,historical,0.007911951659615385,0.1338242,0.0,312
MU,1959,marine_hw,historical,0.011752074772127884,0.18119162,0.0,312
MU,1960,marine_hw,historical,0.010865502458974358,0.20360622,0.0,312
MU,1961,marine_hw,historical,0.024638496292179488,0.24208531,0.0,312
MU,1962,marine_hw,historical,0.012022601274038461,0.17546338,0.0,312
MU,1963,marine_hw,historical,0.003702252907371795,0.09387809,0.0,312
MU,1964,marine_hw,historical,0.014353047400064102,0.1931592,0.0,312
MU,1965,marine_hw,historical,0.026187070025128205,0.23639518,0.0,312
MU,1966,marine_hw,historical,0.008138644749198719,0.1749205,0.0,312
MU,1967,marine_hw,historical,0.007227338330128204,0.15262029,0.0,312
MU,1968,marine_hw,historical,0.017444405068173074,0.2485525,0.0,312
MU,1969,marine_hw,historical,0.020504144519871793,0.19803411,0.0,312
MU,1970,marine_hw,historical,0.009789638675,0.1493195,0.0,312
MU,1971,marine_hw,historical,0.005390811651282051,0.15989453,0.0,312
MU,1972,marine_hw,historical,0.004452987181089744,0.108443804,0.0,312
MU,1973,marine_hw,historical,0.026519198574679485,0.23457503,0.0,312
MU,1974,marine_hw,historical,0.009904638386429486,0.2066174,0.0,312
MU,1975,marine_hw,historical,0.009226069253621795,0.15930173,0.0,312
MU,1976,marine_hw,historical,0.008821213855064102,0.1387345,0.0,312
MU,1977,marine_hw,historical,0.028861116537500002,0.27559417,0.0,312
MU,1978,marine_hw,historical,0.013550390944070512,0.17283255,0.0,312
MU,1979,marine_hw,historical,0.008019359251282051,0.14918517,0.0,312
MU,1980,marine_hw,historical,0.011028124758141026,0.18514147,0.0,312
MU,1981,marine_hw,historical,0.026852283102564104,0.2896098,0.0,312
MU,1982,marine_hw,historical,0.015264497910064104,0.18451962,0.0,312
MU,1983,marine_hw,historical,0.005219881822275641,0.12645102,0.0,312
MU,1984,marine_hw,historical,0.01414864068125,0.19386728,0.0,312
MU,1985,marine_hw,historical,0.022283177675762822,0.2766318,0.0,312
MU,1986,marine_hw,historical,0.010604749035576923,0.17022261,0.0,312
MU,1987,marine_hw,historical,0.005432621947788462,0.114923716,0.0,312
MU,1988,marine_hw,historical,0.032801139756410254,0.27846283,0.0,312
MU,1989,marine_hw,historical,0.018040674233653846,0.23186162,0.0,312
MU,1990,marine_hw,historical,0.014361356857275642,0.13499163,0.0,312
MU,1991,marine_hw,historical,0.016748616975000002,0.16921858,0.0,312
MU,1992,marine_hw,historical,0.007494414086935898,0.14822832,0.0,312
MU,1993,marine_hw,historical,0.015594333183525641,0.23658311,0.0,312
MU,1994,marine_hw,historical,0.024076225060596153,0.2547746,0.0,312
MU,1995,marine_hw,historical,0.015558546589102563,0.21907882,0.0,312
MU,1996,marine_hw,historical,0.009956469890160257,0.16735396,0.0,312
MU,1997,marine_hw,historical,0.020008197235640065,0.2805844,0.0,312
MU,1998,marine_hw,historical,0.030435272360897436,0.24060287,0.0,312
MU,1999,marine_hw,historical,0.010666516027884616,0.1673013,0.0,312
MU,2000,marine_hw,historical,0.01696540510775641,0.19907899,0.0,312
MU,2001,marine_hw,historical,0.02039062821326923,0.260895,0.0,312
MU,2002,marine_hw,historical,0.03861284502179487,0.33271596,0.0,312
MU,2003,marine_hw,historical,0.01791522492224359,0.23704246,0.0,312
MU,2004,marine_hw,historical,0.011639960080128206,0.18370622,0.0,312
MU,2005,marine_hw,historical,0.01684569264647436,0.19225048,0.0,312
MU,2006,marine_hw,historical,0.03124162236878205,0.26356214,0.0,312
MU,2007,marine_hw,historical,0.02604634001410256,0.25346735,0.0,312
MU,2008,marine_hw,historical,0.028153405576948717,0.25151557,0.0,312
MU,2009,marine_hw,historical,0.019661359343269232,0.2570305,0.0,312
MU,2010,marine_hw,historical,0.03313664038099359,0.3415752,0.0,312
MU,2011,marine_hw,historical,0.03162139865705128,0.33082497,0.0,312
MU,2012,marine_hw,historical,0.014234552291666668,0.19799234,0.0,312
MU,2013,marine_hw,historical,0.024824154885897436,0.22752595,0.0,312
MU,2014,marine_hw,historical,0.040599177693269234,0.29481694,0.0,312
MV,1850,marine_hw,historical,0.09161233748796296,0.25982562,0.0,216
MV,1851,marine_hw,historical,0.0949186094689815,0.3001276,0.0,216
MV,1852,marine_hw,historical,0.11227616111185185,0.3416669,0.0,216
MV,1853,marine_hw,historical,0.11909043486324074,0.3080064,0.0,216
MV,1854,marine_hw,historical,0.08790108734354629,0.27896124,0.0,216
MV,1855,marine_hw,historical,0.06918311083601852,0.24829286,0.0,216
MV,1856,marine_hw,historical,0.10860050172222221,0.31371742,0.0,216
MV,1857,marine_hw,historical,0.13433628881365742,0.3706867,0.0,216
MV,1858,marine_hw,historical,0.10853873034884723,0.32972836,0.0,216
MV,1859,marine_hw,historical,0.10014835967328704,0.315041,0.0,216
MV,1860,marine_hw,historical,0.052373886416481476,0.2480405,0.0,216
MV,1861,marine_hw,historical,0.06861662384513889,0.25367254,0.0,216
MV,1862,marine_hw,historical,0.10857031140509259,0.3302694,0.0,216
MV,1863,marine_hw,historical,0.12279649243657408,0.3275814,0.0,216
MV,1864,marine_hw,historical,0.0642696997724537,0.3054564,0.0,216
MV,1865,marine_hw,historical,0.0698528536476389,0.26101303,0.0,216
MV,1866,marine_hw,historical,0.0679908682875,0.289115,0.0,216
MV,1867,marine_hw,historical,0.11164141801967593,0.38293475,0.0,216
MV,1868,marine_hw,historical,0.1281082176849074,0.3715491,0.0,216
MV,1869,marine_hw,historical,0.07768971544111111,0.2975567,0.0,216
MV,1870,marine_hw,historical,0.07257386740833333,0.24786802,0.0,216
MV,1871,marine_hw,historical,0.11550803664680556,0.28784317,0.0,216
MV,1872,marine_hw,historical,0.15870708607824074,0.38114005,0.0,216
MV,1873,marine_hw,historical,0.09179460271732871,0.32769033,0.0,216
MV,1874,marine_hw,historical,0.045581432598855096,0.24415238,0.0,216
MV,1875,marine_hw,historical,0.06736328793546296,0.28552645,0.0,216
MV,1876,marine_hw,historical,0.12148521983810186,0.3041074,0.0,216
MV,1877,marine_hw,historical,0.09769516270333334,0.34110045,0.0,216
MV,1878,marine_hw,historical,0.05326809237273148,0.21027948,0.0,216
MV,1879,marine_hw,historical,0.07861683930143518,0.24948028,0.0,216
MV,1880,marine_hw,historical,0.14167793072222223,0.36822018,0.0,216
MV,1881,marine_hw,historical,0.1380597720586111,0.35469934,0.0,216
MV,1882,marine_hw,historical,0.0875120520587963,0.30945438,0.0,216
MV,1883,marine_hw,historical,0.05552419985800926,0.22985628,0.0,216
MV,1884,marine_hw,historical,0.06751235506075463,0.26901624,0.0,216
MV,1885,marine_hw,historical,0.11490018629074074,0.33728582,0.0,216
MV,1886,marine_hw,historical,0.13102768055092592,0.34274265,0.0,216
MV,1887,marine_hw,historical,0.09219352095277777,0.30704415,0.0,216
MV,1888,marine_hw,historical,0.0514056105800787,0.23781592,0.0,216
MV,1889,marine_hw,historical,0.06990272580125,0.26506364,0.0,216
MV,1890,marine_hw,historical,0.11567386614523148,0.35591763,0.0,216
MV,1891,marine_hw,historical,0.12962328513287039,0.34887668,0.0,216
MV,1892,marine_hw,historical,0.1394888147863889,0.38222033,0.0,216
MV,1893,marine_hw,historical,0.07970834672916666,0.2804709,0.0,216
MV,1894,marine_hw,historical,0.07178308551342592,0.2576024,0.0,216
MV,1895,marine_hw,historical,0.1345785292886574,0.33547387,0.0,216
MV,1896,marine_hw,historical,0.11359790094851852,0.3307333,0.0,216
MV,1897,marine_hw,historical,0.07345275948263888,0.23393321,0.0,216
MV,1898,marine_hw,historical,0.07688690607152777,0.24746859,0.0,216
MV,1899,marine_hw,historical,0.1276657191776389,0.34533715,0.0,216
MV,1900,marine_hw,historical,0.12084515461111112,0.38181546,0.0,216
MV,1901,marine_hw,historical,0.10568708704398147,0.36026144,0.0,216
MV,1902,marine_hw,historical,0.12268219282373148,0.3526495,0.0,216
MV,1903,marine_hw,historical,0.07715083198551852,0.30368257,0.0,216
MV,1904,marine_hw,historical,0.051320557499722225,0.24750127,0.0,216
MV,1905,marine_hw,historical,0.06580988981356481,0.28300822,0.0,216
MV,1906,marine_hw,historical,0.10647554465328703,0.30360448,0.0,216
MV,1907,marine_hw,historical,0.10197726301296296,0.31360483,0.0,216
MV,1908,marine_hw,historical,0.08498385821828704,0.2850753,0.0,216
MV,1909,marine_hw,historical,0.11734482008134259,0.35001236,0.0,216
MV,1910,marine_hw,historical,0.11096250383143519,0.32465464,0.0,216
MV,1911,marine_hw,historical,0.11003183153041667,0.29179215,0.0,216
MV,1912,marine_hw,historical,0.1206352378049074,0.3526468,0.0,216
MV,1913,marine_hw,historical,0.09710115523138889,0.294403,0.0,216
MV,1914,marine_hw,historical,0.12550075479398148,0.34525,0.0,216
MV,1915,marine_hw,historical,0.10574275195021296,0.30626163,0.0,216
MV,1916,marine_hw,historical,0.07582616718306481,0.26947647,0.0,216
MV,1917,marine_hw,historical,0.10932245315925926,0.30808267,0.0,216
MV,1918,marine_hw,historical,0.0939404831287037,0.26499376,0.0,216
MV,1919,marine_hw,historical,0.1407364466175926,0.35128328,0.0,216
MV,1920,marine_hw,historical,0.11806920255888889,0.3172642,0.0,216
MV,1921,marine_hw,historical,0.07277532187222222,0.22948861,0.0,216
MV,1922,marine_hw,historical,0.0706246927711574,0.26247007,0.0,216
MV,1923,marine_hw,historical,0.1398229543925926,0.3735617,0.0,216
MV,1924,marine_hw,historical,0.10503522948136111,0.34424052,0.0,216
MV,1925,marine_hw,historical,0.09240288407314814,0.31330162,0.0,216
MV,1926,marine_hw,historical,0.11440395748847222,0.30887246,0.0,216
MV,1927,marine_hw,historical,0.12903932606250001,0.35460946,0.0,216
MV,1928,marine_hw,historical,0.11493995567018518,0.37122774,0.0,216
MV,1929,marine_hw,historical,0.0914215209825463,0.32371688,0.0,216
MV,1930,marine_hw,historical,0.11031944690634259,0.33858854,0.0,216
MV,1931,marine_hw,historical,0.14449918320564814,0.40303084,0.0,216
MV,1932,marine_hw,historical,0.1365728357878241,0.40802103,0.0,216
MV,1933,marine_hw,historical,0.0763603133605926,0.31101763,0.0,216
MV,1934,marine_hw,historical,0.08538083915087963,0.2847857,0.0,216
MV,1935,marine_hw,historical,0.14863405726694445,0.39677244,0.0,216
MV,1936,marine_hw,historical,0.14278012915925925,0.34011728,0.0,216
MV,1937,marine_hw,historical,0.10039338164314815,0.31178015,0.0,216
MV,1938,marine_hw,historical,0.11819229080578703,0.33546567,0.0,216
MV,1939,marine_hw,historical,0.15593154854166666,0.42503783,0.0,216
MV,1940,marine_hw,historical,0.1088047581696574,0.37439144,0.0,216
MV,1941,marine_hw,historical,0.09624212540023148,0.30878532,0.0,216
MV,1942,marine_hw,historical,0.10851673343611112,0.3155303,0.0,216
MV,1943,marine_hw,historical,0.11295299988564815,0.32371777,0.0,216
MV,1944,marine_hw,historical,0.16249332518611112,0.34068555,0.0,216
MV,1945,marine_hw,historical,0.11839169993555555,0.34625584,0.0,216
MV,1946,marine_hw,historical,0.14087399706666667,0.33585516,0.0,216
MV,1947,marine_hw,historical,0.15592656694444446,0.4195193,0.0,216
MV,1948,marine_hw,historical,0.10769017161527777,0.35143396,0.0,216
MV,1949,marine_hw,historical,0.06891942411350278,0.2882408,0.0,216
MV,1950,marine_hw,historical,0.08482265079861112,0.29156607,0.0,216
MV,1951,marine_hw,historical,0.13818608044050926,0.3562644,0.0,216
MV,1952,marine_hw,historical,0.15324971319444444,0.3744459,0.0,216
MV,1953,marine_hw,historical,0.09140368945231482,0.28880274,0.0,216
MV,1954,marine_hw,historical,0.09385231741509259,0.24346153,0.0,216
MV,1955,marine_hw,historical,0.14143311170648148,0.36584443,0.0,216
MV,1956,marine_hw,historical,0.13304825043240742,0.36326176,0.0,216
MV,1957,marine_hw,historical,0.15619863459074074,0.40309346,0.0,216
MV,1958,marine_hw,historical,0.10816620177453704,0.34920806,0.0,216
MV,1959,marine_hw,historical,0.11296570995555556,0.2890324,0.0,216
MV,1960,marine_hw,historical,0.14879700260231482,0.34002197,0.0,216
MV,1961,marine_hw,historical,0.15052439744444446,0.35557538,0.0,216
MV,1962,marine_hw,historical,0.10571115505805555,0.34559953,0.0,216
MV,1963,marine_hw,historical,0.03477863228576389,0.21340959,0.0,216
MV,1964,marine_hw,historical,0.1054955253474537,0.32067394,0.0,216
MV,1965,marine_hw,historical,0.14253115607546296,0.36644542,0.0,216
MV,1966,marine_hw,historical,0.0702313731924537,0.25898772,0.0,216
MV,1967,marine_hw,historical,0.08494677160708333,0.2936595,0.0,216
MV,1968,marine_hw,historical,0.1468272203662037,0.38183087,0.0,216
MV,1969,marine_hw,historical,0.16821029814351854,0.3724823,0.0,216
MV,1970,marine_hw,historical,0.10272093678009259,0.29306215,0.0,216
MV,1971,marine_hw,historical,0.08136847029488889,0.3156674,0.0,216
MV,1972,marine_hw,historical,0.0780366108337963,0.2835892,0.0,216
MV,1973,marine_hw,historical,0.12939022443055556,0.36088967,0.0,216
MV,1974,marine_hw,historical,0.10470207936712964,0.33036476,0.0,216
MV,1975,marine_hw,historical,0.10206793913796296,0.30580953,0.0,216
MV,1976,marine_hw,historical,0.11406318347125,0.2840767,0.0,216
MV,1977,marine_hw,historical,0.1569175506337963,0.3630357,0.0,216
MV,1978,marine_hw,historical,0.13344059365324074,0.367621,0.0,216
MV,1979,marine_hw,historical,0.11757589603731482,0.33980864,0.0,216
MV,1980,marine_hw,historical,0.16177959229880554,0.3572076,0.0,216
MV,1981,marine_hw,historical,0.14873028351527776,0.3655703,0.0,216
MV,1982,marine_hw,historical,0.10319442913935185,0.29427588,0.0,216
MV,1983,marine_hw,historical,0.0590025721875,0.24491039,0.0,216
MV,1984,marine_hw,historical,0.10675270930773148,0.34542793,0.0,216
MV,1985,marine_hw,historical,0.14920871389120371,0.4052114,0.0,216
MV,1986,marine_hw,historical,0.11129350742037038,0.33884543,0.0,216
MV,1987,marine_hw,historical,0.10680696076777778,0.33012056,0.0,216
MV,1988,marine_hw,historical,0.15757262613194442,0.39789176,0.0,216
MV,1989,marine_hw,historical,0.14349785927083333,0.37168345,0.0,216
MV,1990,marine_hw,historical,0.1253919210886111,0.34185752,0.0,216
MV,1991,marine_hw,historical,0.11457422936435185,0.32772392,0.0,216
MV,1992,marine_hw,historical,0.09737329889796296,0.30093735,0.0,216
MV,1993,marine_hw,historical,0.14908766880879631,0.3226965,0.0,216
MV,1994,marine_hw,historical,0.15769393660092593,0.3855102,0.0,216
MV,1995,marine_hw,historical,0.10800354441564813,0.30463937,0.0,216
MV,1996,marine_hw,historical,0.1065827264072963,0.33692545,0.0,216
MV,1997,marine_hw,historical,0.18182130662546298,0.39257202,0.0,216
MV,1998,marine_hw,historical,0.17321804498935187,0.3823583,0.0,216
MV,1999,marine_hw,historical,0.10219395851208334,0.2923595,0.0,216
MV,2000,marine_hw,historical,0.15075063366287036,0.34362596,0.0,216
MV,2001,marine_hw,historical,0.1647189177175926,0.3979916,0.0,216
MV,2002,marine_hw,historical,0.18187460068518518,0.4186015,0.0,216
MV,2003,marine_hw,historical,0.1253952441199074,0.3093409,0.0,216
MV,2004,marine_hw,historical,0.10621271506657406,0.34008098,0.0,216
MV,2005,marine_hw,historical,0.1279796478638889,0.33414572,0.0,216
MV,2006,marine_hw,historical,0.18172536814814816,0.40257967,0.0,216
MV,2007,marine_hw,historical,0.18234634375000003,0.43495378,0.0,216
MV,2008,marine_hw,historical,0.18257912824458333,0.4023264,0.0,216
MV,2009,marine_hw,historical,0.17268246571990742,0.43441725,0.0,216
MV,2010,marine_hw,historical,0.20035383325462963,0.4016646,0.0,216
MV,2011,marine_hw,historical,0.17424768675138888,0.41432393,0.0,216
MV,2012,marine_hw,historical,0.11524573053750001,0.32897216,0.0,216
MV,2013,marine_hw,historical,0.15542709272222222,0.35867643,0.0,216
MV,2014,marine_hw,historical,0.17854911019907405,0.4001277,0.0,216
MY,1850,marine_hw,historical,0.1225578803235,0.2819827,7.8808764e-05,24
MY,1851,marine_hw,historical,0.16694281416666668,0.31131807,0.058260992,24
MY,1852,marine_hw,historical,0.1559718331375,0.27761796,0.0056632613,24
MY,1853,marine_hw,historical,0.1620316795,0.28217998,0.023230864,24
MY,1854,marine_hw,historical,0.129200818125,0.24105161,0.006674744,24
MY,1855,marine_hw,historical,0.10405951584166667,0.18318093,0.0016737642,24
MY,1856,marine_hw,historical,0.13714394270833333,0.26982054,0.022421328,24
MY,1857,marine_hw,historical,0.161771089875,0.3321613,0.017808964,24
MY,1858,marine_hw,historical,0.13303340175,0.26644593,0.012343491,24
MY,1859,marine_hw,historical,0.15748557008333333,0.29550293,0.019936858,24
MY,1860,marine_hw,historical,0.09249110627916667,0.20736967,0.0040582637,24
MY,1861,marine_hw,historical,0.11502181661833333,0.22737767,0.0,24
MY,1862,marine_hw,historical,0.1793375027916667,0.3229973,0.01574352,24
MY,1863,marine_hw,historical,0.17849897562500003,0.3052685,0.034904733,24
MY,1864,marine_hw,historical,0.10797129098333334,0.22346805,0.0012113892,24
MY,1865,marine_hw,historical,0.10067156,0.1928206,0.0,24
MY,1866,marine_hw,historical,0.1261117554,0.2856463,0.0061316886,24
MY,1867,marine_hw,historical,0.15237039933333332,0.3193104,0.006380786,24
MY,1868,marine_hw,historical,0.17844367391666668,0.3266842,0.028259436,24
MY,1869,marine_hw,historical,0.12407159758333335,0.21585582,0.012661827,24
MY,1870,marine_hw,historical,0.12364106083333333,0.21297021,0.022909122,24
MY,1871,marine_hw,historical,0.1572877030833333,0.27088693,0.016008789,24
MY,1872,marine_hw,historical,0.19442023454166668,0.33570808,0.05168629,24
MY,1873,marine_hw,historical,0.19064532874999998,0.2855746,0.030106194,24
MY,1874,marine_hw,historical,0.09885764145833333,0.19650869,0.025041858,24
MY,1875,marine_hw,historical,0.12477708545833333,0.2592634,0.0,24
MY,1876,marine_hw,historical,0.15430121900000002,0.33038318,0.0,24
MY,1877,marine_hw,historical,0.1558637228291667,0.2922409,0.0027831579,24
MY,1878,marine_hw,historical,0.096249599625,0.15919097,0.016569017,24
MY,1879,marine_hw,historical,0.11792037305416665,0.22100003,0.0018898783,24
MY,1880,marine_hw,historical,0.17100494233333333,0.30667982,0.019111663,24
MY,1881,marine_hw,historical,0.16090665033333332,0.3082231,0.023744075,24
MY,1882,marine_hw,historical,0.13855282333333332,0.24847142,0.015675737,24
MY,1883,marine_hw,historical,0.07392661287916667,0.17251481,0.0013009593,24
MY,1884,marine_hw,historical,0.0896463982375,0.21796586,0.0,24
MY,1885,marine_hw,historical,0.14072291933333334,0.2716882,0.0,24
MY,1886,marine_hw,historical,0.1708665391666667,0.31932735,0.01969175,24
MY,1887,marine_hw,historical,0.14470514445833332,0.2501575,0.013361442,24
MY,1888,marine_hw,historical,0.0898572425,0.18545406,0.012065098,24
MY,1889,marine_hw,historical,0.11310388494458333,0.25825754,0.0,24
MY,1890,marine_hw,historical,0.17038953450000002,0.36235967,0.00754079,24
MY,1891,marine_hw,historical,0.15487017872916667,0.2871596,0.0070480225,24
MY,1892,marine_hw,historical,0.17138993562500002,0.33413664,0.058018,24
MY,1893,marine_hw,historical,0.10437313008333333,0.2193675,0.026764264,24
MY,1894,marine_hw,historical,0.12242560645833334,0.28704584,0.0,24
MY,1895,marine_hw,historical,0.16761796408333332,0.3146098,0.0,24
MY,1896,marine_hw,historical,0.17407807066666667,0.24922338,0.073779605,24
MY,1897,marine_hw,historical,0.1297051316875,0.27072957,0.0,24
MY,1898,marine_hw,historical,0.10253499133333333,0.21829116,0.0,24
MY,1899,marine_hw,historical,0.16626812429166668,0.3533797,0.020734817,24
MY,1900,marine_hw,historical,0.154450797375,0.26982328,0.02026276,24
MY,1901,marine_hw,historical,0.16664127104166668,0.30325195,0.06454685,24
MY,1902,marine_hw,historical,0.18074536754166667,0.324779,0.00938454,24
MY,1903,marine_hw,historical,0.113433736375,0.24951358,0.013343476,24
MY,1904,marine_hw,historical,0.08841047859583334,0.19059102,0.0,24
MY,1905,marine_hw,historical,0.09490375256,0.22079183,0.0,24
MY,1906,marine_hw,historical,0.14446038031458333,0.29302764,0.0,24
MY,1907,marine_hw,historical,0.10882889624999999,0.17758036,0.021633355,24
MY,1908,marine_hw,historical,0.11675927420833333,0.22308314,0.0,24
MY,1909,marine_hw,historical,0.1716138425,0.29902038,0.03002801,24
MY,1910,marine_hw,historical,0.142134737875,0.29532138,0.016259154,24
MY,1911,marine_hw,historical,0.15262240370833333,0.2821013,0.0,24
MY,1912,marine_hw,historical,0.15074152233333335,0.30134192,0.06573615,24
MY,1913,marine_hw,historical,0.15215115440000002,0.2848465,0.0054929536,24
MY,1914,marine_hw,historical,0.174059062625,0.35612974,0.036812827,24
MY,1915,marine_hw,historical,0.13680245420833334,0.26740336,0.023031563,24
MY,1916,marine_hw,historical,0.12359528479166666,0.2429096,0.03306443,24
MY,1917,marine_hw,historical,0.12611770589595833,0.3017813,1.1631243e-05,24
MY,1918,marine_hw,historical,0.13752450711791667,0.2627191,0.0,24
MY,1919,marine_hw,historical,0.18121226533333334,0.34337083,0.031571772,24
MY,1920,marine_hw,historical,0.147968706125,0.25477883,0.036322385,24
MY,1921,marine_hw,historical,0.12011565974999999,0.2698024,0.013027559,24
MY,1922,marine_hw,historical,0.12759521135833332,0.27514634,0.0,24
MY,1923,marine_hw,historical,0.18595749986666665,0.32340643,0.0019062188,24
MY,1924,marine_hw,historical,0.14214662595833333,0.23307867,0.029640188,24
MY,1925,marine_hw,historical,0.12480108033333333,0.21930306,0.02694749,24
MY,1926,marine_hw,historical,0.15060375030833334,0.28685096,0.0053642914,24
MY,1927,marine_hw,historical,0.17814938554166668,0.34867242,0.012092937,24
MY,1928,marine_hw,historical,0.16158027533333333,0.25442055,0.0682311,24
MY,1929,marine_hw,historical,0.12939269343333334,0.25946555,0.0020886874,24
MY,1930,marine_hw,historical,0.15285777883333332,0.28245234,0.022782825,24
MY,1931,marine_hw,historical,0.18321913908333334,0.30384627,0.01892284,24
MY,1932,marine_hw,historical,0.18653583079166666,0.34398577,0.024366036,24
MY,1933,marine_hw,historical,0.14836631387500002,0.25902978,0.044954695,24
MY,1934,marine_hw,historical,0.123787540975,0.2380837,0.0,24
MY,1935,marine_hw,historical,0.20809737491666666,0.34410438,0.037632518,24
MY,1936,marine_hw,historical,0.17274933208333332,0.25553653,0.05034857,24
MY,1937,marine_hw,historical,0.12868096233333334,0.23154266,0.025849199,24
MY,1938,marine_hw,historical,0.16941310733333334,0.2804588,0.022541348,24
MY,1939,marine_hw,historical,0.21538095545833333,0.39886916,0.055324543,24
MY,1940,marine_hw,historical,0.15202675308333333,0.2791546,0.009881109,24
MY,1941,marine_hw,historical,0.1197253311875,0.3219491,0.0143673085,24
MY,1942,marine_hw,historical,0.13482072969791667,0.30665442,0.0,24
MY,1943,marine_hw,historical,0.13717325,0.26201797,0.010293064,24
MY,1944,marine_hw,historical,0.1914958329583333,0.3137873,0.081482925,24
MY,1945,marine_hw,historical,0.142503349875,0.3402383,0.004270141,24
MY,1946,marine_hw,historical,0.16284983429166666,0.2968858,0.015318668,24
MY,1947,marine_hw,historical,0.1964424662083333,0.3539692,0.02948333,24
MY,1948,marine_hw,historical,0.20215917658333335,0.28489736,0.052552942,24
MY,1949,marine_hw,historical,0.12465696304166667,0.20069547,0.026404774,24
MY,1950,marine_hw,historical,0.11686135279166666,0.25577983,0.0,24
MY,1951,marine_hw,historical,0.21202654389583334,0.35368228,0.0,24
MY,1952,marine_hw,historical,0.18258010049999998,0.38120088,0.02501693,24
MY,1953,marine_hw,historical,0.13492251272083333,0.24527472,0.0,24
MY,1954,marine_hw,historical,0.14607074483333332,0.25403807,0.032231823,24
MY,1955,marine_hw,historical,0.1684832705,0.30617386,0.023085842,24
MY,1956,marine_hw,historical,0.162508838375,0.33759117,0.013489746,24
MY,1957,marine_hw,historical,0.18239950154166665,0.36952528,0.037657026,24
MY,1958,marine_hw,historical,0.14123572026666667,0.24980287,0.0,24
MY,1959,marine_hw,historical,0.11787014039583334,0.25631726,0.0040785945,24
MY,1960,marine_hw,historical,0.19124130404166664,0.32044578,0.042717185,24
MY,1961,marine_hw,historical,0.20239431779166664,0.31136045,0.042133767,24
MY,1962,marine_hw,historical,0.18318584083333334,0.30806574,0.09914123,24
MY,1963,marine_hw,historical,0.0776082698625,0.2217747,0.0,24
MY,1964,marine_hw,historical,0.13094615852916666,0.22714649,0.0,24
MY,1965,marine_hw,historical,0.18249210800000001,0.31572366,0.026815291,24
MY,1966,marine_hw,historical,0.11091621745833334,0.19152789,0.008068337,24
MY,1967,marine_hw,historical,0.13192410470833335,0.25988552,0.017239582,24
MY,1968,marine_hw,historical,0.17651870783333334,0.3937467,0.039121315,24
MY,1969,marine_hw,historical,0.189991347,0.3212168,0.02754335,24
MY,1970,marine_hw,historical,0.14953876045833334,0.2515519,0.037113234,24
MY,1971,marine_hw,historical,0.11104441688833333,0.24328966,0.00011330532,24
MY,1972,marine_hw,historical,0.11224588439583333,0.22667201,0.0,24
MY,1973,marine_hw,historical,0.16860891370833334,0.32118896,0.013579504,24
MY,1974,marine_hw,historical,0.13446582358333334,0.25703746,0.016986607,24
MY,1975,marine_hw,historical,0.11727069502083333,0.23589045,0.0009766272,24
MY,1976,marine_hw,historical,0.11728001317499999,0.2548672,0.0,24
MY,1977,marine_hw,historical,0.18793711391666668,0.3218051,0.042029183,24
MY,1978,marine_hw,historical,0.159484146,0.31560048,0.015711028,24
MY,1979,marine_hw,historical,0.15578217870833333,0.29618773,0.015211736,24
MY,1980,marine_hw,historical,0.2021614054166667,0.3604848,0.03651773,24
MY,1981,marine_hw,historical,0.18738759366666669,0.30654427,0.054856118,24
MY,1982,marine_hw,historical,0.143783019,0.23952349,0.030578027,24
MY,1983,marine_hw,historical,0.09485876387499999,0.20411126,0.00819821,24
MY,1984,marine_hw,historical,0.15439474888333335,0.29035386,0.0,24
MY,1985,marine_hw,historical,0.19187527770833335,0.34059778,0.036979068,24
MY,1986,marine_hw,historical,0.14024935145833334,0.30778858,0.030378535,24
MY,1987,marine_hw,historical,0.13445532030416665,0.26979148,0.0013333943,24
MY,1988,marine_hw,historical,0.17932483700000001,0.31761584,0.007546407,24
MY,1989,marine_hw,historical,0.16598531895833332,0.29265484,0.06350477,24
MY,1990,marine_hw,historical,0.13827493195833332,0.22826852,0.005858137,24
MY,1991,marine_hw,historical,0.15124539104166668,0.28409365,0.052676175,24
MY,1992,marine_hw,historical,0.12348539350833333,0.2643265,0.0,24
MY,1993,marine_hw,historical,0.18355632004166667,0.30933666,0.0,24
MY,1994,marine_hw,historical,0.18750543466666666,0.33230108,0.04379997,24
MY,1995,marine_hw,historical,0.135218657125,0.23792121,0.007729424,24
MY,1996,marine_hw,historical,0.1591004075,0.26330128,0.012752495,24
MY,1997,marine_hw,historical,0.19861677487499999,0.3576149,0.017638298,24
MY,1998,marine_hw,historical,0.20006078375,0.33561578,0.05783207,24
MY,1999,marine_hw,historical,0.147599573125,0.2413397,0.023758827,24
MY,2000,marine_hw,historical,0.15525984725,0.30527332,0.0,24
MY,2001,marine_hw,historical,0.21136115200000002,0.3594947,0.059250798,24
MY,2002,marine_hw,historical,0.23038771291666668,0.36184406,0.05617351,24
MY,2003,marine_hw,historical,0.21700016516666668,0.29946217,0.06358102,24
MY,2004,marine_hw,historical,0.14085318608333333,0.20081289,0.06205924,24
MY,2005,marine_hw,historical,0.15245416825,0.28046003,0.0030766244,24
MY,2006,marine_hw,historical,0.21034954083333335,0.33817217,0.0747797,24
MY,2007,marine_hw,historical,0.20886214045833332,0.3330001,0.06676893,24
MY,2008,marine_hw,historical,0.19475736466666668,0.3186132,0.04011965,24
MY,2009,marine_hw,historical,0.2281542064166667,0.37323126,0.08659538,24
MY,2010,marine_hw,historical,0.23385471795833335,0.3913332,0.030324861,24
MY,2011,marine_hw,historical,0.22132610833333333,0.31030014,0.10358099,24
MY,2012,marine_hw,historical,0.16901989425,0.28094658,0.012267236,24
MY,2013,marine_hw,historical,0.17702614858333332,0.28760624,0.018036028,24
MY,2014,marine_hw,historical,0.22450090066666664,0.34796557,0.041776642,24
MZ,1850,marine_hw,historical,0.0542698224,0.24276707,0.0,72
MZ,1851,marine_hw,historical,0.05202619775,0.27884412,0.0,72
MZ,1852,marine_hw,historical,0.04904086458472222,0.25682533,0.0,72
MZ,1853,marine_hw,historical,0.059031733236111106,0.259418,0.0,72
MZ,1854,marine_hw,historical,0.03871029009166667,0.26380724,0.0,72
MZ,1855,marine_hw,historical,0.04102818453472222,0.25068855,0.0,72
MZ,1856,marine_hw,historical,0.05701223343472222,0.2644318,0.0,72
MZ,1857,marine_hw,historical,0.07615672911666665,0.34623224,0.0,72
MZ,1858,marine_hw,historical,0.07686046723430556,0.3409116,0.0,72
MZ,1859,marine_hw,historical,0.04871264006,0.27157444,0.0,72
MZ,1860,marine_hw,historical,0.03475918893194444,0.2526449,0.0,72
MZ,1861,marine_hw,historical,0.026251211826388888,0.14976162,0.0,72
MZ,1862,marine_hw,historical,0.06683525055138889,0.29402986,0.0,72
MZ,1863,marine_hw,historical,0.0717690582861111,0.37247413,0.0,72
MZ,1864,marine_hw,historical,0.03630469277777778,0.2513794,0.0,72
MZ,1865,marine_hw,historical,0.03210094265277778,0.24521542,0.0,72
MZ,1866,marine_hw,historical,0.045409972108333335,0.24702376,0.0,72
MZ,1867,marine_hw,historical,0.06961219695416666,0.3410042,0.0,72
MZ,1868,marine_hw,historical,0.06886061158333333,0.2979434,0.0,72
MZ,1869,marine_hw,historical,0.04586787902916667,0.20332842,0.0,72
MZ,1870,marine_hw,historical,0.027828010608333335,0.17593542,0.0,72
MZ,1871,marine_hw,historical,0.059822632425,0.2971155,0.0,72
MZ,1872,marine_hw,historical,0.07887387061805556,0.35832146,0.0,72
MZ,1873,marine_hw,historical,0.057019936026388884,0.32873794,0.0,72
MZ,1874,marine_hw,historical,0.03439821089305555,0.22056854,0.0,72
MZ,1875,marine_hw,historical,0.044469164973611114,0.24901459,0.0,72
MZ,1876,marine_hw,historical,0.06582244208402778,0.27875698,0.0,72
MZ,1877,marine_hw,historical,0.04978076455972222,0.2554273,0.0,72
MZ,1878,marine_hw,historical,0.0342926435,0.20111972,0.0,72
MZ,1879,marine_hw,historical,0.03673017042625,0.209979,0.0,72
MZ,1880,marine_hw,historical,0.05795299343055555,0.26493657,0.0,72
MZ,1881,marine_hw,historical,0.07178507011111111,0.3154232,0.0,72
MZ,1882,marine_hw,historical,0.059272780325,0.32134026,0.0,72
MZ,1883,marine_hw,historical,0.036087458925,0.26054642,0.0,72
MZ,1884,marine_hw,historical,0.035044850733333334,0.2045712,0.0,72
MZ,1885,marine_hw,historical,0.048948143075,0.25417906,0.0,72
MZ,1886,marine_hw,historical,0.07435669988737499,0.35687625,0.0,72
MZ,1887,marine_hw,historical,0.057207745425000005,0.27091265,0.0,72
MZ,1888,marine_hw,historical,0.04215588589722222,0.2725258,0.0,72
MZ,1889,marine_hw,historical,0.04330675964444444,0.21891451,0.0,72
MZ,1890,marine_hw,historical,0.06156721229333333,0.27493784,0.0,72
MZ,1891,marine_hw,historical,0.06854613755625,0.31361848,0.0,72
MZ,1892,marine_hw,historical,0.077801945375,0.31706995,0.0,72
MZ,1893,marine_hw,historical,0.05293782616722222,0.30582225,0.0,72
MZ,1894,marine_hw,historical,0.050867762222222224,0.2400945,0.0,72
MZ,1895,marine_hw,historical,0.07608739564444444,0.37417448,0.0,72
MZ,1896,marine_hw,historical,0.074651960025,0.3942079,0.0,72
MZ,1897,marine_hw,historical,0.04125808511666667,0.23608291,0.0,72
MZ,1898,marine_hw,historical,0.05300981406513889,0.29410976,0.0,72
MZ,1899,marine_hw,historical,0.06543273319416668,0.3364679,0.0,72
MZ,1900,marine_hw,historical,0.08193262054305556,0.34323105,0.0,72
MZ,1901,marine_hw,historical,0.06564915590416667,0.27753597,0.0,72
MZ,1902,marine_hw,historical,0.08039654364722222,0.3456912,0.0,72
MZ,1903,marine_hw,historical,0.049160950465277777,0.29503298,0.0,72
MZ,1904,marine_hw,historical,0.04349258850972222,0.25285915,0.0,72
MZ,1905,marine_hw,historical,0.043144357541666664,0.20994177,0.0,72
MZ,1906,marine_hw,historical,0.04882168725694444,0.24118748,0.0,72
MZ,1907,marine_hw,historical,0.04155887788694444,0.29792708,0.0,72
MZ,1908,marine_hw,historical,0.051833196059722225,0.26193357,0.0,72
MZ,1909,marine_hw,historical,0.07239405185694445,0.3601952,0.0,72
MZ,1910,marine_hw,historical,0.06894271912361111,0.33098477,0.0,72
MZ,1911,marine_hw,historical,0.04437080768333333,0.2608478,0.0,72
MZ,1912,marine_hw,historical,0.07048053711111112,0.27964208,0.0,72
MZ,1913,marine_hw,historical,0.07236719065416668,0.29855525,0.0,72
MZ,1914,marine_hw,historical,0.07205210191666667,0.3343981,0.0,72
MZ,1915,marine_hw,historical,0.06961733098333334,0.34150076,0.0,72
MZ,1916,marine_hw,historical,0.04406344566805556,0.21944466,0.0,72
MZ,1917,marine_hw,historical,0.04860629029166666,0.27515116,0.0,72
MZ,1918,marine_hw,historical,0.058142412138888884,0.31777805,0.0,72
MZ,1919,marine_hw,historical,0.08410074110069445,0.2826687,0.0,72
MZ,1920,marine_hw,historical,0.06785343167847221,0.35612914,0.0,72
MZ,1921,marine_hw,historical,0.051862123291666666,0.26410317,0.0,72
MZ,1922,marine_hw,historical,0.030166730334722225,0.1901117,0.0,72
MZ,1923,marine_hw,historical,0.07642620876388889,0.30595842,0.0,72
MZ,1924,marine_hw,historical,0.06326391257222223,0.328708,0.0,72
MZ,1925,marine_hw,historical,0.04470798013472222,0.28493005,0.0,72
MZ,1926,marine_hw,historical,0.049382868675,0.26427838,0.0,72
MZ,1927,marine_hw,historical,0.09635944384722223,0.39377034,0.0,72
MZ,1928,marine_hw,historical,0.06410401568472222,0.30590305,0.0,72
MZ,1929,marine_hw,historical,0.05318555381527778,0.25389946,0.0,72
MZ,1930,marine_hw,historical,0.05192737138333334,0.29578376,0.0,72
MZ,1931,marine_hw,historical,0.08319492141861111,0.36038673,0.0,72
MZ,1932,marine_hw,historical,0.1002913419,0.39415342,0.0,72
MZ,1933,marine_hw,historical,0.06226682778333333,0.28048906,0.0,72
MZ,1934,marine_hw,historical,0.05648172102916666,0.26189542,0.0,72
MZ,1935,marine_hw,historical,0.06578931788472223,0.26152867,0.0,72
MZ,1936,marine_hw,historical,0.08214767149277778,0.35724574,0.0,72
MZ,1937,marine_hw,historical,0.03897165190833333,0.22570217,0.0,72
MZ,1938,marine_hw,historical,0.06011304209111111,0.274621,0.0,72
MZ,1939,marine_hw,historical,0.07743670369111111,0.35897782,0.0,72
MZ,1940,marine_hw,historical,0.06426033801111111,0.3050361,0.0,72
MZ,1941,marine_hw,historical,0.034078340911666664,0.20241153,0.0,72
MZ,1942,marine_hw,historical,0.054829733622222224,0.265316,0.0,72
MZ,1943,marine_hw,historical,0.06688340212222223,0.2958382,0.0,72
MZ,1944,marine_hw,historical,0.06324427416666667,0.3551024,0.0,72
MZ,1945,marine_hw,historical,0.0714196102125,0.39439672,0.0,72
MZ,1946,marine_hw,historical,0.06159567384027778,0.27071565,0.0,72
MZ,1947,marine_hw,historical,0.09373819625833334,0.43838257,0.0,72
MZ,1948,marine_hw,historical,0.07643134065763889,0.3003963,0.0,72
MZ,1949,marine_hw,historical,0.05195632440416667,0.23488641,0.0,72
MZ,1950,marine_hw,historical,0.03990679848194444,0.21667586,0.0,72
MZ,1951,marine_hw,historical,0.07667894869861111,0.2969648,0.0,72
MZ,1952,marine_hw,historical,0.10228902475111111,0.35561985,0.0,72
MZ,1953,marine_hw,historical,0.049333043838888896,0.25741994,0.0,72
MZ,1954,marine_hw,historical,0.046123366695,0.228254,0.0,72
MZ,1955,marine_hw,historical,0.06584263236152778,0.31270614,0.0,72
MZ,1956,marine_hw,historical,0.07513089411976388,0.29924068,0.0,72
MZ,1957,marine_hw,historical,0.08261431143972223,0.35037184,0.0,72
MZ,1958,marine_hw,historical,0.0708852905875,0.3080173,0.0,72
MZ,1959,marine_hw,historical,0.059092352422222216,0.2874474,0.0,72
MZ,1960,marine_hw,historical,0.06751000080277778,0.28321248,0.0,72
MZ,1961,marine_hw,historical,0.09235058838611111,0.38380355,0.0,72
MZ,1962,marine_hw,historical,0.08555003966944445,0.36695197,0.0,72
MZ,1963,marine_hw,historical,0.0254726357875,0.15692964,0.0,72
MZ,1964,marine_hw,historical,0.054643604443055556,0.24993873,0.0,72
MZ,1965,marine_hw,historical,0.09056364704861111,0.32649115,0.0,72
MZ,1966,marine_hw,historical,0.04002361507083333,0.24829923,0.0,72
MZ,1967,marine_hw,historical,0.04522245410416667,0.23376438,0.0,72
MZ,1968,marine_hw,historical,0.09608943593472223,0.35276026,0.0,72
MZ,1969,marine_hw,historical,0.08863424811805556,0.3256932,0.0,72
MZ,1970,marine_hw,historical,0.079455803775,0.32460108,0.0,72
MZ,1971,marine_hw,historical,0.05773122122361111,0.27512574,0.0,72
MZ,1972,marine_hw,historical,0.05561057073888889,0.33509532,0.0,72
MZ,1973,marine_hw,historical,0.07287755757638889,0.32273102,0.0,72
MZ,1974,marine_hw,historical,0.07927639978194444,0.3559022,0.0,72
MZ,1975,marine_hw,historical,0.06003811593333333,0.275852,0.0,72
MZ,1976,marine_hw,historical,0.05260711024444445,0.29156697,0.0,72
MZ,1977,marine_hw,historical,0.08325790170138889,0.34239584,0.0,72
MZ,1978,marine_hw,historical,0.07104953233194444,0.30796647,0.0,72
MZ,1979,marine_hw,historical,0.06097199682222222,0.29046673,0.0,72
MZ,1980,marine_hw,historical,0.09202787794625,0.33412305,0.0,72
MZ,1981,marine_hw,historical,0.0956152677638889,0.3799345,0.0,72
MZ,1982,marine_hw,historical,0.05035306393055555,0.26534325,0.0,72
MZ,1983,marine_hw,historical,0.04352693945833333,0.2444093,0.0,72
MZ,1984,marine_hw,historical,0.08228720458472222,0.30340478,0.0,72
MZ,1985,marine_hw,historical,0.09875805937638889,0.38214228,0.0,72
MZ,1986,marine_hw,historical,0.06581107278930556,0.27132475,0.0,72
MZ,1987,marine_hw,historical,0.0395112476875,0.22029437,0.0,72
MZ,1988,marine_hw,historical,0.08566757362916667,0.37365884,0.0,72
MZ,1989,marine_hw,historical,0.07861380532083334,0.31486216,0.0,72
MZ,1990,marine_hw,historical,0.066986065175,0.30670282,0.0,72
MZ,1991,marine_hw,historical,0.06321556258958333,0.32343727,0.0,72
MZ,1992,marine_hw,historical,0.04931057525,0.28633714,0.0,72
MZ,1993,marine_hw,historical,0.07300350415277777,0.3379885,0.0,72
MZ,1994,marine_hw,historical,0.0897439582986111,0.350449,0.0,72
MZ,1995,marine_hw,historical,0.05255356328777778,0.28582966,0.0,72
MZ,1996,marine_hw,historical,0.065228894675,0.2750858,0.0,72
MZ,1997,marine_hw,historical,0.10195621061319445,0.39292425,0.0,72
MZ,1998,marine_hw,historical,0.10270577375694444,0.4064088,0.0,72
MZ,1999,marine_hw,historical,0.0707785133063889,0.31419402,0.0,72
MZ,2000,marine_hw,historical,0.05762009026388889,0.29233408,0.0,72
MZ,2001,marine_hw,historical,0.08258145093194444,0.32877335,0.0,72
MZ,2002,marine_hw,historical,0.10458270818055555,0.36236483,0.0,72
MZ,2003,marine_hw,historical,0.08181830754861111,0.316971,0.0,72
MZ,2004,marine_hw,historical,0.055143411825,0.25633422,0.0,72
MZ,2005,marine_hw,historical,0.06598702701944444,0.30887792,0.0,72
MZ,2006,marine_hw,historical,0.09823371139027777,0.4251604,0.0,72
MZ,2007,marine_hw,historical,0.10482844102652777,0.40617728,0.0,72
MZ,2008,marine_hw,historical,0.10529804220555555,0.4109714,0.0,72
MZ,2009,marine_hw,historical,0.10217315916666667,0.35858202,0.0,72
MZ,2010,marine_hw,historical,0.1044504930625,0.42003673,0.0,72
MZ,2011,marine_hw,historical,0.10537382858333333,0.42853832,0.0,72
MZ,2012,marine_hw,historical,0.06497056362361112,0.3012796,0.0,72
MZ,2013,marine_hw,historical,0.07887118846805556,0.32465646,0.0,72
MZ,2014,marine_hw,historical,0.12467713576805556,0.46411505,0.0,72
NA,1850,marine_hw,historical,0.0,0.0,0.0,120
NA,1851,marine_hw,historical,0.0,0.0,0.0,120
NA,1852,marine_hw,historical,0.0,0.0,0.0,120
NA,1853,marine_hw,historical,0.0,0.0,0.0,120
NA,1854,marine_hw,historical,0.0,0.0,0.0,120
NA,1855,marine_hw,historical,0.0,0.0,0.0,120
NA,1856,marine_hw,historical,0.0,0.0,0.0,120
NA,1857,marine_hw,historical,0.0,0.0,0.0,120
NA,1858,marine_hw,historical,0.0,0.0,0.0,120
NA,1859,marine_hw,historical,0.0,0.0,0.0,120
NA,1860,marine_hw,historical,0.0,0.0,0.0,120
NA,1861,marine_hw,historical,0.0,0.0,0.0,120
NA,1862,marine_hw,historical,0.0,0.0,0.0,120
NA,1863,marine_hw,historical,0.0,0.0,0.0,120
NA,1864,marine_hw,historical,0.0,0.0,0.0,120
NA,1865,marine_hw,historical,0.0,0.0,0.0,120
NA,1866,marine_hw,historical,0.0,0.0,0.0,120
NA,1867,marine_hw,historical,0.0,0.0,0.0,120
NA,1868,marine_hw,historical,0.0,0.0,0.0,120
NA,1869,marine_hw,historical,0.0,0.0,0.0,120
NA,1870,marine_hw,historical,0.0,0.0,0.0,120
NA,1871,marine_hw,historical,0.0,0.0,0.0,120
NA,1872,marine_hw,historical,0.0,0.0,0.0,120
NA,1873,marine_hw,historical,0.0,0.0,0.0,120
NA,1874,marine_hw,historical,0.00016022162333333332,0.018523576,0.0,120
NA,1875,marine_hw,historical,0.0,0.0,0.0,120
NA,1876,marine_hw,historical,0.0,0.0,0.0,120
NA,1877,marine_hw,historical,0.0,0.0,0.0,120
NA,1878,marine_hw,historical,0.0,0.0,0.0,120
NA,1879,marine_hw,historical,0.0,0.0,0.0,120
NA,1880,marine_hw,historical,0.0,0.0,0.0,120
NA,1881,marine_hw,historical,0.0,0.0,0.0,120
NA,1882,marine_hw,historical,0.0,0.0,0.0,120
NA,1883,marine_hw,historical,0.0,0.0,0.0,120
NA,1884,marine_hw,historical,0.0,0.0,0.0,120
NA,1885,marine_hw,historical,0.0,0.0,0.0,120
NA,1886,marine_hw,historical,0.0,0.0,0.0,120
NA,1887,marine_hw,historical,0.0,0.0,0.0,120
NA,1888,marine_hw,historical,0.0,0.0,0.0,120
NA,1889,marine_hw,historical,0.0,0.0,0.0,120
NA,1890,marine_hw,historical,0.0,0.0,0.0,120
NA,1891,marine_hw,historical,0.0,0.0,0.0,120
NA,1892,marine_hw,historical,0.0,0.0,0.0,120
NA,1893,marine_hw,historical,0.0,0.0,0.0,120
NA,1894,marine_hw,historical,0.0,0.0,0.0,120
NA,1895,marine_hw,historical,2.56667475e-05,0.0030800097,0.0,120
NA,1896,marine_hw,historical,0.0,0.0,0.0,120
NA,1897,marine_hw,historical,0.0,0.0,0.0,120
NA,1898,marine_hw,historical,0.0,0.0,0.0,120
NA,1899,marine_hw,historical,0.0,0.0,0.0,120
NA,1900,marine_hw,historical,0.0,0.0,0.0,120
NA,1901,marine_hw,historical,0.0,0.0,0.0,120
NA,1902,marine_hw,historical,0.0,0.0,0.0,120
NA,1903,marine_hw,historical,0.0,0.0,0.0,120
NA,1904,marine_hw,historical,0.0,0.0,0.0,120
NA,1905,marine_hw,historical,0.0,0.0,0.0,120
NA,1906,marine_hw,historical,0.0,0.0,0.0,120
NA,1907,marine_hw,historical,0.0,0.0,0.0,120
NA,1908,marine_hw,historical,0.0,0.0,0.0,120
NA,1909,marine_hw,historical,0.0,0.0,0.0,120
NA,1910,marine_hw,historical,0.0,0.0,0.0,120
NA,1911,marine_hw,historical,0.0,0.0,0.0,120
NA,1912,marine_hw,historical,0.0,0.0,0.0,120
NA,1913,marine_hw,historical,0.0,0.0,0.0,120
NA,1914,marine_hw,historical,0.0,0.0,0.0,120
NA,1915,marine_hw,historical,0.0,0.0,0.0,120
NA,1916,marine_hw,historical,0.0,0.0,0.0,120
NA,1917,marine_hw,historical,0.0,0.0,0.0,120
NA,1918,marine_hw,historical,7.41435e-05,0.00889722,0.0,120
NA,1919,marine_hw,historical,0.0,0.0,0.0,120
NA,1920,marine_hw,historical,0.0,0.0,0.0,120
NA,1921,marine_hw,historical,0.0,0.0,0.0,120
NA,1922,marine_hw,historical,0.0,0.0,0.0,120
NA,1923,marine_hw,historical,0.0,0.0,0.0,120
NA,1924,marine_hw,historical,0.0,0.0,0.0,120
NA,1925,marine_hw,historical,0.0,0.0,0.0,120
NA,1926,marine_hw,historical,0.0,0.0,0.0,120
NA,1927,marine_hw,historical,0.0,0.0,0.0,120
NA,1928,marine_hw,historical,0.0,0.0,0.0,120
NA,1929,marine_hw,historical,0.0,0.0,0.0,120
NA,1930,marine_hw,historical,0.0,0.0,0.0,120
NA,1931,marine_hw,historical,0.0,0.0,0.0,120
NA,1932,marine_hw,historical,0.0,0.0,0.0,120
NA,1933,marine_hw,historical,0.0,0.0,0.0,120
NA,1934,marine_hw,historical,0.0,0.0,0.0,120
NA,1935,marine_hw,historical,0.0,0.0,0.0,120
NA,1936,marine_hw,historical,0.0,0.0,0.0,120
NA,1937,marine_hw,historical,0.0,0.0,0.0,120
NA,1938,marine_hw,historical,0.0,0.0,0.0,120
NA,1939,marine_hw,historical,0.0,0.0,0.0,120
NA,1940,marine_hw,historical,0.0,0.0,0.0,120
NA,1941,marine_hw,historical,0.0,0.0,0.0,120
NA,1942,marine_hw,historical,0.0,0.0,0.0,120
NA,1943,marine_hw,historical,0.0,0.0,0.0,120
NA,1944,marine_hw,historical,0.0,0.0,0.0,120
NA,1945,marine_hw,historical,7.913641666666667e-05,0.00949637,0.0,120
NA,1946,marine_hw,historical,0.0,0.0,0.0,120
NA,1947,marine_hw,historical,0.0,0.0,0.0,120
NA,1948,marine_hw,historical,0.0,0.0,0.0,120
NA,1949,marine_hw,historical,0.0,0.0,0.0,120
NA,1950,marine_hw,historical,0.0,0.0,0.0,120
NA,1951,marine_hw,historical,0.0,0.0,0.0,120
NA,1952,marine_hw,historical,0.0,0.0,0.0,120
NA,1953,marine_hw,historical,0.0,0.0,0.0,120
NA,1954,marine_hw,historical,0.0,0.0,0.0,120
NA,1955,marine_hw,historical,0.0,0.0,0.0,120
NA,1956,marine_hw,historical,0.0,0.0,0.0,120
NA,1957,marine_hw,historical,0.0,0.0,0.0,120
NA,1958,marine_hw,historical,0.0,0.0,0.0,120
NA,1959,marine_hw,historical,0.0,0.0,0.0,120
NA,1960,marine_hw,historical,2.97064775e-05,0.0035647773,0.0,120
NA,1961,marine_hw,historical,0.0,0.0,0.0,120
NA,1962,marine_hw,historical,4.435238666666667e-05,0.0053222864,0.0,120
NA,1963,marine_hw,historical,0.0,0.0,0.0,120
NA,1964,marine_hw,historical,0.0,0.0,0.0,120
NA,1965,marine_hw,historical,0.0,0.0,0.0,120
NA,1966,marine_hw,historical,0.0,0.0,0.0,120
NA,1967,marine_hw,historical,0.0,0.0,0.0,120
NA,1968,marine_hw,historical,0.0,0.0,0.0,120
NA,1969,marine_hw,historical,0.0,0.0,0.0,120
NA,1970,marine_hw,historical,0.0,0.0,0.0,120
NA,1971,marine_hw,historical,0.0,0.0,0.0,120
NA,1972,marine_hw,historical,0.0,0.0,0.0,120
NA,1973,marine_hw,historical,9.727218333333333e-06,0.0011672662,0.0,120
NA,1974,marine_hw,historical,0.0,0.0,0.0,120
NA,1975,marine_hw,historical,0.0,0.0,0.0,120
NA,1976,marine_hw,historical,0.0,0.0,0.0,120
NA,1977,marine_hw,historical,0.0,0.0,0.0,120
NA,1978,marine_hw,historical,0.0,0.0,0.0,120
NA,1979,marine_hw,historical,0.0,0.0,0.0,120
NA,1980,marine_hw,historical,0.0,0.0,0.0,120
NA,1981,marine_hw,historical,0.0,0.0,0.0,120
NA,1982,marine_hw,historical,0.0,0.0,0.0,120
NA,1983,marine_hw,historical,0.0,0.0,0.0,120
NA,1984,marine_hw,historical,0.0,0.0,0.0,120
NA,1985,marine_hw,historical,0.0,0.0,0.0,120
NA,1986,marine_hw,historical,0.0,0.0,0.0,120
NA,1987,marine_hw,historical,1.0650151666666666e-05,0.0012780182,0.0,120
NA,1988,marine_hw,historical,0.0,0.0,0.0,120
NA,1989,marine_hw,historical,0.0,0.0,0.0,120
NA,1990,marine_hw,historical,0.0,0.0,0.0,120
NA,1991,marine_hw,historical,6.021626666666667e-05,0.007225952,0.0,120
NA,1992,marine_hw,historical,0.0,0.0,0.0,120
NA,1993,marine_hw,historical,0.0,0.0,0.0,120
NA,1994,marine_hw,historical,0.0,0.0,0.0,120
NA,1995,marine_hw,historical,4.3560420833333335e-06,0.00052272505,0.0,120
NA,1996,marine_hw,historical,3.6863e-05,0.00442356,0.0,120
NA,1997,marine_hw,historical,0.0,0.0,0.0,120
NA,1998,marine_hw,historical,0.0,0.0,0.0,120
NA,1999,marine_hw,historical,0.0,0.0,0.0,120
NA,2000,marine_hw,historical,0.0,0.0,0.0,120
NA,2001,marine_hw,historical,0.0,0.0,0.0,120
NA,2002,marine_hw,historical,8.60206e-05,0.010322472,0.0,120
NA,2003,marine_hw,historical,0.0,0.0,0.0,120
NA,2004,marine_hw,historical,0.0,0.0,0.0,120
NA,2005,marine_hw,historical,0.0,0.0,0.0,120
NA,2006,marine_hw,historical,7.16834425e-05,0.0058233943,0.0,120
NA,2007,marine_hw,historical,3.065210833333333e-05,0.003678253,0.0,120
NA,2008,marine_hw,historical,0.0,0.0,0.0,120
NA,2009,marine_hw,historical,0.0,0.0,0.0,120
NA,2010,marine_hw,historical,0.0,0.0,0.0,120
NA,2011,marine_hw,historical,0.0,0.0,0.0,120
NA,2012,marine_hw,historical,9.58022e-05,0.011496264,0.0,120
NA,2013,marine_hw,historical,0.0,0.0,0.0,120
NA,2014,marine_hw,historical,0.0,0.0,0.0,120
NC,1850,marine_hw,historical,0.0009255166285714286,0.036554784,0.0,84
NC,1851,marine_hw,historical,0.0026081899273809528,0.05045145,0.0,84
NC,1852,marine_hw,historical,0.0030305088999999998,0.073294535,0.0,84
NC,1853,marine_hw,historical,0.0026767778095238095,0.069913864,0.0,84
NC,1854,marine_hw,historical,0.0060775053333333336,0.17007737,0.0,84
NC,1855,marine_hw,historical,0.003391112505952381,0.11271412,0.0,84
NC,1856,marine_hw,historical,0.002583276058095238,0.09634641,0.0,84
NC,1857,marine_hw,historical,0.007757839548809524,0.14901449,0.0,84
NC,1858,marine_hw,historical,0.006320542896428572,0.11907874,0.0,84
NC,1859,marine_hw,historical,0.00921932663404762,0.17959478,0.0,84
NC,1860,marine_hw,historical,0.0012574453682142857,0.03869266,0.0,84
NC,1861,marine_hw,historical,0.005433458595238095,0.11393602,0.0,84
NC,1862,marine_hw,historical,0.0038881655642857144,0.108272225,0.0,84
NC,1863,marine_hw,historical,0.003499056717857143,0.14325538,0.0,84
NC,1864,marine_hw,historical,0.00584273588095238,0.15538183,0.0,84
NC,1865,marine_hw,historical,0.0020123987976190475,0.06335226,0.0,84
NC,1866,marine_hw,historical,0.003581939836071429,0.068436876,0.0,84
NC,1867,marine_hw,historical,0.003954107167857142,0.112678714,0.0,84
NC,1868,marine_hw,historical,0.0068199533,0.15789917,0.0,84
NC,1869,marine_hw,historical,0.003900900698809524,0.14437017,0.0,84
NC,1870,marine_hw,historical,0.0023575549547619045,0.065875955,0.0,84
NC,1871,marine_hw,historical,0.003191947226190476,0.08795829,0.0,84
NC,1872,marine_hw,historical,0.004179631833333333,0.12161787,0.0,84
NC,1873,marine_hw,historical,0.002431759101190476,0.068760045,0.0,84
NC,1874,marine_hw,historical,0.006269022121428572,0.13655396,0.0,84
NC,1875,marine_hw,historical,0.00048477492857142856,0.029805258,0.0,84
NC,1876,marine_hw,historical,0.010357053551190477,0.13474834,0.0,84
NC,1877,marine_hw,historical,0.005072519302380953,0.115876906,0.0,84
NC,1878,marine_hw,historical,0.0041685413695238096,0.06576974,0.0,84
NC,1879,marine_hw,historical,0.001768902011904762,0.0738837,0.0,84
NC,1880,marine_hw,historical,0.004075428130952381,0.1082795,0.0,84
NC,1881,marine_hw,historical,0.008342817416666667,0.17803517,0.0,84
NC,1882,marine_hw,historical,0.010332572335714286,0.17783272,0.0,84
NC,1883,marine_hw,historical,0.005119659705952381,0.12080175,0.0,84
NC,1884,marine_hw,historical,0.00190234444,0.09096131,0.0,84
NC,1885,marine_hw,historical,0.001962599926952381,0.080229245,0.0,84
NC,1886,marine_hw,historical,0.006121464166666667,0.15362613,0.0,84
NC,1887,marine_hw,historical,0.007812009222619048,0.16419752,0.0,84
NC,1888,marine_hw,historical,0.001319996755952381,0.052971516,0.0,84
NC,1889,marine_hw,historical,0.005036782811904762,0.1432336,0.0,84
NC,1890,marine_hw,historical,0.006856620464285714,0.15339375,0.0,84
NC,1891,marine_hw,historical,0.0028885232797619047,0.09727146,0.0,84
NC,1892,marine_hw,historical,0.003542990039166667,0.099265,0.0,84
NC,1893,marine_hw,historical,0.008251531918690477,0.13205035,0.0,84
NC,1894,marine_hw,historical,0.0035009200833333335,0.10265201,0.0,84
NC,1895,marine_hw,historical,0.002160479005952381,0.07451008,0.0,84
NC,1896,marine_hw,historical,0.004438790136904762,0.11787771,0.0,84
NC,1897,marine_hw,historical,0.006493937685714286,0.10812063,0.0,84
NC,1898,marine_hw,historical,0.003920066422619047,0.11410215,0.0,84
NC,1899,marine_hw,historical,0.0033488907761904762,0.12415064,0.0,84
NC,1900,marine_hw,historical,0.0031441375630952375,0.11613926,0.0,84
NC,1901,marine_hw,historical,0.003683284997619048,0.10334921,0.0,84
NC,1902,marine_hw,historical,0.003393648017857143,0.08426897,0.0,84
NC,1903,marine_hw,historical,0.0034146261452380955,0.10039158,0.0,84
NC,1904,marine_hw,historical,0.001485969601190476,0.05300692,0.0,84
NC,1905,marine_hw,historical,0.0049891020380952375,0.14027688,0.0,84
NC,1906,marine_hw,historical,0.005681566941666667,0.1450147,0.0,84
NC,1907,marine_hw,historical,0.0025817528964285717,0.069043286,0.0,84
NC,1908,marine_hw,historical,0.0064300259642857144,0.12424324,0.0,84
NC,1909,marine_hw,historical,0.010281002797619046,0.17440397,0.0,84
NC,1910,marine_hw,historical,0.007962651334523809,0.16051456,0.0,84
NC,1911,marine_hw,historical,0.0030540123678571432,0.07925789,0.0,84
NC,1912,marine_hw,historical,0.003724844630952381,0.12145899,0.0,84
NC,1913,marine_hw,historical,0.0035112480238095236,0.08726927,0.0,84
NC,1914,marine_hw,historical,0.003349405489285714,0.11222481,0.0,84
NC,1915,marine_hw,historical,0.0052462246916666665,0.11353568,0.0,84
NC,1916,marine_hw,historical,0.003936121142857143,0.13851118,0.0,84
NC,1917,marine_hw,historical,0.0017189017273809527,0.07586452,0.0,84
NC,1918,marine_hw,historical,0.0058191121071428575,0.13825792,0.0,84
NC,1919,marine_hw,historical,0.005447556671428572,0.12122478,0.0,84
NC,1920,marine_hw,historical,0.005750799602380952,0.14250734,0.0,84
NC,1921,marine_hw,historical,0.004407610839285714,0.110285744,0.0,84
NC,1922,marine_hw,historical,0.004971856357142857,0.11839697,0.0,84
NC,1923,marine_hw,historical,0.008523154972142857,0.1494811,0.0,84
NC,1924,marine_hw,historical,0.008404080035119048,0.15000673,0.0,84
NC,1925,marine_hw,historical,0.007297742897619048,0.12865335,0.0,84
NC,1926,marine_hw,historical,0.005703080625,0.09753654,0.0,84
NC,1927,marine_hw,historical,0.007091004588095238,0.1596939,0.0,84
NC,1928,marine_hw,historical,0.009198874202380953,0.12781906,0.0,84
NC,1929,marine_hw,historical,0.009411198395833334,0.15555885,0.0,84
NC,1930,marine_hw,historical,0.006152647666666667,0.12219704,0.0,84
NC,1931,marine_hw,historical,0.004293130851190476,0.11410851,0.0,84
NC,1932,marine_hw,historical,0.006447289271428572,0.14419678,0.0,84
NC,1933,marine_hw,historical,0.008627590821428572,0.16309634,0.0,84
NC,1934,marine_hw,historical,0.0014192074547619048,0.07791616,0.0,84
NC,1935,marine_hw,historical,0.0023463498761904763,0.09540955,0.0,84
NC,1936,marine_hw,historical,0.009917694532142857,0.17893663,0.0,84
NC,1937,marine_hw,historical,0.0032043601773809527,0.08928369,0.0,84
NC,1938,marine_hw,historical,0.0021929378476190477,0.07052664,0.0,84
NC,1939,marine_hw,historical,0.009281134700595238,0.14089328,0.0,84
NC,1940,marine_hw,historical,0.011697540836904762,0.16961712,0.0,84
NC,1941,marine_hw,historical,0.010328921290119046,0.16171831,0.0,84
NC,1942,marine_hw,historical,0.0019900928277380952,0.06980675,0.0,84
NC,1943,marine_hw,historical,0.009459315666666666,0.14636098,0.0,84
NC,1944,marine_hw,historical,0.0014958878809523807,0.082205534,0.0,84
NC,1945,marine_hw,historical,0.009976515911904762,0.16461873,0.0,84
NC,1946,marine_hw,historical,0.008103528595714286,0.18568434,0.0,84
NC,1947,marine_hw,historical,0.009247106017857143,0.16258162,0.0,84
NC,1948,marine_hw,historical,0.0033433406107142858,0.08440152,0.0,84
NC,1949,marine_hw,historical,0.013977135339285714,0.17761032,0.0,84
NC,1950,marine_hw,historical,0.004050533609523809,0.104104504,0.0,84
NC,1951,marine_hw,historical,0.0021774571126190476,0.10006931,0.0,84
NC,1952,marine_hw,historical,0.012664481252380951,0.1677325,0.0,84
NC,1953,marine_hw,historical,0.006627701559570239,0.15779749,0.0,84
NC,1954,marine_hw,historical,0.010269311321428571,0.1728371,0.0,84
NC,1955,marine_hw,historical,0.004405885021428572,0.11055627,0.0,84
NC,1956,marine_hw,historical,0.009230872876190475,0.15686154,0.0,84
NC,1957,marine_hw,historical,0.008699230789285714,0.1388952,0.0,84
NC,1958,marine_hw,historical,0.011267495830952382,0.1845641,0.0,84
NC,1959,marine_hw,historical,0.009451260832142858,0.12846181,0.0,84
NC,1960,marine_hw,historical,0.0036690835309523807,0.13161823,0.0,84
NC,1961,marine_hw,historical,0.011348386759523809,0.18401307,0.0,84
NC,1962,marine_hw,historical,0.006825201786428571,0.13681088,0.0,84
NC,1963,marine_hw,historical,0.006353564864285714,0.12279347,0.0,84
NC,1964,marine_hw,historical,0.004399418352380953,0.089003175,0.0,84
NC,1965,marine_hw,historical,0.008081067095238096,0.15264389,0.0,84
NC,1966,marine_hw,historical,0.007801141369047619,0.12472074,0.0,84
NC,1967,marine_hw,historical,0.004917631321428572,0.099335805,0.0,84
NC,1968,marine_hw,historical,0.002823127548809524,0.08775404,0.0,84
NC,1969,marine_hw,historical,0.004062409967857143,0.1088396,0.0,84
NC,1970,marine_hw,historical,0.003745560591666667,0.09487848,0.0,84
NC,1971,marine_hw,historical,0.004232794913095238,0.10876971,0.0,84
NC,1972,marine_hw,historical,0.002804901880952381,0.07373391,0.0,84
NC,1973,marine_hw,historical,0.01010909176547619,0.1732002,0.0,84
NC,1974,marine_hw,historical,0.005184357514285714,0.11808559,0.0,84
NC,1975,marine_hw,historical,0.005301226507142857,0.11291474,0.0,84
NC,1976,marine_hw,historical,0.005981444779166666,0.12656993,0.0,84
NC,1977,marine_hw,historical,0.013485226168333333,0.17120303,0.0,84
NC,1978,marine_hw,historical,0.008191365488095239,0.16271779,0.0,84
NC,1979,marine_hw,historical,0.005173333491666666,0.11245811,0.0,84
NC,1980,marine_hw,historical,0.0034554261726190477,0.09148875,0.0,84
NC,1981,marine_hw,historical,0.006243120095833334,0.1318134,0.0,84
NC,1982,marine_hw,historical,0.011716439986904761,0.19250104,0.0,84
NC,1983,marine_hw,historical,0.002508653757142857,0.07080261,0.0,84
NC,1984,marine_hw,historical,0.001829476936904762,0.10139652,0.0,84
NC,1985,marine_hw,historical,0.01393140389892857,0.19888836,0.0,84
NC,1986,marine_hw,historical,0.012638734948809524,0.13322595,0.0,84
NC,1987,marine_hw,historical,0.010480008839285715,0.17180672,0.0,84
NC,1988,marine_hw,historical,0.012854065670119047,0.2192967,0.0,84
NC,1989,marine_hw,historical,0.004805358021428572,0.11718687,0.0,84
NC,1990,marine_hw,historical,0.013415020599999999,0.2068734,0.0,84
NC,1991,marine_hw,historical,0.006574011555952381,0.135825,0.0,84
NC,1992,marine_hw,historical,0.004210147142857143,0.10527194,0.0,84
NC,1993,marine_hw,historical,0.007180434401904762,0.14817569,0.0,84
NC,1994,marine_hw,historical,0.014747012901190475,0.1988584,0.0,84
NC,1995,marine_hw,historical,0.013606996558333332,0.19502202,0.0,84
NC,1996,marine_hw,historical,0.004905155738095238,0.12213622,0.0,84
NC,1997,marine_hw,historical,0.00604759185404762,0.14180744,0.0,84
NC,1998,marine_hw,historical,0.009118634245238096,0.1496445,0.0,84
NC,1999,marine_hw,historical,0.010552286659345237,0.20369425,0.0,84
NC,2000,marine_hw,historical,0.010583188261904762,0.20488349,0.0,84
NC,2001,marine_hw,historical,0.004502153516666667,0.11350936,0.0,84
NC,2002,marine_hw,historical,0.02689899305833333,0.27911827,0.0,84
NC,2003,marine_hw,historical,0.021481026551666664,0.197149,0.0,84
NC,2004,marine_hw,historical,0.015415034461071429,0.22950858,0.0,84
NC,2005,marine_hw,historical,0.0025766776447619048,0.097069934,0.0,84
NC,2006,marine_hw,historical,0.015251267605952381,0.19075352,0.0,84
NC,2007,marine_hw,historical,0.01360093870952381,0.2216352,0.0,84
NC,2008,marine_hw,historical,0.017334300435714284,0.20423168,0.0,84
NC,2009,marine_hw,historical,0.005360311291666667,0.13837501,0.0,84
NC,2010,marine_hw,historical,0.02314301555833333,0.20133851,0.0,84
NC,2011,marine_hw,historical,0.027990476402380955,0.30121696,0.0,84
NC,2012,marine_hw,historical,0.013688602773809525,0.16829625,0.0,84
NC,2013,marine_hw,historical,0.009569943913928573,0.19483046,0.0,84
NC,2014,marine_hw,historical,0.022477266367857143,0.24207623,0.0,84
NF,1850,marine_hw,historical,0.0,0.0,0.0,72
NF,1851,marine_hw,historical,0.0,0.0,0.0,72
NF,1852,marine_hw,historical,0.0,0.0,0.0,72
NF,1853,marine_hw,historical,0.0,0.0,0.0,72
NF,1854,marine_hw,historical,0.0,0.0,0.0,72
NF,1855,marine_hw,historical,0.0,0.0,0.0,72
NF,1856,marine_hw,historical,0.0,0.0,0.0,72
NF,1857,marine_hw,historical,0.0,0.0,0.0,72
NF,1858,marine_hw,historical,0.0,0.0,0.0,72
NF,1859,marine_hw,historical,0.0,0.0,0.0,72
NF,1860,marine_hw,historical,0.0,0.0,0.0,72
NF,1861,marine_hw,historical,0.0,0.0,0.0,72
NF,1862,marine_hw,historical,0.0,0.0,0.0,72
NF,1863,marine_hw,historical,0.0,0.0,0.0,72
NF,1864,marine_hw,historical,0.0,0.0,0.0,72
NF,1865,marine_hw,historical,0.0,0.0,0.0,72
NF,1866,marine_hw,historical,0.0,0.0,0.0,72
NF,1867,marine_hw,historical,0.0,0.0,0.0,72
NF,1868,marine_hw,historical,0.0,0.0,0.0,72
NF,1869,marine_hw,historical,0.0,0.0,0.0,72
NF,1870,marine_hw,historical,0.0,0.0,0.0,72
NF,1871,marine_hw,historical,0.0,0.0,0.0,72
NF,1872,marine_hw,historical,0.0,0.0,0.0,72
NF,1873,marine_hw,historical,0.0,0.0,0.0,72
NF,1874,marine_hw,historical,0.0,0.0,0.0,72
NF,1875,marine_hw,historical,0.0,0.0,0.0,72
NF,1876,marine_hw,historical,0.0,0.0,0.0,72
NF,1877,marine_hw,historical,0.0,0.0,0.0,72
NF,1878,marine_hw,historical,0.0,0.0,0.0,72
NF,1879,marine_hw,historical,0.0,0.0,0.0,72
NF,1880,marine_hw,historical,0.0,0.0,0.0,72
NF,1881,marine_hw,historical,0.0,0.0,0.0,72
NF,1882,marine_hw,historical,0.0,0.0,0.0,72
NF,1883,marine_hw,historical,0.0,0.0,0.0,72
NF,1884,marine_hw,historical,0.0,0.0,0.0,72
NF,1885,marine_hw,historical,0.0,0.0,0.0,72
NF,1886,marine_hw,historical,0.0,0.0,0.0,72
NF,1887,marine_hw,historical,0.0,0.0,0.0,72
NF,1888,marine_hw,historical,0.0,0.0,0.0,72
NF,1889,marine_hw,historical,0.0,0.0,0.0,72
NF,1890,marine_hw,historical,0.0,0.0,0.0,72
NF,1891,marine_hw,historical,0.0,0.0,0.0,72
NF,1892,marine_hw,historical,0.0,0.0,0.0,72
NF,1893,marine_hw,historical,0.0,0.0,0.0,72
NF,1894,marine_hw,historical,0.0,0.0,0.0,72
NF,1895,marine_hw,historical,0.0,0.0,0.0,72
NF,1896,marine_hw,historical,0.0,0.0,0.0,72
NF,1897,marine_hw,historical,0.0,0.0,0.0,72
NF,1898,marine_hw,historical,0.0,0.0,0.0,72
NF,1899,marine_hw,historical,0.0,0.0,0.0,72
NF,1900,marine_hw,historical,0.0,0.0,0.0,72
NF,1901,marine_hw,historical,0.0,0.0,0.0,72
NF,1902,marine_hw,historical,0.0,0.0,0.0,72
NF,1903,marine_hw,historical,0.0,0.0,0.0,72
NF,1904,marine_hw,historical,0.0,0.0,0.0,72
NF,1905,marine_hw,historical,0.0,0.0,0.0,72
NF,1906,marine_hw,historical,0.0,0.0,0.0,72
NF,1907,marine_hw,historical,0.0,0.0,0.0,72
NF,1908,marine_hw,historical,0.0,0.0,0.0,72
NF,1909,marine_hw,historical,0.0,0.0,0.0,72
NF,1910,marine_hw,historical,0.0,0.0,0.0,72
NF,1911,marine_hw,historical,0.0,0.0,0.0,72
NF,1912,marine_hw,historical,0.0,0.0,0.0,72
NF,1913,marine_hw,historical,0.0,0.0,0.0,72
NF,1914,marine_hw,historical,0.0,0.0,0.0,72
NF,1915,marine_hw,historical,0.0,0.0,0.0,72
NF,1916,marine_hw,historical,0.0,0.0,0.0,72
NF,1917,marine_hw,historical,0.0,0.0,0.0,72
NF,1918,marine_hw,historical,0.0,0.0,0.0,72
NF,1919,marine_hw,historical,0.0,0.0,0.0,72
NF,1920,marine_hw,historical,0.0,0.0,0.0,72
NF,1921,marine_hw,historical,0.0,0.0,0.0,72
NF,1922,marine_hw,historical,0.0,0.0,0.0,72
NF,1923,marine_hw,historical,0.0,0.0,0.0,72
NF,1924,marine_hw,historical,0.0,0.0,0.0,72
NF,1925,marine_hw,historical,0.0,0.0,0.0,72
NF,1926,marine_hw,historical,0.0,0.0,0.0,72
NF,1927,marine_hw,historical,0.0,0.0,0.0,72
NF,1928,marine_hw,historical,0.0,0.0,0.0,72
NF,1929,marine_hw,historical,0.0,0.0,0.0,72
NF,1930,marine_hw,historical,0.0,0.0,0.0,72
NF,1931,marine_hw,historical,0.0,0.0,0.0,72
NF,1932,marine_hw,historical,0.0,0.0,0.0,72
NF,1933,marine_hw,historical,0.0,0.0,0.0,72
NF,1934,marine_hw,historical,0.0,0.0,0.0,72
NF,1935,marine_hw,historical,0.0,0.0,0.0,72
NF,1936,marine_hw,historical,0.0,0.0,0.0,72
NF,1937,marine_hw,historical,0.0,0.0,0.0,72
NF,1938,marine_hw,historical,0.0,0.0,0.0,72
NF,1939,marine_hw,historical,0.0,0.0,0.0,72
NF,1940,marine_hw,historical,0.0,0.0,0.0,72
NF,1941,marine_hw,historical,0.0,0.0,0.0,72
NF,1942,marine_hw,historical,0.0,0.0,0.0,72
NF,1943,marine_hw,historical,0.0,0.0,0.0,72
NF,1944,marine_hw,historical,0.0,0.0,0.0,72
NF,1945,marine_hw,historical,0.0,0.0,0.0,72
NF,1946,marine_hw,historical,0.0,0.0,0.0,72
NF,1947,marine_hw,historical,0.0,0.0,0.0,72
NF,1948,marine_hw,historical,0.0,0.0,0.0,72
NF,1949,marine_hw,historical,0.0,0.0,0.0,72
NF,1950,marine_hw,historical,0.0,0.0,0.0,72
NF,1951,marine_hw,historical,0.0,0.0,0.0,72
NF,1952,marine_hw,historical,0.0,0.0,0.0,72
NF,1953,marine_hw,historical,0.0,0.0,0.0,72
NF,1954,marine_hw,historical,0.0,0.0,0.0,72
NF,1955,marine_hw,historical,0.0,0.0,0.0,72
NF,1956,marine_hw,historical,0.0,0.0,0.0,72
NF,1957,marine_hw,historical,0.0,0.0,0.0,72
NF,1958,marine_hw,historical,0.0,0.0,0.0,72
NF,1959,marine_hw,historical,0.0,0.0,0.0,72
NF,1960,marine_hw,historical,0.0,0.0,0.0,72
NF,1961,marine_hw,historical,0.0,0.0,0.0,72
NF,1962,marine_hw,historical,0.0,0.0,0.0,72
NF,1963,marine_hw,historical,0.0,0.0,0.0,72
NF,1964,marine_hw,historical,0.0,0.0,0.0,72
NF,1965,marine_hw,historical,0.0,0.0,0.0,72
NF,1966,marine_hw,historical,0.0,0.0,0.0,72
NF,1967,marine_hw,historical,0.0,0.0,0.0,72
NF,1968,marine_hw,historical,0.0,0.0,0.0,72
NF,1969,marine_hw,historical,0.0,0.0,0.0,72
NF,1970,marine_hw,historical,0.0,0.0,0.0,72
NF,1971,marine_hw,historical,0.0,0.0,0.0,72
NF,1972,marine_hw,historical,0.0,0.0,0.0,72
NF,1973,marine_hw,historical,0.0,0.0,0.0,72
NF,1974,marine_hw,historical,0.0,0.0,0.0,72
NF,1975,marine_hw,historical,0.0,0.0,0.0,72
NF,1976,marine_hw,historical,0.0,0.0,0.0,72
NF,1977,marine_hw,historical,0.0,0.0,0.0,72
NF,1978,marine_hw,historical,0.0,0.0,0.0,72
NF,1979,marine_hw,historical,0.0,0.0,0.0,72
NF,1980,marine_hw,historical,0.0,0.0,0.0,72
NF,1981,marine_hw,historical,0.0,0.0,0.0,72
NF,1982,marine_hw,historical,0.0,0.0,0.0,72
NF,1983,marine_hw,historical,0.0,0.0,0.0,72
NF,1984,marine_hw,historical,0.0,0.0,0.0,72
NF,1985,marine_hw,historical,0.0,0.0,0.0,72
NF,1986,marine_hw,historical,0.0,0.0,0.0,72
NF,1987,marine_hw,historical,0.0,0.0,0.0,72
NF,1988,marine_hw,historical,0.0,0.0,0.0,72
NF,1989,marine_hw,historical,0.0,0.0,0.0,72
NF,1990,marine_hw,historical,0.0,0.0,0.0,72
NF,1991,marine_hw,historical,0.0,0.0,0.0,72
NF,1992,marine_hw,historical,0.0,0.0,0.0,72
NF,1993,marine_hw,historical,0.0,0.0,0.0,72
NF,1994,marine_hw,historical,0.0,0.0,0.0,72
NF,1995,marine_hw,historical,0.0,0.0,0.0,72
NF,1996,marine_hw,historical,0.0,0.0,0.0,72
NF,1997,marine_hw,historical,0.0,0.0,0.0,72
NF,1998,marine_hw,historical,0.0,0.0,0.0,72
NF,1999,marine_hw,historical,0.0,0.0,0.0,72
NF,2000,marine_hw,historical,0.0,0.0,0.0,72
NF,2001,marine_hw,historical,0.0,0.0,0.0,72
NF,2002,marine_hw,historical,0.0,0.0,0.0,72
NF,2003,marine_hw,historical,0.0,0.0,0.0,72
NF,2004,marine_hw,historical,0.0,0.0,0.0,72
NF,2005,marine_hw,historical,0.0,0.0,0.0,72
NF,2006,marine_hw,historical,0.0,0.0,0.0,72
NF,2007,marine_hw,historical,0.0,0.0,0.0,72
NF,2008,marine_hw,historical,0.0,0.0,0.0,72
NF,2009,marine_hw,historical,0.0,0.0,0.0,72
NF,2010,marine_hw,historical,4.309706527777778e-06,0.00031029887,0.0,72
NF,2011,marine_hw,historical,0.0,0.0,0.0,72
NF,2012,marine_hw,historical,0.0,0.0,0.0,72
NF,2013,marine_hw,historical,0.0,0.0,0.0,72
NF,2014,marine_hw,historical,0.0,0.0,0.0,72
NG,1850,marine_hw,historical,0.1679885055,0.27806884,0.07549505,12
NG,1851,marine_hw,historical,0.149074345,0.2156909,0.07473539,12
NG,1852,marine_hw,historical,0.18004233041666665,0.28994203,0.08697151,12
NG,1853,marine_hw,historical,0.179225772,0.28186256,0.042019024,12
NG,1854,marine_hw,historical,0.13700745475,0.23873915,0.021411132,12
NG,1855,marine_hw,historical,0.10464780166666666,0.17492957,0.038530506,12
NG,1856,marine_hw,historical,0.15179574033333335,0.23806918,0.018615095,12
NG,1857,marine_hw,historical,0.20818963666666668,0.34827027,0.08310427,12
NG,1858,marine_hw,historical,0.19288382583333333,0.30971763,0.07501482,12
NG,1859,marine_hw,historical,0.13601501583333334,0.26211965,0.02579492,12
NG,1860,marine_hw,historical,0.07023974455833333,0.14056191,0.0051997327,12
NG,1861,marine_hw,historical,0.12462711058333333,0.19954106,0.041342713,12
NG,1862,marine_hw,historical,0.17545352583333332,0.31618845,0.06405127,12
NG,1863,marine_hw,historical,0.16260148666666666,0.3132717,0.04555583,12
NG,1864,marine_hw,historical,0.08353759941666666,0.17002562,0.015857186,12
NG,1865,marine_hw,historical,0.1107615635,0.17485242,0.037061676,12
NG,1866,marine_hw,historical,0.1471957165,0.24086885,0.038541228,12
NG,1867,marine_hw,historical,0.2086056345,0.33559096,0.09971435,12
NG,1868,marine_hw,historical,0.21390812166666665,0.3596151,0.09559202,12
NG,1869,marine_hw,historical,0.11494546833333334,0.19836001,0.022239957,12
NG,1870,marine_hw,historical,0.1181612735,0.20698142,0.055122104,12
NG,1871,marine_hw,historical,0.17387334416666667,0.2777611,0.06265324,12
NG,1872,marine_hw,historical,0.24649353,0.35859564,0.11964974,12
NG,1873,marine_hw,historical,0.16271426541666667,0.2822402,0.047970593,12
NG,1874,marine_hw,historical,0.08316061983333332,0.15084735,0.017131742,12
NG,1875,marine_hw,historical,0.13584587950000002,0.21321443,0.06870739,12
NG,1876,marine_hw,historical,0.19626116133333335,0.341134,0.078771316,12
NG,1877,marine_hw,historical,0.133276107,0.22918995,0.011308178,12
NG,1878,marine_hw,historical,0.08301057100833333,0.144923,0.0025398661,12
NG,1879,marine_hw,historical,0.10521767650000001,0.17476344,0.035102464,12
NG,1880,marine_hw,historical,0.18405371950000002,0.335118,0.028093308,12
NG,1881,marine_hw,historical,0.21307408083333335,0.3529827,0.09893727,12
NG,1882,marine_hw,historical,0.14208179308333332,0.22989531,0.02473551,12
NG,1883,marine_hw,historical,0.10578977425000001,0.19231948,0.013768328,12
NG,1884,marine_hw,historical,0.10910238116666666,0.19698104,0.021522792,12
NG,1885,marine_hw,historical,0.16088350108333335,0.29906636,0.06422466,12
NG,1886,marine_hw,historical,0.205939715,0.36933404,0.06797025,12
NG,1887,marine_hw,historical,0.12074413766666668,0.24582365,0.008890865,12
NG,1888,marine_hw,historical,0.06948784141666667,0.14761555,0.003176237,12
NG,1889,marine_hw,historical,0.12059591491666666,0.20647669,0.052937925,12
NG,1890,marine_hw,historical,0.21216945166666668,0.32905388,0.11023672,12
NG,1891,marine_hw,historical,0.20813788583333334,0.30227727,0.1359294,12
NG,1892,marine_hw,historical,0.19132937791666668,0.30742544,0.067061715,12
NG,1893,marine_hw,historical,0.12245104333333333,0.1947524,0.03456068,12
NG,1894,marine_hw,historical,0.12373738666666667,0.24108128,0.02995703,12
NG,1895,marine_hw,historical,0.20244369375000001,0.32256305,0.09085329,12
NG,1896,marine_hw,historical,0.15099029041666667,0.23665029,0.03133525,12
NG,1897,marine_hw,historical,0.13225087716666667,0.22226612,0.026561106,12
NG,1898,marine_hw,historical,0.14315811858333333,0.24666063,0.05379779,12
NG,1899,marine_hw,historical,0.18691887666666665,0.3484255,0.07208443,12
NG,1900,marine_hw,historical,0.18271772083333335,0.2923441,0.07171149,12
NG,1901,marine_hw,historical,0.1770135966666667,0.29337263,0.06470761,12
NG,1902,marine_hw,historical,0.20005986866666667,0.3400283,0.08405837,12
NG,1903,marine_hw,historical,0.11344185783333333,0.20180604,0.02335474,12
NG,1904,marine_hw,historical,0.11226750591666668,0.22432865,0.023774885,12
NG,1905,marine_hw,historical,0.11087956250000001,0.21163756,0.05229265,12
NG,1906,marine_hw,historical,0.16665791091666668,0.271953,0.08375896,12
NG,1907,marine_hw,historical,0.13799319583333333,0.24226323,0.030554537,12
NG,1908,marine_hw,historical,0.1488810555,0.23980764,0.061489612,12
NG,1909,marine_hw,historical,0.18305733083333334,0.32662278,0.04471884,12
NG,1910,marine_hw,historical,0.15867110591666667,0.27692866,0.065268636,12
NG,1911,marine_hw,historical,0.14268135708333332,0.21030036,0.07064482,12
NG,1912,marine_hw,historical,0.16329473325,0.2943685,0.039165802,12
NG,1913,marine_hw,historical,0.18015975583333332,0.29903823,0.09687748,12
NG,1914,marine_hw,historical,0.18723926416666667,0.30649674,0.0633497,12
NG,1915,marine_hw,historical,0.13580531066666665,0.21011335,0.026901532,12
NG,1916,marine_hw,historical,0.11202248991666665,0.17787358,0.019199722,12
NG,1917,marine_hw,historical,0.14020000875,0.20901309,0.052359655,12
NG,1918,marine_hw,historical,0.18871503916666665,0.2514484,0.10433962,12
NG,1919,marine_hw,historical,0.228851865,0.35685536,0.12729527,12
NG,1920,marine_hw,historical,0.14999996475,0.25263762,0.031416953,12
NG,1921,marine_hw,historical,0.14515401841666667,0.26487666,0.027032256,12
NG,1922,marine_hw,historical,0.13623503750000002,0.22683874,0.06394051,12
NG,1923,marine_hw,historical,0.2055890783333333,0.36165404,0.09324625,12
NG,1924,marine_hw,historical,0.12893604449999999,0.24127826,0.022264468,12
NG,1925,marine_hw,historical,0.12384261466666667,0.19640186,0.03991928,12
NG,1926,marine_hw,historical,0.17252141499999998,0.2510544,0.08111906,12
NG,1927,marine_hw,historical,0.23436223874999998,0.37057686,0.11084858,12
NG,1928,marine_hw,historical,0.1808376591666667,0.29889208,0.05654299,12
NG,1929,marine_hw,historical,0.13036807958333332,0.21500641,0.042068955,12
NG,1930,marine_hw,historical,0.15492862175,0.27714473,0.032543365,12
NG,1931,marine_hw,historical,0.20356633916666667,0.3531379,0.0975901,12
NG,1932,marine_hw,historical,0.21944701041666667,0.33845145,0.08133495,12
NG,1933,marine_hw,historical,0.13979123991666667,0.23864111,0.028368544,12
NG,1934,marine_hw,historical,0.14155392466666666,0.23821443,0.06503533,12
NG,1935,marine_hw,historical,0.20149200833333333,0.32962397,0.092604436,12
NG,1936,marine_hw,historical,0.18549717166666668,0.29008183,0.06438988,12
NG,1937,marine_hw,historical,0.14545795141666668,0.21205151,0.043777443,12
NG,1938,marine_hw,historical,0.20150698333333336,0.31274244,0.07524721,12
NG,1939,marine_hw,historical,0.224115555,0.35769147,0.10678434,12
NG,1940,marine_hw,historical,0.17895382975,0.29132825,0.037442047,12
NG,1941,marine_hw,historical,0.13651815125,0.22888947,0.046314586,12
NG,1942,marine_hw,historical,0.1583533375,0.24449733,0.076516494,12
NG,1943,marine_hw,historical,0.16760619783333333,0.2741544,0.07983271,12
NG,1944,marine_hw,historical,0.22751255583333332,0.35832965,0.13019662,12
NG,1945,marine_hw,historical,0.2004497675,0.3079011,0.11175366,12
NG,1946,marine_hw,historical,0.20191595466666667,0.27245227,0.102314316,12
NG,1947,marine_hw,historical,0.24343574416666666,0.34169868,0.1172368,12
NG,1948,marine_hw,historical,0.1428787845,0.27902386,0.029776549,12
NG,1949,marine_hw,historical,0.10939197266666667,0.19420771,0.023104016,12
NG,1950,marine_hw,historical,0.13699644625,0.21823639,0.0669744,12
NG,1951,marine_hw,historical,0.2490496825,0.38026583,0.15646392,12
NG,1952,marine_hw,historical,0.21072228925,0.350124,0.052578606,12
NG,1953,marine_hw,historical,0.13334573916666667,0.2117247,0.056375045,12
NG,1954,marine_hw,historical,0.15080146775,0.26411134,0.026921503,12
NG,1955,marine_hw,historical,0.1860010825,0.3316511,0.09671316,12
NG,1956,marine_hw,historical,0.17955809166666667,0.28453878,0.070848,12
NG,1957,marine_hw,historical,0.23700765499999998,0.36977434,0.08764692,12
NG,1958,marine_hw,historical,0.19474538616666667,0.31385177,0.081127234,12
NG,1959,marine_hw,historical,0.17013464291666666,0.2692804,0.07552864,12
NG,1960,marine_hw,historical,0.21726124833333335,0.31595606,0.12977086,12
NG,1961,marine_hw,historical,0.24453788750000002,0.36571375,0.12745231,12
NG,1962,marine_hw,historical,0.14034038541666669,0.26383993,0.010431238,12
NG,1963,marine_hw,historical,0.0707650765,0.14944297,0.0,12
NG,1964,marine_hw,historical,0.15782798283333335,0.24925786,0.076784134,12
NG,1965,marine_hw,historical,0.2019529475,0.35140854,0.05382122,12
NG,1966,marine_hw,historical,0.11122900466666667,0.23217572,0.011160205,12
NG,1967,marine_hw,historical,0.13534970208333333,0.2010698,0.045651153,12
NG,1968,marine_hw,historical,0.22289818583333335,0.37011656,0.110401936,12
NG,1969,marine_hw,historical,0.2107919275,0.313702,0.12541157,12
NG,1970,marine_hw,historical,0.1514882195,0.25001317,0.038540322,12
NG,1971,marine_hw,historical,0.10916237508333333,0.14858873,0.033746377,12
NG,1972,marine_hw,historical,0.14137041091666666,0.20483992,0.043120194,12
NG,1973,marine_hw,historical,0.219639314,0.3541601,0.086971514,12
NG,1974,marine_hw,historical,0.174876123,0.29344797,0.061266292,12
NG,1975,marine_hw,historical,0.14730058008333333,0.24663068,0.052583147,12
NG,1976,marine_hw,historical,0.18566459450000003,0.27846736,0.11522238,12
NG,1977,marine_hw,historical,0.22741730583333333,0.36162227,0.13399488,12
NG,1978,marine_hw,historical,0.18905834033333332,0.28640613,0.108572714,12
NG,1979,marine_hw,historical,0.15612985625,0.252171,0.06605661,12
NG,1980,marine_hw,historical,0.20996552875,0.3417005,0.107289985,12
NG,1981,marine_hw,historical,0.23253724666666664,0.39505035,0.12573293,12
NG,1982,marine_hw,historical,0.12631193466666668,0.22240593,0.018734016,12
NG,1983,marine_hw,historical,0.1097312515,0.15597008,0.044058863,12
NG,1984,marine_hw,historical,0.21608799416666669,0.3117121,0.12178762,12
NG,1985,marine_hw,historical,0.2401600833333333,0.38420933,0.12609152,12
NG,1986,marine_hw,historical,0.14229229708333332,0.23046632,0.051191483,12
NG,1987,marine_hw,historical,0.16591100625,0.2538486,0.085531905,12
NG,1988,marine_hw,historical,0.22051769033333335,0.35696977,0.1191559,12
NG,1989,marine_hw,historical,0.20579242666666667,0.3014176,0.09532694,12
NG,1990,marine_hw,historical,0.18460503333333333,0.23422283,0.12380113,12
NG,1991,marine_hw,historical,0.14727816416666667,0.25242704,0.07220426,12
NG,1992,marine_hw,historical,0.14113128283333334,0.23910046,0.06849332,12
NG,1993,marine_hw,historical,0.23082686666666666,0.37720653,0.15461473,12
NG,1994,marine_hw,historical,0.22959157583333334,0.37602186,0.11497092,12
NG,1995,marine_hw,historical,0.149138658,0.24404526,0.054823603,12
NG,1996,marine_hw,historical,0.17023615216666665,0.2878831,0.09660241,12
NG,1997,marine_hw,historical,0.26429633,0.40300813,0.16370457,12
NG,1998,marine_hw,historical,0.22823894916666668,0.32938975,0.12568301,12
NG,1999,marine_hw,historical,0.1358383265,0.18136682,0.045773704,12
NG,2000,marine_hw,historical,0.18028872758333334,0.26961538,0.116599515,12
NG,2001,marine_hw,historical,0.26698350083333333,0.37290716,0.17030159,12
NG,2002,marine_hw,historical,0.28519247833333333,0.3773536,0.17828754,12
NG,2003,marine_hw,historical,0.16706600441666666,0.29313114,0.014175024,12
NG,2004,marine_hw,historical,0.153970582,0.23689538,0.038538504,12
NG,2005,marine_hw,historical,0.17516439583333332,0.23664755,0.10189128,12
NG,2006,marine_hw,historical,0.2841392683333333,0.42353088,0.15789644,12
NG,2007,marine_hw,historical,0.268056605,0.3850318,0.16337685,12
NG,2008,marine_hw,historical,0.26191917000000003,0.37168434,0.14461437,12
NG,2009,marine_hw,historical,0.2660608741666666,0.36012438,0.18313068,12
NG,2010,marine_hw,historical,0.3019445575,0.4088208,0.18981758,12
NG,2011,marine_hw,historical,0.24193158666666667,0.34972185,0.14304386,12
NG,2012,marine_hw,historical,0.18940950958333333,0.27838114,0.08715852,12
NG,2013,marine_hw,historical,0.23914447416666665,0.32493335,0.167708,12
NG,2014,marine_hw,historical,0.2993910616666667,0.40753266,0.21283858,12
NO,1850,marine_hw,historical,0.0,0.0,0.0,300
NO,1851,marine_hw,historical,0.0,0.0,0.0,300
NO,1852,marine_hw,historical,0.0,0.0,0.0,300
NO,1853,marine_hw,historical,0.0,0.0,0.0,300
NO,1854,marine_hw,historical,0.0,0.0,0.0,300
NO,1855,marine_hw,historical,0.0,0.0,0.0,300
NO,1856,marine_hw,historical,0.0,0.0,0.0,300
NO,1857,marine_hw,historical,0.0,0.0,0.0,300
NO,1858,marine_hw,historical,0.0,0.0,0.0,300
NO,1859,marine_hw,historical,0.0,0.0,0.0,300
NO,1860,marine_hw,historical,0.0,0.0,0.0,300
NO,1861,marine_hw,historical,0.0,0.0,0.0,300
NO,1862,marine_hw,historical,0.0,0.0,0.0,300
NO,1863,marine_hw,historical,0.0,0.0,0.0,300
NO,1864,marine_hw,historical,0.0,0.0,0.0,300
NO,1865,marine_hw,historical,0.0,0.0,0.0,300
NO,1866,marine_hw,historical,0.0,0.0,0.0,300
NO,1867,marine_hw,historical,0.0,0.0,0.0,300
NO,1868,marine_hw,historical,0.0,0.0,0.0,300
NO,1869,marine_hw,historical,0.0,0.0,0.0,300
NO,1870,marine_hw,historical,0.0,0.0,0.0,300
NO,1871,marine_hw,historical,0.0,0.0,0.0,300
NO,1872,marine_hw,historical,0.0,0.0,0.0,300
NO,1873,marine_hw,historical,0.0,0.0,0.0,300
NO,1874,marine_hw,historical,0.0,0.0,0.0,300
NO,1875,marine_hw,historical,0.0,0.0,0.0,300
NO,1876,marine_hw,historical,0.0,0.0,0.0,300
NO,1877,marine_hw,historical,0.0,0.0,0.0,300
NO,1878,marine_hw,historical,0.0,0.0,0.0,300
NO,1879,marine_hw,historical,0.0,0.0,0.0,300
NO,1880,marine_hw,historical,0.0,0.0,0.0,300
NO,1881,marine_hw,historical,0.0,0.0,0.0,300
NO,1882,marine_hw,historical,0.0,0.0,0.0,300
NO,1883,marine_hw,historical,0.0,0.0,0.0,300
NO,1884,marine_hw,historical,0.0,0.0,0.0,300
NO,1885,marine_hw,historical,0.0,0.0,0.0,300
NO,1886,marine_hw,historical,0.0,0.0,0.0,300
NO,1887,marine_hw,historical,0.0,0.0,0.0,300
NO,1888,marine_hw,historical,0.0,0.0,0.0,300
NO,1889,marine_hw,historical,0.0,0.0,0.0,300
NO,1890,marine_hw,historical,0.0,0.0,0.0,300
NO,1891,marine_hw,historical,0.0,0.0,0.0,300
NO,1892,marine_hw,historical,0.0,0.0,0.0,300
NO,1893,marine_hw,historical,0.0,0.0,0.0,300
NO,1894,marine_hw,historical,0.0,0.0,0.0,300
NO,1895,marine_hw,historical,0.0,0.0,0.0,300
NO,1896,marine_hw,historical,0.0,0.0,0.0,300
NO,1897,marine_hw,historical,0.0,0.0,0.0,300
NO,1898,marine_hw,historical,0.0,0.0,0.0,300
NO,1899,marine_hw,historical,0.0,0.0,0.0,300
NO,1900,marine_hw,historical,0.0,0.0,0.0,300
NO,1901,marine_hw,historical,0.0,0.0,0.0,300
NO,1902,marine_hw,historical,0.0,0.0,0.0,300
NO,1903,marine_hw,historical,0.0,0.0,0.0,300
NO,1904,marine_hw,historical,0.0,0.0,0.0,300
NO,1905,marine_hw,historical,0.0,0.0,0.0,300
NO,1906,marine_hw,historical,0.0,0.0,0.0,300
NO,1907,marine_hw,historical,0.0,0.0,0.0,300
NO,1908,marine_hw,historical,0.0,0.0,0.0,300
NO,1909,marine_hw,historical,0.0,0.0,0.0,300
NO,1910,marine_hw,historical,0.0,0.0,0.0,300
NO,1911,marine_hw,historical,0.0,0.0,0.0,300
NO,1912,marine_hw,historical,0.0,0.0,0.0,300
NO,1913,marine_hw,historical,0.0,0.0,0.0,300
NO,1914,marine_hw,historical,0.0,0.0,0.0,300
NO,1915,marine_hw,historical,0.0,0.0,0.0,300
NO,1916,marine_hw,historical,0.0,0.0,0.0,300
NO,1917,marine_hw,historical,0.0,0.0,0.0,300
NO,1918,marine_hw,historical,0.0,0.0,0.0,300
NO,1919,marine_hw,historical,0.0,0.0,0.0,300
NO,1920,marine_hw,historical,0.0,0.0,0.0,300
NO,1921,marine_hw,historical,0.0,0.0,0.0,300
NO,1922,marine_hw,historical,0.0,0.0,0.0,300
NO,1923,marine_hw,historical,0.0,0.0,0.0,300
NO,1924,marine_hw,historical,0.0,0.0,0.0,300
NO,1925,marine_hw,historical,0.0,0.0,0.0,300
NO,1926,marine_hw,historical,0.0,0.0,0.0,300
NO,1927,marine_hw,historical,0.0,0.0,0.0,300
NO,1928,marine_hw,historical,0.0,0.0,0.0,300
NO,1929,marine_hw,historical,0.0,0.0,0.0,300
NO,1930,marine_hw,historical,0.0,0.0,0.0,300
NO,1931,marine_hw,historical,0.0,0.0,0.0,300
NO,1932,marine_hw,historical,0.0,0.0,0.0,300
NO,1933,marine_hw,historical,0.0,0.0,0.0,300
NO,1934,marine_hw,historical,0.0,0.0,0.0,300
NO,1935,marine_hw,historical,0.0,0.0,0.0,300
NO,1936,marine_hw,historical,0.0,0.0,0.0,300
NO,1937,marine_hw,historical,0.0,0.0,0.0,300
NO,1938,marine_hw,historical,0.0,0.0,0.0,300
NO,1939,marine_hw,historical,0.0,0.0,0.0,300
NO,1940,marine_hw,historical,0.0,0.0,0.0,300
NO,1941,marine_hw,historical,0.0,0.0,0.0,300
NO,1942,marine_hw,historical,0.0,0.0,0.0,300
NO,1943,marine_hw,historical,0.0,0.0,0.0,300
NO,1944,marine_hw,historical,0.0,0.0,0.0,300
NO,1945,marine_hw,historical,0.0,0.0,0.0,300
NO,1946,marine_hw,historical,0.0,0.0,0.0,300
NO,1947,marine_hw,historical,0.0,0.0,0.0,300
NO,1948,marine_hw,historical,0.0,0.0,0.0,300
NO,1949,marine_hw,historical,0.0,0.0,0.0,300
NO,1950,marine_hw,historical,0.0,0.0,0.0,300
NO,1951,marine_hw,historical,0.0,0.0,0.0,300
NO,1952,marine_hw,historical,0.0,0.0,0.0,300
NO,1953,marine_hw,historical,0.0,0.0,0.0,300
NO,1954,marine_hw,historical,0.0,0.0,0.0,300
NO,1955,marine_hw,historical,0.0,0.0,0.0,300
NO,1956,marine_hw,historical,0.0,0.0,0.0,300
NO,1957,marine_hw,historical,0.0,0.0,0.0,300
NO,1958,marine_hw,historical,0.0,0.0,0.0,300
NO,1959,marine_hw,historical,0.0,0.0,0.0,300
NO,1960,marine_hw,historical,0.0,0.0,0.0,300
NO,1961,marine_hw,historical,0.0,0.0,0.0,300
NO,1962,marine_hw,historical,0.0,0.0,0.0,300
NO,1963,marine_hw,historical,0.0,0.0,0.0,300
NO,1964,marine_hw,historical,0.0,0.0,0.0,300
NO,1965,marine_hw,historical,0.0,0.0,0.0,300
NO,1966,marine_hw,historical,0.0,0.0,0.0,300
NO,1967,marine_hw,historical,0.0,0.0,0.0,300
NO,1968,marine_hw,historical,0.0,0.0,0.0,300
NO,1969,marine_hw,historical,0.0,0.0,0.0,300
NO,1970,marine_hw,historical,0.0,0.0,0.0,300
NO,1971,marine_hw,historical,0.0,0.0,0.0,300
NO,1972,marine_hw,historical,0.0,0.0,0.0,300
NO,1973,marine_hw,historical,0.0,0.0,0.0,300
NO,1974,marine_hw,historical,0.0,0.0,0.0,300
NO,1975,marine_hw,historical,0.0,0.0,0.0,300
NO,1976,marine_hw,historical,0.0,0.0,0.0,300
NO,1977,marine_hw,historical,0.0,0.0,0.0,300
NO,1978,marine_hw,historical,0.0,0.0,0.0,300
NO,1979,marine_hw,historical,0.0,0.0,0.0,300
NO,1980,marine_hw,historical,0.0,0.0,0.0,300
NO,1981,marine_hw,historical,0.0,0.0,0.0,300
NO,1982,marine_hw,historical,0.0,0.0,0.0,300
NO,1983,marine_hw,historical,0.0,0.0,0.0,300
NO,1984,marine_hw,historical,0.0,0.0,0.0,300
NO,1985,marine_hw,historical,0.0,0.0,0.0,300
NO,1986,marine_hw,historical,0.0,0.0,0.0,300
NO,1987,marine_hw,historical,0.0,0.0,0.0,300
NO,1988,marine_hw,historical,0.0,0.0,0.0,300
NO,1989,marine_hw,historical,0.0,0.0,0.0,300
NO,1990,marine_hw,historical,0.0,0.0,0.0,300
NO,1991,marine_hw,historical,0.0,0.0,0.0,300
NO,1992,marine_hw,historical,0.0,0.0,0.0,300
NO,1993,marine_hw,historical,0.0,0.0,0.0,300
NO,1994,marine_hw,historical,0.0,0.0,0.0,300
NO,1995,marine_hw,historical,0.0,0.0,0.0,300
NO,1996,marine_hw,historical,0.0,0.0,0.0,300
NO,1997,marine_hw,historical,0.0,0.0,0.0,300
NO,1998,marine_hw,historical,0.0,0.0,0.0,300
NO,1999,marine_hw,historical,0.0,0.0,0.0,300
NO,2000,marine_hw,historical,0.0,0.0,0.0,300
NO,2001,marine_hw,historical,0.0,0.0,0.0,300
NO,2002,marine_hw,historical,0.0,0.0,0.0,300
NO,2003,marine_hw,historical,0.0,0.0,0.0,300
NO,2004,marine_hw,historical,0.0,0.0,0.0,300
NO,2005,marine_hw,historical,0.0,0.0,0.0,300
NO,2006,marine_hw,historical,0.0,0.0,0.0,300
NO,2007,marine_hw,historical,0.0,0.0,0.0,300
NO,2008,marine_hw,historical,0.0,0.0,0.0,300
NO,2009,marine_hw,historical,0.0,0.0,0.0,300
NO,2010,marine_hw,historical,0.0,0.0,0.0,300
NO,2011,marine_hw,historical,0.0,0.0,0.0,300
NO,2012,marine_hw,historical,0.0,0.0,0.0,300
NO,2013,marine_hw,historical,0.0,0.0,0.0,300
NO,2014,marine_hw,historical,0.0,0.0,0.0,300
NR,1850,marine_hw,historical,0.12969129352777778,0.19313377,0.036823492,36
NR,1851,marine_hw,historical,0.16780449722222224,0.22924986,0.106089875,36
NR,1852,marine_hw,historical,0.1936120372222222,0.24675143,0.12381202,36
NR,1853,marine_hw,historical,0.11760679806944443,0.19067091,0.0007805415,36
NR,1854,marine_hw,historical,0.05810907902777778,0.20366067,0.0,36
NR,1855,marine_hw,historical,0.10094463308333333,0.19070902,0.0,36
NR,1856,marine_hw,historical,0.1364274535,0.21343137,0.07072908,36
NR,1857,marine_hw,historical,0.10259566876666666,0.21724506,0.0,36
NR,1858,marine_hw,historical,0.1881059528888889,0.2684107,0.08379601,36
NR,1859,marine_hw,historical,0.072001208,0.24332717,0.0,36
NR,1860,marine_hw,historical,0.008193632130555555,0.07967549,0.0,36
NR,1861,marine_hw,historical,0.14554877352777776,0.2151544,0.013896157,36
NR,1862,marine_hw,historical,0.14470145905555556,0.22011916,0.035883006,36
NR,1863,marine_hw,historical,0.05447064188611111,0.18743911,0.0,36
NR,1864,marine_hw,historical,0.009154709861111112,0.061004672,0.0,36
NR,1865,marine_hw,historical,0.08225866196111112,0.18330044,0.0,36
NR,1866,marine_hw,historical,0.15977423805555555,0.22615787,0.08799188,36
NR,1867,marine_hw,historical,0.11864638408333333,0.20117147,0.023068612,36
NR,1868,marine_hw,historical,0.06602560226277777,0.21006525,0.0,36
NR,1869,marine_hw,historical,0.016856518422222223,0.09234752,0.0,36
NR,1870,marine_hw,historical,0.1257350048611111,0.19562387,0.039117515,36
NR,1871,marine_hw,historical,0.12962174625,0.19915706,0.049621716,36
NR,1872,marine_hw,historical,0.0974947701888889,0.21503274,0.0,36
NR,1873,marine_hw,historical,0.03796697084008333,0.24143532,0.0,36
NR,1874,marine_hw,historical,0.017536289095555557,0.10036798,0.0,36
NR,1875,marine_hw,historical,0.1373631983611111,0.18118162,0.07415785,36
NR,1876,marine_hw,historical,0.08421752123333333,0.22730353,0.0,36
NR,1877,marine_hw,historical,0.03564094605555555,0.19833097,0.0,36
NR,1878,marine_hw,historical,0.013946042961111111,0.101681575,0.0,36
NR,1879,marine_hw,historical,0.1391047576111111,0.20365795,0.00567616,36
NR,1880,marine_hw,historical,0.16386752813888888,0.25538737,0.046332743,36
NR,1881,marine_hw,historical,0.08768744656944444,0.17707835,0.0,36
NR,1882,marine_hw,historical,0.030265319794444443,0.18659669,0.0,36
NR,1883,marine_hw,historical,0.047352584,0.13599022,0.0,36
NR,1884,marine_hw,historical,0.1350636523888889,0.23074411,0.044045076,36
NR,1885,marine_hw,historical,0.1071032568611111,0.19386366,0.0,36
NR,1886,marine_hw,historical,0.10671756044444444,0.23397045,0.0,36
NR,1887,marine_hw,historical,0.03007584426388889,0.16429012,0.0,36
NR,1888,marine_hw,historical,0.022333401473055556,0.09999941,0.0,36
NR,1889,marine_hw,historical,0.13944440205555556,0.22411986,0.0,36
NR,1890,marine_hw,historical,0.14270519644444446,0.21876201,0.06433995,36
NR,1891,marine_hw,historical,0.13793340477777777,0.20564424,0.03237633,36
NR,1892,marine_hw,historical,0.08168275105555556,0.2077358,0.0,36
NR,1893,marine_hw,historical,0.0495550937,0.17510842,0.0,36
NR,1894,marine_hw,historical,0.15542157691666666,0.2712022,0.012059839,36
NR,1895,marine_hw,historical,0.13261440838333333,0.28623,0.0048255473,36
NR,1896,marine_hw,historical,0.07174460425277779,0.2359068,0.0,36
NR,1897,marine_hw,historical,0.09002958680555556,0.22225069,0.0,36
NR,1898,marine_hw,historical,0.1681590201388889,0.23457594,0.09255905,36
NR,1899,marine_hw,historical,0.13906530441666665,0.24336441,0.059137326,36
NR,1900,marine_hw,historical,0.10465609072761112,0.23089027,0.0,36
NR,1901,marine_hw,historical,0.17559570447222222,0.2831671,0.09618391,36
NR,1902,marine_hw,historical,0.17258262627777776,0.29017442,0.097057216,36
NR,1903,marine_hw,historical,0.076122534405,0.23858845,0.0,36
NR,1904,marine_hw,historical,0.04989231973983333,0.17099787,0.0,36
NR,1905,marine_hw,historical,0.12602547605555556,0.20175973,0.0,36
NR,1906,marine_hw,historical,0.16435834569444446,0.22919631,0.100473285,36
NR,1907,marine_hw,historical,0.07800979178611112,0.24699017,0.0,36
NR,1908,marine_hw,historical,0.1689217872777778,0.2545095,0.00889251,36
NR,1909,marine_hw,historical,0.14192632652777779,0.22066385,0.06995744,36
NR,1910,marine_hw,historical,0.12360762026666666,0.23432268,0.0,36
NR,1911,marine_hw,historical,0.18986664,0.24487771,0.10076469,36
NR,1912,marine_hw,historical,0.16335081055555556,0.23276125,0.07362951,36
NR,1913,marine_hw,historical,0.18908201805555558,0.32056046,0.07817307,36
NR,1914,marine_hw,historical,0.11399188900000001,0.18674465,0.0,36
NR,1915,marine_hw,historical,0.07542264125833334,0.22704571,0.0,36
NR,1916,marine_hw,historical,0.08297617906111111,0.18859385,0.0,36
NR,1917,marine_hw,historical,0.17117966472222224,0.23989932,0.11116994,36
NR,1918,marine_hw,historical,0.18900276416666667,0.25393218,0.10665634,36
NR,1919,marine_hw,historical,0.15864755230555555,0.26160312,0.037947357,36
NR,1920,marine_hw,historical,0.12733248977222222,0.25561705,0.0,36
NR,1921,marine_hw,historical,0.04803187136111112,0.20508683,0.0,36
NR,1922,marine_hw,historical,0.14522344680555554,0.26031038,0.03028367,36
NR,1923,marine_hw,historical,0.11791227577777777,0.20589297,0.009196455,36
NR,1924,marine_hw,historical,0.04165278703888889,0.21783786,0.0,36
NR,1925,marine_hw,historical,0.09202518655833333,0.18266952,0.0,36
NR,1926,marine_hw,historical,0.19661823083333332,0.25042802,0.12285882,36
NR,1927,marine_hw,historical,0.10762370148888889,0.22016364,0.0,36
NR,1928,marine_hw,historical,0.07371300223194445,0.19344789,0.0,36
NR,1929,marine_hw,historical,0.10151479986194445,0.16873655,0.0,36
NR,1930,marine_hw,historical,0.1724119077777778,0.2208454,0.12494677,36
NR,1931,marine_hw,historical,0.14345014486666666,0.21818009,0.0049353912,36
NR,1932,marine_hw,historical,0.07389151327777778,0.2665007,0.0,36
NR,1933,marine_hw,historical,0.03655705871111111,0.17467903,0.0,36
NR,1934,marine_hw,historical,0.1809902052222222,0.26338875,0.05448664,36
NR,1935,marine_hw,historical,0.15407817580555555,0.25001496,0.008289728,36
NR,1936,marine_hw,historical,0.10877304853611111,0.22791812,0.0,36
NR,1937,marine_hw,historical,0.14632683208333333,0.26154047,0.022063501,36
NR,1938,marine_hw,historical,0.16389226499999998,0.22944686,0.12331636,36
NR,1939,marine_hw,historical,0.09836248219444445,0.25780392,0.0,36
NR,1940,marine_hw,historical,0.06769110403611112,0.26636454,0.0,36
NR,1941,marine_hw,historical,0.06185046087777778,0.18937004,0.0,36
NR,1942,marine_hw,historical,0.1271249813888889,0.20353903,0.026531717,36
NR,1943,marine_hw,historical,0.19372906916666666,0.2638018,0.14581539,36
NR,1944,marine_hw,historical,0.17166292408333333,0.262195,0.049188867,36
NR,1945,marine_hw,historical,0.16618701819444445,0.29901642,0.025009327,36
NR,1946,marine_hw,historical,0.16839961469444445,0.28105554,0.055398077,36
NR,1947,marine_hw,historical,0.10335372544444445,0.24381015,0.0,36
NR,1948,marine_hw,historical,0.06603593578333333,0.2779454,0.0,36
NR,1949,marine_hw,historical,0.02014444210638889,0.09830272,0.0,36
NR,1950,marine_hw,historical,0.15216866840555554,0.22278991,0.0050933496,36
NR,1951,marine_hw,historical,0.17605215469444443,0.26023957,0.052465864,36
NR,1952,marine_hw,historical,0.08165434144444444,0.255696,0.0,36
NR,1953,marine_hw,historical,0.10271902317777777,0.25794193,0.0,36
NR,1954,marine_hw,historical,0.16724259252777776,0.22096251,0.026210353,36
NR,1955,marine_hw,historical,0.15793096594444445,0.25433522,0.0439434,36
NR,1956,marine_hw,historical,0.18941293750000002,0.2426872,0.09239745,36
NR,1957,marine_hw,historical,0.12269543088888889,0.28009963,0.0,36
NR,1958,marine_hw,historical,0.1659492970833333,0.28015137,0.038629115,36
NR,1959,marine_hw,historical,0.1669258191111111,0.2607752,0.0349053,36
NR,1960,marine_hw,historical,0.1711954978611111,0.2364206,0.100286275,36
NR,1961,marine_hw,historical,0.08731276697583333,0.22339544,0.0,36
NR,1962,marine_hw,historical,0.02055076838888889,0.15977742,0.0,36
NR,1963,marine_hw,historical,0.024780677912055557,0.14025328,0.0,36
NR,1964,marine_hw,historical,0.11885041986111111,0.20496428,0.06483289,36
NR,1965,marine_hw,historical,0.057340118351388886,0.2134804,0.0,36
NR,1966,marine_hw,historical,0.021932463844444444,0.15726826,0.0,36
NR,1967,marine_hw,historical,0.13325628926666666,0.20892411,0.0021994396,36
NR,1968,marine_hw,historical,0.17788013544444445,0.24574104,0.032046966,36
NR,1969,marine_hw,historical,0.12859446894444443,0.28215033,0.00813631,36
NR,1970,marine_hw,historical,0.08295280797222222,0.26228848,0.0,36
NR,1971,marine_hw,historical,0.04332106579722222,0.15804805,0.0,36
NR,1972,marine_hw,historical,0.14399203516666667,0.21056998,0.0886101,36
NR,1973,marine_hw,historical,0.10434432957527778,0.22528458,0.0,36
NR,1974,marine_hw,historical,0.15298449441666667,0.26720428,0.049896784,36
NR,1975,marine_hw,historical,0.1031241359625,0.22656548,0.0,36
NR,1976,marine_hw,historical,0.17373097280555555,0.23687541,0.095503055,36
NR,1977,marine_hw,historical,0.15552077044444446,0.24902003,0.054466665,36
NR,1978,marine_hw,historical,0.1698149076388889,0.30178976,0.04278232,36
NR,1979,marine_hw,historical,0.1618628173611111,0.22953129,0.0761287,36
NR,1980,marine_hw,historical,0.14749306061111112,0.2629957,0.038335897,36
NR,1981,marine_hw,historical,0.07260257540555555,0.1983028,0.0,36
NR,1982,marine_hw,historical,0.028434131120833334,0.20000313,0.0,36
NR,1983,marine_hw,historical,0.09913321136027778,0.19167493,0.00096845697,36
NR,1984,marine_hw,historical,0.1384548823888889,0.212864,0.021150252,36
NR,1985,marine_hw,historical,0.07328588872222222,0.2192041,0.0,36
NR,1986,marine_hw,historical,0.07822356857777778,0.2082823,0.0,36
NR,1987,marine_hw,historical,0.2004954413888889,0.24088156,0.06171912,36
NR,1988,marine_hw,historical,0.16820285247222222,0.2725503,0.023675026,36
NR,1989,marine_hw,historical,0.14388617019444444,0.27676433,0.0,36
NR,1990,marine_hw,historical,0.14512936227777778,0.24105676,0.060086887,36
NR,1991,marine_hw,historical,0.14501059008333333,0.26586524,0.0,36
NR,1992,marine_hw,historical,0.17049044066666666,0.22858989,0.087866604,36
NR,1993,marine_hw,historical,0.16450271411111111,0.24837095,0.073654026,36
NR,1994,marine_hw,historical,0.11389162953333333,0.30280653,0.0,36
NR,1995,marine_hw,historical,0.047971055122222224,0.18699521,0.0,36
NR,1996,marine_hw,historical,0.18516703597222223,0.25161904,0.062692285,36
NR,1997,marine_hw,historical,0.19397783194444443,0.30050614,0.12821579,36
NR,1998,marine_hw,historical,0.12133259080555556,0.29779908,0.0,36
NR,1999,marine_hw,historical,0.10679196475,0.2248334,0.009463349,36
NR,2000,marine_hw,historical,0.22950357,0.31652892,0.13950251,36
NR,2001,marine_hw,historical,0.1873705061111111,0.26895,0.10238421,36
NR,2002,marine_hw,historical,0.175109529663,0.28783774,0.0,36
NR,2003,marine_hw,historical,0.04180305826833333,0.26149598,0.0,36
NR,2004,marine_hw,historical,0.07473854363888889,0.19181657,0.0,36
NR,2005,marine_hw,historical,0.19080805905555553,0.2637782,0.03228175,36
NR,2006,marine_hw,historical,0.18813170041666666,0.2938574,0.036509395,36
NR,2007,marine_hw,historical,0.20193980805555556,0.33087403,0.12801425,36
NR,2008,marine_hw,historical,0.22694918305555556,0.30994913,0.08975938,36
NR,2009,marine_hw,historical,0.19078639666666666,0.26516896,0.09749478,36
NR,2010,marine_hw,historical,0.18414459541666667,0.30812806,0.056167893,36
NR,2011,marine_hw,historical,0.1653497552361111,0.3294315,0.0,36
NR,2012,marine_hw,historical,0.11277406225,0.22359969,0.0,36
NR,2013,marine_hw,historical,0.23810178777777777,0.2901109,0.1841338,36
NR,2014,marine_hw,historical,0.22293910972222225,0.29460543,0.14160499,36
NZ,1850,marine_hw,historical,0.0,0.0,0.0,3372
NZ,1851,marine_hw,historical,0.0,0.0,0.0,3372
NZ,1852,marine_hw,historical,0.0,0.0,0.0,3372
NZ,1853,marine_hw,historical,0.0,0.0,0.0,3372
NZ,1854,marine_hw,historical,0.0,0.0,0.0,3372
NZ,1855,marine_hw,historical,0.0,0.0,0.0,3372
NZ,1856,marine_hw,historical,0.0,0.0,0.0,3372
NZ,1857,marine_hw,historical,0.0,0.0,0.0,3372
NZ,1858,marine_hw,historical,0.0,0.0,0.0,3372
NZ,1859,marine_hw,historical,0.0,0.0,0.0,3372
NZ,1860,marine_hw,historical,0.0,0.0,0.0,3372
NZ,1861,marine_hw,historical,0.0,0.0,0.0,3372
NZ,1862,marine_hw,historical,0.0,0.0,0.0,3372
NZ,1863,marine_hw,historical,0.0,0.0,0.0,3372
NZ,1864,marine_hw,historical,0.0,0.0,0.0,3372
NZ,1865,marine_hw,historical,0.0,0.0,0.0,3372
NZ,1866,marine_hw,historical,0.0,0.0,0.0,3372
NZ,1867,marine_hw,historical,0.0,0.0,0.0,3372
NZ,1868,marine_hw,historical,0.0,0.0,0.0,3372
NZ,1869,marine_hw,historical,0.0,0.0,0.0,3372
NZ,1870,marine_hw,historical,0.0,0.0,0.0,3372
NZ,1871,marine_hw,historical,0.0,0.0,0.0,3372
NZ,1872,marine_hw,historical,0.0,0.0,0.0,3372
NZ,1873,marine_hw,historical,0.0,0.0,0.0,3372
NZ,1874,marine_hw,historical,0.0,0.0,0.0,3372
NZ,1875,marine_hw,historical,0.0,0.0,0.0,3372
NZ,1876,marine_hw,historical,0.0,0.0,0.0,3372
NZ,1877,marine_hw,historical,0.0,0.0,0.0,3372
NZ,1878,marine_hw,historical,0.0,0.0,0.0,3372
NZ,1879,marine_hw,historical,0.0,0.0,0.0,3372
NZ,1880,marine_hw,historical,0.0,0.0,0.0,3372
NZ,1881,marine_hw,historical,0.0,0.0,0.0,3372
NZ,1882,marine_hw,historical,0.0,0.0,0.0,3372
NZ,1883,marine_hw,historical,0.0,0.0,0.0,3372
NZ,1884,marine_hw,historical,0.0,0.0,0.0,3372
NZ,1885,marine_hw,historical,0.0,0.0,0.0,3372
NZ,1886,marine_hw,historical,0.0,0.0,0.0,3372
NZ,1887,marine_hw,historical,0.0,0.0,0.0,3372
NZ,1888,marine_hw,historical,0.0,0.0,0.0,3372
NZ,1889,marine_hw,historical,0.0,0.0,0.0,3372
NZ,1890,marine_hw,historical,0.0,0.0,0.0,3372
NZ,1891,marine_hw,historical,0.0,0.0,0.0,3372
NZ,1892,marine_hw,historical,0.0,0.0,0.0,3372
NZ,1893,marine_hw,historical,0.0,0.0,0.0,3372
NZ,1894,marine_hw,historical,0.0,0.0,0.0,3372
NZ,1895,marine_hw,historical,0.0,0.0,0.0,3372
NZ,1896,marine_hw,historical,0.0,0.0,0.0,3372
NZ,1897,marine_hw,historical,0.0,0.0,0.0,3372
NZ,1898,marine_hw,historical,0.0,0.0,0.0,3372
NZ,1899,marine_hw,historical,0.0,0.0,0.0,3372
NZ,1900,marine_hw,historical,0.0,0.0,0.0,3372
NZ,1901,marine_hw,historical,0.0,0.0,0.0,3372
NZ,1902,marine_hw,historical,0.0,0.0,0.0,3372
NZ,1903,marine_hw,historical,0.0,0.0,0.0,3372
NZ,1904,marine_hw,historical,0.0,0.0,0.0,3372
NZ,1905,marine_hw,historical,0.0,0.0,0.0,3372
NZ,1906,marine_hw,historical,0.0,0.0,0.0,3372
NZ,1907,marine_hw,historical,0.0,0.0,0.0,3372
NZ,1908,marine_hw,historical,0.0,0.0,0.0,3372
NZ,1909,marine_hw,historical,0.0,0.0,0.0,3372
NZ,1910,marine_hw,historical,0.0,0.0,0.0,3372
NZ,1911,marine_hw,historical,0.0,0.0,0.0,3372
NZ,1912,marine_hw,historical,0.0,0.0,0.0,3372
NZ,1913,marine_hw,historical,0.0,0.0,0.0,3372
NZ,1914,marine_hw,historical,0.0,0.0,0.0,3372
NZ,1915,marine_hw,historical,0.0,0.0,0.0,3372
NZ,1916,marine_hw,historical,0.0,0.0,0.0,3372
NZ,1917,marine_hw,historical,0.0,0.0,0.0,3372
NZ,1918,marine_hw,historical,0.0,0.0,0.0,3372
NZ,1919,marine_hw,historical,0.0,0.0,0.0,3372
NZ,1920,marine_hw,historical,0.0,0.0,0.0,3372
NZ,1921,marine_hw,historical,0.0,0.0,0.0,3372
NZ,1922,marine_hw,historical,0.0,0.0,0.0,3372
NZ,1923,marine_hw,historical,0.0,0.0,0.0,3372
NZ,1924,marine_hw,historical,0.0,0.0,0.0,3372
NZ,1925,marine_hw,historical,0.0,0.0,0.0,3372
NZ,1926,marine_hw,historical,0.0,0.0,0.0,3372
NZ,1927,marine_hw,historical,0.0,0.0,0.0,3372
NZ,1928,marine_hw,historical,0.0,0.0,0.0,3372
NZ,1929,marine_hw,historical,0.0,0.0,0.0,3372
NZ,1930,marine_hw,historical,0.0,0.0,0.0,3372
NZ,1931,marine_hw,historical,0.0,0.0,0.0,3372
NZ,1932,marine_hw,historical,0.0,0.0,0.0,3372
NZ,1933,marine_hw,historical,0.0,0.0,0.0,3372
NZ,1934,marine_hw,historical,0.0,0.0,0.0,3372
NZ,1935,marine_hw,historical,0.0,0.0,0.0,3372
NZ,1936,marine_hw,historical,0.0,0.0,0.0,3372
NZ,1937,marine_hw,historical,0.0,0.0,0.0,3372
NZ,1938,marine_hw,historical,0.0,0.0,0.0,3372
NZ,1939,marine_hw,historical,0.0,0.0,0.0,3372
NZ,1940,marine_hw,historical,0.0,0.0,0.0,3372
NZ,1941,marine_hw,historical,0.0,0.0,0.0,3372
NZ,1942,marine_hw,historical,0.0,0.0,0.0,3372
NZ,1943,marine_hw,historical,0.0,0.0,0.0,3372
NZ,1944,marine_hw,historical,0.0,0.0,0.0,3372
NZ,1945,marine_hw,historical,0.0,0.0,0.0,3372
NZ,1946,marine_hw,historical,0.0,0.0,0.0,3372
NZ,1947,marine_hw,historical,0.0,0.0,0.0,3372
NZ,1948,marine_hw,historical,0.0,0.0,0.0,3372
NZ,1949,marine_hw,historical,0.0,0.0,0.0,3372
NZ,1950,marine_hw,historical,0.0,0.0,0.0,3372
NZ,1951,marine_hw,historical,0.0,0.0,0.0,3372
NZ,1952,marine_hw,historical,0.0,0.0,0.0,3372
NZ,1953,marine_hw,historical,0.0,0.0,0.0,3372
NZ,1954,marine_hw,historical,0.0,0.0,0.0,3372
NZ,1955,marine_hw,historical,0.0,0.0,0.0,3372
NZ,1956,marine_hw,historical,0.0,0.0,0.0,3372
NZ,1957,marine_hw,historical,0.0,0.0,0.0,3372
NZ,1958,marine_hw,historical,0.0,0.0,0.0,3372
NZ,1959,marine_hw,historical,0.0,0.0,0.0,3372
NZ,1960,marine_hw,historical,0.0,0.0,0.0,3372
NZ,1961,marine_hw,historical,0.0,0.0,0.0,3372
NZ,1962,marine_hw,historical,0.0,0.0,0.0,3372
NZ,1963,marine_hw,historical,0.0,0.0,0.0,3372
NZ,1964,marine_hw,historical,0.0,0.0,0.0,3372
NZ,1965,marine_hw,historical,0.0,0.0,0.0,3372
NZ,1966,marine_hw,historical,0.0,0.0,0.0,3372
NZ,1967,marine_hw,historical,0.0,0.0,0.0,3372
NZ,1968,marine_hw,historical,0.0,0.0,0.0,3372
NZ,1969,marine_hw,historical,0.0,0.0,0.0,3372
NZ,1970,marine_hw,historical,0.0,0.0,0.0,3372
NZ,1971,marine_hw,historical,0.0,0.0,0.0,3372
NZ,1972,marine_hw,historical,0.0,0.0,0.0,3372
NZ,1973,marine_hw,historical,0.0,0.0,0.0,3372
NZ,1974,marine_hw,historical,0.0,0.0,0.0,3372
NZ,1975,marine_hw,historical,0.0,0.0,0.0,3372
NZ,1976,marine_hw,historical,0.0,0.0,0.0,3372
NZ,1977,marine_hw,historical,0.0,0.0,0.0,3372
NZ,1978,marine_hw,historical,0.0,0.0,0.0,3372
NZ,1979,marine_hw,historical,0.0,0.0,0.0,3372
NZ,1980,marine_hw,historical,0.0,0.0,0.0,3372
NZ,1981,marine_hw,historical,0.0,0.0,0.0,3372
NZ,1982,marine_hw,historical,0.0,0.0,0.0,3372
NZ,1983,marine_hw,historical,0.0,0.0,0.0,3372
NZ,1984,marine_hw,historical,0.0,0.0,0.0,3372
NZ,1985,marine_hw,historical,0.0,0.0,0.0,3372
NZ,1986,marine_hw,historical,0.0,0.0,0.0,3372
NZ,1987,marine_hw,historical,0.0,0.0,0.0,3372
NZ,1988,marine_hw,historical,0.0,0.0,0.0,3372
NZ,1989,marine_hw,historical,0.0,0.0,0.0,3372
NZ,1990,marine_hw,historical,0.0,0.0,0.0,3372
NZ,1991,marine_hw,historical,0.0,0.0,0.0,3372
NZ,1992,marine_hw,historical,0.0,0.0,0.0,3372
NZ,1993,marine_hw,historical,0.0,0.0,0.0,3372
NZ,1994,marine_hw,historical,0.0,0.0,0.0,3372
NZ,1995,marine_hw,historical,0.0,0.0,0.0,3372
NZ,1996,marine_hw,historical,0.0,0.0,0.0,3372
NZ,1997,marine_hw,historical,0.0,0.0,0.0,3372
NZ,1998,marine_hw,historical,0.0,0.0,0.0,3372
NZ,1999,marine_hw,historical,0.0,0.0,0.0,3372
NZ,2000,marine_hw,historical,0.0,0.0,0.0,3372
NZ,2001,marine_hw,historical,0.0,0.0,0.0,3372
NZ,2002,marine_hw,historical,0.0,0.0,0.0,3372
NZ,2003,marine_hw,historical,0.0,0.0,0.0,3372
NZ,2004,marine_hw,historical,0.0,0.0,0.0,3372
NZ,2005,marine_hw,historical,0.0,0.0,0.0,3372
NZ,2006,marine_hw,historical,0.0,0.0,0.0,3372
NZ,2007,marine_hw,historical,0.0,0.0,0.0,3372
NZ,2008,marine_hw,historical,0.0,0.0,0.0,3372
NZ,2009,marine_hw,historical,0.0,0.0,0.0,3372
NZ,2010,marine_hw,historical,0.0,0.0,0.0,3372
NZ,2011,marine_hw,historical,0.0,0.0,0.0,3372
NZ,2012,marine_hw,historical,0.0,0.0,0.0,3372
NZ,2013,marine_hw,historical,0.0,0.0,0.0,3372
NZ,2014,marine_hw,historical,0.0,0.0,0.0,3372
OM,1850,marine_hw,historical,0.037706794829999994,0.43522596,0.0,60
OM,1851,marine_hw,historical,0.041354950173333335,0.473171,0.0,60
OM,1852,marine_hw,historical,0.053004971380833335,0.58305043,0.0,60
OM,1853,marine_hw,historical,0.048939360175,0.4627881,0.0,60
OM,1854,marine_hw,historical,0.05856390384666667,0.51684725,0.0,60
OM,1855,marine_hw,historical,0.03145100386666667,0.4026467,0.0,60
OM,1856,marine_hw,historical,0.04809415341666667,0.5312196,0.0,60
OM,1857,marine_hw,historical,0.0560250734245,0.5276223,0.0,60
OM,1858,marine_hw,historical,0.052573204965,0.5010866,0.0,60
OM,1859,marine_hw,historical,0.04995907000166667,0.51864475,0.0,60
OM,1860,marine_hw,historical,0.031256617949999996,0.4308976,0.0,60
OM,1861,marine_hw,historical,0.03675732964833334,0.5272326,0.0,60
OM,1862,marine_hw,historical,0.06471683451833334,0.5645179,0.0,60
OM,1863,marine_hw,historical,0.05124756250116667,0.52045304,0.0,60
OM,1864,marine_hw,historical,0.03782115307966667,0.45445323,0.0,60
OM,1865,marine_hw,historical,0.03141130425066667,0.43307748,0.0,60
OM,1866,marine_hw,historical,0.048264016768333334,0.5496238,0.0,60
OM,1867,marine_hw,historical,0.050402098906666665,0.5538385,0.0,60
OM,1868,marine_hw,historical,0.05256584669566667,0.5356352,0.0,60
OM,1869,marine_hw,historical,0.03684335079776667,0.42769966,0.0,60
OM,1870,marine_hw,historical,0.03668698548416667,0.47499862,0.0,60
OM,1871,marine_hw,historical,0.055438598261666666,0.4952427,0.0,60
OM,1872,marine_hw,historical,0.06284424067333333,0.58508754,0.0,60
OM,1873,marine_hw,historical,0.038688183315,0.46541956,0.0,60
OM,1874,marine_hw,historical,0.033057087788333335,0.41765574,0.0,60
OM,1875,marine_hw,historical,0.05322966708166667,0.47117504,0.0,60
OM,1876,marine_hw,historical,0.06227108889333333,0.62159944,0.0,60
OM,1877,marine_hw,historical,0.043397749826666665,0.49472466,0.0,60
OM,1878,marine_hw,historical,0.029763068806666668,0.37153208,0.0,60
OM,1879,marine_hw,historical,0.03222025988833333,0.42979002,0.0,60
OM,1880,marine_hw,historical,0.06643152547373334,0.59935457,0.0,60
OM,1881,marine_hw,historical,0.063494804365,0.5939525,0.0,60
OM,1882,marine_hw,historical,0.041718392581666666,0.5042638,0.0,60
OM,1883,marine_hw,historical,0.03434957747833333,0.44279346,0.0,60
OM,1884,marine_hw,historical,0.037047021069,0.4543419,0.0,60
OM,1885,marine_hw,historical,0.04313212490833333,0.47476748,0.0,60
OM,1886,marine_hw,historical,0.08301427122166667,0.60873765,0.0,60
OM,1887,marine_hw,historical,0.039424053071666666,0.5152713,0.0,60
OM,1888,marine_hw,historical,0.032504475314999996,0.391356,0.0,60
OM,1889,marine_hw,historical,0.038750324625000006,0.4273813,0.0,60
OM,1890,marine_hw,historical,0.06256857841066667,0.61259156,0.0,60
OM,1891,marine_hw,historical,0.06140641173666666,0.55240536,0.0,60
OM,1892,marine_hw,historical,0.04709121519,0.452139,0.0,60
OM,1893,marine_hw,historical,0.054664293865000005,0.5090111,0.0,60
OM,1894,marine_hw,historical,0.04671520605833333,0.52704495,0.0,60
OM,1895,marine_hw,historical,0.06931833368416668,0.5797932,0.0,60
OM,1896,marine_hw,historical,0.066467701555,0.5065806,0.0,60
OM,1897,marine_hw,historical,0.050032255445,0.54421085,0.0,60
OM,1898,marine_hw,historical,0.04885190593666667,0.4891907,0.0,60
OM,1899,marine_hw,historical,0.052955671395,0.5186495,0.0,60
OM,1900,marine_hw,historical,0.060175266335,0.55887014,0.0,60
OM,1901,marine_hw,historical,0.04961156238333333,0.5201662,0.0,60
OM,1902,marine_hw,historical,0.060611394449999995,0.4315536,0.0,60
OM,1903,marine_hw,historical,0.042443141935,0.46178105,0.0,60
OM,1904,marine_hw,historical,0.033710891599999994,0.44827774,0.0,60
OM,1905,marine_hw,historical,0.042286399505,0.48643097,0.0,60
OM,1906,marine_hw,historical,0.052914606728333334,0.5230808,0.0,60
OM,1907,marine_hw,historical,0.04134274203,0.40842637,0.0,60
OM,1908,marine_hw,historical,0.042781709465000005,0.53622586,0.0,60
OM,1909,marine_hw,historical,0.06899945119166667,0.5440705,0.0,60
OM,1910,marine_hw,historical,0.043957553628916665,0.46543768,0.0,60
OM,1911,marine_hw,historical,0.055183485845,0.5307367,0.0,60
OM,1912,marine_hw,historical,0.04215298465583333,0.48136902,0.0,60
OM,1913,marine_hw,historical,0.04589492572166667,0.48908055,0.0,60
OM,1914,marine_hw,historical,0.05819769915333333,0.5660624,0.0,60
OM,1915,marine_hw,historical,0.04595832581,0.5049719,0.0,60
OM,1916,marine_hw,historical,0.04289763542666667,0.50611216,0.0,60
OM,1917,marine_hw,historical,0.055082239405000004,0.49805692,0.0,60
OM,1918,marine_hw,historical,0.04299941872166667,0.5371736,0.0,60
OM,1919,marine_hw,historical,0.06317920641333333,0.6027691,0.0,60
OM,1920,marine_hw,historical,0.05057106513333333,0.49525726,0.0,60
OM,1921,marine_hw,historical,0.03525015530166666,0.4342722,0.0,60
OM,1922,marine_hw,historical,0.05450511083166667,0.52150005,0.0,60
OM,1923,marine_hw,historical,0.0808297232,0.5904593,0.0,60
OM,1924,marine_hw,historical,0.06014252376333333,0.55729777,0.0,60
OM,1925,marine_hw,historical,0.038379604910000004,0.439857,0.0,60
OM,1926,marine_hw,historical,0.06571882113333333,0.52590233,0.0,60
OM,1927,marine_hw,historical,0.07019943452356667,0.63162154,0.0,60
OM,1928,marine_hw,historical,0.04428502781166667,0.47542837,0.0,60
OM,1929,marine_hw,historical,0.03574057777333333,0.45149016,0.0,60
OM,1930,marine_hw,historical,0.055648898169999995,0.4877588,0.0,60
OM,1931,marine_hw,historical,0.08070446016999999,0.52798784,0.0,60
OM,1932,marine_hw,historical,0.06192366168833333,0.5840974,0.0,60
OM,1933,marine_hw,historical,0.04709539927553333,0.5098366,0.0,60
OM,1934,marine_hw,historical,0.043390446373333336,0.5499494,0.0,60
OM,1935,marine_hw,historical,0.06966654968133333,0.50701267,0.0,60
OM,1936,marine_hw,historical,0.06444541644166667,0.5111584,0.0,60
OM,1937,marine_hw,historical,0.049494718008333334,0.41423997,0.0,60
OM,1938,marine_hw,historical,0.05686723544166667,0.5091636,0.0,60
OM,1939,marine_hw,historical,0.08432980208166667,0.581414,0.0,60
OM,1940,marine_hw,historical,0.04556593447333333,0.47195575,0.0,60
OM,1941,marine_hw,historical,0.046935144533333334,0.49044955,0.0,60
OM,1942,marine_hw,historical,0.047573553646,0.46038425,0.0,60
OM,1943,marine_hw,historical,0.05158513651733333,0.4622991,0.0,60
OM,1944,marine_hw,historical,0.048806637475000005,0.53544754,0.0,60
OM,1945,marine_hw,historical,0.04898242619333334,0.5475916,0.0,60
OM,1946,marine_hw,historical,0.055627180570333334,0.53806573,0.0,60
OM,1947,marine_hw,historical,0.09756040021166666,0.6025948,0.0,60
OM,1948,marine_hw,historical,0.04654405658083333,0.4870592,0.0,60
OM,1949,marine_hw,historical,0.04172270529666667,0.45952725,0.0,60
OM,1950,marine_hw,historical,0.04422423745,0.57149583,0.0,60
OM,1951,marine_hw,historical,0.066057835645,0.49252534,0.0,60
OM,1952,marine_hw,historical,0.07328551399866666,0.48123226,0.0,60
OM,1953,marine_hw,historical,0.04923197303666667,0.5384518,0.0,60
OM,1954,marine_hw,historical,0.04238931523166667,0.51932496,0.0,60
OM,1955,marine_hw,historical,0.060932608884333335,0.6005964,0.0,60
OM,1956,marine_hw,historical,0.06849201495666667,0.6113679,0.0,60
OM,1957,marine_hw,historical,0.05129400851833333,0.48820662,0.0,60
OM,1958,marine_hw,historical,0.054681293023333334,0.5169078,0.0,60
OM,1959,marine_hw,historical,0.054426693575,0.57000583,0.0,60
OM,1960,marine_hw,historical,0.05087619522833333,0.5496178,0.0,60
OM,1961,marine_hw,historical,0.08536082346666667,0.6208175,0.0,60
OM,1962,marine_hw,historical,0.05093450976166667,0.49179915,0.0,60
OM,1963,marine_hw,historical,0.03544682567666667,0.41349676,0.0,60
OM,1964,marine_hw,historical,0.059100581853333334,0.56372386,0.0,60
OM,1965,marine_hw,historical,0.08236260563333334,0.5566067,0.0,60
OM,1966,marine_hw,historical,0.0452828012705,0.46041813,0.0,60
OM,1967,marine_hw,historical,0.045582890502666666,0.47823653,0.0,60
OM,1968,marine_hw,historical,0.06786669862833333,0.52080894,0.0,60
OM,1969,marine_hw,historical,0.08130825360333334,0.6064355,0.0,60
OM,1970,marine_hw,historical,0.04240109014666667,0.48196092,0.0,60
OM,1971,marine_hw,historical,0.045109154451166665,0.4425901,0.0,60
OM,1972,marine_hw,historical,0.04844637895,0.53921556,0.0,60
OM,1973,marine_hw,historical,0.093357479555,0.5249824,0.0,60
OM,1974,marine_hw,historical,0.05219853986333334,0.48370877,0.0,60
OM,1975,marine_hw,historical,0.047426450266,0.49299982,0.0,60
OM,1976,marine_hw,historical,0.04611058803,0.4886981,0.0,60
OM,1977,marine_hw,historical,0.06736949642833333,0.56140107,0.0,60
OM,1978,marine_hw,historical,0.061730583295,0.49710676,0.0,60
OM,1979,marine_hw,historical,0.06312094266816666,0.54055303,0.0,60
OM,1980,marine_hw,historical,0.06927344222333334,0.63642687,0.0,60
OM,1981,marine_hw,historical,0.08776554700833333,0.5222759,0.0,60
OM,1982,marine_hw,historical,0.057994802406666664,0.56211764,0.0,60
OM,1983,marine_hw,historical,0.03479819696,0.44103348,0.0,60
OM,1984,marine_hw,historical,0.06296949909783332,0.59284014,0.0,60
OM,1985,marine_hw,historical,0.07643743505833332,0.47751877,0.0,60
OM,1986,marine_hw,historical,0.045415014265000005,0.4961227,0.0,60
OM,1987,marine_hw,historical,0.048601526723166665,0.43288624,0.0,60
OM,1988,marine_hw,historical,0.07468252996666667,0.64072746,0.0,60
OM,1989,marine_hw,historical,0.06894015984166665,0.5433527,0.0,60
OM,1990,marine_hw,historical,0.063199154435,0.53092915,0.0,60
OM,1991,marine_hw,historical,0.065388210635,0.5134109,0.0,60
OM,1992,marine_hw,historical,0.034772833116666665,0.4429532,0.0,60
OM,1993,marine_hw,historical,0.060739731113333334,0.5644198,0.0,60
OM,1994,marine_hw,historical,0.10309200996766667,0.58259046,0.0,60
OM,1995,marine_hw,historical,0.06707261057833333,0.52234495,0.0,60
OM,1996,marine_hw,historical,0.06227817243,0.5563223,0.0,60
OM,1997,marine_hw,historical,0.10105443673333332,0.6614217,0.0,60
OM,1998,marine_hw,historical,0.08757066446666667,0.6159819,0.0,60
OM,1999,marine_hw,historical,0.06995371748333333,0.5530348,0.0,60
OM,2000,marine_hw,historical,0.07517947585833333,0.5688923,0.0,60
OM,2001,marine_hw,historical,0.08891065234666667,0.67894244,0.0,60
OM,2002,marine_hw,historical,0.12444142956333333,0.6229345,0.0,60
OM,2003,marine_hw,historical,0.066257610775,0.53558916,0.0,60
OM,2004,marine_hw,historical,0.05716086053166667,0.5174864,0.0,60
OM,2005,marine_hw,historical,0.07490448632499999,0.5577166,0.0,60
OM,2006,marine_hw,historical,0.09462028581166666,0.69712263,0.0,60
OM,2007,marine_hw,historical,0.11009466725,0.5770553,0.0,60
OM,2008,marine_hw,historical,0.10196511068333333,0.6722319,0.0,60
OM,2009,marine_hw,historical,0.098401068045,0.6706826,0.0,60
OM,2010,marine_hw,historical,0.11760769983433333,0.7028721,0.0,60
OM,2011,marine_hw,historical,0.09376049026166666,0.60218817,0.0,60
OM,2012,marine_hw,historical,0.054823385743666665,0.5346705,0.0,60
OM,2013,marine_hw,historical,0.08890204784333333,0.5653773,0.0,60
OM,2014,marine_hw,historical,0.11905375968333334,0.7002576,0.0,60
PG,1850,marine_hw,historical,0.08131068995277778,0.22839017,0.0,144
PG,1851,marine_hw,historical,0.10038387989583333,0.265001,0.0,144
PG,1852,marine_hw,historical,0.08969784505138889,0.28591228,0.0,144
PG,1853,marine_hw,historical,0.07136632690138889,0.30817348,0.0,144
PG,1854,marine_hw,historical,0.08302347334722221,0.27187037,0.0,144
PG,1855,marine_hw,historical,0.08215219544375,0.27857906,0.0,144
PG,1856,marine_hw,historical,0.06462844836041666,0.37291625,0.0,144
PG,1857,marine_hw,historical,0.08461299451597222,0.2954506,0.0,144
PG,1858,marine_hw,historical,0.07706709062916667,0.33790767,0.0,144
PG,1859,marine_hw,historical,0.08308217902013888,0.27479714,0.0,144
PG,1860,marine_hw,historical,0.044131524836805554,0.2654885,0.0,144
PG,1861,marine_hw,historical,0.07524914794826389,0.19250649,0.0,144
PG,1862,marine_hw,historical,0.06877990757270833,0.24784623,0.0,144
PG,1863,marine_hw,historical,0.054522281456944446,0.2985326,0.0,144
PG,1864,marine_hw,historical,0.045202622628749994,0.278107,0.0,144
PG,1865,marine_hw,historical,0.09047967107034721,0.21596959,0.0,144
PG,1866,marine_hw,historical,0.0971812640675,0.31184644,0.0,144
PG,1867,marine_hw,historical,0.07515522571645833,0.2813297,0.0,144
PG,1868,marine_hw,historical,0.07713487872013888,0.3385014,0.0,144
PG,1869,marine_hw,historical,0.062085940855833334,0.23906958,0.0,144
PG,1870,marine_hw,historical,0.0898345613,0.22720185,0.0,144
PG,1871,marine_hw,historical,0.06427941545881945,0.2562407,0.0,144
PG,1872,marine_hw,historical,0.09132666076666668,0.2798663,0.0,144
PG,1873,marine_hw,historical,0.0671908918748611,0.27425426,0.0,144
PG,1874,marine_hw,historical,0.0769776660711111,0.2614506,0.0,144
PG,1875,marine_hw,historical,0.06228761136666667,0.2286716,0.0,144
PG,1876,marine_hw,historical,0.08656884960819444,0.26932126,0.0,144
PG,1877,marine_hw,historical,0.07473198365458333,0.26157588,0.0,144
PG,1878,marine_hw,historical,0.05795604959055556,0.24886297,0.0,144
PG,1879,marine_hw,historical,0.07285272143541667,0.21817736,0.0,144
PG,1880,marine_hw,historical,0.08112599983680556,0.3150292,0.0,144
PG,1881,marine_hw,historical,0.07712099576006944,0.25026643,0.0,144
PG,1882,marine_hw,historical,0.07942602521618056,0.27625507,0.0,144
PG,1883,marine_hw,historical,0.08254948222840278,0.30257595,0.0,144
PG,1884,marine_hw,historical,0.05798364503958334,0.1910304,0.0,144
PG,1885,marine_hw,historical,0.047483169425694444,0.19476873,0.0,144
PG,1886,marine_hw,historical,0.0780029366236111,0.3204869,0.0,144
PG,1887,marine_hw,historical,0.06716247396527779,0.27863896,0.0,144
PG,1888,marine_hw,historical,0.057992841164583336,0.22016364,0.0,144
PG,1889,marine_hw,historical,0.07484500782083334,0.26000535,0.0,144
PG,1890,marine_hw,historical,0.08036893225208333,0.36004177,0.0,144
PG,1891,marine_hw,historical,0.07063711245138889,0.23102826,0.0,144
PG,1892,marine_hw,historical,0.0811292721963889,0.3295359,0.0,144
PG,1893,marine_hw,historical,0.08937926604513889,0.23518781,0.0,144
PG,1894,marine_hw,historical,0.08247807062222222,0.26009613,0.0,144
PG,1895,marine_hw,historical,0.08025164766166666,0.30686986,0.0,144
PG,1896,marine_hw,historical,0.07226707367638889,0.26822644,0.0,144
PG,1897,marine_hw,historical,0.09608379879027779,0.26192266,0.0,144
PG,1898,marine_hw,historical,0.09415164416180556,0.26219136,0.0,144
PG,1899,marine_hw,historical,0.07245861017222223,0.27849552,0.0,144
PG,1900,marine_hw,historical,0.06051778144555556,0.23210308,0.0,144
PG,1901,marine_hw,historical,0.07780199704395833,0.23445612,0.0,144
PG,1902,marine_hw,historical,0.07141788525277777,0.26475683,0.0,144
PG,1903,marine_hw,historical,0.07799849198277778,0.25039354,0.0,144
PG,1904,marine_hw,historical,0.07886584621041666,0.30216563,0.0,144
PG,1905,marine_hw,historical,0.08490800041125,0.2228453,0.0,144
PG,1906,marine_hw,historical,0.07373088101111111,0.21311909,0.0,144
PG,1907,marine_hw,historical,0.09418921105618056,0.24169132,0.0,144
PG,1908,marine_hw,historical,0.08648964722152779,0.215621,0.0,144
PG,1909,marine_hw,historical,0.08605177225138888,0.3505062,0.0,144
PG,1910,marine_hw,historical,0.07913687620833333,0.28496817,0.0,144
PG,1911,marine_hw,historical,0.10100324067708333,0.2309529,0.0,144
PG,1912,marine_hw,historical,0.09410039664430556,0.29533893,0.0,144
PG,1913,marine_hw,historical,0.09041982426388889,0.33821815,0.0,144
PG,1914,marine_hw,historical,0.08094311288819445,0.36286867,0.0,144
PG,1915,marine_hw,historical,0.08211077061284722,0.2226465,0.0,144
PG,1916,marine_hw,historical,0.07771268739006945,0.21460244,0.0,144
PG,1917,marine_hw,historical,0.09177757406319445,0.3008148,0.0,144
PG,1918,marine_hw,historical,0.08133074205451389,0.29546785,0.0,144
PG,1919,marine_hw,historical,0.09750195565763889,0.30101088,0.0,144
PG,1920,marine_hw,historical,0.1143668288423611,0.30600923,0.0,144
PG,1921,marine_hw,historical,0.10263386882291667,0.3616177,0.0,144
PG,1922,marine_hw,historical,0.08206875011131945,0.19873402,0.0,144
PG,1923,marine_hw,historical,0.09374138872083333,0.3120861,0.0,144
PG,1924,marine_hw,historical,0.09610846431527778,0.31171936,0.0,144
PG,1925,marine_hw,historical,0.101646760279375,0.23562899,0.0,144
PG,1926,marine_hw,historical,0.083042328266875,0.3265438,0.0,144
PG,1927,marine_hw,historical,0.08220954389375,0.38105923,0.0,144
PG,1928,marine_hw,historical,0.0932492708375,0.25771317,0.0,144
PG,1929,marine_hw,historical,0.09373104019722223,0.2655902,0.0,144
PG,1930,marine_hw,historical,0.09070738627777779,0.28449064,0.0,144
PG,1931,marine_hw,historical,0.07162323272743056,0.23279847,0.0,144
PG,1932,marine_hw,historical,0.08020692840347222,0.27033436,0.0,144
PG,1933,marine_hw,historical,0.08875305703472222,0.26610583,0.0,144
PG,1934,marine_hw,historical,0.09928802576180557,0.27460194,0.0,144
PG,1935,marine_hw,historical,0.07695925418722221,0.26888552,0.0,144
PG,1936,marine_hw,historical,0.08362513769513889,0.29324007,0.0,144
PG,1937,marine_hw,historical,0.11757418554375001,0.29734334,0.0,144
PG,1938,marine_hw,historical,0.07324007545833333,0.37427977,0.0,144
PG,1939,marine_hw,historical,0.09252064184763889,0.27528918,0.0,144
PG,1940,marine_hw,historical,0.09615671989027778,0.37285632,0.0,144
PG,1941,marine_hw,historical,0.10354325618749999,0.30304438,0.0,144
PG,1942,marine_hw,historical,0.08733931053055556,0.28280213,0.0,144
PG,1943,marine_hw,historical,0.08141672198472222,0.21624374,0.0,144
PG,1944,marine_hw,historical,0.08880418633302778,0.2739674,0.0,144
PG,1945,marine_hw,historical,0.12456512476527777,0.31917244,0.0,144
PG,1946,marine_hw,historical,0.08701215940670139,0.26811934,0.0,144
PG,1947,marine_hw,historical,0.08253943285069444,0.3576724,0.0,144
PG,1948,marine_hw,historical,0.07940071305826389,0.285669,0.0,144
PG,1949,marine_hw,historical,0.08329259095250001,0.32738623,0.0,144
PG,1950,marine_hw,historical,0.09351864803888889,0.22280899,0.0,144
PG,1951,marine_hw,historical,0.09098027296388889,0.32286358,0.0,144
PG,1952,marine_hw,historical,0.10262172248958333,0.33300734,0.0,144
PG,1953,marine_hw,historical,0.09580015376805556,0.2648821,0.0,144
PG,1954,marine_hw,historical,0.10341149750208334,0.24836913,0.0,144
PG,1955,marine_hw,historical,0.10637395760625,0.27986813,0.0,144
PG,1956,marine_hw,historical,0.0931569494219861,0.29107767,0.0,144
PG,1957,marine_hw,historical,0.10980987916875001,0.40228915,0.0,144
PG,1958,marine_hw,historical,0.12732463242847222,0.35537928,0.0,144
PG,1959,marine_hw,historical,0.12278700097986112,0.29623038,0.0,144
PG,1960,marine_hw,historical,0.09393804549305557,0.27701762,0.0,144
PG,1961,marine_hw,historical,0.10724057551125,0.29168773,0.0,144
PG,1962,marine_hw,historical,0.083743442074375,0.37770402,0.0,144
PG,1963,marine_hw,historical,0.06922035313680557,0.29469436,0.0,144
PG,1964,marine_hw,historical,0.046915322319444445,0.18324688,0.0,144
PG,1965,marine_hw,historical,0.06789115354375,0.2662801,0.0,144
PG,1966,marine_hw,historical,0.07137670759743056,0.23472121,0.0,144
PG,1967,marine_hw,historical,0.07806086255555555,0.2692686,0.0,144
PG,1968,marine_hw,historical,0.08528990897085416,0.27507675,0.0,144
PG,1969,marine_hw,historical,0.08995146416201388,0.26335335,0.0,144
PG,1970,marine_hw,historical,0.09742021631736111,0.30606735,0.0,144
PG,1971,marine_hw,historical,0.09237581025694445,0.27639484,0.0,144
PG,1972,marine_hw,historical,0.052945307096805554,0.23240992,0.0,144
PG,1973,marine_hw,historical,0.08155590220368056,0.26964444,0.0,144
PG,1974,marine_hw,historical,0.12812104653958334,0.30486906,0.0,144
PG,1975,marine_hw,historical,0.1063009891875,0.2729779,0.0,144
PG,1976,marine_hw,historical,0.09679391385763889,0.31784338,0.0,144
PG,1977,marine_hw,historical,0.10681166797680557,0.3364461,0.0,144
PG,1978,marine_hw,historical,0.12333173163229166,0.30850753,0.0,144
PG,1979,marine_hw,historical,0.09178598576944445,0.27578118,0.0,144
PG,1980,marine_hw,historical,0.08014978611805555,0.27270374,0.0,144
PG,1981,marine_hw,historical,0.07237140178888889,0.25950244,0.0,144
PG,1982,marine_hw,historical,0.08576305825277779,0.2796884,0.0,144
PG,1983,marine_hw,historical,0.09124803334027778,0.3007567,0.0,144
PG,1984,marine_hw,historical,0.06951512791388889,0.2689327,0.0,144
PG,1985,marine_hw,historical,0.08926121340138889,0.28601396,0.0,144
PG,1986,marine_hw,historical,0.10702802866458333,0.33793673,0.0,144
PG,1987,marine_hw,historical,0.10277045673736111,0.2626961,0.0,144
PG,1988,marine_hw,historical,0.11097234474861112,0.37675625,0.0,144
PG,1989,marine_hw,historical,0.10492189906805555,0.27576303,0.0,144
PG,1990,marine_hw,historical,0.12875787669027777,0.30929187,0.0,144
PG,1991,marine_hw,historical,0.12090296871458334,0.2965227,0.0,144
PG,1992,marine_hw,historical,0.0988542767,0.29112852,0.0,144
PG,1993,marine_hw,historical,0.08077310070625,0.25917834,0.0,144
PG,1994,marine_hw,historical,0.10429281226020833,0.2871469,0.0,144
PG,1995,marine_hw,historical,0.10503210316368056,0.33087766,0.0,144
PG,1996,marine_hw,historical,0.10677109278472223,0.32356802,0.0,144
PG,1997,marine_hw,historical,0.09835108314236111,0.34033513,0.0,144
PG,1998,marine_hw,historical,0.10232402761788194,0.27791634,0.0,144
PG,1999,marine_hw,historical,0.14632385007152776,0.30959508,0.0,144
PG,2000,marine_hw,historical,0.12469926600083332,0.27342635,0.0,144
PG,2001,marine_hw,historical,0.10915865084041666,0.29506567,0.0,144
PG,2002,marine_hw,historical,0.1404982668,0.3193812,0.0,144
PG,2003,marine_hw,historical,0.096032626070625,0.38386983,0.0,144
PG,2004,marine_hw,historical,0.11316119686388888,0.24886844,0.0,144
PG,2005,marine_hw,historical,0.12843243453270833,0.33857763,0.0,144
PG,2006,marine_hw,historical,0.1234020810875,0.44123566,0.0,144
PG,2007,marine_hw,historical,0.11564496877430555,0.29480332,0.0,144
PG,2008,marine_hw,historical,0.15512204907986113,0.39003742,0.0,144
PG,2009,marine_hw,historical,0.10521090473263889,0.3528683,0.0,144
PG,2010,marine_hw,historical,0.13439111977569446,0.32707033,0.0,144
PG,2011,marine_hw,historical,0.1341826895215278,0.37648574,0.0,144
PG,2012,marine_hw,historical,0.13483501713493054,0.29749948,0.0,144
PG,2013,marine_hw,historical,0.11531568984930557,0.28583422,0.0,144
PG,2014,marine_hw,historical,0.14082051274583335,0.4213694,0.0,144
PH,1850,marine_hw,historical,0.05001206129965277,0.18962511,0.0,144
PH,1851,marine_hw,historical,0.055264295167361116,0.27254668,0.0,144
PH,1852,marine_hw,historical,0.0716851515798611,0.27730176,0.0,144
PH,1853,marine_hw,historical,0.07277503809722223,0.29019532,0.0,144
PH,1854,marine_hw,historical,0.06476274791993056,0.22884497,0.0,144
PH,1855,marine_hw,historical,0.022777650067430558,0.206503,0.0,144
PH,1856,marine_hw,historical,0.061275092949027776,0.20638317,0.0,144
PH,1857,marine_hw,historical,0.08851687083048611,0.29335174,0.0,144
PH,1858,marine_hw,historical,0.05544410424375,0.29908633,0.0,144
PH,1859,marine_hw,historical,0.06139618058958333,0.21292028,0.0,144
PH,1860,marine_hw,historical,0.05329585535277778,0.23140772,0.0,144
PH,1861,marine_hw,historical,0.03260327733402778,0.2285563,0.0,144
PH,1862,marine_hw,historical,0.08368076778277778,0.32976466,0.0,144
PH,1863,marine_hw,historical,0.10327121905208334,0.313761,0.0,144
PH,1864,marine_hw,historical,0.0725339417236111,0.22391924,0.0,144
PH,1865,marine_hw,historical,0.05124853716666666,0.1815756,0.0,144
PH,1866,marine_hw,historical,0.05173578877878472,0.28101557,0.0,144
PH,1867,marine_hw,historical,0.07472453303868055,0.32675624,0.0,144
PH,1868,marine_hw,historical,0.11893966603645834,0.3545114,0.0,144
PH,1869,marine_hw,historical,0.07101129722222223,0.23235728,0.0,144
PH,1870,marine_hw,historical,0.03729046285833334,0.2135385,0.0,144
PH,1871,marine_hw,historical,0.057352792479166664,0.26854056,0.0,144
PH,1872,marine_hw,historical,0.08413865969,0.27836934,0.0,144
PH,1873,marine_hw,historical,0.08765266814583333,0.23206496,0.0,144
PH,1874,marine_hw,historical,0.04675258535951389,0.21271238,0.0,144
PH,1875,marine_hw,historical,0.04737343927381945,0.2562189,0.0,144
PH,1876,marine_hw,historical,0.09192088179722221,0.32379678,0.0,144
PH,1877,marine_hw,historical,0.07615533961736111,0.22791994,0.0,144
PH,1878,marine_hw,historical,0.034704167088118056,0.18414289,0.0,144
PH,1879,marine_hw,historical,0.03811997183055556,0.17477524,0.0,144
PH,1880,marine_hw,historical,0.07535965631805557,0.30341202,0.0,144
PH,1881,marine_hw,historical,0.11353601830798613,0.27797627,0.0,144
PH,1882,marine_hw,historical,0.07240531562916667,0.27362514,0.0,144
PH,1883,marine_hw,historical,0.04494105193888889,0.23615281,0.0,144
PH,1884,marine_hw,historical,0.034115377170138884,0.22375491,0.0,144
PH,1885,marine_hw,historical,0.06255839232465278,0.25566423,0.0,144
PH,1886,marine_hw,historical,0.08766106844236111,0.30040538,0.0,144
PH,1887,marine_hw,historical,0.07155442783194445,0.22995523,0.0,144
PH,1888,marine_hw,historical,0.03757506601944444,0.18299088,0.0,144
PH,1889,marine_hw,historical,0.032010359791666665,0.18709144,0.0,144
PH,1890,marine_hw,historical,0.08415268569722222,0.32252312,0.0,144
PH,1891,marine_hw,historical,0.07796863432847222,0.2991853,0.0,144
PH,1892,marine_hw,historical,0.07829619115833333,0.30482274,0.0,144
PH,1893,marine_hw,historical,0.06933633614097222,0.24722712,0.0,144
PH,1894,marine_hw,historical,0.03955663981534722,0.2076423,0.0,144
PH,1895,marine_hw,historical,0.07731492563055556,0.30069858,0.0,144
PH,1896,marine_hw,historical,0.08717239206881945,0.22146726,0.0,144
PH,1897,marine_hw,historical,0.05856743502541666,0.22737435,0.0,144
PH,1898,marine_hw,historical,0.04758336333819444,0.21175194,0.0,144
PH,1899,marine_hw,historical,0.06666300531458333,0.35123152,0.0,144
PH,1900,marine_hw,historical,0.06861425674055556,0.29685223,0.0,144
PH,1901,marine_hw,historical,0.05970960535347222,0.28561544,0.0,144
PH,1902,marine_hw,historical,0.089715353483125,0.30865008,0.0,144
PH,1903,marine_hw,historical,0.04429494458791667,0.19885203,0.0,144
PH,1904,marine_hw,historical,0.030924550145347222,0.15192854,0.0,144
PH,1905,marine_hw,historical,0.03138097694791667,0.18384694,0.0,144
PH,1906,marine_hw,historical,0.06410069663527779,0.2890551,0.0,144
PH,1907,marine_hw,historical,0.06063788062284722,0.21953182,0.0,144
PH,1908,marine_hw,historical,0.034936968454375,0.19315103,0.0,144
PH,1909,marine_hw,historical,0.0774574266611111,0.3121941,0.0,144
PH,1910,marine_hw,historical,0.07113294360833333,0.25948066,0.0,144
PH,1911,marine_hw,historical,0.058993018090972224,0.26543492,0.0,144
PH,1912,marine_hw,historical,0.06945475322958333,0.36505738,0.0,144
PH,1913,marine_hw,historical,0.05049106246277778,0.22697672,0.0,144
PH,1914,marine_hw,historical,0.10472784268847223,0.32379225,0.0,144
PH,1915,marine_hw,historical,0.08869573377222223,0.2655811,0.0,144
PH,1916,marine_hw,historical,0.06912418761180555,0.24651448,0.0,144
PH,1917,marine_hw,historical,0.04324363330173611,0.24532436,0.0,144
PH,1918,marine_hw,historical,0.042964903374444446,0.18910313,0.0,144
PH,1919,marine_hw,historical,0.09131856789208333,0.32585657,0.0,144
PH,1920,marine_hw,historical,0.073622537628125,0.24292958,0.0,144
PH,1921,marine_hw,historical,0.07132653787159722,0.24018164,0.0,144
PH,1922,marine_hw,historical,0.03456252083194444,0.18231729,0.0,144
PH,1923,marine_hw,historical,0.10692289638680556,0.30766147,0.0,144
PH,1924,marine_hw,historical,0.08640591290208334,0.25497794,0.0,144
PH,1925,marine_hw,historical,0.053738306886111115,0.21285945,0.0,144
PH,1926,marine_hw,historical,0.04952221787131945,0.24160145,0.0,144
PH,1927,marine_hw,historical,0.09780226721354167,0.3042708,0.0,144
PH,1928,marine_hw,historical,0.07766710497590278,0.22566947,0.0,144
PH,1929,marine_hw,historical,0.04475973691388889,0.26524794,0.0,144
PH,1930,marine_hw,historical,0.06330986822500001,0.30716124,0.0,144
PH,1931,marine_hw,historical,0.09368821348458334,0.29667068,0.0,144
PH,1932,marine_hw,historical,0.10137707065069444,0.3510191,0.0,144
PH,1933,marine_hw,historical,0.07191389695625,0.22565496,0.0,144
PH,1934,marine_hw,historical,0.041719657554166664,0.21759184,0.0,144
PH,1935,marine_hw,historical,0.08220176885993055,0.31076616,0.0,144
PH,1936,marine_hw,historical,0.10385480433819444,0.2635567,0.0,144
PH,1937,marine_hw,historical,0.050581931305208334,0.20587572,0.0,144
PH,1938,marine_hw,historical,0.07907345160291666,0.25614175,0.0,144
PH,1939,marine_hw,historical,0.12249656948611112,0.40374893,0.0,144
PH,1940,marine_hw,historical,0.08459191253819445,0.24594711,0.0,144
PH,1941,marine_hw,historical,0.06636012180236112,0.2786916,0.0,144
PH,1942,marine_hw,historical,0.07330550720090277,0.283306,0.0,144
PH,1943,marine_hw,historical,0.05301401122409723,0.25165537,0.0,144
PH,1944,marine_hw,historical,0.09015218037222222,0.2858624,0.0,144
PH,1945,marine_hw,historical,0.05771937632430556,0.24187016,0.0,144
PH,1946,marine_hw,historical,0.06854106104604167,0.2480405,0.0,144
PH,1947,marine_hw,historical,0.11810415953951388,0.3604657,0.0,144
PH,1948,marine_hw,historical,0.09750746648194444,0.32015103,0.0,144
PH,1949,marine_hw,historical,0.06243221372111111,0.22552605,0.0,144
PH,1950,marine_hw,historical,0.04100677846284722,0.2040474,0.0,144
PH,1951,marine_hw,historical,0.09930004247569445,0.3251603,0.0,144
PH,1952,marine_hw,historical,0.12609095925881944,0.34330642,0.0,144
PH,1953,marine_hw,historical,0.07018203005347222,0.21760908,0.0,144
PH,1954,marine_hw,historical,0.05318043353354166,0.20339832,0.0,144
PH,1955,marine_hw,historical,0.09436195806361111,0.37003124,0.0,144
PH,1956,marine_hw,historical,0.08061348792256945,0.37167984,0.0,144
PH,1957,marine_hw,historical,0.12523024794097223,0.40258238,0.0,144
PH,1958,marine_hw,historical,0.07312894336111112,0.27493966,0.0,144
PH,1959,marine_hw,historical,0.0541640849390625,0.24907903,0.0,144
PH,1960,marine_hw,historical,0.09651452019861112,0.29511198,0.0,144
PH,1961,marine_hw,historical,0.11573144150465277,0.33079684,0.0,144
PH,1962,marine_hw,historical,0.09697040039374999,0.26901078,0.0,144
PH,1963,marine_hw,historical,0.041165871779402084,0.19476692,0.0,144
PH,1964,marine_hw,historical,0.041699002082430554,0.20078474,0.0,144
PH,1965,marine_hw,historical,0.10000648312013888,0.37155274,0.0,144
PH,1966,marine_hw,historical,0.061150715440277774,0.20512587,0.0,144
PH,1967,marine_hw,historical,0.047377461362500005,0.18838778,0.0,144
PH,1968,marine_hw,historical,0.07617724300555556,0.30613,0.0,144
PH,1969,marine_hw,historical,0.11225483920090278,0.3424458,0.0,144
PH,1970,marine_hw,historical,0.07277220369652777,0.21736944,0.0,144
PH,1971,marine_hw,historical,0.05333036497479167,0.20010753,0.0,144
PH,1972,marine_hw,historical,0.03429942786125,0.23454146,0.0,144
PH,1973,marine_hw,historical,0.10606416023638889,0.3316157,0.0,144
PH,1974,marine_hw,historical,0.07516147171756944,0.22424513,0.0,144
PH,1975,marine_hw,historical,0.06900299843263889,0.24463353,0.0,144
PH,1976,marine_hw,historical,0.054082302202083335,0.24560396,0.0,144
PH,1977,marine_hw,historical,0.09174200522847223,0.281868,0.0,144
PH,1978,marine_hw,historical,0.06156626160972223,0.2960688,0.0,144
PH,1979,marine_hw,historical,0.08415687408923611,0.28680283,0.0,144
PH,1980,marine_hw,historical,0.09792425682013889,0.29161602,0.0,144
PH,1981,marine_hw,historical,0.10425203368333333,0.31009072,0.0,144
PH,1982,marine_hw,historical,0.07319202151527777,0.22629586,0.0,144
PH,1983,marine_hw,historical,0.031791809531875,0.15296979,0.0,144
PH,1984,marine_hw,historical,0.07053849942965279,0.2675029,0.0,144
PH,1985,marine_hw,historical,0.11984785332916667,0.32351172,0.0,144
PH,1986,marine_hw,historical,0.05104060021319444,0.20136392,0.0,144
PH,1987,marine_hw,historical,0.0465842234203125,0.24386007,0.0,144
PH,1988,marine_hw,historical,0.0973039564,0.2797374,0.0,144
PH,1989,marine_hw,historical,0.10441379446020833,0.26959902,0.0,144
PH,1990,marine_hw,historical,0.07797262723194445,0.21417487,0.0,144
PH,1991,marine_hw,historical,0.07248950506458333,0.22734076,0.0,144
PH,1992,marine_hw,historical,0.03995052001180556,0.24273893,0.0,144
PH,1993,marine_hw,historical,0.08303808021664584,0.27419254,0.0,144
PH,1994,marine_hw,historical,0.12700086629583335,0.37572592,0.0,144
PH,1995,marine_hw,historical,0.08594119099138889,0.2361165,0.0,144
PH,1996,marine_hw,historical,0.06200692934222222,0.23008233,0.0,144
PH,1997,marine_hw,historical,0.12142187844166667,0.3532278,0.0,144
PH,1998,marine_hw,historical,0.13949819339583333,0.33895802,0.0,144
PH,1999,marine_hw,historical,0.07824009399930555,0.24577826,0.0,144
PH,2000,marine_hw,historical,0.07931880705972222,0.32461017,0.0,144
PH,2001,marine_hw,historical,0.11552971141347222,0.37605998,0.0,144
PH,2002,marine_hw,historical,0.13077998084375,0.35581595,0.0,144
PH,2003,marine_hw,historical,0.11628265932083333,0.26173925,0.0,144
PH,2004,marine_hw,historical,0.08852264955902778,0.24335079,0.0,144
PH,2005,marine_hw,historical,0.06551700057541666,0.3002928,0.0,144
PH,2006,marine_hw,historical,0.11797556843819446,0.4030426,0.0,144
PH,2007,marine_hw,historical,0.12583696899097221,0.37157997,0.0,144
PH,2008,marine_hw,historical,0.1016927917625,0.32341278,0.0,144
PH,2009,marine_hw,historical,0.12144341462222223,0.34220794,0.0,144
PH,2010,marine_hw,historical,0.13472035759916667,0.40435532,0.0,144
PH,2011,marine_hw,historical,0.1541444352472222,0.30058968,0.0,144
PH,2012,marine_hw,historical,0.11106418947560417,0.33804476,0.0,144
PH,2013,marine_hw,historical,0.09522334701388889,0.28226838,0.0,144
PH,2014,marine_hw,historical,0.1278507866076389,0.38615656,0.0,144
PK,1850,marine_hw,historical,0.0375897651125,0.19098046,0.0,24
PK,1851,marine_hw,historical,0.035183550291666664,0.2099672,0.0,24
PK,1852,marine_hw,historical,0.045065770604166666,0.24411061,0.0,24
PK,1853,marine_hw,historical,0.04006581866666667,0.22072467,0.0,24
PK,1854,marine_hw,historical,0.057101034291666665,0.27764666,0.0,24
PK,1855,marine_hw,historical,0.023164104166666668,0.14883655,0.0,24
PK,1856,marine_hw,historical,0.0377192374875,0.23296364,0.0,24
PK,1857,marine_hw,historical,0.057707012125000005,0.32022178,0.0,24
PK,1858,marine_hw,historical,0.04664690575,0.23291285,0.0,24
PK,1859,marine_hw,historical,0.04741959604166667,0.26731586,0.0,24
PK,1860,marine_hw,historical,0.026223417675,0.17488238,0.0,24
PK,1861,marine_hw,historical,0.03127431167083333,0.20928083,0.0,24
PK,1862,marine_hw,historical,0.06458044695833333,0.3163872,0.0,24
PK,1863,marine_hw,historical,0.050390334791666665,0.25401288,0.0,24
PK,1864,marine_hw,historical,0.039076460966666664,0.20467831,0.0,24
PK,1865,marine_hw,historical,0.026736029091666665,0.1860529,0.0,24
PK,1866,marine_hw,historical,0.04456916927500001,0.24850705,0.0,24
PK,1867,marine_hw,historical,0.047239210100000005,0.31321806,0.0,24
PK,1868,marine_hw,historical,0.05132177091666667,0.2328901,0.0,24
PK,1869,marine_hw,historical,0.03596855370833333,0.2385485,0.0,24
PK,1870,marine_hw,historical,0.03186406715416667,0.19482866,0.0,24
PK,1871,marine_hw,historical,0.039793307374999996,0.22192115,0.0,24
PK,1872,marine_hw,historical,0.06722241,0.29361042,0.0,24
PK,1873,marine_hw,historical,0.038412092291666665,0.22060393,0.0,24
PK,1874,marine_hw,historical,0.022513558876666662,0.14575274,0.0,24
PK,1875,marine_hw,historical,0.050342658166666665,0.23412204,0.0,24
PK,1876,marine_hw,historical,0.06674925995833333,0.33830523,0.0,24
PK,1877,marine_hw,historical,0.048983754458333334,0.21755916,0.0,24
PK,1878,marine_hw,historical,0.021374762025000004,0.125864,0.0,24
PK,1879,marine_hw,historical,0.025409182981666667,0.1893564,0.0,24
PK,1880,marine_hw,historical,0.06608652116666668,0.33815002,0.0,24
PK,1881,marine_hw,historical,0.05829415070833333,0.31456435,0.0,24
PK,1882,marine_hw,historical,0.029166555333333333,0.20851198,0.0,24
PK,1883,marine_hw,historical,0.029661841691666666,0.1557188,0.0,24
PK,1884,marine_hw,historical,0.03314638091666666,0.25399297,0.0,24
PK,1885,marine_hw,historical,0.0349890532025,0.22285528,0.0,24
PK,1886,marine_hw,historical,0.07892281520833333,0.34089702,0.0,24
PK,1887,marine_hw,historical,0.04485105775,0.21110195,0.0,24
PK,1888,marine_hw,historical,0.022576322962500003,0.13514249,0.0,24
PK,1889,marine_hw,historical,0.030297831733333336,0.20333296,0.0,24
PK,1890,marine_hw,historical,0.04609875583333334,0.28793845,0.0,24
PK,1891,marine_hw,historical,0.051803268124999996,0.25920734,0.0,24
PK,1892,marine_hw,historical,0.04171646908333334,0.24282698,0.0,24
PK,1893,marine_hw,historical,0.05586837891666666,0.28116894,0.0,24
PK,1894,marine_hw,historical,0.04081945308333334,0.19421333,0.0,24
PK,1895,marine_hw,historical,0.061712253875000005,0.30116063,0.0,24
PK,1896,marine_hw,historical,0.06201329341666667,0.25438327,0.0,24
PK,1897,marine_hw,historical,0.06606934491666668,0.26177377,0.0,24
PK,1898,marine_hw,historical,0.044574514,0.21715337,0.0,24
PK,1899,marine_hw,historical,0.04674490766666667,0.26832533,0.0,24
PK,1900,marine_hw,historical,0.05868067095833333,0.2974041,0.0,24
PK,1901,marine_hw,historical,0.0378487119125,0.24891284,0.0,24
PK,1902,marine_hw,historical,0.054357901374999996,0.2824608,0.0,24
PK,1903,marine_hw,historical,0.0379589455,0.21399602,0.0,24
PK,1904,marine_hw,historical,0.030194617808333334,0.20245966,0.0,24
PK,1905,marine_hw,historical,0.03485085782083334,0.19437839,0.0,24
PK,1906,marine_hw,historical,0.04439403114166667,0.27854177,0.0,24
PK,1907,marine_hw,historical,0.03873139204166667,0.20208836,0.0,24
PK,1908,marine_hw,historical,0.03230363045,0.20964764,0.0,24
PK,1909,marine_hw,historical,0.04905200636666667,0.2749396,0.0,24
PK,1910,marine_hw,historical,0.04972621204166666,0.25660837,0.0,24
PK,1911,marine_hw,historical,0.051891848166666664,0.26772347,0.0,24
PK,1912,marine_hw,historical,0.03991156975,0.2248797,0.0,24
PK,1913,marine_hw,historical,0.043266508791666665,0.25067037,0.0,24
PK,1914,marine_hw,historical,0.05562139070833333,0.27632672,0.0,24
PK,1915,marine_hw,historical,0.04164958425416667,0.22205916,0.0,24
PK,1916,marine_hw,historical,0.044470666375,0.2232592,0.0,24
PK,1917,marine_hw,historical,0.05492107554166666,0.26522887,0.0,24
PK,1918,marine_hw,historical,0.04629339125,0.24361853,0.0,24
PK,1919,marine_hw,historical,0.05437821024708333,0.31676486,0.0,24
PK,1920,marine_hw,historical,0.05954360516666667,0.22948135,0.0,24
PK,1921,marine_hw,historical,0.04179727345833333,0.22199559,0.0,24
PK,1922,marine_hw,historical,0.05533379941666666,0.2638526,0.0,24
PK,1923,marine_hw,historical,0.07828238475,0.3364279,0.0,24
PK,1924,marine_hw,historical,0.06386135754166666,0.29002368,0.0,24
PK,1925,marine_hw,historical,0.036704359897500004,0.19805588,0.0,24
PK,1926,marine_hw,historical,0.053393464654583334,0.24878484,0.0,24
PK,1927,marine_hw,historical,0.0657046881,0.31785244,0.0,24
PK,1928,marine_hw,historical,0.04314251675,0.21973057,0.0,24
PK,1929,marine_hw,historical,0.0356210167125,0.21498553,0.0,24
PK,1930,marine_hw,historical,0.0605941555625,0.27122396,0.0,24
PK,1931,marine_hw,historical,0.06515093829166667,0.2980768,0.0,24
PK,1932,marine_hw,historical,0.054449080308333335,0.29785985,0.0,24
PK,1933,marine_hw,historical,0.050379528300000004,0.25176334,0.0,24
PK,1934,marine_hw,historical,0.04211311933333334,0.2593726,0.0,24
PK,1935,marine_hw,historical,0.064415950375,0.3299834,0.0,24
PK,1936,marine_hw,historical,0.07017576070833333,0.29339436,0.0,24
PK,1937,marine_hw,historical,0.04572370458333333,0.19900818,0.0,24
PK,1938,marine_hw,historical,0.05207514591666667,0.24157965,0.0,24
PK,1939,marine_hw,historical,0.08673365458333333,0.34972724,0.0,24
PK,1940,marine_hw,historical,0.046376233808333334,0.2520975,0.0,24
PK,1941,marine_hw,historical,0.051890025183333334,0.25032634,0.0,24
PK,1942,marine_hw,historical,0.042657922270833336,0.23415744,0.0,24
PK,1943,marine_hw,historical,0.04683793533333333,0.27720094,0.0,24
PK,1944,marine_hw,historical,0.038558502041666665,0.22065198,0.0,24
PK,1945,marine_hw,historical,0.03557968211458334,0.29118294,0.0,24
PK,1946,marine_hw,historical,0.04884723342916667,0.28855032,0.0,24
PK,1947,marine_hw,historical,0.10064415013208333,0.41370746,0.0,24
PK,1948,marine_hw,historical,0.0423468172375,0.1899719,0.0,24
PK,1949,marine_hw,historical,0.03878211539583334,0.219865,0.0,24
PK,1950,marine_hw,historical,0.039754842,0.24033862,0.0,24
PK,1951,marine_hw,historical,0.054908092374999995,0.24594796,0.0,24
PK,1952,marine_hw,historical,0.06403159070833334,0.28331685,0.0,24
PK,1953,marine_hw,historical,0.04848006895833334,0.2552384,0.0,24
PK,1954,marine_hw,historical,0.032327624241666665,0.18463418,0.0,24
PK,1955,marine_hw,historical,0.058506511250000004,0.28158742,0.0,24
PK,1956,marine_hw,historical,0.06378083629166667,0.31196803,0.0,24
PK,1957,marine_hw,historical,0.040785445125,0.25207296,0.0,24
PK,1958,marine_hw,historical,0.05071947070833333,0.24537516,0.0,24
PK,1959,marine_hw,historical,0.04369348625833333,0.24741043,0.0,24
PK,1960,marine_hw,historical,0.0382187326875,0.22135825,0.0,24
PK,1961,marine_hw,historical,0.0696713081625,0.33095023,0.0,24
PK,1962,marine_hw,historical,0.049505134625,0.2388617,0.0,24
PK,1963,marine_hw,historical,0.025260775954166665,0.16215041,0.0,24
PK,1964,marine_hw,historical,0.049727476975,0.26615024,0.0,24
PK,1965,marine_hw,historical,0.0703611465,0.288898,0.0,24
PK,1966,marine_hw,historical,0.040408024375,0.18553728,0.0,24
PK,1967,marine_hw,historical,0.04444595229166667,0.2481086,0.0,24
PK,1968,marine_hw,historical,0.07666379525,0.32142463,0.0,24
PK,1969,marine_hw,historical,0.08064829441666667,0.32538176,0.0,24
PK,1970,marine_hw,historical,0.040857291,0.19929504,0.0,24
PK,1971,marine_hw,historical,0.045968796666666666,0.23660672,0.0,24
PK,1972,marine_hw,historical,0.042375484375,0.2534755,0.0,24
PK,1973,marine_hw,historical,0.07603778958333333,0.3040946,0.0,24
PK,1974,marine_hw,historical,0.05259819970833334,0.25184327,0.0,24
PK,1975,marine_hw,historical,0.042270198125,0.23548558,0.0,24
PK,1976,marine_hw,historical,0.036517988375,0.18499549,0.0,24
PK,1977,marine_hw,historical,0.0585769755125,0.28508067,0.0,24
PK,1978,marine_hw,historical,0.07030997408333334,0.30207574,0.0,24
PK,1979,marine_hw,historical,0.05835516654166667,0.32118857,0.0,24
PK,1980,marine_hw,historical,0.0740884913625,0.32849732,0.0,24
PK,1981,marine_hw,historical,0.0900105926125,0.32111597,0.0,24
PK,1982,marine_hw,historical,0.05742488308333333,0.23952161,0.0,24
PK,1983,marine_hw,historical,0.030639804875,0.17813686,0.0,24
PK,1984,marine_hw,historical,0.06212415726666667,0.31603134,0.0,24
PK,1985,marine_hw,historical,0.08075625854166667,0.3320523,0.0,24
PK,1986,marine_hw,historical,0.042809187958333335,0.2085265,0.0,24
PK,1987,marine_hw,historical,0.044724073291666666,0.22014005,0.0,24
PK,1988,marine_hw,historical,0.06996336758333334,0.31904984,0.0,24
PK,1989,marine_hw,historical,0.08328849083333334,0.27903202,0.0,24
PK,1990,marine_hw,historical,0.061648668958333326,0.2708118,0.0,24
PK,1991,marine_hw,historical,0.06072261316666667,0.28020757,0.0,24
PK,1992,marine_hw,historical,0.03678129254166667,0.18762612,0.0,24
PK,1993,marine_hw,historical,0.059193948625,0.304987,0.0,24
PK,1994,marine_hw,historical,0.09242825562500001,0.3576678,0.0,24
PK,1995,marine_hw,historical,0.0832360625,0.2936676,0.0,24
PK,1996,marine_hw,historical,0.058482337395833334,0.2624346,0.0,24
PK,1997,marine_hw,historical,0.09264768104166667,0.37366873,0.0,24
PK,1998,marine_hw,historical,0.1073138985,0.32071018,0.0,24
PK,1999,marine_hw,historical,0.071307320375,0.3007276,0.0,24
PK,2000,marine_hw,historical,0.074451203625,0.32471448,0.0,24
PK,2001,marine_hw,historical,0.07931249633333333,0.35981295,0.0,24
PK,2002,marine_hw,historical,0.11001622037499999,0.3451873,0.0,24
PK,2003,marine_hw,historical,0.06516519525,0.29887477,0.0,24
PK,2004,marine_hw,historical,0.069454726125,0.2612127,0.0,24
PK,2005,marine_hw,historical,0.07036686416666667,0.30065224,0.0,24
PK,2006,marine_hw,historical,0.10213808641666666,0.4162457,0.0,24
PK,2007,marine_hw,historical,0.09995800041666668,0.3408471,0.0,24
PK,2008,marine_hw,historical,0.09466497609583334,0.35994366,0.0,24
PK,2009,marine_hw,historical,0.0876658005,0.33921394,0.0,24
PK,2010,marine_hw,historical,0.11835836725833333,0.39239675,0.0,24
PK,2011,marine_hw,historical,0.109653762375,0.37067485,0.0,24
PK,2012,marine_hw,historical,0.055877218666666666,0.25474006,0.0,24
PK,2013,marine_hw,historical,0.08193149441666667,0.3130837,0.0,24
PK,2014,marine_hw,historical,0.11268997170833334,0.40817165,0.0,24
PW,1850,marine_hw,historical,0.08759790442083333,0.19898276,0.0,48
PW,1851,marine_hw,historical,0.0827531681918125,0.19356135,0.0,48
PW,1852,marine_hw,historical,0.09572514286458333,0.20478272,0.0,48
PW,1853,marine_hw,historical,0.10400462183333332,0.23006597,0.0,48
PW,1854,marine_hw,historical,0.09548970590208333,0.23013043,0.0,48
PW,1855,marine_hw,historical,0.07228758341666668,0.19918612,0.0,48
PW,1856,marine_hw,historical,0.08528719751041668,0.19481322,0.0,48
PW,1857,marine_hw,historical,0.11525790866041667,0.27862078,0.0,48
PW,1858,marine_hw,historical,0.08506582913124999,0.19918883,0.0,48
PW,1859,marine_hw,historical,0.101336553013125,0.21352851,0.0,48
PW,1860,marine_hw,historical,0.08798442268125001,0.18326414,0.0,48
PW,1861,marine_hw,historical,0.049990979220833336,0.16953814,0.0,48
PW,1862,marine_hw,historical,0.09799370733333333,0.21324436,0.0,48
PW,1863,marine_hw,historical,0.11167096481125,0.24164866,0.0,48
PW,1864,marine_hw,historical,0.10546441908333333,0.17548153,0.0,48
PW,1865,marine_hw,historical,0.09145317243750001,0.20456031,0.0,48
PW,1866,marine_hw,historical,0.07637152160416667,0.22677973,0.0,48
PW,1867,marine_hw,historical,0.07841648427916667,0.19298944,0.0,48
PW,1868,marine_hw,historical,0.14558200408333333,0.28863934,0.0,48
PW,1869,marine_hw,historical,0.12980040308333332,0.22077551,0.0119273,48
PW,1870,marine_hw,historical,0.08698764529791665,0.21446899,0.0,48
PW,1871,marine_hw,historical,0.07652049075208334,0.19056287,0.0,48
PW,1872,marine_hw,historical,0.11348543030833334,0.23838238,0.0,48
PW,1873,marine_hw,historical,0.09587071967291666,0.16879736,0.0,48
PW,1874,marine_hw,historical,0.09707635939583333,0.19123374,0.0,48
PW,1875,marine_hw,historical,0.06868074803125,0.16053998,0.0,48
PW,1876,marine_hw,historical,0.11822997189583334,0.29139817,0.0,48
PW,1877,marine_hw,historical,0.09531128162500001,0.18293187,0.0,48
PW,1878,marine_hw,historical,0.07371207817708333,0.1819342,0.0,48
PW,1879,marine_hw,historical,0.07608611810416667,0.17813595,0.0,48
PW,1880,marine_hw,historical,0.09473319163604166,0.2115395,0.0,48
PW,1881,marine_hw,historical,0.13690838377083334,0.2628023,0.0,48
PW,1882,marine_hw,historical,0.12270664754166666,0.23738196,0.0,48
PW,1883,marine_hw,historical,0.07711042064166666,0.18930647,0.0,48
PW,1884,marine_hw,historical,0.05228626146041667,0.14411508,0.0,48
PW,1885,marine_hw,historical,0.08410768323750001,0.20554255,0.0,48
PW,1886,marine_hw,historical,0.11833403402166666,0.2693966,0.0,48
PW,1887,marine_hw,historical,0.11064895658333333,0.21903525,0.0,48
PW,1888,marine_hw,historical,0.08717875807916665,0.18838505,0.0,48
PW,1889,marine_hw,historical,0.0602831754875,0.17886128,0.0,48
PW,1890,marine_hw,historical,0.09027340314583333,0.24242663,0.0,48
PW,1891,marine_hw,historical,0.09595228269166667,0.22933975,0.0,48
PW,1892,marine_hw,historical,0.10246155572916667,0.20839487,0.0,48
PW,1893,marine_hw,historical,0.11486370798958334,0.21297112,0.0,48
PW,1894,marine_hw,historical,0.059283246079166664,0.16142236,0.0,48
PW,1895,marine_hw,historical,0.10327815985625,0.23759532,0.0,48
PW,1896,marine_hw,historical,0.10117651145833334,0.19216152,0.0,48
PW,1897,marine_hw,historical,0.11209048911875001,0.20345096,0.0,48
PW,1898,marine_hw,historical,0.07760092901666667,0.185343,0.0,48
PW,1899,marine_hw,historical,0.07964499565833333,0.22344899,0.0,48
PW,1900,marine_hw,historical,0.098255743,0.2253699,0.0,48
PW,1901,marine_hw,historical,0.09739839895833334,0.218319,0.0,48
PW,1902,marine_hw,historical,0.1035844868125,0.21614209,0.0,48
PW,1903,marine_hw,historical,0.093212681875,0.19229406,0.0,48
PW,1904,marine_hw,historical,0.07903926117083333,0.16410309,0.0,48
PW,1905,marine_hw,historical,0.07914079002083334,0.169175,0.0,48
PW,1906,marine_hw,historical,0.08471712335416666,0.20008574,0.0,48
PW,1907,marine_hw,historical,0.10868441420833334,0.21423388,0.0,48
PW,1908,marine_hw,historical,0.07312437577708333,0.16381896,0.0,48
PW,1909,marine_hw,historical,0.09872515373541667,0.19941397,0.0,48
PW,1910,marine_hw,historical,0.10899831118749999,0.20720202,0.0,48
PW,1911,marine_hw,historical,0.10883475867708332,0.2090721,0.0011843442,48
PW,1912,marine_hw,historical,0.11050525439583332,0.25416094,0.0,48
PW,1913,marine_hw,historical,0.09086909455749999,0.19181474,0.0,48
PW,1914,marine_hw,historical,0.12970218041666667,0.25673184,0.0,48
PW,1915,marine_hw,historical,0.14057672275,0.2506459,0.0,48
PW,1916,marine_hw,historical,0.11129313842291666,0.23036283,0.0,48
PW,1917,marine_hw,historical,0.09276889037500001,0.19593708,0.0,48
PW,1918,marine_hw,historical,0.07521113574375,0.16827083,0.0,48
PW,1919,marine_hw,historical,0.12296885914583333,0.25407284,0.0,48
PW,1920,marine_hw,historical,0.1265838499479167,0.2535926,0.0,48
PW,1921,marine_hw,historical,0.15236916777916668,0.25802544,0.004724781,48
PW,1922,marine_hw,historical,0.07416834000833333,0.18580961,0.0,48
PW,1923,marine_hw,historical,0.12976264615833333,0.29094785,0.0,48
PW,1924,marine_hw,historical,0.1617074103125,0.25707042,0.021238478,48
PW,1925,marine_hw,historical,0.09683404702083333,0.181237,0.0,48
PW,1926,marine_hw,historical,0.08566379891124999,0.19521265,0.0,48
PW,1927,marine_hw,historical,0.1294355527875,0.25247604,0.0,48
PW,1928,marine_hw,historical,0.13100161036041666,0.21793681,0.0,48
PW,1929,marine_hw,historical,0.09409647420895834,0.20148921,0.0,48
PW,1930,marine_hw,historical,0.09130473735416667,0.20266664,0.0,48
PW,1931,marine_hw,historical,0.09219552045020833,0.2057913,0.0,48
PW,1932,marine_hw,historical,0.12574727053124998,0.2469475,0.0,48
PW,1933,marine_hw,historical,0.12877512853333334,0.24353598,0.0019759496,48
PW,1934,marine_hw,historical,0.0935526835625,0.18205221,0.0,48
PW,1935,marine_hw,historical,0.08906698824166666,0.19728518,0.0,48
PW,1936,marine_hw,historical,0.1390098715,0.23256789,0.0,48
PW,1937,marine_hw,historical,0.10073961288541666,0.19986424,0.0,48
PW,1938,marine_hw,historical,0.088659445625,0.17818859,0.0,48
PW,1939,marine_hw,historical,0.14215300531875,0.27178323,0.0,48
PW,1940,marine_hw,historical,0.13020612275000001,0.20329574,0.0,48
PW,1941,marine_hw,historical,0.11687575668645833,0.2179713,0.0,48
PW,1942,marine_hw,historical,0.09565295092916666,0.21277684,0.0,48
PW,1943,marine_hw,historical,0.08157661858875,0.18645507,0.0,48
PW,1944,marine_hw,historical,0.11491709319791667,0.25009575,0.0,48
PW,1945,marine_hw,historical,0.11226286945625001,0.19975077,0.0,48
PW,1946,marine_hw,historical,0.10676940036458334,0.23164193,0.0,48
PW,1947,marine_hw,historical,0.13869094779791666,0.25242794,0.0,48
PW,1948,marine_hw,historical,0.13157357310416667,0.25766596,0.0,48
PW,1949,marine_hw,historical,0.12827175902916668,0.25074214,0.0,48
PW,1950,marine_hw,historical,0.0846127692375,0.1748742,0.0,48
PW,1951,marine_hw,historical,0.1374937241875,0.28143317,0.0,48
PW,1952,marine_hw,historical,0.17481179684458334,0.32402462,0.00040924954,48
PW,1953,marine_hw,historical,0.14261039012500001,0.23804104,0.024123652,48
PW,1954,marine_hw,historical,0.10818044814583333,0.20581943,0.0,48
PW,1955,marine_hw,historical,0.12641642514416665,0.23764795,0.0,48
PW,1956,marine_hw,historical,0.12249251213541666,0.2674893,0.0,48
PW,1957,marine_hw,historical,0.16169710029583334,0.29748678,0.0017509842,48
PW,1958,marine_hw,historical,0.12403176658333333,0.24579369,0.0,48
PW,1959,marine_hw,historical,0.10369262277520834,0.23376891,0.0,48
PW,1960,marine_hw,historical,0.13537279517708334,0.25826055,0.0,48
PW,1961,marine_hw,historical,0.13931608906958334,0.27409992,0.0,48
PW,1962,marine_hw,historical,0.12096568954166666,0.21034665,0.01347783,48
PW,1963,marine_hw,historical,0.09201419891666666,0.20160723,0.0,48
PW,1964,marine_hw,historical,0.061694338366666664,0.16464052,0.0,48
PW,1965,marine_hw,historical,0.113467408125,0.23719859,0.0,48
PW,1966,marine_hw,historical,0.11779924701875,0.20118147,0.0,48
PW,1967,marine_hw,historical,0.08160779933958333,0.16459695,0.0,48
PW,1968,marine_hw,historical,0.09114771916666665,0.28929842,0.0,48
PW,1969,marine_hw,historical,0.12390977583333333,0.24449462,0.0,48
PW,1970,marine_hw,historical,0.12093101220975,0.22906649,0.0,48
PW,1971,marine_hw,historical,0.10783399213333333,0.1932872,0.0,48
PW,1972,marine_hw,historical,0.06759330965416667,0.20932084,0.0,48
PW,1973,marine_hw,historical,0.12980098783333333,0.2471554,0.0,48
PW,1974,marine_hw,historical,0.12626025030208335,0.2101433,0.0,48
PW,1975,marine_hw,historical,0.1238799254875,0.23764977,0.0,48
PW,1976,marine_hw,historical,0.09549224236458333,0.21575081,0.0,48
PW,1977,marine_hw,historical,0.12180429055625001,0.27202016,0.0,48
PW,1978,marine_hw,historical,0.104250036125,0.20712213,0.0,48
PW,1979,marine_hw,historical,0.11267973526041668,0.22895029,0.0,48
PW,1980,marine_hw,historical,0.11856776755416666,0.2660341,0.0,48
PW,1981,marine_hw,historical,0.11999410848749999,0.25319502,0.0,48
PW,1982,marine_hw,historical,0.11750954189583333,0.20495248,0.0,48
PW,1983,marine_hw,historical,0.08337449018125,0.1712448,0.0,48
PW,1984,marine_hw,historical,0.09296925562291668,0.20195037,0.0,48
PW,1985,marine_hw,historical,0.14625662041875,0.27363062,0.0,48
PW,1986,marine_hw,historical,0.11213295176041667,0.18723941,0.0,48
PW,1987,marine_hw,historical,0.09137180248125,0.19714719,0.0,48
PW,1988,marine_hw,historical,0.13283689135416668,0.26136523,0.0,48
PW,1989,marine_hw,historical,0.15167675279166667,0.243398,0.0,48
PW,1990,marine_hw,historical,0.12986480771458334,0.21733949,0.0,48
PW,1991,marine_hw,historical,0.13350925142708334,0.22650556,0.0,48
PW,1992,marine_hw,historical,0.07747616664270833,0.19103312,0.0,48
PW,1993,marine_hw,historical,0.11483975037604166,0.22090986,0.0,48
PW,1994,marine_hw,historical,0.1471516061875,0.26469326,0.0,48
PW,1995,marine_hw,historical,0.13715658267708333,0.24257007,0.0,48
PW,1996,marine_hw,historical,0.10856634532708333,0.2061181,0.0,48
PW,1997,marine_hw,historical,0.1559796145625,0.3082443,0.0,48
PW,1998,marine_hw,historical,0.170198249,0.27188128,0.015016559,48
PW,1999,marine_hw,historical,0.14973886933333333,0.26311007,0.010189593,48
PW,2000,marine_hw,historical,0.12536117387499998,0.23162015,0.0,48
PW,2001,marine_hw,historical,0.15301587855195833,0.27211094,0.0,48
PW,2002,marine_hw,historical,0.16535938759583332,0.3098974,0.0,48
PW,2003,marine_hw,historical,0.136131205650875,0.22980997,0.0,48
PW,2004,marine_hw,historical,0.13915674481249998,0.25194496,0.0,48
PW,2005,marine_hw,historical,0.12195063463125,0.25839582,0.0,48
PW,2006,marine_hw,historical,0.1582689225,0.29228324,0.0,48
PW,2007,marine_hw,historical,0.14489372072916665,0.23462588,0.008933362,48
PW,2008,marine_hw,historical,0.15879017772916668,0.31802857,0.0,48
PW,2009,marine_hw,historical,0.15474923666666665,0.29264367,0.0,48
PW,2010,marine_hw,historical,0.17414147562500001,0.2890569,0.0,48
PW,2011,marine_hw,historical,0.19287707664583334,0.28496182,0.039336294,48
PW,2012,marine_hw,historical,0.1891253270625,0.28241995,0.030195614,48
PW,2013,marine_hw,historical,0.1369138837625,0.23603389,0.0,48
PW,2014,marine_hw,historical,0.14940710227083334,0.3067237,0.0,48
RE,1850,marine_hw,historical,0.0038496836944444442,0.08163453,0.0,72
RE,1851,marine_hw,historical,0.002049854398611111,0.08383414,0.0,72
RE,1852,marine_hw,historical,0.004287996991666667,0.10118591,0.0,72
RE,1853,marine_hw,historical,0.004698079465277778,0.1270547,0.0,72
RE,1854,marine_hw,historical,0.0024138651375000004,0.07164687,0.0,72
RE,1855,marine_hw,historical,0.0008459136638888889,0.03474553,0.0,72
RE,1856,marine_hw,historical,0.005140735638888889,0.13551089,0.0,72
RE,1857,marine_hw,historical,0.008789709,0.1729887,0.0,72
RE,1858,marine_hw,historical,0.002160895024583333,0.068596646,0.0,72
RE,1859,marine_hw,historical,0.0024053385736111112,0.08111254,0.0,72
RE,1860,marine_hw,historical,1.9800693055555555e-05,0.0009394072,0.0,72
RE,1861,marine_hw,historical,0.00042783904166666665,0.014218599,0.0,72
RE,1862,marine_hw,historical,0.0020871429222222224,0.053310126,0.0,72
RE,1863,marine_hw,historical,0.012006039740277778,0.18916214,0.0,72
RE,1864,marine_hw,historical,0.0,0.0,0.0,72
RE,1865,marine_hw,historical,0.004706623569444445,0.09421398,0.0,72
RE,1866,marine_hw,historical,0.0008437725666666667,0.03733277,0.0,72
RE,1867,marine_hw,historical,0.007384422930555555,0.1427933,0.0,72
RE,1868,marine_hw,historical,0.005217412097222223,0.14774355,0.0,72
RE,1869,marine_hw,historical,0.0014047050361111113,0.05924626,0.0,72
RE,1870,marine_hw,historical,0.0019412157722222222,0.059098285,0.0,72
RE,1871,marine_hw,historical,0.0010585440041666666,0.04493382,0.0,72
RE,1872,marine_hw,historical,0.009849245694444446,0.15512037,0.0,72
RE,1873,marine_hw,historical,0.001560386297222222,0.05890129,0.0,72
RE,1874,marine_hw,historical,0.0009825413652777776,0.030269146,0.0,72
RE,1875,marine_hw,historical,0.0001621896388888889,0.011677654,0.0,72
RE,1876,marine_hw,historical,0.0036773165652777776,0.09146968,0.0,72
RE,1877,marine_hw,historical,0.004876428451388889,0.11708701,0.0,72
RE,1878,marine_hw,historical,0.0013337450055555557,0.061001047,0.0,72
RE,1879,marine_hw,historical,0.0007870371583333334,0.034342464,0.0,72
RE,1880,marine_hw,historical,0.004511740845833333,0.12877044,0.0,72
RE,1881,marine_hw,historical,0.0043096331513888895,0.13961509,0.0,72
RE,1882,marine_hw,historical,0.004464662909722222,0.14227223,0.0,72
RE,1883,marine_hw,historical,0.0005808773472222223,0.022942428,0.0,72
RE,1884,marine_hw,historical,0.0004285726527777778,0.028607862,0.0,72
RE,1885,marine_hw,historical,0.009760248606944445,0.15857458,0.0,72
RE,1886,marine_hw,historical,0.005980156837499999,0.13344654,0.0,72
RE,1887,marine_hw,historical,0.0003780839379166667,0.011071071,0.0,72
RE,1888,marine_hw,historical,0.0,0.0,0.0,72
RE,1889,marine_hw,historical,0.002518675466666667,0.09115921,0.0,72
RE,1890,marine_hw,historical,0.007225259612500001,0.14006445,0.0,72
RE,1891,marine_hw,historical,0.0045716174861111115,0.124835126,0.0,72
RE,1892,marine_hw,historical,0.006850353365277778,0.15778568,0.0,72
RE,1893,marine_hw,historical,0.0022990971138888887,0.08375062,0.0,72
RE,1894,marine_hw,historical,0.0018586859999999998,0.08391312,0.0,72
RE,1895,marine_hw,historical,0.002908460036111111,0.0643808,0.0,72
RE,1896,marine_hw,historical,0.00837755081388889,0.15015288,0.0,72
RE,1897,marine_hw,historical,0.0015278314933333333,0.0470953,0.0,72
RE,1898,marine_hw,historical,0.0018948168277777779,0.07697749,0.0,72
RE,1899,marine_hw,historical,0.0014923160083333334,0.059007507,0.0,72
RE,1900,marine_hw,historical,0.005536662426388889,0.1325315,0.0,72
RE,1901,marine_hw,historical,0.009891723698611112,0.16987494,0.0,72
RE,1902,marine_hw,historical,0.004416638136111112,0.116471514,0.0,72
RE,1903,marine_hw,historical,0.005394623847222222,0.080111235,0.0,72
RE,1904,marine_hw,historical,0.00015910846500000002,0.009289221,0.0,72
RE,1905,marine_hw,historical,0.00013059300833333332,0.004828441,0.0,72
RE,1906,marine_hw,historical,0.0022405965638888892,0.092084266,0.0,72
RE,1907,marine_hw,historical,0.0034156696958333333,0.082693934,0.0,72
RE,1908,marine_hw,historical,0.00035173478194444445,0.0129947085,0.0,72
RE,1909,marine_hw,historical,0.005335670909722223,0.13411106,0.0,72
RE,1910,marine_hw,historical,0.004306791506944445,0.10591557,0.0,72
RE,1911,marine_hw,historical,0.003102098800277778,0.08462846,0.0,72
RE,1912,marine_hw,historical,0.002717759694444445,0.086825356,0.0,72
RE,1913,marine_hw,historical,0.0024854169009722225,0.07024794,0.0,72
RE,1914,marine_hw,historical,0.0049163866208333335,0.12814678,0.0,72
RE,1915,marine_hw,historical,0.007404802930555556,0.12682049,0.0,72
RE,1916,marine_hw,historical,0.0005846701250000001,0.020772776,0.0,72
RE,1917,marine_hw,historical,0.002595805702777778,0.09552212,0.0,72
RE,1918,marine_hw,historical,0.0057652956083333335,0.11859759,0.0,72
RE,1919,marine_hw,historical,0.0012198305833333335,0.062718615,0.0,72
RE,1920,marine_hw,historical,0.002347882076666667,0.08546364,0.0,72
RE,1921,marine_hw,historical,0.001959659541666667,0.07785625,0.0,72
RE,1922,marine_hw,historical,0.00031753290694444444,0.021709628,0.0,72
RE,1923,marine_hw,historical,0.007774147584722222,0.19480595,0.0,72
RE,1924,marine_hw,historical,0.009254101986111112,0.14520535,0.0,72
RE,1925,marine_hw,historical,0.0002567856833333333,0.015022005,0.0,72
RE,1926,marine_hw,historical,0.004917128393055556,0.116336256,0.0,72
RE,1927,marine_hw,historical,0.0065446739416666665,0.10757504,0.0,72
RE,1928,marine_hw,historical,0.001514519451388889,0.07598799,0.0,72
RE,1929,marine_hw,historical,0.0022540426125000003,0.08730649,0.0,72
RE,1930,marine_hw,historical,0.0027479409124999995,0.1268568,0.0,72
RE,1931,marine_hw,historical,0.00320836169125,0.06126431,0.0,72
RE,1932,marine_hw,historical,0.01616561813888889,0.22823766,0.0,72
RE,1933,marine_hw,historical,0.00015787046805555555,0.008339487,0.0,72
RE,1934,marine_hw,historical,0.0010840617458333333,0.033759654,0.0,72
RE,1935,marine_hw,historical,0.007525544608333333,0.10152452,0.0,72
RE,1936,marine_hw,historical,0.00669910548375,0.16896893,0.0,72
RE,1937,marine_hw,historical,0.0006184503986111111,0.032677554,0.0,72
RE,1938,marine_hw,historical,0.0024419314361111112,0.065545514,0.0,72
RE,1939,marine_hw,historical,0.011554550949999999,0.16555467,0.0,72
RE,1940,marine_hw,historical,0.0028395723166666667,0.07376295,0.0,72
RE,1941,marine_hw,historical,0.001505438947222222,0.057402506,0.0,72
RE,1942,marine_hw,historical,0.00018969879069444446,0.012745232,0.0,72
RE,1943,marine_hw,historical,0.004346989277777778,0.0939389,0.0,72
RE,1944,marine_hw,historical,0.004475007041666666,0.117432885,0.0,72
RE,1945,marine_hw,historical,0.00505263545,0.118698366,0.0,72
RE,1946,marine_hw,historical,0.006748319288888889,0.15438506,0.0,72
RE,1947,marine_hw,historical,0.005371696297222223,0.114034064,0.0,72
RE,1948,marine_hw,historical,0.005527845754166667,0.13192144,0.0,72
RE,1949,marine_hw,historical,0.0032643483000000004,0.09213419,0.0,72
RE,1950,marine_hw,historical,0.0017457738194444445,0.053616054,0.0,72
RE,1951,marine_hw,historical,0.006720447604166666,0.11255525,0.0,72
RE,1952,marine_hw,historical,0.01914252364027778,0.19406156,0.0,72
RE,1953,marine_hw,historical,0.0012852129386111111,0.06417473,0.0,72
RE,1954,marine_hw,historical,0.0027211465416666666,0.06859029,0.0,72
RE,1955,marine_hw,historical,0.006752096208333332,0.13811901,0.0,72
RE,1956,marine_hw,historical,0.006222059776388889,0.12611875,0.0,72
RE,1957,marine_hw,historical,0.005058826966666667,0.10002846,0.0,72
RE,1958,marine_hw,historical,0.0014363623111111113,0.07290599,0.0,72
RE,1959,marine_hw,historical,0.006863411309722222,0.124910474,0.0,72
RE,1960,marine_hw,historical,0.004444129198611111,0.1244838,0.0,72
RE,1961,marine_hw,historical,0.008371395097222224,0.1600661,0.0,72
RE,1962,marine_hw,historical,0.006383461527777777,0.09323627,0.0,72
RE,1963,marine_hw,historical,0.0014046900291666666,0.06853128,0.0,72
RE,1964,marine_hw,historical,0.0043669075138888895,0.11402045,0.0,72
RE,1965,marine_hw,historical,0.01642792515277778,0.19310564,0.0,72
RE,1966,marine_hw,historical,0.001384284940277778,0.04826909,0.0,72
RE,1967,marine_hw,historical,0.00172040893125,0.07329181,0.0,72
RE,1968,marine_hw,historical,0.008826067589722222,0.16508627,0.0,72
RE,1969,marine_hw,historical,0.014494767777777778,0.1804354,0.0,72
RE,1970,marine_hw,historical,0.0028987285666666664,0.07576466,0.0,72
RE,1971,marine_hw,historical,0.0002889118652777778,0.015410545,0.0,72
RE,1972,marine_hw,historical,4.040753472222222e-05,0.0029093425,0.0,72
RE,1973,marine_hw,historical,0.0093296561375,0.15966302,0.0,72
RE,1974,marine_hw,historical,0.0031680763347222223,0.10535455,0.0,72
RE,1975,marine_hw,historical,0.003157772,0.098812,0.0,72
RE,1976,marine_hw,historical,0.004058685931944445,0.08055243,0.0,72
RE,1977,marine_hw,historical,0.004820154104166667,0.13571516,0.0,72
RE,1978,marine_hw,historical,0.006148744486111111,0.12631847,0.0,72
RE,1979,marine_hw,historical,0.0032262937924999995,0.10791364,0.0,72
RE,1980,marine_hw,historical,0.009381498802777779,0.12909001,0.0,72
RE,1981,marine_hw,historical,0.01588908483333333,0.2394663,0.0,72
RE,1982,marine_hw,historical,0.005289621223611111,0.11396779,0.0,72
RE,1983,marine_hw,historical,6.659280555555556e-05,0.004794682,0.0,72
RE,1984,marine_hw,historical,0.007665882527777779,0.18086208,0.0,72
RE,1985,marine_hw,historical,0.012085942586111112,0.17260832,0.0,72
RE,1986,marine_hw,historical,0.0015424628027777777,0.046052232,0.0,72
RE,1987,marine_hw,historical,0.002872396879166667,0.07476699,0.0,72
RE,1988,marine_hw,historical,0.012098981813888889,0.19821113,0.0,72
RE,1989,marine_hw,historical,0.0054006207715277775,0.1257284,0.0,72
RE,1990,marine_hw,historical,0.007389272611111112,0.12163602,0.0,72
RE,1991,marine_hw,historical,0.005068656034722222,0.09683571,0.0,72
RE,1992,marine_hw,historical,0.0009096813708333333,0.059955254,0.0,72
RE,1993,marine_hw,historical,0.0017813839930555554,0.052804485,0.0,72
RE,1994,marine_hw,historical,0.006063469186111111,0.11662403,0.0,72
RE,1995,marine_hw,historical,0.0011823567888888888,0.044359177,0.0,72
RE,1996,marine_hw,historical,0.0033788941375,0.075835474,0.0,72
RE,1997,marine_hw,historical,0.007828206156111111,0.15549803,0.0,72
RE,1998,marine_hw,historical,0.013848792416666667,0.1881699,0.0,72
RE,1999,marine_hw,historical,0.0034631212930555555,0.059829067,0.0,72
RE,2000,marine_hw,historical,0.006939427208333333,0.13854024,0.0,72
RE,2001,marine_hw,historical,0.005974734412499999,0.11280762,0.0,72
RE,2002,marine_hw,historical,0.01702228499027778,0.23604296,0.0,72
RE,2003,marine_hw,historical,0.012113168466666666,0.21930124,0.0,72
RE,2004,marine_hw,historical,0.004782626608888889,0.105458036,0.0,72
RE,2005,marine_hw,historical,0.0013806694625,0.030851047,0.0,72
RE,2006,marine_hw,historical,0.0035053862192361107,0.092073366,0.0,72
RE,2007,marine_hw,historical,0.005215465893055556,0.100367986,0.0,72
RE,2008,marine_hw,historical,0.01081949075,0.16317533,0.0,72
RE,2009,marine_hw,historical,0.006465382281944444,0.10520749,0.0,72
RE,2010,marine_hw,historical,0.011307328541666668,0.18443248,0.0,72
RE,2011,marine_hw,historical,0.016465609454166665,0.24871682,0.0,72
RE,2012,marine_hw,historical,0.004470488548611111,0.10402733,0.0,72
RE,2013,marine_hw,historical,0.003233606862777778,0.1043369,0.0,72
RE,2014,marine_hw,historical,0.01206331748611111,0.18481919,0.0,72
RU,1850,marine_hw,historical,0.00021632050384358975,0.16489471,0.0,7800
RU,1851,marine_hw,historical,0.00017161214380769229,0.16898619,0.0,7800
RU,1852,marine_hw,historical,0.00023163970967948717,0.20145199,0.0,7800
RU,1853,marine_hw,historical,0.00012042600206410257,0.10718014,0.0,7800
RU,1854,marine_hw,historical,0.00017797167552410258,0.18443337,0.0,7800
RU,1855,marine_hw,historical,0.00011637625030769231,0.14009532,0.0,7800
RU,1856,marine_hw,historical,9.322556973076922e-05,0.072227865,0.0,7800
RU,1857,marine_hw,historical,0.00018761284637179487,0.19287324,0.0,7800
RU,1858,marine_hw,historical,0.00010599371551282051,0.1306968,0.0,7800
RU,1859,marine_hw,historical,0.00010841386907179487,0.10009201,0.0,7800
RU,1860,marine_hw,historical,2.9957468205128204e-06,0.011612178,0.0,7800
RU,1861,marine_hw,historical,0.00014879240911538463,0.11552892,0.0,7800
RU,1862,marine_hw,historical,0.00019840369584615385,0.14603779,0.0,7800
RU,1863,marine_hw,historical,0.00012192882241538462,0.12170501,0.0,7800
RU,1864,marine_hw,historical,0.00014243694326923075,0.14028776,0.0,7800
RU,1865,marine_hw,historical,0.0001369312292948718,0.16132522,0.0,7800
RU,1866,marine_hw,historical,8.878638150641026e-05,0.112443596,0.0,7800
RU,1867,marine_hw,historical,9.154570198717949e-05,0.14044482,0.0,7800
RU,1868,marine_hw,historical,0.0002103894446794872,0.22882229,0.0,7800
RU,1869,marine_hw,historical,0.0001058538577871795,0.14631014,0.0,7800
RU,1870,marine_hw,historical,9.983800998717949e-05,0.10595915,0.0,7800
RU,1871,marine_hw,historical,7.35291455897436e-05,0.08672368,0.0,7800
RU,1872,marine_hw,historical,0.00013505662830769232,0.17610791,0.0,7800
RU,1873,marine_hw,historical,0.00021120840941923075,0.18790664,0.0,7800
RU,1874,marine_hw,historical,0.0001708734845897436,0.132195,0.0,7800
RU,1875,marine_hw,historical,0.00015009330922051282,0.17011732,0.0,7800
RU,1876,marine_hw,historical,0.00011318063582307693,0.15953322,0.0,7800
RU,1877,marine_hw,historical,8.450322037179487e-05,0.08323409,0.0,7800
RU,1878,marine_hw,historical,7.389142546153845e-05,0.13625257,0.0,7800
RU,1879,marine_hw,historical,9.858418181538462e-05,0.10853095,0.0,7800
RU,1880,marine_hw,historical,0.00014033586304615383,0.143328,0.0,7800
RU,1881,marine_hw,historical,0.0002088708533974359,0.18174809,0.0,7800
RU,1882,marine_hw,historical,4.949098312820512e-05,0.07387099,0.0,7800
RU,1883,marine_hw,historical,5.9339579128205124e-05,0.08199403,0.0,7800
RU,1884,marine_hw,historical,1.276104435897436e-05,0.043512423,0.0,7800
RU,1885,marine_hw,historical,4.296250044871795e-05,0.049447417,0.0,7800
RU,1886,marine_hw,historical,0.00017605847147435897,0.16352211,0.0,7800
RU,1887,marine_hw,historical,9.750119992692308e-05,0.10890951,0.0,7800
RU,1888,marine_hw,historical,0.00022777299274358975,0.18553182,0.0,7800
RU,1889,marine_hw,historical,7.246012705128205e-05,0.14525709,0.0,7800
RU,1890,marine_hw,historical,5.2957183923076924e-05,0.07581936,0.0,7800
RU,1891,marine_hw,historical,0.00010959354666666667,0.15602729,0.0,7800
RU,1892,marine_hw,historical,0.00015201826015384616,0.11980406,0.0,7800
RU,1893,marine_hw,historical,0.00013341508671794872,0.18405937,0.0,7800
RU,1894,marine_hw,historical,0.00012137891625641025,0.1555997,0.0,7800
RU,1895,marine_hw,historical,0.00022658716784615385,0.17760307,0.0,7800
RU,1896,marine_hw,historical,7.51448022525641e-05,0.1505641,0.0,7800
RU,1897,marine_hw,historical,9.925341611538461e-05,0.14638458,0.0,7800
RU,1898,marine_hw,historical,0.0001070679876628205,0.1311943,0.0,7800
RU,1899,marine_hw,historical,0.00021537760116410257,0.21190263,0.0,7800
RU,1900,marine_hw,historical,0.0002409559544051282,0.21899894,0.0,7800
RU,1901,marine_hw,historical,0.00021120791675307695,0.15599096,0.0,7800
RU,1902,marine_hw,historical,0.00018567335446794872,0.20356263,0.0,7800
RU,1903,marine_hw,historical,2.766112169230769e-05,0.07474974,0.0,7800
RU,1904,marine_hw,historical,6.217579615384616e-05,0.11836792,0.0,7800
RU,1905,marine_hw,historical,8.182974846153847e-05,0.12914719,0.0,7800
RU,1906,marine_hw,historical,7.496815110256411e-05,0.0888425,0.0,7800
RU,1907,marine_hw,historical,0.00016489743656410255,0.16418117,0.0,7800
RU,1908,marine_hw,historical,0.00023806606102564102,0.22445574,0.0,7800
RU,1909,marine_hw,historical,8.450227660256411e-05,0.13070498,0.0,7800
RU,1910,marine_hw,historical,9.605024501666665e-05,0.12025979,0.0,7800
RU,1911,marine_hw,historical,0.00013868249165948718,0.10725731,0.0,7800
RU,1912,marine_hw,historical,0.00015444783585897434,0.19773725,0.0,7800
RU,1913,marine_hw,historical,6.373417133717948e-05,0.14773448,0.0,7800
RU,1914,marine_hw,historical,9.534463032051283e-05,0.16276136,0.0,7800
RU,1915,marine_hw,historical,0.00010918440968846153,0.15507591,0.0,7800
RU,1916,marine_hw,historical,0.000163880672025641,0.17834201,0.0,7800
RU,1917,marine_hw,historical,5.8263534948717947e-05,0.091466054,0.0,7800
RU,1918,marine_hw,historical,0.00016206809633846153,0.15202567,0.0,7800
RU,1919,marine_hw,historical,0.00019556281161282053,0.17330642,0.0,7800
RU,1920,marine_hw,historical,0.00010935530583589743,0.12451739,0.0,7800
RU,1921,marine_hw,historical,0.00016968223655128203,0.16998295,0.0,7800
RU,1922,marine_hw,historical,0.0001149923703525641,0.13579413,0.0,7800
RU,1923,marine_hw,historical,0.00010124500887179487,0.101057,0.0,7800
RU,1924,marine_hw,historical,0.0001988543686025641,0.1961368,0.0,7800
RU,1925,marine_hw,historical,0.0001994089428333333,0.1578456,0.0,7800
RU,1926,marine_hw,historical,0.00013625768574871796,0.16318986,0.0,7800
RU,1927,marine_hw,historical,0.00014893535537179487,0.18239446,0.0,7800
RU,1928,marine_hw,historical,5.7426373847435893e-05,0.10660459,0.0,7800
RU,1929,marine_hw,historical,0.00011476363375641026,0.12762117,0.0,7800
RU,1930,marine_hw,historical,0.0001272971121076923,0.1578084,0.0,7800
RU,1931,marine_hw,historical,0.00011274902565384615,0.11474215,0.0,7800
RU,1932,marine_hw,historical,0.000252047629374359,0.19501022,0.0,7800
RU,1933,marine_hw,historical,0.00018765315153846155,0.216714,0.0,7800
RU,1934,marine_hw,historical,0.00011754359006410256,0.1269049,0.0,7800
RU,1935,marine_hw,historical,0.00016086399866666666,0.15929446,0.0,7800
RU,1936,marine_hw,historical,0.00019312803644871797,0.1627414,0.0,7800
RU,1937,marine_hw,historical,0.0002797007896692308,0.20613505,0.0,7800
RU,1938,marine_hw,historical,0.00016143830434615385,0.11846778,0.0,7800
RU,1939,marine_hw,historical,0.00012876571896410256,0.189498,0.0,7800
RU,1940,marine_hw,historical,0.00028306529012820514,0.262638,0.0,7800
RU,1941,marine_hw,historical,0.00019329315641025642,0.1639288,0.0,7800
RU,1942,marine_hw,historical,0.00012770111555128206,0.13162369,0.0,7800
RU,1943,marine_hw,historical,0.0001301936823076923,0.1414897,0.0,7800
RU,1944,marine_hw,historical,5.650112508974359e-05,0.09306197,0.0,7800
RU,1945,marine_hw,historical,0.00013682920569230768,0.16387343,0.0,7800
RU,1946,marine_hw,historical,0.00010894765496153845,0.10592374,0.0,7800
RU,1947,marine_hw,historical,0.000144173066,0.13889702,0.0,7800
RU,1948,marine_hw,historical,0.00018679345664615385,0.15766677,0.0,7800
RU,1949,marine_hw,historical,0.0001633836837820513,0.13202675,0.0,7800
RU,1950,marine_hw,historical,0.00023275628701282053,0.16892718,0.0,7800
RU,1951,marine_hw,historical,0.00013003078402564104,0.17522642,0.0,7800
RU,1952,marine_hw,historical,0.00011944968637179488,0.11772519,0.0,7800
RU,1953,marine_hw,historical,0.00020721056958974358,0.12516102,0.0,7800
RU,1954,marine_hw,historical,0.00025990226733717947,0.16328971,0.0,7800
RU,1955,marine_hw,historical,0.00010255562437564103,0.124593645,0.0,7800
RU,1956,marine_hw,historical,0.00012404689278205127,0.095543906,0.0,7800
RU,1957,marine_hw,historical,0.00013019631946282052,0.13428445,0.0,7800
RU,1958,marine_hw,historical,0.00015468532099102562,0.1707337,0.0,7800
RU,1959,marine_hw,historical,0.00014139720584358976,0.14228131,0.0,7800
RU,1960,marine_hw,historical,3.631593771282051e-05,0.098210126,0.0,7800
RU,1961,marine_hw,historical,8.706279546153846e-05,0.11025124,0.0,7800
RU,1962,marine_hw,historical,0.00015962475294871794,0.14232033,0.0,7800
RU,1963,marine_hw,historical,4.633997523076923e-05,0.09709171,0.0,7800
RU,1964,marine_hw,historical,0.00010259229266666667,0.14395893,0.0,7800
RU,1965,marine_hw,historical,8.076721614102564e-05,0.119653374,0.0,7800
RU,1966,marine_hw,historical,5.072653452564102e-05,0.073383495,0.0,7800
RU,1967,marine_hw,historical,8.83288006474359e-05,0.09957183,0.0,7800
RU,1968,marine_hw,historical,0.0001294029310076923,0.13826972,0.0,7800
RU,1969,marine_hw,historical,0.00016871441455897437,0.17606343,0.0,7800
RU,1970,marine_hw,historical,0.00013826468178205128,0.10915734,0.0,7800
RU,1971,marine_hw,historical,0.00011589095043589744,0.11856219,0.0,7800
RU,1972,marine_hw,historical,8.011946555128205e-05,0.15535095,0.0,7800
RU,1973,marine_hw,historical,4.081924863589744e-05,0.06920487,0.0,7800
RU,1974,marine_hw,historical,0.00017617387136410257,0.17330462,0.0,7800
RU,1975,marine_hw,historical,0.00011728578628205128,0.17321382,0.0,7800
RU,1976,marine_hw,historical,7.590918987179486e-05,0.11807833,0.0,7800
RU,1977,marine_hw,historical,7.867297285897436e-05,0.0962874,0.0,7800
RU,1978,marine_hw,historical,0.0001705731278076923,0.11561546,0.0,7800
RU,1979,marine_hw,historical,7.164096566666666e-05,0.11463049,0.0,7800
RU,1980,marine_hw,historical,8.325756373076922e-05,0.0728025,0.0,7800
RU,1981,marine_hw,historical,0.00020021822157692307,0.17551875,0.0,7800
RU,1982,marine_hw,historical,0.0001124973048923077,0.13122153,0.0,7800
RU,1983,marine_hw,historical,1.9310337923076924e-05,0.041399732,0.0,7800
RU,1984,marine_hw,historical,0.00014326280521410255,0.18309891,0.0,7800
RU,1985,marine_hw,historical,0.00018811595637179487,0.16452977,0.0,7800
RU,1986,marine_hw,historical,0.0001849156342397436,0.13563982,0.0,7800
RU,1987,marine_hw,historical,0.00013818562029871797,0.1262649,0.0,7800
RU,1988,marine_hw,historical,0.00019445803198205129,0.180597,0.0,7800
RU,1989,marine_hw,historical,0.00027594412362820514,0.1783756,0.0,7800
RU,1990,marine_hw,historical,0.00013504740420512823,0.15212281,0.0,7800
RU,1991,marine_hw,historical,0.00014120499807692306,0.14496386,0.0,7800
RU,1992,marine_hw,historical,0.00020612548231410257,0.19358768,0.0,7800
RU,1993,marine_hw,historical,0.00010728840396153846,0.12669611,0.0,7800
RU,1994,marine_hw,historical,0.00015533756047051282,0.16484296,0.0,7800
RU,1995,marine_hw,historical,0.00021296943537179485,0.16417572,0.0,7800
RU,1996,marine_hw,historical,0.00015609813093589743,0.148527,0.0,7800
RU,1997,marine_hw,historical,0.00023911569914102565,0.24097598,0.0,7800
RU,1998,marine_hw,historical,0.0003422417014230769,0.22469813,0.0,7800
RU,1999,marine_hw,historical,0.00021513233433333333,0.13157102,0.0,7800
RU,2000,marine_hw,historical,0.0001675718336794872,0.14547859,0.0,7800
RU,2001,marine_hw,historical,0.0002485207130769231,0.22373042,0.0,7800
RU,2002,marine_hw,historical,0.00037866313523076924,0.22251214,0.0,7800
RU,2003,marine_hw,historical,0.00027764121362820515,0.14705513,0.0,7800
RU,2004,marine_hw,historical,0.00025126899041025643,0.23398408,0.0,7800
RU,2005,marine_hw,historical,0.0003144539941282051,0.2278582,0.0,7800
RU,2006,marine_hw,historical,0.00036488554444871795,0.24186018,0.0,7800
RU,2007,marine_hw,historical,0.00021454785644230772,0.16617018,0.0,7800
RU,2008,marine_hw,historical,0.00037555693092307694,0.23949079,0.0,7800
RU,2009,marine_hw,historical,0.00016773763394871793,0.13907857,0.0,7800
RU,2010,marine_hw,historical,0.00029108020711538456,0.19587353,0.0,7800
RU,2011,marine_hw,historical,0.00036224036106410255,0.24936318,0.0,7800
RU,2012,marine_hw,historical,0.00032387334597435894,0.19365303,0.0,7800
RU,2013,marine_hw,historical,0.00040591530035256413,0.2815376,0.0,7800
RU,2014,marine_hw,historical,0.00040172631728205125,0.1944501,0.0,7800
SA,1850,marine_hw,historical,0.17387942556388888,0.6536545,0.0,36
SA,1851,marine_hw,historical,0.1760758150825,0.6493007,0.0,36
SA,1852,marine_hw,historical,0.18983417348055556,0.6574745,0.0,36
SA,1853,marine_hw,historical,0.16408596625,0.652202,0.0,36
SA,1854,marine_hw,historical,0.16948050452777777,0.5844145,0.0,36
SA,1855,marine_hw,historical,0.1402496345,0.5494894,0.0,36
SA,1856,marine_hw,historical,0.15209451022222223,0.5785464,0.0,36
SA,1857,marine_hw,historical,0.16721722555555557,0.63944554,0.0,36
SA,1858,marine_hw,historical,0.16995171402777778,0.6471437,0.0,36
SA,1859,marine_hw,historical,0.1515542878611111,0.6095534,0.0,36
SA,1860,marine_hw,historical,0.12034011119444446,0.48101553,0.0,36
SA,1861,marine_hw,historical,0.16876175665166668,0.6425321,0.0,36
SA,1862,marine_hw,historical,0.17694923675,0.66403615,0.0,36
SA,1863,marine_hw,historical,0.17374288857222223,0.64832026,0.0,36
SA,1864,marine_hw,historical,0.15085851496111113,0.5428806,0.0,36
SA,1865,marine_hw,historical,0.1551748591777778,0.6237841,0.0,36
SA,1866,marine_hw,historical,0.16831063116666667,0.62281096,0.0,36
SA,1867,marine_hw,historical,0.17188358398611112,0.64895207,0.0,36
SA,1868,marine_hw,historical,0.1680784103625,0.6712114,0.0,36
SA,1869,marine_hw,historical,0.1411594893888889,0.6044261,0.0,36
SA,1870,marine_hw,historical,0.14566241330555557,0.5503827,0.0,36
SA,1871,marine_hw,historical,0.16458510047222222,0.6648931,0.0,36
SA,1872,marine_hw,historical,0.16731740988888888,0.6513995,0.0,36
SA,1873,marine_hw,historical,0.15918582827777777,0.5963103,0.0,36
SA,1874,marine_hw,historical,0.14169288797222224,0.57698864,0.0,36
SA,1875,marine_hw,historical,0.16180754805555556,0.6330982,0.0,36
SA,1876,marine_hw,historical,0.20006101602777776,0.6785574,0.0,36
SA,1877,marine_hw,historical,0.1196158809527778,0.507705,0.0,36
SA,1878,marine_hw,historical,0.11794294878055554,0.531366,0.0,36
SA,1879,marine_hw,historical,0.13905459055555555,0.56488216,0.0,36
SA,1880,marine_hw,historical,0.16771117005555555,0.63061804,0.0,36
SA,1881,marine_hw,historical,0.17500098141944445,0.6395908,0.0,36
SA,1882,marine_hw,historical,0.1379674052388889,0.5916188,0.0,36
SA,1883,marine_hw,historical,0.12935079789166667,0.53488827,0.0,36
SA,1884,marine_hw,historical,0.1284641954722222,0.5412066,0.0,36
SA,1885,marine_hw,historical,0.16805402583333331,0.6538397,0.0,36
SA,1886,marine_hw,historical,0.18898047545833335,0.71148163,0.0,36
SA,1887,marine_hw,historical,0.14385314738888888,0.55036575,0.0,36
SA,1888,marine_hw,historical,0.13489904975,0.536624,0.0,36
SA,1889,marine_hw,historical,0.13955301819444443,0.55558985,0.0,36
SA,1890,marine_hw,historical,0.2030278241111111,0.6928862,0.0,36
SA,1891,marine_hw,historical,0.19234102077777776,0.7314824,0.0,36
SA,1892,marine_hw,historical,0.15113911991944445,0.6506551,0.0,36
SA,1893,marine_hw,historical,0.14308988251111113,0.6029046,0.0,36
SA,1894,marine_hw,historical,0.1763461348888889,0.65414834,0.0,36
SA,1895,marine_hw,historical,0.2119047032222222,0.6768398,0.0,36
SA,1896,marine_hw,historical,0.18928842944444446,0.67645484,0.0,36
SA,1897,marine_hw,historical,0.14474438850000002,0.5886751,0.0,36
SA,1898,marine_hw,historical,0.16368211467777777,0.61192816,0.0,36
SA,1899,marine_hw,historical,0.1634511326111111,0.6417477,0.0,36
SA,1900,marine_hw,historical,0.15890865566666668,0.65317154,0.0,36
SA,1901,marine_hw,historical,0.17616861974999998,0.6359342,0.0,36
SA,1902,marine_hw,historical,0.18917510569444446,0.6395,0.0,36
SA,1903,marine_hw,historical,0.1232308366111111,0.53387153,0.0,36
SA,1904,marine_hw,historical,0.15401743597222223,0.61768,0.0,36
SA,1905,marine_hw,historical,0.1695470363611111,0.56887287,0.0,36
SA,1906,marine_hw,historical,0.15612471142777778,0.629703,0.0,36
SA,1907,marine_hw,historical,0.13835897844444445,0.57927626,0.0,36
SA,1908,marine_hw,historical,0.1579343922638889,0.6345071,0.0,36
SA,1909,marine_hw,historical,0.18101832340277776,0.68599415,0.0,36
SA,1910,marine_hw,historical,0.16124166402777776,0.6141105,0.0,36
SA,1911,marine_hw,historical,0.16078320502777776,0.6511998,0.0,36
SA,1912,marine_hw,historical,0.13097508040555556,0.5542717,0.0,36
SA,1913,marine_hw,historical,0.16668102091666667,0.64726716,0.0,36
SA,1914,marine_hw,historical,0.1651354322222222,0.6700676,0.0,36
SA,1915,marine_hw,historical,0.15913337558333332,0.602464,0.0,36
SA,1916,marine_hw,historical,0.1487193051388889,0.6322739,0.0,36
SA,1917,marine_hw,historical,0.14239475010833333,0.60726935,0.0,36
SA,1918,marine_hw,historical,0.16607296807222222,0.63048005,0.0,36
SA,1919,marine_hw,historical,0.16688761263888888,0.64391196,0.0,36
SA,1920,marine_hw,historical,0.160836344625,0.56051743,0.0,36
SA,1921,marine_hw,historical,0.15518279925,0.61465883,0.0,36
SA,1922,marine_hw,historical,0.14970300866666666,0.62320673,0.0,36
SA,1923,marine_hw,historical,0.2004934545138889,0.70752,0.0,36
SA,1924,marine_hw,historical,0.17515729951111111,0.5680195,0.0,36
SA,1925,marine_hw,historical,0.15749596316666667,0.6692506,0.0,36
SA,1926,marine_hw,historical,0.1840247058888889,0.6945166,0.0,36
SA,1927,marine_hw,historical,0.204546546025,0.7021131,0.0,36
SA,1928,marine_hw,historical,0.15444265779166666,0.62196124,0.0,36
SA,1929,marine_hw,historical,0.12580900761666666,0.56999487,0.0,36
SA,1930,marine_hw,historical,0.16191965005555556,0.6633608,0.0,36
SA,1931,marine_hw,historical,0.19319674458333333,0.6552232,0.0,36
SA,1932,marine_hw,historical,0.18104063727777778,0.639057,0.0,36
SA,1933,marine_hw,historical,0.17956792138888888,0.6293145,0.0,36
SA,1934,marine_hw,historical,0.17715691997222222,0.63338506,0.0,36
SA,1935,marine_hw,historical,0.19034985183333333,0.6899049,0.0,36
SA,1936,marine_hw,historical,0.18403213243055555,0.61409605,0.0,36
SA,1937,marine_hw,historical,0.16065034197222222,0.6188529,0.0,36
SA,1938,marine_hw,historical,0.19634942491666668,0.6866114,0.0,36
SA,1939,marine_hw,historical,0.18627529602777776,0.64711106,0.0,36
SA,1940,marine_hw,historical,0.18428078177777776,0.611979,0.0,36
SA,1941,marine_hw,historical,0.1306546469722222,0.51313365,0.0,36
SA,1942,marine_hw,historical,0.14715139344444444,0.59465086,0.0,36
SA,1943,marine_hw,historical,0.15688308795555556,0.6386358,0.0,36
SA,1944,marine_hw,historical,0.16609313238611112,0.6628306,0.0,36
SA,1945,marine_hw,historical,0.1925541388611111,0.69976735,0.0,36
SA,1946,marine_hw,historical,0.1872947398888889,0.67860824,0.0,36
SA,1947,marine_hw,historical,0.20508271386111113,0.7273646,0.0,36
SA,1948,marine_hw,historical,0.16519169332222222,0.62510586,0.0,36
SA,1949,marine_hw,historical,0.14622537099166666,0.57785285,0.0,36
SA,1950,marine_hw,historical,0.18235671530555556,0.6083514,0.0,36
SA,1951,marine_hw,historical,0.183333684375,0.70603484,0.0,36
SA,1952,marine_hw,historical,0.20184666916666666,0.67978835,0.0,36
SA,1953,marine_hw,historical,0.17823990241666665,0.6521911,0.0,36
SA,1954,marine_hw,historical,0.19251366825000002,0.6686623,0.0,36
SA,1955,marine_hw,historical,0.16972384216666667,0.64943504,0.0,36
SA,1956,marine_hw,historical,0.20418000372222223,0.7411269,0.0,36
SA,1957,marine_hw,historical,0.1820586573611111,0.6652127,0.0,36
SA,1958,marine_hw,historical,0.18579035680555556,0.6863064,0.0,36
SA,1959,marine_hw,historical,0.17493739680555556,0.6753401,0.0,36
SA,1960,marine_hw,historical,0.16176288450833332,0.66686124,0.0,36
SA,1961,marine_hw,historical,0.22125753883333332,0.76162875,0.0,36
SA,1962,marine_hw,historical,0.16953053608333335,0.6057224,0.0,36
SA,1963,marine_hw,historical,0.16691682898888888,0.6369146,0.0,36
SA,1964,marine_hw,historical,0.15717352536111112,0.6665526,0.0,36
SA,1965,marine_hw,historical,0.18890592788888888,0.6642976,0.0,36
SA,1966,marine_hw,historical,0.12940282257222224,0.5601143,0.0,36
SA,1967,marine_hw,historical,0.1401869290277778,0.6155957,0.0,36
SA,1968,marine_hw,historical,0.17769168641666666,0.6589888,0.0,36
SA,1969,marine_hw,historical,0.1847917691861111,0.7185298,0.0,36
SA,1970,marine_hw,historical,0.16238370686111112,0.65509975,0.0,36
SA,1971,marine_hw,historical,0.1374031393888889,0.5873812,0.0,36
SA,1972,marine_hw,historical,0.1541058548611111,0.6616141,0.0,36
SA,1973,marine_hw,historical,0.19171659880555555,0.6769124,0.0,36
SA,1974,marine_hw,historical,0.17264670584444444,0.7141034,0.0,36
SA,1975,marine_hw,historical,0.13221412266666666,0.58305275,0.0,36
SA,1976,marine_hw,historical,0.17826026002777776,0.68520975,0.0,36
SA,1977,marine_hw,historical,0.1618487826666667,0.6319144,0.0,36
SA,1978,marine_hw,historical,0.19076533866666667,0.68187994,0.0,36
SA,1979,marine_hw,historical,0.19531850448055554,0.6547983,0.0,36
SA,1980,marine_hw,historical,0.17348440277777777,0.646334,0.0,36
SA,1981,marine_hw,historical,0.20145749963888887,0.71886027,0.0,36
SA,1982,marine_hw,historical,0.14723950083333331,0.61802864,0.0,36
SA,1983,marine_hw,historical,0.14733744252777778,0.6047638,0.0,36
SA,1984,marine_hw,historical,0.1828489797361111,0.6761136,0.0,36
SA,1985,marine_hw,historical,0.1857547321666667,0.6949741,0.0,36
SA,1986,marine_hw,historical,0.1516136519,0.5858088,0.0,36
SA,1987,marine_hw,historical,0.17418342801666667,0.62568325,0.0,36
SA,1988,marine_hw,historical,0.1937459939166667,0.7170374,0.0,36
SA,1989,marine_hw,historical,0.17346222508333334,0.6991754,0.0,36
SA,1990,marine_hw,historical,0.20502512269444445,0.7064887,0.0,36
SA,1991,marine_hw,historical,0.14990627844444443,0.62349725,0.0,36
SA,1992,marine_hw,historical,0.14865025555555555,0.6167214,0.0,36
SA,1993,marine_hw,historical,0.18573382372222225,0.67110974,0.0,36
SA,1994,marine_hw,historical,0.22346248483333334,0.7099529,0.0,36
SA,1995,marine_hw,historical,0.18559880397222223,0.64887947,0.0,36
SA,1996,marine_hw,historical,0.18840778866666666,0.6242453,0.0,36
SA,1997,marine_hw,historical,0.23463255760555557,0.7694177,0.0,36
SA,1998,marine_hw,historical,0.21808499036111112,0.69870704,0.0,36
SA,1999,marine_hw,historical,0.20354455455555553,0.6814333,0.0,36
SA,2000,marine_hw,historical,0.21245033786111112,0.7138855,0.0,36
SA,2001,marine_hw,historical,0.21731548480555554,0.74924266,0.0,36
SA,2002,marine_hw,historical,0.26623613898888887,0.81701934,0.0,36
SA,2003,marine_hw,historical,0.19317232000833334,0.6630642,0.0,36
SA,2004,marine_hw,historical,0.1895493751111111,0.6293314,0.0,36
SA,2005,marine_hw,historical,0.1622266936111111,0.66237307,0.0,36
SA,2006,marine_hw,historical,0.19144287959444442,0.6886122,0.0,36
SA,2007,marine_hw,historical,0.2155481790277778,0.70987666,0.0,36
SA,2008,marine_hw,historical,0.21990919622222224,0.75232196,0.0,36
SA,2009,marine_hw,historical,0.24618004124166668,0.7671954,0.0,36
SA,2010,marine_hw,historical,0.21685088298333333,0.69133925,0.0,36
SA,2011,marine_hw,historical,0.18468643597222223,0.69897574,0.0,36
SA,2012,marine_hw,historical,0.19352117180555556,0.6352127,0.0,36
SA,2013,marine_hw,historical,0.2064448289,0.7227965,0.0,36
SA,2014,marine_hw,historical,0.21610890558333332,0.78154963,0.0,36
SB,1850,marine_hw,historical,0.06979344072857144,0.180085,0.0,84
SB,1851,marine_hw,historical,0.0968496057095238,0.23936734,0.0,84
SB,1852,marine_hw,historical,0.08326362294404761,0.22345898,0.0,84
SB,1853,marine_hw,historical,0.07563400002976191,0.21984863,0.0,84
SB,1854,marine_hw,historical,0.09093185794523809,0.21773526,0.0,84
SB,1855,marine_hw,historical,0.08021251731904762,0.21074064,0.0,84
SB,1856,marine_hw,historical,0.05699508065714286,0.20859277,0.0,84
SB,1857,marine_hw,historical,0.09506878733428573,0.20416632,0.0,84
SB,1858,marine_hw,historical,0.07668598890595238,0.2257521,0.0,84
SB,1859,marine_hw,historical,0.0965686715142857,0.29647186,0.0,84
SB,1860,marine_hw,historical,0.04937873468095238,0.14458713,0.0,84
SB,1861,marine_hw,historical,0.0867023748725,0.21096396,0.0,84
SB,1862,marine_hw,historical,0.06687621026785714,0.22876237,0.0,84
SB,1863,marine_hw,historical,0.07049560595553571,0.23465675,0.0,84
SB,1864,marine_hw,historical,0.06183627843095238,0.17107141,0.0,84
SB,1865,marine_hw,historical,0.09045609488095238,0.2109794,0.0,84
SB,1866,marine_hw,historical,0.08913398087023809,0.2087371,0.0,84
SB,1867,marine_hw,historical,0.07497702521880953,0.22160433,0.0,84
SB,1868,marine_hw,historical,0.09728374314166667,0.26041025,0.0,84
SB,1869,marine_hw,historical,0.0662092296642857,0.22343901,0.0,84
SB,1870,marine_hw,historical,0.08760835971309525,0.23375893,0.0,84
SB,1871,marine_hw,historical,0.05204222585,0.1796193,0.0,84
SB,1872,marine_hw,historical,0.08037814474047619,0.21091041,0.0,84
SB,1873,marine_hw,historical,0.08310076302142858,0.25787657,0.0,84
SB,1874,marine_hw,historical,0.076729511645,0.17843279,0.0,84
SB,1875,marine_hw,historical,0.052293642201190475,0.17488419,0.0,84
SB,1876,marine_hw,historical,0.08431686450238096,0.23265958,0.0,84
SB,1877,marine_hw,historical,0.07300416954714287,0.22987352,0.0,84
SB,1878,marine_hw,historical,0.05169876974114286,0.1418401,0.0,84
SB,1879,marine_hw,historical,0.0673372946779762,0.198626,0.0,84
SB,1880,marine_hw,historical,0.08014098872619048,0.23663212,0.0,84
SB,1881,marine_hw,historical,0.09239949525916666,0.22382936,0.0,84
SB,1882,marine_hw,historical,0.08916934612142857,0.20646852,0.0,84
SB,1883,marine_hw,historical,0.08096997072142857,0.23070326,0.0,84
SB,1884,marine_hw,historical,0.06598505006785714,0.19461621,0.0,84
SB,1885,marine_hw,historical,0.037571165965476196,0.14800774,0.0,84
SB,1886,marine_hw,historical,0.08951460352857142,0.21935388,0.0,84
SB,1887,marine_hw,historical,0.07558685609285713,0.20982921,0.0,84
SB,1888,marine_hw,historical,0.06312138284380953,0.1635675,0.0,84
SB,1889,marine_hw,historical,0.07501715923095238,0.19276793,0.0,84
SB,1890,marine_hw,historical,0.09140470156547618,0.2278691,0.0,84
SB,1891,marine_hw,historical,0.06649275138809524,0.19993867,0.0,84
SB,1892,marine_hw,historical,0.08079332114642856,0.22709927,0.0,84
SB,1893,marine_hw,historical,0.09138145677976191,0.22736436,0.0,84
SB,1894,marine_hw,historical,0.08499051979285714,0.27434957,0.0,84
SB,1895,marine_hw,historical,0.08317347956666667,0.25299168,0.0,84
SB,1896,marine_hw,historical,0.0855609587142857,0.21549119,0.0,84
SB,1897,marine_hw,historical,0.08799854061666668,0.23217843,0.0,84
SB,1898,marine_hw,historical,0.08657646974047618,0.24295862,0.0,84
SB,1899,marine_hw,historical,0.06687622569761904,0.21763541,0.0,84
SB,1900,marine_hw,historical,0.07444125807142858,0.23020306,0.0,84
SB,1901,marine_hw,historical,0.08002465074173809,0.21630004,0.0,84
SB,1902,marine_hw,historical,0.07224415765595238,0.21987042,0.0,84
SB,1903,marine_hw,historical,0.07852168929821428,0.24432848,0.0,84
SB,1904,marine_hw,historical,0.07295725810892857,0.17060116,0.0,84
SB,1905,marine_hw,historical,0.08849464950476191,0.23101735,0.0,84
SB,1906,marine_hw,historical,0.08572145323333333,0.22231968,0.0,84
SB,1907,marine_hw,historical,0.09504848867261904,0.24722348,0.0,84
SB,1908,marine_hw,historical,0.0934691735952381,0.22657637,0.0,84
SB,1909,marine_hw,historical,0.089134618225,0.24699925,0.0,84
SB,1910,marine_hw,historical,0.08536478016428571,0.21811837,0.0,84
SB,1911,marine_hw,historical,0.0883744689529762,0.23991565,0.0,84
SB,1912,marine_hw,historical,0.08286453894642858,0.23997739,0.0,84
SB,1913,marine_hw,historical,0.08233065594761906,0.2939772,0.0,84
SB,1914,marine_hw,historical,0.0850456993732143,0.23053259,0.0,84
SB,1915,marine_hw,historical,0.0892608366154762,0.25188142,0.0,84
SB,1916,marine_hw,historical,0.08552401023095238,0.22154716,0.0,84
SB,1917,marine_hw,historical,0.08449261121071429,0.22237052,0.0,84
SB,1918,marine_hw,historical,0.08350916381428572,0.23123342,0.0,84
SB,1919,marine_hw,historical,0.11216500291190476,0.26976606,0.0,84
SB,1920,marine_hw,historical,0.11623453335714287,0.27855998,0.0,84
SB,1921,marine_hw,historical,0.09633223509404762,0.23005873,0.0,84
SB,1922,marine_hw,historical,0.07624332382142857,0.18109176,0.0,84
SB,1923,marine_hw,historical,0.09502787259404762,0.22114317,0.0,84
SB,1924,marine_hw,historical,0.10307465342380953,0.25217825,0.0,84
SB,1925,marine_hw,historical,0.10767562147738095,0.22416706,0.0,84
SB,1926,marine_hw,historical,0.0901174610325,0.24884845,0.0,84
SB,1927,marine_hw,historical,0.09631388739761905,0.25818613,0.0,84
SB,1928,marine_hw,historical,0.10231470049642857,0.2217623,0.0,84
SB,1929,marine_hw,historical,0.0918870828154762,0.19657163,0.0,84
SB,1930,marine_hw,historical,0.09839919649142856,0.2292535,0.0,84
SB,1931,marine_hw,historical,0.07928903930833334,0.22779828,0.0,84
SB,1932,marine_hw,historical,0.10019932622619047,0.27026355,0.0,84
SB,1933,marine_hw,historical,0.10326623067976191,0.2565793,0.0,84
SB,1934,marine_hw,historical,0.09489828889880952,0.2764212,0.0,84
SB,1935,marine_hw,historical,0.08095720301309524,0.24329177,0.0,84
SB,1936,marine_hw,historical,0.08079123264285715,0.25000048,0.0,84
SB,1937,marine_hw,historical,0.11206277559214287,0.2668711,0.0,84
SB,1938,marine_hw,historical,0.07416732912142858,0.18269221,0.0,84
SB,1939,marine_hw,historical,0.102828624975,0.24013716,0.0,84
SB,1940,marine_hw,historical,0.10356471435714285,0.26754013,0.0,84
SB,1941,marine_hw,historical,0.10690455487976191,0.24287692,0.0,84
SB,1942,marine_hw,historical,0.09342581520416667,0.22670348,0.0,84
SB,1943,marine_hw,historical,0.0914372884702381,0.24273166,0.0,84
SB,1944,marine_hw,historical,0.08523798823214286,0.23973228,0.0,84
SB,1945,marine_hw,historical,0.12412535417857143,0.28814456,0.0,84
SB,1946,marine_hw,historical,0.08556755463928571,0.2856472,0.0,84
SB,1947,marine_hw,historical,0.09227068411904762,0.2542771,0.0,84
SB,1948,marine_hw,historical,0.08968855913690477,0.2690816,0.0,84
SB,1949,marine_hw,historical,0.08547370483452381,0.21335149,0.0,84
SB,1950,marine_hw,historical,0.08114549605654761,0.19784257,0.0,84
SB,1951,marine_hw,historical,0.06917843691571429,0.24168316,0.0,84
SB,1952,marine_hw,historical,0.10114014300166667,0.25334573,0.0,84
SB,1953,marine_hw,historical,0.09229172231190476,0.24094783,0.0,84
SB,1954,marine_hw,historical,0.09618908418690475,0.22629768,0.0,84
SB,1955,marine_hw,historical,0.10189472551309524,0.2390251,0.0,84
SB,1956,marine_hw,historical,0.08416754636547619,0.22880504,0.0,84
SB,1957,marine_hw,historical,0.10585717646428572,0.28996652,0.0,84
SB,1958,marine_hw,historical,0.11951193709523811,0.30555263,0.0,84
SB,1959,marine_hw,historical,0.11810499519047618,0.277201,0.0,84
SB,1960,marine_hw,historical,0.08432292780333334,0.22338091,0.0,84
SB,1961,marine_hw,historical,0.11612547878333335,0.25588757,0.0,84
SB,1962,marine_hw,historical,0.10324927811071427,0.28795576,0.0,84
SB,1963,marine_hw,historical,0.066958898605,0.16357657,0.0,84
SB,1964,marine_hw,historical,0.05275864236714286,0.18819351,0.0,84
SB,1965,marine_hw,historical,0.09252951711428573,0.27576756,0.0,84
SB,1966,marine_hw,historical,0.0822037215392857,0.18977126,0.0,84
SB,1967,marine_hw,historical,0.07020469862285715,0.18560264,0.0,84
SB,1968,marine_hw,historical,0.09687780235714286,0.23985937,0.0,84
SB,1969,marine_hw,historical,0.08453992130714286,0.24686763,0.0,84
SB,1970,marine_hw,historical,0.09730770754761905,0.2678497,0.0,84
SB,1971,marine_hw,historical,0.09453513616785714,0.2203434,0.0,84
SB,1972,marine_hw,historical,0.05816346652380953,0.18710686,0.0,84
SB,1973,marine_hw,historical,0.09298740868333333,0.23753175,0.0,84
SB,1974,marine_hw,historical,0.1287305884352381,0.29074454,0.0,84
SB,1975,marine_hw,historical,0.10448925298809525,0.24188195,0.0,84
SB,1976,marine_hw,historical,0.09397910349285714,0.24981165,0.0,84
SB,1977,marine_hw,historical,0.11276464497619047,0.23314434,0.0,84
SB,1978,marine_hw,historical,0.1184833745357143,0.3104929,0.0,84
SB,1979,marine_hw,historical,0.08465742408452381,0.2197279,0.0,84
SB,1980,marine_hw,historical,0.09299179107214285,0.2669773,0.0,84
SB,1981,marine_hw,historical,0.10048746280952381,0.20667186,0.0,84
SB,1982,marine_hw,historical,0.09352741760857143,0.2600798,0.0,84
SB,1983,marine_hw,historical,0.08293113110595238,0.19163953,0.0,84
SB,1984,marine_hw,historical,0.06985362846380953,0.20665097,0.0,84
SB,1985,marine_hw,historical,0.1157625449904762,0.2658344,0.0,84
SB,1986,marine_hw,historical,0.09559093628214287,0.23734567,0.0,84
SB,1987,marine_hw,historical,0.10340052001190476,0.22339816,0.0,84
SB,1988,marine_hw,historical,0.1148330640952381,0.31041664,0.0,84
SB,1989,marine_hw,historical,0.11565492198333334,0.2784574,0.0,84
SB,1990,marine_hw,historical,0.1248286264702381,0.26285133,0.0,84
SB,1991,marine_hw,historical,0.10981689287380954,0.28561997,0.0,84
SB,1992,marine_hw,historical,0.0878907264452381,0.22833478,0.0,84
SB,1993,marine_hw,historical,0.09057087097619047,0.2687112,0.0,84
SB,1994,marine_hw,historical,0.1260294940559524,0.28029662,0.0,84
SB,1995,marine_hw,historical,0.11794174959523811,0.27580753,0.0,84
SB,1996,marine_hw,historical,0.09401467917142857,0.25585306,0.0,84
SB,1997,marine_hw,historical,0.09712158073214286,0.28065428,0.0,84
SB,1998,marine_hw,historical,0.1161506627654762,0.29349607,0.0,84
SB,1999,marine_hw,historical,0.1347019423892857,0.24531437,0.0,84
SB,2000,marine_hw,historical,0.12052378354166667,0.2746156,0.0,84
SB,2001,marine_hw,historical,0.09326258422619046,0.24464986,0.0,84
SB,2002,marine_hw,historical,0.16513798203214286,0.30057696,0.0,84
SB,2003,marine_hw,historical,0.11796341562976191,0.31787154,0.0,84
SB,2004,marine_hw,historical,0.12356845167380952,0.23455235,0.0,84
SB,2005,marine_hw,historical,0.11824216218095238,0.27488792,0.0,84
SB,2006,marine_hw,historical,0.13260271871071427,0.29778272,0.0,84
SB,2007,marine_hw,historical,0.11604241910476192,0.2812262,0.0,84
SB,2008,marine_hw,historical,0.14970402683333334,0.3288705,0.0,84
SB,2009,marine_hw,historical,0.08754638880238096,0.2576587,0.0,84
SB,2010,marine_hw,historical,0.13360367056785713,0.29713547,0.0,84
SB,2011,marine_hw,historical,0.1476052817095238,0.33324337,0.0,84
SB,2012,marine_hw,historical,0.13286085810833334,0.25577408,0.0,84
SB,2013,marine_hw,historical,0.11779988584047618,0.27861443,0.0,84
SB,2014,marine_hw,historical,0.15322196205952382,0.30313152,0.0,84
SC,1850,marine_hw,historical,0.09051730289796296,0.23914312,0.0,108
SC,1851,marine_hw,historical,0.0946047624675926,0.26083964,0.0,108
SC,1852,marine_hw,historical,0.11396578746018518,0.2697597,0.0,108
SC,1853,marine_hw,historical,0.1269894472574074,0.28205684,0.0,108
SC,1854,marine_hw,historical,0.09358161438777779,0.27215996,0.0,108
SC,1855,marine_hw,historical,0.06669520174361111,0.205233,0.0,108
SC,1856,marine_hw,historical,0.11433464203888889,0.2567745,0.0,108
SC,1857,marine_hw,historical,0.14516386276944443,0.32038796,0.0,108
SC,1858,marine_hw,historical,0.10761740300898148,0.2802739,0.0,108
SC,1859,marine_hw,historical,0.08607785310740741,0.2806706,0.0,108
SC,1860,marine_hw,historical,0.048192363790925924,0.19176844,0.0,108
SC,1861,marine_hw,historical,0.06638604590777777,0.19114658,0.0,108
SC,1862,marine_hw,historical,0.10745748539814814,0.25137943,0.0,108
SC,1863,marine_hw,historical,0.12971084526851853,0.2864969,0.0,108
SC,1864,marine_hw,historical,0.06759552751481482,0.24843086,0.0,108
SC,1865,marine_hw,historical,0.06506656723287037,0.23467308,0.0,108
SC,1866,marine_hw,historical,0.06844706893546297,0.23766068,0.0,108
SC,1867,marine_hw,historical,0.10993697417592593,0.28419653,0.0,108
SC,1868,marine_hw,historical,0.13844747874814814,0.34085897,0.0,108
SC,1869,marine_hw,historical,0.07412634856759259,0.2202272,0.0,108
SC,1870,marine_hw,historical,0.07996677498611111,0.22041875,0.0,108
SC,1871,marine_hw,historical,0.11565357444537037,0.27085635,0.0,108
SC,1872,marine_hw,historical,0.17253158830185186,0.36307746,0.0,108
SC,1873,marine_hw,historical,0.09297222402574075,0.31054193,0.0,108
SC,1874,marine_hw,historical,0.04715555557712963,0.1824344,0.0,108
SC,1875,marine_hw,historical,0.061841759829351854,0.21296023,0.0,108
SC,1876,marine_hw,historical,0.12854157000212962,0.28904146,0.0,108
SC,1877,marine_hw,historical,0.09513685840555555,0.29461086,0.0,108
SC,1878,marine_hw,historical,0.046429202530555554,0.19219874,0.0,108
SC,1879,marine_hw,historical,0.08073095569398149,0.22794718,0.0,108
SC,1880,marine_hw,historical,0.14002441447685185,0.32286447,0.0,108
SC,1881,marine_hw,historical,0.13433778638796295,0.3172642,0.0,108
SC,1882,marine_hw,historical,0.0906823805225926,0.28140867,0.0,108
SC,1883,marine_hw,historical,0.05715212320648148,0.20463294,0.0,108
SC,1884,marine_hw,historical,0.07555904246111111,0.20233347,0.0,108
SC,1885,marine_hw,historical,0.11653482805324075,0.25409013,0.0,108
SC,1886,marine_hw,historical,0.1406690540736111,0.34943318,0.0,108
SC,1887,marine_hw,historical,0.10551028856009259,0.30384052,0.0,108
SC,1888,marine_hw,historical,0.05428222552935185,0.1909605,0.0,108
SC,1889,marine_hw,historical,0.06751878329129629,0.22292066,0.0,108
SC,1890,marine_hw,historical,0.12652067356435184,0.2820868,0.0,108
SC,1891,marine_hw,historical,0.13424954367777778,0.30040538,0.0,108
SC,1892,marine_hw,historical,0.13421891145092593,0.3007204,0.0,108
SC,1893,marine_hw,historical,0.08754320203981482,0.26867762,0.0,108
SC,1894,marine_hw,historical,0.07483429068981483,0.21102479,0.0,108
SC,1895,marine_hw,historical,0.1302685539101852,0.29106134,0.0,108
SC,1896,marine_hw,historical,0.12126966489814814,0.3048427,0.0,108
SC,1897,marine_hw,historical,0.07750803689537038,0.20261489,0.0,108
SC,1898,marine_hw,historical,0.09514055664259259,0.23677737,0.0,108
SC,1899,marine_hw,historical,0.14342185176222222,0.30353278,0.0,108
SC,1900,marine_hw,historical,0.13174148851111112,0.2978372,0.0,108
SC,1901,marine_hw,historical,0.11591042138888889,0.28846595,0.0,108
SC,1902,marine_hw,historical,0.1417357850462963,0.3097494,0.0,108
SC,1903,marine_hw,historical,0.08210735008537037,0.25607455,0.0,108
SC,1904,marine_hw,historical,0.05742395644166667,0.1837371,0.0,108
SC,1905,marine_hw,historical,0.07686960417962962,0.24688216,0.0,108
SC,1906,marine_hw,historical,0.10845150030648149,0.29415697,0.0,108
SC,1907,marine_hw,historical,0.11036522422962963,0.3058404,0.0,108
SC,1908,marine_hw,historical,0.08873786300833333,0.25696966,0.0,108
SC,1909,marine_hw,historical,0.12337701783981482,0.2863889,0.0,108
SC,1910,marine_hw,historical,0.11877734965185185,0.285797,0.0,108
SC,1911,marine_hw,historical,0.09904879048042592,0.24422228,0.0,108
SC,1912,marine_hw,historical,0.1282206747009259,0.31874394,0.0,108
SC,1913,marine_hw,historical,0.1120104179388889,0.26435375,0.0,108
SC,1914,marine_hw,historical,0.1353754992475926,0.31598783,0.0,108
SC,1915,marine_hw,historical,0.13292216788314815,0.33862212,0.0,108
SC,1916,marine_hw,historical,0.07864562315055555,0.26357666,0.0,108
SC,1917,marine_hw,historical,0.09846733991203704,0.25394395,0.0,108
SC,1918,marine_hw,historical,0.10796880028148148,0.24436934,0.0,108
SC,1919,marine_hw,historical,0.15654950183055558,0.3182256,0.0,108
SC,1920,marine_hw,historical,0.14383870764166667,0.32042974,0.0,108
SC,1921,marine_hw,historical,0.06446863883148148,0.2024306,0.0,108
SC,1922,marine_hw,historical,0.06504990568703704,0.19440016,0.0,108
SC,1923,marine_hw,historical,0.1547820859439815,0.3494568,0.0,108
SC,1924,marine_hw,historical,0.10401059547314816,0.29547873,0.0,108
SC,1925,marine_hw,historical,0.08346480574092592,0.25417998,0.0,108
SC,1926,marine_hw,historical,0.1225358409962963,0.26477134,0.0,108
SC,1927,marine_hw,historical,0.13946445640000002,0.2750141,0.0,108
SC,1928,marine_hw,historical,0.12444613962009259,0.34887576,0.0,108
SC,1929,marine_hw,historical,0.09513702186111112,0.2799471,0.0,108
SC,1930,marine_hw,historical,0.11256010902592593,0.30387953,0.0,108
SC,1931,marine_hw,historical,0.16507027278055555,0.34479338,0.0039551333,108
SC,1932,marine_hw,historical,0.15263012436546294,0.35917482,0.0,108
SC,1933,marine_hw,historical,0.08298901914351851,0.2676073,0.0,108
SC,1934,marine_hw,historical,0.09302523663240742,0.25680172,0.0,108
SC,1935,marine_hw,historical,0.16001659056296294,0.33310267,0.0,108
SC,1936,marine_hw,historical,0.15386146416388888,0.3268606,0.0,108
SC,1937,marine_hw,historical,0.09653318857777779,0.25080115,0.0,108
SC,1938,marine_hw,historical,0.13289069710555557,0.30331308,0.0,108
SC,1939,marine_hw,historical,0.16230038707314817,0.35556358,0.0,108
SC,1940,marine_hw,historical,0.11933346729629629,0.3357108,0.0,108
SC,1941,marine_hw,historical,0.08090585009444444,0.26296663,0.0,108
SC,1942,marine_hw,historical,0.10512593018175925,0.2615232,0.0,108
SC,1943,marine_hw,historical,0.11653223728703704,0.30319142,0.0,108
SC,1944,marine_hw,historical,0.17687145779722221,0.35303807,0.0,108
SC,1945,marine_hw,historical,0.12173734328981481,0.28493005,0.0,108
SC,1946,marine_hw,historical,0.12501094710462965,0.2950312,0.0,108
SC,1947,marine_hw,historical,0.1705989221287037,0.35903776,0.0008540736,108
SC,1948,marine_hw,historical,0.11512161042870371,0.30861557,0.0,108
SC,1949,marine_hw,historical,0.06622923605555556,0.2400019,0.0,108
SC,1950,marine_hw,historical,0.07655700136388889,0.2259391,0.0,108
SC,1951,marine_hw,historical,0.1431907357987037,0.30034003,0.0,108
SC,1952,marine_hw,historical,0.16649509485462963,0.36943027,0.0,108
SC,1953,marine_hw,historical,0.09411923494629629,0.26244557,0.0,108
SC,1954,marine_hw,historical,0.08506966937499999,0.22546159,0.0,108
SC,1955,marine_hw,historical,0.15047481441481483,0.28245357,0.0,108
SC,1956,marine_hw,historical,0.14509619208703703,0.31610405,0.0,108
SC,1957,marine_hw,historical,0.15657270794444444,0.3649521,0.0,108
SC,1958,marine_hw,historical,0.11131803689935185,0.3134796,0.0,108
SC,1959,marine_hw,historical,0.11634627965833334,0.26373643,0.0,108
SC,1960,marine_hw,historical,0.15348611800925926,0.33805567,0.0,108
SC,1961,marine_hw,historical,0.16939280165185183,0.33427918,0.0,108
SC,1962,marine_hw,historical,0.11863477798981482,0.33629906,0.0,108
SC,1963,marine_hw,historical,0.03882578906175926,0.16328153,0.0,108
SC,1964,marine_hw,historical,0.10993347331111111,0.28465044,0.0,108
SC,1965,marine_hw,historical,0.15866107840888888,0.30839857,0.0,108
SC,1966,marine_hw,historical,0.07825943080410186,0.26473412,0.0,108
SC,1967,marine_hw,historical,0.07569253421796296,0.25305974,0.0,108
SC,1968,marine_hw,historical,0.16423598540555556,0.34819946,0.0,108
SC,1969,marine_hw,historical,0.17225878094907407,0.35942173,0.0,108
SC,1970,marine_hw,historical,0.09797089339138888,0.267581,0.0,108
SC,1971,marine_hw,historical,0.07855318632777777,0.26212054,0.0,108
SC,1972,marine_hw,historical,0.08779108215277777,0.23755899,0.0,108
SC,1973,marine_hw,historical,0.15072866572870372,0.33675295,0.0,108
SC,1974,marine_hw,historical,0.1237125711375926,0.3021556,0.0,108
SC,1975,marine_hw,historical,0.11365693610185186,0.27349624,0.0,108
SC,1976,marine_hw,historical,0.1171731051074074,0.2768733,0.0,108
SC,1977,marine_hw,historical,0.17540352563148148,0.34004647,0.0,108
SC,1978,marine_hw,historical,0.13129237355555554,0.3285019,0.0,108
SC,1979,marine_hw,historical,0.11536635933611111,0.2563678,0.0,108
SC,1980,marine_hw,historical,0.14243890683333335,0.32862085,0.0,108
SC,1981,marine_hw,historical,0.1655472793175926,0.32991448,0.0,108
SC,1982,marine_hw,historical,0.0995889458299074,0.28340855,0.0,108
SC,1983,marine_hw,historical,0.056784078899074074,0.18006048,0.0,108
SC,1984,marine_hw,historical,0.12000625674722222,0.28610203,0.0,108
SC,1985,marine_hw,historical,0.1807445157449074,0.3899784,0.00047915045,108
SC,1986,marine_hw,historical,0.09407475136018519,0.2735162,0.0,108
SC,1987,marine_hw,historical,0.10168892163,0.27064574,0.0,108
SC,1988,marine_hw,historical,0.16694463767685186,0.35959148,0.0,108
SC,1989,marine_hw,historical,0.14451447052962962,0.32945877,0.0,108
SC,1990,marine_hw,historical,0.1283456950564815,0.28719682,0.0,108
SC,1991,marine_hw,historical,0.1224590465012963,0.26779342,0.0,108
SC,1992,marine_hw,historical,0.08826283579444444,0.26935938,0.0,108
SC,1993,marine_hw,historical,0.15167138683425924,0.31644535,0.0,108
SC,1994,marine_hw,historical,0.16447610474351854,0.32254308,0.0,108
SC,1995,marine_hw,historical,0.12473051838611111,0.3054546,0.0,108
SC,1996,marine_hw,historical,0.11977412750370371,0.25933176,0.0,108
SC,1997,marine_hw,historical,0.20243541487037037,0.342227,0.010846105,108
SC,1998,marine_hw,historical,0.19149506564814814,0.36083972,0.0,108
SC,1999,marine_hw,historical,0.11576031310925926,0.25793105,0.0,108
SC,2000,marine_hw,historical,0.15092545947762037,0.2940653,0.0,108
SC,2001,marine_hw,historical,0.17232177139814817,0.34325555,0.0,108
SC,2002,marine_hw,historical,0.18595563101851853,0.35586953,0.0,108
SC,2003,marine_hw,historical,0.13268356044018517,0.31169394,0.0,108
SC,2004,marine_hw,historical,0.10637442738703703,0.27964118,0.0,108
SC,2005,marine_hw,historical,0.13190717525851853,0.28980857,0.0,108
SC,2006,marine_hw,historical,0.1924139856074074,0.37775123,0.0,108
SC,2007,marine_hw,historical,0.18514242104814813,0.3556607,0.0,108
SC,2008,marine_hw,historical,0.20427766511111112,0.38347763,0.0,108
SC,2009,marine_hw,historical,0.18543838160740742,0.34954482,0.0036290612,108
SC,2010,marine_hw,historical,0.21369749993518516,0.39279532,0.02371968,108
SC,2011,marine_hw,historical,0.17630289516944445,0.36314648,0.0,108
SC,2012,marine_hw,historical,0.11794102391388889,0.30937812,0.0,108
SC,2013,marine_hw,historical,0.16631985457,0.27377766,0.00092488236,108
SC,2014,marine_hw,historical,0.20330178925,0.34423417,0.019859694,108
SD,1850,marine_hw,historical,0.33912666166666666,0.7702874,0.0,12
SD,1851,marine_hw,historical,0.3445020575,0.7686316,0.0,12
SD,1852,marine_hw,historical,0.36329521431999995,0.7738605,0.0,12
SD,1853,marine_hw,historical,0.34608417150000004,0.74699855,0.0,12
SD,1854,marine_hw,historical,0.354816586475,0.6644737,0.0,12
SD,1855,marine_hw,historical,0.29454687,0.65400493,0.0,12
SD,1856,marine_hw,historical,0.3114892083333333,0.6699187,0.0,12
SD,1857,marine_hw,historical,0.3529846671666667,0.74169695,0.0,12
SD,1858,marine_hw,historical,0.3370811581666667,0.7428372,0.0,12
SD,1859,marine_hw,historical,0.3289344765,0.714314,0.0,12
SD,1860,marine_hw,historical,0.26563748475,0.5839678,0.0,12
SD,1861,marine_hw,historical,0.3296563458333333,0.76641834,0.0,12
SD,1862,marine_hw,historical,0.3602551713333333,0.7743943,0.0,12
SD,1863,marine_hw,historical,0.35281267966666663,0.76899827,0.0,12
SD,1864,marine_hw,historical,0.31734297166666664,0.6515829,0.0,12
SD,1865,marine_hw,historical,0.3275781675,0.7295506,0.0,12
SD,1866,marine_hw,historical,0.3331140529166667,0.7369092,0.0,12
SD,1867,marine_hw,historical,0.3444288955333333,0.7535003,0.0,12
SD,1868,marine_hw,historical,0.3454959991666667,0.7848958,0.0,12
SD,1869,marine_hw,historical,0.3135157923333333,0.69664085,0.0,12
SD,1870,marine_hw,historical,0.3007386425,0.64992344,0.0,12
SD,1871,marine_hw,historical,0.330884271475,0.76541066,0.0,12
SD,1872,marine_hw,historical,0.35183556716666664,0.7742454,0.0,12
SD,1873,marine_hw,historical,0.35015639716666663,0.6963576,0.0,12
SD,1874,marine_hw,historical,0.30255380000000004,0.7063544,0.0,12
SD,1875,marine_hw,historical,0.32244832533333334,0.7540377,0.0,12
SD,1876,marine_hw,historical,0.37753746408333333,0.7854677,0.0,12
SD,1877,marine_hw,historical,0.27525731718333335,0.5927191,0.0,12
SD,1878,marine_hw,historical,0.27883091775,0.63265336,0.0,12
SD,1879,marine_hw,historical,0.27728239208333333,0.6843909,0.0,12
SD,1880,marine_hw,historical,0.33638223195833333,0.744306,0.0,12
SD,1881,marine_hw,historical,0.35954082924999997,0.7223009,0.0,12
SD,1882,marine_hw,historical,0.30202305925,0.66393995,0.0,12
SD,1883,marine_hw,historical,0.29244615216666664,0.62825775,0.0,12
SD,1884,marine_hw,historical,0.27677989322833335,0.64547336,0.0,12
SD,1885,marine_hw,historical,0.3256740804166666,0.763103,0.0,12
SD,1886,marine_hw,historical,0.38745685508333333,0.8217218,0.0,12
SD,1887,marine_hw,historical,0.29021252433333333,0.66012716,0.0,12
SD,1888,marine_hw,historical,0.29068576641666666,0.62648755,0.0,12
SD,1889,marine_hw,historical,0.3034130265,0.6592829,0.0,12
SD,1890,marine_hw,historical,0.3849641008333333,0.8083099,0.0,12
SD,1891,marine_hw,historical,0.39453244108333335,0.85985494,0.0,12
SD,1892,marine_hw,historical,0.3231910890833333,0.7371271,0.0,12
SD,1893,marine_hw,historical,0.31253662525,0.67754614,0.0,12
SD,1894,marine_hw,historical,0.3455005096666666,0.75411034,0.0,12
SD,1895,marine_hw,historical,0.39266279183333336,0.78929317,0.0,12
SD,1896,marine_hw,historical,0.37139600558333336,0.7547821,0.0,12
SD,1897,marine_hw,historical,0.2991416070833333,0.66785437,0.0,12
SD,1898,marine_hw,historical,0.33927840833333334,0.7451321,0.0,12
SD,1899,marine_hw,historical,0.33071358175,0.74829495,0.0,12
SD,1900,marine_hw,historical,0.33933634041666666,0.73559475,0.0,12
SD,1901,marine_hw,historical,0.3521589291666667,0.74467456,0.0,12
SD,1902,marine_hw,historical,0.36832871194166666,0.7383254,0.0,12
SD,1903,marine_hw,historical,0.28822182749999997,0.6013504,0.0,12
SD,1904,marine_hw,historical,0.31238550233333334,0.7707341,0.0,12
SD,1905,marine_hw,historical,0.3453883766666667,0.6873522,0.0,12
SD,1906,marine_hw,historical,0.32143186316,0.7128924,0.0,12
SD,1907,marine_hw,historical,0.28980734441666667,0.67454123,0.0,12
SD,1908,marine_hw,historical,0.33434903523333337,0.7150911,0.0,12
SD,1909,marine_hw,historical,0.36479980500000003,0.81356966,0.0,12
SD,1910,marine_hw,historical,0.33776107741666667,0.72961044,0.0,12
SD,1911,marine_hw,historical,0.3390088310833333,0.7337574,0.0,12
SD,1912,marine_hw,historical,0.3002289060166667,0.6629431,0.0,12
SD,1913,marine_hw,historical,0.34938086133333335,0.7677909,0.0,12
SD,1914,marine_hw,historical,0.34189102144166666,0.80060446,0.0,12
SD,1915,marine_hw,historical,0.33487230633333337,0.7315786,0.0,12
SD,1916,marine_hw,historical,0.32220201358333334,0.7161913,0.0,12
SD,1917,marine_hw,historical,0.31436705000000004,0.69351435,0.0,12
SD,1918,marine_hw,historical,0.325166748,0.7485782,0.0,12
SD,1919,marine_hw,historical,0.3506075770833333,0.7749535,0.0,12
SD,1920,marine_hw,historical,0.33099805433333335,0.6716254,0.0,12
SD,1921,marine_hw,historical,0.3313691633333333,0.72422177,0.0,12
SD,1922,marine_hw,historical,0.32537721891666666,0.7175312,0.0,12
SD,1923,marine_hw,historical,0.3977034035,0.8202747,0.0,12
SD,1924,marine_hw,historical,0.354512565,0.68428385,0.0,12
SD,1925,marine_hw,historical,0.34032444408333334,0.77476835,0.0,12
SD,1926,marine_hw,historical,0.37119726583333335,0.8202312,0.0,12
SD,1927,marine_hw,historical,0.38722044503333336,0.8431096,0.0,12
SD,1928,marine_hw,historical,0.33975926799999995,0.7204417,0.0,12
SD,1929,marine_hw,historical,0.2779760519666667,0.68953097,0.0,12
SD,1930,marine_hw,historical,0.35945399400000005,0.76173043,0.0,12
SD,1931,marine_hw,historical,0.3839068567583333,0.7875302,0.0,12
SD,1932,marine_hw,historical,0.3619023276666667,0.74174964,0.0,12
SD,1933,marine_hw,historical,0.36887850899999997,0.73796594,0.0,12
SD,1934,marine_hw,historical,0.360417013,0.7852861,0.0,12
SD,1935,marine_hw,historical,0.39731506925,0.78517723,0.051834945,12
SD,1936,marine_hw,historical,0.3550328685333333,0.7518426,0.0,12
SD,1937,marine_hw,historical,0.3351614440833333,0.71417236,0.0,12
SD,1938,marine_hw,historical,0.37512093083333337,0.80395424,0.0,12
SD,1939,marine_hw,historical,0.3671577675,0.7677074,0.0,12
SD,1940,marine_hw,historical,0.35570641325,0.74223983,0.0,12
SD,1941,marine_hw,historical,0.29790031466666667,0.5837463,0.0,12
SD,1942,marine_hw,historical,0.30966979172500003,0.7197626,0.0,12
SD,1943,marine_hw,historical,0.34095089883333335,0.716195,0.0,12
SD,1944,marine_hw,historical,0.349247436225,0.74263024,0.0,12
SD,1945,marine_hw,historical,0.3715639528333334,0.7993226,0.0,12
SD,1946,marine_hw,historical,0.36746036666666665,0.79703677,0.0,12
SD,1947,marine_hw,historical,0.420120494025,0.80901253,0.0041937153,12
SD,1948,marine_hw,historical,0.33203592249999997,0.72543824,0.0,12
SD,1949,marine_hw,historical,0.3156355544166667,0.6767708,0.0,12
SD,1950,marine_hw,historical,0.35733383274999997,0.71942127,0.0,12
SD,1951,marine_hw,historical,0.34795713330833333,0.8313118,0.0,12
SD,1952,marine_hw,historical,0.3937948588333333,0.8048384,0.0,12
SD,1953,marine_hw,historical,0.36326593349999997,0.7599529,0.0,12
SD,1954,marine_hw,historical,0.36760146916666664,0.8099403,0.0,12
SD,1955,marine_hw,historical,0.35786254824999997,0.7628162,0.0,12
SD,1956,marine_hw,historical,0.4063531475116667,0.861391,0.0,12
SD,1957,marine_hw,historical,0.3810361969166667,0.76287603,0.0,12
SD,1958,marine_hw,historical,0.39724574166666665,0.7695194,0.0184223,12
SD,1959,marine_hw,historical,0.34301235264166663,0.8039379,0.0,12
SD,1960,marine_hw,historical,0.34582184004166666,0.77286917,0.0,12
SD,1961,marine_hw,historical,0.42421882183333337,0.8991175,0.0,12
SD,1962,marine_hw,historical,0.36040699770833334,0.69331825,0.0,12
SD,1963,marine_hw,historical,0.33177208166666666,0.7716618,0.0,12
SD,1964,marine_hw,historical,0.3332630279166667,0.7788044,0.0,12
SD,1965,marine_hw,historical,0.36045878008333326,0.7922944,0.0,12
SD,1966,marine_hw,historical,0.3078696979416667,0.6289151,0.0,12
SD,1967,marine_hw,historical,0.2940742946666667,0.70232916,0.0,12
SD,1968,marine_hw,historical,0.3610452808333333,0.754488,0.0,12
SD,1969,marine_hw,historical,0.40682543225,0.8257996,0.0,12
SD,1970,marine_hw,historical,0.35883577725,0.7650149,0.0,12
SD,1971,marine_hw,historical,0.319864193575,0.67749894,0.0,12
SD,1972,marine_hw,historical,0.3196257891666667,0.77388597,0.0,12
SD,1973,marine_hw,historical,0.3709936045,0.82522225,0.0,12
SD,1974,marine_hw,historical,0.3540007691666667,0.8465302,0.0,12
SD,1975,marine_hw,historical,0.3164547008333333,0.653177,0.0,12
SD,1976,marine_hw,historical,0.36616160592499997,0.7846017,0.0,12
SD,1977,marine_hw,historical,0.35451371475,0.7365153,0.0,12
SD,1978,marine_hw,historical,0.3882664553333333,0.77115524,0.0,12
SD,1979,marine_hw,historical,0.38649847295833334,0.7707813,0.0027920655,12
SD,1980,marine_hw,historical,0.3668582005166667,0.7291076,0.0,12
SD,1981,marine_hw,historical,0.3844459119833334,0.85601497,0.0004299588,12
SD,1982,marine_hw,historical,0.32519056441666666,0.71244574,0.0,12
SD,1983,marine_hw,historical,0.313077515,0.71050847,0.0,12
SD,1984,marine_hw,historical,0.34968201875,0.7724916,0.0,12
SD,1985,marine_hw,historical,0.3731600075833333,0.7831982,0.0,12
SD,1986,marine_hw,historical,0.31078730958333334,0.7048129,0.0,12
SD,1987,marine_hw,historical,0.34643318166666665,0.7138746,0.0,12
SD,1988,marine_hw,historical,0.39417594991666666,0.8329531,0.0,12
SD,1989,marine_hw,historical,0.35732667700000004,0.77903676,0.0,12
SD,1990,marine_hw,historical,0.4102365391666667,0.81669796,0.0,12
SD,1991,marine_hw,historical,0.3290184729166667,0.7137166,0.0,12
SD,1992,marine_hw,historical,0.30643000066666665,0.7133899,0.0,12
SD,1993,marine_hw,historical,0.35947416383333336,0.78854513,0.0,12
SD,1994,marine_hw,historical,0.41371491499999996,0.83315283,0.0,12
SD,1995,marine_hw,historical,0.369187833,0.78287315,0.015782746,12
SD,1996,marine_hw,historical,0.36415445475,0.73833084,0.0,12
SD,1997,marine_hw,historical,0.44523882630833334,0.8937814,0.0029591017,12
SD,1998,marine_hw,historical,0.4092128009166667,0.7988796,0.0,12
SD,1999,marine_hw,historical,0.403771088,0.81866246,0.016145866,12
SD,2000,marine_hw,historical,0.40151085279166665,0.8191327,0.0,12
SD,2001,marine_hw,historical,0.3961903565,0.84597284,0.0,12
SD,2002,marine_hw,historical,0.4828640044166667,0.9528831,0.0,12
SD,2003,marine_hw,historical,0.38963140025000004,0.7532624,0.062378183,12
SD,2004,marine_hw,historical,0.3655552139166667,0.71718633,0.0,12
SD,2005,marine_hw,historical,0.3468809075833333,0.7599112,0.0,12
SD,2006,marine_hw,historical,0.38501352083333334,0.8013924,0.0,12
SD,2007,marine_hw,historical,0.3948512278333333,0.8201858,0.0,12
SD,2008,marine_hw,historical,0.4213873755,0.85137063,0.0,12
SD,2009,marine_hw,historical,0.44308550880833336,0.8578633,0.0026195827,12
SD,2010,marine_hw,historical,0.42279368775000004,0.7858399,0.0,12
SD,2011,marine_hw,historical,0.39150719691666663,0.7977866,0.0,12
SD,2012,marine_hw,historical,0.36140228091666665,0.75250894,0.0,12
SD,2013,marine_hw,historical,0.4015868139166667,0.8273302,0.0,12
SD,2014,marine_hw,historical,0.40320448183333335,0.9093848,0.0,12
SE,1850,marine_hw,historical,0.0,0.0,0.0,48
SE,1851,marine_hw,historical,0.0,0.0,0.0,48
SE,1852,marine_hw,historical,0.0,0.0,0.0,48
SE,1853,marine_hw,historical,0.0,0.0,0.0,48
SE,1854,marine_hw,historical,0.0,0.0,0.0,48
SE,1855,marine_hw,historical,0.0,0.0,0.0,48
SE,1856,marine_hw,historical,0.0,0.0,0.0,48
SE,1857,marine_hw,historical,0.0,0.0,0.0,48
SE,1858,marine_hw,historical,0.0,0.0,0.0,48
SE,1859,marine_hw,historical,0.0,0.0,0.0,48
SE,1860,marine_hw,historical,0.0,0.0,0.0,48
SE,1861,marine_hw,historical,0.0,0.0,0.0,48
SE,1862,marine_hw,historical,0.0,0.0,0.0,48
SE,1863,marine_hw,historical,0.0,0.0,0.0,48
SE,1864,marine_hw,historical,0.0,0.0,0.0,48
SE,1865,marine_hw,historical,0.0,0.0,0.0,48
SE,1866,marine_hw,historical,0.0,0.0,0.0,48
SE,1867,marine_hw,historical,0.0,0.0,0.0,48
SE,1868,marine_hw,historical,0.0,0.0,0.0,48
SE,1869,marine_hw,historical,0.0,0.0,0.0,48
SE,1870,marine_hw,historical,0.0,0.0,0.0,48
SE,1871,marine_hw,historical,0.0,0.0,0.0,48
SE,1872,marine_hw,historical,0.0,0.0,0.0,48
SE,1873,marine_hw,historical,0.0,0.0,0.0,48
SE,1874,marine_hw,historical,0.0,0.0,0.0,48
SE,1875,marine_hw,historical,0.0,0.0,0.0,48
SE,1876,marine_hw,historical,0.0,0.0,0.0,48
SE,1877,marine_hw,historical,0.0,0.0,0.0,48
SE,1878,marine_hw,historical,0.0,0.0,0.0,48
SE,1879,marine_hw,historical,0.0,0.0,0.0,48
SE,1880,marine_hw,historical,0.0,0.0,0.0,48
SE,1881,marine_hw,historical,0.0,0.0,0.0,48
SE,1882,marine_hw,historical,0.0,0.0,0.0,48
SE,1883,marine_hw,historical,0.0,0.0,0.0,48
SE,1884,marine_hw,historical,0.0,0.0,0.0,48
SE,1885,marine_hw,historical,0.0,0.0,0.0,48
SE,1886,marine_hw,historical,0.0,0.0,0.0,48
SE,1887,marine_hw,historical,0.0,0.0,0.0,48
SE,1888,marine_hw,historical,0.0,0.0,0.0,48
SE,1889,marine_hw,historical,0.0,0.0,0.0,48
SE,1890,marine_hw,historical,0.0,0.0,0.0,48
SE,1891,marine_hw,historical,0.0,0.0,0.0,48
SE,1892,marine_hw,historical,0.0,0.0,0.0,48
SE,1893,marine_hw,historical,0.0,0.0,0.0,48
SE,1894,marine_hw,historical,0.0,0.0,0.0,48
SE,1895,marine_hw,historical,0.0,0.0,0.0,48
SE,1896,marine_hw,historical,0.0,0.0,0.0,48
SE,1897,marine_hw,historical,0.0,0.0,0.0,48
SE,1898,marine_hw,historical,0.0,0.0,0.0,48
SE,1899,marine_hw,historical,0.0,0.0,0.0,48
SE,1900,marine_hw,historical,0.0,0.0,0.0,48
SE,1901,marine_hw,historical,0.0,0.0,0.0,48
SE,1902,marine_hw,historical,0.0,0.0,0.0,48
SE,1903,marine_hw,historical,0.0,0.0,0.0,48
SE,1904,marine_hw,historical,0.0,0.0,0.0,48
SE,1905,marine_hw,historical,0.0,0.0,0.0,48
SE,1906,marine_hw,historical,0.0,0.0,0.0,48
SE,1907,marine_hw,historical,0.0,0.0,0.0,48
SE,1908,marine_hw,historical,0.0,0.0,0.0,48
SE,1909,marine_hw,historical,0.0,0.0,0.0,48
SE,1910,marine_hw,historical,0.0,0.0,0.0,48
SE,1911,marine_hw,historical,0.0,0.0,0.0,48
SE,1912,marine_hw,historical,0.0,0.0,0.0,48
SE,1913,marine_hw,historical,0.0,0.0,0.0,48
SE,1914,marine_hw,historical,0.0,0.0,0.0,48
SE,1915,marine_hw,historical,0.0,0.0,0.0,48
SE,1916,marine_hw,historical,0.0,0.0,0.0,48
SE,1917,marine_hw,historical,0.0,0.0,0.0,48
SE,1918,marine_hw,historical,0.0,0.0,0.0,48
SE,1919,marine_hw,historical,0.0,0.0,0.0,48
SE,1920,marine_hw,historical,0.0,0.0,0.0,48
SE,1921,marine_hw,historical,0.0,0.0,0.0,48
SE,1922,marine_hw,historical,0.0,0.0,0.0,48
SE,1923,marine_hw,historical,0.0,0.0,0.0,48
SE,1924,marine_hw,historical,0.0,0.0,0.0,48
SE,1925,marine_hw,historical,0.0,0.0,0.0,48
SE,1926,marine_hw,historical,0.0,0.0,0.0,48
SE,1927,marine_hw,historical,0.0,0.0,0.0,48
SE,1928,marine_hw,historical,0.0,0.0,0.0,48
SE,1929,marine_hw,historical,0.0,0.0,0.0,48
SE,1930,marine_hw,historical,0.0,0.0,0.0,48
SE,1931,marine_hw,historical,0.0,0.0,0.0,48
SE,1932,marine_hw,historical,0.0,0.0,0.0,48
SE,1933,marine_hw,historical,0.0,0.0,0.0,48
SE,1934,marine_hw,historical,0.0,0.0,0.0,48
SE,1935,marine_hw,historical,0.0,0.0,0.0,48
SE,1936,marine_hw,historical,0.0,0.0,0.0,48
SE,1937,marine_hw,historical,0.0,0.0,0.0,48
SE,1938,marine_hw,historical,0.0,0.0,0.0,48
SE,1939,marine_hw,historical,0.0,0.0,0.0,48
SE,1940,marine_hw,historical,0.0,0.0,0.0,48
SE,1941,marine_hw,historical,0.0,0.0,0.0,48
SE,1942,marine_hw,historical,0.0,0.0,0.0,48
SE,1943,marine_hw,historical,0.0,0.0,0.0,48
SE,1944,marine_hw,historical,0.0,0.0,0.0,48
SE,1945,marine_hw,historical,0.0,0.0,0.0,48
SE,1946,marine_hw,historical,0.0,0.0,0.0,48
SE,1947,marine_hw,historical,0.0,0.0,0.0,48
SE,1948,marine_hw,historical,0.0,0.0,0.0,48
SE,1949,marine_hw,historical,0.0,0.0,0.0,48
SE,1950,marine_hw,historical,0.0,0.0,0.0,48
SE,1951,marine_hw,historical,0.0,0.0,0.0,48
SE,1952,marine_hw,historical,0.0,0.0,0.0,48
SE,1953,marine_hw,historical,0.0,0.0,0.0,48
SE,1954,marine_hw,historical,0.0,0.0,0.0,48
SE,1955,marine_hw,historical,0.0,0.0,0.0,48
SE,1956,marine_hw,historical,0.0,0.0,0.0,48
SE,1957,marine_hw,historical,0.0,0.0,0.0,48
SE,1958,marine_hw,historical,0.0,0.0,0.0,48
SE,1959,marine_hw,historical,0.0,0.0,0.0,48
SE,1960,marine_hw,historical,0.0,0.0,0.0,48
SE,1961,marine_hw,historical,0.0,0.0,0.0,48
SE,1962,marine_hw,historical,0.0,0.0,0.0,48
SE,1963,marine_hw,historical,0.0,0.0,0.0,48
SE,1964,marine_hw,historical,0.0,0.0,0.0,48
SE,1965,marine_hw,historical,0.0,0.0,0.0,48
SE,1966,marine_hw,historical,0.0,0.0,0.0,48
SE,1967,marine_hw,historical,0.0,0.0,0.0,48
SE,1968,marine_hw,historical,0.0,0.0,0.0,48
SE,1969,marine_hw,historical,0.0,0.0,0.0,48
SE,1970,marine_hw,historical,0.0,0.0,0.0,48
SE,1971,marine_hw,historical,0.0,0.0,0.0,48
SE,1972,marine_hw,historical,0.0,0.0,0.0,48
SE,1973,marine_hw,historical,0.0,0.0,0.0,48
SE,1974,marine_hw,historical,0.0,0.0,0.0,48
SE,1975,marine_hw,historical,0.0,0.0,0.0,48
SE,1976,marine_hw,historical,0.0,0.0,0.0,48
SE,1977,marine_hw,historical,0.0,0.0,0.0,48
SE,1978,marine_hw,historical,0.0,0.0,0.0,48
SE,1979,marine_hw,historical,0.0,0.0,0.0,48
SE,1980,marine_hw,historical,0.0,0.0,0.0,48
SE,1981,marine_hw,historical,0.0,0.0,0.0,48
SE,1982,marine_hw,historical,0.0,0.0,0.0,48
SE,1983,marine_hw,historical,0.0,0.0,0.0,48
SE,1984,marine_hw,historical,0.0,0.0,0.0,48
SE,1985,marine_hw,historical,0.0,0.0,0.0,48
SE,1986,marine_hw,historical,0.0,0.0,0.0,48
SE,1987,marine_hw,historical,0.0,0.0,0.0,48
SE,1988,marine_hw,historical,0.0,0.0,0.0,48
SE,1989,marine_hw,historical,0.0,0.0,0.0,48
SE,1990,marine_hw,historical,0.0,0.0,0.0,48
SE,1991,marine_hw,historical,0.0,0.0,0.0,48
SE,1992,marine_hw,historical,0.0,0.0,0.0,48
SE,1993,marine_hw,historical,0.0,0.0,0.0,48
SE,1994,marine_hw,historical,0.0,0.0,0.0,48
SE,1995,marine_hw,historical,0.0,0.0,0.0,48
SE,1996,marine_hw,historical,0.0,0.0,0.0,48
SE,1997,marine_hw,historical,0.0,0.0,0.0,48
SE,1998,marine_hw,historical,0.0,0.0,0.0,48
SE,1999,marine_hw,historical,0.0,0.0,0.0,48
SE,2000,marine_hw,historical,0.0,0.0,0.0,48
SE,2001,marine_hw,historical,0.0,0.0,0.0,48
SE,2002,marine_hw,historical,0.0,0.0,0.0,48
SE,2003,marine_hw,historical,0.0,0.0,0.0,48
SE,2004,marine_hw,historical,0.0,0.0,0.0,48
SE,2005,marine_hw,historical,0.0,0.0,0.0,48
SE,2006,marine_hw,historical,0.0,0.0,0.0,48
SE,2007,marine_hw,historical,0.0,0.0,0.0,48
SE,2008,marine_hw,historical,0.0,0.0,0.0,48
SE,2009,marine_hw,historical,0.0,0.0,0.0,48
SE,2010,marine_hw,historical,0.0,0.0,0.0,48
SE,2011,marine_hw,historical,0.0,0.0,0.0,48
SE,2012,marine_hw,historical,0.0,0.0,0.0,48
SE,2013,marine_hw,historical,0.0,0.0,0.0,48
SE,2014,marine_hw,historical,0.0,0.0,0.0,48
SH,1850,marine_hw,historical,0.003970774643939395,0.15623426,0.0,132
SH,1851,marine_hw,historical,0.003348572434090909,0.19104582,0.0,132
SH,1852,marine_hw,historical,0.0030844863890909092,0.16306911,0.0,132
SH,1853,marine_hw,historical,0.00444319484469697,0.17898747,0.0,132
SH,1854,marine_hw,historical,0.005292408704545455,0.21696907,0.0,132
SH,1855,marine_hw,historical,0.004729090022727272,0.19655892,0.0,132
SH,1856,marine_hw,historical,0.003623070633333333,0.1744784,0.0,132
SH,1857,marine_hw,historical,0.0020731951515151515,0.09511906,0.0,132
SH,1858,marine_hw,historical,0.004690857762121212,0.20374419,0.0,132
SH,1859,marine_hw,historical,0.0033361902272727273,0.1630446,0.0,132
SH,1860,marine_hw,historical,0.0015715794363636364,0.100749254,0.0,132
SH,1861,marine_hw,historical,0.0029021059015151515,0.14006989,0.0,132
SH,1862,marine_hw,historical,0.004048707059848485,0.1955449,0.0,132
SH,1863,marine_hw,historical,0.0027601390833333333,0.14517176,0.0,132
SH,1864,marine_hw,historical,0.0033493634166666666,0.17594269,0.0,132
SH,1865,marine_hw,historical,0.0041935349022727275,0.20852923,0.0,132
SH,1866,marine_hw,historical,0.004554297613636364,0.20097084,0.0,132
SH,1867,marine_hw,historical,0.0059769525303030304,0.22841196,0.0,132
SH,1868,marine_hw,historical,0.006636652692424242,0.24939042,0.0,132
SH,1869,marine_hw,historical,0.005154345686363636,0.20317137,0.0,132
SH,1870,marine_hw,historical,0.0036047933356060605,0.15345365,0.0,132
SH,1871,marine_hw,historical,0.005357539846212121,0.1722797,0.0,132
SH,1872,marine_hw,historical,0.00578885405030303,0.20240428,0.0,132
SH,1873,marine_hw,historical,0.006850096465909091,0.24742046,0.0,132
SH,1874,marine_hw,historical,0.005659075393939394,0.2321739,0.0,132
SH,1875,marine_hw,historical,0.0022543296045454547,0.15701497,0.0,132
SH,1876,marine_hw,historical,0.006990571257575758,0.25476736,0.0,132
SH,1877,marine_hw,historical,0.005169047968181818,0.19651806,0.0,132
SH,1878,marine_hw,historical,0.0027562408636363635,0.1818652,0.0,132
SH,1879,marine_hw,historical,0.004354066240909091,0.19381735,0.0,132
SH,1880,marine_hw,historical,0.0055923461893939395,0.20497064,0.0,132
SH,1881,marine_hw,historical,0.005251345878787879,0.2041872,0.0,132
SH,1882,marine_hw,historical,0.004480567969696969,0.18046719,0.0,132
SH,1883,marine_hw,historical,0.004099832958333334,0.19360946,0.0,132
SH,1884,marine_hw,historical,0.003908422484848484,0.18296093,0.0,132
SH,1885,marine_hw,historical,0.0023138169393939396,0.1181791,0.0,132
SH,1886,marine_hw,historical,0.003509367727272727,0.17596266,0.0,132
SH,1887,marine_hw,historical,0.0036351210530303026,0.19055653,0.0,132
SH,1888,marine_hw,historical,0.002141467333333334,0.12904188,0.0,132
SH,1889,marine_hw,historical,0.0015909266590909091,0.114160255,0.0,132
SH,1890,marine_hw,historical,0.005141863333333333,0.20687158,0.0,132
SH,1891,marine_hw,historical,0.007928861342424242,0.28121895,0.0,132
SH,1892,marine_hw,historical,0.0043858612499999994,0.17100967,0.0,132
SH,1893,marine_hw,historical,0.0029398212424242426,0.14296307,0.0,132
SH,1894,marine_hw,historical,0.002011738171212121,0.122893326,0.0,132
SH,1895,marine_hw,historical,0.005711487275,0.27532184,0.0,132
SH,1896,marine_hw,historical,0.004403071320454545,0.18528217,0.0,132
SH,1897,marine_hw,historical,0.004607786799242425,0.19633833,0.0,132
SH,1898,marine_hw,historical,0.003187837259318182,0.18035643,0.0,132
SH,1899,marine_hw,historical,0.005016602738636364,0.21898079,0.0,132
SH,1900,marine_hw,historical,0.004744927227272727,0.22748964,0.0,132
SH,1901,marine_hw,historical,0.0052910828530303025,0.22800708,0.0,132
SH,1902,marine_hw,historical,0.006515617657575758,0.25227088,0.0,132
SH,1903,marine_hw,historical,0.003493448375757576,0.18625352,0.0,132
SH,1904,marine_hw,historical,0.003441387359848485,0.15715386,0.0,132
SH,1905,marine_hw,historical,0.004118239651515152,0.16801302,0.0,132
SH,1906,marine_hw,historical,0.005565076325757576,0.24314108,0.0,132
SH,1907,marine_hw,historical,0.004222427874242424,0.20345733,0.0,132
SH,1908,marine_hw,historical,0.004902423014696969,0.18391776,0.0,132
SH,1909,marine_hw,historical,0.004798418848484849,0.20539549,0.0,132
SH,1910,marine_hw,historical,0.0023704898181818182,0.14796144,0.0,132
SH,1911,marine_hw,historical,0.0038221891971969694,0.19627386,0.0,132
SH,1912,marine_hw,historical,0.005075739250000001,0.19395353,0.0,132
SH,1913,marine_hw,historical,0.005199319992424243,0.2307568,0.0,132
SH,1914,marine_hw,historical,0.004804340106060606,0.21190989,0.0,132
SH,1915,marine_hw,historical,0.0046397288386363636,0.19027963,0.0,132
SH,1916,marine_hw,historical,0.0039968233257575755,0.17717458,0.0,132
SH,1917,marine_hw,historical,0.004400766037878788,0.19496208,0.0,132
SH,1918,marine_hw,historical,0.008549138425,0.254564,0.0,132
SH,1919,marine_hw,historical,0.007094444840909091,0.2346513,0.0,132
SH,1920,marine_hw,historical,0.00464634096969697,0.20448859,0.0,132
SH,1921,marine_hw,historical,0.004188860884848485,0.19928142,0.0,132
SH,1922,marine_hw,historical,0.0057433948977272725,0.23083125,0.0,132
SH,1923,marine_hw,historical,0.005550500356060606,0.24334897,0.0,132
SH,1924,marine_hw,historical,0.0028561205537878786,0.13837776,0.0,132
SH,1925,marine_hw,historical,0.004248321159090909,0.18800285,0.0,132
SH,1926,marine_hw,historical,0.004822817060606061,0.19380647,0.0,132
SH,1927,marine_hw,historical,0.005748515840909091,0.21515074,0.0,132
SH,1928,marine_hw,historical,0.005388978666666667,0.20151645,0.0,132
SH,1929,marine_hw,historical,0.0041883562276515155,0.17603618,0.0,132
SH,1930,marine_hw,historical,0.005616467265151515,0.23034012,0.0,132
SH,1931,marine_hw,historical,0.008570486780303031,0.27013284,0.0,132
SH,1932,marine_hw,historical,0.005829113637121212,0.22850637,0.0,132
SH,1933,marine_hw,historical,0.004041525683333333,0.17166057,0.0,132
SH,1934,marine_hw,historical,0.004280909786742425,0.20110975,0.0,132
SH,1935,marine_hw,historical,0.004048651993181818,0.17802973,0.0,132
SH,1936,marine_hw,historical,0.004845093303030303,0.22384661,0.0,132
SH,1937,marine_hw,historical,0.002893157322727273,0.13467845,0.0,132
SH,1938,marine_hw,historical,0.004675185674242424,0.2365132,0.0,132
SH,1939,marine_hw,historical,0.004395169335606061,0.19510916,0.0,132
SH,1940,marine_hw,historical,0.0038168318886363634,0.179248,0.0,132
SH,1941,marine_hw,historical,0.004867313136363636,0.19144617,0.0,132
SH,1942,marine_hw,historical,0.006376307075757576,0.21503274,0.0,132
SH,1943,marine_hw,historical,0.00711052689469697,0.24725617,0.0,132
SH,1944,marine_hw,historical,0.004915757863636364,0.24053842,0.0,132
SH,1945,marine_hw,historical,0.008835822696969697,0.3179614,0.0,132
SH,1946,marine_hw,historical,0.005300418366666667,0.2234735,0.0,132
SH,1947,marine_hw,historical,0.004875242136363637,0.21005434,0.0,132
SH,1948,marine_hw,historical,0.002942317590909091,0.15513945,0.0,132
SH,1949,marine_hw,historical,0.0027929618,0.14461163,0.0,132
SH,1950,marine_hw,historical,0.003974362118181819,0.1781877,0.0,132
SH,1951,marine_hw,historical,0.005889258416666667,0.25742176,0.0,132
SH,1952,marine_hw,historical,0.004093190503787879,0.20898856,0.0,132
SH,1953,marine_hw,historical,0.003532896732575757,0.17965288,0.0,132
SH,1954,marine_hw,historical,0.005047848712121212,0.21798855,0.0,132
SH,1955,marine_hw,historical,0.005450478078787879,0.23807643,0.0,132
SH,1956,marine_hw,historical,0.0017822862954545455,0.124061674,0.0,132
SH,1957,marine_hw,historical,0.007269911113636363,0.273174,0.0,132
SH,1958,marine_hw,historical,0.005277911523106061,0.22133744,0.0,132
SH,1959,marine_hw,historical,0.005277215659090909,0.21213776,0.0,132
SH,1960,marine_hw,historical,0.006752687583333333,0.25938806,0.0,132
SH,1961,marine_hw,historical,0.00607097228030303,0.25325495,0.0,132
SH,1962,marine_hw,historical,0.007824524401515152,0.26401332,0.0,132
SH,1963,marine_hw,historical,0.0030121647901515153,0.16093487,0.0,132
SH,1964,marine_hw,historical,0.003005232262651515,0.17320111,0.0,132
SH,1965,marine_hw,historical,0.004477550896969698,0.21149321,0.0,132
SH,1966,marine_hw,historical,0.0029630375984848484,0.15776753,0.0,132
SH,1967,marine_hw,historical,0.004127587128787879,0.16731581,0.0,132
SH,1968,marine_hw,historical,0.007773476931818181,0.24811041,0.0,132
SH,1969,marine_hw,historical,0.0036472396363636363,0.20537189,0.0,132
SH,1970,marine_hw,historical,0.004219455431818182,0.21191534,0.0,132
SH,1971,marine_hw,historical,0.005306889962121212,0.22264469,0.0,132
SH,1972,marine_hw,historical,0.004256879212878788,0.18153113,0.0,132
SH,1973,marine_hw,historical,0.009386799243939394,0.3124592,0.0,132
SH,1974,marine_hw,historical,0.004855766156060606,0.1803864,0.0,132
SH,1975,marine_hw,historical,0.005732079262121212,0.23121434,0.0,132
SH,1976,marine_hw,historical,0.0067908365666666665,0.26316634,0.0,132
SH,1977,marine_hw,historical,0.0075528008969696974,0.2500522,0.0,132
SH,1978,marine_hw,historical,0.005461228583333333,0.2016272,0.0,132
SH,1979,marine_hw,historical,0.0030376000863636364,0.17318842,0.0,132
SH,1980,marine_hw,historical,0.0041583424780303035,0.17679693,0.0,132
SH,1981,marine_hw,historical,0.005924467651515151,0.24288781,0.0,132
SH,1982,marine_hw,historical,0.0037980993409090905,0.2066519,0.0,132
SH,1983,marine_hw,historical,0.0027331373863636365,0.13447055,0.0,132
SH,1984,marine_hw,historical,0.006644972742424243,0.2655248,0.0,132
SH,1985,marine_hw,historical,0.0073068721969696965,0.25318232,0.0,132
SH,1986,marine_hw,historical,0.004960354514393939,0.21531689,0.0,132
SH,1987,marine_hw,historical,0.0063991751666666674,0.21186541,0.0,132
SH,1988,marine_hw,historical,0.005829983357575758,0.18983482,0.0,132
SH,1989,marine_hw,historical,0.006456838456060606,0.23828614,0.0,132
SH,1990,marine_hw,historical,0.005570972757575758,0.19860965,0.0,132
SH,1991,marine_hw,historical,0.006989764033333333,0.2500386,0.0,132
SH,1992,marine_hw,historical,0.0038975769496969693,0.17847092,0.0,132
SH,1993,marine_hw,historical,0.007049218295454546,0.29337806,0.0,132
SH,1994,marine_hw,historical,0.0074719935530303035,0.26020145,0.0,132
SH,1995,marine_hw,historical,0.007468267401515151,0.29020712,0.0,132
SH,1996,marine_hw,historical,0.006155152319318182,0.19886294,0.0,132
SH,1997,marine_hw,historical,0.007103438815,0.24605241,0.0,132
SH,1998,marine_hw,historical,0.006615718063636363,0.235954,0.0,132
SH,1999,marine_hw,historical,0.003104525628787879,0.15475544,0.0,132
SH,2000,marine_hw,historical,0.005797468568939394,0.2236587,0.0,132
SH,2001,marine_hw,historical,0.008480884833333334,0.26786786,0.0,132
SH,2002,marine_hw,historical,0.008985692904545456,0.32004482,0.0,132
SH,2003,marine_hw,historical,0.007388758918939394,0.2937303,0.0,132
SH,2004,marine_hw,historical,0.0060093570378787885,0.22091167,0.0,132
SH,2005,marine_hw,historical,0.005976471108333333,0.2341057,0.0,132
SH,2006,marine_hw,historical,0.012229882159090908,0.3527757,0.0,132
SH,2007,marine_hw,historical,0.007387539227272728,0.25796553,0.0,132
SH,2008,marine_hw,historical,0.008497356045454546,0.27454114,0.0,132
SH,2009,marine_hw,historical,0.007632124696969697,0.26151866,0.0,132
SH,2010,marine_hw,historical,0.007037435878787878,0.24614954,0.0,132
SH,2011,marine_hw,historical,0.0070675680884848486,0.29603612,0.0,132
SH,2012,marine_hw,historical,0.008095236833333332,0.28378528,0.0,132
SH,2013,marine_hw,historical,0.006373282196969697,0.26233116,0.0,132
SH,2014,marine_hw,historical,0.007172584484848485,0.26463425,0.0,132
SJ,1850,marine_hw,historical,0.0,0.0,0.0,240
SJ,1851,marine_hw,historical,0.0,0.0,0.0,240
SJ,1852,marine_hw,historical,0.0,0.0,0.0,240
SJ,1853,marine_hw,historical,0.0,0.0,0.0,240
SJ,1854,marine_hw,historical,0.0,0.0,0.0,240
SJ,1855,marine_hw,historical,0.0,0.0,0.0,240
SJ,1856,marine_hw,historical,0.0,0.0,0.0,240
SJ,1857,marine_hw,historical,0.0,0.0,0.0,240
SJ,1858,marine_hw,historical,0.0,0.0,0.0,240
SJ,1859,marine_hw,historical,0.0,0.0,0.0,240
SJ,1860,marine_hw,historical,0.0,0.0,0.0,240
SJ,1861,marine_hw,historical,0.0,0.0,0.0,240
SJ,1862,marine_hw,historical,0.0,0.0,0.0,240
SJ,1863,marine_hw,historical,0.0,0.0,0.0,240
SJ,1864,marine_hw,historical,0.0,0.0,0.0,240
SJ,1865,marine_hw,historical,0.0,0.0,0.0,240
SJ,1866,marine_hw,historical,0.0,0.0,0.0,240
SJ,1867,marine_hw,historical,0.0,0.0,0.0,240
SJ,1868,marine_hw,historical,0.0,0.0,0.0,240
SJ,1869,marine_hw,historical,0.0,0.0,0.0,240
SJ,1870,marine_hw,historical,0.0,0.0,0.0,240
SJ,1871,marine_hw,historical,0.0,0.0,0.0,240
SJ,1872,marine_hw,historical,0.0,0.0,0.0,240
SJ,1873,marine_hw,historical,0.0,0.0,0.0,240
SJ,1874,marine_hw,historical,0.0,0.0,0.0,240
SJ,1875,marine_hw,historical,0.0,0.0,0.0,240
SJ,1876,marine_hw,historical,0.0,0.0,0.0,240
SJ,1877,marine_hw,historical,0.0,0.0,0.0,240
SJ,1878,marine_hw,historical,0.0,0.0,0.0,240
SJ,1879,marine_hw,historical,0.0,0.0,0.0,240
SJ,1880,marine_hw,historical,0.0,0.0,0.0,240
SJ,1881,marine_hw,historical,0.0,0.0,0.0,240
SJ,1882,marine_hw,historical,0.0,0.0,0.0,240
SJ,1883,marine_hw,historical,0.0,0.0,0.0,240
SJ,1884,marine_hw,historical,0.0,0.0,0.0,240
SJ,1885,marine_hw,historical,0.0,0.0,0.0,240
SJ,1886,marine_hw,historical,0.0,0.0,0.0,240
SJ,1887,marine_hw,historical,0.0,0.0,0.0,240
SJ,1888,marine_hw,historical,0.0,0.0,0.0,240
SJ,1889,marine_hw,historical,0.0,0.0,0.0,240
SJ,1890,marine_hw,historical,0.0,0.0,0.0,240
SJ,1891,marine_hw,historical,0.0,0.0,0.0,240
SJ,1892,marine_hw,historical,0.0,0.0,0.0,240
SJ,1893,marine_hw,historical,0.0,0.0,0.0,240
SJ,1894,marine_hw,historical,0.0,0.0,0.0,240
SJ,1895,marine_hw,historical,0.0,0.0,0.0,240
SJ,1896,marine_hw,historical,0.0,0.0,0.0,240
SJ,1897,marine_hw,historical,0.0,0.0,0.0,240
SJ,1898,marine_hw,historical,0.0,0.0,0.0,240
SJ,1899,marine_hw,historical,0.0,0.0,0.0,240
SJ,1900,marine_hw,historical,0.0,0.0,0.0,240
SJ,1901,marine_hw,historical,0.0,0.0,0.0,240
SJ,1902,marine_hw,historical,0.0,0.0,0.0,240
SJ,1903,marine_hw,historical,0.0,0.0,0.0,240
SJ,1904,marine_hw,historical,0.0,0.0,0.0,240
SJ,1905,marine_hw,historical,0.0,0.0,0.0,240
SJ,1906,marine_hw,historical,0.0,0.0,0.0,240
SJ,1907,marine_hw,historical,0.0,0.0,0.0,240
SJ,1908,marine_hw,historical,0.0,0.0,0.0,240
SJ,1909,marine_hw,historical,0.0,0.0,0.0,240
SJ,1910,marine_hw,historical,0.0,0.0,0.0,240
SJ,1911,marine_hw,historical,0.0,0.0,0.0,240
SJ,1912,marine_hw,historical,0.0,0.0,0.0,240
SJ,1913,marine_hw,historical,0.0,0.0,0.0,240
SJ,1914,marine_hw,historical,0.0,0.0,0.0,240
SJ,1915,marine_hw,historical,0.0,0.0,0.0,240
SJ,1916,marine_hw,historical,0.0,0.0,0.0,240
SJ,1917,marine_hw,historical,0.0,0.0,0.0,240
SJ,1918,marine_hw,historical,0.0,0.0,0.0,240
SJ,1919,marine_hw,historical,0.0,0.0,0.0,240
SJ,1920,marine_hw,historical,0.0,0.0,0.0,240
SJ,1921,marine_hw,historical,0.0,0.0,0.0,240
SJ,1922,marine_hw,historical,0.0,0.0,0.0,240
SJ,1923,marine_hw,historical,0.0,0.0,0.0,240
SJ,1924,marine_hw,historical,0.0,0.0,0.0,240
SJ,1925,marine_hw,historical,0.0,0.0,0.0,240
SJ,1926,marine_hw,historical,0.0,0.0,0.0,240
SJ,1927,marine_hw,historical,0.0,0.0,0.0,240
SJ,1928,marine_hw,historical,0.0,0.0,0.0,240
SJ,1929,marine_hw,historical,0.0,0.0,0.0,240
SJ,1930,marine_hw,historical,0.0,0.0,0.0,240
SJ,1931,marine_hw,historical,0.0,0.0,0.0,240
SJ,1932,marine_hw,historical,0.0,0.0,0.0,240
SJ,1933,marine_hw,historical,0.0,0.0,0.0,240
SJ,1934,marine_hw,historical,0.0,0.0,0.0,240
SJ,1935,marine_hw,historical,0.0,0.0,0.0,240
SJ,1936,marine_hw,historical,0.0,0.0,0.0,240
SJ,1937,marine_hw,historical,0.0,0.0,0.0,240
SJ,1938,marine_hw,historical,0.0,0.0,0.0,240
SJ,1939,marine_hw,historical,0.0,0.0,0.0,240
SJ,1940,marine_hw,historical,0.0,0.0,0.0,240
SJ,1941,marine_hw,historical,0.0,0.0,0.0,240
SJ,1942,marine_hw,historical,0.0,0.0,0.0,240
SJ,1943,marine_hw,historical,0.0,0.0,0.0,240
SJ,1944,marine_hw,historical,0.0,0.0,0.0,240
SJ,1945,marine_hw,historical,0.0,0.0,0.0,240
SJ,1946,marine_hw,historical,0.0,0.0,0.0,240
SJ,1947,marine_hw,historical,0.0,0.0,0.0,240
SJ,1948,marine_hw,historical,0.0,0.0,0.0,240
SJ,1949,marine_hw,historical,0.0,0.0,0.0,240
SJ,1950,marine_hw,historical,0.0,0.0,0.0,240
SJ,1951,marine_hw,historical,0.0,0.0,0.0,240
SJ,1952,marine_hw,historical,0.0,0.0,0.0,240
SJ,1953,marine_hw,historical,0.0,0.0,0.0,240
SJ,1954,marine_hw,historical,0.0,0.0,0.0,240
SJ,1955,marine_hw,historical,0.0,0.0,0.0,240
SJ,1956,marine_hw,historical,0.0,0.0,0.0,240
SJ,1957,marine_hw,historical,0.0,0.0,0.0,240
SJ,1958,marine_hw,historical,0.0,0.0,0.0,240
SJ,1959,marine_hw,historical,0.0,0.0,0.0,240
SJ,1960,marine_hw,historical,0.0,0.0,0.0,240
SJ,1961,marine_hw,historical,0.0,0.0,0.0,240
SJ,1962,marine_hw,historical,0.0,0.0,0.0,240
SJ,1963,marine_hw,historical,0.0,0.0,0.0,240
SJ,1964,marine_hw,historical,0.0,0.0,0.0,240
SJ,1965,marine_hw,historical,0.0,0.0,0.0,240
SJ,1966,marine_hw,historical,0.0,0.0,0.0,240
SJ,1967,marine_hw,historical,0.0,0.0,0.0,240
SJ,1968,marine_hw,historical,0.0,0.0,0.0,240
SJ,1969,marine_hw,historical,0.0,0.0,0.0,240
SJ,1970,marine_hw,historical,0.0,0.0,0.0,240
SJ,1971,marine_hw,historical,0.0,0.0,0.0,240
SJ,1972,marine_hw,historical,0.0,0.0,0.0,240
SJ,1973,marine_hw,historical,0.0,0.0,0.0,240
SJ,1974,marine_hw,historical,0.0,0.0,0.0,240
SJ,1975,marine_hw,historical,0.0,0.0,0.0,240
SJ,1976,marine_hw,historical,0.0,0.0,0.0,240
SJ,1977,marine_hw,historical,0.0,0.0,0.0,240
SJ,1978,marine_hw,historical,0.0,0.0,0.0,240
SJ,1979,marine_hw,historical,0.0,0.0,0.0,240
SJ,1980,marine_hw,historical,0.0,0.0,0.0,240
SJ,1981,marine_hw,historical,0.0,0.0,0.0,240
SJ,1982,marine_hw,historical,0.0,0.0,0.0,240
SJ,1983,marine_hw,historical,0.0,0.0,0.0,240
SJ,1984,marine_hw,historical,0.0,0.0,0.0,240
SJ,1985,marine_hw,historical,0.0,0.0,0.0,240
SJ,1986,marine_hw,historical,0.0,0.0,0.0,240
SJ,1987,marine_hw,historical,0.0,0.0,0.0,240
SJ,1988,marine_hw,historical,0.0,0.0,0.0,240
SJ,1989,marine_hw,historical,0.0,0.0,0.0,240
SJ,1990,marine_hw,historical,0.0,0.0,0.0,240
SJ,1991,marine_hw,historical,0.0,0.0,0.0,240
SJ,1992,marine_hw,historical,0.0,0.0,0.0,240
SJ,1993,marine_hw,historical,0.0,0.0,0.0,240
SJ,1994,marine_hw,historical,0.0,0.0,0.0,240
SJ,1995,marine_hw,historical,0.0,0.0,0.0,240
SJ,1996,marine_hw,historical,0.0,0.0,0.0,240
SJ,1997,marine_hw,historical,0.0,0.0,0.0,240
SJ,1998,marine_hw,historical,0.0,0.0,0.0,240
SJ,1999,marine_hw,historical,0.0,0.0,0.0,240
SJ,2000,marine_hw,historical,0.0,0.0,0.0,240
SJ,2001,marine_hw,historical,0.0,0.0,0.0,240
SJ,2002,marine_hw,historical,0.0,0.0,0.0,240
SJ,2003,marine_hw,historical,0.0,0.0,0.0,240
SJ,2004,marine_hw,historical,0.0,0.0,0.0,240
SJ,2005,marine_hw,historical,0.0,0.0,0.0,240
SJ,2006,marine_hw,historical,0.0,0.0,0.0,240
SJ,2007,marine_hw,historical,0.0,0.0,0.0,240
SJ,2008,marine_hw,historical,0.0,0.0,0.0,240
SJ,2009,marine_hw,historical,0.0,0.0,0.0,240
SJ,2010,marine_hw,historical,0.0,0.0,0.0,240
SJ,2011,marine_hw,historical,0.0,0.0,0.0,240
SJ,2012,marine_hw,historical,0.0,0.0,0.0,240
SJ,2013,marine_hw,historical,0.0,0.0,0.0,240
SJ,2014,marine_hw,historical,0.0,0.0,0.0,240
SO,1850,marine_hw,historical,0.0534759941,0.3724178,0.0,108
SO,1851,marine_hw,historical,0.055516917737037035,0.3107471,0.0,108
SO,1852,marine_hw,historical,0.08860398006666667,0.38345128,0.0,108
SO,1853,marine_hw,historical,0.0799586215787037,0.31795868,0.0,108
SO,1854,marine_hw,historical,0.05208005909333333,0.33966696,0.0,108
SO,1855,marine_hw,historical,0.03731340138425926,0.29660076,0.0,108
SO,1856,marine_hw,historical,0.0818043922762037,0.3726502,0.0,108
SO,1857,marine_hw,historical,0.08844062874546298,0.30966318,0.0,108
SO,1858,marine_hw,historical,0.07107430110092593,0.27457562,0.0,108
SO,1859,marine_hw,historical,0.05143638920740741,0.296628,0.0,108
SO,1860,marine_hw,historical,0.025595749036481482,0.2243459,0.0,108
SO,1861,marine_hw,historical,0.042333134186111114,0.22606166,0.0,108
SO,1862,marine_hw,historical,0.0861725592662037,0.37997347,0.0,108
SO,1863,marine_hw,historical,0.08099167900148148,0.33116817,0.0,108
SO,1864,marine_hw,historical,0.04153415851666667,0.29433852,0.0,108
SO,1865,marine_hw,historical,0.046233230436111106,0.26956,0.0,108
SO,1866,marine_hw,historical,0.054425816300925925,0.34759396,0.0,108
SO,1867,marine_hw,historical,0.07534778617933334,0.3126998,0.0,108
SO,1868,marine_hw,historical,0.08973083299166668,0.34601438,0.0,108
SO,1869,marine_hw,historical,0.043070852823796295,0.27689055,0.0,108
SO,1870,marine_hw,historical,0.05538693160555556,0.2883915,0.0,108
SO,1871,marine_hw,historical,0.09239192029259259,0.3666061,0.0,108
SO,1872,marine_hw,historical,0.11488654734166666,0.3749079,0.0,108
SO,1873,marine_hw,historical,0.061141941067777775,0.29685313,0.0,108
SO,1874,marine_hw,historical,0.029660024133333334,0.24140899,0.0,108
SO,1875,marine_hw,historical,0.0642795440150926,0.3265356,0.0,108
SO,1876,marine_hw,historical,0.09372328337546296,0.3252892,0.0,108
SO,1877,marine_hw,historical,0.05430791874962963,0.32847378,0.0,108
SO,1878,marine_hw,historical,0.027084885192314816,0.24401438,0.0,108
SO,1879,marine_hw,historical,0.06454165293333333,0.25610727,0.0,108
SO,1880,marine_hw,historical,0.10818907332314814,0.36198902,0.0,108
SO,1881,marine_hw,historical,0.09269141938981482,0.36404878,0.0,108
SO,1882,marine_hw,historical,0.0470397944537963,0.3321059,0.0,108
SO,1883,marine_hw,historical,0.030189646474444443,0.2609976,0.0,108
SO,1884,marine_hw,historical,0.04799010767407408,0.25129497,0.0,108
SO,1885,marine_hw,historical,0.08251055967555555,0.33998203,0.0,108
SO,1886,marine_hw,historical,0.10544809145370371,0.34810233,0.0,108
SO,1887,marine_hw,historical,0.0650821160312037,0.30699968,0.0,108
SO,1888,marine_hw,historical,0.03444140540185185,0.26446176,0.0,108
SO,1889,marine_hw,historical,0.038362534210462956,0.26451898,0.0,108
SO,1890,marine_hw,historical,0.09363753723472222,0.36047387,0.0,108
SO,1891,marine_hw,historical,0.09425633102314815,0.35784125,0.0,108
SO,1892,marine_hw,historical,0.0795145116611111,0.36638823,0.0,108
SO,1893,marine_hw,historical,0.053971053168750005,0.31481495,0.0,108
SO,1894,marine_hw,historical,0.0490434768487963,0.29664978,0.0,108
SO,1895,marine_hw,historical,0.09281796444444444,0.3588752,0.0,108
SO,1896,marine_hw,historical,0.0795034692037037,0.36951286,0.0,108
SO,1897,marine_hw,historical,0.04413494916259259,0.2951165,0.0,108
SO,1898,marine_hw,historical,0.07550777148611111,0.31277058,0.0,108
SO,1899,marine_hw,historical,0.10218116456203703,0.3261398,0.0,108
SO,1900,marine_hw,historical,0.09840184693125925,0.33756453,0.0,108
SO,1901,marine_hw,historical,0.06981358208703703,0.32128125,0.0,108
SO,1902,marine_hw,historical,0.09696799560314816,0.3702318,0.0,108
SO,1903,marine_hw,historical,0.047422550536111115,0.27853638,0.0,108
SO,1904,marine_hw,historical,0.04142584483425926,0.24743047,0.0,108
SO,1905,marine_hw,historical,0.05836345624351852,0.27735168,0.0,108
SO,1906,marine_hw,historical,0.07227257986944445,0.34869868,0.0,108
SO,1907,marine_hw,historical,0.07008813189740741,0.31596154,0.0,108
SO,1908,marine_hw,historical,0.06825223050925926,0.33797026,0.0,108
SO,1909,marine_hw,historical,0.10255688069907408,0.4149974,0.0,108
SO,1910,marine_hw,historical,0.06676428612841667,0.2837744,0.0,108
SO,1911,marine_hw,historical,0.07210039521111111,0.33981863,0.0,108
SO,1912,marine_hw,historical,0.08637419973425926,0.3398985,0.0,108
SO,1913,marine_hw,historical,0.08426017522037038,0.33517066,0.0,108
SO,1914,marine_hw,historical,0.09029326416018518,0.3627997,0.0,108
SO,1915,marine_hw,historical,0.07940184951666668,0.35171986,0.0,108
SO,1916,marine_hw,historical,0.04408729477203704,0.27298063,0.0,108
SO,1917,marine_hw,historical,0.05746247519576852,0.3146007,0.0,108
SO,1918,marine_hw,historical,0.08181312650462963,0.35763335,0.0,108
SO,1919,marine_hw,historical,0.11296872040648148,0.34501487,0.0,108
SO,1920,marine_hw,historical,0.07660566489814816,0.34043318,0.0,108
SO,1921,marine_hw,historical,0.034470152864814814,0.22834206,0.0,108
SO,1922,marine_hw,historical,0.05808270636666667,0.29841185,0.0,108
SO,1923,marine_hw,historical,0.12060774961666666,0.36645904,0.0,108
SO,1924,marine_hw,historical,0.06081599872685185,0.33234012,0.0,108
SO,1925,marine_hw,historical,0.06478592352685185,0.29467803,0.0,108
SO,1926,marine_hw,historical,0.09388077470185185,0.3531924,0.0,108
SO,1927,marine_hw,historical,0.09485083423101852,0.3510499,0.0,108
SO,1928,marine_hw,historical,0.08124287104037037,0.37263936,0.0,108
SO,1929,marine_hw,historical,0.051159938196296294,0.2720601,0.0,108
SO,1930,marine_hw,historical,0.07678993091296296,0.31337154,0.0,108
SO,1931,marine_hw,historical,0.128601008775,0.43429008,0.0,108
SO,1932,marine_hw,historical,0.10287970577296297,0.35661024,0.0,108
SO,1933,marine_hw,historical,0.05523713932101852,0.2980578,0.0,108
SO,1934,marine_hw,historical,0.06088375448555556,0.29315022,0.0,108
SO,1935,marine_hw,historical,0.11085062381064814,0.3797664,0.0,108
SO,1936,marine_hw,historical,0.08081586062685185,0.39759395,0.0,108
SO,1937,marine_hw,historical,0.06523390675092593,0.28979135,0.0,108
SO,1938,marine_hw,historical,0.10644432961203704,0.32365516,0.0,108
SO,1939,marine_hw,historical,0.11654507888981482,0.38902795,0.0,108
SO,1940,marine_hw,historical,0.06842348572761112,0.33885545,0.0,108
SO,1941,marine_hw,historical,0.04208030760722222,0.31488758,0.0,108
SO,1942,marine_hw,historical,0.06782112937824074,0.30272117,0.0,108
SO,1943,marine_hw,historical,0.07592826001666667,0.30587488,0.0,108
SO,1944,marine_hw,historical,0.1065799037324074,0.35861468,0.0,108
SO,1945,marine_hw,historical,0.077817365375,0.33256978,0.0,108
SO,1946,marine_hw,historical,0.0948980007099074,0.32905024,0.0,108
SO,1947,marine_hw,historical,0.12498557148277778,0.39130187,0.0,108
SO,1948,marine_hw,historical,0.06657500247222223,0.32531008,0.0,108
SO,1949,marine_hw,historical,0.03854161273925926,0.26999664,0.0,108
SO,1950,marine_hw,historical,0.06024496529842592,0.33287477,0.0,108
SO,1951,marine_hw,historical,0.12146890023981481,0.41150874,0.0,108
SO,1952,marine_hw,historical,0.10443729511666666,0.4186586,0.0,108
SO,1953,marine_hw,historical,0.06312604918425925,0.29766744,0.0,108
SO,1954,marine_hw,historical,0.06034042641481482,0.3360358,0.0,108
SO,1955,marine_hw,historical,0.10736575847018519,0.37243965,0.0,108
SO,1956,marine_hw,historical,0.09720077896481481,0.35591757,0.0,108
SO,1957,marine_hw,historical,0.10885441697407407,0.39045137,0.0,108
SO,1958,marine_hw,historical,0.08310799876851852,0.36397523,0.0,108
SO,1959,marine_hw,historical,0.07835812841222223,0.35423905,0.0,108
SO,1960,marine_hw,historical,0.12127983428425926,0.39636382,0.0,108
SO,1961,marine_hw,historical,0.13342072550277778,0.4489665,0.0,108
SO,1962,marine_hw,historical,0.07584632339537037,0.34956208,0.0,108
SO,1963,marine_hw,historical,0.03002591893611111,0.27748606,0.0,108
SO,1964,marine_hw,historical,0.09027755751574074,0.361359,0.0,108
SO,1965,marine_hw,historical,0.11519243733055555,0.39711827,0.0,108
SO,1966,marine_hw,historical,0.04596192328481482,0.26579624,0.0,108
SO,1967,marine_hw,historical,0.047309919147037034,0.27362606,0.0,108
SO,1968,marine_hw,historical,0.1237588592824074,0.35445967,0.0,108
SO,1969,marine_hw,historical,0.12316104784444445,0.3920409,0.0,108
SO,1970,marine_hw,historical,0.06039563630796296,0.30176073,0.0,108
SO,1971,marine_hw,historical,0.04626441993314815,0.2847149,0.0,108
SO,1972,marine_hw,historical,0.06897713494055556,0.32145646,0.0,108
SO,1973,marine_hw,historical,0.12239854871481481,0.3913746,0.0,108
SO,1974,marine_hw,historical,0.08566396837592592,0.36005086,0.0,108
SO,1975,marine_hw,historical,0.06757966699814814,0.365356,0.0,108
SO,1976,marine_hw,historical,0.08777643712912964,0.3317573,0.0,108
SO,1977,marine_hw,historical,0.12773961044259258,0.3813978,0.0,108
SO,1978,marine_hw,historical,0.08318530767814815,0.33237916,0.0,108
SO,1979,marine_hw,historical,0.08321303074472224,0.30828238,0.0,108
SO,1980,marine_hw,historical,0.1154764417638889,0.41059637,0.0,108
SO,1981,marine_hw,historical,0.10985335375277777,0.39226514,0.0,108
SO,1982,marine_hw,historical,0.056392153901296295,0.32779473,0.0,108
SO,1983,marine_hw,historical,0.0431521207574074,0.24012446,0.0,108
SO,1984,marine_hw,historical,0.10989820165046298,0.4050343,0.0,108
SO,1985,marine_hw,historical,0.1369341366175926,0.40794477,0.0,108
SO,1986,marine_hw,historical,0.05880265131907407,0.27307504,0.0,108
SO,1987,marine_hw,historical,0.07154255945108333,0.33359015,0.0,108
SO,1988,marine_hw,historical,0.11745058815370371,0.37645748,0.0,108
SO,1989,marine_hw,historical,0.09524395443333333,0.41046655,0.0,108
SO,1990,marine_hw,historical,0.08576041421041668,0.33059257,0.0,108
SO,1991,marine_hw,historical,0.0748699190512963,0.39755398,0.0,108
SO,1992,marine_hw,historical,0.05835963542787037,0.2690462,0.0,108
SO,1993,marine_hw,historical,0.1076525677712963,0.36963266,0.0,108
SO,1994,marine_hw,historical,0.12220164696074073,0.40826792,0.0,108
SO,1995,marine_hw,historical,0.07378997901018518,0.37380219,0.0,108
SO,1996,marine_hw,historical,0.09029715442217592,0.30443788,0.0,108
SO,1997,marine_hw,historical,0.1665488529111111,0.414401,0.0,108
SO,1998,marine_hw,historical,0.1244428556824074,0.40934095,0.0,108
SO,1999,marine_hw,historical,0.08589507408203705,0.34392917,0.0,108
SO,2000,marine_hw,historical,0.1102940800574074,0.3719058,0.0,108
SO,2001,marine_hw,historical,0.14800134906296297,0.4206975,0.0,108
SO,2002,marine_hw,historical,0.16998027167592594,0.46831092,0.0,108
SO,2003,marine_hw,historical,0.0907905986937963,0.38397688,0.0,108
SO,2004,marine_hw,historical,0.07022925594287037,0.3528701,0.0,108
SO,2005,marine_hw,historical,0.10343960674537038,0.3404559,0.0,108
SO,2006,marine_hw,historical,0.1492300209367963,0.3791338,0.0,108
SO,2007,marine_hw,historical,0.14448831057407407,0.4117529,0.0,108
SO,2008,marine_hw,historical,0.1286151171324074,0.40677276,0.0,108
SO,2009,marine_hw,historical,0.14958112542407406,0.40286654,0.0,108
SO,2010,marine_hw,historical,0.17746545375648146,0.4562816,0.0,108
SO,2011,marine_hw,historical,0.1242931391287037,0.4475794,0.0,108
SO,2012,marine_hw,historical,0.07688681253583332,0.32573676,0.0,108
SO,2013,marine_hw,historical,0.12922214925092593,0.35785127,0.0,108
SO,2014,marine_hw,historical,0.17275963529074076,0.49158886,0.0,108
ST,1850,marine_hw,historical,0.20001198133333334,0.2930367,0.103427276,12
ST,1851,marine_hw,historical,0.17954235583333333,0.2398385,0.10467278,12
ST,1852,marine_hw,historical,0.20305305333333334,0.32758957,0.08922922,12
ST,1853,marine_hw,historical,0.19610222191666668,0.31471327,0.060510833,12
ST,1854,marine_hw,historical,0.16664654425,0.24425496,0.060627937,12
ST,1855,marine_hw,historical,0.14343028133333333,0.21613029,0.08621894,12
ST,1856,marine_hw,historical,0.1755583205,0.2713992,0.04113029,12
ST,1857,marine_hw,historical,0.24662107249999998,0.36565563,0.14415047,12
ST,1858,marine_hw,historical,0.22127593666666667,0.33786136,0.12758759,12
ST,1859,marine_hw,historical,0.16954259316666667,0.30098456,0.046318218,12
ST,1860,marine_hw,historical,0.11029368283333334,0.20140205,0.03242609,12
ST,1861,marine_hw,historical,0.1498502005,0.22372225,0.052098207,12
ST,1862,marine_hw,historical,0.20249719258333335,0.35274756,0.069338486,12
ST,1863,marine_hw,historical,0.19239096625,0.34362048,0.08486994,12
ST,1864,marine_hw,historical,0.11996581066666667,0.20675993,0.048313573,12
ST,1865,marine_hw,historical,0.14956022916666667,0.21091585,0.08980022,12
ST,1866,marine_hw,historical,0.16780058616666668,0.27286166,0.06613922,12
ST,1867,marine_hw,historical,0.2304545925,0.35264406,0.12278983,12
ST,1868,marine_hw,historical,0.25440422166666665,0.377655,0.13914303,12
ST,1869,marine_hw,historical,0.14865741916666667,0.24194369,0.04062356,12
ST,1870,marine_hw,historical,0.15855966916666667,0.2801332,0.11115542,12
ST,1871,marine_hw,historical,0.18920674916666666,0.2909978,0.02525767,12
ST,1872,marine_hw,historical,0.2673625825,0.40137684,0.15866262,12
ST,1873,marine_hw,historical,0.19950361458333332,0.3092474,0.092216805,12
ST,1874,marine_hw,historical,0.1187823355,0.19789158,0.04038118,12
ST,1875,marine_hw,historical,0.16726680083333334,0.2584294,0.07779814,12
ST,1876,marine_hw,historical,0.22868195666666669,0.40322784,0.09521891,12
ST,1877,marine_hw,historical,0.16763537016666666,0.27064756,0.045878842,12
ST,1878,marine_hw,historical,0.11436692366666668,0.18931374,0.044946525,12
ST,1879,marine_hw,historical,0.12502855741666666,0.17888668,0.05263109,12
ST,1880,marine_hw,historical,0.1987554016666667,0.34807056,0.027624145,12
ST,1881,marine_hw,historical,0.23118038666666665,0.36656708,0.12130012,12
ST,1882,marine_hw,historical,0.17310579758333333,0.24563482,0.07495944,12
ST,1883,marine_hw,historical,0.14046660166666666,0.24243572,0.04020779,12
ST,1884,marine_hw,historical,0.14165355691666667,0.22375765,0.062532514,12
ST,1885,marine_hw,historical,0.19189584375000002,0.3185215,0.057594225,12
ST,1886,marine_hw,historical,0.23278159716666666,0.40747362,0.093080126,12
ST,1887,marine_hw,historical,0.15431342208333335,0.26115376,0.043425955,12
ST,1888,marine_hw,historical,0.09722163225000001,0.15870711,0.014917607,12
ST,1889,marine_hw,historical,0.16364345083333334,0.24993962,0.08404929,12
ST,1890,marine_hw,historical,0.23105147166666665,0.36136806,0.09151597,12
ST,1891,marine_hw,historical,0.2400583325,0.32041705,0.15803534,12
ST,1892,marine_hw,historical,0.22589204924999998,0.3314641,0.102277085,12
ST,1893,marine_hw,historical,0.151118775,0.23344846,0.06481836,12
ST,1894,marine_hw,historical,0.1555178425,0.25933903,0.0393254,12
ST,1895,marine_hw,historical,0.22667593500000002,0.35167,0.08469111,12
ST,1896,marine_hw,historical,0.19094309166666668,0.29326457,0.07653448,12
ST,1897,marine_hw,historical,0.15224997591666667,0.2440979,0.06754178,12
ST,1898,marine_hw,historical,0.18047935966666664,0.30208933,0.09909433,12
ST,1899,marine_hw,historical,0.21813440466666667,0.35918933,0.0937047,12
ST,1900,marine_hw,historical,0.22922376,0.3238921,0.11893893,12
ST,1901,marine_hw,historical,0.20334793799999998,0.32665455,0.07830289,12
ST,1902,marine_hw,historical,0.22856008166666666,0.3781407,0.1315211,12
ST,1903,marine_hw,historical,0.15301404683333333,0.25086468,0.062011432,12
ST,1904,marine_hw,historical,0.13739194683333333,0.24204992,0.051587112,12
ST,1905,marine_hw,historical,0.15191734333333332,0.25259134,0.086093664,12
ST,1906,marine_hw,historical,0.20170262000000003,0.28582606,0.12602979,12
ST,1907,marine_hw,historical,0.17699785833333334,0.28381616,0.07674873,12
ST,1908,marine_hw,historical,0.17563653166666668,0.25918746,0.09626016,12
ST,1909,marine_hw,historical,0.2065268541666667,0.36273974,0.04718988,12
ST,1910,marine_hw,historical,0.193275165,0.3098202,0.10413627,12
ST,1911,marine_hw,historical,0.18142809550000003,0.25206208,0.114418976,12
ST,1912,marine_hw,historical,0.18976809166666667,0.31603503,0.06023395,12
ST,1913,marine_hw,historical,0.20296870033333334,0.31771266,0.123516984,12
ST,1914,marine_hw,historical,0.20153384583333334,0.353216,0.07075722,12
ST,1915,marine_hw,historical,0.18243485216666666,0.2629866,0.078584306,12
ST,1916,marine_hw,historical,0.14232495274999998,0.21486843,0.049429264,12
ST,1917,marine_hw,historical,0.18181126449999999,0.2489238,0.10694139,12
ST,1918,marine_hw,historical,0.21723355833333333,0.28272408,0.14201805,12
ST,1919,marine_hw,historical,0.2524630258333333,0.36179656,0.16209413,12
ST,1920,marine_hw,historical,0.19314678908333335,0.29112762,0.078228444,12
ST,1921,marine_hw,historical,0.1801535375,0.2879948,0.07067914,12
ST,1922,marine_hw,historical,0.16721808083333334,0.21810928,0.1031041,12
ST,1923,marine_hw,historical,0.234673995,0.37599733,0.08389224,12
ST,1924,marine_hw,historical,0.16380367666666668,0.27794993,0.06638977,12
ST,1925,marine_hw,historical,0.16145224083333334,0.23690447,0.09379729,12
ST,1926,marine_hw,historical,0.19920562583333334,0.27750146,0.11278947,12
ST,1927,marine_hw,historical,0.25579784833333336,0.37621886,0.14945388,12
ST,1928,marine_hw,historical,0.21530160033333334,0.32559696,0.109050214,12
ST,1929,marine_hw,historical,0.16252390116666668,0.2410613,0.09427752,12
ST,1930,marine_hw,historical,0.17634257675,0.3034093,0.0683352,12
ST,1931,marine_hw,historical,0.22812202083333333,0.3869255,0.06745389,12
ST,1932,marine_hw,historical,0.2510930708333333,0.3547765,0.1254243,12
ST,1933,marine_hw,historical,0.17585296716666665,0.26141155,0.068090096,12
ST,1934,marine_hw,historical,0.17385375416666668,0.27403003,0.08696697,12
ST,1935,marine_hw,historical,0.23049075500000002,0.36415324,0.10596731,12
ST,1936,marine_hw,historical,0.22549473083333335,0.32644027,0.12360776,12
ST,1937,marine_hw,historical,0.16864643333333332,0.2199376,0.08250602,12
ST,1938,marine_hw,historical,0.22872560866666666,0.34620684,0.093874454,12
ST,1939,marine_hw,historical,0.255478905,0.4041302,0.14875123,12
ST,1940,marine_hw,historical,0.21545744083333332,0.32231796,0.10082097,12
ST,1941,marine_hw,historical,0.17451773666666667,0.29048672,0.08790474,12
ST,1942,marine_hw,historical,0.20551849583333334,0.28396958,0.12773283,12
ST,1943,marine_hw,historical,0.20853944333333332,0.30763513,0.1368726,12
ST,1944,marine_hw,historical,0.25473275833333336,0.40109628,0.15514216,12
ST,1945,marine_hw,historical,0.2357828,0.34568757,0.15014198,12
ST,1946,marine_hw,historical,0.24293766333333333,0.31101397,0.13217472,12
ST,1947,marine_hw,historical,0.2703775575,0.39239955,0.14725062,12
ST,1948,marine_hw,historical,0.18296304,0.29908544,0.07177941,12
ST,1949,marine_hw,historical,0.13952861575,0.21710888,0.048082083,12
ST,1950,marine_hw,historical,0.183779385,0.25982562,0.1252745,12
ST,1951,marine_hw,historical,0.2719929191666667,0.39733344,0.14359489,12
ST,1952,marine_hw,historical,0.24338581333333334,0.37621975,0.1033483,12
ST,1953,marine_hw,historical,0.17585319,0.23013225,0.10268469,12
ST,1954,marine_hw,historical,0.17746484666666665,0.27590102,0.06409847,12
ST,1955,marine_hw,historical,0.21486638866666666,0.36496118,0.111774534,12
ST,1956,marine_hw,historical,0.20848308166666665,0.30800188,0.09594334,12
ST,1957,marine_hw,historical,0.25797733166666664,0.3841113,0.13288371,12
ST,1958,marine_hw,historical,0.2258864458333333,0.32940337,0.12564488,12
ST,1959,marine_hw,historical,0.19748170624999997,0.29393184,0.112606995,12
ST,1960,marine_hw,historical,0.2399042295,0.37759596,0.116327174,12
ST,1961,marine_hw,historical,0.26847541,0.3784575,0.17382205,12
ST,1962,marine_hw,historical,0.18050069458333332,0.28176814,0.055212885,12
ST,1963,marine_hw,historical,0.09542921604166667,0.19420046,0.0031372015,12
ST,1964,marine_hw,historical,0.18108284125,0.27265742,0.06784317,12
ST,1965,marine_hw,historical,0.22910045050000002,0.37592834,0.087878406,12
ST,1966,marine_hw,historical,0.15333238491666668,0.26039028,0.033945754,12
ST,1967,marine_hw,historical,0.17612538,0.23537844,0.10003209,12
ST,1968,marine_hw,historical,0.25349383833333333,0.40443704,0.12977448,12
ST,1969,marine_hw,historical,0.24266516999999999,0.3498408,0.15888596,12
ST,1970,marine_hw,historical,0.18685797458333334,0.27409995,0.086208045,12
ST,1971,marine_hw,historical,0.1464492595,0.20333114,0.06638977,12
ST,1972,marine_hw,historical,0.1805746825,0.2389661,0.10868165,12
ST,1973,marine_hw,historical,0.25949978833333337,0.39841193,0.1313922,12
ST,1974,marine_hw,historical,0.2015684875,0.3225785,0.11405676,12
ST,1975,marine_hw,historical,0.18673701416666666,0.295171,0.10235516,12
ST,1976,marine_hw,historical,0.21474277249999998,0.32548165,0.13079031,12
ST,1977,marine_hw,historical,0.2619523816666667,0.39451838,0.15730365,12
ST,1978,marine_hw,historical,0.21365136583333333,0.2874356,0.15946966,12
ST,1979,marine_hw,historical,0.19789906833333334,0.2848538,0.11350754,12
ST,1980,marine_hw,historical,0.231773635,0.36268258,0.08344832,12
ST,1981,marine_hw,historical,0.27519550249999997,0.42245606,0.17569213,12
ST,1982,marine_hw,historical,0.15703743341666668,0.2515864,0.032956246,12
ST,1983,marine_hw,historical,0.14602743541666666,0.19418411,0.084075615,12
ST,1984,marine_hw,historical,0.23707172916666666,0.3372595,0.14154962,12
ST,1985,marine_hw,historical,0.2694274,0.40593857,0.17773287,12
ST,1986,marine_hw,historical,0.18214366583333333,0.290779,0.11070061,12
ST,1987,marine_hw,historical,0.19837566416666666,0.27941966,0.11828077,12
ST,1988,marine_hw,historical,0.2653412133333333,0.4185897,0.15920459,12
ST,1989,marine_hw,historical,0.2429099,0.35984385,0.13958332,12
ST,1990,marine_hw,historical,0.22326879333333335,0.2760263,0.1660576,12
ST,1991,marine_hw,historical,0.18902709583333333,0.28225747,0.13396582,12
ST,1992,marine_hw,historical,0.18986363750000002,0.28582785,0.12276079,12
ST,1993,marine_hw,historical,0.2599701091666667,0.40648955,0.17130381,12
ST,1994,marine_hw,historical,0.28092034666666665,0.4223199,0.16907877,12
ST,1995,marine_hw,historical,0.19483076333333335,0.27585924,0.12027522,12
ST,1996,marine_hw,historical,0.209052275,0.292906,0.14669596,12
ST,1997,marine_hw,historical,0.30763067166666663,0.43874022,0.1912628,12
ST,1998,marine_hw,historical,0.27680557083333335,0.36994955,0.18549187,12
ST,1999,marine_hw,historical,0.18218187633333335,0.25452948,0.098874636,12
ST,2000,marine_hw,historical,0.22815058583333334,0.31806216,0.14960729,12
ST,2001,marine_hw,historical,0.29015120499999997,0.4054456,0.22454563,12
ST,2002,marine_hw,historical,0.3109163933333334,0.43922955,0.19937493,12
ST,2003,marine_hw,historical,0.2007041795,0.31777167,0.057268154,12
ST,2004,marine_hw,historical,0.1984080475,0.30571058,0.10090268,12
ST,2005,marine_hw,historical,0.21575807833333335,0.28545386,0.14425486,12
ST,2006,marine_hw,historical,0.32100071583333334,0.47186136,0.2011297,12
ST,2007,marine_hw,historical,0.30177631916666664,0.38109195,0.19637191,12
ST,2008,marine_hw,historical,0.3053636558333333,0.38577437,0.21496828,12
ST,2009,marine_hw,historical,0.2982153008333333,0.38542306,0.20608905,12
ST,2010,marine_hw,historical,0.3325222016666667,0.46088964,0.20826598,12
ST,2011,marine_hw,historical,0.2938477825,0.40202588,0.21116823,12
ST,2012,marine_hw,historical,0.2415922941666667,0.33395875,0.1690933,12
ST,2013,marine_hw,historical,0.27262944083333335,0.341331,0.19829555,12
ST,2014,marine_hw,historical,0.3344765416666666,0.46080428,0.23175812,12
SY,1850,marine_hw,historical,0.0,0.0,0.0,12
SY,1851,marine_hw,historical,0.0,0.0,0.0,12
SY,1852,marine_hw,historical,0.0,0.0,0.0,12
SY,1853,marine_hw,historical,0.0,0.0,0.0,12
SY,1854,marine_hw,historical,0.0,0.0,0.0,12
SY,1855,marine_hw,historical,0.0,0.0,0.0,12
SY,1856,marine_hw,historical,0.0,0.0,0.0,12
SY,1857,marine_hw,historical,0.0,0.0,0.0,12
SY,1858,marine_hw,historical,0.0,0.0,0.0,12
SY,1859,marine_hw,historical,0.0,0.0,0.0,12
SY,1860,marine_hw,historical,0.0,0.0,0.0,12
SY,1861,marine_hw,historical,0.0,0.0,0.0,12
SY,1862,marine_hw,historical,0.0,0.0,0.0,12
SY,1863,marine_hw,historical,0.0,0.0,0.0,12
SY,1864,marine_hw,historical,0.0,0.0,0.0,12
SY,1865,marine_hw,historical,0.0,0.0,0.0,12
SY,1866,marine_hw,historical,0.0,0.0,0.0,12
SY,1867,marine_hw,historical,0.0,0.0,0.0,12
SY,1868,marine_hw,historical,0.0,0.0,0.0,12
SY,1869,marine_hw,historical,0.0,0.0,0.0,12
SY,1870,marine_hw,historical,0.0,0.0,0.0,12
SY,1871,marine_hw,historical,0.0,0.0,0.0,12
SY,1872,marine_hw,historical,0.0,0.0,0.0,12
SY,1873,marine_hw,historical,0.0,0.0,0.0,12
SY,1874,marine_hw,historical,0.0,0.0,0.0,12
SY,1875,marine_hw,historical,0.0,0.0,0.0,12
SY,1876,marine_hw,historical,0.0,0.0,0.0,12
SY,1877,marine_hw,historical,0.0,0.0,0.0,12
SY,1878,marine_hw,historical,0.0,0.0,0.0,12
SY,1879,marine_hw,historical,0.0,0.0,0.0,12
SY,1880,marine_hw,historical,0.0,0.0,0.0,12
SY,1881,marine_hw,historical,0.0,0.0,0.0,12
SY,1882,marine_hw,historical,0.0,0.0,0.0,12
SY,1883,marine_hw,historical,0.0,0.0,0.0,12
SY,1884,marine_hw,historical,0.0,0.0,0.0,12
SY,1885,marine_hw,historical,0.0,0.0,0.0,12
SY,1886,marine_hw,historical,0.0,0.0,0.0,12
SY,1887,marine_hw,historical,0.0,0.0,0.0,12
SY,1888,marine_hw,historical,0.0,0.0,0.0,12
SY,1889,marine_hw,historical,0.0,0.0,0.0,12
SY,1890,marine_hw,historical,0.0,0.0,0.0,12
SY,1891,marine_hw,historical,0.0,0.0,0.0,12
SY,1892,marine_hw,historical,0.0,0.0,0.0,12
SY,1893,marine_hw,historical,0.0,0.0,0.0,12
SY,1894,marine_hw,historical,0.0,0.0,0.0,12
SY,1895,marine_hw,historical,0.0,0.0,0.0,12
SY,1896,marine_hw,historical,0.0,0.0,0.0,12
SY,1897,marine_hw,historical,0.0,0.0,0.0,12
SY,1898,marine_hw,historical,0.0,0.0,0.0,12
SY,1899,marine_hw,historical,0.0,0.0,0.0,12
SY,1900,marine_hw,historical,0.0,0.0,0.0,12
SY,1901,marine_hw,historical,0.0,0.0,0.0,12
SY,1902,marine_hw,historical,0.0,0.0,0.0,12
SY,1903,marine_hw,historical,0.0,0.0,0.0,12
SY,1904,marine_hw,historical,0.0,0.0,0.0,12
SY,1905,marine_hw,historical,0.0,0.0,0.0,12
SY,1906,marine_hw,historical,0.0,0.0,0.0,12
SY,1907,marine_hw,historical,0.0,0.0,0.0,12
SY,1908,marine_hw,historical,0.0,0.0,0.0,12
SY,1909,marine_hw,historical,0.0,0.0,0.0,12
SY,1910,marine_hw,historical,0.0,0.0,0.0,12
SY,1911,marine_hw,historical,0.0,0.0,0.0,12
SY,1912,marine_hw,historical,0.0,0.0,0.0,12
SY,1913,marine_hw,historical,0.0,0.0,0.0,12
SY,1914,marine_hw,historical,0.0,0.0,0.0,12
SY,1915,marine_hw,historical,0.0,0.0,0.0,12
SY,1916,marine_hw,historical,0.0,0.0,0.0,12
SY,1917,marine_hw,historical,0.0,0.0,0.0,12
SY,1918,marine_hw,historical,0.0,0.0,0.0,12
SY,1919,marine_hw,historical,0.0,0.0,0.0,12
SY,1920,marine_hw,historical,0.0,0.0,0.0,12
SY,1921,marine_hw,historical,0.0,0.0,0.0,12
SY,1922,marine_hw,historical,0.0,0.0,0.0,12
SY,1923,marine_hw,historical,0.0,0.0,0.0,12
SY,1924,marine_hw,historical,0.0,0.0,0.0,12
SY,1925,marine_hw,historical,0.0,0.0,0.0,12
SY,1926,marine_hw,historical,0.0,0.0,0.0,12
SY,1927,marine_hw,historical,0.0,0.0,0.0,12
SY,1928,marine_hw,historical,0.0,0.0,0.0,12
SY,1929,marine_hw,historical,0.0,0.0,0.0,12
SY,1930,marine_hw,historical,0.0,0.0,0.0,12
SY,1931,marine_hw,historical,0.0,0.0,0.0,12
SY,1932,marine_hw,historical,0.0,0.0,0.0,12
SY,1933,marine_hw,historical,0.0,0.0,0.0,12
SY,1934,marine_hw,historical,0.0,0.0,0.0,12
SY,1935,marine_hw,historical,0.0,0.0,0.0,12
SY,1936,marine_hw,historical,0.0,0.0,0.0,12
SY,1937,marine_hw,historical,0.0,0.0,0.0,12
SY,1938,marine_hw,historical,0.0,0.0,0.0,12
SY,1939,marine_hw,historical,0.0,0.0,0.0,12
SY,1940,marine_hw,historical,0.0,0.0,0.0,12
SY,1941,marine_hw,historical,0.0,0.0,0.0,12
SY,1942,marine_hw,historical,0.0,0.0,0.0,12
SY,1943,marine_hw,historical,0.0,0.0,0.0,12
SY,1944,marine_hw,historical,0.0,0.0,0.0,12
SY,1945,marine_hw,historical,0.0,0.0,0.0,12
SY,1946,marine_hw,historical,0.0,0.0,0.0,12
SY,1947,marine_hw,historical,0.0,0.0,0.0,12
SY,1948,marine_hw,historical,0.0,0.0,0.0,12
SY,1949,marine_hw,historical,0.0,0.0,0.0,12
SY,1950,marine_hw,historical,0.0,0.0,0.0,12
SY,1951,marine_hw,historical,0.0,0.0,0.0,12
SY,1952,marine_hw,historical,0.0,0.0,0.0,12
SY,1953,marine_hw,historical,0.0,0.0,0.0,12
SY,1954,marine_hw,historical,0.0,0.0,0.0,12
SY,1955,marine_hw,historical,0.0,0.0,0.0,12
SY,1956,marine_hw,historical,0.0,0.0,0.0,12
SY,1957,marine_hw,historical,0.0,0.0,0.0,12
SY,1958,marine_hw,historical,0.0,0.0,0.0,12
SY,1959,marine_hw,historical,0.0,0.0,0.0,12
SY,1960,marine_hw,historical,0.0,0.0,0.0,12
SY,1961,marine_hw,historical,0.0,0.0,0.0,12
SY,1962,marine_hw,historical,0.0,0.0,0.0,12
SY,1963,marine_hw,historical,0.0,0.0,0.0,12
SY,1964,marine_hw,historical,0.0,0.0,0.0,12
SY,1965,marine_hw,historical,0.0,0.0,0.0,12
SY,1966,marine_hw,historical,0.0,0.0,0.0,12
SY,1967,marine_hw,historical,0.0,0.0,0.0,12
SY,1968,marine_hw,historical,0.0,0.0,0.0,12
SY,1969,marine_hw,historical,0.0,0.0,0.0,12
SY,1970,marine_hw,historical,0.0,0.0,0.0,12
SY,1971,marine_hw,historical,0.0,0.0,0.0,12
SY,1972,marine_hw,historical,0.0,0.0,0.0,12
SY,1973,marine_hw,historical,0.0,0.0,0.0,12
SY,1974,marine_hw,historical,0.0,0.0,0.0,12
SY,1975,marine_hw,historical,0.0,0.0,0.0,12
SY,1976,marine_hw,historical,0.0,0.0,0.0,12
SY,1977,marine_hw,historical,0.0,0.0,0.0,12
SY,1978,marine_hw,historical,0.0,0.0,0.0,12
SY,1979,marine_hw,historical,0.0,0.0,0.0,12
SY,1980,marine_hw,historical,0.0,0.0,0.0,12
SY,1981,marine_hw,historical,0.0,0.0,0.0,12
SY,1982,marine_hw,historical,0.0,0.0,0.0,12
SY,1983,marine_hw,historical,0.0,0.0,0.0,12
SY,1984,marine_hw,historical,0.0,0.0,0.0,12
SY,1985,marine_hw,historical,0.0,0.0,0.0,12
SY,1986,marine_hw,historical,0.0,0.0,0.0,12
SY,1987,marine_hw,historical,0.0,0.0,0.0,12
SY,1988,marine_hw,historical,0.0,0.0,0.0,12
SY,1989,marine_hw,historical,0.0,0.0,0.0,12
SY,1990,marine_hw,historical,0.0,0.0,0.0,12
SY,1991,marine_hw,historical,0.0,0.0,0.0,12
SY,1992,marine_hw,historical,0.0,0.0,0.0,12
SY,1993,marine_hw,historical,0.0,0.0,0.0,12
SY,1994,marine_hw,historical,0.0,0.0,0.0,12
SY,1995,marine_hw,historical,0.0,0.0,0.0,12
SY,1996,marine_hw,historical,0.0,0.0,0.0,12
SY,1997,marine_hw,historical,0.0,0.0,0.0,12
SY,1998,marine_hw,historical,0.0,0.0,0.0,12
SY,1999,marine_hw,historical,0.0,0.0,0.0,12
SY,2000,marine_hw,historical,0.0,0.0,0.0,12
SY,2001,marine_hw,historical,0.0,0.0,0.0,12
SY,2002,marine_hw,historical,0.0,0.0,0.0,12
SY,2003,marine_hw,historical,0.0,0.0,0.0,12
SY,2004,marine_hw,historical,0.0,0.0,0.0,12
SY,2005,marine_hw,historical,0.0,0.0,0.0,12
SY,2006,marine_hw,historical,0.0,0.0,0.0,12
SY,2007,marine_hw,historical,0.0,0.0,0.0,12
SY,2008,marine_hw,historical,0.0,0.0,0.0,12
SY,2009,marine_hw,historical,0.0,0.0,0.0,12
SY,2010,marine_hw,historical,0.0,0.0,0.0,12
SY,2011,marine_hw,historical,0.0,0.0,0.0,12
SY,2012,marine_hw,historical,0.0,0.0,0.0,12
SY,2013,marine_hw,historical,0.0,0.0,0.0,12
SY,2014,marine_hw,historical,0.0,0.0,0.0,12
TF,1850,marine_hw,historical,0.0,0.0,0.0,780
TF,1851,marine_hw,historical,0.0,0.0,0.0,780
TF,1852,marine_hw,historical,0.0,0.0,0.0,780
TF,1853,marine_hw,historical,0.0,0.0,0.0,780
TF,1854,marine_hw,historical,0.0,0.0,0.0,780
TF,1855,marine_hw,historical,0.0,0.0,0.0,780
TF,1856,marine_hw,historical,0.0,0.0,0.0,780
TF,1857,marine_hw,historical,0.0,0.0,0.0,780
TF,1858,marine_hw,historical,0.0,0.0,0.0,780
TF,1859,marine_hw,historical,0.0,0.0,0.0,780
TF,1860,marine_hw,historical,0.0,0.0,0.0,780
TF,1861,marine_hw,historical,0.0,0.0,0.0,780
TF,1862,marine_hw,historical,0.0,0.0,0.0,780
TF,1863,marine_hw,historical,0.0,0.0,0.0,780
TF,1864,marine_hw,historical,0.0,0.0,0.0,780
TF,1865,marine_hw,historical,0.0,0.0,0.0,780
TF,1866,marine_hw,historical,0.0,0.0,0.0,780
TF,1867,marine_hw,historical,0.0,0.0,0.0,780
TF,1868,marine_hw,historical,0.0,0.0,0.0,780
TF,1869,marine_hw,historical,0.0,0.0,0.0,780
TF,1870,marine_hw,historical,0.0,0.0,0.0,780
TF,1871,marine_hw,historical,0.0,0.0,0.0,780
TF,1872,marine_hw,historical,0.0,0.0,0.0,780
TF,1873,marine_hw,historical,0.0,0.0,0.0,780
TF,1874,marine_hw,historical,0.0,0.0,0.0,780
TF,1875,marine_hw,historical,0.0,0.0,0.0,780
TF,1876,marine_hw,historical,0.0,0.0,0.0,780
TF,1877,marine_hw,historical,0.0,0.0,0.0,780
TF,1878,marine_hw,historical,0.0,0.0,0.0,780
TF,1879,marine_hw,historical,0.0,0.0,0.0,780
TF,1880,marine_hw,historical,0.0,0.0,0.0,780
TF,1881,marine_hw,historical,0.0,0.0,0.0,780
TF,1882,marine_hw,historical,0.0,0.0,0.0,780
TF,1883,marine_hw,historical,0.0,0.0,0.0,780
TF,1884,marine_hw,historical,0.0,0.0,0.0,780
TF,1885,marine_hw,historical,0.0,0.0,0.0,780
TF,1886,marine_hw,historical,0.0,0.0,0.0,780
TF,1887,marine_hw,historical,0.0,0.0,0.0,780
TF,1888,marine_hw,historical,0.0,0.0,0.0,780
TF,1889,marine_hw,historical,0.0,0.0,0.0,780
TF,1890,marine_hw,historical,0.0,0.0,0.0,780
TF,1891,marine_hw,historical,0.0,0.0,0.0,780
TF,1892,marine_hw,historical,0.0,0.0,0.0,780
TF,1893,marine_hw,historical,0.0,0.0,0.0,780
TF,1894,marine_hw,historical,0.0,0.0,0.0,780
TF,1895,marine_hw,historical,0.0,0.0,0.0,780
TF,1896,marine_hw,historical,0.0,0.0,0.0,780
TF,1897,marine_hw,historical,0.0,0.0,0.0,780
TF,1898,marine_hw,historical,0.0,0.0,0.0,780
TF,1899,marine_hw,historical,0.0,0.0,0.0,780
TF,1900,marine_hw,historical,0.0,0.0,0.0,780
TF,1901,marine_hw,historical,0.0,0.0,0.0,780
TF,1902,marine_hw,historical,0.0,0.0,0.0,780
TF,1903,marine_hw,historical,0.0,0.0,0.0,780
TF,1904,marine_hw,historical,0.0,0.0,0.0,780
TF,1905,marine_hw,historical,0.0,0.0,0.0,780
TF,1906,marine_hw,historical,0.0,0.0,0.0,780
TF,1907,marine_hw,historical,0.0,0.0,0.0,780
TF,1908,marine_hw,historical,0.0,0.0,0.0,780
TF,1909,marine_hw,historical,0.0,0.0,0.0,780
TF,1910,marine_hw,historical,0.0,0.0,0.0,780
TF,1911,marine_hw,historical,0.0,0.0,0.0,780
TF,1912,marine_hw,historical,0.0,0.0,0.0,780
TF,1913,marine_hw,historical,0.0,0.0,0.0,780
TF,1914,marine_hw,historical,0.0,0.0,0.0,780
TF,1915,marine_hw,historical,0.0,0.0,0.0,780
TF,1916,marine_hw,historical,0.0,0.0,0.0,780
TF,1917,marine_hw,historical,0.0,0.0,0.0,780
TF,1918,marine_hw,historical,0.0,0.0,0.0,780
TF,1919,marine_hw,historical,0.0,0.0,0.0,780
TF,1920,marine_hw,historical,0.0,0.0,0.0,780
TF,1921,marine_hw,historical,0.0,0.0,0.0,780
TF,1922,marine_hw,historical,0.0,0.0,0.0,780
TF,1923,marine_hw,historical,0.0,0.0,0.0,780
TF,1924,marine_hw,historical,0.0,0.0,0.0,780
TF,1925,marine_hw,historical,0.0,0.0,0.0,780
TF,1926,marine_hw,historical,0.0,0.0,0.0,780
TF,1927,marine_hw,historical,0.0,0.0,0.0,780
TF,1928,marine_hw,historical,0.0,0.0,0.0,780
TF,1929,marine_hw,historical,0.0,0.0,0.0,780
TF,1930,marine_hw,historical,0.0,0.0,0.0,780
TF,1931,marine_hw,historical,0.0,0.0,0.0,780
TF,1932,marine_hw,historical,0.0,0.0,0.0,780
TF,1933,marine_hw,historical,0.0,0.0,0.0,780
TF,1934,marine_hw,historical,0.0,0.0,0.0,780
TF,1935,marine_hw,historical,0.0,0.0,0.0,780
TF,1936,marine_hw,historical,0.0,0.0,0.0,780
TF,1937,marine_hw,historical,0.0,0.0,0.0,780
TF,1938,marine_hw,historical,0.0,0.0,0.0,780
TF,1939,marine_hw,historical,0.0,0.0,0.0,780
TF,1940,marine_hw,historical,0.0,0.0,0.0,780
TF,1941,marine_hw,historical,0.0,0.0,0.0,780
TF,1942,marine_hw,historical,0.0,0.0,0.0,780
TF,1943,marine_hw,historical,0.0,0.0,0.0,780
TF,1944,marine_hw,historical,0.0,0.0,0.0,780
TF,1945,marine_hw,historical,0.0,0.0,0.0,780
TF,1946,marine_hw,historical,0.0,0.0,0.0,780
TF,1947,marine_hw,historical,0.0,0.0,0.0,780
TF,1948,marine_hw,historical,0.0,0.0,0.0,780
TF,1949,marine_hw,historical,0.0,0.0,0.0,780
TF,1950,marine_hw,historical,0.0,0.0,0.0,780
TF,1951,marine_hw,historical,0.0,0.0,0.0,780
TF,1952,marine_hw,historical,0.0,0.0,0.0,780
TF,1953,marine_hw,historical,0.0,0.0,0.0,780
TF,1954,marine_hw,historical,0.0,0.0,0.0,780
TF,1955,marine_hw,historical,0.0,0.0,0.0,780
TF,1956,marine_hw,historical,0.0,0.0,0.0,780
TF,1957,marine_hw,historical,0.0,0.0,0.0,780
TF,1958,marine_hw,historical,0.0,0.0,0.0,780
TF,1959,marine_hw,historical,0.0,0.0,0.0,780
TF,1960,marine_hw,historical,0.0,0.0,0.0,780
TF,1961,marine_hw,historical,0.0,0.0,0.0,780
TF,1962,marine_hw,historical,0.0,0.0,0.0,780
TF,1963,marine_hw,historical,0.0,0.0,0.0,780
TF,1964,marine_hw,historical,0.0,0.0,0.0,780
TF,1965,marine_hw,historical,0.0,0.0,0.0,780
TF,1966,marine_hw,historical,0.0,0.0,0.0,780
TF,1967,marine_hw,historical,0.0,0.0,0.0,780
TF,1968,marine_hw,historical,0.0,0.0,0.0,780
TF,1969,marine_hw,historical,0.0,0.0,0.0,780
TF,1970,marine_hw,historical,0.0,0.0,0.0,780
TF,1971,marine_hw,historical,0.0,0.0,0.0,780
TF,1972,marine_hw,historical,0.0,0.0,0.0,780
TF,1973,marine_hw,historical,0.0,0.0,0.0,780
TF,1974,marine_hw,historical,0.0,0.0,0.0,780
TF,1975,marine_hw,historical,0.0,0.0,0.0,780
TF,1976,marine_hw,historical,0.0,0.0,0.0,780
TF,1977,marine_hw,historical,0.0,0.0,0.0,780
TF,1978,marine_hw,historical,0.0,0.0,0.0,780
TF,1979,marine_hw,historical,0.0,0.0,0.0,780
TF,1980,marine_hw,historical,0.0,0.0,0.0,780
TF,1981,marine_hw,historical,0.0,0.0,0.0,780
TF,1982,marine_hw,historical,0.0,0.0,0.0,780
TF,1983,marine_hw,historical,0.0,0.0,0.0,780
TF,1984,marine_hw,historical,0.0,0.0,0.0,780
TF,1985,marine_hw,historical,0.0,0.0,0.0,780
TF,1986,marine_hw,historical,0.0,0.0,0.0,780
TF,1987,marine_hw,historical,0.0,0.0,0.0,780
TF,1988,marine_hw,historical,0.0,0.0,0.0,780
TF,1989,marine_hw,historical,0.0,0.0,0.0,780
TF,1990,marine_hw,historical,0.0,0.0,0.0,780
TF,1991,marine_hw,historical,0.0,0.0,0.0,780
TF,1992,marine_hw,historical,0.0,0.0,0.0,780
TF,1993,marine_hw,historical,0.0,0.0,0.0,780
TF,1994,marine_hw,historical,0.0,0.0,0.0,780
TF,1995,marine_hw,historical,0.0,0.0,0.0,780
TF,1996,marine_hw,historical,0.0,0.0,0.0,780
TF,1997,marine_hw,historical,0.0,0.0,0.0,780
TF,1998,marine_hw,historical,0.0,0.0,0.0,780
TF,1999,marine_hw,historical,0.0,0.0,0.0,780
TF,2000,marine_hw,historical,0.0,0.0,0.0,780
TF,2001,marine_hw,historical,0.0,0.0,0.0,780
TF,2002,marine_hw,historical,0.0,0.0,0.0,780
TF,2003,marine_hw,historical,0.0,0.0,0.0,780
TF,2004,marine_hw,historical,0.0,0.0,0.0,780
TF,2005,marine_hw,historical,0.0,0.0,0.0,780
TF,2006,marine_hw,historical,0.0,0.0,0.0,780
TF,2007,marine_hw,historical,0.0,0.0,0.0,780
TF,2008,marine_hw,historical,0.0,0.0,0.0,780
TF,2009,marine_hw,historical,0.0,0.0,0.0,780
TF,2010,marine_hw,historical,0.0,0.0,0.0,780
TF,2011,marine_hw,historical,0.0,0.0,0.0,780
TF,2012,marine_hw,historical,0.0,0.0,0.0,780
TF,2013,marine_hw,historical,0.0,0.0,0.0,780
TF,2014,marine_hw,historical,0.0,0.0,0.0,780
TH,1850,marine_hw,historical,0.09183845830555555,0.3145886,0.0,36
TH,1851,marine_hw,historical,0.12698730293055557,0.3764222,0.0,36
TH,1852,marine_hw,historical,0.11446363880555555,0.35756528,0.0,36
TH,1853,marine_hw,historical,0.1399468985111111,0.39035153,0.0,36
TH,1854,marine_hw,historical,0.09305761097222222,0.3283824,0.0,36
TH,1855,marine_hw,historical,0.0634265635226389,0.27676585,0.0,36
TH,1856,marine_hw,historical,0.1214224007861111,0.3606058,0.0,36
TH,1857,marine_hw,historical,0.1299309191611111,0.4088417,0.0,36
TH,1858,marine_hw,historical,0.11495287406111111,0.35211602,0.0,36
TH,1859,marine_hw,historical,0.10794267627777777,0.3178661,0.0,36
TH,1860,marine_hw,historical,0.07129763468611111,0.30390316,0.0,36
TH,1861,marine_hw,historical,0.07961088053,0.2872976,0.0,36
TH,1862,marine_hw,historical,0.15017750980555555,0.43788293,0.0,36
TH,1863,marine_hw,historical,0.15400117933888888,0.37950388,0.0028276402,36
TH,1864,marine_hw,historical,0.08394509747416666,0.25077847,0.0,36
TH,1865,marine_hw,historical,0.074663085135,0.26700997,0.0,36
TH,1866,marine_hw,historical,0.0949583813,0.32939306,0.0,36
TH,1867,marine_hw,historical,0.12632825448611112,0.38009095,0.0,36
TH,1868,marine_hw,historical,0.17744154060555556,0.431338,0.0,36
TH,1869,marine_hw,historical,0.09198014921805556,0.31899086,0.0,36
TH,1870,marine_hw,historical,0.08167403281777778,0.2939984,0.0,36
TH,1871,marine_hw,historical,0.15171314416111112,0.3942224,0.0,36
TH,1872,marine_hw,historical,0.14473029644444446,0.40090024,0.0,36
TH,1873,marine_hw,historical,0.13042839366666667,0.28814125,0.0,36
TH,1874,marine_hw,historical,0.05801655541694444,0.29288968,0.0,36
TH,1875,marine_hw,historical,0.10868155416944444,0.34549025,0.0,36
TH,1876,marine_hw,historical,0.14383400957222223,0.41930565,0.0,36
TH,1877,marine_hw,historical,0.12087628110277777,0.33298072,0.0,36
TH,1878,marine_hw,historical,0.051957345319444445,0.17680569,0.0,36
TH,1879,marine_hw,historical,0.07369022709722223,0.27320242,0.0,36
TH,1880,marine_hw,historical,0.15266404530555555,0.4195768,0.0,36
TH,1881,marine_hw,historical,0.12823501212777777,0.35428265,0.0,36
TH,1882,marine_hw,historical,0.08520630941388889,0.2498198,0.0,36
TH,1883,marine_hw,historical,0.03895968136111111,0.28174064,0.0,36
TH,1884,marine_hw,historical,0.08194103816666667,0.28217033,0.0,36
TH,1885,marine_hw,historical,0.12327924305555554,0.3554882,0.0,36
TH,1886,marine_hw,historical,0.12842851530555555,0.37731668,0.0,36
TH,1887,marine_hw,historical,0.09335644335,0.2972096,0.0,36
TH,1888,marine_hw,historical,0.04437429834166667,0.22638513,0.0,36
TH,1889,marine_hw,historical,0.09007063434722223,0.33146408,0.0,36
TH,1890,marine_hw,historical,0.148227708575,0.42936775,0.0,36
TH,1891,marine_hw,historical,0.12948846688888888,0.3605574,0.0,36
TH,1892,marine_hw,historical,0.14010923395,0.42878434,0.0,36
TH,1893,marine_hw,historical,0.08484503219444445,0.312911,0.0,36
TH,1894,marine_hw,historical,0.10483024991666667,0.33056235,0.0,36
TH,1895,marine_hw,historical,0.1520675065,0.42143598,0.0,36
TH,1896,marine_hw,historical,0.1427789972777778,0.36475992,0.0,36
TH,1897,marine_hw,historical,0.09035533702055557,0.27158412,0.0,36
TH,1898,marine_hw,historical,0.08283728866666668,0.25122023,0.0,36
TH,1899,marine_hw,historical,0.14860278655833334,0.42928788,0.0,36
TH,1900,marine_hw,historical,0.14495692783055555,0.37332022,0.0030591304,36
TH,1901,marine_hw,historical,0.12011647902777778,0.37933078,0.0,36
TH,1902,marine_hw,historical,0.13446735011388888,0.35770085,0.0,36
TH,1903,marine_hw,historical,0.0821225684888889,0.2826073,0.0,36
TH,1904,marine_hw,historical,0.058225702454444445,0.28711846,0.0,36
TH,1905,marine_hw,historical,0.06727557230555556,0.28948843,0.0,36
TH,1906,marine_hw,historical,0.13689988152777777,0.36882207,0.0,36
TH,1907,marine_hw,historical,0.08461476918611112,0.25871265,0.0,36
TH,1908,marine_hw,historical,0.08385257176666666,0.26525247,0.0,36
TH,1909,marine_hw,historical,0.1431257246388889,0.3976152,0.0,36
TH,1910,marine_hw,historical,0.11925785213055555,0.36353135,0.0,36
TH,1911,marine_hw,historical,0.12592856377777778,0.36457232,0.0,36
TH,1912,marine_hw,historical,0.12074894296944444,0.37047517,0.0,36
TH,1913,marine_hw,historical,0.11602767487500001,0.38656056,0.0,36
TH,1914,marine_hw,historical,0.14678368372222222,0.4455739,0.0,36
TH,1915,marine_hw,historical,0.11836959097222222,0.36663118,0.0,36
TH,1916,marine_hw,historical,0.07933678719722222,0.30409077,0.0,36
TH,1917,marine_hw,historical,0.10729037175,0.30706838,0.0,36
TH,1918,marine_hw,historical,0.11082368805250001,0.34455705,0.0,36
TH,1919,marine_hw,historical,0.15327198527777777,0.4244257,0.0,36
TH,1920,marine_hw,historical,0.1166676805388889,0.35382998,0.0,36
TH,1921,marine_hw,historical,0.09331865707222223,0.27805614,0.0,36
TH,1922,marine_hw,historical,0.08239615538055556,0.30421454,0.0,36
TH,1923,marine_hw,historical,0.16195044155555555,0.46341157,0.0,36
TH,1924,marine_hw,historical,0.11427691625972221,0.28950176,0.0,36
TH,1925,marine_hw,historical,0.10109135341666667,0.24848957,0.0,36
TH,1926,marine_hw,historical,0.123273844975,0.36877483,0.0,36
TH,1927,marine_hw,historical,0.1617784183888889,0.42104378,0.0,36
TH,1928,marine_hw,historical,0.13150126622222225,0.35303593,0.0,36
TH,1929,marine_hw,historical,0.08864861086944445,0.33973238,0.0,36
TH,1930,marine_hw,historical,0.12890002194444444,0.38611028,0.0,36
TH,1931,marine_hw,historical,0.1681523629027778,0.3910778,0.0,36
TH,1932,marine_hw,historical,0.14188683755555556,0.44666085,0.0,36
TH,1933,marine_hw,historical,0.09796529830277778,0.25318474,0.0,36
TH,1934,marine_hw,historical,0.09079661658333332,0.26842615,0.0,36
TH,1935,marine_hw,historical,0.19464777705555555,0.41462138,0.0,36
TH,1936,marine_hw,historical,0.14613797152777777,0.33256194,0.000488777,36
TH,1937,marine_hw,historical,0.10127160983333333,0.32202414,0.0,36
TH,1938,marine_hw,historical,0.1435985312786111,0.37875947,0.0,36
TH,1939,marine_hw,historical,0.20187386646888889,0.49759576,0.00022006688,36
TH,1940,marine_hw,historical,0.12156674960000001,0.3739941,0.0,36
TH,1941,marine_hw,historical,0.09823327813055556,0.36442646,0.0,36
TH,1942,marine_hw,historical,0.126779463525,0.39804852,0.0,36
TH,1943,marine_hw,historical,0.10976041938888889,0.33797488,0.0,36
TH,1944,marine_hw,historical,0.16554376691666667,0.3928692,0.025507713,36
TH,1945,marine_hw,historical,0.10885753299722223,0.38868117,0.0,36
TH,1946,marine_hw,historical,0.13716274556944444,0.36065817,0.0,36
TH,1947,marine_hw,historical,0.1749044917361111,0.43697003,0.0,36
TH,1948,marine_hw,historical,0.15152230026944447,0.37250412,0.0,36
TH,1949,marine_hw,historical,0.07538188292025,0.27990687,0.0,36
TH,1950,marine_hw,historical,0.10236572281944445,0.3686066,0.0,36
TH,1951,marine_hw,historical,0.17961326923055554,0.40649593,0.0,36
TH,1952,marine_hw,historical,0.16612638675,0.4357454,0.017120736,36
TH,1953,marine_hw,historical,0.10099835166111111,0.23573309,0.0,36
TH,1954,marine_hw,historical,0.0964458418323611,0.2620098,0.0,36
TH,1955,marine_hw,historical,0.15673724748333334,0.4137511,0.0,36
TH,1956,marine_hw,historical,0.13468803851222222,0.416092,0.0,36
TH,1957,marine_hw,historical,0.16425855036111112,0.4473773,0.006711246,36
TH,1958,marine_hw,historical,0.10605907304444445,0.35549065,0.0,36
TH,1959,marine_hw,historical,0.08952851010833333,0.342273,0.0,36
TH,1960,marine_hw,historical,0.17422542806944444,0.45247316,0.0,36
TH,1961,marine_hw,historical,0.16079722025555554,0.42959532,0.0,36
TH,1962,marine_hw,historical,0.12652921624444444,0.3459151,0.0,36
TH,1963,marine_hw,historical,0.05533772460138889,0.29043677,0.0,36
TH,1964,marine_hw,historical,0.11492195594444445,0.27935007,0.0,36
TH,1965,marine_hw,historical,0.1599786431361111,0.4203333,0.0,36
TH,1966,marine_hw,historical,0.06759419802833333,0.2971842,0.0,36
TH,1967,marine_hw,historical,0.10256669517777778,0.3154704,0.0,36
TH,1968,marine_hw,historical,0.15458170112777778,0.46159837,0.0,36
TH,1969,marine_hw,historical,0.15807158422,0.4152254,0.0,36
TH,1970,marine_hw,historical,0.10425682373888889,0.31715587,0.0,36
TH,1971,marine_hw,historical,0.08805338681111112,0.30510268,0.0,36
TH,1972,marine_hw,historical,0.08558988578166667,0.31445548,0.0,36
TH,1973,marine_hw,historical,0.1705078227222222,0.41760018,0.0,36
TH,1974,marine_hw,historical,0.10272657419444445,0.29082713,0.0,36
TH,1975,marine_hw,historical,0.09129098211111111,0.33915985,0.0,36
TH,1976,marine_hw,historical,0.09729572835,0.3117732,0.0,36
TH,1977,marine_hw,historical,0.18150967733055556,0.44088265,0.0,36
TH,1978,marine_hw,historical,0.12826515484722223,0.34392884,0.0,36
TH,1979,marine_hw,historical,0.14749714602222222,0.39003563,0.0,36
TH,1980,marine_hw,historical,0.19418173433888888,0.4275376,0.0,36
TH,1981,marine_hw,historical,0.1330091983338889,0.3727232,0.0,36
TH,1982,marine_hw,historical,0.09854390383333334,0.24076445,0.0,36
TH,1983,marine_hw,historical,0.07018596909444445,0.23664455,0.0,36
TH,1984,marine_hw,historical,0.1276910484722222,0.36237058,0.0,36
TH,1985,marine_hw,historical,0.19094945094444443,0.4615499,0.0,36
TH,1986,marine_hw,historical,0.10194025011111112,0.41093326,0.0,36
TH,1987,marine_hw,historical,0.11887124782222222,0.35963383,0.0,36
TH,1988,marine_hw,historical,0.16334058344444446,0.40565833,0.0,36
TH,1989,marine_hw,historical,0.14090274400000002,0.40215907,0.0,36
TH,1990,marine_hw,historical,0.12991483758333333,0.32751092,0.0,36
TH,1991,marine_hw,historical,0.12244706448611112,0.36755237,0.0,36
TH,1992,marine_hw,historical,0.10378183902222222,0.34191835,0.0,36
TH,1993,marine_hw,historical,0.15900039466666666,0.39437735,0.0,36
TH,1994,marine_hw,historical,0.189087577,0.43575263,0.004275588,36
TH,1995,marine_hw,historical,0.11222079480555555,0.32774696,0.0,36
TH,1996,marine_hw,historical,0.13060732975,0.36713353,0.0,36
TH,1997,marine_hw,historical,0.18434470021527777,0.43468264,0.0,36
TH,1998,marine_hw,historical,0.1746484750375,0.39271092,0.0,36
TH,1999,marine_hw,historical,0.10885118725777779,0.2861017,0.0,36
TH,2000,marine_hw,historical,0.13940812544444445,0.37760234,0.0,36
TH,2001,marine_hw,historical,0.1807929384,0.43272904,0.0,36
TH,2002,marine_hw,historical,0.2068843672711111,0.47541264,0.00087005476,36
TH,2003,marine_hw,historical,0.16925084408333332,0.32673806,0.0,36
TH,2004,marine_hw,historical,0.09552561012222222,0.3296993,0.0,36
TH,2005,marine_hw,historical,0.13742445383333332,0.37884665,0.0,36
TH,2006,marine_hw,historical,0.18791729444444444,0.41253948,0.028232034,36
TH,2007,marine_hw,historical,0.1862668091388889,0.42536736,0.006868599,36
TH,2008,marine_hw,historical,0.1600206487361111,0.43488112,0.0,36
TH,2009,marine_hw,historical,0.20222709105555556,0.47086033,0.01506558,36
TH,2010,marine_hw,historical,0.18768868954277776,0.46218145,0.0,36
TH,2011,marine_hw,historical,0.17374789194444445,0.33767352,0.0,36
TH,2012,marine_hw,historical,0.12995911023611112,0.36487734,0.0,36
TH,2013,marine_hw,historical,0.16161565586944446,0.38500157,0.0,36
TH,2014,marine_hw,historical,0.19334272494444446,0.45111874,0.0,36
TL,1850,marine_hw,historical,0.10660466412500001,0.32354534,0.0,24
TL,1851,marine_hw,historical,0.09322916990416667,0.30983475,0.0,24
TL,1852,marine_hw,historical,0.10609766594999999,0.25801998,0.0,24
TL,1853,marine_hw,historical,0.12426702604166667,0.35327318,0.0,24
TL,1854,marine_hw,historical,0.125623747545,0.27827674,0.0,24
TL,1855,marine_hw,historical,0.06572675241666666,0.25514317,0.0,24
TL,1856,marine_hw,historical,0.1090531803375,0.28099382,0.0,24
TL,1857,marine_hw,historical,0.13121878357333333,0.3222399,0.0,24
TL,1858,marine_hw,historical,0.111226826725,0.30956876,0.0,24
TL,1859,marine_hw,historical,0.10724735937916667,0.25923282,0.0,24
TL,1860,marine_hw,historical,0.094703932625,0.22874786,0.0,24
TL,1861,marine_hw,historical,0.06897694297083333,0.2313133,0.0,24
TL,1862,marine_hw,historical,0.10126577204583333,0.31535873,0.0,24
TL,1863,marine_hw,historical,0.13521997425,0.3559267,0.0,24
TL,1864,marine_hw,historical,0.10147284466666667,0.2391885,0.0,24
TL,1865,marine_hw,historical,0.09218714558333334,0.28503805,0.0,24
TL,1866,marine_hw,historical,0.10409275083333334,0.31752747,0.0,24
TL,1867,marine_hw,historical,0.12568942208333334,0.310157,0.0,24
TL,1868,marine_hw,historical,0.14762003720833333,0.32423162,0.0,24
TL,1869,marine_hw,historical,0.08872541223333334,0.28273678,0.0,24
TL,1870,marine_hw,historical,0.06438109110416666,0.29082352,0.0,24
TL,1871,marine_hw,historical,0.09577693854166668,0.2722335,0.0,24
TL,1872,marine_hw,historical,0.13191594852916666,0.3478436,0.0,24
TL,1873,marine_hw,historical,0.17575659405,0.38007066,0.0,24
TL,1874,marine_hw,historical,0.09011620532333332,0.2744222,0.0,24
TL,1875,marine_hw,historical,0.09263568916666666,0.27750057,0.0,24
TL,1876,marine_hw,historical,0.1183253669,0.29977173,0.0,24
TL,1877,marine_hw,historical,0.11583609070833334,0.28786862,0.0,24
TL,1878,marine_hw,historical,0.07598638575,0.23438622,0.0,24
TL,1879,marine_hw,historical,0.06608992558333333,0.2525078,0.0,24
TL,1880,marine_hw,historical,0.1364280185,0.31909978,0.0,24
TL,1881,marine_hw,historical,0.14643156825,0.35977125,0.0,24
TL,1882,marine_hw,historical,0.10963526204583333,0.25141752,0.0,24
TL,1883,marine_hw,historical,0.07022464279166667,0.20210288,0.0,24
TL,1884,marine_hw,historical,0.05686577830833334,0.22126572,0.0,24
TL,1885,marine_hw,historical,0.09390353375,0.2719339,0.0,24
TL,1886,marine_hw,historical,0.11812620129166668,0.2908698,0.0,24
TL,1887,marine_hw,historical,0.10010845212500001,0.24578188,0.0,24
TL,1888,marine_hw,historical,0.088995096585,0.2904613,0.0,24
TL,1889,marine_hw,historical,0.07934432281666666,0.24546051,0.0,24
TL,1890,marine_hw,historical,0.10212472455416666,0.2896724,0.0,24
TL,1891,marine_hw,historical,0.10466265391666667,0.32928535,0.0,24
TL,1892,marine_hw,historical,0.1619379278,0.4417668,0.0,24
TL,1893,marine_hw,historical,0.08145765658333333,0.30577776,0.0,24
TL,1894,marine_hw,historical,0.09263505625,0.26726052,0.0,24
TL,1895,marine_hw,historical,0.12669707533333333,0.3321749,0.0,24
TL,1896,marine_hw,historical,0.12683163394166666,0.37706855,0.0,24
TL,1897,marine_hw,historical,0.08067395681666667,0.23608473,0.0,24
TL,1898,marine_hw,historical,0.08924473279166667,0.2613362,0.0,24
TL,1899,marine_hw,historical,0.11810426237499999,0.34607157,0.0,24
TL,1900,marine_hw,historical,0.10885612804166667,0.31942296,0.0,24
TL,1901,marine_hw,historical,0.093173023575,0.26362026,0.0,24
TL,1902,marine_hw,historical,0.118703233,0.29341346,0.0,24
TL,1903,marine_hw,historical,0.13899759608333334,0.30786663,0.0,24
TL,1904,marine_hw,historical,0.07485126951666667,0.2660913,0.0,24
TL,1905,marine_hw,historical,0.0701853890075,0.2571848,0.0,24
TL,1906,marine_hw,historical,0.072214473825,0.29479516,0.0,24
TL,1907,marine_hw,historical,0.12085725791666667,0.28403947,0.0,24
TL,1908,marine_hw,historical,0.08001765920833333,0.2073754,0.0,24
TL,1909,marine_hw,historical,0.128291670625,0.29066193,0.0,24
TL,1910,marine_hw,historical,0.08555343545833333,0.26220316,0.0,24
TL,1911,marine_hw,historical,0.11042019068208332,0.28479296,0.0,24
TL,1912,marine_hw,historical,0.10000157029166666,0.25735185,0.0,24
TL,1913,marine_hw,historical,0.13609331466666666,0.38026312,0.0,24
TL,1914,marine_hw,historical,0.12271239444166666,0.2776422,0.0,24
TL,1915,marine_hw,historical,0.11826009708333333,0.33972418,0.0,24
TL,1916,marine_hw,historical,0.11023125666666667,0.3257885,0.0,24
TL,1917,marine_hw,historical,0.09024619398333333,0.29215527,0.0,24
TL,1918,marine_hw,historical,0.12146805552083334,0.3082016,0.0,24
TL,1919,marine_hw,historical,0.10942626183333333,0.29982346,0.0,24
TL,1920,marine_hw,historical,0.14594689991666668,0.31898722,0.0,24
TL,1921,marine_hw,historical,0.134256936825,0.33512074,0.0,24
TL,1922,marine_hw,historical,0.060880280437499996,0.22449751,0.0,24
TL,1923,marine_hw,historical,0.12357157625,0.31428298,0.0,24
TL,1924,marine_hw,historical,0.12459184404166666,0.36687934,0.0,24
TL,1925,marine_hw,historical,0.10873093532083333,0.28553283,0.0,24
TL,1926,marine_hw,historical,0.10489120865833333,0.2525913,0.0,24
TL,1927,marine_hw,historical,0.153340233725,0.3507676,0.0,24
TL,1928,marine_hw,historical,0.1443646336625,0.3124383,0.0,24
TL,1929,marine_hw,historical,0.08518497780833334,0.27155808,0.0,24
TL,1930,marine_hw,historical,0.12627401969791666,0.27681792,0.0,24
TL,1931,marine_hw,historical,0.111594910125,0.28857487,0.0,24
TL,1932,marine_hw,historical,0.1316323705,0.32353985,0.0,24
TL,1933,marine_hw,historical,0.13454085364166665,0.29076266,0.0,24
TL,1934,marine_hw,historical,0.08282261295833333,0.23909864,0.0,24
TL,1935,marine_hw,historical,0.13270703247916668,0.326276,0.0,24
TL,1936,marine_hw,historical,0.14334719777083335,0.35317785,0.0,24
TL,1937,marine_hw,historical,0.08311280008333334,0.27969474,0.0,24
TL,1938,marine_hw,historical,0.13618536327083333,0.33321977,0.0,24
TL,1939,marine_hw,historical,0.15998363497499998,0.36898,0.0,24
TL,1940,marine_hw,historical,0.15849226420833332,0.3700567,0.0,24
TL,1941,marine_hw,historical,0.10955941329166667,0.26621202,0.0,24
TL,1942,marine_hw,historical,0.11247199044166667,0.29412338,0.0,24
TL,1943,marine_hw,historical,0.07865099786666667,0.26610672,0.0,24
TL,1944,marine_hw,historical,0.141571258,0.30715036,0.0,24
TL,1945,marine_hw,historical,0.14445479170833334,0.32172245,0.0,24
TL,1946,marine_hw,historical,0.11331891745833333,0.3109695,0.0,24
TL,1947,marine_hw,historical,0.13175405447083333,0.3279064,0.0,24
TL,1948,marine_hw,historical,0.15525752501999998,0.3920101,0.0,24
TL,1949,marine_hw,historical,0.09715558484583332,0.2459326,0.0,24
TL,1950,marine_hw,historical,0.0870460455,0.27640396,0.0,24
TL,1951,marine_hw,historical,0.16116057329166666,0.38251084,0.0,24
TL,1952,marine_hw,historical,0.1649392193625,0.38943374,0.0,24
TL,1953,marine_hw,historical,0.099147122125,0.31089506,0.0,24
TL,1954,marine_hw,historical,0.10622746404166666,0.2693957,0.0,24
TL,1955,marine_hw,historical,0.13633348325,0.32230434,0.0,24
TL,1956,marine_hw,historical,0.11916368845833335,0.32873613,0.0,24
TL,1957,marine_hw,historical,0.15418106058333333,0.36177838,0.0,24
TL,1958,marine_hw,historical,0.12011876179166665,0.3518071,0.0,24
TL,1959,marine_hw,historical,0.09453622745833334,0.29234314,0.0,24
TL,1960,marine_hw,historical,0.11255646415,0.32438412,0.0,24
TL,1961,marine_hw,historical,0.14478961448333333,0.3327205,0.0,24
TL,1962,marine_hw,historical,0.17954188739166665,0.3510563,0.0029173424,24
TL,1963,marine_hw,historical,0.08257452927083334,0.269009,0.0,24
TL,1964,marine_hw,historical,0.05967175028083333,0.24221966,0.0,24
TL,1965,marine_hw,historical,0.139415269375,0.32788825,0.0,24
TL,1966,marine_hw,historical,0.114145434825,0.25326312,0.0,24
TL,1967,marine_hw,historical,0.051919971875,0.22307226,0.0,24
TL,1968,marine_hw,historical,0.13243603802916668,0.33333236,0.0,24
TL,1969,marine_hw,historical,0.1810920478125,0.37944338,0.0,24
TL,1970,marine_hw,historical,0.13876128915416666,0.33542305,0.0,24
TL,1971,marine_hw,historical,0.11340586473749999,0.26005438,0.0,24
TL,1972,marine_hw,historical,0.07524366541666666,0.23692444,0.0,24
TL,1973,marine_hw,historical,0.12897327881666668,0.31881112,0.0,24
TL,1974,marine_hw,historical,0.12409357654166668,0.30374157,0.0,24
TL,1975,marine_hw,historical,0.11562302670833334,0.28642428,0.0,24
TL,1976,marine_hw,historical,0.09926458077916667,0.27571583,0.0,24
TL,1977,marine_hw,historical,0.14686349078166666,0.3195664,0.0,24
TL,1978,marine_hw,historical,0.15329439604166667,0.34221157,0.0,24
TL,1979,marine_hw,historical,0.11550585779166667,0.3123911,0.0,24
TL,1980,marine_hw,historical,0.12941173883333332,0.35389686,0.0,24
TL,1981,marine_hw,historical,0.11516449458333333,0.32154906,0.0,24
TL,1982,marine_hw,historical,0.12257705854166667,0.27824312,0.0,24
TL,1983,marine_hw,historical,0.075835896,0.19129094,0.0,24
TL,1984,marine_hw,historical,0.070832199375,0.2742234,0.0,24
TL,1985,marine_hw,historical,0.14714538107083333,0.36032137,0.0,24
TL,1986,marine_hw,historical,0.10068646770833334,0.27407998,0.0,24
TL,1987,marine_hw,historical,0.083564042125,0.2742815,0.0,24
TL,1988,marine_hw,historical,0.12424983826666668,0.29221606,0.0,24
TL,1989,marine_hw,historical,0.13334588316666665,0.36997133,0.0,24
TL,1990,marine_hw,historical,0.1045123448875,0.28992116,0.0,24
TL,1991,marine_hw,historical,0.10945763518333333,0.3073737,0.0,24
TL,1992,marine_hw,historical,0.0712408916,0.26789057,0.0,24
TL,1993,marine_hw,historical,0.13489038157916666,0.31366295,0.0,24
TL,1994,marine_hw,historical,0.12983986069166667,0.2944084,0.0,24
TL,1995,marine_hw,historical,0.12495083769583333,0.27408633,0.0,24
TL,1996,marine_hw,historical,0.09108076050000001,0.2629993,0.0,24
TL,1997,marine_hw,historical,0.14940502841666667,0.33312264,0.0,24
TL,1998,marine_hw,historical,0.15551042333333334,0.40154386,0.0,24
TL,1999,marine_hw,historical,0.11377812754166666,0.27106604,0.0,24
TL,2000,marine_hw,historical,0.11236638341666666,0.34168506,0.0,24
TL,2001,marine_hw,historical,0.14426900894166667,0.40724668,0.0,24
TL,2002,marine_hw,historical,0.16718040808333334,0.3822149,0.0,24
TL,2003,marine_hw,historical,0.16419479386875,0.35582593,0.0,24
TL,2004,marine_hw,historical,0.0899133574875,0.26895,0.0,24
TL,2005,marine_hw,historical,0.11748548929166668,0.289312,0.0,24
TL,2006,marine_hw,historical,0.18324593719583335,0.40987116,0.0,24
TL,2007,marine_hw,historical,0.15831898579,0.33038926,0.0,24
TL,2008,marine_hw,historical,0.15544608099999999,0.3295949,0.0,24
TL,2009,marine_hw,historical,0.13735209445833332,0.32199296,0.0,24
TL,2010,marine_hw,historical,0.19436303404166666,0.38659775,0.0,24
TL,2011,marine_hw,historical,0.18376420820808334,0.34934148,0.0,24
TL,2012,marine_hw,historical,0.14085837468333332,0.3611293,0.0,24
TL,2013,marine_hw,historical,0.13790079379166667,0.3494041,0.0,24
TL,2014,marine_hw,historical,0.16340042805416666,0.35130054,0.0,24
TR,1850,marine_hw,historical,0.0,0.0,0.0,60
TR,1851,marine_hw,historical,0.0,0.0,0.0,60
TR,1852,marine_hw,historical,0.0,0.0,0.0,60
TR,1853,marine_hw,historical,0.0,0.0,0.0,60
TR,1854,marine_hw,historical,0.0,0.0,0.0,60
TR,1855,marine_hw,historical,0.0,0.0,0.0,60
TR,1856,marine_hw,historical,0.0,0.0,0.0,60
TR,1857,marine_hw,historical,0.0,0.0,0.0,60
TR,1858,marine_hw,historical,0.0,0.0,0.0,60
TR,1859,marine_hw,historical,0.0,0.0,0.0,60
TR,1860,marine_hw,historical,0.0,0.0,0.0,60
TR,1861,marine_hw,historical,0.0,0.0,0.0,60
TR,1862,marine_hw,historical,0.0,0.0,0.0,60
TR,1863,marine_hw,historical,0.0,0.0,0.0,60
TR,1864,marine_hw,historical,0.0,0.0,0.0,60
TR,1865,marine_hw,historical,0.0,0.0,0.0,60
TR,1866,marine_hw,historical,0.0,0.0,0.0,60
TR,1867,marine_hw,historical,0.0,0.0,0.0,60
TR,1868,marine_hw,historical,0.0,0.0,0.0,60
TR,1869,marine_hw,historical,0.0,0.0,0.0,60
TR,1870,marine_hw,historical,0.0,0.0,0.0,60
TR,1871,marine_hw,historical,0.0,0.0,0.0,60
TR,1872,marine_hw,historical,0.0,0.0,0.0,60
TR,1873,marine_hw,historical,0.0,0.0,0.0,60
TR,1874,marine_hw,historical,0.0,0.0,0.0,60
TR,1875,marine_hw,historical,0.0,0.0,0.0,60
TR,1876,marine_hw,historical,0.0,0.0,0.0,60
TR,1877,marine_hw,historical,0.0,0.0,0.0,60
TR,1878,marine_hw,historical,0.0,0.0,0.0,60
TR,1879,marine_hw,historical,0.0,0.0,0.0,60
TR,1880,marine_hw,historical,0.0,0.0,0.0,60
TR,1881,marine_hw,historical,0.0,0.0,0.0,60
TR,1882,marine_hw,historical,0.0,0.0,0.0,60
TR,1883,marine_hw,historical,0.0,0.0,0.0,60
TR,1884,marine_hw,historical,0.0,0.0,0.0,60
TR,1885,marine_hw,historical,0.0,0.0,0.0,60
TR,1886,marine_hw,historical,0.0,0.0,0.0,60
TR,1887,marine_hw,historical,0.0,0.0,0.0,60
TR,1888,marine_hw,historical,0.0,0.0,0.0,60
TR,1889,marine_hw,historical,0.0,0.0,0.0,60
TR,1890,marine_hw,historical,0.0,0.0,0.0,60
TR,1891,marine_hw,historical,0.0,0.0,0.0,60
TR,1892,marine_hw,historical,0.0,0.0,0.0,60
TR,1893,marine_hw,historical,0.0,0.0,0.0,60
TR,1894,marine_hw,historical,0.0,0.0,0.0,60
TR,1895,marine_hw,historical,0.0,0.0,0.0,60
TR,1896,marine_hw,historical,0.0,0.0,0.0,60
TR,1897,marine_hw,historical,0.0,0.0,0.0,60
TR,1898,marine_hw,historical,0.0,0.0,0.0,60
TR,1899,marine_hw,historical,0.0,0.0,0.0,60
TR,1900,marine_hw,historical,0.0,0.0,0.0,60
TR,1901,marine_hw,historical,0.0,0.0,0.0,60
TR,1902,marine_hw,historical,0.0,0.0,0.0,60
TR,1903,marine_hw,historical,0.0,0.0,0.0,60
TR,1904,marine_hw,historical,0.0,0.0,0.0,60
TR,1905,marine_hw,historical,0.0,0.0,0.0,60
TR,1906,marine_hw,historical,0.0,0.0,0.0,60
TR,1907,marine_hw,historical,0.0,0.0,0.0,60
TR,1908,marine_hw,historical,0.0,0.0,0.0,60
TR,1909,marine_hw,historical,0.0,0.0,0.0,60
TR,1910,marine_hw,historical,0.0,0.0,0.0,60
TR,1911,marine_hw,historical,0.0,0.0,0.0,60
TR,1912,marine_hw,historical,0.0,0.0,0.0,60
TR,1913,marine_hw,historical,0.0,0.0,0.0,60
TR,1914,marine_hw,historical,0.0,0.0,0.0,60
TR,1915,marine_hw,historical,0.0,0.0,0.0,60
TR,1916,marine_hw,historical,0.0,0.0,0.0,60
TR,1917,marine_hw,historical,0.0,0.0,0.0,60
TR,1918,marine_hw,historical,0.0,0.0,0.0,60
TR,1919,marine_hw,historical,0.0,0.0,0.0,60
TR,1920,marine_hw,historical,0.0,0.0,0.0,60
TR,1921,marine_hw,historical,0.0,0.0,0.0,60
TR,1922,marine_hw,historical,0.0,0.0,0.0,60
TR,1923,marine_hw,historical,0.0,0.0,0.0,60
TR,1924,marine_hw,historical,0.0,0.0,0.0,60
TR,1925,marine_hw,historical,0.0,0.0,0.0,60
TR,1926,marine_hw,historical,0.0,0.0,0.0,60
TR,1927,marine_hw,historical,4.9759966666666665e-05,0.002985598,0.0,60
TR,1928,marine_hw,historical,0.0,0.0,0.0,60
TR,1929,marine_hw,historical,0.0,0.0,0.0,60
TR,1930,marine_hw,historical,0.0,0.0,0.0,60
TR,1931,marine_hw,historical,0.0,0.0,0.0,60
TR,1932,marine_hw,historical,0.0,0.0,0.0,60
TR,1933,marine_hw,historical,0.0,0.0,0.0,60
TR,1934,marine_hw,historical,0.0,0.0,0.0,60
TR,1935,marine_hw,historical,0.0,0.0,0.0,60
TR,1936,marine_hw,historical,0.0,0.0,0.0,60
TR,1937,marine_hw,historical,0.0,0.0,0.0,60
TR,1938,marine_hw,historical,0.0,0.0,0.0,60
TR,1939,marine_hw,historical,0.0,0.0,0.0,60
TR,1940,marine_hw,historical,0.0,0.0,0.0,60
TR,1941,marine_hw,historical,0.0,0.0,0.0,60
TR,1942,marine_hw,historical,0.0,0.0,0.0,60
TR,1943,marine_hw,historical,0.0,0.0,0.0,60
TR,1944,marine_hw,historical,0.0,0.0,0.0,60
TR,1945,marine_hw,historical,0.0,0.0,0.0,60
TR,1946,marine_hw,historical,0.0,0.0,0.0,60
TR,1947,marine_hw,historical,0.0,0.0,0.0,60
TR,1948,marine_hw,historical,0.0,0.0,0.0,60
TR,1949,marine_hw,historical,0.0,0.0,0.0,60
TR,1950,marine_hw,historical,0.0,0.0,0.0,60
TR,1951,marine_hw,historical,0.0,0.0,0.0,60
TR,1952,marine_hw,historical,0.0,0.0,0.0,60
TR,1953,marine_hw,historical,0.0,0.0,0.0,60
TR,1954,marine_hw,historical,0.0,0.0,0.0,60
TR,1955,marine_hw,historical,0.0,0.0,0.0,60
TR,1956,marine_hw,historical,0.0,0.0,0.0,60
TR,1957,marine_hw,historical,0.0,0.0,0.0,60
TR,1958,marine_hw,historical,0.0,0.0,0.0,60
TR,1959,marine_hw,historical,0.0,0.0,0.0,60
TR,1960,marine_hw,historical,0.0,0.0,0.0,60
TR,1961,marine_hw,historical,0.0,0.0,0.0,60
TR,1962,marine_hw,historical,0.0,0.0,0.0,60
TR,1963,marine_hw,historical,0.0,0.0,0.0,60
TR,1964,marine_hw,historical,0.0,0.0,0.0,60
TR,1965,marine_hw,historical,0.0,0.0,0.0,60
TR,1966,marine_hw,historical,0.0,0.0,0.0,60
TR,1967,marine_hw,historical,0.0,0.0,0.0,60
TR,1968,marine_hw,historical,0.0,0.0,0.0,60
TR,1969,marine_hw,historical,0.0,0.0,0.0,60
TR,1970,marine_hw,historical,0.0,0.0,0.0,60
TR,1971,marine_hw,historical,0.0,0.0,0.0,60
TR,1972,marine_hw,historical,0.0,0.0,0.0,60
TR,1973,marine_hw,historical,0.0,0.0,0.0,60
TR,1974,marine_hw,historical,0.0,0.0,0.0,60
TR,1975,marine_hw,historical,0.0,0.0,0.0,60
TR,1976,marine_hw,historical,0.0,0.0,0.0,60
TR,1977,marine_hw,historical,0.0,0.0,0.0,60
TR,1978,marine_hw,historical,0.0,0.0,0.0,60
TR,1979,marine_hw,historical,0.0,0.0,0.0,60
TR,1980,marine_hw,historical,0.0,0.0,0.0,60
TR,1981,marine_hw,historical,0.0,0.0,0.0,60
TR,1982,marine_hw,historical,0.0,0.0,0.0,60
TR,1983,marine_hw,historical,0.0,0.0,0.0,60
TR,1984,marine_hw,historical,0.0,0.0,0.0,60
TR,1985,marine_hw,historical,0.0,0.0,0.0,60
TR,1986,marine_hw,historical,0.0,0.0,0.0,60
TR,1987,marine_hw,historical,0.0,0.0,0.0,60
TR,1988,marine_hw,historical,0.0,0.0,0.0,60
TR,1989,marine_hw,historical,0.0,0.0,0.0,60
TR,1990,marine_hw,historical,0.0,0.0,0.0,60
TR,1991,marine_hw,historical,0.0,0.0,0.0,60
TR,1992,marine_hw,historical,0.0,0.0,0.0,60
TR,1993,marine_hw,historical,0.0,0.0,0.0,60
TR,1994,marine_hw,historical,0.0,0.0,0.0,60
TR,1995,marine_hw,historical,0.0,0.0,0.0,60
TR,1996,marine_hw,historical,0.0,0.0,0.0,60
TR,1997,marine_hw,historical,0.0,0.0,0.0,60
TR,1998,marine_hw,historical,0.0,0.0,0.0,60
TR,1999,marine_hw,historical,0.0,0.0,0.0,60
TR,2000,marine_hw,historical,0.0,0.0,0.0,60
TR,2001,marine_hw,historical,0.0,0.0,0.0,60
TR,2002,marine_hw,historical,0.0,0.0,0.0,60
TR,2003,marine_hw,historical,0.0,0.0,0.0,60
TR,2004,marine_hw,historical,0.0,0.0,0.0,60
TR,2005,marine_hw,historical,0.0,0.0,0.0,60
TR,2006,marine_hw,historical,0.0,0.0,0.0,60
TR,2007,marine_hw,historical,0.0,0.0,0.0,60
TR,2008,marine_hw,historical,0.0,0.0,0.0,60
TR,2009,marine_hw,historical,0.0,0.0,0.0,60
TR,2010,marine_hw,historical,0.0,0.0,0.0,60
TR,2011,marine_hw,historical,0.0,0.0,0.0,60
TR,2012,marine_hw,historical,0.0,0.0,0.0,60
TR,2013,marine_hw,historical,0.0,0.0,0.0,60
TR,2014,marine_hw,historical,0.0,0.0,0.0,60
TV,1850,marine_hw,historical,0.03531016029809588,0.31466153,0.0,3108
TV,1851,marine_hw,historical,0.03523539225546493,0.27939424,0.0,3108
TV,1852,marine_hw,historical,0.062048337085058754,0.37785292,0.0,3108
TV,1853,marine_hw,historical,0.05278744842303829,0.317975,0.0,3108
TV,1854,marine_hw,historical,0.02430952648422008,0.2771202,0.0,3108
TV,1855,marine_hw,historical,0.02286132891738407,0.30638874,0.0,3108
TV,1856,marine_hw,historical,0.061869906768773485,0.3465164,0.0,3108
TV,1857,marine_hw,historical,0.07239130099565402,0.39116675,0.0,3108
TV,1858,marine_hw,historical,0.04984426326174077,0.31714618,0.0,3108
TV,1859,marine_hw,historical,0.02580224300476631,0.29406255,0.0,3108
TV,1860,marine_hw,historical,0.008962696622606821,0.20393574,0.0,3108
TV,1861,marine_hw,historical,0.03256004556548636,0.36211792,0.0,3108
TV,1862,marine_hw,historical,0.07579373855275097,0.4091249,0.0,3108
TV,1863,marine_hw,historical,0.04369440009805148,0.34072006,0.0,3108
TV,1864,marine_hw,historical,0.012639275327585906,0.2242406,0.0,3108
TV,1865,marine_hw,historical,0.02061639248804408,0.2592764,0.0,3108
TV,1866,marine_hw,historical,0.04321694879728324,0.34691584,0.0,3108
TV,1867,marine_hw,historical,0.07501491469950805,0.39441124,0.0,3108
TV,1868,marine_hw,historical,0.06257007090697683,0.3492153,0.0,3108
TV,1869,marine_hw,historical,0.019940645547232946,0.27435413,0.0,3108
TV,1870,marine_hw,historical,0.027712415107318856,0.2880783,0.0,3108
TV,1871,marine_hw,historical,0.06887874033576416,0.39715374,0.0,3108
TV,1872,marine_hw,historical,0.07861258092121011,0.40343753,0.0,3108
TV,1873,marine_hw,historical,0.02734620561054376,0.35469934,0.0,3108
TV,1874,marine_hw,historical,0.012121585825508686,0.25102717,0.0,3108
TV,1875,marine_hw,historical,0.04674581699855972,0.3947535,0.0,3108
TV,1876,marine_hw,historical,0.06631054348455856,0.3550443,0.0,3108
TV,1877,marine_hw,historical,0.02007446521166805,0.2846023,0.0,3108
TV,1878,marine_hw,historical,0.008715234397791184,0.2374764,0.0,3108
TV,1879,marine_hw,historical,0.03553383811707593,0.38372183,0.0,3108
TV,1880,marine_hw,historical,0.08265379574132369,0.4242308,0.0,3108
TV,1881,marine_hw,historical,0.06538477050968726,0.35846674,0.0,3108
TV,1882,marine_hw,historical,0.022471194763657335,0.26002714,0.0,3108
TV,1883,marine_hw,historical,0.017830776215221042,0.27895033,0.0,3108
TV,1884,marine_hw,historical,0.026055684777694883,0.31789875,0.0,3108
TV,1885,marine_hw,historical,0.064435229707139,0.39002746,0.0,3108
TV,1886,marine_hw,historical,0.06833784687056628,0.36268622,0.0,3108
TV,1887,marine_hw,historical,0.02077356396009974,0.26264524,0.0,3108
TV,1888,marine_hw,historical,0.0126934382838417,0.21941924,0.0,3108
TV,1889,marine_hw,historical,0.03198035494320248,0.34731615,0.0,3108
TV,1890,marine_hw,historical,0.07506160541167471,0.40200138,0.0,3108
TV,1891,marine_hw,historical,0.07487701216284427,0.44889033,0.0,3108
TV,1892,marine_hw,historical,0.05271831190448841,0.3817038,0.0,3108
TV,1893,marine_hw,historical,0.022830457160148972,0.27784097,0.0,3108
TV,1894,marine_hw,historical,0.043059281642076896,0.34004647,0.0,3108
TV,1895,marine_hw,historical,0.08183868813457304,0.44997066,0.0,3108
TV,1896,marine_hw,historical,0.03535300999346824,0.28860846,0.0,3108
TV,1897,marine_hw,historical,0.024967374933753214,0.28819633,0.0,3108
TV,1898,marine_hw,historical,0.03949947676687333,0.3232875,0.0,3108
TV,1899,marine_hw,historical,0.07036933569509331,0.36463886,0.0,3108
TV,1900,marine_hw,historical,0.05291855622282529,0.3195519,0.0,3108
TV,1901,marine_hw,historical,0.05383035812160862,0.37725374,0.0,3108
TV,1902,marine_hw,historical,0.06201806109933022,0.32396382,0.0,3108
TV,1903,marine_hw,historical,0.02452624084256435,0.25929818,0.0,3108
TV,1904,marine_hw,historical,0.017546861782873135,0.272327,0.0,3108
TV,1905,marine_hw,historical,0.025199030159332045,0.28860483,0.0,3108
TV,1906,marine_hw,historical,0.042193127312543856,0.36832276,0.0,3108
TV,1907,marine_hw,historical,0.02812524937903475,0.2990909,0.0,3108
TV,1908,marine_hw,historical,0.03753611036435981,0.38187173,0.0,3108
TV,1909,marine_hw,historical,0.06334135694815315,0.39219257,0.0,3108
TV,1910,marine_hw,historical,0.0397516791654556,0.3149475,0.0,3108
TV,1911,marine_hw,historical,0.03948038233535972,0.3525197,0.0,3108
TV,1912,marine_hw,historical,0.043988843697928576,0.33098748,0.0,3108
TV,1913,marine_hw,historical,0.048141582434453024,0.384843,0.0,3108
TV,1914,marine_hw,historical,0.06357772302367438,0.3446436,0.0,3108
TV,1915,marine_hw,historical,0.03226976372664575,0.34460455,0.0,3108
TV,1916,marine_hw,historical,0.02517045807747426,0.29793617,0.0,3108
TV,1917,marine_hw,historical,0.0398942725241554,0.34220523,0.0,3108
TV,1918,marine_hw,historical,0.05531841977809202,0.3577795,0.0,3108
TV,1919,marine_hw,historical,0.0749581623858919,0.40680552,0.0,3108
TV,1920,marine_hw,historical,0.03359993682028411,0.30228633,0.0,3108
TV,1921,marine_hw,historical,0.02043542049933462,0.28840238,0.0,3108
TV,1922,marine_hw,historical,0.04369985618050644,0.38061172,0.0,3108
TV,1923,marine_hw,historical,0.07544313489859492,0.4072367,0.0,3108
TV,1924,marine_hw,historical,0.025362615487964285,0.28385338,0.0,3108
TV,1925,marine_hw,historical,0.027107567823618083,0.3467824,0.0,3108
TV,1926,marine_hw,historical,0.05307967632874389,0.42911842,0.0,3108
TV,1927,marine_hw,historical,0.07302851068962354,0.4259393,0.0,3108
TV,1928,marine_hw,historical,0.03206237365700772,0.28562453,0.0,3108
TV,1929,marine_hw,historical,0.025154304360477477,0.30981115,0.0,3108
TV,1930,marine_hw,historical,0.04803879688212291,0.36276245,0.0,3108
TV,1931,marine_hw,historical,0.09064730105903186,0.36792785,0.0,3108
TV,1932,marine_hw,historical,0.05943598291552725,0.3803321,0.0,3108
TV,1933,marine_hw,historical,0.02667455240836091,0.2876589,0.0,3108
TV,1934,marine_hw,historical,0.03815614839500805,0.39090532,0.0,3108
TV,1935,marine_hw,historical,0.0748479457452529,0.39518923,0.0,3108
TV,1936,marine_hw,historical,0.04824401903232851,0.33814824,0.0,3108
TV,1937,marine_hw,historical,0.0325138074163388,0.36932224,0.0,3108
TV,1938,marine_hw,historical,0.08107768503178829,0.34739515,0.0,3108
TV,1939,marine_hw,historical,0.08310445399417632,0.42009848,0.0,3108
TV,1940,marine_hw,historical,0.03382613733782915,0.31881475,0.0,3108
TV,1941,marine_hw,historical,0.02360617485045882,0.28846413,0.0,3108
TV,1942,marine_hw,historical,0.037744875557334946,0.32814246,0.0,3108
TV,1943,marine_hw,historical,0.04586091689247426,0.34363502,0.0,3108
TV,1944,marine_hw,historical,0.0697034161018092,0.37985462,0.0,3108
TV,1945,marine_hw,historical,0.043859521923185325,0.36943302,0.0,3108
TV,1946,marine_hw,historical,0.07590799115364544,0.38284492,0.0,3108
TV,1947,marine_hw,historical,0.08339717618029119,0.39517564,0.0,3108
TV,1948,marine_hw,historical,0.029608435704888126,0.27673802,0.0,3108
TV,1949,marine_hw,historical,0.01589256419450299,0.26116008,0.0,3108
TV,1950,marine_hw,historical,0.035835101924954635,0.32235882,0.0,3108
TV,1951,marine_hw,historical,0.0890345201260177,0.43679476,0.0,3108
TV,1952,marine_hw,historical,0.06321124547246783,0.39112136,0.0,3108
TV,1953,marine_hw,historical,0.02693045245464286,0.26436102,0.0,3108
TV,1954,marine_hw,historical,0.03663400172455823,0.37396932,0.0,3108
TV,1955,marine_hw,historical,0.0678115144397529,0.3667332,0.0,3108
TV,1956,marine_hw,historical,0.07137880091396773,0.42295712,0.0,3108
TV,1957,marine_hw,historical,0.07151786936362517,0.37209198,0.0,3108
TV,1958,marine_hw,historical,0.04313167400832024,0.37489888,0.0,3108
TV,1959,marine_hw,historical,0.04353119932956693,0.3479625,0.0,3108
TV,1960,marine_hw,historical,0.07884547300439382,0.3808459,0.0,3108
TV,1961,marine_hw,historical,0.0798302920369424,0.36592343,0.0,3108
TV,1962,marine_hw,historical,0.025040211204214607,0.3285945,0.0,3108
TV,1963,marine_hw,historical,0.010845508679517696,0.2119335,0.0,3108
TV,1964,marine_hw,historical,0.05545567210858581,0.39917356,0.0,3108
TV,1965,marine_hw,historical,0.05952786640172812,0.344679,0.0,3108
TV,1966,marine_hw,historical,0.01712005466269057,0.24364129,0.0,3108
TV,1967,marine_hw,historical,0.040620912659868086,0.36002815,0.0,3108
TV,1968,marine_hw,historical,0.08112644759362388,0.37237793,0.0,3108
TV,1969,marine_hw,historical,0.07788007068650418,0.42083287,0.0,3108
TV,1970,marine_hw,historical,0.032134302701500965,0.289194,0.0,3108
TV,1971,marine_hw,historical,0.01706810392964736,0.2613235,0.0,3108
TV,1972,marine_hw,historical,0.04671308517759276,0.40843135,0.0,3108
TV,1973,marine_hw,historical,0.0734920201466965,0.39808875,0.0,3108
TV,1974,marine_hw,historical,0.04027229556425354,0.37425888,0.0,3108
TV,1975,marine_hw,historical,0.031033935651071428,0.34760213,0.0,3108
TV,1976,marine_hw,historical,0.053237946698148006,0.3362818,0.0,3108
TV,1977,marine_hw,historical,0.07469400030109073,0.38815284,0.0,3108
TV,1978,marine_hw,historical,0.045269316749364547,0.3409107,0.0,3108
TV,1979,marine_hw,historical,0.04979541151805662,0.36500746,0.0,3108
TV,1980,marine_hw,historical,0.09075504393365831,0.39385384,0.0,3108
TV,1981,marine_hw,historical,0.06869090726664125,0.38458878,0.0,3108
TV,1982,marine_hw,historical,0.022037976992675352,0.2603122,0.0,3108
TV,1983,marine_hw,historical,0.018937669389414415,0.31006262,0.0,3108
TV,1984,marine_hw,historical,0.07636047339276664,0.3895318,0.0,3108
TV,1985,marine_hw,historical,0.0697241264994955,0.35566977,0.0,3108
TV,1986,marine_hw,historical,0.028467360040706886,0.28747278,0.0,3108
TV,1987,marine_hw,historical,0.04605436764681757,0.3887765,0.0,3108
TV,1988,marine_hw,historical,0.07775793774709137,0.37474364,0.0,3108
TV,1989,marine_hw,historical,0.05432161302055019,0.3510291,0.0,3108
TV,1990,marine_hw,historical,0.041106351759944336,0.33446348,0.0,3108
TV,1991,marine_hw,historical,0.03567231601849549,0.32606173,0.0,3108
TV,1992,marine_hw,historical,0.03756640893737999,0.30153376,0.0,3108
TV,1993,marine_hw,historical,0.08716771381735426,0.3607199,0.0,3108
TV,1994,marine_hw,historical,0.07582695911220656,0.37690425,0.0,3108
TV,1995,marine_hw,historical,0.03355988258539125,0.3407119,0.0,3108
TV,1996,marine_hw,historical,0.06323177260352317,0.35480738,0.0,3108
TV,1997,marine_hw,historical,0.11437002358390477,0.44952577,0.0,3108
TV,1998,marine_hw,historical,0.0646962040108076,0.3785882,0.0,3108
TV,1999,marine_hw,historical,0.0321967137099926,0.2811318,0.0,3108
TV,2000,marine_hw,historical,0.057321720230164096,0.37053144,0.0,3108
TV,2001,marine_hw,historical,0.10781021890217503,0.4523853,0.0,3108
TV,2002,marine_hw,historical,0.1061095143578552,0.4342003,0.0,3108
TV,2003,marine_hw,historical,0.03596922515925064,0.3926955,0.0,3108
TV,2004,marine_hw,historical,0.029822818473788933,0.33733666,0.0,3108
TV,2005,marine_hw,historical,0.058172106431175034,0.37013474,0.0,3108
TV,2006,marine_hw,historical,0.10896933851411068,0.43504086,0.0,3108
TV,2007,marine_hw,historical,0.09202911151663018,0.40104094,0.0,3108
TV,2008,marine_hw,historical,0.08358353288249999,0.4444957,0.0,3108
TV,2009,marine_hw,historical,0.10595453399467825,0.41974714,0.0,3108
TV,2010,marine_hw,historical,0.11359990526520593,0.4570406,0.0,3108
TV,2011,marine_hw,historical,0.07194250903728057,0.39819497,0.0,3108
TV,2012,marine_hw,historical,0.045432203798222326,0.3475867,0.0,3108
TV,2013,marine_hw,historical,0.08708087759707529,0.47136116,0.0,3108
TV,2014,marine_hw,historical,0.1321516998156438,0.53894347,0.0,3108
TZ,1850,marine_hw,historical,0.06048973736111111,0.20676175,0.0,36
TZ,1851,marine_hw,historical,0.045337109083333334,0.20672089,0.0,36
TZ,1852,marine_hw,historical,0.05385996716388888,0.22263107,0.0,36
TZ,1853,marine_hw,historical,0.08608965086944445,0.28073508,0.0,36
TZ,1854,marine_hw,historical,0.055200741794444445,0.2509564,0.0,36
TZ,1855,marine_hw,historical,0.025445478816666665,0.14485039,0.0,36
TZ,1856,marine_hw,historical,0.056863965819444445,0.1859349,0.0,36
TZ,1857,marine_hw,historical,0.09687856422222223,0.30264676,0.0,36
TZ,1858,marine_hw,historical,0.06319562297222221,0.24550228,0.0,36
TZ,1859,marine_hw,historical,0.053525913277777774,0.23076317,0.0,36
TZ,1860,marine_hw,historical,0.02693545230166667,0.16403775,0.0,36
TZ,1861,marine_hw,historical,0.019303261566666667,0.13921836,0.0,36
TZ,1862,marine_hw,historical,0.07618546852777779,0.24156967,0.0,36
TZ,1863,marine_hw,historical,0.08950832744444444,0.29952663,0.0,36
TZ,1864,marine_hw,historical,0.03123826313888889,0.15566778,0.0,36
TZ,1865,marine_hw,historical,0.025034752152777777,0.14346145,0.0,36
TZ,1866,marine_hw,historical,0.04610300942222222,0.17848454,0.0,36
TZ,1867,marine_hw,historical,0.08734815788888889,0.26353672,0.0,36
TZ,1868,marine_hw,historical,0.08577554867777777,0.23212488,0.0,36
TZ,1869,marine_hw,historical,0.043656325766666663,0.16916229,0.0,36
TZ,1870,marine_hw,historical,0.022438288805555553,0.13062601,0.0,36
TZ,1871,marine_hw,historical,0.0650277734861111,0.22295333,0.0,36
TZ,1872,marine_hw,historical,0.10356776258333333,0.3290711,0.0,36
TZ,1873,marine_hw,historical,0.07424231661111111,0.2760953,0.0,36
TZ,1874,marine_hw,historical,0.023865408608333333,0.13739821,0.0,36
TZ,1875,marine_hw,historical,0.026531004875,0.120170824,0.0,36
TZ,1876,marine_hw,historical,0.06303842055277778,0.2340703,0.0,36
TZ,1877,marine_hw,historical,0.06831197775,0.2625926,0.0,36
TZ,1878,marine_hw,historical,0.01832607857777778,0.11653688,0.0,36
TZ,1879,marine_hw,historical,0.03486941106555555,0.18228097,0.0,36
TZ,1880,marine_hw,historical,0.08058108550000001,0.28310445,0.0,36
TZ,1881,marine_hw,historical,0.07275402385555556,0.26162308,0.0,36
TZ,1882,marine_hw,historical,0.07078907183333333,0.24395719,0.0,36
TZ,1883,marine_hw,historical,0.010683104208333334,0.08252327,0.0,36
TZ,1884,marine_hw,historical,0.029713159972222222,0.1564494,0.0,36
TZ,1885,marine_hw,historical,0.062482916930555556,0.257567,0.0,36
TZ,1886,marine_hw,historical,0.10041125041666667,0.31161314,0.0,36
TZ,1887,marine_hw,historical,0.06875831604166666,0.23076771,0.0,36
TZ,1888,marine_hw,historical,0.01736478323888889,0.120529406,0.0,36
TZ,1889,marine_hw,historical,0.027030974444444446,0.15065488,0.0,36
TZ,1890,marine_hw,historical,0.07704616256666667,0.27465278,0.0,36
TZ,1891,marine_hw,historical,0.08116500486111111,0.25165993,0.0,36
TZ,1892,marine_hw,historical,0.08452538094444445,0.26101118,0.0,36
TZ,1893,marine_hw,historical,0.05907709158944444,0.2632544,0.0,36
TZ,1894,marine_hw,historical,0.03757309796111111,0.1708617,0.0,36
TZ,1895,marine_hw,historical,0.09053260783333333,0.30100182,0.0,36
TZ,1896,marine_hw,historical,0.09174859027777776,0.31925955,0.0,36
TZ,1897,marine_hw,historical,0.04347062092777778,0.15923546,0.0,36
TZ,1898,marine_hw,historical,0.05793516933333333,0.22486608,0.0,36
TZ,1899,marine_hw,historical,0.08512614019444445,0.2711895,0.0,36
TZ,1900,marine_hw,historical,0.09389940819444445,0.28226203,0.0,36
TZ,1901,marine_hw,historical,0.07941994917055556,0.26073343,0.0,36
TZ,1902,marine_hw,historical,0.09346100758333334,0.30307615,0.0,36
TZ,1903,marine_hw,historical,0.060156616111111116,0.20132217,0.0,36
TZ,1904,marine_hw,historical,0.03371574423888889,0.18538022,0.0,36
TZ,1905,marine_hw,historical,0.03661856072222222,0.19024968,0.0,36
TZ,1906,marine_hw,historical,0.047518614575,0.17884313,0.0,36
TZ,1907,marine_hw,historical,0.06847279425000001,0.28464407,0.0,36
TZ,1908,marine_hw,historical,0.03708420947222222,0.19173394,0.0,36
TZ,1909,marine_hw,historical,0.09347197207222223,0.30745357,0.0,36
TZ,1910,marine_hw,historical,0.07501276194444445,0.27317306,0.0,36
TZ,1911,marine_hw,historical,0.042269489375,0.20281187,0.0,36
TZ,1912,marine_hw,historical,0.07912804688888889,0.27199474,0.0,36
TZ,1913,marine_hw,historical,0.07586876730555556,0.24761929,0.0,36
TZ,1914,marine_hw,historical,0.08514149384444444,0.30502883,0.0,36
TZ,1915,marine_hw,historical,0.08680141436111112,0.29802966,0.0,36
TZ,1916,marine_hw,historical,0.031109974801944447,0.16795583,0.0,36
TZ,1917,marine_hw,historical,0.06630694806388888,0.2199839,0.0,36
TZ,1918,marine_hw,historical,0.07042623926916666,0.24608691,0.0,36
TZ,1919,marine_hw,historical,0.0937924495,0.25474554,0.0,36
TZ,1920,marine_hw,historical,0.08268950179722222,0.2784456,0.0,36
TZ,1921,marine_hw,historical,0.04069063890277778,0.20584576,0.0,36
TZ,1922,marine_hw,historical,0.018140423383333333,0.1197605,0.0,36
TZ,1923,marine_hw,historical,0.08776729841666667,0.29900825,0.0,36
TZ,1924,marine_hw,historical,0.07444904485277777,0.27149996,0.0,36
TZ,1925,marine_hw,historical,0.029889591805555553,0.13119519,0.0,36
TZ,1926,marine_hw,historical,0.06817134469444446,0.23897426,0.0,36
TZ,1927,marine_hw,historical,0.09693261952777778,0.27109146,0.0,36
TZ,1928,marine_hw,historical,0.05822842427777778,0.23747003,0.0,36
TZ,1929,marine_hw,historical,0.03175339926388889,0.15954047,0.0,36
TZ,1930,marine_hw,historical,0.05653767958333333,0.19475147,0.0,36
TZ,1931,marine_hw,historical,0.096720610375,0.2916605,0.0,36
TZ,1932,marine_hw,historical,0.10774998231944445,0.33669123,0.0,36
TZ,1933,marine_hw,historical,0.059290494944444445,0.20770948,0.0,36
TZ,1934,marine_hw,historical,0.045524300901944446,0.18825614,0.0,36
TZ,1935,marine_hw,historical,0.08760001402777778,0.2628123,0.0,36
TZ,1936,marine_hw,historical,0.10418461358333334,0.3064323,0.0,36
TZ,1937,marine_hw,historical,0.05765330188888889,0.20817156,0.0,36
TZ,1938,marine_hw,historical,0.06706931947222222,0.25916022,0.0,36
TZ,1939,marine_hw,historical,0.09780337624999999,0.30253965,0.0,36
TZ,1940,marine_hw,historical,0.07499035693166667,0.27662364,0.0,36
TZ,1941,marine_hw,historical,0.03403321979722222,0.18376252,0.0,36
TZ,1942,marine_hw,historical,0.06207257998611112,0.24397536,0.0,36
TZ,1943,marine_hw,historical,0.07389870649444445,0.2322783,0.0,36
TZ,1944,marine_hw,historical,0.09281763395555556,0.2820859,0.0,36
TZ,1945,marine_hw,historical,0.09148483751944445,0.31111112,0.0,36
TZ,1946,marine_hw,historical,0.07346917575,0.21701266,0.0,36
TZ,1947,marine_hw,historical,0.10359383838888889,0.3414091,0.0,36
TZ,1948,marine_hw,historical,0.08124288120277777,0.30869907,0.0,36
TZ,1949,marine_hw,historical,0.04517490184722222,0.16664132,0.0,36
TZ,1950,marine_hw,historical,0.037622795708611115,0.19136447,0.0,36
TZ,1951,marine_hw,historical,0.08307080233333333,0.27721643,0.0,36
TZ,1952,marine_hw,historical,0.11166547658333334,0.32293436,0.0,36
TZ,1953,marine_hw,historical,0.03916722625638889,0.17613333,0.0,36
TZ,1954,marine_hw,historical,0.031038403591666666,0.13334396,0.0,36
TZ,1955,marine_hw,historical,0.08347261727222223,0.2521628,0.0,36
TZ,1956,marine_hw,historical,0.09787232469444444,0.31010073,0.0,36
TZ,1957,marine_hw,historical,0.08981857251388889,0.25451586,0.0,36
TZ,1958,marine_hw,historical,0.05655010815000001,0.21999842,0.0,36
TZ,1959,marine_hw,historical,0.06747041593055556,0.25040627,0.0,36
TZ,1960,marine_hw,historical,0.07958689679888889,0.24025154,0.0,36
TZ,1961,marine_hw,historical,0.12402999172222222,0.32536453,0.0,36
TZ,1962,marine_hw,historical,0.07919494847222222,0.3152489,0.0,36
TZ,1963,marine_hw,historical,0.013635810147222222,0.10417894,0.0,36
TZ,1964,marine_hw,historical,0.05076976808611111,0.16965613,0.0,36
TZ,1965,marine_hw,historical,0.1060032187888889,0.30620262,0.0,36
TZ,1966,marine_hw,historical,0.05672701219444444,0.24035232,0.0,36
TZ,1967,marine_hw,historical,0.036242492961111115,0.17270818,0.0,36
TZ,1968,marine_hw,historical,0.1039074306388889,0.30106354,0.0,36
TZ,1969,marine_hw,historical,0.11046642888888888,0.30885524,0.0,36
TZ,1970,marine_hw,historical,0.0715389010611111,0.208246,0.0,36
TZ,1971,marine_hw,historical,0.04919452635555555,0.18428904,0.0,36
TZ,1972,marine_hw,historical,0.03229269769444445,0.1502155,0.0,36
TZ,1973,marine_hw,historical,0.08395552536111112,0.32719195,0.0,36
TZ,1974,marine_hw,historical,0.07897331380555556,0.28452697,0.0,36
TZ,1975,marine_hw,historical,0.05274552484166667,0.22741337,0.0,36
TZ,1976,marine_hw,historical,0.061761532431388884,0.23419468,0.0,36
TZ,1977,marine_hw,historical,0.11533222424999999,0.30180794,0.0,36
TZ,1978,marine_hw,historical,0.07644693978888889,0.28527045,0.0,36
TZ,1979,marine_hw,historical,0.06505793047222222,0.26003712,0.0,36
TZ,1980,marine_hw,historical,0.10446239211666668,0.2841675,0.0,36
TZ,1981,marine_hw,historical,0.09495003351388889,0.2903932,0.0,36
TZ,1982,marine_hw,historical,0.05190175036111111,0.20322311,0.0,36
TZ,1983,marine_hw,historical,0.0248809491,0.15183413,0.0,36
TZ,1984,marine_hw,historical,0.06903788984444444,0.22251305,0.0,36
TZ,1985,marine_hw,historical,0.12437446591666666,0.35485458,0.0,36
TZ,1986,marine_hw,historical,0.06333608193333334,0.1967986,0.0,36
TZ,1987,marine_hw,historical,0.04738294807777778,0.23257878,0.0,36
TZ,1988,marine_hw,historical,0.10991018008333334,0.39417067,0.0,36
TZ,1989,marine_hw,historical,0.09306045771666666,0.29984346,0.0,36
TZ,1990,marine_hw,historical,0.07566037519444445,0.23500897,0.0,36
TZ,1991,marine_hw,historical,0.06950007994444445,0.25214922,0.0,36
TZ,1992,marine_hw,historical,0.040346651138888884,0.17613152,0.0,36
TZ,1993,marine_hw,historical,0.09995556591666667,0.2820024,0.0,36
TZ,1994,marine_hw,historical,0.09801961736111112,0.30890968,0.0,36
TZ,1995,marine_hw,historical,0.0647170546038889,0.25257587,0.0,36
TZ,1996,marine_hw,historical,0.05846733694444444,0.2108759,0.0,36
TZ,1997,marine_hw,historical,0.12796691475,0.33671576,0.0,36
TZ,1998,marine_hw,historical,0.11379819222222223,0.32188493,0.0,36
TZ,1999,marine_hw,historical,0.052579301286111116,0.19402614,0.0,36
TZ,2000,marine_hw,historical,0.07411075261111111,0.20992725,0.0,36
TZ,2001,marine_hw,historical,0.10231153818055555,0.300852,0.0,36
TZ,2002,marine_hw,historical,0.12820854938055554,0.35607466,0.0,36
TZ,2003,marine_hw,historical,0.09012231955277777,0.30444875,0.0,36
TZ,2004,marine_hw,historical,0.05174954827777778,0.2245202,0.0,36
TZ,2005,marine_hw,historical,0.06711960921111111,0.24833101,0.0,36
TZ,2006,marine_hw,historical,0.11866030544444445,0.33116904,0.0,36
TZ,2007,marine_hw,historical,0.11374270988888889,0.32848647,0.0,36
TZ,2008,marine_hw,historical,0.11309858072222223,0.32670265,0.0,36
TZ,2009,marine_hw,historical,0.1058010401111111,0.29549778,0.0,36
TZ,2010,marine_hw,historical,0.14775649561583334,0.381436,0.0,36
TZ,2011,marine_hw,historical,0.11822966119444445,0.36578453,0.0,36
TZ,2012,marine_hw,historical,0.06495467248888889,0.2658843,0.0,36
TZ,2013,marine_hw,historical,0.06844142365555556,0.22323203,0.0,36
TZ,2014,marine_hw,historical,0.12952258499166666,0.34545064,0.0,36
UA,1850,marine_hw,historical,0.0,0.0,0.0,24
UA,1851,marine_hw,historical,0.0,0.0,0.0,24
UA,1852,marine_hw,historical,0.0,0.0,0.0,24
UA,1853,marine_hw,historical,0.0,0.0,0.0,24
UA,1854,marine_hw,historical,0.0,0.0,0.0,24
UA,1855,marine_hw,historical,0.0,0.0,0.0,24
UA,1856,marine_hw,historical,0.0,0.0,0.0,24
UA,1857,marine_hw,historical,0.0,0.0,0.0,24
UA,1858,marine_hw,historical,0.0,0.0,0.0,24
UA,1859,marine_hw,historical,0.0,0.0,0.0,24
UA,1860,marine_hw,historical,0.0,0.0,0.0,24
UA,1861,marine_hw,historical,0.0,0.0,0.0,24
UA,1862,marine_hw,historical,0.0,0.0,0.0,24
UA,1863,marine_hw,historical,0.0,0.0,0.0,24
UA,1864,marine_hw,historical,0.0,0.0,0.0,24
UA,1865,marine_hw,historical,0.0,0.0,0.0,24
UA,1866,marine_hw,historical,0.0,0.0,0.0,24
UA,1867,marine_hw,historical,0.0,0.0,0.0,24
UA,1868,marine_hw,historical,0.0,0.0,0.0,24
UA,1869,marine_hw,historical,0.0,0.0,0.0,24
UA,1870,marine_hw,historical,0.0,0.0,0.0,24
UA,1871,marine_hw,historical,0.0,0.0,0.0,24
UA,1872,marine_hw,historical,0.0,0.0,0.0,24
UA,1873,marine_hw,historical,0.0,0.0,0.0,24
UA,1874,marine_hw,historical,0.0,0.0,0.0,24
UA,1875,marine_hw,historical,0.0,0.0,0.0,24
UA,1876,marine_hw,historical,0.0,0.0,0.0,24
UA,1877,marine_hw,historical,0.0,0.0,0.0,24
UA,1878,marine_hw,historical,0.0,0.0,0.0,24
UA,1879,marine_hw,historical,0.0,0.0,0.0,24
UA,1880,marine_hw,historical,0.0,0.0,0.0,24
UA,1881,marine_hw,historical,0.0,0.0,0.0,24
UA,1882,marine_hw,historical,0.0,0.0,0.0,24
UA,1883,marine_hw,historical,0.0,0.0,0.0,24
UA,1884,marine_hw,historical,0.0,0.0,0.0,24
UA,1885,marine_hw,historical,0.0,0.0,0.0,24
UA,1886,marine_hw,historical,0.0,0.0,0.0,24
UA,1887,marine_hw,historical,0.0,0.0,0.0,24
UA,1888,marine_hw,historical,0.0,0.0,0.0,24
UA,1889,marine_hw,historical,0.0,0.0,0.0,24
UA,1890,marine_hw,historical,0.0,0.0,0.0,24
UA,1891,marine_hw,historical,0.0,0.0,0.0,24
UA,1892,marine_hw,historical,0.0,0.0,0.0,24
UA,1893,marine_hw,historical,0.0,0.0,0.0,24
UA,1894,marine_hw,historical,0.0,0.0,0.0,24
UA,1895,marine_hw,historical,0.0,0.0,0.0,24
UA,1896,marine_hw,historical,0.0,0.0,0.0,24
UA,1897,marine_hw,historical,0.0,0.0,0.0,24
UA,1898,marine_hw,historical,0.0,0.0,0.0,24
UA,1899,marine_hw,historical,0.0,0.0,0.0,24
UA,1900,marine_hw,historical,0.0,0.0,0.0,24
UA,1901,marine_hw,historical,0.0,0.0,0.0,24
UA,1902,marine_hw,historical,0.0,0.0,0.0,24
UA,1903,marine_hw,historical,0.0,0.0,0.0,24
UA,1904,marine_hw,historical,0.0,0.0,0.0,24
UA,1905,marine_hw,historical,0.0,0.0,0.0,24
UA,1906,marine_hw,historical,0.0,0.0,0.0,24
UA,1907,marine_hw,historical,0.0,0.0,0.0,24
UA,1908,marine_hw,historical,0.0,0.0,0.0,24
UA,1909,marine_hw,historical,0.0,0.0,0.0,24
UA,1910,marine_hw,historical,0.0,0.0,0.0,24
UA,1911,marine_hw,historical,0.0,0.0,0.0,24
UA,1912,marine_hw,historical,0.0,0.0,0.0,24
UA,1913,marine_hw,historical,0.0,0.0,0.0,24
UA,1914,marine_hw,historical,0.0,0.0,0.0,24
UA,1915,marine_hw,historical,0.0,0.0,0.0,24
UA,1916,marine_hw,historical,0.0,0.0,0.0,24
UA,1917,marine_hw,historical,0.0,0.0,0.0,24
UA,1918,marine_hw,historical,0.0,0.0,0.0,24
UA,1919,marine_hw,historical,0.0,0.0,0.0,24
UA,1920,marine_hw,historical,0.0,0.0,0.0,24
UA,1921,marine_hw,historical,0.0,0.0,0.0,24
UA,1922,marine_hw,historical,0.0,0.0,0.0,24
UA,1923,marine_hw,historical,0.0,0.0,0.0,24
UA,1924,marine_hw,historical,0.0,0.0,0.0,24
UA,1925,marine_hw,historical,0.0,0.0,0.0,24
UA,1926,marine_hw,historical,0.0,0.0,0.0,24
UA,1927,marine_hw,historical,0.0,0.0,0.0,24
UA,1928,marine_hw,historical,0.0,0.0,0.0,24
UA,1929,marine_hw,historical,0.0,0.0,0.0,24
UA,1930,marine_hw,historical,0.0,0.0,0.0,24
UA,1931,marine_hw,historical,0.0,0.0,0.0,24
UA,1932,marine_hw,historical,0.0,0.0,0.0,24
UA,1933,marine_hw,historical,0.0,0.0,0.0,24
UA,1934,marine_hw,historical,0.0,0.0,0.0,24
UA,1935,marine_hw,historical,0.0,0.0,0.0,24
UA,1936,marine_hw,historical,0.0,0.0,0.0,24
UA,1937,marine_hw,historical,0.0,0.0,0.0,24
UA,1938,marine_hw,historical,0.0,0.0,0.0,24
UA,1939,marine_hw,historical,0.0,0.0,0.0,24
UA,1940,marine_hw,historical,0.0,0.0,0.0,24
UA,1941,marine_hw,historical,0.0,0.0,0.0,24
UA,1942,marine_hw,historical,0.0,0.0,0.0,24
UA,1943,marine_hw,historical,0.0,0.0,0.0,24
UA,1944,marine_hw,historical,0.0,0.0,0.0,24
UA,1945,marine_hw,historical,0.0,0.0,0.0,24
UA,1946,marine_hw,historical,0.0,0.0,0.0,24
UA,1947,marine_hw,historical,0.0,0.0,0.0,24
UA,1948,marine_hw,historical,0.0,0.0,0.0,24
UA,1949,marine_hw,historical,0.0,0.0,0.0,24
UA,1950,marine_hw,historical,0.0,0.0,0.0,24
UA,1951,marine_hw,historical,0.0,0.0,0.0,24
UA,1952,marine_hw,historical,0.0,0.0,0.0,24
UA,1953,marine_hw,historical,0.0,0.0,0.0,24
UA,1954,marine_hw,historical,0.0,0.0,0.0,24
UA,1955,marine_hw,historical,0.0,0.0,0.0,24
UA,1956,marine_hw,historical,0.0,0.0,0.0,24
UA,1957,marine_hw,historical,0.0,0.0,0.0,24
UA,1958,marine_hw,historical,0.0,0.0,0.0,24
UA,1959,marine_hw,historical,0.0,0.0,0.0,24
UA,1960,marine_hw,historical,0.0,0.0,0.0,24
UA,1961,marine_hw,historical,0.0,0.0,0.0,24
UA,1962,marine_hw,historical,0.0,0.0,0.0,24
UA,1963,marine_hw,historical,0.0,0.0,0.0,24
UA,1964,marine_hw,historical,0.0,0.0,0.0,24
UA,1965,marine_hw,historical,0.0,0.0,0.0,24
UA,1966,marine_hw,historical,0.0,0.0,0.0,24
UA,1967,marine_hw,historical,0.0,0.0,0.0,24
UA,1968,marine_hw,historical,0.0,0.0,0.0,24
UA,1969,marine_hw,historical,0.0,0.0,0.0,24
UA,1970,marine_hw,historical,0.0,0.0,0.0,24
UA,1971,marine_hw,historical,0.0,0.0,0.0,24
UA,1972,marine_hw,historical,0.0,0.0,0.0,24
UA,1973,marine_hw,historical,0.0,0.0,0.0,24
UA,1974,marine_hw,historical,0.0,0.0,0.0,24
UA,1975,marine_hw,historical,0.0,0.0,0.0,24
UA,1976,marine_hw,historical,0.0,0.0,0.0,24
UA,1977,marine_hw,historical,0.0,0.0,0.0,24
UA,1978,marine_hw,historical,0.0,0.0,0.0,24
UA,1979,marine_hw,historical,0.0,0.0,0.0,24
UA,1980,marine_hw,historical,0.0,0.0,0.0,24
UA,1981,marine_hw,historical,0.0,0.0,0.0,24
UA,1982,marine_hw,historical,0.0,0.0,0.0,24
UA,1983,marine_hw,historical,0.0,0.0,0.0,24
UA,1984,marine_hw,historical,0.0,0.0,0.0,24
UA,1985,marine_hw,historical,0.0,0.0,0.0,24
UA,1986,marine_hw,historical,0.0,0.0,0.0,24
UA,1987,marine_hw,historical,0.0,0.0,0.0,24
UA,1988,marine_hw,historical,0.0,0.0,0.0,24
UA,1989,marine_hw,historical,0.0,0.0,0.0,24
UA,1990,marine_hw,historical,0.0,0.0,0.0,24
UA,1991,marine_hw,historical,0.0,0.0,0.0,24
UA,1992,marine_hw,historical,0.0,0.0,0.0,24
UA,1993,marine_hw,historical,0.0,0.0,0.0,24
UA,1994,marine_hw,historical,0.0,0.0,0.0,24
UA,1995,marine_hw,historical,0.0,0.0,0.0,24
UA,1996,marine_hw,historical,0.0,0.0,0.0,24
UA,1997,marine_hw,historical,0.0,0.0,0.0,24
UA,1998,marine_hw,historical,0.0,0.0,0.0,24
UA,1999,marine_hw,historical,0.0,0.0,0.0,24
UA,2000,marine_hw,historical,0.0,0.0,0.0,24
UA,2001,marine_hw,historical,0.0,0.0,0.0,24
UA,2002,marine_hw,historical,0.0,0.0,0.0,24
UA,2003,marine_hw,historical,0.0,0.0,0.0,24
UA,2004,marine_hw,historical,0.0,0.0,0.0,24
UA,2005,marine_hw,historical,0.0,0.0,0.0,24
UA,2006,marine_hw,historical,0.0,0.0,0.0,24
UA,2007,marine_hw,historical,0.0,0.0,0.0,24
UA,2008,marine_hw,historical,0.0,0.0,0.0,24
UA,2009,marine_hw,historical,0.0,0.0,0.0,24
UA,2010,marine_hw,historical,0.0,0.0,0.0,24
UA,2011,marine_hw,historical,0.0,0.0,0.0,24
UA,2012,marine_hw,historical,0.0,0.0,0.0,24
UA,2013,marine_hw,historical,0.0,0.0,0.0,24
UA,2014,marine_hw,historical,0.0,0.0,0.0,24
VN,1850,marine_hw,historical,0.03041129333,0.2214718,0.0,60
VN,1851,marine_hw,historical,0.04916639658033333,0.24353507,0.0,60
VN,1852,marine_hw,historical,0.06101000998666666,0.2834249,0.0,60
VN,1853,marine_hw,historical,0.06133325368333333,0.24746223,0.0,60
VN,1854,marine_hw,historical,0.04036000908166667,0.20440963,0.0,60
VN,1855,marine_hw,historical,0.01842286849,0.15888867,0.0,60
VN,1856,marine_hw,historical,0.044415315405,0.28476393,0.0,60
VN,1857,marine_hw,historical,0.06313355736833333,0.32485345,0.0,60
VN,1858,marine_hw,historical,0.04693475019666667,0.23880541,0.0,60
VN,1859,marine_hw,historical,0.04631831579666667,0.2239492,0.0,60
VN,1860,marine_hw,historical,0.035943320353333336,0.17674246,0.0,60
VN,1861,marine_hw,historical,0.03454238715666667,0.20485535,0.0,60
VN,1862,marine_hw,historical,0.06837203476166667,0.32475996,0.0,60
VN,1863,marine_hw,historical,0.080578400455,0.3011398,0.0,60
VN,1864,marine_hw,historical,0.04521226884166667,0.20564786,0.0,60
VN,1865,marine_hw,historical,0.038018774261666666,0.18472025,0.0,60
VN,1866,marine_hw,historical,0.046882824451666666,0.26860952,0.0,60
VN,1867,marine_hw,historical,0.06480727449658333,0.32408544,0.0,60
VN,1868,marine_hw,historical,0.08648790802666667,0.36579996,0.0,60
VN,1869,marine_hw,historical,0.03704875932333333,0.18292007,0.0,60
VN,1870,marine_hw,historical,0.03236024080666667,0.2436186,0.0,60
VN,1871,marine_hw,historical,0.06087248218,0.295407,0.0,60
VN,1872,marine_hw,historical,0.058523574423333335,0.28112996,0.0,60
VN,1873,marine_hw,historical,0.06325041837999999,0.26433194,0.0,60
VN,1874,marine_hw,historical,0.024553244264,0.20536917,0.0,60
VN,1875,marine_hw,historical,0.04041780114766667,0.24272802,0.0,60
VN,1876,marine_hw,historical,0.07987805563333333,0.30165,0.0,60
VN,1877,marine_hw,historical,0.04913749136916667,0.24198909,0.0,60
VN,1878,marine_hw,historical,0.024625686433333335,0.16532047,0.0,60
VN,1879,marine_hw,historical,0.027131938031666667,0.1699757,0.0,60
VN,1880,marine_hw,historical,0.07279009462166666,0.32258487,0.0,60
VN,1881,marine_hw,historical,0.07143540759333335,0.26201525,0.0,60
VN,1882,marine_hw,historical,0.037083008676,0.17062113,0.0,60
VN,1883,marine_hw,historical,0.015689172466666665,0.15959041,0.0,60
VN,1884,marine_hw,historical,0.029439463840000003,0.21062173,0.0,60
VN,1885,marine_hw,historical,0.06274733923333334,0.24438204,0.0,60
VN,1886,marine_hw,historical,0.062520224089,0.31297576,0.0,60
VN,1887,marine_hw,historical,0.04305999623166667,0.18760706,0.0,60
VN,1888,marine_hw,historical,0.01579798098,0.1497598,0.0,60
VN,1889,marine_hw,historical,0.02879578052333333,0.20677353,0.0,60
VN,1890,marine_hw,historical,0.07421484541666666,0.33800936,0.0,60
VN,1891,marine_hw,historical,0.060739521754,0.2990473,0.0,60
VN,1892,marine_hw,historical,0.06395274770066667,0.28865385,0.0,60
VN,1893,marine_hw,historical,0.04184958531,0.18480377,0.0,60
VN,1894,marine_hw,historical,0.03948150977333333,0.21633907,0.0,60
VN,1895,marine_hw,historical,0.08128129118446667,0.3556489,0.0,60
VN,1896,marine_hw,historical,0.061950512325000005,0.25291997,0.0,60
VN,1897,marine_hw,historical,0.027001407345,0.2171343,0.0,60
VN,1898,marine_hw,historical,0.027109858110833333,0.16412944,0.0,60
VN,1899,marine_hw,historical,0.07416301361666666,0.32132393,0.0,60
VN,1900,marine_hw,historical,0.05449458903333334,0.2713157,0.0,60
VN,1901,marine_hw,historical,0.05215185506883333,0.2959299,0.0,60
VN,1902,marine_hw,historical,0.06210721583216667,0.28516516,0.0,60
VN,1903,marine_hw,historical,0.0253311228415,0.21136248,0.0,60
VN,1904,marine_hw,historical,0.027741553592500003,0.23284477,0.0,60
VN,1905,marine_hw,historical,0.0234878401735,0.18838233,0.0,60
VN,1906,marine_hw,historical,0.05534744633,0.31583714,0.0,60
VN,1907,marine_hw,historical,0.03870765075666667,0.18352014,0.0,60
VN,1908,marine_hw,historical,0.02548879122833333,0.19432935,0.0,60
VN,1909,marine_hw,historical,0.06884458540999999,0.2891831,0.0,60
VN,1910,marine_hw,historical,0.057569299694833334,0.26515627,0.0,60
VN,1911,marine_hw,historical,0.047613153809999996,0.22286347,0.0,60
VN,1912,marine_hw,historical,0.052414882165,0.26982147,0.0,60
VN,1913,marine_hw,historical,0.047668347816666665,0.21690553,0.0,60
VN,1914,marine_hw,historical,0.08300669265999999,0.34269089,0.0,60
VN,1915,marine_hw,historical,0.04947424858333334,0.2700811,0.0,60
VN,1916,marine_hw,historical,0.04333790328116667,0.23281935,0.0,60
VN,1917,marine_hw,historical,0.03524018229166667,0.23251796,0.0,60
VN,1918,marine_hw,historical,0.03665730509,0.23784314,0.0,60
VN,1919,marine_hw,historical,0.07025426636166668,0.31482768,0.0,60
VN,1920,marine_hw,historical,0.04946077271666667,0.24316558,0.0,60
VN,1921,marine_hw,historical,0.03388370330233333,0.21067801,0.0,60
VN,1922,marine_hw,historical,0.039683787835000005,0.25949156,0.0,60
VN,1923,marine_hw,historical,0.07890650363333333,0.34134373,0.0,60
VN,1924,marine_hw,historical,0.030647526089833333,0.17106234,0.0,60
VN,1925,marine_hw,historical,0.03526997578333334,0.24418595,0.0,60
VN,1926,marine_hw,historical,0.04621929734333333,0.2250903,0.0,60
VN,1927,marine_hw,historical,0.08080806613916666,0.34783453,0.0,60
VN,1928,marine_hw,historical,0.051060449175,0.21596777,0.0,60
VN,1929,marine_hw,historical,0.03174743753083333,0.17600715,0.0,60
VN,1930,marine_hw,historical,0.05462157569216666,0.2473551,0.0,60
VN,1931,marine_hw,historical,0.087441168715,0.37676805,0.0,60
VN,1932,marine_hw,historical,0.07316353945333334,0.30538106,0.0,60
VN,1933,marine_hw,historical,0.043258270637,0.19926599,0.0,60
VN,1934,marine_hw,historical,0.038324680569,0.20860821,0.0,60
VN,1935,marine_hw,historical,0.08687955732333334,0.34641927,0.0,60
VN,1936,marine_hw,historical,0.0711072268925,0.22348712,0.0,60
VN,1937,marine_hw,historical,0.03182350602166666,0.19485408,0.0,60
VN,1938,marine_hw,historical,0.07264119667166667,0.27708298,0.0,60
VN,1939,marine_hw,historical,0.0955819694005,0.35876268,0.0,60
VN,1940,marine_hw,historical,0.05514527106666667,0.26880836,0.0,60
VN,1941,marine_hw,historical,0.045232949544499995,0.2820205,0.0,60
VN,1942,marine_hw,historical,0.06904199272166665,0.28473032,0.0,60
VN,1943,marine_hw,historical,0.044037774360000004,0.24721077,0.0,60
VN,1944,marine_hw,historical,0.07797258820333333,0.30238348,0.0,60
VN,1945,marine_hw,historical,0.05198425197833333,0.2800851,0.0,60
VN,1946,marine_hw,historical,0.049461877725,0.28542024,0.0,60
VN,1947,marine_hw,historical,0.0916868759,0.35079032,0.0,60
VN,1948,marine_hw,historical,0.07915904731666666,0.24159689,0.0,60
VN,1949,marine_hw,historical,0.040421862238333335,0.24751942,0.0,60
VN,1950,marine_hw,historical,0.030713857546666667,0.22162703,0.0,60
VN,1951,marine_hw,historical,0.09103975968333335,0.31739494,0.0,60
VN,1952,marine_hw,historical,0.08263562981166667,0.3760491,0.0,60
VN,1953,marine_hw,historical,0.0392624662,0.2003145,0.0,60
VN,1954,marine_hw,historical,0.029672175855,0.18918392,0.0,60
VN,1955,marine_hw,historical,0.07524748185999999,0.31203252,0.0,60
VN,1956,marine_hw,historical,0.06405543941166666,0.27618062,0.0,60
VN,1957,marine_hw,historical,0.08311353411333333,0.32170337,0.0,60
VN,1958,marine_hw,historical,0.044629330965666666,0.2109204,0.0,60
VN,1959,marine_hw,historical,0.025909876685,0.15698591,0.0,60
VN,1960,marine_hw,historical,0.08665816212166666,0.3033748,0.0,60
VN,1961,marine_hw,historical,0.08756684751666667,0.2886575,0.0,60
VN,1962,marine_hw,historical,0.0633327097835,0.27520746,0.0,60
VN,1963,marine_hw,historical,0.020456502324166667,0.2144109,0.0,60
VN,1964,marine_hw,historical,0.04441877506433333,0.22922535,0.0,60
VN,1965,marine_hw,historical,0.07862338173333333,0.31810486,0.0,60
VN,1966,marine_hw,historical,0.032500209355,0.17955756,0.0,60
VN,1967,marine_hw,historical,0.035962458701666665,0.22570035,0.0,60
VN,1968,marine_hw,historical,0.06604589149833333,0.39418793,0.0,60
VN,1969,marine_hw,historical,0.078174157725,0.32733902,0.0,60
VN,1970,marine_hw,historical,0.04627067962433333,0.20321223,0.0,60
VN,1971,marine_hw,historical,0.036869343353333334,0.2322447,0.0,60
VN,1972,marine_hw,historical,0.0339284825551,0.18148029,0.0,60
VN,1973,marine_hw,historical,0.07609722497333334,0.28795847,0.0,60
VN,1974,marine_hw,historical,0.039438960168333335,0.19929686,0.0,60
VN,1975,marine_hw,historical,0.038195272418333336,0.18596213,0.0,60
VN,1976,marine_hw,historical,0.031250054369999995,0.18842772,0.0,60
VN,1977,marine_hw,historical,0.07585355924333334,0.29012448,0.0,60
VN,1978,marine_hw,historical,0.0469572906,0.27861807,0.0,60
VN,1979,marine_hw,historical,0.07060967352166667,0.32352716,0.0,60
VN,1980,marine_hw,historical,0.09016241548333334,0.30055153,0.0,60
VN,1981,marine_hw,historical,0.077015098105,0.27372047,0.0,60
VN,1982,marine_hw,historical,0.04804732300666667,0.19473152,0.0,60
VN,1983,marine_hw,historical,0.015103767582666665,0.11651782,0.0,60
VN,1984,marine_hw,historical,0.05712708471666667,0.30768597,0.0,60
VN,1985,marine_hw,historical,0.10133557587166667,0.30084294,0.0,60
VN,1986,marine_hw,historical,0.037017563225,0.2537415,0.0,60
VN,1987,marine_hw,historical,0.046914441146666666,0.23236544,0.0,60
VN,1988,marine_hw,historical,0.0760001930975,0.2990228,0.0,60
VN,1989,marine_hw,historical,0.06648627463333333,0.23878998,0.0,60
VN,1990,marine_hw,historical,0.04279826399783333,0.21190354,0.0,60
VN,1991,marine_hw,historical,0.04592620805166667,0.21854323,0.0,60
VN,1992,marine_hw,historical,0.033137774551666666,0.25568694,0.0,60
VN,1993,marine_hw,historical,0.07514742766666666,0.29344523,0.0,60
VN,1994,marine_hw,historical,0.09409636437499999,0.3435397,0.0,60
VN,1995,marine_hw,historical,0.05547269195,0.24903001,0.0,60
VN,1996,marine_hw,historical,0.04587008299766667,0.22259203,0.0,60
VN,1997,marine_hw,historical,0.09511448395,0.36248833,0.0,60
VN,1998,marine_hw,historical,0.08837480417833334,0.2923332,0.0,60
VN,1999,marine_hw,historical,0.038933318291666665,0.20490074,0.0,60
VN,2000,marine_hw,historical,0.0575731124,0.2812289,0.0,60
VN,2001,marine_hw,historical,0.07546313543833333,0.29240674,0.0,60
VN,2002,marine_hw,historical,0.11741563044,0.38898438,0.0,60
VN,2003,marine_hw,historical,0.08527418643833333,0.30567974,0.0,60
VN,2004,marine_hw,historical,0.04585533152916667,0.2123393,0.0,60
VN,2005,marine_hw,historical,0.045589267196666665,0.21895626,0.0,60
VN,2006,marine_hw,historical,0.08229871757666667,0.31995225,0.0,60
VN,2007,marine_hw,historical,0.08590851263333334,0.31377643,0.0,60
VN,2008,marine_hw,historical,0.07579396987616667,0.27511305,0.0,60
VN,2009,marine_hw,historical,0.10543304878833333,0.37975836,0.0,60
VN,2010,marine_hw,historical,0.09789687629083334,0.36012527,0.0,60
VN,2011,marine_hw,historical,0.08580450756666667,0.2697788,0.0,60
VN,2012,marine_hw,historical,0.061777129896666665,0.24785441,0.0,60
VN,2013,marine_hw,historical,0.07829054507833333,0.27439225,0.0,60
VN,2014,marine_hw,historical,0.08993124238666667,0.34839827,0.0,60
VU,1850,marine_hw,historical,0.013363700822916666,0.10333287,0.0,48
VU,1851,marine_hw,historical,0.02316908340625,0.18551004,0.0,48
VU,1852,marine_hw,historical,0.02287242946875,0.16909239,0.0,48
VU,1853,marine_hw,historical,0.0253862613575,0.19479051,0.0,48
VU,1854,marine_hw,historical,0.03382407434583334,0.17430137,0.0,48
VU,1855,marine_hw,historical,0.030299678258333334,0.17425054,0.0,48
VU,1856,marine_hw,historical,0.0174572161503125,0.14490032,0.0,48
VU,1857,marine_hw,historical,0.03467807844791667,0.17305042,0.0,48
VU,1858,marine_hw,historical,0.03442596635375,0.2182509,0.0,48
VU,1859,marine_hw,historical,0.03955128338125,0.26164487,0.0,48
VU,1860,marine_hw,historical,0.01918465211875,0.11264785,0.0,48
VU,1861,marine_hw,historical,0.028248562115541664,0.17780912,0.0,48
VU,1862,marine_hw,historical,0.030491768322916668,0.19746673,0.0,48
VU,1863,marine_hw,historical,0.022241335749999997,0.21317628,0.0,48
VU,1864,marine_hw,historical,0.035086216993749995,0.18278208,0.0,48
VU,1865,marine_hw,historical,0.030400856819791666,0.1795957,0.0,48
VU,1866,marine_hw,historical,0.024000194206250002,0.17933333,0.0,48
VU,1867,marine_hw,historical,0.026662077808333334,0.19748306,0.0,48
VU,1868,marine_hw,historical,0.03394930761916667,0.17529088,0.0,48
VU,1869,marine_hw,historical,0.03421107017083334,0.17722179,0.0,48
VU,1870,marine_hw,historical,0.027126894625,0.17842008,0.0,48
VU,1871,marine_hw,historical,0.0144468697125,0.14317186,0.0,48
VU,1872,marine_hw,historical,0.031084215677083332,0.19706456,0.0,48
VU,1873,marine_hw,historical,0.02608935571458333,0.1837144,0.0,48
VU,1874,marine_hw,historical,0.03636245164166667,0.14855786,0.0,48
VU,1875,marine_hw,historical,0.016119498902083335,0.13732287,0.0,48
VU,1876,marine_hw,historical,0.035397137593749996,0.19429031,0.0,48
VU,1877,marine_hw,historical,0.027540843131250003,0.16577345,0.0,48
VU,1878,marine_hw,historical,0.014420745497916667,0.1043841,0.0,48
VU,1879,marine_hw,historical,0.018877486562916667,0.10229252,0.0,48
VU,1880,marine_hw,historical,0.031229069622916664,0.15988907,0.0,48
VU,1881,marine_hw,historical,0.0354640286375,0.20665461,0.0,48
VU,1882,marine_hw,historical,0.02924281969791667,0.15507953,0.0,48
VU,1883,marine_hw,historical,0.036309901389583336,0.1802257,0.0,48
VU,1884,marine_hw,historical,0.02102028557916667,0.15403555,0.0,48
VU,1885,marine_hw,historical,0.014900445356666667,0.13792838,0.0,48
VU,1886,marine_hw,historical,0.030221883008270833,0.20128495,0.0,48
VU,1887,marine_hw,historical,0.0342186606125,0.1876461,0.0,48
VU,1888,marine_hw,historical,0.019548773583333335,0.13444242,0.0,48
VU,1889,marine_hw,historical,0.030716710128333335,0.15588294,0.0,48
VU,1890,marine_hw,historical,0.03213537844883333,0.18302901,0.0,48
VU,1891,marine_hw,historical,0.014371089416666668,0.16581886,0.0,48
VU,1892,marine_hw,historical,0.027300652258333336,0.19504562,0.0,48
VU,1893,marine_hw,historical,0.03851989437916666,0.23858391,0.0,48
VU,1894,marine_hw,historical,0.0230424074375,0.16361016,0.0,48
VU,1895,marine_hw,historical,0.03037135503541667,0.223311,0.0,48
VU,1896,marine_hw,historical,0.028995525247916668,0.16438726,0.0,48
VU,1897,marine_hw,historical,0.031215660583333332,0.16910148,0.0,48
VU,1898,marine_hw,historical,0.029829793523958332,0.16961166,0.0,48
VU,1899,marine_hw,historical,0.02200586158333333,0.18662754,0.0,48
VU,1900,marine_hw,historical,0.022319424145833336,0.19611591,0.0,48
VU,1901,marine_hw,historical,0.03086955937083333,0.19314195,0.0,48
VU,1902,marine_hw,historical,0.024724886191666667,0.12549874,0.0,48
VU,1903,marine_hw,historical,0.03638492824166666,0.22666626,0.0,48
VU,1904,marine_hw,historical,0.022872012425,0.17069921,0.0,48
VU,1905,marine_hw,historical,0.03302515508541667,0.19078529,0.0,48
VU,1906,marine_hw,historical,0.021079020913958333,0.13337393,0.0,48
VU,1907,marine_hw,historical,0.024708121820833335,0.16917592,0.0,48
VU,1908,marine_hw,historical,0.03586408287916667,0.23212397,0.0,48
VU,1909,marine_hw,historical,0.03257367537083333,0.2125018,0.0,48
VU,1910,marine_hw,historical,0.03764118691875,0.22040966,0.0,48
VU,1911,marine_hw,historical,0.024044825822916668,0.1330081,0.0,48
VU,1912,marine_hw,historical,0.02987588854354167,0.19019976,0.0,48
VU,1913,marine_hw,historical,0.02409956506875,0.19056651,0.0,48
VU,1914,marine_hw,historical,0.02408168909375,0.14224046,0.0,48
VU,1915,marine_hw,historical,0.0266564107375,0.20372058,0.0,48
VU,1916,marine_hw,historical,0.02875610815833333,0.15843749,0.0,48
VU,1917,marine_hw,historical,0.023542693245833333,0.13830695,0.0,48
VU,1918,marine_hw,historical,0.03170407897916667,0.20748433,0.0,48
VU,1919,marine_hw,historical,0.03575287687083333,0.20931357,0.0,48
VU,1920,marine_hw,historical,0.036817439884375004,0.26912242,0.0,48
VU,1921,marine_hw,historical,0.03542641035625,0.19278699,0.0,48
VU,1922,marine_hw,historical,0.0312869506875,0.15858638,0.0,48
VU,1923,marine_hw,historical,0.03967559245833333,0.23025207,0.0,48
VU,1924,marine_hw,historical,0.04757447934166667,0.1984535,0.0,48
VU,1925,marine_hw,historical,0.050117421395833334,0.21467325,0.0,48
VU,1926,marine_hw,historical,0.03294664646875,0.21357118,0.0,48
VU,1927,marine_hw,historical,0.03743584572916667,0.25924188,0.0,48
VU,1928,marine_hw,historical,0.04718966791666667,0.20058776,0.0,48
VU,1929,marine_hw,historical,0.03322862796666667,0.15058589,0.0,48
VU,1930,marine_hw,historical,0.0464191075625,0.22593729,0.0,48
VU,1931,marine_hw,historical,0.027390950872916667,0.23129243,0.0,48
VU,1932,marine_hw,historical,0.04746159603125,0.26538867,0.0,48
VU,1933,marine_hw,historical,0.04263648337708333,0.23582509,0.0,48
VU,1934,marine_hw,historical,0.02010322106875,0.17132378,0.0,48
VU,1935,marine_hw,historical,0.024936008666666665,0.2144109,0.0,48
VU,1936,marine_hw,historical,0.035600154937499996,0.26264346,0.0,48
VU,1937,marine_hw,historical,0.03215839077083333,0.18408388,0.0,48
VU,1938,marine_hw,historical,0.022873266510416667,0.17210722,0.0,48
VU,1939,marine_hw,historical,0.04590541828333333,0.21423115,0.0,48
VU,1940,marine_hw,historical,0.045867356260416665,0.24282517,0.0,48
VU,1941,marine_hw,historical,0.041649409139583336,0.2271029,0.0,48
VU,1942,marine_hw,historical,0.026701255372916666,0.15729639,0.0,48
VU,1943,marine_hw,historical,0.04350823156458333,0.21841703,0.0,48
VU,1944,marine_hw,historical,0.02120900961875,0.16918227,0.0,48
VU,1945,marine_hw,historical,0.048924270422916666,0.24359226,0.0,48
VU,1946,marine_hw,historical,0.03162530625625,0.23839326,0.0,48
VU,1947,marine_hw,historical,0.04256354197916667,0.22128025,0.0,48
VU,1948,marine_hw,historical,0.031084404998958332,0.17326012,0.0,48
VU,1949,marine_hw,historical,0.04978029191041666,0.20412003,0.0,48
VU,1950,marine_hw,historical,0.025565279124999996,0.17019355,0.0,48
VU,1951,marine_hw,historical,0.021488526041666667,0.1923694,0.0,48
VU,1952,marine_hw,historical,0.04274514546875,0.25746894,0.0,48
VU,1953,marine_hw,historical,0.028157227562499998,0.19079073,0.0,48
VU,1954,marine_hw,historical,0.028626058193749998,0.18704605,0.0,48
VU,1955,marine_hw,historical,0.026527224714583336,0.20019376,0.0,48
VU,1956,marine_hw,historical,0.03010513466666667,0.20730096,0.0,48
VU,1957,marine_hw,historical,0.03311785501825,0.2228099,0.0,48
VU,1958,marine_hw,historical,0.042565424912500004,0.21531688,0.0,48
VU,1959,marine_hw,historical,0.0296690794375,0.20662466,0.0,48
VU,1960,marine_hw,historical,0.02431239791041667,0.20268206,0.0,48
VU,1961,marine_hw,historical,0.040458165675,0.26775256,0.0,48
VU,1962,marine_hw,historical,0.04378961835651458,0.23544018,0.0,48
VU,1963,marine_hw,historical,0.028783331735416667,0.118613034,0.0,48
VU,1964,marine_hw,historical,0.02153143261875,0.15421529,0.0,48
VU,1965,marine_hw,historical,0.0449154738125,0.22922897,0.0,48
VU,1966,marine_hw,historical,0.03226096656,0.15725464,0.0,48
VU,1967,marine_hw,historical,0.02591874091041667,0.17266643,0.0,48
VU,1968,marine_hw,historical,0.0296063470478125,0.1921461,0.0,48
VU,1969,marine_hw,historical,0.03532718198541667,0.23576427,0.0,48
VU,1970,marine_hw,historical,0.03429668961041667,0.18230096,0.0,48
VU,1971,marine_hw,historical,0.03184794861958334,0.17301774,0.0,48
VU,1972,marine_hw,historical,0.027565248291666667,0.15913107,0.0,48
VU,1973,marine_hw,historical,0.039430899250000005,0.19881481,0.0,48
VU,1974,marine_hw,historical,0.0342136341875,0.2101905,0.0,48
VU,1975,marine_hw,historical,0.0272010873125,0.18522316,0.0,48
VU,1976,marine_hw,historical,0.037407936375,0.24797061,0.0,48
VU,1977,marine_hw,historical,0.0345896345,0.18277663,0.0,48
VU,1978,marine_hw,historical,0.03383421499375,0.20550443,0.0,48
VU,1979,marine_hw,historical,0.03868349973604167,0.19248651,0.0,48
VU,1980,marine_hw,historical,0.03305007743333333,0.2470873,0.0,48
VU,1981,marine_hw,historical,0.039939456929166665,0.18295366,0.0,48
VU,1982,marine_hw,historical,0.04902274123333333,0.22395828,0.0,48
VU,1983,marine_hw,historical,0.027760189152083333,0.14915611,0.0,48
VU,1984,marine_hw,historical,0.0213518206375,0.22458011,0.0,48
VU,1985,marine_hw,historical,0.04927999848333333,0.23784041,0.0,48
VU,1986,marine_hw,historical,0.03303914177916666,0.18389052,0.0,48
VU,1987,marine_hw,historical,0.03914718477895834,0.18716407,0.0,48
VU,1988,marine_hw,historical,0.04104641912083334,0.24037409,0.0,48
VU,1989,marine_hw,historical,0.0325676205125,0.196194,0.0,48
VU,1990,marine_hw,historical,0.04832761095833333,0.22635216,0.0,48
VU,1991,marine_hw,historical,0.037478126333958334,0.22422425,0.0,48
VU,1992,marine_hw,historical,0.027099639118333334,0.2036407,0.0,48
VU,1993,marine_hw,historical,0.030069106285416664,0.2100144,0.0,48
VU,1994,marine_hw,historical,0.0607772221625,0.25129133,0.0,48
VU,1995,marine_hw,historical,0.04054826660416667,0.2091193,0.0,48
VU,1996,marine_hw,historical,0.03364894865333334,0.17036787,0.0,48
VU,1997,marine_hw,historical,0.04018474438125,0.22904834,0.0,48
VU,1998,marine_hw,historical,0.0491306131625,0.22929071,0.0,48
VU,1999,marine_hw,historical,0.04717209100625,0.20820151,0.0,48
VU,2000,marine_hw,historical,0.04733192469375,0.277398,0.0,48
VU,2001,marine_hw,historical,0.02768884713625,0.19111936,0.0,48
VU,2002,marine_hw,historical,0.08888600241666667,0.3090132,0.0,48
VU,2003,marine_hw,historical,0.05934190643125,0.29381472,0.0,48
VU,2004,marine_hw,historical,0.05091177334791667,0.22459191,0.0,48
VU,2005,marine_hw,historical,0.03169158470208334,0.19164589,0.0,48
VU,2006,marine_hw,historical,0.05917945462708333,0.25892597,0.0,48
VU,2007,marine_hw,historical,0.05376303974375,0.2661149,0.0,48
VU,2008,marine_hw,historical,0.05347449902083334,0.25870627,0.0,48
VU,2009,marine_hw,historical,0.04436915557291667,0.26048923,0.0,48
VU,2010,marine_hw,historical,0.05500263626779167,0.27614796,0.0,48
VU,2011,marine_hw,historical,0.08335698060416667,0.305539,0.0,48
VU,2012,marine_hw,historical,0.05752651995625,0.23452511,0.0,48
VU,2013,marine_hw,historical,0.042057238957916666,0.24046125,0.0,48
VU,2014,marine_hw,historical,0.08026792339583333,0.295919,0.0,48
YE,1850,marine_hw,historical,0.07201543702802084,0.5758219,0.0,96
YE,1851,marine_hw,historical,0.07718073620239584,0.583422,0.0,96
YE,1852,marine_hw,historical,0.11063151713791668,0.6217277,0.0,96
YE,1853,marine_hw,historical,0.09265244277666666,0.5622859,0.0,96
YE,1854,marine_hw,historical,0.075942918521875,0.49491957,0.0,96
YE,1855,marine_hw,historical,0.05001732385520833,0.49792743,0.0,96
YE,1856,marine_hw,historical,0.09809096493229168,0.5349356,0.0,96
YE,1857,marine_hw,historical,0.09659612853302084,0.5940106,0.0,96
YE,1858,marine_hw,historical,0.08881301960985416,0.5348726,0.0,96
YE,1859,marine_hw,historical,0.07087780329895833,0.54431504,0.0,96
YE,1860,marine_hw,historical,0.03922488835666667,0.36668682,0.0,96
YE,1861,marine_hw,historical,0.055183963993958335,0.534127,0.0,96
YE,1862,marine_hw,historical,0.10667137838541667,0.5773446,0.0,96
YE,1863,marine_hw,historical,0.08768431168125,0.5563573,0.0,96
YE,1864,marine_hw,historical,0.05414846641892709,0.44928968,0.0,96
YE,1865,marine_hw,historical,0.06702147983645833,0.5527782,0.0,96
YE,1866,marine_hw,historical,0.07585508172552084,0.5518014,0.0,96
YE,1867,marine_hw,historical,0.09788887687604166,0.5581644,0.0,96
YE,1868,marine_hw,historical,0.10192722096516667,0.5582141,0.0,96
YE,1869,marine_hw,historical,0.06097482423229167,0.54832625,0.0,96
YE,1870,marine_hw,historical,0.06728478690937499,0.47580847,0.0,96
YE,1871,marine_hw,historical,0.10986558042197918,0.5731747,0.0,96
YE,1872,marine_hw,historical,0.11673458640489583,0.593702,0.0,96
YE,1873,marine_hw,historical,0.06709235984791667,0.49554777,0.0,96
YE,1874,marine_hw,historical,0.046935278153125,0.4769257,0.0,96
YE,1875,marine_hw,historical,0.08920581506145835,0.5597767,0.0,96
YE,1876,marine_hw,historical,0.105805388425,0.54099005,0.0,96
YE,1877,marine_hw,historical,0.06676091074614583,0.44746923,0.0,96
YE,1878,marine_hw,historical,0.045864042593749994,0.4321709,0.0,96
YE,1879,marine_hw,historical,0.07485368028854167,0.49030304,0.0,96
YE,1880,marine_hw,historical,0.12318568711458333,0.58160037,0.0,96
YE,1881,marine_hw,historical,0.110760941509375,0.5834329,0.0,96
YE,1882,marine_hw,historical,0.06631703282916666,0.50098854,0.0,96
YE,1883,marine_hw,historical,0.046586011791666666,0.42344627,0.0,96
YE,1884,marine_hw,historical,0.06289369723125,0.45722628,0.0,96
YE,1885,marine_hw,historical,0.09882916659625,0.5484316,0.0,96
YE,1886,marine_hw,historical,0.126749077459375,0.63020897,0.0,96
YE,1887,marine_hw,historical,0.06474291477291667,0.45608005,0.0,96
YE,1888,marine_hw,historical,0.05179939556145833,0.44353175,0.0,96
YE,1889,marine_hw,historical,0.06085253084375,0.509885,0.0,96
YE,1890,marine_hw,historical,0.11378958190791666,0.6091395,0.0,96
YE,1891,marine_hw,historical,0.12039781958333333,0.61745137,0.0,96
YE,1892,marine_hw,historical,0.09178942983541666,0.58746713,0.0,96
YE,1893,marine_hw,historical,0.07634554890729167,0.5229755,0.0,96
YE,1894,marine_hw,historical,0.07784238020624999,0.55611163,0.0,96
YE,1895,marine_hw,historical,0.11858062761833334,0.6006339,0.0,96
YE,1896,marine_hw,historical,0.09201089714895833,0.48551345,0.0,96
YE,1897,marine_hw,historical,0.06427660028125,0.4624819,0.0,96
YE,1898,marine_hw,historical,0.08726359453958334,0.5235444,0.0,96
YE,1899,marine_hw,historical,0.10433826619374999,0.5817202,0.0,96
YE,1900,marine_hw,historical,0.10934289720270833,0.5665102,0.0,96
YE,1901,marine_hw,historical,0.09049636804375,0.53636384,0.0,96
YE,1902,marine_hw,historical,0.11221041059374999,0.580258,0.0,96
YE,1903,marine_hw,historical,0.06060887479583333,0.48466983,0.0,96
YE,1904,marine_hw,historical,0.05514688617916667,0.5009437,0.0,96
YE,1905,marine_hw,historical,0.07975674873645834,0.50021267,0.0,96
YE,1906,marine_hw,historical,0.09665854576666666,0.5430804,0.0,96
YE,1907,marine_hw,historical,0.0804959266796875,0.54421455,0.0,96
YE,1908,marine_hw,historical,0.08720780774270832,0.5619506,0.0,96
YE,1909,marine_hw,historical,0.11137074846072915,0.5788406,0.0,96
YE,1910,marine_hw,historical,0.07876204766489583,0.52419686,0.0,96
YE,1911,marine_hw,historical,0.10286868336937499,0.5457639,0.0,96
YE,1912,marine_hw,historical,0.09072545985697916,0.54767627,0.0,96
YE,1913,marine_hw,historical,0.092960139924375,0.56824714,0.0,96
YE,1914,marine_hw,historical,0.107654080346875,0.5614591,0.0,96
YE,1915,marine_hw,historical,0.084728799415,0.5000505,0.0,96
YE,1916,marine_hw,historical,0.06597712330208333,0.56586504,0.0,96
YE,1917,marine_hw,historical,0.07946579405208333,0.54291576,0.0,96
YE,1918,marine_hw,historical,0.08831801906770832,0.5389202,0.0,96
YE,1919,marine_hw,historical,0.11947122912416668,0.6204882,0.0,96
YE,1920,marine_hw,historical,0.0827518755859375,0.46713105,0.0,96
YE,1921,marine_hw,historical,0.052494993161458336,0.5271514,0.0,96
YE,1922,marine_hw,historical,0.080933848075,0.5313128,0.0,96
YE,1923,marine_hw,historical,0.13889154236586457,0.6238968,0.0,96
YE,1924,marine_hw,historical,0.085145655653125,0.48173702,0.0,96
YE,1925,marine_hw,historical,0.07627805738229167,0.56652474,0.0,96
YE,1926,marine_hw,historical,0.11806580509270832,0.5801236,0.0,96
YE,1927,marine_hw,historical,0.11438636096239584,0.5918767,0.0,96
YE,1928,marine_hw,historical,0.09162038725520834,0.5424256,0.0,96
YE,1929,marine_hw,historical,0.06136556738437501,0.47456416,0.0,96
YE,1930,marine_hw,historical,0.09842043656979166,0.5843322,0.0,96
YE,1931,marine_hw,historical,0.145429832865625,0.54022866,0.0,96
YE,1932,marine_hw,historical,0.11418222413479168,0.59308225,0.0,96
YE,1933,marine_hw,historical,0.07033824706104166,0.5516101,0.0,96
YE,1934,marine_hw,historical,0.07580291564062501,0.5786276,0.0,96
YE,1935,marine_hw,historical,0.12781152671770832,0.62645435,0.0,96
YE,1936,marine_hw,historical,0.09196887388750001,0.5285519,0.0,96
YE,1937,marine_hw,historical,0.07936175345520834,0.52440625,0.0,96
YE,1938,marine_hw,historical,0.11670124067916667,0.5582649,0.0,96
YE,1939,marine_hw,historical,0.126222574728125,0.5572748,0.0,96
YE,1940,marine_hw,historical,0.080300321250625,0.51944727,0.0,96
YE,1941,marine_hw,historical,0.060174697039583336,0.43344185,0.0,96
YE,1942,marine_hw,historical,0.08324078763020833,0.47877273,0.0,96
YE,1943,marine_hw,historical,0.0922534191875,0.53712034,0.0,96
YE,1944,marine_hw,historical,0.12169007530208333,0.6196845,0.0,96
YE,1945,marine_hw,historical,0.09186376188760416,0.6036963,0.0,96
YE,1946,marine_hw,historical,0.10489337261458333,0.5607257,0.0,96
YE,1947,marine_hw,historical,0.15588630093125,0.63757914,0.0,96
YE,1948,marine_hw,historical,0.07698579429479167,0.49886426,0.0,96
YE,1949,marine_hw,historical,0.05577887226666667,0.5295093,0.0,96
YE,1950,marine_hw,historical,0.08173513546354166,0.512698,0.0,96
YE,1951,marine_hw,historical,0.14174519591458334,0.61621314,0.0,96
YE,1952,marine_hw,historical,0.13034548515208333,0.56614345,0.0,96
YE,1953,marine_hw,historical,0.08395183827708334,0.5406257,0.0,96
YE,1954,marine_hw,historical,0.08602587078020833,0.5407528,0.0,96
YE,1955,marine_hw,historical,0.11477514065625,0.57931143,0.0,96
YE,1956,marine_hw,historical,0.12244237090208333,0.61350304,0.0,96
YE,1957,marine_hw,historical,0.11489433829583334,0.59911615,0.0,96
YE,1958,marine_hw,historical,0.10766712136770834,0.62016386,0.0,96
YE,1959,marine_hw,historical,0.09566297240520832,0.5393971,0.0,96
YE,1960,marine_hw,historical,0.12534685840104168,0.6027824,0.0,96
YE,1961,marine_hw,historical,0.148220663375,0.67607003,0.0,96
YE,1962,marine_hw,historical,0.09054447079208333,0.5131168,0.0,96
YE,1963,marine_hw,historical,0.05193264482604167,0.48516488,0.0,96
YE,1964,marine_hw,historical,0.11250143814010416,0.5672982,0.0,96
YE,1965,marine_hw,historical,0.13231993983333332,0.5310635,0.0,96
YE,1966,marine_hw,historical,0.06216518940833333,0.4963224,0.0,96
YE,1967,marine_hw,historical,0.061148411426770834,0.51049626,0.0,96
YE,1968,marine_hw,historical,0.11662848444166667,0.6110459,0.0,96
YE,1969,marine_hw,historical,0.13932739400916666,0.6431785,0.0,96
YE,1970,marine_hw,historical,0.08287724439354167,0.534242,0.0,96
YE,1971,marine_hw,historical,0.06074154777666666,0.51016706,0.0,96
YE,1972,marine_hw,historical,0.08636207907916667,0.53441995,0.0,96
YE,1973,marine_hw,historical,0.1303161594909375,0.51639456,0.0,96
YE,1974,marine_hw,historical,0.09643188248020834,0.58790416,0.0,96
YE,1975,marine_hw,historical,0.07899621032604166,0.53799546,0.0,96
YE,1976,marine_hw,historical,0.10467090612604167,0.5813401,0.0,96
YE,1977,marine_hw,historical,0.125908182165625,0.56529135,0.0,96
YE,1978,marine_hw,historical,0.10819922604791667,0.6004246,0.0,96
YE,1979,marine_hw,historical,0.10154877494999999,0.57588845,0.0,96
YE,1980,marine_hw,historical,0.12732294074135417,0.5710831,0.0,96
YE,1981,marine_hw,historical,0.1285511747575,0.61339647,0.0,96
YE,1982,marine_hw,historical,0.0774947531171875,0.50451326,0.0,96
YE,1983,marine_hw,historical,0.061473889354166665,0.52374417,0.0,96
YE,1984,marine_hw,historical,0.12190491721875,0.557132,0.0,96
YE,1985,marine_hw,historical,0.13934740976041668,0.58657026,0.0,96
YE,1986,marine_hw,historical,0.07733133332083333,0.4544787,0.0,96
YE,1987,marine_hw,historical,0.09672624112947918,0.5398825,0.0,96
YE,1988,marine_hw,historical,0.13577804081770833,0.63209724,0.0,96
YE,1989,marine_hw,historical,0.11486877091979165,0.60963815,0.0,96
YE,1990,marine_hw,historical,0.113017715264375,0.5833106,0.0,96
YE,1991,marine_hw,historical,0.09245145299177084,0.5471256,0.0,96
YE,1992,marine_hw,historical,0.06322283363604167,0.50594276,0.0,96
YE,1993,marine_hw,historical,0.12279310908229167,0.5679252,0.0,96
YE,1994,marine_hw,historical,0.144887062561875,0.55578357,0.0,96
YE,1995,marine_hw,historical,0.09553752632395834,0.52565295,0.0,96
YE,1996,marine_hw,historical,0.09797504394791667,0.5226705,0.0,96
YE,1997,marine_hw,historical,0.16948037492916668,0.65477055,0.0,96
YE,1998,marine_hw,historical,0.12780305126458333,0.5979263,0.0,96
YE,1999,marine_hw,historical,0.10373183880416666,0.56930745,0.0,96
YE,2000,marine_hw,historical,0.12185266836770835,0.59341025,0.0,96
YE,2001,marine_hw,historical,0.16290531586354168,0.6443308,0.0,96
YE,2002,marine_hw,historical,0.19390715622083332,0.6747919,0.0,96
YE,2003,marine_hw,historical,0.10672152042604166,0.52215856,0.0,96
YE,2004,marine_hw,historical,0.08513866075104166,0.50808996,0.0,96
YE,2005,marine_hw,historical,0.11777068523229167,0.57674414,0.0,96
YE,2006,marine_hw,historical,0.13925806004895833,0.63196653,0.0,96
YE,2007,marine_hw,historical,0.15864719903333332,0.5972908,0.0,96
YE,2008,marine_hw,historical,0.15909918421354166,0.6818873,0.0,96
YE,2009,marine_hw,historical,0.16124801746979167,0.61767286,0.0,96
YE,2010,marine_hw,historical,0.17512587023690626,0.59186095,0.0,96
YE,2011,marine_hw,historical,0.13441489157479167,0.5730621,0.0,96
YE,2012,marine_hw,historical,0.094492894503125,0.50319386,0.0,96
YE,2013,marine_hw,historical,0.14555559170260415,0.63412344,0.0,96
YE,2014,marine_hw,historical,0.1817503150596875,0.6412237,0.0,96
ZA,1850,marine_hw,historical,6.562700935028248e-05,0.033405535,0.0,708
ZA,1851,marine_hw,historical,2.6869340395480225e-05,0.010530303,0.0,708
ZA,1852,marine_hw,historical,4.767468502824858e-05,0.01773199,0.0,708
ZA,1853,marine_hw,historical,0.00012473344491525424,0.0564795,0.0,708
ZA,1854,marine_hw,historical,7.922387598870056e-05,0.03423224,0.0,708
ZA,1855,marine_hw,historical,7.575710028248587e-05,0.04180817,0.0,708
ZA,1856,marine_hw,historical,4.869361384180791e-05,0.013821396,0.0,708
ZA,1857,marine_hw,historical,0.00014829500282485876,0.051418792,0.0,708
ZA,1858,marine_hw,historical,0.0002306108234463277,0.08118146,0.0,708
ZA,1859,marine_hw,historical,6.352279378531073e-06,0.0025500979,0.0,708
ZA,1860,marine_hw,historical,3.335016002824859e-05,0.009858527,0.0,708
ZA,1861,marine_hw,historical,6.228364420903955e-05,0.042542886,0.0,708
ZA,1862,marine_hw,historical,3.711504661016949e-05,0.013932753,0.0,708
ZA,1863,marine_hw,historical,0.00027610796850282486,0.065502845,0.0,708
ZA,1864,marine_hw,historical,1.526363559322034e-06,0.0010806654,0.0,708
ZA,1865,marine_hw,historical,0.0,0.0,0.0,708
ZA,1866,marine_hw,historical,2.900806638418079e-05,0.013632573,0.0,708
ZA,1867,marine_hw,historical,4.466266807909605e-05,0.013108467,0.0,708
ZA,1868,marine_hw,historical,5.920975988700564e-05,0.027323244,0.0,708
ZA,1869,marine_hw,historical,0.00010708853107344633,0.034238294,0.0,708
ZA,1870,marine_hw,historical,0.0,0.0,0.0,708
ZA,1871,marine_hw,historical,9.340683050847458e-06,0.006036067,0.0,708
ZA,1872,marine_hw,historical,0.0001901567622881356,0.09311825,0.0,708
ZA,1873,marine_hw,historical,0.0001094122175141243,0.045405496,0.0,708
ZA,1874,marine_hw,historical,1.633502824858757e-05,0.0115652,0.0,708
ZA,1875,marine_hw,historical,4.490201172316384e-05,0.018033607,0.0,708
ZA,1876,marine_hw,historical,0.00011753597175141243,0.044887442,0.0,708
ZA,1877,marine_hw,historical,0.00011735817514124292,0.044117626,0.0,708
ZA,1878,marine_hw,historical,3.405997104519774e-05,0.013956961,0.0,708
ZA,1879,marine_hw,historical,9.024724293785311e-06,0.0063895048,0.0,708
ZA,1880,marine_hw,historical,4.449341723163842e-05,0.013967856,0.0,708
ZA,1881,marine_hw,historical,0.00014000306581920903,0.04093668,0.0,708
ZA,1882,marine_hw,historical,0.00017385549604519778,0.08157461,0.0,708
ZA,1883,marine_hw,historical,1.0793852683615818e-05,0.005504698,0.0,708
ZA,1884,marine_hw,historical,5.0297550847457623e-05,0.013453432,0.0,708
ZA,1885,marine_hw,historical,0.00011081783389830507,0.07185649,0.0,708
ZA,1886,marine_hw,historical,3.928593601694915e-05,0.019012826,0.0,708
ZA,1887,marine_hw,historical,0.0002311602447740113,0.09008136,0.0,708
ZA,1888,marine_hw,historical,4.696722457627119e-05,0.020662382,0.0,708
ZA,1889,marine_hw,historical,0.00015917839265536723,0.06898276,0.0,708
ZA,1890,marine_hw,historical,3.8799018361581914e-05,0.017222637,0.0,708
ZA,1891,marine_hw,historical,0.00011560549971751412,0.044877756,0.0,708
ZA,1892,marine_hw,historical,0.0002609050974152542,0.09040573,0.0,708
ZA,1893,marine_hw,historical,3.064726446327683e-05,0.020764057,0.0,708
ZA,1894,marine_hw,historical,0.00010100434419491524,0.048552554,0.0,708
ZA,1895,marine_hw,historical,7.52649188841808e-05,0.044480745,0.0,708
ZA,1896,marine_hw,historical,0.00023941565112994349,0.061634615,0.0,708
ZA,1897,marine_hw,historical,4.5782782485875706e-05,0.03241421,0.0,708
ZA,1898,marine_hw,historical,6.660041666666667e-05,0.029206635,0.0,708
ZA,1899,marine_hw,historical,5.564693079096046e-05,0.024137458,0.0,708
ZA,1900,marine_hw,historical,0.0003116252540960452,0.083972424,0.0,708
ZA,1901,marine_hw,historical,8.637176624293785e-05,0.021488106,0.0,708
ZA,1902,marine_hw,historical,0.00022564610310734463,0.07606144,0.0,708
ZA,1903,marine_hw,historical,6.305777966101694e-05,0.02569525,0.0,708
ZA,1904,marine_hw,historical,1.9837384322033897e-05,0.011494997,0.0,708
ZA,1905,marine_hw,historical,4.8196759887005645e-05,0.01734973,0.0,708
ZA,1906,marine_hw,historical,3.556240042372881e-05,0.011415109,0.0,708
ZA,1907,marine_hw,historical,4.270291525423729e-06,0.0030233664,0.0,708
ZA,1908,marine_hw,historical,6.413483389830508e-05,0.023419686,0.0,708
ZA,1909,marine_hw,historical,8.137969774011298e-05,0.023491101,0.0,708
ZA,1910,marine_hw,historical,0.0003945472528248588,0.1159695,0.0,708
ZA,1911,marine_hw,historical,2.1407449152542372e-05,0.015156474,0.0,708
ZA,1912,marine_hw,historical,0.000247896406779661,0.06738624,0.0,708
ZA,1913,marine_hw,historical,0.00011970002584745763,0.03557216,0.0,708
ZA,1914,marine_hw,historical,0.0001972323418079096,0.049823478,0.0,708
ZA,1915,marine_hw,historical,6.924144350282486e-05,0.032914106,0.0,708
ZA,1916,marine_hw,historical,2.137838418079096e-05,0.015135896,0.0,708
ZA,1917,marine_hw,historical,1.4859311864406779e-05,0.005900501,0.0,708
ZA,1918,marine_hw,historical,2.7546666666666665e-05,0.01950304,0.0,708
ZA,1919,marine_hw,historical,0.0003311104498587571,0.07512436,0.0,708
ZA,1920,marine_hw,historical,0.00039286379053672313,0.1089322,0.0,708
ZA,1921,marine_hw,historical,2.595405649717514e-07,0.00018375472,0.0,708
ZA,1922,marine_hw,historical,8.722122881355933e-06,0.006175263,0.0,708
ZA,1923,marine_hw,historical,0.00014593402401129942,0.055588637,0.0,708
ZA,1924,marine_hw,historical,0.00014981997598870057,0.061154086,0.0,708
ZA,1925,marine_hw,historical,1.4941693502824858e-05,0.010578719,0.0,708
ZA,1926,marine_hw,historical,4.496217161016949e-05,0.016759051,0.0,708
ZA,1927,marine_hw,historical,0.0004220653813559322,0.14347719,0.0,708
ZA,1928,marine_hw,historical,0.0001339243276836158,0.042113196,0.0,708
ZA,1929,marine_hw,historical,7.343000070621469e-05,0.023812085,0.0,708
ZA,1930,marine_hw,historical,6.695772881355932e-05,0.028682532,0.0,708
ZA,1931,marine_hw,historical,0.00016814017485875706,0.07377619,0.0,708
ZA,1932,marine_hw,historical,0.00036140207485875703,0.080674075,0.0,708
ZA,1933,marine_hw,historical,0.0001581266709039548,0.063826665,0.0,708
ZA,1934,marine_hw,historical,0.0001403832415254237,0.045167048,0.0,708
ZA,1935,marine_hw,historical,6.196330564971752e-05,0.023746496,0.0,708
ZA,1936,marine_hw,historical,0.00045738176144067796,0.110256396,0.0,708
ZA,1937,marine_hw,historical,6.960078629943504e-05,0.04279344,0.0,708
ZA,1938,marine_hw,historical,8.848142937853107e-05,0.034727298,0.0,708
ZA,1939,marine_hw,historical,0.00024258683644067796,0.11102257,0.0,708
ZA,1940,marine_hw,historical,0.00021682094644067797,0.06582988,0.0,708
ZA,1941,marine_hw,historical,1.489895197740113e-05,0.010548458,0.0,708
ZA,1942,marine_hw,historical,8.972260790960452e-05,0.04431008,0.0,708
ZA,1943,marine_hw,historical,0.00020850072175141243,0.07534587,0.0,708
ZA,1944,marine_hw,historical,8.917072033898306e-05,0.053251345,0.0,708
ZA,1945,marine_hw,historical,0.0001451681115819209,0.03704522,0.0,708
ZA,1946,marine_hw,historical,7.023815112994351e-05,0.028701896,0.0,708
ZA,1947,marine_hw,historical,0.00029961493742937856,0.096140645,0.0,708
ZA,1948,marine_hw,historical,0.00021971855649717515,0.062140565,0.0,708
ZA,1949,marine_hw,historical,0.00017986104745762712,0.07691213,0.0,708
ZA,1950,marine_hw,historical,1.4589514124293784e-05,0.010329376,0.0,708
ZA,1951,marine_hw,historical,0.00017837670875706213,0.045869082,0.0,708
ZA,1952,marine_hw,historical,0.0008182557288135594,0.21122603,0.0,708
ZA,1953,marine_hw,historical,7.84548686440678e-05,0.04550959,0.0,708
ZA,1954,marine_hw,historical,0.0,0.0,0.0,708
ZA,1955,marine_hw,historical,0.00010901045903954803,0.040894315,0.0,708
ZA,1956,marine_hw,historical,0.00030430791878531077,0.081361584,0.0,708
ZA,1957,marine_hw,historical,0.00022759741101694914,0.08088007,0.0,708
ZA,1958,marine_hw,historical,0.00013531049576271187,0.037048854,0.0,708
ZA,1959,marine_hw,historical,0.00014213217937853107,0.05769959,0.0,708
ZA,1960,marine_hw,historical,6.855044420903955e-05,0.024989583,0.0,708
ZA,1961,marine_hw,historical,0.00031474415734463276,0.09069767,0.0,708
ZA,1962,marine_hw,historical,0.00040915877033898305,0.112017535,0.0,708
ZA,1963,marine_hw,historical,4.656033855932203e-05,0.026492907,0.0,708
ZA,1964,marine_hw,historical,7.734330324858757e-05,0.03103435,0.0,708
ZA,1965,marine_hw,historical,0.00042367648220338985,0.11599976,0.0,708
ZA,1966,marine_hw,historical,7.396681638418079e-05,0.022436837,0.0,708
ZA,1967,marine_hw,historical,6.754615819209039e-05,0.04782268,0.0,708
ZA,1968,marine_hw,historical,0.0004051656492937853,0.101000406,0.0,708
ZA,1969,marine_hw,historical,0.0003729102857344632,0.12844999,0.0,708
ZA,1970,marine_hw,historical,0.0004897045262711864,0.1546819,0.0,708
ZA,1971,marine_hw,historical,0.0001265545014124294,0.058192223,0.0,708
ZA,1972,marine_hw,historical,0.00014770828531073446,0.055697575,0.0,708
ZA,1973,marine_hw,historical,9.964349011299436e-05,0.042142242,0.0,708
ZA,1974,marine_hw,historical,0.00028533418757062146,0.09774079,0.0,708
ZA,1975,marine_hw,historical,0.00017866869371468928,0.061776,0.0,708
ZA,1976,marine_hw,historical,2.908125790960452e-05,0.010802644,0.0,708
ZA,1977,marine_hw,historical,0.00017779917694915254,0.07046309,0.0,708
ZA,1978,marine_hw,historical,0.0002973072485875706,0.10733084,0.0,708
ZA,1979,marine_hw,historical,0.00024143061652542373,0.096929826,0.0,708
ZA,1980,marine_hw,historical,0.0005428115918079096,0.15038618,0.0,708
ZA,1981,marine_hw,historical,0.0005587400353107344,0.17348556,0.0,708
ZA,1982,marine_hw,historical,2.9958610734463277e-05,0.017779423,0.0,708
ZA,1983,marine_hw,historical,0.00011837133531073446,0.040093027,0.0,708
ZA,1984,marine_hw,historical,0.00017140148728813558,0.047798466,0.0,708
ZA,1985,marine_hw,historical,0.0005940496533474577,0.17187452,0.0,708
ZA,1986,marine_hw,historical,0.00031038120621468924,0.07657806,0.0,708
ZA,1987,marine_hw,historical,1.1058842796610172e-05,0.0065117558,0.0,708
ZA,1988,marine_hw,historical,0.0001854784265536723,0.063229926,0.0,708
ZA,1989,marine_hw,historical,0.00024576996468926555,0.07847356,0.0,708
ZA,1990,marine_hw,historical,0.00016606469957627118,0.048467826,0.0,708
ZA,1991,marine_hw,historical,0.00011403265028248588,0.038406927,0.0,708
ZA,1992,marine_hw,historical,4.764968220338983e-05,0.019656762,0.0,708
ZA,1993,marine_hw,historical,0.0002675182146892655,0.10863566,0.0,708
ZA,1994,marine_hw,historical,0.0003072526070621469,0.11054567,0.0,708
ZA,1995,marine_hw,historical,3.963501694915254e-05,0.01810139,0.0,708
ZA,1996,marine_hw,historical,0.00011660228728813559,0.058526296,0.0,708
ZA,1997,marine_hw,historical,0.0002487241638418079,0.06084906,0.0,708
ZA,1998,marine_hw,historical,0.0003863869350282486,0.1242281,0.0,708
ZA,1999,marine_hw,historical,0.0001434205734463277,0.047546703,0.0,708
ZA,2000,marine_hw,historical,0.00024585231581920907,0.07428918,0.0,708
ZA,2001,marine_hw,historical,0.00037111231596045197,0.1238674,0.0,708
ZA,2002,marine_hw,historical,0.00030008134463276834,0.095938504,0.0,708
ZA,2003,marine_hw,historical,0.00046133245081920906,0.14045842,0.0,708
ZA,2004,marine_hw,historical,0.0001347476906779661,0.0693241,0.0,708
ZA,2005,marine_hw,historical,4.7683232062146894e-05,0.025764242,0.0,708
ZA,2006,marine_hw,historical,0.0002760612814265537,0.079992615,0.0,708
ZA,2007,marine_hw,historical,0.0004577368644067797,0.13826154,0.0,708
ZA,2008,marine_hw,historical,0.0007389904731638419,0.18315549,0.0,708
ZA,2009,marine_hw,historical,0.0005671233731638418,0.16944039,0.0,708
ZA,2010,marine_hw,historical,0.00031887443545197745,0.092965744,0.0,708
ZA,2011,marine_hw,historical,0.0004080605701977401,0.100968935,0.0,708
ZA,2012,marine_hw,historical,0.0003012491878531073,0.11837337,0.0,708
ZA,2013,marine_hw,historical,0.00026108112528248586,0.07200878,0.0,708
ZA,2014,marine_hw,historical,0.0004649628830508475,0.10958461,0.0,708
