country_code,year,event,experiment,intensity_mean,intensity_max,intensity_min,n_grid_points
AE,1850,cyclone,historical,0.307533421,0.7797816,0.0,12
AE,1851,cyclone,historical,0.3345984149916667,0.8201754,0.0,12
AE,1852,cyclone,historical,0.34679218066666667,0.8896364,0.0,12
AE,1853,cyclone,historical,0.31815190116666664,0.77995694,0.0,12
AE,1854,cyclone,historical,0.3463756413333334,0.8497387,0.0,12
AE,1855,cyclone,historical,0.30207260775,0.795771,0.0,12
AE,1856,cyclone,historical,0.3043718129,0.84790266,0.0,12
AE,1857,cyclone,historical,0.3477270185833334,0.8560771,0.0,12
AE,1858,cyclone,historical,0.32351342666666666,0.78531194,0.0,12
AE,1859,cyclone,historical,0.33788625958333335,0.8911089,0.0,12
AE,1860,cyclone,historical,0.3085221266666667,0.8261766,0.0,12
AE,1861,cyclone,historical,0.31692241975,0.7939635,0.0,12
AE,1862,cyclone,historical,0.36371405166666665,0.8996148,0.0,12
AE,1863,cyclone,historical,0.336174225,0.8573729,0.0,12
AE,1864,cyclone,historical,0.3327389996666667,0.8270992,0.0,12
AE,1865,cyclone,historical,0.31485461458333336,0.80810857,0.0,12
AE,1866,cyclone,historical,0.3099849805,0.8591491,0.0,12
AE,1867,cyclone,historical,0.3024899201666667,0.7710916,0.0,12
AE,1868,cyclone,historical,0.31661777416666664,0.8165598,0.0,12
AE,1869,cyclone,historical,0.31959263374999997,0.780172,0.0,12
AE,1870,cyclone,historical,0.3019262785833333,0.7956708,0.0,12
AE,1871,cyclone,historical,0.2898504008333333,0.8225266,0.0,12
AE,1872,cyclone,historical,0.31498227962916664,0.850304,0.0,12
AE,1873,cyclone,historical,0.32823623975,0.8356941,0.0,12
AE,1874,cyclone,historical,0.34239820916666663,0.8226452,0.0,12
AE,1875,cyclone,historical,0.3014802380833333,0.83176076,0.0,12
AE,1876,cyclone,historical,0.3379107175,0.84254324,0.0,12
AE,1877,cyclone,historical,0.3348934993333333,0.8488896,0.0,12
AE,1878,cyclone,historical,0.3229307940833333,0.7801908,0.0,12
AE,1879,cyclone,historical,0.2991604085833333,0.8102758,0.0,12
AE,1880,cyclone,historical,0.33150016758333334,0.8407548,0.0,12
AE,1881,cyclone,historical,0.3367685565833334,0.87018996,0.0,12
AE,1882,cyclone,historical,0.33954470330833336,0.7902367,0.0,12
AE,1883,cyclone,historical,0.3268467744583333,0.8140812,0.0,12
AE,1884,cyclone,historical,0.29803317966666665,0.74690104,0.0,12
AE,1885,cyclone,historical,0.27893534091666666,0.75938994,0.0,12
AE,1886,cyclone,historical,0.32392428516666666,0.8901957,0.0,12
AE,1887,cyclone,historical,0.34111687449999994,0.88308764,0.0,12
AE,1888,cyclone,historical,0.34227076883333335,0.82253087,0.0,12
AE,1889,cyclone,historical,0.30292682975,0.74714774,0.0,12
AE,1890,cyclone,historical,0.32202912525,0.92024034,0.0,12
AE,1891,cyclone,historical,0.33050073291666665,0.8349378,0.0,12
AE,1892,cyclone,historical,0.32805418230166666,0.7818854,0.0,12
AE,1893,cyclone,historical,0.3568304881666666,0.8569983,0.0,12
AE,1894,cyclone,historical,0.3295718964166667,0.85238504,0.0,12
AE,1895,cyclone,historical,0.33283446172750003,0.8319812,0.0,12
AE,1896,cyclone,historical,0.32259860258333334,0.8613795,0.0,12
AE,1897,cyclone,historical,0.3595787883333333,0.93363386,0.0,12
AE,1898,cyclone,historical,0.31492098333333335,0.83035386,0.0,12
AE,1899,cyclone,historical,0.30848093958333334,0.83488846,0.0,12
AE,1900,cyclone,historical,0.31468751749999996,0.81774294,0.0,12
AE,1901,cyclone,historical,0.29615159696666665,0.7719374,0.0,12
AE,1902,cyclone,historical,0.3202605238333333,0.79762375,0.0,12
AE,1903,cyclone,historical,0.30680864,0.73826563,0.0,12
AE,1904,cyclone,historical,0.29911392750000004,0.78937316,0.0,12
AE,1905,cyclone,historical,0.3290151123083333,0.8842206,0.0,12
AE,1906,cyclone,historical,0.3170632062525,0.78662276,0.0,12
AE,1907,cyclone,historical,0.31577229608333335,0.77823913,0.0,12
AE,1908,cyclone,historical,0.3197865109583333,0.85172975,0.0,12
AE,1909,cyclone,historical,0.3274757741666667,0.8627591,0.0,12
AE,1910,cyclone,historical,0.3068992821666667,0.75168586,0.0,12
AE,1911,cyclone,historical,0.32680306941666665,0.8129481,0.0,12
AE,1912,cyclone,historical,0.30071509183333334,0.7941457,0.0,12
AE,1913,cyclone,historical,0.3157144176666667,0.7684984,0.0,12
AE,1914,cyclone,historical,0.3209647233333333,0.84465504,0.0,12
AE,1915,cyclone,historical,0.31812379243333333,0.8180861,0.0,12
AE,1916,cyclone,historical,0.34248391204166667,0.8283511,0.0,12
AE,1917,cyclone,historical,0.331366346,0.8268867,0.0,12
AE,1918,cyclone,historical,0.30826443366666667,0.8420279,0.0,12
AE,1919,cyclone,historical,0.3225334199166667,0.8885425,0.0,12
AE,1920,cyclone,historical,0.3455064033333333,0.8735807,0.0,12
AE,1921,cyclone,historical,0.32555419725,0.76136184,0.0,12
AE,1922,cyclone,historical,0.33088783758333334,0.8369825,0.0,12
AE,1923,cyclone,historical,0.3434793858175,0.8808712,0.0,12
AE,1924,cyclone,historical,0.325622439225,0.89023316,0.0,12
AE,1925,cyclone,historical,0.3314233259166667,0.79845697,0.0,12
AE,1926,cyclone,historical,0.33119750425,0.89457,0.0,12
AE,1927,cyclone,historical,0.3523142427333333,0.8781265,0.0,12
AE,1928,cyclone,historical,0.33301811325,0.8068065,0.0,12
AE,1929,cyclone,historical,0.3077699881666667,0.82914686,0.0,12
AE,1930,cyclone,historical,0.3233396671666667,0.797639,0.0,12
AE,1931,cyclone,historical,0.3473192007083334,0.8941125,0.0,12
AE,1932,cyclone,historical,0.32250468558333334,0.81385595,0.0,12
AE,1933,cyclone,historical,0.35614840137500003,0.82117677,0.0,12
AE,1934,cyclone,historical,0.34238201383333333,0.8330232,0.0,12
AE,1935,cyclone,historical,0.30234153533333336,0.824087,0.0,12
AE,1936,cyclone,historical,0.3455992778333333,0.8770819,0.0,12
AE,1937,cyclone,historical,0.30391778025,0.76740324,0.0,12
AE,1938,cyclone,historical,0.30616284,0.8298073,0.0,12
AE,1939,cyclone,historical,0.3609709341666667,0.87070596,0.0,12
AE,1940,cyclone,historical,0.34070395816666665,0.84801674,0.0,12
AE,1941,cyclone,historical,0.3279379620833333,0.8487507,0.0,12
AE,1942,cyclone,historical,0.28608986775,0.81922936,0.0,12
AE,1943,cyclone,historical,0.3002738737083333,0.7416308,0.0,12
AE,1944,cyclone,historical,0.31709674483333333,0.7805165,0.0,12
AE,1945,cyclone,historical,0.28036617816666665,0.74961686,0.0,12
AE,1946,cyclone,historical,0.32350570916666666,0.81623125,0.0,12
AE,1947,cyclone,historical,0.34391336866666666,0.8862885,0.0,12
AE,1948,cyclone,historical,0.32300751,0.8421793,0.0,12
AE,1949,cyclone,historical,0.3500391838333334,0.8445413,0.0,12
AE,1950,cyclone,historical,0.32184245031666664,0.84901357,0.0,12
AE,1951,cyclone,historical,0.29268264666666666,0.7985996,0.0,12
AE,1952,cyclone,historical,0.3171725925,0.81285024,0.0,12
AE,1953,cyclone,historical,0.33691902220833336,0.85926175,0.0,12
AE,1954,cyclone,historical,0.321085816,0.82710457,0.0,12
AE,1955,cyclone,historical,0.3564988191666667,0.8876848,0.0,12
AE,1956,cyclone,historical,0.3602650666666667,0.92873925,0.0,12
AE,1957,cyclone,historical,0.32652937016666667,0.8218915,0.0,12
AE,1958,cyclone,historical,0.3467215275,0.8458026,0.0,12
AE,1959,cyclone,historical,0.30872523225,0.8501426,0.0,12
AE,1960,cyclone,historical,0.33722047666666666,0.83742785,0.0,12
AE,1961,cyclone,historical,0.34376532016666667,0.903596,0.0,12
AE,1962,cyclone,historical,0.31261626616666666,0.809044,0.0,12
AE,1963,cyclone,historical,0.32119660674,0.7591276,0.0,12
AE,1964,cyclone,historical,0.31678545183333334,0.8528089,0.0,12
AE,1965,cyclone,historical,0.33553772000000004,0.87601423,0.0,12
AE,1966,cyclone,historical,0.3457829886666666,0.7978327,0.0,12
AE,1967,cyclone,historical,0.32852216625,0.8066832,0.0,12
AE,1968,cyclone,historical,0.3370895714166666,0.843158,0.0,12
AE,1969,cyclone,historical,0.3663582541666666,0.8408016,0.0,12
AE,1970,cyclone,historical,0.33760162158333334,0.85327446,0.0,12
AE,1971,cyclone,historical,0.344707375275,0.8106104,0.0,12
AE,1972,cyclone,historical,0.27333732775,0.88792133,0.0,12
AE,1973,cyclone,historical,0.326172882,0.83906746,0.0,12
AE,1974,cyclone,historical,0.31828831816666664,0.7640543,0.0,12
AE,1975,cyclone,historical,0.3224616278333334,0.82600594,0.0,12
AE,1976,cyclone,historical,0.31214932474999996,0.8239183,0.0,12
AE,1977,cyclone,historical,0.319679053025,0.8117758,0.0,12
AE,1978,cyclone,historical,0.3238865283833333,0.7936749,0.0,12
AE,1979,cyclone,historical,0.32005024725000003,0.8495406,0.0,12
AE,1980,cyclone,historical,0.3419089312083334,0.89245063,0.0,12
AE,1981,cyclone,historical,0.3586416990833334,0.8582833,0.0,12
AE,1982,cyclone,historical,0.35083146483333333,0.9228394,0.0,12
AE,1983,cyclone,historical,0.28238741815833335,0.7878015,0.0,12
AE,1984,cyclone,historical,0.3058370496833333,0.81688744,0.0,12
AE,1985,cyclone,historical,0.31671413233333334,0.8220738,0.0,12
AE,1986,cyclone,historical,0.333440982,0.869548,0.0,12
AE,1987,cyclone,historical,0.3262369554166667,0.8080187,0.0,12
AE,1988,cyclone,historical,0.35931714959666666,0.88396466,0.0,12
AE,1989,cyclone,historical,0.3565306046666667,0.828706,0.0,12
AE,1990,cyclone,historical,0.350203197975,0.84750485,0.0,12
AE,1991,cyclone,historical,0.3218130966666667,0.82630223,0.0,12
AE,1992,cyclone,historical,0.29889953350000004,0.73181665,0.0,12
AE,1993,cyclone,historical,0.3202564265,0.76062894,0.0,12
AE,1994,cyclone,historical,0.36990258,0.91327375,0.0,12
AE,1995,cyclone,historical,0.344507573,0.8607284,0.0,12
AE,1996,cyclone,historical,0.3478373570833333,0.923435,0.0,12
AE,1997,cyclone,historical,0.36383968899999997,0.9505365,0.0,12
AE,1998,cyclone,historical,0.39850256865000006,0.9586768,0.0,12
AE,1999,cyclone,historical,0.3333448689166667,0.8340765,0.0,12
AE,2000,cyclone,historical,0.3472443776666667,0.8518213,0.0,12
AE,2001,cyclone,historical,0.33585983775,0.8766188,0.0,12
AE,2002,cyclone,historical,0.3872528846666667,0.9226541,0.0,12
AE,2003,cyclone,historical,0.3601481695,0.8861387,0.0,12
AE,2004,cyclone,historical,0.3524364325,0.9205041,0.0,12
AE,2005,cyclone,historical,0.38548679508333333,0.86139655,0.0,12
AE,2006,cyclone,historical,0.37144358583333337,0.9907174,0.0,12
AE,2007,cyclone,historical,0.3546183304083333,0.8826679,0.0,12
AE,2008,cyclone,historical,0.3938710665833334,0.964457,0.0,12
AE,2009,cyclone,historical,0.3829706431666667,0.9858965,0.0,12
AE,2010,cyclone,historical,0.37433955350000003,0.92616796,0.0,12
AE,2011,cyclone,historical,0.40133468491666663,0.97341925,0.0,12
AE,2012,cyclone,historical,0.36295127163333335,0.91879,0.0,12
AE,2013,cyclone,historical,0.35837562233333337,0.8967017,0.0,12
AE,2014,cyclone,historical,0.3568832241666666,0.95983446,0.0,12
AO,1850,cyclone,historical,0.21103701036805556,0.44298685,0.0032365185,72
AO,1851,cyclone,historical,0.2067529422361111,0.43264893,0.011595655,72
AO,1852,cyclone,historical,0.20754650843055555,0.4559571,0.008341579,72
AO,1853,cyclone,historical,0.20971417973472223,0.45078576,0.0027683699,72
AO,1854,cyclone,historical,0.2229048581527778,0.45878553,0.008535537,72
AO,1855,cyclone,historical,0.2125483817222222,0.42621392,0.007223209,72
AO,1856,cyclone,historical,0.19200497488611112,0.4536199,0.0,72
AO,1857,cyclone,historical,0.21728975414027776,0.45215425,0.0030325644,72
AO,1858,cyclone,historical,0.22907857231944442,0.42976898,0.008258376,72
AO,1859,cyclone,historical,0.1945403616111111,0.47518957,0.002275909,72
AO,1860,cyclone,historical,0.18376320626388887,0.3772567,0.008749756,72
AO,1861,cyclone,historical,0.19107188956388887,0.43378907,0.0025263266,72
AO,1862,cyclone,historical,0.18834762384166667,0.42590892,0.0072585964,72
AO,1863,cyclone,historical,0.20392467838055556,0.4606016,0.0025436154,72
AO,1864,cyclone,historical,0.19189552921527778,0.4255278,0.0109413825,72
AO,1865,cyclone,historical,0.21326905777777777,0.44169202,0.009573136,72
AO,1866,cyclone,historical,0.19466088136805557,0.44970262,0.0070068287,72
AO,1867,cyclone,historical,0.2218101595875,0.47736824,0.006367683,72
AO,1868,cyclone,historical,0.23087992997916665,0.4961551,0.0043713665,72
AO,1869,cyclone,historical,0.21778509564305557,0.44828683,0.0074892943,72
AO,1870,cyclone,historical,0.2068349546,0.4591943,0.0048630172,72
AO,1871,cyclone,historical,0.21197830385277777,0.44891757,0.0059889494,72
AO,1872,cyclone,historical,0.24592418386111112,0.5051406,0.010571023,72
AO,1873,cyclone,historical,0.25165428638888887,0.49060917,0.012575714,72
AO,1874,cyclone,historical,0.20337981658055554,0.42173034,0.0055470048,72
AO,1875,cyclone,historical,0.18321965575416665,0.42380908,0.0019055505,72
AO,1876,cyclone,historical,0.22357846117777777,0.5029228,0.0010554276,72
AO,1877,cyclone,historical,0.2303892638611111,0.44873586,0.020945927,72
AO,1878,cyclone,historical,0.19763103261111112,0.42599207,0.004767388,72
AO,1879,cyclone,historical,0.18770532880555557,0.39862418,0.0025514495,72
AO,1880,cyclone,historical,0.19114378721527778,0.4468754,0.0,72
AO,1881,cyclone,historical,0.208180961775,0.46437547,0.0041385074,72
AO,1882,cyclone,historical,0.2093673249722222,0.42123842,0.006177776,72
AO,1883,cyclone,historical,0.20798759246527776,0.46644896,0.0025517195,72
AO,1884,cyclone,historical,0.19012012929680555,0.40834507,0.00042600697,72
AO,1885,cyclone,historical,0.17485707404722223,0.4126454,0.0011440326,72
AO,1886,cyclone,historical,0.1977710539638889,0.49764416,0.0014376722,72
AO,1887,cyclone,historical,0.19898142766250002,0.44516152,0.0047590137,72
AO,1888,cyclone,historical,0.17679149555555554,0.41992706,0.012094329,72
AO,1889,cyclone,historical,0.1944842625347222,0.41835058,0.008194894,72
AO,1890,cyclone,historical,0.22342848738888887,0.4536056,0.002682196,72
AO,1891,cyclone,historical,0.2350271968527778,0.4879621,0.0019290524,72
AO,1892,cyclone,historical,0.21391586718333333,0.47486675,0.003295138,72
AO,1893,cyclone,historical,0.19627346184722222,0.4346568,0.011461668,72
AO,1894,cyclone,historical,0.1840862583263889,0.41358095,0.003648208,72
AO,1895,cyclone,historical,0.2370407466527778,0.5006855,0.007387723,72
AO,1896,cyclone,historical,0.21253266422222222,0.4579146,0.003502334,72
AO,1897,cyclone,historical,0.19122800200694445,0.424462,0.003035806,72
AO,1898,cyclone,historical,0.19722041737638887,0.47638693,0.0015605848,72
AO,1899,cyclone,historical,0.21927054638291665,0.46944234,0.00083877717,72
AO,1900,cyclone,historical,0.22462293712500003,0.48248246,0.0042968085,72
AO,1901,cyclone,historical,0.20645048755416667,0.4590927,0.0041698436,72
AO,1902,cyclone,historical,0.21297943581666667,0.44730896,0.0031152265,72
AO,1903,cyclone,historical,0.2043212583513889,0.445244,0.0040550353,72
AO,1904,cyclone,historical,0.20700265505555557,0.42788488,0.008526892,72
AO,1905,cyclone,historical,0.19324350793055556,0.4200585,0.00463502,72
AO,1906,cyclone,historical,0.2231790372361111,0.44806236,0.008497718,72
AO,1907,cyclone,historical,0.21847265364861113,0.4664734,0.0063449917,72
AO,1908,cyclone,historical,0.20651519257916667,0.42630208,0.0033432227,72
AO,1909,cyclone,historical,0.19685112499305554,0.4536301,0.001800737,72
AO,1910,cyclone,historical,0.19138038749722222,0.44535372,0.0040399074,72
AO,1911,cyclone,historical,0.20304868394444445,0.4624477,0.007654618,72
AO,1912,cyclone,historical,0.2120209414125,0.45741546,0.0020295437,72
AO,1913,cyclone,historical,0.22041973152083333,0.4542771,0.0038181245,72
AO,1914,cyclone,historical,0.20159545905972223,0.4650576,0.0006288803,72
AO,1915,cyclone,historical,0.22279498558333335,0.42786422,0.005501352,72
AO,1916,cyclone,historical,0.2114393220861111,0.4369799,0.0017950642,72
AO,1917,cyclone,historical,0.2116868398888889,0.42528307,0.004146612,72
AO,1918,cyclone,historical,0.2407948235555556,0.4623635,0.004573159,72
AO,1919,cyclone,historical,0.22946131616666665,0.48396286,0.008651156,72
AO,1920,cyclone,historical,0.21873400377777777,0.46354324,0.006932541,72
AO,1921,cyclone,historical,0.22282273240277778,0.45191592,0.003797324,72
AO,1922,cyclone,historical,0.20154863095555556,0.44636697,0.0023785613,72
AO,1923,cyclone,historical,0.21264701403194444,0.5028894,0.0018577361,72
AO,1924,cyclone,historical,0.21742107393611113,0.43519908,0.0071127224,72
AO,1925,cyclone,historical,0.21128248788055556,0.41614208,0.0058525307,72
AO,1926,cyclone,historical,0.21853251325833334,0.43953174,0.0037522109,72
AO,1927,cyclone,historical,0.23151957144861113,0.48336276,0.0040804283,72
AO,1928,cyclone,historical,0.23941053352777775,0.453527,0.011421687,72
AO,1929,cyclone,historical,0.21606482663888887,0.44178998,0.003932933,72
AO,1930,cyclone,historical,0.19992940499675002,0.45644224,1.0535366e-05,72
AO,1931,cyclone,historical,0.22742627035000001,0.5058683,0.0027059682,72
AO,1932,cyclone,historical,0.23815574735833334,0.5063976,0.0016054276,72
AO,1933,cyclone,historical,0.20292781473055554,0.41941753,0.0026749023,72
AO,1934,cyclone,historical,0.20699932219444445,0.47070992,0.004227113,72
AO,1935,cyclone,historical,0.20541886020555555,0.46633634,0.0018412578,72
AO,1936,cyclone,historical,0.20906412400694446,0.48996475,0.0095698945,72
AO,1937,cyclone,historical,0.18852399397916667,0.43058363,0.00310226,72
AO,1938,cyclone,historical,0.20558470599861112,0.473196,0.0031938364,72
AO,1939,cyclone,historical,0.21840032295972223,0.47159377,0.0032019408,72
AO,1940,cyclone,historical,0.2335077347638889,0.44763604,0.012060292,72
AO,1941,cyclone,historical,0.23053632845833333,0.45687097,0.007299117,72
AO,1942,cyclone,historical,0.23892474198611113,0.44157857,0.007818322,72
AO,1943,cyclone,historical,0.24111957495833336,0.4545148,0.014331609,72
AO,1944,cyclone,historical,0.2320862734638889,0.51231456,0.0048227664,72
AO,1945,cyclone,historical,0.2559528822638889,0.5235692,0.009989417,72
AO,1946,cyclone,historical,0.21471812749027777,0.46428588,0.0039477907,72
AO,1947,cyclone,historical,0.2288960327,0.49143285,0.0049464894,72
AO,1948,cyclone,historical,0.2075609880263889,0.4252032,0.0024333994,72
AO,1949,cyclone,historical,0.18847690066805556,0.42592436,0.0021854131,72
AO,1950,cyclone,historical,0.21983826047638888,0.4440931,0.0049346033,72
AO,1951,cyclone,historical,0.23716692977777779,0.511924,0.014385637,72
AO,1952,cyclone,historical,0.21283028102916665,0.49386436,0.001360683,72
AO,1953,cyclone,historical,0.21162300634722223,0.43956965,0.00651896,72
AO,1954,cyclone,historical,0.19381876210833332,0.45473018,0.0046744603,72
AO,1955,cyclone,historical,0.18895148951111113,0.47976354,0.0036960223,72
AO,1956,cyclone,historical,0.19084092012638887,0.39164364,0.0036784636,72
AO,1957,cyclone,historical,0.23354794115277777,0.50847465,0.011245286,72
AO,1958,cyclone,historical,0.2316063802222222,0.47501597,0.013329668,72
AO,1959,cyclone,historical,0.2308022419027778,0.45811915,0.018115425,72
AO,1960,cyclone,historical,0.20536749515277777,0.4811026,0.008780011,72
AO,1961,cyclone,historical,0.2559333030277778,0.49237502,0.013280774,72
AO,1962,cyclone,historical,0.240208830875,0.49445254,0.003881607,72
AO,1963,cyclone,historical,0.1704067492736111,0.40508527,0.0031236007,72
AO,1964,cyclone,historical,0.18061159625611112,0.4332942,0.00070830074,72
AO,1965,cyclone,historical,0.20668307855,0.4838139,0.0057298876,72
AO,1966,cyclone,historical,0.201854562375,0.4372698,0.0068704095,72
AO,1967,cyclone,historical,0.2048499309375,0.42547134,0.005513508,72
AO,1968,cyclone,historical,0.22352137304097225,0.4914238,0.00073234295,72
AO,1969,cyclone,historical,0.20108620140277778,0.47240746,0.002986371,72
AO,1970,cyclone,historical,0.22000812563194444,0.4618246,0.011546491,72
AO,1971,cyclone,historical,0.22525853977777777,0.45709443,0.012313141,72
AO,1972,cyclone,historical,0.22110674775694444,0.41676307,0.0096647125,72
AO,1973,cyclone,historical,0.23840115626388889,0.5196729,0.005133424,72
AO,1974,cyclone,historical,0.22924835172916666,0.45078027,0.010729594,72
AO,1975,cyclone,historical,0.22954674388888888,0.47723,0.009126868,72
AO,1976,cyclone,historical,0.2188570739388889,0.45013916,0.0061558946,72
AO,1977,cyclone,historical,0.23881352887083335,0.49140713,0.006037845,72
AO,1978,cyclone,historical,0.22850040747222222,0.452076,0.005386003,72
AO,1979,cyclone,historical,0.19794595353194444,0.43190658,0.0028248287,72
AO,1980,cyclone,historical,0.20714489182499998,0.44992122,0.0022607814,72
AO,1981,cyclone,historical,0.24551635868055557,0.5311049,0.008888877,72
AO,1982,cyclone,historical,0.20317719316944446,0.45430937,0.0030752462,72
AO,1983,cyclone,historical,0.18906322869444445,0.40300924,0.002391798,72
AO,1984,cyclone,historical,0.21962275020277777,0.48024982,0.0059133116,72
AO,1985,cyclone,historical,0.24936221809444448,0.52042913,0.0031687138,72
AO,1986,cyclone,historical,0.22630800206944443,0.4419889,0.008988287,72
AO,1987,cyclone,historical,0.22098878175,0.4595933,0.004011003,72
AO,1988,cyclone,historical,0.2251600999722222,0.48217916,0.003703316,72
AO,1989,cyclone,historical,0.229266209175,0.49310958,0.0066753696,72
AO,1990,cyclone,historical,0.24616841944444445,0.4508304,0.01203517,72
AO,1991,cyclone,historical,0.23126937490833333,0.46409756,0.0074830814,72
AO,1992,cyclone,historical,0.20811235681944443,0.44150823,0.004710659,72
AO,1993,cyclone,historical,0.22542219872638888,0.5056302,0.0045812633,72
AO,1994,cyclone,historical,0.25408507713194445,0.53206927,0.006742904,72
AO,1995,cyclone,historical,0.24560705365694446,0.48778135,0.0048978645,72
AO,1996,cyclone,historical,0.2194676225486111,0.43333587,0.005079667,72
AO,1997,cyclone,historical,0.24373756124166668,0.5255437,0.0033407914,72
AO,1998,cyclone,historical,0.24201196305,0.4926328,0.0035968816,72
AO,1999,cyclone,historical,0.22176084290277778,0.43829235,0.007898012,72
AO,2000,cyclone,historical,0.2298195162194444,0.47470337,0.0032103148,72
AO,2001,cyclone,historical,0.24674779338888891,0.5189532,0.009949167,72
AO,2002,cyclone,historical,0.259793010125,0.546255,0.006694279,72
AO,2003,cyclone,historical,0.2309890940138889,0.51690096,0.00431977,72
AO,2004,cyclone,historical,0.23384135170833334,0.47943175,0.00600813,72
AO,2005,cyclone,historical,0.23601875193055555,0.45247006,0.010553194,72
AO,2006,cyclone,historical,0.27026730634722224,0.5405563,0.003351867,72
AO,2007,cyclone,historical,0.25700818554166666,0.48372915,0.007859383,72
AO,2008,cyclone,historical,0.26441101335416667,0.50726134,0.0131719075,72
AO,2009,cyclone,historical,0.2513738997319444,0.5109833,0.0033018917,72
AO,2010,cyclone,historical,0.2667498240472222,0.5484834,0.0027789054,72
AO,2011,cyclone,historical,0.2567569417916667,0.5076439,0.008137355,72
AO,2012,cyclone,historical,0.26379553305555553,0.4930247,0.010063706,72
AO,2013,cyclone,historical,0.24354224073611108,0.4786903,0.004851131,72
AO,2014,cyclone,historical,0.27004783693055556,0.523213,0.010262797,72
AQ,1850,cyclone,historical,0.4061433636390285,0.63080585,0.15545228,2388
AQ,1851,cyclone,historical,0.37306661250670015,0.65730906,0.026691755,2388
AQ,1852,cyclone,historical,0.3812256513573702,0.7332174,0.0,2388
AQ,1853,cyclone,historical,0.3760781985862647,0.6132585,0.048802517,2388
AQ,1854,cyclone,historical,0.38401122290954776,0.6645422,0.112176254,2388
AQ,1855,cyclone,historical,0.34008315050586263,0.5732041,0.059606396,2388
AQ,1856,cyclone,historical,0.36584224434882745,0.5572868,0.09030672,2388
AQ,1857,cyclone,historical,0.39157050652847575,0.65515846,0.11900343,2388
AQ,1858,cyclone,historical,0.36743374081867675,0.5771692,0.104243115,2388
AQ,1859,cyclone,historical,0.4227587245288945,0.68595874,0.09681919,2388
AQ,1860,cyclone,historical,0.41491260345896147,0.6123654,0.17170052,2388
AQ,1861,cyclone,historical,0.3946839066302345,0.58191335,0.048804946,2388
AQ,1862,cyclone,historical,0.35135533037269684,0.55031186,0.057704087,2388
AQ,1863,cyclone,historical,0.3873448137102178,0.603194,0.16273735,2388
AQ,1864,cyclone,historical,0.38537649140452257,0.62004435,0.056634616,2388
AQ,1865,cyclone,historical,0.39945001638735345,0.6263923,0.042639054,2388
AQ,1866,cyclone,historical,0.361848622001675,0.5940015,0.13197085,2388
AQ,1867,cyclone,historical,0.3628139892772195,0.58494455,0.056267496,2388
AQ,1868,cyclone,historical,0.3979129786892797,0.69600403,0.19326758,2388
AQ,1869,cyclone,historical,0.42206122784757116,0.75976515,0.22692043,2388
AQ,1870,cyclone,historical,0.36470889095100506,0.64009476,0.0789831,2388
AQ,1871,cyclone,historical,0.3526321699162479,0.5316194,0.08251056,2388
AQ,1872,cyclone,historical,0.3665689610900335,0.5526556,0.014798677,2388
AQ,1873,cyclone,historical,0.40900244710217754,0.59875214,0.16325927,2388
AQ,1874,cyclone,historical,0.40391528915410385,0.7240911,0.1256021,2388
AQ,1875,cyclone,historical,0.3570192375096315,0.5698223,0.026716607,2388
AQ,1876,cyclone,historical,0.3823103892319933,0.67809796,0.08320345,2388
AQ,1877,cyclone,historical,0.4271733826088777,0.65759027,0.15213473,2388
AQ,1878,cyclone,historical,0.40352582823701844,0.60818934,0.21782544,2388
AQ,1879,cyclone,historical,0.3808023180230318,0.5813028,0.027065355,2388
AQ,1880,cyclone,historical,0.40183048461474036,0.6511204,0.13558394,2388
AQ,1881,cyclone,historical,0.42868601191373534,0.6643888,0.19291228,2388
AQ,1882,cyclone,historical,0.4153441437479062,0.61638397,0.14917032,2388
AQ,1883,cyclone,historical,0.375837095819933,0.6713524,0.10610086,2388
AQ,1884,cyclone,historical,0.39724385690117253,0.6059102,0.1183316,2388
AQ,1885,cyclone,historical,0.3813860901746231,0.621495,0.04675352,2388
AQ,1886,cyclone,historical,0.4201800210636516,0.687217,0.19612925,2388
AQ,1887,cyclone,historical,0.3850113276628978,0.6395564,0.124096885,2388
AQ,1888,cyclone,historical,0.3876976206494975,0.66373235,0.09123087,2388
AQ,1889,cyclone,historical,0.3786368629396985,0.5886438,0.14387447,2388
AQ,1890,cyclone,historical,0.37716507890703516,0.6901556,0.11653987,2388
AQ,1891,cyclone,historical,0.400509735201005,0.58588576,0.120296046,2388
AQ,1892,cyclone,historical,0.40474936145896145,0.63674694,0.101994224,2388
AQ,1893,cyclone,historical,0.39700835121440536,0.6571961,0.16795425,2388
AQ,1894,cyclone,historical,0.349519852171273,0.61953783,0.07667126,2388
AQ,1895,cyclone,historical,0.34880681320812396,0.6105195,0.0941335,2388
AQ,1896,cyclone,historical,0.40979830486599667,0.6139538,0.12553617,2388
AQ,1897,cyclone,historical,0.37949633426298157,0.5976586,0.07364491,2388
AQ,1898,cyclone,historical,0.3955442936197655,0.61012733,0.11659787,2388
AQ,1899,cyclone,historical,0.3997934502680067,0.66385794,0.15181893,2388
AQ,1900,cyclone,historical,0.3603668798296868,0.6231744,0.0,2388
AQ,1901,cyclone,historical,0.3805463784380234,0.57098544,0.13805138,2388
AQ,1902,cyclone,historical,0.3614902546226968,0.5882392,0.07915274,2388
AQ,1903,cyclone,historical,0.41062408077889445,0.68319714,0.19925313,2388
AQ,1904,cyclone,historical,0.38156249210636517,0.6266462,0.12957445,2388
AQ,1905,cyclone,historical,0.390694857660804,0.6564189,0.07410711,2388
AQ,1906,cyclone,historical,0.37834579207370184,0.61764765,0.099218294,2388
AQ,1907,cyclone,historical,0.4196370121482412,0.6567031,0.21937728,2388
AQ,1908,cyclone,historical,0.38344780647403687,0.6353093,0.13285744,2388
AQ,1909,cyclone,historical,0.37186403125,0.6942144,0.017068371,2388
AQ,1910,cyclone,historical,0.36180351169933,0.64331156,0.06571853,2388
AQ,1911,cyclone,historical,0.402231071360134,0.7486331,0.09390035,2388
AQ,1912,cyclone,historical,0.4037330915159129,0.5951236,0.18475682,2388
AQ,1913,cyclone,historical,0.343565367979062,0.5317796,0.091007456,2388
AQ,1914,cyclone,historical,0.3817454952721943,0.6225523,0.13630575,2388
AQ,1915,cyclone,historical,0.4098454712144054,0.6315898,0.175094,2388
AQ,1916,cyclone,historical,0.40537538581658294,0.5878488,0.16727594,2388
AQ,1917,cyclone,historical,0.37409092834128976,0.5775001,0.120521605,2388
AQ,1918,cyclone,historical,0.38229406762060303,0.6535163,0.052510962,2388
AQ,1919,cyclone,historical,0.3829828282663317,0.6544107,0.13104832,2388
AQ,1920,cyclone,historical,0.3569310589208543,0.57510644,0.01052429,2388
AQ,1921,cyclone,historical,0.3893886784087102,0.63128746,0.12157163,2388
AQ,1922,cyclone,historical,0.33751019515649083,0.59953415,0.0,2388
AQ,1923,cyclone,historical,0.3933425075502513,0.66593015,0.15530154,2388
AQ,1924,cyclone,historical,0.3899672057730318,0.64057934,0.08964758,2388
AQ,1925,cyclone,historical,0.4234962061432161,0.688115,0.17055324,2388
AQ,1926,cyclone,historical,0.41463464755025126,0.60886276,0.11662677,2388
AQ,1927,cyclone,historical,0.39961686514656614,0.64018285,0.11766815,2388
AQ,1928,cyclone,historical,0.4075369599329983,0.6910994,0.12169518,2388
AQ,1929,cyclone,historical,0.3765932030783082,0.5967318,0.032112874,2388
AQ,1930,cyclone,historical,0.3699586238019263,0.64653647,0.076232105,2388
AQ,1931,cyclone,historical,0.393044010540201,0.62681913,0.0389379,2388
AQ,1932,cyclone,historical,0.40027154263986603,0.78615844,0.06324191,2388
AQ,1933,cyclone,historical,0.4114653263651591,0.6544964,0.15222146,2388
AQ,1934,cyclone,historical,0.37816723178056955,0.59805787,0.052357256,2388
AQ,1935,cyclone,historical,0.3811448825628141,0.66110575,0.13791929,2388
AQ,1936,cyclone,historical,0.40992980935929646,0.6120475,0.17925492,2388
AQ,1937,cyclone,historical,0.38883791219430486,0.62210846,0.19346875,2388
AQ,1938,cyclone,historical,0.3282205255540201,0.60659397,0.040131368,2388
AQ,1939,cyclone,historical,0.33264006299664994,0.7471627,0.008018224,2388
AQ,1940,cyclone,historical,0.3950722416959799,0.6678514,0.15414834,2388
AQ,1941,cyclone,historical,0.3745964351005025,0.57497567,0.13210213,2388
AQ,1942,cyclone,historical,0.43824143443676716,0.65858996,0.115036465,2388
AQ,1943,cyclone,historical,0.380613608720268,0.60898465,0.056659468,2388
AQ,1944,cyclone,historical,0.3831008173911223,0.6145471,0.14759481,2388
AQ,1945,cyclone,historical,0.41885582398659965,0.67047846,0.23494692,2388
AQ,1946,cyclone,historical,0.3446584441554188,0.58859813,0.00039413074,2388
AQ,1947,cyclone,historical,0.39766821684673365,0.6673892,0.047395367,2388
AQ,1948,cyclone,historical,0.40741808744137353,0.5949502,0.17452615,2388
AQ,1949,cyclone,historical,0.4140199958488275,0.64331216,0.09620679,2388
AQ,1950,cyclone,historical,0.316164572982412,0.58975273,0.049753938,2388
AQ,1951,cyclone,historical,0.3702704844777638,0.659348,0.00194364,2388
AQ,1952,cyclone,historical,0.40165525507118927,0.6287042,0.21371628,2388
AQ,1953,cyclone,historical,0.4328107898953099,0.6769045,0.11422362,2388
AQ,1954,cyclone,historical,0.37302448545268,0.5953989,0.05289159,2388
AQ,1955,cyclone,historical,0.3476301090309883,0.7229749,0.07585517,2388
AQ,1956,cyclone,historical,0.3711699844556114,0.570409,0.13185334,2388
AQ,1957,cyclone,historical,0.37007348852889443,0.62173593,0.014175199,2388
AQ,1958,cyclone,historical,0.3829947874882747,0.66124845,0.09861535,2388
AQ,1959,cyclone,historical,0.36349711607483254,0.58441913,0.0067404727,2388
AQ,1960,cyclone,historical,0.34368641414740364,0.6330207,0.04094097,2388
AQ,1961,cyclone,historical,0.4332703572696817,0.6450367,0.2037871,2388
AQ,1962,cyclone,historical,0.44097336981574536,0.6652384,0.1797671,2388
AQ,1963,cyclone,historical,0.3947429006775544,0.6396731,0.095245376,2388
AQ,1964,cyclone,historical,0.37906458085762146,0.6132474,0.08824746,2388
AQ,1965,cyclone,historical,0.396694279778057,0.6502708,0.12802874,2388
AQ,1966,cyclone,historical,0.4139329268676717,0.6072055,0.24441075,2388
AQ,1967,cyclone,historical,0.3528357846536851,0.64457774,0.0,2388
AQ,1968,cyclone,historical,0.3558388470372697,0.60684973,0.050581373,2388
AQ,1969,cyclone,historical,0.42239511543592967,0.70340717,0.08537428,2388
AQ,1970,cyclone,historical,0.35820152332914573,0.6019138,0.14301623,2388
AQ,1971,cyclone,historical,0.3501565652487437,0.5989301,0.078849375,2388
AQ,1972,cyclone,historical,0.3675833323467337,0.6637269,0.06981246,2388
AQ,1973,cyclone,historical,0.39275577262144057,0.69025874,0.12558967,2388
AQ,1974,cyclone,historical,0.39796973705611394,0.58541596,0.159835,2388
AQ,1975,cyclone,historical,0.3904687521511725,0.5929803,0.0333782,2388
AQ,1976,cyclone,historical,0.3918795066524288,0.6127415,0.117254026,2388
AQ,1977,cyclone,historical,0.39058424434673367,0.6753915,0.19892958,2388
AQ,1978,cyclone,historical,0.39403980058626464,0.63812906,0.16345727,2388
AQ,1979,cyclone,historical,0.362166704417923,0.62763494,0.010581559,2388
AQ,1980,cyclone,historical,0.3928675182742881,0.6503986,0.0832645,2388
AQ,1981,cyclone,historical,0.41558650202261305,0.62402534,0.14544314,2388
AQ,1982,cyclone,historical,0.43295741701005025,0.6774637,0.20382097,2388
AQ,1983,cyclone,historical,0.37701579770519267,0.5838664,0.13994855,2388
AQ,1984,cyclone,historical,0.3914824677721943,0.631855,0.16276383,2388
AQ,1985,cyclone,historical,0.41196937603015077,0.6630205,0.17408232,2388
AQ,1986,cyclone,historical,0.39537514468174206,0.57705736,0.14693053,2388
AQ,1987,cyclone,historical,0.34342967628350085,0.5908965,0.057258092,2388
AQ,1988,cyclone,historical,0.4005708076654104,0.60298765,0.11269248,2388
AQ,1989,cyclone,historical,0.4222266341876047,0.6270177,0.14089945,2388
AQ,1990,cyclone,historical,0.40236007120184253,0.65064067,0.10897539,2388
AQ,1991,cyclone,historical,0.4479295243467336,0.67326117,0.19764616,2388
AQ,1992,cyclone,historical,0.3771923714861809,0.6574435,0.06105298,2388
AQ,1993,cyclone,historical,0.3512578590703518,0.5820911,0.08042239,2388
AQ,1994,cyclone,historical,0.4175207411515913,0.63271785,0.18488432,2388
AQ,1995,cyclone,historical,0.4438858566708543,0.6367461,0.16892648,2388
AQ,1996,cyclone,historical,0.37580201775460637,0.63501483,0.029561155,2388
AQ,1997,cyclone,historical,0.3848969731155779,0.6825093,0.056379873,2388
AQ,1998,cyclone,historical,0.37564438232881076,0.6634787,0.0,2388
AQ,1999,cyclone,historical,0.39785818419179225,0.6207248,0.10739104,2388
AQ,2000,cyclone,historical,0.399393156180067,0.6179589,0.11329219,2388
AQ,2001,cyclone,historical,0.36381507286557785,0.69288045,0.073318034,2388
AQ,2002,cyclone,historical,0.4209489376298157,0.68635964,0.15596123,2388
AQ,2003,cyclone,historical,0.45101165206448907,0.7343755,0.18562396,2388
AQ,2004,cyclone,historical,0.4217532158417085,0.6010072,0.16155955,2388
AQ,2005,cyclone,historical,0.3320686433718593,0.57245046,0.04248859,2388
AQ,2006,cyclone,historical,0.38534744535343385,0.7160561,0.095985554,2388
AQ,2007,cyclone,historical,0.38329126930485763,0.65186197,0.14957166,2388
AQ,2008,cyclone,historical,0.36882906421566164,0.63131535,0.023239395,2388
AQ,2009,cyclone,historical,0.34914364486432165,0.5661452,0.07393044,2388
AQ,2010,cyclone,historical,0.4278137063609715,0.6945699,0.18772995,2388
AQ,2011,cyclone,historical,0.43326819007537687,0.6601603,0.20215476,2388
AQ,2012,cyclone,historical,0.41961352715242883,0.65967435,0.16997057,2388
AQ,2013,cyclone,historical,0.37532091455653266,0.61246216,0.115482196,2388
AQ,2014,cyclone,historical,0.39980014861390284,0.7141481,0.12431623,2388
AU,1850,cyclone,historical,0.13213954480436135,0.54535884,0.0,1464
AU,1851,cyclone,historical,0.13294543769474726,0.56423366,0.0,1464
AU,1852,cyclone,historical,0.1254875998871407,0.55293334,0.0,1464
AU,1853,cyclone,historical,0.12401459341625684,0.54759586,0.0,1464
AU,1854,cyclone,historical,0.1234415876847418,0.56714183,0.0,1464
AU,1855,cyclone,historical,0.11802169615468716,0.51705396,0.0,1464
AU,1856,cyclone,historical,0.12573475281581967,0.54186416,0.0,1464
AU,1857,cyclone,historical,0.13344482053043033,0.52429587,0.0,1464
AU,1858,cyclone,historical,0.14434312153922746,0.5658903,0.0,1464
AU,1859,cyclone,historical,0.13120541414237022,0.5598787,0.0,1464
AU,1860,cyclone,historical,0.126651415245487,0.5084157,0.0,1464
AU,1861,cyclone,historical,0.12526306959249797,0.5448634,0.0,1464
AU,1862,cyclone,historical,0.12422637782360997,0.53217536,0.0,1464
AU,1863,cyclone,historical,0.13752167298175547,0.5820552,0.0,1464
AU,1864,cyclone,historical,0.12287548626884835,0.524444,0.0,1464
AU,1865,cyclone,historical,0.13205662933711748,0.5319344,0.0,1464
AU,1866,cyclone,historical,0.11196827753769727,0.569561,0.0,1464
AU,1867,cyclone,historical,0.12738146870061884,0.56944084,0.0,1464
AU,1868,cyclone,historical,0.1359739277123586,0.57838833,0.0,1464
AU,1869,cyclone,historical,0.1284708651725,0.52750576,0.0,1464
AU,1870,cyclone,historical,0.12873463343519126,0.53001666,0.0,1464
AU,1871,cyclone,historical,0.12021058539597951,0.5111514,0.0,1464
AU,1872,cyclone,historical,0.1305771725728825,0.5564026,0.0,1464
AU,1873,cyclone,historical,0.1332064236828921,0.5540141,0.0,1464
AU,1874,cyclone,historical,0.12976551520293034,0.5333772,0.0,1464
AU,1875,cyclone,historical,0.1281504995880492,0.59613526,0.0,1464
AU,1876,cyclone,historical,0.13191194308822174,0.54463786,0.0,1464
AU,1877,cyclone,historical,0.12385576437121133,0.50802153,0.0,1464
AU,1878,cyclone,historical,0.12559957991459678,0.54426646,0.0,1464
AU,1879,cyclone,historical,0.1197551913977582,0.5571819,0.0,1464
AU,1880,cyclone,historical,0.12047840612781285,0.56768143,0.0,1464
AU,1881,cyclone,historical,0.1348861413960041,0.6149912,0.0,1464
AU,1882,cyclone,historical,0.13419979140692487,0.54011416,0.0,1464
AU,1883,cyclone,historical,0.12685218270828827,0.53136224,0.0,1464
AU,1884,cyclone,historical,0.12614995646342897,0.5835196,0.0,1464
AU,1885,cyclone,historical,0.12299537054011611,0.5169569,0.0,1464
AU,1886,cyclone,historical,0.13409496626563594,0.5611114,0.0,1464
AU,1887,cyclone,historical,0.12728899382136613,0.5496414,0.0,1464
AU,1888,cyclone,historical,0.11376832817717963,0.5328142,0.0,1464
AU,1889,cyclone,historical,0.11699223497497747,0.56741214,0.0,1464
AU,1890,cyclone,historical,0.12969554638081626,0.5589968,0.0,1464
AU,1891,cyclone,historical,0.13507495763481214,0.59376645,0.0,1464
AU,1892,cyclone,historical,0.1304972179149795,0.5501319,0.0,1464
AU,1893,cyclone,historical,0.12229509857319264,0.55175817,0.0,1464
AU,1894,cyclone,historical,0.1242411131906455,0.52271646,0.0,1464
AU,1895,cyclone,historical,0.13564818344298538,0.53211343,0.0,1464
AU,1896,cyclone,historical,0.12719507749345765,0.57010794,0.0,1464
AU,1897,cyclone,historical,0.12756423702539452,0.5397292,0.0,1464
AU,1898,cyclone,historical,0.13425802341853005,0.54679036,0.0,1464
AU,1899,cyclone,historical,0.12992583720780737,0.5787757,0.0,1464
AU,1900,cyclone,historical,0.13182297072425342,0.6227957,0.0,1464
AU,1901,cyclone,historical,0.12715204520674456,0.58849335,0.0,1464
AU,1902,cyclone,historical,0.12929033150699318,0.5801581,0.0,1464
AU,1903,cyclone,historical,0.13116664665126776,0.5842625,0.0,1464
AU,1904,cyclone,historical,0.12491364819160519,0.54620117,0.0,1464
AU,1905,cyclone,historical,0.11491563406823087,0.50631994,0.0,1464
AU,1906,cyclone,historical,0.12561672895669398,0.5578276,0.0,1464
AU,1907,cyclone,historical,0.13104241946725315,0.5623759,0.0,1464
AU,1908,cyclone,historical,0.12943092118280328,0.5870595,0.0,1464
AU,1909,cyclone,historical,0.13197905062495013,0.5511724,0.0,1464
AU,1910,cyclone,historical,0.12575396873969943,0.5292319,0.0,1464
AU,1911,cyclone,historical,0.13759687097665713,0.5537934,0.0,1464
AU,1912,cyclone,historical,0.12074919964334359,0.5584959,0.0,1464
AU,1913,cyclone,historical,0.14528117413870903,0.5536156,0.0,1464
AU,1914,cyclone,historical,0.13249016756560314,0.5307698,0.0,1464
AU,1915,cyclone,historical,0.12067942666120901,0.5322595,0.0,1464
AU,1916,cyclone,historical,0.13423632140905736,0.60657257,0.0,1464
AU,1917,cyclone,historical,0.11992999188248633,0.58513314,0.0,1464
AU,1918,cyclone,historical,0.13080318232816326,0.5875956,0.0,1464
AU,1919,cyclone,historical,0.12606219106592897,0.5349424,0.0,1464
AU,1920,cyclone,historical,0.13314020341362567,0.5546624,0.0,1464
AU,1921,cyclone,historical,0.13237090945657515,0.57669187,0.0,1464
AU,1922,cyclone,historical,0.12463442536329918,0.5490209,0.0,1464
AU,1923,cyclone,historical,0.13440516094635246,0.5588066,0.0,1464
AU,1924,cyclone,historical,0.1272679416741496,0.53278357,0.0,1464
AU,1925,cyclone,historical,0.12703180410067144,0.5510704,0.0,1464
AU,1926,cyclone,historical,0.13106960817030056,0.57303715,0.0,1464
AU,1927,cyclone,historical,0.13127531493446173,0.52013963,0.0,1464
AU,1928,cyclone,historical,0.13266653429451092,0.59027666,0.0,1464
AU,1929,cyclone,historical,0.1251678332079795,0.49016598,0.0,1464
AU,1930,cyclone,historical,0.13088757542039617,0.57808495,0.0,1464
AU,1931,cyclone,historical,0.1178939743136127,0.56374687,0.0,1464
AU,1932,cyclone,historical,0.13456821806219946,0.56197476,0.0,1464
AU,1933,cyclone,historical,0.12461883975510246,0.5366088,0.0,1464
AU,1934,cyclone,historical,0.12335694077289891,0.5605679,0.0,1464
AU,1935,cyclone,historical,0.1346584394278347,0.53880537,0.0,1464
AU,1936,cyclone,historical,0.12624669860759152,0.5100552,0.0,1464
AU,1937,cyclone,historical,0.13107411184482856,0.5269359,0.0,1464
AU,1938,cyclone,historical,0.13849915633983195,0.557292,0.0,1464
AU,1939,cyclone,historical,0.14086241204766803,0.5336077,0.0,1464
AU,1940,cyclone,historical,0.13004197554142008,0.57389325,0.0,1464
AU,1941,cyclone,historical,0.13229878103322334,0.54877937,0.0,1464
AU,1942,cyclone,historical,0.1216517205398429,0.53599536,0.0,1464
AU,1943,cyclone,historical,0.11880953528240232,0.5336814,0.0,1464
AU,1944,cyclone,historical,0.14625349711672814,0.5415097,0.0,1464
AU,1945,cyclone,historical,0.142747702867694,0.5592182,0.0,1464
AU,1946,cyclone,historical,0.13139366858806012,0.5382472,0.0,1464
AU,1947,cyclone,historical,0.13737687628157924,0.56500465,0.0,1464
AU,1948,cyclone,historical,0.13971081778176708,0.56818366,0.0,1464
AU,1949,cyclone,historical,0.11747132165036134,0.5060239,0.0,1464
AU,1950,cyclone,historical,0.13540982538539206,0.57448864,0.0,1464
AU,1951,cyclone,historical,0.1333882201638191,0.5639181,0.0,1464
AU,1952,cyclone,historical,0.14286028870253006,0.5575885,0.0,1464
AU,1953,cyclone,historical,0.1356605546134724,0.6106106,0.0,1464
AU,1954,cyclone,historical,0.12405131963803279,0.56528556,0.0,1464
AU,1955,cyclone,historical,0.1406599831110082,0.5660679,0.0,1464
AU,1956,cyclone,historical,0.1371497122715171,0.57524663,0.0,1464
AU,1957,cyclone,historical,0.13361108081415504,0.55808806,0.0,1464
AU,1958,cyclone,historical,0.1379662343997992,0.61374813,0.0,1464
AU,1959,cyclone,historical,0.1273740611259474,0.5618743,0.0,1464
AU,1960,cyclone,historical,0.12661015512184493,0.5732093,0.0,1464
AU,1961,cyclone,historical,0.1330907743770492,0.5407228,0.0,1464
AU,1962,cyclone,historical,0.1287397635143381,0.5845306,0.0,1464
AU,1963,cyclone,historical,0.11962462535745493,0.5697531,0.0,1464
AU,1964,cyclone,historical,0.1262238928741168,0.52186525,0.0,1464
AU,1965,cyclone,historical,0.1341925963338388,0.5489109,0.0,1464
AU,1966,cyclone,historical,0.12961921282902938,0.51058,0.0,1464
AU,1967,cyclone,historical,0.1347418222850082,0.547209,0.0,1464
AU,1968,cyclone,historical,0.13359494171646105,0.580155,0.0,1464
AU,1969,cyclone,historical,0.1338713423377541,0.5770401,0.0,1464
AU,1970,cyclone,historical,0.13093381986234454,0.5775777,0.0,1464
AU,1971,cyclone,historical,0.12978672103609468,0.5078608,0.0,1464
AU,1972,cyclone,historical,0.12604767073423087,0.55726326,0.0,1464
AU,1973,cyclone,historical,0.12278968018886256,0.5601338,0.0,1464
AU,1974,cyclone,historical,0.12351909603438688,0.52955043,0.0,1464
AU,1975,cyclone,historical,0.13522604142666872,0.62681675,0.0,1464
AU,1976,cyclone,historical,0.13416965648686477,0.5641991,0.0,1464
AU,1977,cyclone,historical,0.13622617596053893,0.5562127,0.0,1464
AU,1978,cyclone,historical,0.13992654910588592,0.5914697,0.0,1464
AU,1979,cyclone,historical,0.12803603134155328,0.573437,0.0,1464
AU,1980,cyclone,historical,0.13267905853932105,0.6098907,0.0,1464
AU,1981,cyclone,historical,0.12530298494143444,0.5473108,0.0,1464
AU,1982,cyclone,historical,0.12404429619595696,0.5298754,0.0,1464
AU,1983,cyclone,historical,0.12267747848425546,0.5375632,0.0,1464
AU,1984,cyclone,historical,0.1319997250410437,0.5454364,0.0,1464
AU,1985,cyclone,historical,0.14334749927722268,0.64337313,0.0,1464
AU,1986,cyclone,historical,0.13057589940766393,0.53479517,0.0,1464
AU,1987,cyclone,historical,0.12456064480654097,0.55227566,0.0,1464
AU,1988,cyclone,historical,0.13531360024277253,0.5495525,0.0,1464
AU,1989,cyclone,historical,0.1355824216532705,0.54823756,0.0,1464
AU,1990,cyclone,historical,0.14001236600180328,0.5714034,0.0,1464
AU,1991,cyclone,historical,0.13517000259481557,0.5465194,0.0,1464
AU,1992,cyclone,historical,0.12124281296157377,0.54029804,0.0,1464
AU,1993,cyclone,historical,0.13248062495993168,0.52627504,0.0,1464
AU,1994,cyclone,historical,0.1265642344153436,0.5365778,0.0,1464
AU,1995,cyclone,historical,0.1336231384760041,0.59537053,0.0,1464
AU,1996,cyclone,historical,0.12444936551857923,0.5670061,0.0,1464
AU,1997,cyclone,historical,0.13059087562428143,0.52751434,0.0,1464
AU,1998,cyclone,historical,0.14029989558230463,0.5584792,0.0,1464
AU,1999,cyclone,historical,0.12904738929882173,0.5386881,0.0,1464
AU,2000,cyclone,historical,0.13885352501173498,0.5620142,0.0,1464
AU,2001,cyclone,historical,0.12969587184888934,0.53503823,0.0,1464
AU,2002,cyclone,historical,0.1418677004858627,0.5734405,0.0,1464
AU,2003,cyclone,historical,0.13290586928724044,0.61431706,0.0,1464
AU,2004,cyclone,historical,0.1352600471186642,0.5195931,0.0,1464
AU,2005,cyclone,historical,0.12794962878836133,0.5562773,0.0,1464
AU,2006,cyclone,historical,0.12975215250962568,0.66156965,0.0,1464
AU,2007,cyclone,historical,0.13038243456222268,0.5558083,0.0,1464
AU,2008,cyclone,historical,0.14772136725329918,0.60849726,0.0,1464
AU,2009,cyclone,historical,0.12595135851688183,0.50597143,0.0,1464
AU,2010,cyclone,historical,0.14256716984024384,0.62786186,0.0,1464
AU,2011,cyclone,historical,0.13809902776108607,0.6065985,0.0,1464
AU,2012,cyclone,historical,0.13030374519568988,0.53864115,0.0,1464
AU,2013,cyclone,historical,0.13422036299476775,0.5861186,0.0,1464
AU,2014,cyclone,historical,0.14901853936989753,0.58232903,0.0,1464
BA,1850,cyclone,historical,0.006699501916666667,0.034260467,0.0,12
BA,1851,cyclone,historical,0.005631918041666667,0.046012532,0.0,12
BA,1852,cyclone,historical,0.0024826995583333332,0.011152361,0.0,12
BA,1853,cyclone,historical,0.0016978147249999999,0.014821909,0.0,12
BA,1854,cyclone,historical,0.0030387325000000003,0.032001037,0.0,12
BA,1855,cyclone,historical,0.002585891916666667,0.02248355,0.0,12
BA,1856,cyclone,historical,0.005187316916666667,0.0261142,0.0,12
BA,1857,cyclone,historical,0.009438066775,0.055106446,0.0,12
BA,1858,cyclone,historical,0.007740567125,0.039436303,0.0,12
BA,1859,cyclone,historical,0.003299775658333333,0.033762336,0.0,12
BA,1860,cyclone,historical,0.0072462155,0.04673002,0.0,12
BA,1861,cyclone,historical,0.005831009758333333,0.025339445,0.0,12
BA,1862,cyclone,historical,0.0035919743083333336,0.02941528,0.0,12
BA,1863,cyclone,historical,0.006760148358333333,0.06731829,0.0,12
BA,1864,cyclone,historical,0.00983719515,0.11009025,0.0,12
BA,1865,cyclone,historical,0.0042977538,0.030186253,0.0,12
BA,1866,cyclone,historical,0.003506295583333334,0.028020829,0.0,12
BA,1867,cyclone,historical,0.0040908282750000005,0.033645093,0.0,12
BA,1868,cyclone,historical,0.00026716605833333333,0.0032059927,0.0,12
BA,1869,cyclone,historical,0.008514241944666667,0.0752652,0.0,12
BA,1870,cyclone,historical,0.007694779083333335,0.074265145,0.0,12
BA,1871,cyclone,historical,0.002215128125,0.0144453375,0.0,12
BA,1872,cyclone,historical,0.0055276900833333325,0.037592344,0.0,12
BA,1873,cyclone,historical,0.0064712809166666664,0.037034243,0.0,12
BA,1874,cyclone,historical,0.0032566886083333336,0.020788167,0.0,12
BA,1875,cyclone,historical,0.00767294235,0.08506848,0.0,12
BA,1876,cyclone,historical,0.004717367083333333,0.034119993,0.0,12
BA,1877,cyclone,historical,0.008186879,0.07597511,0.0,12
BA,1878,cyclone,historical,0.0015109246083333334,0.015230358,0.0,12
BA,1879,cyclone,historical,0.002429347083333333,0.01979622,0.0,12
BA,1880,cyclone,historical,0.003021939,0.015271958,0.0,12
BA,1881,cyclone,historical,0.0012718976958333331,0.010102064,0.0,12
BA,1882,cyclone,historical,0.0007518379083333333,0.0063530956,0.0,12
BA,1883,cyclone,historical,0.0009147308358333333,0.005853341,0.0,12
BA,1884,cyclone,historical,0.0059353277375,0.03395143,0.0,12
BA,1885,cyclone,historical,0.007985267255833334,0.089987695,0.0,12
BA,1886,cyclone,historical,0.010797759333333332,0.091683075,0.0,12
BA,1887,cyclone,historical,0.0030313936833333333,0.024781879,0.0,12
BA,1888,cyclone,historical,5.456779166666667e-05,0.0006548135,0.0,12
BA,1889,cyclone,historical,0.006399874333333333,0.046513908,0.0,12
BA,1890,cyclone,historical,0.00027855687500000003,0.0033426825,0.0,12
BA,1891,cyclone,historical,0.008816660333333332,0.083553016,0.0,12
BA,1892,cyclone,historical,0.0,0.0,0.0,12
BA,1893,cyclone,historical,0.0021282788583333336,0.020759532,0.0,12
BA,1894,cyclone,historical,0.00017324823333333332,0.0013177311,0.0,12
BA,1895,cyclone,historical,0.011078386383333333,0.11105193,0.0,12
BA,1896,cyclone,historical,0.0031849219999999998,0.024214592,0.0,12
BA,1897,cyclone,historical,0.0003668468333333334,0.004402162,0.0,12
BA,1898,cyclone,historical,0.0027875947725,0.027850645,0.0,12
BA,1899,cyclone,historical,0.0013528939166666668,0.008577948,0.0,12
BA,1900,cyclone,historical,0.005899895,0.028985763,0.0,12
BA,1901,cyclone,historical,0.008141721499999999,0.04871121,0.0,12
BA,1902,cyclone,historical,0.004890570841666666,0.0195142,0.0,12
BA,1903,cyclone,historical,0.0020948718666666667,0.020118766,0.0,12
BA,1904,cyclone,historical,0.00423404625,0.019701134,0.0,12
BA,1905,cyclone,historical,0.005085024600000001,0.058286503,0.0,12
BA,1906,cyclone,historical,0.007420634333333333,0.024301577,0.0,12
BA,1907,cyclone,historical,0.007451474999999999,0.033741266,0.0,12
BA,1908,cyclone,historical,0.0,0.0,0.0,12
BA,1909,cyclone,historical,0.005555919441666667,0.045410126,0.0,12
BA,1910,cyclone,historical,0.0015974135083333333,0.008618469,0.0,12
BA,1911,cyclone,historical,0.00763660925,0.062137045,0.0,12
BA,1912,cyclone,historical,0.003999927083333334,0.02637191,0.0,12
BA,1913,cyclone,historical,0.00036018344166666665,0.003039588,0.0,12
BA,1914,cyclone,historical,0.0027480195250000005,0.016267685,0.0,12
BA,1915,cyclone,historical,0.008385070666666668,0.085359156,0.0,12
BA,1916,cyclone,historical,0.0016654883333333335,0.016143423,0.0,12
BA,1917,cyclone,historical,0.002839010916666667,0.019387234,0.0,12
BA,1918,cyclone,historical,0.002313728311666667,0.024710024,0.0,12
BA,1919,cyclone,historical,0.010240240583333332,0.06947669,0.0,12
BA,1920,cyclone,historical,0.013274290583333334,0.11495921,0.0,12
BA,1921,cyclone,historical,0.0050940745,0.035846718,0.0,12
BA,1922,cyclone,historical,0.004134545666666667,0.035981245,0.0,12
BA,1923,cyclone,historical,0.007255850250000001,0.038912237,0.0,12
BA,1924,cyclone,historical,0.0025103886416666665,0.015753884,0.0,12
BA,1925,cyclone,historical,0.006013037108333333,0.039388217,0.0,12
BA,1926,cyclone,historical,0.0006748036666666666,0.0047052563,0.0,12
BA,1927,cyclone,historical,0.002606107116666666,0.01706621,0.0,12
BA,1928,cyclone,historical,0.0047267325,0.05672079,0.0,12
BA,1929,cyclone,historical,0.0003569868083333333,0.0042838417,0.0,12
BA,1930,cyclone,historical,0.0024049447791666665,0.027977068,0.0,12
BA,1931,cyclone,historical,0.005544708708333333,0.038601577,0.0,12
BA,1932,cyclone,historical,0.003443353391666667,0.03803969,0.0,12
BA,1933,cyclone,historical,0.005804176058333333,0.046914794,0.0,12
BA,1934,cyclone,historical,0.002197163916666667,0.026365967,0.0,12
BA,1935,cyclone,historical,0.006438414083333333,0.06403017,0.0,12
BA,1936,cyclone,historical,0.0020465173,0.0096612,0.0,12
BA,1937,cyclone,historical,0.0038564839833333336,0.044740725,0.0,12
BA,1938,cyclone,historical,0.0010104046333333334,0.009873529,0.0,12
BA,1939,cyclone,historical,0.0044204862666666666,0.02774529,0.0,12
BA,1940,cyclone,historical,0.005928079008333333,0.028716706,0.0,12
BA,1941,cyclone,historical,0.006427788325,0.058976434,0.0,12
BA,1942,cyclone,historical,0.0008548953916666666,0.0071916026,0.0,12
BA,1943,cyclone,historical,0.003070338583333333,0.02580192,0.0,12
BA,1944,cyclone,historical,0.0043911763,0.028810713,0.0,12
BA,1945,cyclone,historical,0.012777777166666665,0.054632623,0.0,12
BA,1946,cyclone,historical,0.002153401666666667,0.01639573,0.0,12
BA,1947,cyclone,historical,0.0130765045,0.047055807,0.0,12
BA,1948,cyclone,historical,0.0029662907249999996,0.020476429,0.0,12
BA,1949,cyclone,historical,0.005975038275,0.058768973,0.0,12
BA,1950,cyclone,historical,0.0020774479166666667,0.010373282,0.0,12
BA,1951,cyclone,historical,0.0027802108416666665,0.015074757,0.0,12
BA,1952,cyclone,historical,0.004477485333333333,0.04070379,0.0,12
BA,1953,cyclone,historical,0.007145138945833333,0.05884623,0.0,12
BA,1954,cyclone,historical,0.008104757383333333,0.042342443,0.0,12
BA,1955,cyclone,historical,0.0038680094308333334,0.017825298,0.0,12
BA,1956,cyclone,historical,0.0011316964166666666,0.013580357,0.0,12
BA,1957,cyclone,historical,0.0008703382166666667,0.009341357,0.0,12
BA,1958,cyclone,historical,0.0037863835,0.043480806,0.0,12
BA,1959,cyclone,historical,0.006459529733333334,0.043404084,0.0,12
BA,1960,cyclone,historical,0.000444691475,0.0053362977,0.0,12
BA,1961,cyclone,historical,0.02952103941666667,0.096576884,0.0,12
BA,1962,cyclone,historical,0.0042558374166666675,0.03206371,0.0,12
BA,1963,cyclone,historical,0.0013798627166666667,0.011636446,0.0,12
BA,1964,cyclone,historical,0.009877625833333334,0.049284443,0.0,12
BA,1965,cyclone,historical,0.0021231012249999996,0.016130995,0.0,12
BA,1966,cyclone,historical,0.00869172125,0.062331542,0.0,12
BA,1967,cyclone,historical,0.004912407,0.032048043,0.0,12
BA,1968,cyclone,historical,0.007007638875,0.03027864,0.0,12
BA,1969,cyclone,historical,0.0056967965833333335,0.026642049,0.0,12
BA,1970,cyclone,historical,0.0012265146666666667,0.007865866,0.0,12
BA,1971,cyclone,historical,0.00021484941666666667,0.002578193,0.0,12
BA,1972,cyclone,historical,0.0011034669583333335,0.010077212,0.0,12
BA,1973,cyclone,historical,0.005917498524999999,0.033605114,0.0,12
BA,1974,cyclone,historical,0.004714666166666667,0.03805104,0.0,12
BA,1975,cyclone,historical,0.00281190705,0.029522255,0.0,12
BA,1976,cyclone,historical,0.011387425,0.07340503,0.0,12
BA,1977,cyclone,historical,0.0015372629141666668,0.01242957,0.0,12
BA,1978,cyclone,historical,0.0033525874836666664,0.038552415,0.0,12
BA,1979,cyclone,historical,0.0014410488775,0.0057312385,0.0,12
BA,1980,cyclone,historical,0.0024666262166666664,0.016053196,0.0,12
BA,1981,cyclone,historical,0.004498150806666667,0.041848093,0.0,12
BA,1982,cyclone,historical,0.0023473603916666667,0.024648432,0.0,12
BA,1983,cyclone,historical,0.014861168591666668,0.06583685,0.0,12
BA,1984,cyclone,historical,0.0005086240466666667,0.0036663073,0.0,12
BA,1985,cyclone,historical,0.016253953283333334,0.13563284,0.0,12
BA,1986,cyclone,historical,0.0010907705166666667,0.0068966122,0.0,12
BA,1987,cyclone,historical,0.00054630825,0.006555699,0.0,12
BA,1988,cyclone,historical,0.005557675571666667,0.02342309,0.0,12
BA,1989,cyclone,historical,0.0021648374499999997,0.024922892,0.0,12
BA,1990,cyclone,historical,0.0022463292141666666,0.023905557,0.0,12
BA,1991,cyclone,historical,0.0,0.0,0.0,12
BA,1992,cyclone,historical,0.0033688857666666666,0.013668422,0.0,12
BA,1993,cyclone,historical,0.00037859782916666664,0.0020362972,0.0,12
BA,1994,cyclone,historical,0.00261173505,0.01629794,0.0,12
BA,1995,cyclone,historical,0.004990566500000001,0.054969754,0.0,12
BA,1996,cyclone,historical,0.012535419585833332,0.062761605,0.0,12
BA,1997,cyclone,historical,0.006718636791666666,0.049627516,0.0,12
BA,1998,cyclone,historical,0.0029260851083333333,0.016421122,0.0,12
BA,1999,cyclone,historical,0.004450651808333333,0.016881438,0.0,12
BA,2000,cyclone,historical,0.009640939916666667,0.048100695,0.0,12
BA,2001,cyclone,historical,0.00010778489166666666,0.0012934187,0.0,12
BA,2002,cyclone,historical,0.012435873833333333,0.081679344,0.0,12
BA,2003,cyclone,historical,0.00835693125,0.06407231,0.0,12
BA,2004,cyclone,historical,0.0036817050000000004,0.025032569,0.0,12
BA,2005,cyclone,historical,0.004859279586666667,0.032472696,0.0,12
BA,2006,cyclone,historical,0.003208514025,0.020725494,0.0,12
BA,2007,cyclone,historical,0.0023687915,0.012047056,0.0,12
BA,2008,cyclone,historical,0.007021820916666667,0.058661453,0.0,12
BA,2009,cyclone,historical,0.0075806459041666665,0.041490432,0.0,12
BA,2010,cyclone,historical,0.0034183210499999996,0.036573388,0.0,12
BA,2011,cyclone,historical,0.0005889449583333334,0.0070673395,0.0,12
BA,2012,cyclone,historical,0.001893619308333333,0.006947398,0.0,12
BA,2013,cyclone,historical,0.0028522476666666668,0.01988969,0.0,12
BA,2014,cyclone,historical,0.0020528205,0.012004914,0.0,12
BE,1850,cyclone,historical,0.045874268083333336,0.24119584,0.0,12
BE,1851,cyclone,historical,0.0388927885,0.16846374,0.0,12
BE,1852,cyclone,historical,0.01797227524166667,0.12791419,0.0,12
BE,1853,cyclone,historical,0.029888336249999998,0.10863204,0.0,12
BE,1854,cyclone,historical,0.045934553583333336,0.14972861,0.0,12
BE,1855,cyclone,historical,0.04213945716666667,0.13586326,0.0,12
BE,1856,cyclone,historical,0.04772986591666667,0.20833227,0.0,12
BE,1857,cyclone,historical,0.07457703905,0.23697981,0.0,12
BE,1858,cyclone,historical,0.02099297698333333,0.092584796,0.0,12
BE,1859,cyclone,historical,0.038361247419583334,0.19664854,0.0,12
BE,1860,cyclone,historical,0.040461319525000004,0.090056576,0.0,12
BE,1861,cyclone,historical,0.03848179538416666,0.19243817,0.0,12
BE,1862,cyclone,historical,0.038726405166666665,0.12917331,0.0,12
BE,1863,cyclone,historical,0.04715373033333333,0.16741318,0.0,12
BE,1864,cyclone,historical,0.015445341583333334,0.1684216,0.0,12
BE,1865,cyclone,historical,0.04432691883333333,0.15677164,0.0,12
BE,1866,cyclone,historical,0.036850682083333336,0.21592015,0.0,12
BE,1867,cyclone,historical,0.030047583091666663,0.13030708,0.0,12
BE,1868,cyclone,historical,0.033045704425,0.18127987,0.0,12
BE,1869,cyclone,historical,0.037855954666666664,0.12325135,0.0,12
BE,1870,cyclone,historical,0.03956714084166667,0.23388565,0.0,12
BE,1871,cyclone,historical,0.024905693833333336,0.12716429,0.0,12
BE,1872,cyclone,historical,0.0279183358,0.096442625,0.0,12
BE,1873,cyclone,historical,0.031938117485833334,0.19222152,0.0,12
BE,1874,cyclone,historical,0.028463384999999997,0.12644655,0.0,12
BE,1875,cyclone,historical,0.031284834808333335,0.123150855,0.0,12
BE,1876,cyclone,historical,0.03739282607833334,0.16430119,0.0,12
BE,1877,cyclone,historical,0.02721681025,0.16118136,0.0,12
BE,1878,cyclone,historical,0.02140187458333333,0.07092786,0.0,12
BE,1879,cyclone,historical,0.030635740465000002,0.16310205,0.0,12
BE,1880,cyclone,historical,0.04167790533333333,0.15566353,0.0,12
BE,1881,cyclone,historical,0.043558783,0.17428628,0.0,12
BE,1882,cyclone,historical,0.033372615083333335,0.11342482,0.0,12
BE,1883,cyclone,historical,0.03701033408333334,0.14084297,0.0,12
BE,1884,cyclone,historical,0.0212267805,0.10281247,0.0,12
BE,1885,cyclone,historical,0.05087298358333334,0.13779259,0.0,12
BE,1886,cyclone,historical,0.0697237241,0.3350149,0.0,12
BE,1887,cyclone,historical,0.026776982091666665,0.11559538,0.0,12
BE,1888,cyclone,historical,0.0499905575,0.19640785,0.0,12
BE,1889,cyclone,historical,0.0254150834,0.18847796,0.0,12
BE,1890,cyclone,historical,0.04028761800833334,0.164728,0.0,12
BE,1891,cyclone,historical,0.026623184500000004,0.089540616,0.0,12
BE,1892,cyclone,historical,0.03967107585833333,0.21778518,0.0,12
BE,1893,cyclone,historical,0.036248681125,0.1271805,0.0,12
BE,1894,cyclone,historical,0.015167166833333334,0.11763546,0.0,12
BE,1895,cyclone,historical,0.05796391504166667,0.16251342,0.0,12
BE,1896,cyclone,historical,0.028690704216666668,0.08155832,0.0,12
BE,1897,cyclone,historical,0.04307532775,0.1440514,0.0,12
BE,1898,cyclone,historical,0.06750654905999999,0.14709154,0.0,12
BE,1899,cyclone,historical,0.057247555916666665,0.17896181,0.0,12
BE,1900,cyclone,historical,0.045098748991666666,0.16420583,0.0,12
BE,1901,cyclone,historical,0.0368059281575,0.1691496,0.0,12
BE,1902,cyclone,historical,0.028420588583333333,0.12272836,0.0,12
BE,1903,cyclone,historical,0.03361049489166667,0.14895602,0.0,12
BE,1904,cyclone,historical,0.025726552333333333,0.087943554,0.0,12
BE,1905,cyclone,historical,0.03863237539,0.18938509,0.0,12
BE,1906,cyclone,historical,0.05374067555833333,0.17421389,0.0,12
BE,1907,cyclone,historical,0.035287574677499996,0.1456398,0.0,12
BE,1908,cyclone,historical,0.02589622075,0.14464462,0.0,12
BE,1909,cyclone,historical,0.061573785416666665,0.29586035,0.0,12
BE,1910,cyclone,historical,0.03407409516666667,0.14426562,0.0,12
BE,1911,cyclone,historical,0.0280572545,0.105969295,0.0,12
BE,1912,cyclone,historical,0.03506703136416667,0.20330608,0.0,12
BE,1913,cyclone,historical,0.019743927383333335,0.16415882,0.0,12
BE,1914,cyclone,historical,0.05288249158333333,0.20926207,0.0,12
BE,1915,cyclone,historical,0.01300273517625,0.08454442,0.0,12
BE,1916,cyclone,historical,0.05894672066666667,0.24160053,0.0,12
BE,1917,cyclone,historical,0.044766997375000006,0.15928149,0.0,12
BE,1918,cyclone,historical,0.04203660333333333,0.14556552,0.0,12
BE,1919,cyclone,historical,0.058033113458333334,0.31784034,0.0,12
BE,1920,cyclone,historical,0.039314945276666666,0.18701652,0.0,12
BE,1921,cyclone,historical,0.023293940858333334,0.09663199,0.0,12
BE,1922,cyclone,historical,0.024519824566666668,0.110785306,0.0,12
BE,1923,cyclone,historical,0.03606537035,0.19125822,0.0,12
BE,1924,cyclone,historical,0.030969066950000002,0.19056126,0.0,12
BE,1925,cyclone,historical,0.03878576858333333,0.13874537,0.0,12
BE,1926,cyclone,historical,0.0434338235,0.2436441,0.0,12
BE,1927,cyclone,historical,0.049620941083333335,0.20670766,0.0,12
BE,1928,cyclone,historical,0.020273218083333336,0.1375646,0.0,12
BE,1929,cyclone,historical,0.019412580725,0.12101352,0.0,12
BE,1930,cyclone,historical,0.042664741000000006,0.1612092,0.0,12
BE,1931,cyclone,historical,0.06340129045,0.3059789,0.0,12
BE,1932,cyclone,historical,0.05153322166666666,0.17813087,0.0,12
BE,1933,cyclone,historical,0.02815828534166667,0.16221735,0.0,12
BE,1934,cyclone,historical,0.009857455183333334,0.04565379,0.0,12
BE,1935,cyclone,historical,0.03334386925,0.15077864,0.0,12
BE,1936,cyclone,historical,0.04029230308916667,0.20560117,0.0,12
BE,1937,cyclone,historical,0.015137294666666667,0.13634141,0.0,12
BE,1938,cyclone,historical,0.054618665658333336,0.21714199,0.0,12
BE,1939,cyclone,historical,0.070300715,0.17806335,0.0,12
BE,1940,cyclone,historical,0.03408710744166667,0.20898248,0.0,12
BE,1941,cyclone,historical,0.045064417249999995,0.18170318,0.0,12
BE,1942,cyclone,historical,0.021544102491666665,0.13157699,0.0,12
BE,1943,cyclone,historical,0.019638214441666666,0.1117778,0.0,12
BE,1944,cyclone,historical,0.03012542685,0.18451774,0.0,12
BE,1945,cyclone,historical,0.031202961405000004,0.1254057,0.0,12
BE,1946,cyclone,historical,0.052341902333333336,0.1593863,0.0,12
BE,1947,cyclone,historical,0.027655986750833333,0.12807114,0.0,12
BE,1948,cyclone,historical,0.03130829273583333,0.15907754,0.0,12
BE,1949,cyclone,historical,0.02696941,0.1261637,0.0,12
BE,1950,cyclone,historical,0.042214624449999995,0.19850141,0.0,12
BE,1951,cyclone,historical,0.07359628,0.20348787,0.0,12
BE,1952,cyclone,historical,0.03251931839166666,0.13710481,0.0,12
BE,1953,cyclone,historical,0.03229467694166667,0.111556284,0.0,12
BE,1954,cyclone,historical,0.037770095499999996,0.1361669,0.0,12
BE,1955,cyclone,historical,0.06929618698333333,0.30479786,0.0,12
BE,1956,cyclone,historical,0.026988004833333332,0.15611953,0.0,12
BE,1957,cyclone,historical,0.054476327666666664,0.1764582,0.0,12
BE,1958,cyclone,historical,0.0167779755,0.07619474,0.0,12
BE,1959,cyclone,historical,0.02881649845833333,0.14033161,0.0,12
BE,1960,cyclone,historical,0.05550025841666667,0.18702596,0.0,12
BE,1961,cyclone,historical,0.04454588854,0.16838405,0.0,12
BE,1962,cyclone,historical,0.0101873383425,0.03314129,0.0,12
BE,1963,cyclone,historical,0.014718018338333333,0.056698907,0.0,12
BE,1964,cyclone,historical,0.05977289146333333,0.2007179,0.0,12
BE,1965,cyclone,historical,0.03326028341666667,0.17963743,0.0,12
BE,1966,cyclone,historical,0.026427604916666667,0.13651809,0.0,12
BE,1967,cyclone,historical,0.05526449979,0.22467937,0.0,12
BE,1968,cyclone,historical,0.06572228825,0.18358226,0.0,12
BE,1969,cyclone,historical,0.05336151416666667,0.23911552,0.0,12
BE,1970,cyclone,historical,0.03238168341666667,0.11601139,0.0,12
BE,1971,cyclone,historical,0.035488559083333336,0.22306043,0.0,12
BE,1972,cyclone,historical,0.0267221433,0.141608,0.0,12
BE,1973,cyclone,historical,0.059399650284999994,0.22891214,0.0,12
BE,1974,cyclone,historical,0.03474068265,0.12357876,0.0,12
BE,1975,cyclone,historical,0.05072731288333334,0.19303167,0.0,12
BE,1976,cyclone,historical,0.033104728891666664,0.15875147,0.0,12
BE,1977,cyclone,historical,0.028258394866666665,0.120099925,0.0,12
BE,1978,cyclone,historical,0.04942907528333334,0.17880704,0.0,12
BE,1979,cyclone,historical,0.04951268366666667,0.16706577,0.0,12
BE,1980,cyclone,historical,0.05053837341666667,0.18524009,0.0,12
BE,1981,cyclone,historical,0.04766093716666667,0.21499899,0.0,12
BE,1982,cyclone,historical,0.022332815208333332,0.12610807,0.0,12
BE,1983,cyclone,historical,0.04557943488333333,0.19189087,0.0,12
BE,1984,cyclone,historical,0.033774354358333335,0.109681256,0.0,12
BE,1985,cyclone,historical,0.045613585166666665,0.13841796,0.0,12
BE,1986,cyclone,historical,0.020753453733333333,0.17082635,0.0,12
BE,1987,cyclone,historical,0.021462115916666667,0.14665824,0.0,12
BE,1988,cyclone,historical,0.07203126266666666,0.24026144,0.0,12
BE,1989,cyclone,historical,0.03254685153333333,0.19395041,0.0,12
BE,1990,cyclone,historical,0.038919217241666665,0.13891718,0.0,12
BE,1991,cyclone,historical,0.03219004249166666,0.14976048,0.0,12
BE,1992,cyclone,historical,0.05153378455833333,0.16316363,0.0,12
BE,1993,cyclone,historical,0.04144988685,0.17705221,0.0,12
BE,1994,cyclone,historical,0.04152899358333333,0.16602549,0.0,12
BE,1995,cyclone,historical,0.023001876916666664,0.0774506,0.0,12
BE,1996,cyclone,historical,0.0597512579,0.20726845,0.0,12
BE,1997,cyclone,historical,0.05878301859166667,0.15370882,0.0,12
BE,1998,cyclone,historical,0.040920890216666665,0.20353624,0.0,12
BE,1999,cyclone,historical,0.03905543274416667,0.16500598,0.0,12
BE,2000,cyclone,historical,0.05489670458333334,0.20484424,0.0,12
BE,2001,cyclone,historical,0.04096460848333333,0.17944348,0.0,12
BE,2002,cyclone,historical,0.053930558908333336,0.17395402,0.0,12
BE,2003,cyclone,historical,0.03849064296666666,0.14094537,0.0,12
BE,2004,cyclone,historical,0.038331802491666664,0.15413052,0.0,12
BE,2005,cyclone,historical,0.03776658458333334,0.16172165,0.0,12
BE,2006,cyclone,historical,0.05942022761666666,0.16937411,0.0,12
BE,2007,cyclone,historical,0.05110921733033333,0.20106041,0.0,12
BE,2008,cyclone,historical,0.03815542466666667,0.16339055,0.0,12
BE,2009,cyclone,historical,0.020124236791666666,0.086033955,0.0,12
BE,2010,cyclone,historical,0.02956923845833333,0.13248736,0.0,12
BE,2011,cyclone,historical,0.023579116,0.12305442,0.0,12
BE,2012,cyclone,historical,0.04561489030833333,0.2111063,0.0,12
BE,2013,cyclone,historical,0.046981403916666664,0.29711324,0.0,12
BE,2014,cyclone,historical,0.02602050591666667,0.12197603,0.0,12
BG,1850,cyclone,historical,0.008407356916666666,0.036506392,0.0,12
BG,1851,cyclone,historical,0.012616730133333332,0.08510792,0.0,12
BG,1852,cyclone,historical,0.006120506991666667,0.03446361,0.0,12
BG,1853,cyclone,historical,0.01134505805,0.040869653,0.0,12
BG,1854,cyclone,historical,0.008486146833333333,0.045037337,0.0,12
BG,1855,cyclone,historical,0.004265742433333333,0.046700303,0.0,12
BG,1856,cyclone,historical,0.005829793916666667,0.03543827,0.0,12
BG,1857,cyclone,historical,0.013211032566666664,0.06648193,0.0,12
BG,1858,cyclone,historical,0.017252381166666667,0.083524376,0.0,12
BG,1859,cyclone,historical,0.00808319175,0.030600104,0.0,12
BG,1860,cyclone,historical,0.011382787464166667,0.08511171,0.0,12
BG,1861,cyclone,historical,0.014037428858333333,0.07298955,0.0,12
BG,1862,cyclone,historical,0.008778435666666667,0.034585174,0.0,12
BG,1863,cyclone,historical,0.010122009566666668,0.04677702,0.0,12
BG,1864,cyclone,historical,0.015413960750000002,0.078854784,0.0,12
BG,1865,cyclone,historical,0.010944218566666665,0.03679868,0.0,12
BG,1866,cyclone,historical,0.00796329575,0.033125892,0.0,12
BG,1867,cyclone,historical,0.009698209416666667,0.056080565,0.0,12
BG,1868,cyclone,historical,0.004671984416666666,0.047303792,0.0,12
BG,1869,cyclone,historical,0.015070840183333335,0.05315551,0.0,12
BG,1870,cyclone,historical,0.014445111666666668,0.068965584,0.0,12
BG,1871,cyclone,historical,0.005603733983333334,0.054103695,0.0,12
BG,1872,cyclone,historical,0.01138602915,0.047463715,0.0,12
BG,1873,cyclone,historical,0.013383381025,0.06330404,0.0,12
BG,1874,cyclone,historical,0.011224351291666665,0.043360323,0.0,12
BG,1875,cyclone,historical,0.010639008416666667,0.08187762,0.0,12
BG,1876,cyclone,historical,0.004603144333333333,0.031085271,0.0,12
BG,1877,cyclone,historical,0.012404807883333334,0.08293494,0.0,12
BG,1878,cyclone,historical,0.009647558475,0.051021427,0.0,12
BG,1879,cyclone,historical,0.0012256592333333334,0.009357566,0.0,12
BG,1880,cyclone,historical,0.007014437575,0.03823095,0.0,12
BG,1881,cyclone,historical,0.002707904033333333,0.016268225,0.0,12
BG,1882,cyclone,historical,0.006632867908333333,0.049140725,0.0,12
BG,1883,cyclone,historical,0.004752890704166667,0.029125694,0.0,12
BG,1884,cyclone,historical,0.005777027216666667,0.037152022,0.0,12
BG,1885,cyclone,historical,0.013682288475,0.07231853,0.0,12
BG,1886,cyclone,historical,0.012054349291666667,0.053304628,0.0,12
BG,1887,cyclone,historical,0.007447647541666667,0.040879376,0.0,12
BG,1888,cyclone,historical,0.006456062916666667,0.023940673,0.0,12
BG,1889,cyclone,historical,0.0070696353333333335,0.051710274,0.0,12
BG,1890,cyclone,historical,0.0036280375499999997,0.032842785,0.0,12
BG,1891,cyclone,historical,0.009835574083333333,0.06014397,0.0,12
BG,1892,cyclone,historical,0.00800647245,0.0334225,0.0,12
BG,1893,cyclone,historical,0.010805593466666666,0.062914506,0.0,12
BG,1894,cyclone,historical,0.006051711958333333,0.02528974,0.0,12
BG,1895,cyclone,historical,0.020175584583333333,0.100372314,0.0,12
BG,1896,cyclone,historical,0.008804504091666667,0.035650596,0.0,12
BG,1897,cyclone,historical,0.005177096525,0.036496125,0.0,12
BG,1898,cyclone,historical,0.006578705425,0.037400007,0.0,12
BG,1899,cyclone,historical,0.006493702143333333,0.042988073,0.0,12
BG,1900,cyclone,historical,0.0042281034,0.01482515,0.0,12
BG,1901,cyclone,historical,0.013958819083333332,0.08716583,0.0,12
BG,1902,cyclone,historical,0.008742282166666667,0.059687436,0.0,12
BG,1903,cyclone,historical,0.007104348291666666,0.034228593,0.0,12
BG,1904,cyclone,historical,0.01440310575,0.058015287,0.0,12
BG,1905,cyclone,historical,0.01748596033333333,0.0598117,0.0,12
BG,1906,cyclone,historical,0.00982175175,0.03471592,0.0,12
BG,1907,cyclone,historical,0.014087719,0.07216887,0.0,12
BG,1908,cyclone,historical,0.0055887862833333335,0.026445389,0.0,12
BG,1909,cyclone,historical,0.013001361841666665,0.079228655,0.0,12
BG,1910,cyclone,historical,0.006312259866666667,0.033370636,0.0,12
BG,1911,cyclone,historical,0.010797399,0.065940045,0.0,12
BG,1912,cyclone,historical,0.005110057503333333,0.034348533,0.0,12
BG,1913,cyclone,historical,0.006246931591666667,0.028119162,0.0,12
BG,1914,cyclone,historical,0.004269794525,0.026837088,0.0,12
BG,1915,cyclone,historical,0.011953678041666667,0.09850351,0.0,12
BG,1916,cyclone,historical,0.009397861375,0.036679283,0.0,12
BG,1917,cyclone,historical,0.003167588271666667,0.022417638,0.0,12
BG,1918,cyclone,historical,0.016645787416666665,0.04396705,0.0,12
BG,1919,cyclone,historical,0.020677230666666668,0.047409683,0.0,12
BG,1920,cyclone,historical,0.015538268516666667,0.085148446,0.0,12
BG,1921,cyclone,historical,0.010338299725,0.0432447,0.0,12
BG,1922,cyclone,historical,0.008051765608333332,0.058508016,0.0,12
BG,1923,cyclone,historical,0.012372076241666667,0.06992403,0.0,12
BG,1924,cyclone,historical,0.014735599666666667,0.06261465,0.0,12
BG,1925,cyclone,historical,0.0043416510833333335,0.020313265,0.0,12
BG,1926,cyclone,historical,0.003851846625,0.018400151,0.0,12
BG,1927,cyclone,historical,0.004578201558333333,0.050569754,0.0,12
BG,1928,cyclone,historical,0.00752486225,0.043154478,0.0,12
BG,1929,cyclone,historical,0.008340497766666668,0.064769804,0.0,12
BG,1930,cyclone,historical,0.010469812083333334,0.04091936,0.0,12
BG,1931,cyclone,historical,0.009911887775000001,0.050420098,0.0,12
BG,1932,cyclone,historical,0.004678827816666667,0.022372253,0.0,12
BG,1933,cyclone,historical,0.009588173541666667,0.064777374,0.0,12
BG,1934,cyclone,historical,0.006699006416666667,0.04129917,0.0,12
BG,1935,cyclone,historical,0.010997841,0.060835525,0.0,12
BG,1936,cyclone,historical,0.004949325408333333,0.044787727,0.0,12
BG,1937,cyclone,historical,0.011703305083333332,0.04341489,0.0,12
BG,1938,cyclone,historical,0.0070352373833333336,0.04648581,0.0,12
BG,1939,cyclone,historical,0.011560943091666666,0.050173737,0.0,12
BG,1940,cyclone,historical,0.011290715166666666,0.05026666,0.0,12
BG,1941,cyclone,historical,0.010028497558333333,0.063446134,0.0,12
BG,1942,cyclone,historical,0.007326896166666667,0.040186204,0.0,12
BG,1943,cyclone,historical,0.005229413291666666,0.032350056,0.0,12
BG,1944,cyclone,historical,0.018136721458333335,0.06010345,0.0,12
BG,1945,cyclone,historical,0.016074177,0.08616795,0.0,12
BG,1946,cyclone,historical,0.008541480038333332,0.042968623,0.0,12
BG,1947,cyclone,historical,0.015605172583333334,0.076963276,0.0,12
BG,1948,cyclone,historical,0.008710045666666668,0.043170683,0.0,12
BG,1949,cyclone,historical,0.009021244083333333,0.048043966,0.0,12
BG,1950,cyclone,historical,0.0059540125466666675,0.04268174,0.0,12
BG,1951,cyclone,historical,0.0021903205333333336,0.015290868,0.0,12
BG,1952,cyclone,historical,0.012340065500000002,0.07546078,0.0,12
BG,1953,cyclone,historical,0.012522678,0.08268209,0.0,12
BG,1954,cyclone,historical,0.015269661041666667,0.057528496,0.0,12
BG,1955,cyclone,historical,0.008329962250000001,0.050914448,0.0,12
BG,1956,cyclone,historical,0.006420359916666667,0.036287583,0.0,12
BG,1957,cyclone,historical,0.0038040775808333336,0.023007078,0.0,12
BG,1958,cyclone,historical,0.012599622166666666,0.07516254,0.0,12
BG,1959,cyclone,historical,0.007371514066666667,0.0613061,0.0,12
BG,1960,cyclone,historical,0.0083902930875,0.046483114,0.0,12
BG,1961,cyclone,historical,0.026313157233333332,0.08092134,0.0,12
BG,1962,cyclone,historical,0.006082372714999999,0.044721276,0.0,12
BG,1963,cyclone,historical,0.004609537249999999,0.03305187,0.0,12
BG,1964,cyclone,historical,0.013887727958333332,0.039373092,0.0,12
BG,1965,cyclone,historical,0.01610816855,0.067809395,0.0,12
BG,1966,cyclone,historical,0.011854177,0.06360173,0.0,12
BG,1967,cyclone,historical,0.0087427775,0.03878257,0.0,12
BG,1968,cyclone,historical,0.012588771216666668,0.057871033,0.0,12
BG,1969,cyclone,historical,0.016685723083333333,0.053264648,0.0,12
BG,1970,cyclone,historical,0.011791505166666667,0.053269506,0.0,12
BG,1971,cyclone,historical,0.0062128940900000006,0.05592118,0.0,12
BG,1972,cyclone,historical,0.0008969468333333334,0.010763362,0.0,12
BG,1973,cyclone,historical,0.009863217616666666,0.05563861,0.0,12
BG,1974,cyclone,historical,0.005735516041666666,0.039279085,0.0,12
BG,1975,cyclone,historical,0.011694390566666666,0.05404264,0.0,12
BG,1976,cyclone,historical,0.006167195666666667,0.03145806,0.0,12
BG,1977,cyclone,historical,0.0014294779916666667,0.01184067,0.0,12
BG,1978,cyclone,historical,0.007279352333333333,0.042878397,0.0,12
BG,1979,cyclone,historical,0.0032937423916666667,0.02527083,0.0,12
BG,1980,cyclone,historical,0.006262419408333333,0.038554035,0.0,12
BG,1981,cyclone,historical,0.008592085666666667,0.05587093,0.0,12
BG,1982,cyclone,historical,0.003233096583333333,0.02530865,0.0,12
BG,1983,cyclone,historical,0.0171925913,0.065691516,0.0,12
BG,1984,cyclone,historical,0.005697291663333333,0.042051777,0.0,12
BG,1985,cyclone,historical,0.01805171789166667,0.0684199,0.0,12
BG,1986,cyclone,historical,0.005880625016666666,0.04883169,0.0,12
BG,1987,cyclone,historical,0.0060587355,0.033232324,0.0,12
BG,1988,cyclone,historical,0.009028132891666667,0.040041413,0.0,12
BG,1989,cyclone,historical,0.004193300600000001,0.025255702,0.0,12
BG,1990,cyclone,historical,0.005945502833333334,0.037498876,0.0,12
BG,1991,cyclone,historical,0.006773024391666667,0.0519561,0.0,12
BG,1992,cyclone,historical,0.007869422629166666,0.042794652,0.0,12
BG,1993,cyclone,historical,0.008361342928333333,0.042375937,0.0,12
BG,1994,cyclone,historical,0.008073286716666666,0.0442199,0.0,12
BG,1995,cyclone,historical,0.0008943354691666666,0.00579229,0.0,12
BG,1996,cyclone,historical,0.025146881891666667,0.084752426,0.0,12
BG,1997,cyclone,historical,0.011762015,0.051751874,0.0,12
BG,1998,cyclone,historical,0.0041774072833333335,0.039406046,0.0,12
BG,1999,cyclone,historical,0.010473008666666667,0.04922609,0.0,12
BG,2000,cyclone,historical,0.0169999827,0.089709446,0.0,12
BG,2001,cyclone,historical,0.0021884295833333334,0.01415791,0.0,12
BG,2002,cyclone,historical,0.020369003041666667,0.09826146,0.0,12
BG,2003,cyclone,historical,0.005537685070833333,0.05580934,0.0,12
BG,2004,cyclone,historical,0.015117979583333335,0.079390734,0.0,12
BG,2005,cyclone,historical,0.0129113155,0.052570395,0.0,12
BG,2006,cyclone,historical,0.01171203975,0.043344654,0.0,12
BG,2007,cyclone,historical,0.009884153833333333,0.050751287,0.0,12
BG,2008,cyclone,historical,0.0069469479,0.04453596,0.0,12
BG,2009,cyclone,historical,0.010892082391666667,0.060228795,0.0,12
BG,2010,cyclone,historical,0.005508915591666667,0.033079967,0.0,12
BG,2011,cyclone,historical,0.003183031108333333,0.030301873,0.0,12
BG,2012,cyclone,historical,0.00879788555,0.050417937,0.0,12
BG,2013,cyclone,historical,0.00675150325,0.03153586,0.0,12
BG,2014,cyclone,historical,0.008587223125,0.040161893,0.0,12
BJ,1850,cyclone,historical,0.31632862083333335,0.39962876,0.21525784,12
BJ,1851,cyclone,historical,0.30457015,0.36929858,0.21020293,12
BJ,1852,cyclone,historical,0.323354455,0.39614254,0.22345066,12
BJ,1853,cyclone,historical,0.318116295,0.39433768,0.20582943,12
BJ,1854,cyclone,historical,0.28149805333333333,0.35564023,0.1418426,12
BJ,1855,cyclone,historical,0.2659135725,0.34158865,0.16333239,12
BJ,1856,cyclone,historical,0.28446823,0.34917352,0.11111024,12
BJ,1857,cyclone,historical,0.3355347608333334,0.43419498,0.20463854,12
BJ,1858,cyclone,historical,0.32351023333333334,0.39570612,0.20351323,12
BJ,1859,cyclone,historical,0.28046024333333336,0.39890903,0.16558385,12
BJ,1860,cyclone,historical,0.24051652583333336,0.32194754,0.13630474,12
BJ,1861,cyclone,historical,0.27747515,0.34558168,0.18091655,12
BJ,1862,cyclone,historical,0.3116369975,0.40124243,0.18326804,12
BJ,1863,cyclone,historical,0.3035497558333333,0.42424545,0.17443658,12
BJ,1864,cyclone,historical,0.25654127916666664,0.34723568,0.17402585,12
BJ,1865,cyclone,historical,0.2800272025,0.3342026,0.19816163,12
BJ,1866,cyclone,historical,0.3043043125,0.39231157,0.20045799,12
BJ,1867,cyclone,historical,0.33895087500000004,0.4302904,0.21870449,12
BJ,1868,cyclone,historical,0.34622944083333335,0.4448163,0.22922972,12
BJ,1869,cyclone,historical,0.26686114333333333,0.35332206,0.17110948,12
BJ,1870,cyclone,historical,0.27969169916666664,0.359254,0.22429602,12
BJ,1871,cyclone,historical,0.32029151166666664,0.399809,0.2075508,12
BJ,1872,cyclone,historical,0.36547089250000003,0.45736086,0.23567069,12
BJ,1873,cyclone,historical,0.3109064825,0.41777903,0.21425194,12
BJ,1874,cyclone,historical,0.255629115,0.31377697,0.18003783,12
BJ,1875,cyclone,historical,0.28998165416666666,0.3824854,0.21350928,12
BJ,1876,cyclone,historical,0.3238536975,0.4302962,0.17195536,12
BJ,1877,cyclone,historical,0.2905393783333333,0.38347,0.18476288,12
BJ,1878,cyclone,historical,0.24942713416666665,0.3318658,0.14167315,12
BJ,1879,cyclone,historical,0.27414441666666667,0.33647254,0.20103934,12
BJ,1880,cyclone,historical,0.3053148970833333,0.4358087,0.113142245,12
BJ,1881,cyclone,historical,0.33322352,0.42922872,0.2153907,12
BJ,1882,cyclone,historical,0.28637012833333336,0.35720736,0.16151813,12
BJ,1883,cyclone,historical,0.2587707875,0.34818494,0.13473538,12
BJ,1884,cyclone,historical,0.2731980508333333,0.35223877,0.18458371,12
BJ,1885,cyclone,historical,0.29507841583333333,0.42242908,0.15982607,12
BJ,1886,cyclone,historical,0.32867344,0.43894178,0.1979851,12
BJ,1887,cyclone,historical,0.2666591025,0.3497524,0.12836471,12
BJ,1888,cyclone,historical,0.2372783425,0.3143279,0.13430175,12
BJ,1889,cyclone,historical,0.2776634258333333,0.34463692,0.19794656,12
BJ,1890,cyclone,historical,0.3349486841666667,0.4256303,0.20763135,12
BJ,1891,cyclone,historical,0.3345641166666667,0.40731534,0.24681434,12
BJ,1892,cyclone,historical,0.3164318641666667,0.3948995,0.20562933,12
BJ,1893,cyclone,historical,0.27947586,0.35085955,0.1811349,12
BJ,1894,cyclone,historical,0.2849324233333333,0.3588242,0.17561726,12
BJ,1895,cyclone,historical,0.34124805166666666,0.43778706,0.20775415,12
BJ,1896,cyclone,historical,0.29442220583333334,0.3662393,0.16929922,12
BJ,1897,cyclone,historical,0.27931383,0.35806763,0.16045669,12
BJ,1898,cyclone,historical,0.2913561458333333,0.39450794,0.19241165,12
BJ,1899,cyclone,historical,0.322980575,0.4527985,0.17493397,12
BJ,1900,cyclone,historical,0.31973328333333334,0.3970562,0.22459409,12
BJ,1901,cyclone,historical,0.3118057716666667,0.38228917,0.19755548,12
BJ,1902,cyclone,historical,0.32906771333333334,0.43923128,0.2101022,12
BJ,1903,cyclone,historical,0.264856645,0.34118754,0.16124564,12
BJ,1904,cyclone,historical,0.2772832625,0.3574473,0.17904696,12
BJ,1905,cyclone,historical,0.2716101258333333,0.35177463,0.18675902,12
BJ,1906,cyclone,historical,0.31401509833333335,0.3849142,0.24892873,12
BJ,1907,cyclone,historical,0.280221455,0.35326463,0.16796151,12
BJ,1908,cyclone,historical,0.303334845,0.3673068,0.22158712,12
BJ,1909,cyclone,historical,0.3151171308333333,0.41724747,0.15606487,12
BJ,1910,cyclone,historical,0.30287780416666665,0.3912071,0.19871216,12
BJ,1911,cyclone,historical,0.29697196833333334,0.37843096,0.23219451,12
BJ,1912,cyclone,historical,0.3086882583333333,0.39626104,0.17453243,12
BJ,1913,cyclone,historical,0.32313218,0.39337498,0.23188314,12
BJ,1914,cyclone,historical,0.32140319333333334,0.43091148,0.18849628,12
BJ,1915,cyclone,historical,0.294323255,0.3827467,0.1673997,12
BJ,1916,cyclone,historical,0.2718281983333333,0.34595266,0.12661067,12
BJ,1917,cyclone,historical,0.287226695,0.3539424,0.1785138,12
BJ,1918,cyclone,historical,0.32856727583333334,0.3787173,0.255706,12
BJ,1919,cyclone,historical,0.34786855,0.43908033,0.2282101,12
BJ,1920,cyclone,historical,0.2905049475,0.35533324,0.14908977,12
BJ,1921,cyclone,historical,0.28523199250000003,0.36985114,0.17240278,12
BJ,1922,cyclone,historical,0.29030627583333335,0.36018977,0.20588796,12
BJ,1923,cyclone,historical,0.32668594916666666,0.44275248,0.17886108,12
BJ,1924,cyclone,historical,0.2691714983333333,0.36403632,0.14980048,12
BJ,1925,cyclone,historical,0.27740845583333335,0.34100753,0.18796739,12
BJ,1926,cyclone,historical,0.31051553833333334,0.36525214,0.21379116,12
BJ,1927,cyclone,historical,0.3505979133333333,0.4458859,0.2234076,12
BJ,1928,cyclone,historical,0.32013536416666666,0.40335596,0.1993649,12
BJ,1929,cyclone,historical,0.2806309483333333,0.3497029,0.18838741,12
BJ,1930,cyclone,historical,0.29735925916666667,0.40216157,0.15055527,12
BJ,1931,cyclone,historical,0.3423975758333333,0.46081582,0.1909968,12
BJ,1932,cyclone,historical,0.3347689125,0.42885855,0.16523114,12
BJ,1933,cyclone,historical,0.2895844175,0.35262305,0.17287317,12
BJ,1934,cyclone,historical,0.28606840166666664,0.35616648,0.19320643,12
BJ,1935,cyclone,historical,0.3240256133333333,0.42828703,0.16951844,12
BJ,1936,cyclone,historical,0.31839997,0.40726355,0.1836329,12
BJ,1937,cyclone,historical,0.294709885,0.35925952,0.17147313,12
BJ,1938,cyclone,historical,0.3326630683333333,0.4198652,0.2004298,12
BJ,1939,cyclone,historical,0.3393441475,0.4333992,0.21418174,12
BJ,1940,cyclone,historical,0.3163635891666667,0.41769177,0.17063795,12
BJ,1941,cyclone,historical,0.2847627175,0.374955,0.18743205,12
BJ,1942,cyclone,historical,0.3074785,0.37402022,0.22176744,12
BJ,1943,cyclone,historical,0.3185111366666667,0.4001136,0.23313075,12
BJ,1944,cyclone,historical,0.34771059249999997,0.46591657,0.24605075,12
BJ,1945,cyclone,historical,0.3241916658333333,0.41175252,0.24126258,12
BJ,1946,cyclone,historical,0.3327172883333333,0.40719718,0.2178105,12
BJ,1947,cyclone,historical,0.3547329416666667,0.42331648,0.22417885,12
BJ,1948,cyclone,historical,0.2925369225,0.39276212,0.14451493,12
BJ,1949,cyclone,historical,0.2636000058333334,0.3469923,0.13358808,12
BJ,1950,cyclone,historical,0.29395166666666667,0.35892242,0.19817501,12
BJ,1951,cyclone,historical,0.36915166499999996,0.45876265,0.29046294,12
BJ,1952,cyclone,historical,0.32705706333333334,0.44908166,0.151171,12
BJ,1953,cyclone,historical,0.2829552991666667,0.33841908,0.2088581,12
BJ,1954,cyclone,historical,0.29201565,0.38001215,0.15880914,12
BJ,1955,cyclone,historical,0.31469202916666666,0.42169526,0.21462424,12
BJ,1956,cyclone,historical,0.321004415,0.39236498,0.21701407,12
BJ,1957,cyclone,historical,0.3596877758333334,0.45858607,0.21204326,12
BJ,1958,cyclone,historical,0.3344070108333333,0.42563623,0.26978058,12
BJ,1959,cyclone,historical,0.3190936741666667,0.37963828,0.23599409,12
BJ,1960,cyclone,historical,0.3468119233333333,0.42354736,0.25525358,12
BJ,1961,cyclone,historical,0.3632962966666667,0.42561275,0.2544868,12
BJ,1962,cyclone,historical,0.287750035,0.36446255,0.1530081,12
BJ,1963,cyclone,historical,0.23695464716666667,0.31246036,0.119126536,12
BJ,1964,cyclone,historical,0.305213605,0.3908161,0.17737746,12
BJ,1965,cyclone,historical,0.3312416133333333,0.4459622,0.17839414,12
BJ,1966,cyclone,historical,0.26770790166666664,0.35607094,0.15333842,12
BJ,1967,cyclone,historical,0.2848060391666667,0.37607202,0.21615115,12
BJ,1968,cyclone,historical,0.34235553500000004,0.44571954,0.22224635,12
BJ,1969,cyclone,historical,0.3247092425,0.40317747,0.23456898,12
BJ,1970,cyclone,historical,0.3038534908333333,0.36792302,0.18804294,12
BJ,1971,cyclone,historical,0.28189245,0.3314104,0.18617997,12
BJ,1972,cyclone,historical,0.29453607083333333,0.3523319,0.22423756,12
BJ,1973,cyclone,historical,0.3407083358333333,0.42895335,0.2232925,12
BJ,1974,cyclone,historical,0.3177905091666667,0.41075355,0.22149503,12
BJ,1975,cyclone,historical,0.29302621166666665,0.37891215,0.19748352,12
BJ,1976,cyclone,historical,0.3274958866666667,0.38875973,0.26802224,12
BJ,1977,cyclone,historical,0.34248509250000003,0.46152025,0.22087277,12
BJ,1978,cyclone,historical,0.32460028916666667,0.3878726,0.25916538,12
BJ,1979,cyclone,historical,0.3012241325,0.36727512,0.20255888,12
BJ,1980,cyclone,historical,0.34397996333333336,0.44489422,0.20433158,12
BJ,1981,cyclone,historical,0.3404173441666667,0.4746496,0.21006986,12
BJ,1982,cyclone,historical,0.268149535,0.35480332,0.14608723,12
BJ,1983,cyclone,historical,0.2636330466666667,0.32529742,0.1747726,12
BJ,1984,cyclone,historical,0.35157879000000003,0.4201357,0.23104173,12
BJ,1985,cyclone,historical,0.35684475416666667,0.4503399,0.24864247,12
BJ,1986,cyclone,historical,0.287642785,0.36069146,0.19618201,12
BJ,1987,cyclone,historical,0.3076320825,0.37691122,0.25312775,12
BJ,1988,cyclone,historical,0.3389199641666667,0.4275185,0.22340333,12
BJ,1989,cyclone,historical,0.33022428666666664,0.41092408,0.21299513,12
BJ,1990,cyclone,historical,0.3281943858333333,0.36967862,0.25818735,12
BJ,1991,cyclone,historical,0.29605572583333334,0.37821224,0.20379181,12
BJ,1992,cyclone,historical,0.294505755,0.34864223,0.22756732,12
BJ,1993,cyclone,historical,0.3457786758333334,0.44579905,0.26489002,12
BJ,1994,cyclone,historical,0.35249363166666664,0.45726782,0.24193053,12
BJ,1995,cyclone,historical,0.28913761666666665,0.36057368,0.1799954,12
BJ,1996,cyclone,historical,0.31556019,0.3976155,0.21613413,12
BJ,1997,cyclone,historical,0.3670123308333333,0.4848126,0.26645684,12
BJ,1998,cyclone,historical,0.3340505675,0.4062491,0.2261377,12
BJ,1999,cyclone,historical,0.2832900033333334,0.33699405,0.20055461,12
BJ,2000,cyclone,historical,0.3112464725,0.39617804,0.24417356,12
BJ,2001,cyclone,historical,0.37833086083333334,0.45421398,0.2999159,12
BJ,2002,cyclone,historical,0.3853126941666667,0.4612727,0.28017575,12
BJ,2003,cyclone,historical,0.29391609916666667,0.39615077,0.12376545,12
BJ,2004,cyclone,historical,0.29877531583333333,0.37302175,0.18311633,12
BJ,2005,cyclone,historical,0.3249381375,0.38346505,0.23558953,12
BJ,2006,cyclone,historical,0.39386797500000004,0.4855318,0.29137945,12
BJ,2007,cyclone,historical,0.3705867383333334,0.4481793,0.2663806,12
BJ,2008,cyclone,historical,0.36420083500000006,0.4383811,0.2402662,12
BJ,2009,cyclone,historical,0.38496660166666663,0.4503984,0.29556686,12
BJ,2010,cyclone,historical,0.39378432333333335,0.48181707,0.26206163,12
BJ,2011,cyclone,historical,0.3462103633333333,0.44279253,0.24521193,12
BJ,2012,cyclone,historical,0.3213687966666667,0.39373797,0.22186762,12
BJ,2013,cyclone,historical,0.3493078966666667,0.42260507,0.26474285,12
BJ,2014,cyclone,historical,0.40304638,0.46997008,0.3030919,12
BN,1850,cyclone,historical,0.20919630916666665,0.29278713,0.07707363,12
BN,1851,cyclone,historical,0.2577476808333333,0.3737835,0.17891526,12
BN,1852,cyclone,historical,0.243850695,0.38374817,0.07282926,12
BN,1853,cyclone,historical,0.25634164333333337,0.37001613,0.11624378,12
BN,1854,cyclone,historical,0.24434226666666667,0.32127172,0.11297962,12
BN,1855,cyclone,historical,0.2183991316666667,0.32226807,0.15093398,12
BN,1856,cyclone,historical,0.22280045383333336,0.31111103,0.107347846,12
BN,1857,cyclone,historical,0.2454687395,0.41438344,0.080856204,12
BN,1858,cyclone,historical,0.23068654583333334,0.37901038,0.10810759,12
BN,1859,cyclone,historical,0.2577078075,0.3427856,0.12657923,12
BN,1860,cyclone,historical,0.24119362749999998,0.3373273,0.14095667,12
BN,1861,cyclone,historical,0.21297841333333334,0.34739602,0.06590371,12
BN,1862,cyclone,historical,0.2460709375,0.39650047,0.10133536,12
BN,1863,cyclone,historical,0.2826604641666667,0.39055294,0.09485856,12
BN,1864,cyclone,historical,0.259550385,0.36266485,0.14613244,12
BN,1865,cyclone,historical,0.23161366166666666,0.31935835,0.09134804,12
BN,1866,cyclone,historical,0.21255732791666668,0.36275178,0.074416295,12
BN,1867,cyclone,historical,0.22944529633333333,0.3878389,0.0736119,12
BN,1868,cyclone,historical,0.28683534250000003,0.43767214,0.14099401,12
BN,1869,cyclone,historical,0.2474228483333333,0.32277304,0.14503895,12
BN,1870,cyclone,historical,0.23331110666666666,0.32162103,0.17383084,12
BN,1871,cyclone,historical,0.23927779000000002,0.3820271,0.09231058,12
BN,1872,cyclone,historical,0.25984252999999996,0.3990643,0.14057033,12
BN,1873,cyclone,historical,0.2938762516666667,0.3679101,0.15308,12
BN,1874,cyclone,historical,0.24347933916666664,0.3462838,0.20008114,12
BN,1875,cyclone,historical,0.21575368833333333,0.34659883,0.07895601,12
BN,1876,cyclone,historical,0.2324061055,0.39987576,0.029473566,12
BN,1877,cyclone,historical,0.28113551583333335,0.3785447,0.11451541,12
BN,1878,cyclone,historical,0.23992429583333333,0.3103519,0.18380068,12
BN,1879,cyclone,historical,0.216624445,0.3000785,0.11245885,12
BN,1880,cyclone,historical,0.24154057633333334,0.4069183,0.07707457,12
BN,1881,cyclone,historical,0.2678077075,0.375135,0.15300983,12
BN,1882,cyclone,historical,0.26256754916666664,0.3203621,0.1627897,12
BN,1883,cyclone,historical,0.20693708333333335,0.3274221,0.14753363,12
BN,1884,cyclone,historical,0.19599195783333334,0.33830127,0.045886654,12
BN,1885,cyclone,historical,0.21247497341666666,0.3203156,0.06186491,12
BN,1886,cyclone,historical,0.24528303458333334,0.3833015,0.091001585,12
BN,1887,cyclone,historical,0.26575247166666666,0.34925488,0.13841704,12
BN,1888,cyclone,historical,0.23174309583333333,0.3094575,0.1657273,12
BN,1889,cyclone,historical,0.2224185125,0.33030593,0.11929353,12
BN,1890,cyclone,historical,0.24485810633333335,0.41535288,0.08032155,12
BN,1891,cyclone,historical,0.22959754791666667,0.3945641,0.061717525,12
BN,1892,cyclone,historical,0.25614354083333335,0.35946542,0.16148694,12
BN,1893,cyclone,historical,0.24804499333333332,0.36377618,0.14894262,12
BN,1894,cyclone,historical,0.21185130883333333,0.35371992,0.110537566,12
BN,1895,cyclone,historical,0.23747905733333333,0.4232299,0.029056892,12
BN,1896,cyclone,historical,0.2817525975,0.38107044,0.17374569,12
BN,1897,cyclone,historical,0.23257855541666664,0.34683537,0.094850585,12
BN,1898,cyclone,historical,0.20044213133333333,0.3182276,0.09016967,12
BN,1899,cyclone,historical,0.2367644320833333,0.37592453,0.082457975,12
BN,1900,cyclone,historical,0.2489561225,0.4118579,0.09979231,12
BN,1901,cyclone,historical,0.24413185333333332,0.36162722,0.14442068,12
BN,1902,cyclone,historical,0.2612612925,0.4001719,0.0802093,12
BN,1903,cyclone,historical,0.23155361124999999,0.3666936,0.124752015,12
BN,1904,cyclone,historical,0.21017099416666665,0.31185427,0.11386685,12
BN,1905,cyclone,historical,0.19929199666666667,0.32605308,0.07562266,12
BN,1906,cyclone,historical,0.23714885583333334,0.4324211,0.07310228,12
BN,1907,cyclone,historical,0.23570934416666667,0.3278135,0.12843141,12
BN,1908,cyclone,historical,0.211967578,0.29885226,0.09068245,12
BN,1909,cyclone,historical,0.24420419291666665,0.39373857,0.104493275,12
BN,1910,cyclone,historical,0.25600595833333334,0.38620406,0.10813402,12
BN,1911,cyclone,historical,0.23899804666666669,0.35288593,0.0772986,12
BN,1912,cyclone,historical,0.24949655083333333,0.3976087,0.163177,12
BN,1913,cyclone,historical,0.23307739333333333,0.34572077,0.09983316,12
BN,1914,cyclone,historical,0.2538655475,0.38891253,0.1363798,12
BN,1915,cyclone,historical,0.26263918833333333,0.38795215,0.12941048,12
BN,1916,cyclone,historical,0.24996858916666667,0.37260687,0.1735026,12
BN,1917,cyclone,historical,0.21842830666666668,0.3653633,0.09548831,12
BN,1918,cyclone,historical,0.21518931875,0.34806138,0.0373889,12
BN,1919,cyclone,historical,0.25198314083333334,0.38733435,0.11013726,12
BN,1920,cyclone,historical,0.25858095,0.37534875,0.14977336,12
BN,1921,cyclone,historical,0.2409247125,0.34710938,0.13310766,12
BN,1922,cyclone,historical,0.20586092508333334,0.32733184,0.094432995,12
BN,1923,cyclone,historical,0.2569407395,0.4072234,0.03786899,12
BN,1924,cyclone,historical,0.24612791666666667,0.32426322,0.12051755,12
BN,1925,cyclone,historical,0.23997851416666668,0.2816467,0.17598893,12
BN,1926,cyclone,historical,0.23246449333333333,0.32647994,0.12782404,12
BN,1927,cyclone,historical,0.257805943,0.40086865,0.06809437,12
BN,1928,cyclone,historical,0.26995671083333334,0.34376281,0.17892276,12
BN,1929,cyclone,historical,0.23509101916666666,0.325112,0.15472575,12
BN,1930,cyclone,historical,0.23334233666666668,0.3589015,0.12127048,12
BN,1931,cyclone,historical,0.254779465,0.40776706,0.07737619,12
BN,1932,cyclone,historical,0.2737940175,0.41800553,0.08855535,12
BN,1933,cyclone,historical,0.26835780833333334,0.32737672,0.20021681,12
BN,1934,cyclone,historical,0.21516957299999998,0.345983,0.092671216,12
BN,1935,cyclone,historical,0.266701385,0.4195801,0.11384499,12
BN,1936,cyclone,historical,0.27719747916666665,0.37050134,0.1491947,12
BN,1937,cyclone,historical,0.24173091666666668,0.35289255,0.1468125,12
BN,1938,cyclone,historical,0.24515682966666666,0.38667235,0.11310679,12
BN,1939,cyclone,historical,0.28581228,0.43851942,0.15703368,12
BN,1940,cyclone,historical,0.26898062041666665,0.38739175,0.110166475,12
BN,1941,cyclone,historical,0.250997795,0.39307848,0.15657179,12
BN,1942,cyclone,historical,0.24923126916666669,0.38436037,0.13586389,12
BN,1943,cyclone,historical,0.23416771666666666,0.401259,0.12212463,12
BN,1944,cyclone,historical,0.2554518875,0.35160196,0.17791091,12
BN,1945,cyclone,historical,0.24146706033333332,0.37466165,0.089107744,12
BN,1946,cyclone,historical,0.24444280416666667,0.36866826,0.10315391,12
BN,1947,cyclone,historical,0.28301124666666666,0.4190843,0.09430252,12
BN,1948,cyclone,historical,0.30266899750000004,0.38426661,0.16678199,12
BN,1949,cyclone,historical,0.2543154975,0.34810582,0.18183495,12
BN,1950,cyclone,historical,0.21804394083333334,0.34618127,0.09802802,12
BN,1951,cyclone,historical,0.27494368416666665,0.42656943,0.08065361,12
BN,1952,cyclone,historical,0.27445769125,0.45615584,0.102005295,12
BN,1953,cyclone,historical,0.24526751,0.33521688,0.11244188,12
BN,1954,cyclone,historical,0.23397863833333332,0.33473998,0.15336552,12
BN,1955,cyclone,historical,0.25391669499999997,0.36923665,0.14658365,12
BN,1956,cyclone,historical,0.2424880941666667,0.37435985,0.11478027,12
BN,1957,cyclone,historical,0.27489931083333335,0.4147262,0.15249795,12
BN,1958,cyclone,historical,0.23893070083333334,0.3327085,0.11467011,12
BN,1959,cyclone,historical,0.20951832166666665,0.31574902,0.078497015,12
BN,1960,cyclone,historical,0.2633226991666667,0.38235176,0.11944814,12
BN,1961,cyclone,historical,0.2797763875,0.393198,0.15659642,12
BN,1962,cyclone,historical,0.30699933,0.3975128,0.21685869,12
BN,1963,cyclone,historical,0.21868268916666667,0.34046632,0.1222061,12
BN,1964,cyclone,historical,0.21645563575000001,0.3501696,0.072580315,12
BN,1965,cyclone,historical,0.27338509375000003,0.39198038,0.10582432,12
BN,1966,cyclone,historical,0.24871542,0.33385992,0.15242048,12
BN,1967,cyclone,historical,0.23008520416666667,0.34928793,0.13519198,12
BN,1968,cyclone,historical,0.25204419083333335,0.45384836,0.12646262,12
BN,1969,cyclone,historical,0.26360019533333334,0.4084024,0.112388164,12
BN,1970,cyclone,historical,0.25999687916666664,0.3441912,0.1515007,12
BN,1971,cyclone,historical,0.24330822166666666,0.36105424,0.13471213,12
BN,1972,cyclone,historical,0.19490627216666667,0.31243026,0.055338316,12
BN,1973,cyclone,historical,0.2540432246666667,0.358746,0.070318446,12
BN,1974,cyclone,historical,0.23984764416666668,0.3204964,0.11338477,12
BN,1975,cyclone,historical,0.23686506966666665,0.3238836,0.094092436,12
BN,1976,cyclone,historical,0.2046005641666667,0.31116745,0.085367166,12
BN,1977,cyclone,historical,0.25255680750000004,0.3695088,0.10327622,12
BN,1978,cyclone,historical,0.24465681916666668,0.3870067,0.12674391,12
BN,1979,cyclone,historical,0.2605009191666667,0.41562065,0.13264813,12
BN,1980,cyclone,historical,0.2710148075,0.3947063,0.12522525,12
BN,1981,cyclone,historical,0.26448996916666667,0.3439265,0.15019599,12
BN,1982,cyclone,historical,0.2759693458333333,0.34014294,0.18317649,12
BN,1983,cyclone,historical,0.22609408916666665,0.2835578,0.1367319,12
BN,1984,cyclone,historical,0.220941685,0.36519232,0.05966226,12
BN,1985,cyclone,historical,0.2853523475,0.39649457,0.10950114,12
BN,1986,cyclone,historical,0.24909728416666665,0.38296378,0.16588701,12
BN,1987,cyclone,historical,0.23522001583333332,0.34369797,0.09516764,12
BN,1988,cyclone,historical,0.25334965083333333,0.41736427,0.0640341,12
BN,1989,cyclone,historical,0.260548945,0.33905876,0.16396931,12
BN,1990,cyclone,historical,0.24582809166666666,0.32723564,0.11011234,12
BN,1991,cyclone,historical,0.26275479166666665,0.3401745,0.17014632,12
BN,1992,cyclone,historical,0.21844505666666666,0.36923838,0.09343327,12
BN,1993,cyclone,historical,0.24476211891666666,0.37297976,0.048059173,12
BN,1994,cyclone,historical,0.28580498416666666,0.44378537,0.12150143,12
BN,1995,cyclone,historical,0.2590923408333333,0.37148547,0.13451739,12
BN,1996,cyclone,historical,0.24212409083333333,0.32999945,0.11623823,12
BN,1997,cyclone,historical,0.27600060249999997,0.42635047,0.09894851,12
BN,1998,cyclone,historical,0.2891478375,0.38301727,0.13346529,12
BN,1999,cyclone,historical,0.24983160000000001,0.34206864,0.15996464,12
BN,2000,cyclone,historical,0.24172010583333334,0.40617472,0.06925954,12
BN,2001,cyclone,historical,0.26764193416666665,0.3987763,0.14588696,12
BN,2002,cyclone,historical,0.2901392466666667,0.4454152,0.13078186,12
BN,2003,cyclone,historical,0.3177211933333333,0.4059956,0.17712648,12
BN,2004,cyclone,historical,0.270629805,0.36261553,0.22073936,12
BN,2005,cyclone,historical,0.24109628500000002,0.34329206,0.11577478,12
BN,2006,cyclone,historical,0.27096211,0.41935208,0.12892888,12
BN,2007,cyclone,historical,0.28351174416666663,0.4172368,0.18020289,12
BN,2008,cyclone,historical,0.2676659458333333,0.35686576,0.16296656,12
BN,2009,cyclone,historical,0.29149658666666667,0.4337961,0.17164046,12
BN,2010,cyclone,historical,0.283471345,0.41737986,0.11620042,12
BN,2011,cyclone,historical,0.3140265641666667,0.3882861,0.20606679,12
BN,2012,cyclone,historical,0.27924269,0.37489122,0.14964247,12
BN,2013,cyclone,historical,0.2603314483333333,0.37055868,0.11881087,12
BN,2014,cyclone,historical,0.27561125000000003,0.4059254,0.12533912,12
CC,1850,cyclone,historical,0.08741404811466667,0.3412264,0.0,300
CC,1851,cyclone,historical,0.09098445247366667,0.31424576,0.0,300
CC,1852,cyclone,historical,0.06991498395326667,0.32286084,0.0,300
CC,1853,cyclone,historical,0.08373822416456667,0.35931027,0.0,300
CC,1854,cyclone,historical,0.0908904600652,0.33095896,0.0,300
CC,1855,cyclone,historical,0.06571165633756666,0.2912689,0.0,300
CC,1856,cyclone,historical,0.07010003611719,0.30791116,0.0,300
CC,1857,cyclone,historical,0.087374454543,0.38662976,0.0,300
CC,1858,cyclone,historical,0.08357459055906666,0.38188726,0.0,300
CC,1859,cyclone,historical,0.09319110810996667,0.3309675,0.0,300
CC,1860,cyclone,historical,0.08759108276243333,0.30050957,0.0,300
CC,1861,cyclone,historical,0.07893083384786666,0.2907349,0.0,300
CC,1862,cyclone,historical,0.08431481835266666,0.34298527,0.0,300
CC,1863,cyclone,historical,0.096015213362,0.37963498,0.0,300
CC,1864,cyclone,historical,0.0838353525614,0.31789732,0.0,300
CC,1865,cyclone,historical,0.07373881594833667,0.31074893,0.0,300
CC,1866,cyclone,historical,0.06218133404243333,0.33817223,0.0,300
CC,1867,cyclone,historical,0.06757179453353333,0.3322766,0.0,300
CC,1868,cyclone,historical,0.08849881267933334,0.3828497,0.0,300
CC,1869,cyclone,historical,0.08635134467116666,0.32376885,0.0,300
CC,1870,cyclone,historical,0.08066776126214334,0.33977455,0.0,300
CC,1871,cyclone,historical,0.07822259423466667,0.31345034,0.0,300
CC,1872,cyclone,historical,0.09553800212643333,0.38167444,0.0,300
CC,1873,cyclone,historical,0.1134847638968,0.36254337,0.0,300
CC,1874,cyclone,historical,0.09286018448364866,0.31050998,0.0,300
CC,1875,cyclone,historical,0.06764289155366666,0.3151273,0.0,300
CC,1876,cyclone,historical,0.0863528132897,0.3406555,0.0,300
CC,1877,cyclone,historical,0.08760043499633334,0.31907925,0.0,300
CC,1878,cyclone,historical,0.08006288692023333,0.3064017,0.0,300
CC,1879,cyclone,historical,0.06335444169213333,0.29556286,0.0,300
CC,1880,cyclone,historical,0.08569084385856666,0.3398176,0.0,300
CC,1881,cyclone,historical,0.08711255873086667,0.34874478,0.0,300
CC,1882,cyclone,historical,0.0960563073723,0.33548927,0.0,300
CC,1883,cyclone,historical,0.08154544451866666,0.32135177,0.0,300
CC,1884,cyclone,historical,0.06488628851643334,0.31521827,0.0,300
CC,1885,cyclone,historical,0.08394184313066667,0.31712607,0.0,300
CC,1886,cyclone,historical,0.0849998623962,0.39044923,0.0,300
CC,1887,cyclone,historical,0.08077748274973333,0.30917683,0.0,300
CC,1888,cyclone,historical,0.07991659947082667,0.32165396,0.0,300
CC,1889,cyclone,historical,0.07155885252283334,0.30371723,0.0,300
CC,1890,cyclone,historical,0.07550520939733332,0.3245761,0.0,300
CC,1891,cyclone,historical,0.08596290182252334,0.39178708,0.0,300
CC,1892,cyclone,historical,0.09553396855059999,0.35356802,0.0,300
CC,1893,cyclone,historical,0.09083897547563333,0.36897612,0.0,300
CC,1894,cyclone,historical,0.07059492604733333,0.3003947,0.0,300
CC,1895,cyclone,historical,0.09854816314366667,0.37789956,0.0,300
CC,1896,cyclone,historical,0.09304940916616666,0.3612575,0.0,300
CC,1897,cyclone,historical,0.07950920336056666,0.3165627,0.0,300
CC,1898,cyclone,historical,0.07231376663366666,0.2839012,0.0,300
CC,1899,cyclone,historical,0.08465207931033333,0.36048776,0.0,300
CC,1900,cyclone,historical,0.08012894566493334,0.34962922,0.0,300
CC,1901,cyclone,historical,0.07716963752013334,0.35055965,0.0,300
CC,1902,cyclone,historical,0.08357110139903334,0.337652,0.0,300
CC,1903,cyclone,historical,0.09500899990006667,0.3310355,0.0,300
CC,1904,cyclone,historical,0.07588721976033334,0.32737425,0.0,300
CC,1905,cyclone,historical,0.0694866167576,0.30026984,0.0,300
CC,1906,cyclone,historical,0.08053388069263,0.32324642,0.0,300
CC,1907,cyclone,historical,0.08770672386219999,0.33508703,0.0,300
CC,1908,cyclone,historical,0.059546955421999996,0.2899602,0.0,300
CC,1909,cyclone,historical,0.09162694043633333,0.33616593,0.0,300
CC,1910,cyclone,historical,0.086275227459,0.33445066,0.0,300
CC,1911,cyclone,historical,0.08521329175913334,0.34498614,0.0,300
CC,1912,cyclone,historical,0.084200196009,0.35026884,0.0,300
CC,1913,cyclone,historical,0.07440698457144333,0.3509366,0.0,300
CC,1914,cyclone,historical,0.07255843359513332,0.34620935,0.0,300
CC,1915,cyclone,historical,0.07919077942843333,0.33263004,0.0,300
CC,1916,cyclone,historical,0.08684347898873333,0.32874352,0.0,300
CC,1917,cyclone,historical,0.08478866925766666,0.33232582,0.0,300
CC,1918,cyclone,historical,0.076239235758,0.30573332,0.0,300
CC,1919,cyclone,historical,0.08602954808426666,0.37776786,0.0,300
CC,1920,cyclone,historical,0.089964451005,0.35019144,0.0,300
CC,1921,cyclone,historical,0.10399815695343333,0.32995775,0.0,300
CC,1922,cyclone,historical,0.07858284030611667,0.3069366,0.0,300
CC,1923,cyclone,historical,0.08266517444616667,0.3536861,0.0,300
CC,1924,cyclone,historical,0.09546634231043334,0.3217846,0.0,300
CC,1925,cyclone,historical,0.08918061724023332,0.3172867,0.0,300
CC,1926,cyclone,historical,0.08536824238013334,0.33856285,0.0,300
CC,1927,cyclone,historical,0.09329534221113334,0.3799538,0.0,300
CC,1928,cyclone,historical,0.09146608680156666,0.34993106,0.0,300
CC,1929,cyclone,historical,0.08503832797633333,0.29615846,0.0,300
CC,1930,cyclone,historical,0.0850973876817,0.33840176,0.0,300
CC,1931,cyclone,historical,0.08993289865,0.3449135,0.0,300
CC,1932,cyclone,historical,0.11059089869793333,0.4018242,0.0,300
CC,1933,cyclone,historical,0.08400331276041334,0.33686924,0.0,300
CC,1934,cyclone,historical,0.074723928648,0.3330952,0.0,300
CC,1935,cyclone,historical,0.08932771172116666,0.33122432,0.0,300
CC,1936,cyclone,historical,0.09617482386276667,0.35323954,0.0,300
CC,1937,cyclone,historical,0.08367512791496666,0.3463382,0.0,300
CC,1938,cyclone,historical,0.08605546150886667,0.33911097,0.0,300
CC,1939,cyclone,historical,0.09984807520976666,0.34859562,0.0,300
CC,1940,cyclone,historical,0.08795298283576,0.34329134,0.0,300
CC,1941,cyclone,historical,0.0841070308875,0.36147544,0.0,300
CC,1942,cyclone,historical,0.08202970599303333,0.3410498,0.0,300
CC,1943,cyclone,historical,0.08430031756033333,0.3259714,0.0,300
CC,1944,cyclone,historical,0.09313072891453333,0.35717967,0.0,300
CC,1945,cyclone,historical,0.09711313106500001,0.36140946,0.0,300
CC,1946,cyclone,historical,0.09431349306813333,0.34068295,0.0,300
CC,1947,cyclone,historical,0.09531426589833333,0.3821967,0.0,300
CC,1948,cyclone,historical,0.09521838748296667,0.33687812,0.0,300
CC,1949,cyclone,historical,0.09705213887200001,0.3258028,0.0,300
CC,1950,cyclone,historical,0.0763268860338,0.2999284,0.0,300
CC,1951,cyclone,historical,0.07751395587783333,0.34034264,0.0,300
CC,1952,cyclone,historical,0.1089634195568,0.3866737,0.0,300
CC,1953,cyclone,historical,0.0920157304533,0.28417557,0.0,300
CC,1954,cyclone,historical,0.08211186187663333,0.3249702,0.0,300
CC,1955,cyclone,historical,0.08796214885886666,0.3800038,0.0,300
CC,1956,cyclone,historical,0.08143550950954999,0.31411737,0.0,300
CC,1957,cyclone,historical,0.1023921811052,0.38866785,0.0,300
CC,1958,cyclone,historical,0.0791056768371,0.36259863,0.0,300
CC,1959,cyclone,historical,0.08121434548243334,0.32250112,0.0,300
CC,1960,cyclone,historical,0.08323923063921666,0.32169712,0.0,300
CC,1961,cyclone,historical,0.09631485162713334,0.4362343,0.0,300
CC,1962,cyclone,historical,0.10116463296429999,0.36139235,0.0,300
CC,1963,cyclone,historical,0.08182837525694867,0.28927535,0.0,300
CC,1964,cyclone,historical,0.06627581941702,0.30662224,0.0,300
CC,1965,cyclone,historical,0.09049693214566666,0.34833956,0.0,300
CC,1966,cyclone,historical,0.08973137585523333,0.29788244,0.0,300
CC,1967,cyclone,historical,0.08244047655896666,0.3109802,0.0,300
CC,1968,cyclone,historical,0.08672625490216666,0.3562308,0.0,300
CC,1969,cyclone,historical,0.09184366283126666,0.37775445,0.0,300
CC,1970,cyclone,historical,0.0929548264563,0.360654,0.0,300
CC,1971,cyclone,historical,0.09186624124753333,0.33078995,0.0,300
CC,1972,cyclone,historical,0.06358825484966667,0.33155367,0.0,300
CC,1973,cyclone,historical,0.08876797772876666,0.36452073,0.0,300
CC,1974,cyclone,historical,0.0823593970375,0.32771653,0.0,300
CC,1975,cyclone,historical,0.0967414834605,0.32077712,0.0,300
CC,1976,cyclone,historical,0.07946805206653333,0.353774,0.0,300
CC,1977,cyclone,historical,0.10860580212093335,0.3972479,0.0,300
CC,1978,cyclone,historical,0.10237805365333333,0.3613258,0.0,300
CC,1979,cyclone,historical,0.07784997393976667,0.3386786,0.0,300
CC,1980,cyclone,historical,0.08166826385633333,0.33414894,0.0,300
CC,1981,cyclone,historical,0.10729252297806667,0.37411153,0.0,300
CC,1982,cyclone,historical,0.1136791647504,0.32733685,0.0,300
CC,1983,cyclone,historical,0.07214989155333333,0.31728142,0.0,300
CC,1984,cyclone,historical,0.08529306530286666,0.34867108,0.0,300
CC,1985,cyclone,historical,0.09416549191493334,0.38578454,0.0,300
CC,1986,cyclone,historical,0.08990351268656667,0.35464776,0.0,300
CC,1987,cyclone,historical,0.07470589218638334,0.31798273,0.0,300
CC,1988,cyclone,historical,0.10300073606943333,0.3897285,0.0,300
CC,1989,cyclone,historical,0.09395553216566667,0.34518763,0.0,300
CC,1990,cyclone,historical,0.09737211254196666,0.3114044,0.0,300
CC,1991,cyclone,historical,0.10576071151526667,0.36681175,0.0,300
CC,1992,cyclone,historical,0.07960348094776666,0.29880863,0.0,300
CC,1993,cyclone,historical,0.1048466094658,0.38769126,0.0,300
CC,1994,cyclone,historical,0.0954526940192,0.37833953,0.0,300
CC,1995,cyclone,historical,0.10785840432768666,0.36391902,0.0,300
CC,1996,cyclone,historical,0.0885198472207,0.33147246,0.0,300
CC,1997,cyclone,historical,0.10670682712273333,0.3767951,0.0,300
CC,1998,cyclone,historical,0.107560391341,0.391227,0.0,300
CC,1999,cyclone,historical,0.07947070423973333,0.33421856,0.0,300
CC,2000,cyclone,historical,0.09432979992163333,0.35520622,0.0,300
CC,2001,cyclone,historical,0.09116361526706666,0.3822898,0.0,300
CC,2002,cyclone,historical,0.10274419509524667,0.4395279,0.0,300
CC,2003,cyclone,historical,0.10746742437863332,0.35631257,0.0,300
CC,2004,cyclone,historical,0.10905450383893334,0.35761195,0.0,300
CC,2005,cyclone,historical,0.10078588723643334,0.36072373,0.0,300
CC,2006,cyclone,historical,0.11271780172933334,0.37841046,0.0,300
CC,2007,cyclone,historical,0.101284310434,0.3991414,0.0,300
CC,2008,cyclone,historical,0.109281955839,0.39254272,0.0,300
CC,2009,cyclone,historical,0.094772521616,0.39304274,0.0,300
CC,2010,cyclone,historical,0.12116147712866665,0.45470512,0.0,300
CC,2011,cyclone,historical,0.12486475574533334,0.40699953,0.0,300
CC,2012,cyclone,historical,0.09701971421733332,0.3337192,0.0,300
CC,2013,cyclone,historical,0.10761485383083333,0.3504187,0.0,300
CC,2014,cyclone,historical,0.1253801589913333,0.4374469,0.0,300
CG,1850,cyclone,historical,0.2765507625,0.36549914,0.17032868,12
CG,1851,cyclone,historical,0.27529654416666666,0.35928577,0.18300071,12
CG,1852,cyclone,historical,0.28452371,0.41724193,0.15180944,12
CG,1853,cyclone,historical,0.26675281,0.38791758,0.1342648,12
CG,1854,cyclone,historical,0.28972184500000003,0.36695725,0.20838088,12
CG,1855,cyclone,historical,0.26958751666666664,0.3515922,0.17090213,12
CG,1856,cyclone,historical,0.24831723125000002,0.38229203,0.06554308,12
CG,1857,cyclone,historical,0.31263150083333335,0.4289633,0.19401579,12
CG,1858,cyclone,historical,0.30385135916666667,0.3997179,0.19979385,12
CG,1859,cyclone,historical,0.2786432308333333,0.38575876,0.17841868,12
CG,1860,cyclone,historical,0.23816804583333331,0.3269701,0.1744327,12
CG,1861,cyclone,historical,0.24494991041666667,0.34178492,0.124451205,12
CG,1862,cyclone,historical,0.26096041416666665,0.40528047,0.07916024,12
CG,1863,cyclone,historical,0.2792349141666667,0.41219378,0.15011415,12
CG,1864,cyclone,historical,0.2526758866666667,0.34086257,0.18321832,12
CG,1865,cyclone,historical,0.2636878366666667,0.36342645,0.19531003,12
CG,1866,cyclone,historical,0.2588868066666667,0.3753574,0.13793457,12
CG,1867,cyclone,historical,0.291534585,0.4258793,0.16187093,12
CG,1868,cyclone,historical,0.3167729266666667,0.4493652,0.20943765,12
CG,1869,cyclone,historical,0.27480572166666667,0.36115375,0.18687397,12
CG,1870,cyclone,historical,0.27558269083333337,0.38253117,0.21877995,12
CG,1871,cyclone,historical,0.2531995764166666,0.37649024,0.038046177,12
CG,1872,cyclone,historical,0.3341936175,0.47208187,0.20614213,12
CG,1873,cyclone,historical,0.32517999166666667,0.43522817,0.23484236,12
CG,1874,cyclone,historical,0.2580038675,0.34810358,0.15914108,12
CG,1875,cyclone,historical,0.2579971558333333,0.3795424,0.1459469,12
CG,1876,cyclone,historical,0.299443005,0.4584412,0.14293176,12
CG,1877,cyclone,historical,0.2911746775,0.3792095,0.20960149,12
CG,1878,cyclone,historical,0.2556778791666667,0.35743463,0.18191642,12
CG,1879,cyclone,historical,0.22910007133333332,0.30951452,0.098640576,12
CG,1880,cyclone,historical,0.24916789416666665,0.37449026,0.08456454,12
CG,1881,cyclone,historical,0.288237395,0.42192054,0.16410092,12
CG,1882,cyclone,historical,0.2707054725,0.335783,0.18189697,12
CG,1883,cyclone,historical,0.2584620408333333,0.393549,0.16003463,12
CG,1884,cyclone,historical,0.2479705866666667,0.35367522,0.16617703,12
CG,1885,cyclone,historical,0.2537829916666667,0.38685477,0.09364864,12
CG,1886,cyclone,historical,0.2888805325,0.47930706,0.13484669,12
CG,1887,cyclone,historical,0.272735845,0.37616596,0.19005153,12
CG,1888,cyclone,historical,0.23683105999999998,0.32886738,0.17483714,12
CG,1889,cyclone,historical,0.26266051583333333,0.36176378,0.15435718,12
CG,1890,cyclone,historical,0.2906625875,0.40400308,0.10735527,12
CG,1891,cyclone,historical,0.30063593250000004,0.4249125,0.17856751,12
CG,1892,cyclone,historical,0.2961253341666667,0.42425203,0.17473502,12
CG,1893,cyclone,historical,0.26385671166666663,0.3507213,0.17770687,12
CG,1894,cyclone,historical,0.25667448833333334,0.3487839,0.15172389,12
CG,1895,cyclone,historical,0.31052755833333334,0.44448513,0.1593499,12
CG,1896,cyclone,historical,0.291125655,0.3876149,0.20733462,12
CG,1897,cyclone,historical,0.25882698583333336,0.35936928,0.17133595,12
CG,1898,cyclone,historical,0.27052588166666663,0.41751558,0.15922973,12
CG,1899,cyclone,historical,0.27748596833333333,0.4237852,0.10716641,12
CG,1900,cyclone,historical,0.30312780083333335,0.42094135,0.19335297,12
CG,1901,cyclone,historical,0.27376493333333335,0.3844093,0.16388124,12
CG,1902,cyclone,historical,0.287983245,0.4245391,0.1489994,12
CG,1903,cyclone,historical,0.26359552999999997,0.3589126,0.1573619,12
CG,1904,cyclone,historical,0.26204108916666663,0.35691434,0.18679601,12
CG,1905,cyclone,historical,0.25403865666666664,0.33745587,0.174929,12
CG,1906,cyclone,historical,0.28824125666666667,0.3835237,0.19405535,12
CG,1907,cyclone,historical,0.2778916325,0.3826502,0.18122095,12
CG,1908,cyclone,historical,0.2674999883333333,0.35753962,0.18202867,12
CG,1909,cyclone,historical,0.266513455,0.42111987,0.10172136,12
CG,1910,cyclone,historical,0.28309821333333335,0.39183664,0.19409226,12
CG,1911,cyclone,historical,0.27922993916666666,0.37802026,0.2100974,12
CG,1912,cyclone,historical,0.2721106725,0.4086568,0.13096258,12
CG,1913,cyclone,historical,0.2831093,0.3868239,0.17964995,12
CG,1914,cyclone,historical,0.27690401166666667,0.42171508,0.11876516,12
CG,1915,cyclone,historical,0.2952729316666667,0.38408244,0.20950231,12
CG,1916,cyclone,historical,0.2700860725,0.34961697,0.19022541,12
CG,1917,cyclone,historical,0.27950437499999997,0.365404,0.18318087,12
CG,1918,cyclone,historical,0.2961203525,0.39121693,0.1875441,12
CG,1919,cyclone,historical,0.3082868758333333,0.42033944,0.18235043,12
CG,1920,cyclone,historical,0.29436818000000003,0.40154088,0.18384382,12
CG,1921,cyclone,historical,0.2960497208333333,0.39929166,0.20921269,12
CG,1922,cyclone,historical,0.2559428558333333,0.33827555,0.15084602,12
CG,1923,cyclone,historical,0.28415944,0.43969256,0.12972946,12
CG,1924,cyclone,historical,0.2815030925,0.38962337,0.19390392,12
CG,1925,cyclone,historical,0.28076568583333333,0.34806633,0.23181203,12
CG,1926,cyclone,historical,0.29193825166666665,0.3766244,0.19433165,12
CG,1927,cyclone,historical,0.30540031666666667,0.43196553,0.17237964,12
CG,1928,cyclone,historical,0.3205230525,0.39195442,0.23356918,12
CG,1929,cyclone,historical,0.27782552666666666,0.3571831,0.19422847,12
CG,1930,cyclone,historical,0.25351374666666665,0.40693235,0.1069568,12
CG,1931,cyclone,historical,0.28665965541666666,0.44209066,0.059138715,12
CG,1932,cyclone,historical,0.31957763499999997,0.43086672,0.1829373,12
CG,1933,cyclone,historical,0.27960107500000003,0.36571407,0.17985183,12
CG,1934,cyclone,historical,0.2713363925,0.3943136,0.17495431,12
CG,1935,cyclone,historical,0.2904278241666667,0.42198694,0.14084765,12
CG,1936,cyclone,historical,0.2849067025,0.41617277,0.14636865,12
CG,1937,cyclone,historical,0.25957666166666665,0.31513876,0.16597718,12
CG,1938,cyclone,historical,0.2738509433333333,0.41410112,0.11682102,12
CG,1939,cyclone,historical,0.3086644916666667,0.4240391,0.18764475,12
CG,1940,cyclone,historical,0.30910802083333333,0.416426,0.23027608,12
CG,1941,cyclone,historical,0.2938318366666667,0.39672083,0.2003415,12
CG,1942,cyclone,historical,0.30033786333333334,0.3796842,0.20719655,12
CG,1943,cyclone,historical,0.3010283516666667,0.37489703,0.21785113,12
CG,1944,cyclone,historical,0.3130161633333333,0.4522015,0.19761959,12
CG,1945,cyclone,historical,0.32803090916666666,0.43512112,0.25098568,12
CG,1946,cyclone,historical,0.30422516083333334,0.39010328,0.17481932,12
CG,1947,cyclone,historical,0.3157526366666667,0.4487501,0.2041524,12
CG,1948,cyclone,historical,0.2869494316666667,0.4010033,0.17409272,12
CG,1949,cyclone,historical,0.2599987991666667,0.3687346,0.16099855,12
CG,1950,cyclone,historical,0.28326132333333337,0.35606754,0.19668677,12
CG,1951,cyclone,historical,0.3143926325,0.45705825,0.1600167,12
CG,1952,cyclone,historical,0.30409398833333334,0.46248543,0.15538475,12
CG,1953,cyclone,historical,0.289823995,0.37839276,0.23493543,12
CG,1954,cyclone,historical,0.26690206,0.3788923,0.17104602,12
CG,1955,cyclone,historical,0.2648692125,0.42449677,0.14446212,12
CG,1956,cyclone,historical,0.2695787358333333,0.3745618,0.13100606,12
CG,1957,cyclone,historical,0.3033505025,0.45017982,0.15026532,12
CG,1958,cyclone,historical,0.3078188866666667,0.4263692,0.2188394,12
CG,1959,cyclone,historical,0.28718207166666665,0.38926518,0.19631904,12
CG,1960,cyclone,historical,0.27549791133333335,0.4024396,0.123877876,12
CG,1961,cyclone,historical,0.33937508083333334,0.459912,0.23569043,12
CG,1962,cyclone,historical,0.3052242375,0.42144996,0.20441392,12
CG,1963,cyclone,historical,0.2203878245833333,0.33795607,0.107323155,12
CG,1964,cyclone,historical,0.23599931541666666,0.33912933,0.048412275,12
CG,1965,cyclone,historical,0.2885870858333333,0.459324,0.12451132,12
CG,1966,cyclone,historical,0.26743510916666663,0.37297398,0.18342832,12
CG,1967,cyclone,historical,0.2637303416666667,0.32971704,0.19102253,12
CG,1968,cyclone,historical,0.3085587616666667,0.4686455,0.15676443,12
CG,1969,cyclone,historical,0.2935364091666667,0.44154873,0.19186985,12
CG,1970,cyclone,historical,0.2969438366666666,0.39325607,0.21195146,12
CG,1971,cyclone,historical,0.2819836591666667,0.3726256,0.20757863,12
CG,1972,cyclone,historical,0.27598531249999997,0.35642484,0.17943361,12
CG,1973,cyclone,historical,0.32085296583333334,0.47536308,0.19693804,12
CG,1974,cyclone,historical,0.295309655,0.42299432,0.19185326,12
CG,1975,cyclone,historical,0.29905793833333333,0.4121074,0.22133292,12
CG,1976,cyclone,historical,0.28342426666666665,0.3948275,0.14858139,12
CG,1977,cyclone,historical,0.32632408083333336,0.47449818,0.21374726,12
CG,1978,cyclone,historical,0.30775302083333334,0.40037817,0.22897193,12
CG,1979,cyclone,historical,0.2769774675,0.3729462,0.16541845,12
CG,1980,cyclone,historical,0.28098485875,0.42386377,0.105874315,12
CG,1981,cyclone,historical,0.34494395499999997,0.49635452,0.23607671,12
CG,1982,cyclone,historical,0.27266946416666665,0.37917542,0.16799837,12
CG,1983,cyclone,historical,0.25284622083333336,0.33534443,0.15825854,12
CG,1984,cyclone,historical,0.28840143166666665,0.39801055,0.14837359,12
CG,1985,cyclone,historical,0.33422112,0.46206945,0.21619889,12
CG,1986,cyclone,historical,0.29174757749999997,0.3765317,0.2259668,12
CG,1987,cyclone,historical,0.2877790783333333,0.40576035,0.20002279,12
CG,1988,cyclone,historical,0.31668954416666667,0.4827391,0.1797102,12
CG,1989,cyclone,historical,0.3113828125,0.43024486,0.20889136,12
CG,1990,cyclone,historical,0.321649705,0.3978343,0.2449863,12
CG,1991,cyclone,historical,0.29475574,0.41128117,0.2164748,12
CG,1992,cyclone,historical,0.2752603908333333,0.3659184,0.19639747,12
CG,1993,cyclone,historical,0.30679031166666665,0.47060138,0.1690969,12
CG,1994,cyclone,historical,0.3416552583333334,0.48300296,0.2392123,12
CG,1995,cyclone,historical,0.3088758475,0.4032917,0.23568505,12
CG,1996,cyclone,historical,0.28350253166666667,0.378415,0.17697471,12
CG,1997,cyclone,historical,0.33988117083333336,0.48707157,0.18776605,12
CG,1998,cyclone,historical,0.3451775633333334,0.46275437,0.25905347,12
CG,1999,cyclone,historical,0.29369622083333335,0.37466258,0.2157786,12
CG,2000,cyclone,historical,0.30939878083333333,0.40868652,0.2260654,12
CG,2001,cyclone,historical,0.31498917583333336,0.46657276,0.18418959,12
CG,2002,cyclone,historical,0.36016067333333335,0.5082479,0.2298527,12
CG,2003,cyclone,historical,0.3106777133333333,0.4273736,0.19787005,12
CG,2004,cyclone,historical,0.3053191925,0.40733945,0.2223041,12
CG,2005,cyclone,historical,0.30686911666666666,0.3877864,0.2068887,12
CG,2006,cyclone,historical,0.34429409499999997,0.47698587,0.22035077,12
CG,2007,cyclone,historical,0.34261651666666665,0.44323194,0.23819123,12
CG,2008,cyclone,historical,0.34768871583333333,0.44485003,0.2553014,12
CG,2009,cyclone,historical,0.34151943083333336,0.44266367,0.19921154,12
CG,2010,cyclone,historical,0.37024372916666665,0.525847,0.22570863,12
CG,2011,cyclone,historical,0.3508194441666667,0.44162887,0.27597296,12
CG,2012,cyclone,historical,0.3391504525,0.43212178,0.27475834,12
CG,2013,cyclone,historical,0.32656511416666667,0.42441934,0.23389924,12
CG,2014,cyclone,historical,0.36452720083333334,0.4967374,0.22736374,12
CN,1850,cyclone,historical,0.08893982524166666,0.4023419,0.0,120
CN,1851,cyclone,historical,0.09632985396333332,0.43209732,0.0,120
CN,1852,cyclone,historical,0.08986326303624999,0.40347725,0.0,120
CN,1853,cyclone,historical,0.09448808146916667,0.45211104,0.0,120
CN,1854,cyclone,historical,0.08716669889416666,0.43183267,0.0,120
CN,1855,cyclone,historical,0.07956837631583333,0.41397166,0.0,120
CN,1856,cyclone,historical,0.08877363358608334,0.43822056,0.0,120
CN,1857,cyclone,historical,0.09200675849833333,0.46562397,0.0,120
CN,1858,cyclone,historical,0.09211838910441666,0.42734358,0.0,120
CN,1859,cyclone,historical,0.08980508924666666,0.4029207,0.0,120
CN,1860,cyclone,historical,0.08558883540025,0.4176673,0.0,120
CN,1861,cyclone,historical,0.078936086975,0.40122467,0.0,120
CN,1862,cyclone,historical,0.08407927580025,0.43547243,0.0,120
CN,1863,cyclone,historical,0.10339571006750001,0.44415024,0.0,120
CN,1864,cyclone,historical,0.08678472815166667,0.40196759,0.0,120
CN,1865,cyclone,historical,0.0838378338525,0.38448623,0.0,120
CN,1866,cyclone,historical,0.09134890219383333,0.45540264,0.0,120
CN,1867,cyclone,historical,0.09212644246333333,0.442175,0.0,120
CN,1868,cyclone,historical,0.0911320372325,0.4995932,0.0,120
CN,1869,cyclone,historical,0.0876368905875,0.40810567,0.0,120
CN,1870,cyclone,historical,0.07895072737916667,0.39304358,0.0,120
CN,1871,cyclone,historical,0.07905741080333333,0.40291002,0.0,120
CN,1872,cyclone,historical,0.08556741117916666,0.48328,0.0,120
CN,1873,cyclone,historical,0.0921463959775,0.37929046,0.0,120
CN,1874,cyclone,historical,0.0821102674495,0.40196538,0.0,120
CN,1875,cyclone,historical,0.07777336981583334,0.39262325,0.0,120
CN,1876,cyclone,historical,0.08868273229333333,0.4261306,0.0,120
CN,1877,cyclone,historical,0.09133042705333333,0.39873797,0.0,120
CN,1878,cyclone,historical,0.09117971000566666,0.41904402,0.0,120
CN,1879,cyclone,historical,0.08454423756416667,0.42272446,0.0,120
CN,1880,cyclone,historical,0.08726655090333332,0.43103415,0.0,120
CN,1881,cyclone,historical,0.09212360178,0.45182157,0.0,120
CN,1882,cyclone,historical,0.08134223341383334,0.3883065,0.0,120
CN,1883,cyclone,historical,0.0753143893075,0.36462784,0.0,120
CN,1884,cyclone,historical,0.07713834512408332,0.40587765,0.0,120
CN,1885,cyclone,historical,0.08555547235500001,0.41441953,0.0,120
CN,1886,cyclone,historical,0.09119931563583333,0.44159654,0.0,120
CN,1887,cyclone,historical,0.0827454908225,0.4140504,0.0,120
CN,1888,cyclone,historical,0.0715956350375,0.33762676,0.0,120
CN,1889,cyclone,historical,0.08816994605416667,0.40185186,0.0,120
CN,1890,cyclone,historical,0.08828443025049999,0.42100525,0.0,120
CN,1891,cyclone,historical,0.08437914996083333,0.4605065,0.0,120
CN,1892,cyclone,historical,0.09782018899249999,0.43940142,0.0,120
CN,1893,cyclone,historical,0.08458195948641666,0.4010015,0.0,120
CN,1894,cyclone,historical,0.08339178231875,0.36602694,0.0,120
CN,1895,cyclone,historical,0.09244790988416667,0.46131814,0.0,120
CN,1896,cyclone,historical,0.08431962846,0.38876122,0.0,120
CN,1897,cyclone,historical,0.07835479815189167,0.37689263,0.0,120
CN,1898,cyclone,historical,0.0931813348925,0.4268003,0.0,120
CN,1899,cyclone,historical,0.0952275217825,0.4514558,0.0,120
CN,1900,cyclone,historical,0.08547227339483333,0.4506648,0.0,120
CN,1901,cyclone,historical,0.08787817753249999,0.4672596,0.0,120
CN,1902,cyclone,historical,0.08618803839,0.4744326,0.0,120
CN,1903,cyclone,historical,0.07147998939083333,0.36587644,0.0,120
CN,1904,cyclone,historical,0.07612963055766667,0.42339018,0.0,120
CN,1905,cyclone,historical,0.06889811243083334,0.414651,0.0,120
CN,1906,cyclone,historical,0.08552647099933333,0.4017671,0.0,120
CN,1907,cyclone,historical,0.0800847933,0.38220823,0.0,120
CN,1908,cyclone,historical,0.08074146161666666,0.41396508,0.0,120
CN,1909,cyclone,historical,0.08579725907416667,0.45149493,0.0,120
CN,1910,cyclone,historical,0.09061540398416666,0.44738328,0.0,120
CN,1911,cyclone,historical,0.07476513606333332,0.43024153,0.0,120
CN,1912,cyclone,historical,0.085883415691,0.4949998,0.0,120
CN,1913,cyclone,historical,0.09257911538333333,0.41196406,0.0,120
CN,1914,cyclone,historical,0.09074811053500001,0.46096793,0.0,120
CN,1915,cyclone,historical,0.09536476812066666,0.4134794,0.0,120
CN,1916,cyclone,historical,0.08577359097366667,0.41239882,0.0,120
CN,1917,cyclone,historical,0.0747275989445,0.46716583,0.0,120
CN,1918,cyclone,historical,0.0811356172475,0.3859637,0.0,120
CN,1919,cyclone,historical,0.09469001065016668,0.46588033,0.0,120
CN,1920,cyclone,historical,0.09787576221416666,0.47397792,0.0,120
CN,1921,cyclone,historical,0.08389887673566668,0.3915275,0.0,120
CN,1922,cyclone,historical,0.08981506280583333,0.44543737,0.0,120
CN,1923,cyclone,historical,0.09518330991075,0.4350317,0.0,120
CN,1924,cyclone,historical,0.06641496782058334,0.37385693,0.0,120
CN,1925,cyclone,historical,0.08295515172958333,0.43759316,0.0,120
CN,1926,cyclone,historical,0.08364224831916665,0.39091665,0.0,120
CN,1927,cyclone,historical,0.08708605202083333,0.45403916,0.0,120
CN,1928,cyclone,historical,0.09177134127291667,0.44672042,0.0,120
CN,1929,cyclone,historical,0.08851640342083332,0.41250947,0.0,120
CN,1930,cyclone,historical,0.08125114225833333,0.43525788,0.0,120
CN,1931,cyclone,historical,0.09773855318583333,0.4810581,0.0,120
CN,1932,cyclone,historical,0.09744983235583334,0.47980344,0.0,120
CN,1933,cyclone,historical,0.08409531320833333,0.42784786,0.0,120
CN,1934,cyclone,historical,0.07831968330916667,0.42502195,0.0,120
CN,1935,cyclone,historical,0.09816068057833333,0.4796713,0.0,120
CN,1936,cyclone,historical,0.0890133512255,0.42758426,0.0,120
CN,1937,cyclone,historical,0.08085053141166668,0.3981874,0.0,120
CN,1938,cyclone,historical,0.09501364640683334,0.4112857,0.0,120
CN,1939,cyclone,historical,0.09892719600583333,0.5068716,0.0,120
CN,1940,cyclone,historical,0.08689763131725001,0.44793108,0.0,120
CN,1941,cyclone,historical,0.09648700046975,0.44685483,0.0,120
CN,1942,cyclone,historical,0.08823800459991667,0.4338159,0.0,120
CN,1943,cyclone,historical,0.090074346375,0.42652684,0.0,120
CN,1944,cyclone,historical,0.10352318160583333,0.45449325,0.0,120
CN,1945,cyclone,historical,0.09355752281063333,0.4912001,0.0,120
CN,1946,cyclone,historical,0.07815307118925,0.42030385,0.0,120
CN,1947,cyclone,historical,0.08892650732275001,0.47984087,0.0,120
CN,1948,cyclone,historical,0.09755943928000001,0.4457289,0.0,120
CN,1949,cyclone,historical,0.0917097667275,0.45240092,0.0,120
CN,1950,cyclone,historical,0.08518313015581666,0.4420842,0.0,120
CN,1951,cyclone,historical,0.08991848795666665,0.44682646,0.0,120
CN,1952,cyclone,historical,0.08826186922308334,0.45487458,0.0,120
CN,1953,cyclone,historical,0.07420019218625,0.3898582,0.0,120
CN,1954,cyclone,historical,0.0748544322425,0.4039703,0.0,120
CN,1955,cyclone,historical,0.08514721450367001,0.45086044,0.0,120
CN,1956,cyclone,historical,0.09315483819083334,0.4843602,0.0,120
CN,1957,cyclone,historical,0.10450079392429999,0.48991892,0.0,120
CN,1958,cyclone,historical,0.09147457562833333,0.41702777,0.0,120
CN,1959,cyclone,historical,0.08149283130541667,0.4002909,0.0,120
CN,1960,cyclone,historical,0.09006588020916667,0.41397768,0.0,120
CN,1961,cyclone,historical,0.09542005437416666,0.4822584,0.0,120
CN,1962,cyclone,historical,0.08867482180235833,0.41185862,0.0,120
CN,1963,cyclone,historical,0.07288994275525,0.36489847,0.0,120
CN,1964,cyclone,historical,0.081623868505,0.44414863,0.0,120
CN,1965,cyclone,historical,0.09486063596183333,0.46254808,0.0,120
CN,1966,cyclone,historical,0.08584340225520834,0.41371658,0.0,120
CN,1967,cyclone,historical,0.0714328787425,0.4071906,0.0,120
CN,1968,cyclone,historical,0.08304101457916667,0.44852912,0.0,120
CN,1969,cyclone,historical,0.08916001441541667,0.45069027,0.0,120
CN,1970,cyclone,historical,0.08623165735716666,0.39027518,0.0,120
CN,1971,cyclone,historical,0.08296597646666666,0.4105451,0.0,120
CN,1972,cyclone,historical,0.0657998178795,0.39493957,0.0,120
CN,1973,cyclone,historical,0.09642790971858334,0.46741265,0.0,120
CN,1974,cyclone,historical,0.08282973410966667,0.4300532,0.0,120
CN,1975,cyclone,historical,0.07734501355334,0.42984575,0.0,120
CN,1976,cyclone,historical,0.08649866939333334,0.42877612,0.0,120
CN,1977,cyclone,historical,0.09538419697633334,0.4279125,0.0,120
CN,1978,cyclone,historical,0.0887596134475,0.48753276,0.0,120
CN,1979,cyclone,historical,0.08989310129916667,0.4643428,0.0,120
CN,1980,cyclone,historical,0.08734673917508333,0.4050314,0.0,120
CN,1981,cyclone,historical,0.10125556118791666,0.46652997,0.0,120
CN,1982,cyclone,historical,0.08151836029083334,0.3898931,0.0,120
CN,1983,cyclone,historical,0.07349694304666668,0.37146437,0.0,120
CN,1984,cyclone,historical,0.0752927711775,0.45589003,0.0,120
CN,1985,cyclone,historical,0.09246822070166667,0.46340913,0.0,120
CN,1986,cyclone,historical,0.07632826538191666,0.37953094,0.0,120
CN,1987,cyclone,historical,0.08340190189166667,0.40637526,0.0,120
CN,1988,cyclone,historical,0.093192539319,0.4707153,0.0,120
CN,1989,cyclone,historical,0.09033659153666668,0.43319917,0.0,120
CN,1990,cyclone,historical,0.07811647463083334,0.39806902,0.0,120
CN,1991,cyclone,historical,0.08771038754475,0.38587072,0.0,120
CN,1992,cyclone,historical,0.06916371924441668,0.3806163,0.0,120
CN,1993,cyclone,historical,0.08180384577324999,0.4371438,0.0,120
CN,1994,cyclone,historical,0.09530848989416667,0.45720375,0.0,120
CN,1995,cyclone,historical,0.08061049167466666,0.40524578,0.0,120
CN,1996,cyclone,historical,0.08034960579333333,0.41816926,0.0,120
CN,1997,cyclone,historical,0.09484217612166666,0.4849387,0.0,120
CN,1998,cyclone,historical,0.09426080404833333,0.47878,0.0,120
CN,1999,cyclone,historical,0.08457293092166666,0.39435554,0.0,120
CN,2000,cyclone,historical,0.08832455521816666,0.46166703,0.0,120
CN,2001,cyclone,historical,0.09813968216166667,0.5125211,0.0,120
CN,2002,cyclone,historical,0.10744352291558333,0.5256815,0.0,120
CN,2003,cyclone,historical,0.09372889401000001,0.3921047,0.0,120
CN,2004,cyclone,historical,0.09170623981941667,0.4123644,0.0,120
CN,2005,cyclone,historical,0.08915111967775,0.44221628,0.0,120
CN,2006,cyclone,historical,0.09379783968679166,0.48586583,0.0,120
CN,2007,cyclone,historical,0.10246252244216666,0.4980824,0.0,120
CN,2008,cyclone,historical,0.09766188302,0.4640546,0.0,120
CN,2009,cyclone,historical,0.09512962026283334,0.4674198,0.0,120
CN,2010,cyclone,historical,0.10563407977416667,0.44577175,0.0,120
CN,2011,cyclone,historical,0.10014942981166668,0.43964183,0.0,120
CN,2012,cyclone,historical,0.09043893010366667,0.3958909,0.0,120
CN,2013,cyclone,historical,0.09118883768741666,0.453735,0.0,120
CN,2014,cyclone,historical,0.09424647811345,0.4266413,0.0,120
CX,1850,cyclone,historical,0.16351053400625,0.3749267,0.0,48
CX,1851,cyclone,historical,0.1769036808125,0.39023244,0.0,48
CX,1852,cyclone,historical,0.13439876529375,0.3666039,0.0,48
CX,1853,cyclone,historical,0.15107456329791666,0.381471,0.0,48
CX,1854,cyclone,historical,0.17887222312916665,0.34641987,0.0072393897,48
CX,1855,cyclone,historical,0.14283116216875,0.32825625,0.0,48
CX,1856,cyclone,historical,0.14788992613125,0.34335002,0.0,48
CX,1857,cyclone,historical,0.17641854216666666,0.38356397,0.011610288,48
CX,1858,cyclone,historical,0.15027246151666668,0.37818414,0.0,48
CX,1859,cyclone,historical,0.18915617464583334,0.343359,0.01406426,48
CX,1860,cyclone,historical,0.1693961091875,0.31234318,0.01622729,48
CX,1861,cyclone,historical,0.1515071923125,0.32844454,0.0,48
CX,1862,cyclone,historical,0.1650422473,0.3856399,0.0,48
CX,1863,cyclone,historical,0.17783876268749998,0.37542108,0.0,48
CX,1864,cyclone,historical,0.16274217666041665,0.3179114,0.0024979622,48
CX,1865,cyclone,historical,0.149413140079375,0.33516634,0.0,48
CX,1866,cyclone,historical,0.12896485545291667,0.32617483,0.0,48
CX,1867,cyclone,historical,0.13802160979583333,0.34986025,0.0,48
CX,1868,cyclone,historical,0.17788532605125,0.42639524,0.0,48
CX,1869,cyclone,historical,0.17684913946875,0.33024943,0.007527562,48
CX,1870,cyclone,historical,0.14570829256666665,0.37055013,0.0,48
CX,1871,cyclone,historical,0.15635639145875,0.37156814,0.0,48
CX,1872,cyclone,historical,0.17662936825395834,0.4050414,0.0,48
CX,1873,cyclone,historical,0.23958596791666667,0.38243964,0.041210838,48
CX,1874,cyclone,historical,0.187949939125,0.3373067,0.008585171,48
CX,1875,cyclone,historical,0.136449293225,0.33701044,0.0,48
CX,1876,cyclone,historical,0.15907243364583332,0.3734925,0.0,48
CX,1877,cyclone,historical,0.18805116404166666,0.3862899,0.017621072,48
CX,1878,cyclone,historical,0.15893013993333333,0.35231826,0.0,48
CX,1879,cyclone,historical,0.13058411750208335,0.29527047,0.0,48
CX,1880,cyclone,historical,0.1601433313125,0.3416385,0.0,48
CX,1881,cyclone,historical,0.17197207761666666,0.3955391,0.0,48
CX,1882,cyclone,historical,0.19244211908333334,0.3759885,0.013264243,48
CX,1883,cyclone,historical,0.16302881541104167,0.34217402,0.0,48
CX,1884,cyclone,historical,0.12499647326875,0.30652976,0.0,48
CX,1885,cyclone,historical,0.14787002700416665,0.31841806,0.0,48
CX,1886,cyclone,historical,0.16282834114166667,0.39143914,0.0,48
CX,1887,cyclone,historical,0.177361195219375,0.36113042,0.0,48
CX,1888,cyclone,historical,0.15945389708958332,0.3989785,0.0029192888,48
CX,1889,cyclone,historical,0.14274967396250002,0.30924976,0.0,48
CX,1890,cyclone,historical,0.13746025610479165,0.35409507,0.0,48
CX,1891,cyclone,historical,0.15567181244375,0.36885762,0.0,48
CX,1892,cyclone,historical,0.178269016465,0.37304032,0.0,48
CX,1893,cyclone,historical,0.15895963384375,0.3496238,0.0,48
CX,1894,cyclone,historical,0.13796949314374998,0.30594286,0.0,48
CX,1895,cyclone,historical,0.18500722105208334,0.3629777,0.0,48
CX,1896,cyclone,historical,0.18896813630208334,0.40177277,0.0,48
CX,1897,cyclone,historical,0.1736781592375,0.34881896,0.0,48
CX,1898,cyclone,historical,0.15055284486666667,0.328666,0.0,48
CX,1899,cyclone,historical,0.15149300395208334,0.37131056,0.0,48
CX,1900,cyclone,historical,0.15669321098958333,0.4112349,0.0,48
CX,1901,cyclone,historical,0.15015681561458333,0.34853363,0.0,48
CX,1902,cyclone,historical,0.16656800606791666,0.35142756,0.0,48
CX,1903,cyclone,historical,0.19300524375000003,0.41607857,0.00537953,48
CX,1904,cyclone,historical,0.15142331111666665,0.32726282,0.0,48
CX,1905,cyclone,historical,0.13986993414645835,0.32905215,0.0,48
CX,1906,cyclone,historical,0.15172330456520833,0.34688336,0.0,48
CX,1907,cyclone,historical,0.16479051949166668,0.35210443,0.0,48
CX,1908,cyclone,historical,0.1303217982625,0.296726,0.0,48
CX,1909,cyclone,historical,0.17315868386666666,0.35063404,0.0,48
CX,1910,cyclone,historical,0.15536260823041667,0.3784654,0.0,48
CX,1911,cyclone,historical,0.16957166731249998,0.37213385,0.0,48
CX,1912,cyclone,historical,0.17447953308541667,0.34891596,0.0,48
CX,1913,cyclone,historical,0.15069112662708334,0.3675039,0.0,48
CX,1914,cyclone,historical,0.14454698122083334,0.3912385,0.0,48
CX,1915,cyclone,historical,0.16580303111458333,0.36296,0.0004197938,48
CX,1916,cyclone,historical,0.18282076683333334,0.3677428,0.0,48
CX,1917,cyclone,historical,0.17382593280625,0.3447725,0.0,48
CX,1918,cyclone,historical,0.14898905333333334,0.38128647,0.0,48
CX,1919,cyclone,historical,0.16520768437708333,0.4163641,0.0,48
CX,1920,cyclone,historical,0.17495655667916665,0.3832086,0.0068330416,48
CX,1921,cyclone,historical,0.19674831175,0.347831,0.019908324,48
CX,1922,cyclone,historical,0.14367530972708334,0.29647276,0.0,48
CX,1923,cyclone,historical,0.17460498021875,0.37871638,0.0,48
CX,1924,cyclone,historical,0.1945650709375,0.3651471,0.01909247,48
CX,1925,cyclone,historical,0.18354204672916666,0.38133532,0.020410478,48
CX,1926,cyclone,historical,0.162004992249375,0.3616391,0.0,48
CX,1927,cyclone,historical,0.1898549363708333,0.35839817,0.0027743455,48
CX,1928,cyclone,historical,0.1911384055770833,0.38582623,0.004305606,48
CX,1929,cyclone,historical,0.17536898599166664,0.33754137,0.0042184796,48
CX,1930,cyclone,historical,0.16701597208333333,0.3809051,0.0,48
CX,1931,cyclone,historical,0.16402550689583334,0.3545947,0.0,48
CX,1932,cyclone,historical,0.20536472952083332,0.44572717,0.0,48
CX,1933,cyclone,historical,0.1866706611875,0.39355898,0.006730319,48
CX,1934,cyclone,historical,0.15109648913333332,0.3511188,0.0,48
CX,1935,cyclone,historical,0.16513540238958332,0.37290448,0.001652087,48
CX,1936,cyclone,historical,0.18168885658333334,0.37242877,0.009037925,48
CX,1937,cyclone,historical,0.15784875808958335,0.3588887,0.0010730269,48
CX,1938,cyclone,historical,0.17045675975625,0.35442993,0.0,48
CX,1939,cyclone,historical,0.16670362055208332,0.39450216,0.0,48
CX,1940,cyclone,historical,0.18249093977291667,0.38692358,0.0,48
CX,1941,cyclone,historical,0.17942772644791669,0.344081,0.0012733609,48
CX,1942,cyclone,historical,0.15593443855416667,0.34970558,0.0,48
CX,1943,cyclone,historical,0.15360684174583333,0.33314762,0.0,48
CX,1944,cyclone,historical,0.16964947148958334,0.38033706,0.0,48
CX,1945,cyclone,historical,0.1834147923125,0.38897213,0.015697742,48
CX,1946,cyclone,historical,0.19571518029166668,0.37027022,0.020512458,48
CX,1947,cyclone,historical,0.17416314711666667,0.42691457,0.0,48
CX,1948,cyclone,historical,0.21214125922916668,0.40076324,0.026603725,48
CX,1949,cyclone,historical,0.19223987863541667,0.3843695,0.0,48
CX,1950,cyclone,historical,0.147947263244625,0.32625636,0.0,48
CX,1951,cyclone,historical,0.15913644412291666,0.3939118,0.0,48
CX,1952,cyclone,historical,0.20116048039583334,0.40969718,0.013493406,48
CX,1953,cyclone,historical,0.18137135604166665,0.33880562,0.025903234,48
CX,1954,cyclone,historical,0.16696333328604165,0.3316763,0.0,48
CX,1955,cyclone,historical,0.17025263399687499,0.39079648,0.0,48
CX,1956,cyclone,historical,0.16543509895145833,0.4008993,0.0,48
CX,1957,cyclone,historical,0.19608511735416667,0.4249987,0.0,48
CX,1958,cyclone,historical,0.17360953998749998,0.4001323,0.0,48
CX,1959,cyclone,historical,0.15994115075,0.36495116,0.0,48
CX,1960,cyclone,historical,0.16242517404583334,0.37737674,0.0,48
CX,1961,cyclone,historical,0.18420698632916666,0.4381789,0.0,48
CX,1962,cyclone,historical,0.21191251154166668,0.36777645,0.011442944,48
CX,1963,cyclone,historical,0.16267320836458335,0.30543303,0.0,48
CX,1964,cyclone,historical,0.12572270971979166,0.32145065,0.0,48
CX,1965,cyclone,historical,0.16270019602389582,0.38230443,0.0,48
CX,1966,cyclone,historical,0.19965338445833333,0.3619589,0.031230262,48
CX,1967,cyclone,historical,0.15118488960416668,0.33482853,0.0,48
CX,1968,cyclone,historical,0.16156364138958332,0.3509001,0.0,48
CX,1969,cyclone,historical,0.18473493380000003,0.4395947,0.0,48
CX,1970,cyclone,historical,0.19749880570833334,0.38668543,0.012184573,48
CX,1971,cyclone,historical,0.17999098982291664,0.3531481,0.002501744,48
CX,1972,cyclone,historical,0.13150354415,0.3317962,0.0,48
CX,1973,cyclone,historical,0.16755137369124998,0.37874937,0.0,48
CX,1974,cyclone,historical,0.16578066809791667,0.36755502,0.0,48
CX,1975,cyclone,historical,0.18232881934375,0.32910347,0.008230428,48
CX,1976,cyclone,historical,0.156845050525,0.32817405,0.0,48
CX,1977,cyclone,historical,0.18649976237083332,0.4235997,0.0,48
CX,1978,cyclone,historical,0.19642041518125,0.4013804,0.0056940727,48
CX,1979,cyclone,historical,0.17406903866354165,0.3699674,0.00076075195,48
CX,1980,cyclone,historical,0.1787138337229167,0.3532259,0.0045466917,48
CX,1981,cyclone,historical,0.19843459696666665,0.40536448,0.0,48
CX,1982,cyclone,historical,0.21580814379166666,0.38293707,0.021902237,48
CX,1983,cyclone,historical,0.13909659945166666,0.3431025,0.0,48
CX,1984,cyclone,historical,0.15796266780833332,0.35762078,0.0,48
CX,1985,cyclone,historical,0.18113526297145832,0.4032632,0.0,48
CX,1986,cyclone,historical,0.184823247125,0.3636005,0.019697202,48
CX,1987,cyclone,historical,0.14562531222354166,0.31070817,0.0,48
CX,1988,cyclone,historical,0.17750028746250002,0.37625593,0.0,48
CX,1989,cyclone,historical,0.1814889335208333,0.39300156,0.002563352,48
CX,1990,cyclone,historical,0.18878130497916668,0.37918073,0.021815343,48
CX,1991,cyclone,historical,0.19046176105208334,0.41797733,0.006719856,48
CX,1992,cyclone,historical,0.14645625013333333,0.33833018,0.0,48
CX,1993,cyclone,historical,0.192286369775,0.37714565,0.0032783858,48
CX,1994,cyclone,historical,0.18361483369583334,0.41564977,0.004141225,48
CX,1995,cyclone,historical,0.20332350589583334,0.37056312,0.02070474,48
CX,1996,cyclone,historical,0.17338306099375,0.331401,0.0041738264,48
CX,1997,cyclone,historical,0.1921681759625,0.406878,0.0,48
CX,1998,cyclone,historical,0.20584499014583335,0.43305668,0.017311042,48
CX,1999,cyclone,historical,0.17077999660416665,0.37840992,0.010661403,48
CX,2000,cyclone,historical,0.18411621609520834,0.34602675,0.0,48
CX,2001,cyclone,historical,0.16859093886249998,0.4138258,0.0,48
CX,2002,cyclone,historical,0.19597113365,0.41605484,0.0,48
CX,2003,cyclone,historical,0.22870157410416667,0.38225672,0.058069196,48
CX,2004,cyclone,historical,0.1917001900291667,0.3895024,0.0031652697,48
CX,2005,cyclone,historical,0.17682935375833334,0.38164452,0.0,48
CX,2006,cyclone,historical,0.19158199108124999,0.43819678,0.0010406818,48
CX,2007,cyclone,historical,0.166690237375,0.3783883,0.0,48
CX,2008,cyclone,historical,0.207063821375,0.39604378,0.016690545,48
CX,2009,cyclone,historical,0.19420727004791669,0.4193247,0.0049106553,48
CX,2010,cyclone,historical,0.23738826427083334,0.45041105,0.024417011,48
CX,2011,cyclone,historical,0.238824292125,0.44524348,0.02624152,48
CX,2012,cyclone,historical,0.2092998950625,0.3831579,0.021780483,48
CX,2013,cyclone,historical,0.19817802879166668,0.39782566,0.008251388,48
CX,2014,cyclone,historical,0.20188564578001042,0.47445044,0.0,48
DE,1850,cyclone,historical,0.044042331375,0.25717315,0.0,12
DE,1851,cyclone,historical,0.039917150000000005,0.17000623,0.0,12
DE,1852,cyclone,historical,0.017978195583333332,0.11653951,0.0,12
DE,1853,cyclone,historical,0.029811753333333333,0.12248254,0.0,12
DE,1854,cyclone,historical,0.044471217466666664,0.14255592,0.0,12
DE,1855,cyclone,historical,0.03761989858333333,0.12400611,0.0,12
DE,1856,cyclone,historical,0.05114910925,0.20422076,0.0,12
DE,1857,cyclone,historical,0.07577107080833333,0.26353002,0.0,12
DE,1858,cyclone,historical,0.01794739975,0.082351975,0.0,12
DE,1859,cyclone,historical,0.03790165344166667,0.16315013,0.0,12
DE,1860,cyclone,historical,0.0420147673,0.09508843,0.0,12
DE,1861,cyclone,historical,0.040113449541666665,0.17887214,0.0,12
DE,1862,cyclone,historical,0.039121685583333336,0.12768756,0.0,12
DE,1863,cyclone,historical,0.048785675933333335,0.18892881,0.0,12
DE,1864,cyclone,historical,0.015620526000000001,0.15887116,0.0,12
DE,1865,cyclone,historical,0.04295664666666666,0.13139167,0.0,12
DE,1866,cyclone,historical,0.037179846833333335,0.24387698,0.0,12
DE,1867,cyclone,historical,0.0329666905,0.14804837,0.0,12
DE,1868,cyclone,historical,0.03501631376666667,0.19253895,0.0,12
DE,1869,cyclone,historical,0.04291423516666667,0.13977243,0.0,12
DE,1870,cyclone,historical,0.037389562333333334,0.24506989,0.0,12
DE,1871,cyclone,historical,0.024309860666666665,0.1366626,0.0,12
DE,1872,cyclone,historical,0.028502125,0.110129684,0.0,12
DE,1873,cyclone,historical,0.03780620508333333,0.20463787,0.0,12
DE,1874,cyclone,historical,0.029965370333333335,0.13110857,0.0,12
DE,1875,cyclone,historical,0.029128934750000002,0.104088336,0.0,12
DE,1876,cyclone,historical,0.037221986150000004,0.15002036,0.0,12
DE,1877,cyclone,historical,0.030052085750000002,0.1569521,0.0,12
DE,1878,cyclone,historical,0.017913633166666665,0.07830316,0.0,12
DE,1879,cyclone,historical,0.027960408833333335,0.1623235,0.0,12
DE,1880,cyclone,historical,0.03972436133333333,0.16069296,0.0,12
DE,1881,cyclone,historical,0.04101498791666667,0.15708716,0.0,12
DE,1882,cyclone,historical,0.03623967775,0.120108575,0.0,12
DE,1883,cyclone,historical,0.03970653325,0.14121497,0.0,12
DE,1884,cyclone,historical,0.021701052083333335,0.102300026,0.0,12
DE,1885,cyclone,historical,0.04805558375,0.13888961,0.0,12
DE,1886,cyclone,historical,0.06536311950833333,0.3265153,0.0,12
DE,1887,cyclone,historical,0.027442646333333334,0.120269574,0.0,12
DE,1888,cyclone,historical,0.05364941296666667,0.19250111,0.0,12
DE,1889,cyclone,historical,0.027432651500000002,0.21615437,0.0,12
DE,1890,cyclone,historical,0.039434233416666666,0.15524699,0.0,12
DE,1891,cyclone,historical,0.028927502083333334,0.0984014,0.0,12
DE,1892,cyclone,historical,0.04516186979166666,0.22656979,0.0,12
DE,1893,cyclone,historical,0.041905631500000005,0.15296486,0.0,12
DE,1894,cyclone,historical,0.017683746666666667,0.11235995,0.0,12
DE,1895,cyclone,historical,0.05782240875,0.16849995,0.0,12
DE,1896,cyclone,historical,0.031035205741666665,0.0933898,0.0,12
DE,1897,cyclone,historical,0.050034252,0.15851457,0.0,12
DE,1898,cyclone,historical,0.06580272241666667,0.16526477,0.0,12
DE,1899,cyclone,historical,0.05624282223333333,0.18763864,0.0,12
DE,1900,cyclone,historical,0.04360632975,0.16459592,0.0,12
DE,1901,cyclone,historical,0.03996397295,0.17747931,0.0,12
DE,1902,cyclone,historical,0.031386024416666665,0.1321405,0.0,12
DE,1903,cyclone,historical,0.041086034583333333,0.16586772,0.0,12
DE,1904,cyclone,historical,0.026453401916666664,0.07462604,0.0,12
DE,1905,cyclone,historical,0.04561741291666666,0.2076753,0.0,12
DE,1906,cyclone,historical,0.06000611091666667,0.17506644,0.0,12
DE,1907,cyclone,historical,0.03367742183333333,0.14255485,0.0,12
DE,1908,cyclone,historical,0.025935098583333333,0.13874915,0.0,12
DE,1909,cyclone,historical,0.06284777625,0.2846072,0.0,12
DE,1910,cyclone,historical,0.03332191971666667,0.1353454,0.0,12
DE,1911,cyclone,historical,0.028188495999999997,0.1048955,0.0,12
DE,1912,cyclone,historical,0.03870008866666667,0.21216497,0.0,12
DE,1913,cyclone,historical,0.018180349000000002,0.15183893,0.0,12
DE,1914,cyclone,historical,0.05149002341666666,0.19587135,0.0,12
DE,1915,cyclone,historical,0.010864843308333332,0.071934395,0.0,12
DE,1916,cyclone,historical,0.058052566416666666,0.2242304,0.0,12
DE,1917,cyclone,historical,0.04502454983333334,0.1702623,0.0,12
DE,1918,cyclone,historical,0.04682510714166666,0.14930288,0.0,12
DE,1919,cyclone,historical,0.05376323033333333,0.30777422,0.0,12
DE,1920,cyclone,historical,0.03726484816666666,0.17825189,0.0,12
DE,1921,cyclone,historical,0.026595405083333332,0.09130542,0.0,12
DE,1922,cyclone,historical,0.025276142749999998,0.12619531,0.0,12
DE,1923,cyclone,historical,0.03917985275,0.21172842,0.0,12
DE,1924,cyclone,historical,0.03516732025,0.21488039,0.0,12
DE,1925,cyclone,historical,0.03619843516666667,0.10954943,0.0,12
DE,1926,cyclone,historical,0.04354005458333334,0.2408028,0.0,12
DE,1927,cyclone,historical,0.04601352458333333,0.21446763,0.0,12
DE,1928,cyclone,historical,0.0211674415,0.12249011,0.0,12
DE,1929,cyclone,historical,0.020767455833333334,0.13982429,0.0,12
DE,1930,cyclone,historical,0.04663736116666667,0.1859184,0.0,12
DE,1931,cyclone,historical,0.06917286658333334,0.31689298,0.0,12
DE,1932,cyclone,historical,0.05002911983333334,0.17288373,0.0,12
DE,1933,cyclone,historical,0.027622828000000002,0.1670077,0.0,12
DE,1934,cyclone,historical,0.011374682833333332,0.058174666,0.0,12
DE,1935,cyclone,historical,0.03484594575,0.15469374,0.0,12
DE,1936,cyclone,historical,0.03854494034166667,0.20736733,0.0,12
DE,1937,cyclone,historical,0.014722228500000002,0.13385642,0.0,12
DE,1938,cyclone,historical,0.057927941000000004,0.23993078,0.0,12
DE,1939,cyclone,historical,0.07055102083333332,0.17340347,0.0,12
DE,1940,cyclone,historical,0.03377764266666667,0.19755918,0.0,12
DE,1941,cyclone,historical,0.04551835969166667,0.1714347,0.0,12
DE,1942,cyclone,historical,0.0245447905,0.12377056,0.0,12
DE,1943,cyclone,historical,0.01935932,0.11451997,0.0,12
DE,1944,cyclone,historical,0.03213484625,0.18235259,0.0,12
DE,1945,cyclone,historical,0.032088022833333334,0.10036584,0.0,12
DE,1946,cyclone,historical,0.05868171616666667,0.17355368,0.0,12
DE,1947,cyclone,historical,0.025626511625,0.10114491,0.0,12
DE,1948,cyclone,historical,0.03170973833333333,0.15025267,0.0,12
DE,1949,cyclone,historical,0.0288570865,0.14153048,0.0,12
DE,1950,cyclone,historical,0.039451433333333334,0.18452883,0.0,12
DE,1951,cyclone,historical,0.0723730085,0.18789041,0.0,12
DE,1952,cyclone,historical,0.036450473325,0.12877674,0.0,12
DE,1953,cyclone,historical,0.034135935416666666,0.09748941,0.0,12
DE,1954,cyclone,historical,0.03727952666666667,0.1318909,0.0,12
DE,1955,cyclone,historical,0.06846933883333334,0.30137843,0.0,12
DE,1956,cyclone,historical,0.025817498858333333,0.17177941,0.0,12
DE,1957,cyclone,historical,0.05383499641666667,0.17310631,0.0,12
DE,1958,cyclone,historical,0.017272776783333332,0.07039353,0.0,12
DE,1959,cyclone,historical,0.02962004525,0.141524,0.0,12
DE,1960,cyclone,historical,0.05598835516666667,0.17309444,0.0,12
DE,1961,cyclone,historical,0.04555609066666666,0.16987655,0.0,12
DE,1962,cyclone,historical,0.014455782333333334,0.0657342,0.0,12
DE,1963,cyclone,historical,0.015277810966666666,0.055028107,0.0,12
DE,1964,cyclone,historical,0.061415147,0.19759591,0.0,12
DE,1965,cyclone,historical,0.04042140608333333,0.18060102,0.0,12
DE,1966,cyclone,historical,0.03227964033333333,0.15511732,0.0,12
DE,1967,cyclone,historical,0.054291259333333335,0.22646174,0.0,12
DE,1968,cyclone,historical,0.0683769511,0.18919139,0.0,12
DE,1969,cyclone,historical,0.05564843,0.24911115,0.0,12
DE,1970,cyclone,historical,0.03578269441666667,0.11920091,0.0,12
DE,1971,cyclone,historical,0.034796691,0.24097568,0.0,12
DE,1972,cyclone,historical,0.026749562333333334,0.12885886,0.0,12
DE,1973,cyclone,historical,0.058141081166666664,0.23808955,0.0,12
DE,1974,cyclone,historical,0.032080188249999995,0.11753794,0.0,12
DE,1975,cyclone,historical,0.05490636333333334,0.2262586,0.0,12
DE,1976,cyclone,historical,0.033974573,0.14581378,0.0,12
DE,1977,cyclone,historical,0.02806234225,0.10775032,0.0,12
DE,1978,cyclone,historical,0.053234842375,0.19660074,0.0,12
DE,1979,cyclone,historical,0.0508694275,0.1531572,0.0,12
DE,1980,cyclone,historical,0.045598052166666674,0.18536517,0.0,12
DE,1981,cyclone,historical,0.04904887866666666,0.23107028,0.0,12
DE,1982,cyclone,historical,0.022427451750000004,0.1226792,0.0,12
DE,1983,cyclone,historical,0.04685950670833333,0.17472284,0.0,12
DE,1984,cyclone,historical,0.03330634216666666,0.10596957,0.0,12
DE,1985,cyclone,historical,0.048606664916666674,0.16015485,0.0,12
DE,1986,cyclone,historical,0.01948493391666667,0.1751745,0.0,12
DE,1987,cyclone,historical,0.019102058466666665,0.13218048,0.0,12
DE,1988,cyclone,historical,0.06774240133333333,0.23770055,0.0,12
DE,1989,cyclone,historical,0.033005860058333336,0.18670397,0.0,12
DE,1990,cyclone,historical,0.04476620814166667,0.18392694,0.0,12
DE,1991,cyclone,historical,0.031509206983333336,0.14433558,0.0,12
DE,1992,cyclone,historical,0.048596220125,0.15798295,0.0,12
DE,1993,cyclone,historical,0.041626489480833334,0.18013962,0.0,12
DE,1994,cyclone,historical,0.044124363,0.19079386,0.0,12
DE,1995,cyclone,historical,0.017579023,0.06740689,0.0,12
DE,1996,cyclone,historical,0.05885127266666667,0.20739433,0.0,12
DE,1997,cyclone,historical,0.05798385933333333,0.12960228,0.0,12
DE,1998,cyclone,historical,0.0399089565,0.20356596,0.0,12
DE,1999,cyclone,historical,0.04031407025,0.18234178,0.0,12
DE,2000,cyclone,historical,0.06027588766666667,0.2012741,0.0,12
DE,2001,cyclone,historical,0.038520807666666664,0.17799905,0.0,12
DE,2002,cyclone,historical,0.05070878525,0.16067675,0.0,12
DE,2003,cyclone,historical,0.039489161291666665,0.14587106,0.0,12
DE,2004,cyclone,historical,0.03706638808333333,0.1504072,0.0,12
DE,2005,cyclone,historical,0.036525662083333334,0.17171782,0.0,12
DE,2006,cyclone,historical,0.060457238749999996,0.1672735,0.0,12
DE,2007,cyclone,historical,0.05349363305833333,0.18816487,0.0,12
DE,2008,cyclone,historical,0.03354919425,0.15871122,0.0,12
DE,2009,cyclone,historical,0.02027589658333333,0.07699461,0.0,12
DE,2010,cyclone,historical,0.028688610791666666,0.11637743,0.0,12
DE,2011,cyclone,historical,0.024270420775,0.11944403,0.0,12
DE,2012,cyclone,historical,0.039813055358333335,0.21108766,0.0,12
DE,2013,cyclone,historical,0.051112552705833335,0.2941874,0.0,12
DE,2014,cyclone,historical,0.028457823166666663,0.12575768,0.0,12
DJ,1850,cyclone,historical,0.25715360125000003,0.48764446,0.014551042,12
DJ,1851,cyclone,historical,0.2587717667633333,0.50254726,3.565816e-05,12
DJ,1852,cyclone,historical,0.26598450704166665,0.52797186,0.0,12
DJ,1853,cyclone,historical,0.2536805058333333,0.51494086,0.021084778,12
DJ,1854,cyclone,historical,0.2582026103333333,0.4863449,0.01935439,12
DJ,1855,cyclone,historical,0.21815003791666668,0.43803596,0.0,12
DJ,1856,cyclone,historical,0.241736533525,0.4994164,0.0021465132,12
DJ,1857,cyclone,historical,0.25814383550000003,0.49619168,0.018289186,12
DJ,1858,cyclone,historical,0.24307503939166666,0.4755214,0.0032711332,12
DJ,1859,cyclone,historical,0.2458145416666667,0.48689103,0.015502116,12
DJ,1860,cyclone,historical,0.19900805730333335,0.42761084,0.00061969564,12
DJ,1861,cyclone,historical,0.20420763279166668,0.43285435,0.0018072205,12
DJ,1862,cyclone,historical,0.2609767150416667,0.51456594,0.0,12
DJ,1863,cyclone,historical,0.25776719333333337,0.50770736,0.008193272,12
DJ,1864,cyclone,historical,0.22837816033333333,0.47422588,0.007883155,12
DJ,1865,cyclone,historical,0.23605233191666666,0.45860118,0.004336789,12
DJ,1866,cyclone,historical,0.23685642641666668,0.47257033,0.0048073684,12
DJ,1867,cyclone,historical,0.24437703700000002,0.47599187,0.0,12
DJ,1868,cyclone,historical,0.2641072623833333,0.50277066,0.0006748036,12
DJ,1869,cyclone,historical,0.24774270541666665,0.47894484,0.008023626,12
DJ,1870,cyclone,historical,0.23254717289333335,0.4729842,0.00030579572,12
DJ,1871,cyclone,historical,0.26336185575,0.5312917,0.0,12
DJ,1872,cyclone,historical,0.25611790225000003,0.5135914,0.009048757,12
DJ,1873,cyclone,historical,0.24524141275,0.46284872,0.024454389,12
DJ,1874,cyclone,historical,0.21746752422500001,0.43545473,0.0032119357,12
DJ,1875,cyclone,historical,0.25377546241666665,0.50039816,0.0,12
DJ,1876,cyclone,historical,0.26324389325,0.4752572,0.0,12
DJ,1877,cyclone,historical,0.24468489845833333,0.47401816,0.0128255915,12
DJ,1878,cyclone,historical,0.220507324175,0.42781204,0.0013804031,12
DJ,1879,cyclone,historical,0.22345390899999998,0.4557975,0.0,12
DJ,1880,cyclone,historical,0.25917030229166665,0.5152312,0.0,12
DJ,1881,cyclone,historical,0.2598903154166667,0.48413688,0.008589295,12
DJ,1882,cyclone,historical,0.24528339396666668,0.51040465,0.0021519146,12
DJ,1883,cyclone,historical,0.20663011212500002,0.41724092,0.0046685175,12
DJ,1884,cyclone,historical,0.21874691724999998,0.4617051,0.002387476,12
DJ,1885,cyclone,historical,0.2231190455733333,0.48642084,0.00030957768,12
DJ,1886,cyclone,historical,0.2720942872666667,0.507988,0.003906458,12
DJ,1887,cyclone,historical,0.23617076574999998,0.48775613,0.015676083,12
DJ,1888,cyclone,historical,0.2244912780416667,0.44716755,0.0,12
DJ,1889,cyclone,historical,0.2233311205,0.43243465,0.008251622,12
DJ,1890,cyclone,historical,0.2510062565,0.5023014,0.0,12
DJ,1891,cyclone,historical,0.26611655933333334,0.53002876,0.010005376,12
DJ,1892,cyclone,historical,0.2682055258916667,0.50450736,0.0069203847,12
DJ,1893,cyclone,historical,0.2516462359166667,0.48287332,0.01291134,12
DJ,1894,cyclone,historical,0.237223164,0.457842,0.0,12
DJ,1895,cyclone,historical,0.27163853219583334,0.53855336,0.00050968135,12
DJ,1896,cyclone,historical,0.25835464825,0.47495043,0.021589506,12
DJ,1897,cyclone,historical,0.22344265551666667,0.4884268,0.0032561142,12
DJ,1898,cyclone,historical,0.252050427275,0.46887738,0.0016775543,12
DJ,1899,cyclone,historical,0.265423559,0.5019058,0.047308825,12
DJ,1900,cyclone,historical,0.26639171933333333,0.49980566,0.006692388,12
DJ,1901,cyclone,historical,0.242765276,0.45816597,0.009432124,12
DJ,1902,cyclone,historical,0.269121094,0.5185863,0.019196197,12
DJ,1903,cyclone,historical,0.22008915705,0.44708118,0.0020962676,12
DJ,1904,cyclone,historical,0.22689899283333334,0.41656828,0.0,12
DJ,1905,cyclone,historical,0.23835402891666668,0.45929134,0.001047715,12
DJ,1906,cyclone,historical,0.25296842175,0.50041085,0.005046226,12
DJ,1907,cyclone,historical,0.255738782,0.47458404,0.009433191,12
DJ,1908,cyclone,historical,0.2554798128833333,0.49511254,0.0017034876,12
DJ,1909,cyclone,historical,0.2471242143,0.52322793,0.0054873456,12
DJ,1910,cyclone,historical,0.24012915633333334,0.4700552,0.003614981,12
DJ,1911,cyclone,historical,0.25024281728333336,0.49229953,0.0039348104,12
DJ,1912,cyclone,historical,0.258308189,0.48516595,0.0225769,12
DJ,1913,cyclone,historical,0.26098931966666666,0.53477997,0.004113607,12
DJ,1914,cyclone,historical,0.2659268589166667,0.52367467,0.008473297,12
DJ,1915,cyclone,historical,0.2560971774583333,0.52572924,0.0155409435,12
DJ,1916,cyclone,historical,0.23817221704166666,0.4616022,0.00842451,12
DJ,1917,cyclone,historical,0.24561119225000003,0.46402663,0.001953635,12
DJ,1918,cyclone,historical,0.23466551535,0.5008086,0.0,12
DJ,1919,cyclone,historical,0.2696111743333333,0.54385597,0.007116504,12
DJ,1920,cyclone,historical,0.2603545176666667,0.51669806,0.006861883,12
DJ,1921,cyclone,historical,0.23421191004166667,0.44253713,0.0058619855,12
DJ,1922,cyclone,historical,0.23400630458333335,0.47002903,0.0,12
DJ,1923,cyclone,historical,0.2814136185833333,0.5462107,0.007833921,12
DJ,1924,cyclone,historical,0.26086270625,0.49672163,0.029562637,12
DJ,1925,cyclone,historical,0.23963151766666665,0.45389795,0.003526916,12
DJ,1926,cyclone,historical,0.26752520635,0.49634898,0.0029091472,12
DJ,1927,cyclone,historical,0.27244067025,0.5216161,0.019748136,12
DJ,1928,cyclone,historical,0.26602975408333335,0.5211775,0.020976182,12
DJ,1929,cyclone,historical,0.23619986708333332,0.42590415,0.02454524,12
DJ,1930,cyclone,historical,0.27361916725,0.4734236,0.028741572,12
DJ,1931,cyclone,historical,0.27721040908333333,0.571612,0.0,12
DJ,1932,cyclone,historical,0.2838867305833333,0.5223461,0.030151067,12
DJ,1933,cyclone,historical,0.2476004405,0.46582806,0.02426353,12
DJ,1934,cyclone,historical,0.24958366851666666,0.48497826,0.0017993412,12
DJ,1935,cyclone,historical,0.28522742883333335,0.5474563,0.008008726,12
DJ,1936,cyclone,historical,0.25202560933333334,0.527205,0.015678244,12
DJ,1937,cyclone,historical,0.24312052925000002,0.4722734,0.011344698,12
DJ,1938,cyclone,historical,0.2613640097166667,0.48147878,0.0,12
DJ,1939,cyclone,historical,0.28049872724999997,0.52763796,0.026830636,12
DJ,1940,cyclone,historical,0.2472673909166667,0.48558962,0.025373979,12
DJ,1941,cyclone,historical,0.23733111664999998,0.4677015,0.0015311398,12
DJ,1942,cyclone,historical,0.23549730049999998,0.4953792,0.003949411,12
DJ,1943,cyclone,historical,0.2636142605,0.5099244,0.020815179,12
DJ,1944,cyclone,historical,0.2978063099666667,0.53303355,0.0024354146,12
DJ,1945,cyclone,historical,0.2736515288333333,0.50297844,0.037945837,12
DJ,1946,cyclone,historical,0.2552138495833333,0.50025594,0.016949378,12
DJ,1947,cyclone,historical,0.30836135525,0.559286,0.055285797,12
DJ,1948,cyclone,historical,0.254544429,0.49211273,0.034383684,12
DJ,1949,cyclone,historical,0.23266217200000003,0.47610676,0.0068723,12
DJ,1950,cyclone,historical,0.242433099125,0.5065531,0.0012026525,12
DJ,1951,cyclone,historical,0.275548860875,0.541713,0.008691324,12
DJ,1952,cyclone,historical,0.29555393641666666,0.56610715,0.020780299,12
DJ,1953,cyclone,historical,0.24869147058333332,0.45330158,0.002187574,12
DJ,1954,cyclone,historical,0.25641018649999997,0.51184225,0.0,12
DJ,1955,cyclone,historical,0.2645177633333333,0.5436921,0.0,12
DJ,1956,cyclone,historical,0.275228358,0.49538273,0.011554277,12
DJ,1957,cyclone,historical,0.28195751308333333,0.5403118,0.009260857,12
DJ,1958,cyclone,historical,0.27863203816666665,0.5548215,0.009783302,12
DJ,1959,cyclone,historical,0.2626219109416667,0.47927234,0.0070376243,12
DJ,1960,cyclone,historical,0.2776104984,0.5350723,0.0034199418,12
DJ,1961,cyclone,historical,0.3073309954166667,0.5575769,0.043981172,12
DJ,1962,cyclone,historical,0.26578390808333335,0.48131144,0.044013374,12
DJ,1963,cyclone,historical,0.23410682216666667,0.44915724,0.019844847,12
DJ,1964,cyclone,historical,0.2673662045833333,0.49528632,0.0,12
DJ,1965,cyclone,historical,0.3000672020833333,0.5536958,0.05671373,12
DJ,1966,cyclone,historical,0.2614908813333333,0.46033692,0.041157372,12
DJ,1967,cyclone,historical,0.220798024,0.43538648,0.0,12
DJ,1968,cyclone,historical,0.282947064,0.5155583,0.016203463,12
DJ,1969,cyclone,historical,0.2918045418333333,0.54882836,0.0,12
DJ,1970,cyclone,historical,0.2553353931666667,0.492473,0.019389395,12
DJ,1971,cyclone,historical,0.24660474633333332,0.43944162,0.009152802,12
DJ,1972,cyclone,historical,0.23822624195833333,0.46874323,0.009796269,12
DJ,1973,cyclone,historical,0.263623241375,0.5051449,0.0071123885,12
DJ,1974,cyclone,historical,0.26870896483333334,0.51473415,0.007531976,12
DJ,1975,cyclone,historical,0.26506066265416667,0.5068649,0.0,12
DJ,1976,cyclone,historical,0.2646521459166667,0.50850534,0.011336608,12
DJ,1977,cyclone,historical,0.28790548683333334,0.53898144,0.02222558,12
DJ,1978,cyclone,historical,0.27411051125,0.47528392,0.028976481,12
DJ,1979,cyclone,historical,0.2686303113333333,0.504292,0.04273581,12
DJ,1980,cyclone,historical,0.2795337479416667,0.5487435,0.0012296663,12
DJ,1981,cyclone,historical,0.2975042975,0.55271226,0.04004494,12
DJ,1982,cyclone,historical,0.2675837698333334,0.51398414,0.026463524,12
DJ,1983,cyclone,historical,0.22745829269166665,0.45960212,0.0037447803,12
DJ,1984,cyclone,historical,0.26290083266666664,0.5235369,0.008905896,12
DJ,1985,cyclone,historical,0.28534656908333333,0.542464,0.035214975,12
DJ,1986,cyclone,historical,0.23861294391666665,0.45127505,0.005247961,12
DJ,1987,cyclone,historical,0.26011454687499996,0.4733787,0.0110534895,12
DJ,1988,cyclone,historical,0.287579175875,0.5530262,0.0067372755,12
DJ,1989,cyclone,historical,0.30351665580000003,0.5296627,0.0034847746,12
DJ,1990,cyclone,historical,0.28411124308333335,0.5472422,0.007063017,12
DJ,1991,cyclone,historical,0.27927762758333335,0.49708557,0.037737187,12
DJ,1992,cyclone,historical,0.2345559650333333,0.44125587,0.0026090674,12
DJ,1993,cyclone,historical,0.26865501016666665,0.5201911,0.0,12
DJ,1994,cyclone,historical,0.30530307333333334,0.5525567,0.07263527,12
DJ,1995,cyclone,historical,0.27117615958333335,0.50677335,0.05562558,12
DJ,1996,cyclone,historical,0.23963008466666666,0.4670912,0.004834382,12
DJ,1997,cyclone,historical,0.30925330616666663,0.55745625,0.014891017,12
DJ,1998,cyclone,historical,0.2868573991666667,0.5271449,0.03951957,12
DJ,1999,cyclone,historical,0.2763322571666667,0.48919252,0.048966266,12
DJ,2000,cyclone,historical,0.27962559766666667,0.49476838,0.022258108,12
DJ,2001,cyclone,historical,0.31224815833333336,0.5347016,0.054560196,12
DJ,2002,cyclone,historical,0.34740527250000003,0.57760113,0.06390288,12
DJ,2003,cyclone,historical,0.3071676016666667,0.53373605,0.10759124,12
DJ,2004,cyclone,historical,0.25563180908333333,0.5099445,0.03367179,12
DJ,2005,cyclone,historical,0.27540508225,0.5095546,0.028511573,12
DJ,2006,cyclone,historical,0.29361029125,0.5591631,0.017162293,12
DJ,2007,cyclone,historical,0.30741713975,0.6107168,0.03464152,12
DJ,2008,cyclone,historical,0.3195931529166667,0.5555047,0.05686246,12
DJ,2009,cyclone,historical,0.30463797625,0.55143964,0.04391471,12
DJ,2010,cyclone,historical,0.32260559299999997,0.5763258,0.06268209,12
DJ,2011,cyclone,historical,0.3023180463333333,0.5504608,0.035265356,12
DJ,2012,cyclone,historical,0.2651195006666667,0.4695254,0.015553981,12
DJ,2013,cyclone,historical,0.2956748141666667,0.51609343,0.021847367,12
DJ,2014,cyclone,historical,0.316894209,0.55314684,0.05975351,12
DK,1850,cyclone,historical,0.0575695809875,0.32853836,0.0,24
DK,1851,cyclone,historical,0.059288301794166665,0.26214367,0.0,24
DK,1852,cyclone,historical,0.03394929215833333,0.12734096,0.0,24
DK,1853,cyclone,historical,0.04776805618058333,0.14761911,0.0,24
DK,1854,cyclone,historical,0.05433830493333333,0.20858997,0.0,24
DK,1855,cyclone,historical,0.0596892412875,0.22893105,0.0,24
DK,1856,cyclone,historical,0.07392813783333334,0.23414229,0.0,24
DK,1857,cyclone,historical,0.09950503745833333,0.35183287,0.0,24
DK,1858,cyclone,historical,0.026987279785833332,0.09256264,0.0,24
DK,1859,cyclone,historical,0.055281381905833336,0.18803304,0.0,24
DK,1860,cyclone,historical,0.07475538115833334,0.17329946,0.0026678788,24
DK,1861,cyclone,historical,0.06553004641666667,0.25291902,0.0,24
DK,1862,cyclone,historical,0.05585168321666667,0.18980297,0.0,24
DK,1863,cyclone,historical,0.07227146518458334,0.2626453,0.0,24
DK,1864,cyclone,historical,0.032046284475,0.14114553,0.0,24
DK,1865,cyclone,historical,0.050012400387499996,0.1522236,0.0,24
DK,1866,cyclone,historical,0.0503414327,0.31858027,0.0,24
DK,1867,cyclone,historical,0.0589672587625,0.23307118,0.0,24
DK,1868,cyclone,historical,0.05686652370833333,0.26618737,0.0,24
DK,1869,cyclone,historical,0.06979780947916667,0.21841514,0.0,24
DK,1870,cyclone,historical,0.04661080963333333,0.25895903,0.0,24
DK,1871,cyclone,historical,0.03785676608333333,0.16364367,0.0,24
DK,1872,cyclone,historical,0.04719075120833333,0.21246159,0.0,24
DK,1873,cyclone,historical,0.06300523269083333,0.25175443,0.0,24
DK,1874,cyclone,historical,0.0528059715,0.17664945,0.0,24
DK,1875,cyclone,historical,0.04428523954166667,0.12724668,0.0,24
DK,1876,cyclone,historical,0.05010141760833333,0.18004155,0.0,24
DK,1877,cyclone,historical,0.053331077625,0.20163609,0.0,24
DK,1878,cyclone,historical,0.029634996854166665,0.13303141,0.0,24
DK,1879,cyclone,historical,0.0386601765,0.18921705,0.0,24
DK,1880,cyclone,historical,0.050897599833333335,0.17390864,0.0,24
DK,1881,cyclone,historical,0.055340361010416665,0.17972387,0.0,24
DK,1882,cyclone,historical,0.055704804,0.17200902,0.0,24
DK,1883,cyclone,historical,0.059323299375,0.19987118,0.0,24
DK,1884,cyclone,historical,0.03235554898041667,0.15799484,0.0,24
DK,1885,cyclone,historical,0.06859826349166666,0.2305597,0.0,24
DK,1886,cyclone,historical,0.071317490225,0.35267162,0.0,24
DK,1887,cyclone,historical,0.047719175895833334,0.1579689,0.0,24
DK,1888,cyclone,historical,0.07668793820291667,0.22452727,0.0,24
DK,1889,cyclone,historical,0.04415603869708334,0.28803203,0.0,24
DK,1890,cyclone,historical,0.06290084575625,0.21904537,0.0,24
DK,1891,cyclone,historical,0.0520611087125,0.14433883,0.0,24
DK,1892,cyclone,historical,0.07820788775,0.30174422,0.0,24
DK,1893,cyclone,historical,0.0742544573,0.22611894,0.0,24
DK,1894,cyclone,historical,0.049198589083333334,0.17723322,0.0,24
DK,1895,cyclone,historical,0.07287440356250001,0.17692553,0.0,24
DK,1896,cyclone,historical,0.04958100486083333,0.13564688,0.0,24
DK,1897,cyclone,historical,0.07832421517916667,0.20380205,0.0018782665,24
DK,1898,cyclone,historical,0.0827594303375,0.2503068,0.0,24
DK,1899,cyclone,historical,0.07353826170833333,0.23940834,0.0,24
DK,1900,cyclone,historical,0.061086683437500004,0.2211257,0.0,24
DK,1901,cyclone,historical,0.06495928552083334,0.21016866,0.0,24
DK,1902,cyclone,historical,0.05951379591666667,0.21833545,0.0,24
DK,1903,cyclone,historical,0.0702654888375,0.22104926,0.0,24
DK,1904,cyclone,historical,0.04822003695416666,0.11944241,0.0,24
DK,1905,cyclone,historical,0.07190977139416667,0.2741872,0.0,24
DK,1906,cyclone,historical,0.082460118575,0.23748793,0.0,24
DK,1907,cyclone,historical,0.046261825916666666,0.17355691,0.0,24
DK,1908,cyclone,historical,0.04343309905,0.22608976,0.0,24
DK,1909,cyclone,historical,0.07618071945833334,0.32438797,0.0,24
DK,1910,cyclone,historical,0.045195318875,0.16175379,0.0,24
DK,1911,cyclone,historical,0.04164595780416667,0.20410028,0.0,24
DK,1912,cyclone,historical,0.06478563555,0.27115548,0.0,24
DK,1913,cyclone,historical,0.0314437414775,0.19626306,0.0,24
DK,1914,cyclone,historical,0.06411454192083334,0.23546892,0.0,24
DK,1915,cyclone,historical,0.03217971539583333,0.10246156,0.0,24
DK,1916,cyclone,historical,0.07332971857833333,0.2500188,0.0,24
DK,1917,cyclone,historical,0.0634639998375,0.23292828,0.0,24
DK,1918,cyclone,historical,0.06977214224583334,0.22531202,0.0,24
DK,1919,cyclone,historical,0.06489033644166667,0.31877506,0.0,24
DK,1920,cyclone,historical,0.048935111290416666,0.23750927,0.0,24
DK,1921,cyclone,historical,0.04686539783333333,0.15110992,0.0,24
DK,1922,cyclone,historical,0.04339172224166667,0.1829088,0.0,24
DK,1923,cyclone,historical,0.061022907925,0.28923386,0.0,24
DK,1924,cyclone,historical,0.06698154704166666,0.24707079,0.0,24
DK,1925,cyclone,historical,0.04334582948458334,0.1385287,0.0,24
DK,1926,cyclone,historical,0.05877684129375,0.2822584,0.0,24
DK,1927,cyclone,historical,0.05227280929,0.26307455,0.0,24
DK,1928,cyclone,historical,0.02912203386083333,0.09841687,0.0,24
DK,1929,cyclone,historical,0.043640173998750004,0.19579706,0.0,24
DK,1930,cyclone,historical,0.0666254875,0.27215308,0.0,24
DK,1931,cyclone,historical,0.08979039779166666,0.40659028,0.0,24
DK,1932,cyclone,historical,0.06426128110991666,0.22038849,0.0,24
DK,1933,cyclone,historical,0.044147866602083335,0.16379765,0.0,24
DK,1934,cyclone,historical,0.02544434029166667,0.0822134,0.0,24
DK,1935,cyclone,historical,0.04869754373333333,0.15626703,0.0,24
DK,1936,cyclone,historical,0.0479733205515,0.23349233,0.0,24
DK,1937,cyclone,historical,0.027501828861249997,0.12067397,0.0,24
DK,1938,cyclone,historical,0.08909410204166666,0.31422296,0.0,24
DK,1939,cyclone,historical,0.08350789315958333,0.2155498,0.0,24
DK,1940,cyclone,historical,0.05563088994583334,0.21891841,0.0,24
DK,1941,cyclone,historical,0.06543305474583333,0.17651248,0.0,24
DK,1942,cyclone,historical,0.0505577369875,0.18689981,0.0,24
DK,1943,cyclone,historical,0.03398248209166666,0.17370386,0.0,24
DK,1944,cyclone,historical,0.057468610588749997,0.2070537,0.0,24
DK,1945,cyclone,historical,0.042078346897083334,0.13360384,0.0,24
DK,1946,cyclone,historical,0.08943757416666666,0.22362636,0.0,24
DK,1947,cyclone,historical,0.03505386976041667,0.17249501,0.0,24
DK,1948,cyclone,historical,0.057803386166666665,0.21134186,0.0,24
DK,1949,cyclone,historical,0.055194002447083335,0.23156977,0.0,24
DK,1950,cyclone,historical,0.04998831061791667,0.20336416,0.0,24
DK,1951,cyclone,historical,0.08761738875000001,0.22666839,0.0,24
DK,1952,cyclone,historical,0.05538378201666667,0.18560974,0.0,24
DK,1953,cyclone,historical,0.06235082195833333,0.17327462,0.0,24
DK,1954,cyclone,historical,0.0465133586925,0.20364213,0.0,24
DK,1955,cyclone,historical,0.08921236691666667,0.36183172,0.0,24
DK,1956,cyclone,historical,0.04276601322916667,0.2596241,0.0,24
DK,1957,cyclone,historical,0.07214889237375001,0.22434331,0.0,24
DK,1958,cyclone,historical,0.02752050509583333,0.15313342,0.0,24
DK,1959,cyclone,historical,0.04754164020833334,0.20514356,0.0,24
DK,1960,cyclone,historical,0.07585505185000001,0.25503185,0.0,24
DK,1961,cyclone,historical,0.056379555,0.16877575,0.0,24
DK,1962,cyclone,historical,0.036317341354166664,0.1562782,0.0,24
DK,1963,cyclone,historical,0.05100347877916667,0.13953848,0.0,24
DK,1964,cyclone,historical,0.07416349199166666,0.21491876,0.0,24
DK,1965,cyclone,historical,0.07191266719416667,0.23822135,0.0,24
DK,1966,cyclone,historical,0.05454807091666666,0.19228745,0.0,24
DK,1967,cyclone,historical,0.06971760540833334,0.2446971,0.0,24
DK,1968,cyclone,historical,0.0842339895,0.22318839,0.0,24
DK,1969,cyclone,historical,0.06955670301791667,0.2768059,0.0,24
DK,1970,cyclone,historical,0.06496411886,0.18491432,0.0,24
DK,1971,cyclone,historical,0.050795425474999996,0.2899176,0.0,24
DK,1972,cyclone,historical,0.04820004327916667,0.1720941,0.0,24
DK,1973,cyclone,historical,0.07874711974166666,0.2972402,0.0,24
DK,1974,cyclone,historical,0.0476839007625,0.15448898,0.0,24
DK,1975,cyclone,historical,0.07998332316666666,0.30359465,0.0,24
DK,1976,cyclone,historical,0.04749149890833334,0.20058255,0.0,24
DK,1977,cyclone,historical,0.041666474820833334,0.14473566,0.0,24
DK,1978,cyclone,historical,0.06656011093833333,0.24298146,0.0,24
DK,1979,cyclone,historical,0.05991096827,0.16944946,0.0,24
DK,1980,cyclone,historical,0.051196047080833335,0.20155531,0.0,24
DK,1981,cyclone,historical,0.06543561332916667,0.306386,0.0,24
DK,1982,cyclone,historical,0.039679673035,0.1787622,0.0,24
DK,1983,cyclone,historical,0.05722211306458333,0.18265839,0.0,24
DK,1984,cyclone,historical,0.051274546675,0.16442059,0.0,24
DK,1985,cyclone,historical,0.06634377116833333,0.20588294,0.0,24
DK,1986,cyclone,historical,0.036112782791666666,0.20572975,0.0,24
DK,1987,cyclone,historical,0.049347527362500004,0.19727984,0.0,24
DK,1988,cyclone,historical,0.07708628046666667,0.2865279,0.0,24
DK,1989,cyclone,historical,0.051219408625,0.21521969,0.0,24
DK,1990,cyclone,historical,0.07063190170833333,0.29333484,0.0,24
DK,1991,cyclone,historical,0.052847118974999996,0.19616851,0.0,24
DK,1992,cyclone,historical,0.06226059670833334,0.20355108,0.0,24
DK,1993,cyclone,historical,0.06104527642083333,0.21183297,0.0,24
DK,1994,cyclone,historical,0.06412186704291667,0.26735678,0.0,24
DK,1995,cyclone,historical,0.02900862545416667,0.10413885,0.0,24
DK,1996,cyclone,historical,0.08269593776391666,0.23820435,0.000106704334,24
DK,1997,cyclone,historical,0.07807062543333333,0.17717351,0.0,24
DK,1998,cyclone,historical,0.055186878454166664,0.23267084,0.0,24
DK,1999,cyclone,historical,0.06048311699166667,0.23864223,0.0,24
DK,2000,cyclone,historical,0.08251129347083333,0.22858502,0.0,24
DK,2001,cyclone,historical,0.05294044133333334,0.24159673,0.0,24
DK,2002,cyclone,historical,0.061713533833333334,0.17685556,0.0,24
DK,2003,cyclone,historical,0.06276830091666667,0.16966477,0.0,24
DK,2004,cyclone,historical,0.05463178701458333,0.1983261,0.0,24
DK,2005,cyclone,historical,0.04335767820833333,0.20477563,0.0,24
DK,2006,cyclone,historical,0.071530092925,0.18784666,0.0,24
DK,2007,cyclone,historical,0.08108692990416667,0.2296653,0.0,24
DK,2008,cyclone,historical,0.035829356316666665,0.207544,0.0,24
DK,2009,cyclone,historical,0.03135451489125,0.16236672,0.0,24
DK,2010,cyclone,historical,0.04270392578333334,0.14012954,0.0,24
DK,2011,cyclone,historical,0.04037322689166667,0.16945434,0.0,24
DK,2012,cyclone,historical,0.04925675415833333,0.23806143,0.0,24
DK,2013,cyclone,historical,0.08413803963541666,0.3524223,0.0,24
DK,2014,cyclone,historical,0.0518555045,0.180584,0.0,24
DZ,1850,cyclone,historical,0.013278342458333333,0.055695884,0.0,24
DZ,1851,cyclone,historical,0.0035968593625,0.028536793,0.0,24
DZ,1852,cyclone,historical,0.0068868139,0.044101436,0.0,24
DZ,1853,cyclone,historical,0.004468300583333334,0.02760806,0.0,24
DZ,1854,cyclone,historical,0.0031431407708333334,0.027162334,0.0,24
DZ,1855,cyclone,historical,0.012341414141666666,0.12167642,0.0,24
DZ,1856,cyclone,historical,0.0009736883958333335,0.0143875275,0.0,24
DZ,1857,cyclone,historical,0.006513850125000001,0.03139431,0.0,24
DZ,1858,cyclone,historical,0.009007849991666666,0.036560416,0.0,24
DZ,1859,cyclone,historical,0.0019095800000000001,0.017348235,0.0,24
DZ,1860,cyclone,historical,0.010247286541666666,0.070166074,0.0,24
DZ,1861,cyclone,historical,0.010290706577500001,0.059384346,0.0,24
DZ,1862,cyclone,historical,0.0005751904333333334,0.0053708754,0.0,24
DZ,1863,cyclone,historical,0.010439984233333333,0.05859122,0.0,24
DZ,1864,cyclone,historical,0.0081029791125,0.064532086,0.0,24
DZ,1865,cyclone,historical,0.0080680639875,0.032421373,0.0,24
DZ,1866,cyclone,historical,0.0025265068333333333,0.038134784,0.0,24
DZ,1867,cyclone,historical,0.002752724429166667,0.01721965,0.0,24
DZ,1868,cyclone,historical,0.0,0.0,0.0,24
DZ,1869,cyclone,historical,0.00676390741575,0.057833754,0.0,24
DZ,1870,cyclone,historical,0.006239547674999999,0.028340673,0.0,24
DZ,1871,cyclone,historical,0.0009453239354166666,0.0075638522,0.0,24
DZ,1872,cyclone,historical,0.008296127695833334,0.042799518,0.0,24
DZ,1873,cyclone,historical,0.0041576649,0.028422255,0.0,24
DZ,1874,cyclone,historical,0.003256013360416667,0.023220487,0.0,24
DZ,1875,cyclone,historical,0.0041124394375,0.022386301,0.0,24
DZ,1876,cyclone,historical,0.010186887983333334,0.050865285,0.0,24
DZ,1877,cyclone,historical,0.006334275983333333,0.035295095,0.0,24
DZ,1878,cyclone,historical,0.003196200256666667,0.041814595,0.0,24
DZ,1879,cyclone,historical,0.006839215208333333,0.048947483,0.0,24
DZ,1880,cyclone,historical,0.0016521163750000002,0.011799069,0.0,24
DZ,1881,cyclone,historical,0.005604727091666667,0.029961426,0.0,24
DZ,1882,cyclone,historical,0.000271690875,0.006520581,0.0,24
DZ,1883,cyclone,historical,0.005428482291666666,0.05939353,0.0,24
DZ,1884,cyclone,historical,0.006529585245833334,0.058680363,0.0,24
DZ,1885,cyclone,historical,0.004979693575,0.036684684,0.0,24
DZ,1886,cyclone,historical,0.003956461166666667,0.03165913,0.0,24
DZ,1887,cyclone,historical,0.005100451770833333,0.03288223,0.0,24
DZ,1888,cyclone,historical,0.005355612504166667,0.03801862,0.0,24
DZ,1889,cyclone,historical,0.009517622041666667,0.08560984,0.0,24
DZ,1890,cyclone,historical,0.0040218439875,0.021311693,0.0,24
DZ,1891,cyclone,historical,0.005972807872916666,0.06166268,0.0,24
DZ,1892,cyclone,historical,0.000312053925,0.0058068773,0.0,24
DZ,1893,cyclone,historical,0.0026038786791666665,0.02740762,0.0,24
DZ,1894,cyclone,historical,0.0021863760708333334,0.022203147,0.0,24
DZ,1895,cyclone,historical,0.004508371195833333,0.0364756,0.0,24
DZ,1896,cyclone,historical,0.00655551835,0.04198478,0.0,24
DZ,1897,cyclone,historical,0.0038782076624999996,0.033707768,0.0,24
DZ,1898,cyclone,historical,0.008384867608333334,0.052090086,0.0,24
DZ,1899,cyclone,historical,0.00657449600375,0.07120935,0.0,24
DZ,1900,cyclone,historical,0.007761390408333333,0.030167885,0.0,24
DZ,1901,cyclone,historical,0.0034181183287500003,0.034549516,0.0,24
DZ,1902,cyclone,historical,0.006390869708333333,0.03890197,0.0,24
DZ,1903,cyclone,historical,0.0007107770216666667,0.015447548,0.0,24
DZ,1904,cyclone,historical,0.004453915854166666,0.029496323,0.0,24
DZ,1905,cyclone,historical,0.008499901254166666,0.07301873,0.0,24
DZ,1906,cyclone,historical,0.0042943320875,0.021026429,0.0,24
DZ,1907,cyclone,historical,0.003138390975,0.03292221,0.0,24
DZ,1908,cyclone,historical,0.0006591807199999999,0.015615573,0.0,24
DZ,1909,cyclone,historical,0.0016462409183333332,0.015831143,0.0,24
DZ,1910,cyclone,historical,0.008154507770833333,0.03797702,0.0,24
DZ,1911,cyclone,historical,0.013419646833333333,0.064480215,0.0,24
DZ,1912,cyclone,historical,0.0008671416125,0.011466259,0.0,24
DZ,1913,cyclone,historical,0.002043118029166667,0.019355897,0.0,24
DZ,1914,cyclone,historical,0.003569147680416667,0.027223922,0.0,24
DZ,1915,cyclone,historical,0.0022605563125,0.015263854,0.0,24
DZ,1916,cyclone,historical,0.003360578945833333,0.021515917,0.0,24
DZ,1917,cyclone,historical,0.005482959916666666,0.028389297,0.0,24
DZ,1918,cyclone,historical,0.0017164316670833333,0.014208697,0.0,24
DZ,1919,cyclone,historical,0.0025040402625,0.035241067,0.0,24
DZ,1920,cyclone,historical,0.009412448747083333,0.0635369,0.0,24
DZ,1921,cyclone,historical,0.00395418381125,0.04723896,0.0,24
DZ,1922,cyclone,historical,0.00174549397375,0.01985133,0.0,24
DZ,1923,cyclone,historical,0.0046028066375,0.030490428,0.0,24
DZ,1924,cyclone,historical,0.0035769817464166667,0.046761896,0.0,24
DZ,1925,cyclone,historical,0.0048368458125,0.03257481,0.0,24
DZ,1926,cyclone,historical,0.0015330307552916666,0.025553394,0.0,24
DZ,1927,cyclone,historical,0.0035199376500000003,0.02605531,0.0,24
DZ,1928,cyclone,historical,0.0054297585875,0.04649608,0.0,24
DZ,1929,cyclone,historical,0.0070010656249999996,0.046571717,0.0,24
DZ,1930,cyclone,historical,0.0005761809416666667,0.007314245,0.0,24
DZ,1931,cyclone,historical,0.0066042109375000005,0.04834544,0.0,24
DZ,1932,cyclone,historical,0.007235274829166667,0.052519605,0.0,24
DZ,1933,cyclone,historical,0.00404231625,0.045313418,0.0,24
DZ,1934,cyclone,historical,0.0042785515291666664,0.03867776,0.0,24
DZ,1935,cyclone,historical,0.0011673094766666667,0.013801869,0.0,24
DZ,1936,cyclone,historical,0.0040230464658333335,0.029112186,0.0,24
DZ,1937,cyclone,historical,0.00045376359166666666,0.007812919,0.0,24
DZ,1938,cyclone,historical,0.001403815,0.015398382,0.0,24
DZ,1939,cyclone,historical,0.005529040645833334,0.040595733,0.0,24
DZ,1940,cyclone,historical,0.005093331429166666,0.03713365,0.0,24
DZ,1941,cyclone,historical,0.008769316570833333,0.055440336,0.0,24
DZ,1942,cyclone,historical,0.005367161108333333,0.056813717,0.0,24
DZ,1943,cyclone,historical,0.002290496554166667,0.022017293,0.0,24
DZ,1944,cyclone,historical,0.004821190283333334,0.04716656,0.0,24
DZ,1945,cyclone,historical,0.005955385363333334,0.0470893,0.0,24
DZ,1946,cyclone,historical,0.0021884520625,0.027007814,0.0,24
DZ,1947,cyclone,historical,0.008630693004583334,0.055023782,0.0,24
DZ,1948,cyclone,historical,0.005379722333333333,0.045073535,0.0,24
DZ,1949,cyclone,historical,0.007026075854166667,0.04270227,0.0,24
DZ,1950,cyclone,historical,0.005509118241666666,0.030398581,0.0,24
DZ,1951,cyclone,historical,0.0031669804737499995,0.019782715,0.0,24
DZ,1952,cyclone,historical,0.0041769798425,0.030834045,0.0,24
DZ,1953,cyclone,historical,0.0076169115875,0.056029774,0.0,24
DZ,1954,cyclone,historical,0.0018524233612500001,0.024633845,0.0,24
DZ,1955,cyclone,historical,0.008483130541666667,0.06406529,0.0,24
DZ,1956,cyclone,historical,0.0017318718095833332,0.022729311,0.0,24
DZ,1957,cyclone,historical,0.003774317154166667,0.031709287,0.0,24
DZ,1958,cyclone,historical,0.0073588178,0.037402168,0.0,24
DZ,1959,cyclone,historical,0.005738600041666667,0.028604329,0.0,24
DZ,1960,cyclone,historical,0.002311769875,0.023175642,0.0,24
DZ,1961,cyclone,historical,0.007552551563333333,0.041043624,0.0,24
DZ,1962,cyclone,historical,0.0084065689,0.044464104,0.0,24
DZ,1963,cyclone,historical,0.0021990324708333333,0.025494503,0.0,24
DZ,1964,cyclone,historical,0.0019973521458333332,0.024798628,0.0,24
DZ,1965,cyclone,historical,0.00041360313458333326,0.004934333,0.0,24
DZ,1966,cyclone,historical,0.005360407550000001,0.03361916,0.0,24
DZ,1967,cyclone,historical,0.004688372591666667,0.02476297,0.0,24
DZ,1968,cyclone,historical,0.007759431904166667,0.030334288,0.0,24
DZ,1969,cyclone,historical,0.0015897371666666667,0.024524711,0.0,24
DZ,1970,cyclone,historical,0.0019969020566666666,0.023759142,0.0,24
DZ,1971,cyclone,historical,0.0024366408208333335,0.017092684,0.0,24
DZ,1972,cyclone,historical,0.005179482895833333,0.034116216,0.0,24
DZ,1973,cyclone,historical,0.0015249266250000001,0.012865032,0.0,24
DZ,1974,cyclone,historical,0.006133473820833333,0.03942226,0.0,24
DZ,1975,cyclone,historical,0.00239614285,0.025736008,0.0,24
DZ,1976,cyclone,historical,0.0038348505916666665,0.018856682,0.0,24
DZ,1977,cyclone,historical,0.0068237427125,0.05592172,0.0,24
DZ,1978,cyclone,historical,0.0002841847354166667,0.0027667491,0.0,24
DZ,1979,cyclone,historical,0.0041507989625,0.052703843,0.0,24
DZ,1980,cyclone,historical,0.007816408283333333,0.05449918,0.0,24
DZ,1981,cyclone,historical,0.006981660808333334,0.059030466,0.0,24
DZ,1982,cyclone,historical,0.008416969,0.047626875,0.0,24
DZ,1983,cyclone,historical,0.010590833766666667,0.04196155,0.0,24
DZ,1984,cyclone,historical,0.00523947595,0.035647895,0.0,24
DZ,1985,cyclone,historical,0.0095045659125,0.08579408,0.0,24
DZ,1986,cyclone,historical,0.005119219570833333,0.032786597,0.0,24
DZ,1987,cyclone,historical,0.008705633620833333,0.075656354,0.0,24
DZ,1988,cyclone,historical,0.005307798158333334,0.027330898,0.0,24
DZ,1989,cyclone,historical,0.003351326770833333,0.025846763,0.0,24
DZ,1990,cyclone,historical,0.003144333820833333,0.019455308,0.0,24
DZ,1991,cyclone,historical,0.0014315490958333333,0.016665328,0.0,24
DZ,1992,cyclone,historical,0.007771722904166667,0.031268425,0.0,24
DZ,1993,cyclone,historical,0.0018275257208333333,0.016618323,0.0,24
DZ,1994,cyclone,historical,0.005459232958333333,0.031191707,0.0,24
DZ,1995,cyclone,historical,0.008047646145833334,0.035507422,0.0,24
DZ,1996,cyclone,historical,0.0027025463708333333,0.03465379,0.0,24
DZ,1997,cyclone,historical,0.0026260749625000002,0.020110661,0.0,24
DZ,1998,cyclone,historical,0.006705152089166667,0.03430909,0.0,24
DZ,1999,cyclone,historical,0.003670044075,0.018580062,0.0,24
DZ,2000,cyclone,historical,0.002760851091666667,0.020892441,0.0,24
DZ,2001,cyclone,historical,0.0055326799083333334,0.037198797,0.0,24
DZ,2002,cyclone,historical,0.00853474925,0.043303054,0.0,24
DZ,2003,cyclone,historical,0.012363894854166666,0.06292682,0.0,24
DZ,2004,cyclone,historical,0.006283220044166667,0.040002514,0.0,24
DZ,2005,cyclone,historical,0.0049450709625,0.029536843,0.0,24
DZ,2006,cyclone,historical,0.0038592754333333333,0.020935662,0.0,24
DZ,2007,cyclone,historical,0.0035382619850000004,0.024244847,0.0,24
DZ,2008,cyclone,historical,0.00623857646,0.037139595,0.0,24
DZ,2009,cyclone,historical,0.01136245925,0.053582326,0.0,24
DZ,2010,cyclone,historical,0.0089094974875,0.058461554,0.0,24
DZ,2011,cyclone,historical,0.00293202935,0.024590649,0.0,24
DZ,2012,cyclone,historical,0.006237677199166666,0.053608753,0.0,24
DZ,2013,cyclone,historical,0.010293497066666666,0.10471083,0.0,24
DZ,2014,cyclone,historical,0.004228350958333333,0.029087335,0.0,24
EG,1850,cyclone,historical,0.06794303129972222,0.47222054,0.0,36
EG,1851,cyclone,historical,0.06746964547388888,0.3453718,0.0,36
EG,1852,cyclone,historical,0.06842278761194445,0.38788572,0.0,36
EG,1853,cyclone,historical,0.052501522908333334,0.33073145,0.0,36
EG,1854,cyclone,historical,0.05741304935277777,0.31191382,0.0,36
EG,1855,cyclone,historical,0.05405601728611111,0.35348648,0.0,36
EG,1856,cyclone,historical,0.05706606362611111,0.3618866,0.0,36
EG,1857,cyclone,historical,0.06375189645833333,0.3986613,0.0,36
EG,1858,cyclone,historical,0.06658610135083334,0.37285748,0.0,36
EG,1859,cyclone,historical,0.05505191402777778,0.31907627,0.0,36
EG,1860,cyclone,historical,0.06988360955555556,0.38059667,0.0,36
EG,1861,cyclone,historical,0.07586894562777778,0.38205624,0.0,36
EG,1862,cyclone,historical,0.04831620705555555,0.3483298,0.0,36
EG,1863,cyclone,historical,0.05857612295833333,0.35414895,0.0,36
EG,1864,cyclone,historical,0.06091836846111111,0.33889195,0.0,36
EG,1865,cyclone,historical,0.070363111675,0.3891182,0.0,36
EG,1866,cyclone,historical,0.058196758802777776,0.3706609,0.0,36
EG,1867,cyclone,historical,0.06319254444444444,0.3963774,0.0,36
EG,1868,cyclone,historical,0.04645031194444445,0.34114677,0.0,36
EG,1869,cyclone,historical,0.06365079922222222,0.34458965,0.0,36
EG,1870,cyclone,historical,0.059240736611111115,0.323799,0.0,36
EG,1871,cyclone,historical,0.04920333829444444,0.3582058,0.0,36
EG,1872,cyclone,historical,0.05792103974166666,0.41831017,0.0,36
EG,1873,cyclone,historical,0.053649158455,0.35794833,0.0,36
EG,1874,cyclone,historical,0.060992875161111106,0.36691114,0.0,36
EG,1875,cyclone,historical,0.050652165211111114,0.3568981,0.0,36
EG,1876,cyclone,historical,0.06697575118055556,0.44447157,0.0,36
EG,1877,cyclone,historical,0.054482879883333335,0.29787162,0.0,36
EG,1878,cyclone,historical,0.04233317709,0.32787785,0.0,36
EG,1879,cyclone,historical,0.060440719044444445,0.3718244,0.0,36
EG,1880,cyclone,historical,0.04697790168888889,0.350604,0.0,36
EG,1881,cyclone,historical,0.07652106550277778,0.39810216,0.0,36
EG,1882,cyclone,historical,0.04405600523888889,0.25987995,0.0,36
EG,1883,cyclone,historical,0.046764367175,0.2738474,0.0,36
EG,1884,cyclone,historical,0.05422092062388889,0.28620103,0.0,36
EG,1885,cyclone,historical,0.05230210123333333,0.36076626,0.0,36
EG,1886,cyclone,historical,0.05167188305508333,0.34741995,0.0,36
EG,1887,cyclone,historical,0.06169801013527779,0.37113515,0.0,36
EG,1888,cyclone,historical,0.05596023528611111,0.28851584,0.0,36
EG,1889,cyclone,historical,0.04359056250583333,0.29979247,0.0,36
EG,1890,cyclone,historical,0.06966519292333334,0.42115214,0.0,36
EG,1891,cyclone,historical,0.046270352183333335,0.3167221,0.0,36
EG,1892,cyclone,historical,0.042237205358333335,0.2902416,0.0,36
EG,1893,cyclone,historical,0.04603468465833333,0.3225451,0.0,36
EG,1894,cyclone,historical,0.05408781820833333,0.32454363,0.0,36
EG,1895,cyclone,historical,0.07579942788499999,0.4087681,0.0,36
EG,1896,cyclone,historical,0.06024514347222222,0.44083035,0.0,36
EG,1897,cyclone,historical,0.056106244422222215,0.39293867,0.0,36
EG,1898,cyclone,historical,0.06495856372222222,0.3574339,0.0,36
EG,1899,cyclone,historical,0.05316643183388889,0.29667616,0.0,36
EG,1900,cyclone,historical,0.06009600457777778,0.33170566,0.0,36
EG,1901,cyclone,historical,0.060484379222222225,0.3230818,0.0,36
EG,1902,cyclone,historical,0.071262888705,0.38629463,0.0,36
EG,1903,cyclone,historical,0.04173853911111111,0.24479072,0.0,36
EG,1904,cyclone,historical,0.052679504441666664,0.34228626,0.0,36
EG,1905,cyclone,historical,0.05344147465277778,0.34443134,0.0,36
EG,1906,cyclone,historical,0.05309281022222222,0.34866795,0.0,36
EG,1907,cyclone,historical,0.04798682516611111,0.3003753,0.0,36
EG,1908,cyclone,historical,0.041513374783333334,0.28232798,0.0,36
EG,1909,cyclone,historical,0.049402334444444446,0.3589026,0.0,36
EG,1910,cyclone,historical,0.05577530879722222,0.33372417,0.0,36
EG,1911,cyclone,historical,0.050983115677777774,0.3184707,0.0,36
EG,1912,cyclone,historical,0.03741672056569444,0.29748118,0.0,36
EG,1913,cyclone,historical,0.045861741194444444,0.27896875,0.0,36
EG,1914,cyclone,historical,0.04957796089402778,0.35758904,0.0,36
EG,1915,cyclone,historical,0.04940560746388889,0.3635627,0.0,36
EG,1916,cyclone,historical,0.05728641593055555,0.32885307,0.0,36
EG,1917,cyclone,historical,0.041412738166666664,0.27460423,0.0,36
EG,1918,cyclone,historical,0.05342902001944445,0.35538086,0.0,36
EG,1919,cyclone,historical,0.06251481287499999,0.40383607,0.0,36
EG,1920,cyclone,historical,0.06033598522222223,0.3782446,0.0,36
EG,1921,cyclone,historical,0.05109703161944444,0.3163956,0.0,36
EG,1922,cyclone,historical,0.046777147228333336,0.296276,0.0,36
EG,1923,cyclone,historical,0.05839350680555555,0.35305178,0.0,36
EG,1924,cyclone,historical,0.058842003175000004,0.3728234,0.0,36
EG,1925,cyclone,historical,0.046572549252777776,0.3051589,0.0,36
EG,1926,cyclone,historical,0.042942337705555556,0.32008904,0.0,36
EG,1927,cyclone,historical,0.06558506780555556,0.42514768,0.0,36
EG,1928,cyclone,historical,0.04652241682277777,0.3037369,0.0,36
EG,1929,cyclone,historical,0.04799516397222223,0.2726997,0.0,36
EG,1930,cyclone,historical,0.03736315500277778,0.31866357,0.0,36
EG,1931,cyclone,historical,0.053794420002777774,0.39773804,0.0,36
EG,1932,cyclone,historical,0.0628351456,0.31176347,0.0,36
EG,1933,cyclone,historical,0.06539341546027777,0.3584497,0.0,36
EG,1934,cyclone,historical,0.06351524739722222,0.38610902,0.0,36
EG,1935,cyclone,historical,0.06058993535004445,0.36459014,0.0,36
EG,1936,cyclone,historical,0.06518393938888889,0.40510213,0.0,36
EG,1937,cyclone,historical,0.05024425546194444,0.34455413,0.0,36
EG,1938,cyclone,historical,0.056003816034166674,0.37506983,0.0,36
EG,1939,cyclone,historical,0.05926314035555555,0.37286004,0.0,36
EG,1940,cyclone,historical,0.07143600575,0.3913344,0.0,36
EG,1941,cyclone,historical,0.05411568149722222,0.33307984,0.0,36
EG,1942,cyclone,historical,0.048956694975555555,0.33166835,0.0,36
EG,1943,cyclone,historical,0.04127216428333333,0.3212114,0.0,36
EG,1944,cyclone,historical,0.04682691773611111,0.34959096,0.0,36
EG,1945,cyclone,historical,0.06826076198333333,0.3692075,0.0,36
EG,1946,cyclone,historical,0.05276039061111111,0.35372558,0.0,36
EG,1947,cyclone,historical,0.05208349291388889,0.3568971,0.0,36
EG,1948,cyclone,historical,0.06036446611111111,0.3594077,0.0,36
EG,1949,cyclone,historical,0.05819454946666666,0.28044945,0.0,36
EG,1950,cyclone,historical,0.07129345522222222,0.40481183,0.0,36
EG,1951,cyclone,historical,0.05832454727222222,0.41028973,0.0,36
EG,1952,cyclone,historical,0.06405246958333333,0.35851932,0.0,36
EG,1953,cyclone,historical,0.05834287272777778,0.35697842,0.0,36
EG,1954,cyclone,historical,0.05541315936111111,0.37623245,0.0,36
EG,1955,cyclone,historical,0.056801299694444446,0.36860263,0.0,36
EG,1956,cyclone,historical,0.049026214175,0.32356203,0.0,36
EG,1957,cyclone,historical,0.055223995269444444,0.33237255,0.0,36
EG,1958,cyclone,historical,0.06411445827222223,0.35609955,0.0,36
EG,1959,cyclone,historical,0.0647765794161111,0.34499133,0.0,36
EG,1960,cyclone,historical,0.04491214012777778,0.28910974,0.0,36
EG,1961,cyclone,historical,0.06313677382499999,0.4466456,0.0,36
EG,1962,cyclone,historical,0.06398177035555556,0.3548364,0.0,36
EG,1963,cyclone,historical,0.05209433058888888,0.36066708,0.0,36
EG,1964,cyclone,historical,0.03482089764722222,0.28551286,0.0,36
EG,1965,cyclone,historical,0.054172904011111106,0.4012214,0.0,36
EG,1966,cyclone,historical,0.03563001817222222,0.24671543,0.0,36
EG,1967,cyclone,historical,0.0488385955875,0.29234254,0.0,36
EG,1968,cyclone,historical,0.059351572475,0.35994738,0.0,36
EG,1969,cyclone,historical,0.038016968477777774,0.30381176,0.0,36
EG,1970,cyclone,historical,0.0413363976375,0.33170134,0.0,36
EG,1971,cyclone,historical,0.039626148958333336,0.27734122,0.0,36
EG,1972,cyclone,historical,0.04946800788888889,0.34283286,0.0,36
EG,1973,cyclone,historical,0.060379565525,0.36853936,0.0,36
EG,1974,cyclone,historical,0.05843633226388889,0.33236146,0.0,36
EG,1975,cyclone,historical,0.039748828566666665,0.30684128,0.0,36
EG,1976,cyclone,historical,0.044493951025,0.30575833,0.0,36
EG,1977,cyclone,historical,0.04344210125822222,0.2751318,0.0,36
EG,1978,cyclone,historical,0.0482932921,0.28471652,0.0,36
EG,1979,cyclone,historical,0.05118378643055556,0.31269163,0.0,36
EG,1980,cyclone,historical,0.047498043051944445,0.30551508,0.0,36
EG,1981,cyclone,historical,0.05564977639561111,0.36618724,0.0,36
EG,1982,cyclone,historical,0.04722810802777778,0.29742458,0.0,36
EG,1983,cyclone,historical,0.05564224059166667,0.34098983,0.0,36
EG,1984,cyclone,historical,0.04570656633888889,0.3738581,0.0,36
EG,1985,cyclone,historical,0.06333223670833334,0.358205,0.0,36
EG,1986,cyclone,historical,0.04545461410527778,0.3547262,0.0,36
EG,1987,cyclone,historical,0.0530398166,0.33414808,0.0,36
EG,1988,cyclone,historical,0.04949534915444445,0.3439257,0.0,36
EG,1989,cyclone,historical,0.04432547283333334,0.4010667,0.0,36
EG,1990,cyclone,historical,0.05610779139861111,0.3002131,0.0,36
EG,1991,cyclone,historical,0.038822288308333334,0.26345775,0.0,36
EG,1992,cyclone,historical,0.060555911191666666,0.3250434,0.0,36
EG,1993,cyclone,historical,0.05170009469444445,0.3803898,0.0,36
EG,1994,cyclone,historical,0.06357308913888889,0.37478346,0.0,36
EG,1995,cyclone,historical,0.06285648180833332,0.4097265,0.0,36
EG,1996,cyclone,historical,0.057211642848611105,0.355364,0.0,36
EG,1997,cyclone,historical,0.08233715355444444,0.43172958,0.0,36
EG,1998,cyclone,historical,0.07525502012777778,0.43057087,0.0,36
EG,1999,cyclone,historical,0.0731078063675,0.39440772,0.0,36
EG,2000,cyclone,historical,0.06265128548055555,0.35097992,0.0,36
EG,2001,cyclone,historical,0.06911879117777778,0.3838657,0.0,36
EG,2002,cyclone,historical,0.07378169427222221,0.4304968,0.0,36
EG,2003,cyclone,historical,0.06933052828333333,0.44571868,0.0,36
EG,2004,cyclone,historical,0.06248466408055556,0.42231345,0.0,36
EG,2005,cyclone,historical,0.04034849599444444,0.30587733,0.0,36
EG,2006,cyclone,historical,0.06508135589722222,0.36344624,0.0,36
EG,2007,cyclone,historical,0.06542900416388889,0.4109921,0.0,36
EG,2008,cyclone,historical,0.06926445060833333,0.38059452,0.0,36
EG,2009,cyclone,historical,0.08093794292972223,0.43459052,0.0,36
EG,2010,cyclone,historical,0.060620111416666664,0.40318108,0.0,36
EG,2011,cyclone,historical,0.05046973666277778,0.3067692,0.0,36
EG,2012,cyclone,historical,0.07985916235,0.40743658,0.0,36
EG,2013,cyclone,historical,0.08184664663611112,0.41393045,0.0,36
EG,2014,cyclone,historical,0.07080469563888889,0.4029458,0.0,36
ER,1850,cyclone,historical,0.37365708416666665,0.6391768,0.082864985,12
ER,1851,cyclone,historical,0.38506087166666664,0.65691966,0.04448433,12
ER,1852,cyclone,historical,0.3916465416666666,0.7040841,0.05020431,12
ER,1853,cyclone,historical,0.38433131783333335,0.6802262,0.104511924,12
ER,1854,cyclone,historical,0.3941931258333333,0.6523137,0.13768274,12
ER,1855,cyclone,historical,0.343110211,0.61405826,0.059446022,12
ER,1856,cyclone,historical,0.3520398341666667,0.6274322,0.05306429,12
ER,1857,cyclone,historical,0.38476388749999996,0.68506086,0.13271448,12
ER,1858,cyclone,historical,0.36483163949999997,0.65188265,0.080755554,12
ER,1859,cyclone,historical,0.3761262358333333,0.6365315,0.09921593,12
ER,1860,cyclone,historical,0.3092984865833333,0.5716265,0.028436374,12
ER,1861,cyclone,historical,0.3410647404166667,0.6689612,0.077062935,12
ER,1862,cyclone,historical,0.37565404891666665,0.7162255,0.015377312,12
ER,1863,cyclone,historical,0.37573414,0.67725873,0.06724742,12
ER,1864,cyclone,historical,0.35703764925000003,0.620838,0.073849455,12
ER,1865,cyclone,historical,0.3718063898333333,0.6473845,0.052306328,12
ER,1866,cyclone,historical,0.3736226091666666,0.6745081,0.08664614,12
ER,1867,cyclone,historical,0.3765056583333333,0.6612684,0.12356155,12
ER,1868,cyclone,historical,0.3754370895833334,0.67652124,0.03867913,12
ER,1869,cyclone,historical,0.38063551300000004,0.6624414,0.104227416,12
ER,1870,cyclone,historical,0.35530476099999997,0.6129477,0.033913262,12
ER,1871,cyclone,historical,0.3574509766666667,0.6936784,0.08585132,12
ER,1872,cyclone,historical,0.375282135,0.7231115,0.08042185,12
ER,1873,cyclone,historical,0.38315526250000004,0.6427377,0.12822302,12
ER,1874,cyclone,historical,0.33819472041666665,0.5946419,0.069844455,12
ER,1875,cyclone,historical,0.36681038083333334,0.6784906,0.067936085,12
ER,1876,cyclone,historical,0.38165624416666666,0.6608609,0.06686342,12
ER,1877,cyclone,historical,0.35369937491666664,0.58370245,0.070967615,12
ER,1878,cyclone,historical,0.32370595954166664,0.5684555,0.0047176825,12
ER,1879,cyclone,historical,0.31707208125,0.6229578,0.016091555,12
ER,1880,cyclone,historical,0.35598054674999996,0.6697149,0.024217106,12
ER,1881,cyclone,historical,0.3810935663333333,0.66079557,0.097817056,12
ER,1882,cyclone,historical,0.36363895058333334,0.63615054,0.056421332,12
ER,1883,cyclone,historical,0.32305481033333333,0.58577204,0.011380054,12
ER,1884,cyclone,historical,0.32193280333333335,0.56420493,0.07061667,12
ER,1885,cyclone,historical,0.33995158791666663,0.6653471,0.04615109,12
ER,1886,cyclone,historical,0.40787891083333333,0.71970946,0.07928853,12
ER,1887,cyclone,historical,0.35448437625,0.62937266,0.08128791,12
ER,1888,cyclone,historical,0.3336728979416666,0.60331756,0.0064724963,12
ER,1889,cyclone,historical,0.3620062716666667,0.6439786,0.07821746,12
ER,1890,cyclone,historical,0.37441095499999993,0.715756,0.05639447,12
ER,1891,cyclone,historical,0.399672548,0.70868146,0.087875016,12
ER,1892,cyclone,historical,0.37888628500000004,0.6523609,0.07525372,12
ER,1893,cyclone,historical,0.36831694583333335,0.6570407,0.08424149,12
ER,1894,cyclone,historical,0.37880717783333334,0.67716515,0.07790931,12
ER,1895,cyclone,historical,0.4124707683333333,0.7030505,0.1367476,12
ER,1896,cyclone,historical,0.3901732783333333,0.6278501,0.12313449,12
ER,1897,cyclone,historical,0.34098941841666663,0.609432,0.067914695,12
ER,1898,cyclone,historical,0.36394339699999995,0.6172435,0.0802303,12
ER,1899,cyclone,historical,0.3715818583333333,0.64889294,0.1264877,12
ER,1900,cyclone,historical,0.3831488733333333,0.68399286,0.05689662,12
ER,1901,cyclone,historical,0.3809629291666667,0.6585068,0.09162162,12
ER,1902,cyclone,historical,0.39900414333333334,0.67568105,0.12680596,12
ER,1903,cyclone,historical,0.3460601171666666,0.612324,0.046683196,12
ER,1904,cyclone,historical,0.3451046553333333,0.61126816,0.044204954,12
ER,1905,cyclone,historical,0.3628697991666667,0.61059934,0.093005754,12
ER,1906,cyclone,historical,0.37007347250000006,0.6706638,0.10473542,12
ER,1907,cyclone,historical,0.359689935,0.64634204,0.09410157,12
ER,1908,cyclone,historical,0.375482473,0.652821,0.0791439,12
ER,1909,cyclone,historical,0.38123647499999996,0.67030466,0.11204131,12
ER,1910,cyclone,historical,0.3698680091666667,0.6250695,0.0788492,12
ER,1911,cyclone,historical,0.3775514133333333,0.67541623,0.13400194,12
ER,1912,cyclone,historical,0.36622088583333334,0.6608961,0.08060841,12
ER,1913,cyclone,historical,0.3804220495833333,0.66663617,0.104995795,12
ER,1914,cyclone,historical,0.3930051266666667,0.66029394,0.1187558,12
ER,1915,cyclone,historical,0.38212359333333334,0.6654011,0.1252009,12
ER,1916,cyclone,historical,0.3648244233333333,0.6469521,0.02957066,12
ER,1917,cyclone,historical,0.35956083525,0.61930853,0.050455987,12
ER,1918,cyclone,historical,0.3502141414166667,0.6467222,0.04785756,12
ER,1919,cyclone,historical,0.3839691541666667,0.7104828,0.10407141,12
ER,1920,cyclone,historical,0.38521424249999997,0.6379273,0.13029228,12
ER,1921,cyclone,historical,0.37288418199999995,0.64447355,0.10745151,12
ER,1922,cyclone,historical,0.35990753375,0.6430881,0.08049442,12
ER,1923,cyclone,historical,0.40929782750000004,0.7231948,0.0998525,12
ER,1924,cyclone,historical,0.38837043791666664,0.613372,0.10120878,12
ER,1925,cyclone,historical,0.37371908533333337,0.664084,0.071123764,12
ER,1926,cyclone,historical,0.382942345,0.69044745,0.06902079,12
ER,1927,cyclone,historical,0.3888332966666667,0.7001416,0.08119575,12
ER,1928,cyclone,historical,0.390988055,0.65737176,0.13077992,12
ER,1929,cyclone,historical,0.345010035,0.57694834,0.09429941,12
ER,1930,cyclone,historical,0.3962550833333333,0.6577817,0.12806614,12
ER,1931,cyclone,historical,0.3796774525,0.65281296,0.11602547,12
ER,1932,cyclone,historical,0.39779606250000005,0.67088366,0.10501661,12
ER,1933,cyclone,historical,0.40089079250000004,0.66694796,0.13284023,12
ER,1934,cyclone,historical,0.39836817333333335,0.7274531,0.09798236,12
ER,1935,cyclone,historical,0.42586886416666664,0.70707864,0.16650845,12
ER,1936,cyclone,historical,0.37139805583333335,0.6604142,0.09102838,12
ER,1937,cyclone,historical,0.3693480025,0.6442214,0.10678898,12
ER,1938,cyclone,historical,0.39917798916666664,0.6815744,0.08495434,12
ER,1939,cyclone,historical,0.4012343891666667,0.6544773,0.11571077,12
ER,1940,cyclone,historical,0.3882784533333334,0.65525943,0.14110015,12
ER,1941,cyclone,historical,0.363884152,0.58634484,0.083424464,12
ER,1942,cyclone,historical,0.3451365903333334,0.6139209,0.07347969,12
ER,1943,cyclone,historical,0.38799886083333335,0.65805316,0.09757015,12
ER,1944,cyclone,historical,0.4088983883333333,0.6938096,0.1142695,12
ER,1945,cyclone,historical,0.42489713333333334,0.6824069,0.15861829,12
ER,1946,cyclone,historical,0.3883311525,0.67488205,0.12453353,12
ER,1947,cyclone,historical,0.4352433133333333,0.70072144,0.17360725,12
ER,1948,cyclone,historical,0.3830108483333334,0.6470033,0.13524222,12
ER,1949,cyclone,historical,0.35319835125000004,0.6029772,0.095307045,12
ER,1950,cyclone,historical,0.3708016903333333,0.62475884,0.11014143,12
ER,1951,cyclone,historical,0.37074552583333337,0.6884003,0.08845201,12
ER,1952,cyclone,historical,0.41361013616666664,0.69466376,0.115850784,12
ER,1953,cyclone,historical,0.38803424708333334,0.6642285,0.086476445,12
ER,1954,cyclone,historical,0.3800516483333333,0.695637,0.07286407,12
ER,1955,cyclone,historical,0.3771987085,0.6968759,0.032190148,12
ER,1956,cyclone,historical,0.41051832875,0.70892894,0.107251555,12
ER,1957,cyclone,historical,0.41622177416666667,0.6880534,0.13472769,12
ER,1958,cyclone,historical,0.4193643891666667,0.71712863,0.12729956,12
ER,1959,cyclone,historical,0.37854888875,0.6585187,0.08001215,12
ER,1960,cyclone,historical,0.3863353008333333,0.70067596,0.08461048,12
ER,1961,cyclone,historical,0.43683483083333335,0.74702215,0.13553566,12
ER,1962,cyclone,historical,0.40245334000000005,0.6206294,0.1527972,12
ER,1963,cyclone,historical,0.3637595386666667,0.5948287,0.101547174,12
ER,1964,cyclone,historical,0.3714246491666667,0.6618004,0.09027428,12
ER,1965,cyclone,historical,0.3977729525,0.6616135,0.12962823,12
ER,1966,cyclone,historical,0.39569239749999996,0.6217375,0.12341204,12
ER,1967,cyclone,historical,0.3416311216666667,0.6059979,0.08886812,12
ER,1968,cyclone,historical,0.3974647353333334,0.68140125,0.07195488,12
ER,1969,cyclone,historical,0.43153217616666667,0.70829594,0.099238954,12
ER,1970,cyclone,historical,0.3978251841666667,0.66192466,0.11941571,12
ER,1971,cyclone,historical,0.38265513416666663,0.61934507,0.13210973,12
ER,1972,cyclone,historical,0.36282843583333335,0.6716307,0.10511254,12
ER,1973,cyclone,historical,0.37909714283333334,0.6563475,0.10202886,12
ER,1974,cyclone,historical,0.3887446941666666,0.71276736,0.08324129,12
ER,1975,cyclone,historical,0.3731992041666667,0.6478277,0.03749587,12
ER,1976,cyclone,historical,0.40292007083333337,0.6834871,0.1553323,12
ER,1977,cyclone,historical,0.4038014941666667,0.63964593,0.14133424,12
ER,1978,cyclone,historical,0.41214429416666665,0.65966094,0.1354301,12
ER,1979,cyclone,historical,0.41412923416666664,0.6840607,0.17207247,12
ER,1980,cyclone,historical,0.3925955758333333,0.6698735,0.08435774,12
ER,1981,cyclone,historical,0.4013698391666667,0.7001173,0.15358156,12
ER,1982,cyclone,historical,0.39427908083333335,0.63121516,0.15015472,12
ER,1983,cyclone,historical,0.3482148358333333,0.5969801,0.057498686,12
ER,1984,cyclone,historical,0.3762819416666667,0.6375999,0.11541229,12
ER,1985,cyclone,historical,0.4103142741666667,0.69003636,0.16241932,12
ER,1986,cyclone,historical,0.33973213083333337,0.59571934,0.03569803,12
ER,1987,cyclone,historical,0.37428428125,0.63609815,0.088663995,12
ER,1988,cyclone,historical,0.41525995833333335,0.7117098,0.1355462,12
ER,1989,cyclone,historical,0.40585341583333334,0.68220764,0.10625866,12
ER,1990,cyclone,historical,0.417738255,0.69263023,0.09835447,12
ER,1991,cyclone,historical,0.3960102058333333,0.6390022,0.12467491,12
ER,1992,cyclone,historical,0.36107524375,0.6180363,0.109660745,12
ER,1993,cyclone,historical,0.38917168416666664,0.67751473,0.10136905,12
ER,1994,cyclone,historical,0.42147124666666663,0.69493926,0.15725583,12
ER,1995,cyclone,historical,0.39928608583333336,0.6661584,0.18053465,12
ER,1996,cyclone,historical,0.366397555,0.6334623,0.09870771,12
ER,1997,cyclone,historical,0.4391679683333333,0.74969727,0.11261152,12
ER,1998,cyclone,historical,0.41195005333333334,0.7191051,0.13742997,12
ER,1999,cyclone,historical,0.4163973575,0.6712107,0.17164598,12
ER,2000,cyclone,historical,0.4217965008333333,0.67973995,0.12798758,12
ER,2001,cyclone,historical,0.4240157775,0.7468493,0.15146774,12
ER,2002,cyclone,historical,0.46521849666666665,0.7375127,0.14359131,12
ER,2003,cyclone,historical,0.4246563966666667,0.6270256,0.22242045,12
ER,2004,cyclone,historical,0.38055141116666663,0.6422728,0.114958234,12
ER,2005,cyclone,historical,0.39961765416666667,0.66921365,0.13785328,12
ER,2006,cyclone,historical,0.4130633033333333,0.69800377,0.08944743,12
ER,2007,cyclone,historical,0.4117680716666667,0.6906998,0.10691094,12
ER,2008,cyclone,historical,0.4391631308333333,0.7261785,0.14948142,12
ER,2009,cyclone,historical,0.43030115583333334,0.7058048,0.13895233,12
ER,2010,cyclone,historical,0.4414719491666667,0.6947636,0.13922778,12
ER,2011,cyclone,historical,0.412073875,0.6686264,0.0921137,12
ER,2012,cyclone,historical,0.3949498308333333,0.6427371,0.09413195,12
ER,2013,cyclone,historical,0.425943935,0.7114986,0.13816358,12
ER,2014,cyclone,historical,0.42118067416666666,0.7128801,0.14448276,12
ES,1850,cyclone,historical,0.015296584716666667,0.08839063,0.0,12
ES,1851,cyclone,historical,0.0023167673458333333,0.01798819,0.0,12
ES,1852,cyclone,historical,0.006593090375,0.053654727,0.0,12
ES,1853,cyclone,historical,0.004240799833333334,0.015528858,0.0,12
ES,1854,cyclone,historical,0.003957538010833333,0.03133893,0.0,12
ES,1855,cyclone,historical,0.012344162,0.090826735,0.0,12
ES,1856,cyclone,historical,0.0011668818333333334,0.012037061,0.0,12
ES,1857,cyclone,historical,0.01115758225,0.069305144,0.0,12
ES,1858,cyclone,historical,0.008038754041666667,0.03976074,0.0,12
ES,1859,cyclone,historical,0.00390805775,0.026886523,0.0,12
ES,1860,cyclone,historical,0.007310508108333333,0.06668562,0.0,12
ES,1861,cyclone,historical,0.008641475858333332,0.061034344,0.0,12
ES,1862,cyclone,historical,0.0007753848583333333,0.0059959735,0.0,12
ES,1863,cyclone,historical,0.0104885644975,0.07851063,0.0,12
ES,1864,cyclone,historical,0.009831927264166667,0.113755204,0.0,12
ES,1865,cyclone,historical,0.008531957943333333,0.036291365,0.0,12
ES,1866,cyclone,historical,0.0016909713041666663,0.01713915,0.0,12
ES,1867,cyclone,historical,0.001116726225,0.0076294956,0.0,12
ES,1868,cyclone,historical,0.0,0.0,0.0,12
ES,1869,cyclone,historical,0.006589533183333333,0.07299198,0.0,12
ES,1870,cyclone,historical,0.005450768535,0.038019974,0.0,12
ES,1871,cyclone,historical,0.0005082638583333333,0.0060991663,0.0,12
ES,1872,cyclone,historical,0.010198009041666668,0.057584688,0.0,12
ES,1873,cyclone,historical,0.0018308348416666669,0.01017203,0.0,12
ES,1874,cyclone,historical,0.0017754342166666666,0.019255947,0.0,12
ES,1875,cyclone,historical,0.00390639195,0.029960688,0.0,12
ES,1876,cyclone,historical,0.012342833483333334,0.08608393,0.0,12
ES,1877,cyclone,historical,0.0044149259333333335,0.031041779,0.0,12
ES,1878,cyclone,historical,0.003715584666666667,0.044587016,0.0,12
ES,1879,cyclone,historical,0.0099343545275,0.07331885,0.0,12
ES,1880,cyclone,historical,0.00246356455,0.026698506,0.0,12
ES,1881,cyclone,historical,0.005157961833333333,0.025140623,0.0,12
ES,1882,cyclone,historical,0.0,0.0,0.0,12
ES,1883,cyclone,historical,0.006037192216666667,0.06813221,0.0,12
ES,1884,cyclone,historical,0.005701343441666667,0.057486355,0.0,12
ES,1885,cyclone,historical,0.013408120883333334,0.072937414,0.0,12
ES,1886,cyclone,historical,0.013879533081333334,0.07354441,0.0,12
ES,1887,cyclone,historical,0.00236500085,0.012729423,0.0,12
ES,1888,cyclone,historical,0.0008613561749999999,0.0056993626,0.0,12
ES,1889,cyclone,historical,0.008615003013333332,0.09820366,0.0,12
ES,1890,cyclone,historical,0.0020302414766666665,0.013196491,0.0,12
ES,1891,cyclone,historical,0.007345558641666667,0.07502477,0.0,12
ES,1892,cyclone,historical,4.641864166666667e-05,0.0005570237,0.0,12
ES,1893,cyclone,historical,0.0004272226083333333,0.003949952,0.0,12
ES,1894,cyclone,historical,0.000825765575,0.008110881,0.0,12
ES,1895,cyclone,historical,0.007705673916666667,0.04450003,0.0,12
ES,1896,cyclone,historical,0.008514444058333334,0.056595985,0.0,12
ES,1897,cyclone,historical,0.0008096023025,0.008009579,0.0,12
ES,1898,cyclone,historical,0.01029867995,0.076195545,0.0,12
ES,1899,cyclone,historical,0.0091836417,0.08860512,0.0,12
ES,1900,cyclone,historical,0.008117229008333334,0.041909143,0.0,12
ES,1901,cyclone,historical,0.0010477735083333334,0.010825492,0.0,12
ES,1902,cyclone,historical,0.005396538416666667,0.03504792,0.0,12
ES,1903,cyclone,historical,6.2987075e-05,0.0007558449,0.0,12
ES,1904,cyclone,historical,0.002556762075,0.016244723,0.0,12
ES,1905,cyclone,historical,0.007730279208333334,0.08877558,0.0,12
ES,1906,cyclone,historical,0.004539842016666667,0.03074976,0.0,12
ES,1907,cyclone,historical,0.0032747653666666664,0.022258256,0.0,12
ES,1908,cyclone,historical,8.840251666666667e-05,0.0010608302,0.0,12
ES,1909,cyclone,historical,0.004119665416666667,0.039874736,0.0,12
ES,1910,cyclone,historical,0.0097743431725,0.045948513,0.0,12
ES,1911,cyclone,historical,0.014686704183333331,0.10472585,0.0,12
ES,1912,cyclone,historical,0.0026467403949999996,0.031366754,0.0,12
ES,1913,cyclone,historical,0.0009443108799999999,0.010694476,0.0,12
ES,1914,cyclone,historical,0.007631386441666666,0.052356984,0.0,12
ES,1915,cyclone,historical,0.0011008781666666668,0.013210538,0.0,12
ES,1916,cyclone,historical,0.004952679875,0.030836746,0.0,12
ES,1917,cyclone,historical,0.007271338333333333,0.04788162,0.0,12
ES,1918,cyclone,historical,0.00206927635,0.021938683,0.0,12
ES,1919,cyclone,historical,0.008136813833333334,0.051829673,0.0,12
ES,1920,cyclone,historical,0.009708271333333332,0.088296354,0.0,12
ES,1921,cyclone,historical,0.005382198583333333,0.034035444,0.0,12
ES,1922,cyclone,historical,0.0003073490083333334,0.0022637527,0.0,12
ES,1923,cyclone,historical,0.003858442458333333,0.027457863,0.0,12
ES,1924,cyclone,historical,0.0010296969333333334,0.0104151545,0.0,12
ES,1925,cyclone,historical,0.00843189425,0.049669117,0.0,12
ES,1926,cyclone,historical,0.0013064078333333334,0.007740252,0.0,12
ES,1927,cyclone,historical,0.00657938075,0.045503054,0.0,12
ES,1928,cyclone,historical,0.005986766650833333,0.042493723,0.0,12
ES,1929,cyclone,historical,0.0041357165282499995,0.039215334,0.0,12
ES,1930,cyclone,historical,0.0020711673333333332,0.024854008,0.0,12
ES,1931,cyclone,historical,0.009462019097500001,0.07352875,0.0,12
ES,1932,cyclone,historical,0.009139564375,0.0681006,0.0,12
ES,1933,cyclone,historical,0.0016637098100000002,0.015772253,0.0,12
ES,1934,cyclone,historical,0.0010138714083333335,0.008033352,0.0,12
ES,1935,cyclone,historical,0.005558913499999999,0.035713807,0.0,12
ES,1936,cyclone,historical,0.004071333436666667,0.03078731,0.0,12
ES,1937,cyclone,historical,0.0010043490833333334,0.012052189,0.0,12
ES,1938,cyclone,historical,0.0,0.0,0.0,12
ES,1939,cyclone,historical,0.007791533216666667,0.057071425,0.0,12
ES,1940,cyclone,historical,0.007564595166666667,0.043643158,0.0,12
ES,1941,cyclone,historical,0.005280221794166667,0.035511747,0.0,12
ES,1942,cyclone,historical,0.004931744083333333,0.047376726,0.0,12
ES,1943,cyclone,historical,0.0013883045458583333,0.016658574,0.0,12
ES,1944,cyclone,historical,0.0073210437275,0.08688111,0.0,12
ES,1945,cyclone,historical,0.00698485725,0.050512217,0.0,12
ES,1946,cyclone,historical,0.0020626354541666667,0.014304055,0.0,12
ES,1947,cyclone,historical,0.013604780916666665,0.10028074,0.0,12
ES,1948,cyclone,historical,0.005035477083333333,0.038613737,0.0,12
ES,1949,cyclone,historical,0.0031742516741666664,0.030634683,0.0,12
ES,1950,cyclone,historical,0.004400968791666667,0.024953688,0.0,12
ES,1951,cyclone,historical,0.006178496998333334,0.06376733,0.0,12
ES,1952,cyclone,historical,0.0010617082091666666,0.0073839407,0.0,12
ES,1953,cyclone,historical,0.009246133958333333,0.07117585,0.0,12
ES,1954,cyclone,historical,0.00278887775,0.025379695,0.0,12
ES,1955,cyclone,historical,0.009448962,0.077043235,0.0,12
ES,1956,cyclone,historical,0.0027427743749999997,0.028339323,0.0,12
ES,1957,cyclone,historical,0.0090488656,0.050745614,0.0,12
ES,1958,cyclone,historical,0.0036449664224999997,0.014069846,0.0,12
ES,1959,cyclone,historical,0.003965304516666667,0.016475692,0.0,12
ES,1960,cyclone,historical,0.0012959849833333334,0.011844992,0.0,12
ES,1961,cyclone,historical,0.009826614716666666,0.04676784,0.0,12
ES,1962,cyclone,historical,0.005910407618333333,0.054541588,0.0,12
ES,1963,cyclone,historical,0.00047161524999999997,0.005659383,0.0,12
ES,1964,cyclone,historical,0.0034413951083333335,0.017620804,0.0,12
ES,1965,cyclone,historical,0.0003783951841666667,0.0043365182,0.0,12
ES,1966,cyclone,historical,0.007339255316666667,0.060992744,0.0,12
ES,1967,cyclone,historical,0.0063123049749999995,0.047585007,0.0,12
ES,1968,cyclone,historical,0.00951922030025,0.049844164,0.0,12
ES,1969,cyclone,historical,0.00116998825,0.009019082,0.0,12
ES,1970,cyclone,historical,0.0007741242416666666,0.007764024,0.0,12
ES,1971,cyclone,historical,0.003039385533333333,0.03477157,0.0,12
ES,1972,cyclone,historical,0.004999638891666667,0.038710445,0.0,12
ES,1973,cyclone,historical,0.003818191958333333,0.026772253,0.0,12
ES,1974,cyclone,historical,0.006581789333333333,0.038259584,0.0,12
ES,1975,cyclone,historical,0.0011735225833333334,0.008569574,0.0,12
ES,1976,cyclone,historical,0.007864110166666667,0.04327739,0.0,12
ES,1977,cyclone,historical,0.008943827288333334,0.07897742,0.0,12
ES,1978,cyclone,historical,0.003110656941666667,0.031091217,0.0,12
ES,1979,cyclone,historical,0.0090756542,0.0631325,0.0,12
ES,1980,cyclone,historical,0.0100855637,0.071001336,0.0,12
ES,1981,cyclone,historical,0.0077502019966666676,0.06487705,0.0,12
ES,1982,cyclone,historical,0.006232906916666666,0.038430043,0.0,12
ES,1983,cyclone,historical,0.012473962808333334,0.046626016,0.0,12
ES,1984,cyclone,historical,0.0033630553333333334,0.026490502,0.0,12
ES,1985,cyclone,historical,0.009854033583333333,0.07734309,0.0,12
ES,1986,cyclone,historical,0.002793987963333333,0.02320779,0.0,12
ES,1987,cyclone,historical,0.007168078133333333,0.08115203,0.0,12
ES,1988,cyclone,historical,0.012898731391666666,0.06270163,0.0,12
ES,1989,cyclone,historical,0.0005884271866666667,0.0069257873,0.0,12
ES,1990,cyclone,historical,0.0025857793541666668,0.020023137,0.0,12
ES,1991,cyclone,historical,0.0004926634025,0.0058952123,0.0,12
ES,1992,cyclone,historical,0.008789016183333333,0.054066956,0.0,12
ES,1993,cyclone,historical,0.0033596332858333335,0.03142159,0.0,12
ES,1994,cyclone,historical,0.007679448275,0.059475917,0.0,12
ES,1995,cyclone,historical,0.007741084808333333,0.04724625,0.0,12
ES,1996,cyclone,historical,0.00266114775,0.014711692,0.0,12
ES,1997,cyclone,historical,0.006884996366666667,0.03477697,0.0,12
ES,1998,cyclone,historical,0.004516317549083333,0.04897216,0.0,12
ES,1999,cyclone,historical,0.0032803707666666667,0.021917613,0.0,12
ES,2000,cyclone,historical,0.0013334890916666666,0.013482296,0.0,12
ES,2001,cyclone,historical,0.005185242916666667,0.03426344,0.0,12
ES,2002,cyclone,historical,0.012289729224999999,0.06835021,0.0,12
ES,2003,cyclone,historical,0.009635447675,0.08901223,0.0,12
ES,2004,cyclone,historical,0.0059640976958333335,0.04360777,0.0,12
ES,2005,cyclone,historical,0.003808444541666666,0.03114308,0.0,12
ES,2006,cyclone,historical,0.0034338986608333337,0.022378735,0.0,12
ES,2007,cyclone,historical,0.006482896750000001,0.045170516,0.0,12
ES,2008,cyclone,historical,0.0059818141167500005,0.034214277,0.0,12
ES,2009,cyclone,historical,0.010421705333333335,0.046942618,0.0,12
ES,2010,cyclone,historical,0.011564162083333334,0.087438405,0.0,12
ES,2011,cyclone,historical,0.000359192925,0.0026152018,0.0,12
ES,2012,cyclone,historical,0.0028208441375,0.020533428,0.0,12
ES,2013,cyclone,historical,0.005649139323333333,0.0367822,0.0,12
ES,2014,cyclone,historical,0.0020982936916666664,0.018717293,0.0,12
FI,1850,cyclone,historical,0.06150802536666666,0.23562984,0.0,36
FI,1851,cyclone,historical,0.06879718641805556,0.34739295,0.0,36
FI,1852,cyclone,historical,0.06051838216666667,0.24406822,0.0,36
FI,1853,cyclone,historical,0.06976667114722222,0.21031255,0.0,36
FI,1854,cyclone,historical,0.06461480740833332,0.19191186,0.0,36
FI,1855,cyclone,historical,0.08601048503777778,0.3692896,0.0,36
FI,1856,cyclone,historical,0.07874143302777778,0.28843024,0.0,36
FI,1857,cyclone,historical,0.10209316437222221,0.31818387,0.0,36
FI,1858,cyclone,historical,0.032985338875,0.20131373,0.0,36
FI,1859,cyclone,historical,0.06343940875000001,0.1721511,0.0,36
FI,1860,cyclone,historical,0.08210907885277778,0.2128623,0.0,36
FI,1861,cyclone,historical,0.08366655041666667,0.2851021,0.0,36
FI,1862,cyclone,historical,0.07582462682222221,0.26691106,0.0,36
FI,1863,cyclone,historical,0.08488885280555555,0.25668475,0.0,36
FI,1864,cyclone,historical,0.06671950883333333,0.26310897,0.0,36
FI,1865,cyclone,historical,0.035824084316666664,0.1088957,0.0,36
FI,1866,cyclone,historical,0.05815448607499999,0.2997569,0.0,36
FI,1867,cyclone,historical,0.06832104356444445,0.30124012,0.0,36
FI,1868,cyclone,historical,0.08598269910555556,0.25384033,0.0,36
FI,1869,cyclone,historical,0.0834014943611111,0.2746359,0.0,36
FI,1870,cyclone,historical,0.06178951828333333,0.18283522,0.0,36
FI,1871,cyclone,historical,0.06464674461666667,0.24781485,0.0,36
FI,1872,cyclone,historical,0.0771772961475,0.31028363,0.0,36
FI,1873,cyclone,historical,0.08666446629444444,0.28620067,0.0,36
FI,1874,cyclone,historical,0.07386302772333334,0.20808625,0.0,36
FI,1875,cyclone,historical,0.054204385425,0.21902323,0.0,36
FI,1876,cyclone,historical,0.06153033673694444,0.20319857,0.0,36
FI,1877,cyclone,historical,0.05971767515,0.26305062,0.0,36
FI,1878,cyclone,historical,0.045016676299999996,0.19905573,0.0,36
FI,1879,cyclone,historical,0.044763958169444444,0.16228066,0.0,36
FI,1880,cyclone,historical,0.06378490544277778,0.26739696,0.0,36
FI,1881,cyclone,historical,0.05817218671527777,0.14706434,0.0,36
FI,1882,cyclone,historical,0.06415774577777777,0.17191988,0.0,36
FI,1883,cyclone,historical,0.0732985992111111,0.30038327,0.0,36
FI,1884,cyclone,historical,0.04738895436472222,0.18565871,0.0,36
FI,1885,cyclone,historical,0.08460637943333332,0.34886146,0.0,36
FI,1886,cyclone,historical,0.0654050082813889,0.2538346,0.0,36
FI,1887,cyclone,historical,0.05263942811694444,0.16187905,0.0,36
FI,1888,cyclone,historical,0.08323836259277778,0.300317,0.0,36
FI,1889,cyclone,historical,0.06182630581666667,0.27169824,0.0,36
FI,1890,cyclone,historical,0.08356662983888889,0.3013626,0.0,36
FI,1891,cyclone,historical,0.07787368968333333,0.23576923,0.0,36
FI,1892,cyclone,historical,0.09842724530555555,0.2803502,0.0,36
FI,1893,cyclone,historical,0.10216188012777777,0.33213452,0.0,36
FI,1894,cyclone,historical,0.08174600233500001,0.22552815,0.0,36
FI,1895,cyclone,historical,0.06628428683000001,0.27338895,0.0,36
FI,1896,cyclone,historical,0.06464262116666666,0.20410804,0.0,36
FI,1897,cyclone,historical,0.09962575755555556,0.17409684,0.0,36
FI,1898,cyclone,historical,0.07163197372222223,0.2671614,0.0,36
FI,1899,cyclone,historical,0.06838974966111111,0.20480175,0.0,36
FI,1900,cyclone,historical,0.0690688154888889,0.23283987,0.0,36
FI,1901,cyclone,historical,0.09202079376388889,0.26085818,0.0,36
FI,1902,cyclone,historical,0.08442895055833334,0.30140474,0.0,36
FI,1903,cyclone,historical,0.10071856179722222,0.26459074,0.0,36
FI,1904,cyclone,historical,0.05440665866666667,0.20324467,0.0,36
FI,1905,cyclone,historical,0.09004479730277777,0.28484783,0.0,36
FI,1906,cyclone,historical,0.08285291519722222,0.24781628,0.0,36
FI,1907,cyclone,historical,0.05088664543055556,0.14569059,0.0,36
FI,1908,cyclone,historical,0.07774659530361111,0.27226013,0.0,36
FI,1909,cyclone,historical,0.08268170897222221,0.2980219,0.0,36
FI,1910,cyclone,historical,0.051514414961111116,0.19341166,0.0,36
FI,1911,cyclone,historical,0.05891325535277778,0.26402745,0.0,36
FI,1912,cyclone,historical,0.0864628738888889,0.3336556,0.0,36
FI,1913,cyclone,historical,0.04512640235833334,0.1771555,0.0,36
FI,1914,cyclone,historical,0.06739397343555556,0.226197,0.0,36
FI,1915,cyclone,historical,0.045921677302777776,0.13884172,0.0,36
FI,1916,cyclone,historical,0.07365928462222222,0.20610525,0.0,36
FI,1917,cyclone,historical,0.0990387993,0.2737466,0.0,36
FI,1918,cyclone,historical,0.07888550454166667,0.24043398,0.0,36
FI,1919,cyclone,historical,0.07848350918055555,0.2140073,0.0,36
FI,1920,cyclone,historical,0.05886669972777778,0.27063283,0.0,36
FI,1921,cyclone,historical,0.07247724150277778,0.18922704,0.0,36
FI,1922,cyclone,historical,0.06431989643055555,0.29494235,0.0,36
FI,1923,cyclone,historical,0.069264085325,0.3008144,0.0,36
FI,1924,cyclone,historical,0.09083838252777778,0.27999327,0.0,36
FI,1925,cyclone,historical,0.04602180802777778,0.19501953,0.0,36
FI,1926,cyclone,historical,0.07580625816647223,0.2581136,0.0,36
FI,1927,cyclone,historical,0.061703133194444454,0.29544657,0.0,36
FI,1928,cyclone,historical,0.04597636541111111,0.1828572,0.0,36
FI,1929,cyclone,historical,0.08005971184797223,0.24715678,0.0,36
FI,1930,cyclone,historical,0.08353714315833333,0.27788404,0.0,36
FI,1931,cyclone,historical,0.10255697002777778,0.4375346,0.0,36
FI,1932,cyclone,historical,0.06798229365277779,0.28970346,0.0,36
FI,1933,cyclone,historical,0.0634339661388889,0.18691973,0.0,36
FI,1934,cyclone,historical,0.050498278702777774,0.15415059,0.0,36
FI,1935,cyclone,historical,0.05029952753888889,0.19148146,0.0,36
FI,1936,cyclone,historical,0.05222118495277778,0.23624827,0.0,36
FI,1937,cyclone,historical,0.05652679868055556,0.16676962,0.0,36
FI,1938,cyclone,historical,0.097461285875,0.28439796,0.0,36
FI,1939,cyclone,historical,0.07606810997249999,0.20610993,0.0,36
FI,1940,cyclone,historical,0.07617130329833334,0.26232988,0.0,36
FI,1941,cyclone,historical,0.059649349016666665,0.25687203,0.0,36
FI,1942,cyclone,historical,0.08393713743555556,0.27713415,0.0,36
FI,1943,cyclone,historical,0.05162569165277778,0.19912128,0.0,36
FI,1944,cyclone,historical,0.07280465938783334,0.2541116,0.0,36
FI,1945,cyclone,historical,0.04525448669722223,0.14385761,0.0,36
FI,1946,cyclone,historical,0.10961994836111111,0.27633563,0.0,36
FI,1947,cyclone,historical,0.06788978561111111,0.2204978,0.0,36
FI,1948,cyclone,historical,0.07964294206944444,0.34222147,0.0,36
FI,1949,cyclone,historical,0.08198689470722223,0.2583387,0.0,36
FI,1950,cyclone,historical,0.05949681080527777,0.25776744,0.0,36
FI,1951,cyclone,historical,0.06532617010277778,0.17034768,0.0,36
FI,1952,cyclone,historical,0.056298441277777785,0.18955661,0.0,36
FI,1953,cyclone,historical,0.08553224963888889,0.35967198,0.0,36
FI,1954,cyclone,historical,0.055128385041666665,0.2522458,0.0,36
FI,1955,cyclone,historical,0.09485543713611111,0.33734855,0.0,36
FI,1956,cyclone,historical,0.05397934819722222,0.2477979,0.0,36
FI,1957,cyclone,historical,0.06436647186111111,0.19828387,0.0,36
FI,1958,cyclone,historical,0.04989109901666667,0.2795607,0.0,36
FI,1959,cyclone,historical,0.07894870808333333,0.24928801,0.0,36
FI,1960,cyclone,historical,0.06767931933333332,0.32418564,0.0,36
FI,1961,cyclone,historical,0.043433069430555554,0.11128191,0.0,36
FI,1962,cyclone,historical,0.07445281902777778,0.28891286,0.0,36
FI,1963,cyclone,historical,0.10338095980555556,0.2935405,0.0,36
FI,1964,cyclone,historical,0.05907110293111111,0.20308977,0.0,36
FI,1965,cyclone,historical,0.08609367673472222,0.22437628,0.0,36
FI,1966,cyclone,historical,0.08169884755833333,0.3833108,0.0,36
FI,1967,cyclone,historical,0.07311016383333332,0.23899685,0.0,36
FI,1968,cyclone,historical,0.08493868931388888,0.27656183,0.0,36
FI,1969,cyclone,historical,0.07581708063888888,0.23502366,0.0,36
FI,1970,cyclone,historical,0.09367120542222222,0.24112444,0.0,36
FI,1971,cyclone,historical,0.06967772604777778,0.279672,0.0,36
FI,1972,cyclone,historical,0.06907864942222222,0.24400444,0.0,36
FI,1973,cyclone,historical,0.09535500298055556,0.25554112,0.0,36
FI,1974,cyclone,historical,0.07217350713888888,0.21516277,0.0,36
FI,1975,cyclone,historical,0.09015830521111111,0.27153113,0.0,36
FI,1976,cyclone,historical,0.056197200308333334,0.26451978,0.0,36
FI,1977,cyclone,historical,0.04980466468888889,0.21225178,0.0,36
FI,1978,cyclone,historical,0.06792385293972222,0.19326544,0.0,36
FI,1979,cyclone,historical,0.053782281025,0.20315893,0.0,36
FI,1980,cyclone,historical,0.05721176655527777,0.25090775,0.0,36
FI,1981,cyclone,historical,0.05587095403888889,0.27360576,0.0,36
FI,1982,cyclone,historical,0.06653962809166666,0.26448342,0.0,36
FI,1983,cyclone,historical,0.055000771486111114,0.19098763,0.0,36
FI,1984,cyclone,historical,0.06912183200555555,0.2855102,0.0,36
FI,1985,cyclone,historical,0.06996821366666667,0.15386568,0.0,36
FI,1986,cyclone,historical,0.05627119726944444,0.29322532,0.0,36
FI,1987,cyclone,historical,0.08439812275,0.35581982,0.0,36
FI,1988,cyclone,historical,0.06657200470555555,0.23439153,0.0,36
FI,1989,cyclone,historical,0.06513576244444445,0.22869773,0.0,36
FI,1990,cyclone,historical,0.08329517934444446,0.34218577,0.0,36
FI,1991,cyclone,historical,0.06475727996944444,0.1874971,0.0,36
FI,1992,cyclone,historical,0.07574799751388889,0.3051748,0.0,36
FI,1993,cyclone,historical,0.08649078848055555,0.22260273,0.0,36
FI,1994,cyclone,historical,0.08136103695555556,0.27637812,0.0,36
FI,1995,cyclone,historical,0.036974689738888886,0.118506104,0.0,36
FI,1996,cyclone,historical,0.08330637525000001,0.18961136,0.0,36
FI,1997,cyclone,historical,0.08997468449166666,0.2618386,0.0,36
FI,1998,cyclone,historical,0.07301313375833333,0.21539907,0.0,36
FI,1999,cyclone,historical,0.09058970523055555,0.26384914,0.0,36
FI,2000,cyclone,historical,0.07973836955555555,0.23310208,0.0,36
FI,2001,cyclone,historical,0.060088781330555556,0.24799675,0.0,36
FI,2002,cyclone,historical,0.05111937452616667,0.1679024,0.0,36
FI,2003,cyclone,historical,0.09076012205555556,0.2678223,0.0,36
FI,2004,cyclone,historical,0.05756648720555556,0.15799195,0.0,36
FI,2005,cyclone,historical,0.03197323349,0.17572378,0.0,36
FI,2006,cyclone,historical,0.05570225810555555,0.16463804,0.0,36
FI,2007,cyclone,historical,0.09640682674444444,0.2544757,0.0,36
FI,2008,cyclone,historical,0.031228724291666662,0.17880298,0.0,36
FI,2009,cyclone,historical,0.051824862930555556,0.2543021,0.0,36
FI,2010,cyclone,historical,0.05313789307222222,0.23499124,0.0,36
FI,2011,cyclone,historical,0.05347133204722222,0.17475598,0.0,36
FI,2012,cyclone,historical,0.05272150995547222,0.2052599,0.0,36
FI,2013,cyclone,historical,0.10897461783611112,0.32146588,0.0,36
FI,2014,cyclone,historical,0.07915837397222222,0.26748303,0.0,36
FJ,1850,cyclone,historical,0.0570312511379784,0.37200883,0.0,2268
FJ,1851,cyclone,historical,0.05821787980007186,0.38080388,0.0,2268
FJ,1852,cyclone,historical,0.05818018001463007,0.40491396,0.0,2268
FJ,1853,cyclone,historical,0.061528429112055555,0.41592348,0.0,2268
FJ,1854,cyclone,historical,0.054206599896799386,0.38526642,0.0,2268
FJ,1855,cyclone,historical,0.054642785412257054,0.36130103,0.0,2268
FJ,1856,cyclone,historical,0.0578175771741605,0.39452022,0.0,2268
FJ,1857,cyclone,historical,0.06052819471158421,0.3912652,0.0,2268
FJ,1858,cyclone,historical,0.06443446980499427,0.41888526,0.0,2268
FJ,1859,cyclone,historical,0.05066025807354365,0.39123377,0.0,2268
FJ,1860,cyclone,historical,0.04149397841728622,0.31840202,0.0,2268
FJ,1861,cyclone,historical,0.052771778253606835,0.35780513,0.0,2268
FJ,1862,cyclone,historical,0.06092809185855555,0.39363652,0.0,2268
FJ,1863,cyclone,historical,0.05518536441797928,0.38234988,0.0,2268
FJ,1864,cyclone,historical,0.04707155954096649,0.33186707,0.0,2268
FJ,1865,cyclone,historical,0.05122017022751499,0.3678085,0.0,2268
FJ,1866,cyclone,historical,0.06093512925901544,0.37547293,0.0,2268
FJ,1867,cyclone,historical,0.06628688487407382,0.3925887,0.0,2268
FJ,1868,cyclone,historical,0.06090759750362236,0.4087635,0.0,2268
FJ,1869,cyclone,historical,0.052434505792765436,0.35534346,0.0,2268
FJ,1870,cyclone,historical,0.052660917184119485,0.35901994,0.0,2268
FJ,1871,cyclone,historical,0.0626283206211283,0.4140329,0.0,2268
FJ,1872,cyclone,historical,0.06252596588677116,0.40079778,0.0,2268
FJ,1873,cyclone,historical,0.056533177925933424,0.3884093,0.0,2268
FJ,1874,cyclone,historical,0.04739630724616649,0.32856202,0.0,2268
FJ,1875,cyclone,historical,0.06301772939826529,0.36681014,0.0,2268
FJ,1876,cyclone,historical,0.0572145652650798,0.39774972,0.0,2268
FJ,1877,cyclone,historical,0.05045305497367416,0.37169272,0.0,2268
FJ,1878,cyclone,historical,0.04449469404549522,0.31249827,0.0,2268
FJ,1879,cyclone,historical,0.060499342986389766,0.3600988,0.0,2268
FJ,1880,cyclone,historical,0.0662185831465657,0.4134155,0.0,2268
FJ,1881,cyclone,historical,0.062483367936294526,0.43018365,0.0,2268
FJ,1882,cyclone,historical,0.05198538050566389,0.3667698,0.0,2268
FJ,1883,cyclone,historical,0.05158247696128042,0.34810382,0.0,2268
FJ,1884,cyclone,historical,0.056215401070418426,0.35624185,0.0,2268
FJ,1885,cyclone,historical,0.05621623228685803,0.3905816,0.0,2268
FJ,1886,cyclone,historical,0.057310735854130074,0.39109683,0.0,2268
FJ,1887,cyclone,historical,0.05236981018152204,0.3533889,0.0,2268
FJ,1888,cyclone,historical,0.04959249802533245,0.34993476,0.0,2268
FJ,1889,cyclone,historical,0.05735291521177866,0.34877896,0.0,2268
FJ,1890,cyclone,historical,0.06357709754631746,0.42028028,0.0,2268
FJ,1891,cyclone,historical,0.06287010613219453,0.3918795,0.0,2268
FJ,1892,cyclone,historical,0.06047775387043386,0.40244055,0.0,2268
FJ,1893,cyclone,historical,0.053670700716824955,0.4060565,0.0,2268
FJ,1894,cyclone,historical,0.05685459362802822,0.38016415,0.0,2268
FJ,1895,cyclone,historical,0.06285003926801763,0.43372807,0.0,2268
FJ,1896,cyclone,historical,0.05887527762421737,0.4353566,0.0,2268
FJ,1897,cyclone,historical,0.056159340802270724,0.36939818,0.0,2268
FJ,1898,cyclone,historical,0.05668844757464418,0.36177707,0.0,2268
FJ,1899,cyclone,historical,0.060804913160554856,0.42763457,0.0,2268
FJ,1900,cyclone,historical,0.06178533387333378,0.41496995,0.0,2268
FJ,1901,cyclone,historical,0.06087146085031305,0.38685614,0.0,2268
FJ,1902,cyclone,historical,0.06275084825652205,0.39966968,0.0,2268
FJ,1903,cyclone,historical,0.056631037131258596,0.40240866,0.0,2268
FJ,1904,cyclone,historical,0.05240530295047222,0.3309127,0.0,2268
FJ,1905,cyclone,historical,0.05104545412517416,0.37390786,0.0,2268
FJ,1906,cyclone,historical,0.06110507651437875,0.38120395,0.0,2268
FJ,1907,cyclone,historical,0.05634376280686331,0.38343394,0.0,2268
FJ,1908,cyclone,historical,0.05520962347137399,0.37301397,0.0,2268
FJ,1909,cyclone,historical,0.0625085108794157,0.40464962,0.0,2268
FJ,1910,cyclone,historical,0.06112188533083024,0.4276965,0.0,2268
FJ,1911,cyclone,historical,0.059144420085918435,0.36875618,0.0,2268
FJ,1912,cyclone,historical,0.0656312121633426,0.42752177,0.0,2268
FJ,1913,cyclone,historical,0.06573602042652557,0.38386583,0.0,2268
FJ,1914,cyclone,historical,0.06249039641830864,0.3907374,0.0,2268
FJ,1915,cyclone,historical,0.05914616429663448,0.39958453,0.0,2268
FJ,1916,cyclone,historical,0.0568905947029149,0.3708241,0.0,2268
FJ,1917,cyclone,historical,0.05938540052328484,0.4009871,0.0,2268
FJ,1918,cyclone,historical,0.06616775738605248,0.38576713,0.0,2268
FJ,1919,cyclone,historical,0.07012270430227398,0.42820975,0.0,2268
FJ,1920,cyclone,historical,0.06001687217809303,0.40546614,0.0,2268
FJ,1921,cyclone,historical,0.05165790806370062,0.35438043,0.0,2268
FJ,1922,cyclone,historical,0.062133225891393744,0.37395146,0.0,2268
FJ,1923,cyclone,historical,0.057688619076293655,0.45587105,0.0,2268
FJ,1924,cyclone,historical,0.05231828169995247,0.37428847,0.0,2268
FJ,1925,cyclone,historical,0.058074282546911854,0.3745736,0.0,2268
FJ,1926,cyclone,historical,0.06022538338330687,0.38838565,0.0,2268
FJ,1927,cyclone,historical,0.0640479954843128,0.41524637,0.0,2268
FJ,1928,cyclone,historical,0.0536526081197134,0.38788146,0.0,2268
FJ,1929,cyclone,historical,0.05140513346044378,0.3484538,0.0,2268
FJ,1930,cyclone,historical,0.06699975853657143,0.3953454,0.0,2268
FJ,1931,cyclone,historical,0.06638554053199167,0.4143015,0.0,2268
FJ,1932,cyclone,historical,0.06200865809697831,0.42249328,0.0,2268
FJ,1933,cyclone,historical,0.05938153319994048,0.38613927,0.0,2268
FJ,1934,cyclone,historical,0.062110963676889834,0.3749204,0.0,2268
FJ,1935,cyclone,historical,0.0666103225590904,0.42773777,0.0,2268
FJ,1936,cyclone,historical,0.05996236488096958,0.41136837,0.0,2268
FJ,1937,cyclone,historical,0.057030686058105386,0.38096422,0.0,2268
FJ,1938,cyclone,historical,0.06958880393823061,0.44845232,0.0,2268
FJ,1939,cyclone,historical,0.06454213426250706,0.41965085,0.0,2268
FJ,1940,cyclone,historical,0.06165714270280202,0.41406342,0.0,2268
FJ,1941,cyclone,historical,0.05866637339957584,0.37864372,0.0,2268
FJ,1942,cyclone,historical,0.05986957259808597,0.3691314,0.0,2268
FJ,1943,cyclone,historical,0.06453767756897795,0.4037644,0.0,2268
FJ,1944,cyclone,historical,0.06543544748199338,0.39844492,0.0,2268
FJ,1945,cyclone,historical,0.06237177277642592,0.41337872,0.0,2268
FJ,1946,cyclone,historical,0.06655973838196826,0.40904057,0.0,2268
FJ,1947,cyclone,historical,0.06751690874005242,0.4237715,0.0,2268
FJ,1948,cyclone,historical,0.05951952216955027,0.42199713,0.0,2268
FJ,1949,cyclone,historical,0.048349251016947974,0.3384953,0.0,2268
FJ,1950,cyclone,historical,0.068895334230888,0.39001873,0.0,2268
FJ,1951,cyclone,historical,0.06704122685460846,0.41385806,0.0,2268
FJ,1952,cyclone,historical,0.06302624786315564,0.43609154,0.0,2268
FJ,1953,cyclone,historical,0.05380445855805732,0.36058617,0.0,2268
FJ,1954,cyclone,historical,0.06223499540629542,0.36205265,0.0,2268
FJ,1955,cyclone,historical,0.06346666415693034,0.43234652,0.0,2268
FJ,1956,cyclone,historical,0.06723233742369665,0.42192185,0.0,2268
FJ,1957,cyclone,historical,0.0692702599520139,0.41785848,0.0,2268
FJ,1958,cyclone,historical,0.06273798391942768,0.3868859,0.0,2268
FJ,1959,cyclone,historical,0.05988784142807628,0.36419606,0.0,2268
FJ,1960,cyclone,historical,0.06964917105915806,0.42156112,0.0,2268
FJ,1961,cyclone,historical,0.06812087588531172,0.43125927,0.0,2268
FJ,1962,cyclone,historical,0.05751009686758289,0.39759454,0.0,2268
FJ,1963,cyclone,historical,0.04513356325541667,0.3158478,0.0,2268
FJ,1964,cyclone,historical,0.05784613578476059,0.36320755,0.0,2268
FJ,1965,cyclone,historical,0.06313206645778881,0.40097117,0.0,2268
FJ,1966,cyclone,historical,0.05285507796828206,0.3573074,0.0,2268
FJ,1967,cyclone,historical,0.06260996381853748,0.3540144,0.0,2268
FJ,1968,cyclone,historical,0.06774792311556924,0.42048526,0.0,2268
FJ,1969,cyclone,historical,0.0642976927126053,0.4643325,0.0,2268
FJ,1970,cyclone,historical,0.06324140908803161,0.39786533,0.0,2268
FJ,1971,cyclone,historical,0.05571870162483541,0.36372194,0.0,2268
FJ,1972,cyclone,historical,0.0626196334250948,0.36860242,0.0,2268
FJ,1973,cyclone,historical,0.0653661726568441,0.42570263,0.0,2268
FJ,1974,cyclone,historical,0.06246003845010582,0.37405795,0.0,2268
FJ,1975,cyclone,historical,0.056064758923757056,0.38412797,0.0,2268
FJ,1976,cyclone,historical,0.07031638664843128,0.40722662,0.0,2268
FJ,1977,cyclone,historical,0.06697764545337787,0.40501213,0.0,2268
FJ,1978,cyclone,historical,0.06441680322541006,0.39966688,0.0,2268
FJ,1979,cyclone,historical,0.07039030219985405,0.39557263,0.0,2268
FJ,1980,cyclone,historical,0.07635393570546738,0.43566883,0.0,2268
FJ,1981,cyclone,historical,0.06751616774439682,0.3922573,0.0,2268
FJ,1982,cyclone,historical,0.05676347795605688,0.37676632,0.0,2268
FJ,1983,cyclone,historical,0.05630611786183598,0.35882473,0.0,2268
FJ,1984,cyclone,historical,0.06677150415455027,0.38805947,0.0,2268
FJ,1985,cyclone,historical,0.06265936525127706,0.39430296,0.0,2268
FJ,1986,cyclone,historical,0.05722304562092549,0.39085108,0.0,2268
FJ,1987,cyclone,historical,0.06996547113428159,0.37457702,0.0,2268
FJ,1988,cyclone,historical,0.07076471026911683,0.45207974,0.0,2268
FJ,1989,cyclone,historical,0.06698166792625,0.41283602,0.0,2268
FJ,1990,cyclone,historical,0.06168172150522046,0.3661229,0.0,2268
FJ,1991,cyclone,historical,0.05842565274323095,0.3790257,0.0,2268
FJ,1992,cyclone,historical,0.06613591281772531,0.37659118,0.0,2268
FJ,1993,cyclone,historical,0.07497186802303528,0.41586813,0.0,2268
FJ,1994,cyclone,historical,0.07050776556797575,0.43061006,0.0,2268
FJ,1995,cyclone,historical,0.057950882567013674,0.37247986,0.0,2268
FJ,1996,cyclone,historical,0.0681461074893417,0.3923279,0.0,2268
FJ,1997,cyclone,historical,0.07832565265175617,0.43765107,0.0,2268
FJ,1998,cyclone,historical,0.06822370127218814,0.46175787,0.0,2268
FJ,1999,cyclone,historical,0.058643505489516315,0.35792628,0.0,2268
FJ,2000,cyclone,historical,0.06887113318131438,0.418233,0.0,2268
FJ,2001,cyclone,historical,0.0774428390427481,0.45366788,0.0,2268
FJ,2002,cyclone,historical,0.07389316763804982,0.41089845,0.0,2268
FJ,2003,cyclone,historical,0.06918986960959347,0.41612667,0.0,2268
FJ,2004,cyclone,historical,0.06044704577537126,0.38012278,0.0,2268
FJ,2005,cyclone,historical,0.06704482612481966,0.39138478,0.0,2268
FJ,2006,cyclone,historical,0.0791055355887721,0.46072525,0.0,2268
FJ,2007,cyclone,historical,0.08034926644481967,0.4489243,0.0,2268
FJ,2008,cyclone,historical,0.07480689647322443,0.4323121,0.0,2268
FJ,2009,cyclone,historical,0.07809526807300264,0.43879682,0.0,2268
FJ,2010,cyclone,historical,0.07121710638081483,0.42544946,0.0,2268
FJ,2011,cyclone,historical,0.07285243478550706,0.43327904,0.0,2268
FJ,2012,cyclone,historical,0.06964308753943739,0.3803085,0.0,2268
FJ,2013,cyclone,historical,0.07803962640431304,0.40410563,0.0,2268
FJ,2014,cyclone,historical,0.08159998047894752,0.47230163,0.0,2268
FM,1850,cyclone,historical,0.26947333186458333,0.36218402,0.019770464,192
FM,1851,cyclone,historical,0.27517927250520835,0.37348822,0.036081806,192
FM,1852,cyclone,historical,0.2633775502552083,0.37592465,0.003492896,192
FM,1853,cyclone,historical,0.26379917362135413,0.36209136,0.0037402273,192
FM,1854,cyclone,historical,0.2637263964010417,0.36372322,0.01874948,192
FM,1855,cyclone,historical,0.26037583529687497,0.38005096,0.023340039,192
FM,1856,cyclone,historical,0.24349478992552084,0.35413224,0.0017439937,192
FM,1857,cyclone,historical,0.24308047147552084,0.41269866,0.0069778063,192
FM,1858,cyclone,historical,0.26727217205208337,0.37552327,0.038707025,192
FM,1859,cyclone,historical,0.2565582516041667,0.36145833,0.011803698,192
FM,1860,cyclone,historical,0.24212156178645836,0.3323925,0.014875999,192
FM,1861,cyclone,historical,0.23808033200651044,0.3564024,0.0,192
FM,1862,cyclone,historical,0.24711121852135418,0.36542028,0.0,192
FM,1863,cyclone,historical,0.23913910309375,0.35517013,0.03683845,192
FM,1864,cyclone,historical,0.24936388974479165,0.33813846,0.056604296,192
FM,1865,cyclone,historical,0.27677383397916666,0.36533976,0.019066866,192
FM,1866,cyclone,historical,0.2563045796854167,0.36321872,0.0049018646,192
FM,1867,cyclone,historical,0.23203072344635414,0.3622173,0.0069033727,192
FM,1868,cyclone,historical,0.2621068342760417,0.39640337,0.024408001,192
FM,1869,cyclone,historical,0.27420589015625,0.36031318,0.078272246,192
FM,1870,cyclone,historical,0.26783626065625,0.37969965,0.026650231,192
FM,1871,cyclone,historical,0.23569783792484375,0.360338,0.0,192
FM,1872,cyclone,historical,0.2661126244375,0.38257715,0.043814134,192
FM,1873,cyclone,historical,0.23715951692708334,0.33353359,0.037689865,192
FM,1874,cyclone,historical,0.25773363578125,0.36346698,0.07045016,192
FM,1875,cyclone,historical,0.2348600552630208,0.33276078,0.0105365645,192
FM,1876,cyclone,historical,0.246953576171875,0.38687658,0.0,192
FM,1877,cyclone,historical,0.24841557603125,0.35099208,0.047312807,192
FM,1878,cyclone,historical,0.2484396284375,0.34091017,0.07765054,192
FM,1879,cyclone,historical,0.2479367797265625,0.3581882,0.011567142,192
FM,1880,cyclone,historical,0.24269733252760417,0.34793848,0.0,192
FM,1881,cyclone,historical,0.26855060838541667,0.3833773,0.029116089,192
FM,1882,cyclone,historical,0.26220381903645834,0.35717374,0.06756322,192
FM,1883,cyclone,historical,0.25633517507291664,0.32878983,0.0712844,192
FM,1884,cyclone,historical,0.2384715864953125,0.33247605,0.0,192
FM,1885,cyclone,historical,0.231373644578125,0.35876656,0.0,192
FM,1886,cyclone,historical,0.2571963315208333,0.36950976,0.005431692,192
FM,1887,cyclone,historical,0.2584905750885417,0.35271505,0.03402815,192
FM,1888,cyclone,historical,0.2544931098229167,0.33453608,0.05861345,192
FM,1889,cyclone,historical,0.24176772414583333,0.35006565,0.005933388,192
FM,1890,cyclone,historical,0.24525102980208333,0.35929453,0.008593665,192
FM,1891,cyclone,historical,0.254579572846875,0.36108723,0.0019690536,192
FM,1892,cyclone,historical,0.254973718234375,0.36218047,0.04942304,192
FM,1893,cyclone,historical,0.268216626421875,0.36340907,0.036677863,192
FM,1894,cyclone,historical,0.25181970159375,0.41971558,0.012189347,192
FM,1895,cyclone,historical,0.251090300040625,0.40661043,0.0,192
FM,1896,cyclone,historical,0.25824512642187497,0.3552528,0.043852817,192
FM,1897,cyclone,historical,0.27422265297395837,0.36482853,0.06455052,192
FM,1898,cyclone,historical,0.26295988808854165,0.4100741,0.021672813,192
FM,1899,cyclone,historical,0.24229048386614582,0.36355543,0.0,192
FM,1900,cyclone,historical,0.2628730955677083,0.3622688,0.009433538,192
FM,1901,cyclone,historical,0.26870930291666667,0.3845581,0.050005622,192
FM,1902,cyclone,historical,0.26142111670833335,0.3788287,0.007900317,192
FM,1903,cyclone,historical,0.2617933013854167,0.36700743,0.00671172,192
FM,1904,cyclone,historical,0.2528175328854167,0.34162623,0.023498017,192
FM,1905,cyclone,historical,0.26356201480208336,0.36582166,0.020571653,192
FM,1906,cyclone,historical,0.2626041395494792,0.3676753,0.0,192
FM,1907,cyclone,historical,0.2815096961875,0.36513832,0.0326473,192
FM,1908,cyclone,historical,0.26429231866145836,0.3529215,0.02932719,192
FM,1909,cyclone,historical,0.2514901963697917,0.36314338,0.016613178,192
FM,1910,cyclone,historical,0.27436925240104165,0.36588088,0.0367183,192
FM,1911,cyclone,historical,0.28774356698437503,0.38139847,0.052360542,192
FM,1912,cyclone,historical,0.28183367890104166,0.38890538,0.04475071,192
FM,1913,cyclone,historical,0.27943794136979166,0.3697907,0.008479377,192
FM,1914,cyclone,historical,0.27332894520833334,0.3781996,0.059955142,192
FM,1915,cyclone,historical,0.2861227880208333,0.37217835,0.03589484,192
FM,1916,cyclone,historical,0.2758321854739583,0.3706719,0.05955939,192
FM,1917,cyclone,historical,0.2707401509385417,0.37952536,0.0,192
FM,1918,cyclone,historical,0.252683554278125,0.36805063,0.0066906204,192
FM,1919,cyclone,historical,0.2786406270625,0.3963669,0.048608378,192
FM,1920,cyclone,historical,0.2999780962239583,0.3898046,0.022223629,192
FM,1921,cyclone,historical,0.282673458203125,0.38446715,0.08211863,192
FM,1922,cyclone,historical,0.255078445921875,0.36781943,0.034296338,192
FM,1923,cyclone,historical,0.2640843469083333,0.40010667,0.0,192
FM,1924,cyclone,historical,0.28445128445833334,0.39115223,0.098073706,192
FM,1925,cyclone,historical,0.2751138696666667,0.35475847,0.0616711,192
FM,1926,cyclone,historical,0.25238777138020835,0.36386272,0.009344451,192
FM,1927,cyclone,historical,0.2618493225520833,0.35664147,0.00929522,192
FM,1928,cyclone,historical,0.2822466710572917,0.37739486,0.034741998,192
FM,1929,cyclone,historical,0.26772224744270834,0.38501072,0.019762646,192
FM,1930,cyclone,historical,0.25921597178802086,0.35564524,0.0,192
FM,1931,cyclone,historical,0.24477499730468752,0.35376096,0.009844389,192
FM,1932,cyclone,historical,0.26429082947916666,0.37804538,0.01247408,192
FM,1933,cyclone,historical,0.26734093111458335,0.36978602,0.07999862,192
FM,1934,cyclone,historical,0.277717186015625,0.39614522,0.026490845,192
FM,1935,cyclone,historical,0.25121410714062503,0.37106127,0.005884743,192
FM,1936,cyclone,historical,0.2807740870885417,0.37609345,0.040970996,192
FM,1937,cyclone,historical,0.2979651751875,0.40768087,0.043595362,192
FM,1938,cyclone,historical,0.24050934694791667,0.3493461,0.009766438,192
FM,1939,cyclone,historical,0.2663066544947917,0.39672038,0.053362176,192
FM,1940,cyclone,historical,0.28316410952604165,0.3928986,0.027761184,192
FM,1941,cyclone,historical,0.27874958455729165,0.37624705,0.043813545,192
FM,1942,cyclone,historical,0.26934231774479167,0.37977165,0.035243694,192
FM,1943,cyclone,historical,0.26475163070833335,0.37149572,0.012584375,192
FM,1944,cyclone,historical,0.27078055116666666,0.38779134,0.036416464,192
FM,1945,cyclone,historical,0.29677683050520837,0.38669303,0.016221669,192
FM,1946,cyclone,historical,0.2570294680625,0.4026906,0.020625465,192
FM,1947,cyclone,historical,0.263625404,0.36700284,0.019180158,192
FM,1948,cyclone,historical,0.266625956046875,0.39850202,0.008876163,192
FM,1949,cyclone,historical,0.2702439389583333,0.36968547,0.07049493,192
FM,1950,cyclone,historical,0.27667604931770834,0.37923303,0.055325113,192
FM,1951,cyclone,historical,0.268285125984375,0.37401813,0.012812952,192
FM,1952,cyclone,historical,0.28260951203645834,0.42314056,0.046676032,192
FM,1953,cyclone,historical,0.30036114424479166,0.38705245,0.100659065,192
FM,1954,cyclone,historical,0.28277618695833334,0.37837455,0.045501076,192
FM,1955,cyclone,historical,0.281341359984375,0.38130295,0.04534149,192
FM,1956,cyclone,historical,0.28565736140104164,0.39845526,0.032026626,192
FM,1957,cyclone,historical,0.2889761761145833,0.39218462,0.08707017,192
FM,1958,cyclone,historical,0.302014344296875,0.4159546,0.06041962,192
FM,1959,cyclone,historical,0.28836502302604167,0.3996343,0.0,192
FM,1960,cyclone,historical,0.26794278675208333,0.3643524,0.0057645934,192
FM,1961,cyclone,historical,0.2674147263541667,0.4028917,0.05604121,192
FM,1962,cyclone,historical,0.25536000238020834,0.35149747,0.048393525,192
FM,1963,cyclone,historical,0.25713966289583334,0.33451837,0.052968822,192
FM,1964,cyclone,historical,0.226343458671875,0.3330403,0.0,192
FM,1965,cyclone,historical,0.24006333493229168,0.38125148,0.024800096,192
FM,1966,cyclone,historical,0.26262489690625,0.34716764,0.042051163,192
FM,1967,cyclone,historical,0.2573190371927083,0.35686105,0.025490442,192
FM,1968,cyclone,historical,0.2582974363385417,0.39498794,0.006857658,192
FM,1969,cyclone,historical,0.27150060509375,0.41531038,0.025604803,192
FM,1970,cyclone,historical,0.27958144548958336,0.38502988,0.060987253,192
FM,1971,cyclone,historical,0.2712990609375,0.35389555,0.036767907,192
FM,1972,cyclone,historical,0.24139749477604167,0.3560765,0.0,192
FM,1973,cyclone,historical,0.26309099464062496,0.37711895,0.012426715,192
FM,1974,cyclone,historical,0.306345459453125,0.402162,0.05168244,192
FM,1975,cyclone,historical,0.2810188892604167,0.3915128,0.042035926,192
FM,1976,cyclone,historical,0.25558927090104167,0.3705333,0.03398201,192
FM,1977,cyclone,historical,0.273714235796875,0.39622492,0.028629627,192
FM,1978,cyclone,historical,0.2996715195833333,0.42280295,0.038317166,192
FM,1979,cyclone,historical,0.2759185181822917,0.37292576,0.034635328,192
FM,1980,cyclone,historical,0.24749025117187498,0.3595217,0.007895042,192
FM,1981,cyclone,historical,0.24562936684895834,0.3508529,0.05057355,192
FM,1982,cyclone,historical,0.26652290795833333,0.3489742,0.041115656,192
FM,1983,cyclone,historical,0.2806173174791667,0.3689065,0.022217605,192
FM,1984,cyclone,historical,0.23854572112395833,0.34385452,0.0,192
FM,1985,cyclone,historical,0.24856503353645834,0.3836819,0.041795626,192
FM,1986,cyclone,historical,0.28674294842187503,0.37770224,0.039041504,192
FM,1987,cyclone,historical,0.2774637635247917,0.38783357,0.00035271826,192
FM,1988,cyclone,historical,0.28300905698958334,0.39378092,0.009792226,192
FM,1989,cyclone,historical,0.301704850890625,0.41979903,0.061877526,192
FM,1990,cyclone,historical,0.29757975526041663,0.38882023,0.069185525,192
FM,1991,cyclone,historical,0.29230209176041666,0.3908854,0.02151105,192
FM,1992,cyclone,historical,0.26444950569270836,0.36514205,0.016614668,192
FM,1993,cyclone,historical,0.25742692546875,0.3650717,0.0,192
FM,1994,cyclone,historical,0.2843099370104167,0.40797448,0.05064564,192
FM,1995,cyclone,historical,0.2820970076197917,0.36979458,0.03746909,192
FM,1996,cyclone,historical,0.276776819765625,0.36956334,0.028958429,192
FM,1997,cyclone,historical,0.27575527972916664,0.4085045,0.026650393,192
FM,1998,cyclone,historical,0.29699516065625003,0.41698885,0.09414841,192
FM,1999,cyclone,historical,0.31413495171354167,0.393523,0.097683504,192
FM,2000,cyclone,historical,0.30608044819791663,0.4092598,0.032181464,192
FM,2001,cyclone,historical,0.2833228091666667,0.38159806,0.05679024,192
FM,2002,cyclone,historical,0.292552945640625,0.41978565,0.057034638,192
FM,2003,cyclone,historical,0.26859938763020835,0.36882675,0.06526085,192
FM,2004,cyclone,historical,0.2864568654427083,0.37150538,0.07110144,192
FM,2005,cyclone,historical,0.2947918662604167,0.41839164,0.021638343,192
FM,2006,cyclone,historical,0.29310963631250003,0.4004417,0.030421903,192
FM,2007,cyclone,historical,0.30508480174479163,0.40769857,0.07377933,192
FM,2008,cyclone,historical,0.32287277758854166,0.41499227,0.055102292,192
FM,2009,cyclone,historical,0.2911839900729167,0.38663045,0.0681247,192
FM,2010,cyclone,historical,0.297782857265625,0.4050375,0.038771972,192
FM,2011,cyclone,historical,0.3207127259375,0.44028443,0.12187882,192
FM,2012,cyclone,historical,0.31629708364583337,0.40031362,0.11242903,192
FM,2013,cyclone,historical,0.282129638640625,0.4074339,0.017338764,192
FM,2014,cyclone,historical,0.28278992004687503,0.41206425,0.011648383,192
FR,1850,cyclone,historical,0.019637021145833333,0.11279217,0.0,24
FR,1851,cyclone,historical,0.005998044666666667,0.044328496,0.0,24
FR,1852,cyclone,historical,0.0088748071,0.076080464,0.0,24
FR,1853,cyclone,historical,0.00646002520625,0.04667437,0.0,24
FR,1854,cyclone,historical,0.006676090054166667,0.036030952,0.0,24
FR,1855,cyclone,historical,0.009155187766666666,0.10170572,0.0,24
FR,1856,cyclone,historical,0.007760557375,0.061274767,0.0,24
FR,1857,cyclone,historical,0.019296489583333333,0.10634127,0.0,24
FR,1858,cyclone,historical,0.013649939208333335,0.068835914,0.0,24
FR,1859,cyclone,historical,0.009099201575,0.05615944,0.0,24
FR,1860,cyclone,historical,0.01016122508875,0.074042544,0.0,24
FR,1861,cyclone,historical,0.010840733583333333,0.0549395,0.0,24
FR,1862,cyclone,historical,0.004083759883333333,0.031686597,0.0,24
FR,1863,cyclone,historical,0.013774630135583332,0.11738342,0.0,24
FR,1864,cyclone,historical,0.013812472025,0.15307184,0.0,24
FR,1865,cyclone,historical,0.013825370908333334,0.055928204,0.0,24
FR,1866,cyclone,historical,0.0032799204250000004,0.019251084,0.0,24
FR,1867,cyclone,historical,0.004180334035833333,0.02874264,0.0,24
FR,1868,cyclone,historical,0.0002805378625,0.004196857,0.0,24
FR,1869,cyclone,historical,0.010768471958333333,0.097184695,0.0,24
FR,1870,cyclone,historical,0.012071525317499998,0.06974736,0.0,24
FR,1871,cyclone,historical,0.0034125130000000003,0.024154082,0.0,24
FR,1872,cyclone,historical,0.01270006775,0.080950506,0.0,24
FR,1873,cyclone,historical,0.005383504,0.035738118,0.0,24
FR,1874,cyclone,historical,0.0053147542625,0.052716266,0.0,24
FR,1875,cyclone,historical,0.008808286,0.08629167,0.0,24
FR,1876,cyclone,historical,0.0168747064375,0.115876056,0.0,24
FR,1877,cyclone,historical,0.006146980395833334,0.055313908,0.0,24
FR,1878,cyclone,historical,0.0013905781333333333,0.031747647,0.0,24
FR,1879,cyclone,historical,0.011427066916666666,0.10950296,0.0,24
FR,1880,cyclone,historical,0.007627266747916667,0.051967986,0.0,24
FR,1881,cyclone,historical,0.008674275070833333,0.059196867,0.0,24
FR,1882,cyclone,historical,0.00019963166666666667,0.00479116,0.0,24
FR,1883,cyclone,historical,0.004955065882083334,0.076418675,0.0,24
FR,1884,cyclone,historical,0.0110064853625,0.074839994,0.0,24
FR,1885,cyclone,historical,0.018561310570833333,0.10866661,0.0,24
FR,1886,cyclone,historical,0.023809115645833333,0.14896034,0.0,24
FR,1887,cyclone,historical,0.005903609004166667,0.05741396,0.0,24
FR,1888,cyclone,historical,0.0012403591791666667,0.01423517,0.0,24
FR,1889,cyclone,historical,0.011968535554166666,0.10770817,0.0,24
FR,1890,cyclone,historical,0.0018739443775,0.014338902,0.0,24
FR,1891,cyclone,historical,0.010868714833333334,0.1089119,0.0,24
FR,1892,cyclone,historical,0.0,0.0,0.0,24
FR,1893,cyclone,historical,0.0015256245125000003,0.014898088,0.0,24
FR,1894,cyclone,historical,0.0005470286083333332,0.008480159,0.0,24
FR,1895,cyclone,historical,0.018252610629166666,0.11444379,0.0,24
FR,1896,cyclone,historical,0.011880605833333334,0.058099568,0.0,24
FR,1897,cyclone,historical,0.0002757879541666666,0.0030233797,0.0,24
FR,1898,cyclone,historical,0.012104302475,0.094652966,0.0,24
FR,1899,cyclone,historical,0.010541443779166666,0.10356859,0.0,24
FR,1900,cyclone,historical,0.012093653945833333,0.07497344,0.0,24
FR,1901,cyclone,historical,0.005730383542916666,0.042433213,0.0,24
FR,1902,cyclone,historical,0.006990462558333334,0.07917462,0.0,24
FR,1903,cyclone,historical,0.0024486171041666663,0.03360998,0.0,24
FR,1904,cyclone,historical,0.00422222775,0.029282372,0.0,24
FR,1905,cyclone,historical,0.009412155791666666,0.095957726,0.0,24
FR,1906,cyclone,historical,0.010811581107916668,0.061133213,0.0,24
FR,1907,cyclone,historical,0.01010343788125,0.04515944,0.0,24
FR,1908,cyclone,historical,0.000878419875,0.017545976,0.0,24
FR,1909,cyclone,historical,0.012368091395833334,0.09923018,0.0,24
FR,1910,cyclone,historical,0.011241775283333333,0.04974151,0.0,24
FR,1911,cyclone,historical,0.014968548145833331,0.13197625,0.0,24
FR,1912,cyclone,historical,0.00797511385625,0.057833213,0.0,24
FR,1913,cyclone,historical,0.0024536596666666667,0.021023188,0.0,24
FR,1914,cyclone,historical,0.0116362435475,0.075546674,0.0,24
FR,1915,cyclone,historical,0.004973795383333333,0.065535374,0.0,24
FR,1916,cyclone,historical,0.0085172577025,0.07190846,0.0,24
FR,1917,cyclone,historical,0.008654397624999999,0.055823393,0.0,24
FR,1918,cyclone,historical,0.005283733529166668,0.05879058,0.0,24
FR,1919,cyclone,historical,0.016165528183333333,0.12727046,0.0,24
FR,1920,cyclone,historical,0.014835438014166667,0.1364627,0.0,24
FR,1921,cyclone,historical,0.007995554333333333,0.06713675,0.0,24
FR,1922,cyclone,historical,0.0014179971958333335,0.020530997,0.0,24
FR,1923,cyclone,historical,0.008141631294166667,0.050728053,0.0,24
FR,1924,cyclone,historical,0.00243236375,0.034940675,0.0,24
FR,1925,cyclone,historical,0.013561919041666667,0.077500306,0.0,24
FR,1926,cyclone,historical,0.0052260366725,0.04880846,0.0,24
FR,1927,cyclone,historical,0.008790997016666666,0.07124392,0.0,24
FR,1928,cyclone,historical,0.00729772175,0.07540837,0.0,24
FR,1929,cyclone,historical,0.002841149458333333,0.037772797,0.0,24
FR,1930,cyclone,historical,0.004724053120833333,0.05197879,0.0,24
FR,1931,cyclone,historical,0.018160111070833335,0.10528666,0.0,24
FR,1932,cyclone,historical,0.015787357525,0.08480537,0.0,24
FR,1933,cyclone,historical,0.006362100066666667,0.040442836,0.0,24
FR,1934,cyclone,historical,0.002373518708333333,0.038988415,0.0,24
FR,1935,cyclone,historical,0.009786183646666667,0.09299432,0.0,24
FR,1936,cyclone,historical,0.007998390979166667,0.05161789,0.0,24
FR,1937,cyclone,historical,0.005616362749999999,0.06750576,0.0,24
FR,1938,cyclone,historical,0.00046727045416666667,0.010244697,0.0,24
FR,1939,cyclone,historical,0.017258820208333334,0.08109098,0.0,24
FR,1940,cyclone,historical,0.013177716241666665,0.08136868,0.0,24
FR,1941,cyclone,historical,0.008622746552083333,0.05570075,0.0,24
FR,1942,cyclone,historical,0.006638586004166666,0.051019266,0.0,24
FR,1943,cyclone,historical,0.0036954145000000003,0.031521272,0.0,24
FR,1944,cyclone,historical,0.011021883416666668,0.12471712,0.0,24
FR,1945,cyclone,historical,0.012405010125,0.0834563,0.0,24
FR,1946,cyclone,historical,0.002244933325,0.013478784,0.0,24
FR,1947,cyclone,historical,0.020184837083333334,0.13209079,0.0,24
FR,1948,cyclone,historical,0.0036934786333333333,0.025284879,0.0,24
FR,1949,cyclone,historical,0.0068820473166666665,0.048565872,0.0,24
FR,1950,cyclone,historical,0.008223033157083334,0.035192445,0.0,24
FR,1951,cyclone,historical,0.014697059891666668,0.10405159,0.0,24
FR,1952,cyclone,historical,0.0035346150624999996,0.020178735,0.0,24
FR,1953,cyclone,historical,0.011851723274999998,0.10172732,0.0,24
FR,1954,cyclone,historical,0.008783478108333334,0.052265137,0.0,24
FR,1955,cyclone,historical,0.014318439558333333,0.08203106,0.0,24
FR,1956,cyclone,historical,0.004009246770833333,0.053836256,0.0,24
FR,1957,cyclone,historical,0.013426963130833332,0.07124285,0.0,24
FR,1958,cyclone,historical,0.004421274283333333,0.043614253,0.0,24
FR,1959,cyclone,historical,0.008178617583333334,0.04054549,0.0,24
FR,1960,cyclone,historical,0.005168384608333333,0.0456727,0.0,24
FR,1961,cyclone,historical,0.027170414666666667,0.09707232,0.0,24
FR,1962,cyclone,historical,0.007563379320833333,0.069153056,0.0,24
FR,1963,cyclone,historical,0.0012140883333333333,0.015738215,0.0,24
FR,1964,cyclone,historical,0.011445031916666668,0.06802443,0.0,24
FR,1965,cyclone,historical,0.0025900115083333335,0.017827999,0.0,24
FR,1966,cyclone,historical,0.01187988525,0.084067896,0.0,24
FR,1967,cyclone,historical,0.01489221231,0.07877752,0.0,24
FR,1968,cyclone,historical,0.01909005969583333,0.07741548,0.0,24
FR,1969,cyclone,historical,0.0092046905,0.06755709,0.0,24
FR,1970,cyclone,historical,0.0009668223875,0.011920631,0.0,24
FR,1971,cyclone,historical,0.005504413233333334,0.04011111,0.0,24
FR,1972,cyclone,historical,0.006642322741666667,0.048625845,0.0,24
FR,1973,cyclone,historical,0.012219965962500001,0.055044316,0.0,24
FR,1974,cyclone,historical,0.0092639183625,0.05546465,0.0,24
FR,1975,cyclone,historical,0.0028763124000000004,0.03893601,0.0,24
FR,1976,cyclone,historical,0.016537102208333335,0.08897035,0.0,24
FR,1977,cyclone,historical,0.00994637575,0.09579727,0.0,24
FR,1978,cyclone,historical,0.009940140164166666,0.07495562,0.0,24
FR,1979,cyclone,historical,0.011179418545833333,0.07553695,0.0,24
FR,1980,cyclone,historical,0.014037631916666668,0.08191544,0.0,24
FR,1981,cyclone,historical,0.0079198259125,0.09334226,0.0,24
FR,1982,cyclone,historical,0.006695540114166666,0.056541957,0.0,24
FR,1983,cyclone,historical,0.021782566020833335,0.07605183,0.0,24
FR,1984,cyclone,historical,0.003621126629166667,0.037353545,0.0,24
FR,1985,cyclone,historical,0.018706126899999998,0.12984109,0.0,24
FR,1986,cyclone,historical,0.004902569225,0.041456394,0.0,24
FR,1987,cyclone,historical,0.006368133583333334,0.08055719,0.0,24
FR,1988,cyclone,historical,0.022356563608333335,0.1072014,0.0,24
FR,1989,cyclone,historical,0.0030129344791666665,0.027611302,0.0,24
FR,1990,cyclone,historical,0.003924446178666666,0.048882477,0.0,24
FR,1991,cyclone,historical,0.00054189598125,0.012338804,0.0,24
FR,1992,cyclone,historical,0.012290539254166668,0.08138705,0.0,24
FR,1993,cyclone,historical,0.007538571958333334,0.060502175,0.0,24
FR,1994,cyclone,historical,0.010904328416666666,0.07356495,0.0,24
FR,1995,cyclone,historical,0.008170918841666666,0.08521598,0.0,24
FR,1996,cyclone,historical,0.014422352965000001,0.053204134,0.0,24
FR,1997,cyclone,historical,0.017065018583333334,0.07286043,0.0,24
FR,1998,cyclone,historical,0.008216054075,0.066329576,0.0,24
FR,1999,cyclone,historical,0.008589744229166666,0.0450503,0.0,24
FR,2000,cyclone,historical,0.0092557912875,0.042382427,0.0,24
FR,2001,cyclone,historical,0.003722788395833333,0.04316582,0.0,24
FR,2002,cyclone,historical,0.020105304233333333,0.09582753,0.0,24
FR,2003,cyclone,historical,0.013192191627083334,0.12945858,0.0,24
FR,2004,cyclone,historical,0.009082317825,0.058698736,0.0,24
FR,2005,cyclone,historical,0.006344203420833333,0.02947255,0.0,24
FR,2006,cyclone,historical,0.010077347283333335,0.05352074,0.0,24
FR,2007,cyclone,historical,0.0122511893125,0.07565365,0.0,24
FR,2008,cyclone,historical,0.010646549558333334,0.073619515,0.0,24
FR,2009,cyclone,historical,0.013302632329166668,0.070199035,0.0,24
FR,2010,cyclone,historical,0.010326346641666666,0.10817281,0.0,24
FR,2011,cyclone,historical,0.002350939708333333,0.017118618,0.0,24
FR,2012,cyclone,historical,0.009121442958333333,0.044545688,0.0,24
FR,2013,cyclone,historical,0.00799283065,0.088676445,0.0,24
FR,2014,cyclone,historical,0.0021625188125,0.021527803,0.0,24
GA,1850,cyclone,historical,0.30545664083333335,0.40956953,0.17715201,12
GA,1851,cyclone,historical,0.3000728441666667,0.3952824,0.18358245,12
GA,1852,cyclone,historical,0.3074064075,0.4422839,0.15971535,12
GA,1853,cyclone,historical,0.2949553725,0.42119843,0.1271327,12
GA,1854,cyclone,historical,0.30476585500000003,0.40207154,0.19613272,12
GA,1855,cyclone,historical,0.2871849933333333,0.39427745,0.17126349,12
GA,1856,cyclone,historical,0.2673530986666667,0.40615228,0.074331224,12
GA,1857,cyclone,historical,0.3313500558333333,0.43960643,0.19730988,12
GA,1858,cyclone,historical,0.3280196575,0.4230565,0.19675604,12
GA,1859,cyclone,historical,0.29312572333333337,0.43620536,0.16067667,12
GA,1860,cyclone,historical,0.2617368466666667,0.36918825,0.16286457,12
GA,1861,cyclone,historical,0.26762675750000003,0.38804325,0.11789957,12
GA,1862,cyclone,historical,0.2763896295833333,0.41490674,0.084717155,12
GA,1863,cyclone,historical,0.29856559083333334,0.44026518,0.16749203,12
GA,1864,cyclone,historical,0.2737174408333333,0.37798533,0.1791749,12
GA,1865,cyclone,historical,0.29023131166666666,0.41073364,0.2007269,12
GA,1866,cyclone,historical,0.27539974083333335,0.4130728,0.13272327,12
GA,1867,cyclone,historical,0.3167770383333333,0.44280642,0.16601357,12
GA,1868,cyclone,historical,0.3410673,0.47283855,0.20711282,12
GA,1869,cyclone,historical,0.28414308,0.40201116,0.17473307,12
GA,1870,cyclone,historical,0.292203675,0.43636626,0.20485523,12
GA,1871,cyclone,historical,0.28673202125,0.41150373,0.053191695,12
GA,1872,cyclone,historical,0.35337399833333333,0.4874973,0.21610686,12
GA,1873,cyclone,historical,0.33522962,0.47918373,0.23698923,12
GA,1874,cyclone,historical,0.27138177416666664,0.37916815,0.16284138,12
GA,1875,cyclone,historical,0.2749238925,0.3957951,0.12663051,12
GA,1876,cyclone,historical,0.3172115366666667,0.48871803,0.13938063,12
GA,1877,cyclone,historical,0.31399630916666665,0.41552353,0.21255857,12
GA,1878,cyclone,historical,0.2739181825,0.4031991,0.20177495,12
GA,1879,cyclone,historical,0.2561399991666667,0.3466164,0.11470759,12
GA,1880,cyclone,historical,0.267640463,0.41902155,0.068148896,12
GA,1881,cyclone,historical,0.3076225483333333,0.44419146,0.16814539,12
GA,1882,cyclone,historical,0.290897295,0.37356454,0.17230053,12
GA,1883,cyclone,historical,0.2773884958333333,0.4294377,0.15231939,12
GA,1884,cyclone,historical,0.2721135883333333,0.3788429,0.16869557,12
GA,1885,cyclone,historical,0.26830080666666667,0.4105561,0.08666829,12
GA,1886,cyclone,historical,0.3082583933333333,0.5029248,0.12520972,12
GA,1887,cyclone,historical,0.2930852908333333,0.413566,0.17075019,12
GA,1888,cyclone,historical,0.24689069166666666,0.36200678,0.15756539,12
GA,1889,cyclone,historical,0.29306252166666663,0.40510404,0.16365847,12
GA,1890,cyclone,historical,0.313288625,0.43834126,0.11087218,12
GA,1891,cyclone,historical,0.32431708666666664,0.44779825,0.18418391,12
GA,1892,cyclone,historical,0.3127337491666667,0.44799638,0.16322716,12
GA,1893,cyclone,historical,0.28583465583333334,0.3924029,0.16809386,12
GA,1894,cyclone,historical,0.27617183500000003,0.37828156,0.14027235,12
GA,1895,cyclone,historical,0.32331654416666666,0.46085465,0.14608815,12
GA,1896,cyclone,historical,0.30909945666666666,0.4219592,0.20141205,12
GA,1897,cyclone,historical,0.27351912916666665,0.39009684,0.15593901,12
GA,1898,cyclone,historical,0.29255553,0.45074183,0.16885212,12
GA,1899,cyclone,historical,0.30600572916666663,0.4540729,0.11187681,12
GA,1900,cyclone,historical,0.32697693,0.45354176,0.20528908,12
GA,1901,cyclone,historical,0.29544442583333336,0.40726542,0.16659668,12
GA,1902,cyclone,historical,0.30953398083333333,0.44772804,0.15419194,12
GA,1903,cyclone,historical,0.28421679166666663,0.40614527,0.1581802,12
GA,1904,cyclone,historical,0.2801343566666667,0.40213236,0.17885907,12
GA,1905,cyclone,historical,0.27429456166666666,0.36992896,0.16745418,12
GA,1906,cyclone,historical,0.3122265725,0.4000203,0.19684267,12
GA,1907,cyclone,historical,0.29546281166666666,0.42727613,0.16789816,12
GA,1908,cyclone,historical,0.2937931458333333,0.40228152,0.17626509,12
GA,1909,cyclone,historical,0.28562265000000003,0.43839848,0.089786,12
GA,1910,cyclone,historical,0.3028546875,0.4162224,0.19650896,12
GA,1911,cyclone,historical,0.29445832,0.40274513,0.2038191,12
GA,1912,cyclone,historical,0.2979632991666667,0.421993,0.1427558,12
GA,1913,cyclone,historical,0.3096025375,0.42286754,0.18240058,12
GA,1914,cyclone,historical,0.2955895241666667,0.45299882,0.11074047,12
GA,1915,cyclone,historical,0.31118321916666664,0.41021988,0.22589533,12
GA,1916,cyclone,historical,0.2846769675,0.3919172,0.17549622,12
GA,1917,cyclone,historical,0.3033907925,0.39420274,0.1838836,12
GA,1918,cyclone,historical,0.3193898333333333,0.41799247,0.18917398,12
GA,1919,cyclone,historical,0.33290815916666666,0.45110327,0.20310949,12
GA,1920,cyclone,historical,0.30730800583333334,0.420005,0.16513836,12
GA,1921,cyclone,historical,0.31068827833333335,0.4274838,0.20134793,12
GA,1922,cyclone,historical,0.2828546725,0.38587052,0.15447047,12
GA,1923,cyclone,historical,0.30675949375,0.46439075,0.119298145,12
GA,1924,cyclone,historical,0.29513818333333336,0.4245299,0.18341827,12
GA,1925,cyclone,historical,0.30392328,0.39816576,0.2355611,12
GA,1926,cyclone,historical,0.31160080416666663,0.40749896,0.19980098,12
GA,1927,cyclone,historical,0.33506734750000006,0.45103884,0.19112618,12
GA,1928,cyclone,historical,0.3389278683333334,0.43622652,0.2244412,12
GA,1929,cyclone,historical,0.29243759416666665,0.40142024,0.18729652,12
GA,1930,cyclone,historical,0.2763475791666667,0.43652344,0.113550335,12
GA,1931,cyclone,historical,0.30939959791666666,0.47739232,0.07661827,12
GA,1932,cyclone,historical,0.3416673416666667,0.47037733,0.18025753,12
GA,1933,cyclone,historical,0.3028501,0.4054738,0.16863939,12
GA,1934,cyclone,historical,0.2923038808333333,0.42332807,0.17732513,12
GA,1935,cyclone,historical,0.3132177033333333,0.45191377,0.14542243,12
GA,1936,cyclone,historical,0.3127390783333333,0.44359636,0.15879738,12
GA,1937,cyclone,historical,0.28429450083333335,0.35390508,0.15982014,12
GA,1938,cyclone,historical,0.30379085916666665,0.45431873,0.13753253,12
GA,1939,cyclone,historical,0.3239906833333333,0.44395676,0.19039348,12
GA,1940,cyclone,historical,0.33093536,0.44206446,0.22374886,12
GA,1941,cyclone,historical,0.31430586083333334,0.43022874,0.20190504,12
GA,1942,cyclone,historical,0.3289232583333333,0.4106568,0.21552277,12
GA,1943,cyclone,historical,0.3288299216666667,0.41649762,0.2258665,12
GA,1944,cyclone,historical,0.33846015916666666,0.49165922,0.20005684,12
GA,1945,cyclone,historical,0.344598805,0.46410853,0.24509159,12
GA,1946,cyclone,historical,0.32449999333333335,0.43288478,0.19063802,12
GA,1947,cyclone,historical,0.33555016750000005,0.4630959,0.19159591,12
GA,1948,cyclone,historical,0.30289532166666666,0.4020363,0.15759873,12
GA,1949,cyclone,historical,0.2738164416666667,0.39264002,0.14267306,12
GA,1950,cyclone,historical,0.312712605,0.420559,0.20381528,12
GA,1951,cyclone,historical,0.34243450583333335,0.49108976,0.17612433,12
GA,1952,cyclone,historical,0.3242577641666667,0.48257267,0.14528713,12
GA,1953,cyclone,historical,0.30897215166666664,0.40100676,0.23482138,12
GA,1954,cyclone,historical,0.2859495008333333,0.4022622,0.1659816,12
GA,1955,cyclone,historical,0.287073305,0.4483747,0.14875133,12
GA,1956,cyclone,historical,0.28630658,0.38168958,0.13171409,12
GA,1957,cyclone,historical,0.33221710666666665,0.47331157,0.17291181,12
GA,1958,cyclone,historical,0.3275556775,0.45355654,0.22053325,12
GA,1959,cyclone,historical,0.31479453,0.41728884,0.22323233,12
GA,1960,cyclone,historical,0.30078125,0.45153582,0.14372116,12
GA,1961,cyclone,historical,0.36194091749999996,0.4819513,0.26008388,12
GA,1962,cyclone,historical,0.3188956016666667,0.44209522,0.20167731,12
GA,1963,cyclone,historical,0.24241006916666666,0.36627677,0.11604277,12
GA,1964,cyclone,historical,0.27019367375,0.37897974,0.077730045,12
GA,1965,cyclone,historical,0.3077044841666667,0.4667715,0.13959716,12
GA,1966,cyclone,historical,0.2866577925,0.413203,0.1743991,12
GA,1967,cyclone,historical,0.2941119966666667,0.36337668,0.21662825,12
GA,1968,cyclone,historical,0.32978325000000003,0.49519247,0.16100433,12
GA,1969,cyclone,historical,0.31532656833333333,0.4593172,0.19389784,12
GA,1970,cyclone,historical,0.31379714833333333,0.4219402,0.20526204,12
GA,1971,cyclone,historical,0.30025021749999997,0.4091288,0.19588351,12
GA,1972,cyclone,historical,0.3042891641666667,0.40010473,0.20041233,12
GA,1973,cyclone,historical,0.3368512225,0.5006304,0.19972652,12
GA,1974,cyclone,historical,0.31149932333333336,0.43863577,0.1945122,12
GA,1975,cyclone,historical,0.3185584875,0.44277552,0.21348715,12
GA,1976,cyclone,historical,0.30986782,0.4276323,0.16561389,12
GA,1977,cyclone,historical,0.34638014749999996,0.49115154,0.22017759,12
GA,1978,cyclone,historical,0.32348981250000003,0.4258484,0.22907169,12
GA,1979,cyclone,historical,0.29482534666666665,0.40259597,0.15305525,12
GA,1980,cyclone,historical,0.30405366,0.45056403,0.11462988,12
GA,1981,cyclone,historical,0.35888958,0.5268706,0.23102318,12
GA,1982,cyclone,historical,0.2913891016666667,0.42154765,0.16931702,12
GA,1983,cyclone,historical,0.2747929241666667,0.36859506,0.15625602,12
GA,1984,cyclone,historical,0.3169755725,0.4297755,0.15942755,12
GA,1985,cyclone,historical,0.35367450000000006,0.4874298,0.22009638,12
GA,1986,cyclone,historical,0.3086717958333333,0.40888035,0.2170505,12
GA,1987,cyclone,historical,0.313705325,0.43760312,0.19796947,12
GA,1988,cyclone,historical,0.3402875791666667,0.4961819,0.18169792,12
GA,1989,cyclone,historical,0.3352156958333334,0.46434683,0.20411272,12
GA,1990,cyclone,historical,0.3401547366666667,0.42371953,0.23895109,12
GA,1991,cyclone,historical,0.31332811583333336,0.4445057,0.22179957,12
GA,1992,cyclone,historical,0.3045012775,0.41079554,0.20121911,12
GA,1993,cyclone,historical,0.32801049666666665,0.4960147,0.19157422,12
GA,1994,cyclone,historical,0.3632312366666666,0.5079638,0.2345026,12
GA,1995,cyclone,historical,0.3261158733333333,0.43783626,0.22561769,12
GA,1996,cyclone,historical,0.30644830666666667,0.40974885,0.19029875,12
GA,1997,cyclone,historical,0.36330222833333337,0.5055537,0.19642402,12
GA,1998,cyclone,historical,0.35999844000000003,0.47896427,0.24385639,12
GA,1999,cyclone,historical,0.3143418333333333,0.41920793,0.22410691,12
GA,2000,cyclone,historical,0.33439647833333336,0.45365733,0.22185318,12
GA,2001,cyclone,historical,0.3429602141666666,0.49145436,0.20232819,12
GA,2002,cyclone,historical,0.37955622833333336,0.54522085,0.21603873,12
GA,2003,cyclone,historical,0.32618327750000004,0.4542784,0.19746432,12
GA,2004,cyclone,historical,0.3241471675,0.45269033,0.21241572,12
GA,2005,cyclone,historical,0.32884735083333333,0.43526897,0.20888655,12
GA,2006,cyclone,historical,0.3752110966666667,0.5209888,0.22112274,12
GA,2007,cyclone,historical,0.3637275891666667,0.48350385,0.24085717,12
GA,2008,cyclone,historical,0.3729964525,0.48702323,0.25725985,12
GA,2009,cyclone,historical,0.368558215,0.48667175,0.2137976,12
GA,2010,cyclone,historical,0.37817119833333335,0.5403838,0.1995452,12
GA,2011,cyclone,historical,0.3773237425,0.49466825,0.2773449,12
GA,2012,cyclone,historical,0.3624314158333333,0.46216166,0.27360523,12
GA,2013,cyclone,historical,0.3406083458333333,0.42783028,0.22909145,12
GA,2014,cyclone,historical,0.38452601416666665,0.5203123,0.23994628,12
GB,1850,cyclone,historical,0.06897730845833333,0.36023843,0.0,12
GB,1851,cyclone,historical,0.07665656014166666,0.28416342,0.0,12
GB,1852,cyclone,historical,0.044588502866666664,0.14258185,0.0,12
GB,1853,cyclone,historical,0.052713837154166665,0.15684405,0.0,12
GB,1854,cyclone,historical,0.07080038008333334,0.26560655,0.0,12
GB,1855,cyclone,historical,0.08513838105833334,0.26621112,0.0,12
GB,1856,cyclone,historical,0.08729768052499999,0.24969357,0.0,12
GB,1857,cyclone,historical,0.118972327,0.36355114,0.0,12
GB,1858,cyclone,historical,0.04854061566666667,0.12296716,0.0,12
GB,1859,cyclone,historical,0.06252629308333334,0.25439155,0.0,12
GB,1860,cyclone,historical,0.08464306308333334,0.19162452,0.014428048,12
GB,1861,cyclone,historical,0.073634913025,0.30551076,0.0,12
GB,1862,cyclone,historical,0.06491342767500001,0.2198863,0.0,12
GB,1863,cyclone,historical,0.08472045700000001,0.26637375,0.0,12
GB,1864,cyclone,historical,0.03274459118333334,0.15440875,0.0,12
GB,1865,cyclone,historical,0.06571544547500001,0.16547062,0.0,12
GB,1866,cyclone,historical,0.06072075808333333,0.3255217,0.0,12
GB,1867,cyclone,historical,0.06944192619416667,0.24547645,0.0,12
GB,1868,cyclone,historical,0.06149263173333333,0.26905322,0.0,12
GB,1869,cyclone,historical,0.08177080425000001,0.22475149,0.0,12
GB,1870,cyclone,historical,0.05992103783333333,0.2842374,0.0,12
GB,1871,cyclone,historical,0.052457611816666666,0.16715816,0.0,12
GB,1872,cyclone,historical,0.05339221990916667,0.22544143,0.0,12
GB,1873,cyclone,historical,0.06751037915916668,0.2669111,0.0,12
GB,1874,cyclone,historical,0.06251622841666667,0.18305576,0.0,12
GB,1875,cyclone,historical,0.05936563675,0.16605978,0.0,12
GB,1876,cyclone,historical,0.058517337,0.20193298,0.0,12
GB,1877,cyclone,historical,0.06273724545833333,0.21760798,0.0,12
GB,1878,cyclone,historical,0.04507418741666667,0.13339123,0.0,12
GB,1879,cyclone,historical,0.05232274433333334,0.2287055,0.0,12
GB,1880,cyclone,historical,0.06502618933333333,0.20247352,0.0,12
GB,1881,cyclone,historical,0.06866726066666667,0.19584839,0.0,12
GB,1882,cyclone,historical,0.067420778725,0.16417746,0.0,12
GB,1883,cyclone,historical,0.07064824729416667,0.21294028,0.0,12
GB,1884,cyclone,historical,0.04039448118916667,0.18372704,0.0,12
GB,1885,cyclone,historical,0.07535080020833333,0.24707375,0.0,12
GB,1886,cyclone,historical,0.08897516658333333,0.38422504,0.0,12
GB,1887,cyclone,historical,0.05765327841666667,0.15307966,0.0,12
GB,1888,cyclone,historical,0.08852331916666667,0.2605639,0.0,12
GB,1889,cyclone,historical,0.05611599283333333,0.29791284,0.0,12
GB,1890,cyclone,historical,0.07512982962916666,0.2297185,0.0,12
GB,1891,cyclone,historical,0.06559066566666667,0.14765315,0.0,12
GB,1892,cyclone,historical,0.08367630910166667,0.3319856,0.0,12
GB,1893,cyclone,historical,0.08466503334999999,0.23828188,0.0,12
GB,1894,cyclone,historical,0.05685945788333333,0.21789296,0.0,12
GB,1895,cyclone,historical,0.09039895083333332,0.19582975,0.0,12
GB,1896,cyclone,historical,0.05063044425,0.14766935,0.0,12
GB,1897,cyclone,historical,0.08423646198333333,0.22290322,0.0,12
GB,1898,cyclone,historical,0.11121358808333333,0.26717442,0.00282726,12
GB,1899,cyclone,historical,0.09295753566666666,0.26076353,0.0,12
GB,1900,cyclone,historical,0.07626864085,0.24738768,0.0,12
GB,1901,cyclone,historical,0.07214512316666667,0.23536223,0.0,12
GB,1902,cyclone,historical,0.06644123558333333,0.23640063,0.0,12
GB,1903,cyclone,historical,0.07291170917499999,0.2262359,0.0,12
GB,1904,cyclone,historical,0.06285905591666667,0.16298535,0.0,12
GB,1905,cyclone,historical,0.07856519311333333,0.29306173,0.0,12
GB,1906,cyclone,historical,0.08947143405,0.27064544,0.0,12
GB,1907,cyclone,historical,0.05813808664166667,0.19861217,0.0,12
GB,1908,cyclone,historical,0.05670126990625,0.2514184,0.0,12
GB,1909,cyclone,historical,0.09351969180833335,0.3671999,0.0,12
GB,1910,cyclone,historical,0.05395590775,0.20747215,0.0,12
GB,1911,cyclone,historical,0.050015927551666665,0.2344616,0.0,12
GB,1912,cyclone,historical,0.0749583145,0.28678912,0.0,12
GB,1913,cyclone,historical,0.04087177161666667,0.24223346,0.0,12
GB,1914,cyclone,historical,0.07605572491666666,0.2629384,0.0,12
GB,1915,cyclone,historical,0.03950573066666666,0.11447539,0.0,12
GB,1916,cyclone,historical,0.08805573475,0.2767854,0.0,12
GB,1917,cyclone,historical,0.07722931683333334,0.2562163,0.0,12
GB,1918,cyclone,historical,0.07622949476666667,0.2592451,0.0,12
GB,1919,cyclone,historical,0.08092025033333333,0.34882405,0.0,12
GB,1920,cyclone,historical,0.06036730716666666,0.27251047,0.0,12
GB,1921,cyclone,historical,0.055985359416666665,0.14385933,0.0,12
GB,1922,cyclone,historical,0.05791922825,0.17987813,0.0,12
GB,1923,cyclone,historical,0.067276010025,0.29213327,0.0,12
GB,1924,cyclone,historical,0.076019642,0.26137054,0.0,12
GB,1925,cyclone,historical,0.059261723875000005,0.19899955,0.0,12
GB,1926,cyclone,historical,0.06839656440000001,0.31681114,0.0,12
GB,1927,cyclone,historical,0.06492347162499999,0.2786842,0.0,12
GB,1928,cyclone,historical,0.03394130123,0.12130744,0.0,12
GB,1929,cyclone,historical,0.049458319029999996,0.20577352,0.0,12
GB,1930,cyclone,historical,0.07418688962499999,0.2840799,0.0,12
GB,1931,cyclone,historical,0.0933353228525,0.43890655,0.0,12
GB,1932,cyclone,historical,0.0834769512,0.26736814,0.0,12
GB,1933,cyclone,historical,0.050856214149999995,0.19730552,0.0,12
GB,1934,cyclone,historical,0.03222284216666666,0.12475871,0.0,12
GB,1935,cyclone,historical,0.06385383588333333,0.17051516,0.0,12
GB,1936,cyclone,historical,0.06339804783333335,0.25022817,0.0,12
GB,1937,cyclone,historical,0.026937467788333332,0.11969878,0.0,12
GB,1938,cyclone,historical,0.11025062258333333,0.33375365,0.0,12
GB,1939,cyclone,historical,0.09037569783333334,0.24111211,0.0,12
GB,1940,cyclone,historical,0.06689338078333333,0.24635305,0.0,12
GB,1941,cyclone,historical,0.08040797975666666,0.21432471,0.0,12
GB,1942,cyclone,historical,0.06003629725,0.2220647,0.0,12
GB,1943,cyclone,historical,0.05193629174858333,0.18849903,0.0,12
GB,1944,cyclone,historical,0.06305744775,0.20743836,0.0,12
GB,1945,cyclone,historical,0.05338974254166667,0.13951796,0.0,12
GB,1946,cyclone,historical,0.09918001941666667,0.23641333,0.0,12
GB,1947,cyclone,historical,0.041893453500000004,0.17273137,0.0,12
GB,1948,cyclone,historical,0.07639101508333333,0.26428533,0.0,12
GB,1949,cyclone,historical,0.06561180365000001,0.24278966,0.0,12
GB,1950,cyclone,historical,0.07098589616666666,0.23121452,0.0,12
GB,1951,cyclone,historical,0.10610603233333334,0.24676473,0.0,12
GB,1952,cyclone,historical,0.06625770148333333,0.18468793,0.0,12
GB,1953,cyclone,historical,0.07279777766666666,0.18946342,0.0,12
GB,1954,cyclone,historical,0.05560971083999999,0.23833102,0.0,12
GB,1955,cyclone,historical,0.10820371757916668,0.39417475,0.0,12
GB,1956,cyclone,historical,0.05500232741666666,0.27956617,0.0,12
GB,1957,cyclone,historical,0.0886970415,0.23095709,0.0,12
GB,1958,cyclone,historical,0.0352648622,0.17425765,0.0,12
GB,1959,cyclone,historical,0.05705598354166667,0.23276837,0.0,12
GB,1960,cyclone,historical,0.09450774241666667,0.26057714,0.0,12
GB,1961,cyclone,historical,0.06600865841666666,0.17775781,0.0,12
GB,1962,cyclone,historical,0.032050989333333335,0.11850935,0.0,12
GB,1963,cyclone,historical,0.06303455608333333,0.15170684,0.0,12
GB,1964,cyclone,historical,0.08616782958333334,0.24338584,0.0,12
GB,1965,cyclone,historical,0.07264442983333333,0.25468355,0.0,12
GB,1966,cyclone,historical,0.0557311365,0.19118851,0.0,12
GB,1967,cyclone,historical,0.07914186691666666,0.28088796,0.0,12
GB,1968,cyclone,historical,0.09379419786666666,0.22989005,0.0,12
GB,1969,cyclone,historical,0.07639918766666666,0.29122075,0.0,12
GB,1970,cyclone,historical,0.07199587358333333,0.21065815,0.0,12
GB,1971,cyclone,historical,0.06744223158333333,0.28769085,0.0,12
GB,1972,cyclone,historical,0.06407856983333333,0.21019891,0.0,12
GB,1973,cyclone,historical,0.09554772733333333,0.30389422,0.0,12
GB,1974,cyclone,historical,0.06295205095833334,0.17692256,0.0,12
GB,1975,cyclone,historical,0.094054071,0.31016332,0.0,12
GB,1976,cyclone,historical,0.05815033208333333,0.1803017,0.0,12
GB,1977,cyclone,historical,0.05295858108333334,0.17756845,0.0,12
GB,1978,cyclone,historical,0.07599809638333334,0.26010197,0.0,12
GB,1979,cyclone,historical,0.067145532,0.16764657,0.0,12
GB,1980,cyclone,historical,0.07233151891666667,0.21528208,0.0,12
GB,1981,cyclone,historical,0.0785069344475,0.32020435,0.0,12
GB,1982,cyclone,historical,0.045096227258333337,0.2015148,0.0,12
GB,1983,cyclone,historical,0.06282080818916667,0.2345075,0.0,12
GB,1984,cyclone,historical,0.06649794419166667,0.18326755,0.0,12
GB,1985,cyclone,historical,0.07278210910833334,0.19969407,0.0,12
GB,1986,cyclone,historical,0.05187265119166667,0.22102468,0.0,12
GB,1987,cyclone,historical,0.05424641690416667,0.24899742,0.0,12
GB,1988,cyclone,historical,0.0912644965955,0.3178455,0.0,12
GB,1989,cyclone,historical,0.060132624475,0.24486,0.0,12
GB,1990,cyclone,historical,0.08310931084166666,0.2714715,0.0,12
GB,1991,cyclone,historical,0.06530364358333333,0.22884813,0.0,12
GB,1992,cyclone,historical,0.09157382285,0.22963315,0.0,12
GB,1993,cyclone,historical,0.075334078725,0.22582611,0.0,12
GB,1994,cyclone,historical,0.07242165566666667,0.26818827,0.0,12
GB,1995,cyclone,historical,0.05125142283333334,0.13512146,0.0,12
GB,1996,cyclone,historical,0.10555247491666665,0.263027,0.0,12
GB,1997,cyclone,historical,0.09526727924666667,0.1934836,0.0,12
GB,1998,cyclone,historical,0.07258506418583334,0.26688674,0.0,12
GB,1999,cyclone,historical,0.06194729576666667,0.23142551,0.0,12
GB,2000,cyclone,historical,0.096975362375,0.26573542,0.0,12
GB,2001,cyclone,historical,0.07244441689999999,0.25750595,0.0,12
GB,2002,cyclone,historical,0.07860021741666666,0.21089613,0.0,12
GB,2003,cyclone,historical,0.07209989808333334,0.17655165,0.0,12
GB,2004,cyclone,historical,0.07349725433333333,0.22103764,0.0,12
GB,2005,cyclone,historical,0.0628333269125,0.21431121,0.0,12
GB,2006,cyclone,historical,0.08290159831416667,0.20268908,0.0,12
GB,2007,cyclone,historical,0.08345141924999999,0.22973256,0.0,12
GB,2008,cyclone,historical,0.05116470845833334,0.23393832,0.0,12
GB,2009,cyclone,historical,0.037285918375,0.17465961,0.0,12
GB,2010,cyclone,historical,0.052223741116666667,0.14333959,0.0,12
GB,2011,cyclone,historical,0.05072665808333333,0.19198461,0.0,12
GB,2012,cyclone,historical,0.07617134738624999,0.26865536,0.0,12
GB,2013,cyclone,historical,0.09040410654166665,0.37869614,0.0,12
GB,2014,cyclone,historical,0.06291702266666667,0.20856647,0.0,12
GQ,1850,cyclone,historical,0.2808845283333333,0.41194943,0.038500242,36
GQ,1851,cyclone,historical,0.27029155008333333,0.41918662,0.045290373,36
GQ,1852,cyclone,historical,0.27052984055555557,0.42208314,0.04011295,36
GQ,1853,cyclone,historical,0.2713350175277778,0.4201655,0.019780822,36
GQ,1854,cyclone,historical,0.26722412163888887,0.43149227,0.051074494,36
GQ,1855,cyclone,historical,0.25538881483333337,0.39753634,0.04346849,36
GQ,1856,cyclone,historical,0.24480697784027777,0.43464226,0.00045410125,36
GQ,1857,cyclone,historical,0.28880407305555555,0.43703082,0.03344233,36
GQ,1858,cyclone,historical,0.29146520388888886,0.41802248,0.04395955,36
GQ,1859,cyclone,historical,0.24722660130555557,0.43675098,0.009930259,36
GQ,1860,cyclone,historical,0.22654989266666664,0.36837646,0.0381479,36
GQ,1861,cyclone,historical,0.24134673438888887,0.40681005,0.01485268,36
GQ,1862,cyclone,historical,0.24635948777777777,0.41232735,0.019837823,36
GQ,1863,cyclone,historical,0.2698299070833333,0.43981066,0.04460048,36
GQ,1864,cyclone,historical,0.23871083066666665,0.39754224,0.031750508,36
GQ,1865,cyclone,historical,0.25905199675,0.43847674,0.054020453,36
GQ,1866,cyclone,historical,0.2560873346111111,0.42314112,0.019416492,36
GQ,1867,cyclone,historical,0.29373602836111107,0.44882002,0.015543414,36
GQ,1868,cyclone,historical,0.30663211458333334,0.46110582,0.046636455,36
GQ,1869,cyclone,historical,0.24960399266666666,0.42745823,0.038055446,36
GQ,1870,cyclone,historical,0.2549006769444444,0.4181961,0.042289305,36
GQ,1871,cyclone,historical,0.27848227425,0.41389334,0.025927093,36
GQ,1872,cyclone,historical,0.3251037471111111,0.4881726,0.0608529,36
GQ,1873,cyclone,historical,0.29720290416666667,0.48332083,0.06961137,36
GQ,1874,cyclone,historical,0.23566153805555556,0.41229418,0.037466705,36
GQ,1875,cyclone,historical,0.23873463904166664,0.41361386,0.0053627715,36
GQ,1876,cyclone,historical,0.28458840094444443,0.48693624,0.004649338,36
GQ,1877,cyclone,historical,0.27955212749999997,0.42011368,0.07671738,36
GQ,1878,cyclone,historical,0.23429050644444446,0.42063755,0.042491112,36
GQ,1879,cyclone,historical,0.23405479922222222,0.39184612,0.02926031,36
GQ,1880,cyclone,historical,0.24766995353805557,0.42791098,0.00011913067,36
GQ,1881,cyclone,historical,0.28503885486111114,0.44867668,0.02244002,36
GQ,1882,cyclone,historical,0.26311880400000004,0.39857346,0.030424394,36
GQ,1883,cyclone,historical,0.24527891583333336,0.43673676,0.03645955,36
GQ,1884,cyclone,historical,0.24580186249999997,0.38711518,0.03306781,36
GQ,1885,cyclone,historical,0.23769789038888892,0.39571935,0.00488868,36
GQ,1886,cyclone,historical,0.2740011614444444,0.48627868,0.004500362,36
GQ,1887,cyclone,historical,0.25091070191666665,0.4158577,0.016281819,36
GQ,1888,cyclone,historical,0.20963416525,0.3780077,0.030988572,36
GQ,1889,cyclone,historical,0.2574599445277778,0.39301652,0.027665984,36
GQ,1890,cyclone,historical,0.29335210513888893,0.43747085,0.02381102,36
GQ,1891,cyclone,historical,0.29350398294444446,0.47007862,0.037078325,36
GQ,1892,cyclone,historical,0.27866736127777775,0.4670313,0.025146823,36
GQ,1893,cyclone,historical,0.2477419026944444,0.39458728,0.022282366,36
GQ,1894,cyclone,historical,0.24037139969444443,0.39455992,0.013437454,36
GQ,1895,cyclone,historical,0.29417156455555554,0.48298874,0.034877688,36
GQ,1896,cyclone,historical,0.2756176264166667,0.4446503,0.032884806,36
GQ,1897,cyclone,historical,0.24914737373611112,0.40842217,0.0090251295,36
GQ,1898,cyclone,historical,0.25537915252777776,0.43458754,0.022480935,36
GQ,1899,cyclone,historical,0.28207268352777776,0.45382708,0.020643104,36
GQ,1900,cyclone,historical,0.287731837,0.4666594,0.047183514,36
GQ,1901,cyclone,historical,0.27325789622222224,0.4299113,0.036509328,36
GQ,1902,cyclone,historical,0.2814745802222222,0.4454594,0.023854157,36
GQ,1903,cyclone,historical,0.25329418225,0.41659904,0.036813766,36
GQ,1904,cyclone,historical,0.25538536255555555,0.41127634,0.04927621,36
GQ,1905,cyclone,historical,0.24818720033333333,0.38865802,0.035079595,36
GQ,1906,cyclone,historical,0.28490112444444443,0.44655538,0.053658895,36
GQ,1907,cyclone,historical,0.2619614608333334,0.44353044,0.02795909,36
GQ,1908,cyclone,historical,0.26768139802777774,0.42012188,0.026530277,36
GQ,1909,cyclone,historical,0.26394929347222224,0.44157976,0.008282148,36
GQ,1910,cyclone,historical,0.26325549930555553,0.43348724,0.036388867,36
GQ,1911,cyclone,historical,0.2628486829444444,0.43374026,0.037643872,36
GQ,1912,cyclone,historical,0.27319713033333337,0.42746,0.020206856,36
GQ,1913,cyclone,historical,0.2780362879166667,0.44026643,0.035755865,36
GQ,1914,cyclone,historical,0.2698343499861111,0.4455759,0.0141465645,36
GQ,1915,cyclone,historical,0.27338607033333334,0.426624,0.050234012,36
GQ,1916,cyclone,historical,0.2512421929722222,0.39701197,0.026860535,36
GQ,1917,cyclone,historical,0.2677661579722222,0.41361222,0.032256417,36
GQ,1918,cyclone,historical,0.2983642157777778,0.44325617,0.057887062,36
GQ,1919,cyclone,historical,0.3088625709722222,0.4659217,0.06545145,36
GQ,1920,cyclone,historical,0.2734949265833333,0.44763887,0.03461048,36
GQ,1921,cyclone,historical,0.26616526949999997,0.4241205,0.047851562,36
GQ,1922,cyclone,historical,0.25236592288888887,0.4272121,0.017792676,36
GQ,1923,cyclone,historical,0.27791166256944444,0.4821303,0.0062863715,36
GQ,1924,cyclone,historical,0.2533884384444444,0.39654094,0.04040108,36
GQ,1925,cyclone,historical,0.2648959619444444,0.40817726,0.06147121,36
GQ,1926,cyclone,historical,0.27779851650000004,0.42683303,0.02884011,36
GQ,1927,cyclone,historical,0.3113592211111111,0.45607573,0.040761024,36
GQ,1928,cyclone,historical,0.29237748308333333,0.43236676,0.061350107,36
GQ,1929,cyclone,historical,0.25428270750000004,0.39531732,0.044137076,36
GQ,1930,cyclone,historical,0.2513712866794445,0.4337111,0.00069398346,36
GQ,1931,cyclone,historical,0.29951660530555557,0.47284645,0.026136128,36
GQ,1932,cyclone,historical,0.3032052496388889,0.48664123,0.027956229,36
GQ,1933,cyclone,historical,0.2649601298888889,0.40324694,0.018350298,36
GQ,1934,cyclone,historical,0.25482234616666666,0.4508421,0.022255898,36
GQ,1935,cyclone,historical,0.2796712653611111,0.46450654,0.017305817,36
GQ,1936,cyclone,historical,0.28715196355555556,0.4601117,0.034213062,36
GQ,1937,cyclone,historical,0.25309069394444444,0.39108026,0.013927441,36
GQ,1938,cyclone,historical,0.2787985023888889,0.44976303,0.01749438,36
GQ,1939,cyclone,historical,0.29057109844444445,0.43566632,0.032499753,36
GQ,1940,cyclone,historical,0.29176832825,0.43352258,0.052080527,36
GQ,1941,cyclone,historical,0.2701526206666667,0.41779166,0.051382244,36
GQ,1942,cyclone,historical,0.29889212772222223,0.42351228,0.072680674,36
GQ,1943,cyclone,historical,0.3005888666666667,0.42937872,0.09181063,36
GQ,1944,cyclone,historical,0.3075013101111111,0.48612428,0.050832734,36
GQ,1945,cyclone,historical,0.3083504402777778,0.506555,0.08298746,36
GQ,1946,cyclone,historical,0.2937254806111111,0.43697014,0.052685052,36
GQ,1947,cyclone,historical,0.3017627853888889,0.46998268,0.023710484,36
GQ,1948,cyclone,historical,0.26648912355555554,0.3998745,0.023841187,36
GQ,1949,cyclone,historical,0.23842472377777776,0.39295626,0.012016957,36
GQ,1950,cyclone,historical,0.2772126030555555,0.4155317,0.06958236,36
GQ,1951,cyclone,historical,0.32304248594444446,0.48456693,0.073375724,36
GQ,1952,cyclone,historical,0.2876128019527778,0.49765027,0.0027926823,36
GQ,1953,cyclone,historical,0.26498388500000003,0.43404567,0.07077511,36
GQ,1954,cyclone,historical,0.2519195412222222,0.41930446,0.016585907,36
GQ,1955,cyclone,historical,0.2616553243888889,0.4791311,0.017236128,36
GQ,1956,cyclone,historical,0.25348197455555554,0.3822146,0.011980601,36
GQ,1957,cyclone,historical,0.31281625627777776,0.50220203,0.03851603,36
GQ,1958,cyclone,historical,0.28946778622222225,0.45038223,0.0678688,36
GQ,1959,cyclone,historical,0.29033076,0.44373393,0.07123621,36
GQ,1960,cyclone,historical,0.27978107622222226,0.4754957,0.032729488,36
GQ,1961,cyclone,historical,0.3324994218333333,0.48312184,0.077412516,36
GQ,1962,cyclone,historical,0.28375743966666667,0.48494834,0.054761074,36
GQ,1963,cyclone,historical,0.2169191068472222,0.3806454,0.0136543745,36
GQ,1964,cyclone,historical,0.2536809836666667,0.4143639,0.010814147,36
GQ,1965,cyclone,historical,0.2796071342777778,0.48020247,0.016613722,36
GQ,1966,cyclone,historical,0.24936912238888886,0.4125706,0.027100854,36
GQ,1967,cyclone,historical,0.267895716,0.38857836,0.063504666,36
GQ,1968,cyclone,historical,0.29759992902777777,0.47110772,0.013394771,36
GQ,1969,cyclone,historical,0.27890829058333333,0.45547545,0.029291041,36
GQ,1970,cyclone,historical,0.27761851525,0.44428578,0.04523785,36
GQ,1971,cyclone,historical,0.2657155647777778,0.4458105,0.055082142,36
GQ,1972,cyclone,historical,0.2773289806388889,0.4069139,0.057981968,36
GQ,1973,cyclone,historical,0.30633742047222223,0.49794835,0.03670259,36
GQ,1974,cyclone,historical,0.28042525175,0.42549676,0.038836874,36
GQ,1975,cyclone,historical,0.2812295888888889,0.4575015,0.06902161,36
GQ,1976,cyclone,historical,0.28709076333333333,0.45091644,0.059078597,36
GQ,1977,cyclone,historical,0.31045784499999995,0.49228513,0.055177815,36
GQ,1978,cyclone,historical,0.2889956716666667,0.44168133,0.07780042,36
GQ,1979,cyclone,historical,0.2621765555,0.416408,0.01297741,36
GQ,1980,cyclone,historical,0.2747134557222222,0.4330629,0.012873799,36
GQ,1981,cyclone,historical,0.3145716038611111,0.51810026,0.04838027,36
GQ,1982,cyclone,historical,0.24881877055555554,0.41550398,0.020938925,36
GQ,1983,cyclone,historical,0.24500735497222223,0.3750955,0.030197445,36
GQ,1984,cyclone,historical,0.3008501567222222,0.4582286,0.03883286,36
GQ,1985,cyclone,historical,0.31743557744444445,0.47373807,0.04507345,36
GQ,1986,cyclone,historical,0.27352229166666664,0.4422107,0.07664393,36
GQ,1987,cyclone,historical,0.28752921305555557,0.42711207,0.05274369,36
GQ,1988,cyclone,historical,0.3084025383333333,0.47487223,0.031192686,36
GQ,1989,cyclone,historical,0.30118368166666665,0.47989738,0.03278123,36
GQ,1990,cyclone,historical,0.3034301863888889,0.43670228,0.07660006,36
GQ,1991,cyclone,historical,0.27684104330555553,0.4212643,0.067885384,36
GQ,1992,cyclone,historical,0.27213725941666667,0.43048608,0.05769811,36
GQ,1993,cyclone,historical,0.30019250113888885,0.4847824,0.03714423,36
GQ,1994,cyclone,historical,0.3253734016666667,0.508414,0.05464059,36
GQ,1995,cyclone,historical,0.28732872833333334,0.47464168,0.05205717,36
GQ,1996,cyclone,historical,0.2784370106944445,0.40058878,0.04289512,36
GQ,1997,cyclone,historical,0.3307852143055556,0.50134087,0.06325372,36
GQ,1998,cyclone,historical,0.31600164416666665,0.48625633,0.04288432,36
GQ,1999,cyclone,historical,0.2739556112777778,0.4276768,0.06912654,36
GQ,2000,cyclone,historical,0.2982209301388889,0.4510146,0.08697353,36
GQ,2001,cyclone,historical,0.32624011416666665,0.4914803,0.08109344,36
GQ,2002,cyclone,historical,0.34292076927777776,0.51711744,0.051862214,36
GQ,2003,cyclone,historical,0.28219344011111114,0.50763166,0.027701661,36
GQ,2004,cyclone,historical,0.2860923234166666,0.45771828,0.044232123,36
GQ,2005,cyclone,historical,0.2944421838888889,0.43979493,0.05968582,36
GQ,2006,cyclone,historical,0.3553872975,0.53241086,0.06266004,36
GQ,2007,cyclone,historical,0.3306465972222222,0.4867699,0.046935856,36
GQ,2008,cyclone,historical,0.3396368663888889,0.49003035,0.07776373,36
GQ,2009,cyclone,historical,0.33982716916666666,0.4941764,0.07055801,36
GQ,2010,cyclone,historical,0.3313967848611111,0.5382239,0.026230173,36
GQ,2011,cyclone,historical,0.3286658663888889,0.49154767,0.06663896,36
GQ,2012,cyclone,historical,0.31878138483333335,0.48772597,0.10559294,36
GQ,2013,cyclone,historical,0.3042566265,0.4476269,0.05332467,36
GQ,2014,cyclone,historical,0.35797571225,0.5115276,0.080836356,36
GR,1850,cyclone,historical,0.008377045953055556,0.07798548,0.0,36
GR,1851,cyclone,historical,0.012404957536111112,0.07432646,0.0,36
GR,1852,cyclone,historical,0.010074043187222222,0.073390976,0.0,36
GR,1853,cyclone,historical,0.0073578321515,0.058996424,0.0,36
GR,1854,cyclone,historical,0.008999886065555554,0.06493892,0.0,36
GR,1855,cyclone,historical,0.008500714194444444,0.05438707,0.0,36
GR,1856,cyclone,historical,0.007607412330555555,0.06513855,0.0,36
GR,1857,cyclone,historical,0.009143150769444445,0.05354019,0.0,36
GR,1858,cyclone,historical,0.012356062655555555,0.07020524,0.0,36
GR,1859,cyclone,historical,0.010325007966666667,0.076836035,0.0,36
GR,1860,cyclone,historical,0.014241178516777777,0.072224796,0.0,36
GR,1861,cyclone,historical,0.011865253016666667,0.07318592,0.0,36
GR,1862,cyclone,historical,0.007836936019444444,0.042483997,0.0,36
GR,1863,cyclone,historical,0.009426020466666666,0.06293071,0.0,36
GR,1864,cyclone,historical,0.013590271819444444,0.08317509,0.0,36
GR,1865,cyclone,historical,0.01607587742875,0.096816495,0.0,36
GR,1866,cyclone,historical,0.007106664369444444,0.06030065,0.0,36
GR,1867,cyclone,historical,0.010962531833333334,0.07499496,0.0,36
GR,1868,cyclone,historical,0.0036805094016666667,0.037491582,0.0,36
GR,1869,cyclone,historical,0.015502342777777777,0.08127035,0.0,36
GR,1870,cyclone,historical,0.0136949419,0.060023487,0.0,36
GR,1871,cyclone,historical,0.005545476640555556,0.057068452,0.0,36
GR,1872,cyclone,historical,0.008635373286388888,0.059166342,0.0,36
GR,1873,cyclone,historical,0.010009545125,0.060186382,0.0,36
GR,1874,cyclone,historical,0.01083035828888889,0.0752995,0.0,36
GR,1875,cyclone,historical,0.0084728275025,0.0760783,0.0,36
GR,1876,cyclone,historical,0.009771456657222222,0.072923906,0.0,36
GR,1877,cyclone,historical,0.016134326608333333,0.08518446,0.0,36
GR,1878,cyclone,historical,0.008061928226944444,0.062456887,0.0,36
GR,1879,cyclone,historical,0.00922723562888889,0.06207464,0.0,36
GR,1880,cyclone,historical,0.005323671298611111,0.0543506,0.0,36
GR,1881,cyclone,historical,0.009521734883333334,0.07688548,0.0,36
GR,1882,cyclone,historical,0.005002510141666667,0.056362584,0.0,36
GR,1883,cyclone,historical,0.007563081661833334,0.06690632,0.0,36
GR,1884,cyclone,historical,0.011825047305555555,0.07060802,0.0,36
GR,1885,cyclone,historical,0.005490558681666667,0.052889336,0.0,36
GR,1886,cyclone,historical,0.007480307178333334,0.051877487,0.0,36
GR,1887,cyclone,historical,0.010680837245361112,0.087451905,0.0,36
GR,1888,cyclone,historical,0.010560975998888888,0.09260667,0.0,36
GR,1889,cyclone,historical,0.0059168684641666665,0.039630804,0.0,36
GR,1890,cyclone,historical,0.008530256852777777,0.055094287,0.0,36
GR,1891,cyclone,historical,0.008880657941666667,0.056202304,0.0,36
GR,1892,cyclone,historical,0.007288611752027778,0.06695224,0.0,36
GR,1893,cyclone,historical,0.008471549381111112,0.06487705,0.0,36
GR,1894,cyclone,historical,0.010221545716666667,0.0634564,0.0,36
GR,1895,cyclone,historical,0.014131309369444444,0.07218112,0.0,36
GR,1896,cyclone,historical,0.006920559556111112,0.07647379,0.0,36
GR,1897,cyclone,historical,0.011305930286111111,0.08292197,0.0,36
GR,1898,cyclone,historical,0.009000950472222222,0.05028233,0.0,36
GR,1899,cyclone,historical,0.0033367518683333334,0.036609586,0.0,36
GR,1900,cyclone,historical,0.010634053195555555,0.07527222,0.0,36
GR,1901,cyclone,historical,0.011106546086111111,0.06957736,0.0,36
GR,1902,cyclone,historical,0.010695792202777778,0.06555915,0.0,36
GR,1903,cyclone,historical,0.005192967213527778,0.049022406,0.0,36
GR,1904,cyclone,historical,0.012566472615555555,0.05310581,0.0,36
GR,1905,cyclone,historical,0.011940028222222222,0.0810591,0.0,36
GR,1906,cyclone,historical,0.007509717134166667,0.050159145,0.0,36
GR,1907,cyclone,historical,0.011473400837777778,0.08698376,0.0,36
GR,1908,cyclone,historical,0.005209768169444445,0.07351713,0.0,36
GR,1909,cyclone,historical,0.0094006701875,0.05948898,0.0,36
GR,1910,cyclone,historical,0.0087450038,0.06428869,0.0,36
GR,1911,cyclone,historical,0.0079445010075,0.052018777,0.0,36
GR,1912,cyclone,historical,0.003977700810277778,0.053300574,0.0,36
GR,1913,cyclone,historical,0.008505706741944445,0.05694878,0.0,36
GR,1914,cyclone,historical,0.0069412201,0.053943235,0.0,36
GR,1915,cyclone,historical,0.013918218411111112,0.09554154,0.0,36
GR,1916,cyclone,historical,0.010643518041666668,0.07132901,0.0,36
GR,1917,cyclone,historical,0.0054261570461111115,0.06347774,0.0,36
GR,1918,cyclone,historical,0.007934525761111111,0.0689048,0.0,36
GR,1919,cyclone,historical,0.010774592301666667,0.0681576,0.0,36
GR,1920,cyclone,historical,0.01679881556388889,0.09647405,0.0,36
GR,1921,cyclone,historical,0.006117903371944445,0.05073562,0.0,36
GR,1922,cyclone,historical,0.007287251152777777,0.055699125,0.0,36
GR,1923,cyclone,historical,0.008432309744444444,0.057972066,0.0,36
GR,1924,cyclone,historical,0.010750437522222222,0.068217576,0.0,36
GR,1925,cyclone,historical,0.00826947395,0.06448292,0.0,36
GR,1926,cyclone,historical,0.0049183825155555555,0.053210348,0.0,36
GR,1927,cyclone,historical,0.006954014133333333,0.06316735,0.0,36
GR,1928,cyclone,historical,0.007502046833333333,0.0618326,0.0,36
GR,1929,cyclone,historical,0.0059007428388888885,0.041163296,0.0,36
GR,1930,cyclone,historical,0.007087126727777778,0.060827687,0.0,36
GR,1931,cyclone,historical,0.007964764336111112,0.066413864,0.0,36
GR,1932,cyclone,historical,0.00867512563611111,0.060115337,0.0,36
GR,1933,cyclone,historical,0.009798847719444444,0.07101376,0.0,36
GR,1934,cyclone,historical,0.008112798430555556,0.06149574,0.0,36
GR,1935,cyclone,historical,0.006268281347222222,0.04608655,0.0,36
GR,1936,cyclone,historical,0.007622959563888889,0.06400801,0.0,36
GR,1937,cyclone,historical,0.007762215619444445,0.05866956,0.0,36
GR,1938,cyclone,historical,0.007028545602777779,0.050528154,0.0,36
GR,1939,cyclone,historical,0.007246758583444444,0.053434566,0.0,36
GR,1940,cyclone,historical,0.011308301354444444,0.095303185,0.0,36
GR,1941,cyclone,historical,0.010499696877777777,0.07108373,0.0,36
GR,1942,cyclone,historical,0.007533231459444444,0.058342423,0.0,36
GR,1943,cyclone,historical,0.008343294005555555,0.068244316,0.0,36
GR,1944,cyclone,historical,0.007555282720555556,0.047899175,0.0,36
GR,1945,cyclone,historical,0.014718490655555555,0.06090495,0.0,36
GR,1946,cyclone,historical,0.0043538506483333335,0.05364068,0.0,36
GR,1947,cyclone,historical,0.010266636202777778,0.06872732,0.0,36
GR,1948,cyclone,historical,0.012299733872222223,0.06851229,0.0,36
GR,1949,cyclone,historical,0.012037205129444443,0.0731827,0.0,36
GR,1950,cyclone,historical,0.010685871800277778,0.07101971,0.0,36
GR,1951,cyclone,historical,0.005653966441666667,0.06143593,0.0,36
GR,1952,cyclone,historical,0.009227033758333333,0.059208214,0.0,36
GR,1953,cyclone,historical,0.01229262061111111,0.07414052,0.0,36
GR,1954,cyclone,historical,0.010462010746666667,0.0745288,0.0,36
GR,1955,cyclone,historical,0.009062900226111111,0.06621477,0.0,36
GR,1956,cyclone,historical,0.0048376912999999995,0.05929736,0.0,36
GR,1957,cyclone,historical,0.006163266385555556,0.058069043,0.0,36
GR,1958,cyclone,historical,0.010630538361111112,0.07493238,0.0,36
GR,1959,cyclone,historical,0.011477403141666667,0.08648077,0.0,36
GR,1960,cyclone,historical,0.006016086166666667,0.051811844,0.0,36
GR,1961,cyclone,historical,0.017723906651944444,0.07603212,0.0,36
GR,1962,cyclone,historical,0.010768861857777777,0.065151244,0.0,36
GR,1963,cyclone,historical,0.009248670176388888,0.09639373,0.0,36
GR,1964,cyclone,historical,0.006183001388888889,0.06475576,0.0,36
GR,1965,cyclone,historical,0.00741471095611111,0.06833184,0.0,36
GR,1966,cyclone,historical,0.007424451238888889,0.04246806,0.0,36
GR,1967,cyclone,historical,0.006326922241666667,0.040574662,0.0,36
GR,1968,cyclone,historical,0.008711631986111112,0.07711563,0.0,36
GR,1969,cyclone,historical,0.004909597773888889,0.042353787,0.0,36
GR,1970,cyclone,historical,0.006861589525555555,0.06505507,0.0,36
GR,1971,cyclone,historical,0.006483491988888889,0.053768724,0.0,36
GR,1972,cyclone,historical,0.005657981575,0.055701017,0.0,36
GR,1973,cyclone,historical,0.00990968448611111,0.057110865,0.0,36
GR,1974,cyclone,historical,0.007707470252777777,0.04509812,0.0,36
GR,1975,cyclone,historical,0.008748197994444444,0.06853336,0.0,36
GR,1976,cyclone,historical,0.006772424122222222,0.055444658,0.0,36
GR,1977,cyclone,historical,0.005612956013888889,0.04414669,0.0,36
GR,1978,cyclone,historical,0.005571767433333334,0.052673314,0.0,36
GR,1979,cyclone,historical,0.004302198680972222,0.05330328,0.0,36
GR,1980,cyclone,historical,0.005563115906111111,0.043823883,0.0,36
GR,1981,cyclone,historical,0.006065474018888888,0.044233948,0.0,36
GR,1982,cyclone,historical,0.007922822513055556,0.058802467,0.0,36
GR,1983,cyclone,historical,0.013350834469444444,0.0757826,0.0,36
GR,1984,cyclone,historical,0.005262324842777778,0.038478665,0.0,36
GR,1985,cyclone,historical,0.014636939320555554,0.09568597,0.0,36
GR,1986,cyclone,historical,0.0052936158305555555,0.056549247,0.0,36
GR,1987,cyclone,historical,0.007416044391666666,0.060142078,0.0,36
GR,1988,cyclone,historical,0.0074646241333333335,0.047229234,0.0,36
GR,1989,cyclone,historical,0.0063613322291666665,0.062061943,0.0,36
GR,1990,cyclone,historical,0.008429135354722221,0.059834123,0.0,36
GR,1991,cyclone,historical,0.006505162911111111,0.060505956,0.0,36
GR,1992,cyclone,historical,0.011572164666666667,0.065078035,0.0,36
GR,1993,cyclone,historical,0.004342399063888888,0.0462019,0.0,36
GR,1994,cyclone,historical,0.00841893033111111,0.06732099,0.0,36
GR,1995,cyclone,historical,0.009981100911111112,0.07631008,0.0,36
GR,1996,cyclone,historical,0.010024578400555557,0.06244176,0.0,36
GR,1997,cyclone,historical,0.012157436673611112,0.09916067,0.0,36
GR,1998,cyclone,historical,0.010950495965833333,0.06442808,0.0,36
GR,1999,cyclone,historical,0.01041996355277778,0.06771106,0.0,36
GR,2000,cyclone,historical,0.011612016177777778,0.066655904,0.0,36
GR,2001,cyclone,historical,0.006421403997222222,0.045458212,0.0,36
GR,2002,cyclone,historical,0.012823440756666667,0.071659215,0.0,36
GR,2003,cyclone,historical,0.00989695928611111,0.07350606,0.0,36
GR,2004,cyclone,historical,0.010785460533333333,0.08082921,0.0,36
GR,2005,cyclone,historical,0.007632682102777778,0.052432895,0.0,36
GR,2006,cyclone,historical,0.008996654933333332,0.07467522,0.0,36
GR,2007,cyclone,historical,0.008726881967555555,0.070234686,0.0,36
GR,2008,cyclone,historical,0.010464575291666667,0.067474425,0.0,36
GR,2009,cyclone,historical,0.013170193506944445,0.07878563,0.0,36
GR,2010,cyclone,historical,0.007840718116388888,0.054198783,0.0,36
GR,2011,cyclone,historical,0.006362947911111111,0.07163508,0.0,36
GR,2012,cyclone,historical,0.013250727885833334,0.08163777,0.0,36
GR,2013,cyclone,historical,0.012328362491666668,0.11843637,0.0,36
GR,2014,cyclone,historical,0.01193853625,0.073796995,0.0,36
GU,1850,cyclone,historical,0.211562314,0.33874786,0.08127801,24
GU,1851,cyclone,historical,0.20394259233333334,0.32160664,0.10688543,24
GU,1852,cyclone,historical,0.18841673195833333,0.3226828,0.057732,24
GU,1853,cyclone,historical,0.20412185775,0.3308445,0.06569802,24
GU,1854,cyclone,historical,0.22084027566666667,0.29546553,0.115970016,24
GU,1855,cyclone,historical,0.20849349583333332,0.31627733,0.12920892,24
GU,1856,cyclone,historical,0.179349329375,0.35111475,0.08251161,24
GU,1857,cyclone,historical,0.18332754358333334,0.3001281,0.019145578,24
GU,1858,cyclone,historical,0.20363017104166667,0.3095087,0.095726535,24
GU,1859,cyclone,historical,0.21239999166666668,0.31969124,0.08431485,24
GU,1860,cyclone,historical,0.219689135,0.29496717,0.10741423,24
GU,1861,cyclone,historical,0.16182790920833331,0.25576967,0.049163923,24
GU,1862,cyclone,historical,0.18225997262500002,0.3160364,0.042459086,24
GU,1863,cyclone,historical,0.22211326916666665,0.32680187,0.065194234,24
GU,1864,cyclone,historical,0.23958075583333335,0.3118556,0.16736113,24
GU,1865,cyclone,historical,0.22887990291666668,0.32171506,0.11881896,24
GU,1866,cyclone,historical,0.2034012254166667,0.315573,0.06650934,24
GU,1867,cyclone,historical,0.17280541158333332,0.30833706,0.048191078,24
GU,1868,cyclone,historical,0.23901867291666667,0.35241508,0.06068161,24
GU,1869,cyclone,historical,0.24574592333333334,0.31734368,0.18068467,24
GU,1870,cyclone,historical,0.20325442470833333,0.28667343,0.119352944,24
GU,1871,cyclone,historical,0.16291346545833332,0.3568413,0.02428005,24
GU,1872,cyclone,historical,0.2165038714166667,0.33698142,0.06491056,24
GU,1873,cyclone,historical,0.23053682333333333,0.2918431,0.14346072,24
GU,1874,cyclone,historical,0.23246751125,0.29977936,0.14191374,24
GU,1875,cyclone,historical,0.1710807708333333,0.2984161,0.08614343,24
GU,1876,cyclone,historical,0.201572450875,0.35306564,0.03105371,24
GU,1877,cyclone,historical,0.23271567875,0.28653032,0.1545738,24
GU,1878,cyclone,historical,0.22549992541666666,0.28098583,0.1488986,24
GU,1879,cyclone,historical,0.19701158483333334,0.32143462,0.09406595,24
GU,1880,cyclone,historical,0.17574028545833334,0.32071483,0.030235048,24
GU,1881,cyclone,historical,0.23098809791666666,0.34831226,0.12244375,24
GU,1882,cyclone,historical,0.23514051625,0.30248636,0.12734488,24
GU,1883,cyclone,historical,0.21654642541666666,0.27831477,0.15082616,24
GU,1884,cyclone,historical,0.19501949983333333,0.3181131,0.0970394,24
GU,1885,cyclone,historical,0.16693667204166665,0.32650036,0.03158295,24
GU,1886,cyclone,historical,0.20070573808333333,0.32795006,0.036811493,24
GU,1887,cyclone,historical,0.23382447083333333,0.3084314,0.133201,24
GU,1888,cyclone,historical,0.2219815025,0.2794613,0.13289982,24
GU,1889,cyclone,historical,0.18125728183333334,0.29649538,0.10047254,24
GU,1890,cyclone,historical,0.17302831020833334,0.31239116,0.052814253,24
GU,1891,cyclone,historical,0.19945241658333335,0.3373204,0.04662914,24
GU,1892,cyclone,historical,0.20661943204166666,0.33990544,0.0610138,24
GU,1893,cyclone,historical,0.22691486458333332,0.31281877,0.12273876,24
GU,1894,cyclone,historical,0.19768651666666667,0.2803356,0.08961341,24
GU,1895,cyclone,historical,0.177090809875,0.32905835,0.02659999,24
GU,1896,cyclone,historical,0.2228657899583333,0.3226608,0.1084169,24
GU,1897,cyclone,historical,0.24021699416666667,0.36636952,0.12759903,24
GU,1898,cyclone,historical,0.18333400416666668,0.30655667,0.08423053,24
GU,1899,cyclone,historical,0.171912125625,0.34023932,0.045600545,24
GU,1900,cyclone,historical,0.21066738016666667,0.3249531,0.066691324,24
GU,1901,cyclone,historical,0.20979624708333333,0.3271352,0.11678697,24
GU,1902,cyclone,historical,0.193351546,0.33595118,0.06666577,24
GU,1903,cyclone,historical,0.20387975233333333,0.3232583,0.08293213,24
GU,1904,cyclone,historical,0.20939423916666666,0.2903676,0.10833387,24
GU,1905,cyclone,historical,0.20436964291666668,0.30271643,0.11825054,24
GU,1906,cyclone,historical,0.19582009379166665,0.29744387,0.07121692,24
GU,1907,cyclone,historical,0.23599488916666667,0.31777924,0.11425546,24
GU,1908,cyclone,historical,0.1970331829166667,0.30362767,0.11433165,24
GU,1909,cyclone,historical,0.19355418312500003,0.32962394,0.064468645,24
GU,1910,cyclone,historical,0.22061570916666665,0.29010373,0.09717151,24
GU,1911,cyclone,historical,0.23400172958333335,0.33133993,0.15701386,24
GU,1912,cyclone,historical,0.21458019266666664,0.34196156,0.100553654,24
GU,1913,cyclone,historical,0.20960307808333334,0.3187975,0.0919678,24
GU,1914,cyclone,historical,0.22546797208333333,0.36787623,0.09947921,24
GU,1915,cyclone,historical,0.24506214875,0.3394158,0.1161485,24
GU,1916,cyclone,historical,0.22140217375000001,0.31477448,0.12202419,24
GU,1917,cyclone,historical,0.19329734645833332,0.29039007,0.07314105,24
GU,1918,cyclone,historical,0.18905422975,0.34577447,0.06916024,24
GU,1919,cyclone,historical,0.22288080883333336,0.35148838,0.079477906,24
GU,1920,cyclone,historical,0.23901481791666668,0.35903022,0.10201253,24
GU,1921,cyclone,historical,0.2543422370833333,0.32770613,0.15382129,24
GU,1922,cyclone,historical,0.20839103770833334,0.32206547,0.100729935,24
GU,1923,cyclone,historical,0.20433363245833333,0.35278773,0.051991895,24
GU,1924,cyclone,historical,0.26877560333333333,0.34035373,0.16200581,24
GU,1925,cyclone,historical,0.22241099416666665,0.3153851,0.13559785,24
GU,1926,cyclone,historical,0.1899255439166667,0.28506494,0.08878519,24
GU,1927,cyclone,historical,0.21966809791666667,0.34970474,0.08109318,24
GU,1928,cyclone,historical,0.24600513833333335,0.35527635,0.14339077,24
GU,1929,cyclone,historical,0.1993902975,0.26992062,0.12165019,24
GU,1930,cyclone,historical,0.18250291358333334,0.31006098,0.04035917,24
GU,1931,cyclone,historical,0.186349680125,0.3236376,0.04696087,24
GU,1932,cyclone,historical,0.23189572541666667,0.34296882,0.0800851,24
GU,1933,cyclone,historical,0.23943186583333334,0.32254216,0.15404326,24
GU,1934,cyclone,historical,0.21999194958333335,0.30155712,0.12737311,24
GU,1935,cyclone,historical,0.18056772658333334,0.33504987,0.051975485,24
GU,1936,cyclone,historical,0.24212946433333335,0.33734968,0.09774837,24
GU,1937,cyclone,historical,0.23472954958333334,0.3202641,0.1482384,24
GU,1938,cyclone,historical,0.17172722266666665,0.31316742,0.06499848,24
GU,1939,cyclone,historical,0.22259543875,0.35357535,0.07912391,24
GU,1940,cyclone,historical,0.24998798916666667,0.32425982,0.15395063,24
GU,1941,cyclone,historical,0.24017397541666666,0.3488568,0.15672708,24
GU,1942,cyclone,historical,0.204244461875,0.31444728,0.07008861,24
GU,1943,cyclone,historical,0.19558115758333336,0.3036416,0.085525446,24
GU,1944,cyclone,historical,0.211077595375,0.33626828,0.06870727,24
GU,1945,cyclone,historical,0.22795820874999997,0.33742452,0.11544404,24
GU,1946,cyclone,historical,0.18426725229166666,0.30507034,0.07922466,24
GU,1947,cyclone,historical,0.2173545332083333,0.35657752,0.051678922,24
GU,1948,cyclone,historical,0.23881376041666666,0.31554982,0.11898869,24
GU,1949,cyclone,historical,0.24720486583333334,0.33157355,0.15332003,24
GU,1950,cyclone,historical,0.22523729958333336,0.2992681,0.1363259,24
GU,1951,cyclone,historical,0.20496475358333333,0.34391755,0.076819524,24
GU,1952,cyclone,historical,0.25939966291666666,0.37854236,0.10356815,24
GU,1953,cyclone,historical,0.26075881208333335,0.3294393,0.19941404,24
GU,1954,cyclone,historical,0.22706032166666668,0.3342927,0.1398322,24
GU,1955,cyclone,historical,0.22348029954166668,0.3545698,0.096394904,24
GU,1956,cyclone,historical,0.23427561266666666,0.35753047,0.09753361,24
GU,1957,cyclone,historical,0.23653883583333332,0.32754982,0.11893136,24
GU,1958,cyclone,historical,0.2370646091666667,0.3369376,0.14126956,24
GU,1959,cyclone,historical,0.20039854620833333,0.31697413,0.060124233,24
GU,1960,cyclone,historical,0.2067170585,0.33110866,0.08145411,24
GU,1961,cyclone,historical,0.2382865175,0.36598802,0.0775955,24
GU,1962,cyclone,historical,0.25213635625,0.31974614,0.1824744,24
GU,1963,cyclone,historical,0.22750613666666666,0.30770522,0.16222641,24
GU,1964,cyclone,historical,0.152951031125,0.27061307,0.034391582,24
GU,1965,cyclone,historical,0.207700197375,0.32354587,0.054294653,24
GU,1966,cyclone,historical,0.23568428791666665,0.29494867,0.14117782,24
GU,1967,cyclone,historical,0.21595077875,0.3112676,0.10565917,24
GU,1968,cyclone,historical,0.18745420324999998,0.32308877,0.054060712,24
GU,1969,cyclone,historical,0.22865740691666667,0.39114213,0.08507744,24
GU,1970,cyclone,historical,0.218819696875,0.3289194,0.096501365,24
GU,1971,cyclone,historical,0.22238716833333336,0.2938128,0.13755882,24
GU,1972,cyclone,historical,0.181407732875,0.328646,0.0540718,24
GU,1973,cyclone,historical,0.22163555050000003,0.34482887,0.075164855,24
GU,1974,cyclone,historical,0.24698915833333335,0.35224578,0.13568617,24
GU,1975,cyclone,historical,0.22236734729166666,0.32704383,0.110803455,24
GU,1976,cyclone,historical,0.20548444208333336,0.30445978,0.11789994,24
GU,1977,cyclone,historical,0.21921433208333332,0.36635214,0.06327067,24
GU,1978,cyclone,historical,0.2356530385,0.3587506,0.108100854,24
GU,1979,cyclone,historical,0.20033660725,0.31054264,0.08588722,24
GU,1980,cyclone,historical,0.18313819795833333,0.33163482,0.058557972,24
GU,1981,cyclone,historical,0.21873428116666668,0.33368653,0.093208894,24
GU,1982,cyclone,historical,0.23950097791666666,0.32836133,0.14426619,24
GU,1983,cyclone,historical,0.2216959325,0.3017614,0.119582,24
GU,1984,cyclone,historical,0.17274252904166668,0.32459778,0.044053953,24
GU,1985,cyclone,historical,0.22862284170833333,0.3595415,0.09074028,24
GU,1986,cyclone,historical,0.23481976916666666,0.32457256,0.15118864,24
GU,1987,cyclone,historical,0.19928547020833332,0.32125258,0.10623134,24
GU,1988,cyclone,historical,0.220064886625,0.3868296,0.06818624,24
GU,1989,cyclone,historical,0.23664079983333333,0.3427715,0.112581186,24
GU,1990,cyclone,historical,0.23610824125,0.31392547,0.13091919,24
GU,1991,cyclone,historical,0.22178918766666667,0.3453041,0.09942496,24
GU,1992,cyclone,historical,0.20698997958333332,0.31208652,0.11337353,24
GU,1993,cyclone,historical,0.19830805095833334,0.32037866,0.03933521,24
GU,1994,cyclone,historical,0.24503798791666667,0.37219882,0.08168514,24
GU,1995,cyclone,historical,0.24306991625,0.31761995,0.13655086,24
GU,1996,cyclone,historical,0.21576077875,0.33837956,0.13357183,24
GU,1997,cyclone,historical,0.21812525858333331,0.41775185,0.07269212,24
GU,1998,cyclone,historical,0.26003848333333335,0.3644168,0.13620003,24
GU,1999,cyclone,historical,0.2634107279166667,0.3278284,0.2160916,24
GU,2000,cyclone,historical,0.24862150625,0.35166612,0.16458246,24
GU,2001,cyclone,historical,0.234775987125,0.37402314,0.10329887,24
GU,2002,cyclone,historical,0.24695875145833332,0.39297706,0.09612472,24
GU,2003,cyclone,historical,0.26278680958333334,0.3427797,0.16106603,24
GU,2004,cyclone,historical,0.24721075375,0.35280234,0.14767186,24
GU,2005,cyclone,historical,0.21865157229166665,0.32824033,0.12445606,24
GU,2006,cyclone,historical,0.23701895541666665,0.385938,0.09130468,24
GU,2007,cyclone,historical,0.24376692375,0.36594325,0.14943384,24
GU,2008,cyclone,historical,0.25439132625,0.36717108,0.13041937,24
GU,2009,cyclone,historical,0.2400931441666667,0.34898078,0.14920263,24
GU,2010,cyclone,historical,0.2563953895,0.38170037,0.090735584,24
GU,2011,cyclone,historical,0.2850184125,0.3945228,0.15784703,24
GU,2012,cyclone,historical,0.2706244566666667,0.3637117,0.18183354,24
GU,2013,cyclone,historical,0.19670577083333332,0.29844767,0.09243685,24
GU,2014,cyclone,historical,0.22583813125,0.36973247,0.06901028,24
ID,1850,cyclone,historical,0.27060901669144144,0.4678865,0.033664163,444
ID,1851,cyclone,historical,0.27232778519594597,0.4369941,0.026161743,444
ID,1852,cyclone,historical,0.2600439191936937,0.44444948,0.008298896,444
ID,1853,cyclone,historical,0.26657924669594596,0.43263537,0.019127775,444
ID,1854,cyclone,historical,0.2955577270292793,0.4234703,0.10016096,444
ID,1855,cyclone,historical,0.2464762132725225,0.42644364,0.013559187,444
ID,1856,cyclone,historical,0.2555778876108108,0.45496505,0.0018024679,444
ID,1857,cyclone,historical,0.2921715708671171,0.46675462,0.07293263,444
ID,1858,cyclone,historical,0.2679753216734234,0.43891212,0.026564494,444
ID,1859,cyclone,historical,0.2937729608378378,0.45893204,0.087457195,444
ID,1860,cyclone,historical,0.2675751456936937,0.41706184,0.059666887,444
ID,1861,cyclone,historical,0.24778369334234232,0.39642322,0.024949906,444
ID,1862,cyclone,historical,0.27041222120045044,0.44027779,0.04373403,444
ID,1863,cyclone,historical,0.28998471493693695,0.4534479,0.041497283,444
ID,1864,cyclone,historical,0.2750611324707207,0.40629745,0.06635542,444
ID,1865,cyclone,historical,0.2684369575518018,0.43019545,0.055999737,444
ID,1866,cyclone,historical,0.2500884905738739,0.43796325,0.0039021373,444
ID,1867,cyclone,historical,0.2569459652268018,0.44070566,0.0070138657,444
ID,1868,cyclone,historical,0.2982905608648649,0.46561056,0.08218068,444
ID,1869,cyclone,historical,0.2815181657297297,0.41110778,0.07464263,444
ID,1870,cyclone,historical,0.24818403785112614,0.44418734,0.0029078368,444
ID,1871,cyclone,historical,0.264278122972973,0.446561,0.01384021,444
ID,1872,cyclone,historical,0.28973355672522527,0.4719255,0.021585874,444
ID,1873,cyclone,historical,0.3149830068243243,0.46003866,0.11361593,444
ID,1874,cyclone,historical,0.27693465027477476,0.4075192,0.064982176,444
ID,1875,cyclone,historical,0.22905188950923425,0.41237766,0.0,444
ID,1876,cyclone,historical,0.2782429032612612,0.4540969,0.034721106,444
ID,1877,cyclone,historical,0.29102740669369365,0.4418761,0.07522148,444
ID,1878,cyclone,historical,0.26153181255855856,0.40378532,0.0269392,444
ID,1879,cyclone,historical,0.24181341299324327,0.40924984,0.009750374,444
ID,1880,cyclone,historical,0.2767870843355856,0.45602602,0.025689814,444
ID,1881,cyclone,historical,0.28568237106081085,0.44946325,0.039102286,444
ID,1882,cyclone,historical,0.289925350777027,0.4019246,0.08101115,444
ID,1883,cyclone,historical,0.25100548127252253,0.4048373,0.027423827,444
ID,1884,cyclone,historical,0.2265208029668919,0.4053868,0.0027440577,444
ID,1885,cyclone,historical,0.2501943642364865,0.42534232,0.007162297,444
ID,1886,cyclone,historical,0.2732227788761261,0.4533627,0.01366686,444
ID,1887,cyclone,historical,0.28161450835360363,0.42822933,0.06955597,444
ID,1888,cyclone,historical,0.2634190456373874,0.42589432,0.038568813,444
ID,1889,cyclone,historical,0.2399691615731982,0.40756622,0.0025827852,444
ID,1890,cyclone,historical,0.2589690094211712,0.44905227,0.021641646,444
ID,1891,cyclone,historical,0.2622078663626126,0.47086242,0.012460308,444
ID,1892,cyclone,historical,0.2997725598243243,0.46889704,0.07559717,444
ID,1893,cyclone,historical,0.2722977133918919,0.42430335,0.071798384,444
ID,1894,cyclone,historical,0.23704837528265765,0.42340577,0.009703288,444
ID,1895,cyclone,historical,0.2854302795495495,0.47906792,0.07864529,444
ID,1896,cyclone,historical,0.2956573523626126,0.46096575,0.070637636,444
ID,1897,cyclone,historical,0.26560690995945946,0.42525196,0.064444534,444
ID,1898,cyclone,historical,0.2472755341756757,0.44173387,0.011751907,444
ID,1899,cyclone,historical,0.2739038512094594,0.4693858,0.019875873,444
ID,1900,cyclone,historical,0.2781964476509009,0.46204516,0.01715786,444
ID,1901,cyclone,historical,0.26800608601126125,0.4332831,0.013259891,444
ID,1902,cyclone,historical,0.27851471121171173,0.45232132,0.024231073,444
ID,1903,cyclone,historical,0.28300491252027027,0.4598967,0.03576694,444
ID,1904,cyclone,historical,0.24973502363063063,0.39476407,0.016219253,444
ID,1905,cyclone,historical,0.2320302908738739,0.4321553,0.012147526,444
ID,1906,cyclone,historical,0.25578132665,0.45059246,0.0005230461,444
ID,1907,cyclone,historical,0.28152701246846845,0.425619,0.0611431,444
ID,1908,cyclone,historical,0.2416251118918919,0.42982155,0.008513858,444
ID,1909,cyclone,historical,0.2759420161081081,0.47421885,0.03458274,444
ID,1910,cyclone,historical,0.27852191,0.45371222,0.030204233,444
ID,1911,cyclone,historical,0.26894969002927926,0.44930542,0.024079813,444
ID,1912,cyclone,historical,0.2773152913896397,0.4414204,0.015406317,444
ID,1913,cyclone,historical,0.27015727113513516,0.45454195,0.014762836,444
ID,1914,cyclone,historical,0.279450179222973,0.44397187,0.027980901,444
ID,1915,cyclone,historical,0.2909113245608108,0.46132308,0.07411355,444
ID,1916,cyclone,historical,0.2784016485247748,0.45132756,0.05593592,444
ID,1917,cyclone,historical,0.26780113644144143,0.44477916,0.02236063,444
ID,1918,cyclone,historical,0.2518207213490991,0.45544332,0.023690373,444
ID,1919,cyclone,historical,0.2772659775247748,0.46736592,0.026126299,444
ID,1920,cyclone,historical,0.3009657281103604,0.44577944,0.07224756,444
ID,1921,cyclone,historical,0.29508505164639637,0.4475507,0.08252888,444
ID,1922,cyclone,historical,0.23267467477112613,0.4252686,0.0,444
ID,1923,cyclone,historical,0.28358346555855857,0.4753501,0.0337224,444
ID,1924,cyclone,historical,0.2898155113851351,0.44060802,0.078680485,444
ID,1925,cyclone,historical,0.2786015109436937,0.4472999,0.04492794,444
ID,1926,cyclone,historical,0.259130861481982,0.43015173,0.009593428,444
ID,1927,cyclone,historical,0.3018321018783784,0.45243478,0.0781568,444
ID,1928,cyclone,historical,0.3016665920810811,0.43445736,0.088159695,444
ID,1929,cyclone,historical,0.27735893212387386,0.45978093,0.064294934,444
ID,1930,cyclone,historical,0.28611465806531533,0.43557763,0.06605969,444
ID,1931,cyclone,historical,0.2663910101554054,0.45886207,0.03423693,444
ID,1932,cyclone,historical,0.3140254152094595,0.47929275,0.09230567,444
ID,1933,cyclone,historical,0.30502329145270274,0.45096982,0.0964226,444
ID,1934,cyclone,historical,0.2543605376936937,0.42960304,0.004547834,444
ID,1935,cyclone,historical,0.28940349525450454,0.46173012,0.050596505,444
ID,1936,cyclone,historical,0.31094092027027026,0.4430295,0.14291821,444
ID,1937,cyclone,historical,0.26860929915540543,0.42869154,0.03185832,444
ID,1938,cyclone,historical,0.2704052313648649,0.44745952,0.036103487,444
ID,1939,cyclone,historical,0.30983770231081076,0.48251244,0.0726242,444
ID,1940,cyclone,historical,0.2983388291328829,0.48566863,0.093336515,444
ID,1941,cyclone,historical,0.2820001614054054,0.44815698,0.060181588,444
ID,1942,cyclone,historical,0.27931975952702703,0.45107397,0.05254227,444
ID,1943,cyclone,historical,0.26425703163513514,0.4536212,0.013119502,444
ID,1944,cyclone,historical,0.29928399021846847,0.4545163,0.0457704,444
ID,1945,cyclone,historical,0.29929592715990994,0.46040234,0.06687489,444
ID,1946,cyclone,historical,0.28677702299549546,0.44918257,0.057365105,444
ID,1947,cyclone,historical,0.29343583808333334,0.46669644,0.031536054,444
ID,1948,cyclone,historical,0.3145614426801802,0.4861924,0.12062425,444
ID,1949,cyclone,historical,0.29167492333333334,0.40795624,0.067594565,444
ID,1950,cyclone,historical,0.2600062706171171,0.42991075,0.018749848,444
ID,1951,cyclone,historical,0.28688067641441445,0.48842177,0.01146392,444
ID,1952,cyclone,historical,0.3193402665765766,0.48709393,0.07668482,444
ID,1953,cyclone,historical,0.27659697886936935,0.4442238,0.03707661,444
ID,1954,cyclone,historical,0.2718658152274775,0.42141926,0.028073508,444
ID,1955,cyclone,historical,0.28339353266779277,0.47083998,0.0148876775,444
ID,1956,cyclone,historical,0.2791782396036036,0.45985037,0.020131893,444
ID,1957,cyclone,historical,0.32022176427027027,0.5013771,0.0788839,444
ID,1958,cyclone,historical,0.2729512583018018,0.47990942,0.013476737,444
ID,1959,cyclone,historical,0.274364257472973,0.44727045,0.025702924,444
ID,1960,cyclone,historical,0.2852725371418919,0.47347903,0.02832966,444
ID,1961,cyclone,historical,0.30488914638963965,0.53755707,0.03955597,444
ID,1962,cyclone,historical,0.31706472207207204,0.4645447,0.14688295,444
ID,1963,cyclone,historical,0.2595381279144144,0.40814805,0.053455293,444
ID,1964,cyclone,historical,0.22802817867792793,0.4198476,0.00806895,444
ID,1965,cyclone,historical,0.28695919208558557,0.44948655,0.031294517,444
ID,1966,cyclone,historical,0.2929886500450451,0.45043862,0.10799858,444
ID,1967,cyclone,historical,0.24713089682657657,0.4267908,0.010968748,444
ID,1968,cyclone,historical,0.28382565346396393,0.4728842,0.015069837,444
ID,1969,cyclone,historical,0.31342778168693697,0.48427707,0.101115644,444
ID,1970,cyclone,historical,0.30476687708333333,0.45997187,0.09326445,444
ID,1971,cyclone,historical,0.28053018848198197,0.41947615,0.070145026,444
ID,1972,cyclone,historical,0.23311209580067568,0.40922624,0.0060793255,444
ID,1973,cyclone,historical,0.27699093360135135,0.47547662,0.029449318,444
ID,1974,cyclone,historical,0.28021406312387387,0.4468674,0.029627968,444
ID,1975,cyclone,historical,0.28661833741216214,0.42463183,0.07787308,444
ID,1976,cyclone,historical,0.2578323461306306,0.41504344,0.015003981,444
ID,1977,cyclone,historical,0.30056184252477475,0.49290574,0.06006844,444
ID,1978,cyclone,historical,0.30266512954954955,0.45265168,0.084783055,444
ID,1979,cyclone,historical,0.2902343955472973,0.44682223,0.051442713,444
ID,1980,cyclone,historical,0.28526533745720717,0.4697737,0.015155505,444
ID,1981,cyclone,historical,0.28960901728153154,0.46911624,0.026941095,444
ID,1982,cyclone,historical,0.2933499278378378,0.41538775,0.106864296,444
ID,1983,cyclone,historical,0.25054571108783785,0.40927756,0.025587695,444
ID,1984,cyclone,historical,0.24867811141441443,0.45380127,0.027604243,444
ID,1985,cyclone,historical,0.2924488981058559,0.47268844,0.026105639,444
ID,1986,cyclone,historical,0.2851323835630631,0.46979666,0.052769266,444
ID,1987,cyclone,historical,0.26003787610810813,0.43344888,0.019411232,444
ID,1988,cyclone,historical,0.29707053137387385,0.45677274,0.05106213,444
ID,1989,cyclone,historical,0.2990002553558559,0.47467735,0.04195995,444
ID,1990,cyclone,historical,0.2823004098963964,0.48871872,0.035940196,444
ID,1991,cyclone,historical,0.29282301275,0.43441936,0.05955031,444
ID,1992,cyclone,historical,0.2529939696193694,0.43084195,0.020462038,444
ID,1993,cyclone,historical,0.28995974883783787,0.475301,0.059325553,444
ID,1994,cyclone,historical,0.30188977190765764,0.47137824,0.057083637,444
ID,1995,cyclone,historical,0.2992293803738739,0.47495177,0.117597476,444
ID,1996,cyclone,historical,0.25650954916824326,0.46298045,0.0053268187,444
ID,1997,cyclone,historical,0.3035775847162162,0.48561576,0.07004103,444
ID,1998,cyclone,historical,0.31776215695045046,0.4821199,0.09221038,444
ID,1999,cyclone,historical,0.28297321879504506,0.43030617,0.019390244,444
ID,2000,cyclone,historical,0.2954623379752252,0.5018854,0.07385221,444
ID,2001,cyclone,historical,0.29274707333333333,0.47745964,0.006425707,444
ID,2002,cyclone,historical,0.31859987955630625,0.50870997,0.060479224,444
ID,2003,cyclone,historical,0.32231446295045046,0.48157838,0.14090051,444
ID,2004,cyclone,historical,0.29320034762387387,0.45667428,0.085556045,444
ID,2005,cyclone,historical,0.28426654853603606,0.4902715,0.009428967,444
ID,2006,cyclone,historical,0.3035390944842342,0.49599802,0.036458775,444
ID,2007,cyclone,historical,0.30341117246621624,0.4777902,0.053004496,444
ID,2008,cyclone,historical,0.3170526692274775,0.4803441,0.08025032,444
ID,2009,cyclone,historical,0.30289600565315317,0.47105068,0.027613193,444
ID,2010,cyclone,historical,0.3349445297927928,0.49147284,0.10313219,444
ID,2011,cyclone,historical,0.33377686994144146,0.47060356,0.101974934,444
ID,2012,cyclone,historical,0.3170972693018018,0.45406154,0.10455548,444
ID,2013,cyclone,historical,0.2928695298603604,0.4525795,0.016577803,444
ID,2014,cyclone,historical,0.3115833481126126,0.5114138,0.060436603,444
IN,1850,cyclone,historical,0.2131701711638889,0.45751968,0.0,180
IN,1851,cyclone,historical,0.22931427700833334,0.51688284,0.0,180
IN,1852,cyclone,historical,0.23302912864944444,0.5026782,0.0,180
IN,1853,cyclone,historical,0.23698730165555557,0.51393443,0.0,180
IN,1854,cyclone,historical,0.23873828943333336,0.5318177,0.008867372,180
IN,1855,cyclone,historical,0.20062620381955554,0.4978989,0.0,180
IN,1856,cyclone,historical,0.23161198511555553,0.49599048,0.0,180
IN,1857,cyclone,historical,0.2399997437491111,0.49834046,3.241651e-05,180
IN,1858,cyclone,historical,0.2332277758688889,0.52712375,0.0,180
IN,1859,cyclone,historical,0.24292682248444444,0.51394147,0.0030260812,180
IN,1860,cyclone,historical,0.21454390772666668,0.52612317,0.0016602656,180
IN,1861,cyclone,historical,0.19574295390166666,0.51916385,0.0,180
IN,1862,cyclone,historical,0.22330166119088887,0.53987974,0.0,180
IN,1863,cyclone,historical,0.2520842321372222,0.50702095,0.0,180
IN,1864,cyclone,historical,0.22953883597038888,0.4624388,0.00031038807,180
IN,1865,cyclone,historical,0.21602742619999998,0.4534669,0.0,180
IN,1866,cyclone,historical,0.2150952736372222,0.53103745,0.0,180
IN,1867,cyclone,historical,0.22413319412777777,0.4765098,0.0011158116,180
IN,1868,cyclone,historical,0.24001188395,0.5192067,0.0,180
IN,1869,cyclone,historical,0.21965271794444444,0.47122636,0.0,180
IN,1870,cyclone,historical,0.20618372308333335,0.49737644,0.0,180
IN,1871,cyclone,historical,0.23966101096833334,0.49189186,0.0,180
IN,1872,cyclone,historical,0.25882518250666664,0.5559162,0.0,180
IN,1873,cyclone,historical,0.24738187162222222,0.54844874,0.008988557,180
IN,1874,cyclone,historical,0.20481444031499998,0.44110548,0.0048770467,180
IN,1875,cyclone,historical,0.20160027586905555,0.45171314,0.0,180
IN,1876,cyclone,historical,0.24578464339944442,0.5066201,0.0,180
IN,1877,cyclone,historical,0.2500597612961111,0.5440895,0.0029825186,180
IN,1878,cyclone,historical,0.21804593016111112,0.47146773,0.002005463,180
IN,1879,cyclone,historical,0.2099030422138889,0.5077392,0.0,180
IN,1880,cyclone,historical,0.23420294720416668,0.5420193,0.0,180
IN,1881,cyclone,historical,0.25547817450666666,0.5758498,0.0,180
IN,1882,cyclone,historical,0.22562408960944444,0.5019114,0.0010594368,180
IN,1883,cyclone,historical,0.18557385119,0.4981957,0.0,180
IN,1884,cyclone,historical,0.18765747111694442,0.4240209,0.0,180
IN,1885,cyclone,historical,0.21676832820555555,0.44918755,0.0,180
IN,1886,cyclone,historical,0.24906977312055553,0.4951274,0.0,180
IN,1887,cyclone,historical,0.24019649318333333,0.47204977,0.00719651,180
IN,1888,cyclone,historical,0.2085449742922222,0.5089895,0.0033567296,180
IN,1889,cyclone,historical,0.1949252512075,0.47429547,0.0,180
IN,1890,cyclone,historical,0.23288947635,0.57487524,0.0,180
IN,1891,cyclone,historical,0.2356338048711111,0.48566806,0.0,180
IN,1892,cyclone,historical,0.23948731301516668,0.506286,0.0,180
IN,1893,cyclone,historical,0.22290501397666668,0.48274598,0.0053373408,180
IN,1894,cyclone,historical,0.20185462214405553,0.4817943,0.0,180
IN,1895,cyclone,historical,0.25158736433055556,0.4891901,0.0,180
IN,1896,cyclone,historical,0.26543424833555557,0.5439372,0.0030639004,180
IN,1897,cyclone,historical,0.22007787768777776,0.547336,0.0,180
IN,1898,cyclone,historical,0.19544981125277777,0.4787692,0.0,180
IN,1899,cyclone,historical,0.224346811085,0.50582826,0.0,180
IN,1900,cyclone,historical,0.2596838012833333,0.5802585,0.0,180
IN,1901,cyclone,historical,0.2376468209972222,0.5550199,0.0,180
IN,1902,cyclone,historical,0.2480453461991111,0.5162949,0.0,180
IN,1903,cyclone,historical,0.21669992507555555,0.4897146,0.0,180
IN,1904,cyclone,historical,0.20955988794888888,0.4982337,0.0,180
IN,1905,cyclone,historical,0.19496585595855553,0.41272372,0.0,180
IN,1906,cyclone,historical,0.22376629197088888,0.4551125,0.0,180
IN,1907,cyclone,historical,0.23761269517055558,0.4820801,0.0,180
IN,1908,cyclone,historical,0.2224100596427778,0.46913874,0.0,180
IN,1909,cyclone,historical,0.22598577355166666,0.5286764,0.0,180
IN,1910,cyclone,historical,0.22796130714444446,0.49222577,0.0,180
IN,1911,cyclone,historical,0.23234411235,0.47399563,0.0,180
IN,1912,cyclone,historical,0.2386620061938889,0.53968,0.0,180
IN,1913,cyclone,historical,0.22019804144222224,0.50597304,0.0,180
IN,1914,cyclone,historical,0.23668958049833333,0.5083008,0.0,180
IN,1915,cyclone,historical,0.24148660056500001,0.5436587,0.0,180
IN,1916,cyclone,historical,0.22208756417222222,0.52352536,0.0,180
IN,1917,cyclone,historical,0.22792331316394443,0.514902,0.00017991161,180
IN,1918,cyclone,historical,0.21912480665277778,0.51332104,0.0,180
IN,1919,cyclone,historical,0.2456386862711111,0.54264665,0.0030660003,180
IN,1920,cyclone,historical,0.24518743697944442,0.53880715,0.0027290753,180
IN,1921,cyclone,historical,0.2087926477827,0.39615235,0.0,180
IN,1922,cyclone,historical,0.20006785402851668,0.46215314,0.0,180
IN,1923,cyclone,historical,0.26517949028888893,0.5055258,0.007705258,180
IN,1924,cyclone,historical,0.24147971409444446,0.44465917,0.0,180
IN,1925,cyclone,historical,0.23219762397388888,0.4564075,0.0025147106,180
IN,1926,cyclone,historical,0.23351449172055555,0.48758507,0.0,180
IN,1927,cyclone,historical,0.2559421069333333,0.50520176,0.001851615,180
IN,1928,cyclone,historical,0.24935959878583336,0.531944,0.00074364245,180
IN,1929,cyclone,historical,0.21970750450611112,0.465329,0.0,180
IN,1930,cyclone,historical,0.23148322058944446,0.5273173,0.0010402056,180
IN,1931,cyclone,historical,0.25729219690555555,0.46156916,0.0,180
IN,1932,cyclone,historical,0.2609612879727778,0.57287985,0.0030165121,180
IN,1933,cyclone,historical,0.2434259433388889,0.49530375,0.0,180
IN,1934,cyclone,historical,0.22068491279733332,0.556235,0.0,180
IN,1935,cyclone,historical,0.2541801774661111,0.4977819,0.0,180
IN,1936,cyclone,historical,0.2586915753888889,0.5344285,0.007039381,180
IN,1937,cyclone,historical,0.24224313830722224,0.4826854,0.0033406583,180
IN,1938,cyclone,historical,0.2427658481811111,0.47776884,0.0,180
IN,1939,cyclone,historical,0.2604781786111111,0.5239092,0.0,180
IN,1940,cyclone,historical,0.2381470779088889,0.52556163,0.0,180
IN,1941,cyclone,historical,0.22811652965277776,0.52703947,0.0,180
IN,1942,cyclone,historical,0.22727153911944445,0.534521,0.0022950887,180
IN,1943,cyclone,historical,0.22421942283944446,0.49627173,0.0,180
IN,1944,cyclone,historical,0.25584984905166663,0.5671816,0.0,180
IN,1945,cyclone,historical,0.2341289688022222,0.5209554,0.0,180
IN,1946,cyclone,historical,0.24286814034999998,0.4723891,0.0,180
IN,1947,cyclone,historical,0.2719296225777778,0.51415664,0.008049051,180
IN,1948,cyclone,historical,0.2591076049277778,0.52089447,0.0,180
IN,1949,cyclone,historical,0.23053538716133334,0.5016649,0.00014406904,180
IN,1950,cyclone,historical,0.22709267836666666,0.51970977,0.0,180
IN,1951,cyclone,historical,0.24702003392183333,0.53460723,0.0,180
IN,1952,cyclone,historical,0.2693110405133333,0.5846728,0.0,180
IN,1953,cyclone,historical,0.24221681640555556,0.4816713,0.0,180
IN,1954,cyclone,historical,0.2346006537388889,0.5362316,0.0,180
IN,1955,cyclone,historical,0.24280830348166668,0.52107054,0.0,180
IN,1956,cyclone,historical,0.2529102123321111,0.49230835,0.0,180
IN,1957,cyclone,historical,0.25979846363888887,0.5344887,0.0,180
IN,1958,cyclone,historical,0.24260369090555553,0.5423465,0.0,180
IN,1959,cyclone,historical,0.2358895219277778,0.52179116,0.0,180
IN,1960,cyclone,historical,0.2526559518666667,0.5002519,0.0,180
IN,1961,cyclone,historical,0.26730855271111115,0.55021274,0.01416331,180
IN,1962,cyclone,historical,0.26247837433722226,0.49059492,0.0058217347,180
IN,1963,cyclone,historical,0.20370491545,0.47669935,0.009113091,180
IN,1964,cyclone,historical,0.23346217784516665,0.5018914,0.0,180
IN,1965,cyclone,historical,0.26218937247722224,0.507251,0.0,180
IN,1966,cyclone,historical,0.2151184684611111,0.4491482,0.013111109,180
IN,1967,cyclone,historical,0.2123252748166667,0.43881497,0.0,180
IN,1968,cyclone,historical,0.24467310263333333,0.5135215,0.008741948,180
IN,1969,cyclone,historical,0.2567659784366667,0.49962586,0.0029229936,180
IN,1970,cyclone,historical,0.23840926765722223,0.49590245,0.0036568523,180
IN,1971,cyclone,historical,0.21974130719591664,0.43997848,7.3151765e-05,180
IN,1972,cyclone,historical,0.21269301034444443,0.49320242,0.0,180
IN,1973,cyclone,historical,0.2530534274394444,0.48354244,0.0,180
IN,1974,cyclone,historical,0.2362133242888889,0.5369213,0.0003919865,180
IN,1975,cyclone,historical,0.22124076627205555,0.5215881,0.0,180
IN,1976,cyclone,historical,0.22612996825555554,0.46950483,0.0,180
IN,1977,cyclone,historical,0.25287156130444444,0.48275605,0.0,180
IN,1978,cyclone,historical,0.2480987368461111,0.47651067,0.0039548473,180
IN,1979,cyclone,historical,0.24739727552555557,0.4444921,0.0016460996,180
IN,1980,cyclone,historical,0.25679896053499995,0.49791762,0.0042484803,180
IN,1981,cyclone,historical,0.25214543440000003,0.508101,0.003946642,180
IN,1982,cyclone,historical,0.23659171377777777,0.5077355,0.0,180
IN,1983,cyclone,historical,0.20855880606444444,0.46891794,0.0,180
IN,1984,cyclone,historical,0.2269924876422222,0.4419221,0.0,180
IN,1985,cyclone,historical,0.27216148914666666,0.5185412,0.0,180
IN,1986,cyclone,historical,0.2448770492777778,0.48766157,0.0020453555,180
IN,1987,cyclone,historical,0.22626966560999998,0.49332562,0.0,180
IN,1988,cyclone,historical,0.2588173126583333,0.5694437,0.0,180
IN,1989,cyclone,historical,0.26210763332777776,0.5054043,0.0,180
IN,1990,cyclone,historical,0.24715283072444444,0.46630076,0.0,180
IN,1991,cyclone,historical,0.242071299555,0.45869672,0.0,180
IN,1992,cyclone,historical,0.202369838512,0.43227938,0.0,180
IN,1993,cyclone,historical,0.24309195260555555,0.49980202,0.00722125,180
IN,1994,cyclone,historical,0.27987876465,0.52122813,0.010855985,180
IN,1995,cyclone,historical,0.24152972795555555,0.48640227,0.012980573,180
IN,1996,cyclone,historical,0.2265261519088889,0.4544488,0.0,180
IN,1997,cyclone,historical,0.26178167549666664,0.526178,0.0057071564,180
IN,1998,cyclone,historical,0.27726840583333334,0.55247265,0.01784046,180
IN,1999,cyclone,historical,0.23663371023,0.5227759,0.0037408134,180
IN,2000,cyclone,historical,0.24731701419744445,0.48830914,0.0,180
IN,2001,cyclone,historical,0.2694185031111111,0.6217022,0.010140952,180
IN,2002,cyclone,historical,0.29369430081111114,0.58658534,0.021540465,180
IN,2003,cyclone,historical,0.26162937366666666,0.49006486,0.002814023,180
IN,2004,cyclone,historical,0.23704513159444443,0.44316432,0.00636336,180
IN,2005,cyclone,historical,0.2487230879166667,0.48351055,0.018700976,180
IN,2006,cyclone,historical,0.25768090387277776,0.52970606,0.0072397906,180
IN,2007,cyclone,historical,0.28135496992777775,0.51249623,0.023680292,180
IN,2008,cyclone,historical,0.27230642836111113,0.5462256,0.011165442,180
IN,2009,cyclone,historical,0.2667362818833333,0.51332,0.0,180
IN,2010,cyclone,historical,0.2895373780277778,0.55483216,0.024795627,180
IN,2011,cyclone,historical,0.2857864403277778,0.5778052,0.009759991,180
IN,2012,cyclone,historical,0.24190461714444444,0.4540832,0.004978752,180
IN,2013,cyclone,historical,0.26628669146833334,0.4771484,0.0049412423,180
IN,2014,cyclone,historical,0.2777126926444444,0.52009034,0.005474587,180
IR,1850,cyclone,historical,0.24315808557083332,0.68023676,0.0,24
IR,1851,cyclone,historical,0.26511158274833335,0.71755385,0.0,24
IR,1852,cyclone,historical,0.26802124445833336,0.78440666,0.0,24
IR,1853,cyclone,historical,0.2543191535,0.6817436,0.0,24
IR,1854,cyclone,historical,0.2722165147916667,0.73894185,0.0,24
IR,1855,cyclone,historical,0.23457291422083335,0.70605165,0.0,24
IR,1856,cyclone,historical,0.23412179233333333,0.7598484,0.0,24
IR,1857,cyclone,historical,0.26738554354166666,0.764663,0.0,24
IR,1858,cyclone,historical,0.25302113975,0.68838215,0.0,24
IR,1859,cyclone,historical,0.27124335608333333,0.759871,0.0,24
IR,1860,cyclone,historical,0.238402975875,0.7183096,0.0,24
IR,1861,cyclone,historical,0.24171333325,0.6795554,0.0,24
IR,1862,cyclone,historical,0.29254540660416667,0.7945981,0.0,24
IR,1863,cyclone,historical,0.2701043720833333,0.7589011,0.0,24
IR,1864,cyclone,historical,0.2666009337083333,0.7191758,0.0,24
IR,1865,cyclone,historical,0.24036082569166664,0.71291703,0.0,24
IR,1866,cyclone,historical,0.243506190125,0.7647295,0.0,24
IR,1867,cyclone,historical,0.22516692508333333,0.6484955,0.0,24
IR,1868,cyclone,historical,0.25363245041666665,0.71236104,0.0,24
IR,1869,cyclone,historical,0.25196529529166667,0.67789084,0.0,24
IR,1870,cyclone,historical,0.2362465355125,0.7134624,0.0,24
IR,1871,cyclone,historical,0.21731657795833334,0.6693471,0.0,24
IR,1872,cyclone,historical,0.2513571669583333,0.74807686,0.0,24
IR,1873,cyclone,historical,0.2599883782708333,0.73040515,0.0,24
IR,1874,cyclone,historical,0.26721795575,0.72136766,0.0,24
IR,1875,cyclone,historical,0.23506090575000002,0.7202057,0.0,24
IR,1876,cyclone,historical,0.26308184012499997,0.71048373,0.0,24
IR,1877,cyclone,historical,0.2689963968333333,0.73681754,0.0,24
IR,1878,cyclone,historical,0.256332014125,0.6866927,0.0,24
IR,1879,cyclone,historical,0.22834753391666665,0.7181285,0.0,24
IR,1880,cyclone,historical,0.2579155226666667,0.72869706,0.0,24
IR,1881,cyclone,historical,0.267724505375,0.758784,0.0,24
IR,1882,cyclone,historical,0.27593420435,0.69168264,0.0,24
IR,1883,cyclone,historical,0.2611871317958333,0.72928005,0.0,24
IR,1884,cyclone,historical,0.21983100670833333,0.6378321,0.0,24
IR,1885,cyclone,historical,0.20315911345833335,0.645546,0.0,24
IR,1886,cyclone,historical,0.26053562845833333,0.7606754,0.0,24
IR,1887,cyclone,historical,0.2772944440833333,0.8040022,0.0,24
IR,1888,cyclone,historical,0.27016399085833337,0.73593116,0.0,24
IR,1889,cyclone,historical,0.2373423945416667,0.6475897,0.0,24
IR,1890,cyclone,historical,0.24453982124999998,0.79790956,0.0,24
IR,1891,cyclone,historical,0.251206747875,0.72200346,0.0,24
IR,1892,cyclone,historical,0.2555124416291667,0.6770908,0.0,24
IR,1893,cyclone,historical,0.296042883875,0.7471208,0.0,24
IR,1894,cyclone,historical,0.2662946199583333,0.7550183,0.0,24
IR,1895,cyclone,historical,0.258807670125,0.7313455,0.0,24
IR,1896,cyclone,historical,0.25063223720833333,0.7596143,0.0,24
IR,1897,cyclone,historical,0.29646470475000003,0.859142,0.0,24
IR,1898,cyclone,historical,0.24873727283333333,0.73433924,0.0,24
IR,1899,cyclone,historical,0.24163778753333331,0.7221613,0.0,24
IR,1900,cyclone,historical,0.24940786550000002,0.7040898,0.0,24
IR,1901,cyclone,historical,0.23195107208333332,0.6726937,0.0,24
IR,1902,cyclone,historical,0.24472069508333336,0.6903588,0.0,24
IR,1903,cyclone,historical,0.23870570162500002,0.62708485,0.0,24
IR,1904,cyclone,historical,0.235066960625,0.6954496,0.0,24
IR,1905,cyclone,historical,0.2538531850958333,0.7787878,0.0,24
IR,1906,cyclone,historical,0.24466281896875,0.68195134,0.0,24
IR,1907,cyclone,historical,0.23500915775,0.679377,0.0,24
IR,1908,cyclone,historical,0.24791808710833332,0.73717993,0.0,24
IR,1909,cyclone,historical,0.25670472472083333,0.76925963,0.0,24
IR,1910,cyclone,historical,0.24888069470833332,0.64510447,0.0,24
IR,1911,cyclone,historical,0.26096264399999997,0.71422976,0.0,24
IR,1912,cyclone,historical,0.23843396308333334,0.686055,0.0,24
IR,1913,cyclone,historical,0.2469039854225,0.65590256,0.0,24
IR,1914,cyclone,historical,0.24883982445833333,0.72968405,0.0,24
IR,1915,cyclone,historical,0.24195027965000002,0.7007508,0.0,24
IR,1916,cyclone,historical,0.27546335735416666,0.7421215,0.0,24
IR,1917,cyclone,historical,0.26202720098666665,0.7167856,0.0,24
IR,1918,cyclone,historical,0.23694379195833334,0.7418661,0.0,24
IR,1919,cyclone,historical,0.2499124069166667,0.783864,0.0,24
IR,1920,cyclone,historical,0.27719009749999995,0.7803209,0.0,24
IR,1921,cyclone,historical,0.2537882287916667,0.6522188,0.0,24
IR,1922,cyclone,historical,0.26181866652083335,0.73019904,0.0,24
IR,1923,cyclone,historical,0.27865052640000004,0.76873064,0.0,24
IR,1924,cyclone,historical,0.2574894858958333,0.7808066,0.0,24
IR,1925,cyclone,historical,0.26860491575,0.70876646,0.0,24
IR,1926,cyclone,historical,0.25844637275,0.7963331,0.0,24
IR,1927,cyclone,historical,0.27446864574583335,0.7783745,0.0,24
IR,1928,cyclone,historical,0.2746847957083333,0.7514786,0.0,24
IR,1929,cyclone,historical,0.24403556599999998,0.7148674,0.0,24
IR,1930,cyclone,historical,0.25707381899875,0.69038576,0.0,24
IR,1931,cyclone,historical,0.2727498978333333,0.8186226,0.0,24
IR,1932,cyclone,historical,0.247644681,0.69334286,0.0,24
IR,1933,cyclone,historical,0.2828747911041667,0.71824074,0.0,24
IR,1934,cyclone,historical,0.26584684058333335,0.7019405,0.0,24
IR,1935,cyclone,historical,0.2301541473333333,0.7280336,0.0,24
IR,1936,cyclone,historical,0.27641549285,0.7826443,0.0,24
IR,1937,cyclone,historical,0.23205521970833332,0.675742,0.0,24
IR,1938,cyclone,historical,0.24151154466666666,0.72176474,0.0,24
IR,1939,cyclone,historical,0.28713435917083335,0.7729502,0.0,24
IR,1940,cyclone,historical,0.267452965925,0.7646082,0.0,24
IR,1941,cyclone,historical,0.271704776,0.746248,0.0,24
IR,1942,cyclone,historical,0.22525350375,0.72327024,0.0,24
IR,1943,cyclone,historical,0.23817391595833334,0.64380115,0.0,24
IR,1944,cyclone,historical,0.2550468397916667,0.67291856,0.0,24
IR,1945,cyclone,historical,0.20963490245833336,0.6357154,0.0,24
IR,1946,cyclone,historical,0.24923770158333333,0.69239527,0.0,24
IR,1947,cyclone,historical,0.27838918175,0.78498477,0.0,24
IR,1948,cyclone,historical,0.25240503325,0.73619366,0.0,24
IR,1949,cyclone,historical,0.27331325375541665,0.7467189,0.0,24
IR,1950,cyclone,historical,0.25057598583333335,0.7405377,0.0,24
IR,1951,cyclone,historical,0.23010122079166664,0.704974,0.0,24
IR,1952,cyclone,historical,0.24609474741666668,0.70736694,0.0,24
IR,1953,cyclone,historical,0.26571683482083336,0.7559925,0.0,24
IR,1954,cyclone,historical,0.25087076233333333,0.7341559,0.0,24
IR,1955,cyclone,historical,0.2793867579166667,0.78427166,0.0,24
IR,1956,cyclone,historical,0.28110294658333335,0.8101937,0.0,24
IR,1957,cyclone,historical,0.25410585169166666,0.7187775,0.0,24
IR,1958,cyclone,historical,0.2716355750833333,0.7407382,0.0,24
IR,1959,cyclone,historical,0.24422322308333333,0.7348967,0.0,24
IR,1960,cyclone,historical,0.2613998960833333,0.74451566,0.0,24
IR,1961,cyclone,historical,0.26645626110833337,0.7871149,0.0,24
IR,1962,cyclone,historical,0.25143244555833333,0.6965421,0.0,24
IR,1963,cyclone,historical,0.25029769026041665,0.6806006,0.0,24
IR,1964,cyclone,historical,0.24309599458333334,0.74254483,0.0,24
IR,1965,cyclone,historical,0.27227463229166665,0.76017475,0.0,24
IR,1966,cyclone,historical,0.2716765228125,0.6782704,0.0,24
IR,1967,cyclone,historical,0.25878425871666666,0.6749993,0.0,24
IR,1968,cyclone,historical,0.2690483592083333,0.7332396,0.0,24
IR,1969,cyclone,historical,0.30571724191666666,0.7602818,0.0,24
IR,1970,cyclone,historical,0.2708758105833333,0.7759847,0.0,24
IR,1971,cyclone,historical,0.2739313897166667,0.6916937,0.0,24
IR,1972,cyclone,historical,0.21307429416666668,0.7750435,0.0,24
IR,1973,cyclone,historical,0.251587852,0.7419765,0.0,24
IR,1974,cyclone,historical,0.24436691928999998,0.6722868,0.0,24
IR,1975,cyclone,historical,0.25946815687499997,0.7259798,0.0,24
IR,1976,cyclone,historical,0.24417515029166667,0.7204695,0.0,24
IR,1977,cyclone,historical,0.26431515191666666,0.7334975,0.0,24
IR,1978,cyclone,historical,0.24897567586884584,0.70133066,0.0,24
IR,1979,cyclone,historical,0.24924904375,0.73574257,0.0,24
IR,1980,cyclone,historical,0.27886953737500003,0.76184034,0.0,24
IR,1981,cyclone,historical,0.2801652775416667,0.75782126,0.0,24
IR,1982,cyclone,historical,0.27754635272916667,0.7948694,0.0,24
IR,1983,cyclone,historical,0.21637220941666668,0.68668014,0.0,24
IR,1984,cyclone,historical,0.2456250102083333,0.7498153,0.0,24
IR,1985,cyclone,historical,0.2474863755,0.7302931,0.0,24
IR,1986,cyclone,historical,0.25990918199999996,0.76013404,0.0,24
IR,1987,cyclone,historical,0.25522836121666664,0.7057209,0.0,24
IR,1988,cyclone,historical,0.2873728088333333,0.77797407,0.0,24
IR,1989,cyclone,historical,0.29624068975,0.7432558,0.0,24
IR,1990,cyclone,historical,0.27558926895833336,0.7310602,0.0,24
IR,1991,cyclone,historical,0.25141960294166665,0.7035062,0.0,24
IR,1992,cyclone,historical,0.23232711285416666,0.662801,0.0,24
IR,1993,cyclone,historical,0.2522497289166667,0.6668517,0.0,24
IR,1994,cyclone,historical,0.2987679017291667,0.82259136,0.0,24
IR,1995,cyclone,historical,0.2783985150125,0.7751303,0.0,24
IR,1996,cyclone,historical,0.2770421354791667,0.82146883,0.0,24
IR,1997,cyclone,historical,0.2851264101666667,0.8547488,0.0,24
IR,1998,cyclone,historical,0.31876354629166664,0.8930099,0.0,24
IR,1999,cyclone,historical,0.26644534875,0.72804624,0.0,24
IR,2000,cyclone,historical,0.276017481625,0.7302653,0.0,24
IR,2001,cyclone,historical,0.26413405070833335,0.763848,0.0,24
IR,2002,cyclone,historical,0.310857409525,0.81725836,0.0,24
IR,2003,cyclone,historical,0.285014352875,0.78867793,0.0,24
IR,2004,cyclone,historical,0.287205227,0.837329,0.0,24
IR,2005,cyclone,historical,0.3143363455,0.75737065,0.0,24
IR,2006,cyclone,historical,0.29585708070833333,0.86554456,0.0,24
IR,2007,cyclone,historical,0.2757491129083333,0.77646047,0.0,24
IR,2008,cyclone,historical,0.30883710975,0.8609543,0.0,24
IR,2009,cyclone,historical,0.3081386994875,0.8785756,0.0,24
IR,2010,cyclone,historical,0.29409415927916666,0.8248281,0.0,24
IR,2011,cyclone,historical,0.3289248462291667,0.86533785,0.0,24
IR,2012,cyclone,historical,0.29273257445833334,0.82674354,0.0,24
IR,2013,cyclone,historical,0.27886738979166664,0.73885316,0.0,24
IR,2014,cyclone,historical,0.292715283125,0.8598788,0.0,24
IT,1850,cyclone,historical,0.00814898867875,0.0699967,0.0,72
IT,1851,cyclone,historical,0.00462202311925,0.04712856,0.0,72
IT,1852,cyclone,historical,0.004935783481944444,0.038598336,0.0,72
IT,1853,cyclone,historical,0.002703606627222222,0.042254556,0.0,72
IT,1854,cyclone,historical,0.0028649804167083332,0.03802889,0.0,72
IT,1855,cyclone,historical,0.003660985641527778,0.064410254,0.0,72
IT,1856,cyclone,historical,0.004223337859722222,0.05472447,0.0,72
IT,1857,cyclone,historical,0.008767984357916668,0.086544156,0.0,72
IT,1858,cyclone,historical,0.007699601273611111,0.059980262,0.0,72
IT,1859,cyclone,historical,0.004219884684583333,0.049613107,0.0,72
IT,1860,cyclone,historical,0.009796440811805555,0.066957116,0.0,72
IT,1861,cyclone,historical,0.00796441861625,0.045072183,0.0,72
IT,1862,cyclone,historical,0.0022270567417500002,0.038141266,0.0,72
IT,1863,cyclone,historical,0.008756283430555557,0.09947401,0.0,72
IT,1864,cyclone,historical,0.009722251613333333,0.1425408,0.0,72
IT,1865,cyclone,historical,0.006577564441111111,0.054465406,0.0,72
IT,1866,cyclone,historical,0.0023334004813888886,0.04204421,0.0,72
IT,1867,cyclone,historical,0.005657173437841666,0.052462965,0.0,72
IT,1868,cyclone,historical,0.0004194314575,0.010118273,0.0,72
IT,1869,cyclone,historical,0.009136467644027778,0.09175529,0.0,72
IT,1870,cyclone,historical,0.006333425108333334,0.09272995,0.0,72
IT,1871,cyclone,historical,0.0017960672652777778,0.033815823,0.0,72
IT,1872,cyclone,historical,0.0073603423708333325,0.064509936,0.0,72
IT,1873,cyclone,historical,0.004929337598611111,0.036844242,0.0,72
IT,1874,cyclone,historical,0.0032110168270833334,0.036964905,0.0,72
IT,1875,cyclone,historical,0.006070131420277777,0.09369848,0.0,72
IT,1876,cyclone,historical,0.007996879061111111,0.08082661,0.0,72
IT,1877,cyclone,historical,0.008492096337916666,0.074174106,0.0,72
IT,1878,cyclone,historical,0.0011975486204166665,0.016032394,0.0,72
IT,1879,cyclone,historical,0.0053025530507638885,0.07168659,0.0,72
IT,1880,cyclone,historical,0.002705874315277778,0.04027463,0.0,72
IT,1881,cyclone,historical,0.004293144072916667,0.04690087,0.0,72
IT,1882,cyclone,historical,0.00048705806263888893,0.0129251825,0.0,72
IT,1883,cyclone,historical,0.0018898678312500002,0.038868204,0.0,72
IT,1884,cyclone,historical,0.008961012571666668,0.06575473,0.0,72
IT,1885,cyclone,historical,0.007909577043333333,0.11125815,0.0,72
IT,1886,cyclone,historical,0.008485672649444444,0.1349629,0.0,72
IT,1887,cyclone,historical,0.0035659685698611106,0.052032817,0.0,72
IT,1888,cyclone,historical,0.0010204234573611111,0.012063264,0.0,72
IT,1889,cyclone,historical,0.008642091129583333,0.10409184,0.0,72
IT,1890,cyclone,historical,0.0013138488119444445,0.020060416,0.0,72
IT,1891,cyclone,historical,0.008654482275972222,0.10220566,0.0,72
IT,1892,cyclone,historical,0.00032061077916666666,0.005962116,0.0,72
IT,1893,cyclone,historical,0.0019321113233333334,0.025671985,0.0,72
IT,1894,cyclone,historical,0.0012083084045833331,0.015279774,0.0,72
IT,1895,cyclone,historical,0.009517765070972222,0.12695639,0.0,72
IT,1896,cyclone,historical,0.0045661705180555555,0.04847484,0.0,72
IT,1897,cyclone,historical,0.0012080227291666667,0.015813854,0.0,72
IT,1898,cyclone,historical,0.005719823059166667,0.064806,0.0,72
IT,1899,cyclone,historical,0.0032812263597222224,0.06793095,0.0,72
IT,1900,cyclone,historical,0.00755245349925,0.06106694,0.0,72
IT,1901,cyclone,historical,0.005682730639166666,0.059250895,0.0,72
IT,1902,cyclone,historical,0.005242278455277778,0.0594155,0.0,72
IT,1903,cyclone,historical,0.0014653513825,0.0367967,0.0,72
IT,1904,cyclone,historical,0.005633430340277777,0.038595635,0.0,72
IT,1905,cyclone,historical,0.006366250832638889,0.08106432,0.0,72
IT,1906,cyclone,historical,0.006571431733333333,0.039874107,0.0,72
IT,1907,cyclone,historical,0.0050709650245625,0.050997656,0.0,72
IT,1908,cyclone,historical,0.00032440026722222224,0.006613238,0.0,72
IT,1909,cyclone,historical,0.004665538254027778,0.06234775,0.0,72
IT,1910,cyclone,historical,0.004769741657833334,0.034561403,0.0,72
IT,1911,cyclone,historical,0.01027175261986111,0.09405542,0.0,72
IT,1912,cyclone,historical,0.0028579829915277776,0.04835931,0.0,72
IT,1913,cyclone,historical,0.0008558308480555555,0.010227678,0.0,72
IT,1914,cyclone,historical,0.00369702138,0.034689985,0.0,72
IT,1915,cyclone,historical,0.006116696484166666,0.08658288,0.0,72
IT,1916,cyclone,historical,0.0030280184069444447,0.029561697,0.0,72
IT,1917,cyclone,historical,0.005921354416111111,0.0445908,0.0,72
IT,1918,cyclone,historical,0.0023382341541666666,0.05004893,0.0,72
IT,1919,cyclone,historical,0.006966700506388889,0.10968127,0.0,72
IT,1920,cyclone,historical,0.012412731451388888,0.13488942,0.0,72
IT,1921,cyclone,historical,0.003980160652777777,0.058918804,0.0,72
IT,1922,cyclone,historical,0.0022262877251388886,0.04098131,0.0,72
IT,1923,cyclone,historical,0.004968870966944445,0.060605902,0.0,72
IT,1924,cyclone,historical,0.0027757649180555556,0.030546436,0.0,72
IT,1925,cyclone,historical,0.0071202532704166665,0.06303715,0.0,72
IT,1926,cyclone,historical,0.0012316786229305554,0.029348468,0.0,72
IT,1927,cyclone,historical,0.003344552507083333,0.042576205,0.0,72
IT,1928,cyclone,historical,0.004659342460277778,0.08236315,0.0,72
IT,1929,cyclone,historical,0.0023000589528333333,0.042932153,0.0,72
IT,1930,cyclone,historical,0.0023203967293055554,0.052338254,0.0,72
IT,1931,cyclone,historical,0.007936090432,0.077362716,0.0,72
IT,1932,cyclone,historical,0.006050924992361112,0.07352902,0.0,72
IT,1933,cyclone,historical,0.004046244186111111,0.055882823,0.0,72
IT,1934,cyclone,historical,0.0024170655389444446,0.03908927,0.0,72
IT,1935,cyclone,historical,0.004529559433611111,0.09000948,0.0,72
IT,1936,cyclone,historical,0.002961515413611111,0.037317887,0.0,72
IT,1937,cyclone,historical,0.003203426902972222,0.06825188,0.0,72
IT,1938,cyclone,historical,0.0015025831368055556,0.022041425,0.0,72
IT,1939,cyclone,historical,0.005220861594861111,0.049277414,0.0,72
IT,1940,cyclone,historical,0.006776565016666666,0.04550342,0.0,72
IT,1941,cyclone,historical,0.006267965080555555,0.070884466,0.0,72
IT,1942,cyclone,historical,0.002679571874861111,0.036651727,0.0,72
IT,1943,cyclone,historical,0.001970208426388889,0.03123835,0.0,72
IT,1944,cyclone,historical,0.005103471613333333,0.07755182,0.0,72
IT,1945,cyclone,historical,0.011492445445833334,0.07632611,0.0,72
IT,1946,cyclone,historical,0.001840158961527778,0.02925662,0.0,72
IT,1947,cyclone,historical,0.01207887782638889,0.08713504,0.0,72
IT,1948,cyclone,historical,0.004430479300347222,0.037180923,0.0,72
IT,1949,cyclone,historical,0.005844242606666667,0.068644114,0.0,72
IT,1950,cyclone,historical,0.004608546811111111,0.026795756,0.0,72
IT,1951,cyclone,historical,0.005639110668194444,0.061998013,0.0,72
IT,1952,cyclone,historical,0.002946175281111111,0.03815639,0.0,72
IT,1953,cyclone,historical,0.008454309318055554,0.08842323,0.0,72
IT,1954,cyclone,historical,0.005519568512222222,0.047650468,0.0,72
IT,1955,cyclone,historical,0.00713395862013889,0.07957524,0.0,72
IT,1956,cyclone,historical,0.0011423858944444444,0.01816648,0.0,72
IT,1957,cyclone,historical,0.0032574577319444444,0.044047013,0.0,72
IT,1958,cyclone,historical,0.004393245086250001,0.05940649,0.0,72
IT,1959,cyclone,historical,0.006615503581944444,0.0529394,0.0,72
IT,1960,cyclone,historical,0.0010486102770833332,0.020766376,0.0,72
IT,1961,cyclone,historical,0.02292954380138889,0.09679534,0.0,72
IT,1962,cyclone,historical,0.007707037692694445,0.06737772,0.0,72
IT,1963,cyclone,historical,0.0017197404763888888,0.022881193,0.0,72
IT,1964,cyclone,historical,0.00585926154486111,0.06683708,0.0,72
IT,1965,cyclone,historical,0.0019343276116666668,0.025967784,0.0,72
IT,1966,cyclone,historical,0.0075952380475,0.08410823,0.0,72
IT,1967,cyclone,historical,0.004943952814583334,0.058316935,0.0,72
IT,1968,cyclone,historical,0.008078225896527777,0.05910718,0.0,72
IT,1969,cyclone,historical,0.003103302972222222,0.05152136,0.0,72
IT,1970,cyclone,historical,0.0009920865194444446,0.019442702,0.0,72
IT,1971,cyclone,historical,0.001135687184898611,0.026303837,0.0,72
IT,1972,cyclone,historical,0.0033649637293055555,0.039375793,0.0,72
IT,1973,cyclone,historical,0.004936213942083333,0.047763567,0.0,72
IT,1974,cyclone,historical,0.005081996288333333,0.055342183,0.0,72
IT,1975,cyclone,historical,0.0025700563825,0.033314444,0.0,72
IT,1976,cyclone,historical,0.009542204750972222,0.09018705,0.0,72
IT,1977,cyclone,historical,0.004857908979166667,0.06566963,0.0,72
IT,1978,cyclone,historical,0.0029623799669444444,0.06473505,0.0,72
IT,1979,cyclone,historical,0.0030493485006944446,0.03931258,0.0,72
IT,1980,cyclone,historical,0.004517552071666667,0.053670574,0.0,72
IT,1981,cyclone,historical,0.0035548191383833333,0.07151694,0.0,72
IT,1982,cyclone,historical,0.003830867882638889,0.044371713,0.0,72
IT,1983,cyclone,historical,0.013427126717638889,0.08397415,0.0,72
IT,1984,cyclone,historical,0.0027010831108333334,0.033447627,0.0,72
IT,1985,cyclone,historical,0.015182089304861111,0.14599016,0.0,72
IT,1986,cyclone,historical,0.0023524361605555557,0.030661426,0.0,72
IT,1987,cyclone,historical,0.004057376965000001,0.07573982,0.0,72
IT,1988,cyclone,historical,0.006952093007916666,0.06471956,0.0,72
IT,1989,cyclone,historical,0.002945969162361111,0.040100306,0.0,72
IT,1990,cyclone,historical,0.004366926444444444,0.03897293,0.0,72
IT,1991,cyclone,historical,0.0005441435833333333,0.009038263,0.0,72
IT,1992,cyclone,historical,0.006385232619513889,0.055366587,0.0,72
IT,1993,cyclone,historical,0.0014229659131944445,0.019089723,0.0,72
IT,1994,cyclone,historical,0.0037631765144444445,0.0507159,0.0,72
IT,1995,cyclone,historical,0.006312420294444444,0.074203186,0.0,72
IT,1996,cyclone,historical,0.0073980974922222215,0.078626245,0.0,72
IT,1997,cyclone,historical,0.0066793861775,0.06654541,0.0,72
IT,1998,cyclone,historical,0.005321573140416667,0.034541413,0.0,72
IT,1999,cyclone,historical,0.006355606878027778,0.03944801,0.0,72
IT,2000,cyclone,historical,0.007025714236111111,0.055176497,0.0,72
IT,2001,cyclone,historical,0.003888330894861111,0.062766194,0.0,72
IT,2002,cyclone,historical,0.010801678536805555,0.09877634,0.0,72
IT,2003,cyclone,historical,0.010013339736111111,0.10347241,0.0,72
IT,2004,cyclone,historical,0.005974764983333334,0.043800104,0.0,72
IT,2005,cyclone,historical,0.0034959622905555553,0.053215664,0.0,72
IT,2006,cyclone,historical,0.0031067041483333335,0.045137465,0.0,72
IT,2007,cyclone,historical,0.003528791932777778,0.043109994,0.0,72
IT,2008,cyclone,historical,0.008026856377638888,0.07119494,0.0,72
IT,2009,cyclone,historical,0.010074410042222223,0.062133085,0.0,72
IT,2010,cyclone,historical,0.004637330392638889,0.07799808,0.0,72
IT,2011,cyclone,historical,0.0009998041545833333,0.014859187,0.0,72
IT,2012,cyclone,historical,0.0057786466013888885,0.06270318,0.0,72
IT,2013,cyclone,historical,0.008267035033333333,0.13189492,0.0,72
IT,2014,cyclone,historical,0.0036577321562458335,0.024684632,0.0,72
JP,1850,cyclone,historical,0.046932079133125,0.37538528,0.0,336
JP,1851,cyclone,historical,0.05561473062395834,0.36706153,0.0,336
JP,1852,cyclone,historical,0.049741528850327385,0.3972161,0.0,336
JP,1853,cyclone,historical,0.05233493128407739,0.39903685,0.0,336
JP,1854,cyclone,historical,0.05033421527809524,0.35799468,0.0,336
JP,1855,cyclone,historical,0.04831254486294643,0.34931284,0.0,336
JP,1856,cyclone,historical,0.04832120976104762,0.37559235,0.0,336
JP,1857,cyclone,historical,0.05239261229508928,0.37199193,0.0,336
JP,1858,cyclone,historical,0.05196330316166071,0.38293064,0.0,336
JP,1859,cyclone,historical,0.051027154522113094,0.38588822,0.0,336
JP,1860,cyclone,historical,0.04259988568419047,0.29014295,0.0,336
JP,1861,cyclone,historical,0.04280676944517857,0.37488502,0.0,336
JP,1862,cyclone,historical,0.04770951476538691,0.38212484,0.0,336
JP,1863,cyclone,historical,0.0591558740610119,0.39476892,0.0,336
JP,1864,cyclone,historical,0.048743196014107135,0.324531,0.0,336
JP,1865,cyclone,historical,0.050947481808705355,0.3423202,0.0,336
JP,1866,cyclone,historical,0.052012164026220234,0.40501213,0.0,336
JP,1867,cyclone,historical,0.04972538517964285,0.3750043,0.0,336
JP,1868,cyclone,historical,0.050655388310892856,0.37496865,0.0,336
JP,1869,cyclone,historical,0.04650382089642857,0.35637084,0.0,336
JP,1870,cyclone,historical,0.04711124387431548,0.3465048,0.0,336
JP,1871,cyclone,historical,0.04265298412839286,0.3912701,0.0,336
JP,1872,cyclone,historical,0.05025053733568452,0.38942116,0.0,336
JP,1873,cyclone,historical,0.05268843052528571,0.35776073,0.0,336
JP,1874,cyclone,historical,0.04634000750377976,0.34534383,0.0,336
JP,1875,cyclone,historical,0.04519537512338393,0.37393484,0.0,336
JP,1876,cyclone,historical,0.04641102115044643,0.40163943,0.0,336
JP,1877,cyclone,historical,0.05149367321184523,0.33682466,0.0,336
JP,1878,cyclone,historical,0.04391841507613095,0.3065925,0.0,336
JP,1879,cyclone,historical,0.043892448907068456,0.3213566,0.0,336
JP,1880,cyclone,historical,0.04746338000309524,0.3395093,0.0,336
JP,1881,cyclone,historical,0.05113301554577381,0.39665234,0.0,336
JP,1882,cyclone,historical,0.05484936181720238,0.37970254,0.0,336
JP,1883,cyclone,historical,0.04741912461328869,0.37193897,0.0,336
JP,1884,cyclone,historical,0.04399027020238095,0.3623008,0.0,336
JP,1885,cyclone,historical,0.044945116467946425,0.37561184,0.0,336
JP,1886,cyclone,historical,0.04988573468636756,0.38427576,0.0,336
JP,1887,cyclone,historical,0.04996817122082143,0.34053198,0.0,336
JP,1888,cyclone,historical,0.04077724091375,0.32143152,0.0,336
JP,1889,cyclone,historical,0.052374069295535716,0.37505275,0.0,336
JP,1890,cyclone,historical,0.04718677894630952,0.36677736,0.0,336
JP,1891,cyclone,historical,0.040572934327571426,0.37516823,0.0,336
JP,1892,cyclone,historical,0.06240662879223214,0.4037378,0.0,336
JP,1893,cyclone,historical,0.04869986969214286,0.34262535,0.0,336
JP,1894,cyclone,historical,0.05119557496341072,0.32569826,0.0,336
JP,1895,cyclone,historical,0.050685330726080356,0.3738355,0.0,336
JP,1896,cyclone,historical,0.04601089605514881,0.31761482,0.0,336
JP,1897,cyclone,historical,0.05353929941548215,0.3927838,0.0,336
JP,1898,cyclone,historical,0.05197015336696429,0.39187062,0.0,336
JP,1899,cyclone,historical,0.05558962615608631,0.4345731,0.0,336
JP,1900,cyclone,historical,0.04343354521994048,0.3535207,0.0,336
JP,1901,cyclone,historical,0.05381693651273809,0.36564687,0.0,336
JP,1902,cyclone,historical,0.048081975956339285,0.45491946,0.0,336
JP,1903,cyclone,historical,0.0389670329367378,0.3058266,0.0,336
JP,1904,cyclone,historical,0.04413573909404762,0.3234911,0.0,336
JP,1905,cyclone,historical,0.04062199107532738,0.35076815,0.0,336
JP,1906,cyclone,historical,0.04918747736032738,0.3716159,0.0,336
JP,1907,cyclone,historical,0.04409533952380952,0.3400418,0.0,336
JP,1908,cyclone,historical,0.04671950351892857,0.41176194,0.0,336
JP,1909,cyclone,historical,0.047763721745714284,0.3654433,0.0,336
JP,1910,cyclone,historical,0.05690125980100595,0.3518714,0.0,336
JP,1911,cyclone,historical,0.04342790867362202,0.35058087,0.0,336
JP,1912,cyclone,historical,0.047323850471190476,0.40905613,0.0,336
JP,1913,cyclone,historical,0.054870170073616074,0.39165485,0.0,336
JP,1914,cyclone,historical,0.05076039165345238,0.37294018,0.0,336
JP,1915,cyclone,historical,0.04940750334470238,0.3497782,0.0,336
JP,1916,cyclone,historical,0.03990095113431548,0.34068513,0.0,336
JP,1917,cyclone,historical,0.04347968204875,0.3759395,0.0,336
JP,1918,cyclone,historical,0.04789001255258928,0.33517367,0.0,336
JP,1919,cyclone,historical,0.05130334277630952,0.40112996,0.0,336
JP,1920,cyclone,historical,0.059239443461041666,0.38146222,0.0,336
JP,1921,cyclone,historical,0.04882447525958631,0.34200025,0.0,336
JP,1922,cyclone,historical,0.04920385205363095,0.3568771,0.0,336
JP,1923,cyclone,historical,0.049899214806994045,0.40206045,0.0,336
JP,1924,cyclone,historical,0.04325736503613095,0.35125756,0.0,336
JP,1925,cyclone,historical,0.04742823648452381,0.35947317,0.0,336
JP,1926,cyclone,historical,0.0463923214547619,0.36148116,0.0,336
JP,1927,cyclone,historical,0.044849342578178575,0.39271212,0.0,336
JP,1928,cyclone,historical,0.04323166549160714,0.34108555,0.0,336
JP,1929,cyclone,historical,0.04545655642053571,0.3667246,0.0,336
JP,1930,cyclone,historical,0.04499440580636905,0.40004948,0.0,336
JP,1931,cyclone,historical,0.05276467659050595,0.4115562,0.0,336
JP,1932,cyclone,historical,0.052633121723839285,0.3966327,0.0,336
JP,1933,cyclone,historical,0.05266908653133928,0.37118393,0.0,336
JP,1934,cyclone,historical,0.05103498685178571,0.367961,0.0,336
JP,1935,cyclone,historical,0.0535229663379256,0.41762802,0.0,336
JP,1936,cyclone,historical,0.04686361746059524,0.37447113,0.0,336
JP,1937,cyclone,historical,0.04937544869177679,0.35777146,0.0,336
JP,1938,cyclone,historical,0.048104958060202374,0.34070033,0.0,336
JP,1939,cyclone,historical,0.05408343423015773,0.4320113,0.0,336
JP,1940,cyclone,historical,0.053049943496107144,0.32160914,0.0,336
JP,1941,cyclone,historical,0.05500781007599702,0.3968316,0.0,336
JP,1942,cyclone,historical,0.048683685210714284,0.38803247,0.0,336
JP,1943,cyclone,historical,0.053698208336309526,0.41379607,0.0,336
JP,1944,cyclone,historical,0.046970256376291666,0.38942543,0.0,336
JP,1945,cyclone,historical,0.05039442907648809,0.40799627,0.0,336
JP,1946,cyclone,historical,0.046783937742589286,0.4212748,0.0,336
JP,1947,cyclone,historical,0.04931994048401785,0.36406362,0.0,336
JP,1948,cyclone,historical,0.04546009696723214,0.34163773,0.0,336
JP,1949,cyclone,historical,0.05592390600964285,0.37299266,0.0,336
JP,1950,cyclone,historical,0.054936549990119043,0.37498477,0.0,336
JP,1951,cyclone,historical,0.047396852900247026,0.3503808,0.0,336
JP,1952,cyclone,historical,0.05064487292281845,0.3836385,0.0,336
JP,1953,cyclone,historical,0.046889187473214286,0.3340074,0.0,336
JP,1954,cyclone,historical,0.04868610413199405,0.38989848,0.0,336
JP,1955,cyclone,historical,0.04465843044741072,0.37556228,0.0,336
JP,1956,cyclone,historical,0.04640163501583333,0.40486753,0.0,336
JP,1957,cyclone,historical,0.06050845752223215,0.41218454,0.0,336
JP,1958,cyclone,historical,0.050672436139419644,0.41427153,0.0,336
JP,1959,cyclone,historical,0.047508095494613094,0.36254123,0.0,336
JP,1960,cyclone,historical,0.05241322568258036,0.38847294,0.0,336
JP,1961,cyclone,historical,0.044370136973273806,0.40371272,0.0,336
JP,1962,cyclone,historical,0.04655517710528869,0.35833597,0.0,336
JP,1963,cyclone,historical,0.03700904335479167,0.32983112,0.0,336
JP,1964,cyclone,historical,0.041526597188392855,0.36257115,0.0,336
JP,1965,cyclone,historical,0.05443138039483631,0.42237574,0.0,336
JP,1966,cyclone,historical,0.04879324382845238,0.33246908,0.0,336
JP,1967,cyclone,historical,0.03817737796124405,0.3747114,0.0,336
JP,1968,cyclone,historical,0.04773186196155357,0.38162422,0.0,336
JP,1969,cyclone,historical,0.048299455592142854,0.40077078,0.0,336
JP,1970,cyclone,historical,0.049541760282886906,0.3601257,0.0,336
JP,1971,cyclone,historical,0.04088309289922619,0.3460621,0.0,336
JP,1972,cyclone,historical,0.04235155354595238,0.33694944,0.0,336
JP,1973,cyclone,historical,0.054346091715684525,0.41408294,0.0,336
JP,1974,cyclone,historical,0.048862420390119045,0.35932398,0.0,336
JP,1975,cyclone,historical,0.04497842912110119,0.36986044,0.0,336
JP,1976,cyclone,historical,0.04199136484719345,0.35767782,0.0,336
JP,1977,cyclone,historical,0.04661115807145834,0.3791591,0.0,336
JP,1978,cyclone,historical,0.049228276897797615,0.3932529,0.0,336
JP,1979,cyclone,historical,0.04923346883985119,0.3878411,0.0,336
JP,1980,cyclone,historical,0.0464157002285119,0.34729508,0.0,336
JP,1981,cyclone,historical,0.060307178558988095,0.37991175,0.0,336
JP,1982,cyclone,historical,0.041862092155089285,0.3128689,0.0,336
JP,1983,cyclone,historical,0.046876482306488096,0.359698,0.0,336
JP,1984,cyclone,historical,0.04097145236199405,0.3790879,0.0,336
JP,1985,cyclone,historical,0.04379979175014881,0.38906783,0.0,336
JP,1986,cyclone,historical,0.03875681683675595,0.33204383,0.0,336
JP,1987,cyclone,historical,0.05011541065693453,0.35408807,0.0,336
JP,1988,cyclone,historical,0.052626165441904765,0.42456824,0.0,336
JP,1989,cyclone,historical,0.053140076113809526,0.39333308,0.0,336
JP,1990,cyclone,historical,0.04513806503931547,0.37856978,0.0,336
JP,1991,cyclone,historical,0.045312240758541664,0.3630523,0.0,336
JP,1992,cyclone,historical,0.04117952116776786,0.33194438,0.0,336
JP,1993,cyclone,historical,0.042507664062723216,0.38535497,0.0,336
JP,1994,cyclone,historical,0.05402965121276786,0.42151555,0.0,336
JP,1995,cyclone,historical,0.049054288072797624,0.35877684,0.0,336
JP,1996,cyclone,historical,0.04464868554011905,0.35857558,0.0,336
JP,1997,cyclone,historical,0.05309288521726191,0.42794025,0.0,336
JP,1998,cyclone,historical,0.06028775434,0.39808446,0.0,336
JP,1999,cyclone,historical,0.051095559692053566,0.35876524,0.0,336
JP,2000,cyclone,historical,0.05267063302342262,0.4096388,0.0,336
JP,2001,cyclone,historical,0.04540245122238095,0.37414134,0.0,336
JP,2002,cyclone,historical,0.059988796528541666,0.47419655,0.0,336
JP,2003,cyclone,historical,0.05525866534139881,0.39337426,0.0,336
JP,2004,cyclone,historical,0.055681056332866075,0.3703717,0.0,336
JP,2005,cyclone,historical,0.05523112018094048,0.41856888,0.0,336
JP,2006,cyclone,historical,0.04896182950809524,0.4034229,0.0,336
JP,2007,cyclone,historical,0.05840136710730357,0.46932662,0.0,336
JP,2008,cyclone,historical,0.059889484461089285,0.41517302,0.0,336
JP,2009,cyclone,historical,0.05799554036220238,0.38676703,0.0,336
JP,2010,cyclone,historical,0.05843413022321429,0.40927762,0.0,336
JP,2011,cyclone,historical,0.06494588096102977,0.3992806,0.0,336
JP,2012,cyclone,historical,0.049156159277380956,0.36349353,0.0,336
JP,2013,cyclone,historical,0.05446558313095238,0.4268949,0.0,336
JP,2014,cyclone,historical,0.04983136966817262,0.4009022,0.0,336
KE,1850,cyclone,historical,0.17160801883333332,0.3192202,0.011801876,12
KE,1851,cyclone,historical,0.15558788066666665,0.30742028,0.008600731,12
KE,1852,cyclone,historical,0.1840292958333333,0.30276114,0.05374314,12
KE,1853,cyclone,historical,0.202628222,0.37828743,0.035578802,12
KE,1854,cyclone,historical,0.16762968865000002,0.34318852,0.0038908948,12
KE,1855,cyclone,historical,0.13600339609166667,0.24681029,0.0017146891,12
KE,1856,cyclone,historical,0.18727958749999998,0.3066097,0.06719047,12
KE,1857,cyclone,historical,0.20063881616666668,0.34711382,0.016001664,12
KE,1858,cyclone,historical,0.17168426408333334,0.31501037,0.026420329,12
KE,1859,cyclone,historical,0.16281288414166667,0.3594252,0.0,12
KE,1860,cyclone,historical,0.11416778156666667,0.26984715,0.0019455309,12
KE,1861,cyclone,historical,0.12510279541666666,0.24488202,0.0020940013,12
KE,1862,cyclone,historical,0.21011494374999998,0.31582677,0.09731476,12
KE,1863,cyclone,historical,0.20578175166666668,0.3720079,0.04771041,12
KE,1864,cyclone,historical,0.1421802185,0.31823432,0.00822785,12
KE,1865,cyclone,historical,0.13135801162416666,0.28927407,0.00015667979,12
KE,1866,cyclone,historical,0.165789414,0.29536355,0.047047608,12
KE,1867,cyclone,historical,0.20069821208333335,0.33480686,0.03855553,12
KE,1868,cyclone,historical,0.21215090666666667,0.34981537,0.04603392,12
KE,1869,cyclone,historical,0.14437521541666667,0.30475336,0.0,12
KE,1870,cyclone,historical,0.15938322366666666,0.27607802,0.018957928,12
KE,1871,cyclone,historical,0.20169853116666667,0.32603,0.08415963,12
KE,1872,cyclone,historical,0.23812379208333334,0.37706345,0.09867612,12
KE,1873,cyclone,historical,0.166888380725,0.37702203,0.0012733127,12
KE,1874,cyclone,historical,0.12702781500000002,0.24623674,0.0,12
KE,1875,cyclone,historical,0.15911239208333333,0.25823253,0.060359545,12
KE,1876,cyclone,historical,0.20490335299999998,0.3650977,0.058455516,12
KE,1877,cyclone,historical,0.17217989530833333,0.37429255,0.0044486257,12
KE,1878,cyclone,historical,0.12563499041666668,0.2503848,0.001456852,12
KE,1879,cyclone,historical,0.1562131645,0.29433802,0.024436718,12
KE,1880,cyclone,historical,0.20324412825000002,0.3574891,0.061407484,12
KE,1881,cyclone,historical,0.18999141758333335,0.332494,0.028136179,12
KE,1882,cyclone,historical,0.16390885316666667,0.36054298,0.0,12
KE,1883,cyclone,historical,0.10838856146499999,0.21387658,0.00018072204,12
KE,1884,cyclone,historical,0.14937413408333333,0.25011992,0.005552517,12
KE,1885,cyclone,historical,0.19444335791666667,0.3381613,0.06285806,12
KE,1886,cyclone,historical,0.22277882274999997,0.38518912,0.069830224,12
KE,1887,cyclone,historical,0.18795350458333335,0.35706845,0.013199181,12
KE,1888,cyclone,historical,0.12227338991666666,0.2778323,0.001621734,12
KE,1889,cyclone,historical,0.14224038708333334,0.26640934,0.0101426,12
KE,1890,cyclone,historical,0.20919051033333336,0.35898685,0.074064754,12
KE,1891,cyclone,historical,0.19264746349999998,0.33804986,0.011935936,12
KE,1892,cyclone,historical,0.18718634275,0.37436956,0.007468188,12
KE,1893,cyclone,historical,0.159325022025,0.31264955,0.0011378195,12
KE,1894,cyclone,historical,0.15176973358333334,0.28128088,0.021751937,12
KE,1895,cyclone,historical,0.2119408575,0.35596448,0.07354799,12
KE,1896,cyclone,historical,0.18825597163333332,0.34566915,0.0067935116,12
KE,1897,cyclone,historical,0.15040141158333334,0.2525056,0.007916033,12
KE,1898,cyclone,historical,0.1836632911666667,0.31092632,0.05723256,12
KE,1899,cyclone,historical,0.214515851,0.34851924,0.059724223,12
KE,1900,cyclone,historical,0.22029348125,0.39427543,0.06615451,12
KE,1901,cyclone,historical,0.1828444685,0.3288982,0.010975625,12
KE,1902,cyclone,historical,0.21183849566666665,0.33567613,0.043032873,12
KE,1903,cyclone,historical,0.15253757060166667,0.31381947,0.0,12
KE,1904,cyclone,historical,0.14664013735,0.28456995,0.0028853372,12
KE,1905,cyclone,historical,0.15786905625,0.2699111,0.018198,12
KE,1906,cyclone,historical,0.17988538566666668,0.28013265,0.04199314,12
KE,1907,cyclone,historical,0.17695485266666666,0.34807283,0.008298567,12
KE,1908,cyclone,historical,0.14957695606666668,0.2833493,0.0033791938,12
KE,1909,cyclone,historical,0.22918642916666668,0.36963236,0.10227812,12
KE,1910,cyclone,historical,0.18731987620833332,0.33687648,0.0086406395,12
KE,1911,cyclone,historical,0.151462217875,0.30544657,0.0011333945,12
KE,1912,cyclone,historical,0.19219909049999997,0.35796568,0.009564712,12
KE,1913,cyclone,historical,0.18805626275,0.3268399,0.026326869,12
KE,1914,cyclone,historical,0.20819288525000001,0.38304874,0.041398123,12
KE,1915,cyclone,historical,0.21203256458333333,0.40264797,0.022154585,12
KE,1916,cyclone,historical,0.142718268115,0.29543367,0.00045923388,12
KE,1917,cyclone,historical,0.16309539258333333,0.3070793,0.0,12
KE,1918,cyclone,historical,0.18910617091666668,0.3131677,0.052100323,12
KE,1919,cyclone,historical,0.2206046825,0.32804286,0.05800052,12
KE,1920,cyclone,historical,0.19414190658333333,0.36985996,0.029601797,12
KE,1921,cyclone,historical,0.13773430595333333,0.29934567,0.00068533904,12
KE,1922,cyclone,historical,0.14706693925,0.25149328,0.024061618,12
KE,1923,cyclone,historical,0.2261798805,0.3566797,0.09443618,12
KE,1924,cyclone,historical,0.18324930983333332,0.3174305,0.010946209,12
KE,1925,cyclone,historical,0.156349240225,0.2764078,0.0042205937,12
KE,1926,cyclone,historical,0.19255790066666667,0.30687922,0.042602353,12
KE,1927,cyclone,historical,0.21831102408333333,0.33467516,0.06397272,12
KE,1928,cyclone,historical,0.1820544361666667,0.359698,0.021583863,12
KE,1929,cyclone,historical,0.14746828966666667,0.28103402,0.0016667489,12
KE,1930,cyclone,historical,0.1673453110166667,0.29474992,0.0010560302,12
KE,1931,cyclone,historical,0.22221963666666666,0.35427517,0.078808,12
KE,1932,cyclone,historical,0.2195298086666667,0.38683188,0.025471088,12
KE,1933,cyclone,historical,0.16637309391666666,0.32222107,0.005318935,12
KE,1934,cyclone,historical,0.16388977441666666,0.28679454,0.013578862,12
KE,1935,cyclone,historical,0.22301373791666668,0.35637426,0.08284032,12
KE,1936,cyclone,historical,0.202990831875,0.3574719,0.0035579195,12
KE,1937,cyclone,historical,0.15964859012,0.32013607,0.00059970544,12
KE,1938,cyclone,historical,0.19343902241666666,0.31563663,0.070779495,12
KE,1939,cyclone,historical,0.21041005975000002,0.41750354,0.020803057,12
KE,1940,cyclone,historical,0.18486631677499998,0.34491605,0.0045744353,12
KE,1941,cyclone,historical,0.1411711315625,0.3004218,0.00092495105,12
KE,1942,cyclone,historical,0.18035295141666666,0.3385549,0.024510503,12
KE,1943,cyclone,historical,0.1866772865,0.31566244,0.028960096,12
KE,1944,cyclone,historical,0.19905867683333334,0.35545766,0.0179346,12
KE,1945,cyclone,historical,0.18695559608333334,0.37435925,0.0,12
KE,1946,cyclone,historical,0.19093415366666666,0.29947406,0.038213424,12
KE,1947,cyclone,historical,0.2221736825,0.3371532,0.07739556,12
KE,1948,cyclone,historical,0.19587900825000001,0.39577618,0.015406278,12
KE,1949,cyclone,historical,0.1399977922725,0.26432824,0.0,12
KE,1950,cyclone,historical,0.14610777796666666,0.2689168,0.0038039866,12
KE,1951,cyclone,historical,0.21760046666666666,0.3540565,0.077338085,12
KE,1952,cyclone,historical,0.21939672125,0.3907403,0.039954502,12
KE,1953,cyclone,historical,0.15152795266666666,0.31043556,0.0,12
KE,1954,cyclone,historical,0.1550093015,0.25749272,0.040359363,12
KE,1955,cyclone,historical,0.20407884133333332,0.3303968,0.05026321,12
KE,1956,cyclone,historical,0.21598576425000002,0.36016124,0.057803005,12
KE,1957,cyclone,historical,0.20323477575,0.3705296,0.039235074,12
KE,1958,cyclone,historical,0.18144151900000002,0.30071676,0.03556487,12
KE,1959,cyclone,historical,0.19440358125,0.34373984,0.031706035,12
KE,1960,cyclone,historical,0.20988023874999998,0.33689344,0.076879755,12
KE,1961,cyclone,historical,0.24670696166666664,0.403937,0.05710707,12
KE,1962,cyclone,historical,0.187239525025,0.37787533,0.0017953343,12
KE,1963,cyclone,historical,0.11342849575000001,0.2557822,0.0,12
KE,1964,cyclone,historical,0.18808443,0.30198207,0.05290854,12
KE,1965,cyclone,historical,0.24060597833333333,0.38460732,0.0746586,12
KE,1966,cyclone,historical,0.1530838201416667,0.3536181,0.0,12
KE,1967,cyclone,historical,0.13451854308333333,0.27063733,0.0,12
KE,1968,cyclone,historical,0.23564323708333335,0.3757179,0.09860506,12
KE,1969,cyclone,historical,0.22648055916666665,0.38361496,0.05165196,12
KE,1970,cyclone,historical,0.1671434939583333,0.32770228,0.0015563329,12
KE,1971,cyclone,historical,0.15783786630833332,0.30740267,0.0012755897,12
KE,1972,cyclone,historical,0.16218839266666665,0.26131505,0.03914473,12
KE,1973,cyclone,historical,0.23062056791666666,0.39627957,0.09142247,12
KE,1974,cyclone,historical,0.19446155041666668,0.37421817,0.036989145,12
KE,1975,cyclone,historical,0.17703831299999997,0.33128607,0.013480652,12
KE,1976,cyclone,historical,0.18118424408333333,0.28929722,0.048199285,12
KE,1977,cyclone,historical,0.24491449783333333,0.36554164,0.08842462,12
KE,1978,cyclone,historical,0.188568403,0.37821352,0.016537938,12
KE,1979,cyclone,historical,0.18346409075,0.31998968,0.018756304,12
KE,1980,cyclone,historical,0.2175879658333333,0.34662223,0.05339207,12
KE,1981,cyclone,historical,0.21392319883333333,0.37147686,0.04375334,12
KE,1982,cyclone,historical,0.1570112703,0.29895827,0.0067927046,12
KE,1983,cyclone,historical,0.14238365291666666,0.27821255,0.008556262,12
KE,1984,cyclone,historical,0.207152005,0.31657252,0.09711697,12
KE,1985,cyclone,historical,0.2501014771666667,0.40449435,0.06482792,12
KE,1986,cyclone,historical,0.17095156741666664,0.32549706,0.010754396,12
KE,1987,cyclone,historical,0.17537871608333333,0.31235594,0.036010303,12
KE,1988,cyclone,historical,0.23804263991666666,0.40227348,0.083808854,12
KE,1989,cyclone,historical,0.20493071625,0.3918955,0.034420587,12
KE,1990,cyclone,historical,0.19450454258333336,0.32433248,0.003134948,12
KE,1991,cyclone,historical,0.18568134475,0.3372634,0.01716348,12
KE,1992,cyclone,historical,0.15665507874999998,0.27717054,0.010851242,12
KE,1993,cyclone,historical,0.20357113583333333,0.34000745,0.06065787,12
KE,1994,cyclone,historical,0.22302653866666666,0.36974117,0.069004014,12
KE,1995,cyclone,historical,0.17524789634166668,0.33730888,0.0031598806,12
KE,1996,cyclone,historical,0.17769391025,0.31574535,0.025834609,12
KE,1997,cyclone,historical,0.26372190916666666,0.39927813,0.11572002,12
KE,1998,cyclone,historical,0.22879805416666665,0.3792179,0.04265599,12
KE,1999,cyclone,historical,0.19629012833333334,0.3334943,0.08170763,12
KE,2000,cyclone,historical,0.211925825,0.31899476,0.06875027,12
KE,2001,cyclone,historical,0.22613706166666667,0.3419711,0.07276128,12
KE,2002,cyclone,historical,0.2649686783333333,0.41992635,0.13142335,12
KE,2003,cyclone,historical,0.21107105458333333,0.3900293,0.056915395,12
KE,2004,cyclone,historical,0.16480651875,0.30463234,0.008674657,12
KE,2005,cyclone,historical,0.2035414825,0.33580124,0.05113338,12
KE,2006,cyclone,historical,0.24451957083333334,0.4097179,0.085898,12
KE,2007,cyclone,historical,0.2375795705,0.398755,0.0588064,12
KE,2008,cyclone,historical,0.21693918366666667,0.37641943,0.019461354,12
KE,2009,cyclone,historical,0.24171130666666665,0.36355442,0.10266031,12
KE,2010,cyclone,historical,0.2807434525,0.41636312,0.15472585,12
KE,2011,cyclone,historical,0.2263232979166667,0.36535677,0.04606999,12
KE,2012,cyclone,historical,0.17266921825,0.34286714,0.008032572,12
KE,2013,cyclone,historical,0.20138098783333336,0.30826378,0.057576314,12
KE,2014,cyclone,historical,0.25871036166666667,0.3772213,0.1142432,12
KI,1850,cyclone,historical,0.22477000099166666,0.34383515,0.0,168
KI,1851,cyclone,historical,0.23438689034107144,0.36480016,0.0,168
KI,1852,cyclone,historical,0.24173025537738094,0.38898933,0.0,168
KI,1853,cyclone,historical,0.22563318539464286,0.38657182,0.0,168
KI,1854,cyclone,historical,0.19161026767619047,0.31450087,0.0,168
KI,1855,cyclone,historical,0.21641686222083334,0.34421927,0.0,168
KI,1856,cyclone,historical,0.22947145028214286,0.37854818,0.0,168
KI,1857,cyclone,historical,0.1931111651952381,0.35926107,0.0,168
KI,1858,cyclone,historical,0.2505607700047619,0.39874065,0.0,168
KI,1859,cyclone,historical,0.1764997675779762,0.32380822,0.0,168
KI,1860,cyclone,historical,0.1631981504529762,0.27265236,0.0,168
KI,1861,cyclone,historical,0.23865056249,0.3656127,0.0,168
KI,1862,cyclone,historical,0.22054823178154762,0.36596835,0.0,168
KI,1863,cyclone,historical,0.16504096982255953,0.32425588,0.0,168
KI,1864,cyclone,historical,0.16328591080595237,0.2989925,0.0,168
KI,1865,cyclone,historical,0.20942241730952382,0.33355737,0.0,168
KI,1866,cyclone,historical,0.23461491564583334,0.3714354,0.0,168
KI,1867,cyclone,historical,0.20702865181988095,0.37513775,0.0,168
KI,1868,cyclone,historical,0.18792308880952382,0.35426104,0.0,168
KI,1869,cyclone,historical,0.19041167230642855,0.31143063,0.0,168
KI,1870,cyclone,historical,0.23173808338511903,0.34623402,0.0,168
KI,1871,cyclone,historical,0.23263094412541666,0.3634792,0.0,168
KI,1872,cyclone,historical,0.20425105466336307,0.36277333,0.0,168
KI,1873,cyclone,historical,0.1449736612279762,0.32588056,0.0,168
KI,1874,cyclone,historical,0.17468534469113095,0.28552958,0.0,168
KI,1875,cyclone,historical,0.2275276777095238,0.35039967,0.0,168
KI,1876,cyclone,historical,0.18788081384797617,0.334378,0.0,168
KI,1877,cyclone,historical,0.15883493929583334,0.2943374,0.0,168
KI,1878,cyclone,historical,0.1651419290577381,0.2661897,0.0,168
KI,1879,cyclone,historical,0.2520159325434524,0.3726415,0.0,168
KI,1880,cyclone,historical,0.21436476971130952,0.3852718,0.0,168
KI,1881,cyclone,historical,0.18840383713970238,0.32364976,0.0,168
KI,1882,cyclone,historical,0.16270303366607144,0.2708735,0.0,168
KI,1883,cyclone,historical,0.19329936907327383,0.30673587,0.0,168
KI,1884,cyclone,historical,0.22853141576607144,0.37396795,0.0,168
KI,1885,cyclone,historical,0.21247183884488094,0.35834217,0.0,168
KI,1886,cyclone,historical,0.20862720705357143,0.3609002,0.0,168
KI,1887,cyclone,historical,0.17687822410892856,0.3016426,0.0,168
KI,1888,cyclone,historical,0.18171584838869048,0.28309613,0.0,168
KI,1889,cyclone,historical,0.23418330181321428,0.37138206,0.0,168
KI,1890,cyclone,historical,0.22348406346988098,0.381159,0.0,168
KI,1891,cyclone,historical,0.22345260936964287,0.38630527,0.0,168
KI,1892,cyclone,historical,0.2086649458575,0.3545158,0.0,168
KI,1893,cyclone,historical,0.1864657453660714,0.3008532,0.0,168
KI,1894,cyclone,historical,0.2330199077767857,0.35716352,0.0,168
KI,1895,cyclone,historical,0.21073232876839285,0.39831898,0.0,168
KI,1896,cyclone,historical,0.18334712555952382,0.39932042,0.0,168
KI,1897,cyclone,historical,0.18990803950238094,0.31237093,0.0,168
KI,1898,cyclone,historical,0.25181540054678575,0.382779,0.0,168
KI,1899,cyclone,historical,0.2173725970462738,0.38450453,0.0,168
KI,1900,cyclone,historical,0.22167267449583333,0.35659662,0.0,168
KI,1901,cyclone,historical,0.24244436829285712,0.37201965,0.0,168
KI,1902,cyclone,historical,0.2347095923970238,0.3910287,0.0,168
KI,1903,cyclone,historical,0.19583267191666667,0.35017067,0.0,168
KI,1904,cyclone,historical,0.17291783754464285,0.2933431,0.0,168
KI,1905,cyclone,historical,0.22380884679220236,0.34249783,0.0,168
KI,1906,cyclone,historical,0.2256889734797619,0.35929292,0.0,168
KI,1907,cyclone,historical,0.20058202723273807,0.32744467,0.0,168
KI,1908,cyclone,historical,0.2382672469047619,0.36625534,0.0,168
KI,1909,cyclone,historical,0.22015667396553573,0.3801427,0.0,168
KI,1910,cyclone,historical,0.2286176356660714,0.37957233,0.0,168
KI,1911,cyclone,historical,0.23119008549648812,0.38492206,0.0,168
KI,1912,cyclone,historical,0.24275560026488094,0.38017952,0.0,168
KI,1913,cyclone,historical,0.22891512885077384,0.38201198,0.0,168
KI,1914,cyclone,historical,0.19498062715130954,0.34614918,0.0,168
KI,1915,cyclone,historical,0.2084613726607143,0.34801453,0.0,168
KI,1916,cyclone,historical,0.2182835292857143,0.34470928,0.0,168
KI,1917,cyclone,historical,0.24270275156071427,0.3643102,0.0,168
KI,1918,cyclone,historical,0.258347962202381,0.3899492,0.0,168
KI,1919,cyclone,historical,0.22100924191250002,0.36923158,0.0,168
KI,1920,cyclone,historical,0.23069112913869047,0.3593041,0.0,168
KI,1921,cyclone,historical,0.19828450316428572,0.2986883,0.0,168
KI,1922,cyclone,historical,0.2551898415178571,0.39707434,0.0,168
KI,1923,cyclone,historical,0.20782572888714285,0.3757826,0.0,168
KI,1924,cyclone,historical,0.19355019550416666,0.31919795,0.0,168
KI,1925,cyclone,historical,0.21523125958928574,0.33408317,0.0,168
KI,1926,cyclone,historical,0.24272310399226193,0.3963104,0.0,168
KI,1927,cyclone,historical,0.20581304834107145,0.36721033,0.0,168
KI,1928,cyclone,historical,0.20076479866625002,0.34727043,0.0,168
KI,1929,cyclone,historical,0.22094921052380953,0.34443718,0.0,168
KI,1930,cyclone,historical,0.25028983430357143,0.37090796,0.0,168
KI,1931,cyclone,historical,0.23324985784754165,0.37712583,0.0,168
KI,1932,cyclone,historical,0.1664686187886905,0.34909123,0.0,168
KI,1933,cyclone,historical,0.18427297058297618,0.30690658,0.0,168
KI,1934,cyclone,historical,0.2636925558086905,0.38518417,0.0,168
KI,1935,cyclone,historical,0.22844052522619046,0.39159843,0.0,168
KI,1936,cyclone,historical,0.228231108584625,0.39407018,0.0,168
KI,1937,cyclone,historical,0.23051505949547618,0.35486853,0.0,168
KI,1938,cyclone,historical,0.2324392068422619,0.39188802,0.0,168
KI,1939,cyclone,historical,0.20639633189869047,0.35337782,0.0,168
KI,1940,cyclone,historical,0.18768567378749998,0.3304248,0.0,168
KI,1941,cyclone,historical,0.19063591445988093,0.30823302,0.0,168
KI,1942,cyclone,historical,0.22244033379482142,0.34862083,0.0,168
KI,1943,cyclone,historical,0.25798842803964284,0.3929271,0.0,168
KI,1944,cyclone,historical,0.2291684996702381,0.38278002,0.0,168
KI,1945,cyclone,historical,0.2574679770178572,0.39852154,0.0,168
KI,1946,cyclone,historical,0.2502959733767857,0.38483912,0.0,168
KI,1947,cyclone,historical,0.2080452922089286,0.35637265,0.0,168
KI,1948,cyclone,historical,0.17554879217142857,0.35978553,0.0,168
KI,1949,cyclone,historical,0.17529895770833334,0.29099423,0.0,168
KI,1950,cyclone,historical,0.24424448199880955,0.36996973,0.0,168
KI,1951,cyclone,historical,0.24765323166666664,0.4005946,0.0,168
KI,1952,cyclone,historical,0.20462377024511907,0.34082553,0.0,168
KI,1953,cyclone,historical,0.22464094207678573,0.3581972,0.0,168
KI,1954,cyclone,historical,0.24910155566964287,0.37233198,0.0,168
KI,1955,cyclone,historical,0.21965622204047616,0.37632197,0.0,168
KI,1956,cyclone,historical,0.24346110055238096,0.3853071,0.0,168
KI,1957,cyclone,historical,0.2223798719232143,0.35679814,0.0,168
KI,1958,cyclone,historical,0.2489198400839286,0.36236474,0.0,168
KI,1959,cyclone,historical,0.2565949428297619,0.39208862,0.0,168
KI,1960,cyclone,historical,0.2562718332555952,0.38456416,0.0,168
KI,1961,cyclone,historical,0.1872576922249405,0.33495575,0.0,168
KI,1962,cyclone,historical,0.15829172236238095,0.30152833,0.0,168
KI,1963,cyclone,historical,0.17320098592261904,0.2820683,0.0,168
KI,1964,cyclone,historical,0.20587943417261903,0.3513884,0.0,168
KI,1965,cyclone,historical,0.17215963397678571,0.3287781,0.0,168
KI,1966,cyclone,historical,0.17454120732619047,0.30353072,0.0,168
KI,1967,cyclone,historical,0.23479212420077383,0.3895054,0.0,168
KI,1968,cyclone,historical,0.22694360737059527,0.38139558,0.0,168
KI,1969,cyclone,historical,0.22442974658708334,0.37680522,0.0,168
KI,1970,cyclone,historical,0.20835305345714283,0.3830794,0.0,168
KI,1971,cyclone,historical,0.20367689197738098,0.31325328,0.0,168
KI,1972,cyclone,historical,0.2564046928190476,0.4019539,0.0,168
KI,1973,cyclone,historical,0.20858000261171428,0.37875918,0.0,168
KI,1974,cyclone,historical,0.24693809510535714,0.3720358,0.0,168
KI,1975,cyclone,historical,0.21978673005119045,0.34259152,0.0,168
KI,1976,cyclone,historical,0.25170733568869047,0.39242995,0.0,168
KI,1977,cyclone,historical,0.22239506788154764,0.38459063,0.0,168
KI,1978,cyclone,historical,0.24166958763035715,0.34572902,0.0,168
KI,1979,cyclone,historical,0.25366761688095235,0.3894504,0.0,168
KI,1980,cyclone,historical,0.2287976377839286,0.38444105,0.0,168
KI,1981,cyclone,historical,0.18157524061071428,0.34962484,0.0,168
KI,1982,cyclone,historical,0.193910805625,0.3091851,0.0,168
KI,1983,cyclone,historical,0.23277155417261902,0.3323505,0.0,168
KI,1984,cyclone,historical,0.21572020926130953,0.35425448,0.0,168
KI,1985,cyclone,historical,0.18775369228035715,0.3610821,0.0,168
KI,1986,cyclone,historical,0.21872341513095236,0.3345541,0.0,168
KI,1987,cyclone,historical,0.2693534333952381,0.4017112,0.0,168
KI,1988,cyclone,historical,0.22627087961083334,0.37289935,0.0,168
KI,1989,cyclone,historical,0.23358229282559523,0.3821642,0.0,168
KI,1990,cyclone,historical,0.24460757662011906,0.35679418,0.0,168
KI,1991,cyclone,historical,0.24463433692261902,0.369905,0.0,168
KI,1992,cyclone,historical,0.25560504995833333,0.39100045,0.0,168
KI,1993,cyclone,historical,0.2530993710654762,0.39671656,0.0,168
KI,1994,cyclone,historical,0.21320686292976193,0.37857217,0.0,168
KI,1995,cyclone,historical,0.21343513254821428,0.33670804,0.0,168
KI,1996,cyclone,historical,0.26716543233690476,0.39009696,0.0,168
KI,1997,cyclone,historical,0.24771585689404763,0.40707642,0.0,168
KI,1998,cyclone,historical,0.23463053682083332,0.40830064,0.0,168
KI,1999,cyclone,historical,0.22956124968011904,0.33246067,0.0,168
KI,2000,cyclone,historical,0.27792277103988094,0.42995113,0.0,168
KI,2001,cyclone,historical,0.25768996815416667,0.39097494,0.0,168
KI,2002,cyclone,historical,0.2244171330135119,0.3768818,0.0,168
KI,2003,cyclone,historical,0.16664776569119047,0.2956367,0.0,168
KI,2004,cyclone,historical,0.21069640714761903,0.3391426,0.0,168
KI,2005,cyclone,historical,0.27704589066249996,0.3867667,0.0,168
KI,2006,cyclone,historical,0.2291313576077381,0.39459798,0.0,168
KI,2007,cyclone,historical,0.27515559532916667,0.42950988,0.0,168
KI,2008,cyclone,historical,0.26692743678869046,0.4143359,0.0,168
KI,2009,cyclone,historical,0.28284437407142854,0.43972197,0.0,168
KI,2010,cyclone,historical,0.24873425029567262,0.42637157,0.0,168
KI,2011,cyclone,historical,0.2384362410773512,0.4230606,0.0,168
KI,2012,cyclone,historical,0.25031689669107143,0.37997347,0.0,168
KI,2013,cyclone,historical,0.29589187534940475,0.43393713,0.0,168
KI,2014,cyclone,historical,0.25593849591785717,0.44422466,0.0,168
KM,1850,cyclone,historical,0.16548122125,0.31009018,0.0,12
KM,1851,cyclone,historical,0.1648825125,0.334112,0.0,12
KM,1852,cyclone,historical,0.17347959483333333,0.37071687,0.015409233,12
KM,1853,cyclone,historical,0.1831317245,0.35134363,0.003160691,12
KM,1854,cyclone,historical,0.162405928575,0.33501455,0.0018027129,12
KM,1855,cyclone,historical,0.14240855673083333,0.30385447,0.0,12
KM,1856,cyclone,historical,0.18594388125000003,0.322886,0.023898685,12
KM,1857,cyclone,historical,0.19896289413333335,0.38416058,0.0013479046,12
KM,1858,cyclone,historical,0.172660608325,0.36429644,0.0017546533,12
KM,1859,cyclone,historical,0.162470725,0.34247416,0.0,12
KM,1860,cyclone,historical,0.13169426225,0.32850856,0.0,12
KM,1861,cyclone,historical,0.12815292858333333,0.29304057,0.0,12
KM,1862,cyclone,historical,0.19131527141666668,0.35406092,0.029638296,12
KM,1863,cyclone,historical,0.19497440666666666,0.3944779,0.00854033,12
KM,1864,cyclone,historical,0.14561612258333334,0.3180756,0.0,12
KM,1865,cyclone,historical,0.136911217,0.28617263,0.0,12
KM,1866,cyclone,historical,0.15160014108333333,0.30891785,0.010259819,12
KM,1867,cyclone,historical,0.18757288208333334,0.39160174,0.010979542,12
KM,1868,cyclone,historical,0.19513688399999998,0.35605693,0.015511214,12
KM,1869,cyclone,historical,0.15592035889166667,0.31825614,0.0,12
KM,1870,cyclone,historical,0.14093666808333333,0.2806299,0.0,12
KM,1871,cyclone,historical,0.17598477483333333,0.34287143,0.025600113,12
KM,1872,cyclone,historical,0.2188505975,0.44114634,0.021481637,12
KM,1873,cyclone,historical,0.17001881760833334,0.4095462,0.0,12
KM,1874,cyclone,historical,0.13014815666666665,0.3134951,0.0,12
KM,1875,cyclone,historical,0.14637199208333332,0.31440035,0.0,12
KM,1876,cyclone,historical,0.18072004441666667,0.34211516,0.01286266,12
KM,1877,cyclone,historical,0.17177978036666666,0.37928653,0.0,12
KM,1878,cyclone,historical,0.133885607,0.2796812,0.0,12
KM,1879,cyclone,historical,0.14700070431666667,0.3371601,0.0,12
KM,1880,cyclone,historical,0.19122228283333334,0.38362178,0.032898147,12
KM,1881,cyclone,historical,0.1791738725833333,0.35693538,0.012976251,12
KM,1882,cyclone,historical,0.169777496525,0.3510595,0.0,12
KM,1883,cyclone,historical,0.12686509808333332,0.27602783,0.0,12
KM,1884,cyclone,historical,0.149436494,0.30913252,0.0,12
KM,1885,cyclone,historical,0.18636429,0.33637008,0.03130573,12
KM,1886,cyclone,historical,0.20726733916666665,0.40592837,0.025860924,12
KM,1887,cyclone,historical,0.17548715544166668,0.3657474,0.001230686,12
KM,1888,cyclone,historical,0.1344581492,0.3061152,0.0,12
KM,1889,cyclone,historical,0.135917819,0.27896735,0.0,12
KM,1890,cyclone,historical,0.18522956266666668,0.369031,0.01578199,12
KM,1891,cyclone,historical,0.18246050648333334,0.3806222,0.0018331897,12
KM,1892,cyclone,historical,0.18516849049999998,0.36675632,0.0027164323,12
KM,1893,cyclone,historical,0.16667291812499999,0.37987643,0.0,12
KM,1894,cyclone,historical,0.15665096691666666,0.32517594,0.0,12
KM,1895,cyclone,historical,0.207497308,0.38825566,0.023705274,12
KM,1896,cyclone,historical,0.19139904656666665,0.42967182,0.0,12
KM,1897,cyclone,historical,0.15711831968333334,0.32841405,0.0,12
KM,1898,cyclone,historical,0.18424778770833336,0.35546488,0.010072855,12
KM,1899,cyclone,historical,0.19568200508333333,0.3754671,0.029824674,12
KM,1900,cyclone,historical,0.20962638383333332,0.38546005,0.037997156,12
KM,1901,cyclone,historical,0.1729004857833333,0.35937873,0.0007055464,12
KM,1902,cyclone,historical,0.20320151625000002,0.36871657,0.014816695,12
KM,1903,cyclone,historical,0.16235847552500002,0.36110935,0.0,12
KM,1904,cyclone,historical,0.15265258966666667,0.32131767,0.0,12
KM,1905,cyclone,historical,0.1447312038,0.3029545,0.0,12
KM,1906,cyclone,historical,0.17127466994166665,0.32018995,0.0035158633,12
KM,1907,cyclone,historical,0.17799986947500002,0.3931042,0.0,12
KM,1908,cyclone,historical,0.14377137008333332,0.3116325,0.0,12
KM,1909,cyclone,historical,0.20100366616666668,0.40121293,0.05245725,12
KM,1910,cyclone,historical,0.1802029534,0.37194374,0.0,12
KM,1911,cyclone,historical,0.15717079129641667,0.32608038,0.0,12
KM,1912,cyclone,historical,0.18915599845,0.38396645,0.0021631604,12
KM,1913,cyclone,historical,0.17044426364166668,0.34558058,0.0039753607,12
KM,1914,cyclone,historical,0.19224539275,0.3870015,0.012958778,12
KM,1915,cyclone,historical,0.19936649341666668,0.39864624,0.009950361,12
KM,1916,cyclone,historical,0.14743902558333333,0.3046329,0.0,12
KM,1917,cyclone,historical,0.1725193766391667,0.3529716,0.00038436727,12
KM,1918,cyclone,historical,0.18142510460000003,0.35553163,0.0027867637,12
KM,1919,cyclone,historical,0.20569631224999999,0.3682847,0.0099656,12
KM,1920,cyclone,historical,0.19087327899999998,0.40515608,0.011719068,12
KM,1921,cyclone,historical,0.15041573566666666,0.34702784,0.0,12
KM,1922,cyclone,historical,0.13832419015,0.25606406,0.0,12
KM,1923,cyclone,historical,0.20877957825000001,0.36198252,0.032768622,12
KM,1924,cyclone,historical,0.18466441196666664,0.38765222,0.0,12
KM,1925,cyclone,historical,0.15283248241666667,0.29847348,0.0,12
KM,1926,cyclone,historical,0.19067090458333333,0.34298646,0.008877225,12
KM,1927,cyclone,historical,0.21926168641666666,0.3966018,0.013366699,12
KM,1928,cyclone,historical,0.17455994908333336,0.36372542,0.0,12
KM,1929,cyclone,historical,0.15878461295833332,0.31909803,0.0,12
KM,1930,cyclone,historical,0.17251320466666667,0.34967834,0.0,12
KM,1931,cyclone,historical,0.21182427358333333,0.3746144,0.0331824,12
KM,1932,cyclone,historical,0.22235975566666666,0.42966452,0.026544897,12
KM,1933,cyclone,historical,0.163436075,0.35980004,0.0,12
KM,1934,cyclone,historical,0.16018051122083335,0.31924394,0.00059301645,12
KM,1935,cyclone,historical,0.21097700158333332,0.37216765,0.057950705,12
KM,1936,cyclone,historical,0.20570644375,0.4025103,0.010800197,12
KM,1937,cyclone,historical,0.15482933021666667,0.30843925,0.0,12
KM,1938,cyclone,historical,0.18514212954166667,0.3700937,0.0154397115,12
KM,1939,cyclone,historical,0.19852462746666666,0.39149174,0.0072601936,12
KM,1940,cyclone,historical,0.17475720955850002,0.41001058,0.0,12
KM,1941,cyclone,historical,0.14777784341666667,0.32751855,0.0,12
KM,1942,cyclone,historical,0.17570337325,0.34774572,0.0036741085,12
KM,1943,cyclone,historical,0.1882863485,0.34995583,0.006065259,12
KM,1944,cyclone,historical,0.204787871225,0.41169208,0.0050455667,12
KM,1945,cyclone,historical,0.18819919380833336,0.4081657,0.0016819777,12
KM,1946,cyclone,historical,0.18805125591666663,0.336985,0.014445111,12
KM,1947,cyclone,historical,0.22259562125,0.43918514,0.024680644,12
KM,1948,cyclone,historical,0.18572465875,0.3921877,0.00611918,12
KM,1949,cyclone,historical,0.15464198866666667,0.33228758,0.0,12
KM,1950,cyclone,historical,0.14571363769999998,0.30764052,0.0,12
KM,1951,cyclone,historical,0.19966199058333334,0.35369742,0.04464756,12
KM,1952,cyclone,historical,0.22240282825,0.40725392,0.016963555,12
KM,1953,cyclone,historical,0.16058094208333334,0.32740772,0.0,12
KM,1954,cyclone,historical,0.15780763603333334,0.32007715,0.0017435176,12
KM,1955,cyclone,historical,0.18307421083333333,0.3780963,0.008008635,12
KM,1956,cyclone,historical,0.19991686225000002,0.39608616,0.003286701,12
KM,1957,cyclone,historical,0.19978172949999998,0.36626703,0.032736383,12
KM,1958,cyclone,historical,0.17722095456666667,0.36009043,0.0011386693,12
KM,1959,cyclone,historical,0.17684614008333333,0.3684165,0.005112162,12
KM,1960,cyclone,historical,0.19366092525,0.33866432,0.029068613,12
KM,1961,cyclone,historical,0.22509654258333334,0.4116627,0.03967749,12
KM,1962,cyclone,historical,0.18982963694416666,0.42974284,0.00045938723,12
KM,1963,cyclone,historical,0.11364451916666667,0.24430326,0.0,12
KM,1964,cyclone,historical,0.18081061716666666,0.31894362,0.006967623,12
KM,1965,cyclone,historical,0.21135171358333335,0.38088125,0.035630513,12
KM,1966,cyclone,historical,0.15330433635,0.35462317,0.0,12
KM,1967,cyclone,historical,0.1359685695,0.31767547,0.0,12
KM,1968,cyclone,historical,0.22506505458333334,0.36369982,0.058797024,12
KM,1969,cyclone,historical,0.20095290583333333,0.40265793,0.022846757,12
KM,1970,cyclone,historical,0.17837592555833334,0.35417438,0.0014117887,12
KM,1971,cyclone,historical,0.15773472992833334,0.319629,0.0,12
KM,1972,cyclone,historical,0.162469666345,0.30343598,0.00051916874,12
KM,1973,cyclone,historical,0.21729059166666667,0.41107398,0.044595983,12
KM,1974,cyclone,historical,0.18924501901666668,0.39623877,0.0019175872,12
KM,1975,cyclone,historical,0.16695522235000002,0.32438275,0.0,12
KM,1976,cyclone,historical,0.17162900013333335,0.34494707,0.0006803444,12
KM,1977,cyclone,historical,0.23544021608333332,0.3962904,0.045379005,12
KM,1978,cyclone,historical,0.166822425,0.36422282,0.0,12
KM,1979,cyclone,historical,0.17823077126666667,0.36620936,0.0073663862,12
KM,1980,cyclone,historical,0.20697356525,0.37007034,0.025423702,12
KM,1981,cyclone,historical,0.21061537158333332,0.4155321,0.014398224,12
KM,1982,cyclone,historical,0.15879587489166666,0.3304195,0.0,12
KM,1983,cyclone,historical,0.148704774,0.32559586,0.0,12
KM,1984,cyclone,historical,0.1902802445,0.34250498,0.049892507,12
KM,1985,cyclone,historical,0.23610768866666665,0.44892117,0.032231174,12
KM,1986,cyclone,historical,0.16512073075,0.32274383,0.0,12
KM,1987,cyclone,historical,0.165071749775,0.32972783,0.0051920903,12
KM,1988,cyclone,historical,0.21616556241666665,0.43081218,0.038189396,12
KM,1989,cyclone,historical,0.20068553341666664,0.38591158,0.02178124,12
KM,1990,cyclone,historical,0.18896828635,0.3381412,0.0037186518,12
KM,1991,cyclone,historical,0.1896035256666667,0.4159084,0.008718394,12
KM,1992,cyclone,historical,0.15686835160833332,0.29559124,0.0008591028,12
KM,1993,cyclone,historical,0.19060413341666668,0.3601237,0.014877648,12
KM,1994,cyclone,historical,0.2131652026666667,0.39450258,0.014426942,12
KM,1995,cyclone,historical,0.175858694075,0.36418796,0.0,12
KM,1996,cyclone,historical,0.1732107992566667,0.3321163,0.00034802948,12
KM,1997,cyclone,historical,0.2416976325,0.41909993,0.06105993,12
KM,1998,cyclone,historical,0.22307206083333334,0.4023921,0.02464665,12
KM,1999,cyclone,historical,0.17749844141666668,0.32151812,0.021994468,12
KM,2000,cyclone,historical,0.20284335141666665,0.3586396,0.025961148,12
KM,2001,cyclone,historical,0.20485506616666668,0.3690633,0.016657613,12
KM,2002,cyclone,historical,0.2439655675,0.42119116,0.05901622,12
KM,2003,cyclone,historical,0.20785994179166667,0.3932373,0.0134675065,12
KM,2004,cyclone,historical,0.16511498105,0.34510964,0.0,12
KM,2005,cyclone,historical,0.1946071110833333,0.37879747,0.008471172,12
KM,2006,cyclone,historical,0.22403480224999997,0.41296822,0.057805937,12
KM,2007,cyclone,historical,0.2242914686666667,0.39917699,0.03241931,12
KM,2008,cyclone,historical,0.22025184208333334,0.40842277,0.022531915,12
KM,2009,cyclone,historical,0.22120306016666666,0.37207797,0.0544359,12
KM,2010,cyclone,historical,0.25430517425,0.4346098,0.08471055,12
KM,2011,cyclone,historical,0.22457283400000003,0.46556333,0.024945557,12
KM,2012,cyclone,historical,0.16892589439999997,0.35148042,0.0022018426,12
KM,2013,cyclone,historical,0.1831167955,0.3700418,0.00884803,12
KM,2014,cyclone,historical,0.25416016874999997,0.44565377,0.0848014,12
KP,1850,cyclone,historical,0.028121006333333334,0.102263816,0.0,12
KP,1851,cyclone,historical,0.026642093083333335,0.11520125,0.0,12
KP,1852,cyclone,historical,0.02615809655,0.109628856,0.0,12
KP,1853,cyclone,historical,0.02490925025,0.12184717,0.0,12
KP,1854,cyclone,historical,0.02741765875,0.089982286,0.0,12
KP,1855,cyclone,historical,0.029837641141666666,0.09784113,0.0,12
KP,1856,cyclone,historical,0.028678749583333333,0.100828305,0.0,12
KP,1857,cyclone,historical,0.02211908933333333,0.096209496,0.0,12
KP,1858,cyclone,historical,0.033389093833333335,0.11742231,0.0,12
KP,1859,cyclone,historical,0.023181990666666666,0.08982885,0.0,12
KP,1860,cyclone,historical,0.028005838833333335,0.10942355,0.0,12
KP,1861,cyclone,historical,0.021336051416666668,0.06765812,0.0,12
KP,1862,cyclone,historical,0.02581758916666667,0.10921338,0.0,12
KP,1863,cyclone,historical,0.02880008766666667,0.15624055,0.0,12
KP,1864,cyclone,historical,0.02478552808333333,0.1065012,0.0,12
KP,1865,cyclone,historical,0.0348231665,0.11047277,0.0,12
KP,1866,cyclone,historical,0.027552816416666664,0.14910945,0.0,12
KP,1867,cyclone,historical,0.02618515508333333,0.13289958,0.0,12
KP,1868,cyclone,historical,0.024347320000000002,0.08376534,0.0,12
KP,1869,cyclone,historical,0.02329828573333333,0.116697274,0.0,12
KP,1870,cyclone,historical,0.020807121941666666,0.11188936,0.0,12
KP,1871,cyclone,historical,0.027228787,0.095869124,0.0,12
KP,1872,cyclone,historical,0.02501419958333333,0.115369275,0.0,12
KP,1873,cyclone,historical,0.0228344585,0.105024084,0.0,12
KP,1874,cyclone,historical,0.030136278125,0.14711693,0.0,12
KP,1875,cyclone,historical,0.0261088865,0.11410719,0.0,12
KP,1876,cyclone,historical,0.024687241999999998,0.094471425,0.0,12
KP,1877,cyclone,historical,0.0305203245,0.16373742,0.0,12
KP,1878,cyclone,historical,0.02713986775,0.1361742,0.0,12
KP,1879,cyclone,historical,0.02845530125,0.12134093,0.0,12
KP,1880,cyclone,historical,0.0249822785,0.09155881,0.0,12
KP,1881,cyclone,historical,0.023978581333333332,0.102111466,0.0,12
KP,1882,cyclone,historical,0.022392514333333335,0.11320223,0.0,12
KP,1883,cyclone,historical,0.018642959416666667,0.08934206,0.0,12
KP,1884,cyclone,historical,0.021991451075,0.08885366,0.0,12
KP,1885,cyclone,historical,0.02692281105,0.10473126,0.0,12
KP,1886,cyclone,historical,0.0232086897375,0.113770604,0.0,12
KP,1887,cyclone,historical,0.02584000989,0.10005572,0.0,12
KP,1888,cyclone,historical,0.02818187883333333,0.12883565,0.0,12
KP,1889,cyclone,historical,0.029025381069999998,0.109884396,0.0,12
KP,1890,cyclone,historical,0.024551003525,0.10666329,0.0,12
KP,1891,cyclone,historical,0.020433071583333334,0.07080522,0.0,12
KP,1892,cyclone,historical,0.025053278499999998,0.090828896,0.0,12
KP,1893,cyclone,historical,0.02178722555,0.117170006,0.0,12
KP,1894,cyclone,historical,0.028473401225,0.12723912,0.0,12
KP,1895,cyclone,historical,0.02512229913333333,0.1325241,0.0,12
KP,1896,cyclone,historical,0.018112095166666665,0.10446653,0.0,12
KP,1897,cyclone,historical,0.02763160766666667,0.12415631,0.0,12
KP,1898,cyclone,historical,0.03148399403333333,0.1194959,0.0,12
KP,1899,cyclone,historical,0.023922573008333333,0.11068563,0.0,12
KP,1900,cyclone,historical,0.025422060166666666,0.12769294,0.0,12
KP,1901,cyclone,historical,0.0245097175,0.089764014,0.0,12
KP,1902,cyclone,historical,0.021741752000000003,0.0941343,0.0,12
KP,1903,cyclone,historical,0.024380501166666665,0.10584314,0.0,12
KP,1904,cyclone,historical,0.021657964641666666,0.12483381,0.0,12
KP,1905,cyclone,historical,0.021253074583333337,0.0891427,0.0,12
KP,1906,cyclone,historical,0.02516799839166667,0.09738406,0.0,12
KP,1907,cyclone,historical,0.026771264416666666,0.0981037,0.0,12
KP,1908,cyclone,historical,0.022193692916666664,0.10072512,0.0,12
KP,1909,cyclone,historical,0.0227308625,0.09731977,0.0,12
KP,1910,cyclone,historical,0.035064757499999995,0.12982164,0.0,12
KP,1911,cyclone,historical,0.016314373583333333,0.07057939,0.0,12
KP,1912,cyclone,historical,0.022774803416666666,0.06482545,0.0,12
KP,1913,cyclone,historical,0.021239476525,0.09377664,0.0,12
KP,1914,cyclone,historical,0.021692587583333336,0.12906957,0.0,12
KP,1915,cyclone,historical,0.03228544666666667,0.1145902,0.0,12
KP,1916,cyclone,historical,0.028542106916666667,0.11274246,0.0,12
KP,1917,cyclone,historical,0.0272924505,0.14358786,0.0,12
KP,1918,cyclone,historical,0.02512653175,0.10286839,0.0,12
KP,1919,cyclone,historical,0.024748384166666665,0.09571677,0.0,12
KP,1920,cyclone,historical,0.02620095879166667,0.11981034,0.0,12
KP,1921,cyclone,historical,0.0321387625,0.11119673,0.0,12
KP,1922,cyclone,historical,0.03127252254166666,0.14514601,0.0,12
KP,1923,cyclone,historical,0.026382716583333337,0.10781245,0.0,12
KP,1924,cyclone,historical,0.01647780675,0.09601392,0.0,12
KP,1925,cyclone,historical,0.028694013333333334,0.12289315,0.0,12
KP,1926,cyclone,historical,0.022635232916666664,0.12725209,0.0,12
KP,1927,cyclone,historical,0.023683545833333333,0.114390835,0.0,12
KP,1928,cyclone,historical,0.028066662750000002,0.1396649,0.0,12
KP,1929,cyclone,historical,0.020194495283333332,0.12693171,0.0,12
KP,1930,cyclone,historical,0.020694383916666666,0.08620306,0.0,12
KP,1931,cyclone,historical,0.02313867991666667,0.12200062,0.0,12
KP,1932,cyclone,historical,0.022029584391666666,0.124260046,0.0,12
KP,1933,cyclone,historical,0.015405315374999999,0.07992722,0.0,12
KP,1934,cyclone,historical,0.026930284250000002,0.10245075,0.0,12
KP,1935,cyclone,historical,0.029140011275000002,0.106357485,0.0,12
KP,1936,cyclone,historical,0.0286339535,0.082488135,0.0,12
KP,1937,cyclone,historical,0.023927346083333332,0.10860341,0.0,12
KP,1938,cyclone,historical,0.03049313025,0.118545555,0.0,12
KP,1939,cyclone,historical,0.020712169333333332,0.114097476,0.0,12
KP,1940,cyclone,historical,0.0225578835,0.1509961,0.0,12
KP,1941,cyclone,historical,0.018156352136666668,0.10883789,0.0,12
KP,1942,cyclone,historical,0.0197083821,0.062513076,0.0,12
KP,1943,cyclone,historical,0.0318266175,0.11367659,0.0,12
KP,1944,cyclone,historical,0.026312209416666666,0.10885085,0.0,12
KP,1945,cyclone,historical,0.024096992291666664,0.11427252,0.0,12
KP,1946,cyclone,historical,0.028752002449999998,0.11510129,0.0,12
KP,1947,cyclone,historical,0.018285431833333334,0.07040109,0.0,12
KP,1948,cyclone,historical,0.024536325666666664,0.11312876,0.0,12
KP,1949,cyclone,historical,0.029411814499999998,0.106938824,0.0,12
KP,1950,cyclone,historical,0.027661278,0.08857866,0.0,12
KP,1951,cyclone,historical,0.022670845775,0.10172084,0.0,12
KP,1952,cyclone,historical,0.02813789041666666,0.13076712,0.0,12
KP,1953,cyclone,historical,0.020383365666666667,0.085381836,0.0,12
KP,1954,cyclone,historical,0.0189737435,0.07691249,0.0,12
KP,1955,cyclone,historical,0.024870711083333333,0.086569905,0.0,12
KP,1956,cyclone,historical,0.024092084333333333,0.08315213,0.0,12
KP,1957,cyclone,historical,0.027939114825,0.11050248,0.0,12
KP,1958,cyclone,historical,0.02369034458333333,0.09203857,0.0,12
KP,1959,cyclone,historical,0.02985020216666667,0.11728347,0.0,12
KP,1960,cyclone,historical,0.03448360225,0.113996446,0.0,12
KP,1961,cyclone,historical,0.013921945083333333,0.095295355,0.0,12
KP,1962,cyclone,historical,0.022981324666666664,0.10168411,0.0,12
KP,1963,cyclone,historical,0.023461493166666667,0.10984604,0.0,12
KP,1964,cyclone,historical,0.027283085333333332,0.08386637,0.0,12
KP,1965,cyclone,historical,0.026315587249999998,0.124751695,0.0,12
KP,1966,cyclone,historical,0.02487971568333333,0.10562055,0.0,12
KP,1967,cyclone,historical,0.022049078833333333,0.09968941,0.0,12
KP,1968,cyclone,historical,0.018282866416666665,0.09063278,0.0,12
KP,1969,cyclone,historical,0.023260241183333332,0.07212133,0.0,12
KP,1970,cyclone,historical,0.024729339500000003,0.087799035,0.0,12
KP,1971,cyclone,historical,0.027949154666666667,0.09538612,0.0,12
KP,1972,cyclone,historical,0.021331323666666666,0.073825896,0.0,12
KP,1973,cyclone,historical,0.027127035608333336,0.101793244,0.0,12
KP,1974,cyclone,historical,0.022030394916666668,0.11335135,0.0,12
KP,1975,cyclone,historical,0.019595375366666664,0.089239955,0.0,12
KP,1976,cyclone,historical,0.019112999000000002,0.09352487,0.0,12
KP,1977,cyclone,historical,0.020587275000000002,0.10701662,0.0,12
KP,1978,cyclone,historical,0.02193192966666667,0.12764865,0.0,12
KP,1979,cyclone,historical,0.02576297625,0.09717876,0.0,12
KP,1980,cyclone,historical,0.012580442233333334,0.08728902,0.0,12
KP,1981,cyclone,historical,0.02012119707166667,0.13121392,0.0,12
KP,1982,cyclone,historical,0.019871545833333334,0.09345788,0.0,12
KP,1983,cyclone,historical,0.022971284166666665,0.09906161,0.0,12
KP,1984,cyclone,historical,0.014814929941666666,0.0547477,0.0,12
KP,1985,cyclone,historical,0.020514697499999998,0.08729658,0.0,12
KP,1986,cyclone,historical,0.020816307216666666,0.102210335,0.0,12
KP,1987,cyclone,historical,0.03292441258333333,0.12109241,0.0,12
KP,1988,cyclone,historical,0.02361186975,0.11721161,0.0,12
KP,1989,cyclone,historical,0.022362799666666665,0.09075164,0.0,12
KP,1990,cyclone,historical,0.017537691999999997,0.086353794,0.0,12
KP,1991,cyclone,historical,0.023542805166666667,0.095812395,0.0,12
KP,1992,cyclone,historical,0.023496927333333334,0.11576152,0.0,12
KP,1993,cyclone,historical,0.02832784175,0.0947621,0.0,12
KP,1994,cyclone,historical,0.02450179275,0.10519427,0.0,12
KP,1995,cyclone,historical,0.017125552166666665,0.09551579,0.0,12
KP,1996,cyclone,historical,0.024237867833333333,0.08016656,0.0,12
KP,1997,cyclone,historical,0.025347955000000002,0.08768612,0.0,12
KP,1998,cyclone,historical,0.018952131833333333,0.07555802,0.0,12
KP,1999,cyclone,historical,0.025224546750000004,0.117397465,0.0,12
KP,2000,cyclone,historical,0.024715157833333334,0.10196181,0.0,12
KP,2001,cyclone,historical,0.029814183333333338,0.09613764,0.0,12
KP,2002,cyclone,historical,0.02571502808333333,0.09711555,0.0,12
KP,2003,cyclone,historical,0.028220822500000003,0.13443018,0.0,12
KP,2004,cyclone,historical,0.026237652666666667,0.096984796,0.0,12
KP,2005,cyclone,historical,0.030899597666666667,0.11212709,0.0,12
KP,2006,cyclone,historical,0.017827549583333335,0.06935188,0.0,12
KP,2007,cyclone,historical,0.029047488166666666,0.12100759,0.0,12
KP,2008,cyclone,historical,0.02398713566666667,0.10326819,0.0,12
KP,2009,cyclone,historical,0.023860756083333334,0.11038199,0.0,12
KP,2010,cyclone,historical,0.02111224225,0.11882866,0.0,12
KP,2011,cyclone,historical,0.022601105516666664,0.10637154,0.0,12
KP,2012,cyclone,historical,0.014642447333333334,0.080492355,0.0,12
KP,2013,cyclone,historical,0.023405033833333335,0.10044795,0.0,12
KP,2014,cyclone,historical,0.019031688583333334,0.07615395,0.0,12
KR,1850,cyclone,historical,0.029497212433333336,0.104674146,0.0,12
KR,1851,cyclone,historical,0.0222450875,0.093997076,0.0,12
KR,1852,cyclone,historical,0.02422827916666667,0.11252284,0.0,12
KR,1853,cyclone,historical,0.02370434658333333,0.092628285,0.0,12
KR,1854,cyclone,historical,0.021160416833333334,0.08505606,0.0,12
KR,1855,cyclone,historical,0.02805412541666667,0.11527985,0.0,12
KR,1856,cyclone,historical,0.022389204858333334,0.08999255,0.0,12
KR,1857,cyclone,historical,0.02097721816666667,0.09703909,0.0,12
KR,1858,cyclone,historical,0.0259611875,0.09732056,0.0,12
KR,1859,cyclone,historical,0.02338200500833333,0.07423218,0.0,12
KR,1860,cyclone,historical,0.026972210093333334,0.09761502,0.0,12
KR,1861,cyclone,historical,0.019618336458333333,0.06829429,0.0,12
KR,1862,cyclone,historical,0.023892002416666665,0.1075315,0.0,12
KR,1863,cyclone,historical,0.026949780500000003,0.11721756,0.0,12
KR,1864,cyclone,historical,0.02416031695333333,0.099149406,0.0,12
KR,1865,cyclone,historical,0.029526554541666666,0.10009111,0.0,12
KR,1866,cyclone,historical,0.025251087416666665,0.12655918,0.0,12
KR,1867,cyclone,historical,0.02636578791666667,0.11937271,0.0,12
KR,1868,cyclone,historical,0.02239728733333333,0.09806751,0.0,12
KR,1869,cyclone,historical,0.020900162133333334,0.10697286,0.0,12
KR,1870,cyclone,historical,0.021764646999999998,0.09390037,0.0,12
KR,1871,cyclone,historical,0.024063608249999997,0.08201539,0.0,12
KR,1872,cyclone,historical,0.027425086666666668,0.11444487,0.0,12
KR,1873,cyclone,historical,0.026383544166666665,0.13216798,0.0,12
KR,1874,cyclone,historical,0.026310701933333333,0.122130275,0.0,12
KR,1875,cyclone,historical,0.024032991278333332,0.09403002,0.0,12
KR,1876,cyclone,historical,0.021566298783333337,0.09474373,0.0,12
KR,1877,cyclone,historical,0.026656795083333334,0.15708447,0.0,12
KR,1878,cyclone,historical,0.026211628833333334,0.13159725,0.0,12
KR,1879,cyclone,historical,0.02484988808333333,0.09184191,0.0,12
KR,1880,cyclone,historical,0.022605944583333332,0.09050689,0.0,12
KR,1881,cyclone,historical,0.020376320433333334,0.09946655,0.0,12
KR,1882,cyclone,historical,0.019858466583333335,0.102729276,0.0,12
KR,1883,cyclone,historical,0.01608871816666667,0.077059984,0.0,12
KR,1884,cyclone,historical,0.022979725916666666,0.11416176,0.0,12
KR,1885,cyclone,historical,0.023157881338750002,0.08884798,0.0,12
KR,1886,cyclone,historical,0.021919277416666664,0.119933784,0.0,12
KR,1887,cyclone,historical,0.020868308858333334,0.09439607,0.0,12
KR,1888,cyclone,historical,0.024681007483333333,0.12437972,0.0,12
KR,1889,cyclone,historical,0.02874814733333333,0.09972075,0.0,12
KR,1890,cyclone,historical,0.020683061891666667,0.083577596,0.0,12
KR,1891,cyclone,historical,0.017528170083333336,0.069842994,0.0,12
KR,1892,cyclone,historical,0.0238063679,0.10239943,0.0,12
KR,1893,cyclone,historical,0.019132763875833333,0.105954714,0.0,12
KR,1894,cyclone,historical,0.024566581566666666,0.11859904,0.0,12
KR,1895,cyclone,historical,0.02038316305,0.12734906,0.0,12
KR,1896,cyclone,historical,0.01776361675,0.101192996,0.0,12
KR,1897,cyclone,historical,0.022366287916666668,0.11323843,0.0,12
KR,1898,cyclone,historical,0.027448094145,0.11701063,0.0,12
KR,1899,cyclone,historical,0.025689746149999998,0.11672348,0.0,12
KR,1900,cyclone,historical,0.022753350558333333,0.1119623,0.0,12
KR,1901,cyclone,historical,0.020707261139166665,0.0835541,0.0,12
KR,1902,cyclone,historical,0.019106920668333333,0.097758465,0.0,12
KR,1903,cyclone,historical,0.01865284225,0.0941135,0.0,12
KR,1904,cyclone,historical,0.020073990833333333,0.12115346,0.0,12
KR,1905,cyclone,historical,0.015774826766666666,0.09843688,0.0,12
KR,1906,cyclone,historical,0.022482380083333333,0.09933445,0.0,12
KR,1907,cyclone,historical,0.021791569333333333,0.09583832,0.0,12
KR,1908,cyclone,historical,0.022002818999999996,0.10303561,0.0,12
KR,1909,cyclone,historical,0.017316966783333335,0.06723319,0.0,12
KR,1910,cyclone,historical,0.031883797105,0.11180616,0.0,12
KR,1911,cyclone,historical,0.013332833333333334,0.055413052,0.0,12
KR,1912,cyclone,historical,0.021387961333333334,0.08069819,0.0,12
KR,1913,cyclone,historical,0.019822402075,0.08961679,0.0,12
KR,1914,cyclone,historical,0.018296620483333335,0.09743565,0.0,12
KR,1915,cyclone,historical,0.032375605833333335,0.11358313,0.0,12
KR,1916,cyclone,historical,0.022021930333333332,0.09406352,0.0,12
KR,1917,cyclone,historical,0.02146913983333333,0.12767297,0.0,12
KR,1918,cyclone,historical,0.021198889141666667,0.08683897,0.0,12
KR,1919,cyclone,historical,0.021744318916666668,0.086011805,0.0,12
KR,1920,cyclone,historical,0.022279190916666667,0.10569754,0.0,12
KR,1921,cyclone,historical,0.023026482458333334,0.09447063,0.0,12
KR,1922,cyclone,historical,0.02705792596666667,0.12413551,0.0,12
KR,1923,cyclone,historical,0.02155835991666667,0.08701195,0.0,12
KR,1924,cyclone,historical,0.014238298666666668,0.06523282,0.0,12
KR,1925,cyclone,historical,0.0240083645,0.10509702,0.0,12
KR,1926,cyclone,historical,0.019605391708333333,0.114109084,0.0,12
KR,1927,cyclone,historical,0.02075921725,0.11031878,0.0,12
KR,1928,cyclone,historical,0.026233285858333334,0.14705804,0.0,12
KR,1929,cyclone,historical,0.018281875466666667,0.094775334,0.0,12
KR,1930,cyclone,historical,0.020038040525,0.094496556,0.0,12
KR,1931,cyclone,historical,0.0208145499,0.110197216,0.0,12
KR,1932,cyclone,historical,0.0195700489,0.099420354,0.0,12
KR,1933,cyclone,historical,0.014934172991666668,0.090530396,0.0,12
KR,1934,cyclone,historical,0.020162844250000003,0.09004307,0.0,12
KR,1935,cyclone,historical,0.024496479916666664,0.095384225,0.0,12
KR,1936,cyclone,historical,0.020509453166666667,0.077249624,0.0,12
KR,1937,cyclone,historical,0.026156993333333333,0.11304744,0.0,12
KR,1938,cyclone,historical,0.02390373125,0.10111925,0.0,12
KR,1939,cyclone,historical,0.021399083166666666,0.13063502,0.0,12
KR,1940,cyclone,historical,0.021155396546666667,0.12374786,0.0,12
KR,1941,cyclone,historical,0.02297927525,0.113109306,0.0,12
KR,1942,cyclone,historical,0.020047764925,0.08075385,0.0,12
KR,1943,cyclone,historical,0.025135243666666668,0.10652308,0.0,12
KR,1944,cyclone,historical,0.020911394583333336,0.0993204,0.0,12
KR,1945,cyclone,historical,0.024404521600000003,0.11323735,0.0,12
KR,1946,cyclone,historical,0.02333189558333333,0.09069086,0.0,12
KR,1947,cyclone,historical,0.015489643916666665,0.06289289,0.0,12
KR,1948,cyclone,historical,0.023703851833333334,0.08995824,0.0,12
KR,1949,cyclone,historical,0.023614436333333332,0.09946519,0.0,12
KR,1950,cyclone,historical,0.021634349583333334,0.08312781,0.0,12
KR,1951,cyclone,historical,0.019882125583333334,0.07968275,0.0,12
KR,1952,cyclone,historical,0.022324686333333333,0.10851696,0.0,12
KR,1953,cyclone,historical,0.016683697041666667,0.06579471,0.0,12
KR,1954,cyclone,historical,0.017601488916666668,0.07491671,0.0,12
KR,1955,cyclone,historical,0.021143825275,0.093429506,0.0,12
KR,1956,cyclone,historical,0.0185523514,0.068224594,0.0,12
KR,1957,cyclone,historical,0.024920326466666667,0.10032423,0.0,12
KR,1958,cyclone,historical,0.020770572924999998,0.0767812,0.0,12
KR,1959,cyclone,historical,0.022605810158333333,0.08624007,0.0,12
KR,1960,cyclone,historical,0.02780935766666667,0.09668845,0.0,12
KR,1961,cyclone,historical,0.015178918375000001,0.0877388,0.0,12
KR,1962,cyclone,historical,0.021552949458333335,0.091654435,0.0,12
KR,1963,cyclone,historical,0.01789366549166667,0.09564329,0.0,12
KR,1964,cyclone,historical,0.023248085,0.08319886,0.0,12
KR,1965,cyclone,historical,0.02239730975,0.09681542,0.0,12
KR,1966,cyclone,historical,0.021743722321475003,0.09269555,0.0,12
KR,1967,cyclone,historical,0.020796450666666667,0.09162742,0.0,12
KR,1968,cyclone,historical,0.01740192503333333,0.08756699,0.0,12
KR,1969,cyclone,historical,0.0159731449,0.0665411,0.0,12
KR,1970,cyclone,historical,0.021024559391666666,0.09357835,0.0,12
KR,1971,cyclone,historical,0.023175597583333332,0.08896792,0.0,12
KR,1972,cyclone,historical,0.016720795833333333,0.06609456,0.0,12
KR,1973,cyclone,historical,0.023306637541666664,0.10051549,0.0,12
KR,1974,cyclone,historical,0.018840633583333332,0.09775226,0.0,12
KR,1975,cyclone,historical,0.018504041483333334,0.08271261,0.0,12
KR,1976,cyclone,historical,0.01661066933333333,0.08637622,0.0,12
KR,1977,cyclone,historical,0.02048326515,0.09221921,0.0,12
KR,1978,cyclone,historical,0.017414418583333334,0.115626715,0.0,12
KR,1979,cyclone,historical,0.021094165866666667,0.09542151,0.0,12
KR,1980,cyclone,historical,0.012664274166666665,0.06958041,0.0,12
KR,1981,cyclone,historical,0.023320482083333333,0.14488208,0.0,12
KR,1982,cyclone,historical,0.01994853505833333,0.09343222,0.0,12
KR,1983,cyclone,historical,0.018590530204166667,0.089051396,0.0,12
KR,1984,cyclone,historical,0.01165835025,0.052487463,0.0,12
KR,1985,cyclone,historical,0.016633653333333335,0.060805805,0.0,12
KR,1986,cyclone,historical,0.014980749508333334,0.06883538,0.0,12
KR,1987,cyclone,historical,0.024155813916666668,0.08828879,0.0,12
KR,1988,cyclone,historical,0.020131372216666665,0.11094928,0.0,12
KR,1989,cyclone,historical,0.019151291252225002,0.088959545,0.0,12
KR,1990,cyclone,historical,0.015816533,0.07468764,0.0,12
KR,1991,cyclone,historical,0.021760369833333335,0.086027205,0.0,12
KR,1992,cyclone,historical,0.017758371639166666,0.10016701,0.0,12
KR,1993,cyclone,historical,0.021763003941666668,0.09422561,0.0,12
KR,1994,cyclone,historical,0.020373010841666667,0.099001646,0.0,12
KR,1995,cyclone,historical,0.01585081725,0.08877342,0.0,12
KR,1996,cyclone,historical,0.020526493708333333,0.09699722,0.0,12
KR,1997,cyclone,historical,0.022360751,0.093906306,0.0,12
KR,1998,cyclone,historical,0.017558807228333334,0.08029488,0.0,12
KR,1999,cyclone,historical,0.0240242157,0.09012546,0.0,12
KR,2000,cyclone,historical,0.021519001583333336,0.096596606,0.0,12
KR,2001,cyclone,historical,0.022138813666666663,0.08286556,0.0,12
KR,2002,cyclone,historical,0.02349235716666667,0.09774334,0.0,12
KR,2003,cyclone,historical,0.022735137500000002,0.12541136,0.0,12
KR,2004,cyclone,historical,0.02319232389166667,0.09396358,0.0,12
KR,2005,cyclone,historical,0.026199721275,0.11796503,0.0,12
KR,2006,cyclone,historical,0.014087539583333334,0.059710126,0.0,12
KR,2007,cyclone,historical,0.0230785513,0.09164499,0.0,12
KR,2008,cyclone,historical,0.01831534983333333,0.07214591,0.0,12
KR,2009,cyclone,historical,0.022726292250000002,0.105881505,0.0,12
KR,2010,cyclone,historical,0.020172208666666667,0.10395299,0.0,12
KR,2011,cyclone,historical,0.016834725708333335,0.08976131,0.0,12
KR,2012,cyclone,historical,0.014854573091666668,0.08361947,0.0,12
KR,2013,cyclone,historical,0.022289096083333335,0.11135341,0.0,12
KR,2014,cyclone,historical,0.017669541416666667,0.061605953,0.0,12
KW,1850,cyclone,historical,0.2794441785833333,0.76800644,0.0,12
KW,1851,cyclone,historical,0.28937646208333334,0.74115205,0.0,12
KW,1852,cyclone,historical,0.306121962,0.8115754,0.0,12
KW,1853,cyclone,historical,0.27574173208333336,0.7159598,0.0,12
KW,1854,cyclone,historical,0.2916708895,0.761296,0.0,12
KW,1855,cyclone,historical,0.2515086711666667,0.7244265,0.0,12
KW,1856,cyclone,historical,0.26953467783333335,0.81700987,0.0,12
KW,1857,cyclone,historical,0.30758962083333335,0.808244,0.0,12
KW,1858,cyclone,historical,0.2752127920833333,0.7102529,0.0,12
KW,1859,cyclone,historical,0.29948660925,0.83726966,0.0,12
KW,1860,cyclone,historical,0.28380123875,0.77035296,0.0,12
KW,1861,cyclone,historical,0.28061927000000003,0.7420206,0.0,12
KW,1862,cyclone,historical,0.29192422116666666,0.8049382,0.0,12
KW,1863,cyclone,historical,0.28638798083333333,0.7888355,0.0,12
KW,1864,cyclone,historical,0.2840036370833333,0.7488773,0.0,12
KW,1865,cyclone,historical,0.29021542220833335,0.75140095,0.0,12
KW,1866,cyclone,historical,0.26566938875,0.7828741,0.0,12
KW,1867,cyclone,historical,0.2506030015,0.706553,0.0,12
KW,1868,cyclone,historical,0.27387980024999997,0.76250345,0.0,12
KW,1869,cyclone,historical,0.273470335,0.6936605,0.0,12
KW,1870,cyclone,historical,0.2597471881666667,0.76065737,0.0,12
KW,1871,cyclone,historical,0.25440455125,0.75836885,0.0,12
KW,1872,cyclone,historical,0.26190157708333334,0.78480566,0.0,12
KW,1873,cyclone,historical,0.2847534905833333,0.7662244,0.0,12
KW,1874,cyclone,historical,0.29706433591666664,0.7287603,0.0,12
KW,1875,cyclone,historical,0.2516929508333333,0.73566985,0.0,12
KW,1876,cyclone,historical,0.29010622866666663,0.7952819,0.0,12
KW,1877,cyclone,historical,0.2771569466666666,0.75230783,0.0,12
KW,1878,cyclone,historical,0.26472071466666663,0.7231698,0.0,12
KW,1879,cyclone,historical,0.2577065375,0.7100249,0.0,12
KW,1880,cyclone,historical,0.2718909359166667,0.7487477,0.0,12
KW,1881,cyclone,historical,0.286986799,0.775043,0.0,12
KW,1882,cyclone,historical,0.2962363234,0.69545597,0.0,12
KW,1883,cyclone,historical,0.28856428333333334,0.80285656,0.0,12
KW,1884,cyclone,historical,0.250892903,0.6821089,0.0,12
KW,1885,cyclone,historical,0.24103861875,0.72298694,0.0,12
KW,1886,cyclone,historical,0.27322588175,0.8061217,0.0,12
KW,1887,cyclone,historical,0.30867576275,0.84228593,0.0,12
KW,1888,cyclone,historical,0.30779450366666666,0.7839899,0.0,12
KW,1889,cyclone,historical,0.24540522741666668,0.63359106,0.0,12
KW,1890,cyclone,historical,0.2863014056666667,0.8436121,0.0,12
KW,1891,cyclone,historical,0.28684722041666666,0.7944679,0.0,12
KW,1892,cyclone,historical,0.28034781533333336,0.7189678,0.0,12
KW,1893,cyclone,historical,0.28558954200000003,0.76082075,0.0,12
KW,1894,cyclone,historical,0.29313559566666664,0.7884468,0.0,12
KW,1895,cyclone,historical,0.29385786481666665,0.7732053,0.0,12
KW,1896,cyclone,historical,0.2854150206666667,0.824923,0.0,12
KW,1897,cyclone,historical,0.3145130678333333,0.90224266,0.0,12
KW,1898,cyclone,historical,0.27420229283333336,0.77322227,0.0,12
KW,1899,cyclone,historical,0.2739859754166667,0.7544756,0.0,12
KW,1900,cyclone,historical,0.273678978,0.7446538,0.0,12
KW,1901,cyclone,historical,0.2716850258333333,0.6853218,0.0,12
KW,1902,cyclone,historical,0.28557220775,0.77227616,0.0,12
KW,1903,cyclone,historical,0.25637885499999996,0.69523066,0.0,12
KW,1904,cyclone,historical,0.2826091941666667,0.73947,0.0,12
KW,1905,cyclone,historical,0.29109055,0.82180655,0.0,12
KW,1906,cyclone,historical,0.2745520895833333,0.7448243,0.0,12
KW,1907,cyclone,historical,0.27974989483333335,0.74915737,0.0,12
KW,1908,cyclone,historical,0.27051436658333333,0.81499195,0.0,12
KW,1909,cyclone,historical,0.2907264069166667,0.84018755,0.0,12
KW,1910,cyclone,historical,0.2602756902916667,0.67850614,0.0,12
KW,1911,cyclone,historical,0.2888740838333333,0.7349683,0.0,12
KW,1912,cyclone,historical,0.24862541424999998,0.74217325,0.0,12
KW,1913,cyclone,historical,0.28590226283333336,0.7314491,0.0,12
KW,1914,cyclone,historical,0.2718395906666667,0.7770465,0.0,12
KW,1915,cyclone,historical,0.2626903306666667,0.7585229,0.0,12
KW,1916,cyclone,historical,0.29401057108333334,0.81320703,0.0,12
KW,1917,cyclone,historical,0.2894605068833333,0.7590394,0.0,12
KW,1918,cyclone,historical,0.2718055993333333,0.8092303,0.0,12
KW,1919,cyclone,historical,0.2846828980833333,0.8010752,0.0,12
KW,1920,cyclone,historical,0.3048601791666667,0.8225721,0.0,12
KW,1921,cyclone,historical,0.28691423941666666,0.69082576,0.0,12
KW,1922,cyclone,historical,0.264806057,0.7402738,0.0,12
KW,1923,cyclone,historical,0.30095877125,0.8223334,0.0,12
KW,1924,cyclone,historical,0.2896139546666667,0.82458854,0.0,12
KW,1925,cyclone,historical,0.28515962224999997,0.7651571,0.0,12
KW,1926,cyclone,historical,0.2933002671666667,0.86832327,0.0,12
KW,1927,cyclone,historical,0.31895849866666665,0.8447524,0.0,12
KW,1928,cyclone,historical,0.28321839541666666,0.70627975,0.0,12
KW,1929,cyclone,historical,0.27342713294166665,0.7386115,0.0,12
KW,1930,cyclone,historical,0.27896965916666666,0.77170765,0.0,12
KW,1931,cyclone,historical,0.2948269868916667,0.8699373,0.0,12
KW,1932,cyclone,historical,0.2949107035833333,0.73955894,0.0,12
KW,1933,cyclone,historical,0.3091726441666667,0.7707321,0.0,12
KW,1934,cyclone,historical,0.30113804225,0.76014096,0.0,12
KW,1935,cyclone,historical,0.268917445775,0.7880461,0.0,12
KW,1936,cyclone,historical,0.3040895523545,0.8444176,0.0,12
KW,1937,cyclone,historical,0.26808234366666667,0.734117,0.0,12
KW,1938,cyclone,historical,0.25924245257083334,0.7882362,0.0,12
KW,1939,cyclone,historical,0.31332389583333337,0.8285455,0.0,12
KW,1940,cyclone,historical,0.30150446216666665,0.82679445,0.0,12
KW,1941,cyclone,historical,0.2746852275833333,0.77976775,0.0,12
KW,1942,cyclone,historical,0.24341190604166665,0.77181137,0.0,12
KW,1943,cyclone,historical,0.2571271830833333,0.6936194,0.0,12
KW,1944,cyclone,historical,0.27133098225,0.68287396,0.0,12
KW,1945,cyclone,historical,0.24720719925,0.7068411,0.0,12
KW,1946,cyclone,historical,0.2664907028333333,0.72782475,0.0,12
KW,1947,cyclone,historical,0.27681878358333334,0.77929246,0.0,12
KW,1948,cyclone,historical,0.2757561731666667,0.797068,0.0,12
KW,1949,cyclone,historical,0.3099375391,0.7862265,0.0,12
KW,1950,cyclone,historical,0.28535255466666665,0.77877915,0.0,12
KW,1951,cyclone,historical,0.24790437925,0.7665063,0.0,12
KW,1952,cyclone,historical,0.26578226266666666,0.75578153,0.0,12
KW,1953,cyclone,historical,0.30732835575833334,0.77003694,0.0,12
KW,1954,cyclone,historical,0.29966501041666666,0.79831004,0.0,12
KW,1955,cyclone,historical,0.30158591516666666,0.82673514,0.0,12
KW,1956,cyclone,historical,0.32193752533333336,0.8465397,0.0,12
KW,1957,cyclone,historical,0.2863529704166667,0.73786795,0.0,12
KW,1958,cyclone,historical,0.29273969991666665,0.7831662,0.0,12
KW,1959,cyclone,historical,0.2773691470833333,0.7728838,0.0,12
KW,1960,cyclone,historical,0.29399337425,0.75147676,0.0,12
KW,1961,cyclone,historical,0.29598894166666667,0.79722476,0.0,12
KW,1962,cyclone,historical,0.28125657604166665,0.7239317,0.0,12
KW,1963,cyclone,historical,0.28800870333333334,0.767925,0.0,12
KW,1964,cyclone,historical,0.2583447055,0.80219704,0.0,12
KW,1965,cyclone,historical,0.2973675264166667,0.77699935,0.0,12
KW,1966,cyclone,historical,0.2871295856666667,0.6961597,0.0,12
KW,1967,cyclone,historical,0.2690259841666667,0.7199128,0.0,12
KW,1968,cyclone,historical,0.2767610272,0.76896924,0.0,12
KW,1969,cyclone,historical,0.30466594541666664,0.7347361,0.0,12
KW,1970,cyclone,historical,0.2963310841666667,0.8403928,0.0,12
KW,1971,cyclone,historical,0.27489707166666666,0.731522,0.0,12
KW,1972,cyclone,historical,0.24709491133333336,0.8313707,0.0,12
KW,1973,cyclone,historical,0.29721979383333336,0.8373225,0.0,12
KW,1974,cyclone,historical,0.27492415325,0.7414013,0.0,12
KW,1975,cyclone,historical,0.26844552783333336,0.7364216,0.0,12
KW,1976,cyclone,historical,0.273304644875,0.777962,0.0,12
KW,1977,cyclone,historical,0.27472979191666663,0.70949244,0.0,12
KW,1978,cyclone,historical,0.2860481908333333,0.7965691,0.0,12
KW,1979,cyclone,historical,0.28389977941666666,0.81254786,0.0,12
KW,1980,cyclone,historical,0.2776984710833333,0.7785654,0.0,12
KW,1981,cyclone,historical,0.3107556013833333,0.8371837,0.0,12
KW,1982,cyclone,historical,0.282845222125,0.81239474,0.0,12
KW,1983,cyclone,historical,0.24984888274166664,0.7397132,0.0,12
KW,1984,cyclone,historical,0.25433561655166664,0.7585881,0.0,12
KW,1985,cyclone,historical,0.2851920190833333,0.8120494,0.0,12
KW,1986,cyclone,historical,0.2784773495833333,0.82550347,0.0,12
KW,1987,cyclone,historical,0.28922221286666666,0.77498925,0.0,12
KW,1988,cyclone,historical,0.30918816201666666,0.8292345,0.0,12
KW,1989,cyclone,historical,0.286387272625,0.7924608,0.0,12
KW,1990,cyclone,historical,0.2960764909583333,0.76527286,0.0,12
KW,1991,cyclone,historical,0.27767172683333335,0.7674184,0.0,12
KW,1992,cyclone,historical,0.25327800800833333,0.6727546,0.0,12
KW,1993,cyclone,historical,0.27851399208333333,0.69739616,0.0,12
KW,1994,cyclone,historical,0.32389411125,0.86890376,0.0,12
KW,1995,cyclone,historical,0.3094100429666667,0.84663206,0.0,12
KW,1996,cyclone,historical,0.30215208791666665,0.8365108,0.0,12
KW,1997,cyclone,historical,0.32005964766666667,0.9055931,0.0,12
KW,1998,cyclone,historical,0.348585125,0.9558774,0.0,12
KW,1999,cyclone,historical,0.2932592595833333,0.7462442,0.0,12
KW,2000,cyclone,historical,0.28602314825,0.7705598,0.0,12
KW,2001,cyclone,historical,0.27955162266666667,0.7687762,0.0,12
KW,2002,cyclone,historical,0.3352733925,0.8812022,0.0,12
KW,2003,cyclone,historical,0.3188805416666667,0.8566848,0.0,12
KW,2004,cyclone,historical,0.3116702640833333,0.86615616,0.0,12
KW,2005,cyclone,historical,0.33232151258333337,0.7687996,0.0,12
KW,2006,cyclone,historical,0.3082450566666667,0.89089024,0.0,12
KW,2007,cyclone,historical,0.30185389219166664,0.8299298,0.0,12
KW,2008,cyclone,historical,0.34009166641666666,0.9073932,0.0,12
KW,2009,cyclone,historical,0.30935664933333334,0.9210274,0.0,12
KW,2010,cyclone,historical,0.31331414333333335,0.91302526,0.0,12
KW,2011,cyclone,historical,0.3436024183333333,0.8803685,0.0,12
KW,2012,cyclone,historical,0.31783398798833334,0.9194088,0.0,12
KW,2013,cyclone,historical,0.30944756158333336,0.84025204,0.0,12
KW,2014,cyclone,historical,0.3218024385,0.9044311,0.0,12
LK,1850,cyclone,historical,0.23077514541666666,0.36744237,0.11034874,72
LK,1851,cyclone,historical,0.25914225902777777,0.4105053,0.14448503,72
LK,1852,cyclone,historical,0.2516685081944445,0.37584746,0.09530185,72
LK,1853,cyclone,historical,0.25974673847222224,0.39456922,0.14749709,72
LK,1854,cyclone,historical,0.24822722069444442,0.36915094,0.1530625,72
LK,1855,cyclone,historical,0.2283020975,0.37404746,0.13097435,72
LK,1856,cyclone,historical,0.2543620497222222,0.40787852,0.13534606,72
LK,1857,cyclone,historical,0.2560031605,0.4151351,0.102828026,72
LK,1858,cyclone,historical,0.2565488761388889,0.42139894,0.07594128,72
LK,1859,cyclone,historical,0.25867743694444445,0.4044464,0.15418759,72
LK,1860,cyclone,historical,0.22509725375,0.36593655,0.15417856,72
LK,1861,cyclone,historical,0.22338172930555558,0.35238948,0.10106452,72
LK,1862,cyclone,historical,0.2484825245138889,0.39855385,0.06798661,72
LK,1863,cyclone,historical,0.2722023640277778,0.39462766,0.14725831,72
LK,1864,cyclone,historical,0.24348833833333336,0.35742486,0.14845727,72
LK,1865,cyclone,historical,0.23356253055555554,0.34384406,0.10591915,72
LK,1866,cyclone,historical,0.2301991776388889,0.40103135,0.11264779,72
LK,1867,cyclone,historical,0.2501616675,0.40581703,0.11338797,72
LK,1868,cyclone,historical,0.2734499788888889,0.41052556,0.12721919,72
LK,1869,cyclone,historical,0.24365025486111114,0.37888718,0.1272457,72
LK,1870,cyclone,historical,0.23934469111111112,0.3860877,0.14176787,72
LK,1871,cyclone,historical,0.2655591958194445,0.3996595,0.111902624,72
LK,1872,cyclone,historical,0.28754326194444446,0.44640344,0.15202488,72
LK,1873,cyclone,historical,0.2732582155555556,0.41417947,0.14898705,72
LK,1874,cyclone,historical,0.21895621430555556,0.3642236,0.12384109,72
LK,1875,cyclone,historical,0.21763349284722222,0.3945328,0.04809379,72
LK,1876,cyclone,historical,0.2557667926388889,0.398068,0.1251811,72
LK,1877,cyclone,historical,0.2655573119444445,0.4101448,0.15174663,72
LK,1878,cyclone,historical,0.23532219333333332,0.35688242,0.14306708,72
LK,1879,cyclone,historical,0.2374537023611111,0.33083856,0.13071804,72
LK,1880,cyclone,historical,0.2740507638888889,0.4054358,0.12807208,72
LK,1881,cyclone,historical,0.26953751625,0.39240533,0.1412993,72
LK,1882,cyclone,historical,0.2412550358333333,0.3663386,0.11497519,72
LK,1883,cyclone,historical,0.2020492932777778,0.34138873,0.06085237,72
LK,1884,cyclone,historical,0.21577927883333334,0.3302169,0.056482255,72
LK,1885,cyclone,historical,0.24406387680555555,0.3731607,0.11222379,72
LK,1886,cyclone,historical,0.26083664166666665,0.39144802,0.119081,72
LK,1887,cyclone,historical,0.24961802458333335,0.35450196,0.10294301,72
LK,1888,cyclone,historical,0.21572080333333332,0.3573602,0.07052556,72
LK,1889,cyclone,historical,0.22293720430555558,0.36111742,0.04332442,72
LK,1890,cyclone,historical,0.25373617077777777,0.41444784,0.07799744,72
LK,1891,cyclone,historical,0.25126085263888887,0.38409704,0.09003316,72
LK,1892,cyclone,historical,0.27367468222222224,0.44826987,0.15959665,72
LK,1893,cyclone,historical,0.24474642541666666,0.38746765,0.10841413,72
LK,1894,cyclone,historical,0.21509332005555556,0.34006467,0.073126614,72
LK,1895,cyclone,historical,0.25979882644444446,0.39159632,0.0955943,72
LK,1896,cyclone,historical,0.2666151501388889,0.4052083,0.17857352,72
LK,1897,cyclone,historical,0.2340616432777778,0.37055263,0.090094596,72
LK,1898,cyclone,historical,0.2226970252777778,0.3624912,0.03469791,72
LK,1899,cyclone,historical,0.26653538263888893,0.42300433,0.13893083,72
LK,1900,cyclone,historical,0.27344905291666666,0.43308675,0.17326519,72
LK,1901,cyclone,historical,0.253254745,0.43587372,0.15406112,72
LK,1902,cyclone,historical,0.26568223611111114,0.41257542,0.14154679,72
LK,1903,cyclone,historical,0.23052630152777778,0.37187707,0.13437223,72
LK,1904,cyclone,historical,0.22695216444444444,0.36500117,0.10408907,72
LK,1905,cyclone,historical,0.20989604373611112,0.3574863,0.03630753,72
LK,1906,cyclone,historical,0.2476440238888889,0.38313246,0.05895704,72
LK,1907,cyclone,historical,0.2463967952777778,0.38694555,0.1503901,72
LK,1908,cyclone,historical,0.23543528430555558,0.35541457,0.12522429,72
LK,1909,cyclone,historical,0.2550057022222222,0.44262636,0.14874512,72
LK,1910,cyclone,historical,0.25861293597222224,0.4140054,0.12650114,72
LK,1911,cyclone,historical,0.25750045875,0.35271454,0.11305509,72
LK,1912,cyclone,historical,0.261979215,0.4083069,0.14944702,72
LK,1913,cyclone,historical,0.24829809902777777,0.3710068,0.12243556,72
LK,1914,cyclone,historical,0.26583625791666665,0.41290873,0.11040923,72
LK,1915,cyclone,historical,0.27403022388888887,0.40169758,0.1724281,72
LK,1916,cyclone,historical,0.24664115208333331,0.36562192,0.14543119,72
LK,1917,cyclone,historical,0.25568027491666667,0.3818062,0.102454364,72
LK,1918,cyclone,historical,0.23061022644444445,0.3774257,0.057519924,72
LK,1919,cyclone,historical,0.27469941180555557,0.44283053,0.12747943,72
LK,1920,cyclone,historical,0.2605980495833333,0.38094562,0.13960648,72
LK,1921,cyclone,historical,0.23520221041666664,0.3391689,0.11705075,72
LK,1922,cyclone,historical,0.21953639830555555,0.33923498,0.031975865,72
LK,1923,cyclone,historical,0.2800260396527778,0.43186772,0.117453,72
LK,1924,cyclone,historical,0.26731834638888885,0.4095975,0.14723894,72
LK,1925,cyclone,historical,0.2591753227777778,0.3711146,0.14284697,72
LK,1926,cyclone,historical,0.24796937855555556,0.38223404,0.103918776,72
LK,1927,cyclone,historical,0.25630263506944445,0.42768943,0.095852405,72
LK,1928,cyclone,historical,0.28073943791666667,0.39453065,0.18729343,72
LK,1929,cyclone,historical,0.2537689731944444,0.41532838,0.15269658,72
LK,1930,cyclone,historical,0.26206810875000003,0.40111688,0.12559453,72
LK,1931,cyclone,historical,0.27543486375,0.3991231,0.11933085,72
LK,1932,cyclone,historical,0.2771075761111111,0.44602108,0.13564152,72
LK,1933,cyclone,historical,0.24994489597222222,0.38976353,0.15865469,72
LK,1934,cyclone,historical,0.22557763930555558,0.3346095,0.07816918,72
LK,1935,cyclone,historical,0.29182740777777777,0.43885842,0.15590441,72
LK,1936,cyclone,historical,0.2696117809722222,0.42059043,0.17131725,72
LK,1937,cyclone,historical,0.25837887847222224,0.37802905,0.13355334,72
LK,1938,cyclone,historical,0.26690565125,0.4189455,0.14636815,72
LK,1939,cyclone,historical,0.29828932458333335,0.46431285,0.17467265,72
LK,1940,cyclone,historical,0.26394732708333335,0.4346644,0.13318995,72
LK,1941,cyclone,historical,0.25325580805555553,0.41244492,0.12468615,72
LK,1942,cyclone,historical,0.2592438011111111,0.42218256,0.10574855,72
LK,1943,cyclone,historical,0.2511232206944445,0.3808548,0.10865897,72
LK,1944,cyclone,historical,0.28687133583333335,0.41672182,0.158534,72
LK,1945,cyclone,historical,0.2537454413888889,0.41947144,0.12534343,72
LK,1946,cyclone,historical,0.2775061125,0.38908535,0.13149431,72
LK,1947,cyclone,historical,0.28713839138888886,0.426956,0.15510663,72
LK,1948,cyclone,historical,0.2767856415277778,0.4195521,0.18960169,72
LK,1949,cyclone,historical,0.24213371236111111,0.38086975,0.13100798,72
LK,1950,cyclone,historical,0.24714489930555553,0.4021157,0.13521898,72
LK,1951,cyclone,historical,0.2830941526388889,0.4079873,0.13079861,72
LK,1952,cyclone,historical,0.28466491819444445,0.4387387,0.18269458,72
LK,1953,cyclone,historical,0.2641714377777778,0.38786933,0.15304446,72
LK,1954,cyclone,historical,0.2445412451388889,0.34154597,0.15874007,72
LK,1955,cyclone,historical,0.2662402145,0.39794034,0.11390845,72
LK,1956,cyclone,historical,0.2749559763888889,0.42260942,0.14098565,72
LK,1957,cyclone,historical,0.2860147416666667,0.46585634,0.18129732,72
LK,1958,cyclone,historical,0.2572999022222222,0.38782609,0.13285817,72
LK,1959,cyclone,historical,0.2564084843055555,0.3990761,0.14246312,72
LK,1960,cyclone,historical,0.2880986655555555,0.43057874,0.1258294,72
LK,1961,cyclone,historical,0.2807228534027778,0.40221924,0.111161865,72
LK,1962,cyclone,historical,0.27845417708333337,0.4167365,0.15775573,72
LK,1963,cyclone,historical,0.20679217381944445,0.33548608,0.114717185,72
LK,1964,cyclone,historical,0.24655373263888888,0.35587415,0.0836107,72
LK,1965,cyclone,historical,0.2714518273611111,0.40334615,0.1553443,72
LK,1966,cyclone,historical,0.23199972458333334,0.3567896,0.1221617,72
LK,1967,cyclone,historical,0.23215846922222225,0.32727757,0.098167524,72
LK,1968,cyclone,historical,0.28626596083333333,0.44866836,0.12844896,72
LK,1969,cyclone,historical,0.2865240606944444,0.44583037,0.13672581,72
LK,1970,cyclone,historical,0.2541662879166667,0.41707683,0.12383761,72
LK,1971,cyclone,historical,0.24922456645833332,0.36598247,0.11876151,72
LK,1972,cyclone,historical,0.2183207751388889,0.37564048,0.08339118,72
LK,1973,cyclone,historical,0.26783591361111114,0.39780113,0.08973337,72
LK,1974,cyclone,historical,0.24889877577777778,0.4096467,0.104209796,72
LK,1975,cyclone,historical,0.24880896458333332,0.4220023,0.12175296,72
LK,1976,cyclone,historical,0.2443119636666667,0.36816958,0.097483054,72
LK,1977,cyclone,historical,0.2835915425,0.4493664,0.14114161,72
LK,1978,cyclone,historical,0.2704219386111111,0.38394934,0.16001083,72
LK,1979,cyclone,historical,0.2736282091666667,0.42314398,0.13518648,72
LK,1980,cyclone,historical,0.29324403444444447,0.41843435,0.1412155,72
LK,1981,cyclone,historical,0.2762116011111111,0.42721352,0.10492025,72
LK,1982,cyclone,historical,0.2541198576388889,0.36677304,0.14639759,72
LK,1983,cyclone,historical,0.22198927277777777,0.35937196,0.12172312,72
LK,1984,cyclone,historical,0.24409059875000003,0.38168418,0.0686763,72
LK,1985,cyclone,historical,0.2884708802777778,0.4348737,0.15933722,72
LK,1986,cyclone,historical,0.2597180998611111,0.44642317,0.133149,72
LK,1987,cyclone,historical,0.2568592658333333,0.40946254,0.12430029,72
LK,1988,cyclone,historical,0.27437104013888886,0.40987712,0.12362391,72
LK,1989,cyclone,historical,0.28162850180555554,0.42403176,0.14462101,72
LK,1990,cyclone,historical,0.2773302043888889,0.37976843,0.1189675,72
LK,1991,cyclone,historical,0.2684219904166667,0.42317557,0.14369273,72
LK,1992,cyclone,historical,0.2563514663888889,0.40000415,0.09338574,72
LK,1993,cyclone,historical,0.2706216723611111,0.38656265,0.11414964,72
LK,1994,cyclone,historical,0.29916953569444443,0.44683313,0.18480298,72
LK,1995,cyclone,historical,0.25340948305555555,0.36063743,0.12687626,72
LK,1996,cyclone,historical,0.25333547013888885,0.39254215,0.10442568,72
LK,1997,cyclone,historical,0.29111914976388886,0.43024278,0.113613114,72
LK,1998,cyclone,historical,0.30396085305555554,0.4455876,0.16991125,72
LK,1999,cyclone,historical,0.2581240573611111,0.38397786,0.13227002,72
LK,2000,cyclone,historical,0.2829408583333333,0.42811692,0.1034682,72
LK,2001,cyclone,historical,0.29168370125,0.4242271,0.15890658,72
LK,2002,cyclone,historical,0.29370370375,0.42506185,0.17603824,72
LK,2003,cyclone,historical,0.28916475194444446,0.400326,0.15230654,72
LK,2004,cyclone,historical,0.26681721194444447,0.3803758,0.13312124,72
LK,2005,cyclone,historical,0.27374344333333334,0.387958,0.13417144,72
LK,2006,cyclone,historical,0.3024536533333333,0.44278178,0.14841512,72
LK,2007,cyclone,historical,0.31266907833333335,0.4668634,0.14379376,72
LK,2008,cyclone,historical,0.3022399141666667,0.44097888,0.18665874,72
LK,2009,cyclone,historical,0.31082956194444444,0.45106512,0.17331164,72
LK,2010,cyclone,historical,0.30405599027777774,0.4488238,0.13592681,72
LK,2011,cyclone,historical,0.3135762556944444,0.45370784,0.18088384,72
LK,2012,cyclone,historical,0.26048639361111114,0.39469728,0.09786472,72
LK,2013,cyclone,historical,0.28801998194444445,0.4059163,0.14422315,72
LK,2014,cyclone,historical,0.2854370856944445,0.42836857,0.11374548,72
LT,1850,cyclone,historical,0.04328285283333333,0.21071126,0.0,12
LT,1851,cyclone,historical,0.0405713918,0.20378387,0.0,12
LT,1852,cyclone,historical,0.03166333626666667,0.10330385,0.0,12
LT,1853,cyclone,historical,0.054424139149999995,0.14452505,0.0,12
LT,1854,cyclone,historical,0.04435061666666667,0.13394862,0.0,12
LT,1855,cyclone,historical,0.037068396808333334,0.14197601,0.0,12
LT,1856,cyclone,historical,0.05233129042666667,0.20211153,0.0,12
LT,1857,cyclone,historical,0.07747344675,0.28126654,0.0,12
LT,1858,cyclone,historical,0.014204013461666666,0.07184579,0.0,12
LT,1859,cyclone,historical,0.04671606120833333,0.11866603,0.0,12
LT,1860,cyclone,historical,0.06197292076666666,0.14986728,0.0,12
LT,1861,cyclone,historical,0.05616373320416667,0.17534882,0.0,12
LT,1862,cyclone,historical,0.05069656903333333,0.16771366,0.0,12
LT,1863,cyclone,historical,0.05997525686666667,0.21375448,0.0,12
LT,1864,cyclone,historical,0.04083876783333334,0.15967111,0.0,12
LT,1865,cyclone,historical,0.03183964466666667,0.111619405,0.0,12
LT,1866,cyclone,historical,0.043938746249999994,0.25066605,0.0,12
LT,1867,cyclone,historical,0.047131444041666665,0.18567133,0.0,12
LT,1868,cyclone,historical,0.0509285572,0.21682827,0.0,12
LT,1869,cyclone,historical,0.05496411206666666,0.17088075,0.0,12
LT,1870,cyclone,historical,0.034757792,0.17153232,0.0,12
LT,1871,cyclone,historical,0.029292908208333333,0.13031797,0.0,12
LT,1872,cyclone,historical,0.05036220030541667,0.1511672,0.0,12
LT,1873,cyclone,historical,0.06652414158333333,0.22090554,0.0,12
LT,1874,cyclone,historical,0.052730675525,0.16941912,0.0,12
LT,1875,cyclone,historical,0.0290821115475,0.088695884,0.0,12
LT,1876,cyclone,historical,0.036354274750000005,0.13326715,0.0,12
LT,1877,cyclone,historical,0.04170642279166667,0.1489157,0.0,12
LT,1878,cyclone,historical,0.0283138695,0.15431555,0.0,12
LT,1879,cyclone,historical,0.030280560916666668,0.14805843,0.0,12
LT,1880,cyclone,historical,0.04235913280833333,0.13044511,0.0,12
LT,1881,cyclone,historical,0.04425813898416667,0.12766485,0.0,12
LT,1882,cyclone,historical,0.040176001308333334,0.123194985,0.0,12
LT,1883,cyclone,historical,0.04255147041666666,0.20125465,0.0,12
LT,1884,cyclone,historical,0.024507933333333332,0.09986123,0.0,12
LT,1885,cyclone,historical,0.06469074625,0.19758259,0.0,12
LT,1886,cyclone,historical,0.05668863999999999,0.25987306,0.0,12
LT,1887,cyclone,historical,0.03546381079166667,0.12011253,0.0,12
LT,1888,cyclone,historical,0.06669174541666667,0.1663997,0.0,12
LT,1889,cyclone,historical,0.03414193884166667,0.2095659,0.0,12
LT,1890,cyclone,historical,0.05192134174166666,0.19267364,0.0,12
LT,1891,cyclone,historical,0.046673349558333334,0.1706686,0.0,12
LT,1892,cyclone,historical,0.071197069525,0.25326335,0.0,12
LT,1893,cyclone,historical,0.0740232175,0.18224777,0.0,12
LT,1894,cyclone,historical,0.04342041427333334,0.19217877,0.0,12
LT,1895,cyclone,historical,0.054656966041666664,0.14194001,0.0,12
LT,1896,cyclone,historical,0.049000495285,0.13818906,0.0,12
LT,1897,cyclone,historical,0.07819609366666667,0.16627255,0.006992601,12
LT,1898,cyclone,historical,0.05210653708333333,0.2311848,0.0,12
LT,1899,cyclone,historical,0.044741085183333335,0.18776865,0.0,12
LT,1900,cyclone,historical,0.050337945833333335,0.18548293,0.0,12
LT,1901,cyclone,historical,0.06531220858333332,0.18085782,0.0,12
LT,1902,cyclone,historical,0.056208156833333335,0.16912198,0.0,12
LT,1903,cyclone,historical,0.0683133506125,0.21922421,0.0,12
LT,1904,cyclone,historical,0.03391313183333333,0.13137223,0.0,12
LT,1905,cyclone,historical,0.06758169875,0.23917621,0.0,12
LT,1906,cyclone,historical,0.068403517975,0.19749866,0.0,12
LT,1907,cyclone,historical,0.0393600645,0.10129114,0.0,12
LT,1908,cyclone,historical,0.039537666374999995,0.16029568,0.0,12
LT,1909,cyclone,historical,0.05981236255833333,0.21851285,0.0,12
LT,1910,cyclone,historical,0.035267421241666666,0.123655654,0.0,12
LT,1911,cyclone,historical,0.03432860161666667,0.15789,0.0,12
LT,1912,cyclone,historical,0.059027881775000006,0.2403994,0.0,12
LT,1913,cyclone,historical,0.027377932333333337,0.106558464,0.0,12
LT,1914,cyclone,historical,0.05138902294,0.15154503,0.0,12
LT,1915,cyclone,historical,0.0306657784,0.08697494,0.0,12
LT,1916,cyclone,historical,0.05204494725,0.14304505,0.0,12
LT,1917,cyclone,historical,0.05396532425,0.17113216,0.0,12
LT,1918,cyclone,historical,0.06693459725,0.21170537,0.0,12
LT,1919,cyclone,historical,0.054102194274999994,0.20482372,0.0,12
LT,1920,cyclone,historical,0.03303008093333334,0.12328467,0.0,12
LT,1921,cyclone,historical,0.04506585164166666,0.18079697,0.0,12
LT,1922,cyclone,historical,0.035317275508333336,0.17754163,0.0,12
LT,1923,cyclone,historical,0.055173438166666665,0.25709605,0.0,12
LT,1924,cyclone,historical,0.05928658720833333,0.21894795,0.0,12
LT,1925,cyclone,historical,0.02892050775,0.13347533,0.0,12
LT,1926,cyclone,historical,0.05265815916666666,0.22212659,0.0,12
LT,1927,cyclone,historical,0.03916337520416666,0.209885,0.0,12
LT,1928,cyclone,historical,0.030443543858333335,0.123765506,0.0,12
LT,1929,cyclone,historical,0.04797538316666666,0.15861614,0.0,12
LT,1930,cyclone,historical,0.05496672180666667,0.20887361,0.0,12
LT,1931,cyclone,historical,0.08025568258333333,0.30143932,0.0,12
LT,1932,cyclone,historical,0.04141049778333333,0.09741521,0.0,12
LT,1933,cyclone,historical,0.04281617529166667,0.105037056,0.0,12
LT,1934,cyclone,historical,0.021510965713333333,0.075170286,0.0,12
LT,1935,cyclone,historical,0.034815242356666665,0.09704351,0.0,12
LT,1936,cyclone,historical,0.03623697425,0.17422973,0.0,12
LT,1937,cyclone,historical,0.03173126053333333,0.1154586,0.0,12
LT,1938,cyclone,historical,0.0655020598,0.23311324,0.0,12
LT,1939,cyclone,historical,0.06890957358333334,0.15982096,0.001659365,12
LT,1940,cyclone,historical,0.0561784395,0.13868682,0.0,12
LT,1941,cyclone,historical,0.04812353858333334,0.18904732,0.0,12
LT,1942,cyclone,historical,0.047469325166666666,0.22644085,0.0,12
LT,1943,cyclone,historical,0.0230345699525,0.11501125,0.0,12
LT,1944,cyclone,historical,0.05717996183333333,0.14814381,0.0,12
LT,1945,cyclone,historical,0.031689058416666666,0.1147883,0.0,12
LT,1946,cyclone,historical,0.081363667,0.21905456,0.0,12
LT,1947,cyclone,historical,0.0364360951,0.12922877,0.0,12
LT,1948,cyclone,historical,0.04270259791666667,0.1515162,0.0,12
LT,1949,cyclone,historical,0.046977343975,0.18109663,0.0,12
LT,1950,cyclone,historical,0.035312172583333336,0.11811135,0.0,12
LT,1951,cyclone,historical,0.05344678116666667,0.17343913,0.0,12
LT,1952,cyclone,historical,0.04698649880833333,0.1812598,0.0,12
LT,1953,cyclone,historical,0.052336033733333336,0.18671693,0.0,12
LT,1954,cyclone,historical,0.03763712879166667,0.13017066,0.0,12
LT,1955,cyclone,historical,0.06770815258333333,0.26389056,0.0,12
LT,1956,cyclone,historical,0.029668459205833334,0.19185531,0.0,12
LT,1957,cyclone,historical,0.04461964479166667,0.15911715,0.0,12
LT,1958,cyclone,historical,0.026922690375,0.13412942,0.0,12
LT,1959,cyclone,historical,0.039258763,0.1451125,0.0,12
LT,1960,cyclone,historical,0.059139509750000006,0.29525498,0.0,12
LT,1961,cyclone,historical,0.04357478125,0.13181849,0.0,12
LT,1962,cyclone,historical,0.04285306341666667,0.2007367,0.0,12
LT,1963,cyclone,historical,0.05197068716666667,0.1524635,0.0,12
LT,1964,cyclone,historical,0.049094321485833335,0.17694695,0.0,12
LT,1965,cyclone,historical,0.07226843691666666,0.19047292,0.0,12
LT,1966,cyclone,historical,0.059950638810000005,0.2133705,0.0,12
LT,1967,cyclone,historical,0.06553744758333334,0.18135236,0.0,12
LT,1968,cyclone,historical,0.07460407333333334,0.23597057,0.0,12
LT,1969,cyclone,historical,0.058681747,0.20053034,0.0,12
LT,1970,cyclone,historical,0.06436541,0.18320657,0.0,12
LT,1971,cyclone,historical,0.040654233075,0.2482683,0.0,12
LT,1972,cyclone,historical,0.033447776091666666,0.17565607,0.0,12
LT,1973,cyclone,historical,0.067591964445,0.24961577,0.0,12
LT,1974,cyclone,historical,0.04357076011083333,0.13859715,0.0,12
LT,1975,cyclone,historical,0.06557154496666667,0.21960275,0.0,12
LT,1976,cyclone,historical,0.034002816725,0.21788216,0.0,12
LT,1977,cyclone,historical,0.033677780750000004,0.099811144,0.0,12
LT,1978,cyclone,historical,0.057113208383333336,0.19777276,0.0,12
LT,1979,cyclone,historical,0.042338931249999996,0.11680748,0.0,12
LT,1980,cyclone,historical,0.03942522625,0.18141718,0.0,12
LT,1981,cyclone,historical,0.04511636722283333,0.24518406,0.0,12
LT,1982,cyclone,historical,0.035717412016666665,0.14597659,0.0,12
LT,1983,cyclone,historical,0.051900301475,0.14817154,0.0,12
LT,1984,cyclone,historical,0.04147452233333334,0.1536413,0.0,12
LT,1985,cyclone,historical,0.05908749286666667,0.12858368,0.0,12
LT,1986,cyclone,historical,0.03017889945,0.12206004,0.0,12
LT,1987,cyclone,historical,0.0485946575,0.20341611,0.0,12
LT,1988,cyclone,historical,0.05915814825000001,0.19948183,0.0,12
LT,1989,cyclone,historical,0.044697712083333334,0.15916902,0.0,12
LT,1990,cyclone,historical,0.05357527319416666,0.30025935,0.0,12
LT,1991,cyclone,historical,0.04288011083333334,0.13271213,0.0,12
LT,1992,cyclone,historical,0.03316794289166666,0.17245944,0.0,12
LT,1993,cyclone,historical,0.05332026715416666,0.20536833,0.0,12
LT,1994,cyclone,historical,0.057345766575000005,0.23765986,0.0,12
LT,1995,cyclone,historical,0.010390541508333333,0.049568444,0.0,12
LT,1996,cyclone,historical,0.06799410645833333,0.19096601,0.0,12
LT,1997,cyclone,historical,0.05797125283333334,0.143411,0.0,12
LT,1998,cyclone,historical,0.041880418725,0.14466263,0.0,12
LT,1999,cyclone,historical,0.065524812,0.234031,0.0,12
LT,2000,cyclone,historical,0.06065987291666667,0.14833651,0.0,12
LT,2001,cyclone,historical,0.03327479523333333,0.20134433,0.0,12
LT,2002,cyclone,historical,0.043658255,0.11330182,0.0,12
LT,2003,cyclone,historical,0.05561340223333333,0.14852163,0.0,12
LT,2004,cyclone,historical,0.038327779675,0.12058113,0.0,12
LT,2005,cyclone,historical,0.026168257249999997,0.1666259,0.0,12
LT,2006,cyclone,historical,0.053194352916666666,0.15168117,0.0,12
LT,2007,cyclone,historical,0.07778470425,0.22537975,0.0,12
LT,2008,cyclone,historical,0.0217988428475,0.14115626,0.0,12
LT,2009,cyclone,historical,0.032145831975000004,0.16553779,0.0,12
LT,2010,cyclone,historical,0.03542116015833333,0.11520576,0.0,12
LT,2011,cyclone,historical,0.039157341883333335,0.15434437,0.0,12
LT,2012,cyclone,historical,0.029312328666666665,0.15605164,0.0,12
LT,2013,cyclone,historical,0.07360996600000001,0.24289472,0.0,12
LT,2014,cyclone,historical,0.046068752605000006,0.17199047,0.0,12
LY,1850,cyclone,historical,0.014133614978888888,0.12708142,0.0,36
LY,1851,cyclone,historical,0.011473644716666667,0.05734805,0.0,36
LY,1852,cyclone,historical,0.015981120653166665,0.08590379,0.0,36
LY,1853,cyclone,historical,0.00861107523611111,0.052378103,0.0,36
LY,1854,cyclone,historical,0.0059236406222222225,0.046436794,0.0,36
LY,1855,cyclone,historical,0.008921298530555555,0.05591268,0.0,36
LY,1856,cyclone,historical,0.008905034036111112,0.10196465,0.0,36
LY,1857,cyclone,historical,0.015403494397222224,0.073692895,0.0,36
LY,1858,cyclone,historical,0.017942760846027778,0.085495315,0.0,36
LY,1859,cyclone,historical,0.007923015238333334,0.08019784,0.0,36
LY,1860,cyclone,historical,0.025624339957222225,0.14110652,0.0,36
LY,1861,cyclone,historical,0.021717529458333336,0.13160059,0.0,36
LY,1862,cyclone,historical,0.0041713758077777776,0.040461946,0.0,36
LY,1863,cyclone,historical,0.016492793444444445,0.09082818,0.0,36
LY,1864,cyclone,historical,0.011723201638888889,0.06308082,0.0,36
LY,1865,cyclone,historical,0.015226700294444444,0.07194251,0.0,36
LY,1866,cyclone,historical,0.0062918913794444455,0.06954467,0.0,36
LY,1867,cyclone,historical,0.016193407694444446,0.14200088,0.0,36
LY,1868,cyclone,historical,0.0065748903083333345,0.06649594,0.0,36
LY,1869,cyclone,historical,0.01772162516472222,0.083511114,0.0,36
LY,1870,cyclone,historical,0.010396323245555556,0.05704065,0.0,36
LY,1871,cyclone,historical,0.005141900138888889,0.054220002,0.0,36
LY,1872,cyclone,historical,0.00930119619111111,0.08531053,0.0,36
LY,1873,cyclone,historical,0.009234066336111112,0.062859625,0.0,36
LY,1874,cyclone,historical,0.007977665519444446,0.04969404,0.0,36
LY,1875,cyclone,historical,0.00649419726111111,0.033604577,0.0,36
LY,1876,cyclone,historical,0.01421495333611111,0.08395819,0.0,36
LY,1877,cyclone,historical,0.013760892941666665,0.061943088,0.0,36
LY,1878,cyclone,historical,0.005494322583333333,0.04884149,0.0,36
LY,1879,cyclone,historical,0.012987071665555554,0.14075279,0.0,36
LY,1880,cyclone,historical,0.0031961774877777775,0.029181343,0.0,36
LY,1881,cyclone,historical,0.02574223578333333,0.13716048,0.0,36
LY,1882,cyclone,historical,0.001271034807777778,0.010356534,0.0,36
LY,1883,cyclone,historical,0.006472997066666667,0.04391113,0.0,36
LY,1884,cyclone,historical,0.011081000550000001,0.08406195,0.0,36
LY,1885,cyclone,historical,0.0008147815677777778,0.011730994,0.0,36
LY,1886,cyclone,historical,0.00933097686111111,0.106244706,0.0,36
LY,1887,cyclone,historical,0.011676611880555555,0.09463711,0.0,36
LY,1888,cyclone,historical,0.006295529611111111,0.03521081,0.0,36
LY,1889,cyclone,historical,0.010540794386111111,0.08410896,0.0,36
LY,1890,cyclone,historical,0.009640216,0.05759786,0.0,36
LY,1891,cyclone,historical,0.006649992411111111,0.04887329,0.0,36
LY,1892,cyclone,historical,0.002986941570322222,0.02905362,0.0,36
LY,1893,cyclone,historical,0.006582111733333333,0.05526329,0.0,36
LY,1894,cyclone,historical,0.008077718847222222,0.055213545,0.0,36
LY,1895,cyclone,historical,0.009708029180555557,0.059935965,0.0,36
LY,1896,cyclone,historical,0.004811445402777777,0.031410515,0.0,36
LY,1897,cyclone,historical,0.007021245982111112,0.04613059,0.0,36
LY,1898,cyclone,historical,0.012183174716666667,0.070419185,0.0,36
LY,1899,cyclone,historical,0.004905413085,0.047221668,0.0,36
LY,1900,cyclone,historical,0.011298307430555555,0.08447065,0.0,36
LY,1901,cyclone,historical,0.013969431936111113,0.07702924,0.0,36
LY,1902,cyclone,historical,0.011677292536111111,0.06968928,0.0,36
LY,1903,cyclone,historical,0.0016870915375000002,0.016301181,0.0,36
LY,1904,cyclone,historical,0.009642739650000001,0.055240437,0.0,36
LY,1905,cyclone,historical,0.012183679305555556,0.07457157,0.0,36
LY,1906,cyclone,historical,0.007006982444444445,0.050563812,0.0,36
LY,1907,cyclone,historical,0.004851974975,0.037183896,0.0,36
LY,1908,cyclone,historical,0.003031844311111111,0.032106392,0.0,36
LY,1909,cyclone,historical,0.004686443394444444,0.041445013,0.0,36
LY,1910,cyclone,historical,0.012145345095444444,0.0655774,0.0,36
LY,1911,cyclone,historical,0.010077154361111111,0.05404426,0.0,36
LY,1912,cyclone,historical,0.0021879902055555555,0.02702619,0.0,36
LY,1913,cyclone,historical,0.002256279613888889,0.017256929,0.0,36
LY,1914,cyclone,historical,0.006593994876944444,0.08089866,0.0,36
LY,1915,cyclone,historical,0.006721925838888889,0.046069264,0.0,36
LY,1916,cyclone,historical,0.009675164375,0.07875478,0.0,36
LY,1917,cyclone,historical,0.00815209154738889,0.051102147,0.0,36
LY,1918,cyclone,historical,0.004113902385833333,0.045399472,0.0,36
LY,1919,cyclone,historical,0.00907403188888889,0.09450563,0.0,36
LY,1920,cyclone,historical,0.012024162879722224,0.0633424,0.0,36
LY,1921,cyclone,historical,0.002895959989444445,0.01840593,0.0,36
LY,1922,cyclone,historical,0.0037337707333333337,0.0280057,0.0,36
LY,1923,cyclone,historical,0.007684880583333335,0.044044256,0.0,36
LY,1924,cyclone,historical,0.008078863666666667,0.07096431,0.0,36
LY,1925,cyclone,historical,0.009599314027777778,0.041026086,0.0,36
LY,1926,cyclone,historical,0.0039972348333333334,0.029178549,0.0,36
LY,1927,cyclone,historical,0.0057269670013888885,0.054379635,0.0,36
LY,1928,cyclone,historical,0.011118438523333333,0.13951111,0.0,36
LY,1929,cyclone,historical,0.006629700916666667,0.0722067,0.0,36
LY,1930,cyclone,historical,0.003385472945277778,0.019250004,0.0,36
LY,1931,cyclone,historical,0.01000908815,0.055790976,0.0,36
LY,1932,cyclone,historical,0.008731959749999999,0.058248147,0.0,36
LY,1933,cyclone,historical,0.011361480675,0.068246104,0.0,36
LY,1934,cyclone,historical,0.008200138230555555,0.07974526,0.0,36
LY,1935,cyclone,historical,0.008791606327277778,0.08632826,0.0,36
LY,1936,cyclone,historical,0.007332006575,0.048243973,0.0,36
LY,1937,cyclone,historical,0.00439873625,0.041190192,0.0,36
LY,1938,cyclone,historical,0.008917530036111112,0.06251168,0.0,36
LY,1939,cyclone,historical,0.0145967637,0.11569224,0.0,36
LY,1940,cyclone,historical,0.016457173336111113,0.11898364,0.0,36
LY,1941,cyclone,historical,0.01843914443111111,0.1437993,0.0,36
LY,1942,cyclone,historical,0.008647205426944445,0.05370281,0.0,36
LY,1943,cyclone,historical,0.0034475650544444443,0.031584073,0.0,36
LY,1944,cyclone,historical,0.003632828947222223,0.042840865,0.0,36
LY,1945,cyclone,historical,0.010973467769444445,0.074621186,0.0,36
LY,1946,cyclone,historical,0.004828924960555555,0.06150829,0.0,36
LY,1947,cyclone,historical,0.009706243375,0.041342936,0.0,36
LY,1948,cyclone,historical,0.010379680912500001,0.04997887,0.0,36
LY,1949,cyclone,historical,0.011087200269444444,0.05279894,0.0,36
LY,1950,cyclone,historical,0.012817552133333333,0.06509696,0.0,36
LY,1951,cyclone,historical,0.0122398555,0.1252651,0.0,36
LY,1952,cyclone,historical,0.011759292399166668,0.095929876,0.0,36
LY,1953,cyclone,historical,0.01128658186111111,0.06452452,0.0,36
LY,1954,cyclone,historical,0.0065064007527777775,0.04091504,0.0,36
LY,1955,cyclone,historical,0.013000020425000001,0.113853484,0.0,36
LY,1956,cyclone,historical,0.0034671432513888887,0.038232036,0.0,36
LY,1957,cyclone,historical,0.00283481435,0.019175986,0.0,36
LY,1958,cyclone,historical,0.017839383555555557,0.14209396,0.0,36
LY,1959,cyclone,historical,0.009643155813888889,0.053677958,0.0,36
LY,1960,cyclone,historical,0.004568011302777777,0.046182178,0.0,36
LY,1961,cyclone,historical,0.011305493353333333,0.0638589,0.0,36
LY,1962,cyclone,historical,0.01713929997777778,0.11273447,0.0,36
LY,1963,cyclone,historical,0.00667629425,0.0611395,0.0,36
LY,1964,cyclone,historical,0.002727068875,0.037808456,0.0,36
LY,1965,cyclone,historical,0.003998180377777777,0.04136221,0.0,36
LY,1966,cyclone,historical,0.0034503472777777777,0.027249318,0.0,36
LY,1967,cyclone,historical,0.0056127020372222225,0.03909593,0.0,36
LY,1968,cyclone,historical,0.015489890080555556,0.10011657,0.0,36
LY,1969,cyclone,historical,0.0037338650608333334,0.053326406,0.0,36
LY,1970,cyclone,historical,0.00343285055,0.02259574,0.0,36
LY,1971,cyclone,historical,0.0034751515405555553,0.031130113,0.0,36
LY,1972,cyclone,historical,0.005569094252777778,0.03960379,0.0,36
LY,1973,cyclone,historical,0.006920392133888889,0.056713402,0.0,36
LY,1974,cyclone,historical,0.009010959197222222,0.06586128,0.0,36
LY,1975,cyclone,historical,0.005085692555555556,0.039026238,0.0,36
LY,1976,cyclone,historical,0.004456480238888889,0.031046372,0.0,36
LY,1977,cyclone,historical,0.0066725932888888895,0.04472398,0.0,36
LY,1978,cyclone,historical,0.0024620713944444443,0.025285957,0.0,36
LY,1979,cyclone,historical,0.0026882046305555557,0.033966567,0.0,36
LY,1980,cyclone,historical,0.0058180105361111106,0.04647825,0.0,36
LY,1981,cyclone,historical,0.004217904655833334,0.026762802,0.0,36
LY,1982,cyclone,historical,0.008547714716666667,0.070709094,0.0,36
LY,1983,cyclone,historical,0.013186454386944444,0.06870301,0.0,36
LY,1984,cyclone,historical,0.00687578905,0.06524038,0.0,36
LY,1985,cyclone,historical,0.014092442291666667,0.06787638,0.0,36
LY,1986,cyclone,historical,0.0058371752125,0.051825896,0.0,36
LY,1987,cyclone,historical,0.007511265144444444,0.07229098,0.0,36
LY,1988,cyclone,historical,0.004301228182,0.032625057,0.0,36
LY,1989,cyclone,historical,0.006182692233333334,0.084553026,0.0,36
LY,1990,cyclone,historical,0.006939164804166667,0.033332814,0.0,36
LY,1991,cyclone,historical,0.003441747527777778,0.023617048,0.0,36
LY,1992,cyclone,historical,0.0158392465,0.08352525,0.0,36
LY,1993,cyclone,historical,0.003022088165833333,0.03868662,0.0,36
LY,1994,cyclone,historical,0.006678702354444444,0.037719693,0.0,36
LY,1995,cyclone,historical,0.01412746318388889,0.09027497,0.0,36
LY,1996,cyclone,historical,0.008688434527777778,0.09780699,0.0,36
LY,1997,cyclone,historical,0.01543604518888889,0.15469527,0.0,36
LY,1998,cyclone,historical,0.017708625269444445,0.097205125,0.0,36
LY,1999,cyclone,historical,0.0120345107075,0.09584599,0.0,36
LY,2000,cyclone,historical,0.008756012171111112,0.04635723,0.0,36
LY,2001,cyclone,historical,0.016917942308333336,0.1456984,0.0,36
LY,2002,cyclone,historical,0.011249122266666668,0.07520934,0.0,36
LY,2003,cyclone,historical,0.014411533616666666,0.14266786,0.0,36
LY,2004,cyclone,historical,0.013659409801944444,0.08092971,0.0,36
LY,2005,cyclone,historical,0.0052526252,0.0585018,0.0,36
LY,2006,cyclone,historical,0.012696102225555556,0.106037185,0.0,36
LY,2007,cyclone,historical,0.01031078553611111,0.10735813,0.0,36
LY,2008,cyclone,historical,0.019621486422222223,0.12861252,0.0,36
LY,2009,cyclone,historical,0.01971127947888889,0.13761355,0.0,36
LY,2010,cyclone,historical,0.0054863762,0.027515462,0.0,36
LY,2011,cyclone,historical,0.004654864733888889,0.02662746,0.0,36
LY,2012,cyclone,historical,0.02479071657611111,0.15907457,0.0,36
LY,2013,cyclone,historical,0.02987525255555555,0.2635254,0.0,36
LY,2014,cyclone,historical,0.01367643231825,0.10921649,0.0,36
MG,1850,cyclone,historical,0.05617557271935606,0.42835644,0.0,264
MG,1851,cyclone,historical,0.056872109352954545,0.39229316,0.0,264
MG,1852,cyclone,historical,0.06101933517662878,0.41845953,0.0,264
MG,1853,cyclone,historical,0.06034091439662879,0.4410797,0.0,264
MG,1854,cyclone,historical,0.05924134636114394,0.40054193,0.0,264
MG,1855,cyclone,historical,0.05456312218453409,0.3689573,0.0,264
MG,1856,cyclone,historical,0.06271759622187499,0.44895595,0.0,264
MG,1857,cyclone,historical,0.0666586847346591,0.49914372,0.0,264
MG,1858,cyclone,historical,0.0615499831983447,0.45039088,0.0,264
MG,1859,cyclone,historical,0.05644021815727273,0.42521328,0.0,264
MG,1860,cyclone,historical,0.04308742019670454,0.38703388,0.0,264
MG,1861,cyclone,historical,0.043687106138257575,0.35357162,0.0,264
MG,1862,cyclone,historical,0.0628341189767803,0.41989195,0.0,264
MG,1863,cyclone,historical,0.06774629966390153,0.44274327,0.0,264
MG,1864,cyclone,historical,0.04707379393910985,0.38191605,0.0,264
MG,1865,cyclone,historical,0.04892709121337121,0.3770089,0.0,264
MG,1866,cyclone,historical,0.054752922365340906,0.41973013,0.0,264
MG,1867,cyclone,historical,0.06742930860354925,0.44011277,0.0,264
MG,1868,cyclone,historical,0.06521836599090909,0.44681472,0.0,264
MG,1869,cyclone,historical,0.0520616933492803,0.41631174,0.0,264
MG,1870,cyclone,historical,0.04985458170356061,0.4117518,0.0,264
MG,1871,cyclone,historical,0.05852355674981061,0.41785422,0.0,264
MG,1872,cyclone,historical,0.07552450506011364,0.47293425,0.0,264
MG,1873,cyclone,historical,0.05421109769867424,0.44370627,0.0,264
MG,1874,cyclone,historical,0.04658074349890151,0.3798402,0.0,264
MG,1875,cyclone,historical,0.04861414158386364,0.37709028,0.0,264
MG,1876,cyclone,historical,0.06696666939857576,0.459695,0.0,264
MG,1877,cyclone,historical,0.060263888174886364,0.41651234,0.0,264
MG,1878,cyclone,historical,0.04981085310560606,0.3608034,0.0,264
MG,1879,cyclone,historical,0.05122069269738636,0.3931808,0.0,264
MG,1880,cyclone,historical,0.0603482393280303,0.4677738,0.0,264
MG,1881,cyclone,historical,0.06026958082464016,0.44465783,0.0,264
MG,1882,cyclone,historical,0.0578546495669697,0.46323696,0.0,264
MG,1883,cyclone,historical,0.04399615431259091,0.42849293,0.0,264
MG,1884,cyclone,historical,0.04969388648535985,0.40337977,0.0,264
MG,1885,cyclone,historical,0.06787914414018939,0.4062516,0.0,264
MG,1886,cyclone,historical,0.07028666535253789,0.44737166,0.0,264
MG,1887,cyclone,historical,0.05994118869909091,0.4250771,0.0,264
MG,1888,cyclone,historical,0.04774836491113636,0.39953938,0.0,264
MG,1889,cyclone,historical,0.05489663230598485,0.40780452,0.0,264
MG,1890,cyclone,historical,0.06235471006928409,0.44178432,0.0,264
MG,1891,cyclone,historical,0.06171871503238636,0.40983513,0.0,264
MG,1892,cyclone,historical,0.06487669564928031,0.4713691,0.0,264
MG,1893,cyclone,historical,0.05533849807280303,0.44619215,0.0,264
MG,1894,cyclone,historical,0.053163850699583334,0.40172774,0.0,264
MG,1895,cyclone,historical,0.06718168506787879,0.41633046,0.0,264
MG,1896,cyclone,historical,0.06174134644594319,0.53166676,0.0,264
MG,1897,cyclone,historical,0.05564323428647727,0.41503894,0.0,264
MG,1898,cyclone,historical,0.05476437092386364,0.4066295,0.0,264
MG,1899,cyclone,historical,0.0619091666781856,0.41268948,0.0,264
MG,1900,cyclone,historical,0.07495970049870077,0.44997978,0.0,264
MG,1901,cyclone,historical,0.061298601404545454,0.38901407,0.0,264
MG,1902,cyclone,historical,0.07056105120719698,0.44208342,0.0,264
MG,1903,cyclone,historical,0.05424997080772727,0.42696863,0.0,264
MG,1904,cyclone,historical,0.050834932239242424,0.38256094,0.0,264
MG,1905,cyclone,historical,0.048467603575,0.37936655,0.0,264
MG,1906,cyclone,historical,0.05750781187117424,0.38684353,0.0,264
MG,1907,cyclone,historical,0.056530817492973486,0.39391991,0.0,264
MG,1908,cyclone,historical,0.05057049880647727,0.43135095,0.0,264
MG,1909,cyclone,historical,0.06396465623988637,0.44374487,0.0,264
MG,1910,cyclone,historical,0.06386344359960607,0.45114133,0.0,264
MG,1911,cyclone,historical,0.05318398341542425,0.39617312,0.0,264
MG,1912,cyclone,historical,0.06159741184675379,0.4241012,0.0,264
MG,1913,cyclone,historical,0.06337868662896212,0.44758418,0.0,264
MG,1914,cyclone,historical,0.06351149604002651,0.43161073,0.0,264
MG,1915,cyclone,historical,0.06543620348007576,0.45197785,0.0,264
MG,1916,cyclone,historical,0.05104864532314394,0.39987972,0.0,264
MG,1917,cyclone,historical,0.055742217150037875,0.40788502,0.0,264
MG,1918,cyclone,historical,0.06244780699659091,0.39680317,0.0,264
MG,1919,cyclone,historical,0.06259858902882576,0.41839108,0.0,264
MG,1920,cyclone,historical,0.06605840626827082,0.4428408,0.0,264
MG,1921,cyclone,historical,0.055257095366818186,0.41480464,0.0,264
MG,1922,cyclone,historical,0.04892450395901515,0.3703711,0.0,264
MG,1923,cyclone,historical,0.07296600468799243,0.4600404,0.0,264
MG,1924,cyclone,historical,0.06387427053219698,0.47507948,0.0,264
MG,1925,cyclone,historical,0.051647652136553035,0.42749238,0.0,264
MG,1926,cyclone,historical,0.06295345134469697,0.38835528,0.0,264
MG,1927,cyclone,historical,0.07258590316925757,0.4989552,0.0,264
MG,1928,cyclone,historical,0.06050181701106061,0.4515985,0.0,264
MG,1929,cyclone,historical,0.055322204908390155,0.38486397,0.0,264
MG,1930,cyclone,historical,0.05407011513484849,0.38940609,0.0,264
MG,1931,cyclone,historical,0.0702696619405303,0.49432757,0.0,264
MG,1932,cyclone,historical,0.07505851468371212,0.5147089,0.0,264
MG,1933,cyclone,historical,0.055829781866617426,0.4290776,0.0,264
MG,1934,cyclone,historical,0.06089425427102273,0.41377416,0.0,264
MG,1935,cyclone,historical,0.07473796356075757,0.4516346,0.0,264
MG,1936,cyclone,historical,0.0664200803703409,0.46948135,0.0,264
MG,1937,cyclone,historical,0.05395484234598485,0.40863407,0.0,264
MG,1938,cyclone,historical,0.06823091600246212,0.40908763,0.0,264
MG,1939,cyclone,historical,0.06929317238446969,0.48319268,0.0,264
MG,1940,cyclone,historical,0.06303939381065152,0.441308,0.0,264
MG,1941,cyclone,historical,0.04974762531439394,0.39867193,0.0,264
MG,1942,cyclone,historical,0.055008202902840905,0.39475802,0.0,264
MG,1943,cyclone,historical,0.06372799915693181,0.41613445,0.0,264
MG,1944,cyclone,historical,0.06651620586485985,0.4683526,0.0,264
MG,1945,cyclone,historical,0.05850014198204546,0.45799953,0.0,264
MG,1946,cyclone,historical,0.06850244716392803,0.4298193,0.0,264
MG,1947,cyclone,historical,0.07235470785984849,0.5069327,0.0,264
MG,1948,cyclone,historical,0.06624306586233333,0.42808345,0.0,264
MG,1949,cyclone,historical,0.05838857077917045,0.4287487,0.0,264
MG,1950,cyclone,historical,0.05608549357306818,0.37285358,0.0,264
MG,1951,cyclone,historical,0.07390113465943182,0.450155,0.0,264
MG,1952,cyclone,historical,0.07787785884333333,0.50911826,0.0,264
MG,1953,cyclone,historical,0.054512656465378784,0.394386,0.0,264
MG,1954,cyclone,historical,0.05349098583875,0.41191506,0.0,264
MG,1955,cyclone,historical,0.06469019051837122,0.46822068,0.0,264
MG,1956,cyclone,historical,0.06856997191886363,0.41349602,0.0,264
MG,1957,cyclone,historical,0.06574871510972348,0.4696805,0.0,264
MG,1958,cyclone,historical,0.05801250275018939,0.43915385,0.0,264
MG,1959,cyclone,historical,0.062206863929231054,0.41704413,0.0,264
MG,1960,cyclone,historical,0.06759051592234849,0.43279123,0.0,264
MG,1961,cyclone,historical,0.07589790504208334,0.5033578,0.0,264
MG,1962,cyclone,historical,0.07124961634992424,0.48887467,0.0,264
MG,1963,cyclone,historical,0.041786448989621215,0.34016535,0.0,264
MG,1964,cyclone,historical,0.06420140891293939,0.3959421,0.0,264
MG,1965,cyclone,historical,0.08059351592537879,0.48700666,0.0,264
MG,1966,cyclone,historical,0.05241431363769697,0.40841922,0.0,264
MG,1967,cyclone,historical,0.04804289272378788,0.3951579,0.0,264
MG,1968,cyclone,historical,0.07828510294049243,0.4689056,0.0,264
MG,1969,cyclone,historical,0.07299241728909091,0.4573157,0.0,264
MG,1970,cyclone,historical,0.06620647048049243,0.4557329,0.0,264
MG,1971,cyclone,historical,0.053865658367500006,0.3900457,0.0,264
MG,1972,cyclone,historical,0.053451587772890156,0.43620268,0.0,264
MG,1973,cyclone,historical,0.07267848382420454,0.43493938,0.0,264
MG,1974,cyclone,historical,0.06553165439545454,0.43948504,0.0,264
MG,1975,cyclone,historical,0.05742417136458333,0.41397318,0.0,264
MG,1976,cyclone,historical,0.05834392114848485,0.4097687,0.0,264
MG,1977,cyclone,historical,0.07431141916458334,0.4457546,0.0,264
MG,1978,cyclone,historical,0.05963492419685606,0.44868058,0.0,264
MG,1979,cyclone,historical,0.06179317313840908,0.39384368,0.0,264
MG,1980,cyclone,historical,0.074111251785,0.45394778,0.0,264
MG,1981,cyclone,historical,0.07704172644405304,0.5036157,0.0,264
MG,1982,cyclone,historical,0.058427915735696966,0.43087092,0.0,264
MG,1983,cyclone,historical,0.05353809597363636,0.42789826,0.0,264
MG,1984,cyclone,historical,0.07002207254250001,0.44194025,0.0,264
MG,1985,cyclone,historical,0.08359921689132575,0.5216443,0.0,264
MG,1986,cyclone,historical,0.056975639211553034,0.41659516,0.0,264
MG,1987,cyclone,historical,0.05897042828818182,0.37628224,0.0,264
MG,1988,cyclone,historical,0.07438722638878788,0.46327513,0.0,264
MG,1989,cyclone,historical,0.07022122920580304,0.44041908,0.0,264
MG,1990,cyclone,historical,0.06945217373215909,0.424807,0.0,264
MG,1991,cyclone,historical,0.06482270202075759,0.469206,0.0,264
MG,1992,cyclone,historical,0.0511847989575,0.3725832,0.0,264
MG,1993,cyclone,historical,0.06252823682348485,0.4565659,0.0,264
MG,1994,cyclone,historical,0.07355289940764773,0.47442332,0.0,264
MG,1995,cyclone,historical,0.0570356160594697,0.4148829,0.0,264
MG,1996,cyclone,historical,0.06215645190503787,0.41049755,0.0,264
MG,1997,cyclone,historical,0.08277382836811742,0.44994217,0.0,264
MG,1998,cyclone,historical,0.0793107140605682,0.4928279,0.0,264
MG,1999,cyclone,historical,0.06876220800287879,0.4303282,0.0,264
MG,2000,cyclone,historical,0.0692683713619697,0.4287904,0.0,264
MG,2001,cyclone,historical,0.0731939481907197,0.42216772,0.0,264
MG,2002,cyclone,historical,0.08205092374825758,0.48494887,0.0,264
MG,2003,cyclone,historical,0.07404626932892425,0.4595836,0.0,264
MG,2004,cyclone,historical,0.05852301896212121,0.40540785,0.0,264
MG,2005,cyclone,historical,0.0667193795415909,0.4243672,0.0,264
MG,2006,cyclone,historical,0.07348456916068181,0.4745118,0.0,264
MG,2007,cyclone,historical,0.07553522741814395,0.5270919,0.0,264
MG,2008,cyclone,historical,0.08059087711530304,0.53275055,0.0,264
MG,2009,cyclone,historical,0.07900607579121212,0.4593029,0.0,264
MG,2010,cyclone,historical,0.08248011095590908,0.5138813,0.0,264
MG,2011,cyclone,historical,0.0790547478568182,0.49601543,0.0,264
MG,2012,cyclone,historical,0.06026019932689394,0.45013574,0.0,264
MG,2013,cyclone,historical,0.06398531019530303,0.4368532,0.0,264
MG,2014,cyclone,historical,0.08707781445814394,0.5413059,0.0,264
MH,1850,cyclone,historical,0.06651805966451087,0.3412285,0.0,828
MH,1851,cyclone,historical,0.06494781891071932,0.3624048,0.0,828
MH,1852,cyclone,historical,0.05825293429966908,0.3837561,0.0,828
MH,1853,cyclone,historical,0.0686673254705459,0.3250447,0.0,828
MH,1854,cyclone,historical,0.06758394252625603,0.33680764,0.0,828
MH,1855,cyclone,historical,0.07009903657255193,0.3524459,0.0,828
MH,1856,cyclone,historical,0.06304404689537439,0.3680733,0.0,828
MH,1857,cyclone,historical,0.058530917279359905,0.36599326,0.0,828
MH,1858,cyclone,historical,0.07085909732475121,0.39284766,0.0,828
MH,1859,cyclone,historical,0.06234568871788406,0.3189293,0.0,828
MH,1860,cyclone,historical,0.06263494644210145,0.31333768,0.0,828
MH,1861,cyclone,historical,0.06728930582979468,0.36540234,0.0,828
MH,1862,cyclone,historical,0.06331202067054348,0.3643081,0.0,828
MH,1863,cyclone,historical,0.06203454616359903,0.32018787,0.0,828
MH,1864,cyclone,historical,0.06507977909908212,0.32112736,0.0,828
MH,1865,cyclone,historical,0.06964374813046981,0.34759462,0.0,828
MH,1866,cyclone,historical,0.07073344454054348,0.37010992,0.0,828
MH,1867,cyclone,historical,0.05664392754820048,0.36939633,0.0,828
MH,1868,cyclone,historical,0.0780473903739401,0.3448677,0.0,828
MH,1869,cyclone,historical,0.07505699111474759,0.319259,0.0,828
MH,1870,cyclone,historical,0.07648887674949276,0.3592334,0.0,828
MH,1871,cyclone,historical,0.06442556656334542,0.3580823,0.0,828
MH,1872,cyclone,historical,0.07383089634151872,0.35263687,0.0,828
MH,1873,cyclone,historical,0.06007770381981884,0.2792434,0.0,828
MH,1874,cyclone,historical,0.06667372542445653,0.31553042,0.0,828
MH,1875,cyclone,historical,0.06287136543679953,0.32644928,0.0,828
MH,1876,cyclone,historical,0.06096573468979589,0.3431961,0.0,828
MH,1877,cyclone,historical,0.0693633829773913,0.32490665,0.0,828
MH,1878,cyclone,historical,0.06497882556370653,0.29943314,0.0,828
MH,1879,cyclone,historical,0.0710931884591872,0.3664452,0.0,828
MH,1880,cyclone,historical,0.0637376963314372,0.36120963,0.0,828
MH,1881,cyclone,historical,0.06599682722028985,0.3482992,0.0,828
MH,1882,cyclone,historical,0.06638185209124396,0.29963836,0.0,828
MH,1883,cyclone,historical,0.06837187619479226,0.32447612,0.0,828
MH,1884,cyclone,historical,0.06787407904158285,0.3389672,0.0,828
MH,1885,cyclone,historical,0.05398198675123792,0.33073303,0.0,828
MH,1886,cyclone,historical,0.06817762088165459,0.37722102,0.0,828
MH,1887,cyclone,historical,0.072273525516293,0.32166517,0.0,828
MH,1888,cyclone,historical,0.07436038063954468,0.30466333,0.0,828
MH,1889,cyclone,historical,0.0743568165531401,0.36849555,0.0,828
MH,1890,cyclone,historical,0.057052277026135266,0.33977515,0.0,828
MH,1891,cyclone,historical,0.05895259026495169,0.34389207,0.0,828
MH,1892,cyclone,historical,0.06407812283731884,0.3385828,0.0,828
MH,1893,cyclone,historical,0.06106601251600966,0.32419902,0.0,828
MH,1894,cyclone,historical,0.06467850505698623,0.35520333,0.0,828
MH,1895,cyclone,historical,0.058277419739179714,0.40197903,0.0,828
MH,1896,cyclone,historical,0.06108061557562802,0.3378523,0.0,828
MH,1897,cyclone,historical,0.07454586008264492,0.33923984,0.0,828
MH,1898,cyclone,historical,0.07277167037703623,0.39652377,0.0,828
MH,1899,cyclone,historical,0.05715457111077295,0.35878348,0.0,828
MH,1900,cyclone,historical,0.06834743368388105,0.3529675,0.0,828
MH,1901,cyclone,historical,0.0727965732831401,0.37372893,0.0,828
MH,1902,cyclone,historical,0.06639945707319034,0.3622295,0.0,828
MH,1903,cyclone,historical,0.06838080159878018,0.33558172,0.0,828
MH,1904,cyclone,historical,0.055190933965448066,0.30120394,0.0,828
MH,1905,cyclone,historical,0.06939513825625604,0.3498516,0.0,828
MH,1906,cyclone,historical,0.06821849634939614,0.36790055,0.0,828
MH,1907,cyclone,historical,0.07208028268260144,0.3440364,0.0,828
MH,1908,cyclone,historical,0.06626688604789856,0.36174637,0.0,828
MH,1909,cyclone,historical,0.05829311404015217,0.34920764,0.0,828
MH,1910,cyclone,historical,0.06765333626742753,0.34903824,0.0,828
MH,1911,cyclone,historical,0.07381391398027173,0.36878625,0.0,828
MH,1912,cyclone,historical,0.07591864618439613,0.38726443,0.0,828
MH,1913,cyclone,historical,0.06759769146683334,0.34914222,0.0,828
MH,1914,cyclone,historical,0.057905051587260746,0.35268176,0.0,828
MH,1915,cyclone,historical,0.07560543791477053,0.3522129,0.0,828
MH,1916,cyclone,historical,0.06914025094907005,0.3513065,0.0,828
MH,1917,cyclone,historical,0.06995985838247343,0.36832264,0.0,828
MH,1918,cyclone,historical,0.06311625751372464,0.37513578,0.0,828
MH,1919,cyclone,historical,0.0676417204707971,0.36965272,0.0,828
MH,1920,cyclone,historical,0.0794342493587198,0.37794825,0.0,828
MH,1921,cyclone,historical,0.08296352079591426,0.32850754,0.0,828
MH,1922,cyclone,historical,0.07724533006710145,0.3628754,0.0,828
MH,1923,cyclone,historical,0.06178015179228019,0.36445224,0.0,828
MH,1924,cyclone,historical,0.08090866635587801,0.33661425,0.0,828
MH,1925,cyclone,historical,0.0699324720856401,0.3297597,0.0,828
MH,1926,cyclone,historical,0.06887959076205313,0.35832644,0.0,828
MH,1927,cyclone,historical,0.06298598104498189,0.368851,0.0,828
MH,1928,cyclone,historical,0.06971624163471063,0.36416143,0.0,828
MH,1929,cyclone,historical,0.06818493353530918,0.3463754,0.0,828
MH,1930,cyclone,historical,0.07193449021507488,0.35759825,0.0,828
MH,1931,cyclone,historical,0.0607651487588285,0.33927453,0.0,828
MH,1932,cyclone,historical,0.0662140020747994,0.3599649,0.0,828
MH,1933,cyclone,historical,0.06655572273362681,0.3315072,0.0,828
MH,1934,cyclone,historical,0.07562236764658671,0.3873477,0.0,828
MH,1935,cyclone,historical,0.06420367531338164,0.39441133,0.0,828
MH,1936,cyclone,historical,0.07376815363623672,0.35728002,0.0,828
MH,1937,cyclone,historical,0.08003991778070048,0.36070478,0.0,828
MH,1938,cyclone,historical,0.049605278378007246,0.3611637,0.0,828
MH,1939,cyclone,historical,0.06613338294423914,0.35979462,0.0,828
MH,1940,cyclone,historical,0.077569829155157,0.3428583,0.0,828
MH,1941,cyclone,historical,0.07124524330626933,0.3145705,0.0,828
MH,1942,cyclone,historical,0.06598174628310942,0.35638422,0.0,828
MH,1943,cyclone,historical,0.07612165996121739,0.37535468,0.0,828
MH,1944,cyclone,historical,0.06913552576313164,0.3758765,0.0,828
MH,1945,cyclone,historical,0.0814283054164372,0.37523612,0.0,828
MH,1946,cyclone,historical,0.06187260530301933,0.35188168,0.0,828
MH,1947,cyclone,historical,0.07042229789762078,0.3586172,0.0,828
MH,1948,cyclone,historical,0.07400224619688793,0.34620926,0.0,828
MH,1949,cyclone,historical,0.07429182305749517,0.34018278,0.0,828
MH,1950,cyclone,historical,0.07265200881839734,0.36947754,0.0,828
MH,1951,cyclone,historical,0.06994570021916667,0.36533093,0.0,828
MH,1952,cyclone,historical,0.08074067096827367,0.35750055,0.0,828
MH,1953,cyclone,historical,0.08358087015240943,0.3769235,0.0,828
MH,1954,cyclone,historical,0.07808478667630435,0.38165933,0.0,828
MH,1955,cyclone,historical,0.06948147440139493,0.38346446,0.0,828
MH,1956,cyclone,historical,0.0719522550439372,0.38472164,0.0,828
MH,1957,cyclone,historical,0.06951679385613768,0.36084953,0.0,828
MH,1958,cyclone,historical,0.08238457909614855,0.38004875,0.0,828
MH,1959,cyclone,historical,0.0783617693485314,0.37613693,0.0,828
MH,1960,cyclone,historical,0.06683696388864009,0.3597059,0.0,828
MH,1961,cyclone,historical,0.06951986437352657,0.37333634,0.0,828
MH,1962,cyclone,historical,0.07403274531019928,0.3194328,0.0,828
MH,1963,cyclone,historical,0.06791346829122584,0.30775636,0.0,828
MH,1964,cyclone,historical,0.053526093648743965,0.3208981,0.0,828
MH,1965,cyclone,historical,0.06323483637480676,0.35241365,0.0,828
MH,1966,cyclone,historical,0.0720137659616884,0.33343348,0.0,828
MH,1967,cyclone,historical,0.07516059993917874,0.37572873,0.0,828
MH,1968,cyclone,historical,0.06818067354857488,0.37487748,0.0,828
MH,1969,cyclone,historical,0.06491612766917874,0.40611535,0.0,828
MH,1970,cyclone,historical,0.07546372065785507,0.33049566,0.0,828
MH,1971,cyclone,historical,0.07019352478466426,0.34286377,0.0,828
MH,1972,cyclone,historical,0.07107538712587198,0.35100895,0.0,828
MH,1973,cyclone,historical,0.06896827948253019,0.3662534,0.0,828
MH,1974,cyclone,historical,0.07918793608249854,0.366218,0.0,828
MH,1975,cyclone,historical,0.07106462450769324,0.34698474,0.0,828
MH,1976,cyclone,historical,0.07382459163368961,0.37715036,0.0,828
MH,1977,cyclone,historical,0.07157657119660145,0.38644776,0.0,828
MH,1978,cyclone,historical,0.08227678549189614,0.36244687,0.0,828
MH,1979,cyclone,historical,0.0682214342530314,0.3767407,0.0,828
MH,1980,cyclone,historical,0.06320973271481281,0.36024213,0.0,828
MH,1981,cyclone,historical,0.06540331344816426,0.3525401,0.0,828
MH,1982,cyclone,historical,0.07593675110835749,0.32531023,0.0,828
MH,1983,cyclone,historical,0.08808992428521256,0.34405744,0.0,828
MH,1984,cyclone,historical,0.0587318821423599,0.34125218,0.0,828
MH,1985,cyclone,historical,0.07116250621954107,0.35829496,0.0,828
MH,1986,cyclone,historical,0.07781347332280193,0.3536303,0.0,828
MH,1987,cyclone,historical,0.07784250337780677,0.39875782,0.0,828
MH,1988,cyclone,historical,0.0664095596089372,0.38065457,0.0,828
MH,1989,cyclone,historical,0.07974166047729468,0.38559347,0.0,828
MH,1990,cyclone,historical,0.07549901013122223,0.36421445,0.0,828
MH,1991,cyclone,historical,0.07405931364831764,0.38503683,0.0,828
MH,1992,cyclone,historical,0.07734561402303139,0.3691845,0.0,828
MH,1993,cyclone,historical,0.07227109704353865,0.363097,0.0,828
MH,1994,cyclone,historical,0.08427695439533454,0.3737212,0.0,828
MH,1995,cyclone,historical,0.08240073540831762,0.36286795,0.0,828
MH,1996,cyclone,historical,0.08428708684336957,0.38047183,0.0,828
MH,1997,cyclone,historical,0.07443030277762078,0.39046374,0.0,828
MH,1998,cyclone,historical,0.08660100432247947,0.41458866,0.0,828
MH,1999,cyclone,historical,0.09955432730851449,0.36512315,0.0,828
MH,2000,cyclone,historical,0.08961281249944929,0.39835045,0.0,828
MH,2001,cyclone,historical,0.07144639015288284,0.37298813,0.0,828
MH,2002,cyclone,historical,0.07961720335605592,0.39646974,0.0,828
MH,2003,cyclone,historical,0.07497217947914854,0.32379746,0.0,828
MH,2004,cyclone,historical,0.07688606610262078,0.35066754,0.0,828
MH,2005,cyclone,historical,0.0905275100515157,0.38466084,0.0,828
MH,2006,cyclone,historical,0.07603969866939614,0.38797417,0.0,828
MH,2007,cyclone,historical,0.08279683557714251,0.40057942,0.0,828
MH,2008,cyclone,historical,0.08198032201483817,0.40475112,0.0,828
MH,2009,cyclone,historical,0.08306050770890097,0.38835683,0.0,828
MH,2010,cyclone,historical,0.08332271988997947,0.4175226,0.0,828
MH,2011,cyclone,historical,0.08492668564288647,0.40026253,0.0,828
MH,2012,cyclone,historical,0.08710225011253624,0.37987384,0.0,828
MH,2013,cyclone,historical,0.08101809540968598,0.41552693,0.0,828
MH,2014,cyclone,historical,0.07918566611577295,0.4078148,0.0,828
MM,1850,cyclone,historical,0.18203147067708333,0.40823054,0.0082591865,48
MM,1851,cyclone,historical,0.1925186491354167,0.41247162,0.0010751475,48
MM,1852,cyclone,historical,0.18345448673479167,0.39294672,0.0,48
MM,1853,cyclone,historical,0.20959797777083333,0.43927765,0.0,48
MM,1854,cyclone,historical,0.20196136420833333,0.39964738,0.017432518,48
MM,1855,cyclone,historical,0.17250605740416666,0.40458745,0.0068054954,48
MM,1856,cyclone,historical,0.20221028272916666,0.4177898,0.0,48
MM,1857,cyclone,historical,0.21199604833333333,0.43021393,0.0,48
MM,1858,cyclone,historical,0.19406611142354166,0.42314842,0.0,48
MM,1859,cyclone,historical,0.21136775635416669,0.39863214,0.021968668,48
MM,1860,cyclone,historical,0.1931887075520833,0.4145927,0.0041676825,48
MM,1861,cyclone,historical,0.15775057760208333,0.36454085,0.0,48
MM,1862,cyclone,historical,0.1724122770020833,0.438835,0.0,48
MM,1863,cyclone,historical,0.22690732352083334,0.45647287,0.006526442,48
MM,1864,cyclone,historical,0.20124115966666667,0.39542815,0.025714327,48
MM,1865,cyclone,historical,0.1870493753,0.38257965,0.0,48
MM,1866,cyclone,historical,0.18421942955,0.45011356,0.0021173414,48
MM,1867,cyclone,historical,0.18694496628750001,0.4227898,0.0,48
MM,1868,cyclone,historical,0.20233225954854164,0.4198352,9.675423e-05,48
MM,1869,cyclone,historical,0.19414148175833335,0.41942477,0.0024793227,48
MM,1870,cyclone,historical,0.18056599902083334,0.40612325,0.010379226,48
MM,1871,cyclone,historical,0.2013033453895833,0.43432662,0.0,48
MM,1872,cyclone,historical,0.20988018954999998,0.4413177,0.0014142919,48
MM,1873,cyclone,historical,0.21712826050979164,0.42353597,0.00042303547,48
MM,1874,cyclone,historical,0.18220983397916668,0.39372566,0.011187478,48
MM,1875,cyclone,historical,0.15261066199249998,0.38174132,0.0,48
MM,1876,cyclone,historical,0.20335009341666666,0.45569265,0.0,48
MM,1877,cyclone,historical,0.22402822074166664,0.44209012,0.0067537436,48
MM,1878,cyclone,historical,0.18721728758333334,0.3619782,0.022295535,48
MM,1879,cyclone,historical,0.17678958775,0.39063355,0.0,48
MM,1880,cyclone,historical,0.18702543749479164,0.43962651,0.0,48
MM,1881,cyclone,historical,0.21124700897979165,0.42010888,0.00036315803,48
MM,1882,cyclone,historical,0.19768977591666667,0.41205263,0.0,48
MM,1883,cyclone,historical,0.16059724841666667,0.38947424,0.0,48
MM,1884,cyclone,historical,0.15863017485208333,0.36558175,0.0,48
MM,1885,cyclone,historical,0.17787370886041667,0.39585355,0.0,48
MM,1886,cyclone,historical,0.19605015864645833,0.40556744,0.0,48
MM,1887,cyclone,historical,0.18917382660416668,0.3883729,0.017821517,48
MM,1888,cyclone,historical,0.16797353979375,0.39358345,0.0005067781,48
MM,1889,cyclone,historical,0.16261250296875,0.39083657,0.0,48
MM,1890,cyclone,historical,0.17748488863541667,0.44032025,0.0,48
MM,1891,cyclone,historical,0.18812443880833332,0.41161886,0.0,48
MM,1892,cyclone,historical,0.20425235539583333,0.44325602,0.0,48
MM,1893,cyclone,historical,0.18791990710416664,0.4173713,0.006247201,48
MM,1894,cyclone,historical,0.16456821760416668,0.37898925,0.0,48
MM,1895,cyclone,historical,0.20563437723333333,0.4172407,0.0,48
MM,1896,cyclone,historical,0.22325815244583333,0.42278108,0.0062131644,48
MM,1897,cyclone,historical,0.17406793330625,0.4168339,0.0,48
MM,1898,cyclone,historical,0.15854530950416668,0.3535918,0.0,48
MM,1899,cyclone,historical,0.18154601077083332,0.44457412,0.0,48
MM,1900,cyclone,historical,0.21051902415625,0.4394234,0.0,48
MM,1901,cyclone,historical,0.20002093022916667,0.44105506,0.003860806,48
MM,1902,cyclone,historical,0.20356893568333334,0.41651297,0.0,48
MM,1903,cyclone,historical,0.18038260695208333,0.39987612,0.0,48
MM,1904,cyclone,historical,0.16794016361458333,0.3915948,0.0127272615,48
MM,1905,cyclone,historical,0.154787898644375,0.35361025,0.0,48
MM,1906,cyclone,historical,0.18256146819375,0.4068724,0.0,48
MM,1907,cyclone,historical,0.20855923029166668,0.38483045,0.013301574,48
MM,1908,cyclone,historical,0.1893191323125,0.41571525,0.0,48
MM,1909,cyclone,historical,0.18800226660416666,0.43605408,0.0,48
MM,1910,cyclone,historical,0.17999138369583334,0.4015509,0.0,48
MM,1911,cyclone,historical,0.18460932248749998,0.37088656,0.0,48
MM,1912,cyclone,historical,0.19535876625833334,0.46106303,0.0,48
MM,1913,cyclone,historical,0.18469976577291666,0.44706407,0.0016704258,48
MM,1914,cyclone,historical,0.20295588972083334,0.44224945,0.0,48
MM,1915,cyclone,historical,0.20983059974999999,0.43117777,0.014965777,48
MM,1916,cyclone,historical,0.18786376545833336,0.42144895,0.020926477,48
MM,1917,cyclone,historical,0.1835200000625,0.38558662,0.0,48
MM,1918,cyclone,historical,0.1884122117875,0.41496602,0.0,48
MM,1919,cyclone,historical,0.20666074434791668,0.43695077,0.0,48
MM,1920,cyclone,historical,0.20754544804166666,0.44857368,0.0,48
MM,1921,cyclone,historical,0.17587758139583334,0.35742792,0.0,48
MM,1922,cyclone,historical,0.15057928788125,0.3676628,0.0,48
MM,1923,cyclone,historical,0.20654171722708334,0.45550907,0.0,48
MM,1924,cyclone,historical,0.18409621429791667,0.39717934,0.0,48
MM,1925,cyclone,historical,0.20581276162499998,0.3941451,0.014584187,48
MM,1926,cyclone,historical,0.19075117979166667,0.4250105,0.0,48
MM,1927,cyclone,historical,0.22061402770479166,0.45446673,0.0,48
MM,1928,cyclone,historical,0.23123729775000001,0.43118313,0.041123588,48
MM,1929,cyclone,historical,0.19963059476458334,0.43617123,0.0024793227,48
MM,1930,cyclone,historical,0.19177522127083332,0.4505936,0.0,48
MM,1931,cyclone,historical,0.20951212788541665,0.42717174,0.0,48
MM,1932,cyclone,historical,0.2235182285625,0.44727165,0.0,48
MM,1933,cyclone,historical,0.210058165875,0.3685806,0.009652016,48
MM,1934,cyclone,historical,0.18315086618749998,0.41674197,0.0,48
MM,1935,cyclone,historical,0.20504856595624998,0.44932026,0.0035895882,48
MM,1936,cyclone,historical,0.22451734604999998,0.4143653,0.0026101144,48
MM,1937,cyclone,historical,0.21201921397916668,0.39821568,0.012908794,48
MM,1938,cyclone,historical,0.20290997214166664,0.42299175,0.0031000988,48
MM,1939,cyclone,historical,0.21425403628541664,0.4653566,0.0,48
MM,1940,cyclone,historical,0.20974652925,0.45786026,0.008197594,48
MM,1941,cyclone,historical,0.20593164502083336,0.44820267,0.011008106,48
MM,1942,cyclone,historical,0.2012626418625,0.46241164,0.0,48
MM,1943,cyclone,historical,0.18113635360416666,0.41158068,0.0,48
MM,1944,cyclone,historical,0.21583125327083333,0.4511334,0.014103342,48
MM,1945,cyclone,historical,0.20740016958333332,0.40190178,0.016383415,48
MM,1946,cyclone,historical,0.21153478619802082,0.4035597,2.6740505e-05,48
MM,1947,cyclone,historical,0.20998824956249998,0.46023118,0.0,48
MM,1948,cyclone,historical,0.23250857685416668,0.4386548,0.01580629,48
MM,1949,cyclone,historical,0.20675211876041666,0.40329972,0.0024436645,48
MM,1950,cyclone,historical,0.19080253241666667,0.42241213,0.00861955,48
MM,1951,cyclone,historical,0.20064766192708336,0.41791055,0.0016513909,48
MM,1952,cyclone,historical,0.23385918496666666,0.47489786,0.0,48
MM,1953,cyclone,historical,0.21393190654250002,0.40914738,0.00043005904,48
MM,1954,cyclone,historical,0.18913319214583332,0.40246403,0.0,48
MM,1955,cyclone,historical,0.20358679479791666,0.42670417,0.0,48
MM,1956,cyclone,historical,0.20559407872916666,0.42134124,0.004853292,48
MM,1957,cyclone,historical,0.23115559766666668,0.48190328,0.0,48
MM,1958,cyclone,historical,0.19813591357541668,0.47928572,0.00016262282,48
MM,1959,cyclone,historical,0.18699419912083334,0.4421109,0.0,48
MM,1960,cyclone,historical,0.21457629235,0.47156125,0.0,48
MM,1961,cyclone,historical,0.2236853160625,0.40947092,0.0,48
MM,1962,cyclone,historical,0.235553741625,0.44443154,0.01733851,48
MM,1963,cyclone,historical,0.170130628,0.37573314,0.017311495,48
MM,1964,cyclone,historical,0.17915057180000002,0.3989152,0.0,48
MM,1965,cyclone,historical,0.21418345829791666,0.4228202,0.0027240673,48
MM,1966,cyclone,historical,0.18468438583958333,0.39043468,0.0020211693,48
MM,1967,cyclone,historical,0.17194401228125,0.3406528,0.0090751145,48
MM,1968,cyclone,historical,0.1965323093375,0.4376022,0.0,48
MM,1969,cyclone,historical,0.1997111314075,0.4529066,0.0,48
MM,1970,cyclone,historical,0.20511567610416667,0.41458645,0.0,48
MM,1971,cyclone,historical,0.18484957808333333,0.3685379,0.007833778,48
MM,1972,cyclone,historical,0.159029574375,0.40124136,0.0,48
MM,1973,cyclone,historical,0.2022147895104167,0.4090772,0.0,48
MM,1974,cyclone,historical,0.19702741736958332,0.41680196,0.00068074674,48
MM,1975,cyclone,historical,0.18613228015208336,0.43301937,0.0,48
MM,1976,cyclone,historical,0.17795691453958332,0.3893795,0.0,48
MM,1977,cyclone,historical,0.205526751875,0.45863238,0.0,48
MM,1978,cyclone,historical,0.20369862389583335,0.3983399,0.0,48
MM,1979,cyclone,historical,0.20920238302708336,0.42514604,0.0042654723,48
MM,1980,cyclone,historical,0.21384504386104167,0.4205953,0.0,48
MM,1981,cyclone,historical,0.19314025832208334,0.43549865,0.0,48
MM,1982,cyclone,historical,0.1778902769375,0.39398158,0.004325574,48
MM,1983,cyclone,historical,0.182660069625,0.38179964,0.0,48
MM,1984,cyclone,historical,0.17390952759791667,0.3943576,0.0,48
MM,1985,cyclone,historical,0.22506214951458334,0.44927034,0.0,48
MM,1986,cyclone,historical,0.208287017475,0.44409698,0.0,48
MM,1987,cyclone,historical,0.1792619372354167,0.3917533,0.0,48
MM,1988,cyclone,historical,0.20427463578958335,0.47056425,0.0,48
MM,1989,cyclone,historical,0.2113526044875,0.43317994,0.0076611014,48
MM,1990,cyclone,historical,0.1893793763979167,0.39637336,0.0,48
MM,1991,cyclone,historical,0.20080552898333334,0.4190367,0.0045415526,48
MM,1992,cyclone,historical,0.15148270461458332,0.41413814,0.0,48
MM,1993,cyclone,historical,0.19058415359166667,0.41026872,0.0,48
MM,1994,cyclone,historical,0.23096419552083333,0.43907502,0.007948376,48
MM,1995,cyclone,historical,0.19544408679166667,0.42873427,0.0,48
MM,1996,cyclone,historical,0.17815341305958332,0.38280818,0.0,48
MM,1997,cyclone,historical,0.20676658225875,0.44315478,0.0,48
MM,1998,cyclone,historical,0.21753560864166666,0.43825558,0.0023004918,48
MM,1999,cyclone,historical,0.18436946706250001,0.43135655,0.010904374,48
MM,2000,cyclone,historical,0.19067630590833332,0.4347685,0.0,48
MM,2001,cyclone,historical,0.21113766094791667,0.4894712,0.0,48
MM,2002,cyclone,historical,0.23030405905208332,0.46240428,0.008375346,48
MM,2003,cyclone,historical,0.21603395729166666,0.40074456,0.005665325,48
MM,2004,cyclone,historical,0.18751335633333333,0.37485135,0.017484386,48
MM,2005,cyclone,historical,0.20371219041666666,0.41230604,0.011066232,48
MM,2006,cyclone,historical,0.19993122181666667,0.4371165,0.0,48
MM,2007,cyclone,historical,0.21247873663125003,0.4598582,0.0,48
MM,2008,cyclone,historical,0.21264400196875,0.4556388,0.0023134581,48
MM,2009,cyclone,historical,0.215568282875,0.45154878,0.0,48
MM,2010,cyclone,historical,0.22399385033125,0.4776714,0.0,48
MM,2011,cyclone,historical,0.23353102063916667,0.44927582,0.0,48
MM,2012,cyclone,historical,0.198600538431875,0.44138107,0.0,48
MM,2013,cyclone,historical,0.20519156475,0.43666935,0.0,48
MM,2014,cyclone,historical,0.19948161868958333,0.4488412,0.0,48
MP,1850,cyclone,historical,0.11446005706583334,0.3402564,0.0,120
MP,1851,cyclone,historical,0.11026525601416666,0.34170848,0.0,120
MP,1852,cyclone,historical,0.09789477118499999,0.33129334,0.0,120
MP,1853,cyclone,historical,0.11728441025666667,0.3627942,0.0,120
MP,1854,cyclone,historical,0.11636176067041666,0.32205057,0.0,120
MP,1855,cyclone,historical,0.10820183403583333,0.30427733,0.0,120
MP,1856,cyclone,historical,0.11055347761833333,0.38037926,0.0,120
MP,1857,cyclone,historical,0.10716696871083334,0.32335544,0.0,120
MP,1858,cyclone,historical,0.12271795221166666,0.34151086,0.0,120
MP,1859,cyclone,historical,0.11401423111549999,0.28235224,0.0,120
MP,1860,cyclone,historical,0.09891176854408333,0.27430376,0.0,120
MP,1861,cyclone,historical,0.09370794651950001,0.36715853,0.0,120
MP,1862,cyclone,historical,0.12792943409875,0.37267482,0.0,120
MP,1863,cyclone,historical,0.14589243065583332,0.3269443,0.0,120
MP,1864,cyclone,historical,0.11896625093,0.3203647,0.0,120
MP,1865,cyclone,historical,0.11550353586333334,0.3531327,0.0,120
MP,1866,cyclone,historical,0.12865023906975,0.33938038,0.0,120
MP,1867,cyclone,historical,0.11187670899433333,0.33587247,0.0,120
MP,1868,cyclone,historical,0.13760248000058334,0.31402168,0.0,120
MP,1869,cyclone,historical,0.12052199245358335,0.31300423,0.0,120
MP,1870,cyclone,historical,0.11205417319166666,0.3171695,0.0,120
MP,1871,cyclone,historical,0.1038795197225,0.38413125,0.0,120
MP,1872,cyclone,historical,0.13943785368304165,0.36234832,0.0,120
MP,1873,cyclone,historical,0.1256111529425,0.3080222,0.0,120
MP,1874,cyclone,historical,0.12342263631083333,0.30401367,0.0,120
MP,1875,cyclone,historical,0.09906476860333333,0.3526183,0.0,120
MP,1876,cyclone,historical,0.12389352656108334,0.37529287,0.0,120
MP,1877,cyclone,historical,0.1213786720745,0.3217913,0.0,120
MP,1878,cyclone,historical,0.11440217922158333,0.27122098,0.0,120
MP,1879,cyclone,historical,0.11219338775891667,0.35468423,0.0,120
MP,1880,cyclone,historical,0.10694149573241667,0.36286902,0.0,120
MP,1881,cyclone,historical,0.14414694743583334,0.40069434,0.0,120
MP,1882,cyclone,historical,0.1351435757875,0.3121715,0.0,120
MP,1883,cyclone,historical,0.12879845307458332,0.32247078,0.0,120
MP,1884,cyclone,historical,0.1028226554975,0.33632368,0.0,120
MP,1885,cyclone,historical,0.10223794768516667,0.35928833,0.0,120
MP,1886,cyclone,historical,0.12055969984666667,0.37389147,0.0,120
MP,1887,cyclone,historical,0.11655677922666667,0.30529198,0.0,120
MP,1888,cyclone,historical,0.10863355713341667,0.28524217,0.0,120
MP,1889,cyclone,historical,0.11585398785249999,0.33548853,0.0,120
MP,1890,cyclone,historical,0.105896335932,0.32109013,0.0,120
MP,1891,cyclone,historical,0.12192178977458333,0.35143468,0.0,120
MP,1892,cyclone,historical,0.13902960587116667,0.37414235,0.0,120
MP,1893,cyclone,historical,0.11048430418008333,0.29476118,0.0,120
MP,1894,cyclone,historical,0.1160053921275,0.33704662,0.0,120
MP,1895,cyclone,historical,0.10442569190655,0.34267914,0.0,120
MP,1896,cyclone,historical,0.12012289456166667,0.32640153,0.0,120
MP,1897,cyclone,historical,0.13362027672833332,0.36654836,0.0,120
MP,1898,cyclone,historical,0.09924818198216667,0.34230196,0.0,120
MP,1899,cyclone,historical,0.11472555099416668,0.36320132,0.0,120
MP,1900,cyclone,historical,0.11853752676958333,0.3265711,0.0,120
MP,1901,cyclone,historical,0.12618979477416667,0.34930578,0.0,120
MP,1902,cyclone,historical,0.12273492728191666,0.39167643,0.0,120
MP,1903,cyclone,historical,0.10020058905474999,0.3338256,0.0,120
MP,1904,cyclone,historical,0.10791751341356666,0.32117143,0.0,120
MP,1905,cyclone,historical,0.10705969911680834,0.3389076,0.0,120
MP,1906,cyclone,historical,0.11391959032583333,0.35551745,0.0,120
MP,1907,cyclone,historical,0.13133691774166667,0.31781146,0.0,120
MP,1908,cyclone,historical,0.11683546648416666,0.35919756,0.0,120
MP,1909,cyclone,historical,0.12381656303225833,0.3831509,0.0,120
MP,1910,cyclone,historical,0.12580834487306666,0.3214665,0.0,120
MP,1911,cyclone,historical,0.123426750532,0.33723897,0.0,120
MP,1912,cyclone,historical,0.13550686203833334,0.36428848,0.0,120
MP,1913,cyclone,historical,0.11763620451625,0.33131257,0.0,120
MP,1914,cyclone,historical,0.14418717531616665,0.41289613,0.0,120
MP,1915,cyclone,historical,0.1264739657807,0.3443741,0.0,120
MP,1916,cyclone,historical,0.11485352747208334,0.32161528,0.0,120
MP,1917,cyclone,historical,0.09948329403233333,0.31460556,0.0,120
MP,1918,cyclone,historical,0.11140048441166667,0.33478886,0.0,120
MP,1919,cyclone,historical,0.14175789499166666,0.3822498,0.0,120
MP,1920,cyclone,historical,0.130404407805,0.35083064,0.0,120
MP,1921,cyclone,historical,0.11903875211275,0.30737436,0.0,120
MP,1922,cyclone,historical,0.10993639601416666,0.3246864,0.0,120
MP,1923,cyclone,historical,0.11934601167283333,0.37317547,0.0,120
MP,1924,cyclone,historical,0.141512915392,0.34928107,0.0,120
MP,1925,cyclone,historical,0.11580823399283333,0.32765204,0.0,120
MP,1926,cyclone,historical,0.11148169042416667,0.3347252,0.0,120
MP,1927,cyclone,historical,0.11886972375416667,0.32902518,0.0,120
MP,1928,cyclone,historical,0.12695382006333333,0.34165093,0.0,120
MP,1929,cyclone,historical,0.10637295653300001,0.3032828,0.0,120
MP,1930,cyclone,historical,0.11030192983666667,0.36455712,0.0,120
MP,1931,cyclone,historical,0.12577542222166666,0.3656662,0.0,120
MP,1932,cyclone,historical,0.1421056134425,0.3376572,0.0,120
MP,1933,cyclone,historical,0.13754048303333333,0.32795933,0.0,120
MP,1934,cyclone,historical,0.11909699299941666,0.34345722,0.0,120
MP,1935,cyclone,historical,0.11408867259308333,0.35573763,0.0,120
MP,1936,cyclone,historical,0.14533139596,0.3389543,0.0,120
MP,1937,cyclone,historical,0.12559201370633333,0.3243525,0.0,120
MP,1938,cyclone,historical,0.09772088404083333,0.3333401,0.0,120
MP,1939,cyclone,historical,0.125861581581,0.3419295,0.0,120
MP,1940,cyclone,historical,0.136511889055,0.31077594,0.0,120
MP,1941,cyclone,historical,0.13175426912024998,0.32521555,0.0,120
MP,1942,cyclone,historical,0.11423860858783333,0.33493942,0.0,120
MP,1943,cyclone,historical,0.11432870159083333,0.36965787,0.0,120
MP,1944,cyclone,historical,0.1412076768945,0.40272588,0.0,120
MP,1945,cyclone,historical,0.11579598645416667,0.3497259,0.0,120
MP,1946,cyclone,historical,0.10237770750475,0.34617764,0.0,120
MP,1947,cyclone,historical,0.12459705502083333,0.33873165,0.0,120
MP,1948,cyclone,historical,0.1234679182075,0.29149657,0.0,120
MP,1949,cyclone,historical,0.13462942452633334,0.30865186,0.0,120
MP,1950,cyclone,historical,0.13573380198666665,0.32665008,0.0,120
MP,1951,cyclone,historical,0.10440625388166666,0.35545933,0.0,120
MP,1952,cyclone,historical,0.155538038138,0.38544616,0.0,120
MP,1953,cyclone,historical,0.13350391093525,0.31754673,0.0,120
MP,1954,cyclone,historical,0.12258160477398333,0.37906653,0.0,120
MP,1955,cyclone,historical,0.13864304382083334,0.37317365,0.0,120
MP,1956,cyclone,historical,0.13145660230833334,0.3738784,0.0,120
MP,1957,cyclone,historical,0.14522829419008335,0.3857121,0.0,120
MP,1958,cyclone,historical,0.132832360052,0.38060543,0.0,120
MP,1959,cyclone,historical,0.1073333339917,0.3178258,0.0,120
MP,1960,cyclone,historical,0.12286069380166667,0.39358962,0.0,120
MP,1961,cyclone,historical,0.137306770655,0.3547656,0.0,120
MP,1962,cyclone,historical,0.1338418201511667,0.32630584,0.0,120
MP,1963,cyclone,historical,0.11907376182283333,0.32148933,0.0,120
MP,1964,cyclone,historical,0.09511931110475,0.3106284,0.0,120
MP,1965,cyclone,historical,0.12146790764525,0.34295458,0.0,120
MP,1966,cyclone,historical,0.11918233102083334,0.28199685,0.0,120
MP,1967,cyclone,historical,0.11365357868499999,0.37707028,0.0,120
MP,1968,cyclone,historical,0.11577377654924999,0.34984052,0.0,120
MP,1969,cyclone,historical,0.14000443761833334,0.3877342,0.0,120
MP,1970,cyclone,historical,0.12890326520816667,0.33742428,0.0,120
MP,1971,cyclone,historical,0.10783622546466667,0.33151293,0.0,120
MP,1972,cyclone,historical,0.10328604098183333,0.3611159,0.0,120
MP,1973,cyclone,historical,0.14391539799333333,0.34136188,0.0,120
MP,1974,cyclone,historical,0.12890436626991666,0.36030817,0.0,120
MP,1975,cyclone,historical,0.116449993971,0.31464344,0.0,120
MP,1976,cyclone,historical,0.11641271921216667,0.33713448,0.0,120
MP,1977,cyclone,historical,0.13690492281533334,0.37581402,0.0,120
MP,1978,cyclone,historical,0.12916996470875,0.35874954,0.0,120
MP,1979,cyclone,historical,0.1180602882875,0.32053664,0.0,120
MP,1980,cyclone,historical,0.11351274918500001,0.34087452,0.0,120
MP,1981,cyclone,historical,0.13264865404749998,0.33199233,0.0,120
MP,1982,cyclone,historical,0.1098020029125,0.31459552,0.0,120
MP,1983,cyclone,historical,0.11052317874416667,0.34143597,0.0,120
MP,1984,cyclone,historical,0.10963176154583333,0.35552365,0.0,120
MP,1985,cyclone,historical,0.1416702249375,0.35760856,0.0,120
MP,1986,cyclone,historical,0.1186900042345,0.3202583,0.0,120
MP,1987,cyclone,historical,0.11849657688116667,0.37759686,0.0,120
MP,1988,cyclone,historical,0.13348668660916668,0.37310162,0.0,120
MP,1989,cyclone,historical,0.15343208825983332,0.37981015,0.0,120
MP,1990,cyclone,historical,0.11848282314416667,0.33601344,0.0,120
MP,1991,cyclone,historical,0.10404633864666667,0.33628488,0.0,120
MP,1992,cyclone,historical,0.1029392487225,0.30776548,0.0,120
MP,1993,cyclone,historical,0.12285342532333333,0.37209707,0.0,120
MP,1994,cyclone,historical,0.15227963830666666,0.3637413,0.0,120
MP,1995,cyclone,historical,0.1363109325011667,0.34644204,0.0,120
MP,1996,cyclone,historical,0.12528938579,0.38587472,0.0,120
MP,1997,cyclone,historical,0.14061689679583333,0.38254732,0.0,120
MP,1998,cyclone,historical,0.15293455361333336,0.39817834,0.0,120
MP,1999,cyclone,historical,0.13559004791083332,0.33719882,0.0,120
MP,2000,cyclone,historical,0.14178395221711665,0.38779235,0.0,120
MP,2001,cyclone,historical,0.12860373533916666,0.37430677,0.0,120
MP,2002,cyclone,historical,0.15847927440883333,0.3986501,0.0,120
MP,2003,cyclone,historical,0.14144004505416669,0.31450444,0.0,120
MP,2004,cyclone,historical,0.13297548745433332,0.34052247,0.0,120
MP,2005,cyclone,historical,0.12431225983991667,0.40195328,0.0,120
MP,2006,cyclone,historical,0.14381628127808332,0.38290843,0.0,120
MP,2007,cyclone,historical,0.1413650299983333,0.38024387,0.0,120
MP,2008,cyclone,historical,0.14963009173983333,0.3617817,0.0,120
MP,2009,cyclone,historical,0.1679739317365,0.44871122,0.0,120
MP,2010,cyclone,historical,0.15633963844333335,0.4049411,0.0,120
MP,2011,cyclone,historical,0.17740792493333332,0.38792136,0.0,120
MP,2012,cyclone,historical,0.13514677885333332,0.3751562,0.0,120
MP,2013,cyclone,historical,0.10835955566083334,0.42089334,0.0,120
MP,2014,cyclone,historical,0.14778160575533333,0.4005912,0.0,120
MU,1850,cyclone,historical,0.05048201208403846,0.27455142,0.0,312
MU,1851,cyclone,historical,0.05603918760057692,0.33320308,0.0,312
MU,1852,cyclone,historical,0.05733421392927244,0.32802647,0.0,312
MU,1853,cyclone,historical,0.0625857619,0.34163177,0.0,312
MU,1854,cyclone,historical,0.05570896599990385,0.30199134,0.0,312
MU,1855,cyclone,historical,0.040410981626380765,0.23367313,0.0,312
MU,1856,cyclone,historical,0.05661644572544872,0.32770717,0.0,312
MU,1857,cyclone,historical,0.05549059564932692,0.33635193,0.0,312
MU,1858,cyclone,historical,0.05808190265134615,0.3157059,0.0,312
MU,1859,cyclone,historical,0.05240620280766026,0.34011227,0.0,312
MU,1860,cyclone,historical,0.0432108165264968,0.29477823,0.0,312
MU,1861,cyclone,historical,0.04460066786507372,0.3002273,0.0,312
MU,1862,cyclone,historical,0.060866651063653854,0.31720555,0.0,312
MU,1863,cyclone,historical,0.07219956836012821,0.36586982,0.0,312
MU,1864,cyclone,historical,0.05045781785005128,0.3193984,0.0,312
MU,1865,cyclone,historical,0.04654924207338141,0.2791496,0.0,312
MU,1866,cyclone,historical,0.04881850329432692,0.30929416,0.0,312
MU,1867,cyclone,historical,0.05786565058246795,0.3291139,0.0,312
MU,1868,cyclone,historical,0.05905254243641026,0.3352782,0.0,312
MU,1869,cyclone,historical,0.04900793361692308,0.27811605,0.0,312
MU,1870,cyclone,historical,0.05744947535182692,0.28681552,0.0,312
MU,1871,cyclone,historical,0.054207033385352564,0.30745703,0.0,312
MU,1872,cyclone,historical,0.06755090974647436,0.38405484,0.0,312
MU,1873,cyclone,historical,0.059914546996259616,0.3467412,0.0,312
MU,1874,cyclone,historical,0.04115389585161859,0.2693997,0.0,312
MU,1875,cyclone,historical,0.03734088068557692,0.26730222,0.0,312
MU,1876,cyclone,historical,0.060738078078889424,0.33004123,0.0,312
MU,1877,cyclone,historical,0.059797039516520836,0.32413095,0.0,312
MU,1878,cyclone,historical,0.04395978102464743,0.27077907,0.0,312
MU,1879,cyclone,historical,0.048960590186538464,0.28864753,0.0,312
MU,1880,cyclone,historical,0.05945603808974358,0.3319331,0.0,312
MU,1881,cyclone,historical,0.057252958236217955,0.3294551,0.0,312
MU,1882,cyclone,historical,0.05823481499051283,0.37175518,0.0,312
MU,1883,cyclone,historical,0.04464061910044872,0.30273244,0.0,312
MU,1884,cyclone,historical,0.05015126604533333,0.27165508,0.0,312
MU,1885,cyclone,historical,0.06467733311272436,0.3229892,0.0,312
MU,1886,cyclone,historical,0.06144201363182692,0.35814106,0.0,312
MU,1887,cyclone,historical,0.04839734183788461,0.2897647,0.0,312
MU,1888,cyclone,historical,0.04008646284419872,0.27775913,0.0,312
MU,1889,cyclone,historical,0.04810162715105769,0.2849953,0.0,312
MU,1890,cyclone,historical,0.05823510553030449,0.30871892,0.0,312
MU,1891,cyclone,historical,0.05720317012051282,0.30986476,0.0,312
MU,1892,cyclone,historical,0.06475247452169872,0.33640087,0.0,312
MU,1893,cyclone,historical,0.05926001988189103,0.31920046,0.0,312
MU,1894,cyclone,historical,0.05455174955791666,0.29698795,0.0,312
MU,1895,cyclone,historical,0.06615799832185897,0.37384325,0.0,312
MU,1896,cyclone,historical,0.06239453765865385,0.37538475,0.0,312
MU,1897,cyclone,historical,0.04985963218849359,0.2885073,0.0,312
MU,1898,cyclone,historical,0.04978364173974359,0.2852708,0.0,312
MU,1899,cyclone,historical,0.06161902627580128,0.31043315,0.0,312
MU,1900,cyclone,historical,0.06656688985410257,0.34723657,0.0,312
MU,1901,cyclone,historical,0.0514813291150641,0.29991215,0.0,312
MU,1902,cyclone,historical,0.05704160699217948,0.34232503,0.0,312
MU,1903,cyclone,historical,0.06020016322035256,0.3029639,0.0,312
MU,1904,cyclone,historical,0.03840255488660257,0.24515885,0.0,312
MU,1905,cyclone,historical,0.0445290760576282,0.25475204,0.0,312
MU,1906,cyclone,historical,0.05608613784294871,0.28809264,0.0,312
MU,1907,cyclone,historical,0.05913934426057692,0.32449514,0.0,312
MU,1908,cyclone,historical,0.0375689255974359,0.26316494,0.0,312
MU,1909,cyclone,historical,0.06476072793397436,0.34575158,0.0,312
MU,1910,cyclone,historical,0.058610769924679486,0.32483214,0.0,312
MU,1911,cyclone,historical,0.054572907060256415,0.29567382,0.0,312
MU,1912,cyclone,historical,0.05054512199669872,0.30251852,0.0,312
MU,1913,cyclone,historical,0.05217987586323718,0.3504746,0.0,312
MU,1914,cyclone,historical,0.06172432130663461,0.33189282,0.0,312
MU,1915,cyclone,historical,0.06487390123964744,0.3507504,0.0,312
MU,1916,cyclone,historical,0.047363576715705125,0.27777714,0.0,312
MU,1917,cyclone,historical,0.052880092624679485,0.31083357,0.0,312
MU,1918,cyclone,historical,0.06434089418548077,0.31685457,0.0,312
MU,1919,cyclone,historical,0.060862743803397436,0.33231026,0.0,312
MU,1920,cyclone,historical,0.06255231479595191,0.33716428,0.0,312
MU,1921,cyclone,historical,0.05791779842624999,0.3153125,0.0,312
MU,1922,cyclone,historical,0.0490759537775641,0.2937439,0.0,312
MU,1923,cyclone,historical,0.05553163320897436,0.3264266,0.0,312
MU,1924,cyclone,historical,0.06414568703839743,0.3126781,0.0,312
MU,1925,cyclone,historical,0.052763329602756405,0.29385048,0.0,312
MU,1926,cyclone,historical,0.06817602562884616,0.33483943,0.0,312
MU,1927,cyclone,historical,0.06434246559416666,0.35012212,0.0,312
MU,1928,cyclone,historical,0.05986234291208333,0.34588134,0.0,312
MU,1929,cyclone,historical,0.05122328178461539,0.26497617,0.0,312
MU,1930,cyclone,historical,0.05095349400128205,0.33431542,0.0,312
MU,1931,cyclone,historical,0.06611333719891026,0.32281864,0.0,312
MU,1932,cyclone,historical,0.07547341081322435,0.4116475,0.0,312
MU,1933,cyclone,historical,0.043393335003987184,0.2766411,0.0,312
MU,1934,cyclone,historical,0.049672223097756416,0.29949376,0.0,312
MU,1935,cyclone,historical,0.07663003736019232,0.35996777,0.0,312
MU,1936,cyclone,historical,0.0668927332088141,0.37570265,0.0,312
MU,1937,cyclone,historical,0.04548551406282052,0.28628975,0.0,312
MU,1938,cyclone,historical,0.06253609088503462,0.35433078,0.0,312
MU,1939,cyclone,historical,0.07450121130458334,0.34118244,0.0,312
MU,1940,cyclone,historical,0.05725815799570513,0.34784484,0.0,312
MU,1941,cyclone,historical,0.05061877243648718,0.30828443,0.0,312
MU,1942,cyclone,historical,0.050969423736826926,0.32693672,0.0,312
MU,1943,cyclone,historical,0.05990260642124039,0.32579356,0.0,312
MU,1944,cyclone,historical,0.0687234399221154,0.3843883,0.0,312
MU,1945,cyclone,historical,0.06509140813679487,0.35457367,0.0,312
MU,1946,cyclone,historical,0.057653005220448715,0.3062041,0.0,312
MU,1947,cyclone,historical,0.06872455335288462,0.3361456,0.0,312
MU,1948,cyclone,historical,0.0677047607702564,0.38195983,0.0,312
MU,1949,cyclone,historical,0.05379948650009343,0.32045427,0.0,312
MU,1950,cyclone,historical,0.052311009326935894,0.27452517,0.0,312
MU,1951,cyclone,historical,0.05928267359775641,0.32200447,0.0,312
MU,1952,cyclone,historical,0.08056636089807692,0.36929417,0.0,312
MU,1953,cyclone,historical,0.05688065862467949,0.27154142,0.0,312
MU,1954,cyclone,historical,0.05151267534615384,0.33030283,0.0,312
MU,1955,cyclone,historical,0.06834722892490384,0.3745861,0.0,312
MU,1956,cyclone,historical,0.05990051328205128,0.3307758,0.0,312
MU,1957,cyclone,historical,0.05771992606282051,0.34946588,0.0,312
MU,1958,cyclone,historical,0.049837131337820514,0.28234574,0.0,312
MU,1959,cyclone,historical,0.05776109310051282,0.3101114,0.0,312
MU,1960,cyclone,historical,0.05767948117676282,0.33414632,0.0,312
MU,1961,cyclone,historical,0.07084201168599039,0.36508554,0.0,312
MU,1962,cyclone,historical,0.0646662950046923,0.33138496,0.0,312
MU,1963,cyclone,historical,0.04485469457164743,0.27959868,0.0,312
MU,1964,cyclone,historical,0.059823747363461535,0.31951028,0.0,312
MU,1965,cyclone,historical,0.07368254359923077,0.34622473,0.0,312
MU,1966,cyclone,historical,0.048779942105128204,0.32740515,0.0,312
MU,1967,cyclone,historical,0.04747757103157051,0.27665538,0.0,312
MU,1968,cyclone,historical,0.06700343859775641,0.36015964,0.0,312
MU,1969,cyclone,historical,0.06702898471923077,0.33904895,0.0,312
MU,1970,cyclone,historical,0.05729993635473077,0.3040042,0.0,312
MU,1971,cyclone,historical,0.05076436912248077,0.32032263,0.0,312
MU,1972,cyclone,historical,0.04688972582663782,0.2682742,0.0,312
MU,1973,cyclone,historical,0.07752278428185898,0.35610604,0.0,312
MU,1974,cyclone,historical,0.055124271874134614,0.3395598,0.0,312
MU,1975,cyclone,historical,0.059504858643717955,0.31082112,0.0,312
MU,1976,cyclone,historical,0.0604335141825641,0.30094796,0.0,312
MU,1977,cyclone,historical,0.07477592776089743,0.38355094,0.0,312
MU,1978,cyclone,historical,0.062428781519871794,0.3248064,0.0,312
MU,1979,cyclone,historical,0.04853983674983974,0.2935081,0.0,312
MU,1980,cyclone,historical,0.06073516558525641,0.32471317,0.0,312
MU,1981,cyclone,historical,0.07577849832884616,0.3926996,0.0,312
MU,1982,cyclone,historical,0.0670723977988141,0.32679313,0.0,312
MU,1983,cyclone,historical,0.04770846417740385,0.2881118,0.0,312
MU,1984,cyclone,historical,0.0627854625334295,0.30846718,0.0,312
MU,1985,cyclone,historical,0.0708042899821048,0.38117275,0.0,312
MU,1986,cyclone,historical,0.05360094615709615,0.31364864,0.0,312
MU,1987,cyclone,historical,0.052646078190192305,0.27266544,0.0,312
MU,1988,cyclone,historical,0.07836187499442308,0.3764655,0.0,312
MU,1989,cyclone,historical,0.06737441593083333,0.34106106,0.0,312
MU,1990,cyclone,historical,0.06833768813035257,0.30137414,0.0,312
MU,1991,cyclone,historical,0.07390884065983974,0.33449388,0.0,312
MU,1992,cyclone,historical,0.049764952131064105,0.29044938,0.0,312
MU,1993,cyclone,historical,0.05910667977028846,0.34265548,0.0,312
MU,1994,cyclone,historical,0.07309683710224359,0.359976,0.0,312
MU,1995,cyclone,historical,0.06615082007615385,0.36420745,0.0,312
MU,1996,cyclone,historical,0.05621074797403846,0.2911023,0.0,312
MU,1997,cyclone,historical,0.06910502144256411,0.3558698,0.0,312
MU,1998,cyclone,historical,0.08760263501730768,0.39737108,0.0,312
MU,1999,cyclone,historical,0.058095027227467955,0.31187266,0.0,312
MU,2000,cyclone,historical,0.06398038849958333,0.33232906,0.0,312
MU,2001,cyclone,historical,0.07127018098612178,0.35614836,0.0,312
MU,2002,cyclone,historical,0.08299986455089743,0.4105578,0.0,312
MU,2003,cyclone,historical,0.07359862017554487,0.3606677,0.0,312
MU,2004,cyclone,historical,0.06580353672352564,0.3247893,0.0,312
MU,2005,cyclone,historical,0.0686638350138782,0.33954242,0.0,312
MU,2006,cyclone,historical,0.08423719469038461,0.35807997,0.0,312
MU,2007,cyclone,historical,0.07676263203397436,0.36729297,0.0,312
MU,2008,cyclone,historical,0.08171775810416666,0.3606412,0.0,312
MU,2009,cyclone,historical,0.0727460747375,0.36312386,0.0,312
MU,2010,cyclone,historical,0.08249438265564103,0.42720833,0.0,312
MU,2011,cyclone,historical,0.07940656740266026,0.41403222,0.0,312
MU,2012,cyclone,historical,0.059083842032275645,0.33059055,0.0,312
MU,2013,cyclone,historical,0.0800777014577564,0.33386418,0.0,312
MU,2014,cyclone,historical,0.09475654124006411,0.39732966,0.0,312
MV,1850,cyclone,historical,0.24273476022685186,0.37054515,0.018647727,216
MV,1851,cyclone,historical,0.2494944000324074,0.39863214,0.023061378,216
MV,1852,cyclone,historical,0.2517253044907407,0.4231779,0.033680342,216
MV,1853,cyclone,historical,0.25502266806944446,0.40862614,0.01047596,216
MV,1854,cyclone,historical,0.25330996587037036,0.3990901,0.018800689,216
MV,1855,cyclone,historical,0.22494940627314813,0.38856214,0.020711146,216
MV,1856,cyclone,historical,0.24646636965046295,0.4065561,0.0129840905,216
MV,1857,cyclone,historical,0.26946390228703704,0.45593423,0.020040652,216
MV,1858,cyclone,historical,0.25038677204166665,0.41202572,0.0,216
MV,1859,cyclone,historical,0.25993329248611113,0.4339284,0.035589356,216
MV,1860,cyclone,historical,0.22757898318055556,0.38510782,0.04420706,216
MV,1861,cyclone,historical,0.21824181565277778,0.37753856,0.0,216
MV,1862,cyclone,historical,0.24638824264814815,0.4164457,0.020038309,216
MV,1863,cyclone,historical,0.2726613181851852,0.42402163,0.0370001,216
MV,1864,cyclone,historical,0.2361346851574074,0.4065426,0.038833894,216
MV,1865,cyclone,historical,0.23021655667870372,0.3789286,0.0057446556,216
MV,1866,cyclone,historical,0.21192076544722221,0.40218455,0.0,216
MV,1867,cyclone,historical,0.24499497562037037,0.45465064,0.009825047,216
MV,1868,cyclone,historical,0.26636794044675927,0.4485306,0.0108401645,216
MV,1869,cyclone,historical,0.24462072141203703,0.41072014,0.034365118,216
MV,1870,cyclone,historical,0.2312209645462963,0.38439435,0.024269981,216
MV,1871,cyclone,historical,0.25298696650462965,0.3899045,0.015649643,216
MV,1872,cyclone,historical,0.2888534948935185,0.4642834,0.043041654,216
MV,1873,cyclone,historical,0.2555193696851852,0.43967193,0.01117343,216
MV,1874,cyclone,historical,0.21356744538611114,0.3687296,0.004211445,216
MV,1875,cyclone,historical,0.20925642540740738,0.3894123,0.015074099,216
MV,1876,cyclone,historical,0.2606444794027778,0.4091254,0.042768072,216
MV,1877,cyclone,historical,0.25939206758796296,0.44863084,0.041725464,216
MV,1878,cyclone,historical,0.22273147829166667,0.36728948,0.026740387,216
MV,1879,cyclone,historical,0.23044975436574072,0.36830756,0.014293423,216
MV,1880,cyclone,historical,0.26735664291666666,0.45023897,0.019527467,216
MV,1881,cyclone,historical,0.2723630869953704,0.4330595,0.03556951,216
MV,1882,cyclone,historical,0.24552452384722223,0.4243691,0.011858092,216
MV,1883,cyclone,historical,0.21479619355787036,0.35574478,0.0031167895,216
MV,1884,cyclone,historical,0.2207435735324074,0.38567019,0.014816804,216
MV,1885,cyclone,historical,0.24573126972685186,0.40946046,0.010055382,216
MV,1886,cyclone,historical,0.2636174442222222,0.41938275,0.022587229,216
MV,1887,cyclone,historical,0.2582140394722222,0.41935474,0.03202907,216
MV,1888,cyclone,historical,0.21866295375925926,0.37963146,0.013693924,216
MV,1889,cyclone,historical,0.2177631793938426,0.36720222,0.0,216
MV,1890,cyclone,historical,0.24942680961111113,0.43011546,0.018917114,216
MV,1891,cyclone,historical,0.2563973478101852,0.42433384,0.027219122,216
MV,1892,cyclone,historical,0.27791982932407405,0.46615648,0.014801253,216
MV,1893,cyclone,historical,0.2427934975648148,0.3957658,0.026514253,216
MV,1894,cyclone,historical,0.21821254163657408,0.35243875,0.0,216
MV,1895,cyclone,historical,0.2687037114351852,0.42523634,0.023621097,216
MV,1896,cyclone,historical,0.2632914483888889,0.42153066,0.018351305,216
MV,1897,cyclone,historical,0.23478765269907406,0.38349295,0.036740456,216
MV,1898,cyclone,historical,0.2276963797824074,0.36120674,0.029308327,216
MV,1899,cyclone,historical,0.2630346333611111,0.427805,0.022948261,216
MV,1900,cyclone,historical,0.26401246705555553,0.45854276,0.013715596,216
MV,1901,cyclone,historical,0.24647427058796295,0.46061766,0.013846818,216
MV,1902,cyclone,historical,0.2643895589398148,0.4393028,0.018393341,216
MV,1903,cyclone,historical,0.236278889125,0.41120356,0.0015011545,216
MV,1904,cyclone,historical,0.21744490306018516,0.3753029,0.013332383,216
MV,1905,cyclone,historical,0.22026006783796298,0.38301533,0.01607522,216
MV,1906,cyclone,historical,0.25186663143055554,0.39954668,0.02215352,216
MV,1907,cyclone,historical,0.2548327601898148,0.40173697,0.02826259,216
MV,1908,cyclone,historical,0.23000724316203702,0.3873735,0.017594885,216
MV,1909,cyclone,historical,0.24975439618055553,0.42807287,0.014685519,216
MV,1910,cyclone,historical,0.26028806597685183,0.428738,0.04449758,216
MV,1911,cyclone,historical,0.25291821485185184,0.37910837,0.015300424,216
MV,1912,cyclone,historical,0.26259397577777777,0.43127242,0.018972205,216
MV,1913,cyclone,historical,0.24160301162499997,0.39052218,0.029074473,216
MV,1914,cyclone,historical,0.26048675637499996,0.42320997,0.025980122,216
MV,1915,cyclone,historical,0.26371804277314814,0.41412652,0.02953329,216
MV,1916,cyclone,historical,0.24142419481481484,0.39258516,0.03364241,216
MV,1917,cyclone,historical,0.2559163299166667,0.40549693,0.02615419,216
MV,1918,cyclone,historical,0.23531277223333333,0.37339365,0.0064339614,216
MV,1919,cyclone,historical,0.2730301770046296,0.43422675,0.020439196,216
MV,1920,cyclone,historical,0.268673856625,0.42101163,0.02666457,216
MV,1921,cyclone,historical,0.23985490483796296,0.35283953,0.021618757,216
MV,1922,cyclone,historical,0.21783404108333335,0.3794724,0.025439158,216
MV,1923,cyclone,historical,0.27279527463425923,0.43650925,0.021588525,216
MV,1924,cyclone,historical,0.26500398564814814,0.44417226,0.079564154,216
MV,1925,cyclone,historical,0.2500029614537037,0.40480083,0.015954055,216
MV,1926,cyclone,historical,0.25202257052314814,0.398373,0.03332365,216
MV,1927,cyclone,historical,0.26456896899537036,0.43565857,0.020554028,216
MV,1928,cyclone,historical,0.27090695592592595,0.43893695,0.031578574,216
MV,1929,cyclone,historical,0.24619540212962965,0.42131594,0.022065606,216
MV,1930,cyclone,historical,0.2515424830138889,0.4250432,0.02049033,216
MV,1931,cyclone,historical,0.27450146134722225,0.4697342,0.07358122,216
MV,1932,cyclone,historical,0.2777173872777778,0.47382206,0.01208361,216
MV,1933,cyclone,historical,0.2352596235925926,0.40732098,0.007267106,216
MV,1934,cyclone,historical,0.2342711200435185,0.3820969,0.0020438354,216
MV,1935,cyclone,historical,0.27969344193055556,0.46518612,0.044167727,216
MV,1936,cyclone,historical,0.280373806087963,0.43136877,0.031264227,216
MV,1937,cyclone,historical,0.25262350137962963,0.41050795,0.014011512,216
MV,1938,cyclone,historical,0.25241841099074075,0.42121008,0.018014528,216
MV,1939,cyclone,historical,0.2880707902546296,0.4906312,0.05731027,216
MV,1940,cyclone,historical,0.2587127178287037,0.4567312,0.011552862,216
MV,1941,cyclone,historical,0.2551650153287037,0.42540157,0.028825397,216
MV,1942,cyclone,historical,0.255207959125,0.42496103,0.024425952,216
MV,1943,cyclone,historical,0.25636169524999997,0.43853888,0.012338977,216
MV,1944,cyclone,historical,0.2857797068981482,0.42397195,0.028111523,216
MV,1945,cyclone,historical,0.2624538308125,0.43642423,0.006428051,216
MV,1946,cyclone,historical,0.26968541640277777,0.4163624,0.012314772,216
MV,1947,cyclone,historical,0.28445548422685185,0.47711375,0.039542317,216
MV,1948,cyclone,historical,0.2673474857685185,0.43957984,0.024219876,216
MV,1949,cyclone,historical,0.23682471855555554,0.40231323,0.031340234,216
MV,1950,cyclone,historical,0.23665138199074073,0.4113449,0.026722852,216
MV,1951,cyclone,historical,0.26675550438425927,0.42193353,0.025404943,216
MV,1952,cyclone,historical,0.2905960716203704,0.44632956,0.0511026,216
MV,1953,cyclone,historical,0.24955556375462962,0.4095162,0.015637144,216
MV,1954,cyclone,historical,0.2413127154074074,0.3529583,0.016726881,216
MV,1955,cyclone,historical,0.2715360935694444,0.43388838,0.031826183,216
MV,1956,cyclone,historical,0.26486566910648146,0.43858105,0.03346666,216
MV,1957,cyclone,historical,0.2874733560925926,0.47154975,0.027686441,216
MV,1958,cyclone,historical,0.25145172013425926,0.41739067,0.012035205,216
MV,1959,cyclone,historical,0.2530897015296296,0.41142857,0.0060341964,216
MV,1960,cyclone,historical,0.2758177242453704,0.4233207,0.022442464,216
MV,1961,cyclone,historical,0.2828556229537037,0.43873498,0.022869725,216
MV,1962,cyclone,historical,0.2676535793611111,0.44557202,0.034031004,216
MV,1963,cyclone,historical,0.1979988655527778,0.3725925,0.0055832034,216
MV,1964,cyclone,historical,0.24531807278240741,0.40900046,0.03219436,216
MV,1965,cyclone,historical,0.28021334636574075,0.43353564,0.013268673,216
MV,1966,cyclone,historical,0.23561125967592592,0.39034095,0.02577551,216
MV,1967,cyclone,historical,0.22935997429166669,0.3841756,0.017003227,216
MV,1968,cyclone,historical,0.2766696265972222,0.4500069,0.006953777,216
MV,1969,cyclone,historical,0.29146952567592593,0.45116535,0.034602504,216
MV,1970,cyclone,historical,0.2565887234259259,0.39938283,0.023145929,216
MV,1971,cyclone,historical,0.2482059660787037,0.4154048,0.048010208,216
MV,1972,cyclone,historical,0.2238776475772222,0.4063173,0.00027945658,216
MV,1973,cyclone,historical,0.2687930691574074,0.42643374,0.02440215,216
MV,1974,cyclone,historical,0.2552555521435185,0.42704326,0.016039327,216
MV,1975,cyclone,historical,0.2553352452175926,0.41971084,0.025303748,216
MV,1976,cyclone,historical,0.25130546899074074,0.38604942,0.03384117,216
MV,1977,cyclone,historical,0.2848764323287037,0.44296232,0.033100348,216
MV,1978,cyclone,historical,0.2759498086805556,0.4390004,0.034776356,216
MV,1979,cyclone,historical,0.2592052890601852,0.42890346,0.012012934,216
MV,1980,cyclone,historical,0.28609045027314817,0.43705583,0.047276188,216
MV,1981,cyclone,historical,0.2863974599259259,0.45745862,0.051654764,216
MV,1982,cyclone,historical,0.26648574882870374,0.39818037,0.032412678,216
MV,1983,cyclone,historical,0.21626033749074072,0.36481777,0.01800444,216
MV,1984,cyclone,historical,0.24009397261574073,0.41600865,0.05935791,216
MV,1985,cyclone,historical,0.2854333502175926,0.46816233,0.044879064,216
MV,1986,cyclone,historical,0.2558673331458334,0.45028916,0.0026690548,216
MV,1987,cyclone,historical,0.2508526947083333,0.4215628,0.02931067,216
MV,1988,cyclone,historical,0.2826450533148148,0.46454132,0.029786577,216
MV,1989,cyclone,historical,0.2813472155555556,0.46752822,0.01994512,216
MV,1990,cyclone,historical,0.27454937921296296,0.4325481,0.0656508,216
MV,1991,cyclone,historical,0.2669179992546296,0.44631276,0.039845634,216
MV,1992,cyclone,historical,0.2444991018611111,0.3994283,0.020521678,216
MV,1993,cyclone,historical,0.2762040804259259,0.4073326,0.03172889,216
MV,1994,cyclone,historical,0.2899273953240741,0.4532873,0.026635922,216
MV,1995,cyclone,historical,0.2634533299444444,0.40593904,0.022832517,216
MV,1996,cyclone,historical,0.2475406477083333,0.4097451,0.080398075,216
MV,1997,cyclone,historical,0.300010537587963,0.45071965,0.06314935,216
MV,1998,cyclone,historical,0.30404498530092594,0.46765488,0.07653912,216
MV,1999,cyclone,historical,0.2539171153148148,0.40820214,0.025183119,216
MV,2000,cyclone,historical,0.2837822352685185,0.43609375,0.017885003,216
MV,2001,cyclone,historical,0.28309512147685184,0.45873678,0.04754169,216
MV,2002,cyclone,historical,0.29695111281481484,0.47345325,0.03077473,216
MV,2003,cyclone,historical,0.28224888839814816,0.4219673,0.0444731,216
MV,2004,cyclone,historical,0.26487958571759257,0.43683112,0.082767725,216
MV,2005,cyclone,historical,0.27054439737499997,0.42297524,0.0338911,216
MV,2006,cyclone,historical,0.300767506875,0.46677583,0.08771428,216
MV,2007,cyclone,historical,0.3036549994166667,0.48200065,0.06395054,216
MV,2008,cyclone,historical,0.30697797573611113,0.46614715,0.06854971,216
MV,2009,cyclone,historical,0.29394951569444444,0.4921927,0.06137415,216
MV,2010,cyclone,historical,0.31243034673148146,0.45407292,0.042553447,216
MV,2011,cyclone,historical,0.3070322206064815,0.47416395,0.061740335,216
MV,2012,cyclone,historical,0.264256532962963,0.41581696,0.019075487,216
MV,2013,cyclone,historical,0.2850898170601852,0.42675236,0.09886967,216
MV,2014,cyclone,historical,0.29636938164814813,0.45173192,0.074875325,216
MY,1850,cyclone,historical,0.28218373375,0.39513347,0.14989424,24
MY,1851,cyclone,historical,0.3212969941666666,0.4176664,0.22778021,24
MY,1852,cyclone,historical,0.29868927375000004,0.3881428,0.12938114,24
MY,1853,cyclone,historical,0.3089669204166667,0.40371856,0.19653235,24
MY,1854,cyclone,historical,0.30279706,0.38508558,0.18093918,24
MY,1855,cyclone,historical,0.2764117654166667,0.35958597,0.16333975,24
MY,1856,cyclone,historical,0.2893510283333333,0.38689598,0.19497067,24
MY,1857,cyclone,historical,0.30552373375,0.43970665,0.17715785,24
MY,1858,cyclone,historical,0.2898696741666667,0.39401916,0.15305941,24
MY,1859,cyclone,historical,0.3194016420833333,0.41931555,0.21044104,24
MY,1860,cyclone,historical,0.27833445333333334,0.37212268,0.17416514,24
MY,1861,cyclone,historical,0.2698417229166667,0.3677254,0.10545561,24
MY,1862,cyclone,historical,0.31292703958333334,0.41923416,0.16670747,24
MY,1863,cyclone,historical,0.3308276783333333,0.4212731,0.19409133,24
MY,1864,cyclone,historical,0.29048376708333334,0.36834276,0.1698374,24
MY,1865,cyclone,historical,0.27670747833333337,0.35456932,0.12306056,24
MY,1866,cyclone,historical,0.28341005874999997,0.40269104,0.15727772,24
MY,1867,cyclone,historical,0.292895165,0.42337677,0.15375301,24
MY,1868,cyclone,historical,0.32354497791666664,0.43453494,0.20573737,24
MY,1869,cyclone,historical,0.29760538625,0.37551546,0.1929806,24
MY,1870,cyclone,historical,0.29102363833333333,0.38287804,0.19487257,24
MY,1871,cyclone,historical,0.3017417641666667,0.39075127,0.18397704,24
MY,1872,cyclone,historical,0.33113368958333333,0.44959998,0.22238898,24
MY,1873,cyclone,historical,0.34729889124999996,0.4160167,0.21869911,24
MY,1874,cyclone,historical,0.28280159708333336,0.3752617,0.2131104,24
MY,1875,cyclone,historical,0.26724767816666667,0.38321403,0.070235886,24
MY,1876,cyclone,historical,0.29913269000000003,0.4371446,0.1182485,24
MY,1877,cyclone,historical,0.32305514416666664,0.43039557,0.16782683,24
MY,1878,cyclone,historical,0.285067835,0.341806,0.22212045,24
MY,1879,cyclone,historical,0.28220933583333335,0.35823035,0.17523623,24
MY,1880,cyclone,historical,0.30728403666666665,0.40983245,0.16967796,24
MY,1881,cyclone,historical,0.3092626595833333,0.4012998,0.19968925,24
MY,1882,cyclone,historical,0.3072047375,0.39341903,0.18883365,24
MY,1883,cyclone,historical,0.25637385625000003,0.33680305,0.16042806,24
MY,1884,cyclone,historical,0.2505910014166667,0.3636545,0.103844844,24
MY,1885,cyclone,historical,0.28062549458333336,0.38033548,0.13958243,24
MY,1886,cyclone,historical,0.31223393041666664,0.4197804,0.16897178,24
MY,1887,cyclone,historical,0.3135877454166667,0.39011446,0.19447164,24
MY,1888,cyclone,historical,0.2791797658333333,0.35775748,0.19616741,24
MY,1889,cyclone,historical,0.2743999308333333,0.3875114,0.13562687,24
MY,1890,cyclone,historical,0.30338164916666666,0.44939184,0.15184984,24
MY,1891,cyclone,historical,0.2918098691666667,0.3956494,0.13893192,24
MY,1892,cyclone,historical,0.31921980875,0.43769422,0.22461109,24
MY,1893,cyclone,historical,0.28151729291666666,0.3623473,0.19564115,24
MY,1894,cyclone,historical,0.27633175083333333,0.4000211,0.15973128,24
MY,1895,cyclone,historical,0.30613825375,0.4224536,0.12100298,24
MY,1896,cyclone,historical,0.3273843675,0.38282332,0.24946554,24
MY,1897,cyclone,historical,0.29145433375,0.3957559,0.12039935,24
MY,1898,cyclone,historical,0.2614412725,0.35513258,0.10203341,24
MY,1899,cyclone,historical,0.3102339316666667,0.4489051,0.18285683,24
MY,1900,cyclone,historical,0.30708575875,0.39000314,0.19232911,24
MY,1901,cyclone,historical,0.31230301583333336,0.42581332,0.22226317,24
MY,1902,cyclone,historical,0.3226806975,0.43040004,0.16579366,24
MY,1903,cyclone,historical,0.2853952358333333,0.40183148,0.19856083,24
MY,1904,cyclone,historical,0.26708955458333333,0.35334876,0.16505009,24
MY,1905,cyclone,historical,0.25468272833333333,0.37692347,0.081066,24
MY,1906,cyclone,historical,0.29395835625,0.41483653,0.15094861,24
MY,1907,cyclone,historical,0.28504948166666666,0.3370929,0.20780738,24
MY,1908,cyclone,historical,0.27387663291666664,0.35650364,0.16519396,24
MY,1909,cyclone,historical,0.31057846958333335,0.40852043,0.19145636,24
MY,1910,cyclone,historical,0.3004826916666667,0.41608343,0.16471492,24
MY,1911,cyclone,historical,0.29873802916666664,0.39700916,0.10734726,24
MY,1912,cyclone,historical,0.3071678,0.4205115,0.2398802,24
MY,1913,cyclone,historical,0.30272027041666666,0.39626634,0.1773399,24
MY,1914,cyclone,historical,0.31755789125,0.45354187,0.19306646,24
MY,1915,cyclone,historical,0.30716258916666667,0.40180802,0.1995015,24
MY,1916,cyclone,historical,0.29726604125,0.3872652,0.20792703,24
MY,1917,cyclone,historical,0.28345056750000003,0.43049458,0.17203528,24
MY,1918,cyclone,historical,0.28002910416666665,0.3856533,0.10246714,24
MY,1919,cyclone,historical,0.3210604816666667,0.4381639,0.1976812,24
MY,1920,cyclone,historical,0.3109338483333333,0.39199445,0.21648945,24
MY,1921,cyclone,historical,0.2943184279166667,0.4124025,0.18738532,24
MY,1922,cyclone,historical,0.27666078958333334,0.4049027,0.10448248,24
MY,1923,cyclone,historical,0.3189257254166667,0.41909668,0.13656816,24
MY,1924,cyclone,historical,0.30574636625,0.38103092,0.18398888,24
MY,1925,cyclone,historical,0.29540665875,0.37070468,0.21947126,24
MY,1926,cyclone,historical,0.29614015374999997,0.39514717,0.15757145,24
MY,1927,cyclone,historical,0.3171082358333333,0.43746543,0.16716926,24
MY,1928,cyclone,historical,0.324760125,0.38802767,0.24188429,24
MY,1929,cyclone,historical,0.29662864125,0.4013444,0.19229913,24
MY,1930,cyclone,historical,0.3020456633333333,0.4052142,0.18877327,24
MY,1931,cyclone,historical,0.31299963291666666,0.41770148,0.15929234,24
MY,1932,cyclone,historical,0.33305806416666667,0.46210065,0.18288034,24
MY,1933,cyclone,historical,0.31710828333333335,0.4044365,0.25729415,24
MY,1934,cyclone,historical,0.2779429445833333,0.38321733,0.10440552,24
MY,1935,cyclone,historical,0.33613963375,0.44521368,0.20684311,24
MY,1936,cyclone,historical,0.32312632,0.3943087,0.22128294,24
MY,1937,cyclone,historical,0.29457060583333333,0.36507073,0.19574249,24
MY,1938,cyclone,historical,0.3070833825,0.39000663,0.1919701,24
MY,1939,cyclone,historical,0.34615815125,0.48956022,0.22436613,24
MY,1940,cyclone,historical,0.3151767558333333,0.43236244,0.18350403,24
MY,1941,cyclone,historical,0.29567081125,0.4466726,0.19707733,24
MY,1942,cyclone,historical,0.2937345054166667,0.4311317,0.1307091,24
MY,1943,cyclone,historical,0.29298023958333336,0.4102593,0.16572355,24
MY,1944,cyclone,historical,0.32875211291666667,0.4216684,0.25212285,24
MY,1945,cyclone,historical,0.30118372833333334,0.44231322,0.17135699,24
MY,1946,cyclone,historical,0.3035177591666667,0.40569362,0.16507061,24
MY,1947,cyclone,historical,0.32952859875,0.44490477,0.1823056,24
MY,1948,cyclone,historical,0.35228166875000005,0.4224472,0.22340053,24
MY,1949,cyclone,historical,0.2987496008333333,0.36196432,0.19539213,24
MY,1950,cyclone,historical,0.2771041254166667,0.39531866,0.11040086,24
MY,1951,cyclone,historical,0.33269183125,0.4431758,0.12482204,24
MY,1952,cyclone,historical,0.32753405166666666,0.48271024,0.18294781,24
MY,1953,cyclone,historical,0.29612615708333334,0.39065576,0.1029396,24
MY,1954,cyclone,historical,0.30075084708333333,0.37417266,0.220902,24
MY,1955,cyclone,historical,0.31129049875,0.4089335,0.17830496,24
MY,1956,cyclone,historical,0.305190035,0.42731628,0.17237164,24
MY,1957,cyclone,historical,0.32882546083333336,0.47037902,0.21296413,24
MY,1958,cyclone,historical,0.2983111379166667,0.37287745,0.13601063,24
MY,1959,cyclone,historical,0.28033664166666666,0.3993975,0.16444969,24
MY,1960,cyclone,historical,0.32452961874999997,0.4315054,0.20044863,24
MY,1961,cyclone,historical,0.340008795,0.418184,0.19575758,24
MY,1962,cyclone,historical,0.34373394874999996,0.43585253,0.27761146,24
MY,1963,cyclone,historical,0.25874257875,0.3686215,0.12799427,24
MY,1964,cyclone,historical,0.27710535750000004,0.34799623,0.15334941,24
MY,1965,cyclone,historical,0.3271882295833333,0.40903294,0.19060469,24
MY,1966,cyclone,historical,0.2912622454166667,0.36973795,0.15893905,24
MY,1967,cyclone,historical,0.2869613229166667,0.39066884,0.17540352,24
MY,1968,cyclone,historical,0.31783340666666665,0.47446966,0.2048577,24
MY,1969,cyclone,historical,0.3264729025,0.42430893,0.19366376,24
MY,1970,cyclone,historical,0.31435808125000003,0.39238724,0.19417022,24
MY,1971,cyclone,historical,0.2883364870833333,0.39441636,0.17440319,24
MY,1972,cyclone,historical,0.26331548708333335,0.37959567,0.12576628,24
MY,1973,cyclone,historical,0.3115300991666667,0.4186678,0.15327945,24
MY,1974,cyclone,historical,0.29803406625,0.39392808,0.15155655,24
MY,1975,cyclone,historical,0.2833879866666667,0.38155282,0.13987364,24
MY,1976,cyclone,historical,0.2706706441666667,0.37623367,0.14365597,24
MY,1977,cyclone,historical,0.32356125583333334,0.42784214,0.19220947,24
MY,1978,cyclone,historical,0.31340752833333335,0.43649217,0.17963953,24
MY,1979,cyclone,historical,0.30737247416666663,0.41506645,0.191328,24
MY,1980,cyclone,historical,0.3320149129166667,0.44272998,0.20232642,24
MY,1981,cyclone,historical,0.32832861333333335,0.4237809,0.21647866,24
MY,1982,cyclone,historical,0.31124804875,0.3743011,0.21526341,24
MY,1983,cyclone,historical,0.27422823125,0.3635991,0.19239555,24
MY,1984,cyclone,historical,0.28517837458333334,0.38697967,0.13251166,24
MY,1985,cyclone,historical,0.3326034695833333,0.43782365,0.20381765,24
MY,1986,cyclone,historical,0.30498524374999997,0.43881294,0.20915352,24
MY,1987,cyclone,historical,0.28957959291666663,0.39607486,0.16283444,24
MY,1988,cyclone,historical,0.31571838125,0.4241786,0.15477927,24
MY,1989,cyclone,historical,0.31522540041666663,0.40458265,0.23450178,24
MY,1990,cyclone,historical,0.29636705583333334,0.37278244,0.15763374,24
MY,1991,cyclone,historical,0.31066482333333334,0.41290197,0.21869434,24
MY,1992,cyclone,historical,0.2782913375,0.39454973,0.13225953,24
MY,1993,cyclone,historical,0.3115648191666667,0.40970728,0.14521599,24
MY,1994,cyclone,historical,0.32839005375,0.4331668,0.21081357,24
MY,1995,cyclone,historical,0.30035591833333336,0.36968768,0.15835033,24
MY,1996,cyclone,historical,0.3016172658333333,0.37331727,0.16723453,24
MY,1997,cyclone,historical,0.3255565025,0.44546768,0.16308554,24
MY,1998,cyclone,historical,0.3379231708333333,0.44026527,0.21833351,24
MY,1999,cyclone,historical,0.30773216583333335,0.3928192,0.19559152,24
MY,2000,cyclone,historical,0.30327246,0.43247676,0.11078111,24
MY,2001,cyclone,historical,0.3349102441666667,0.43694356,0.22278705,24
MY,2002,cyclone,historical,0.3509180925,0.45500842,0.21425164,24
MY,2003,cyclone,historical,0.3617476966666667,0.43174198,0.24423382,24
MY,2004,cyclone,historical,0.30937000541666665,0.3593539,0.25447425,24
MY,2005,cyclone,historical,0.30510037875,0.39058277,0.17763072,24
MY,2006,cyclone,historical,0.3359516808333333,0.4362569,0.23446032,24
MY,2007,cyclone,historical,0.3398454083333333,0.43761474,0.23506318,24
MY,2008,cyclone,historical,0.3329175525,0.41966045,0.21659844,24
MY,2009,cyclone,historical,0.3492688629166667,0.4667874,0.24897695,24
MY,2010,cyclone,historical,0.3522757529166667,0.46538034,0.19081475,24
MY,2011,cyclone,historical,0.35491105250000005,0.41619948,0.25978926,24
MY,2012,cyclone,historical,0.32103915875,0.40287122,0.16500725,24
MY,2013,cyclone,historical,0.31374406666666665,0.3975974,0.17193873,24
MY,2014,cyclone,historical,0.34263051208333334,0.43566164,0.19228528,24
MZ,1850,cyclone,historical,0.13472291550833332,0.36977923,0.0,72
MZ,1851,cyclone,historical,0.13094200369861111,0.36809587,0.0,72
MZ,1852,cyclone,historical,0.1413442353597222,0.38518053,0.0,72
MZ,1853,cyclone,historical,0.14126737452222224,0.3856055,0.0,72
MZ,1854,cyclone,historical,0.12969240956666667,0.3624591,0.0,72
MZ,1855,cyclone,historical,0.12413999611527776,0.34924233,0.0,72
MZ,1856,cyclone,historical,0.13978450869444445,0.40438032,0.0,72
MZ,1857,cyclone,historical,0.15390318220833332,0.43935534,0.0,72
MZ,1858,cyclone,historical,0.15529468964305554,0.41587228,0.0,72
MZ,1859,cyclone,historical,0.13308069801944444,0.38720414,0.0,72
MZ,1860,cyclone,historical,0.11749924544374998,0.37496066,0.0,72
MZ,1861,cyclone,historical,0.10628919127013889,0.30676824,0.0,72
MZ,1862,cyclone,historical,0.14837919915694445,0.38463715,0.0,72
MZ,1863,cyclone,historical,0.1521937647361111,0.43209106,0.0,72
MZ,1864,cyclone,historical,0.11227228204444445,0.3648671,0.0,72
MZ,1865,cyclone,historical,0.10813919755138889,0.34529737,0.0,72
MZ,1866,cyclone,historical,0.13572515502777777,0.35002542,0.0,72
MZ,1867,cyclone,historical,0.1482757031523611,0.42855263,0.0,72
MZ,1868,cyclone,historical,0.14847422890694445,0.3824774,0.0,72
MZ,1869,cyclone,historical,0.12993270260694445,0.36640078,0.0,72
MZ,1870,cyclone,historical,0.11020474775833333,0.3935136,0.0,72
MZ,1871,cyclone,historical,0.13885197107777777,0.3882112,0.0,72
MZ,1872,cyclone,historical,0.15943320156944443,0.43908,0.0,72
MZ,1873,cyclone,historical,0.13260961821666667,0.43673998,0.0,72
MZ,1874,cyclone,historical,0.1097795008625,0.35349256,0.0,72
MZ,1875,cyclone,historical,0.12286915753055555,0.36056387,0.0,72
MZ,1876,cyclone,historical,0.1558151237986111,0.40687758,0.0,72
MZ,1877,cyclone,historical,0.13180875653194446,0.37153655,0.0,72
MZ,1878,cyclone,historical,0.11964757684166666,0.33073813,0.0,72
MZ,1879,cyclone,historical,0.11346254779583334,0.33886528,0.0,72
MZ,1880,cyclone,historical,0.13757577263124998,0.38609457,0.0,72
MZ,1881,cyclone,historical,0.14691641565555555,0.40612173,0.0,72
MZ,1882,cyclone,historical,0.13158377542222222,0.43839943,0.0,72
MZ,1883,cyclone,historical,0.11327587383958332,0.39669168,0.0,72
MZ,1884,cyclone,historical,0.11500127367361111,0.34885404,0.0,72
MZ,1885,cyclone,historical,0.1436417867763889,0.3721027,0.0,72
MZ,1886,cyclone,historical,0.16367066867638888,0.4269692,0.0,72
MZ,1887,cyclone,historical,0.14356592339722224,0.38731703,0.0,72
MZ,1888,cyclone,historical,0.12680870808333333,0.36991242,0.0,72
MZ,1889,cyclone,historical,0.12493693813472222,0.38288596,0.0,72
MZ,1890,cyclone,historical,0.1472212558013889,0.3819967,0.0,72
MZ,1891,cyclone,historical,0.1513774914027778,0.39278787,0.0,72
MZ,1892,cyclone,historical,0.16218103643055556,0.41758257,0.0,72
MZ,1893,cyclone,historical,0.13664742009875,0.41660058,0.0,72
MZ,1894,cyclone,historical,0.12642920406111113,0.36871108,0.0,72
MZ,1895,cyclone,historical,0.1550721438013889,0.4303275,0.0,72
MZ,1896,cyclone,historical,0.14497171360833333,0.4627208,0.0,72
MZ,1897,cyclone,historical,0.124704549225,0.3609982,0.0,72
MZ,1898,cyclone,historical,0.12358720191111111,0.3920101,0.0,72
MZ,1899,cyclone,historical,0.14527956770833333,0.40458292,0.0,72
MZ,1900,cyclone,historical,0.17183277817833334,0.42193884,0.0,72
MZ,1901,cyclone,historical,0.14699399018611112,0.36870497,0.0,72
MZ,1902,cyclone,historical,0.16217977301166667,0.43865594,0.0,72
MZ,1903,cyclone,historical,0.12640469783097222,0.38424474,0.0,72
MZ,1904,cyclone,historical,0.1290932559763889,0.35062268,0.0,72
MZ,1905,cyclone,historical,0.1224789771097222,0.34718457,0.0,72
MZ,1906,cyclone,historical,0.1349866246861111,0.38284692,0.0,72
MZ,1907,cyclone,historical,0.11818022266388889,0.38879555,0.0,72
MZ,1908,cyclone,historical,0.13122213268055555,0.383656,0.0,72
MZ,1909,cyclone,historical,0.15617796419166666,0.43155158,0.0,72
MZ,1910,cyclone,historical,0.15072921276111112,0.41814074,0.0,72
MZ,1911,cyclone,historical,0.12377178143888888,0.36410022,0.0,72
MZ,1912,cyclone,historical,0.14949743356805556,0.3690533,0.0,72
MZ,1913,cyclone,historical,0.15439845286111112,0.3864475,0.0,72
MZ,1914,cyclone,historical,0.14973322652666668,0.41683084,0.0,72
MZ,1915,cyclone,historical,0.15058860613888891,0.42784855,0.0,72
MZ,1916,cyclone,historical,0.1294783628673611,0.3398522,0.0,72
MZ,1917,cyclone,historical,0.12447301416333333,0.37944087,0.0,72
MZ,1918,cyclone,historical,0.13107017819166666,0.39265904,0.0,72
MZ,1919,cyclone,historical,0.16968865239305556,0.38399553,0.0,72
MZ,1920,cyclone,historical,0.14606088669305556,0.43369657,0.0,72
MZ,1921,cyclone,historical,0.14153487386666666,0.38030586,0.0,72
MZ,1922,cyclone,historical,0.10996387709444444,0.3151681,0.0,72
MZ,1923,cyclone,historical,0.17205065674583334,0.40296876,0.0,72
MZ,1924,cyclone,historical,0.14492489473611112,0.4237635,0.0,72
MZ,1925,cyclone,historical,0.13239017489444443,0.42905515,0.0,72
MZ,1926,cyclone,historical,0.13247658115972222,0.35032076,0.0,72
MZ,1927,cyclone,historical,0.17577963541152777,0.4566676,0.0,72
MZ,1928,cyclone,historical,0.15368776289166666,0.41397244,0.0,72
MZ,1929,cyclone,historical,0.13404651039861112,0.35933337,0.0,72
MZ,1930,cyclone,historical,0.12683520034555557,0.39786288,0.0,72
MZ,1931,cyclone,historical,0.16674744617916668,0.41963425,0.0,72
MZ,1932,cyclone,historical,0.18162006085,0.4690752,0.0,72
MZ,1933,cyclone,historical,0.14429962985972222,0.40239775,0.0,72
MZ,1934,cyclone,historical,0.13759806026666668,0.36398372,0.0,72
MZ,1935,cyclone,historical,0.1598013466,0.38015804,0.0,72
MZ,1936,cyclone,historical,0.1619972318763889,0.4472589,0.0,72
MZ,1937,cyclone,historical,0.1298192452222222,0.36217618,0.0,72
MZ,1938,cyclone,historical,0.1471169059638889,0.38322198,0.0,72
MZ,1939,cyclone,historical,0.1605003236111111,0.43148825,0.0,72
MZ,1940,cyclone,historical,0.14757916734374998,0.43780667,0.0,72
MZ,1941,cyclone,historical,0.11853018176586111,0.35888568,0.0,72
MZ,1942,cyclone,historical,0.13937075670833332,0.3773185,0.0,72
MZ,1943,cyclone,historical,0.15264385358333332,0.39586663,0.0,72
MZ,1944,cyclone,historical,0.14555148274166668,0.4393487,0.0,72
MZ,1945,cyclone,historical,0.13843133658333331,0.46211794,0.0,72
MZ,1946,cyclone,historical,0.15060414783333334,0.3715589,0.0,72
MZ,1947,cyclone,historical,0.1721623263611111,0.49193627,0.0,72
MZ,1948,cyclone,historical,0.16263817059027777,0.41898724,0.0,72
MZ,1949,cyclone,historical,0.1390152503263889,0.40567425,0.0,72
MZ,1950,cyclone,historical,0.12529344964722222,0.333293,0.0,72
MZ,1951,cyclone,historical,0.16266000206944445,0.38553238,0.0,72
MZ,1952,cyclone,historical,0.18556479550833335,0.43595392,0.0,72
MZ,1953,cyclone,historical,0.1273837508138889,0.37457278,0.0,72
MZ,1954,cyclone,historical,0.12551976965694445,0.36133814,0.0,72
MZ,1955,cyclone,historical,0.1486708715888889,0.4125737,0.0,72
MZ,1956,cyclone,historical,0.16290715019652777,0.4083977,0.0,72
MZ,1957,cyclone,historical,0.15832180365277776,0.41681248,0.0,72
MZ,1958,cyclone,historical,0.15353305843055554,0.412575,0.0,72
MZ,1959,cyclone,historical,0.13697956819444446,0.3802312,0.0,72
MZ,1960,cyclone,historical,0.1512477444736111,0.37046945,0.0,72
MZ,1961,cyclone,historical,0.18147449453333334,0.45664933,0.0,72
MZ,1962,cyclone,historical,0.16973407217083333,0.44950476,0.0,72
MZ,1963,cyclone,historical,0.10838331206805556,0.31296682,0.0,72
MZ,1964,cyclone,historical,0.13860075272916667,0.34719115,0.0,72
MZ,1965,cyclone,historical,0.17916412354166666,0.45218012,0.0,72
MZ,1966,cyclone,historical,0.12130599548750001,0.35749248,0.0,72
MZ,1967,cyclone,historical,0.11620528019444445,0.33854002,0.0,72
MZ,1968,cyclone,historical,0.18227382364583333,0.42429268,0.0,72
MZ,1969,cyclone,historical,0.17712504949305555,0.4189036,0.0,72
MZ,1970,cyclone,historical,0.16127099820555554,0.43674526,0.0,72
MZ,1971,cyclone,historical,0.13428836426805557,0.38490355,0.0,72
MZ,1972,cyclone,historical,0.13110024617222224,0.43875545,0.0,72
MZ,1973,cyclone,historical,0.16383544565170832,0.41763228,0.0,72
MZ,1974,cyclone,historical,0.16318930253194444,0.43119904,0.0,72
MZ,1975,cyclone,historical,0.13858286165,0.38309178,0.0,72
MZ,1976,cyclone,historical,0.13660886380833334,0.3707382,0.0,72
MZ,1977,cyclone,historical,0.16446764110833334,0.41168314,0.0,72
MZ,1978,cyclone,historical,0.15517454991944446,0.43387333,0.0,72
MZ,1979,cyclone,historical,0.14105358612361113,0.3881963,0.0,72
MZ,1980,cyclone,historical,0.17973234574208333,0.42351112,0.0,72
MZ,1981,cyclone,historical,0.1849633994263889,0.4800272,0.0,72
MZ,1982,cyclone,historical,0.1320945564125,0.4026246,0.0,72
MZ,1983,cyclone,historical,0.13256112279027776,0.39056093,0.0,72
MZ,1984,cyclone,historical,0.16780134127500002,0.37824118,0.0,72
MZ,1985,cyclone,historical,0.18482036901805554,0.45346606,0.0,72
MZ,1986,cyclone,historical,0.14663844104444446,0.37463185,0.0,72
MZ,1987,cyclone,historical,0.11886790644602778,0.35415903,0.0,72
MZ,1988,cyclone,historical,0.1676316562388889,0.43210223,0.0,72
MZ,1989,cyclone,historical,0.16693075725694442,0.4215919,0.0,72
MZ,1990,cyclone,historical,0.15709978789166668,0.40419108,0.0,72
MZ,1991,cyclone,historical,0.14738574569166665,0.4371338,0.0,72
MZ,1992,cyclone,historical,0.1297814240661389,0.35223773,0.0,72
MZ,1993,cyclone,historical,0.1436419525138889,0.4182638,0.0,72
MZ,1994,cyclone,historical,0.16955426966388887,0.44583583,0.0,72
MZ,1995,cyclone,historical,0.13460813670694444,0.4145719,0.0,72
MZ,1996,cyclone,historical,0.14298974920819446,0.38237834,0.0,72
MZ,1997,cyclone,historical,0.18681263720416666,0.44160956,0.0,72
MZ,1998,cyclone,historical,0.18032131239083332,0.46766216,0.0,72
MZ,1999,cyclone,historical,0.15962554643055554,0.40675682,0.0,72
MZ,2000,cyclone,historical,0.1519744588661111,0.4010385,0.0,72
MZ,2001,cyclone,historical,0.17086345375694445,0.419557,0.0,72
MZ,2002,cyclone,historical,0.19255202406944444,0.43676516,0.0,72
MZ,2003,cyclone,historical,0.17029690965,0.4201002,0.0,72
MZ,2004,cyclone,historical,0.14369123982777776,0.3763167,0.0,72
MZ,2005,cyclone,historical,0.15428480106111112,0.44331583,0.0,72
MZ,2006,cyclone,historical,0.17656420741666667,0.44468427,0.0,72
MZ,2007,cyclone,historical,0.18223647643055557,0.4797837,0.0,72
MZ,2008,cyclone,historical,0.1845418062013889,0.47695056,0.0,72
MZ,2009,cyclone,historical,0.18602787273194443,0.4235761,0.0,72
MZ,2010,cyclone,historical,0.18979966036638887,0.4713519,0.0,72
MZ,2011,cyclone,historical,0.18902453433333333,0.4918223,0.0,72
MZ,2012,cyclone,historical,0.15689167026944445,0.40339065,0.0,72
MZ,2013,cyclone,historical,0.15660589052777776,0.4202292,0.0,72
MZ,2014,cyclone,historical,0.20410967738472222,0.49643368,0.0,72
NA,1850,cyclone,historical,0.012161240996666666,0.0674758,0.0,120
NA,1851,cyclone,historical,0.011865035542416667,0.07621675,0.0,120
NA,1852,cyclone,historical,0.010537025191666667,0.07045547,0.0,120
NA,1853,cyclone,historical,0.011074999465833334,0.06528793,0.0,120
NA,1854,cyclone,historical,0.014602094495583333,0.093099326,0.0,120
NA,1855,cyclone,historical,0.013011782595233333,0.08659365,0.0,120
NA,1856,cyclone,historical,0.009951611237833334,0.07739168,0.0,120
NA,1857,cyclone,historical,0.010046386914,0.066993035,0.0,120
NA,1858,cyclone,historical,0.011832138775833334,0.088671595,0.0,120
NA,1859,cyclone,historical,0.010920403841666667,0.06236792,0.0,120
NA,1860,cyclone,historical,0.013262844252,0.0758233,0.0,120
NA,1861,cyclone,historical,0.01114659321525,0.073610805,0.0,120
NA,1862,cyclone,historical,0.009786164656666667,0.07498354,0.0,120
NA,1863,cyclone,historical,0.011433837805250001,0.06607925,0.0,120
NA,1864,cyclone,historical,0.01247524149125,0.07325771,0.0,120
NA,1865,cyclone,historical,0.013887723943333334,0.10560748,0.0,120
NA,1866,cyclone,historical,0.012172052815833334,0.0709709,0.0,120
NA,1867,cyclone,historical,0.012042914411666666,0.070283316,0.0,120
NA,1868,cyclone,historical,0.012522934878783334,0.066231616,0.0,120
NA,1869,cyclone,historical,0.014290742615916667,0.108174056,0.0,120
NA,1870,cyclone,historical,0.013123459351,0.07010946,0.0,120
NA,1871,cyclone,historical,0.013043395334166668,0.07189946,0.0,120
NA,1872,cyclone,historical,0.013221631627,0.068807304,0.0,120
NA,1873,cyclone,historical,0.016966679109583334,0.10760132,0.0,120
NA,1874,cyclone,historical,0.019485146941666667,0.2189269,0.0,120
NA,1875,cyclone,historical,0.010806492423175,0.07381203,0.0,120
NA,1876,cyclone,historical,0.01533363747,0.12679149,0.0,120
NA,1877,cyclone,historical,0.016353198140083333,0.11228229,0.0,120
NA,1878,cyclone,historical,0.01542629579575,0.13364303,0.0,120
NA,1879,cyclone,historical,0.013154223135833334,0.11150263,0.0,120
NA,1880,cyclone,historical,0.011120927240058334,0.09776698,0.0,120
NA,1881,cyclone,historical,0.0111728518795,0.06832183,0.0,120
NA,1882,cyclone,historical,0.0141993478675,0.11004188,0.0,120
NA,1883,cyclone,historical,0.015328558774,0.097184956,0.0,120
NA,1884,cyclone,historical,0.0125829001605,0.09820014,0.0,120
NA,1885,cyclone,historical,0.007781405252833333,0.051516313,0.0,120
NA,1886,cyclone,historical,0.01042073397425,0.067955814,0.0,120
NA,1887,cyclone,historical,0.013246598487916667,0.07645947,0.0,120
NA,1888,cyclone,historical,0.011784218263133334,0.07588777,0.0,120
NA,1889,cyclone,historical,0.012686053345666666,0.081267655,0.0,120
NA,1890,cyclone,historical,0.011334911540833333,0.06256998,0.0,120
NA,1891,cyclone,historical,0.011152985363083335,0.09504045,0.0,120
NA,1892,cyclone,historical,0.010129386612416667,0.07589821,0.0,120
NA,1893,cyclone,historical,0.012106423541666666,0.078931324,0.0,120
NA,1894,cyclone,historical,0.0108150381705,0.06257791,0.0,120
NA,1895,cyclone,historical,0.016352493001916667,0.14656198,0.0,120
NA,1896,cyclone,historical,0.011269418154583332,0.07417815,0.0,120
NA,1897,cyclone,historical,0.011269349117499999,0.086071745,0.0,120
NA,1898,cyclone,historical,0.010222870139666666,0.093689896,0.0,120
NA,1899,cyclone,historical,0.012218472390833334,0.0855149,0.0,120
NA,1900,cyclone,historical,0.011980207945833333,0.08520108,0.0,120
NA,1901,cyclone,historical,0.011654960703333333,0.10147169,0.0,120
NA,1902,cyclone,historical,0.013504024317083333,0.12336204,0.0,120
NA,1903,cyclone,historical,0.011001488594166667,0.07044612,0.0,120
NA,1904,cyclone,historical,0.013179258832666666,0.069788784,0.0,120
NA,1905,cyclone,historical,0.012439203265833334,0.09782094,0.0,120
NA,1906,cyclone,historical,0.014771364406166667,0.11834754,0.0,120
NA,1907,cyclone,historical,0.013581539096833333,0.097284816,0.0,120
NA,1908,cyclone,historical,0.012493602435833332,0.098227635,0.0,120
NA,1909,cyclone,historical,0.010364015868916667,0.06276051,0.0,120
NA,1910,cyclone,historical,0.009195566070333333,0.059362914,0.0,120
NA,1911,cyclone,historical,0.009524576283666668,0.06651976,0.0,120
NA,1912,cyclone,historical,0.014005344337666667,0.10435311,0.0,120
NA,1913,cyclone,historical,0.012697503315583333,0.084596545,0.0,120
NA,1914,cyclone,historical,0.012565800894166668,0.08084331,0.0,120
NA,1915,cyclone,historical,0.012591599143333333,0.080324136,0.0,120
NA,1916,cyclone,historical,0.013892738848,0.07581862,0.0,120
NA,1917,cyclone,historical,0.01213417864875,0.10602213,0.0,120
NA,1918,cyclone,historical,0.01629165971,0.18182279,0.0,120
NA,1919,cyclone,historical,0.013873249778333334,0.11701083,0.0,120
NA,1920,cyclone,historical,0.013797964894166665,0.07358688,0.0,120
NA,1921,cyclone,historical,0.01278189023975,0.08860502,0.0,120
NA,1922,cyclone,historical,0.013607700183166668,0.13411684,0.0,120
NA,1923,cyclone,historical,0.01214744620975,0.08058144,0.0,120
NA,1924,cyclone,historical,0.01123932167075,0.06764893,0.0,120
NA,1925,cyclone,historical,0.013647244466083334,0.11601243,0.0,120
NA,1926,cyclone,historical,0.011094648054583333,0.091379434,0.0,120
NA,1927,cyclone,historical,0.012907651388333333,0.075511016,0.0,120
NA,1928,cyclone,historical,0.014327910338333333,0.09115116,0.0,120
NA,1929,cyclone,historical,0.01395841088,0.10885707,0.0,120
NA,1930,cyclone,historical,0.01209878190975,0.103460215,0.0,120
NA,1931,cyclone,historical,0.01373443565,0.07930906,0.0,120
NA,1932,cyclone,historical,0.011291819216833334,0.07440647,0.0,120
NA,1933,cyclone,historical,0.014328009016416668,0.076525986,0.0,120
NA,1934,cyclone,historical,0.012448138251083334,0.0840542,0.0,120
NA,1935,cyclone,historical,0.012342265775583334,0.071819104,0.0,120
NA,1936,cyclone,historical,0.011567965103833334,0.05809759,0.0,120
NA,1937,cyclone,historical,0.010571268121916666,0.057409633,0.0,120
NA,1938,cyclone,historical,0.012269124119166667,0.07805843,0.0,120
NA,1939,cyclone,historical,0.011443983300833334,0.06437739,0.0,120
NA,1940,cyclone,historical,0.012527302949166668,0.07138177,0.0,120
NA,1941,cyclone,historical,0.017221212630416666,0.13884576,0.0,120
NA,1942,cyclone,historical,0.012770543356566666,0.088053636,0.0,120
NA,1943,cyclone,historical,0.014203569332058333,0.14010215,0.0,120
NA,1944,cyclone,historical,0.013239219003666668,0.08150948,0.0,120
NA,1945,cyclone,historical,0.015932642603333335,0.14539164,0.0,120
NA,1946,cyclone,historical,0.0119198072875,0.0888074,0.0,120
NA,1947,cyclone,historical,0.011860937639166668,0.070541576,0.0,120
NA,1948,cyclone,historical,0.013232301005375001,0.10583597,0.0,120
NA,1949,cyclone,historical,0.01311386426,0.11454948,0.0,120
NA,1950,cyclone,historical,0.012987964056833333,0.096831754,0.0,120
NA,1951,cyclone,historical,0.013040905244149999,0.10796082,0.0,120
NA,1952,cyclone,historical,0.011128349467583334,0.072002545,0.0,120
NA,1953,cyclone,historical,0.010802515598416666,0.08904119,0.0,120
NA,1954,cyclone,historical,0.011499682840833332,0.1004543,0.0,120
NA,1955,cyclone,historical,0.010062606445,0.10194811,0.0,120
NA,1956,cyclone,historical,0.010236365804166668,0.060877483,0.0,120
NA,1957,cyclone,historical,0.0158197228625,0.12931564,0.0,120
NA,1958,cyclone,historical,0.012687458452083333,0.098590836,0.0,120
NA,1959,cyclone,historical,0.011434626378416666,0.09666904,0.0,120
NA,1960,cyclone,historical,0.011461180260833334,0.10943555,0.0,120
NA,1961,cyclone,historical,0.01593686750425,0.106737375,0.0,120
NA,1962,cyclone,historical,0.017289305342999998,0.1352282,0.0,120
NA,1963,cyclone,historical,0.011225361518,0.07933776,0.0,120
NA,1964,cyclone,historical,0.011609708411166668,0.063541405,0.0,120
NA,1965,cyclone,historical,0.012169523831375002,0.073738195,0.0,120
NA,1966,cyclone,historical,0.012918882464499999,0.09057057,0.0,120
NA,1967,cyclone,historical,0.010846977348333333,0.069751784,0.0,120
NA,1968,cyclone,historical,0.011999601591166666,0.08216741,0.0,120
NA,1969,cyclone,historical,0.008667157984399999,0.061288092,0.0,120
NA,1970,cyclone,historical,0.013507936196833333,0.093466505,0.0,120
NA,1971,cyclone,historical,0.0156654821845,0.08904501,0.0,120
NA,1972,cyclone,historical,0.012938895309041666,0.069431126,0.0,120
NA,1973,cyclone,historical,0.014396479018666667,0.1306423,0.0,120
NA,1974,cyclone,historical,0.01224040624,0.08251578,0.0,120
NA,1975,cyclone,historical,0.012203895191666668,0.098240316,0.0,120
NA,1976,cyclone,historical,0.014230163182083333,0.110176936,0.0,120
NA,1977,cyclone,historical,0.014981788181416666,0.12028869,0.0,120
NA,1978,cyclone,historical,0.011635806561833334,0.08289129,0.0,120
NA,1979,cyclone,historical,0.011805575417083332,0.06725769,0.0,120
NA,1980,cyclone,historical,0.012134235533583334,0.064692795,0.0,120
NA,1981,cyclone,historical,0.015233240476383332,0.093998276,0.0,120
NA,1982,cyclone,historical,0.012980503250733333,0.081480265,0.0,120
NA,1983,cyclone,historical,0.012454423988583334,0.068104565,0.0,120
NA,1984,cyclone,historical,0.011689041451583334,0.081992686,0.0,120
NA,1985,cyclone,historical,0.014363242512708334,0.10952765,0.0,120
NA,1986,cyclone,historical,0.011288867490916668,0.08440155,0.0,120
NA,1987,cyclone,historical,0.014319725531625,0.108556256,0.0,120
NA,1988,cyclone,historical,0.010910097412499998,0.06586986,0.0,120
NA,1989,cyclone,historical,0.011298049534666668,0.070687264,0.0,120
NA,1990,cyclone,historical,0.014903871707,0.08401177,0.0,120
NA,1991,cyclone,historical,0.014251062710833333,0.14932187,0.0,120
NA,1992,cyclone,historical,0.011033156432383333,0.06300333,0.0,120
NA,1993,cyclone,historical,0.013516913367,0.12477391,0.0,120
NA,1994,cyclone,historical,0.014772929592,0.094780564,0.0,120
NA,1995,cyclone,historical,0.014776325930666667,0.13345022,0.0,120
NA,1996,cyclone,historical,0.013868940071333333,0.13806513,0.0,120
NA,1997,cyclone,historical,0.011889833696083334,0.08018671,0.0,120
NA,1998,cyclone,historical,0.010728839201999999,0.09493756,0.0,120
NA,1999,cyclone,historical,0.012590662965833332,0.119924664,0.0,120
NA,2000,cyclone,historical,0.013785035798583334,0.14742821,0.0,120
NA,2001,cyclone,historical,0.015242614576333333,0.12358236,0.0,120
NA,2002,cyclone,historical,0.014675290890083332,0.15998955,0.0,120
NA,2003,cyclone,historical,0.012853855707916667,0.11059165,0.0,120
NA,2004,cyclone,historical,0.014789763641916667,0.10968874,0.0,120
NA,2005,cyclone,historical,0.014919795442833334,0.09938705,0.0,120
NA,2006,cyclone,historical,0.018624810179166666,0.15660319,0.0,120
NA,2007,cyclone,historical,0.014850519966416667,0.15856573,0.0,120
NA,2008,cyclone,historical,0.0125925091155,0.098746814,0.0,120
NA,2009,cyclone,historical,0.011797311665,0.08480217,0.0,120
NA,2010,cyclone,historical,0.015276137553416667,0.101795666,0.0,120
NA,2011,cyclone,historical,0.0120893473225,0.09963771,0.0,120
NA,2012,cyclone,historical,0.016489606381166665,0.1849596,0.0,120
NA,2013,cyclone,historical,0.013435820140333335,0.15611827,0.0,120
NA,2014,cyclone,historical,0.015032953093241668,0.09958079,0.0,120
NC,1850,cyclone,historical,0.03989963333357143,0.23962569,0.0,84
NC,1851,cyclone,historical,0.05135491486731666,0.2665745,0.0,84
NC,1852,cyclone,historical,0.04619229464333333,0.29408202,0.0,84
NC,1853,cyclone,historical,0.03540946994166667,0.26024202,0.0,84
NC,1854,cyclone,historical,0.05783662069576191,0.3421225,0.0,84
NC,1855,cyclone,historical,0.04733454165167857,0.29454392,0.0,84
NC,1856,cyclone,historical,0.0372944350322619,0.28789502,0.0,84
NC,1857,cyclone,historical,0.050315389823333334,0.27257264,0.0,84
NC,1858,cyclone,historical,0.05649262723726191,0.29822677,0.0,84
NC,1859,cyclone,historical,0.0703874242392857,0.35095453,0.0,84
NC,1860,cyclone,historical,0.05664225891071428,0.26653385,0.0,84
NC,1861,cyclone,historical,0.05407496716309524,0.32091457,0.0,84
NC,1862,cyclone,historical,0.04617076330357143,0.2937114,0.0,84
NC,1863,cyclone,historical,0.04319203960094048,0.2920725,0.0,84
NC,1864,cyclone,historical,0.05683338238297619,0.32451376,0.0,84
NC,1865,cyclone,historical,0.046383167673619045,0.24985005,0.0,84
NC,1866,cyclone,historical,0.04646465518214286,0.2856666,0.0,84
NC,1867,cyclone,historical,0.04154698316404762,0.2681675,0.0,84
NC,1868,cyclone,historical,0.05156532068404762,0.2988305,0.0,84
NC,1869,cyclone,historical,0.0478595715202381,0.32182497,0.0,84
NC,1870,cyclone,historical,0.053068960015357144,0.28353077,0.0,84
NC,1871,cyclone,historical,0.046540535049285715,0.26932055,0.0,84
NC,1872,cyclone,historical,0.03977642274047619,0.29298213,0.0,84
NC,1873,cyclone,historical,0.043088896417857146,0.25362748,0.0,84
NC,1874,cyclone,historical,0.06701656449678571,0.31881142,0.0,84
NC,1875,cyclone,historical,0.039475677865833336,0.23812047,0.0,84
NC,1876,cyclone,historical,0.06785496686190476,0.31968287,0.0,84
NC,1877,cyclone,historical,0.06679787829295239,0.30331874,0.0,84
NC,1878,cyclone,historical,0.06945154446904762,0.29677743,0.0,84
NC,1879,cyclone,historical,0.0509289861612619,0.32001817,0.0,84
NC,1880,cyclone,historical,0.04146080456142857,0.28958946,0.0,84
NC,1881,cyclone,historical,0.053602579295238095,0.3406065,0.0,84
NC,1882,cyclone,historical,0.06976425450357142,0.3454234,0.0,84
NC,1883,cyclone,historical,0.06067338947499999,0.30843866,0.0,84
NC,1884,cyclone,historical,0.035021701256964285,0.28570983,0.0,84
NC,1885,cyclone,historical,0.037341439808333335,0.27772343,0.0,84
NC,1886,cyclone,historical,0.045986101783238094,0.29707855,0.0,84
NC,1887,cyclone,historical,0.06658832245714286,0.3563438,0.0,84
NC,1888,cyclone,historical,0.0458511647902381,0.2657718,0.0,84
NC,1889,cyclone,historical,0.05513672983678571,0.35276264,0.0,84
NC,1890,cyclone,historical,0.04834466285809523,0.32237172,0.0,84
NC,1891,cyclone,historical,0.03611715397916667,0.27070284,0.0,84
NC,1892,cyclone,historical,0.04737336618885714,0.2849738,0.0,84
NC,1893,cyclone,historical,0.06813220514044047,0.33961818,0.0,84
NC,1894,cyclone,historical,0.05107097186119048,0.3160758,0.0,84
NC,1895,cyclone,historical,0.04325209018809524,0.27588528,0.0,84
NC,1896,cyclone,historical,0.05158046750119048,0.2988377,0.0,84
NC,1897,cyclone,historical,0.055118196098928575,0.29071453,0.0,84
NC,1898,cyclone,historical,0.042480862403988094,0.2913103,0.0,84
NC,1899,cyclone,historical,0.039858559607499996,0.27757895,0.0,84
NC,1900,cyclone,historical,0.03899037993619048,0.2954205,0.0,84
NC,1901,cyclone,historical,0.04539565267892857,0.28784135,0.0,84
NC,1902,cyclone,historical,0.04744180518761905,0.3084661,0.0,84
NC,1903,cyclone,historical,0.04697286115952381,0.29955518,0.0,84
NC,1904,cyclone,historical,0.053029197646071426,0.25279814,0.0,84
NC,1905,cyclone,historical,0.057020767344047624,0.3320646,0.0,84
NC,1906,cyclone,historical,0.05392820829642857,0.32543305,0.0,84
NC,1907,cyclone,historical,0.04511561651297619,0.2771641,0.0,84
NC,1908,cyclone,historical,0.057552936860119044,0.31928113,0.0,84
NC,1909,cyclone,historical,0.05697403723011905,0.30344653,0.0,84
NC,1910,cyclone,historical,0.06054458317559524,0.31578234,0.0,84
NC,1911,cyclone,historical,0.05299475162309524,0.294125,0.0,84
NC,1912,cyclone,historical,0.045129375568488096,0.3287117,0.0,84
NC,1913,cyclone,historical,0.04620991770595238,0.2873982,0.0,84
NC,1914,cyclone,historical,0.04334869690833333,0.29028565,0.0,84
NC,1915,cyclone,historical,0.05335122604238095,0.311736,0.0,84
NC,1916,cyclone,historical,0.05010750924166666,0.33720672,0.0,84
NC,1917,cyclone,historical,0.04430670748833333,0.2675613,0.0,84
NC,1918,cyclone,historical,0.04684148192933334,0.29162684,0.0,84
NC,1919,cyclone,historical,0.05079581269404762,0.2873934,0.0,84
NC,1920,cyclone,historical,0.05662511475523809,0.3189618,0.0,84
NC,1921,cyclone,historical,0.05847303075571429,0.28132778,0.0,84
NC,1922,cyclone,historical,0.06483710323238095,0.31161872,0.0,84
NC,1923,cyclone,historical,0.05831353114333333,0.31902063,0.0,84
NC,1924,cyclone,historical,0.07040217290309524,0.32512528,0.0,84
NC,1925,cyclone,historical,0.06680621218940476,0.33059892,0.0,84
NC,1926,cyclone,historical,0.06178092851678571,0.29953423,0.0,84
NC,1927,cyclone,historical,0.05114876799642857,0.30383033,0.0,84
NC,1928,cyclone,historical,0.07765228131690477,0.32332805,0.0,84
NC,1929,cyclone,historical,0.07358847468095238,0.32760793,0.0,84
NC,1930,cyclone,historical,0.052931507748809524,0.29644626,0.0,84
NC,1931,cyclone,historical,0.041584396369047615,0.27373213,0.0,84
NC,1932,cyclone,historical,0.058052101462380955,0.32075837,0.0,84
NC,1933,cyclone,historical,0.05883486593857143,0.33482444,0.0,84
NC,1934,cyclone,historical,0.038457050894880954,0.2989365,0.0,84
NC,1935,cyclone,historical,0.035732848230119046,0.2585805,0.0,84
NC,1936,cyclone,historical,0.06369616555523809,0.3127619,0.0,84
NC,1937,cyclone,historical,0.05623641997857143,0.29100817,0.0,84
NC,1938,cyclone,historical,0.038572570951309525,0.26799756,0.0,84
NC,1939,cyclone,historical,0.06550201726380953,0.28335997,0.0,84
NC,1940,cyclone,historical,0.06590199568988095,0.33909464,0.0,84
NC,1941,cyclone,historical,0.06929337649083334,0.32473522,0.0,84
NC,1942,cyclone,historical,0.0430584926547619,0.27120143,0.0,84
NC,1943,cyclone,historical,0.061299851793375,0.3377213,0.0,84
NC,1944,cyclone,historical,0.032563997050238096,0.26225948,0.0,84
NC,1945,cyclone,historical,0.06757302754559523,0.35147262,0.0,84
NC,1946,cyclone,historical,0.061162227579761905,0.362388,0.0,84
NC,1947,cyclone,historical,0.05753167699523809,0.3171001,0.0,84
NC,1948,cyclone,historical,0.05546406620678571,0.33868498,0.0,84
NC,1949,cyclone,historical,0.08325118609547619,0.344984,0.0,84
NC,1950,cyclone,historical,0.055214344212499995,0.3435521,0.0,84
NC,1951,cyclone,historical,0.03299775743154762,0.2736354,0.0,84
NC,1952,cyclone,historical,0.06330875988988095,0.3045351,0.0,84
NC,1953,cyclone,historical,0.05710581468011905,0.32213402,0.0,84
NC,1954,cyclone,historical,0.06867267555119047,0.34974602,0.0,84
NC,1955,cyclone,historical,0.047058706431666666,0.2804073,0.0,84
NC,1956,cyclone,historical,0.05452036858047619,0.31492347,0.0,84
NC,1957,cyclone,historical,0.06228627441059524,0.29906625,0.0,84
NC,1958,cyclone,historical,0.06670291865238095,0.3690825,0.0,84
NC,1959,cyclone,historical,0.06045486929761905,0.31296116,0.0,84
NC,1960,cyclone,historical,0.03985325705321428,0.29774505,0.0,84
NC,1961,cyclone,historical,0.06543400337142857,0.3015411,0.0,84
NC,1962,cyclone,historical,0.0659883939845238,0.30677527,0.0,84
NC,1963,cyclone,historical,0.0712215956177381,0.31183818,0.0,84
NC,1964,cyclone,historical,0.05265664314880952,0.2960209,0.0,84
NC,1965,cyclone,historical,0.05716940699460714,0.30048138,0.0,84
NC,1966,cyclone,historical,0.07058632249897619,0.3303972,0.0,84
NC,1967,cyclone,historical,0.05674605204654762,0.32243714,0.0,84
NC,1968,cyclone,historical,0.040596197779999996,0.2595466,0.0,84
NC,1969,cyclone,historical,0.03959904989238096,0.28062156,0.0,84
NC,1970,cyclone,historical,0.05526718793911905,0.28985965,0.0,84
NC,1971,cyclone,historical,0.06569823560714286,0.32263067,0.0,84
NC,1972,cyclone,historical,0.0460895532675,0.3160685,0.0,84
NC,1973,cyclone,historical,0.06050979202738095,0.33249056,0.0,84
NC,1974,cyclone,historical,0.053415971943214284,0.30507317,0.0,84
NC,1975,cyclone,historical,0.05489566833020239,0.32972515,0.0,84
NC,1976,cyclone,historical,0.057564165642500005,0.3223205,0.0,84
NC,1977,cyclone,historical,0.06546528550145833,0.3220958,0.0,84
NC,1978,cyclone,historical,0.06056594257142857,0.32280856,0.0,84
NC,1979,cyclone,historical,0.050507820706130954,0.33317068,0.0,84
NC,1980,cyclone,historical,0.04177946416547619,0.26899087,0.0,84
NC,1981,cyclone,historical,0.05583018607178572,0.2978273,0.0,84
NC,1982,cyclone,historical,0.06913760264297619,0.36563066,0.0,84
NC,1983,cyclone,historical,0.05979407532428572,0.2823919,0.0,84
NC,1984,cyclone,historical,0.04113133126785714,0.27854973,0.0,84
NC,1985,cyclone,historical,0.07051062604761904,0.318217,0.0,84
NC,1986,cyclone,historical,0.07583209165309523,0.34026507,0.0,84
NC,1987,cyclone,historical,0.07570691831666666,0.3386262,0.0,84
NC,1988,cyclone,historical,0.05715277308535714,0.37612855,0.0,84
NC,1989,cyclone,historical,0.04799810283214286,0.30496114,0.0,84
NC,1990,cyclone,historical,0.07895019834761904,0.35015884,0.0,84
NC,1991,cyclone,historical,0.06461014996011905,0.3167457,0.0,84
NC,1992,cyclone,historical,0.050501913375,0.29398385,0.0,84
NC,1993,cyclone,historical,0.050110027132142854,0.2844425,0.0,84
NC,1994,cyclone,historical,0.07538432837678571,0.34249008,0.0,84
NC,1995,cyclone,historical,0.07204957598809524,0.3729338,0.0,84
NC,1996,cyclone,historical,0.05724969008571429,0.35067564,0.0,84
NC,1997,cyclone,historical,0.04586660400773809,0.29395565,0.0,84
NC,1998,cyclone,historical,0.06475065959916666,0.31099176,0.0,84
NC,1999,cyclone,historical,0.07607346697416666,0.3714927,0.0,84
NC,2000,cyclone,historical,0.06382552450040475,0.3775768,0.0,84
NC,2001,cyclone,historical,0.04470664882738095,0.27509227,0.0,84
NC,2002,cyclone,historical,0.09925834788511906,0.3701936,0.0,84
NC,2003,cyclone,historical,0.09192977872309524,0.39296514,0.0,84
NC,2004,cyclone,historical,0.07748579114285714,0.39653122,0.0,84
NC,2005,cyclone,historical,0.05870397520630953,0.3142321,0.0,84
NC,2006,cyclone,historical,0.06757230889285715,0.3238309,0.0,84
NC,2007,cyclone,historical,0.06440807893095238,0.3557234,0.0,84
NC,2008,cyclone,historical,0.07540144050595238,0.3527315,0.0,84
NC,2009,cyclone,historical,0.047175434717857144,0.317104,0.0,84
NC,2010,cyclone,historical,0.08401093362619047,0.32721633,0.0,84
NC,2011,cyclone,historical,0.089958935994,0.42458305,0.0,84
NC,2012,cyclone,historical,0.074889641475,0.32070187,0.0,84
NC,2013,cyclone,historical,0.05862325112738095,0.33874688,0.0,84
NC,2014,cyclone,historical,0.08096241918928572,0.3598414,0.0,84
NF,1850,cyclone,historical,0.0013849202944444445,0.020660661,0.0,72
NF,1851,cyclone,historical,0.0018018635531944444,0.03217744,0.0,72
NF,1852,cyclone,historical,0.00012127650305555557,0.005589938,0.0,72
NF,1853,cyclone,historical,1.2595165277777777e-05,0.0009068519,0.0,72
NF,1854,cyclone,historical,0.003249096875,0.058768712,0.0,72
NF,1855,cyclone,historical,0.011455425378888889,0.06819002,0.0,72
NF,1856,cyclone,historical,0.00029436742500000006,0.0192808,0.0,72
NF,1857,cyclone,historical,0.0005160882013888889,0.027598217,0.0,72
NF,1858,cyclone,historical,0.0013230628541666667,0.038163602,0.0,72
NF,1859,cyclone,historical,0.0015196053194444442,0.01937547,0.0,72
NF,1860,cyclone,historical,0.006706604688055556,0.07396719,0.0,72
NF,1861,cyclone,historical,0.0027710036968055557,0.044265013,0.0,72
NF,1862,cyclone,historical,0.0017374886124999999,0.054909527,0.0,72
NF,1863,cyclone,historical,0.00046810100597222224,0.01739902,0.0,72
NF,1864,cyclone,historical,0.005796139251388889,0.09207666,0.0,72
NF,1865,cyclone,historical,0.005208282586527778,0.06344127,0.0,72
NF,1866,cyclone,historical,0.004026794589861111,0.058965363,0.0,72
NF,1867,cyclone,historical,0.000995925891111111,0.021893349,0.0,72
NF,1868,cyclone,historical,0.0019585068375000004,0.03798279,0.0,72
NF,1869,cyclone,historical,0.0008544601791666667,0.01806383,0.0,72
NF,1870,cyclone,historical,0.004739740106666667,0.060159367,0.0,72
NF,1871,cyclone,historical,0.0008739699352777778,0.03424278,0.0,72
NF,1872,cyclone,historical,0.0006360239583333334,0.031998605,0.0,72
NF,1873,cyclone,historical,0.0004131133333333334,0.016974103,0.0,72
NF,1874,cyclone,historical,0.0047288045280555555,0.025450742,0.0,72
NF,1875,cyclone,historical,0.0006343205386111111,0.024905063,0.0,72
NF,1876,cyclone,historical,0.0020715860958333333,0.030134674,0.0,72
NF,1877,cyclone,historical,0.0010826455894444446,0.025721874,0.0,72
NF,1878,cyclone,historical,0.012111000230555556,0.11308922,0.0,72
NF,1879,cyclone,historical,0.004642074136111111,0.060001608,0.0,72
NF,1880,cyclone,historical,5.5832000000000003e-05,0.004019904,0.0,72
NF,1881,cyclone,historical,0.00013246878194444445,0.0065786773,0.0,72
NF,1882,cyclone,historical,0.00183153403875,0.02290437,0.0,72
NF,1883,cyclone,historical,0.008920017872222222,0.07082413,0.0,72
NF,1884,cyclone,historical,0.00041584677305555554,0.011363877,0.0,72
NF,1885,cyclone,historical,0.001225194238888889,0.032517776,0.0,72
NF,1886,cyclone,historical,0.00042794121666666664,0.019225078,0.0,72
NF,1887,cyclone,historical,0.0036281439652777778,0.05232176,0.0,72
NF,1888,cyclone,historical,0.00512921857888889,0.07843283,0.0,72
NF,1889,cyclone,historical,0.002173358147638889,0.030512579,0.0,72
NF,1890,cyclone,historical,0.0003153136055555556,0.008125378,0.0,72
NF,1891,cyclone,historical,6.951743333333332e-05,0.0043515223,0.0,72
NF,1892,cyclone,historical,0.002588512463888889,0.03125816,0.0,72
NF,1893,cyclone,historical,0.0012900232558333334,0.015303024,0.0,72
NF,1894,cyclone,historical,0.0017936544698611114,0.0351187,0.0,72
NF,1895,cyclone,historical,0.0004552820508055555,0.024321837,0.0,72
NF,1896,cyclone,historical,0.0007360782263888889,0.0295906,0.0,72
NF,1897,cyclone,historical,0.0010583465355555556,0.02045833,0.0,72
NF,1898,cyclone,historical,0.002999270638888889,0.060290653,0.0,72
NF,1899,cyclone,historical,7.764616111111111e-05,0.0055905236,0.0,72
NF,1900,cyclone,historical,5.213655277777778e-05,0.0037538318,0.0,72
NF,1901,cyclone,historical,0.001207726332361111,0.034452535,0.0,72
NF,1902,cyclone,historical,0.0006597711208333333,0.013048565,0.0,72
NF,1903,cyclone,historical,0.0005240118263888889,0.013070607,0.0,72
NF,1904,cyclone,historical,0.0034962348870833334,0.04497823,0.0,72
NF,1905,cyclone,historical,0.0056628234263888895,0.09711149,0.0,72
NF,1906,cyclone,historical,0.002603430119861111,0.024525912,0.0,72
NF,1907,cyclone,historical,0.00017707503833333334,0.010257664,0.0,72
NF,1908,cyclone,historical,0.0006031598583333334,0.021256315,0.0,72
NF,1909,cyclone,historical,0.0015230407469444445,0.024057373,0.0,72
NF,1910,cyclone,historical,0.0013531537715277776,0.034079205,0.0,72
NF,1911,cyclone,historical,0.005136892142499999,0.06546811,0.0,72
NF,1912,cyclone,historical,0.00010482463477777778,0.0037065577,0.0,72
NF,1913,cyclone,historical,0.003378467984722222,0.05578287,0.0,72
NF,1914,cyclone,historical,0.00012820278680555555,0.0050172647,0.0,72
NF,1915,cyclone,historical,0.0030527368248750002,0.06907205,0.0,72
NF,1916,cyclone,historical,0.0009094519344444445,0.018170534,0.0,72
NF,1917,cyclone,historical,0.0008617377045833334,0.018812109,0.0,72
NF,1918,cyclone,historical,0.0011644511087499998,0.020001385,0.0,72
NF,1919,cyclone,historical,0.0008928746069444445,0.01899572,0.0,72
NF,1920,cyclone,historical,0.0036330744065277776,0.077941395,0.0,72
NF,1921,cyclone,historical,0.006747787609722222,0.07957632,0.0,72
NF,1922,cyclone,historical,0.006102247563888889,0.058567658,0.0,72
NF,1923,cyclone,historical,0.0008720595923611112,0.027302265,0.0,72
NF,1924,cyclone,historical,0.004099784308611111,0.044523805,0.0,72
NF,1925,cyclone,historical,0.004466777941666666,0.05204435,0.0,72
NF,1926,cyclone,historical,0.0027355619008333333,0.05158894,0.0,72
NF,1927,cyclone,historical,0.0014407408458333333,0.048476506,0.0,72
NF,1928,cyclone,historical,0.004571319837500001,0.078721434,0.0,72
NF,1929,cyclone,historical,0.009416279783194445,0.08965515,0.0,72
NF,1930,cyclone,historical,0.005130891869444445,0.067040585,0.0,72
NF,1931,cyclone,historical,0.0,0.0,0.0,72
NF,1932,cyclone,historical,0.0017030735729166666,0.051429063,0.0,72
NF,1933,cyclone,historical,0.0018742344266666666,0.031793255,0.0,72
NF,1934,cyclone,historical,0.002455550534722222,0.064531006,0.0,72
NF,1935,cyclone,historical,0.0010118415319444445,0.057745147,0.0,72
NF,1936,cyclone,historical,0.00549075043,0.069441065,0.0,72
NF,1937,cyclone,historical,0.002951424542638889,0.055054575,0.0,72
NF,1938,cyclone,historical,0.0003293765138888889,0.023715109,0.0,72
NF,1939,cyclone,historical,0.004556148753333333,0.073923506,0.0,72
NF,1940,cyclone,historical,0.0003475619425,0.010687454,0.0,72
NF,1941,cyclone,historical,0.003614284124583334,0.03928238,0.0,72
NF,1942,cyclone,historical,0.0002790314856944444,0.014700077,0.0,72
NF,1943,cyclone,historical,0.003972937651249999,0.066613734,0.0,72
NF,1944,cyclone,historical,0.0002909388388888889,0.010939211,0.0,72
NF,1945,cyclone,historical,0.0013711864751388889,0.039227217,0.0,72
NF,1946,cyclone,historical,0.002709951336527778,0.054362215,0.0,72
NF,1947,cyclone,historical,0.008103509991666667,0.1162787,0.0,72
NF,1948,cyclone,historical,0.0008438055655555555,0.024456905,0.0,72
NF,1949,cyclone,historical,0.008824357306944444,0.0979273,0.0,72
NF,1950,cyclone,historical,0.005015241393194444,0.050740544,0.0,72
NF,1951,cyclone,historical,2.6331970833333334e-05,0.0018959019,0.0,72
NF,1952,cyclone,historical,0.005030568792916666,0.08218977,0.0,72
NF,1953,cyclone,historical,0.0062248675305555555,0.11879651,0.0,72
NF,1954,cyclone,historical,0.0034113461375,0.04728029,0.0,72
NF,1955,cyclone,historical,0.0017861357430555553,0.03986914,0.0,72
NF,1956,cyclone,historical,0.0016461748256944445,0.0332627,0.0,72
NF,1957,cyclone,historical,0.0016736095972222221,0.03756441,0.0,72
NF,1958,cyclone,historical,0.0063704541004166665,0.10569454,0.0,72
NF,1959,cyclone,historical,0.0052866168155555554,0.07352789,0.0,72
NF,1960,cyclone,historical,0.0019752662703472223,0.048781443,0.0,72
NF,1961,cyclone,historical,0.0010882574263888888,0.02056462,0.0,72
NF,1962,cyclone,historical,0.0012464442136111112,0.040583037,0.0,72
NF,1963,cyclone,historical,0.015344474544444443,0.09469591,0.0,72
NF,1964,cyclone,historical,0.0010958505961111112,0.026919479,0.0,72
NF,1965,cyclone,historical,0.004347294393055556,0.0793829,0.0,72
NF,1966,cyclone,historical,0.0013494272312499999,0.03935256,0.0,72
NF,1967,cyclone,historical,0.006292953175277778,0.077699125,0.0,72
NF,1968,cyclone,historical,0.0014885308958333334,0.03710691,0.0,72
NF,1969,cyclone,historical,1.8009170833333335e-07,1.2966603e-05,0.0,72
NF,1970,cyclone,historical,0.0032237279972222223,0.05790048,0.0,72
NF,1971,cyclone,historical,0.01077712003611111,0.14253,0.0,72
NF,1972,cyclone,historical,0.0020143783777777776,0.033531908,0.0,72
NF,1973,cyclone,historical,0.0011493125861111112,0.017325869,0.0,72
NF,1974,cyclone,historical,0.0012639647783333333,0.02450499,0.0,72
NF,1975,cyclone,historical,0.0022138627430555555,0.02968099,0.0,72
NF,1976,cyclone,historical,0.0015181413861111112,0.030471727,0.0,72
NF,1977,cyclone,historical,0.0016414288486111112,0.039907154,0.0,72
NF,1978,cyclone,historical,0.004740538018611112,0.06258787,0.0,72
NF,1979,cyclone,historical,0.0035938138777777775,0.059527785,0.0,72
NF,1980,cyclone,historical,8.191822916666667e-05,0.004556069,0.0,72
NF,1981,cyclone,historical,0.001290942814861111,0.024020813,0.0,72
NF,1982,cyclone,historical,0.0042817066516666665,0.09029275,0.0,72
NF,1983,cyclone,historical,0.006664756251666667,0.04777707,0.0,72
NF,1984,cyclone,historical,0.00015082681666666665,0.0063679535,0.0,72
NF,1985,cyclone,historical,0.005172578552777778,0.07596427,0.0,72
NF,1986,cyclone,historical,0.006307775058333334,0.059697136,0.0,72
NF,1987,cyclone,historical,0.009246436811805557,0.09265904,0.0,72
NF,1988,cyclone,historical,0.00012814989944444444,0.0059292857,0.0,72
NF,1989,cyclone,historical,0.0007792046097222223,0.028054135,0.0,72
NF,1990,cyclone,historical,0.00671707735375,0.07646516,0.0,72
NF,1991,cyclone,historical,0.006147025890277778,0.062807254,0.0,72
NF,1992,cyclone,historical,0.0015314227745833334,0.03345336,0.0,72
NF,1993,cyclone,historical,0.0006379834688888889,0.022781242,0.0,72
NF,1994,cyclone,historical,0.002797886426388889,0.06251813,0.0,72
NF,1995,cyclone,historical,0.003926432802777778,0.08877364,0.0,72
NF,1996,cyclone,historical,0.004462371123833333,0.073174715,0.0,72
NF,1997,cyclone,historical,0.00024798613888888884,0.017855002,0.0,72
NF,1998,cyclone,historical,0.006931478740277778,0.06595625,0.0,72
NF,1999,cyclone,historical,0.010444900772111111,0.10076699,0.0,72
NF,2000,cyclone,historical,0.009075947027777777,0.086364836,0.0,72
NF,2001,cyclone,historical,0.001306006177777778,0.030570414,0.0,72
NF,2002,cyclone,historical,0.009581742645930556,0.1012675,0.0,72
NF,2003,cyclone,historical,0.0055227426878333334,0.085350096,0.0,72
NF,2004,cyclone,historical,0.007689799972777778,0.115357645,0.0,72
NF,2005,cyclone,historical,0.012244465383055556,0.079744674,0.0,72
NF,2006,cyclone,historical,0.002187321070833333,0.05012095,0.0,72
NF,2007,cyclone,historical,0.0022744481833333334,0.04419216,0.0,72
NF,2008,cyclone,historical,0.005747857995277777,0.08346171,0.0,72
NF,2009,cyclone,historical,0.00012955242777777778,0.0055194506,0.0,72
NF,2010,cyclone,historical,0.011422462611111111,0.11811024,0.0,72
NF,2011,cyclone,historical,0.002840169652777778,0.045152597,0.0,72
NF,2012,cyclone,historical,0.001969234366805556,0.038786538,0.0,72
NF,2013,cyclone,historical,0.0019536098833333334,0.043176204,0.0,72
NF,2014,cyclone,historical,0.0023855011319444445,0.053646434,0.0,72
NG,1850,cyclone,historical,0.32434809833333333,0.40710843,0.24009931,12
NG,1851,cyclone,historical,0.31055356,0.36824903,0.24423927,12
NG,1852,cyclone,historical,0.32848940583333336,0.40969843,0.25268415,12
NG,1853,cyclone,historical,0.326152845,0.40267414,0.21565807,12
NG,1854,cyclone,historical,0.30337254416666665,0.3740011,0.18986607,12
NG,1855,cyclone,historical,0.27898106166666664,0.3494737,0.20568287,12
NG,1856,cyclone,historical,0.30653713666666665,0.38762975,0.17728658,12
NG,1857,cyclone,historical,0.3485926558333334,0.46005595,0.2381794,12
NG,1858,cyclone,historical,0.34028716249999996,0.41857657,0.24250256,12
NG,1859,cyclone,historical,0.2997511666666667,0.40843153,0.1996809,12
NG,1860,cyclone,historical,0.25316815833333334,0.3346418,0.16634244,12
NG,1861,cyclone,historical,0.29027316583333335,0.35609555,0.20895986,12
NG,1862,cyclone,historical,0.32619514,0.43052208,0.23915139,12
NG,1863,cyclone,historical,0.3184557808333333,0.44022328,0.21581015,12
NG,1864,cyclone,historical,0.26677368416666664,0.34381288,0.19365901,12
NG,1865,cyclone,historical,0.2852682908333333,0.34429502,0.22033073,12
NG,1866,cyclone,historical,0.30840710416666667,0.39802846,0.21057492,12
NG,1867,cyclone,historical,0.3532352358333333,0.4503943,0.2564327,12
NG,1868,cyclone,historical,0.3572841608333333,0.45980978,0.24879989,12
NG,1869,cyclone,historical,0.285721635,0.3681739,0.19374228,12
NG,1870,cyclone,historical,0.2903224833333333,0.37240553,0.24015535,12
NG,1871,cyclone,historical,0.3274041416666667,0.4120497,0.2359783,12
NG,1872,cyclone,historical,0.37904091166666665,0.4730307,0.27368897,12
NG,1873,cyclone,historical,0.32714214166666666,0.4368847,0.22582136,12
NG,1874,cyclone,historical,0.26417605666666666,0.3353473,0.19089985,12
NG,1875,cyclone,historical,0.30018125,0.36991528,0.23165672,12
NG,1876,cyclone,historical,0.3429997066666666,0.46151108,0.23621985,12
NG,1877,cyclone,historical,0.3043396666666667,0.38564235,0.19648367,12
NG,1878,cyclone,historical,0.26237772583333335,0.3474827,0.16414413,12
NG,1879,cyclone,historical,0.2775477241666667,0.32795566,0.2074523,12
NG,1880,cyclone,historical,0.32697630250000004,0.44360963,0.18662064,12
NG,1881,cyclone,historical,0.347945255,0.44826296,0.25365722,12
NG,1882,cyclone,historical,0.304973655,0.3901809,0.18879622,12
NG,1883,cyclone,historical,0.2781463433333333,0.3741408,0.1762382,12
NG,1884,cyclone,historical,0.2813807858333333,0.3618676,0.19946751,12
NG,1885,cyclone,historical,0.3114580658333333,0.42476112,0.22330174,12
NG,1886,cyclone,historical,0.34691109416666666,0.46975017,0.23517963,12
NG,1887,cyclone,historical,0.2886310175,0.3819744,0.16943204,12
NG,1888,cyclone,historical,0.2521154816666667,0.33485866,0.17192532,12
NG,1889,cyclone,historical,0.2907447875,0.35458422,0.22006418,12
NG,1890,cyclone,historical,0.3520919941666667,0.43621218,0.2573044,12
NG,1891,cyclone,historical,0.3435931016666667,0.41597855,0.27581245,12
NG,1892,cyclone,historical,0.33541176083333335,0.42056203,0.23423146,12
NG,1893,cyclone,historical,0.2933799775,0.37265518,0.20404546,12
NG,1894,cyclone,historical,0.2905086258333333,0.36754823,0.20829481,12
NG,1895,cyclone,historical,0.3484992308333334,0.44902486,0.24872957,12
NG,1896,cyclone,historical,0.3096766541666667,0.38889754,0.19291952,12
NG,1897,cyclone,historical,0.29681798583333335,0.37423247,0.19512248,12
NG,1898,cyclone,historical,0.3017599208333333,0.39710283,0.22087488,12
NG,1899,cyclone,historical,0.3323838925,0.45802206,0.22015314,12
NG,1900,cyclone,historical,0.3319269516666667,0.41125184,0.24874891,12
NG,1901,cyclone,historical,0.32696201333333336,0.42036277,0.23255941,12
NG,1902,cyclone,historical,0.3451337683333333,0.4541189,0.25439745,12
NG,1903,cyclone,historical,0.2833378233333333,0.36941594,0.18655169,12
NG,1904,cyclone,historical,0.2879358066666667,0.3814876,0.20239945,12
NG,1905,cyclone,historical,0.2809274825,0.35423523,0.22649968,12
NG,1906,cyclone,historical,0.32360195166666667,0.38956022,0.2560202,12
NG,1907,cyclone,historical,0.2997149691666667,0.38507634,0.20902392,12
NG,1908,cyclone,historical,0.30818153666666664,0.38401228,0.23444025,12
NG,1909,cyclone,historical,0.3299614716666667,0.44780374,0.21345846,12
NG,1910,cyclone,historical,0.31223419,0.40657812,0.23016757,12
NG,1911,cyclone,historical,0.30159984166666665,0.37923682,0.24833727,12
NG,1912,cyclone,historical,0.3187152125,0.4163372,0.20683269,12
NG,1913,cyclone,historical,0.3318996358333333,0.41181362,0.26239786,12
NG,1914,cyclone,historical,0.336354015,0.43285665,0.23425946,12
NG,1915,cyclone,historical,0.29862484916666665,0.364188,0.19959237,12
NG,1916,cyclone,historical,0.28280401166666663,0.3548676,0.16707179,12
NG,1917,cyclone,historical,0.298833125,0.35971463,0.21108508,12
NG,1918,cyclone,historical,0.3344409033333333,0.38285327,0.26324803,12
NG,1919,cyclone,historical,0.36404097333333335,0.45580184,0.26540288,12
NG,1920,cyclone,historical,0.3135196708333333,0.38342208,0.20916753,12
NG,1921,cyclone,historical,0.30745988,0.40556586,0.1922873,12
NG,1922,cyclone,historical,0.3004812058333333,0.36529148,0.22915177,12
NG,1923,cyclone,historical,0.347260425,0.46249923,0.24438688,12
NG,1924,cyclone,historical,0.29046680750000003,0.39686215,0.1863309,12
NG,1925,cyclone,historical,0.2892514275,0.33398664,0.22446388,12
NG,1926,cyclone,historical,0.31935436333333334,0.38351128,0.24039946,12
NG,1927,cyclone,historical,0.3665713908333334,0.46935597,0.2621054,12
NG,1928,cyclone,historical,0.33564758916666665,0.42632964,0.22076471,12
NG,1929,cyclone,historical,0.29410972583333334,0.3745575,0.21185346,12
NG,1930,cyclone,historical,0.30878192416666667,0.4170234,0.2066814,12
NG,1931,cyclone,historical,0.34580602083333334,0.45533705,0.24304627,12
NG,1932,cyclone,historical,0.35531467833333336,0.44936213,0.2288568,12
NG,1933,cyclone,historical,0.3037903066666667,0.3699104,0.19446693,12
NG,1934,cyclone,historical,0.30395572666666665,0.3769418,0.2329698,12
NG,1935,cyclone,historical,0.34338887916666666,0.44734251,0.23949982,12
NG,1936,cyclone,historical,0.33370783333333337,0.41880083,0.22772035,12
NG,1937,cyclone,historical,0.3043875075,0.3711854,0.20865388,12
NG,1938,cyclone,historical,0.3428623341666666,0.4312331,0.24580324,12
NG,1939,cyclone,historical,0.3591889741666667,0.45052204,0.25955462,12
NG,1940,cyclone,historical,0.33210104916666666,0.43099785,0.21364817,12
NG,1941,cyclone,historical,0.30376119583333333,0.39018875,0.21786407,12
NG,1942,cyclone,historical,0.31469606666666666,0.38391995,0.2455486,12
NG,1943,cyclone,historical,0.32173476166666665,0.40210077,0.24333373,12
NG,1944,cyclone,historical,0.36218923666666664,0.4789303,0.27521378,12
NG,1945,cyclone,historical,0.3431212733333333,0.42884403,0.27680093,12
NG,1946,cyclone,historical,0.34311547750000004,0.40675366,0.25231275,12
NG,1947,cyclone,historical,0.37396929,0.4556635,0.2692237,12
NG,1948,cyclone,historical,0.30396659583333335,0.41022927,0.1908012,12
NG,1949,cyclone,historical,0.28211423166666666,0.36537623,0.18303406,12
NG,1950,cyclone,historical,0.30125798,0.35497928,0.2349639,12
NG,1951,cyclone,historical,0.37876418083333335,0.471466,0.30665118,12
NG,1952,cyclone,historical,0.3482416208333334,0.45904976,0.21141648,12
NG,1953,cyclone,historical,0.29514125916666667,0.35782087,0.2269293,12
NG,1954,cyclone,historical,0.30437047,0.38984412,0.20100132,12
NG,1955,cyclone,historical,0.32823666166666665,0.4521682,0.25318086,12
NG,1956,cyclone,historical,0.3248143675,0.4035374,0.23422353,12
NG,1957,cyclone,historical,0.37356689249999997,0.4800763,0.25627962,12
NG,1958,cyclone,historical,0.34087762250000003,0.43031085,0.25743517,12
NG,1959,cyclone,historical,0.3206669791666667,0.39678863,0.249856,12
NG,1960,cyclone,historical,0.35168750416666666,0.43866253,0.2773556,12
NG,1961,cyclone,historical,0.3781557483333333,0.45522454,0.2854545,12
NG,1962,cyclone,historical,0.30392118,0.38598353,0.16434413,12
NG,1963,cyclone,historical,0.24736568166666664,0.33286598,0.14606325,12
NG,1964,cyclone,historical,0.3170758325,0.39270222,0.23577634,12
NG,1965,cyclone,historical,0.3474798808333333,0.45612472,0.22780824,12
NG,1966,cyclone,historical,0.2803402325,0.37628764,0.17451577,12
NG,1967,cyclone,historical,0.2940900325,0.34945506,0.22465476,12
NG,1968,cyclone,historical,0.3583039058333333,0.46618742,0.24946688,12
NG,1969,cyclone,historical,0.34582208833333333,0.42474657,0.27469325,12
NG,1970,cyclone,historical,0.31290977166666667,0.3911283,0.20994645,12
NG,1971,cyclone,historical,0.2876850583333333,0.3350274,0.2202225,12
NG,1972,cyclone,historical,0.30162249166666666,0.36796713,0.24236533,12
NG,1973,cyclone,historical,0.35590794416666666,0.45115095,0.25726774,12
NG,1974,cyclone,historical,0.32494239666666663,0.42604676,0.22447628,12
NG,1975,cyclone,historical,0.3054974191666667,0.3829012,0.22799759,12
NG,1976,cyclone,historical,0.3337884475,0.39594617,0.27831316,12
NG,1977,cyclone,historical,0.3585630741666666,0.48242375,0.2750624,12
NG,1978,cyclone,historical,0.33245045666666667,0.39850822,0.26072896,12
NG,1979,cyclone,historical,0.3132109341666667,0.38724935,0.23278256,12
NG,1980,cyclone,historical,0.35004408,0.46117717,0.2530955,12
NG,1981,cyclone,historical,0.36991222583333333,0.51265556,0.27444363,12
NG,1982,cyclone,historical,0.2920211466666667,0.37338778,0.17905477,12
NG,1983,cyclone,historical,0.2822225158333333,0.3300994,0.21021025,12
NG,1984,cyclone,historical,0.35317963,0.42754883,0.2755668,12
NG,1985,cyclone,historical,0.3723647941666666,0.48413402,0.28132105,12
NG,1986,cyclone,historical,0.30237100333333333,0.37688327,0.21937944,12
NG,1987,cyclone,historical,0.3193548575,0.38967746,0.26037645,12
NG,1988,cyclone,historical,0.35296028166666665,0.4542619,0.26922753,12
NG,1989,cyclone,historical,0.344954595,0.412773,0.25135714,12
NG,1990,cyclone,historical,0.33585669749999997,0.38553062,0.27347022,12
NG,1991,cyclone,historical,0.3017316816666667,0.39677784,0.23125726,12
NG,1992,cyclone,historical,0.29904889416666663,0.36631283,0.23977636,12
NG,1993,cyclone,historical,0.36181977416666666,0.4658159,0.2997325,12
NG,1994,cyclone,historical,0.36531178416666665,0.4722906,0.28109854,12
NG,1995,cyclone,historical,0.3054636416666667,0.37856895,0.21318975,12
NG,1996,cyclone,historical,0.32051904833333333,0.40165612,0.24990255,12
NG,1997,cyclone,historical,0.38239743,0.48751166,0.29446742,12
NG,1998,cyclone,historical,0.3579796741666667,0.4340799,0.28598085,12
NG,1999,cyclone,historical,0.29739542,0.35448784,0.2176959,12
NG,2000,cyclone,historical,0.32435772749999997,0.40041977,0.2717249,12
NG,2001,cyclone,historical,0.3876817758333333,0.47558653,0.31300253,12
NG,2002,cyclone,historical,0.3987865575,0.47533798,0.3125406,12
NG,2003,cyclone,historical,0.3151916141666667,0.42040804,0.16916402,12
NG,2004,cyclone,historical,0.3120173766666667,0.3914163,0.21274678,12
NG,2005,cyclone,historical,0.328429775,0.3778059,0.25910264,12
NG,2006,cyclone,historical,0.401493155,0.5098716,0.29799497,12
NG,2007,cyclone,historical,0.3870288108333333,0.46281794,0.29797348,12
NG,2008,cyclone,historical,0.3817156033333333,0.45050463,0.2826787,12
NG,2009,cyclone,historical,0.38614733833333337,0.45402777,0.3145593,12
NG,2010,cyclone,historical,0.4149946275,0.5223446,0.30845672,12
NG,2011,cyclone,historical,0.3675913558333333,0.45810074,0.28297603,12
NG,2012,cyclone,historical,0.33590856,0.40416345,0.24904905,12
NG,2013,cyclone,historical,0.36621829499999997,0.43553212,0.2977869,12
NG,2014,cyclone,historical,0.4133382783333333,0.49582925,0.3366608,12
NO,1850,cyclone,historical,0.07638928486633334,0.40255633,0.0,300
NO,1851,cyclone,historical,0.09086985873063333,0.42231902,0.0,300
NO,1852,cyclone,historical,0.09143773906,0.3644437,0.0,300
NO,1853,cyclone,historical,0.06945737164276666,0.29759812,0.0,300
NO,1854,cyclone,historical,0.08090854596313334,0.38073596,0.0,300
NO,1855,cyclone,historical,0.140261105313,0.52641165,0.0,300
NO,1856,cyclone,historical,0.11800505900371334,0.3645223,0.0,300
NO,1857,cyclone,historical,0.1081316366415,0.4367044,0.0,300
NO,1858,cyclone,historical,0.08018670762356667,0.38377637,0.0,300
NO,1859,cyclone,historical,0.08409590122289999,0.33391976,0.0,300
NO,1860,cyclone,historical,0.08591551907275666,0.31251353,0.0,300
NO,1861,cyclone,historical,0.09334544632395667,0.47578168,0.0,300
NO,1862,cyclone,historical,0.08718952344023334,0.4042128,0.0,300
NO,1863,cyclone,historical,0.10701522914956667,0.38411024,0.0,300
NO,1864,cyclone,historical,0.07902858500216667,0.3220753,0.0,300
NO,1865,cyclone,historical,0.046570002050477996,0.21821038,0.0,300
NO,1866,cyclone,historical,0.07374036638723333,0.38844135,0.0,300
NO,1867,cyclone,historical,0.09002431308248333,0.37273908,0.0,300
NO,1868,cyclone,historical,0.09827799339266666,0.33922365,0.0,300
NO,1869,cyclone,historical,0.10907138794316666,0.37733465,0.0,300
NO,1870,cyclone,historical,0.09804378363666667,0.3970852,0.0,300
NO,1871,cyclone,historical,0.10168607543713333,0.3429764,0.0,300
NO,1872,cyclone,historical,0.08704856131214234,0.42468652,0.0,300
NO,1873,cyclone,historical,0.09968256056493334,0.37458414,0.0,300
NO,1874,cyclone,historical,0.07101565685633333,0.33795857,0.0,300
NO,1875,cyclone,historical,0.07874852456033334,0.28592739,0.0,300
NO,1876,cyclone,historical,0.08464216011136667,0.35012883,0.0,300
NO,1877,cyclone,historical,0.08929647304026667,0.36538297,0.0,300
NO,1878,cyclone,historical,0.06996254754783333,0.22717464,0.0,300
NO,1879,cyclone,historical,0.06288733918406667,0.27831733,0.0,300
NO,1880,cyclone,historical,0.08262523269406666,0.36364517,0.0,300
NO,1881,cyclone,historical,0.0834307975099,0.2939899,0.0,300
NO,1882,cyclone,historical,0.09389427295776334,0.2859571,0.0,300
NO,1883,cyclone,historical,0.12882313909202,0.35198063,0.0,300
NO,1884,cyclone,historical,0.07494798825956667,0.33305317,0.0,300
NO,1885,cyclone,historical,0.08433458589503334,0.45054084,0.0,300
NO,1886,cyclone,historical,0.07900212868239999,0.3776526,0.0,300
NO,1887,cyclone,historical,0.08406057060337667,0.269818,0.0,300
NO,1888,cyclone,historical,0.0819846551561,0.35479683,0.0,300
NO,1889,cyclone,historical,0.09926506890763334,0.41407472,0.0,300
NO,1890,cyclone,historical,0.09875863596866666,0.35035872,0.0,300
NO,1891,cyclone,historical,0.0823444228954,0.31160912,0.0,300
NO,1892,cyclone,historical,0.11524334032853334,0.43574893,0.0,300
NO,1893,cyclone,historical,0.09812511835023333,0.41857275,0.0,300
NO,1894,cyclone,historical,0.11234793702897332,0.39544415,0.0,300
NO,1895,cyclone,historical,0.07942948814506666,0.33583936,0.0,300
NO,1896,cyclone,historical,0.060325169187333334,0.24014798,0.0,300
NO,1897,cyclone,historical,0.08192667964226667,0.2739063,0.0,300
NO,1898,cyclone,historical,0.09523685095083334,0.40475553,0.0,300
NO,1899,cyclone,historical,0.09248960170086666,0.33624458,0.0,300
NO,1900,cyclone,historical,0.11387325770376668,0.36418894,0.0,300
NO,1901,cyclone,historical,0.10405284686433333,0.40648654,0.0,300
NO,1902,cyclone,historical,0.10124031404353333,0.4003331,0.0,300
NO,1903,cyclone,historical,0.12539077602537732,0.38079512,0.0,300
NO,1904,cyclone,historical,0.07807848925290001,0.31183493,0.0,300
NO,1905,cyclone,historical,0.1117167662441,0.42176932,0.0,300
NO,1906,cyclone,historical,0.06906579358139667,0.30701053,0.0,300
NO,1907,cyclone,historical,0.07312467108486667,0.24784258,0.0,300
NO,1908,cyclone,historical,0.11243966632176668,0.3543276,0.0,300
NO,1909,cyclone,historical,0.1018660527039,0.4421058,0.0,300
NO,1910,cyclone,historical,0.059724469155966665,0.2586751,0.0,300
NO,1911,cyclone,historical,0.078466714267836,0.3807816,0.0,300
NO,1912,cyclone,historical,0.0981766992871,0.3852875,0.0,300
NO,1913,cyclone,historical,0.06841165332149,0.3199893,0.0,300
NO,1914,cyclone,historical,0.06317337382676667,0.34134126,0.0,300
NO,1915,cyclone,historical,0.07741687524466666,0.26530752,0.0,300
NO,1916,cyclone,historical,0.0814994995642,0.390301,0.0,300
NO,1917,cyclone,historical,0.12504485420216668,0.38809907,0.0,300
NO,1918,cyclone,historical,0.07903156929213334,0.37317345,0.0,300
NO,1919,cyclone,historical,0.08812415272156666,0.35597,0.0,300
NO,1920,cyclone,historical,0.07398905084413333,0.34125617,0.0,300
NO,1921,cyclone,historical,0.07926689147713332,0.28764114,0.0,300
NO,1922,cyclone,historical,0.08625458032829193,0.37348357,0.0,300
NO,1923,cyclone,historical,0.07959648887323334,0.32019353,0.0,300
NO,1924,cyclone,historical,0.11699436434866667,0.39490765,0.0,300
NO,1925,cyclone,historical,0.05688118687276667,0.28371146,0.0,300
NO,1926,cyclone,historical,0.0905022945425,0.39103872,0.0,300
NO,1927,cyclone,historical,0.08345575759233333,0.42980158,0.0,300
NO,1928,cyclone,historical,0.07892569631526666,0.26990014,0.0,300
NO,1929,cyclone,historical,0.12177921326233333,0.35796446,0.0,300
NO,1930,cyclone,historical,0.11510780554733333,0.37854567,0.0,300
NO,1931,cyclone,historical,0.118270318077,0.5542829,0.0,300
NO,1932,cyclone,historical,0.10215772299766668,0.44239432,0.0,300
NO,1933,cyclone,historical,0.059565740014766666,0.2407774,0.0,300
NO,1934,cyclone,historical,0.08662135028026667,0.2552773,0.0,300
NO,1935,cyclone,historical,0.0712898024423,0.28135613,0.0,300
NO,1936,cyclone,historical,0.07961547726246666,0.3008714,0.0,300
NO,1937,cyclone,historical,0.08952877783366667,0.26022354,0.0,300
NO,1938,cyclone,historical,0.12492114097689999,0.4441205,0.0,300
NO,1939,cyclone,historical,0.0790627351354,0.25553772,0.0,300
NO,1940,cyclone,historical,0.07824026089963333,0.3662855,0.0,300
NO,1941,cyclone,historical,0.07260938002673334,0.30766916,0.0,300
NO,1942,cyclone,historical,0.11073132193246667,0.35042948,0.0,300
NO,1943,cyclone,historical,0.10897405114136667,0.34457424,0.0,300
NO,1944,cyclone,historical,0.09012155292313333,0.34696472,0.0,300
NO,1945,cyclone,historical,0.06439294665273333,0.27421638,0.0,300
NO,1946,cyclone,historical,0.11061284149989999,0.3859358,0.0,300
NO,1947,cyclone,historical,0.08674371030524333,0.23607323,0.0,300
NO,1948,cyclone,historical,0.11619382079123333,0.403484,0.0,300
NO,1949,cyclone,historical,0.109947212947,0.37282795,0.0,300
NO,1950,cyclone,historical,0.0848414949137,0.37596697,0.0,300
NO,1951,cyclone,historical,0.07386323783525334,0.2744425,0.0,300
NO,1952,cyclone,historical,0.07687269046956934,0.28568262,0.0,300
NO,1953,cyclone,historical,0.10810261988866667,0.42039675,0.0,300
NO,1954,cyclone,historical,0.06411200865292001,0.37808672,0.0,300
NO,1955,cyclone,historical,0.10529980968278667,0.43138242,0.0,300
NO,1956,cyclone,historical,0.0673988162298,0.35283694,0.0,300
NO,1957,cyclone,historical,0.08660201168826667,0.41817325,0.0,300
NO,1958,cyclone,historical,0.07542930702766668,0.39756578,0.0,300
NO,1959,cyclone,historical,0.10499645870733333,0.32422453,0.0,300
NO,1960,cyclone,historical,0.07993635770535,0.33858073,0.0,300
NO,1961,cyclone,historical,0.06322096250363334,0.29067183,0.0,300
NO,1962,cyclone,historical,0.09429946956216667,0.3617596,0.0,300
NO,1963,cyclone,historical,0.13531315979966665,0.37557715,0.0,300
NO,1964,cyclone,historical,0.07329889736883333,0.29900286,0.0,300
NO,1965,cyclone,historical,0.08075111073066667,0.32951844,0.0,300
NO,1966,cyclone,historical,0.08268910295015333,0.47954875,0.0,300
NO,1967,cyclone,historical,0.07543969952383334,0.35023662,0.0,300
NO,1968,cyclone,historical,0.0642384050089,0.27303022,0.0,300
NO,1969,cyclone,historical,0.08806151917424666,0.31510925,0.0,300
NO,1970,cyclone,historical,0.10530521167213333,0.3437771,0.0,300
NO,1971,cyclone,historical,0.11028003755342333,0.34463233,0.0,300
NO,1972,cyclone,historical,0.11813825490926667,0.34089118,0.0,300
NO,1973,cyclone,historical,0.09773309364163332,0.3542749,0.0,300
NO,1974,cyclone,historical,0.08553420995003333,0.28629938,0.0,300
NO,1975,cyclone,historical,0.11100660680489999,0.3714162,0.0,300
NO,1976,cyclone,historical,0.07359068069776666,0.30143356,0.0,300
NO,1977,cyclone,historical,0.08171840498909999,0.34076667,0.0,300
NO,1978,cyclone,historical,0.06980490555233333,0.284383,0.0,300
NO,1979,cyclone,historical,0.07032237421573334,0.3115383,0.0,300
NO,1980,cyclone,historical,0.0893301510261,0.35276455,0.0,300
NO,1981,cyclone,historical,0.07388005226439999,0.40504915,0.0,300
NO,1982,cyclone,historical,0.10965277369786666,0.4434038,0.0,300
NO,1983,cyclone,historical,0.06237680272502666,0.2528658,0.0,300
NO,1984,cyclone,historical,0.07475108645526667,0.36923054,0.0,300
NO,1985,cyclone,historical,0.06837300320916667,0.25569144,0.0,300
NO,1986,cyclone,historical,0.08067580906056666,0.4186249,0.0,300
NO,1987,cyclone,historical,0.09900885725916667,0.3974048,0.0,300
NO,1988,cyclone,historical,0.06324114129873333,0.3333368,0.0,300
NO,1989,cyclone,historical,0.08203726600363333,0.3625241,0.0,300
NO,1990,cyclone,historical,0.09692424000356667,0.38799536,0.0,300
NO,1991,cyclone,historical,0.0867226275612,0.303103,0.0,300
NO,1992,cyclone,historical,0.10511186521324334,0.34312984,0.0,300
NO,1993,cyclone,historical,0.096281799875,0.29374623,0.0,300
NO,1994,cyclone,historical,0.10090584374536667,0.39397082,0.0,300
NO,1995,cyclone,historical,0.08527877893673333,0.25167152,0.0,300
NO,1996,cyclone,historical,0.0932737497189,0.36742306,0.0,300
NO,1997,cyclone,historical,0.108486904511,0.3355819,0.0,300
NO,1998,cyclone,historical,0.11624828746176,0.33154958,0.0,300
NO,1999,cyclone,historical,0.090596553228,0.28520045,0.0,300
NO,2000,cyclone,historical,0.08221491271473333,0.29795313,0.0,300
NO,2001,cyclone,historical,0.0903372435365,0.2929718,0.0,300
NO,2002,cyclone,historical,0.08414410029643334,0.27280545,0.0,300
NO,2003,cyclone,historical,0.1005262779074,0.36201298,0.0,300
NO,2004,cyclone,historical,0.09263624125146666,0.312755,0.0,300
NO,2005,cyclone,historical,0.0648127245956,0.28814036,0.0,300
NO,2006,cyclone,historical,0.06411562770062668,0.2383178,0.0,300
NO,2007,cyclone,historical,0.09697524121981667,0.40136528,0.0,300
NO,2008,cyclone,historical,0.04519670015576667,0.26784247,0.0,300
NO,2009,cyclone,historical,0.07565241060506667,0.3191924,0.0,300
NO,2010,cyclone,historical,0.07544530157823334,0.3331423,0.0,300
NO,2011,cyclone,historical,0.06354843196294667,0.22335029,0.0,300
NO,2012,cyclone,historical,0.09214179025536667,0.29488543,0.0,300
NO,2013,cyclone,historical,0.10372849224366666,0.41059995,0.0,300
NO,2014,cyclone,historical,0.09977556544313333,0.37389284,0.0,300
NR,1850,cyclone,historical,0.3025492863888889,0.35629338,0.23380321,36
NR,1851,cyclone,historical,0.334449045,0.39992785,0.2791894,36
NR,1852,cyclone,historical,0.34288644166666665,0.40091154,0.29398865,36
NR,1853,cyclone,historical,0.29116645361111115,0.34870085,0.20127676,36
NR,1854,cyclone,historical,0.2345198895833333,0.37715903,0.09930521,36
NR,1855,cyclone,historical,0.28687938333333335,0.34885758,0.1900632,36
NR,1856,cyclone,historical,0.3046471186111111,0.36611,0.24937832,36
NR,1857,cyclone,historical,0.2665413413888889,0.37013358,0.16226736,36
NR,1858,cyclone,historical,0.3438055033333333,0.3953089,0.27206957,36
NR,1859,cyclone,historical,0.23673404336111112,0.3862865,0.09884806,36
NR,1860,cyclone,historical,0.17795673230555556,0.28574532,0.100634724,36
NR,1861,cyclone,historical,0.31514988388888887,0.36242422,0.24885356,36
NR,1862,cyclone,historical,0.3038684658333333,0.37451977,0.23599976,36
NR,1863,cyclone,historical,0.20417495155555557,0.3315211,0.04145699,36
NR,1864,cyclone,historical,0.17496056808333335,0.26542467,0.06531577,36
NR,1865,cyclone,historical,0.27881285194444444,0.35176015,0.22062317,36
NR,1866,cyclone,historical,0.32615767638888893,0.3675526,0.27907738,36
NR,1867,cyclone,historical,0.28328310083333336,0.34653404,0.19244877,36
NR,1868,cyclone,historical,0.22646241527777777,0.351548,0.066252746,36
NR,1869,cyclone,historical,0.20591996166666665,0.28940368,0.1518149,36
NR,1870,cyclone,historical,0.30842261083333333,0.36003405,0.25008932,36
NR,1871,cyclone,historical,0.29771554027777775,0.34790665,0.22360203,36
NR,1872,cyclone,historical,0.2644465611111111,0.35599393,0.16196913,36
NR,1873,cyclone,historical,0.1599378583611111,0.38024902,0.03457194,36
NR,1874,cyclone,historical,0.2082173297222222,0.29617321,0.14045148,36
NR,1875,cyclone,historical,0.30441006583333335,0.34484133,0.25258058,36
NR,1876,cyclone,historical,0.2518065520555555,0.35649955,0.09855899,36
NR,1877,cyclone,historical,0.16970452730555555,0.36577833,0.04576367,36
NR,1878,cyclone,historical,0.20213248,0.29870883,0.11530164,36
NR,1879,cyclone,historical,0.31648703694444447,0.36098948,0.24320757,36
NR,1880,cyclone,historical,0.31441212222222226,0.38827235,0.22662413,36
NR,1881,cyclone,historical,0.2611466663888889,0.33121654,0.15905276,36
NR,1882,cyclone,historical,0.19365568030555555,0.35100937,0.07326706,36
NR,1883,cyclone,historical,0.24723325999999998,0.31291533,0.18195724,36
NR,1884,cyclone,historical,0.3114983113888889,0.3674568,0.25600135,36
NR,1885,cyclone,historical,0.2714262027777778,0.3290839,0.18717268,36
NR,1886,cyclone,historical,0.2725756080555556,0.365964,0.15987808,36
NR,1887,cyclone,historical,0.19489142908333335,0.3430526,0.038983844,36
NR,1888,cyclone,historical,0.21506790705555556,0.29280478,0.118322454,36
NR,1889,cyclone,historical,0.3126652838888889,0.35745758,0.20576108,36
NR,1890,cyclone,historical,0.29791511416666666,0.34869123,0.23886514,36
NR,1891,cyclone,historical,0.29758625805555555,0.3515138,0.22734837,36
NR,1892,cyclone,historical,0.260198815,0.3468154,0.17028496,36
NR,1893,cyclone,historical,0.24255150527777777,0.34623325,0.14808604,36
NR,1894,cyclone,historical,0.32163427694444446,0.39865446,0.24210207,36
NR,1895,cyclone,historical,0.2920665063888889,0.42822722,0.17307973,36
NR,1896,cyclone,historical,0.2373768365,0.39070207,0.05630397,36
NR,1897,cyclone,historical,0.27376353416666666,0.36940852,0.1574133,36
NR,1898,cyclone,historical,0.3304116402777778,0.3830502,0.28034896,36
NR,1899,cyclone,historical,0.3007510772222222,0.39385813,0.25097018,36
NR,1900,cyclone,historical,0.27934772722222223,0.36830163,0.16478965,36
NR,1901,cyclone,historical,0.3345111519444444,0.39675766,0.2872152,36
NR,1902,cyclone,historical,0.3295730230555555,0.40069526,0.28280634,36
NR,1903,cyclone,historical,0.2578557702777778,0.38700846,0.12161744,36
NR,1904,cyclone,historical,0.24489317666666668,0.351767,0.13232277,36
NR,1905,cyclone,historical,0.30336222472222224,0.35837817,0.21238852,36
NR,1906,cyclone,historical,0.3307101138888889,0.37867644,0.29012173,36
NR,1907,cyclone,historical,0.2660008677777778,0.40575755,0.14677276,36
NR,1908,cyclone,historical,0.33111612055555556,0.38870102,0.23842739,36
NR,1909,cyclone,historical,0.30252117944444445,0.36871204,0.24991256,36
NR,1910,cyclone,historical,0.29831709805555556,0.38316005,0.156362,36
NR,1911,cyclone,historical,0.3442151161111111,0.39516717,0.2809873,36
NR,1912,cyclone,historical,0.3280651552777778,0.37676626,0.2508966,36
NR,1913,cyclone,historical,0.3451699961111111,0.42645133,0.2624644,36
NR,1914,cyclone,historical,0.28388950611111113,0.35364962,0.14854112,36
NR,1915,cyclone,historical,0.25780052166666667,0.37667608,0.11880134,36
NR,1916,cyclone,historical,0.27830242944444444,0.34794796,0.1852097,36
NR,1917,cyclone,historical,0.3332005341666667,0.38483167,0.27632165,36
NR,1918,cyclone,historical,0.33959472,0.39009333,0.27575347,36
NR,1919,cyclone,historical,0.3145589761111111,0.4036781,0.22773832,36
NR,1920,cyclone,historical,0.30343588194444443,0.39738214,0.17486137,36
NR,1921,cyclone,historical,0.23685613805555553,0.35945153,0.12893143,36
NR,1922,cyclone,historical,0.31827807194444446,0.3952726,0.25296247,36
NR,1923,cyclone,historical,0.28383892,0.34799814,0.21224695,36
NR,1924,cyclone,historical,0.21868142222222223,0.35207412,0.09170523,36
NR,1925,cyclone,historical,0.2836142108333333,0.34863806,0.21272424,36
NR,1926,cyclone,historical,0.3476228547222222,0.39438474,0.3125692,36
NR,1927,cyclone,historical,0.2712590108333333,0.3567589,0.11406927,36
NR,1928,cyclone,historical,0.2515172244444444,0.36790353,0.1109033,36
NR,1929,cyclone,historical,0.2887324311111111,0.3516151,0.19814745,36
NR,1930,cyclone,historical,0.33346094416666666,0.36947244,0.29711455,36
NR,1931,cyclone,historical,0.2996511138888889,0.35457644,0.20780352,36
NR,1932,cyclone,historical,0.2307177880277778,0.3797785,0.064577185,36
NR,1933,cyclone,historical,0.22775279944444446,0.3313848,0.14026582,36
NR,1934,cyclone,historical,0.33991482694444447,0.4082209,0.25653613,36
NR,1935,cyclone,historical,0.30773650861111107,0.38384026,0.19963893,36
NR,1936,cyclone,historical,0.2780456433333333,0.3675041,0.11950902,36
NR,1937,cyclone,historical,0.3199893383333333,0.40328133,0.21823011,36
NR,1938,cyclone,historical,0.3189837558333333,0.37673998,0.27859604,36
NR,1939,cyclone,historical,0.2596076223611111,0.39677316,0.10679933,36
NR,1940,cyclone,historical,0.2337211638888889,0.41483545,0.08864794,36
NR,1941,cyclone,historical,0.2576271669444445,0.34280536,0.16813464,36
NR,1942,cyclone,historical,0.3061691788888889,0.3724528,0.22954777,36
NR,1943,cyclone,historical,0.35094844833333333,0.414181,0.30302846,36
NR,1944,cyclone,historical,0.32411828944444443,0.39672816,0.23033197,36
NR,1945,cyclone,historical,0.32905677916666665,0.42653015,0.2363913,36
NR,1946,cyclone,historical,0.32205963638888885,0.42140758,0.24760742,36
NR,1947,cyclone,historical,0.26439109916666664,0.3768958,0.12558046,36
NR,1948,cyclone,historical,0.2147815123333333,0.41771936,0.04382766,36
NR,1949,cyclone,historical,0.20675632444444447,0.28153098,0.11970789,36
NR,1950,cyclone,historical,0.32413192888888887,0.38202417,0.24425066,36
NR,1951,cyclone,historical,0.3236601691666667,0.37899265,0.25060725,36
NR,1952,cyclone,historical,0.24840271872222225,0.37846246,0.122878864,36
NR,1953,cyclone,historical,0.28593547750000003,0.40614203,0.17256165,36
NR,1954,cyclone,historical,0.33286399,0.3744989,0.25286442,36
NR,1955,cyclone,historical,0.31518581777777777,0.4013895,0.23002377,36
NR,1956,cyclone,historical,0.3384348061111111,0.3766964,0.27982146,36
NR,1957,cyclone,historical,0.2914906436111111,0.40459597,0.14784735,36
NR,1958,cyclone,historical,0.32893113,0.4066273,0.2441201,36
NR,1959,cyclone,historical,0.33036817,0.40097713,0.22746485,36
NR,1960,cyclone,historical,0.32574766083333334,0.36982095,0.2775067,36
NR,1961,cyclone,historical,0.2549873491666667,0.3510981,0.11965017,36
NR,1962,cyclone,historical,0.15987081088888888,0.32899973,0.044275276,36
NR,1963,cyclone,historical,0.21502473694444446,0.3314799,0.13277557,36
NR,1964,cyclone,historical,0.2912709763888889,0.34557325,0.2407475,36
NR,1965,cyclone,historical,0.21688624322222222,0.35470998,0.0618054,36
NR,1966,cyclone,historical,0.19309959138888888,0.32324585,0.07774694,36
NR,1967,cyclone,historical,0.30846348,0.36672884,0.22851142,36
NR,1968,cyclone,historical,0.3270242872222222,0.37775254,0.21096936,36
NR,1969,cyclone,historical,0.28872646,0.41022053,0.19218099,36
NR,1970,cyclone,historical,0.2587314511111111,0.40469545,0.13066876,36
NR,1971,cyclone,historical,0.24483418805555557,0.33658218,0.16379479,36
NR,1972,cyclone,historical,0.31398106444444446,0.37244594,0.25694826,36
NR,1973,cyclone,historical,0.27058760833333334,0.36579195,0.17109643,36
NR,1974,cyclone,historical,0.32236746694444446,0.3945726,0.24034986,36
NR,1975,cyclone,historical,0.28735170000000004,0.39104015,0.18456653,36
NR,1976,cyclone,historical,0.3306426705555556,0.38361934,0.27748376,36
NR,1977,cyclone,historical,0.30988995666666663,0.37517372,0.23037744,36
NR,1978,cyclone,historical,0.3342933952777778,0.42357004,0.23858309,36
NR,1979,cyclone,historical,0.3312529575,0.38902283,0.2749014,36
NR,1980,cyclone,historical,0.30452315472222224,0.37874663,0.22183977,36
NR,1981,cyclone,historical,0.23418688719444447,0.3634779,0.11097496,36
NR,1982,cyclone,historical,0.1963734959722222,0.35438418,0.051945116,36
NR,1983,cyclone,historical,0.2925145463888889,0.36646715,0.21138343,36
NR,1984,cyclone,historical,0.2940290016666667,0.35077834,0.22382315,36
NR,1985,cyclone,historical,0.22624479694444444,0.35473093,0.058932714,36
NR,1986,cyclone,historical,0.2706605511111111,0.374689,0.19307923,36
NR,1987,cyclone,historical,0.35532289194444444,0.38685,0.27668765,36
NR,1988,cyclone,historical,0.3207565822222222,0.4027337,0.23038512,36
NR,1989,cyclone,historical,0.3088555627777778,0.4069383,0.19438258,36
NR,1990,cyclone,historical,0.31627237722222223,0.40554696,0.25351894,36
NR,1991,cyclone,historical,0.3165691602777778,0.41202748,0.20167184,36
NR,1992,cyclone,historical,0.33415018305555555,0.3718232,0.29196185,36
NR,1993,cyclone,historical,0.3134629322222222,0.3740464,0.2474533,36
NR,1994,cyclone,historical,0.27643569138888885,0.42001474,0.15833308,36
NR,1995,cyclone,historical,0.23735065249999998,0.35386622,0.10993198,36
NR,1996,cyclone,historical,0.33942205444444445,0.37811702,0.28051704,36
NR,1997,cyclone,historical,0.3332355913888889,0.39422393,0.2742523,36
NR,1998,cyclone,historical,0.28363221055555554,0.42016667,0.13111639,36
NR,1999,cyclone,historical,0.2889687647222222,0.3871919,0.21869965,36
NR,2000,cyclone,historical,0.37691589000000003,0.44019398,0.32243383,36
NR,2001,cyclone,historical,0.3306806119444444,0.39050227,0.26625863,36
NR,2002,cyclone,historical,0.3135025080555556,0.42260435,0.12931164,36
NR,2003,cyclone,historical,0.18777815436111112,0.39728016,0.034747794,36
NR,2004,cyclone,historical,0.26944445,0.36022386,0.18708843,36
NR,2005,cyclone,historical,0.35217481916666665,0.40162218,0.26148862,36
NR,2006,cyclone,historical,0.33116870083333333,0.40712404,0.22468263,36
NR,2007,cyclone,historical,0.3478294347222222,0.4378373,0.29359105,36
NR,2008,cyclone,historical,0.36873728694444446,0.42897558,0.26788682,36
NR,2009,cyclone,historical,0.33714602194444443,0.39846724,0.27439415,36
NR,2010,cyclone,historical,0.32584317194444445,0.42821026,0.23257089,36
NR,2011,cyclone,historical,0.31647902861111116,0.4468031,0.1427694,36
NR,2012,cyclone,historical,0.2905105333333333,0.36624336,0.18455818,36
NR,2013,cyclone,historical,0.36994609472222223,0.42740893,0.3218823,36
NR,2014,cyclone,historical,0.3526181938888889,0.4127558,0.30084783,36
NZ,1850,cyclone,historical,0.12218546980976691,0.5370878,0.0,3372
NZ,1851,cyclone,historical,0.10962429241109549,0.4823128,0.0,3372
NZ,1852,cyclone,historical,0.1085844877325006,0.549925,0.0,3372
NZ,1853,cyclone,historical,0.11982388509259816,0.4794364,0.0,3372
NZ,1854,cyclone,historical,0.11842503142620493,0.5032196,0.0,3372
NZ,1855,cyclone,historical,0.10738750642610737,0.5296142,0.0,3372
NZ,1856,cyclone,historical,0.12770281364758304,0.46970144,0.0,3372
NZ,1857,cyclone,historical,0.12365902684145771,0.5069591,0.0,3372
NZ,1858,cyclone,historical,0.11698891904165255,0.49956435,0.0,3372
NZ,1859,cyclone,historical,0.12467732734499615,0.51037335,0.0,3372
NZ,1860,cyclone,historical,0.11642405171849347,0.50850457,0.0,3372
NZ,1861,cyclone,historical,0.1153210545685685,0.47836798,0.0,3372
NZ,1862,cyclone,historical,0.11884385790138552,0.5067035,0.0,3372
NZ,1863,cyclone,historical,0.11524668118031167,0.4804621,0.0,3372
NZ,1864,cyclone,historical,0.11134846624701217,0.4594997,0.0,3372
NZ,1865,cyclone,historical,0.11131735601121441,0.51374143,0.0,3372
NZ,1866,cyclone,historical,0.11157441270225611,0.45211467,0.0,3372
NZ,1867,cyclone,historical,0.11524920901265481,0.46298638,0.0,3372
NZ,1868,cyclone,historical,0.12951316408680752,0.51954615,0.0,3372
NZ,1869,cyclone,historical,0.1190448597537455,0.49848405,0.0,3372
NZ,1870,cyclone,historical,0.11979564961803975,0.48368025,0.0,3372
NZ,1871,cyclone,historical,0.1255390394348873,0.4778315,0.0,3372
NZ,1872,cyclone,historical,0.11302336355761922,0.46772212,0.0,3372
NZ,1873,cyclone,historical,0.12193876792290866,0.5120074,0.0,3372
NZ,1874,cyclone,historical,0.1194490959180092,0.5634873,0.0,3372
NZ,1875,cyclone,historical,0.12696880729169782,0.52023447,0.0,3372
NZ,1876,cyclone,historical,0.1283454450956026,0.5685859,0.0,3372
NZ,1877,cyclone,historical,0.10742155092747213,0.47215536,0.0,3372
NZ,1878,cyclone,historical,0.12220335432246204,0.46995726,0.0,3372
NZ,1879,cyclone,historical,0.11317494879177077,0.45378438,0.0,3372
NZ,1880,cyclone,historical,0.12390436024314948,0.5395906,0.0,3372
NZ,1881,cyclone,historical,0.1236423390044657,0.5498264,0.0,3372
NZ,1882,cyclone,historical,0.12571419662343417,0.50710094,0.0,3372
NZ,1883,cyclone,historical,0.11716567027325686,0.5402106,0.0,3372
NZ,1884,cyclone,historical,0.11711166753758273,0.4685212,0.0,3372
NZ,1885,cyclone,historical,0.12733918020631316,0.53587997,0.0,3372
NZ,1886,cyclone,historical,0.12382528611805503,0.52537,0.0,3372
NZ,1887,cyclone,historical,0.132381101592406,0.57910174,0.0,3372
NZ,1888,cyclone,historical,0.1147005935269223,0.4584216,0.0,3372
NZ,1889,cyclone,historical,0.11720692380359815,0.49887952,0.0,3372
NZ,1890,cyclone,historical,0.11919870320008778,0.49524832,0.0,3372
NZ,1891,cyclone,historical,0.13233899712745398,0.5303322,0.0,3372
NZ,1892,cyclone,historical,0.12264983931398754,0.53164613,0.0,3372
NZ,1893,cyclone,historical,0.11402694839824289,0.46777618,0.0,3372
NZ,1894,cyclone,historical,0.12724928313030842,0.49108228,0.0,3372
NZ,1895,cyclone,historical,0.13459918762563464,0.5215697,0.0,3372
NZ,1896,cyclone,historical,0.12114538712861536,0.52292585,0.0,3372
NZ,1897,cyclone,historical,0.10330744097710089,0.4307333,0.0,3372
NZ,1898,cyclone,historical,0.1183571896796287,0.5278845,0.0,3372
NZ,1899,cyclone,historical,0.12653441537093388,0.4998153,0.0,3372
NZ,1900,cyclone,historical,0.12303924495230369,0.49755397,0.0,3372
NZ,1901,cyclone,historical,0.1224675020332755,0.47866625,0.0,3372
NZ,1902,cyclone,historical,0.11625756609023429,0.47564638,0.0,3372
NZ,1903,cyclone,historical,0.11854214282356465,0.5247193,0.0,3372
NZ,1904,cyclone,historical,0.12410644292793703,0.48020357,0.0,3372
NZ,1905,cyclone,historical,0.11670377774046323,0.6215377,0.0,3372
NZ,1906,cyclone,historical,0.12072789650270922,0.4898321,0.0,3372
NZ,1907,cyclone,historical,0.11711926508155693,0.4601437,0.0,3372
NZ,1908,cyclone,historical,0.12471218356030614,0.45908692,0.0,3372
NZ,1909,cyclone,historical,0.12271619835161654,0.50384384,0.0,3372
NZ,1910,cyclone,historical,0.11116156729558511,0.4960485,0.0,3372
NZ,1911,cyclone,historical,0.11808448239647895,0.543224,0.0,3372
NZ,1912,cyclone,historical,0.10907500252479567,0.46311924,0.0,3372
NZ,1913,cyclone,historical,0.11818385731199912,0.4508553,0.0,3372
NZ,1914,cyclone,historical,0.12658385128142854,0.46163297,0.0,3372
NZ,1915,cyclone,historical,0.11087628571830836,0.5006814,0.0,3372
NZ,1916,cyclone,historical,0.11932055636250742,0.4654357,0.0,3372
NZ,1917,cyclone,historical,0.12068710795708362,0.47192714,0.0,3372
NZ,1918,cyclone,historical,0.12204867846784313,0.527462,0.0,3372
NZ,1919,cyclone,historical,0.11471274602880485,0.5093279,0.0,3372
NZ,1920,cyclone,historical,0.11809454309780723,0.49686706,0.0,3372
NZ,1921,cyclone,historical,0.12222564115283066,0.50286406,0.0,3372
NZ,1922,cyclone,historical,0.11937030780194745,0.49963513,0.0,3372
NZ,1923,cyclone,historical,0.13006052542304103,0.5383269,0.0,3372
NZ,1924,cyclone,historical,0.10789659387875297,0.45361203,0.0,3372
NZ,1925,cyclone,historical,0.11853119674120641,0.5459205,0.0,3372
NZ,1926,cyclone,historical,0.1243962494832509,0.48382074,0.0,3372
NZ,1927,cyclone,historical,0.12041176119086001,0.52496535,0.0,3372
NZ,1928,cyclone,historical,0.1335766020332236,0.50639474,0.0,3372
NZ,1929,cyclone,historical,0.11912682158928113,0.4487601,0.0,3372
NZ,1930,cyclone,historical,0.11675870786219246,0.47344148,0.0,3372
NZ,1931,cyclone,historical,0.11963942013575801,0.49861455,0.0,3372
NZ,1932,cyclone,historical,0.10697003586010853,0.55306613,0.0,3372
NZ,1933,cyclone,historical,0.11203981357025919,0.5146623,0.0,3372
NZ,1934,cyclone,historical,0.11180166780014847,0.52919686,0.0,3372
NZ,1935,cyclone,historical,0.12569613190446796,0.4868452,0.0,3372
NZ,1936,cyclone,historical,0.1213602611245869,0.49772418,0.0,3372
NZ,1937,cyclone,historical,0.11330257504435279,0.4597058,0.0,3372
NZ,1938,cyclone,historical,0.11749735001046618,0.4695707,0.0,3372
NZ,1939,cyclone,historical,0.13006025223309017,0.5241399,0.0,3372
NZ,1940,cyclone,historical,0.1095795272736198,0.50638205,0.0,3372
NZ,1941,cyclone,historical,0.12272240574949674,0.49275202,0.0,3372
NZ,1942,cyclone,historical,0.11118832419903944,0.4756234,0.0,3372
NZ,1943,cyclone,historical,0.11574142355729271,0.49651152,0.0,3372
NZ,1944,cyclone,historical,0.12426106820584075,0.48151618,0.0,3372
NZ,1945,cyclone,historical,0.12042082082930636,0.4912503,0.0,3372
NZ,1946,cyclone,historical,0.1285633588516984,0.48422378,0.0,3372
NZ,1947,cyclone,historical,0.11982147910468405,0.47517037,0.0,3372
NZ,1948,cyclone,historical,0.1205029062953707,0.5139713,0.0,3372
NZ,1949,cyclone,historical,0.11882474968834887,0.5518992,0.0,3372
NZ,1950,cyclone,historical,0.1273792727965964,0.50928605,0.0,3372
NZ,1951,cyclone,historical,0.11880794515692882,0.5124059,0.0,3372
NZ,1952,cyclone,historical,0.11576248942847271,0.50528014,0.0,3372
NZ,1953,cyclone,historical,0.11238570552114976,0.46168482,0.0,3372
NZ,1954,cyclone,historical,0.12101186902530546,0.49193162,0.0,3372
NZ,1955,cyclone,historical,0.12205560665959879,0.6223932,0.0,3372
NZ,1956,cyclone,historical,0.12170724404132253,0.4838961,0.0,3372
NZ,1957,cyclone,historical,0.12054753169918861,0.46338993,0.0,3372
NZ,1958,cyclone,historical,0.11644565399275801,0.4755337,0.0,3372
NZ,1959,cyclone,historical,0.11809154968135588,0.4647004,0.0,3372
NZ,1960,cyclone,historical,0.12061741690234519,0.55199915,0.0,3372
NZ,1961,cyclone,historical,0.1267095856354575,0.5370054,0.0,3372
NZ,1962,cyclone,historical,0.11663797458709965,0.47377864,0.0,3372
NZ,1963,cyclone,historical,0.111757936637922,0.4511965,0.0,3372
NZ,1964,cyclone,historical,0.11238605223796472,0.4977736,0.0,3372
NZ,1965,cyclone,historical,0.12318045086485885,0.48871833,0.0,3372
NZ,1966,cyclone,historical,0.12559838279178825,0.4945746,0.0,3372
NZ,1967,cyclone,historical,0.11756687697978885,0.4597836,0.0,3372
NZ,1968,cyclone,historical,0.12289087453866489,0.5126436,0.0,3372
NZ,1969,cyclone,historical,0.12371029942926155,0.5642547,0.0,3372
NZ,1970,cyclone,historical,0.10626208676724586,0.4948132,0.0,3372
NZ,1971,cyclone,historical,0.11328072102880812,0.46686473,0.0,3372
NZ,1972,cyclone,historical,0.12720503743518416,0.4603455,0.0,3372
NZ,1973,cyclone,historical,0.11593310629664888,0.47753245,0.0,3372
NZ,1974,cyclone,historical,0.1213007971715475,0.4663412,0.0,3372
NZ,1975,cyclone,historical,0.1146711083846735,0.4305577,0.0,3372
NZ,1976,cyclone,historical,0.11831809627692053,0.5803717,0.0,3372
NZ,1977,cyclone,historical,0.12373149235531197,0.47658807,0.0,3372
NZ,1978,cyclone,historical,0.12952036288522153,0.5263393,0.0,3372
NZ,1979,cyclone,historical,0.11325516956771381,0.46371305,0.0,3372
NZ,1980,cyclone,historical,0.11618671182395048,0.5549463,0.0,3372
NZ,1981,cyclone,historical,0.12159147840890243,0.5056843,0.0,3372
NZ,1982,cyclone,historical,0.11889411444567706,0.54002416,0.0,3372
NZ,1983,cyclone,historical,0.11716623845520818,0.5616171,0.0,3372
NZ,1984,cyclone,historical,0.12874122689847567,0.516811,0.0,3372
NZ,1985,cyclone,historical,0.12681215926095968,0.53599346,0.0,3372
NZ,1986,cyclone,historical,0.12280173710865569,0.45916256,0.0,3372
NZ,1987,cyclone,historical,0.11733729372494454,0.48138762,0.0,3372
NZ,1988,cyclone,historical,0.11370749853722065,0.47890398,0.0,3372
NZ,1989,cyclone,historical,0.12032817043126542,0.49186596,0.0,3372
NZ,1990,cyclone,historical,0.1302261488958778,0.5395125,0.0,3372
NZ,1991,cyclone,historical,0.11446725470638387,0.48419622,0.0,3372
NZ,1992,cyclone,historical,0.1198999829021726,0.47685522,0.0,3372
NZ,1993,cyclone,historical,0.12520703377277215,0.47944126,0.0,3372
NZ,1994,cyclone,historical,0.1224959654528274,0.48950386,0.0,3372
NZ,1995,cyclone,historical,0.12020956986173517,0.55330336,0.0,3372
NZ,1996,cyclone,historical,0.11124229664539265,0.5000125,0.0,3372
NZ,1997,cyclone,historical,0.11991736079832148,0.48440233,0.0,3372
NZ,1998,cyclone,historical,0.11695978179886507,0.4967549,0.0,3372
NZ,1999,cyclone,historical,0.11428588997793102,0.5214312,0.0,3372
NZ,2000,cyclone,historical,0.11220254598806821,0.5280793,0.0,3372
NZ,2001,cyclone,historical,0.12001083725574584,0.5927132,0.0,3372
NZ,2002,cyclone,historical,0.122104006897875,0.61483234,0.0,3372
NZ,2003,cyclone,historical,0.12375196839633275,0.5240874,0.0,3372
NZ,2004,cyclone,historical,0.11427384634962633,0.4637938,0.0,3372
NZ,2005,cyclone,historical,0.12553292136169067,0.5617427,0.0,3372
NZ,2006,cyclone,historical,0.12525354684760082,0.49976695,0.0,3372
NZ,2007,cyclone,historical,0.12423597523587662,0.5276049,0.0,3372
NZ,2008,cyclone,historical,0.1207321488290491,0.48231065,0.0,3372
NZ,2009,cyclone,historical,0.13154236974579123,0.47684115,0.0,3372
NZ,2010,cyclone,historical,0.12481060638003814,0.6050569,0.0,3372
NZ,2011,cyclone,historical,0.12220037589454479,0.5281757,0.0,3372
NZ,2012,cyclone,historical,0.11179968927614797,0.50747883,0.0,3372
NZ,2013,cyclone,historical,0.12698470982430662,0.5278896,0.0,3372
NZ,2014,cyclone,historical,0.13545001465171352,0.54545397,0.0,3372
OM,1850,cyclone,historical,0.16461421071,0.632358,0.0,60
OM,1851,cyclone,historical,0.16575912877666668,0.725292,0.0,60
OM,1852,cyclone,historical,0.17454373556,0.7568467,0.0,60
OM,1853,cyclone,historical,0.172107760955,0.67836475,0.0,60
OM,1854,cyclone,historical,0.19962066539666667,0.7025823,0.0,60
OM,1855,cyclone,historical,0.14968987775,0.64438003,0.0,60
OM,1856,cyclone,historical,0.16397678456666667,0.7031819,0.0,60
OM,1857,cyclone,historical,0.18145461235,0.7339621,0.0,60
OM,1858,cyclone,historical,0.18080743668116667,0.6912249,0.0,60
OM,1859,cyclone,historical,0.17732382761833332,0.7337856,0.0,60
OM,1860,cyclone,historical,0.15268586745833332,0.6762926,0.0,60
OM,1861,cyclone,historical,0.14963270606166665,0.71849775,0.0,60
OM,1862,cyclone,historical,0.18779289066666666,0.749728,0.0,60
OM,1863,cyclone,historical,0.18395819523083334,0.7525568,0.0,60
OM,1864,cyclone,historical,0.17317340073833334,0.717984,0.0,60
OM,1865,cyclone,historical,0.15415889330833332,0.67318016,0.0,60
OM,1866,cyclone,historical,0.16907486325666668,0.72629136,0.0,60
OM,1867,cyclone,historical,0.17334571236500002,0.74044603,0.0,60
OM,1868,cyclone,historical,0.18134925766666668,0.68266624,0.0,60
OM,1869,cyclone,historical,0.17055181610666667,0.6435263,0.0,60
OM,1870,cyclone,historical,0.15984875169499999,0.67828494,0.0,60
OM,1871,cyclone,historical,0.16837835493,0.6653208,0.0,60
OM,1872,cyclone,historical,0.19699839704333336,0.7570377,0.0,60
OM,1873,cyclone,historical,0.18063339734166667,0.7128995,0.0,60
OM,1874,cyclone,historical,0.15319254422383333,0.6658786,0.0,60
OM,1875,cyclone,historical,0.17790128656,0.67015314,0.0,60
OM,1876,cyclone,historical,0.19234325638833333,0.7593791,0.0,60
OM,1877,cyclone,historical,0.181016549603,0.688355,0.0,60
OM,1878,cyclone,historical,0.15145194795333333,0.65037584,0.0,60
OM,1879,cyclone,historical,0.1474065972,0.6845947,0.0,60
OM,1880,cyclone,historical,0.18638587141500002,0.7497723,0.0,60
OM,1881,cyclone,historical,0.1896316106483333,0.7556317,0.0,60
OM,1882,cyclone,historical,0.16558136047833333,0.7341659,0.0,60
OM,1883,cyclone,historical,0.14779862835399998,0.65889245,0.0,60
OM,1884,cyclone,historical,0.158998123755,0.69587725,0.0,60
OM,1885,cyclone,historical,0.15383720017,0.65607196,0.0,60
OM,1886,cyclone,historical,0.21446904905666667,0.7214063,0.0,60
OM,1887,cyclone,historical,0.17802155746066667,0.6903307,0.0,60
OM,1888,cyclone,historical,0.16171996286333332,0.67132133,0.0,60
OM,1889,cyclone,historical,0.15477069771916666,0.65185636,0.0,60
OM,1890,cyclone,historical,0.1744615135833333,0.7717023,0.0,60
OM,1891,cyclone,historical,0.184793287989,0.72520995,0.0,60
OM,1892,cyclone,historical,0.17561160211166668,0.6584589,0.0,60
OM,1893,cyclone,historical,0.19032080209666666,0.7119066,0.0,60
OM,1894,cyclone,historical,0.16786688460166665,0.7022657,0.0,60
OM,1895,cyclone,historical,0.197671128025,0.73980445,0.0,60
OM,1896,cyclone,historical,0.20668717211666668,0.6883022,0.0,60
OM,1897,cyclone,historical,0.18457484762833334,0.7269902,0.0,60
OM,1898,cyclone,historical,0.178156998665,0.674283,0.0,60
OM,1899,cyclone,historical,0.180137053829,0.70272183,0.0,60
OM,1900,cyclone,historical,0.19476049010783333,0.75004387,0.0,60
OM,1901,cyclone,historical,0.177262654225,0.72854537,0.0,60
OM,1902,cyclone,historical,0.19615690834,0.6534396,0.0,60
OM,1903,cyclone,historical,0.16588656547783334,0.65110403,0.0,60
OM,1904,cyclone,historical,0.1613884096033333,0.6496157,0.0,60
OM,1905,cyclone,historical,0.16755595071,0.68864745,0.0,60
OM,1906,cyclone,historical,0.17379371634500002,0.7414916,0.0,60
OM,1907,cyclone,historical,0.17703448575713335,0.6320091,0.0,60
OM,1908,cyclone,historical,0.16391072726166664,0.7274077,0.0,60
OM,1909,cyclone,historical,0.18805007479833333,0.70046395,0.0,60
OM,1910,cyclone,historical,0.18097718578833336,0.66528827,0.0,60
OM,1911,cyclone,historical,0.181321249695,0.70966023,0.0,60
OM,1912,cyclone,historical,0.17532521458833333,0.6592754,0.0,60
OM,1913,cyclone,historical,0.17488011601666667,0.70009166,0.0,60
OM,1914,cyclone,historical,0.18724976718333333,0.75047237,0.0,60
OM,1915,cyclone,historical,0.18705677000999998,0.7028218,0.0,60
OM,1916,cyclone,historical,0.16580686647666668,0.7255581,0.0,60
OM,1917,cyclone,historical,0.17714136420333335,0.67852956,0.0,60
OM,1918,cyclone,historical,0.16531801130666668,0.72443396,0.0,60
OM,1919,cyclone,historical,0.18572534447333336,0.7708835,0.0,60
OM,1920,cyclone,historical,0.193116956605,0.6800887,0.0,60
OM,1921,cyclone,historical,0.16909227781833333,0.66145,0.0,60
OM,1922,cyclone,historical,0.18327844398666665,0.7145839,0.0,60
OM,1923,cyclone,historical,0.21254573616033332,0.7716035,0.0,60
OM,1924,cyclone,historical,0.1966661731,0.74758005,0.0,60
OM,1925,cyclone,historical,0.164842112975,0.6760793,0.0,60
OM,1926,cyclone,historical,0.18953066837000002,0.69185305,0.0,60
OM,1927,cyclone,historical,0.19772341215499997,0.7915292,0.0,60
OM,1928,cyclone,historical,0.18006796888999999,0.7192342,0.0,60
OM,1929,cyclone,historical,0.16054793225833333,0.6580953,0.0,60
OM,1930,cyclone,historical,0.1843243363155,0.6870288,0.0,60
OM,1931,cyclone,historical,0.20215435221466665,0.7053449,0.0,60
OM,1932,cyclone,historical,0.20226390537833333,0.7724538,0.0,60
OM,1933,cyclone,historical,0.1812788413455,0.7369242,0.0,60
OM,1934,cyclone,historical,0.16495984772,0.72256655,0.0,60
OM,1935,cyclone,historical,0.200791778105,0.6867366,0.0,60
OM,1936,cyclone,historical,0.2011117567,0.7081612,0.0,60
OM,1937,cyclone,historical,0.17722408512666668,0.61800426,0.0,60
OM,1938,cyclone,historical,0.18045222631166666,0.70417625,0.0,60
OM,1939,cyclone,historical,0.218856268937,0.76053524,0.0,60
OM,1940,cyclone,historical,0.18278344346166667,0.69947654,0.0,60
OM,1941,cyclone,historical,0.18035071831500002,0.70055085,0.0,60
OM,1942,cyclone,historical,0.16685373767833334,0.6667606,0.0,60
OM,1943,cyclone,historical,0.18277923488166667,0.713206,0.0,60
OM,1944,cyclone,historical,0.17355371769333333,0.72178596,0.0,60
OM,1945,cyclone,historical,0.16980798915,0.73133755,0.0,60
OM,1946,cyclone,historical,0.1747524931525,0.7052362,0.0,60
OM,1947,cyclone,historical,0.2330466602133333,0.7624381,0.0,60
OM,1948,cyclone,historical,0.1826864869483333,0.6782677,0.0,60
OM,1949,cyclone,historical,0.16793893751500003,0.694016,0.0,60
OM,1950,cyclone,historical,0.16900222496166667,0.7499921,0.0,60
OM,1951,cyclone,historical,0.18718147056666667,0.6641701,0.0,60
OM,1952,cyclone,historical,0.20349113881333333,0.6481551,0.0,60
OM,1953,cyclone,historical,0.16981896985166667,0.73701733,0.0,60
OM,1954,cyclone,historical,0.17034225874666667,0.7138705,0.0,60
OM,1955,cyclone,historical,0.17980282402166667,0.759732,0.0,60
OM,1956,cyclone,historical,0.19005523496166665,0.7361228,0.0,60
OM,1957,cyclone,historical,0.17707601936833334,0.7207866,0.0,60
OM,1958,cyclone,historical,0.18002842954666667,0.7113443,0.0,60
OM,1959,cyclone,historical,0.176172329544,0.72880536,0.0,60
OM,1960,cyclone,historical,0.17327756577166667,0.72794175,0.0,60
OM,1961,cyclone,historical,0.20870984614500002,0.7623561,0.0,60
OM,1962,cyclone,historical,0.19971639276,0.6913702,0.0,60
OM,1963,cyclone,historical,0.16327343316,0.64143354,0.0,60
OM,1964,cyclone,historical,0.1828819255308833,0.7358187,0.0,60
OM,1965,cyclone,historical,0.21816564890499998,0.73802155,0.0,60
OM,1966,cyclone,historical,0.182148652735,0.6678141,0.0,60
OM,1967,cyclone,historical,0.163755167005,0.6941553,0.0,60
OM,1968,cyclone,historical,0.20545587886666666,0.7084972,0.0,60
OM,1969,cyclone,historical,0.21121180167166667,0.79824144,0.0,60
OM,1970,cyclone,historical,0.18243212253666666,0.66929,0.0,60
OM,1971,cyclone,historical,0.17759490447333331,0.6831946,0.0,60
OM,1972,cyclone,historical,0.167678707245,0.70543194,0.0,60
OM,1973,cyclone,historical,0.21114389430833333,0.69277877,0.0,60
OM,1974,cyclone,historical,0.18027478976833333,0.6769993,0.0,60
OM,1975,cyclone,historical,0.18064458365833333,0.6877529,0.0,60
OM,1976,cyclone,historical,0.16734285347666666,0.6983521,0.0,60
OM,1977,cyclone,historical,0.19122643849166668,0.7314179,0.0,60
OM,1978,cyclone,historical,0.19723975099666669,0.666616,0.0,60
OM,1979,cyclone,historical,0.19525506240833332,0.73558646,0.0,60
OM,1980,cyclone,historical,0.19175669920833333,0.77114505,0.0,60
OM,1981,cyclone,historical,0.21881446074333333,0.6867957,0.0,60
OM,1982,cyclone,historical,0.19903491165783332,0.7276351,0.0,60
OM,1983,cyclone,historical,0.15572376367166668,0.6172832,0.0,60
OM,1984,cyclone,historical,0.17480911858083334,0.75940293,0.0,60
OM,1985,cyclone,historical,0.20156635251,0.6557881,0.0,60
OM,1986,cyclone,historical,0.17220688899166667,0.6571103,0.0,60
OM,1987,cyclone,historical,0.18019895708833333,0.6399599,0.0,60
OM,1988,cyclone,historical,0.19737221477,0.77989244,0.0,60
OM,1989,cyclone,historical,0.2109331278,0.7290217,0.0,60
OM,1990,cyclone,historical,0.19595183605833333,0.70765734,0.0,60
OM,1991,cyclone,historical,0.2017566393,0.724751,0.0,60
OM,1992,cyclone,historical,0.157677798425,0.67962074,0.0,60
OM,1993,cyclone,historical,0.18142315428833333,0.7304428,0.0,60
OM,1994,cyclone,historical,0.23636382659383331,0.7524829,0.0,60
OM,1995,cyclone,historical,0.21420022441666667,0.67453146,0.0,60
OM,1996,cyclone,historical,0.18556812266583333,0.7243883,0.0,60
OM,1997,cyclone,historical,0.22995858779166667,0.78860587,0.0,60
OM,1998,cyclone,historical,0.2223253728135,0.7640092,0.0,60
OM,1999,cyclone,historical,0.21518319483236667,0.7345359,0.0,60
OM,2000,cyclone,historical,0.209386860725,0.74623173,0.0,60
OM,2001,cyclone,historical,0.207877661725,0.80105823,0.0,60
OM,2002,cyclone,historical,0.2532954134,0.7534404,0.0,60
OM,2003,cyclone,historical,0.214392256265,0.69921273,0.0,60
OM,2004,cyclone,historical,0.19568755405833332,0.70282274,0.0,60
OM,2005,cyclone,historical,0.208678006285,0.76919776,0.0,60
OM,2006,cyclone,historical,0.22049734801666665,0.8133021,0.0,60
OM,2007,cyclone,historical,0.23697109082666667,0.75357276,0.0,60
OM,2008,cyclone,historical,0.23405529857333332,0.8176575,0.0,60
OM,2009,cyclone,historical,0.21733457182333332,0.7866692,0.0,60
OM,2010,cyclone,historical,0.25291355706933333,0.8120165,0.0,60
OM,2011,cyclone,historical,0.22688995873,0.77466995,0.0,60
OM,2012,cyclone,historical,0.18729360514463333,0.6669621,0.0,60
OM,2013,cyclone,historical,0.21420436871999998,0.7384729,0.0,60
OM,2014,cyclone,historical,0.237770544749,0.7838418,0.0,60
PG,1850,cyclone,historical,0.22846038229395832,0.36251858,0.0,144
PG,1851,cyclone,historical,0.2393242272236111,0.42424232,0.0,144
PG,1852,cyclone,historical,0.2321576653263889,0.40961272,0.0,144
PG,1853,cyclone,historical,0.21350621937083333,0.42385846,0.0,144
PG,1854,cyclone,historical,0.24788097296250003,0.432393,0.0026930016,144
PG,1855,cyclone,historical,0.22746691915444442,0.4117127,0.0,144
PG,1856,cyclone,historical,0.20147466675902778,0.4565376,0.0,144
PG,1857,cyclone,historical,0.22967518999027778,0.41867933,0.0,144
PG,1858,cyclone,historical,0.22046551479145834,0.45054033,0.0,144
PG,1859,cyclone,historical,0.24564710724868055,0.43113434,0.0,144
PG,1860,cyclone,historical,0.22209974950375,0.41946626,0.00095574674,144
PG,1861,cyclone,historical,0.2219200283465278,0.37141323,0.0,144
PG,1862,cyclone,historical,0.2066831821902778,0.37208068,0.0,144
PG,1863,cyclone,historical,0.21123280157069446,0.40992767,0.00035063858,144
PG,1864,cyclone,historical,0.2139166502826389,0.42147708,0.0,144
PG,1865,cyclone,historical,0.25033986070486114,0.39279616,0.0008684923,144
PG,1866,cyclone,historical,0.23630895740683336,0.45534307,0.0,144
PG,1867,cyclone,historical,0.21353050876458332,0.39186674,0.0,144
PG,1868,cyclone,historical,0.2240375172528472,0.42248404,0.0,144
PG,1869,cyclone,historical,0.2242814898027778,0.39883533,0.0,144
PG,1870,cyclone,historical,0.23752493508527778,0.37753725,0.0,144
PG,1871,cyclone,historical,0.2062706979111111,0.363191,0.0,144
PG,1872,cyclone,historical,0.23405867739166666,0.38671324,0.0,144
PG,1873,cyclone,historical,0.21787808704444445,0.41187692,0.0,144
PG,1874,cyclone,historical,0.24548577000972222,0.41090387,0.0052946964,144
PG,1875,cyclone,historical,0.19496314603305553,0.3850885,0.0,144
PG,1876,cyclone,historical,0.23501840072013888,0.38382596,0.0062939357,144
PG,1877,cyclone,historical,0.23418908209375003,0.40644747,0.0024587922,144
PG,1878,cyclone,historical,0.23079286197708335,0.39703518,0.002030354,144
PG,1879,cyclone,historical,0.2258555268090278,0.39782733,0.0,144
PG,1880,cyclone,historical,0.2165316177576389,0.4080351,0.0,144
PG,1881,cyclone,historical,0.22084151418798612,0.38205767,0.0,144
PG,1882,cyclone,historical,0.24124055187916665,0.42556697,0.0034474959,144
PG,1883,cyclone,historical,0.23579148869576386,0.43693584,0.0,144
PG,1884,cyclone,historical,0.20690870957652777,0.343197,0.0,144
PG,1885,cyclone,historical,0.18390134194930555,0.344424,0.0,144
PG,1886,cyclone,historical,0.21517600042291668,0.40852126,0.0,144
PG,1887,cyclone,historical,0.2270553140625,0.4182455,0.0,144
PG,1888,cyclone,historical,0.22833035848125002,0.38860938,0.0060462193,144
PG,1889,cyclone,historical,0.22369120396388886,0.41939747,0.0,144
PG,1890,cyclone,historical,0.2166360223652778,0.43769133,0.0,144
PG,1891,cyclone,historical,0.21234302478680556,0.3464223,0.0,144
PG,1892,cyclone,historical,0.2274601105590278,0.4328457,0.0,144
PG,1893,cyclone,historical,0.25004458307777777,0.40377635,0.0030271616,144
PG,1894,cyclone,historical,0.22387722552916667,0.39008513,0.0,144
PG,1895,cyclone,historical,0.2298391096465278,0.40138912,0.0,144
PG,1896,cyclone,historical,0.22746539686270836,0.391191,0.0,144
PG,1897,cyclone,historical,0.247906112478125,0.40419477,0.00091900805,144
PG,1898,cyclone,historical,0.23132309166847223,0.40044755,0.0,144
PG,1899,cyclone,historical,0.2134808443248611,0.39013857,0.0,144
PG,1900,cyclone,historical,0.20904156855034722,0.36476716,0.0,144
PG,1901,cyclone,historical,0.22066966657291667,0.38642955,0.0,144
PG,1902,cyclone,historical,0.21380162583611112,0.39153764,0.0,144
PG,1903,cyclone,historical,0.2274319435825,0.40338814,0.0,144
PG,1904,cyclone,historical,0.2336656256023889,0.42418683,5.6458754e-05,144
PG,1905,cyclone,historical,0.23161472214305556,0.37893233,0.0,144
PG,1906,cyclone,historical,0.22253177348073608,0.36084682,0.0,144
PG,1907,cyclone,historical,0.25517647977361113,0.39953896,0.003952923,144
PG,1908,cyclone,historical,0.2288791646097222,0.38035116,0.0,144
PG,1909,cyclone,historical,0.22412498823402777,0.43456328,0.0,144
PG,1910,cyclone,historical,0.23112424388979166,0.40405694,0.0,144
PG,1911,cyclone,historical,0.23968957935854165,0.3696491,0.0,144
PG,1912,cyclone,historical,0.233513189009375,0.40643674,0.0,144
PG,1913,cyclone,historical,0.22731444213125002,0.4430802,0.0,144
PG,1914,cyclone,historical,0.22616434370902777,0.45113778,0.0,144
PG,1915,cyclone,historical,0.24219636790694443,0.37241548,0.000934676,144
PG,1916,cyclone,historical,0.23455965308402776,0.3591184,0.0,144
PG,1917,cyclone,historical,0.23103749471847224,0.41990393,0.0,144
PG,1918,cyclone,historical,0.21612099081694444,0.41491532,0.0,144
PG,1919,cyclone,historical,0.2336171125972222,0.41327655,0.0,144
PG,1920,cyclone,historical,0.2653682492659722,0.43456662,0.0,144
PG,1921,cyclone,historical,0.2526587497898611,0.4656037,0.00021448924,144
PG,1922,cyclone,historical,0.22336172056597223,0.37513715,0.0,144
PG,1923,cyclone,historical,0.23675972616666666,0.40927398,0.0,144
PG,1924,cyclone,historical,0.24916737473680556,0.43171686,0.0,144
PG,1925,cyclone,historical,0.2548482641173611,0.40170562,0.0,144
PG,1926,cyclone,historical,0.22172822183631943,0.45426247,0.0,144
PG,1927,cyclone,historical,0.22602414220902778,0.44983262,0.0,144
PG,1928,cyclone,historical,0.25657354446874997,0.40025017,0.0035542,144
PG,1929,cyclone,historical,0.25042765283472224,0.41751397,0.0,144
PG,1930,cyclone,historical,0.2360343561472222,0.4070719,0.0,144
PG,1931,cyclone,historical,0.21329188673194444,0.35323754,0.0,144
PG,1932,cyclone,historical,0.23441378538541668,0.39283,0.0,144
PG,1933,cyclone,historical,0.24671034573541664,0.41337773,0.0,144
PG,1934,cyclone,historical,0.23428671103333334,0.41501728,0.0,144
PG,1935,cyclone,historical,0.2167533299177778,0.39248997,0.0,144
PG,1936,cyclone,historical,0.24094936831034725,0.40515572,4.592339e-05,144
PG,1937,cyclone,historical,0.26121204715833335,0.44812992,0.0,144
PG,1938,cyclone,historical,0.21125227160951388,0.4478441,0.0,144
PG,1939,cyclone,historical,0.24285527560555556,0.37477407,0.0007483312,144
PG,1940,cyclone,historical,0.25388053237763886,0.49460286,0.0,144
PG,1941,cyclone,historical,0.26062455880624996,0.43400797,0.0038297405,144
PG,1942,cyclone,historical,0.23964603055902778,0.40118736,0.0,144
PG,1943,cyclone,historical,0.22360630432847226,0.40047103,0.0,144
PG,1944,cyclone,historical,0.22976634542152777,0.39575848,0.0,144
PG,1945,cyclone,historical,0.26846826559652776,0.43465918,0.0018312626,144
PG,1946,cyclone,historical,0.2225251464090278,0.4124088,0.0,144
PG,1947,cyclone,historical,0.22464375067875,0.45492864,0.0,144
PG,1948,cyclone,historical,0.23434940059374998,0.41662455,0.0,144
PG,1949,cyclone,historical,0.24338153606944443,0.45435798,0.0,144
PG,1950,cyclone,historical,0.23805440740069445,0.3948459,0.0,144
PG,1951,cyclone,historical,0.22474706244944442,0.4187714,0.0,144
PG,1952,cyclone,historical,0.2379036749861111,0.42142555,0.0,144
PG,1953,cyclone,historical,0.2438350459111111,0.39804238,0.0,144
PG,1954,cyclone,historical,0.24746673521624998,0.41429624,0.0,144
PG,1955,cyclone,historical,0.2472436047,0.4094751,0.0,144
PG,1956,cyclone,historical,0.22592499872152777,0.40148616,0.0,144
PG,1957,cyclone,historical,0.2529957623333334,0.45609725,0.0,144
PG,1958,cyclone,historical,0.2583516856888889,0.46410522,0.0,144
PG,1959,cyclone,historical,0.2601911488076389,0.40801233,0.0,144
PG,1960,cyclone,historical,0.22558340190951387,0.4123314,0.0,144
PG,1961,cyclone,historical,0.25414135633125,0.3958234,0.0069086747,144
PG,1962,cyclone,historical,0.2462369631215278,0.48263466,0.0065689725,144
PG,1963,cyclone,historical,0.23093803698263887,0.45209587,0.0,144
PG,1964,cyclone,historical,0.19080268805694445,0.34836715,0.0,144
PG,1965,cyclone,historical,0.22051139448868057,0.3656783,0.0,144
PG,1966,cyclone,historical,0.24500177893749997,0.4022746,0.01598115,144
PG,1967,cyclone,historical,0.22127510153888888,0.42480046,0.0,144
PG,1968,cyclone,historical,0.2232491247520833,0.38874227,0.0,144
PG,1969,cyclone,historical,0.2379447830048611,0.38471353,0.0040675397,144
PG,1970,cyclone,historical,0.24989240542291669,0.42760062,0.0,144
PG,1971,cyclone,historical,0.2546452651694444,0.42735365,0.0,144
PG,1972,cyclone,historical,0.19573596690102082,0.3933039,0.0,144
PG,1973,cyclone,historical,0.2203064372590278,0.37245226,0.0,144
PG,1974,cyclone,historical,0.26979535853263886,0.41144145,0.0016780947,144
PG,1975,cyclone,historical,0.2582098439229166,0.4036262,0.0010740671,144
PG,1976,cyclone,historical,0.23029031936270833,0.4443178,0.0,144
PG,1977,cyclone,historical,0.2432109296825,0.42059907,0.0,144
PG,1978,cyclone,historical,0.26616452810694446,0.4202733,0.0,144
PG,1979,cyclone,historical,0.23977826846708336,0.41866314,0.0,144
PG,1980,cyclone,historical,0.2105915177902778,0.38852298,0.0,144
PG,1981,cyclone,historical,0.2112930222222222,0.3822801,0.0,144
PG,1982,cyclone,historical,0.23980649591222225,0.4077604,0.0,144
PG,1983,cyclone,historical,0.24650142928263888,0.44351482,0.0,144
PG,1984,cyclone,historical,0.20285516818958332,0.38303608,0.0,144
PG,1985,cyclone,historical,0.23550006955555558,0.39224148,0.0031618634,144
PG,1986,cyclone,historical,0.25570734080555557,0.47075456,0.0,144
PG,1987,cyclone,historical,0.25084236706784724,0.4056018,0.0,144
PG,1988,cyclone,historical,0.244469283375,0.4625091,0.0,144
PG,1989,cyclone,historical,0.24545403585208334,0.40346104,0.0,144
PG,1990,cyclone,historical,0.26876037766319444,0.4428991,0.0,144
PG,1991,cyclone,historical,0.2662448597736111,0.43482366,0.0011491652,144
PG,1992,cyclone,historical,0.23547816096458332,0.41618097,0.0,144
PG,1993,cyclone,historical,0.214449935425,0.37688124,0.0,144
PG,1994,cyclone,historical,0.24469795035694444,0.39499414,0.0,144
PG,1995,cyclone,historical,0.26585374009305557,0.45763105,0.0,144
PG,1996,cyclone,historical,0.23742636104833334,0.44963574,0.0,144
PG,1997,cyclone,historical,0.22969925510125,0.41927284,0.0,144
PG,1998,cyclone,historical,0.25052172245416665,0.4052546,0.0005994635,144
PG,1999,cyclone,historical,0.28298750871875,0.4492753,0.0,144
PG,2000,cyclone,historical,0.26973371006319447,0.41412595,0.0,144
PG,2001,cyclone,historical,0.2405465171986111,0.41245002,0.0,144
PG,2002,cyclone,historical,0.2724565646361111,0.42317647,0.0,144
PG,2003,cyclone,historical,0.2506942777263889,0.48168972,0.0,144
PG,2004,cyclone,historical,0.26770594306111106,0.41938487,0.0,144
PG,2005,cyclone,historical,0.26930297471375003,0.46118838,0.0,144
PG,2006,cyclone,historical,0.24823609076,0.49715286,0.0,144
PG,2007,cyclone,historical,0.25486019063218746,0.40346196,0.0,144
PG,2008,cyclone,historical,0.28617715846319447,0.47782254,0.0,144
PG,2009,cyclone,historical,0.23493149212777778,0.44794676,0.0,144
PG,2010,cyclone,historical,0.26335320782243055,0.42415035,0.0,144
PG,2011,cyclone,historical,0.27213619290347224,0.48144293,0.0,144
PG,2012,cyclone,historical,0.2774524855604167,0.4162351,0.0,144
PG,2013,cyclone,historical,0.24512932510902777,0.40197018,0.0,144
PG,2014,cyclone,historical,0.26909921863888886,0.47671437,0.0,144
PH,1850,cyclone,historical,0.2067587271409722,0.37863445,0.0,144
PH,1851,cyclone,historical,0.22527796122527777,0.44308782,0.00038729774,144
PH,1852,cyclone,historical,0.21534381937381944,0.40073264,0.0,144
PH,1853,cyclone,historical,0.2256294920173611,0.3900224,0.0,144
PH,1854,cyclone,historical,0.229663227675,0.377954,0.0,144
PH,1855,cyclone,historical,0.18732338956875,0.37921965,0.0,144
PH,1856,cyclone,historical,0.20798024252083333,0.41466272,0.0,144
PH,1857,cyclone,historical,0.2304318047013889,0.43389177,0.0,144
PH,1858,cyclone,historical,0.2167674975923611,0.44973418,0.0,144
PH,1859,cyclone,historical,0.22404526465375,0.36473885,0.0,144
PH,1860,cyclone,historical,0.2189763786861111,0.38854593,0.0,144
PH,1861,cyclone,historical,0.18335295442083333,0.38839877,0.0,144
PH,1862,cyclone,historical,0.21990790860069442,0.42090774,0.0,144
PH,1863,cyclone,historical,0.25698856714583335,0.4211553,0.0092793945,144
PH,1864,cyclone,historical,0.2415671599236111,0.37487933,0.0,144
PH,1865,cyclone,historical,0.2202012843625,0.36396646,0.0,144
PH,1866,cyclone,historical,0.2005624180236111,0.44158953,0.0,144
PH,1867,cyclone,historical,0.2177371915902778,0.4406696,0.0,144
PH,1868,cyclone,historical,0.2624830235763889,0.46417534,0.011629629,144
PH,1869,cyclone,historical,0.24185715193750001,0.38134477,0.0,144
PH,1870,cyclone,historical,0.20568331447465277,0.37789178,0.0,144
PH,1871,cyclone,historical,0.20240652239166668,0.39591682,0.0,144
PH,1872,cyclone,historical,0.23244803586249999,0.4187524,0.0,144
PH,1873,cyclone,historical,0.25215301713402777,0.38287377,0.0,144
PH,1874,cyclone,historical,0.2291971595663889,0.36725023,0.0,144
PH,1875,cyclone,historical,0.1885888694513889,0.39259136,0.0,144
PH,1876,cyclone,historical,0.22552460007687503,0.4208908,0.0,144
PH,1877,cyclone,historical,0.24376483081597222,0.3893229,0.0,144
PH,1878,cyclone,historical,0.22548313222013888,0.3749436,0.0016381142,144
PH,1879,cyclone,historical,0.20009404855069446,0.37190738,0.0,144
PH,1880,cyclone,historical,0.21004086125277777,0.40941995,0.0,144
PH,1881,cyclone,historical,0.2576467145972222,0.4372089,0.003769056,144
PH,1882,cyclone,historical,0.24419885804652777,0.4079131,0.003712205,144
PH,1883,cyclone,historical,0.21414577497916668,0.38084006,0.0,144
PH,1884,cyclone,historical,0.1808779078729167,0.41333267,0.0,144
PH,1885,cyclone,historical,0.19463884502169443,0.40401214,0.0,144
PH,1886,cyclone,historical,0.2320791674513889,0.4091155,0.0,144
PH,1887,cyclone,historical,0.235156616825,0.37199727,0.0,144
PH,1888,cyclone,historical,0.22402328265625002,0.35562262,0.0,144
PH,1889,cyclone,historical,0.19072139016944445,0.38956356,0.0,144
PH,1890,cyclone,historical,0.2182927257254167,0.4239195,0.0,144
PH,1891,cyclone,historical,0.21713659352083334,0.4237063,0.0,144
PH,1892,cyclone,historical,0.24044019125694444,0.4238787,0.012772129,144
PH,1893,cyclone,historical,0.23196134033541668,0.37146312,0.0,144
PH,1894,cyclone,historical,0.19010500134027777,0.40228853,0.0,144
PH,1895,cyclone,historical,0.21042728501527777,0.43483984,0.0,144
PH,1896,cyclone,historical,0.24589827025694444,0.36454844,0.013057938,144
PH,1897,cyclone,historical,0.22431860619763888,0.4000485,0.0,144
PH,1898,cyclone,historical,0.19949334989111112,0.4280744,0.0,144
PH,1899,cyclone,historical,0.2052815398476389,0.43369383,0.0,144
PH,1900,cyclone,historical,0.22239963411527774,0.41261822,0.0044653346,144
PH,1901,cyclone,historical,0.22302024755555555,0.43563384,0.0,144
PH,1902,cyclone,historical,0.23545938159104166,0.47379544,0.0,144
PH,1903,cyclone,historical,0.2035328665611111,0.3805432,0.0,144
PH,1904,cyclone,historical,0.19763519478750002,0.3355543,0.0,144
PH,1905,cyclone,historical,0.18685058811797223,0.35094625,0.0,144
PH,1906,cyclone,historical,0.21384643571805556,0.42086804,0.0,144
PH,1907,cyclone,historical,0.22994101212868057,0.3715262,0.0,144
PH,1908,cyclone,historical,0.19023189006513888,0.3947886,0.0,144
PH,1909,cyclone,historical,0.22433366995833331,0.44731402,0.0,144
PH,1910,cyclone,historical,0.23372704902777774,0.42516747,0.0,144
PH,1911,cyclone,historical,0.22245122679166668,0.39322564,0.0,144
PH,1912,cyclone,historical,0.23171010366597222,0.48597604,0.0,144
PH,1913,cyclone,historical,0.21105463923791667,0.40160286,0.00026421816,144
PH,1914,cyclone,historical,0.2474972559791667,0.45112187,0.0003222414,144
PH,1915,cyclone,historical,0.25084494255305556,0.40247566,0.0,144
PH,1916,cyclone,historical,0.23799905531944443,0.39527273,0.0,144
PH,1917,cyclone,historical,0.1921690482188889,0.41126356,0.0,144
PH,1918,cyclone,historical,0.19155751624340278,0.35159504,0.0,144
PH,1919,cyclone,historical,0.23903880693055557,0.4490617,0.0,144
PH,1920,cyclone,historical,0.24184140547222224,0.43817556,0.006195482,144
PH,1921,cyclone,historical,0.24267136510118054,0.39479852,0.0,144
PH,1922,cyclone,historical,0.18996328900347223,0.38600606,0.0,144
PH,1923,cyclone,historical,0.2341463670909722,0.4267788,0.0,144
PH,1924,cyclone,historical,0.24987362207638888,0.39585578,0.0,144
PH,1925,cyclone,historical,0.22662330872430556,0.38162434,0.0,144
PH,1926,cyclone,historical,0.20074299963402778,0.43868843,0.0,144
PH,1927,cyclone,historical,0.23154756267013887,0.41218522,0.0,144
PH,1928,cyclone,historical,0.24456257922222222,0.38014254,0.0,144
PH,1929,cyclone,historical,0.21310438220625,0.414975,0.0,144
PH,1930,cyclone,historical,0.20916723088055555,0.42468095,0.0,144
PH,1931,cyclone,historical,0.22508896661805558,0.42822176,0.0,144
PH,1932,cyclone,historical,0.25500203312152775,0.47878608,0.0033705125,144
PH,1933,cyclone,historical,0.2566626821111111,0.38470215,0.017610164,144
PH,1934,cyclone,historical,0.20419668060694446,0.40526834,0.0,144
PH,1935,cyclone,historical,0.2225483251451389,0.41771474,0.0028137239,144
PH,1936,cyclone,historical,0.2590265293229167,0.40060642,0.0009587387,144
PH,1937,cyclone,historical,0.21742777160416668,0.3910533,0.0,144
PH,1938,cyclone,historical,0.2181662347236111,0.3778901,0.0,144
PH,1939,cyclone,historical,0.2643025180659722,0.4871468,0.0134406565,144
PH,1940,cyclone,historical,0.2502670294001389,0.4093666,0.0,144
PH,1941,cyclone,historical,0.24244194288194443,0.44547296,0.001030242,144
PH,1942,cyclone,historical,0.2350202905138889,0.4198562,0.0,144
PH,1943,cyclone,historical,0.20986405089930557,0.432664,0.0,144
PH,1944,cyclone,historical,0.24443914687291665,0.41679168,0.0010595467,144
PH,1945,cyclone,historical,0.21874376075347224,0.40368137,0.0,144
PH,1946,cyclone,historical,0.21088395797222223,0.39242393,0.0,144
PH,1947,cyclone,historical,0.2522808452859028,0.45334724,0.0,144
PH,1948,cyclone,historical,0.25727867074305555,0.46089554,0.007438476,144
PH,1949,cyclone,historical,0.2393361957333333,0.39234757,0.0,144
PH,1950,cyclone,historical,0.21651562220833334,0.39792454,0.0,144
PH,1951,cyclone,historical,0.23483747940972222,0.441557,0.0,144
PH,1952,cyclone,historical,0.2726921542326389,0.47850108,0.0,144
PH,1953,cyclone,historical,0.2362147321979167,0.38713062,0.0,144
PH,1954,cyclone,historical,0.22173586722555555,0.3991946,0.0,144
PH,1955,cyclone,historical,0.24196525497916666,0.47094458,0.0,144
PH,1956,cyclone,historical,0.23170290561319445,0.46994004,0.0,144
PH,1957,cyclone,historical,0.2747532076597222,0.48956776,0.0118289,144
PH,1958,cyclone,historical,0.23903376189583334,0.4161848,0.0,144
PH,1959,cyclone,historical,0.19662188496069444,0.40578464,0.0,144
PH,1960,cyclone,historical,0.23171806214375001,0.4265411,0.0,144
PH,1961,cyclone,historical,0.2632793798333333,0.4499923,0.0,144
PH,1962,cyclone,historical,0.26740913048611115,0.4079009,0.009588266,144
PH,1963,cyclone,historical,0.20347554833333334,0.35488266,0.0,144
PH,1964,cyclone,historical,0.17734312441583333,0.35292208,0.0,144
PH,1965,cyclone,historical,0.24137752659305553,0.45744067,0.0006815166,144
PH,1966,cyclone,historical,0.2344176849345139,0.3631226,0.0,144
PH,1967,cyclone,historical,0.20365631429652778,0.38933733,0.0,144
PH,1968,cyclone,historical,0.22166545762854165,0.43529198,0.0,144
PH,1969,cyclone,historical,0.2552812017166667,0.45283228,0.0030364392,144
PH,1970,cyclone,historical,0.24423700176388888,0.38992095,0.011429069,144
PH,1971,cyclone,historical,0.2271010587638889,0.37353688,0.0,144
PH,1972,cyclone,historical,0.17649856832763888,0.40948656,0.0,144
PH,1973,cyclone,historical,0.24289547322291666,0.44267863,0.0,144
PH,1974,cyclone,historical,0.2409950483402778,0.40827534,0.0,144
PH,1975,cyclone,historical,0.2294258119763889,0.41996723,0.0,144
PH,1976,cyclone,historical,0.20816771770138887,0.4017884,0.0,144
PH,1977,cyclone,historical,0.2395403378722222,0.42506462,0.0042672353,144
PH,1978,cyclone,historical,0.22950641592361112,0.43264472,0.0,144
PH,1979,cyclone,historical,0.2361036640972222,0.4251305,0.0,144
PH,1980,cyclone,historical,0.23777822256944445,0.40402696,0.011709924,144
PH,1981,cyclone,historical,0.25321517645138886,0.42951193,0.027140003,144
PH,1982,cyclone,historical,0.24040411161319442,0.37445092,0.0,144
PH,1983,cyclone,historical,0.20055340806944444,0.36024258,0.0,144
PH,1984,cyclone,historical,0.19932386355354167,0.3904127,0.0,144
PH,1985,cyclone,historical,0.26395783304166665,0.47035635,0.01281002,144
PH,1986,cyclone,historical,0.21995922111388888,0.36388204,0.0,144
PH,1987,cyclone,historical,0.19891007236972225,0.4090352,0.0,144
PH,1988,cyclone,historical,0.23769079054652778,0.47060856,0.0,144
PH,1989,cyclone,historical,0.25830237629166664,0.4168443,0.021381048,144
PH,1990,cyclone,historical,0.241391086625,0.38046914,0.0,144
PH,1991,cyclone,historical,0.23410755512361112,0.37787187,0.0010665798,144
PH,1992,cyclone,historical,0.1941383245034722,0.3900868,0.0,144
PH,1993,cyclone,historical,0.21638612603208332,0.41862458,0.0,144
PH,1994,cyclone,historical,0.26900185430555557,0.4720238,0.0,144
PH,1995,cyclone,historical,0.24706734105812503,0.3935341,0.0,144
PH,1996,cyclone,historical,0.21726786051388888,0.3793773,0.0,144
PH,1997,cyclone,historical,0.2532350662631944,0.4449064,0.0,144
PH,1998,cyclone,historical,0.28318873421527774,0.45443684,0.019799767,144
PH,1999,cyclone,historical,0.2528011653611111,0.39829218,0.0,144
PH,2000,cyclone,historical,0.23070316389166667,0.44793415,0.0,144
PH,2001,cyclone,historical,0.2541935459513889,0.47603786,0.009233204,144
PH,2002,cyclone,historical,0.2692926258888889,0.47552007,0.01536949,144
PH,2003,cyclone,historical,0.274257817625,0.3982844,0.022579499,144
PH,2004,cyclone,historical,0.25992172356944443,0.4063416,0.017793886,144
PH,2005,cyclone,historical,0.2226830753034722,0.40722543,0.0,144
PH,2006,cyclone,historical,0.25370306990625,0.49152058,0.005904084,144
PH,2007,cyclone,historical,0.2669896408020833,0.48372537,0.0021572995,144
PH,2008,cyclone,historical,0.2540479574861111,0.44990897,0.010053038,144
PH,2009,cyclone,historical,0.2622738617013889,0.44892448,0.017414954,144
PH,2010,cyclone,historical,0.2683822251736111,0.48194376,0.008378569,144
PH,2011,cyclone,historical,0.29818627482291665,0.43836433,0.0102376565,144
PH,2012,cyclone,historical,0.2696867675875,0.43877843,0.0,144
PH,2013,cyclone,historical,0.23594584842708333,0.42765456,0.0,144
PH,2014,cyclone,historical,0.2556251124861111,0.4488902,0.0015923054,144
PK,1850,cyclone,historical,0.17757769080416666,0.4713757,0.0,24
PK,1851,cyclone,historical,0.18105830895,0.53558296,0.0,24
PK,1852,cyclone,historical,0.17561025345833334,0.5144871,0.0,24
PK,1853,cyclone,historical,0.17731679595833336,0.5069224,0.0,24
PK,1854,cyclone,historical,0.20651676355416668,0.5583314,0.0,24
PK,1855,cyclone,historical,0.17033979390416668,0.46195257,0.0,24
PK,1856,cyclone,historical,0.16675575691666666,0.49892563,0.0,24
PK,1857,cyclone,historical,0.19060707845833333,0.5879692,0.0,24
PK,1858,cyclone,historical,0.1893615725,0.53786933,0.0,24
PK,1859,cyclone,historical,0.1945571706625,0.54861104,0.0,24
PK,1860,cyclone,historical,0.17383408651249999,0.4845582,0.0,24
PK,1861,cyclone,historical,0.16536291149166668,0.49657655,0.0,24
PK,1862,cyclone,historical,0.19712402624,0.5458176,0.0,24
PK,1863,cyclone,historical,0.19206179531,0.5566283,0.0,24
PK,1864,cyclone,historical,0.1928489641875,0.52890694,0.0,24
PK,1865,cyclone,historical,0.16533253374999998,0.5111916,0.0,24
PK,1866,cyclone,historical,0.17472484636666666,0.5109894,0.0,24
PK,1867,cyclone,historical,0.1774744365958333,0.5671593,0.0,24
PK,1868,cyclone,historical,0.19012864447670833,0.5044095,0.0,24
PK,1869,cyclone,historical,0.1910284572833333,0.522699,0.0,24
PK,1870,cyclone,historical,0.1756014752625,0.4815734,0.0,24
PK,1871,cyclone,historical,0.15937740325,0.46671525,0.0,24
PK,1872,cyclone,historical,0.20133139737499997,0.54984146,0.0,24
PK,1873,cyclone,historical,0.19109218065,0.5252794,0.0,24
PK,1874,cyclone,historical,0.17546854519583333,0.46845248,0.0,24
PK,1875,cyclone,historical,0.18145525541666666,0.48656988,0.0,24
PK,1876,cyclone,historical,0.20244645148208332,0.5690167,0.0,24
PK,1877,cyclone,historical,0.19998769169166666,0.5232683,0.0,24
PK,1878,cyclone,historical,0.17413974266666665,0.44191274,0.0,24
PK,1879,cyclone,historical,0.15851218370833334,0.49323404,0.0,24
PK,1880,cyclone,historical,0.19218056975,0.55814993,0.0,24
PK,1881,cyclone,historical,0.19580639278333334,0.5557639,0.0,24
PK,1882,cyclone,historical,0.18280118129166667,0.5050871,0.0,24
PK,1883,cyclone,historical,0.1815255374125,0.4499449,0.0,24
PK,1884,cyclone,historical,0.168244005,0.55472773,0.0,24
PK,1885,cyclone,historical,0.15481987313333334,0.48143354,0.0,24
PK,1886,cyclone,historical,0.21284725851666667,0.5549067,0.0,24
PK,1887,cyclone,historical,0.19313182920833336,0.5017955,0.0,24
PK,1888,cyclone,historical,0.18544405034583333,0.46547955,0.0,24
PK,1889,cyclone,historical,0.17201443260166668,0.4894322,0.0,24
PK,1890,cyclone,historical,0.16456953796249998,0.5145321,0.0,24
PK,1891,cyclone,historical,0.18318425808333336,0.51648897,0.0,24
PK,1892,cyclone,historical,0.18450810896125,0.51667666,0.0,24
PK,1893,cyclone,historical,0.2127998025875,0.5370233,0.0,24
PK,1894,cyclone,historical,0.17928741563749998,0.47448844,0.0,24
PK,1895,cyclone,historical,0.197157173875,0.5456183,0.0,24
PK,1896,cyclone,historical,0.20140501279875,0.50334287,0.0,24
PK,1897,cyclone,historical,0.20966439779166668,0.5440389,0.0,24
PK,1898,cyclone,historical,0.17797711764583332,0.5006016,0.0,24
PK,1899,cyclone,historical,0.17621435766666668,0.51978993,0.0,24
PK,1900,cyclone,historical,0.1994467592,0.5659073,0.0,24
PK,1901,cyclone,historical,0.17538757841666666,0.534208,0.0,24
PK,1902,cyclone,historical,0.19669285780416668,0.5395098,0.0,24
PK,1903,cyclone,historical,0.17624598461708332,0.49906752,0.0,24
PK,1904,cyclone,historical,0.161137820125,0.46712607,0.0,24
PK,1905,cyclone,historical,0.16842312670833334,0.48271465,0.0,24
PK,1906,cyclone,historical,0.1789548420375,0.5695528,0.0,24
PK,1907,cyclone,historical,0.18148419604166666,0.49084675,0.0,24
PK,1908,cyclone,historical,0.17481269254166665,0.49266544,0.0,24
PK,1909,cyclone,historical,0.17725889914583334,0.51115,0.0,24
PK,1910,cyclone,historical,0.1963233473625,0.56207347,0.0,24
PK,1911,cyclone,historical,0.18431994216666667,0.543939,0.0,24
PK,1912,cyclone,historical,0.18360759514166666,0.50978076,0.0,24
PK,1913,cyclone,historical,0.17632378552083336,0.5208998,0.0,24
PK,1914,cyclone,historical,0.19251625489583335,0.543112,0.0,24
PK,1915,cyclone,historical,0.18774655533333331,0.50944984,0.0,24
PK,1916,cyclone,historical,0.19107668943125,0.5247713,0.0,24
PK,1917,cyclone,historical,0.187506200875,0.52901745,0.0,24
PK,1918,cyclone,historical,0.17695081783333333,0.52015865,0.0,24
PK,1919,cyclone,historical,0.18226381825000001,0.56480277,0.0,24
PK,1920,cyclone,historical,0.20358974965833335,0.51259017,0.0,24
PK,1921,cyclone,historical,0.18969861538333332,0.5306838,0.0,24
PK,1922,cyclone,historical,0.199064537875,0.5533419,0.0,24
PK,1923,cyclone,historical,0.205923017375,0.5928781,0.0,24
PK,1924,cyclone,historical,0.20508397425,0.5574404,0.0,24
PK,1925,cyclone,historical,0.17995500551083332,0.506644,0.0,24
PK,1926,cyclone,historical,0.18807960033333335,0.48756555,0.0,24
PK,1927,cyclone,historical,0.1885508678125,0.56251174,0.0,24
PK,1928,cyclone,historical,0.19300777070833333,0.53633845,0.0,24
PK,1929,cyclone,historical,0.18130952520833332,0.52381533,0.0,24
PK,1930,cyclone,historical,0.196038972375,0.5260427,0.0,24
PK,1931,cyclone,historical,0.18860770366666668,0.5440004,0.0,24
PK,1932,cyclone,historical,0.19972831762499998,0.56269616,0.0,24
PK,1933,cyclone,historical,0.20364004926416668,0.550381,0.0,24
PK,1934,cyclone,historical,0.18221520966666668,0.5223617,0.0,24
PK,1935,cyclone,historical,0.19072608497447083,0.55010015,0.0,24
PK,1936,cyclone,historical,0.204822639375,0.55672574,0.0,24
PK,1937,cyclone,historical,0.181478054375,0.5098627,0.0,24
PK,1938,cyclone,historical,0.180242439825,0.4986157,0.0,24
PK,1939,cyclone,historical,0.21830085539625,0.58699685,0.0,24
PK,1940,cyclone,historical,0.19080819258333334,0.536975,0.0,24
PK,1941,cyclone,historical,0.2126619545375,0.52350736,0.0,24
PK,1942,cyclone,historical,0.16714283577916667,0.5042511,0.0,24
PK,1943,cyclone,historical,0.18632044074583332,0.5778245,0.0,24
PK,1944,cyclone,historical,0.1700132784125,0.49447125,0.0,24
PK,1945,cyclone,historical,0.16011362260416667,0.5600022,0.0,24
PK,1946,cyclone,historical,0.17952962454875,0.5308001,0.0,24
PK,1947,cyclone,historical,0.23003989678458334,0.607242,0.0,24
PK,1948,cyclone,historical,0.1893766090833333,0.4789235,0.0,24
PK,1949,cyclone,historical,0.18176543824166666,0.5294305,0.0,24
PK,1950,cyclone,historical,0.18195643695416666,0.52051127,0.0,24
PK,1951,cyclone,historical,0.18125014404166664,0.49364308,0.0,24
PK,1952,cyclone,historical,0.19678949620833333,0.5484294,0.0,24
PK,1953,cyclone,historical,0.17821609970833333,0.5315558,0.0,24
PK,1954,cyclone,historical,0.17685832508333332,0.4759702,0.0,24
PK,1955,cyclone,historical,0.19146797550000003,0.5381922,0.0,24
PK,1956,cyclone,historical,0.18858965729166666,0.5377003,0.0,24
PK,1957,cyclone,historical,0.17149261948749997,0.55380905,0.0,24
PK,1958,cyclone,historical,0.19113799025,0.5130846,0.0,24
PK,1959,cyclone,historical,0.17745461205333335,0.5164884,0.0,24
PK,1960,cyclone,historical,0.17005284069166668,0.48861468,0.0,24
PK,1961,cyclone,historical,0.19215125200000002,0.5543593,0.0,24
PK,1962,cyclone,historical,0.20375488253083332,0.52927345,0.0,24
PK,1963,cyclone,historical,0.17615372741666666,0.4742433,0.0,24
PK,1964,cyclone,historical,0.18157409927083334,0.5158142,0.0,24
PK,1965,cyclone,historical,0.20654649425833335,0.57446164,0.0,24
PK,1966,cyclone,historical,0.19995514454291666,0.5146674,0.0,24
PK,1967,cyclone,historical,0.18401258525,0.530509,0.0,24
PK,1968,cyclone,historical,0.214462976225,0.5694984,0.0,24
PK,1969,cyclone,historical,0.2194146582708333,0.58608663,0.0,24
PK,1970,cyclone,historical,0.19256565621666666,0.49821085,0.0,24
PK,1971,cyclone,historical,0.19708571739583333,0.53480685,0.0,24
PK,1972,cyclone,historical,0.15544875508916667,0.5004723,0.0,24
PK,1973,cyclone,historical,0.19676314475,0.544715,0.0,24
PK,1974,cyclone,historical,0.18714084012499999,0.5186142,0.0,24
PK,1975,cyclone,historical,0.18832534320833336,0.49720842,0.0,24
PK,1976,cyclone,historical,0.16911897625000002,0.49448046,0.0,24
PK,1977,cyclone,historical,0.18569276733333331,0.5222579,0.0,24
PK,1978,cyclone,historical,0.20384377833333334,0.5487838,0.0,24
PK,1979,cyclone,historical,0.19089672484166667,0.5755482,0.0,24
PK,1980,cyclone,historical,0.206006112875,0.55177164,0.0,24
PK,1981,cyclone,historical,0.21655001095833334,0.53453827,0.0,24
PK,1982,cyclone,historical,0.2001882095166667,0.51555306,0.0,24
PK,1983,cyclone,historical,0.15934811033041665,0.49287224,0.0,24
PK,1984,cyclone,historical,0.1705509200166667,0.5578278,0.0,24
PK,1985,cyclone,historical,0.20385077591666667,0.55410373,0.0,24
PK,1986,cyclone,historical,0.18499054698333336,0.4492776,0.0,24
PK,1987,cyclone,historical,0.18467765816666667,0.48614627,0.0,24
PK,1988,cyclone,historical,0.19950864008333333,0.54937756,0.0,24
PK,1989,cyclone,historical,0.22286521579166665,0.54941636,0.0,24
PK,1990,cyclone,historical,0.19726874598333333,0.54963297,0.0,24
PK,1991,cyclone,historical,0.20171360983333333,0.5491066,0.0,24
PK,1992,cyclone,historical,0.17251844483333334,0.4925817,0.0,24
PK,1993,cyclone,historical,0.19217278625,0.5449439,0.0,24
PK,1994,cyclone,historical,0.22383593370833332,0.59821826,0.0,24
PK,1995,cyclone,historical,0.22068098770833333,0.5391739,0.0,24
PK,1996,cyclone,historical,0.1825927465,0.5115074,0.0,24
PK,1997,cyclone,historical,0.2166365655775,0.5811374,0.0,24
PK,1998,cyclone,historical,0.23777220050416667,0.5519159,0.0,24
PK,1999,cyclone,historical,0.2151672674825,0.5572753,0.0,24
PK,2000,cyclone,historical,0.20875824755000003,0.5857874,0.0,24
PK,2001,cyclone,historical,0.1990065156666667,0.5599233,0.0,24
PK,2002,cyclone,historical,0.24136231470833333,0.5588176,0.0,24
PK,2003,cyclone,historical,0.20619533723750003,0.5663713,0.0,24
PK,2004,cyclone,historical,0.21134079015416665,0.5035273,0.0,24
PK,2005,cyclone,historical,0.2105885316375,0.58357745,0.0,24
PK,2006,cyclone,historical,0.21817075106666664,0.60754406,0.0,24
PK,2007,cyclone,historical,0.22946611857666666,0.58750176,0.0,24
PK,2008,cyclone,historical,0.22786671420416668,0.5937699,0.0,24
PK,2009,cyclone,historical,0.21078072074999998,0.5668446,0.0,24
PK,2010,cyclone,historical,0.24986265570833333,0.5909863,0.0,24
PK,2011,cyclone,historical,0.23070028822916666,0.6091273,0.0,24
PK,2012,cyclone,historical,0.1940708805,0.49292225,0.0,24
PK,2013,cyclone,historical,0.20767840445833333,0.55712795,0.0,24
PK,2014,cyclone,historical,0.22253409025,0.5756782,0.0,24
PW,1850,cyclone,historical,0.2616869846666667,0.3566175,0.087727174,48
PW,1851,cyclone,historical,0.26409146145833334,0.3385958,0.12514839,48
PW,1852,cyclone,historical,0.2566812555833333,0.36480632,0.062270798,48
PW,1853,cyclone,historical,0.2659063647916667,0.3626498,0.07438007,48
PW,1854,cyclone,historical,0.27811548041666667,0.383438,0.11594573,48
PW,1855,cyclone,historical,0.25553977072916667,0.37976778,0.115828395,48
PW,1856,cyclone,historical,0.2489668495,0.3378675,0.08746432,48
PW,1857,cyclone,historical,0.2596389825416667,0.39316523,0.065065876,48
PW,1858,cyclone,historical,0.25992747489583334,0.35904077,0.107136235,48
PW,1859,cyclone,historical,0.27503132252083334,0.352882,0.090994306,48
PW,1860,cyclone,historical,0.27350148229166665,0.3449421,0.10234132,48
PW,1861,cyclone,historical,0.22599241385416668,0.33126825,0.06933905,48
PW,1862,cyclone,historical,0.252477118625,0.34946927,0.06426527,48
PW,1863,cyclone,historical,0.27390219,0.3780717,0.08649227,48
PW,1864,cyclone,historical,0.29091850291666665,0.3461318,0.16802067,48
PW,1865,cyclone,historical,0.27777959583333334,0.3636492,0.11947725,48
PW,1866,cyclone,historical,0.24978675904166667,0.36346805,0.06264998,48
PW,1867,cyclone,historical,0.236337336125,0.34468317,0.06221512,48
PW,1868,cyclone,historical,0.2940435452291667,0.41049266,0.10083617,48
PW,1869,cyclone,historical,0.30324278125,0.36161214,0.18940526,48
PW,1870,cyclone,historical,0.2684493054166667,0.37863085,0.13900661,48
PW,1871,cyclone,historical,0.23564879664583335,0.3409719,0.0504364,48
PW,1872,cyclone,historical,0.2685357782291667,0.37878138,0.094202325,48
PW,1873,cyclone,historical,0.27500980125,0.3309286,0.14099212,48
PW,1874,cyclone,historical,0.283475189375,0.35891536,0.16488515,48
PW,1875,cyclone,historical,0.232845271375,0.320554,0.079259716,48
PW,1876,cyclone,historical,0.2632074239166667,0.41004387,0.046828996,48
PW,1877,cyclone,historical,0.2821656820833333,0.35901552,0.14909409,48
PW,1878,cyclone,historical,0.27136970604166666,0.37377656,0.17320508,48
PW,1879,cyclone,historical,0.25628541425,0.339259,0.11764696,48
PW,1880,cyclone,historical,0.24743047506250002,0.34643897,0.053181663,48
PW,1881,cyclone,historical,0.28766877760416665,0.3853144,0.115917265,48
PW,1882,cyclone,historical,0.294759455,0.38528484,0.14456028,48
PW,1883,cyclone,historical,0.26649069479166665,0.35490784,0.16384858,48
PW,1884,cyclone,historical,0.23325486216666666,0.33075446,0.063155904,48
PW,1885,cyclone,historical,0.23333229977083333,0.33199924,0.042912137,48
PW,1886,cyclone,historical,0.2685744737083333,0.38517776,0.074901104,48
PW,1887,cyclone,historical,0.28609325229166666,0.36733434,0.1316121,48
PW,1888,cyclone,historical,0.2803572710416667,0.3440013,0.15003285,48
PW,1889,cyclone,historical,0.23909791925,0.32812542,0.105447724,48
PW,1890,cyclone,historical,0.24199956125,0.371384,0.07948612,48
PW,1891,cyclone,historical,0.24798861845833334,0.3561177,0.06291843,48
PW,1892,cyclone,historical,0.267160121125,0.3534836,0.1089402,48
PW,1893,cyclone,historical,0.28907298770833334,0.3502589,0.12680753,48
PW,1894,cyclone,historical,0.23783614604166667,0.33488232,0.10465406,48
PW,1895,cyclone,historical,0.25161849595833335,0.36384392,0.032870602,48
PW,1896,cyclone,historical,0.27264467354166666,0.34923697,0.12688202,48
PW,1897,cyclone,historical,0.28801429875,0.3725596,0.13391018,48
PW,1898,cyclone,historical,0.25108981570833333,0.34381855,0.10270728,48
PW,1899,cyclone,historical,0.23861376133333334,0.36435536,0.036507897,48
PW,1900,cyclone,historical,0.26020755991666666,0.36212102,0.075252056,48
PW,1901,cyclone,historical,0.2663210658333333,0.37600031,0.11910595,48
PW,1902,cyclone,historical,0.2661180763541667,0.36658671,0.074814945,48
PW,1903,cyclone,historical,0.26729033010416664,0.3471093,0.09125467,48
PW,1904,cyclone,historical,0.2638971497916667,0.3405792,0.11893713,48
PW,1905,cyclone,historical,0.25915010125,0.3434868,0.12154874,48
PW,1906,cyclone,historical,0.2551660560416667,0.36152157,0.05879967,48
PW,1907,cyclone,historical,0.2857241658333333,0.367569,0.11417594,48
PW,1908,cyclone,historical,0.24985941927083333,0.32487828,0.114100695,48
PW,1909,cyclone,historical,0.25732212437499996,0.35367855,0.08796007,48
PW,1910,cyclone,historical,0.2789087386458333,0.36309317,0.09977012,48
PW,1911,cyclone,historical,0.2838627920833333,0.3625368,0.15947565,48
PW,1912,cyclone,historical,0.278826299375,0.403011,0.11644614,48
PW,1913,cyclone,historical,0.26081482375,0.34732306,0.08502852,48
PW,1914,cyclone,historical,0.28319432,0.38081685,0.11102447,48
PW,1915,cyclone,historical,0.3068226975,0.39984342,0.11844703,48
PW,1916,cyclone,historical,0.28964805479166666,0.3655413,0.14768863,48
PW,1917,cyclone,historical,0.26238080625,0.3598485,0.08092761,48
PW,1918,cyclone,historical,0.24192990741666667,0.32698137,0.07469745,48
PW,1919,cyclone,historical,0.27770584291666667,0.37702093,0.10449647,48
PW,1920,cyclone,historical,0.29573876958333334,0.3923686,0.1153267,48
PW,1921,cyclone,historical,0.3196336464583333,0.40101683,0.18055667,48
PW,1922,cyclone,historical,0.2509921097916667,0.34731147,0.09960903,48
PW,1923,cyclone,historical,0.27086698525,0.41041145,0.044003442,48
PW,1924,cyclone,historical,0.32276742770833333,0.3989961,0.2047065,48
PW,1925,cyclone,historical,0.281397816875,0.34447116,0.15524146,48
PW,1926,cyclone,historical,0.252195331875,0.3383776,0.09836087,48
PW,1927,cyclone,historical,0.279101289375,0.37304443,0.07825356,48
PW,1928,cyclone,historical,0.30144465187499997,0.3654472,0.13759272,48
PW,1929,cyclone,historical,0.27289199375,0.36071143,0.12742418,48
PW,1930,cyclone,historical,0.25550748870833334,0.35802555,0.053972352,48
PW,1931,cyclone,historical,0.24553223916666667,0.35618937,0.07340774,48
PW,1932,cyclone,historical,0.28228116427083333,0.39142513,0.07626612,48
PW,1933,cyclone,historical,0.30393133583333337,0.3880548,0.1756877,48
PW,1934,cyclone,historical,0.26948247166666667,0.34498638,0.13425261,48
PW,1935,cyclone,historical,0.2470976084583333,0.34044862,0.066040546,48
PW,1936,cyclone,historical,0.29719435666666666,0.3690187,0.10630849,48
PW,1937,cyclone,historical,0.28241290979166667,0.35745674,0.14112964,48
PW,1938,cyclone,historical,0.24648015895833333,0.32563025,0.08295737,48
PW,1939,cyclone,historical,0.2896460558333333,0.39202353,0.1084784,48
PW,1940,cyclone,historical,0.30230817625,0.36460534,0.14749807,48
PW,1941,cyclone,historical,0.2954197370833333,0.3777811,0.14719684,48
PW,1942,cyclone,historical,0.26924324197916666,0.36390257,0.115535185,48
PW,1943,cyclone,historical,0.256809982125,0.35689473,0.090167224,48
PW,1944,cyclone,historical,0.2745243190625,0.37853214,0.100237355,48
PW,1945,cyclone,historical,0.282488216875,0.36103925,0.08660576,48
PW,1946,cyclone,historical,0.261733865625,0.35215157,0.09565269,48
PW,1947,cyclone,historical,0.2819624973125,0.3756079,0.092956886,48
PW,1948,cyclone,historical,0.2980289033333334,0.3958261,0.10838372,48
PW,1949,cyclone,historical,0.3027260327083333,0.39914754,0.16712338,48
PW,1950,cyclone,historical,0.2710439075,0.35064036,0.15292193,48
PW,1951,cyclone,historical,0.282331015125,0.38735014,0.109756276,48
PW,1952,cyclone,historical,0.31888217708333333,0.4400674,0.13347174,48
PW,1953,cyclone,historical,0.3135450539583333,0.38779664,0.2178151,48
PW,1954,cyclone,historical,0.2819298914583333,0.3654319,0.16956876,48
PW,1955,cyclone,historical,0.28218639333333334,0.37514654,0.11771052,48
PW,1956,cyclone,historical,0.280280306875,0.38871455,0.11755213,48
PW,1957,cyclone,historical,0.31296446270833334,0.41395396,0.15219893,48
PW,1958,cyclone,historical,0.29402421395833334,0.38765413,0.15440905,48
PW,1959,cyclone,historical,0.2670934118125,0.38096777,0.030940497,48
PW,1960,cyclone,historical,0.2829035165625,0.3736149,0.08720362,48
PW,1961,cyclone,historical,0.28855872208333333,0.389825,0.12715797,48
PW,1962,cyclone,historical,0.298501094375,0.36328346,0.19790144,48
PW,1963,cyclone,historical,0.27595439145833334,0.34830275,0.15317291,48
PW,1964,cyclone,historical,0.22246421104166667,0.30929387,0.031014575,48
PW,1965,cyclone,historical,0.265281627,0.37208372,0.068682656,48
PW,1966,cyclone,historical,0.29635087708333335,0.35032514,0.13696034,48
PW,1967,cyclone,historical,0.2596747477083333,0.3293417,0.13882425,48
PW,1968,cyclone,historical,0.25120982520833335,0.4020628,0.072566696,48
PW,1969,cyclone,historical,0.278057048125,0.37139034,0.10356517,48
PW,1970,cyclone,historical,0.2932889920833333,0.38541657,0.13501364,48
PW,1971,cyclone,historical,0.288961221875,0.34581986,0.14200553,48
PW,1972,cyclone,historical,0.23369602727083336,0.35552573,0.061531894,48
PW,1973,cyclone,historical,0.276681136875,0.3755541,0.07869138,48
PW,1974,cyclone,historical,0.2980048872916667,0.36844337,0.14158869,48
PW,1975,cyclone,historical,0.2928641353125,0.37091464,0.120358735,48
PW,1976,cyclone,historical,0.26216134333333335,0.3661271,0.12505014,48
PW,1977,cyclone,historical,0.27662920979166666,0.3863575,0.09589555,48
PW,1978,cyclone,historical,0.28101515125,0.36780113,0.11850862,48
PW,1979,cyclone,historical,0.2791626798958333,0.36830908,0.10763456,48
PW,1980,cyclone,historical,0.26775192249999996,0.3802628,0.09352331,48
PW,1981,cyclone,historical,0.27362506904166667,0.36960033,0.1130886,48
PW,1982,cyclone,historical,0.29080174333333336,0.35724026,0.15133691,48
PW,1983,cyclone,historical,0.27133188041666667,0.34944493,0.13715479,48
PW,1984,cyclone,historical,0.2407392815625,0.33146864,0.061483085,48
PW,1985,cyclone,historical,0.291560228125,0.38870177,0.10477897,48
PW,1986,cyclone,historical,0.2886676195833333,0.3463987,0.15518491,48
PW,1987,cyclone,historical,0.2639169925,0.35324997,0.07936826,48
PW,1988,cyclone,historical,0.283373229375,0.3803959,0.069456294,48
PW,1989,cyclone,historical,0.30458192208333335,0.3783985,0.13467425,48
PW,1990,cyclone,historical,0.297524008125,0.3631461,0.14758968,48
PW,1991,cyclone,historical,0.2979148529166667,0.37743598,0.12068918,48
PW,1992,cyclone,historical,0.256652889375,0.3571761,0.13265023,48
PW,1993,cyclone,historical,0.2606415290833333,0.35083994,0.056319606,48
PW,1994,cyclone,historical,0.29810170770833333,0.39473647,0.11842439,48
PW,1995,cyclone,historical,0.3059962975,0.3758358,0.13433945,48
PW,1996,cyclone,historical,0.27383662770833334,0.34869862,0.13359734,48
PW,1997,cyclone,historical,0.2925099128125,0.41141003,0.09951116,48
PW,1998,cyclone,historical,0.31727103895833336,0.39416936,0.15847565,48
PW,1999,cyclone,historical,0.3185340079166667,0.39397418,0.21332942,48
PW,2000,cyclone,historical,0.2930084765625,0.38364094,0.120056495,48
PW,2001,cyclone,historical,0.29114411854166666,0.3854915,0.12582634,48
PW,2002,cyclone,historical,0.30298227437499997,0.4092697,0.1217534,48
PW,2003,cyclone,historical,0.30094783541666664,0.37428144,0.14912729,48
PW,2004,cyclone,historical,0.31003913916666664,0.38473833,0.16754064,48
PW,2005,cyclone,historical,0.29069833739583334,0.39656717,0.123790935,48
PW,2006,cyclone,historical,0.2969343385416667,0.40474787,0.10045712,48
PW,2007,cyclone,historical,0.2971347564583333,0.3833618,0.15314487,48
PW,2008,cyclone,historical,0.3107209966666667,0.4207965,0.13357638,48
PW,2009,cyclone,historical,0.2985154889583333,0.40816683,0.14506957,48
PW,2010,cyclone,historical,0.30808874625,0.40373734,0.11080401,48
PW,2011,cyclone,historical,0.3350630185416667,0.40658292,0.17914072,48
PW,2012,cyclone,historical,0.339594724375,0.40287167,0.21226287,48
PW,2013,cyclone,historical,0.28583912237500003,0.36232108,0.108681604,48
PW,2014,cyclone,historical,0.286493627625,0.40523872,0.0959524,48
RE,1850,cyclone,historical,0.03010925103375,0.25273776,0.0,72
RE,1851,cyclone,historical,0.028473795583333333,0.25775528,0.0,72
RE,1852,cyclone,historical,0.03330245459166667,0.26091602,0.0,72
RE,1853,cyclone,historical,0.02756054556111111,0.27217877,0.0,72
RE,1854,cyclone,historical,0.032827665268194445,0.24318163,0.0,72
RE,1855,cyclone,historical,0.024708975444444444,0.18949246,0.0,72
RE,1856,cyclone,historical,0.035487092662500004,0.28875494,0.0,72
RE,1857,cyclone,historical,0.03702587320277778,0.30042332,0.0,72
RE,1858,cyclone,historical,0.02975364830555556,0.23323898,0.0,72
RE,1859,cyclone,historical,0.027374414056944445,0.25764206,0.0,72
RE,1860,cyclone,historical,0.02073463283527778,0.20244814,0.0,72
RE,1861,cyclone,historical,0.0221944925875,0.20709983,0.0,72
RE,1862,cyclone,historical,0.030177104244444444,0.22556111,0.0,72
RE,1863,cyclone,historical,0.036522434018055557,0.30628902,0.0,72
RE,1864,cyclone,historical,0.017679673186805557,0.20339549,0.0,72
RE,1865,cyclone,historical,0.03373631168333333,0.27339876,0.0,72
RE,1866,cyclone,historical,0.022547183307875,0.1990522,0.0,72
RE,1867,cyclone,historical,0.03819186069444444,0.29564145,0.0,72
RE,1868,cyclone,historical,0.03184493433333333,0.27720642,0.0,72
RE,1869,cyclone,historical,0.02812336244583333,0.25851983,0.0,72
RE,1870,cyclone,historical,0.03240055862361111,0.26701832,0.0,72
RE,1871,cyclone,historical,0.024785103033333332,0.21752721,0.0,72
RE,1872,cyclone,historical,0.03971585712916667,0.2831684,0.0,72
RE,1873,cyclone,historical,0.02346578220833333,0.23371077,0.0,72
RE,1874,cyclone,historical,0.028073556414722218,0.21381503,0.0,72
RE,1875,cyclone,historical,0.015555093911111111,0.15917149,0.0,72
RE,1876,cyclone,historical,0.03288763580277778,0.26832837,0.0,72
RE,1877,cyclone,historical,0.034116816069444444,0.27396673,0.0,72
RE,1878,cyclone,historical,0.03139456227916667,0.28487495,0.0,72
RE,1879,cyclone,historical,0.026049376083333336,0.20508823,0.0,72
RE,1880,cyclone,historical,0.03159341001666667,0.25351107,0.0,72
RE,1881,cyclone,historical,0.03146326223611111,0.26715684,0.0,72
RE,1882,cyclone,historical,0.029049588990277778,0.3119601,0.0,72
RE,1883,cyclone,historical,0.020045187661111113,0.22501123,0.0,72
RE,1884,cyclone,historical,0.024023125319444442,0.20382252,0.0,72
RE,1885,cyclone,historical,0.04485429083333334,0.3312141,0.0,72
RE,1886,cyclone,historical,0.03596019075694444,0.2685879,0.0,72
RE,1887,cyclone,historical,0.0314003523,0.21752685,0.0,72
RE,1888,cyclone,historical,0.01876925837638889,0.19123492,0.0,72
RE,1889,cyclone,historical,0.03548773492638889,0.2670729,0.0,72
RE,1890,cyclone,historical,0.038448409766666664,0.2861629,0.0,72
RE,1891,cyclone,historical,0.03206235073055555,0.24418506,0.0,72
RE,1892,cyclone,historical,0.03569259802430555,0.28570718,0.0,72
RE,1893,cyclone,historical,0.031479446641666665,0.26026955,0.0,72
RE,1894,cyclone,historical,0.029223829200000002,0.24738547,0.0,72
RE,1895,cyclone,historical,0.03305572525,0.22358324,0.0,72
RE,1896,cyclone,historical,0.03265722530555556,0.28780773,0.0,72
RE,1897,cyclone,historical,0.028942413358333332,0.23195145,0.0,72
RE,1898,cyclone,historical,0.02738460385416667,0.20810127,0.0,72
RE,1899,cyclone,historical,0.023939666748611112,0.20776485,0.0,72
RE,1900,cyclone,historical,0.039904117280555554,0.3135096,0.0,72
RE,1901,cyclone,historical,0.03582170861944444,0.30207932,0.0,72
RE,1902,cyclone,historical,0.03388306497944445,0.26068705,0.0,72
RE,1903,cyclone,historical,0.03434459896388889,0.26381317,0.0,72
RE,1904,cyclone,historical,0.019855891205555556,0.17573833,0.0,72
RE,1905,cyclone,historical,0.019367315875,0.17836744,0.0,72
RE,1906,cyclone,historical,0.026758538734722222,0.24950516,0.0,72
RE,1907,cyclone,historical,0.03344887525555555,0.2856443,0.0,72
RE,1908,cyclone,historical,0.020026029461805553,0.18215887,0.0,72
RE,1909,cyclone,historical,0.030126620802777775,0.2621967,0.0,72
RE,1910,cyclone,historical,0.03641352053333333,0.26019925,0.0,72
RE,1911,cyclone,historical,0.029785421118055558,0.2553825,0.0,72
RE,1912,cyclone,historical,0.03085131010361111,0.23686263,0.0,72
RE,1913,cyclone,historical,0.02884115433888889,0.22224236,0.0,72
RE,1914,cyclone,historical,0.03226156733333333,0.26497424,0.0,72
RE,1915,cyclone,historical,0.037694153988888895,0.2861106,0.0,72
RE,1916,cyclone,historical,0.02768385521527778,0.23917946,0.0,72
RE,1917,cyclone,historical,0.029709668645470835,0.25996548,0.0,72
RE,1918,cyclone,historical,0.03834061928611111,0.2586508,0.0,72
RE,1919,cyclone,historical,0.023160317072222224,0.21610329,0.0,72
RE,1920,cyclone,historical,0.03338647400583333,0.26381835,0.0,72
RE,1921,cyclone,historical,0.03149135719027778,0.25130227,0.0,72
RE,1922,cyclone,historical,0.0222928832625,0.22855791,0.0,72
RE,1923,cyclone,historical,0.03588371217736111,0.29453248,0.0,72
RE,1924,cyclone,historical,0.03884739739333334,0.29039115,0.0,72
RE,1925,cyclone,historical,0.025229767069444443,0.22634353,0.0,72
RE,1926,cyclone,historical,0.031225440510416664,0.27909952,0.0,72
RE,1927,cyclone,historical,0.03794872570833333,0.29322642,0.0,72
RE,1928,cyclone,historical,0.027822805955277776,0.25393808,0.0,72
RE,1929,cyclone,historical,0.031049843953472225,0.2588638,0.0,72
RE,1930,cyclone,historical,0.02927359631388889,0.27012736,0.0,72
RE,1931,cyclone,historical,0.035256301854166665,0.20061529,0.0,72
RE,1932,cyclone,historical,0.04220360904979167,0.3341755,0.0,72
RE,1933,cyclone,historical,0.028001087436944443,0.21095823,0.0,72
RE,1934,cyclone,historical,0.03391222584722223,0.24162625,0.0,72
RE,1935,cyclone,historical,0.041578716805555554,0.27489474,0.0,72
RE,1936,cyclone,historical,0.03629527936388889,0.312251,0.0,72
RE,1937,cyclone,historical,0.026139347961527778,0.20916402,0.0,72
RE,1938,cyclone,historical,0.035661306630833334,0.20027965,0.0,72
RE,1939,cyclone,historical,0.0409512868,0.3060884,0.0,72
RE,1940,cyclone,historical,0.033545324055555555,0.26596916,0.0,72
RE,1941,cyclone,historical,0.027188854968333332,0.22207704,0.0,72
RE,1942,cyclone,historical,0.021726773781944445,0.17875296,0.0,72
RE,1943,cyclone,historical,0.03446507764027778,0.24635303,0.0,72
RE,1944,cyclone,historical,0.03291042020833333,0.27078846,0.0,72
RE,1945,cyclone,historical,0.033500628222222224,0.25289357,0.0,72
RE,1946,cyclone,historical,0.03769000380416667,0.28657043,0.0,72
RE,1947,cyclone,historical,0.032895969159744444,0.25993398,0.0,72
RE,1948,cyclone,historical,0.03631901302083333,0.28856647,0.0,72
RE,1949,cyclone,historical,0.032845180767222225,0.27580842,0.0,72
RE,1950,cyclone,historical,0.03553327177083333,0.20243815,0.0,72
RE,1951,cyclone,historical,0.046278566168055556,0.2977825,0.0,72
RE,1952,cyclone,historical,0.04889427678688889,0.31003648,0.0,72
RE,1953,cyclone,historical,0.0313749265,0.22227728,0.0,72
RE,1954,cyclone,historical,0.03271444706527778,0.2614196,0.0,72
RE,1955,cyclone,historical,0.03578271740833333,0.29200718,0.0,72
RE,1956,cyclone,historical,0.037654570561111114,0.27806026,0.0,72
RE,1957,cyclone,historical,0.0342629331625,0.27640682,0.0,72
RE,1958,cyclone,historical,0.02538248534722222,0.23303884,0.0,72
RE,1959,cyclone,historical,0.038844291825,0.3125677,0.0,72
RE,1960,cyclone,historical,0.03411922882638888,0.27467883,0.0,72
RE,1961,cyclone,historical,0.04028868743097222,0.30720934,0.0,72
RE,1962,cyclone,historical,0.04656314325138889,0.26228654,0.0,72
RE,1963,cyclone,historical,0.02217334663888889,0.23715161,0.0,72
RE,1964,cyclone,historical,0.03216779451388889,0.24830638,0.0,72
RE,1965,cyclone,historical,0.04751549044977778,0.30553907,0.0,72
RE,1966,cyclone,historical,0.023409328806944445,0.21213344,0.0,72
RE,1967,cyclone,historical,0.020410788750555558,0.2263959,0.0,72
RE,1968,cyclone,historical,0.042906512476666665,0.27501485,0.0,72
RE,1969,cyclone,historical,0.04963978791530556,0.3188365,0.0,72
RE,1970,cyclone,historical,0.03560027607777778,0.24133722,0.0,72
RE,1971,cyclone,historical,0.025668099701388888,0.23248598,0.0,72
RE,1972,cyclone,historical,0.02112123972638889,0.1918374,0.0,72
RE,1973,cyclone,historical,0.04515310298472222,0.30082607,0.0,72
RE,1974,cyclone,historical,0.030413351060416666,0.24977238,0.0,72
RE,1975,cyclone,historical,0.03155819155555556,0.2802076,0.0,72
RE,1976,cyclone,historical,0.03389154605,0.2510947,0.0,72
RE,1977,cyclone,historical,0.02969773723055556,0.25059617,0.0,72
RE,1978,cyclone,historical,0.03350284882222222,0.28374296,0.0,72
RE,1979,cyclone,historical,0.030505388947222226,0.25326613,0.0,72
RE,1980,cyclone,historical,0.043698260631944444,0.25757414,0.0,72
RE,1981,cyclone,historical,0.04654260943472222,0.34787393,0.0,72
RE,1982,cyclone,historical,0.03912006692777778,0.28618973,0.0,72
RE,1983,cyclone,historical,0.02554144258888889,0.23420012,0.0,72
RE,1984,cyclone,historical,0.037236914632916666,0.31168967,0.0,72
RE,1985,cyclone,historical,0.04348542066944444,0.29238915,0.0,72
RE,1986,cyclone,historical,0.02789302742388889,0.21586928,0.0,72
RE,1987,cyclone,historical,0.03613036537222222,0.24726912,0.0,72
RE,1988,cyclone,historical,0.04262663172916667,0.30865237,0.0,72
RE,1989,cyclone,historical,0.04039706306944444,0.29516834,0.0,72
RE,1990,cyclone,historical,0.042717021627777775,0.29226112,0.0,72
RE,1991,cyclone,historical,0.039412743631055555,0.29368442,0.0,72
RE,1992,cyclone,historical,0.029860832180555557,0.29395956,0.0,72
RE,1993,cyclone,historical,0.025210822430555557,0.20341429,0.0,72
RE,1994,cyclone,historical,0.039055967158333336,0.26308897,0.0,72
RE,1995,cyclone,historical,0.03267322922638889,0.24471971,0.0,72
RE,1996,cyclone,historical,0.034269905327777773,0.20384306,0.0,72
RE,1997,cyclone,historical,0.03959833905875,0.28216285,0.0,72
RE,1998,cyclone,historical,0.049542772752777776,0.3801756,0.0,72
RE,1999,cyclone,historical,0.04043274857083333,0.25942123,0.0,72
RE,2000,cyclone,historical,0.041994196661111115,0.2729457,0.0,72
RE,2001,cyclone,historical,0.0421865170875,0.23656255,0.0,72
RE,2002,cyclone,historical,0.04667013519861111,0.33025604,0.0,72
RE,2003,cyclone,historical,0.04796393879861111,0.40204686,0.0,72
RE,2004,cyclone,historical,0.03615972466597222,0.26021188,0.0,72
RE,2005,cyclone,historical,0.03315312488888889,0.23745252,0.0,72
RE,2006,cyclone,historical,0.03009372291944444,0.25323868,0.0,72
RE,2007,cyclone,historical,0.035131528819444445,0.2600877,0.0,72
RE,2008,cyclone,historical,0.04523894919027778,0.29447854,0.0,72
RE,2009,cyclone,historical,0.03903178483611111,0.24778193,0.0,72
RE,2010,cyclone,historical,0.04375303327361111,0.30991518,0.0,72
RE,2011,cyclone,historical,0.047355487615277775,0.347408,0.0,72
RE,2012,cyclone,historical,0.03077997321944444,0.2490406,0.0,72
RE,2013,cyclone,historical,0.02845304718888889,0.24836521,0.0,72
RE,2014,cyclone,historical,0.04128294060694444,0.29513437,0.0,72
RU,1850,cyclone,historical,0.037786412726458725,0.44440687,0.0,7800
RU,1851,cyclone,historical,0.046887964203794014,0.5085367,0.0,7800
RU,1852,cyclone,historical,0.05594140856622154,0.43178576,0.0,7800
RU,1853,cyclone,historical,0.046423641308585256,0.33739996,0.0,7800
RU,1854,cyclone,historical,0.044725494310614615,0.4359918,0.0,7800
RU,1855,cyclone,historical,0.07375577810375539,0.51393753,0.0,7800
RU,1856,cyclone,historical,0.05235799756403756,0.39959237,0.0,7800
RU,1857,cyclone,historical,0.05254275852019539,0.4414226,0.0,7800
RU,1858,cyclone,historical,0.04873683272924026,0.3725416,0.0,7800
RU,1859,cyclone,historical,0.044803715897604894,0.34612054,0.0,7800
RU,1860,cyclone,historical,0.03458646985795244,0.34680045,0.0,7800
RU,1861,cyclone,historical,0.046610059592937285,0.4867798,0.0,7800
RU,1862,cyclone,historical,0.055583188199949875,0.51293373,0.0,7800
RU,1863,cyclone,historical,0.05217912328409372,0.39502287,0.0,7800
RU,1864,cyclone,historical,0.0424552444205209,0.34263033,0.0,7800
RU,1865,cyclone,historical,0.025708846427978913,0.3785762,0.0,7800
RU,1866,cyclone,historical,0.05591318837822077,0.458974,0.0,7800
RU,1867,cyclone,historical,0.03867533888689058,0.33236432,0.0,7800
RU,1868,cyclone,historical,0.04247676768382307,0.4179023,0.0,7800
RU,1869,cyclone,historical,0.043007937727223076,0.36638436,0.0,7800
RU,1870,cyclone,historical,0.0408090930860109,0.44002494,0.0,7800
RU,1871,cyclone,historical,0.04806833074699535,0.41203904,0.0,7800
RU,1872,cyclone,historical,0.05200824865920564,0.38701016,0.0,7800
RU,1873,cyclone,historical,0.055748143691634666,0.42815888,0.0,7800
RU,1874,cyclone,historical,0.0378976580437902,0.39611354,0.0,7800
RU,1875,cyclone,historical,0.046594048038556275,0.44345137,0.0,7800
RU,1876,cyclone,historical,0.04681025137325669,0.37002742,0.0,7800
RU,1877,cyclone,historical,0.04093404222284395,0.3814421,0.0,7800
RU,1878,cyclone,historical,0.03684559594503436,0.30068827,0.0,7800
RU,1879,cyclone,historical,0.03641514818399295,0.3744242,0.0,7800
RU,1880,cyclone,historical,0.0483383740267053,0.40828297,0.0,7800
RU,1881,cyclone,historical,0.04418121866293446,0.42838794,0.0,7800
RU,1882,cyclone,historical,0.05295323564884115,0.42633867,0.0,7800
RU,1883,cyclone,historical,0.06039725788388372,0.33529693,0.0,7800
RU,1884,cyclone,historical,0.03969240724617431,0.3812322,0.0,7800
RU,1885,cyclone,historical,0.04595812979760436,0.42064124,0.0,7800
RU,1886,cyclone,historical,0.04861737407968954,0.4191001,0.0,7800
RU,1887,cyclone,historical,0.041594206938038766,0.41253817,0.0,7800
RU,1888,cyclone,historical,0.04037590622767103,0.34544492,0.0,7800
RU,1889,cyclone,historical,0.0410854978939255,0.4137122,0.0,7800
RU,1890,cyclone,historical,0.05516110650130813,0.38792565,0.0,7800
RU,1891,cyclone,historical,0.04516155524874859,0.44986713,0.0,7800
RU,1892,cyclone,historical,0.05086780236511872,0.46896696,0.0,7800
RU,1893,cyclone,historical,0.04097217938984156,0.3964912,0.0,7800
RU,1894,cyclone,historical,0.05395265738765205,0.4270902,0.0,7800
RU,1895,cyclone,historical,0.04251721751892513,0.40191016,0.0,7800
RU,1896,cyclone,historical,0.031111716254878224,0.31535804,0.0,7800
RU,1897,cyclone,historical,0.039335529413029306,0.39634043,0.0,7800
RU,1898,cyclone,historical,0.04929761909183884,0.3942793,0.0,7800
RU,1899,cyclone,historical,0.04703594651167619,0.39722055,0.0,7800
RU,1900,cyclone,historical,0.05778441492401572,0.39089313,0.0,7800
RU,1901,cyclone,historical,0.04055800497600778,0.39474258,0.0,7800
RU,1902,cyclone,historical,0.05191260135427948,0.3994084,0.0,7800
RU,1903,cyclone,historical,0.0465118058645691,0.3594799,0.0,7800
RU,1904,cyclone,historical,0.03527371989565982,0.34422442,0.0,7800
RU,1905,cyclone,historical,0.052857396959411926,0.3919064,0.0,7800
RU,1906,cyclone,historical,0.03310553192946013,0.45316714,0.0,7800
RU,1907,cyclone,historical,0.041407790559994335,0.4167283,0.0,7800
RU,1908,cyclone,historical,0.05669944253644935,0.41948152,0.0,7800
RU,1909,cyclone,historical,0.05139000137693364,0.49653932,0.0,7800
RU,1910,cyclone,historical,0.043109467159329874,0.48579732,0.0,7800
RU,1911,cyclone,historical,0.04239668400970475,0.44550088,0.0,7800
RU,1912,cyclone,historical,0.04819875333508769,0.38227278,0.0,7800
RU,1913,cyclone,historical,0.040683426008312915,0.38700882,0.0,7800
RU,1914,cyclone,historical,0.03635005319330985,0.3434308,0.0,7800
RU,1915,cyclone,historical,0.04102343873753937,0.46009022,0.0,7800
RU,1916,cyclone,historical,0.03608281309107205,0.47437292,0.0,7800
RU,1917,cyclone,historical,0.055713120940614376,0.400288,0.0,7800
RU,1918,cyclone,historical,0.04588331745585487,0.47038865,0.0,7800
RU,1919,cyclone,historical,0.04580395916284103,0.38630646,0.0,7800
RU,1920,cyclone,historical,0.03563034524468179,0.42083654,0.0,7800
RU,1921,cyclone,historical,0.04203986508582295,0.3671267,0.0,7800
RU,1922,cyclone,historical,0.04439105435400167,0.43264586,0.0,7800
RU,1923,cyclone,historical,0.0460142037924588,0.35164997,0.0,7800
RU,1924,cyclone,historical,0.06364704409653038,0.46247202,0.0,7800
RU,1925,cyclone,historical,0.03433360293750679,0.3993984,0.0,7800
RU,1926,cyclone,historical,0.04220670558500101,0.42141706,0.0,7800
RU,1927,cyclone,historical,0.04196912051628032,0.3823106,0.0,7800
RU,1928,cyclone,historical,0.039719911712205846,0.5090826,0.0,7800
RU,1929,cyclone,historical,0.05890912267619436,0.47587383,0.0,7800
RU,1930,cyclone,historical,0.060617774569833416,0.48248243,0.0,7800
RU,1931,cyclone,historical,0.05150318004622218,0.55901754,0.0,7800
RU,1932,cyclone,historical,0.05696899518459316,0.43945628,0.0,7800
RU,1933,cyclone,historical,0.039839468319356384,0.33471286,0.0,7800
RU,1934,cyclone,historical,0.04687202955569141,0.51667917,0.0,7800
RU,1935,cyclone,historical,0.04150179742421333,0.4032973,0.0,7800
RU,1936,cyclone,historical,0.046677403110714236,0.43981746,0.0,7800
RU,1937,cyclone,historical,0.054288981674509615,0.34256363,0.0,7800
RU,1938,cyclone,historical,0.05029656718841616,0.51602864,0.0,7800
RU,1939,cyclone,historical,0.04705610128781967,0.31363702,0.0,7800
RU,1940,cyclone,historical,0.047941782128980044,0.4563399,0.0,7800
RU,1941,cyclone,historical,0.03878652252801277,0.34351882,0.0,7800
RU,1942,cyclone,historical,0.04451479321421265,0.40297773,0.0,7800
RU,1943,cyclone,historical,0.050404222643016534,0.4126238,0.0,7800
RU,1944,cyclone,historical,0.05330897687821628,0.40711623,0.0,7800
RU,1945,cyclone,historical,0.039568096522520385,0.3935826,0.0,7800
RU,1946,cyclone,historical,0.052707964715394996,0.37297356,0.0,7800
RU,1947,cyclone,historical,0.05956481755516013,0.35486326,0.0,7800
RU,1948,cyclone,historical,0.05495001577591895,0.42630684,0.0,7800
RU,1949,cyclone,historical,0.04994875778293641,0.3982368,0.0,7800
RU,1950,cyclone,historical,0.04090878020544574,0.4302184,0.0,7800
RU,1951,cyclone,historical,0.043510545177709616,0.4412189,0.0,7800
RU,1952,cyclone,historical,0.050739281867464486,0.41197708,0.0,7800
RU,1953,cyclone,historical,0.053970312912396796,0.40391892,0.0,7800
RU,1954,cyclone,historical,0.045872417794476664,0.47236848,0.0,7800
RU,1955,cyclone,historical,0.05770313472341987,0.45088178,0.0,7800
RU,1956,cyclone,historical,0.041784498567896025,0.3500902,0.0,7800
RU,1957,cyclone,historical,0.046839994852933976,0.42212266,0.0,7800
RU,1958,cyclone,historical,0.04575841325671116,0.38050985,0.0,7800
RU,1959,cyclone,historical,0.04692576545943628,0.43972993,0.0,7800
RU,1960,cyclone,historical,0.04654597948884418,0.40591168,0.0,7800
RU,1961,cyclone,historical,0.03950727722239667,0.38246995,0.0,7800
RU,1962,cyclone,historical,0.04131317844801949,0.395711,0.0,7800
RU,1963,cyclone,historical,0.06250468470605972,0.36563528,0.0,7800
RU,1964,cyclone,historical,0.03641887255813841,0.3343779,0.0,7800
RU,1965,cyclone,historical,0.040642864196300386,0.35469425,0.0,7800
RU,1966,cyclone,historical,0.04119275362883641,0.4787197,0.0,7800
RU,1967,cyclone,historical,0.04790306889546679,0.3678585,0.0,7800
RU,1968,cyclone,historical,0.037623435092890255,0.35019663,0.0,7800
RU,1969,cyclone,historical,0.04642386996724653,0.36153972,0.0,7800
RU,1970,cyclone,historical,0.05248408029966136,0.36468005,0.0,7800
RU,1971,cyclone,historical,0.054502958866033076,0.43182194,0.0,7800
RU,1972,cyclone,historical,0.05528961374809526,0.46099842,0.0,7800
RU,1973,cyclone,historical,0.04296580636821821,0.36070365,0.0,7800
RU,1974,cyclone,historical,0.04252481252423615,0.36421138,0.0,7800
RU,1975,cyclone,historical,0.05664291359721115,0.4743362,0.0,7800
RU,1976,cyclone,historical,0.039754511102728096,0.34728348,0.0,7800
RU,1977,cyclone,historical,0.04850327024442384,0.38511652,0.0,7800
RU,1978,cyclone,historical,0.03796909156948077,0.31852272,0.0,7800
RU,1979,cyclone,historical,0.041490638327302945,0.35128742,0.0,7800
RU,1980,cyclone,historical,0.04929912255991,0.3960001,0.0,7800
RU,1981,cyclone,historical,0.04882749161660572,0.46832615,0.0,7800
RU,1982,cyclone,historical,0.05142269526609006,0.42525244,0.0,7800
RU,1983,cyclone,historical,0.03787759705646028,0.41694087,0.0,7800
RU,1984,cyclone,historical,0.04406149742818701,0.39254338,0.0,7800
RU,1985,cyclone,historical,0.040619139383120076,0.39549977,0.0,7800
RU,1986,cyclone,historical,0.04850242838476346,0.41825697,0.0,7800
RU,1987,cyclone,historical,0.047212903400541406,0.5289977,0.0,7800
RU,1988,cyclone,historical,0.04398443348650388,0.3711877,0.0,7800
RU,1989,cyclone,historical,0.053504712622779484,0.38480717,0.0,7800
RU,1990,cyclone,historical,0.03594112844251693,0.34635258,0.0,7800
RU,1991,cyclone,historical,0.04059379874989846,0.37645617,0.0,7800
RU,1992,cyclone,historical,0.04776436060964859,0.4324719,0.0,7800
RU,1993,cyclone,historical,0.0432861980276229,0.33018887,0.0,7800
RU,1994,cyclone,historical,0.05202285021758665,0.33947998,0.0,7800
RU,1995,cyclone,historical,0.05105238437453398,0.42609558,0.0,7800
RU,1996,cyclone,historical,0.053774867640627055,0.5151802,0.0,7800
RU,1997,cyclone,historical,0.04677704589027602,0.30921885,0.0,7800
RU,1998,cyclone,historical,0.05864367802995876,0.35131258,0.0,7800
RU,1999,cyclone,historical,0.045104206905604356,0.3753478,0.0,7800
RU,2000,cyclone,historical,0.036416524082889874,0.412288,0.0,7800
RU,2001,cyclone,historical,0.046584388616586536,0.36280522,0.0,7800
RU,2002,cyclone,historical,0.05983340688055571,0.45579234,0.0,7800
RU,2003,cyclone,historical,0.044148319068709176,0.42613283,0.0,7800
RU,2004,cyclone,historical,0.05057485313513389,0.4076584,0.0,7800
RU,2005,cyclone,historical,0.03751668129051513,0.42543453,0.0,7800
RU,2006,cyclone,historical,0.04478891280570143,0.4184534,0.0,7800
RU,2007,cyclone,historical,0.04703445024524333,0.50182647,0.0,7800
RU,2008,cyclone,historical,0.04232028982409692,0.4337807,0.0,7800
RU,2009,cyclone,historical,0.05473932091388393,0.35417846,0.0,7800
RU,2010,cyclone,historical,0.04806612069783115,0.32964563,0.0,7800
RU,2011,cyclone,historical,0.04218176371068167,0.36279944,0.0,7800
RU,2012,cyclone,historical,0.050663314596649175,0.34734964,0.0,7800
RU,2013,cyclone,historical,0.04759554847626218,0.3940794,0.0,7800
RU,2014,cyclone,historical,0.052132058875144355,0.3515044,0.0,7800
SA,1850,cyclone,historical,0.28275880866277775,0.7010909,0.0,36
SA,1851,cyclone,historical,0.2876907753611111,0.69286746,0.0,36
SA,1852,cyclone,historical,0.29054713569444446,0.7335679,0.0,36
SA,1853,cyclone,historical,0.2717945926388889,0.69616264,0.0,36
SA,1854,cyclone,historical,0.29944718886944444,0.7114485,0.0,36
SA,1855,cyclone,historical,0.2579475462688889,0.66524005,0.0,36
SA,1856,cyclone,historical,0.255771812125,0.6766264,0.0,36
SA,1857,cyclone,historical,0.2827534135972222,0.7007302,0.0,36
SA,1858,cyclone,historical,0.28507406425000004,0.68369496,0.0,36
SA,1859,cyclone,historical,0.28258065555555556,0.6786518,0.0,36
SA,1860,cyclone,historical,0.25239598420277776,0.6386574,0.0,36
SA,1861,cyclone,historical,0.28126135690277776,0.6957394,0.0,36
SA,1862,cyclone,historical,0.27801063752777777,0.7513361,0.0,36
SA,1863,cyclone,historical,0.2882795004722222,0.7262794,0.0,36
SA,1864,cyclone,historical,0.28487475805,0.66957843,0.0,36
SA,1865,cyclone,historical,0.2767805257777778,0.6917223,0.0,36
SA,1866,cyclone,historical,0.2806621496944445,0.7170239,0.0,36
SA,1867,cyclone,historical,0.2807802346666667,0.7128167,0.0,36
SA,1868,cyclone,historical,0.2655453882361111,0.70927936,0.0,36
SA,1869,cyclone,historical,0.26854461787638884,0.68543863,0.0,36
SA,1870,cyclone,historical,0.26341013658333334,0.6620881,0.0,36
SA,1871,cyclone,historical,0.26138646437777774,0.7261476,0.0,36
SA,1872,cyclone,historical,0.2766523050833334,0.74044156,0.0,36
SA,1873,cyclone,historical,0.2899961947222222,0.69998276,0.0,36
SA,1874,cyclone,historical,0.2661668113611111,0.6636757,0.0,36
SA,1875,cyclone,historical,0.26796303205555555,0.7212332,0.0,36
SA,1876,cyclone,historical,0.3036014845694444,0.7665011,0.0,36
SA,1877,cyclone,historical,0.25406344627777777,0.62593514,0.0,36
SA,1878,cyclone,historical,0.2380915328388889,0.63399845,0.0,36
SA,1879,cyclone,historical,0.24440362829444442,0.6459927,0.0,36
SA,1880,cyclone,historical,0.2630236724444444,0.73183465,0.0,36
SA,1881,cyclone,historical,0.28188896266666663,0.72102624,0.0,36
SA,1882,cyclone,historical,0.26302615837777776,0.67589825,0.0,36
SA,1883,cyclone,historical,0.2538984658888889,0.65596443,0.0,36
SA,1884,cyclone,historical,0.25119743450000004,0.61997575,0.0,36
SA,1885,cyclone,historical,0.2676465609111111,0.70852524,0.0,36
SA,1886,cyclone,historical,0.29162633136111116,0.7620793,0.0,36
SA,1887,cyclone,historical,0.2711495286944444,0.69654983,0.0,36
SA,1888,cyclone,historical,0.2670007184638889,0.64818347,0.0,36
SA,1889,cyclone,historical,0.25879484272222225,0.66773915,0.0,36
SA,1890,cyclone,historical,0.30059614742222224,0.77046376,0.0,36
SA,1891,cyclone,historical,0.29299043566666666,0.7711688,0.0,36
SA,1892,cyclone,historical,0.26696265275,0.7018017,0.0,36
SA,1893,cyclone,historical,0.2615853697166666,0.69261307,0.0,36
SA,1894,cyclone,historical,0.27922813375,0.73844343,0.0,36
SA,1895,cyclone,historical,0.31995423609722223,0.7568859,0.0,36
SA,1896,cyclone,historical,0.30128983169444445,0.77099735,0.0,36
SA,1897,cyclone,historical,0.26589230304166667,0.7344124,0.0,36
SA,1898,cyclone,historical,0.27648499494444445,0.7140456,0.0,36
SA,1899,cyclone,historical,0.27257612605555553,0.68565965,0.0,36
SA,1900,cyclone,historical,0.27007397594444443,0.7134841,0.0,36
SA,1901,cyclone,historical,0.28701093577777775,0.6913316,0.0,36
SA,1902,cyclone,historical,0.30305319928333335,0.7321526,0.0,36
SA,1903,cyclone,historical,0.2424698363611111,0.63960063,0.0,36
SA,1904,cyclone,historical,0.2676497675111111,0.69246554,0.0,36
SA,1905,cyclone,historical,0.28169739355555556,0.69127613,0.0,36
SA,1906,cyclone,historical,0.2706048690444444,0.67698866,0.0,36
SA,1907,cyclone,historical,0.25682008882222224,0.6825875,0.0,36
SA,1908,cyclone,historical,0.2673503606388889,0.6858954,0.0,36
SA,1909,cyclone,historical,0.28162955105555554,0.7489082,0.0,36
SA,1910,cyclone,historical,0.2823728085555556,0.68371445,0.0,36
SA,1911,cyclone,historical,0.2775830633055556,0.6887907,0.0,36
SA,1912,cyclone,historical,0.25039658538333337,0.6751943,0.0,36
SA,1913,cyclone,historical,0.28209771116666665,0.6960292,0.0,36
SA,1914,cyclone,historical,0.2707021193611111,0.72073054,0.0,36
SA,1915,cyclone,historical,0.2779418939638889,0.74147844,0.0,36
SA,1916,cyclone,historical,0.26607770410277776,0.6975924,0.0,36
SA,1917,cyclone,historical,0.25697617801666667,0.67079973,0.0,36
SA,1918,cyclone,historical,0.2711915235361111,0.7235744,0.0,36
SA,1919,cyclone,historical,0.27772894934166664,0.74393135,0.0,36
SA,1920,cyclone,historical,0.2946683553166667,0.69664687,0.0,36
SA,1921,cyclone,historical,0.2825549455555556,0.69763213,0.0,36
SA,1922,cyclone,historical,0.2610288176111111,0.6751746,0.0,36
SA,1923,cyclone,historical,0.3075928792611111,0.7337106,0.0,36
SA,1924,cyclone,historical,0.2965718595,0.70058984,0.0,36
SA,1925,cyclone,historical,0.2764984988611111,0.72256947,0.0,36
SA,1926,cyclone,historical,0.27589801934444447,0.7614662,0.0,36
SA,1927,cyclone,historical,0.30295072124444444,0.74945885,0.0,36
SA,1928,cyclone,historical,0.28667250113888887,0.68754685,0.0,36
SA,1929,cyclone,historical,0.2555377578888889,0.64885956,0.0,36
SA,1930,cyclone,historical,0.26967106351388886,0.72157717,0.0,36
SA,1931,cyclone,historical,0.2948350902194445,0.73596054,0.0,36
SA,1932,cyclone,historical,0.2994066292777778,0.72005254,0.0,36
SA,1933,cyclone,historical,0.3019865958055556,0.6986997,0.0,36
SA,1934,cyclone,historical,0.2988784359727778,0.74512136,0.0,36
SA,1935,cyclone,historical,0.3060511832694444,0.77338314,0.0,36
SA,1936,cyclone,historical,0.2984512665027778,0.739003,0.0,36
SA,1937,cyclone,historical,0.27903234835555557,0.7127473,0.0,36
SA,1938,cyclone,historical,0.2907804303611111,0.7431306,0.0,36
SA,1939,cyclone,historical,0.2994165184722222,0.7330088,0.0,36
SA,1940,cyclone,historical,0.3053890663611111,0.6969974,0.0,36
SA,1941,cyclone,historical,0.2688237305555556,0.65588546,0.0,36
SA,1942,cyclone,historical,0.2553355767986111,0.68637973,0.0,36
SA,1943,cyclone,historical,0.2665749474733333,0.68987596,0.0,36
SA,1944,cyclone,historical,0.27464632571388886,0.71961755,0.0,36
SA,1945,cyclone,historical,0.30598998394444443,0.74162626,0.0,36
SA,1946,cyclone,historical,0.2882778997972222,0.7025686,0.0,36
SA,1947,cyclone,historical,0.3147608579722222,0.77532387,0.0,36
SA,1948,cyclone,historical,0.28754560162777776,0.71603864,0.0,36
SA,1949,cyclone,historical,0.27703217887500003,0.6740935,0.0,36
SA,1950,cyclone,historical,0.3002488815388889,0.6818566,0.0,36
SA,1951,cyclone,historical,0.27995259775000003,0.73711246,0.0,36
SA,1952,cyclone,historical,0.306882188875,0.72868264,0.0,36
SA,1953,cyclone,historical,0.29459728783333333,0.7143171,0.0,36
SA,1954,cyclone,historical,0.2943774607694445,0.7413133,0.0,36
SA,1955,cyclone,historical,0.2702595620555555,0.7445084,0.0,36
SA,1956,cyclone,historical,0.3073039144166667,0.75870556,0.0,36
SA,1957,cyclone,historical,0.3040774819861111,0.7193487,0.0,36
SA,1958,cyclone,historical,0.30631345844444446,0.73714685,0.0,36
SA,1959,cyclone,historical,0.2854758829583333,0.72176385,0.0,36
SA,1960,cyclone,historical,0.26612521469444445,0.70262694,0.0,36
SA,1961,cyclone,historical,0.3267494503055556,0.81275207,0.0,36
SA,1962,cyclone,historical,0.29996344249999995,0.6973434,0.0,36
SA,1963,cyclone,historical,0.2801028222083333,0.7127684,0.0,36
SA,1964,cyclone,historical,0.25887222664722226,0.7098909,0.0,36
SA,1965,cyclone,historical,0.2983309178,0.7204004,0.0,36
SA,1966,cyclone,historical,0.26399496147222223,0.6522011,0.0,36
SA,1967,cyclone,historical,0.25572866637222225,0.66916203,0.0,36
SA,1968,cyclone,historical,0.28514706594444444,0.7175125,0.0,36
SA,1969,cyclone,historical,0.29119155418055553,0.75374633,0.0,36
SA,1970,cyclone,historical,0.2895255449888889,0.7550735,0.0,36
SA,1971,cyclone,historical,0.26839197095833334,0.67030215,0.0,36
SA,1972,cyclone,historical,0.2603117314138889,0.71504515,0.0,36
SA,1973,cyclone,historical,0.29102426044444446,0.7264506,0.0,36
SA,1974,cyclone,historical,0.27982310303611113,0.76128024,0.0,36
SA,1975,cyclone,historical,0.24936578688888889,0.6804105,0.0,36
SA,1976,cyclone,historical,0.28656945775,0.735817,0.0,36
SA,1977,cyclone,historical,0.2740980031622222,0.68004125,0.0,36
SA,1978,cyclone,historical,0.3079416764333333,0.7265512,0.0,36
SA,1979,cyclone,historical,0.31376395933333334,0.7512111,0.0,36
SA,1980,cyclone,historical,0.2752916971305555,0.6912712,0.0,36
SA,1981,cyclone,historical,0.31832459213888886,0.7786643,0.0,36
SA,1982,cyclone,historical,0.27575888329166665,0.6887725,0.0,36
SA,1983,cyclone,historical,0.26556733416666667,0.68933487,0.0,36
SA,1984,cyclone,historical,0.27273281997222226,0.72536486,0.0,36
SA,1985,cyclone,historical,0.30126798527777776,0.74639314,0.0,36
SA,1986,cyclone,historical,0.2638038564333333,0.6841735,0.0,36
SA,1987,cyclone,historical,0.2836142545075,0.70003825,0.0,36
SA,1988,cyclone,historical,0.3022779404777778,0.78710616,0.0,36
SA,1989,cyclone,historical,0.2854086874166667,0.75310576,0.0,36
SA,1990,cyclone,historical,0.3194121153472222,0.7415925,0.0,36
SA,1991,cyclone,historical,0.2701041016675,0.69465643,0.0,36
SA,1992,cyclone,historical,0.2642031257222222,0.67953914,0.0,36
SA,1993,cyclone,historical,0.2844681524722222,0.69420195,0.0,36
SA,1994,cyclone,historical,0.33175033331388887,0.74470794,0.0,36
SA,1995,cyclone,historical,0.3084128485,0.7572007,0.0,36
SA,1996,cyclone,historical,0.2953456322861111,0.704784,0.0,36
SA,1997,cyclone,historical,0.3397629743611111,0.8117113,0.0,36
SA,1998,cyclone,historical,0.3273014186486111,0.7861186,0.0,36
SA,1999,cyclone,historical,0.32695181113888894,0.7383045,0.0,36
SA,2000,cyclone,historical,0.3260527715,0.7430057,0.0,36
SA,2001,cyclone,historical,0.31086054994444445,0.77282256,0.0,36
SA,2002,cyclone,historical,0.3632859370027778,0.8179962,0.0,36
SA,2003,cyclone,historical,0.3186439145277778,0.7279548,0.0,36
SA,2004,cyclone,historical,0.31220502861944444,0.75528175,0.0,36
SA,2005,cyclone,historical,0.28315193480555556,0.70782834,0.0,36
SA,2006,cyclone,historical,0.3017570794722222,0.75766826,0.0,36
SA,2007,cyclone,historical,0.3143680412416667,0.73790485,0.0,36
SA,2008,cyclone,historical,0.32785414547222225,0.79138446,0.0,36
SA,2009,cyclone,historical,0.3404033133888889,0.7758933,0.0,36
SA,2010,cyclone,historical,0.3236996589305556,0.7314059,0.0,36
SA,2011,cyclone,historical,0.30221538636944445,0.7432927,0.0,36
SA,2012,cyclone,historical,0.3092450965638889,0.7386388,0.0,36
SA,2013,cyclone,historical,0.3183083937361111,0.75042504,0.0,36
SA,2014,cyclone,historical,0.31502714959444444,0.77559894,0.0,36
SB,1850,cyclone,historical,0.23182282273214283,0.33792645,0.004060438,84
SB,1851,cyclone,historical,0.24854618373880952,0.40385234,0.0,84
SB,1852,cyclone,historical,0.2412240155952381,0.39410934,0.0,84
SB,1853,cyclone,historical,0.23191491562738098,0.36927736,0.0,84
SB,1854,cyclone,historical,0.2585098398214286,0.38107997,0.007351524,84
SB,1855,cyclone,historical,0.2285207034095238,0.37142017,0.0,84
SB,1856,cyclone,historical,0.20576807033428568,0.37124667,0.0,84
SB,1857,cyclone,historical,0.24259619808690475,0.35737938,0.0011588753,84
SB,1858,cyclone,historical,0.2259824112738095,0.37842286,0.0,84
SB,1859,cyclone,historical,0.255744673425,0.43124905,0.0010235513,84
SB,1860,cyclone,historical,0.22531861786190477,0.33307457,0.0036803544,84
SB,1861,cyclone,historical,0.24282106736357145,0.35793132,0.0,84
SB,1862,cyclone,historical,0.21486056643059526,0.37897164,0.0,84
SB,1863,cyclone,historical,0.2251499445904762,0.35510963,0.0017086201,84
SB,1864,cyclone,historical,0.2279159125059524,0.3416168,0.0,84
SB,1865,cyclone,historical,0.2541877443452381,0.37046,0.004119598,84
SB,1866,cyclone,historical,0.24605388311547619,0.38229722,0.0,84
SB,1867,cyclone,historical,0.2208689341488095,0.35113278,0.0,84
SB,1868,cyclone,historical,0.24447096880000002,0.387505,0.0033312442,84
SB,1869,cyclone,historical,0.2248628869007381,0.36938372,4.2141462e-05,84
SB,1870,cyclone,historical,0.24856001033738093,0.3889342,0.0,84
SB,1871,cyclone,historical,0.20284965706547617,0.33462945,0.0,84
SB,1872,cyclone,historical,0.2286096874285714,0.3593472,0.0,84
SB,1873,cyclone,historical,0.24096044287809523,0.39747488,0.00083283416,84
SB,1874,cyclone,historical,0.2493234713095238,0.34674022,0.009047988,84
SB,1875,cyclone,historical,0.2056272864875,0.35410157,0.0,84
SB,1876,cyclone,historical,0.23530818341666668,0.3548854,0.006382,84
SB,1877,cyclone,historical,0.24119259757142858,0.38772804,0.004561273,84
SB,1878,cyclone,historical,0.23073542056547622,0.3231824,0.0045742393,84
SB,1879,cyclone,historical,0.2346034181,0.3636524,0.0,84
SB,1880,cyclone,historical,0.22701921352380952,0.374696,0.0,84
SB,1881,cyclone,historical,0.23658702518690478,0.3797254,0.0,84
SB,1882,cyclone,historical,0.2521351089166667,0.3691626,0.008515046,84
SB,1883,cyclone,historical,0.2425628772192857,0.36402562,0.00019855112,84
SB,1884,cyclone,historical,0.21817986712380955,0.34986654,0.0005802555,84
SB,1885,cyclone,historical,0.17468077856666667,0.30739817,0.0,84
SB,1886,cyclone,historical,0.23228181533214287,0.36057636,0.0,84
SB,1887,cyclone,historical,0.24205227225357143,0.36205244,0.0,84
SB,1888,cyclone,historical,0.23943210186904762,0.33663327,0.010723651,84
SB,1889,cyclone,historical,0.23981756345357144,0.37154365,0.0,84
SB,1890,cyclone,historical,0.23946067653809525,0.35367274,0.0005730893,84
SB,1891,cyclone,historical,0.21539239470238097,0.3545348,0.0,84
SB,1892,cyclone,historical,0.23215376686440475,0.35441703,0.0,84
SB,1893,cyclone,historical,0.2589569701904762,0.38047192,0.004941897,84
SB,1894,cyclone,historical,0.23610312974999997,0.40020072,0.0,84
SB,1895,cyclone,historical,0.2354118721945238,0.40625376,0.00026338414,84
SB,1896,cyclone,historical,0.24476453469547618,0.37817353,0.0,84
SB,1897,cyclone,historical,0.24939866029642857,0.38385993,0.0016156929,84
SB,1898,cyclone,historical,0.23019519743928574,0.38597518,0.0,84
SB,1899,cyclone,historical,0.2170317540734524,0.37651178,0.0,84
SB,1900,cyclone,historical,0.22100337336119047,0.36749026,0.0,84
SB,1901,cyclone,historical,0.23105301913214285,0.36900997,0.0,84
SB,1902,cyclone,historical,0.2238956086745238,0.36381805,0.00075179286,84
SB,1903,cyclone,historical,0.23483288222619048,0.3908418,0.0,84
SB,1904,cyclone,historical,0.23723771923690476,0.34580135,0.0024333992,84
SB,1905,cyclone,historical,0.2437819722892857,0.3784517,0.0014163314,84
SB,1906,cyclone,historical,0.2486447978440476,0.37255138,0.0026573432,84
SB,1907,cyclone,historical,0.25774471166428575,0.40514693,0.0063722758,84
SB,1908,cyclone,historical,0.24127271364523808,0.38003936,0.0,84
SB,1909,cyclone,historical,0.23048814302261905,0.3563307,0.0,84
SB,1910,cyclone,historical,0.24245910027261908,0.38226387,0.0,84
SB,1911,cyclone,historical,0.2398451836440476,0.39004296,0.0,84
SB,1912,cyclone,historical,0.24040166105880953,0.3807494,0.00025365918,84
SB,1913,cyclone,historical,0.22777252668892856,0.40804288,0.0,84
SB,1914,cyclone,historical,0.23965875349285715,0.36845294,0.0006375247,84
SB,1915,cyclone,historical,0.24907211524761907,0.39620274,0.0023812628,84
SB,1916,cyclone,historical,0.2446992975059524,0.37683228,0.0,84
SB,1917,cyclone,historical,0.23785378164285711,0.37231025,0.0,84
SB,1918,cyclone,historical,0.22665001651904762,0.38617072,0.0,84
SB,1919,cyclone,historical,0.2580755052657143,0.41044292,0.0,84
SB,1920,cyclone,historical,0.2728117866547619,0.41629142,0.00284698,84
SB,1921,cyclone,historical,0.25513406773214287,0.38156265,0.0043424615,84
SB,1922,cyclone,historical,0.2340252997142857,0.36375356,0.0,84
SB,1923,cyclone,historical,0.2461072405654762,0.3520121,0.0,84
SB,1924,cyclone,historical,0.2589153028809524,0.37797612,0.0018066801,84
SB,1925,cyclone,historical,0.26429879562142855,0.3890708,0.0,84
SB,1926,cyclone,historical,0.23593321858928573,0.40037078,0.0,84
SB,1927,cyclone,historical,0.24433580009690478,0.37415084,0.0,84
SB,1928,cyclone,historical,0.27081459898809523,0.36371404,0.02186725,84
SB,1929,cyclone,historical,0.25558959146785715,0.3643509,0.002908031,84
SB,1930,cyclone,historical,0.2527534714241548,0.39286715,0.0,84
SB,1931,cyclone,historical,0.22575941397619048,0.35737357,0.0,84
SB,1932,cyclone,historical,0.2564950157857143,0.38203472,0.009241238,84
SB,1933,cyclone,historical,0.2588968388404762,0.38603875,0.0013790523,84
SB,1934,cyclone,historical,0.2444640434970238,0.41767865,0.0,84
SB,1935,cyclone,historical,0.22417074581071428,0.37783766,0.0,84
SB,1936,cyclone,historical,0.24099481196428568,0.38282624,0.0,84
SB,1937,cyclone,historical,0.2686747794,0.40361333,0.002344524,84
SB,1938,cyclone,historical,0.22438696618309523,0.34785116,0.0,84
SB,1939,cyclone,historical,0.25309322042857146,0.38211313,0.006283872,84
SB,1940,cyclone,historical,0.25985501006785716,0.41404414,0.0,84
SB,1941,cyclone,historical,0.26976353954166665,0.38214624,0.0048130415,84
SB,1942,cyclone,historical,0.25347534360357143,0.3886483,0.0008014982,84
SB,1943,cyclone,historical,0.23785826398389287,0.3986239,0.0,84
SB,1944,cyclone,historical,0.2329301194642857,0.37443104,0.0,84
SB,1945,cyclone,historical,0.27578489331666667,0.41943598,0.0031992393,84
SB,1946,cyclone,historical,0.22589661951690476,0.42369187,0.0,84
SB,1947,cyclone,historical,0.2363485460238095,0.38198286,0.0,84
SB,1948,cyclone,historical,0.2508027310202381,0.41247517,0.0,84
SB,1949,cyclone,historical,0.2524977182145238,0.3708728,0.00028283402,84
SB,1950,cyclone,historical,0.23685851451190473,0.3779173,0.0,84
SB,1951,cyclone,historical,0.21536222690833334,0.3672874,0.0,84
SB,1952,cyclone,historical,0.24122565198892856,0.3747891,0.0,84
SB,1953,cyclone,historical,0.2449390328610714,0.38060805,0.0,84
SB,1954,cyclone,historical,0.25472271392857143,0.37476438,0.0,84
SB,1955,cyclone,historical,0.2526237672142857,0.3898121,0.0,84
SB,1956,cyclone,historical,0.2247278040714286,0.36153454,0.0,84
SB,1957,cyclone,historical,0.25484126204761903,0.4105402,0.0,84
SB,1958,cyclone,historical,0.26278797088452377,0.42487693,0.0,84
SB,1959,cyclone,historical,0.2645411340642857,0.3955673,0.0,84
SB,1960,cyclone,historical,0.2290921002309524,0.37402338,0.0,84
SB,1961,cyclone,historical,0.26309122014285713,0.36267644,0.015239573,84
SB,1962,cyclone,historical,0.2624264664345238,0.408881,0.011897378,84
SB,1963,cyclone,historical,0.23734856539285712,0.35097447,0.004824927,84
SB,1964,cyclone,historical,0.20622355525833336,0.35684642,0.0,84
SB,1965,cyclone,historical,0.24463688693928573,0.36985213,0.0010475935,84
SB,1966,cyclone,historical,0.25664300138095236,0.36064094,0.040456396,84
SB,1967,cyclone,historical,0.2256399333440476,0.34478658,0.0,84
SB,1968,cyclone,historical,0.23983907790476192,0.36726326,0.0,84
SB,1969,cyclone,historical,0.2338522825654762,0.38285655,0.011020085,84
SB,1970,cyclone,historical,0.2570702554047619,0.4079971,0.0,84
SB,1971,cyclone,historical,0.26081389420035717,0.38637072,0.00090279983,84
SB,1972,cyclone,historical,0.2088634426202381,0.37348086,0.0,84
SB,1973,cyclone,historical,0.24056776237142857,0.35002732,0.0,84
SB,1974,cyclone,historical,0.28239953595714284,0.4035859,0.0046155704,84
SB,1975,cyclone,historical,0.265000615125,0.3909879,0.004257613,84
SB,1976,cyclone,historical,0.23545154698880952,0.39841688,0.0,84
SB,1977,cyclone,historical,0.2540707726714286,0.3803995,0.0,84
SB,1978,cyclone,historical,0.26734557858595237,0.4296227,0.00038251482,84
SB,1979,cyclone,historical,0.24246106141785714,0.3822549,0.0,84
SB,1980,cyclone,historical,0.22812851732142858,0.38612646,0.0,84
SB,1981,cyclone,historical,0.24571673759880955,0.35506055,0.0,84
SB,1982,cyclone,historical,0.2488398592452381,0.40060198,0.0,84
SB,1983,cyclone,historical,0.24844520943619047,0.37088698,0.0005999756,84
SB,1984,cyclone,historical,0.2125619733095238,0.36139965,0.0,84
SB,1985,cyclone,historical,0.26402715308333335,0.37140542,0.020469794,84
SB,1986,cyclone,historical,0.25418350299333337,0.39169285,0.00068074674,84
SB,1987,cyclone,historical,0.26022724759642857,0.37768292,0.0029917737,84
SB,1988,cyclone,historical,0.2548346807059524,0.4043386,0.0,84
SB,1989,cyclone,historical,0.2604680730942857,0.40208244,0.0,84
SB,1990,cyclone,historical,0.27603613202142857,0.4055048,0.0,84
SB,1991,cyclone,historical,0.26554935415714287,0.4282785,0.0041190577,84
SB,1992,cyclone,historical,0.23929629185714288,0.37408948,0.0018172156,84
SB,1993,cyclone,historical,0.22401359176190477,0.3848706,0.0,84
SB,1994,cyclone,historical,0.268517116925,0.40525046,0.0,84
SB,1995,cyclone,historical,0.2752308308690476,0.42306185,0.0,84
SB,1996,cyclone,historical,0.23859541220157143,0.3851682,0.0,84
SB,1997,cyclone,historical,0.23855568421785717,0.38070542,0.0,84
SB,1998,cyclone,historical,0.2676660838809524,0.41734457,0.004645286,84
SB,1999,cyclone,historical,0.28368078298809524,0.40203232,0.0,84
SB,2000,cyclone,historical,0.2762124648702381,0.41643268,0.0018499021,84
SB,2001,cyclone,historical,0.23807433638095238,0.3794161,0.0,84
SB,2002,cyclone,historical,0.29854895635714285,0.42561036,0.005254216,84
SB,2003,cyclone,historical,0.2723562231678572,0.4348576,0.0030287101,84
SB,2004,cyclone,historical,0.28066573789285715,0.3935937,0.005994928,84
SB,2005,cyclone,historical,0.27162220963333333,0.4122615,0.0019841604,84
SB,2006,cyclone,historical,0.2688279883565476,0.39887276,0.0,84
SB,2007,cyclone,historical,0.26489836707857145,0.40553102,0.0033088126,84
SB,2008,cyclone,historical,0.29001958034761904,0.43860605,0.0,84
SB,2009,cyclone,historical,0.22681400424761905,0.39480144,0.0,84
SB,2010,cyclone,historical,0.2693192397452381,0.39801216,0.0044335756,84
SB,2011,cyclone,historical,0.2893783379714286,0.4394024,0.0,84
SB,2012,cyclone,historical,0.28051542297654763,0.38852954,0.00067038083,84
SB,2013,cyclone,historical,0.2559606808875,0.42240882,0.0,84
SB,2014,cyclone,historical,0.28287813227380953,0.41171888,0.0,84
SC,1850,cyclone,historical,0.23581619622222222,0.36264008,0.048005313,108
SC,1851,cyclone,historical,0.24491557041666667,0.3699904,0.07365048,108
SC,1852,cyclone,historical,0.25114847055555556,0.36495066,0.07623683,108
SC,1853,cyclone,historical,0.25952052999074077,0.37692326,0.08252218,108
SC,1854,cyclone,historical,0.2499515789814815,0.37539858,0.06552124,108
SC,1855,cyclone,historical,0.21395316725925925,0.35229442,0.02375182,108
SC,1856,cyclone,historical,0.25166608783333333,0.36282703,0.09524323,108
SC,1857,cyclone,historical,0.2726372711203704,0.4062572,0.06116154,108
SC,1858,cyclone,historical,0.24567145226851853,0.38607547,0.055059824,108
SC,1859,cyclone,historical,0.2396423417037037,0.39809406,0.019955976,108
SC,1860,cyclone,historical,0.20153897133333332,0.35263327,0.015286815,108
SC,1861,cyclone,historical,0.2100872371574074,0.32568187,0.02585965,108
SC,1862,cyclone,historical,0.24769330523148148,0.35423827,0.11320866,108
SC,1863,cyclone,historical,0.2744041900925926,0.3869782,0.07371228,108
SC,1864,cyclone,historical,0.22720549430555556,0.3642061,0.032127418,108
SC,1865,cyclone,historical,0.21448424710185185,0.35062554,0.035192996,108
SC,1866,cyclone,historical,0.21092203944444443,0.35163224,0.045528054,108
SC,1867,cyclone,historical,0.2421361120925926,0.3760828,0.065532,108
SC,1868,cyclone,historical,0.2706749898148148,0.4240167,0.07452783,108
SC,1869,cyclone,historical,0.2281141985138889,0.3466908,0.0119905975,108
SC,1870,cyclone,historical,0.23222848989814815,0.35120395,0.053165786,108
SC,1871,cyclone,historical,0.253519620462963,0.36404237,0.09556499,108
SC,1872,cyclone,historical,0.2961766549074074,0.43969554,0.10857138,108
SC,1873,cyclone,historical,0.24544521522222223,0.42495364,0.033588808,108
SC,1874,cyclone,historical,0.194684180175,0.33200318,0.0011008106,108
SC,1875,cyclone,historical,0.20834228437037036,0.33067226,0.08407171,108
SC,1876,cyclone,historical,0.2638505571296296,0.38530797,0.101378955,108
SC,1877,cyclone,historical,0.24668861024074074,0.41333008,0.03658457,108
SC,1878,cyclone,historical,0.20669963141666667,0.34570596,0.031349473,108
SC,1879,cyclone,historical,0.22933079037037038,0.35116708,0.0655527,108
SC,1880,cyclone,historical,0.26553912744444447,0.40264356,0.087171465,108
SC,1881,cyclone,historical,0.26604132394444446,0.39258528,0.07796959,108
SC,1882,cyclone,historical,0.23313928584629628,0.40135312,0.0025452364,108
SC,1883,cyclone,historical,0.20512193175,0.33104998,0.011209205,108
SC,1884,cyclone,historical,0.22979082157407407,0.3376814,0.098928355,108
SC,1885,cyclone,historical,0.2488749319537037,0.34874028,0.088626236,108
SC,1886,cyclone,historical,0.2715445995833333,0.44270346,0.10325437,108
SC,1887,cyclone,historical,0.26261065352777774,0.41610986,0.064692646,108
SC,1888,cyclone,historical,0.21127579646296296,0.34026736,0.02159138,108
SC,1889,cyclone,historical,0.2129812919351852,0.33547312,0.051402282,108
SC,1890,cyclone,historical,0.25876175601851853,0.39057416,0.10145854,108
SC,1891,cyclone,historical,0.2603900266296296,0.39029428,0.086463556,108
SC,1892,cyclone,historical,0.27026438425925925,0.39605495,0.061068,108
SC,1893,cyclone,historical,0.23651582130555557,0.3852468,0.012253094,108
SC,1894,cyclone,historical,0.21673422251851854,0.3242883,0.04128877,108
SC,1895,cyclone,historical,0.2648231305,0.3904783,0.111191414,108
SC,1896,cyclone,historical,0.26228208197222225,0.39878017,0.061350357,108
SC,1897,cyclone,historical,0.22815901169444444,0.3473117,0.036747146,108
SC,1898,cyclone,historical,0.24158003968518518,0.3495689,0.106652364,108
SC,1899,cyclone,historical,0.27534618916666664,0.38891533,0.12653828,108
SC,1900,cyclone,historical,0.2690498611666667,0.40224928,0.08865102,108
SC,1901,cyclone,historical,0.2470210705,0.39564174,0.032198966,108
SC,1902,cyclone,historical,0.27728719351851855,0.40291616,0.09514742,108
SC,1903,cyclone,historical,0.22783212800925925,0.36590153,0.02338948,108
SC,1904,cyclone,historical,0.21504553641666668,0.32533303,0.034176473,108
SC,1905,cyclone,historical,0.23094104944444444,0.34888542,0.08259388,108
SC,1906,cyclone,historical,0.25176738175,0.39379057,0.07645692,108
SC,1907,cyclone,historical,0.255323658,0.38552314,0.0533979,108
SC,1908,cyclone,historical,0.2291896362037037,0.3596968,0.03154262,108
SC,1909,cyclone,historical,0.25328189827777775,0.37605226,0.08577345,108
SC,1910,cyclone,historical,0.2624236217222222,0.391267,0.07130012,108
SC,1911,cyclone,historical,0.2383986200925926,0.3639186,0.0446426,108
SC,1912,cyclone,historical,0.26312332250925924,0.40785384,0.053255565,108
SC,1913,cyclone,historical,0.25323650277777776,0.36083236,0.09343139,108
SC,1914,cyclone,historical,0.26821611648148147,0.40415218,0.10708779,108
SC,1915,cyclone,historical,0.2814770024074074,0.4290567,0.12657359,108
SC,1916,cyclone,historical,0.23276906291666666,0.3821637,0.037688583,108
SC,1917,cyclone,historical,0.2438835780925926,0.36183107,0.038093567,108
SC,1918,cyclone,historical,0.24576876712962964,0.34869242,0.10509937,108
SC,1919,cyclone,historical,0.2847905046296296,0.40760374,0.10930666,108
SC,1920,cyclone,historical,0.2843924423148148,0.4166486,0.11487964,108
SC,1921,cyclone,historical,0.22111082721296296,0.33778897,0.01838607,108
SC,1922,cyclone,historical,0.2143289579722222,0.32683152,0.049287796,108
SC,1923,cyclone,historical,0.2834888333333333,0.41759375,0.11969042,108
SC,1924,cyclone,historical,0.2577397793055556,0.4017488,0.081467405,108
SC,1925,cyclone,historical,0.23925689514814813,0.36140084,0.045854896,108
SC,1926,cyclone,historical,0.2605915712962963,0.36297023,0.10971584,108
SC,1927,cyclone,historical,0.27136372871296294,0.37727284,0.100744486,108
SC,1928,cyclone,historical,0.2731460474259259,0.42391455,0.084990844,108
SC,1929,cyclone,historical,0.24409748892592592,0.38872147,0.056716494,108
SC,1930,cyclone,historical,0.2468409987222222,0.39429533,0.040116843,108
SC,1931,cyclone,historical,0.2902993841666667,0.41860098,0.13508826,108
SC,1932,cyclone,historical,0.28515889175925924,0.44018257,0.09001488,108
SC,1933,cyclone,historical,0.22618760112037037,0.37891614,0.017127123,108
SC,1934,cyclone,historical,0.23562334425925927,0.36170602,0.05224993,108
SC,1935,cyclone,historical,0.28718514152777774,0.41310906,0.123490885,108
SC,1936,cyclone,historical,0.2841270023611111,0.4144035,0.0793937,108
SC,1937,cyclone,historical,0.24081019711111112,0.35853913,0.028195247,108
SC,1938,cyclone,historical,0.2609820757407407,0.40071222,0.09779507,108
SC,1939,cyclone,historical,0.28818543027777777,0.42811233,0.08493841,108
SC,1940,cyclone,historical,0.2588199569537037,0.4273756,0.05480305,108
SC,1941,cyclone,historical,0.23455446387037038,0.3915929,0.032022424,108
SC,1942,cyclone,historical,0.2480304696851852,0.37608224,0.07382013,108
SC,1943,cyclone,historical,0.2545647011851852,0.39367306,0.062058594,108
SC,1944,cyclone,historical,0.2959841118981481,0.436949,0.10952761,108
SC,1945,cyclone,historical,0.25911798119444446,0.3930993,0.06358219,108
SC,1946,cyclone,historical,0.2551846156111111,0.38191217,0.048141845,108
SC,1947,cyclone,historical,0.2951201727777778,0.42652208,0.13023937,108
SC,1948,cyclone,historical,0.2658280904259259,0.40910262,0.06621764,108
SC,1949,cyclone,historical,0.21951659776851853,0.36487716,0.010895715,108
SC,1950,cyclone,historical,0.22663888841666666,0.35448703,0.064079024,108
SC,1951,cyclone,historical,0.2707492841574074,0.37963516,0.095278725,108
SC,1952,cyclone,historical,0.2947810966666667,0.4429577,0.10474345,108
SC,1953,cyclone,historical,0.24144401687037037,0.37179035,0.044173166,108
SC,1954,cyclone,historical,0.23181862328703703,0.33850184,0.07781528,108
SC,1955,cyclone,historical,0.2779399093888889,0.37617147,0.104780704,108
SC,1956,cyclone,historical,0.27139492000000004,0.39611605,0.0756768,108
SC,1957,cyclone,historical,0.2854464205555556,0.44349158,0.09888921,108
SC,1958,cyclone,historical,0.25467786619444444,0.39271384,0.08761429,108
SC,1959,cyclone,historical,0.2540040378333333,0.37808055,0.07136345,108
SC,1960,cyclone,historical,0.27926876375,0.425311,0.09486931,108
SC,1961,cyclone,historical,0.29636494740740743,0.4214167,0.12264985,108
SC,1962,cyclone,historical,0.2674435554537037,0.4345661,0.03322437,108
SC,1963,cyclone,historical,0.18688370854555558,0.30498362,0.00025311892,108
SC,1964,cyclone,historical,0.2527518299074074,0.38491002,0.12385491,108
SC,1965,cyclone,historical,0.29095287828703703,0.38892373,0.108341485,108
SC,1966,cyclone,historical,0.22631315016666667,0.3864729,0.015396167,108
SC,1967,cyclone,historical,0.21140054546296294,0.35647717,0.007434959,108
SC,1968,cyclone,historical,0.28880180990740745,0.42158884,0.10341256,108
SC,1969,cyclone,historical,0.2902976211666667,0.42801344,0.085593775,108
SC,1970,cyclone,historical,0.24125706087037035,0.3826854,0.022048494,108
SC,1971,cyclone,historical,0.23438059178703702,0.37920463,0.025678944,108
SC,1972,cyclone,historical,0.2324226143425926,0.36274028,0.079372935,108
SC,1973,cyclone,historical,0.28440802555555555,0.4113584,0.11152691,108
SC,1974,cyclone,historical,0.2676575096666667,0.406193,0.09738733,108
SC,1975,cyclone,historical,0.2600296045925926,0.38729936,0.08417356,108
SC,1976,cyclone,historical,0.2530940124074074,0.3735972,0.08414698,108
SC,1977,cyclone,historical,0.2970430593518518,0.4280518,0.13419065,108
SC,1978,cyclone,historical,0.2681067259351852,0.40991622,0.075682,108
SC,1979,cyclone,historical,0.25473798583333335,0.36339563,0.06289554,108
SC,1980,cyclone,historical,0.2709997052777778,0.41447204,0.076449566,108
SC,1981,cyclone,historical,0.29579387796296297,0.41976616,0.09943186,108
SC,1982,cyclone,historical,0.25354386476851853,0.39005154,0.071118936,108
SC,1983,cyclone,historical,0.21100512777777777,0.32916287,0.034807988,108
SC,1984,cyclone,historical,0.25136822824074073,0.36393824,0.12683836,108
SC,1985,cyclone,historical,0.30772905490740743,0.46025705,0.13008982,108
SC,1986,cyclone,historical,0.2353467730740741,0.39767587,0.044193953,108
SC,1987,cyclone,historical,0.2456547416574074,0.37821615,0.07119546,108
SC,1988,cyclone,historical,0.2880835237962963,0.42446402,0.11722817,108
SC,1989,cyclone,historical,0.2789292322685185,0.4282838,0.084772445,108
SC,1990,cyclone,historical,0.2719808056388889,0.38729826,0.071028695,108
SC,1991,cyclone,historical,0.26707041990740743,0.37888396,0.08564858,108
SC,1992,cyclone,historical,0.2334310119074074,0.36819237,0.04387526,108
SC,1993,cyclone,historical,0.27488928688888886,0.4029086,0.10437141,108
SC,1994,cyclone,historical,0.29412606068518515,0.41744316,0.12037125,108
SC,1995,cyclone,historical,0.269445818287037,0.4021167,0.09047794,108
SC,1996,cyclone,historical,0.2554873802777778,0.35816115,0.0955477,108
SC,1997,cyclone,historical,0.31364403972222227,0.41559342,0.14682767,108
SC,1998,cyclone,historical,0.3147730611111111,0.43708572,0.13107333,108
SC,1999,cyclone,historical,0.26367510037037034,0.37314147,0.11469495,108
SC,2000,cyclone,historical,0.2849225472222222,0.3961956,0.11288972,108
SC,2001,cyclone,historical,0.28767706990740743,0.41026932,0.11451984,108
SC,2002,cyclone,historical,0.3004369925,0.43688512,0.13152641,108
SC,2003,cyclone,historical,0.2827795806481482,0.40647125,0.10884787,108
SC,2004,cyclone,historical,0.2553152850277778,0.38794208,0.044677887,108
SC,2005,cyclone,historical,0.27090044375,0.4023425,0.08960195,108
SC,2006,cyclone,historical,0.3064582766666667,0.44912916,0.12296356,108
SC,2007,cyclone,historical,0.3056712812962963,0.42300814,0.12439573,108
SC,2008,cyclone,historical,0.31907479833333335,0.44281307,0.13488743,108
SC,2009,cyclone,historical,0.301935382037037,0.4164863,0.138198,108
SC,2010,cyclone,historical,0.3211936725925926,0.44806343,0.15863395,108
SC,2011,cyclone,historical,0.30341607527777775,0.434695,0.10915646,108
SC,2012,cyclone,historical,0.2601799689537037,0.40225017,0.079869606,108
SC,2013,cyclone,historical,0.29053812385185185,0.3775246,0.119801566,108
SC,2014,cyclone,historical,0.31411706685185187,0.41869003,0.15516347,108
SD,1850,cyclone,historical,0.4484540383333333,0.79031396,0.10922948,12
SD,1851,cyclone,historical,0.44644145216666664,0.77317107,0.034210876,12
SD,1852,cyclone,historical,0.4555740129166667,0.8204205,0.052408785,12
SD,1853,cyclone,historical,0.4479966816666667,0.75996625,0.09789212,12
SD,1854,cyclone,historical,0.4815672091666667,0.7742997,0.20662704,12
SD,1855,cyclone,historical,0.41426046083333334,0.7525,0.07034822,12
SD,1856,cyclone,historical,0.4128106745,0.75859094,0.052040644,12
SD,1857,cyclone,historical,0.46057314666666666,0.77583826,0.1520196,12
SD,1858,cyclone,historical,0.44419244916666667,0.7607826,0.09821279,12
SD,1859,cyclone,historical,0.4619187841666667,0.7744298,0.14644666,12
SD,1860,cyclone,historical,0.39881075383333336,0.70600224,0.076869756,12
SD,1861,cyclone,historical,0.43586270416666667,0.78412354,0.12273805,12
SD,1862,cyclone,historical,0.4477604933333333,0.84382033,0.05190808,12
SD,1863,cyclone,historical,0.4547583083333333,0.80514526,0.0811176,12
SD,1864,cyclone,historical,0.4471446125,0.73702836,0.08927473,12
SD,1865,cyclone,historical,0.4478558378333333,0.757481,0.100336984,12
SD,1866,cyclone,historical,0.4460351308333333,0.799486,0.12033078,12
SD,1867,cyclone,historical,0.45310415750000005,0.7903187,0.1736849,12
SD,1868,cyclone,historical,0.43455552025,0.7869812,0.045911893,12
SD,1869,cyclone,historical,0.4427537791666667,0.74645036,0.15049598,12
SD,1870,cyclone,historical,0.41806759,0.7486001,0.02765144,12
SD,1871,cyclone,historical,0.4159399883333333,0.8129694,0.0580417,12
SD,1872,cyclone,historical,0.45453691283333336,0.83897626,0.090719804,12
SD,1873,cyclone,historical,0.47823764916666667,0.7866087,0.16562152,12
SD,1874,cyclone,historical,0.423910475,0.7485601,0.094569355,12
SD,1875,cyclone,historical,0.4328204408333334,0.8079473,0.09200406,12
SD,1876,cyclone,historical,0.47033934,0.82688075,0.06400212,12
SD,1877,cyclone,historical,0.4187779545833333,0.6781975,0.108578965,12
SD,1878,cyclone,historical,0.40391632850000003,0.72270143,0.028129082,12
SD,1879,cyclone,historical,0.3898810691666667,0.731382,0.0694913,12
SD,1880,cyclone,historical,0.42302861708333334,0.8162675,0.06082143,12
SD,1881,cyclone,historical,0.4602094591666667,0.79541415,0.1259679,12
SD,1882,cyclone,historical,0.426721478,0.72451764,0.076059476,12
SD,1883,cyclone,historical,0.41629614875000004,0.72576183,0.071719795,12
SD,1884,cyclone,historical,0.399375515,0.6860273,0.09957275,12
SD,1885,cyclone,historical,0.4158769978333334,0.7985121,0.056070834,12
SD,1886,cyclone,historical,0.4823554641666667,0.8424773,0.12769793,12
SD,1887,cyclone,historical,0.43002488333333333,0.7351645,0.10563828,12
SD,1888,cyclone,historical,0.4111299263333333,0.7158561,0.027689796,12
SD,1889,cyclone,historical,0.42461194458333335,0.7414206,0.106709525,12
SD,1890,cyclone,historical,0.4694226633333333,0.85664827,0.09864164,12
SD,1891,cyclone,historical,0.4799183141666667,0.866757,0.10522817,12
SD,1892,cyclone,historical,0.43278633250000004,0.7624055,0.06985574,12
SD,1893,cyclone,historical,0.4341777658333333,0.7640133,0.10393675,12
SD,1894,cyclone,historical,0.43935449525,0.818107,0.060711578,12
SD,1895,cyclone,historical,0.49470232166666667,0.838197,0.167427,12
SD,1896,cyclone,historical,0.47718640250000005,0.8127582,0.13727868,12
SD,1897,cyclone,historical,0.42265940500000004,0.7763758,0.09920196,12
SD,1898,cyclone,historical,0.44034978,0.8113441,0.07807435,12
SD,1899,cyclone,historical,0.4304161866666667,0.7691636,0.09375352,12
SD,1900,cyclone,historical,0.44031116033333334,0.7668281,0.052347094,12
SD,1901,cyclone,historical,0.44962331166666664,0.76299983,0.08349076,12
SD,1902,cyclone,historical,0.47602632250000004,0.8151714,0.15365955,12
SD,1903,cyclone,historical,0.4086996404166667,0.69288445,0.070579745,12
SD,1904,cyclone,historical,0.4260975591666667,0.78966856,0.09288633,12
SD,1905,cyclone,historical,0.45154013,0.7813665,0.11231586,12
SD,1906,cyclone,historical,0.4380858591666667,0.7500529,0.14220697,12
SD,1907,cyclone,historical,0.4164400341666667,0.76929426,0.12339683,12
SD,1908,cyclone,historical,0.4430816983333334,0.74946034,0.10859138,12
SD,1909,cyclone,historical,0.4580285725,0.84377754,0.11014524,12
SD,1910,cyclone,historical,0.4546533104166666,0.7652856,0.116540745,12
SD,1911,cyclone,historical,0.45025134000000006,0.7684703,0.16505042,12
SD,1912,cyclone,historical,0.41860503,0.7472594,0.08204706,12
SD,1913,cyclone,historical,0.4576175158333333,0.7765945,0.15019956,12
SD,1914,cyclone,historical,0.4536952875,0.8057555,0.15880135,12
SD,1915,cyclone,historical,0.4525083625,0.8122554,0.11568962,12
SD,1916,cyclone,historical,0.43236215333333333,0.7776278,0.03889634,12
SD,1917,cyclone,historical,0.42247100833333334,0.74220216,0.06631463,12
SD,1918,cyclone,historical,0.4286811761666667,0.8120377,0.070069164,12
SD,1919,cyclone,historical,0.4589242216666667,0.83493996,0.14220685,12
SD,1920,cyclone,historical,0.46708219083333335,0.7803653,0.17622167,12
SD,1921,cyclone,historical,0.45862027,0.7874919,0.12972572,12
SD,1922,cyclone,historical,0.43435229666666664,0.7527534,0.12187852,12
SD,1923,cyclone,historical,0.4886050378333333,0.82562435,0.110316284,12
SD,1924,cyclone,historical,0.4667775695,0.78544474,0.095548674,12
SD,1925,cyclone,historical,0.45600157466666663,0.7907258,0.107318886,12
SD,1926,cyclone,historical,0.44998021958333334,0.85514283,0.06517823,12
SD,1927,cyclone,historical,0.473273845,0.85052633,0.10123731,12
SD,1928,cyclone,historical,0.46886305666666667,0.7548785,0.18841642,12
SD,1929,cyclone,historical,0.41037730916666665,0.7258249,0.08348636,12
SD,1930,cyclone,historical,0.4597010908333334,0.8056867,0.13092822,12
SD,1931,cyclone,historical,0.47499998833333335,0.83340716,0.12372996,12
SD,1932,cyclone,historical,0.46858690666666664,0.78650117,0.12604195,12
SD,1933,cyclone,historical,0.48066313499999996,0.77336246,0.14778088,12
SD,1934,cyclone,historical,0.47419891,0.849393,0.128195,12
SD,1935,cyclone,historical,0.4974726008333333,0.8384944,0.20900473,12
SD,1936,cyclone,historical,0.46653143166666666,0.79506415,0.13013397,12
SD,1937,cyclone,historical,0.45292378000000005,0.7826608,0.13890177,12
SD,1938,cyclone,historical,0.4651740325,0.841292,0.09541206,12
SD,1939,cyclone,historical,0.4743587266666667,0.8139675,0.12809637,12
SD,1940,cyclone,historical,0.4752731691666667,0.7902833,0.18696977,12
SD,1941,cyclone,historical,0.44079274,0.72886926,0.13361767,12
SD,1942,cyclone,historical,0.4196498466666667,0.78488314,0.09611821,12
SD,1943,cyclone,historical,0.4493351425,0.76973504,0.10131712,12
SD,1944,cyclone,historical,0.4597857225,0.77903223,0.14797173,12
SD,1945,cyclone,historical,0.4796179475,0.8258751,0.1579406,12
SD,1946,cyclone,historical,0.4639830866666667,0.80298865,0.14060488,12
SD,1947,cyclone,historical,0.5155637091666666,0.860235,0.19131553,12
SD,1948,cyclone,historical,0.4555058058333334,0.79650116,0.13492021,12
SD,1949,cyclone,historical,0.440872685,0.7497133,0.12430251,12
SD,1950,cyclone,historical,0.4626193825,0.76928943,0.1330271,12
SD,1951,cyclone,historical,0.4433162,0.82731724,0.12431686,12
SD,1952,cyclone,historical,0.4903818233333333,0.81043184,0.13126321,12
SD,1953,cyclone,historical,0.4707904603333333,0.7914051,0.105399884,12
SD,1954,cyclone,historical,0.459695905,0.8324335,0.09660751,12
SD,1955,cyclone,historical,0.4435256908333334,0.8289101,0.03673354,12
SD,1956,cyclone,historical,0.4929471825,0.83748287,0.11538325,12
SD,1957,cyclone,historical,0.48990111416666665,0.78364176,0.16602668,12
SD,1958,cyclone,historical,0.500458695,0.8227972,0.19549067,12
SD,1959,cyclone,historical,0.44728573825,0.8079584,0.112723365,12
SD,1960,cyclone,historical,0.4408786291666667,0.7683394,0.08449204,12
SD,1961,cyclone,historical,0.5169674683333333,0.91454417,0.17903157,12
SD,1962,cyclone,historical,0.4837183708333333,0.78357315,0.18226352,12
SD,1963,cyclone,historical,0.4436305996666667,0.79743,0.111677796,12
SD,1964,cyclone,historical,0.44079060249999996,0.7905222,0.13419385,12
SD,1965,cyclone,historical,0.46870959083333336,0.8068024,0.13313016,12
SD,1966,cyclone,historical,0.44930635166666666,0.701734,0.1448701,12
SD,1967,cyclone,historical,0.41012759000000004,0.726252,0.11683254,12
SD,1968,cyclone,historical,0.45497620333333333,0.79627204,0.07143143,12
SD,1969,cyclone,historical,0.49776813875,0.8262004,0.122495145,12
SD,1970,cyclone,historical,0.4779184525,0.8387627,0.12690845,12
SD,1971,cyclone,historical,0.45597112666666667,0.7532644,0.17198357,12
SD,1972,cyclone,historical,0.4280779158333334,0.8013132,0.14694741,12
SD,1973,cyclone,historical,0.4649944383333333,0.8260902,0.1198788,12
SD,1974,cyclone,historical,0.4544227354166666,0.84728444,0.099942565,12
SD,1975,cyclone,historical,0.43596075375000004,0.7227782,0.090396285,12
SD,1976,cyclone,historical,0.47158054666666666,0.8208592,0.18401274,12
SD,1977,cyclone,historical,0.45945252,0.7508706,0.15276718,12
SD,1978,cyclone,historical,0.491859665,0.80877155,0.15200835,12
SD,1979,cyclone,historical,0.4953709208333333,0.82875395,0.18934543,12
SD,1980,cyclone,historical,0.4568890466666667,0.7535423,0.08862803,12
SD,1981,cyclone,historical,0.4912043291666666,0.88381624,0.19131038,12
SD,1982,cyclone,historical,0.45851633500000005,0.7515661,0.15413626,12
SD,1983,cyclone,historical,0.4254067475,0.78142333,0.06598678,12
SD,1984,cyclone,historical,0.43933020916666665,0.8066472,0.10600875,12
SD,1985,cyclone,historical,0.4801976458333333,0.8276223,0.15460433,12
SD,1986,cyclone,historical,0.41937630266666664,0.75388193,0.058454182,12
SD,1987,cyclone,historical,0.44784020916666667,0.7830207,0.10207481,12
SD,1988,cyclone,historical,0.4876301775,0.8749831,0.13707474,12
SD,1989,cyclone,historical,0.47138759916666667,0.8318873,0.13763547,12
SD,1990,cyclone,historical,0.5071771258333334,0.80995196,0.12520994,12
SD,1991,cyclone,historical,0.4488398725,0.75079644,0.1160012,12
SD,1992,cyclone,historical,0.42615166416666667,0.74686635,0.1296258,12
SD,1993,cyclone,historical,0.455288285,0.7775469,0.1368297,12
SD,1994,cyclone,historical,0.5048091758333334,0.82575464,0.13620473,12
SD,1995,cyclone,historical,0.48321007083333334,0.8375516,0.19499196,12
SD,1996,cyclone,historical,0.45913463416666667,0.79404086,0.12546888,12
SD,1997,cyclone,historical,0.5249521491666667,0.9074204,0.15609169,12
SD,1998,cyclone,historical,0.5067947783333333,0.86709297,0.149618,12
SD,1999,cyclone,historical,0.5066287933333333,0.83041906,0.18197422,12
SD,2000,cyclone,historical,0.50119063,0.81887764,0.12480044,12
SD,2001,cyclone,historical,0.48248722916666664,0.85552955,0.14544164,12
SD,2002,cyclone,historical,0.5527593716666667,0.91237533,0.16001937,12
SD,2003,cyclone,historical,0.5009826441666666,0.7828815,0.24766392,12
SD,2004,cyclone,historical,0.48013249500000005,0.7748953,0.15473178,12
SD,2005,cyclone,historical,0.4634335291666667,0.7704456,0.1491825,12
SD,2006,cyclone,historical,0.480695955,0.8433163,0.13032262,12
SD,2007,cyclone,historical,0.48463210333333334,0.81826186,0.11957508,12
SD,2008,cyclone,historical,0.5138065399999999,0.8555081,0.17673813,12
SD,2009,cyclone,historical,0.5186391166666667,0.8598988,0.16651298,12
SD,2010,cyclone,historical,0.5130706275,0.8057985,0.1696066,12
SD,2011,cyclone,historical,0.49111279916666667,0.81098765,0.11526578,12
SD,2012,cyclone,historical,0.4739551933333333,0.80475116,0.11889967,12
SD,2013,cyclone,historical,0.4960881225,0.8381481,0.156751,12
SD,2014,cyclone,historical,0.4910773675,0.86441374,0.16498435,12
SE,1850,cyclone,historical,0.061804929181249996,0.30971596,0.0,48
SE,1851,cyclone,historical,0.06943819369958333,0.35096273,0.0,48
SE,1852,cyclone,historical,0.05178908757604167,0.22046576,0.0,48
SE,1853,cyclone,historical,0.061991306071458335,0.20325369,0.0,48
SE,1854,cyclone,historical,0.06348135222791666,0.2200973,0.0,48
SE,1855,cyclone,historical,0.08310179701937499,0.36825046,0.0,48
SE,1856,cyclone,historical,0.08467681316041666,0.2916578,0.0,48
SE,1857,cyclone,historical,0.10503291202083333,0.36619094,0.0,48
SE,1858,cyclone,historical,0.032629867291249996,0.18181987,0.0,48
SE,1859,cyclone,historical,0.06464324061875,0.1675069,0.0,48
SE,1860,cyclone,historical,0.08730184144375001,0.21167871,0.0,48
SE,1861,cyclone,historical,0.08092676314489583,0.28636745,0.0,48
SE,1862,cyclone,historical,0.0731329109625,0.2619146,0.0,48
SE,1863,cyclone,historical,0.08402092397083333,0.27635723,0.0,48
SE,1864,cyclone,historical,0.053504742281249996,0.24549562,0.0,48
SE,1865,cyclone,historical,0.044473881018333335,0.16563648,0.0,48
SE,1866,cyclone,historical,0.05630376225416667,0.3301081,0.0,48
SE,1867,cyclone,historical,0.06966909956735416,0.29414308,0.0,48
SE,1868,cyclone,historical,0.07848818157979166,0.29622748,0.0,48
SE,1869,cyclone,historical,0.0874012456875,0.26335496,0.0,48
SE,1870,cyclone,historical,0.059206294515458335,0.1915197,0.0,48
SE,1871,cyclone,historical,0.05670307622916667,0.2280307,0.0,48
SE,1872,cyclone,historical,0.067219054,0.30847117,0.0,48
SE,1873,cyclone,historical,0.0793044242480625,0.2701484,0.0,48
SE,1874,cyclone,historical,0.0693457398125,0.20947763,0.0,48
SE,1875,cyclone,historical,0.053065911108333336,0.20563954,0.0,48
SE,1876,cyclone,historical,0.06213174489375,0.19362597,0.0,48
SE,1877,cyclone,historical,0.06494824315208333,0.25662097,0.0,48
SE,1878,cyclone,historical,0.040069771366666666,0.19346389,0.0,48
SE,1879,cyclone,historical,0.04546034963125,0.1991746,0.0,48
SE,1880,cyclone,historical,0.057369049713333335,0.25073954,0.0,48
SE,1881,cyclone,historical,0.05945174302375,0.17760573,0.0,48
SE,1882,cyclone,historical,0.06675682566666667,0.2079249,0.0,48
SE,1883,cyclone,historical,0.07392931559666667,0.2963247,0.0,48
SE,1884,cyclone,historical,0.04561503234791667,0.18118884,0.0,48
SE,1885,cyclone,historical,0.08252478969583334,0.33528936,0.0,48
SE,1886,cyclone,historical,0.06680430855708334,0.3003757,0.0,48
SE,1887,cyclone,historical,0.0533781661625,0.14930935,0.0,48
SE,1888,cyclone,historical,0.08244955634583333,0.2903741,0.0,48
SE,1889,cyclone,historical,0.05888008116833333,0.3126551,0.0,48
SE,1890,cyclone,historical,0.08169836079375,0.31095427,0.0,48
SE,1891,cyclone,historical,0.07246977853125,0.22956182,0.0,48
SE,1892,cyclone,historical,0.10065538858333334,0.32551363,0.0,48
SE,1893,cyclone,historical,0.09864156284874999,0.3120424,0.0,48
SE,1894,cyclone,historical,0.07584581350666666,0.20768178,0.0,48
SE,1895,cyclone,historical,0.07324388073541667,0.27344623,0.0,48
SE,1896,cyclone,historical,0.06337077438958333,0.18396477,0.0,48
SE,1897,cyclone,historical,0.09637852477708332,0.18093166,0.0,48
SE,1898,cyclone,historical,0.0793459572175,0.29483572,0.0,48
SE,1899,cyclone,historical,0.07571598857395834,0.24640436,0.0,48
SE,1900,cyclone,historical,0.06930736934791666,0.24125014,0.0,48
SE,1901,cyclone,historical,0.08795393540416667,0.25462842,0.0,48
SE,1902,cyclone,historical,0.08439522681458334,0.30553856,0.0,48
SE,1903,cyclone,historical,0.09663461685833334,0.25984535,0.0,48
SE,1904,cyclone,historical,0.05952192773541667,0.20339198,0.0,48
SE,1905,cyclone,historical,0.08877960154604166,0.2788382,0.0,48
SE,1906,cyclone,historical,0.08579062334791666,0.24471548,0.0,48
SE,1907,cyclone,historical,0.05270587928333333,0.1394191,0.0,48
SE,1908,cyclone,historical,0.06776519745020833,0.27832922,0.0,48
SE,1909,cyclone,historical,0.08423890261041667,0.31737706,0.0,48
SE,1910,cyclone,historical,0.049157683910416666,0.17466232,0.0,48
SE,1911,cyclone,historical,0.055739647110625005,0.2724078,0.0,48
SE,1912,cyclone,historical,0.08400183471666667,0.32460272,0.0,48
SE,1913,cyclone,historical,0.04235117920208333,0.17568776,0.0,48
SE,1914,cyclone,historical,0.07160495747916666,0.24115181,0.0,48
SE,1915,cyclone,historical,0.04435063020208333,0.13170396,0.0,48
SE,1916,cyclone,historical,0.0780619131045625,0.22634071,0.0,48
SE,1917,cyclone,historical,0.09388927547916666,0.28240398,0.0,48
SE,1918,cyclone,historical,0.07847547256041666,0.26153857,0.0,48
SE,1919,cyclone,historical,0.07609608942708333,0.27023914,0.0,48
SE,1920,cyclone,historical,0.058765250152791666,0.26638052,0.0,48
SE,1921,cyclone,historical,0.0653329303375,0.18590328,0.0,48
SE,1922,cyclone,historical,0.0597815246,0.2780256,0.0,48
SE,1923,cyclone,historical,0.07073062799583334,0.3027421,0.0,48
SE,1924,cyclone,historical,0.08837795586104168,0.25242412,0.0,48
SE,1925,cyclone,historical,0.0466543246025,0.19463196,0.0,48
SE,1926,cyclone,historical,0.07428428222083333,0.29429328,0.0,48
SE,1927,cyclone,historical,0.06051889831250001,0.28924602,0.0,48
SE,1928,cyclone,historical,0.04049602603041667,0.17808117,0.0,48
SE,1929,cyclone,historical,0.07139954546979167,0.22681507,0.0,48
SE,1930,cyclone,historical,0.08265886118958334,0.30608532,0.0,48
SE,1931,cyclone,historical,0.10533074371145834,0.4525485,0.0,48
SE,1932,cyclone,historical,0.0725945996875,0.27649987,0.0,48
SE,1933,cyclone,historical,0.059076291725,0.17147902,0.0,48
SE,1934,cyclone,historical,0.04411832261041667,0.13924187,0.0,48
SE,1935,cyclone,historical,0.05352282556666666,0.17920387,0.0,48
SE,1936,cyclone,historical,0.05160702091666666,0.2269966,0.0,48
SE,1937,cyclone,historical,0.04927040430583333,0.15702881,0.0,48
SE,1938,cyclone,historical,0.10338116215,0.33696637,0.0,48
SE,1939,cyclone,historical,0.08064158161458333,0.22287646,0.0,48
SE,1940,cyclone,historical,0.07235990085625,0.2394089,0.0,48
SE,1941,cyclone,historical,0.0673639044875,0.25744653,0.0,48
SE,1942,cyclone,historical,0.07721701958666667,0.27156824,0.0,48
SE,1943,cyclone,historical,0.05196816600833334,0.19848412,0.0,48
SE,1944,cyclone,historical,0.07074439965,0.22516616,0.0,48
SE,1945,cyclone,historical,0.047412656417500004,0.14849786,0.0,48
SE,1946,cyclone,historical,0.10900614785416667,0.2589982,0.0,48
SE,1947,cyclone,historical,0.05565533629229166,0.21242322,0.0,48
SE,1948,cyclone,historical,0.07705982711249999,0.3258961,0.0,48
SE,1949,cyclone,historical,0.07721645057125,0.2767484,0.0,48
SE,1950,cyclone,historical,0.05591013845625,0.24826616,0.0,48
SE,1951,cyclone,historical,0.07952604876875,0.22485171,0.0,48
SE,1952,cyclone,historical,0.0582131453125,0.20838197,0.0,48
SE,1953,cyclone,historical,0.08233437610416666,0.34352425,0.0,48
SE,1954,cyclone,historical,0.053392472792291666,0.26536155,0.0,48
SE,1955,cyclone,historical,0.09622301064666666,0.3666437,0.0,48
SE,1956,cyclone,historical,0.05523987050541667,0.2982989,0.0,48
SE,1957,cyclone,historical,0.07167382515625,0.20379394,0.0,48
SE,1958,cyclone,historical,0.040809070055208334,0.27753827,0.0,48
SE,1959,cyclone,historical,0.07242529213479167,0.25715262,0.0,48
SE,1960,cyclone,historical,0.07268214788125,0.31207213,0.0,48
SE,1961,cyclone,historical,0.04891954565416667,0.144804,0.0,48
SE,1962,cyclone,historical,0.0624167161875,0.27529937,0.0,48
SE,1963,cyclone,historical,0.09175658400312499,0.28486332,0.0,48
SE,1964,cyclone,historical,0.06903673667927084,0.21884169,0.0,48
SE,1965,cyclone,historical,0.08739925396041666,0.2630319,0.0,48
SE,1966,cyclone,historical,0.07694298701166667,0.3700323,0.0,48
SE,1967,cyclone,historical,0.07211723389166667,0.23082824,0.0,48
SE,1968,cyclone,historical,0.08914218606875,0.27254182,0.0,48
SE,1969,cyclone,historical,0.07467342759583333,0.24443777,0.0,48
SE,1970,cyclone,historical,0.08807616690437499,0.23509316,0.0,48
SE,1971,cyclone,historical,0.06749255755320833,0.29875055,0.0,48
SE,1972,cyclone,historical,0.06614562193733332,0.25243923,0.0,48
SE,1973,cyclone,historical,0.09201480669833334,0.2996636,0.0,48
SE,1974,cyclone,historical,0.0652650751175,0.17689905,0.0,48
SE,1975,cyclone,historical,0.0913870349605625,0.29352608,0.0,48
SE,1976,cyclone,historical,0.05684977222083334,0.26566303,0.0,48
SE,1977,cyclone,historical,0.051180805335833336,0.20744297,0.0,48
SE,1978,cyclone,historical,0.06822860815020833,0.21191643,0.0,48
SE,1979,cyclone,historical,0.057450101822499995,0.20808266,0.0,48
SE,1980,cyclone,historical,0.05730621971041666,0.2615742,0.0,48
SE,1981,cyclone,historical,0.06577395270416667,0.33967638,0.0,48
SE,1982,cyclone,historical,0.06025622478125,0.2574044,0.0,48
SE,1983,cyclone,historical,0.060101277125,0.19246222,0.0,48
SE,1984,cyclone,historical,0.06586223664166667,0.27659172,0.0,48
SE,1985,cyclone,historical,0.07244332334374999,0.20413215,0.0,48
SE,1986,cyclone,historical,0.05478928665625,0.270626,0.0,48
SE,1987,cyclone,historical,0.07926708263333333,0.34328866,0.0,48
SE,1988,cyclone,historical,0.07187924085125,0.27536094,0.0,48
SE,1989,cyclone,historical,0.06242294202708334,0.22062245,0.0,48
SE,1990,cyclone,historical,0.084171767635625,0.36092108,0.0,48
SE,1991,cyclone,historical,0.06588497882291668,0.20442066,0.0,48
SE,1992,cyclone,historical,0.07810624556041666,0.30631873,0.0,48
SE,1993,cyclone,historical,0.08089401455416667,0.21461675,0.0,48
SE,1994,cyclone,historical,0.07718802991041666,0.2783746,0.0,48
SE,1995,cyclone,historical,0.039623745927083336,0.11812791,0.0,48
SE,1996,cyclone,historical,0.08841435782708333,0.20092914,0.0,48
SE,1997,cyclone,historical,0.09169524650625,0.25750595,0.0,48
SE,1998,cyclone,historical,0.06959646771041667,0.21746615,0.0,48
SE,1999,cyclone,historical,0.08401440659458333,0.25960004,0.0,48
SE,2000,cyclone,historical,0.08741451639583332,0.22049709,0.0,48
SE,2001,cyclone,historical,0.061254106575,0.25777394,0.0,48
SE,2002,cyclone,historical,0.056843333266666664,0.18275131,0.0,48
SE,2003,cyclone,historical,0.08553173027083333,0.24960496,0.0,48
SE,2004,cyclone,historical,0.06223443548541666,0.19504797,0.0,48
SE,2005,cyclone,historical,0.03792216047916667,0.20274472,0.0,48
SE,2006,cyclone,historical,0.06393010638541667,0.1758801,0.0,48
SE,2007,cyclone,historical,0.09664597285416666,0.26231438,0.0,48
SE,2008,cyclone,historical,0.03358286247916666,0.22177215,0.0,48
SE,2009,cyclone,historical,0.044194597077083335,0.25453982,0.0,48
SE,2010,cyclone,historical,0.050398750907500005,0.20936851,0.0,48
SE,2011,cyclone,historical,0.047206660802083335,0.17432627,0.0,48
SE,2012,cyclone,historical,0.05351815332916667,0.2180961,0.0,48
SE,2013,cyclone,historical,0.10713070266458334,0.36497423,0.0,48
SE,2014,cyclone,historical,0.07472041994166667,0.25854436,0.0,48
SH,1850,cyclone,historical,0.11232375604795455,0.4203419,0.0,132
SH,1851,cyclone,historical,0.10273992375496971,0.42275533,0.0,132
SH,1852,cyclone,historical,0.1027720523405303,0.46497864,0.0,132
SH,1853,cyclone,historical,0.10741265233651515,0.4923749,0.0,132
SH,1854,cyclone,historical,0.10758251957371212,0.44675648,0.0,132
SH,1855,cyclone,historical,0.10007265837121213,0.35075474,0.0,132
SH,1856,cyclone,historical,0.10722113466068182,0.46474063,0.0,132
SH,1857,cyclone,historical,0.1025586053705303,0.45995867,0.0,132
SH,1858,cyclone,historical,0.10443533171310607,0.43987852,0.0,132
SH,1859,cyclone,historical,0.09361165470151514,0.3891567,0.0,132
SH,1860,cyclone,historical,0.10533322114318182,0.4953856,0.0,132
SH,1861,cyclone,historical,0.1110719200919697,0.4710054,0.0,132
SH,1862,cyclone,historical,0.10919327808765152,0.47288853,0.0,132
SH,1863,cyclone,historical,0.10055011598507575,0.39007407,0.0,132
SH,1864,cyclone,historical,0.09413455288189394,0.36123985,0.0,132
SH,1865,cyclone,historical,0.10738289709830302,0.45610756,0.0,132
SH,1866,cyclone,historical,0.09806355777977273,0.39832354,0.0,132
SH,1867,cyclone,historical,0.09678752385477273,0.363851,0.0,132
SH,1868,cyclone,historical,0.10889603651810606,0.45423174,0.0,132
SH,1869,cyclone,historical,0.11094208432636363,0.46333456,0.0,132
SH,1870,cyclone,historical,0.09696071362424243,0.4013018,0.0,132
SH,1871,cyclone,historical,0.1106501272964394,0.40719026,0.0,132
SH,1872,cyclone,historical,0.10040944137181818,0.4480788,0.0,132
SH,1873,cyclone,historical,0.09971838407878787,0.4160224,0.0,132
SH,1874,cyclone,historical,0.11184191047242424,0.45464206,0.0,132
SH,1875,cyclone,historical,0.10710731271186363,0.40763193,0.0,132
SH,1876,cyclone,historical,0.11264237573750001,0.43176305,0.0,132
SH,1877,cyclone,historical,0.10358899359962122,0.4728545,0.0,132
SH,1878,cyclone,historical,0.10289585516022727,0.44748452,0.0,132
SH,1879,cyclone,historical,0.10252413260734848,0.42758292,0.0,132
SH,1880,cyclone,historical,0.10196047720142425,0.40627855,0.0,132
SH,1881,cyclone,historical,0.10456752735295455,0.42277262,0.0,132
SH,1882,cyclone,historical,0.09729680063689394,0.39915177,0.0,132
SH,1883,cyclone,historical,0.11481534186466667,0.54329526,0.0,132
SH,1884,cyclone,historical,0.10459043159530303,0.46688497,0.0,132
SH,1885,cyclone,historical,0.08598322640526515,0.4335884,0.0,132
SH,1886,cyclone,historical,0.10913512701292424,0.46520907,0.0,132
SH,1887,cyclone,historical,0.09700147364136363,0.4285692,0.0,132
SH,1888,cyclone,historical,0.09320496931116667,0.41145816,0.0,132
SH,1889,cyclone,historical,0.09336588171742424,0.43570948,0.0,132
SH,1890,cyclone,historical,0.1021933655994697,0.48490667,0.0,132
SH,1891,cyclone,historical,0.10966071451844697,0.43577406,0.0,132
SH,1892,cyclone,historical,0.0957724936598485,0.46028796,0.0,132
SH,1893,cyclone,historical,0.10350176493083332,0.4419248,0.0,132
SH,1894,cyclone,historical,0.10048980120310606,0.45756257,0.0,132
SH,1895,cyclone,historical,0.10950728364901514,0.45558947,0.0,132
SH,1896,cyclone,historical,0.10508873241045455,0.4322185,0.0,132
SH,1897,cyclone,historical,0.10274962480530303,0.41731986,0.0,132
SH,1898,cyclone,historical,0.10089652401484848,0.4662423,0.0,132
SH,1899,cyclone,historical,0.11553000001704546,0.5006122,0.0,132
SH,1900,cyclone,historical,0.11226460868386365,0.42417514,0.0,132
SH,1901,cyclone,historical,0.09383071432333333,0.40160596,0.0,132
SH,1902,cyclone,historical,0.09539825659212121,0.40975142,0.0,132
SH,1903,cyclone,historical,0.10940650461878788,0.53903925,0.0,132
SH,1904,cyclone,historical,0.1076946592010606,0.45712328,0.0,132
SH,1905,cyclone,historical,0.10581959208977273,0.4449674,0.0,132
SH,1906,cyclone,historical,0.11778232755723485,0.472405,0.0,132
SH,1907,cyclone,historical,0.11160904584001516,0.44013056,0.0,132
SH,1908,cyclone,historical,0.11426389793969696,0.4689186,0.0,132
SH,1909,cyclone,historical,0.10641923298795454,0.47468275,0.0,132
SH,1910,cyclone,historical,0.0934932575634091,0.51074535,0.0,132
SH,1911,cyclone,historical,0.10006678593189394,0.4385624,0.0,132
SH,1912,cyclone,historical,0.10410674731431818,0.40482005,0.0,132
SH,1913,cyclone,historical,0.11017877313279545,0.45344132,0.0,132
SH,1914,cyclone,historical,0.10413085413537879,0.3948944,0.0,132
SH,1915,cyclone,historical,0.10642232896147727,0.5154009,0.0,132
SH,1916,cyclone,historical,0.10207293090507576,0.45734778,0.0,132
SH,1917,cyclone,historical,0.10692211586166667,0.386173,0.0,132
SH,1918,cyclone,historical,0.11460129863992424,0.4760205,0.0,132
SH,1919,cyclone,historical,0.12143282139469695,0.4754027,0.0,132
SH,1920,cyclone,historical,0.10177094589128788,0.39887977,0.0,132
SH,1921,cyclone,historical,0.10624908846598485,0.39939,0.0,132
SH,1922,cyclone,historical,0.10278324711949242,0.41715726,0.0,132
SH,1923,cyclone,historical,0.11322831887954546,0.417945,0.0,132
SH,1924,cyclone,historical,0.1001330421089697,0.41880858,0.0,132
SH,1925,cyclone,historical,0.11628248714098485,0.4704924,0.0,132
SH,1926,cyclone,historical,0.11639469961234848,0.48683223,0.0,132
SH,1927,cyclone,historical,0.10557840148893939,0.45476553,0.0,132
SH,1928,cyclone,historical,0.11355625301742424,0.4356025,0.0,132
SH,1929,cyclone,historical,0.10305232028106061,0.4111688,0.0,132
SH,1930,cyclone,historical,0.10854575064401514,0.4756623,0.0,132
SH,1931,cyclone,historical,0.11434008544321213,0.46232426,0.0,132
SH,1932,cyclone,historical,0.1021585738810606,0.56541574,0.0,132
SH,1933,cyclone,historical,0.09605046986757575,0.4107612,0.0,132
SH,1934,cyclone,historical,0.09996709294507576,0.42318106,0.0,132
SH,1935,cyclone,historical,0.09869003776060606,0.4157077,0.0,132
SH,1936,cyclone,historical,0.10666946732272728,0.43618628,0.0,132
SH,1937,cyclone,historical,0.09814214573015151,0.473576,0.0,132
SH,1938,cyclone,historical,0.09889889276242425,0.41332427,0.0,132
SH,1939,cyclone,historical,0.10764542564227272,0.43852323,0.0,132
SH,1940,cyclone,historical,0.10411887803333333,0.4412284,0.0,132
SH,1941,cyclone,historical,0.11443587003075757,0.43645722,0.0,132
SH,1942,cyclone,historical,0.11386043100939394,0.4651507,0.0,132
SH,1943,cyclone,historical,0.11153700787075757,0.48513493,0.0,132
SH,1944,cyclone,historical,0.10352957299673485,0.42368403,0.0,132
SH,1945,cyclone,historical,0.10815644043901515,0.43910927,0.0,132
SH,1946,cyclone,historical,0.09648435446616666,0.4538657,0.0,132
SH,1947,cyclone,historical,0.09211855033515153,0.36756513,0.0,132
SH,1948,cyclone,historical,0.10764913906280303,0.44863963,0.0,132
SH,1949,cyclone,historical,0.0971758798180303,0.45386708,0.0,132
SH,1950,cyclone,historical,0.10181584251878788,0.4250731,0.0,132
SH,1951,cyclone,historical,0.10266053217859092,0.4040588,0.0,132
SH,1952,cyclone,historical,0.10179499284030302,0.44374824,0.0,132
SH,1953,cyclone,historical,0.11033408397969698,0.44308072,0.0,132
SH,1954,cyclone,historical,0.10097043213583334,0.4359429,0.0,132
SH,1955,cyclone,historical,0.10465121849901515,0.49649262,0.0,132
SH,1956,cyclone,historical,0.09760907796688637,0.39591092,0.0,132
SH,1957,cyclone,historical,0.10176172715272727,0.41499886,0.0,132
SH,1958,cyclone,historical,0.11779930746742424,0.4500792,0.0,132
SH,1959,cyclone,historical,0.11391037245848486,0.43802726,0.0,132
SH,1960,cyclone,historical,0.10618357497727274,0.42797923,0.0,132
SH,1961,cyclone,historical,0.1174256908651515,0.4531277,0.0,132
SH,1962,cyclone,historical,0.11044300867045455,0.43312967,0.0,132
SH,1963,cyclone,historical,0.09666478228681818,0.41315597,0.0,132
SH,1964,cyclone,historical,0.09586501808613636,0.4136436,0.0,132
SH,1965,cyclone,historical,0.10533703328257575,0.47188932,0.0,132
SH,1966,cyclone,historical,0.09671217620613635,0.37201267,0.0,132
SH,1967,cyclone,historical,0.11257651654166667,0.46788314,0.0,132
SH,1968,cyclone,historical,0.09498389813568182,0.39880925,0.0,132
SH,1969,cyclone,historical,0.10368782471363637,0.46665132,0.0,132
SH,1970,cyclone,historical,0.09501658236136364,0.37827528,0.0,132
SH,1971,cyclone,historical,0.09940468774906819,0.44068003,0.0,132
SH,1972,cyclone,historical,0.10749285317416667,0.43339223,0.0,132
SH,1973,cyclone,historical,0.10612531914363636,0.43368563,0.0,132
SH,1974,cyclone,historical,0.11006686027272727,0.45942974,0.0,132
SH,1975,cyclone,historical,0.10118812674000001,0.40230805,0.0,132
SH,1976,cyclone,historical,0.10960612976575758,0.4218112,0.0,132
SH,1977,cyclone,historical,0.10245184472522727,0.4474305,0.0,132
SH,1978,cyclone,historical,0.10916301521234849,0.4351314,0.0,132
SH,1979,cyclone,historical,0.09241850566174242,0.3854747,0.0,132
SH,1980,cyclone,historical,0.09680261653904546,0.43811643,0.0,132
SH,1981,cyclone,historical,0.11459973473490151,0.45425415,0.0,132
SH,1982,cyclone,historical,0.09031756887651515,0.3980896,0.0,132
SH,1983,cyclone,historical,0.09382013588377273,0.40769434,0.0,132
SH,1984,cyclone,historical,0.12182423849015153,0.43566436,0.0,132
SH,1985,cyclone,historical,0.10915817792166667,0.42909274,0.0,132
SH,1986,cyclone,historical,0.11534096654477272,0.41382724,0.0,132
SH,1987,cyclone,historical,0.10935168561969698,0.4452616,0.0,132
SH,1988,cyclone,historical,0.10843455647954546,0.45621836,0.0,132
SH,1989,cyclone,historical,0.0977002325810606,0.4142333,0.0,132
SH,1990,cyclone,historical,0.11232938697780304,0.5002543,0.0,132
SH,1991,cyclone,historical,0.11266865599621212,0.4306925,0.0,132
SH,1992,cyclone,historical,0.10337281493181819,0.46247283,0.0,132
SH,1993,cyclone,historical,0.1061908372530303,0.416433,0.0,132
SH,1994,cyclone,historical,0.11378071739015151,0.4644332,0.0,132
SH,1995,cyclone,historical,0.1173523410128788,0.50988144,0.0,132
SH,1996,cyclone,historical,0.11337783565863636,0.48186845,0.0,132
SH,1997,cyclone,historical,0.11153845229325758,0.47948527,0.0,132
SH,1998,cyclone,historical,0.11314522490431818,0.43914294,0.0,132
SH,1999,cyclone,historical,0.10217172328717423,0.46768892,0.0,132
SH,2000,cyclone,historical,0.10537073856590909,0.4935092,0.0,132
SH,2001,cyclone,historical,0.10917655242371212,0.44026482,0.0,132
SH,2002,cyclone,historical,0.10399274770992425,0.42961276,0.0,132
SH,2003,cyclone,historical,0.12438889721840908,0.5240269,0.0,132
SH,2004,cyclone,historical,0.11075046501750001,0.47128093,0.0,132
SH,2005,cyclone,historical,0.11018513076318182,0.5536761,0.0,132
SH,2006,cyclone,historical,0.11542713004590908,0.50070894,0.0,132
SH,2007,cyclone,historical,0.10981271734121212,0.4943785,0.0,132
SH,2008,cyclone,historical,0.11612923705295454,0.43563092,0.0,132
SH,2009,cyclone,historical,0.10905989991439394,0.40200955,0.0,132
SH,2010,cyclone,historical,0.09831360970924242,0.42406523,0.0,132
SH,2011,cyclone,historical,0.10942065398606061,0.47811273,0.0,132
SH,2012,cyclone,historical,0.11563653478242424,0.49931931,0.0,132
SH,2013,cyclone,historical,0.1095023674705303,0.42906278,0.0,132
SH,2014,cyclone,historical,0.12451636973454545,0.43828768,0.0,132
SJ,1850,cyclone,historical,0.037214612461666664,0.1603299,0.0,240
SJ,1851,cyclone,historical,0.05505431203854167,0.28317845,0.0,240
SJ,1852,cyclone,historical,0.064575598851875,0.2954789,0.0,240
SJ,1853,cyclone,historical,0.04857326342745834,0.29591113,0.0,240
SJ,1854,cyclone,historical,0.05463033041781313,0.3246354,0.0,240
SJ,1855,cyclone,historical,0.10969078459804167,0.4216829,0.0,240
SJ,1856,cyclone,historical,0.07503442143125,0.28740883,0.0,240
SJ,1857,cyclone,historical,0.055419813239791664,0.26092046,0.0,240
SJ,1858,cyclone,historical,0.052111464179166664,0.30235663,0.0,240
SJ,1859,cyclone,historical,0.05604916948375,0.33793372,0.0,240
SJ,1860,cyclone,historical,0.037416803617708334,0.22612487,0.0,240
SJ,1861,cyclone,historical,0.04931315337091667,0.3329354,0.0,240
SJ,1862,cyclone,historical,0.055593659061083336,0.37369967,0.0,240
SJ,1863,cyclone,historical,0.07669343221083333,0.3678528,0.0,240
SJ,1864,cyclone,historical,0.054513582486804164,0.26863265,0.0,240
SJ,1865,cyclone,historical,0.016958684522449998,0.13278802,0.0,240
SJ,1866,cyclone,historical,0.05775683358374999,0.29466876,0.0,240
SJ,1867,cyclone,historical,0.0540322765482125,0.3540642,0.0,240
SJ,1868,cyclone,historical,0.054168960973625,0.23802984,0.0,240
SJ,1869,cyclone,historical,0.07105304662060834,0.34596926,0.0,240
SJ,1870,cyclone,historical,0.06280462014084166,0.33459,0.0,240
SJ,1871,cyclone,historical,0.079260854383875,0.29004538,0.0,240
SJ,1872,cyclone,historical,0.048749437676875,0.25852787,0.0,240
SJ,1873,cyclone,historical,0.06964901321608334,0.28160545,0.0,240
SJ,1874,cyclone,historical,0.03189616533625,0.23026338,0.0,240
SJ,1875,cyclone,historical,0.05162503969654166,0.25179332,0.0,240
SJ,1876,cyclone,historical,0.06025791411016667,0.36811864,0.0,240
SJ,1877,cyclone,historical,0.05402364346441667,0.32304132,0.0,240
SJ,1878,cyclone,historical,0.050145273475,0.20375207,0.0,240
SJ,1879,cyclone,historical,0.039612638206875,0.20470053,0.0,240
SJ,1880,cyclone,historical,0.056023537664708335,0.31222284,0.0,240
SJ,1881,cyclone,historical,0.05243773661458333,0.23472172,0.0,240
SJ,1882,cyclone,historical,0.06254790025808334,0.26641506,0.0,240
SJ,1883,cyclone,historical,0.10693118254124166,0.32571837,0.0,240
SJ,1884,cyclone,historical,0.051896334343749996,0.26750267,0.0,240
SJ,1885,cyclone,historical,0.04156568419845833,0.37116688,0.0,240
SJ,1886,cyclone,historical,0.044633928353875,0.2353598,0.0,240
SJ,1887,cyclone,historical,0.05820617680035416,0.25897145,0.0,240
SJ,1888,cyclone,historical,0.04039849915016667,0.22584257,0.0,240
SJ,1889,cyclone,historical,0.06504184268145834,0.29570556,0.0,240
SJ,1890,cyclone,historical,0.06264400545583333,0.26691484,0.0,240
SJ,1891,cyclone,historical,0.03642050990791667,0.24339396,0.0,240
SJ,1892,cyclone,historical,0.06820896857508334,0.27619678,0.0,240
SJ,1893,cyclone,historical,0.04194226805970833,0.3406232,0.0,240
SJ,1894,cyclone,historical,0.07439117082666667,0.33383197,0.0,240
SJ,1895,cyclone,historical,0.037774253442,0.23096952,0.0,240
SJ,1896,cyclone,historical,0.015866991264375,0.11965312,0.0,240
SJ,1897,cyclone,historical,0.02328089283775,0.1888132,0.0,240
SJ,1898,cyclone,historical,0.05522002690741667,0.26419187,0.0,240
SJ,1899,cyclone,historical,0.046873913431125,0.2668727,0.0,240
SJ,1900,cyclone,historical,0.09026352386383334,0.35965955,0.0,240
SJ,1901,cyclone,historical,0.051028817932541666,0.34300044,0.0,240
SJ,1902,cyclone,historical,0.056376686082125,0.24924892,0.0,240
SJ,1903,cyclone,historical,0.08648198891654166,0.34641904,0.0,240
SJ,1904,cyclone,historical,0.026061846941791665,0.2350467,0.0,240
SJ,1905,cyclone,historical,0.07655649530220834,0.40440297,0.0,240
SJ,1906,cyclone,historical,0.016780664760708334,0.16559272,0.0,240
SJ,1907,cyclone,historical,0.05078081687490833,0.24189416,0.0,240
SJ,1908,cyclone,historical,0.08511345291671167,0.3110083,0.0,240
SJ,1909,cyclone,historical,0.051700271741174995,0.2851221,0.0,240
SJ,1910,cyclone,historical,0.02910016270325,0.20272502,0.0,240
SJ,1911,cyclone,historical,0.043276255431775004,0.2475184,0.0,240
SJ,1912,cyclone,historical,0.058170406844375,0.3254793,0.0,240
SJ,1913,cyclone,historical,0.03684680300983333,0.28580368,0.0,240
SJ,1914,cyclone,historical,0.023307603539583333,0.19654912,0.0,240
SJ,1915,cyclone,historical,0.0581107114751875,0.25645024,0.0,240
SJ,1916,cyclone,historical,0.03433469089279166,0.24965115,0.0,240
SJ,1917,cyclone,historical,0.07234656908458333,0.31116474,0.0,240
SJ,1918,cyclone,historical,0.04732809166083333,0.21316285,0.0,240
SJ,1919,cyclone,historical,0.048787360115625,0.27094585,0.0,240
SJ,1920,cyclone,historical,0.031802369053333335,0.2973353,0.0,240
SJ,1921,cyclone,historical,0.043779447410875,0.19568956,0.0,240
SJ,1922,cyclone,historical,0.054056006485999994,0.24822511,0.0,240
SJ,1923,cyclone,historical,0.04363052477739583,0.2516575,0.0,240
SJ,1924,cyclone,historical,0.07028859790641667,0.30251354,0.0,240
SJ,1925,cyclone,historical,0.027984800578820836,0.17034659,0.0,240
SJ,1926,cyclone,historical,0.051332270746262496,0.25402898,0.0,240
SJ,1927,cyclone,historical,0.04057324931004167,0.3164894,0.0,240
SJ,1928,cyclone,historical,0.06640621003841667,0.2919809,0.0,240
SJ,1929,cyclone,historical,0.10086857674393333,0.31657368,0.0,240
SJ,1930,cyclone,historical,0.08503905811979168,0.2809798,0.0,240
SJ,1931,cyclone,historical,0.06653682590833333,0.3461581,0.0,240
SJ,1932,cyclone,historical,0.071703424905,0.36591053,0.0,240
SJ,1933,cyclone,historical,0.02286568652583333,0.22829895,0.0,240
SJ,1934,cyclone,historical,0.056252627868749995,0.21917558,0.0,240
SJ,1935,cyclone,historical,0.043104286571666664,0.24910738,0.0,240
SJ,1936,cyclone,historical,0.04618721379535,0.24734472,0.0,240
SJ,1937,cyclone,historical,0.07709108048624999,0.2593888,0.0,240
SJ,1938,cyclone,historical,0.07025024292165,0.33069187,0.0,240
SJ,1939,cyclone,historical,0.041403586805250005,0.20992014,0.0,240
SJ,1940,cyclone,historical,0.04176726663129167,0.30189738,0.0,240
SJ,1941,cyclone,historical,0.031944054966833335,0.19045968,0.0,240
SJ,1942,cyclone,historical,0.06925838015333333,0.33021134,0.0,240
SJ,1943,cyclone,historical,0.08115948250791667,0.3073598,0.0,240
SJ,1944,cyclone,historical,0.06370222025025,0.33297402,0.0,240
SJ,1945,cyclone,historical,0.042556588952708335,0.25527543,0.0,240
SJ,1946,cyclone,historical,0.058014890737208336,0.31235495,0.0,240
SJ,1947,cyclone,historical,0.067743731851875,0.20667848,0.0,240
SJ,1948,cyclone,historical,0.08350850524045833,0.3185619,0.0,240
SJ,1949,cyclone,historical,0.07031894926929166,0.2744379,0.0,240
SJ,1950,cyclone,historical,0.04559443064266667,0.21601632,0.0,240
SJ,1951,cyclone,historical,0.030894608607291665,0.16292024,0.0,240
SJ,1952,cyclone,historical,0.057162018549,0.23193446,0.0,240
SJ,1953,cyclone,historical,0.07862234669025,0.3109994,0.0,240
SJ,1954,cyclone,historical,0.038499743039166666,0.26798028,0.0,240
SJ,1955,cyclone,historical,0.06899823388883333,0.34395456,0.0,240
SJ,1956,cyclone,historical,0.03833308724558333,0.15793593,0.0,240
SJ,1957,cyclone,historical,0.05206048375904167,0.3493503,0.0,240
SJ,1958,cyclone,historical,0.05365325188900834,0.26664418,0.0,240
SJ,1959,cyclone,historical,0.06588534356769167,0.19807163,0.0,240
SJ,1960,cyclone,historical,0.0452807765135,0.270026,0.0,240
SJ,1961,cyclone,historical,0.043067196748666665,0.2063916,0.0,240
SJ,1962,cyclone,historical,0.06835572028926666,0.27948758,0.0,240
SJ,1963,cyclone,historical,0.0974256867625,0.24113695,0.0,240
SJ,1964,cyclone,historical,0.035698071878525,0.21686186,0.0,240
SJ,1965,cyclone,historical,0.04351784112910833,0.32993954,0.0,240
SJ,1966,cyclone,historical,0.051064558309316666,0.32882604,0.0,240
SJ,1967,cyclone,historical,0.04168550526958333,0.31694648,0.0,240
SJ,1968,cyclone,historical,0.023016134826166667,0.17668456,0.0,240
SJ,1969,cyclone,historical,0.050711705581625,0.24230179,0.0,240
SJ,1970,cyclone,historical,0.06702556754041668,0.27932602,0.0,240
SJ,1971,cyclone,historical,0.08238517173041666,0.3208524,0.0,240
SJ,1972,cyclone,historical,0.08860297386791666,0.31808078,0.0,240
SJ,1973,cyclone,historical,0.041293028453791666,0.27658606,0.0,240
SJ,1974,cyclone,historical,0.04417122430083333,0.20491204,0.0,240
SJ,1975,cyclone,historical,0.063526504261625,0.22019346,0.0,240
SJ,1976,cyclone,historical,0.045369497997425,0.2236334,0.0,240
SJ,1977,cyclone,historical,0.058548930716500004,0.32052743,0.0,240
SJ,1978,cyclone,historical,0.03306030800016667,0.24316463,0.0,240
SJ,1979,cyclone,historical,0.05043188853916667,0.20639592,0.0,240
SJ,1980,cyclone,historical,0.057403964251875,0.36888206,0.0,240
SJ,1981,cyclone,historical,0.046535290773125,0.2723935,0.0,240
SJ,1982,cyclone,historical,0.08908920824120833,0.38077807,0.0,240
SJ,1983,cyclone,historical,0.03658671258291667,0.21717387,0.0,240
SJ,1984,cyclone,historical,0.031082313525708335,0.25713128,0.0,240
SJ,1985,cyclone,historical,0.03250353837058333,0.12613237,0.0,240
SJ,1986,cyclone,historical,0.0448415523275,0.3427584,0.0,240
SJ,1987,cyclone,historical,0.06424041549125,0.33257288,0.0,240
SJ,1988,cyclone,historical,0.030738738183333333,0.1347892,0.0,240
SJ,1989,cyclone,historical,0.05984309740916667,0.321927,0.0,240
SJ,1990,cyclone,historical,0.04720211505154167,0.24129634,0.0,240
SJ,1991,cyclone,historical,0.045420391872875006,0.21957591,0.0,240
SJ,1992,cyclone,historical,0.05477508227791667,0.20365861,0.0,240
SJ,1993,cyclone,historical,0.055509758028333335,0.22602952,0.0,240
SJ,1994,cyclone,historical,0.061641983793,0.3240754,0.0,240
SJ,1995,cyclone,historical,0.06687982197522917,0.21834195,0.0,240
SJ,1996,cyclone,historical,0.0511961512608125,0.32441634,0.0,240
SJ,1997,cyclone,historical,0.058251194779208336,0.21222898,0.0,240
SJ,1998,cyclone,historical,0.08113634511083333,0.26104286,0.0,240
SJ,1999,cyclone,historical,0.04917830772254166,0.20019895,0.0,240
SJ,2000,cyclone,historical,0.027523827372916667,0.19981104,0.0,240
SJ,2001,cyclone,historical,0.04555389695091667,0.21206664,0.0,240
SJ,2002,cyclone,historical,0.06384285222483334,0.25716665,0.0,240
SJ,2003,cyclone,historical,0.05315692743916667,0.29078123,0.0,240
SJ,2004,cyclone,historical,0.06407702035125,0.2910673,0.0,240
SJ,2005,cyclone,historical,0.054083180745320834,0.1814325,0.0,240
SJ,2006,cyclone,historical,0.03911727204041667,0.17330135,0.0,240
SJ,2007,cyclone,historical,0.056736146401666666,0.3351308,0.0,240
SJ,2008,cyclone,historical,0.024053926721970834,0.20731574,0.0,240
SJ,2009,cyclone,historical,0.06445902565041667,0.28320935,0.0,240
SJ,2010,cyclone,historical,0.06000581624195833,0.28124994,0.0,240
SJ,2011,cyclone,historical,0.03994023747041667,0.20123681,0.0,240
SJ,2012,cyclone,historical,0.06807518585,0.2796675,0.0,240
SJ,2013,cyclone,historical,0.054686994405,0.30886883,0.0,240
SJ,2014,cyclone,historical,0.06439223256730833,0.3424626,0.0,240
SO,1850,cyclone,historical,0.19455811974999998,0.5243826,0.002401253,108
SO,1851,cyclone,historical,0.19952083952962965,0.4860216,0.0,108
SO,1852,cyclone,historical,0.22791441750925928,0.5435871,0.0,108
SO,1853,cyclone,historical,0.21981242488546296,0.50513995,0.00031110563,108
SO,1854,cyclone,historical,0.2023561472185185,0.5218309,0.0006826376,108
SO,1855,cyclone,historical,0.1759448925527778,0.4781277,0.0,108
SO,1856,cyclone,historical,0.22372112741666667,0.5263423,0.0,108
SO,1857,cyclone,historical,0.22455821227712963,0.47574922,0.00023139693,108
SO,1858,cyclone,historical,0.21319668968203706,0.46070898,0.0,108
SO,1859,cyclone,historical,0.1933401395277778,0.49713132,0.0014284875,108
SO,1860,cyclone,historical,0.14657130274074073,0.46478584,0.0,108
SO,1861,cyclone,historical,0.1747714249171296,0.42374292,0.0,108
SO,1862,cyclone,historical,0.23322436716944445,0.5202197,0.0,108
SO,1863,cyclone,historical,0.2268961786798148,0.4959033,7.725442e-05,108
SO,1864,cyclone,historical,0.18153956695462964,0.47170153,0.0010319256,108
SO,1865,cyclone,historical,0.17796771370166667,0.43067092,0.00045707278,108
SO,1866,cyclone,historical,0.19903480708796298,0.49774677,0.0,108
SO,1867,cyclone,historical,0.21470244786574075,0.4769804,0.0,108
SO,1868,cyclone,historical,0.23154599148981483,0.49578056,0.0,108
SO,1869,cyclone,historical,0.18000214779999998,0.46897274,0.0,108
SO,1870,cyclone,historical,0.204813992,0.46329558,0.0,108
SO,1871,cyclone,historical,0.23540317742592595,0.5209509,0.0,108
SO,1872,cyclone,historical,0.2559603972588889,0.52194333,0.00088037836,108
SO,1873,cyclone,historical,0.20277769147222222,0.4900729,0.0,108
SO,1874,cyclone,historical,0.16459341678333334,0.4580198,0.0,108
SO,1875,cyclone,historical,0.20706994234907408,0.49599108,0.0,108
SO,1876,cyclone,historical,0.23752830550925927,0.48527527,0.0,108
SO,1877,cyclone,historical,0.18947014424074074,0.49727014,0.0,108
SO,1878,cyclone,historical,0.1623203254101852,0.4465151,0.0,108
SO,1879,cyclone,historical,0.20572842655,0.45095405,0.0,108
SO,1880,cyclone,historical,0.23963034759259258,0.5139636,0.0,108
SO,1881,cyclone,historical,0.2271152631074074,0.5069004,0.001386076,108
SO,1882,cyclone,historical,0.17669414976347222,0.5326886,0.0,108
SO,1883,cyclone,historical,0.15732304123425925,0.45482403,0.0,108
SO,1884,cyclone,historical,0.18967634892592591,0.47026384,0.0,108
SO,1885,cyclone,historical,0.21935407777824076,0.4939818,0.0,108
SO,1886,cyclone,historical,0.24649496592222223,0.4994789,0.0,108
SO,1887,cyclone,historical,0.21753248592129631,0.48787898,0.0031293412,108
SO,1888,cyclone,historical,0.16774865129444444,0.46765777,0.0,108
SO,1889,cyclone,historical,0.17596516483055555,0.46214178,0.0016048874,108
SO,1890,cyclone,historical,0.2327602472314815,0.50656176,0.0,108
SO,1891,cyclone,historical,0.22645847059342594,0.5222152,0.00022853639,108
SO,1892,cyclone,historical,0.22334187888212964,0.5425695,0.0,108
SO,1893,cyclone,historical,0.1968416193474074,0.4978329,0.00040547652,108
SO,1894,cyclone,historical,0.19316342385185184,0.4765523,0.0,108
SO,1895,cyclone,historical,0.23623105658944446,0.5288714,0.0,108
SO,1896,cyclone,historical,0.22304577420740743,0.51691663,0.0070346524,108
SO,1897,cyclone,historical,0.19023071969444447,0.49253678,0.0,108
SO,1898,cyclone,historical,0.22196740010703703,0.47585732,0.0,108
SO,1899,cyclone,historical,0.24486755980555555,0.50331014,0.015904482,108
SO,1900,cyclone,historical,0.24535404348425927,0.49060982,0.0,108
SO,1901,cyclone,historical,0.20631901666944444,0.47505414,0.0,108
SO,1902,cyclone,historical,0.24319682513703705,0.544739,0.002920869,108
SO,1903,cyclone,historical,0.17650479524814813,0.48622614,0.0,108
SO,1904,cyclone,historical,0.18470995370370372,0.42162144,0.0,108
SO,1905,cyclone,historical,0.20676395440925927,0.47235006,0.0,108
SO,1906,cyclone,historical,0.2223830015462963,0.50280166,0.0,108
SO,1907,cyclone,historical,0.20975533341666666,0.4728393,0.0,108
SO,1908,cyclone,historical,0.20690745585277778,0.48832974,0.0,108
SO,1909,cyclone,historical,0.24114069327222223,0.5458848,0.0,108
SO,1910,cyclone,historical,0.21236296454166667,0.4790969,0.0002358301,108
SO,1911,cyclone,historical,0.21114884612037038,0.5090836,0.0,108
SO,1912,cyclone,historical,0.22502920906944443,0.48480016,0.0015133935,108
SO,1913,cyclone,historical,0.2291406373148148,0.53473455,0.0,108
SO,1914,cyclone,historical,0.2303396461111111,0.5318414,0.0,108
SO,1915,cyclone,historical,0.23172884406018518,0.5135927,0.0026889495,108
SO,1916,cyclone,historical,0.17874053288425926,0.476053,0.0008903734,108
SO,1917,cyclone,historical,0.19701863181944446,0.504565,0.0,108
SO,1918,cyclone,historical,0.22396833423148146,0.52138966,0.0,108
SO,1919,cyclone,historical,0.25131098977777777,0.5260229,0.0012172058,108
SO,1920,cyclone,historical,0.22148533032870368,0.53155077,0.0,108
SO,1921,cyclone,historical,0.1734225564763889,0.45632407,0.00046031445,108
SO,1922,cyclone,historical,0.1993483549537037,0.45753393,0.0,108
SO,1923,cyclone,historical,0.2618509680539815,0.5432962,0.00046524813,108
SO,1924,cyclone,historical,0.21383160607407406,0.5130793,0.0,108
SO,1925,cyclone,historical,0.20781264837962962,0.45425367,0.0,108
SO,1926,cyclone,historical,0.2364614754722222,0.50553566,0.0,108
SO,1927,cyclone,historical,0.23617301970833335,0.50831515,0.0,108
SO,1928,cyclone,historical,0.2327092127601852,0.49543482,0.0027792947,108
SO,1929,cyclone,historical,0.1926173478101852,0.4669125,0.0029912335,108
SO,1930,cyclone,historical,0.21449079111018518,0.4759791,0.0025968694,108
SO,1931,cyclone,historical,0.2636989217777778,0.56700265,0.0,108
SO,1932,cyclone,historical,0.24129494871296298,0.5163013,0.004610978,108
SO,1933,cyclone,historical,0.19740343586175926,0.45118442,0.00019747057,108
SO,1934,cyclone,historical,0.20315058514814816,0.46902737,0.0,108
SO,1935,cyclone,historical,0.25086477604814816,0.5328927,0.0,108
SO,1936,cyclone,historical,0.21459100795833333,0.5512474,0.0020394945,108
SO,1937,cyclone,historical,0.20861973800555556,0.4741771,0.0029193768,108
SO,1938,cyclone,historical,0.2422374947638889,0.47210118,0.0,108
SO,1939,cyclone,historical,0.25102359473148145,0.5180861,0.007185852,108
SO,1940,cyclone,historical,0.21004919814444442,0.51418936,0.0029922756,108
SO,1941,cyclone,historical,0.18207216487962963,0.5067425,0.0,108
SO,1942,cyclone,historical,0.20870829004629632,0.48998144,0.0,108
SO,1943,cyclone,historical,0.22094415629444444,0.4720496,0.0015033155,108
SO,1944,cyclone,historical,0.23895540132407406,0.49575874,0.0,108
SO,1945,cyclone,historical,0.21362459256083333,0.5134972,0.00012678457,108
SO,1946,cyclone,historical,0.2297497344537037,0.50440204,0.0,108
SO,1947,cyclone,historical,0.26523334094444445,0.554682,0.012904934,108
SO,1948,cyclone,historical,0.21138283280555556,0.51167834,0.00361843,108
SO,1949,cyclone,historical,0.17606432365462965,0.47736818,0.0022008107,108
SO,1950,cyclone,historical,0.19686303769444444,0.51095676,0.0,108
SO,1951,cyclone,historical,0.25509665703703704,0.531889,0.0,108
SO,1952,cyclone,historical,0.24205847066388889,0.57668835,0.0015794114,108
SO,1953,cyclone,historical,0.20312962368055557,0.4404049,0.0,108
SO,1954,cyclone,historical,0.20639208322592595,0.4931425,0.0,108
SO,1955,cyclone,historical,0.24230816996296298,0.5470228,0.0,108
SO,1956,cyclone,historical,0.2349864358638889,0.49356776,0.0,108
SO,1957,cyclone,historical,0.24312212878796297,0.5181724,0.0023990918,108
SO,1958,cyclone,historical,0.229159562925,0.5324427,0.0002618738,108
SO,1959,cyclone,historical,0.22218666749287036,0.50300026,0.0,108
SO,1960,cyclone,historical,0.25594110763333333,0.54990596,0.0,108
SO,1961,cyclone,historical,0.27114046462037034,0.57255244,0.008512675,108
SO,1962,cyclone,historical,0.2268553906898148,0.5076674,0.0062482455,108
SO,1963,cyclone,historical,0.15696629724074074,0.4602846,0.0,108
SO,1964,cyclone,historical,0.23392029297222225,0.50315785,0.0,108
SO,1965,cyclone,historical,0.2602076414537037,0.55194134,0.016360145,108
SO,1966,cyclone,historical,0.17807764359814815,0.46444434,0.0019556833,108
SO,1967,cyclone,historical,0.17100417600925924,0.4460635,0.0,108
SO,1968,cyclone,historical,0.26407852942657406,0.5150461,0.00031038807,108
SO,1969,cyclone,historical,0.25414985000092594,0.5261899,0.0,108
SO,1970,cyclone,historical,0.19888125740277776,0.49575144,0.0052476595,108
SO,1971,cyclone,historical,0.19071354231296295,0.4681977,0.0023674858,108
SO,1972,cyclone,historical,0.21225986576296296,0.4800845,0.0026535615,108
SO,1973,cyclone,historical,0.2627842671046296,0.5384532,0.0,108
SO,1974,cyclone,historical,0.2311492057962963,0.5006765,0.0,108
SO,1975,cyclone,historical,0.20853049971296295,0.5342125,0.0,108
SO,1976,cyclone,historical,0.22893112669444446,0.50936973,0.0,108
SO,1977,cyclone,historical,0.26253067946296293,0.55356336,0.001588409,108
SO,1978,cyclone,historical,0.22328828424537037,0.48822397,0.0049339635,108
SO,1979,cyclone,historical,0.22774506427962962,0.4866377,0.0033870642,108
SO,1980,cyclone,historical,0.24915203012592593,0.5503669,0.0,108
SO,1981,cyclone,historical,0.2544033609351852,0.5408667,0.010269914,108
SO,1982,cyclone,historical,0.1991378818324074,0.5317033,0.0038081296,108
SO,1983,cyclone,historical,0.18415790616203703,0.45167303,0.0,108
SO,1984,cyclone,historical,0.2443985770111111,0.5340656,0.0,108
SO,1985,cyclone,historical,0.273649752037037,0.52715015,0.004054495,108
SO,1986,cyclone,historical,0.20214609674537037,0.46281976,0.0,108
SO,1987,cyclone,historical,0.2160422640722222,0.50080115,0.0009329505,108
SO,1988,cyclone,historical,0.24975235189814815,0.5390474,0.0,108
SO,1989,cyclone,historical,0.23893332577499998,0.56288666,0.0,108
SO,1990,cyclone,historical,0.23170896610722222,0.5300658,0.00047625258,108
SO,1991,cyclone,historical,0.22162107883333332,0.52818024,0.006206411,108
SO,1992,cyclone,historical,0.20284708913888888,0.44474596,0.0,108
SO,1993,cyclone,historical,0.24141334828703703,0.52832514,0.0,108
SO,1994,cyclone,historical,0.2671593967222222,0.53980935,0.033559956,108
SO,1995,cyclone,historical,0.22123709449074075,0.5307045,0.009246495,108
SO,1996,cyclone,historical,0.22588295189814817,0.4800307,0.0,108
SO,1997,cyclone,historical,0.2917874958981481,0.5556966,0.011793625,108
SO,1998,cyclone,historical,0.2604798120592593,0.5483764,0.0046710954,108
SO,1999,cyclone,historical,0.24323479871296297,0.5205641,0.010694126,108
SO,2000,cyclone,historical,0.2523554669497222,0.4927085,0.00011593657,108
SO,2001,cyclone,historical,0.2743271171018518,0.53280497,0.022084957,108
SO,2002,cyclone,historical,0.29598102600925924,0.5834744,0.038952924,108
SO,2003,cyclone,historical,0.24436023600925927,0.5513028,0.0403223,108
SO,2004,cyclone,historical,0.2162563774074074,0.5220194,0.0,108
SO,2005,cyclone,historical,0.24970618318518517,0.48861665,0.00380867,108
SO,2006,cyclone,historical,0.2767485512694445,0.53050864,0.0003824621,108
SO,2007,cyclone,historical,0.2764144921851852,0.5921801,0.012909874,108
SO,2008,cyclone,historical,0.26025996035185184,0.55986524,0.020247908,108
SO,2009,cyclone,historical,0.2789360494074074,0.55158067,0.010126189,108
SO,2010,cyclone,historical,0.301403363,0.5837012,0.027525373,108
SO,2011,cyclone,historical,0.2623547382472222,0.58267117,0.0062465277,108
SO,2012,cyclone,historical,0.22320242721666667,0.48695228,0.0,108
SO,2013,cyclone,historical,0.26393379575185183,0.5231736,0.0005599952,108
SO,2014,cyclone,historical,0.29639340856481483,0.5675938,0.030128965,108
ST,1850,cyclone,historical,0.34322188833333334,0.4220177,0.26245126,12
ST,1851,cyclone,historical,0.32820264,0.38702267,0.26176888,12
ST,1852,cyclone,historical,0.3415448525,0.44690594,0.24781208,12
ST,1853,cyclone,historical,0.33570962916666663,0.4329542,0.23106067,12
ST,1854,cyclone,historical,0.32202263833333333,0.3777359,0.22854808,12
ST,1855,cyclone,historical,0.30293443000000003,0.37587446,0.2383104,12
ST,1856,cyclone,historical,0.32016507583333337,0.4092068,0.1944361,12
ST,1857,cyclone,historical,0.371848275,0.47049546,0.27624196,12
ST,1858,cyclone,historical,0.35673315999999994,0.43635765,0.27507454,12
ST,1859,cyclone,historical,0.32198465416666666,0.43418226,0.22266027,12
ST,1860,cyclone,historical,0.28222279666666666,0.3735546,0.21038237,12
ST,1861,cyclone,historical,0.30509511666666667,0.37711632,0.21551025,12
ST,1862,cyclone,historical,0.34164591083333334,0.45462716,0.2399121,12
ST,1863,cyclone,historical,0.3369858616666666,0.4602281,0.24518566,12
ST,1864,cyclone,historical,0.29147577333333335,0.3686343,0.22633025,12
ST,1865,cyclone,historical,0.31005267833333333,0.38500208,0.25703746,12
ST,1866,cyclone,historical,0.32020179833333334,0.41859305,0.22913933,12
ST,1867,cyclone,historical,0.36540824,0.4683519,0.27613148,12
ST,1868,cyclone,historical,0.38168074583333333,0.4839202,0.275282,12
ST,1869,cyclone,historical,0.3071948875,0.3958519,0.2122997,12
ST,1870,cyclone,historical,0.3148670925,0.4197613,0.26426387,12
ST,1871,cyclone,historical,0.33351784833333337,0.41613102,0.19189875,12
ST,1872,cyclone,historical,0.39075823416666666,0.50102884,0.29686165,12
ST,1873,cyclone,historical,0.35056915666666666,0.45156014,0.2637975,12
ST,1874,cyclone,historical,0.2884520941666667,0.36500558,0.21791613,12
ST,1875,cyclone,historical,0.3186785008333333,0.3998373,0.23169951,12
ST,1876,cyclone,historical,0.36205295,0.50169337,0.24089009,12
ST,1877,cyclone,historical,0.32776868416666666,0.41505975,0.2299853,12
ST,1878,cyclone,historical,0.28659535166666666,0.37480706,0.21948095,12
ST,1879,cyclone,historical,0.289005835,0.3409785,0.2174843,12
ST,1880,cyclone,historical,0.33322987833333334,0.4571992,0.17397594,12
ST,1881,cyclone,historical,0.35784097666666664,0.45699543,0.26355326,12
ST,1882,cyclone,historical,0.32593664666666666,0.3997194,0.24055344,12
ST,1883,cyclone,historical,0.30248155,0.40576836,0.21501467,12
ST,1884,cyclone,historical,0.3017000416666667,0.37797993,0.23473527,12
ST,1885,cyclone,historical,0.3294263591666667,0.4325316,0.21151333,12
ST,1886,cyclone,historical,0.3625425858333333,0.50710404,0.24692634,12
ST,1887,cyclone,historical,0.3128351775,0.3942762,0.21662802,12
ST,1888,cyclone,historical,0.27261427666666666,0.33936357,0.20199026,12
ST,1889,cyclone,historical,0.3176127383333333,0.3839561,0.24443378,12
ST,1890,cyclone,historical,0.3625368041666666,0.45785844,0.24140042,12
ST,1891,cyclone,historical,0.3629579641666667,0.4285498,0.28143704,12
ST,1892,cyclone,historical,0.35590504916666665,0.45840463,0.2558108,12
ST,1893,cyclone,historical,0.310948505,0.3975694,0.23186156,12
ST,1894,cyclone,historical,0.31038781,0.37953538,0.22026889,12
ST,1895,cyclone,historical,0.3626558008333333,0.46929228,0.24534385,12
ST,1896,cyclone,historical,0.33481057583333335,0.4174112,0.23200095,12
ST,1897,cyclone,historical,0.30878860166666666,0.39961046,0.23010659,12
ST,1898,cyclone,historical,0.32513485333333336,0.43913263,0.2519362,12
ST,1899,cyclone,historical,0.3509890633333333,0.46663976,0.23125646,12
ST,1900,cyclone,historical,0.36060315083333333,0.44457984,0.28084794,12
ST,1901,cyclone,historical,0.3418503016666667,0.4411348,0.23881257,12
ST,1902,cyclone,historical,0.3618667666666667,0.48073465,0.2717891,12
ST,1903,cyclone,historical,0.30894692166666665,0.4002259,0.225205,12
ST,1904,cyclone,historical,0.30303761,0.3922069,0.22615975,12
ST,1905,cyclone,historical,0.30712645583333337,0.38127482,0.24566127,12
ST,1906,cyclone,historical,0.3444978408333333,0.4035551,0.28253707,12
ST,1907,cyclone,historical,0.32421450583333333,0.4164986,0.23920552,12
ST,1908,cyclone,historical,0.323813415,0.39529753,0.25588718,12
ST,1909,cyclone,historical,0.343434635,0.47118598,0.20976716,12
ST,1910,cyclone,historical,0.33313328416666665,0.42814222,0.2538397,12
ST,1911,cyclone,historical,0.32534504999999997,0.40100962,0.27162534,12
ST,1912,cyclone,historical,0.33481628416666664,0.43263787,0.21785128,12
ST,1913,cyclone,historical,0.3451320508333333,0.42192325,0.26691464,12
ST,1914,cyclone,historical,0.343867415,0.46283808,0.23158212,12
ST,1915,cyclone,historical,0.3288884441666667,0.39899105,0.24064887,12
ST,1916,cyclone,historical,0.3021668341666667,0.37901947,0.20273204,12
ST,1917,cyclone,historical,0.32419883,0.38236263,0.24501593,12
ST,1918,cyclone,historical,0.35137041500000005,0.41583973,0.27876115,12
ST,1919,cyclone,historical,0.3776535658333333,0.45827076,0.28648353,12
ST,1920,cyclone,historical,0.3405132158333333,0.41795546,0.24065927,12
ST,1921,cyclone,historical,0.32990202916666667,0.41938782,0.23470369,12
ST,1922,cyclone,historical,0.3187280025,0.3680548,0.25786245,12
ST,1923,cyclone,historical,0.3643305708333333,0.48524854,0.23488702,12
ST,1924,cyclone,historical,0.3139117983333333,0.42010683,0.22791016,12
ST,1925,cyclone,historical,0.31258510749999996,0.37898254,0.26075447,12
ST,1926,cyclone,historical,0.3350740308333333,0.39939356,0.26048985,12
ST,1927,cyclone,historical,0.37888142249999995,0.4810844,0.2782809,12
ST,1928,cyclone,historical,0.35703824166666664,0.44256586,0.26078385,12
ST,1929,cyclone,historical,0.3142606925,0.39514285,0.25205868,12
ST,1930,cyclone,historical,0.32106043833333336,0.43433464,0.22300771,12
ST,1931,cyclone,historical,0.35938174666666667,0.4788089,0.21533713,12
ST,1932,cyclone,historical,0.37418861833333333,0.46318728,0.25541282,12
ST,1933,cyclone,historical,0.3268054183333333,0.39839783,0.22939718,12
ST,1934,cyclone,historical,0.32350367666666663,0.4030073,0.24540928,12
ST,1935,cyclone,historical,0.36086828583333336,0.47014087,0.24623425,12
ST,1936,cyclone,historical,0.35815081249999997,0.44382754,0.26565272,12
ST,1937,cyclone,historical,0.31773270416666666,0.3746654,0.23676449,12
ST,1938,cyclone,historical,0.35919844500000003,0.45413193,0.25499958,12
ST,1939,cyclone,historical,0.37796797666666665,0.4813143,0.2895807,12
ST,1940,cyclone,historical,0.35513361083333334,0.4496322,0.26062542,12
ST,1941,cyclone,historical,0.326988215,0.43051177,0.24279088,12
ST,1942,cyclone,historical,0.34416376833333334,0.40907082,0.27370203,12
ST,1943,cyclone,historical,0.34693453916666667,0.42431885,0.28017062,12
ST,1944,cyclone,historical,0.3787587175,0.5071638,0.28966635,12
ST,1945,cyclone,historical,0.3647548516666667,0.46056902,0.29638675,12
ST,1946,cyclone,historical,0.36820930333333335,0.43743846,0.26996946,12
ST,1947,cyclone,historical,0.3894377075,0.48592347,0.28653613,12
ST,1948,cyclone,historical,0.33058860416666663,0.42737323,0.23002452,12
ST,1949,cyclone,historical,0.301093465,0.37997645,0.2072253,12
ST,1950,cyclone,historical,0.3301274591666667,0.40179598,0.2671627,12
ST,1951,cyclone,historical,0.3923030725,0.48299432,0.297296,12
ST,1952,cyclone,historical,0.36784257416666666,0.4825615,0.24349079,12
ST,1953,cyclone,historical,0.32157277,0.38966507,0.26478478,12
ST,1954,cyclone,historical,0.32121521166666667,0.40248942,0.2312339,12
ST,1955,cyclone,historical,0.34509725,0.4741167,0.2579369,12
ST,1956,cyclone,historical,0.34206388,0.4185664,0.2480788,12
ST,1957,cyclone,historical,0.38571827833333333,0.4894613,0.28309453,12
ST,1958,cyclone,historical,0.3598948766666667,0.45047796,0.2916294,12
ST,1959,cyclone,historical,0.3370509366666667,0.41130978,0.27254984,12
ST,1960,cyclone,historical,0.36449710166666666,0.47802958,0.26649934,12
ST,1961,cyclone,historical,0.39271808750000003,0.47709012,0.3145849,12
ST,1962,cyclone,historical,0.33216658083333334,0.4173444,0.22713101,12
ST,1963,cyclone,historical,0.2678988983333333,0.36178103,0.17248906,12
ST,1964,cyclone,historical,0.3304400791666667,0.40495905,0.22733626,12
ST,1965,cyclone,historical,0.3635300675,0.47820878,0.24504639,12
ST,1966,cyclone,historical,0.3087299825,0.3975064,0.20678142,12
ST,1967,cyclone,historical,0.3194519633333333,0.3654875,0.2599905,12
ST,1968,cyclone,historical,0.3764799125,0.4950331,0.25983706,12
ST,1969,cyclone,historical,0.36488445500000005,0.45920485,0.2924524,12
ST,1970,cyclone,historical,0.3355018791666667,0.4192793,0.24889572,12
ST,1971,cyclone,historical,0.3112220125,0.37413982,0.24682519,12
ST,1972,cyclone,historical,0.32613142333333334,0.3916363,0.27886444,12
ST,1973,cyclone,historical,0.38052465500000004,0.5004829,0.28493696,12
ST,1974,cyclone,historical,0.34175181083333334,0.44500655,0.2645243,12
ST,1975,cyclone,historical,0.3299178841666667,0.41407698,0.2606418,12
ST,1976,cyclone,historical,0.3511420008333333,0.42891347,0.2854768,12
ST,1977,cyclone,historical,0.37959758,0.50302154,0.30261165,12
ST,1978,cyclone,historical,0.34661404916666666,0.4150561,0.2934731,12
ST,1979,cyclone,historical,0.339014865,0.4111358,0.26064685,12
ST,1980,cyclone,historical,0.3624024358333333,0.47536024,0.23403773,12
ST,1981,cyclone,historical,0.3964839783333333,0.5302848,0.30529797,12
ST,1982,cyclone,historical,0.3119492975,0.39581752,0.20311731,12
ST,1983,cyclone,historical,0.30394593583333335,0.35668057,0.2346772,12
ST,1984,cyclone,historical,0.3652203358333333,0.44686466,0.27466112,12
ST,1985,cyclone,historical,0.38992442416666667,0.49724647,0.30586934,12
ST,1986,cyclone,historical,0.3272420483333333,0.4154991,0.2604833,12
ST,1987,cyclone,historical,0.3387588825,0.42545703,0.27409858,12
ST,1988,cyclone,historical,0.38059854666666665,0.49974516,0.29157245,12
ST,1989,cyclone,historical,0.3676029358333333,0.45218045,0.27832437,12
ST,1990,cyclone,historical,0.35980478833333335,0.40921658,0.29611194,12
ST,1991,cyclone,historical,0.32747286000000003,0.41613495,0.26973522,12
ST,1992,cyclone,historical,0.3294739775,0.40243143,0.27502245,12
ST,1993,cyclone,historical,0.37918680916666664,0.49835563,0.31061703,12
ST,1994,cyclone,historical,0.39775543250000006,0.52457,0.307476,12
ST,1995,cyclone,historical,0.33423124833333334,0.40913716,0.25736856,12
ST,1996,cyclone,historical,0.3444813208333333,0.4044327,0.28081173,12
ST,1997,cyclone,historical,0.4097125625,0.5122579,0.31004244,12
ST,1998,cyclone,historical,0.38851175666666665,0.46809748,0.32371026,12
ST,1999,cyclone,historical,0.326957025,0.40265787,0.25995344,12
ST,2000,cyclone,historical,0.35409442,0.4390379,0.29438818,12
ST,2001,cyclone,historical,0.4013650991666667,0.50502074,0.34743202,12
ST,2002,cyclone,historical,0.4143503675,0.5189293,0.31923133,12
ST,2003,cyclone,historical,0.33811668666666667,0.4377841,0.21424031,12
ST,2004,cyclone,historical,0.3400184408333333,0.44189253,0.25694412,12
ST,2005,cyclone,historical,0.3535665016666667,0.41645646,0.28555644,12
ST,2006,cyclone,historical,0.42422464,0.5463222,0.31458387,12
ST,2007,cyclone,historical,0.4078927833333333,0.48931786,0.3184987,12
ST,2008,cyclone,historical,0.40917634500000005,0.48461795,0.327093,12
ST,2009,cyclone,historical,0.4060146441666667,0.47328267,0.32749903,12
ST,2010,cyclone,historical,0.43349273,0.5537559,0.31730288,12
ST,2011,cyclone,historical,0.4003455991666667,0.49194878,0.325047,12
ST,2012,cyclone,historical,0.3684115041666667,0.4401312,0.30102578,12
ST,2013,cyclone,historical,0.38671490000000003,0.44558427,0.31526798,12
ST,2014,cyclone,historical,0.4346457183333334,0.52823627,0.34683785,12
SY,1850,cyclone,historical,0.03596072344166667,0.16774444,0.0,12
SY,1851,cyclone,historical,0.041350952249999996,0.14066225,0.0,12
SY,1852,cyclone,historical,0.03585837115833334,0.13306022,0.0,12
SY,1853,cyclone,historical,0.031309125,0.10036908,0.0,12
SY,1854,cyclone,historical,0.03240507333333333,0.111428514,0.0,12
SY,1855,cyclone,historical,0.035534229258333334,0.105192326,0.0,12
SY,1856,cyclone,historical,0.03411533616666667,0.15929896,0.0,12
SY,1857,cyclone,historical,0.03326133891666667,0.12147358,0.0,12
SY,1858,cyclone,historical,0.03844592654166667,0.11952077,0.0,12
SY,1859,cyclone,historical,0.037255529333333336,0.13070607,0.0,12
SY,1860,cyclone,historical,0.0455884162,0.1510689,0.0,12
SY,1861,cyclone,historical,0.03897361916666667,0.1394357,0.0,12
SY,1862,cyclone,historical,0.031213586749999998,0.09428504,0.0,12
SY,1863,cyclone,historical,0.035791644416666664,0.12337454,0.0,12
SY,1864,cyclone,historical,0.03829047075,0.14170769,0.0,12
SY,1865,cyclone,historical,0.04560822,0.13045591,0.0,12
SY,1866,cyclone,historical,0.03286210741666667,0.11260098,0.0,12
SY,1867,cyclone,historical,0.036665475499999996,0.14492494,0.0,12
SY,1868,cyclone,historical,0.0240999945,0.10467165,0.0,12
SY,1869,cyclone,historical,0.0428760025,0.12244256,0.0,12
SY,1870,cyclone,historical,0.03490684558333333,0.11988436,0.0,12
SY,1871,cyclone,historical,0.026479021833333335,0.10042258,0.0,12
SY,1872,cyclone,historical,0.034834577775,0.13229637,0.0,12
SY,1873,cyclone,historical,0.03458983066666667,0.1300372,0.0,12
SY,1874,cyclone,historical,0.036713771416666666,0.12373112,0.0,12
SY,1875,cyclone,historical,0.02880427458333333,0.090161115,0.0,12
SY,1876,cyclone,historical,0.03836958083333333,0.14324105,0.0,12
SY,1877,cyclone,historical,0.03996937616666667,0.114231996,0.0,12
SY,1878,cyclone,historical,0.03354194558333334,0.12022039,0.0,12
SY,1879,cyclone,historical,0.035633621750000004,0.1255756,0.0,12
SY,1880,cyclone,historical,0.026964862608333334,0.08320616,0.0,12
SY,1881,cyclone,historical,0.03712740933333333,0.15777437,0.0,12
SY,1882,cyclone,historical,0.0345951685,0.110326886,0.0,12
SY,1883,cyclone,historical,0.032877115875,0.11004111,0.0,12
SY,1884,cyclone,historical,0.035175018583333335,0.10294133,0.0,12
SY,1885,cyclone,historical,0.026805526474999997,0.10198422,0.0,12
SY,1886,cyclone,historical,0.02886274783333333,0.10389261,0.0,12
SY,1887,cyclone,historical,0.039654761633333334,0.13039757,0.0,12
SY,1888,cyclone,historical,0.0391110723,0.13004856,0.0,12
SY,1889,cyclone,historical,0.026809308571666666,0.095255375,0.0,12
SY,1890,cyclone,historical,0.03496626309733333,0.120124206,0.0,12
SY,1891,cyclone,historical,0.027779957666666664,0.08791898,0.0,12
SY,1892,cyclone,historical,0.030451941416666666,0.12215513,0.0,12
SY,1893,cyclone,historical,0.03567828578333333,0.119103655,0.0,12
SY,1894,cyclone,historical,0.030647572798416664,0.11158591,0.0,12
SY,1895,cyclone,historical,0.04575768,0.16153318,0.0,12
SY,1896,cyclone,historical,0.037776455583333333,0.13035904,0.0,12
SY,1897,cyclone,historical,0.03885766476666667,0.15584987,0.0,12
SY,1898,cyclone,historical,0.039647406333333336,0.12038615,0.0,12
SY,1899,cyclone,historical,0.029704912774999998,0.09500846,0.0,12
SY,1900,cyclone,historical,0.03717276666666667,0.112282515,0.0,12
SY,1901,cyclone,historical,0.034807513166666665,0.109248504,0.0,12
SY,1902,cyclone,historical,0.03794212416666667,0.15954456,0.0,12
SY,1903,cyclone,historical,0.0281696775,0.09206775,0.0,12
SY,1904,cyclone,historical,0.03568747015,0.11725862,0.0,12
SY,1905,cyclone,historical,0.03208024240416667,0.14166242,0.0,12
SY,1906,cyclone,historical,0.0315783617,0.10271711,0.0,12
SY,1907,cyclone,historical,0.031739634875,0.13607316,0.0,12
SY,1908,cyclone,historical,0.024768328916666665,0.112650074,0.0,12
SY,1909,cyclone,historical,0.02971177385,0.11468278,0.0,12
SY,1910,cyclone,historical,0.036069985666666665,0.10653308,0.0,12
SY,1911,cyclone,historical,0.028357171249999997,0.111512244,0.0,12
SY,1912,cyclone,historical,0.0253104956,0.09686539,0.0,12
SY,1913,cyclone,historical,0.03423660620833333,0.10336004,0.0,12
SY,1914,cyclone,historical,0.03288564158333333,0.11323205,0.0,12
SY,1915,cyclone,historical,0.03821782491666667,0.15204395,0.0,12
SY,1916,cyclone,historical,0.036392483333333336,0.12734824,0.0,12
SY,1917,cyclone,historical,0.02848978958333333,0.10066353,0.0,12
SY,1918,cyclone,historical,0.030739496154166667,0.12347017,0.0,12
SY,1919,cyclone,historical,0.03826613366666667,0.14424157,0.0,12
SY,1920,cyclone,historical,0.042661711250000005,0.11938687,0.0,12
SY,1921,cyclone,historical,0.03602527775,0.12204492,0.0,12
SY,1922,cyclone,historical,0.026878688291666664,0.102473445,0.0,12
SY,1923,cyclone,historical,0.031004266358333334,0.114167064,0.0,12
SY,1924,cyclone,historical,0.03802566255833333,0.1347378,0.0,12
SY,1925,cyclone,historical,0.030985520833333335,0.11002326,0.0,12
SY,1926,cyclone,historical,0.02575004733333333,0.097609356,0.0,12
SY,1927,cyclone,historical,0.041305916166666665,0.19260955,0.0,12
SY,1928,cyclone,historical,0.02643152077625,0.1103431,0.0,12
SY,1929,cyclone,historical,0.033510567166666665,0.10575616,0.0,12
SY,1930,cyclone,historical,0.026108481791666666,0.10549466,0.0,12
SY,1931,cyclone,historical,0.03431512516666666,0.13792035,0.0,12
SY,1932,cyclone,historical,0.03623359158333333,0.11322222,0.0,12
SY,1933,cyclone,historical,0.040738805558333334,0.14986469,0.0,12
SY,1934,cyclone,historical,0.03389784566666667,0.13304374,0.0,12
SY,1935,cyclone,historical,0.032189204858333334,0.10140565,0.0,12
SY,1936,cyclone,historical,0.031957487916666666,0.120856695,0.0,12
SY,1937,cyclone,historical,0.03125120058333333,0.11010754,0.0,12
SY,1938,cyclone,historical,0.0324786725,0.10379912,0.0,12
SY,1939,cyclone,historical,0.03873831459666666,0.13597727,0.0,12
SY,1940,cyclone,historical,0.038193398749999996,0.14852002,0.0,12
SY,1941,cyclone,historical,0.03662028826666667,0.11857404,0.0,12
SY,1942,cyclone,historical,0.03099650516666667,0.10349642,0.0,12
SY,1943,cyclone,historical,0.028815831833333333,0.11100315,0.0,12
SY,1944,cyclone,historical,0.030432079249999997,0.099909306,0.0,12
SY,1945,cyclone,historical,0.03888035175,0.12899528,0.0,12
SY,1946,cyclone,historical,0.023633262066666664,0.090401605,0.0,12
SY,1947,cyclone,historical,0.032406196941666666,0.11462586,0.0,12
SY,1948,cyclone,historical,0.03862581266666667,0.13551356,0.0,12
SY,1949,cyclone,historical,0.03809643198083334,0.11947699,0.0,12
SY,1950,cyclone,historical,0.034875545,0.117495805,0.0,12
SY,1951,cyclone,historical,0.027380155559999998,0.13458472,0.0,12
SY,1952,cyclone,historical,0.03147313558333333,0.12873337,0.0,12
SY,1953,cyclone,historical,0.03396263,0.1054482,0.0,12
SY,1954,cyclone,historical,0.031194986208333334,0.124489605,0.0,12
SY,1955,cyclone,historical,0.031081025366666667,0.119812876,0.0,12
SY,1956,cyclone,historical,0.0284761488,0.11289051,0.0,12
SY,1957,cyclone,historical,0.033192988775,0.10642412,0.0,12
SY,1958,cyclone,historical,0.035835458333333334,0.121957935,0.0,12
SY,1959,cyclone,historical,0.034460634233333336,0.11945699,0.0,12
SY,1960,cyclone,historical,0.030495786,0.09364751,0.0,12
SY,1961,cyclone,historical,0.034796376166666663,0.115903065,0.0,12
SY,1962,cyclone,historical,0.03800137614166666,0.13199513,0.0,12
SY,1963,cyclone,historical,0.038441336958333336,0.15264586,0.0,12
SY,1964,cyclone,historical,0.024369606441666667,0.101290785,0.0,12
SY,1965,cyclone,historical,0.03127297983333333,0.12069702,0.0,12
SY,1966,cyclone,historical,0.03268691766666667,0.117879935,0.0,12
SY,1967,cyclone,historical,0.02997230366666666,0.09694913,0.0,12
SY,1968,cyclone,historical,0.034364000416666665,0.1378018,0.0,12
SY,1969,cyclone,historical,0.02613963825,0.08654506,0.0,12
SY,1970,cyclone,historical,0.03210422958333333,0.11298233,0.0,12
SY,1971,cyclone,historical,0.034710322333333335,0.11727518,0.0,12
SY,1972,cyclone,historical,0.029406509166666664,0.10786603,0.0,12
SY,1973,cyclone,historical,0.033169955216666665,0.12164971,0.0,12
SY,1974,cyclone,historical,0.0337928333,0.11459257,0.0,12
SY,1975,cyclone,historical,0.028602301666666666,0.114476204,0.0,12
SY,1976,cyclone,historical,0.025224815731666666,0.10533258,0.0,12
SY,1977,cyclone,historical,0.031209084666666668,0.098950855,0.0,12
SY,1978,cyclone,historical,0.029691405874999997,0.10236485,0.0,12
SY,1979,cyclone,historical,0.026519496975,0.09736948,0.0,12
SY,1980,cyclone,historical,0.029282417374999998,0.093198,0.0,12
SY,1981,cyclone,historical,0.033663328,0.10966936,0.0,12
SY,1982,cyclone,historical,0.03254396946666667,0.106469326,0.0,12
SY,1983,cyclone,historical,0.03317562747666667,0.1163596,0.0,12
SY,1984,cyclone,historical,0.025096366625,0.08437963,0.0,12
SY,1985,cyclone,historical,0.034931641925,0.14777242,0.0,12
SY,1986,cyclone,historical,0.027986024541666668,0.11766811,0.0,12
SY,1987,cyclone,historical,0.03379076928666667,0.111554146,0.0,12
SY,1988,cyclone,historical,0.032281755583333335,0.09827605,0.0,12
SY,1989,cyclone,historical,0.028355785024166667,0.11736918,0.0,12
SY,1990,cyclone,historical,0.033809011666666666,0.10489051,0.0,12
SY,1991,cyclone,historical,0.028248106083333335,0.10362315,0.0,12
SY,1992,cyclone,historical,0.03436627291666667,0.102914855,0.0,12
SY,1993,cyclone,historical,0.024497110416666665,0.09073489,0.0,12
SY,1994,cyclone,historical,0.03495167210833334,0.119721726,0.0,12
SY,1995,cyclone,historical,0.03746879255833333,0.1491034,0.0,12
SY,1996,cyclone,historical,0.03098532503333333,0.11428332,0.0,12
SY,1997,cyclone,historical,0.0397970835,0.17938827,0.0,12
SY,1998,cyclone,historical,0.04078026425,0.15691374,0.0,12
SY,1999,cyclone,historical,0.038230777433333335,0.11557728,0.0,12
SY,2000,cyclone,historical,0.03263892141666667,0.101239994,0.0,12
SY,2001,cyclone,historical,0.03245665836666667,0.11158118,0.0,12
SY,2002,cyclone,historical,0.042835567416666664,0.13563675,0.0,12
SY,2003,cyclone,historical,0.04312801022499999,0.17172727,0.0,12
SY,2004,cyclone,historical,0.03772614083333333,0.12328902,0.0,12
SY,2005,cyclone,historical,0.028316630758333333,0.10295051,0.0,12
SY,2006,cyclone,historical,0.03578420366666667,0.106117904,0.0,12
SY,2007,cyclone,historical,0.03946008789166667,0.14269327,0.0,12
SY,2008,cyclone,historical,0.036736118458333335,0.124589235,0.0,12
SY,2009,cyclone,historical,0.03293738366666667,0.13817576,0.0,12
SY,2010,cyclone,historical,0.04150466108333333,0.15818357,0.0,12
SY,2011,cyclone,historical,0.03162694191666667,0.123403706,0.0,12
SY,2012,cyclone,historical,0.04455355509166667,0.1627607,0.0,12
SY,2013,cyclone,historical,0.036663311591666664,0.14247996,0.0,12
SY,2014,cyclone,historical,0.03188150225,0.12057586,0.0,12
TF,1850,cyclone,historical,0.1821605162191282,0.5231098,0.0,780
TF,1851,cyclone,historical,0.18381704757510256,0.5370597,0.0,780
TF,1852,cyclone,historical,0.19072222803397434,0.53749895,0.0,780
TF,1853,cyclone,historical,0.19840887726973078,0.5320622,0.0,780
TF,1854,cyclone,historical,0.21151515403417948,0.574014,0.0,780
TF,1855,cyclone,historical,0.1802013499120641,0.44693345,0.0,780
TF,1856,cyclone,historical,0.18924147266016667,0.5747274,0.0,780
TF,1857,cyclone,historical,0.18924687492166667,0.53998476,0.0,780
TF,1858,cyclone,historical,0.18906406800392309,0.4934098,0.0,780
TF,1859,cyclone,historical,0.18848325690028206,0.5670712,0.0,780
TF,1860,cyclone,historical,0.17646947770141028,0.52641714,0.0,780
TF,1861,cyclone,historical,0.19147553179473079,0.5364205,0.0,780
TF,1862,cyclone,historical,0.19472755770683334,0.50933707,0.0,780
TF,1863,cyclone,historical,0.21087873082230768,0.55387765,0.0,780
TF,1864,cyclone,historical,0.17919242168066668,0.48766074,0.0,780
TF,1865,cyclone,historical,0.18557136277383335,0.5240313,0.0,780
TF,1866,cyclone,historical,0.19110253696612306,0.5154341,0.0,780
TF,1867,cyclone,historical,0.1998113389848718,0.5783759,0.0,780
TF,1868,cyclone,historical,0.19239262868323845,0.57406473,0.0,780
TF,1869,cyclone,historical,0.1840539801303846,0.51031935,0.0,780
TF,1870,cyclone,historical,0.18321779988572384,0.5371742,0.0,780
TF,1871,cyclone,historical,0.18365979275738462,0.5346944,0.0,780
TF,1872,cyclone,historical,0.19178803006628206,0.5729075,0.0,780
TF,1873,cyclone,historical,0.20067377234835385,0.5344232,0.0,780
TF,1874,cyclone,historical,0.19112336403500002,0.5243095,0.0,780
TF,1875,cyclone,historical,0.1812162312825128,0.5083287,0.0,780
TF,1876,cyclone,historical,0.21692787535532052,0.586661,0.0,780
TF,1877,cyclone,historical,0.18583401417443587,0.48971647,0.0,780
TF,1878,cyclone,historical,0.1868891224254487,0.5499947,0.0,780
TF,1879,cyclone,historical,0.1824173022262436,0.5208504,0.0,780
TF,1880,cyclone,historical,0.1995364964095,0.55559415,0.0,780
TF,1881,cyclone,historical,0.20380532447916666,0.60053205,0.0,780
TF,1882,cyclone,historical,0.19840990650841028,0.5352584,0.0,780
TF,1883,cyclone,historical,0.19214950215025642,0.51147854,0.0,780
TF,1884,cyclone,historical,0.19234857600484614,0.51405454,0.0,780
TF,1885,cyclone,historical,0.19150774339320512,0.5258903,0.0,780
TF,1886,cyclone,historical,0.1916870909385154,0.54389876,0.0,780
TF,1887,cyclone,historical,0.20822814588671795,0.5672976,0.0,780
TF,1888,cyclone,historical,0.17929165793968976,0.5561085,0.0,780
TF,1889,cyclone,historical,0.1914875722556282,0.5433315,0.0,780
TF,1890,cyclone,historical,0.19265143381339744,0.54726255,0.0,780
TF,1891,cyclone,historical,0.20087082948076923,0.5975983,0.0,780
TF,1892,cyclone,historical,0.18853773954376923,0.5416599,0.0,780
TF,1893,cyclone,historical,0.19184495312265973,0.56316364,0.0,780
TF,1894,cyclone,historical,0.18036378233935896,0.55096126,0.0,780
TF,1895,cyclone,historical,0.20557781890932564,0.5186431,0.0,780
TF,1896,cyclone,historical,0.18904089154638462,0.54976535,0.0,780
TF,1897,cyclone,historical,0.2167729132535077,0.55850434,0.0,780
TF,1898,cyclone,historical,0.17473007302267948,0.54399306,0.0,780
TF,1899,cyclone,historical,0.2003362622936923,0.5410872,0.0,780
TF,1900,cyclone,historical,0.19401527463413845,0.5923555,0.0,780
TF,1901,cyclone,historical,0.1931654691824833,0.541537,0.0,780
TF,1902,cyclone,historical,0.19082828926018847,0.514601,0.0,780
TF,1903,cyclone,historical,0.1865853844743846,0.56375957,0.0,780
TF,1904,cyclone,historical,0.18667836435865384,0.5528852,0.0,780
TF,1905,cyclone,historical,0.1817870583139077,0.54710186,0.0,780
TF,1906,cyclone,historical,0.18053131030045386,0.5427877,0.0,780
TF,1907,cyclone,historical,0.19823743667212818,0.5462303,0.0,780
TF,1908,cyclone,historical,0.18990344116039232,0.5887943,0.0,780
TF,1909,cyclone,historical,0.18224368264077054,0.5004242,0.0,780
TF,1910,cyclone,historical,0.19316801899651284,0.49627757,0.0,780
TF,1911,cyclone,historical,0.1927284952514359,0.5359991,0.0,780
TF,1912,cyclone,historical,0.18673116933696154,0.5730931,0.0,780
TF,1913,cyclone,historical,0.19327490967008976,0.48391932,0.0,780
TF,1914,cyclone,historical,0.20271083470389745,0.51715004,0.0,780
TF,1915,cyclone,historical,0.18035498491539742,0.48187247,0.0,780
TF,1916,cyclone,historical,0.18433153150395512,0.5465161,0.0,780
TF,1917,cyclone,historical,0.18806164987607693,0.5413214,0.0,780
TF,1918,cyclone,historical,0.1917681846088205,0.51178694,0.0,780
TF,1919,cyclone,historical,0.20211094730633333,0.54056066,0.0,780
TF,1920,cyclone,historical,0.20192729242003848,0.52890646,0.0,780
TF,1921,cyclone,historical,0.18126725266598717,0.5617627,0.0,780
TF,1922,cyclone,historical,0.1793616456539615,0.5088625,0.0,780
TF,1923,cyclone,historical,0.21291463079383846,0.56982255,0.0,780
TF,1924,cyclone,historical,0.19829244131249998,0.52089846,0.0,780
TF,1925,cyclone,historical,0.19093019202252565,0.523008,0.0,780
TF,1926,cyclone,historical,0.17156475917938463,0.52817273,0.0,780
TF,1927,cyclone,historical,0.1985668416776923,0.5199265,0.0,780
TF,1928,cyclone,historical,0.18584224602657692,0.5296342,0.0,780
TF,1929,cyclone,historical,0.18633605701128206,0.48994476,0.0,780
TF,1930,cyclone,historical,0.19463382003798718,0.5689694,0.0,780
TF,1931,cyclone,historical,0.18764979505207693,0.5449674,0.0,780
TF,1932,cyclone,historical,0.19773406427420512,0.52688277,0.0,780
TF,1933,cyclone,historical,0.1835105695046795,0.5524138,0.0,780
TF,1934,cyclone,historical,0.190361728377641,0.5338316,0.0,780
TF,1935,cyclone,historical,0.20318897094289745,0.5332086,0.0,780
TF,1936,cyclone,historical,0.18863993528807438,0.5698914,0.0,780
TF,1937,cyclone,historical,0.18366722504715383,0.49976534,0.0,780
TF,1938,cyclone,historical,0.19939512256426925,0.5517317,0.0,780
TF,1939,cyclone,historical,0.2072848776748077,0.5757734,0.0,780
TF,1940,cyclone,historical,0.1797662666724564,0.6099161,0.0,780
TF,1941,cyclone,historical,0.18421820423543078,0.5714639,0.0,780
TF,1942,cyclone,historical,0.18573472160314103,0.5336741,0.0,780
TF,1943,cyclone,historical,0.1737382642911282,0.5197655,0.0,780
TF,1944,cyclone,historical,0.1921938467819872,0.5812467,0.0,780
TF,1945,cyclone,historical,0.1989397511906923,0.55939573,0.0,780
TF,1946,cyclone,historical,0.18161878957320512,0.5547996,0.0,780
TF,1947,cyclone,historical,0.1995936558906667,0.5471083,0.0,780
TF,1948,cyclone,historical,0.19340935908334617,0.534612,0.0,780
TF,1949,cyclone,historical,0.19057426867902566,0.5312674,0.0,780
TF,1950,cyclone,historical,0.1995768154399154,0.55255127,0.0,780
TF,1951,cyclone,historical,0.19927432564985897,0.5219685,0.0,780
TF,1952,cyclone,historical,0.19843363525194874,0.5870589,0.0,780
TF,1953,cyclone,historical,0.17536831575226924,0.6038437,0.0,780
TF,1954,cyclone,historical,0.1816632990414359,0.5477374,0.0,780
TF,1955,cyclone,historical,0.19959745531334613,0.52125615,0.0,780
TF,1956,cyclone,historical,0.197169106454641,0.57450676,0.0,780
TF,1957,cyclone,historical,0.20142420143102563,0.55143505,0.0,780
TF,1958,cyclone,historical,0.18778363128891026,0.5286574,0.0,780
TF,1959,cyclone,historical,0.18450054609098845,0.5034236,0.0,780
TF,1960,cyclone,historical,0.19453651342021794,0.532637,0.0,780
TF,1961,cyclone,historical,0.20341528195516667,0.5522901,0.0,780
TF,1962,cyclone,historical,0.18709474595126924,0.51943374,0.0,780
TF,1963,cyclone,historical,0.18945781701596154,0.55453837,0.0,780
TF,1964,cyclone,historical,0.17879214880521793,0.5322188,0.0,780
TF,1965,cyclone,historical,0.21498685983833332,0.552397,0.0,780
TF,1966,cyclone,historical,0.19208834196046154,0.5469432,0.0,780
TF,1967,cyclone,historical,0.178158213279259,0.50156224,0.0,780
TF,1968,cyclone,historical,0.20626952705023077,0.5645151,0.0,780
TF,1969,cyclone,historical,0.19964858453239742,0.5832265,0.0,780
TF,1970,cyclone,historical,0.20134751086620511,0.5394712,0.0,780
TF,1971,cyclone,historical,0.1772724792102564,0.493124,0.0,780
TF,1972,cyclone,historical,0.18857816936312308,0.5451325,0.0,780
TF,1973,cyclone,historical,0.18800970391249616,0.5550736,0.0,780
TF,1974,cyclone,historical,0.1987870807142564,0.53467333,0.0,780
TF,1975,cyclone,historical,0.2009222456993077,0.62704897,0.0,780
TF,1976,cyclone,historical,0.1899226894103846,0.5853349,0.0,780
TF,1977,cyclone,historical,0.19772663784852565,0.5681469,0.0,780
TF,1978,cyclone,historical,0.1856817562755,0.5847555,0.0,780
TF,1979,cyclone,historical,0.18234020581679486,0.56123435,0.0,780
TF,1980,cyclone,historical,0.19917471897934616,0.6059761,0.0,780
TF,1981,cyclone,historical,0.20320104075924358,0.5481305,0.0,780
TF,1982,cyclone,historical,0.1861856625654872,0.55599964,0.0,780
TF,1983,cyclone,historical,0.19070928110381283,0.5469354,0.0,780
TF,1984,cyclone,historical,0.18568809746239742,0.531218,0.0,780
TF,1985,cyclone,historical,0.20296377295467985,0.6236131,0.0,780
TF,1986,cyclone,historical,0.1851940213325769,0.5355461,0.0,780
TF,1987,cyclone,historical,0.18755463666968206,0.52133447,0.0,780
TF,1988,cyclone,historical,0.19510321435815592,0.537285,0.0,780
TF,1989,cyclone,historical,0.20664846271597434,0.5752882,0.0,780
TF,1990,cyclone,historical,0.18592589648769228,0.514624,0.0,780
TF,1991,cyclone,historical,0.17992929073628333,0.5384388,0.0,780
TF,1992,cyclone,historical,0.17079516094326921,0.5022836,0.0,780
TF,1993,cyclone,historical,0.19545195289361025,0.53079355,0.0,780
TF,1994,cyclone,historical,0.19648580430921794,0.6188563,0.0,780
TF,1995,cyclone,historical,0.18682457216683845,0.571486,0.0,780
TF,1996,cyclone,historical,0.18588964543876924,0.4965161,0.0,780
TF,1997,cyclone,historical,0.19302603818365385,0.5440452,0.0,780
TF,1998,cyclone,historical,0.18825005619475385,0.5407395,0.0,780
TF,1999,cyclone,historical,0.17688728311988464,0.547487,0.0,780
TF,2000,cyclone,historical,0.1797140388914064,0.541852,0.0,780
TF,2001,cyclone,historical,0.19931171835833336,0.4884979,0.0,780
TF,2002,cyclone,historical,0.18857473915241027,0.5536267,0.0,780
TF,2003,cyclone,historical,0.1844794610564615,0.574191,0.0,780
TF,2004,cyclone,historical,0.18165881600414105,0.5010514,0.0,780
TF,2005,cyclone,historical,0.18154784195505128,0.5204519,0.0,780
TF,2006,cyclone,historical,0.21082214674005129,0.6123673,0.0,780
TF,2007,cyclone,historical,0.19784602296933335,0.5305275,0.0,780
TF,2008,cyclone,historical,0.2060210822259872,0.61509544,0.0,780
TF,2009,cyclone,historical,0.19198359819956023,0.5101073,0.0,780
TF,2010,cyclone,historical,0.20854249283966667,0.5629631,0.0,780
TF,2011,cyclone,historical,0.19413186480173716,0.517261,0.0,780
TF,2012,cyclone,historical,0.18109806867679487,0.53600454,0.0,780
TF,2013,cyclone,historical,0.18837223707152562,0.5919325,0.0,780
TF,2014,cyclone,historical,0.19068417770057694,0.52321357,0.0,780
TH,1850,cyclone,historical,0.2529510973611111,0.43782452,0.082393475,36
TH,1851,cyclone,historical,0.28978032,0.4668591,0.14040758,36
TH,1852,cyclone,historical,0.2606117809444444,0.44235754,0.05109552,36
TH,1853,cyclone,historical,0.28932356972222223,0.48094872,0.07936321,36
TH,1854,cyclone,historical,0.2665902929444444,0.44903412,0.099370636,36
TH,1855,cyclone,historical,0.22968150236111112,0.42687067,0.03723738,36
TH,1856,cyclone,historical,0.2745831152777778,0.44878182,0.1356635,36
TH,1857,cyclone,historical,0.27228139277777774,0.4940384,0.06659903,36
TH,1858,cyclone,historical,0.2618333235822222,0.46760917,0.00082662096,36
TH,1859,cyclone,historical,0.2776518027777778,0.4409486,0.10776641,36
TH,1860,cyclone,historical,0.24835477805555556,0.4449694,0.0469425,36
TH,1861,cyclone,historical,0.2226953002333333,0.40410158,0.0055568614,36
TH,1862,cyclone,historical,0.28149069716666664,0.50994253,0.037008848,36
TH,1863,cyclone,historical,0.31175120083333335,0.47485623,0.16783705,36
TH,1864,cyclone,historical,0.26363946666666666,0.4016335,0.10491499,36
TH,1865,cyclone,historical,0.24130092569444445,0.40367413,0.026395725,36
TH,1866,cyclone,historical,0.25331524205555556,0.43870643,0.100471534,36
TH,1867,cyclone,historical,0.2709342177777778,0.48305193,0.10791661,36
TH,1868,cyclone,historical,0.31570133361111113,0.5076974,0.11244904,36
TH,1869,cyclone,historical,0.25887134852777777,0.44389215,0.059990853,36
TH,1870,cyclone,historical,0.25169736983333335,0.4408835,0.123291194,36
TH,1871,cyclone,historical,0.29577769305555557,0.4992412,0.12355235,36
TH,1872,cyclone,historical,0.2929982786111111,0.492828,0.13771375,36
TH,1873,cyclone,historical,0.29414547916666667,0.4272164,0.086934485,36
TH,1874,cyclone,historical,0.23255632163888887,0.44628862,0.039974343,36
TH,1875,cyclone,historical,0.23470220925000002,0.44868383,0.0,36
TH,1876,cyclone,historical,0.2904177697222222,0.50338316,0.11100539,36
TH,1877,cyclone,historical,0.29748832416666665,0.4710418,0.13957755,36
TH,1878,cyclone,historical,0.24132059333333336,0.37529027,0.08006224,36
TH,1879,cyclone,historical,0.24148999916666666,0.4122831,0.07820807,36
TH,1880,cyclone,historical,0.2903178259722222,0.5053923,0.113311715,36
TH,1881,cyclone,historical,0.28255449666666665,0.44077054,0.13180713,36
TH,1882,cyclone,historical,0.25400969272222224,0.3984713,0.030849418,36
TH,1883,cyclone,historical,0.19494938766666667,0.4191307,0.02042421,36
TH,1884,cyclone,historical,0.22874893166666668,0.41225648,0.017304553,36
TH,1885,cyclone,historical,0.2624041688888889,0.45923534,0.07034195,36
TH,1886,cyclone,historical,0.2793909666666667,0.46000385,0.12380904,36
TH,1887,cyclone,historical,0.26153784472222225,0.42167163,0.07810638,36
TH,1888,cyclone,historical,0.2224506812222222,0.39946297,0.05470549,36
TH,1889,cyclone,historical,0.24269179183333334,0.44691327,0.048213597,36
TH,1890,cyclone,historical,0.28045110472222223,0.5108952,0.06685692,36
TH,1891,cyclone,historical,0.26703490488888887,0.45512685,0.06876549,36
TH,1892,cyclone,historical,0.29141008888888886,0.50020033,0.09140089,36
TH,1893,cyclone,historical,0.25008333075,0.45037225,0.028810887,36
TH,1894,cyclone,historical,0.2517366723888889,0.42797542,0.03221558,36
TH,1895,cyclone,historical,0.2938640777777778,0.49913144,0.08908355,36
TH,1896,cyclone,historical,0.30358612194444445,0.4669113,0.13386387,36
TH,1897,cyclone,historical,0.2421334979722222,0.4130176,0.016861718,36
TH,1898,cyclone,historical,0.23710972633333333,0.38431153,0.013477703,36
TH,1899,cyclone,historical,0.295893635,0.51246876,0.14906439,36
TH,1900,cyclone,historical,0.30026169305555556,0.4607265,0.15161933,36
TH,1901,cyclone,historical,0.27429472666666666,0.4794848,0.11202278,36
TH,1902,cyclone,historical,0.2887262338888889,0.45057008,0.13659838,36
TH,1903,cyclone,historical,0.25582546250000004,0.41598463,0.11643871,36
TH,1904,cyclone,historical,0.22918228591666667,0.43327388,0.035256237,36
TH,1905,cyclone,historical,0.21159009840555554,0.426313,0.0063345456,36
TH,1906,cyclone,historical,0.2822911701111111,0.49040034,0.06312727,36
TH,1907,cyclone,historical,0.2629350269444444,0.39220524,0.12298661,36
TH,1908,cyclone,historical,0.2427975431388889,0.40083468,0.045910124,36
TH,1909,cyclone,historical,0.28645560569444445,0.5028982,0.108783565,36
TH,1910,cyclone,historical,0.2765190955555556,0.46684387,0.11072614,36
TH,1911,cyclone,historical,0.2721490550277778,0.46356258,0.06325899,36
TH,1912,cyclone,historical,0.28000768372222223,0.47309026,0.070396714,36
TH,1913,cyclone,historical,0.2697338686111111,0.47255746,0.07580077,36
TH,1914,cyclone,historical,0.29545934749999997,0.5322266,0.10800404,36
TH,1915,cyclone,historical,0.2916222302777778,0.47640362,0.11922421,36
TH,1916,cyclone,historical,0.25541366555555556,0.44237113,0.10416022,36
TH,1917,cyclone,historical,0.2560502738888889,0.4354011,0.06347706,36
TH,1918,cyclone,historical,0.25022552944444443,0.44737795,0.030633664,36
TH,1919,cyclone,historical,0.29511015305555555,0.5169216,0.08880681,36
TH,1920,cyclone,historical,0.2826192633333333,0.45737597,0.1018526,36
TH,1921,cyclone,historical,0.2576487143333333,0.42845288,0.032577306,36
TH,1922,cyclone,historical,0.22714482155555554,0.40318817,0.013653833,36
TH,1923,cyclone,historical,0.29793306152777776,0.5298575,0.075366035,36
TH,1924,cyclone,historical,0.27260045441666664,0.4238417,0.045238975,36
TH,1925,cyclone,historical,0.27066936055555557,0.39940798,0.11762124,36
TH,1926,cyclone,historical,0.26434759644444444,0.45070243,0.030099468,36
TH,1927,cyclone,historical,0.29924207305555556,0.50212526,0.08216261,36
TH,1928,cyclone,historical,0.30249484638888885,0.46761152,0.17569335,36
TH,1929,cyclone,historical,0.2627302398888889,0.4638717,0.109746836,36
TH,1930,cyclone,historical,0.27611840972222224,0.48742,0.046469796,36
TH,1931,cyclone,historical,0.29594179,0.5063513,0.07261495,36
TH,1932,cyclone,historical,0.29774684500000004,0.5180964,0.11428556,36
TH,1933,cyclone,historical,0.27742679611111115,0.39267758,0.10302407,36
TH,1934,cyclone,historical,0.2431321747222222,0.4052453,0.014148265,36
TH,1935,cyclone,historical,0.3255063733333333,0.50862485,0.14675207,36
TH,1936,cyclone,historical,0.30285594972222224,0.44135967,0.1567645,36
TH,1937,cyclone,historical,0.2627079036111111,0.44190934,0.07150964,36
TH,1938,cyclone,historical,0.2849954244444445,0.46495572,0.10619762,36
TH,1939,cyclone,historical,0.3342353925,0.57060724,0.1565993,36
TH,1940,cyclone,historical,0.2886811425,0.48309827,0.09675623,36
TH,1941,cyclone,historical,0.2716631265,0.48472643,0.113087654,36
TH,1942,cyclone,historical,0.27610806402777777,0.49815783,0.021531805,36
TH,1943,cyclone,historical,0.26285360902777777,0.4801825,0.029874464,36
TH,1944,cyclone,historical,0.31261612777777775,0.491546,0.1917981,36
TH,1945,cyclone,historical,0.2731260919444444,0.48126164,0.12487314,36
TH,1946,cyclone,historical,0.2776292725,0.45562637,0.106473714,36
TH,1947,cyclone,historical,0.3083910814722222,0.51171273,0.055492193,36
TH,1948,cyclone,historical,0.3122100452777778,0.48201704,0.11243654,36
TH,1949,cyclone,historical,0.2460595695,0.42268968,0.01879113,36
TH,1950,cyclone,historical,0.2571500712222222,0.48568404,0.07201577,36
TH,1951,cyclone,historical,0.3077894313888889,0.47873297,0.11222139,36
TH,1952,cyclone,historical,0.31503735583333337,0.51035064,0.18301916,36
TH,1953,cyclone,historical,0.26362581125,0.4069821,0.048536733,36
TH,1954,cyclone,historical,0.2621274825,0.380996,0.12075681,36
TH,1955,cyclone,historical,0.2974100505555556,0.48741472,0.08497444,36
TH,1956,cyclone,historical,0.284004555,0.48876652,0.1438656,36
TH,1957,cyclone,historical,0.3160977988888889,0.5295608,0.16956551,36
TH,1958,cyclone,historical,0.2656172894444444,0.47118235,0.058642015,36
TH,1959,cyclone,historical,0.25555215511111107,0.45694175,0.121349044,36
TH,1960,cyclone,historical,0.30925595805555556,0.5282851,0.12066007,36
TH,1961,cyclone,historical,0.30628647566666667,0.47871852,0.082277834,36
TH,1962,cyclone,historical,0.2981651558333333,0.46951374,0.08131543,36
TH,1963,cyclone,historical,0.22072360066666666,0.41851452,0.02613491,36
TH,1964,cyclone,historical,0.25635557044444446,0.39860454,0.035101566,36
TH,1965,cyclone,historical,0.3067044061111111,0.48759165,0.1292714,36
TH,1966,cyclone,historical,0.23768725849999997,0.4549297,0.023181766,36
TH,1967,cyclone,historical,0.25487275233333334,0.41747057,0.08478627,36
TH,1968,cyclone,historical,0.2966863822222222,0.5320838,0.09290295,36
TH,1969,cyclone,historical,0.2995120347222222,0.48625007,0.11874909,36
TH,1970,cyclone,historical,0.2739077588888889,0.45283183,0.07341623,36
TH,1971,cyclone,historical,0.25604777500000003,0.43816987,0.066002,36
TH,1972,cyclone,historical,0.23108724397222222,0.44518647,0.043634217,36
TH,1973,cyclone,historical,0.30138291772222225,0.49245524,0.061509203,36
TH,1974,cyclone,historical,0.2627182579722222,0.4294996,0.050964147,36
TH,1975,cyclone,historical,0.24817027025000002,0.4542403,0.033692233,36
TH,1976,cyclone,historical,0.24386220194444444,0.41836977,0.004783616,36
TH,1977,cyclone,historical,0.3135367311111111,0.5088431,0.11198345,36
TH,1978,cyclone,historical,0.2799866369444445,0.45361996,0.06065835,36
TH,1979,cyclone,historical,0.29813430222222226,0.4772575,0.13194503,36
TH,1980,cyclone,historical,0.32090381083333336,0.4966271,0.10263264,36
TH,1981,cyclone,historical,0.27811637875,0.46788442,0.040367465,36
TH,1982,cyclone,historical,0.26572431041666666,0.3776967,0.09230947,36
TH,1983,cyclone,historical,0.24287816027777775,0.38813615,0.07986466,36
TH,1984,cyclone,historical,0.25866426513888885,0.44751012,0.019311087,36
TH,1985,cyclone,historical,0.3268993941666667,0.52824825,0.13889928,36
TH,1986,cyclone,historical,0.2670975452777778,0.5061771,0.06923848,36
TH,1987,cyclone,historical,0.26699129544444444,0.46245536,0.020668766,36
TH,1988,cyclone,historical,0.2973391544444445,0.48384348,0.08363897,36
TH,1989,cyclone,historical,0.2929910155555555,0.48277935,0.13307899,36
TH,1990,cyclone,historical,0.2767463975555555,0.43601057,0.01788964,36
TH,1991,cyclone,historical,0.28379415166666666,0.47328088,0.0789983,36
TH,1992,cyclone,historical,0.24348334641666666,0.46596882,0.008547152,36
TH,1993,cyclone,historical,0.2886074612777778,0.47375855,0.07687546,36
TH,1994,cyclone,historical,0.3259121925,0.51862425,0.179987,36
TH,1995,cyclone,historical,0.266556418,0.44132796,0.046878498,36
TH,1996,cyclone,historical,0.2688912463888889,0.45589134,0.088207565,36
TH,1997,cyclone,historical,0.3102793366666667,0.5125224,0.11111576,36
TH,1998,cyclone,historical,0.3137132875,0.48586056,0.08052947,36
TH,1999,cyclone,historical,0.2704152538888889,0.43131503,0.06413972,36
TH,2000,cyclone,historical,0.2815337563611111,0.49151525,0.055748295,36
TH,2001,cyclone,historical,0.30961640349999997,0.49264324,0.096059166,36
TH,2002,cyclone,historical,0.33044761916666665,0.5413061,0.14464785,36
TH,2003,cyclone,historical,0.32113923805555555,0.44757938,0.1239251,36
TH,2004,cyclone,historical,0.2665206575,0.45292428,0.07546698,36
TH,2005,cyclone,historical,0.28666657030555553,0.4669696,0.06126982,36
TH,2006,cyclone,historical,0.3185958897222222,0.5062785,0.18889223,36
TH,2007,cyclone,historical,0.32060256416666666,0.4920968,0.14818907,36
TH,2008,cyclone,historical,0.3056847627777778,0.5059868,0.13481389,36
TH,2009,cyclone,historical,0.3303424236111111,0.5388101,0.16350277,36
TH,2010,cyclone,historical,0.31711065,0.5248167,0.12910333,36
TH,2011,cyclone,historical,0.3156659626388889,0.44595417,0.076552205,36
TH,2012,cyclone,historical,0.27788471915555557,0.4591279,0.0008867716,36
TH,2013,cyclone,historical,0.2940615586111111,0.46437645,0.10539075,36
TH,2014,cyclone,historical,0.3128262494444444,0.5219719,0.08140123,36
TL,1850,cyclone,historical,0.24561348854166667,0.4431649,0.05288092,24
TL,1851,cyclone,historical,0.23392359808333332,0.4601329,0.032379337,24
TL,1852,cyclone,historical,0.22762121037500002,0.40354723,0.025394944,24
TL,1853,cyclone,historical,0.23530389875000002,0.45077798,0.02793379,24
TL,1854,cyclone,historical,0.29117530541666664,0.41498464,0.13536483,24
TL,1855,cyclone,historical,0.202566189,0.4269861,0.013093354,24
TL,1856,cyclone,historical,0.22386327639583334,0.4040098,0.0048924615,24
TL,1857,cyclone,historical,0.2752915166666667,0.424774,0.15216973,24
TL,1858,cyclone,historical,0.24364457766666667,0.43583626,0.03220167,24
TL,1859,cyclone,historical,0.27327334833333333,0.42647558,0.11020456,24
TL,1860,cyclone,historical,0.26096653541666665,0.3996243,0.100099,24
TL,1861,cyclone,historical,0.209732998,0.35351485,0.03212555,24
TL,1862,cyclone,historical,0.23236912045833333,0.4055454,0.063052945,24
TL,1863,cyclone,historical,0.27653850333333335,0.4424396,0.08078611,24
TL,1864,cyclone,historical,0.26399840916666667,0.39265192,0.0775091,24
TL,1865,cyclone,historical,0.2523086425,0.41474172,0.09639564,24
TL,1866,cyclone,historical,0.22688450733333332,0.46828032,0.011962509,24
TL,1867,cyclone,historical,0.239559009875,0.39890197,0.024879986,24
TL,1868,cyclone,historical,0.283610941,0.45147604,0.09526138,24
TL,1869,cyclone,historical,0.25885226266666667,0.40910882,0.099752784,24
TL,1870,cyclone,historical,0.20179925425833334,0.4622165,0.0039240182,24
TL,1871,cyclone,historical,0.222647628875,0.3870282,0.017800493,24
TL,1872,cyclone,historical,0.2594189664166667,0.44489673,0.06800482,24
TL,1873,cyclone,historical,0.3304018254166667,0.478091,0.15861386,24
TL,1874,cyclone,historical,0.25771833808333333,0.41367644,0.06470176,24
TL,1875,cyclone,historical,0.20262727723958332,0.3904023,0.00048624765,24
TL,1876,cyclone,historical,0.2622469795833333,0.4257565,0.1153308,24
TL,1877,cyclone,historical,0.283366685,0.42626086,0.10598288,24
TL,1878,cyclone,historical,0.23809852929166667,0.38810518,0.040978126,24
TL,1879,cyclone,historical,0.20849772954166668,0.38060048,0.030630479,24
TL,1880,cyclone,historical,0.25429212125,0.41921926,0.055434518,24
TL,1881,cyclone,historical,0.27152529291666666,0.44742694,0.08184032,24
TL,1882,cyclone,historical,0.27850198708333335,0.4055558,0.11201947,24
TL,1883,cyclone,historical,0.2186955895,0.37048367,0.01999335,24
TL,1884,cyclone,historical,0.19400856708333333,0.38599098,0.030152295,24
TL,1885,cyclone,historical,0.21567904266666668,0.37213984,0.024900267,24
TL,1886,cyclone,historical,0.24014935341666666,0.3944012,0.04114286,24
TL,1887,cyclone,historical,0.25778408466666664,0.39746216,0.092515536,24
TL,1888,cyclone,historical,0.24706937029166667,0.41786456,0.04209413,24
TL,1889,cyclone,historical,0.20986962145833332,0.41386232,0.006715982,24
TL,1890,cyclone,historical,0.23616644208333334,0.39202714,0.09445052,24
TL,1891,cyclone,historical,0.23420116041666664,0.42865622,0.06622031,24
TL,1892,cyclone,historical,0.2962275185,0.49940646,0.110564634,24
TL,1893,cyclone,historical,0.25225359541666664,0.4396929,0.10861384,24
TL,1894,cyclone,historical,0.21987896954166666,0.42300388,0.004732373,24
TL,1895,cyclone,historical,0.26726847958333333,0.4514004,0.10863221,24
TL,1896,cyclone,historical,0.27654581666666667,0.47493014,0.06991067,24
TL,1897,cyclone,historical,0.242346857875,0.38151202,0.0905505,24
TL,1898,cyclone,historical,0.22788203545833333,0.40818238,0.04402172,24
TL,1899,cyclone,historical,0.24515592175,0.4332065,0.0527647,24
TL,1900,cyclone,historical,0.24385265008333334,0.41409886,0.053559992,24
TL,1901,cyclone,historical,0.22350834945833334,0.3737685,0.032137647,24
TL,1902,cyclone,historical,0.25273257183333336,0.40323728,0.060456164,24
TL,1903,cyclone,historical,0.28173416316666666,0.43109307,0.07833819,24
TL,1904,cyclone,historical,0.21923064529166666,0.42359573,0.023076434,24
TL,1905,cyclone,historical,0.20682306758333335,0.38737652,0.02732012,24
TL,1906,cyclone,historical,0.20968219924999998,0.44374287,0.0229768,24
TL,1907,cyclone,historical,0.27303489566666667,0.4300239,0.074963406,24
TL,1908,cyclone,historical,0.2080589000416667,0.3677426,0.011709936,24
TL,1909,cyclone,historical,0.25720648875,0.4113371,0.06997032,24
TL,1910,cyclone,historical,0.23522331808333333,0.41810364,0.051329788,24
TL,1911,cyclone,historical,0.24242325766666664,0.43742064,0.05157733,24
TL,1912,cyclone,historical,0.23082423741666666,0.38635793,0.02087963,24
TL,1913,cyclone,historical,0.25597054687500004,0.479513,0.028635137,24
TL,1914,cyclone,historical,0.255718274125,0.40061653,0.07997663,24
TL,1915,cyclone,historical,0.27317687812499997,0.45212126,0.091893315,24
TL,1916,cyclone,historical,0.26791800437499996,0.48038775,0.09439354,24
TL,1917,cyclone,historical,0.22458535354166667,0.4064449,0.027370192,24
TL,1918,cyclone,historical,0.24001354679166667,0.41915327,0.053857844,24
TL,1919,cyclone,historical,0.24163700229166665,0.40327367,0.077308305,24
TL,1920,cyclone,historical,0.28908778525,0.43592292,0.10492163,24
TL,1921,cyclone,historical,0.291378785,0.47106355,0.12858814,24
TL,1922,cyclone,historical,0.19775617945,0.37267983,0.0032648828,24
TL,1923,cyclone,historical,0.25692936125,0.43230686,0.07271096,24
TL,1924,cyclone,historical,0.27805623916666666,0.47508395,0.1100789,24
TL,1925,cyclone,historical,0.26164227854166666,0.41691428,0.07980063,24
TL,1926,cyclone,historical,0.227512026125,0.39273,0.01648926,24
TL,1927,cyclone,historical,0.2844291448333333,0.43402934,0.118220136,24
TL,1928,cyclone,historical,0.2976634119166667,0.45789766,0.099664316,24
TL,1929,cyclone,historical,0.25618411041666667,0.39621246,0.11046851,24
TL,1930,cyclone,historical,0.2662623239583333,0.40555382,0.10402283,24
TL,1931,cyclone,historical,0.24251143275,0.4011706,0.07406452,24
TL,1932,cyclone,historical,0.277338565,0.4496212,0.11884603,24
TL,1933,cyclone,historical,0.29828106083333333,0.4279469,0.12277294,24
TL,1934,cyclone,historical,0.21470094266666664,0.40050703,0.013472237,24
TL,1935,cyclone,historical,0.2651596427083333,0.42149886,0.089469135,24
TL,1936,cyclone,historical,0.3020024491666667,0.44902405,0.18773358,24
TL,1937,cyclone,historical,0.22820368920833334,0.43416262,0.036429677,24
TL,1938,cyclone,historical,0.2617883745833333,0.40352637,0.07359362,24
TL,1939,cyclone,historical,0.2939029988333333,0.4495101,0.108882606,24
TL,1940,cyclone,historical,0.3143642825,0.48647714,0.13927451,24
TL,1941,cyclone,historical,0.26527223129166666,0.43229568,0.074062936,24
TL,1942,cyclone,historical,0.25877554641666667,0.42088854,0.07808005,24
TL,1943,cyclone,historical,0.21427071358333336,0.38413322,0.022613412,24
TL,1944,cyclone,historical,0.2677542377916667,0.41541523,0.061882973,24
TL,1945,cyclone,historical,0.291564560875,0.4410358,0.112381145,24
TL,1946,cyclone,historical,0.25227193583333335,0.41150016,0.09970616,24
TL,1947,cyclone,historical,0.2676103341666667,0.4286428,0.11046144,24
TL,1948,cyclone,historical,0.31202894833333333,0.49738255,0.16043204,24
TL,1949,cyclone,historical,0.25899966225,0.3794433,0.100827314,24
TL,1950,cyclone,historical,0.22484467316666668,0.4389795,0.038843077,24
TL,1951,cyclone,historical,0.26456960179166666,0.45616174,0.024821151,24
TL,1952,cyclone,historical,0.29463285791666666,0.4659117,0.09735903,24
TL,1953,cyclone,historical,0.24931087924999998,0.44398573,0.055479854,24
TL,1954,cyclone,historical,0.24521557616666667,0.38287413,0.043932866,24
TL,1955,cyclone,historical,0.2537496840416667,0.42018002,0.027608562,24
TL,1956,cyclone,historical,0.24818854941666668,0.43185285,0.04731428,24
TL,1957,cyclone,historical,0.28943547,0.46194363,0.08694536,24
TL,1958,cyclone,historical,0.2538640518333333,0.47712237,0.05145394,24
TL,1959,cyclone,historical,0.23971581691666666,0.41669384,0.03906344,24
TL,1960,cyclone,historical,0.24523047604166667,0.4389958,0.06511846,24
TL,1961,cyclone,historical,0.28016953083333335,0.46136037,0.08551304,24
TL,1962,cyclone,historical,0.33757563125,0.45400283,0.19147617,24
TL,1963,cyclone,historical,0.24128148791666668,0.41420364,0.0688066,24
TL,1964,cyclone,historical,0.18443175020833333,0.35166973,0.006556795,24
TL,1965,cyclone,historical,0.26867762820833335,0.45102116,0.054245733,24
TL,1966,cyclone,historical,0.28303596583333335,0.42399606,0.10279924,24
TL,1967,cyclone,historical,0.194309853625,0.36835018,0.032324627,24
TL,1968,cyclone,historical,0.25476860208333335,0.42075256,0.03773097,24
TL,1969,cyclone,historical,0.30856322458333335,0.45034322,0.11214024,24
TL,1970,cyclone,historical,0.2913678879166667,0.4589586,0.12983476,24
TL,1971,cyclone,historical,0.273274751875,0.4242792,0.08562065,24
TL,1972,cyclone,historical,0.1980162464916667,0.388293,0.0024109678,24
TL,1973,cyclone,historical,0.24340654445833332,0.41563645,0.042370293,24
TL,1974,cyclone,historical,0.26458371625,0.4387349,0.0627773,24
TL,1975,cyclone,historical,0.2687653875,0.40315777,0.08889286,24
TL,1976,cyclone,historical,0.23115071741666668,0.38547158,0.037829164,24
TL,1977,cyclone,historical,0.2762997825,0.43618175,0.09275067,24
TL,1978,cyclone,historical,0.3003909358333334,0.44344324,0.13197479,24
TL,1979,cyclone,historical,0.26347403458333335,0.41272283,0.0809859,24
TL,1980,cyclone,historical,0.24548818075,0.45023245,0.047950126,24
TL,1981,cyclone,historical,0.24287584458333333,0.42704797,0.04165128,24
TL,1982,cyclone,historical,0.28584078541666663,0.42239994,0.12089082,24
TL,1983,cyclone,historical,0.228063098625,0.36076516,0.035115235,24
TL,1984,cyclone,historical,0.20062708408333332,0.3649379,0.044016153,24
TL,1985,cyclone,historical,0.2698293340833333,0.44987494,0.055123463,24
TL,1986,cyclone,historical,0.25090196975,0.39735854,0.05937826,24
TL,1987,cyclone,historical,0.219256621,0.41934326,0.03040844,24
TL,1988,cyclone,historical,0.254629664375,0.41233832,0.06085892,24
TL,1989,cyclone,historical,0.26849159625,0.45472738,0.07823651,24
TL,1990,cyclone,historical,0.2531778127916667,0.43422627,0.063920416,24
TL,1991,cyclone,historical,0.2603064975416667,0.42562398,0.059851527,24
TL,1992,cyclone,historical,0.208071341125,0.42487,0.023111835,24
TL,1993,cyclone,historical,0.2606535875,0.40378106,0.06512301,24
TL,1994,cyclone,historical,0.27091870791666667,0.41727757,0.09866096,24
TL,1995,cyclone,historical,0.2936480675,0.42847443,0.1615459,24
TL,1996,cyclone,historical,0.217284173,0.4111234,0.021914415,24
TL,1997,cyclone,historical,0.2716068664583333,0.4249543,0.10735901,24
TL,1998,cyclone,historical,0.29800892916666666,0.4723341,0.11201989,24
TL,1999,cyclone,historical,0.25821726979166665,0.44568264,0.052432224,24
TL,2000,cyclone,historical,0.2674757722916667,0.44201148,0.10962837,24
TL,2001,cyclone,historical,0.2589539817916667,0.48407277,0.02522463,24
TL,2002,cyclone,historical,0.29353584875,0.46081233,0.10787659,24
TL,2003,cyclone,historical,0.32008766125,0.4668655,0.16624658,24
TL,2004,cyclone,historical,0.2559260626666667,0.42236933,0.074491724,24
TL,2005,cyclone,historical,0.25210583560416666,0.4188016,0.0111695705,24
TL,2006,cyclone,historical,0.29324502066666663,0.47133964,0.083431736,24
TL,2007,cyclone,historical,0.28681124275,0.440263,0.0818073,24
TL,2008,cyclone,historical,0.29148271770833334,0.44622782,0.120704435,24
TL,2009,cyclone,historical,0.2582514525,0.4177395,0.048796315,24
TL,2010,cyclone,historical,0.3150339075,0.45855883,0.14527774,24
TL,2011,cyclone,historical,0.31729849958333334,0.46376064,0.1395478,24
TL,2012,cyclone,historical,0.29875472583333335,0.4666099,0.15131266,24
TL,2013,cyclone,historical,0.2575160610833333,0.4492315,0.029673964,24
TL,2014,cyclone,historical,0.29117952458333335,0.44377643,0.13437113,24
TR,1850,cyclone,historical,0.013596348468333333,0.15989342,0.0,60
TR,1851,cyclone,historical,0.020757025326666668,0.11207549,0.0,60
TR,1852,cyclone,historical,0.016911235996666666,0.12357853,0.0,60
TR,1853,cyclone,historical,0.013432430755,0.08556659,0.0,60
TR,1854,cyclone,historical,0.014468377156333333,0.092609376,0.0,60
TR,1855,cyclone,historical,0.013187553806666667,0.0975855,0.0,60
TR,1856,cyclone,historical,0.012818108525,0.1341933,0.0,60
TR,1857,cyclone,historical,0.012667452757166665,0.112651974,0.0,60
TR,1858,cyclone,historical,0.020409975946666666,0.116352744,0.0,60
TR,1859,cyclone,historical,0.016431477681333333,0.10738455,0.0,60
TR,1860,cyclone,historical,0.021427456615,0.14460596,0.0,60
TR,1861,cyclone,historical,0.0165403574525,0.13237411,0.0,60
TR,1862,cyclone,historical,0.015027108154,0.07639491,0.0,60
TR,1863,cyclone,historical,0.0140162795775,0.09889385,0.0,60
TR,1864,cyclone,historical,0.017099383729999997,0.12871514,0.0,60
TR,1865,cyclone,historical,0.021284608246666666,0.12505673,0.0,60
TR,1866,cyclone,historical,0.012195102378333333,0.10578981,0.0,60
TR,1867,cyclone,historical,0.016269181083333334,0.13405332,0.0,60
TR,1868,cyclone,historical,0.008296237978999999,0.09139786,0.0,60
TR,1869,cyclone,historical,0.021916188141666668,0.109884165,0.0,60
TR,1870,cyclone,historical,0.019621522825,0.10156572,0.0,60
TR,1871,cyclone,historical,0.009738427422333332,0.09383639,0.0,60
TR,1872,cyclone,historical,0.01483469750575,0.121517405,0.0,60
TR,1873,cyclone,historical,0.015857431308333333,0.1033414,0.0,60
TR,1874,cyclone,historical,0.017623229373333334,0.101983964,0.0,60
TR,1875,cyclone,historical,0.012270608676,0.07346337,0.0,60
TR,1876,cyclone,historical,0.014634659365,0.124921374,0.0,60
TR,1877,cyclone,historical,0.020796008811833334,0.10002135,0.0,60
TR,1878,cyclone,historical,0.0144589469125,0.097130656,0.0,60
TR,1879,cyclone,historical,0.013982536873333333,0.11821105,0.0,60
TR,1880,cyclone,historical,0.009931480480000001,0.067067325,0.0,60
TR,1881,cyclone,historical,0.013591229347166667,0.14703532,0.0,60
TR,1882,cyclone,historical,0.01453461573,0.09256534,0.0,60
TR,1883,cyclone,historical,0.015530965135,0.10196872,0.0,60
TR,1884,cyclone,historical,0.01549361285,0.08170959,0.0,60
TR,1885,cyclone,historical,0.01030464127,0.0786836,0.0,60
TR,1886,cyclone,historical,0.0115732918805,0.09441446,0.0,60
TR,1887,cyclone,historical,0.014249345395666666,0.1172054,0.0,60
TR,1888,cyclone,historical,0.015508738281333334,0.109997325,0.0,60
TR,1889,cyclone,historical,0.008321966152833333,0.069707915,0.0,60
TR,1890,cyclone,historical,0.012610497147166666,0.09801008,0.0,60
TR,1891,cyclone,historical,0.011873771253333333,0.070098,0.0,60
TR,1892,cyclone,historical,0.01396659968,0.10154418,0.0,60
TR,1893,cyclone,historical,0.015882951638333333,0.10047065,0.0,60
TR,1894,cyclone,historical,0.014138408116666668,0.100276366,0.0,60
TR,1895,cyclone,historical,0.020186402051666667,0.13943468,0.0,60
TR,1896,cyclone,historical,0.013736919013333333,0.10972898,0.0,60
TR,1897,cyclone,historical,0.014781415036666667,0.14215675,0.0,60
TR,1898,cyclone,historical,0.014406132685833333,0.10724059,0.0,60
TR,1899,cyclone,historical,0.008111479305,0.07177204,0.0,60
TR,1900,cyclone,historical,0.014056326263333334,0.10071674,0.0,60
TR,1901,cyclone,historical,0.015921674864166666,0.10218332,0.0,60
TR,1902,cyclone,historical,0.016696860423333335,0.14200504,0.0,60
TR,1903,cyclone,historical,0.007686463036666666,0.07193926,0.0,60
TR,1904,cyclone,historical,0.019311402871666668,0.0883566,0.0,60
TR,1905,cyclone,historical,0.01599059341,0.13170251,0.0,60
TR,1906,cyclone,historical,0.013435811707666667,0.08215262,0.0,60
TR,1907,cyclone,historical,0.016596007725,0.11577961,0.0,60
TR,1908,cyclone,historical,0.008366424401666666,0.099027574,0.0,60
TR,1909,cyclone,historical,0.015093325318333333,0.09626095,0.0,60
TR,1910,cyclone,historical,0.01487635449,0.09001741,0.0,60
TR,1911,cyclone,historical,0.012330792941666667,0.09322664,0.0,60
TR,1912,cyclone,historical,0.007731831563333334,0.07718688,0.0,60
TR,1913,cyclone,historical,0.016961740333333333,0.08217261,0.0,60
TR,1914,cyclone,historical,0.011985990445,0.10200508,0.0,60
TR,1915,cyclone,historical,0.019766785737166667,0.1217219,0.0,60
TR,1916,cyclone,historical,0.016990991974999998,0.12019968,0.0,60
TR,1917,cyclone,historical,0.010605330389,0.093660876,0.0,60
TR,1918,cyclone,historical,0.01571124905,0.10573137,0.0,60
TR,1919,cyclone,historical,0.018256084001666666,0.14100263,0.0,60
TR,1920,cyclone,historical,0.022019061956666666,0.095759936,0.0,60
TR,1921,cyclone,historical,0.011380576684666667,0.100801565,0.0,60
TR,1922,cyclone,historical,0.011034210179333334,0.08157912,0.0,60
TR,1923,cyclone,historical,0.013573178579333333,0.0913055,0.0,60
TR,1924,cyclone,historical,0.017523776001166665,0.110530846,0.0,60
TR,1925,cyclone,historical,0.013496371703333334,0.09799079,0.0,60
TR,1926,cyclone,historical,0.0100216762825,0.079387486,0.0,60
TR,1927,cyclone,historical,0.013101683731666668,0.16839328,0.0,60
TR,1928,cyclone,historical,0.009838126958333334,0.092346534,0.0,60
TR,1929,cyclone,historical,0.012608528627666668,0.08187708,0.0,60
TR,1930,cyclone,historical,0.013818072773333334,0.10995464,0.0,60
TR,1931,cyclone,historical,0.013407740785,0.1281132,0.0,60
TR,1932,cyclone,historical,0.013421994301666665,0.089499846,0.0,60
TR,1933,cyclone,historical,0.015349996955833334,0.13166519,0.0,60
TR,1934,cyclone,historical,0.012636728436666666,0.12575167,0.0,60
TR,1935,cyclone,historical,0.009899869834999998,0.08670912,0.0,60
TR,1936,cyclone,historical,0.010991169436666667,0.09364752,0.0,60
TR,1937,cyclone,historical,0.013961678521666666,0.08928263,0.0,60
TR,1938,cyclone,historical,0.014212105363333333,0.078251295,0.0,60
TR,1939,cyclone,historical,0.014158354567666667,0.11427724,0.0,60
TR,1940,cyclone,historical,0.017328522125000002,0.12380918,0.0,60
TR,1941,cyclone,historical,0.015860197331666666,0.11050788,0.0,60
TR,1942,cyclone,historical,0.01321723293,0.089669466,0.0,60
TR,1943,cyclone,historical,0.014290262283333332,0.10010818,0.0,60
TR,1944,cyclone,historical,0.0161280562755,0.08142969,0.0,60
TR,1945,cyclone,historical,0.016452611867166667,0.09614474,0.0,60
TR,1946,cyclone,historical,0.008793172401666667,0.09069224,0.0,60
TR,1947,cyclone,historical,0.015606903696666667,0.09272419,0.0,60
TR,1948,cyclone,historical,0.018559969750000002,0.12564412,0.0,60
TR,1949,cyclone,historical,0.018107044008999998,0.09898489,0.0,60
TR,1950,cyclone,historical,0.013826133187833333,0.09897679,0.0,60
TR,1951,cyclone,historical,0.0090179626045,0.13116172,0.0,60
TR,1952,cyclone,historical,0.01430829002,0.10963317,0.0,60
TR,1953,cyclone,historical,0.018575373250000003,0.12826672,0.0,60
TR,1954,cyclone,historical,0.01705596294,0.10268496,0.0,60
TR,1955,cyclone,historical,0.014086168349,0.108059786,0.0,60
TR,1956,cyclone,historical,0.009483754953333333,0.092973724,0.0,60
TR,1957,cyclone,historical,0.012664499268333332,0.10294983,0.0,60
TR,1958,cyclone,historical,0.017770805443333332,0.10244157,0.0,60
TR,1959,cyclone,historical,0.0166607628,0.10669246,0.0,60
TR,1960,cyclone,historical,0.011216519008166666,0.07448179,0.0,60
TR,1961,cyclone,historical,0.020495162636,0.10355511,0.0,60
TR,1962,cyclone,historical,0.013806847963333334,0.11886652,0.0,60
TR,1963,cyclone,historical,0.014758419533333334,0.12825009,0.0,60
TR,1964,cyclone,historical,0.010854336424666666,0.087217696,0.0,60
TR,1965,cyclone,historical,0.014882220388343333,0.10597384,0.0,60
TR,1966,cyclone,historical,0.01330190574,0.09097612,0.0,60
TR,1967,cyclone,historical,0.011086283096666667,0.0754551,0.0,60
TR,1968,cyclone,historical,0.012575223160000001,0.12855333,0.0,60
TR,1969,cyclone,historical,0.011404229964833333,0.07216914,0.0,60
TR,1970,cyclone,historical,0.013530019253333333,0.09232952,0.0,60
TR,1971,cyclone,historical,0.013984430068333333,0.10596957,0.0,60
TR,1972,cyclone,historical,0.009578868071833333,0.09127517,0.0,60
TR,1973,cyclone,historical,0.015243078378333334,0.095475614,0.0,60
TR,1974,cyclone,historical,0.011544719989,0.10151964,0.0,60
TR,1975,cyclone,historical,0.0136674754745,0.09604742,0.0,60
TR,1976,cyclone,historical,0.007972225091666667,0.08160262,0.0,60
TR,1977,cyclone,historical,0.010917185306666667,0.076726094,0.0,60
TR,1978,cyclone,historical,0.009621644621666666,0.08362163,0.0,60
TR,1979,cyclone,historical,0.006687221019833334,0.08320075,0.0,60
TR,1980,cyclone,historical,0.0122459275705,0.07410846,0.0,60
TR,1981,cyclone,historical,0.013057039979999999,0.0787915,0.0,60
TR,1982,cyclone,historical,0.012987341958333334,0.09158622,0.0,60
TR,1983,cyclone,historical,0.016476654048333334,0.09327337,0.0,60
TR,1984,cyclone,historical,0.011068458001666667,0.06558508,0.0,60
TR,1985,cyclone,historical,0.016819352503333333,0.12881804,0.0,60
TR,1986,cyclone,historical,0.010900722372666666,0.1034763,0.0,60
TR,1987,cyclone,historical,0.014838790323333333,0.09200346,0.0,60
TR,1988,cyclone,historical,0.013941490561666665,0.082035914,0.0,60
TR,1989,cyclone,historical,0.010749520108333332,0.09783509,0.0,60
TR,1990,cyclone,historical,0.013673520838166668,0.086556494,0.0,60
TR,1991,cyclone,historical,0.014564943436666667,0.089594916,0.0,60
TR,1992,cyclone,historical,0.016300297516666666,0.08591321,0.0,60
TR,1993,cyclone,historical,0.009155478957333334,0.07400338,0.0,60
TR,1994,cyclone,historical,0.01418034524345,0.1017605,0.0,60
TR,1995,cyclone,historical,0.013385203371666666,0.121807754,0.0,60
TR,1996,cyclone,historical,0.016459716078333332,0.09835925,0.0,60
TR,1997,cyclone,historical,0.015230151905050001,0.18198326,0.0,60
TR,1998,cyclone,historical,0.0176157416175,0.14238724,0.0,60
TR,1999,cyclone,historical,0.017163725845666666,0.10859734,0.0,60
TR,2000,cyclone,historical,0.017827804715,0.097839504,0.0,60
TR,2001,cyclone,historical,0.010116661988333333,0.10175629,0.0,60
TR,2002,cyclone,historical,0.021851127068500002,0.120382056,0.0,60
TR,2003,cyclone,historical,0.016136790781666667,0.16789015,0.0,60
TR,2004,cyclone,historical,0.016079649408333334,0.11270905,0.0,60
TR,2005,cyclone,historical,0.015627544033333333,0.10531692,0.0,60
TR,2006,cyclone,historical,0.0156516502729,0.09766118,0.0,60
TR,2007,cyclone,historical,0.0169514999975,0.12744655,0.0,60
TR,2008,cyclone,historical,0.015033431782166668,0.12269339,0.0,60
TR,2009,cyclone,historical,0.017052511577833333,0.13795134,0.0,60
TR,2010,cyclone,historical,0.014748143428833333,0.118482426,0.0,60
TR,2011,cyclone,historical,0.012282500421666667,0.106226474,0.0,60
TR,2012,cyclone,historical,0.018252664633666666,0.15556335,0.0,60
TR,2013,cyclone,historical,0.014020864773333334,0.1378992,0.0,60
TR,2014,cyclone,historical,0.015732876696666665,0.10880539,0.0,60
TV,1850,cyclone,historical,0.15124202762113256,0.4029943,0.0,3108
TV,1851,cyclone,historical,0.15269112565092535,0.40343875,0.0,3108
TV,1852,cyclone,historical,0.19012935514798907,0.46315742,0.0,3108
TV,1853,cyclone,historical,0.17067332843570335,0.42837304,0.0,3108
TV,1854,cyclone,historical,0.12615278011867537,0.3993092,0.0,3108
TV,1855,cyclone,historical,0.13295821853483625,0.39509302,0.0,3108
TV,1856,cyclone,historical,0.18985645903512224,0.4412651,0.0,3108
TV,1857,cyclone,historical,0.19628482193491248,0.4794606,0.0,3108
TV,1858,cyclone,historical,0.16858759018747102,0.4166397,0.0,3108
TV,1859,cyclone,historical,0.12682413217224905,0.43319213,0.0,3108
TV,1860,cyclone,historical,0.09783901124575933,0.3483665,0.0,3108
TV,1861,cyclone,historical,0.15092902057926963,0.44121853,0.0,3108
TV,1862,cyclone,historical,0.20506752770874195,0.48913437,0.0,3108
TV,1863,cyclone,historical,0.15688181622620465,0.4382319,0.0,3108
TV,1864,cyclone,historical,0.10636274131190894,0.37631297,0.0,3108
TV,1865,cyclone,historical,0.1311253865208877,0.3967477,0.0,3108
TV,1866,cyclone,historical,0.16988795719397878,0.4380462,0.0,3108
TV,1867,cyclone,historical,0.20544822954108655,0.47946662,0.0,3108
TV,1868,cyclone,historical,0.17782243453237967,0.45037678,0.0,3108
TV,1869,cyclone,historical,0.11988148514672296,0.40526497,0.0,3108
TV,1870,cyclone,historical,0.14263318138836872,0.40051794,0.0,3108
TV,1871,cyclone,historical,0.20183868261025933,0.4722365,0.0,3108
TV,1872,cyclone,historical,0.20307672129710747,0.4702822,0.0,3108
TV,1873,cyclone,historical,0.12431326380887708,0.46579912,0.0,3108
TV,1874,cyclone,historical,0.10601444898848714,0.38945293,0.0,3108
TV,1875,cyclone,historical,0.1730892520796895,0.47756347,0.0,3108
TV,1876,cyclone,historical,0.18740724996394145,0.45993912,0.0,3108
TV,1877,cyclone,historical,0.11345806196792278,0.40916976,0.0,3108
TV,1878,cyclone,historical,0.09611757518193469,0.3947259,0.0,3108
TV,1879,cyclone,historical,0.15696713132508142,0.47265992,0.0,3108
TV,1880,cyclone,historical,0.20929952502513352,0.4888237,0.0,3108
TV,1881,cyclone,historical,0.18471583987969467,0.4429864,0.0,3108
TV,1882,cyclone,historical,0.12222656410616989,0.3802664,0.0,3108
TV,1883,cyclone,historical,0.12173128890256113,0.3920546,0.0,3108
TV,1884,cyclone,historical,0.14149158352011904,0.41817504,0.0,3108
TV,1885,cyclone,historical,0.19237862473946624,0.48026353,0.0,3108
TV,1886,cyclone,historical,0.1843614043304054,0.4689922,0.0,3108
TV,1887,cyclone,historical,0.12027478870154762,0.3910869,0.0,3108
TV,1888,cyclone,historical,0.10752863800343482,0.35689303,0.0,3108
TV,1889,cyclone,historical,0.15172924093815832,0.4361741,0.0,3108
TV,1890,cyclone,historical,0.2019385106305309,0.50267494,0.0,3108
TV,1891,cyclone,historical,0.19862068563212998,0.5046414,0.0,3108
TV,1892,cyclone,historical,0.16782627797267277,0.4453811,0.0,3108
TV,1893,cyclone,historical,0.12980940048513706,0.3851431,0.0,3108
TV,1894,cyclone,historical,0.1661307714141834,0.43897533,0.0,3108
TV,1895,cyclone,historical,0.20853801256821863,0.503294,0.0,3108
TV,1896,cyclone,historical,0.14488572325231241,0.42498815,0.0,3108
TV,1897,cyclone,historical,0.13263710149880245,0.3911552,0.0,3108
TV,1898,cyclone,historical,0.15757918307222007,0.41705632,0.0,3108
TV,1899,cyclone,historical,0.19703408629914707,0.47124493,0.0,3108
TV,1900,cyclone,historical,0.17164689955664414,0.44381618,0.0,3108
TV,1901,cyclone,historical,0.17625015265306465,0.46044454,0.0,3108
TV,1902,cyclone,historical,0.18372800773870912,0.43220368,0.0,3108
TV,1903,cyclone,historical,0.12473353320692292,0.3991794,0.0,3108
TV,1904,cyclone,historical,0.11985274162165173,0.40352482,0.0,3108
TV,1905,cyclone,historical,0.135204156362981,0.3874082,0.0,3108
TV,1906,cyclone,historical,0.16277855973206692,0.438595,0.0,3108
TV,1907,cyclone,historical,0.13396241657794017,0.41643456,0.0,3108
TV,1908,cyclone,historical,0.15481811582064445,0.45933384,0.0,3108
TV,1909,cyclone,historical,0.1870029302533697,0.4638968,0.0,3108
TV,1910,cyclone,historical,0.15418319794220978,0.4528487,0.0,3108
TV,1911,cyclone,historical,0.15482083579974582,0.418621,0.0,3108
TV,1912,cyclone,historical,0.16190488857528088,0.42045674,0.0,3108
TV,1913,cyclone,historical,0.1677298327452651,0.4614145,0.0,3108
TV,1914,cyclone,historical,0.1869831807617323,0.43977553,0.0,3108
TV,1915,cyclone,historical,0.1419510073831435,0.41861606,0.0,3108
TV,1916,cyclone,historical,0.13356330557336893,0.39033237,0.0,3108
TV,1917,cyclone,historical,0.155120674851583,0.4226913,0.0,3108
TV,1918,cyclone,historical,0.17325190651937583,0.44178995,0.0,3108
TV,1919,cyclone,historical,0.19682062579085166,0.47077855,0.0,3108
TV,1920,cyclone,historical,0.14138590187721653,0.42757368,0.0,3108
TV,1921,cyclone,historical,0.11893530433918148,0.38977465,0.0,3108
TV,1922,cyclone,historical,0.16918937795649805,0.46534163,0.0,3108
TV,1923,cyclone,historical,0.19663973396743567,0.48831505,0.0,3108
TV,1924,cyclone,historical,0.12678655061684918,0.3887946,0.0,3108
TV,1925,cyclone,historical,0.13588095255363256,0.42969328,0.0,3108
TV,1926,cyclone,historical,0.1733732231647236,0.4893503,0.0,3108
TV,1927,cyclone,historical,0.19545308125020494,0.49635604,0.0,3108
TV,1928,cyclone,historical,0.13786516239113675,0.4104306,0.0,3108
TV,1929,cyclone,historical,0.1333598332983655,0.39826912,0.0,3108
TV,1930,cyclone,historical,0.16735231319620655,0.43683618,0.0,3108
TV,1931,cyclone,historical,0.2189029167249866,0.47191456,0.0,3108
TV,1932,cyclone,historical,0.17397340055949229,0.47379035,0.0,3108
TV,1933,cyclone,historical,0.13070000396414094,0.39277843,0.0,3108
TV,1934,cyclone,historical,0.1558464227674569,0.45597625,0.0,3108
TV,1935,cyclone,historical,0.20068429926045253,0.4744197,0.0,3108
TV,1936,cyclone,historical,0.15991508142303254,0.44260234,0.0,3108
TV,1937,cyclone,historical,0.14569775410010877,0.44596753,0.0,3108
TV,1938,cyclone,historical,0.21062404587905081,0.44342858,0.0,3108
TV,1939,cyclone,historical,0.20568086075756598,0.48486432,0.0,3108
TV,1940,cyclone,historical,0.14255478142448264,0.4257003,0.0,3108
TV,1941,cyclone,historical,0.1275221218577992,0.3955574,0.0,3108
TV,1942,cyclone,historical,0.15254570951555566,0.4085587,0.0,3108
TV,1943,cyclone,historical,0.16420695970948648,0.44190702,0.0,3108
TV,1944,cyclone,historical,0.1925357041080058,0.4620099,0.0,3108
TV,1945,cyclone,historical,0.15548627030173745,0.47733417,0.0,3108
TV,1946,cyclone,historical,0.20269102834811809,0.47149107,0.0,3108
TV,1947,cyclone,historical,0.20350203988030405,0.4684012,0.0,3108
TV,1948,cyclone,historical,0.12918416004928795,0.42624855,0.0,3108
TV,1949,cyclone,historical,0.10889944266467824,0.3862287,0.0,3108
TV,1950,cyclone,historical,0.1551697514356776,0.40987056,0.0,3108
TV,1951,cyclone,historical,0.2173065560335814,0.50615615,0.0,3108
TV,1952,cyclone,historical,0.17751605285942085,0.4837465,0.0,3108
TV,1953,cyclone,historical,0.1346580543392986,0.4049381,0.0,3108
TV,1954,cyclone,historical,0.15098834286637708,0.45008016,0.0,3108
TV,1955,cyclone,historical,0.18943810207124773,0.44604054,0.0,3108
TV,1956,cyclone,historical,0.19694931094628057,0.4829596,0.0,3108
TV,1957,cyclone,historical,0.19583461544992276,0.47280988,0.0,3108
TV,1958,cyclone,historical,0.1551463196998047,0.44764802,0.0,3108
TV,1959,cyclone,historical,0.1590678397494292,0.42498952,0.0,3108
TV,1960,cyclone,historical,0.20796937658273165,0.47593307,0.0,3108
TV,1961,cyclone,historical,0.19996382538653798,0.4667576,0.0,3108
TV,1962,cyclone,historical,0.1172795515951271,0.44342136,0.0,3108
TV,1963,cyclone,historical,0.10482428896659104,0.34981722,0.0,3108
TV,1964,cyclone,historical,0.1881996879627381,0.4975647,0.0,3108
TV,1965,cyclone,historical,0.1772502413185634,0.45643342,0.0,3108
TV,1966,cyclone,historical,0.10951589911734556,0.37940896,0.0,3108
TV,1967,cyclone,historical,0.16119927914957594,0.4660281,0.0,3108
TV,1968,cyclone,historical,0.2044836856676287,0.4602777,0.0,3108
TV,1969,cyclone,historical,0.19931096860739525,0.48867983,0.0,3108
TV,1970,cyclone,historical,0.13716297703120592,0.41704234,0.0,3108
TV,1971,cyclone,historical,0.11715456255551512,0.40081346,0.0,3108
TV,1972,cyclone,historical,0.17205758072767244,0.47871873,0.0,3108
TV,1973,cyclone,historical,0.19325376578263417,0.48301303,0.0,3108
TV,1974,cyclone,historical,0.15368172393082047,0.4572391,0.0,3108
TV,1975,cyclone,historical,0.13646604973847978,0.42653543,0.0,3108
TV,1976,cyclone,historical,0.17478276884406244,0.42905933,0.0,3108
TV,1977,cyclone,historical,0.19278787797358077,0.46171853,0.0,3108
TV,1978,cyclone,historical,0.15791163482699838,0.42158377,0.0,3108
TV,1979,cyclone,historical,0.1736019532210103,0.45561194,0.0,3108
TV,1980,cyclone,historical,0.21976038426089448,0.47419214,0.0,3108
TV,1981,cyclone,historical,0.18608238227999999,0.4865385,0.0,3108
TV,1982,cyclone,historical,0.1170736236029202,0.3805142,0.0,3108
TV,1983,cyclone,historical,0.12921249532860618,0.40347955,0.0,3108
TV,1984,cyclone,historical,0.2030343514842471,0.46757957,0.0,3108
TV,1985,cyclone,historical,0.18554362968407656,0.46044904,0.0,3108
TV,1986,cyclone,historical,0.13186519020176987,0.4094724,0.0,3108
TV,1987,cyclone,historical,0.16806392636351675,0.46837723,0.0,3108
TV,1988,cyclone,historical,0.19716277186814832,0.45122764,0.0,3108
TV,1989,cyclone,historical,0.16625381526282657,0.44894558,0.0,3108
TV,1990,cyclone,historical,0.15504743547114158,0.41987878,0.0,3108
TV,1991,cyclone,historical,0.14238637357276063,0.42141777,0.0,3108
TV,1992,cyclone,historical,0.15670610059891796,0.4098357,0.0,3108
TV,1993,cyclone,historical,0.21195109324406403,0.45411557,0.0,3108
TV,1994,cyclone,historical,0.19108621703406564,0.47397056,0.0,3108
TV,1995,cyclone,historical,0.13867385430935103,0.4471582,0.0,3108
TV,1996,cyclone,historical,0.1876218124268887,0.44963658,0.0,3108
TV,1997,cyclone,historical,0.23518160037453217,0.5070412,0.0,3108
TV,1998,cyclone,historical,0.17302246485911907,0.46820125,0.0,3108
TV,1999,cyclone,historical,0.14286082055774454,0.39118886,0.0,3108
TV,2000,cyclone,historical,0.1761616241728211,0.44990098,0.0,3108
TV,2001,cyclone,historical,0.2341616607465843,0.51624024,0.0,3108
TV,2002,cyclone,historical,0.22224836532784395,0.50507134,0.0,3108
TV,2003,cyclone,historical,0.13775009146113576,0.47248477,0.0,3108
TV,2004,cyclone,historical,0.13656900687068596,0.42129233,0.0,3108
TV,2005,cyclone,historical,0.18267674245881146,0.45716226,0.0,3108
TV,2006,cyclone,historical,0.2291527078784997,0.51514876,0.0,3108
TV,2007,cyclone,historical,0.21179554549250643,0.46945792,0.0,3108
TV,2008,cyclone,historical,0.2017961289539234,0.4934375,0.0,3108
TV,2009,cyclone,historical,0.2303402276229971,0.48519236,0.0,3108
TV,2010,cyclone,historical,0.23164370588360295,0.51405597,0.0,3108
TV,2011,cyclone,historical,0.18162011082246138,0.4749813,0.0,3108
TV,2012,cyclone,historical,0.15752401892473294,0.4472777,0.0,3108
TV,2013,cyclone,historical,0.20871226676070462,0.52476835,0.0,3108
TV,2014,cyclone,historical,0.24971434645851592,0.5622085,0.0,3108
TZ,1850,cyclone,historical,0.16740241208333334,0.31787473,0.0,36
TZ,1851,cyclone,historical,0.1575874203687778,0.34000614,0.0,36
TZ,1852,cyclone,historical,0.17848985813888887,0.34205478,0.03232026,36
TZ,1853,cyclone,historical,0.19204032852777778,0.3723504,0.009527093,36
TZ,1854,cyclone,historical,0.17297947778055556,0.3640894,0.0,36
TZ,1855,cyclone,historical,0.14119436205277777,0.29512775,0.0,36
TZ,1856,cyclone,historical,0.18452146241666667,0.31170475,0.04153013,36
TZ,1857,cyclone,historical,0.2020605408,0.39807662,0.0,36
TZ,1858,cyclone,historical,0.16805384545,0.3525005,0.0009748196,36
TZ,1859,cyclone,historical,0.16682399482277777,0.36248562,0.0,36
TZ,1860,cyclone,historical,0.130390963494,0.3071699,0.0,36
TZ,1861,cyclone,historical,0.12624853299722222,0.2794732,0.0,36
TZ,1862,cyclone,historical,0.20253122308333332,0.34696543,0.058955852,36
TZ,1863,cyclone,historical,0.20064275013888888,0.3883633,0.012509256,36
TZ,1864,cyclone,historical,0.14420865866444446,0.30550987,0.0,36
TZ,1865,cyclone,historical,0.13506711089083334,0.29766583,0.0,36
TZ,1866,cyclone,historical,0.16107612927777776,0.31065392,0.023321383,36
TZ,1867,cyclone,historical,0.19537467577777778,0.36676925,0.014701124,36
TZ,1868,cyclone,historical,0.2027122692222222,0.3502497,0.023656044,36
TZ,1869,cyclone,historical,0.15385332975638888,0.31702882,0.0,36
TZ,1870,cyclone,historical,0.1496155460277778,0.29003853,0.0,36
TZ,1871,cyclone,historical,0.18605537211111112,0.3388272,0.03727978,36
TZ,1872,cyclone,historical,0.22112781897222222,0.41653246,0.052063398,36
TZ,1873,cyclone,historical,0.17074443669722222,0.39623165,0.0,36
TZ,1874,cyclone,historical,0.13216350409722222,0.29272208,0.0,36
TZ,1875,cyclone,historical,0.14670293116666666,0.27660576,0.007794601,36
TZ,1876,cyclone,historical,0.18411600952777776,0.35343948,0.030607695,36
TZ,1877,cyclone,historical,0.17263538633527778,0.38171047,0.0,36
TZ,1878,cyclone,historical,0.1369983873875,0.28889784,0.0,36
TZ,1879,cyclone,historical,0.14752278052777779,0.32113075,0.0,36
TZ,1880,cyclone,historical,0.19680771480555556,0.3767611,0.04596451,36
TZ,1881,cyclone,historical,0.18402937616666667,0.34924448,0.009109794,36
TZ,1882,cyclone,historical,0.17230635607777778,0.36541015,0.0,36
TZ,1883,cyclone,historical,0.11712616294583333,0.25147623,0.0,36
TZ,1884,cyclone,historical,0.15007004641666666,0.28698274,0.0,36
TZ,1885,cyclone,historical,0.1889501113611111,0.35526347,0.043525778,36
TZ,1886,cyclone,historical,0.21514969633333333,0.41334462,0.045243613,36
TZ,1887,cyclone,historical,0.17806108788888889,0.36463857,0.0,36
TZ,1888,cyclone,historical,0.13384480909444446,0.29326272,0.0,36
TZ,1889,cyclone,historical,0.14277648836111112,0.2982866,0.0,36
TZ,1890,cyclone,historical,0.19449850583333333,0.38384598,0.040102404,36
TZ,1891,cyclone,historical,0.18744343252277776,0.35954955,0.00013084532,36
TZ,1892,cyclone,historical,0.18980247855,0.3678004,0.0020846238,36
TZ,1893,cyclone,historical,0.16783989284444445,0.3848445,0.0,36
TZ,1894,cyclone,historical,0.150673164925,0.30529785,0.0,36
TZ,1895,cyclone,historical,0.2085868918611111,0.3930747,0.041009676,36
TZ,1896,cyclone,historical,0.18934902828847222,0.41978538,0.0,36
TZ,1897,cyclone,historical,0.15648038642133333,0.29796082,0.0,36
TZ,1898,cyclone,historical,0.18332586427777778,0.34938642,0.02342688,36
TZ,1899,cyclone,historical,0.20461692277777777,0.37503818,0.040674433,36
TZ,1900,cyclone,historical,0.21526251824999998,0.38825995,0.04959008,36
TZ,1901,cyclone,historical,0.18163042059722223,0.35661,0.0,36
TZ,1902,cyclone,historical,0.2124802613611111,0.39127085,0.02227732,36
TZ,1903,cyclone,historical,0.16217532856944444,0.32443416,0.0,36
TZ,1904,cyclone,historical,0.1506382021388889,0.32403606,0.0,36
TZ,1905,cyclone,historical,0.15376969589722222,0.3186907,0.0,36
TZ,1906,cyclone,historical,0.17200017492777778,0.30600458,0.0048266244,36
TZ,1907,cyclone,historical,0.17641770055,0.3882116,0.0,36
TZ,1908,cyclone,historical,0.14495923830555554,0.31601924,0.0,36
TZ,1909,cyclone,historical,0.21210024055555554,0.39204854,0.06733288,36
TZ,1910,cyclone,historical,0.188731448725,0.37292522,0.0,36
TZ,1911,cyclone,historical,0.1557803995388889,0.3323695,0.0,36
TZ,1912,cyclone,historical,0.18970136262972223,0.37366298,0.0,36
TZ,1913,cyclone,historical,0.17726509876388888,0.36386582,0.0069764145,36
TZ,1914,cyclone,historical,0.19539215725,0.39192694,0.024352906,36
TZ,1915,cyclone,historical,0.20538597933333333,0.39979213,0.010333557,36
TZ,1916,cyclone,historical,0.14860443130555556,0.308744,0.0,36
TZ,1917,cyclone,historical,0.17656446700277778,0.3483697,0.0,36
TZ,1918,cyclone,historical,0.18590966047222224,0.35021463,0.01901477,36
TZ,1919,cyclone,historical,0.21341120805555558,0.36294776,0.02565169,36
TZ,1920,cyclone,historical,0.1931367543888889,0.38539025,0.02272577,36
TZ,1921,cyclone,historical,0.14737045081,0.3373211,0.0,36
TZ,1922,cyclone,historical,0.14114547762777777,0.2628972,0.0017648733,36
TZ,1923,cyclone,historical,0.21271556969444444,0.3846395,0.055980846,36
TZ,1924,cyclone,historical,0.18818076265833333,0.37702012,0.0,36
TZ,1925,cyclone,historical,0.15322575338055555,0.2948624,0.0,36
TZ,1926,cyclone,historical,0.18464590258333333,0.34300953,0.016487535,36
TZ,1927,cyclone,historical,0.21251806580555554,0.36926818,0.029864527,36
TZ,1928,cyclone,historical,0.17617790026944447,0.35873204,0.0,36
TZ,1929,cyclone,historical,0.14866180544444443,0.30879903,0.0,36
TZ,1930,cyclone,historical,0.16813311031694445,0.32520252,0.0,36
TZ,1931,cyclone,historical,0.21740474322222222,0.39416432,0.05000797,36
TZ,1932,cyclone,historical,0.2204481429722222,0.42979583,0.023928575,36
TZ,1933,cyclone,historical,0.16707816291666666,0.34520322,0.0,36
TZ,1934,cyclone,historical,0.16361248680833335,0.32636827,0.0,36
TZ,1935,cyclone,historical,0.2160416411666667,0.37548003,0.070949666,36
TZ,1936,cyclone,historical,0.21131549163055555,0.4068337,0.0027052967,36
TZ,1937,cyclone,historical,0.16326018803611111,0.3352111,0.0,36
TZ,1938,cyclone,historical,0.18462932833333334,0.34767118,0.03672651,36
TZ,1939,cyclone,historical,0.2017666278611111,0.40135798,0.009962084,36
TZ,1940,cyclone,historical,0.1820046961888889,0.39711195,0.0,36
TZ,1941,cyclone,historical,0.1508644987861111,0.33397382,0.0,36
TZ,1942,cyclone,historical,0.18263376234722223,0.35405666,0.0065675415,36
TZ,1943,cyclone,historical,0.19194885327777778,0.34783745,0.009798087,36
TZ,1944,cyclone,historical,0.20350715422222224,0.38490567,0.009490974,36
TZ,1945,cyclone,historical,0.19357068617972223,0.41457352,0.0,36
TZ,1946,cyclone,historical,0.19392235269444444,0.3297571,0.013492122,36
TZ,1947,cyclone,historical,0.21930910783333332,0.42554724,0.037019555,36
TZ,1948,cyclone,historical,0.196592228275,0.4049054,0.0036624337,36
TZ,1949,cyclone,historical,0.1542464920075,0.3227752,0.0,36
TZ,1950,cyclone,historical,0.15343988534444444,0.32601026,0.0,36
TZ,1951,cyclone,historical,0.20899889800000002,0.3736388,0.056891046,36
TZ,1952,cyclone,historical,0.22265833702777776,0.40824258,0.02225059,36
TZ,1953,cyclone,historical,0.15592993595000001,0.3311867,0.0,36
TZ,1954,cyclone,historical,0.15289162018055558,0.28885818,0.009034774,36
TZ,1955,cyclone,historical,0.19823017099999998,0.37505463,0.026394857,36
TZ,1956,cyclone,historical,0.20892450408333332,0.39861375,0.014544051,36
TZ,1957,cyclone,historical,0.20144214886111111,0.3619799,0.02534106,36
TZ,1958,cyclone,historical,0.16930858764444445,0.34592584,0.0,36
TZ,1959,cyclone,historical,0.17844117552777777,0.35794705,0.006059765,36
TZ,1960,cyclone,historical,0.2011042802222222,0.3522476,0.049433008,36
TZ,1961,cyclone,historical,0.23771301919444443,0.41867977,0.055751093,36
TZ,1962,cyclone,historical,0.19012569738888888,0.4183417,0.0,36
TZ,1963,cyclone,historical,0.11990525939555556,0.26615712,0.0,36
TZ,1964,cyclone,historical,0.1813298294722222,0.29485723,0.006380944,36
TZ,1965,cyclone,historical,0.22436502027777777,0.39688706,0.043478303,36
TZ,1966,cyclone,historical,0.15757301813805558,0.36522263,0.0,36
TZ,1967,cyclone,historical,0.13900351419444446,0.29677364,0.0,36
TZ,1968,cyclone,historical,0.23053645180555554,0.39248672,0.06823723,36
TZ,1969,cyclone,historical,0.21821951416666666,0.40932173,0.031254154,36
TZ,1970,cyclone,historical,0.1770329143988611,0.3470466,0.0,36
TZ,1971,cyclone,historical,0.1615769965361111,0.32681054,0.0,36
TZ,1972,cyclone,historical,0.15472224289722222,0.29381472,0.0030284903,36
TZ,1973,cyclone,historical,0.21437438655555555,0.42500448,0.073678516,36
TZ,1974,cyclone,historical,0.18633875223611113,0.38646805,0.004610942,36
TZ,1975,cyclone,historical,0.17285743550833332,0.3358479,0.0,36
TZ,1976,cyclone,historical,0.17692752186111113,0.34713477,0.012849069,36
TZ,1977,cyclone,historical,0.23359122624999998,0.39895198,0.06845349,36
TZ,1978,cyclone,historical,0.18273261200000002,0.38388133,0.0,36
TZ,1979,cyclone,historical,0.18081329166666665,0.36496478,0.006492521,36
TZ,1980,cyclone,historical,0.21874618183333333,0.38256598,0.035801653,36
TZ,1981,cyclone,historical,0.2090890572777778,0.39439452,0.020926021,36
TZ,1982,cyclone,historical,0.15856764630499998,0.32403845,0.0,36
TZ,1983,cyclone,historical,0.14859049031055557,0.31711447,0.0,36
TZ,1984,cyclone,historical,0.19562221180555556,0.3351246,0.06494104,36
TZ,1985,cyclone,historical,0.2394569308888889,0.43170744,0.03770385,36
TZ,1986,cyclone,historical,0.16739995207222222,0.31877568,0.0,36
TZ,1987,cyclone,historical,0.16907341594444444,0.35627007,0.013182079,36
TZ,1988,cyclone,historical,0.22452086758333334,0.4514142,0.052422084,36
TZ,1989,cyclone,historical,0.2058987265,0.3844765,0.026877798,36
TZ,1990,cyclone,historical,0.19860755878333333,0.36887336,0.00197268,36
TZ,1991,cyclone,historical,0.18735026245833333,0.37887856,0.006967037,36
TZ,1992,cyclone,historical,0.15594331098722222,0.29560086,0.0,36
TZ,1993,cyclone,historical,0.20328286669444445,0.37382418,0.024824126,36
TZ,1994,cyclone,historical,0.2167282445833333,0.39294595,0.036550853,36
TZ,1995,cyclone,historical,0.17618249053749999,0.36809242,0.0,36
TZ,1996,cyclone,historical,0.17480212290555555,0.33145314,0.0023744102,36
TZ,1997,cyclone,historical,0.24793690788888886,0.40933174,0.085182354,36
TZ,1998,cyclone,historical,0.22589533722222221,0.4068932,0.03022447,36
TZ,1999,cyclone,historical,0.17802433236111112,0.33173987,0.046181362,36
TZ,2000,cyclone,historical,0.20880238955555555,0.343381,0.042825982,36
TZ,2001,cyclone,historical,0.2153026625,0.38337028,0.042658947,36
TZ,2002,cyclone,historical,0.24249709594444444,0.43462306,0.08519533,36
TZ,2003,cyclone,historical,0.20888002922222224,0.40250677,0.02450246,36
TZ,2004,cyclone,historical,0.16466298568611112,0.342853,0.0,36
TZ,2005,cyclone,historical,0.19620407925,0.37448955,0.02195227,36
TZ,2006,cyclone,historical,0.2286195046388889,0.39763355,0.06439949,36
TZ,2007,cyclone,historical,0.2235198074166667,0.40401474,0.041710645,36
TZ,2008,cyclone,historical,0.21941953802777778,0.39853036,0.025127135,36
TZ,2009,cyclone,historical,0.22633322583333332,0.38893417,0.06994158,36
TZ,2010,cyclone,historical,0.266991151,0.44452643,0.114013456,36
TZ,2011,cyclone,historical,0.2261789147222222,0.43790418,0.029042825,36
TZ,2012,cyclone,historical,0.17541565298611111,0.3668818,0.0,36
TZ,2013,cyclone,historical,0.19002371313888888,0.3459521,0.030346297,36
TZ,2014,cyclone,historical,0.2500019023611111,0.41938168,0.10059074,36
UA,1850,cyclone,historical,0.008052035795833334,0.038522698,0.0,24
UA,1851,cyclone,historical,0.012868723791666668,0.07790038,0.0,24
UA,1852,cyclone,historical,0.007498467585416667,0.041307006,0.0,24
UA,1853,cyclone,historical,0.0120455697375,0.05001597,0.0,24
UA,1854,cyclone,historical,0.012026131175000001,0.05344726,0.0,24
UA,1855,cyclone,historical,0.006132055444583333,0.057633854,0.0,24
UA,1856,cyclone,historical,0.006376743859583333,0.046862926,0.0,24
UA,1857,cyclone,historical,0.0123582649865,0.07111858,0.0,24
UA,1858,cyclone,historical,0.015707003041666667,0.09646397,0.0,24
UA,1859,cyclone,historical,0.010030883647916667,0.0593314,0.0,24
UA,1860,cyclone,historical,0.014315592416666668,0.102750614,0.0,24
UA,1861,cyclone,historical,0.014973005841416665,0.07607183,0.0,24
UA,1862,cyclone,historical,0.0106780769625,0.042558014,0.0,24
UA,1863,cyclone,historical,0.011654826816666667,0.06286533,0.0,24
UA,1864,cyclone,historical,0.017086674375,0.07357575,0.0,24
UA,1865,cyclone,historical,0.014323391904583335,0.038442194,0.0,24
UA,1866,cyclone,historical,0.008782082689583333,0.047699273,0.0,24
UA,1867,cyclone,historical,0.0095550023125,0.049748804,0.0,24
UA,1868,cyclone,historical,0.0063673112499999995,0.05188532,0.0,24
UA,1869,cyclone,historical,0.015670455720833334,0.053600427,0.0,24
UA,1870,cyclone,historical,0.016159157060833332,0.074221924,0.0,24
UA,1871,cyclone,historical,0.005836705039166667,0.047052562,0.0,24
UA,1872,cyclone,historical,0.014313194408333334,0.07231745,0.0,24
UA,1873,cyclone,historical,0.014103297495833333,0.08834471,0.0,24
UA,1874,cyclone,historical,0.012915547645833332,0.053577464,0.0,24
UA,1875,cyclone,historical,0.011249755521666667,0.07545861,0.0,24
UA,1876,cyclone,historical,0.005257518833333333,0.034567885,0.0,24
UA,1877,cyclone,historical,0.0130364565125,0.076765805,0.0,24
UA,1878,cyclone,historical,0.014341221195833332,0.07647919,0.0,24
UA,1879,cyclone,historical,0.004108443573333333,0.033894703,0.0,24
UA,1880,cyclone,historical,0.009244265570833334,0.06836588,0.0,24
UA,1881,cyclone,historical,0.005641136595833333,0.029970683,0.0,24
UA,1882,cyclone,historical,0.008535874741666666,0.06575743,0.0,24
UA,1883,cyclone,historical,0.00741628953875,0.02817589,0.0,24
UA,1884,cyclone,historical,0.006811845445833333,0.043519706,0.0,24
UA,1885,cyclone,historical,0.012842801616666665,0.056073263,0.0,24
UA,1886,cyclone,historical,0.011498023370416666,0.036550157,0.0,24
UA,1887,cyclone,historical,0.011124490754166667,0.07254383,0.0,24
UA,1888,cyclone,historical,0.012195574833333334,0.041927513,0.0,24
UA,1889,cyclone,historical,0.006412053125,0.06251632,0.0,24
UA,1890,cyclone,historical,0.006615939679166668,0.0429924,0.0,24
UA,1891,cyclone,historical,0.010441582730416668,0.04176273,0.0,24
UA,1892,cyclone,historical,0.011678565125,0.044897944,0.0,24
UA,1893,cyclone,historical,0.0150796316075,0.07672232,0.0,24
UA,1894,cyclone,historical,0.009382733833333334,0.061051637,0.0,24
UA,1895,cyclone,historical,0.01783847879583333,0.08662934,0.0,24
UA,1896,cyclone,historical,0.009424897301666667,0.049925745,0.0,24
UA,1897,cyclone,historical,0.0104822836375,0.052219216,0.0,24
UA,1898,cyclone,historical,0.0110684593625,0.07840635,0.0,24
UA,1899,cyclone,historical,0.0102113466085,0.054136112,0.0,24
UA,1900,cyclone,historical,0.003996550545833333,0.021358699,0.0,24
UA,1901,cyclone,historical,0.0154571259125,0.08450012,0.0,24
UA,1902,cyclone,historical,0.009256421929166666,0.0647482,0.0,24
UA,1903,cyclone,historical,0.014184305166666666,0.08857595,0.0,24
UA,1904,cyclone,historical,0.014340838600000001,0.058265433,0.0,24
UA,1905,cyclone,historical,0.020459083325,0.06537816,0.0,24
UA,1906,cyclone,historical,0.010873802816666667,0.044191267,0.0,24
UA,1907,cyclone,historical,0.014831487266666667,0.073825896,0.0,24
UA,1908,cyclone,historical,0.010779693541666668,0.04912938,0.0,24
UA,1909,cyclone,historical,0.011769725496666666,0.06815085,0.0,24
UA,1910,cyclone,historical,0.007760016977291666,0.035879944,0.0,24
UA,1911,cyclone,historical,0.0095165979625,0.07138656,0.0,24
UA,1912,cyclone,historical,0.005962217675,0.033101037,0.0,24
UA,1913,cyclone,historical,0.008297050583333333,0.055465188,0.0,24
UA,1914,cyclone,historical,0.004691535470833333,0.032395978,0.0,24
UA,1915,cyclone,historical,0.012981629754166668,0.088079974,0.0,24
UA,1916,cyclone,historical,0.011641927666666668,0.047328103,0.0,24
UA,1917,cyclone,historical,0.004601883566666667,0.037188217,0.0,24
UA,1918,cyclone,historical,0.0215960136875,0.104850665,0.0,24
UA,1919,cyclone,historical,0.02283941125,0.07326401,0.0,24
UA,1920,cyclone,historical,0.0168161658,0.07393396,0.0,24
UA,1921,cyclone,historical,0.012798634220833334,0.08475188,0.0,24
UA,1922,cyclone,historical,0.011452471241666666,0.07551804,0.0,24
UA,1923,cyclone,historical,0.0123724359625,0.06726074,0.0,24
UA,1924,cyclone,historical,0.017114070625,0.072641075,0.0,24
UA,1925,cyclone,historical,0.006114653951666667,0.03811425,0.0,24
UA,1926,cyclone,historical,0.004879686455833333,0.03035482,0.0,24
UA,1927,cyclone,historical,0.004838569435583333,0.057190828,0.0,24
UA,1928,cyclone,historical,0.00785552185,0.061095934,0.0,24
UA,1929,cyclone,historical,0.009364093927499999,0.09216608,0.0,24
UA,1930,cyclone,historical,0.011128992666666665,0.050751284,0.0,24
UA,1931,cyclone,historical,0.009416872266666666,0.063601196,0.0,24
UA,1932,cyclone,historical,0.005357143291666667,0.026403248,0.0,24
UA,1933,cyclone,historical,0.0119560530125,0.05920983,0.0,24
UA,1934,cyclone,historical,0.007210467225,0.041475303,0.0,24
UA,1935,cyclone,historical,0.01369487202625,0.07048862,0.0,24
UA,1936,cyclone,historical,0.006804821691666667,0.067453355,0.0,24
UA,1937,cyclone,historical,0.015545843666666668,0.05967339,0.0,24
UA,1938,cyclone,historical,0.010108221691666667,0.044800155,0.0,24
UA,1939,cyclone,historical,0.0168803682225,0.072963074,0.0,24
UA,1940,cyclone,historical,0.010225022179166666,0.05494058,0.0,24
UA,1941,cyclone,historical,0.0120379608875,0.049688295,0.0,24
UA,1942,cyclone,historical,0.010964051708333334,0.08440287,0.0,24
UA,1943,cyclone,historical,0.0053827388958333335,0.033095635,0.0,24
UA,1944,cyclone,historical,0.020613917145833334,0.07503557,0.0,24
UA,1945,cyclone,historical,0.015117641617083332,0.08458494,0.0,24
UA,1946,cyclone,historical,0.011893842210833333,0.06343208,0.0,24
UA,1947,cyclone,historical,0.01583313471875,0.07831991,0.0,24
UA,1948,cyclone,historical,0.008475116275,0.050884195,0.0,24
UA,1949,cyclone,historical,0.010662667604166667,0.060252026,0.0,24
UA,1950,cyclone,historical,0.006958440225,0.057431787,0.0,24
UA,1951,cyclone,historical,0.0051073224125,0.032601282,0.0,24
UA,1952,cyclone,historical,0.011608048208333333,0.07211107,0.0,24
UA,1953,cyclone,historical,0.01185441325,0.08353086,0.0,24
UA,1954,cyclone,historical,0.015184827272708333,0.06570664,0.0,24
UA,1955,cyclone,historical,0.009191341,0.05507457,0.0,24
UA,1956,cyclone,historical,0.006095935854166667,0.03840276,0.0,24
UA,1957,cyclone,historical,0.0070083480166666665,0.05776622,0.0,24
UA,1958,cyclone,historical,0.014951451016666666,0.0818733,0.0,24
UA,1959,cyclone,historical,0.006115948826666668,0.06391834,0.0,24
UA,1960,cyclone,historical,0.01459744675,0.08657099,0.0,24
UA,1961,cyclone,historical,0.025043148620833334,0.081520766,0.0,24
UA,1962,cyclone,historical,0.007419857508333333,0.061879333,0.0,24
UA,1963,cyclone,historical,0.005499967433333333,0.03893493,0.0,24
UA,1964,cyclone,historical,0.014309299971,0.043337632,0.0,24
UA,1965,cyclone,historical,0.019989145622083333,0.07519874,0.0,24
UA,1966,cyclone,historical,0.0115856714875,0.07705134,0.0,24
UA,1967,cyclone,historical,0.0091995578425,0.04169195,0.0,24
UA,1968,cyclone,historical,0.012322483220833333,0.041040383,0.0,24
UA,1969,cyclone,historical,0.018497287408333334,0.08572815,0.0,24
UA,1970,cyclone,historical,0.015285655983333334,0.08461303,0.0,24
UA,1971,cyclone,historical,0.008929566658333334,0.07501721,0.0,24
UA,1972,cyclone,historical,0.0036687047583333333,0.027125593,0.0,24
UA,1973,cyclone,historical,0.010699777902083332,0.051027637,0.0,24
UA,1974,cyclone,historical,0.0070970769458333334,0.034960393,0.0,24
UA,1975,cyclone,historical,0.014066401020833334,0.06250011,0.0,24
UA,1976,cyclone,historical,0.0036676915941666667,0.027833354,0.0,24
UA,1977,cyclone,historical,0.0035683372833333333,0.023180505,0.0,24
UA,1978,cyclone,historical,0.010402131258333334,0.045563564,0.0,24
UA,1979,cyclone,historical,0.0036647652208333333,0.029742148,0.0,24
UA,1980,cyclone,historical,0.007611238720833333,0.03634404,0.0,24
UA,1981,cyclone,historical,0.009970935575000001,0.07441588,0.0,24
UA,1982,cyclone,historical,0.00492639787375,0.03453736,0.0,24
UA,1983,cyclone,historical,0.02053778325,0.070811704,0.0,24
UA,1984,cyclone,historical,0.006244567625,0.044566214,0.0,24
UA,1985,cyclone,historical,0.016844372029166665,0.07542889,0.0,24
UA,1986,cyclone,historical,0.007969002333333334,0.05060325,0.0,24
UA,1987,cyclone,historical,0.008120346666666667,0.04431607,0.0,24
UA,1988,cyclone,historical,0.012265675783333332,0.051387735,0.0,24
UA,1989,cyclone,historical,0.0073223267083333335,0.038024567,0.0,24
UA,1990,cyclone,historical,0.008886749955,0.0512062,0.0,24
UA,1991,cyclone,historical,0.010638929654166665,0.06834859,0.0,24
UA,1992,cyclone,historical,0.010641720708333335,0.056223735,0.0,24
UA,1993,cyclone,historical,0.012065447204166668,0.055902272,0.0,24
UA,1994,cyclone,historical,0.011441001864583333,0.061659984,0.0,24
UA,1995,cyclone,historical,0.0029918411458333335,0.019451525,0.0,24
UA,1996,cyclone,historical,0.029770151392916666,0.09438931,0.0,24
UA,1997,cyclone,historical,0.0118326108625,0.04123326,0.0,24
UA,1998,cyclone,historical,0.005975735812500001,0.042227365,0.0,24
UA,1999,cyclone,historical,0.0157410405325,0.06703518,0.0,24
UA,2000,cyclone,historical,0.016097632932916665,0.0899315,0.0,24
UA,2001,cyclone,historical,0.004784598173750001,0.040905856,0.0,24
UA,2002,cyclone,historical,0.020231784933333333,0.09487907,0.0,24
UA,2003,cyclone,historical,0.009093236283333334,0.06439621,0.0,24
UA,2004,cyclone,historical,0.01814179755,0.08771907,0.0,24
UA,2005,cyclone,historical,0.015324724441666666,0.064731985,0.0,24
UA,2006,cyclone,historical,0.01572674556666667,0.047813002,0.0,24
UA,2007,cyclone,historical,0.011225612250000001,0.05927629,0.0,24
UA,2008,cyclone,historical,0.006604413416666666,0.030342663,0.0,24
UA,2009,cyclone,historical,0.0101161344125,0.058109835,0.0,24
UA,2010,cyclone,historical,0.0067686009375,0.03124249,0.0,24
UA,2011,cyclone,historical,0.006902915695833334,0.043600205,0.0,24
UA,2012,cyclone,historical,0.010124520083333333,0.046142742,0.0,24
UA,2013,cyclone,historical,0.0087257813875,0.04953783,0.0,24
UA,2014,cyclone,historical,0.009526187958333333,0.045437142,0.0,24
VN,1850,cyclone,historical,0.16407598207666665,0.44726154,0.0,60
VN,1851,cyclone,historical,0.19804552326833333,0.4551428,0.0,60
VN,1852,cyclone,historical,0.19175515315,0.4645276,0.0,60
VN,1853,cyclone,historical,0.20046154567333332,0.49118063,0.0,60
VN,1854,cyclone,historical,0.18504590250716665,0.4443252,0.0,60
VN,1855,cyclone,historical,0.153218977465,0.45366955,0.0,60
VN,1856,cyclone,historical,0.17829228913886666,0.49728382,0.0,60
VN,1857,cyclone,historical,0.19250432296666667,0.511462,0.0,60
VN,1858,cyclone,historical,0.18492995277833335,0.47633994,0.0,60
VN,1859,cyclone,historical,0.19511059498616667,0.41606987,0.0,60
VN,1860,cyclone,historical,0.18564474466033334,0.41921473,0.0,60
VN,1861,cyclone,historical,0.16026041172666666,0.42134166,0.0,60
VN,1862,cyclone,historical,0.19303283282166667,0.4999171,0.0,60
VN,1863,cyclone,historical,0.21871620703666667,0.5132191,0.0,60
VN,1864,cyclone,historical,0.19173287581333334,0.43605784,0.0,60
VN,1865,cyclone,historical,0.18071339381833335,0.44910285,0.0,60
VN,1866,cyclone,historical,0.17958091172833335,0.49377006,0.0,60
VN,1867,cyclone,historical,0.19272635394999998,0.52155185,0.0,60
VN,1868,cyclone,historical,0.21607672327166666,0.50058156,0.0,60
VN,1869,cyclone,historical,0.17748970708333334,0.41565096,0.0,60
VN,1870,cyclone,historical,0.17911597385333333,0.4635284,0.0,60
VN,1871,cyclone,historical,0.19403840350166668,0.46159565,0.0,60
VN,1872,cyclone,historical,0.19396184231333333,0.5086844,0.0,60
VN,1873,cyclone,historical,0.21083302650333333,0.40406162,0.0,60
VN,1874,cyclone,historical,0.16874675326833335,0.46123022,0.0,60
VN,1875,cyclone,historical,0.15928134871833333,0.460957,0.0,60
VN,1876,cyclone,historical,0.205635694235,0.49651268,0.0,60
VN,1877,cyclone,historical,0.20013541016666667,0.40078986,0.0,60
VN,1878,cyclone,historical,0.18620685720500002,0.41662562,0.0,60
VN,1879,cyclone,historical,0.17222306082166666,0.43910384,0.0,60
VN,1880,cyclone,historical,0.196896689995,0.47649536,0.0,60
VN,1881,cyclone,historical,0.20581106412833333,0.46817535,0.0,60
VN,1882,cyclone,historical,0.182818169685,0.43337077,0.0,60
VN,1883,cyclone,historical,0.1481313276283333,0.37563747,0.0,60
VN,1884,cyclone,historical,0.16070652877,0.4413205,0.0,60
VN,1885,cyclone,historical,0.18361002829366668,0.43503475,0.0,60
VN,1886,cyclone,historical,0.19423188388666668,0.49320632,0.0,60
VN,1887,cyclone,historical,0.18164750371833333,0.4006522,0.0,60
VN,1888,cyclone,historical,0.15493867595866667,0.36969292,0.0,60
VN,1889,cyclone,historical,0.165077693995,0.4035009,0.0,60
VN,1890,cyclone,historical,0.1938886689,0.45676547,0.0,60
VN,1891,cyclone,historical,0.18699204805,0.4977761,0.0,60
VN,1892,cyclone,historical,0.20323580446499998,0.5014728,0.0,60
VN,1893,cyclone,historical,0.18457913731666667,0.41981134,0.0,60
VN,1894,cyclone,historical,0.16859918532,0.44890496,0.0,60
VN,1895,cyclone,historical,0.20925074940000002,0.536715,0.0,60
VN,1896,cyclone,historical,0.20970615262833334,0.45113218,0.0,60
VN,1897,cyclone,historical,0.16048745185,0.39553297,0.0,60
VN,1898,cyclone,historical,0.1586969252225,0.43647045,0.0,60
VN,1899,cyclone,historical,0.20124520143333333,0.5182167,0.0,60
VN,1900,cyclone,historical,0.19696638341166667,0.45559278,0.0,60
VN,1901,cyclone,historical,0.18895135542166666,0.5368039,0.0,60
VN,1902,cyclone,historical,0.1976632807,0.47467017,0.0,60
VN,1903,cyclone,historical,0.15977950737333335,0.3807262,0.0,60
VN,1904,cyclone,historical,0.16794557463600002,0.48224276,0.0,60
VN,1905,cyclone,historical,0.14738538829833334,0.4368431,0.0,60
VN,1906,cyclone,historical,0.189046203075,0.44117153,0.0,60
VN,1907,cyclone,historical,0.18212395248333332,0.43746266,0.0,60
VN,1908,cyclone,historical,0.15802137654999998,0.45729253,0.0,60
VN,1909,cyclone,historical,0.2038144748,0.4823759,0.0,60
VN,1910,cyclone,historical,0.1954293048,0.46396434,0.0,60
VN,1911,cyclone,historical,0.17590589000833334,0.47376016,0.0,60
VN,1912,cyclone,historical,0.19209199325833334,0.5034321,0.0,60
VN,1913,cyclone,historical,0.19427098620333333,0.4377161,0.0,60
VN,1914,cyclone,historical,0.21353049170333332,0.5024053,0.0,60
VN,1915,cyclone,historical,0.20170418621,0.44534773,0.0,60
VN,1916,cyclone,historical,0.18760404242666665,0.43750206,0.0,60
VN,1917,cyclone,historical,0.15764106600666666,0.48456502,0.0,60
VN,1918,cyclone,historical,0.16598658058950003,0.427123,0.0,60
VN,1919,cyclone,historical,0.20338091483999998,0.5258409,0.0,60
VN,1920,cyclone,historical,0.19516410185166666,0.46740305,0.0,60
VN,1921,cyclone,historical,0.17387576057333334,0.41988254,0.0,60
VN,1922,cyclone,historical,0.16587065999166667,0.4851597,0.0,60
VN,1923,cyclone,historical,0.20758612258466666,0.45872375,0.0,60
VN,1924,cyclone,historical,0.16196986710166666,0.37680057,0.0,60
VN,1925,cyclone,historical,0.18112592487333334,0.48282516,0.0,60
VN,1926,cyclone,historical,0.176675720175,0.43390003,0.0,60
VN,1927,cyclone,historical,0.20761006581666666,0.48863328,0.0,60
VN,1928,cyclone,historical,0.20502485783121666,0.44442967,0.0,60
VN,1929,cyclone,historical,0.18381228718533332,0.41719532,0.0,60
VN,1930,cyclone,historical,0.18777361138499998,0.49608538,0.0,60
VN,1931,cyclone,historical,0.20885419604,0.5552558,0.0,60
VN,1932,cyclone,historical,0.22120809286166668,0.5004227,0.0,60
VN,1933,cyclone,historical,0.198084877705,0.45384622,0.0,60
VN,1934,cyclone,historical,0.17001044497666667,0.45243704,0.0,60
VN,1935,cyclone,historical,0.22297811885833332,0.5426338,0.0,60
VN,1936,cyclone,historical,0.210811218095,0.4452935,0.0,60
VN,1937,cyclone,historical,0.17250216216133335,0.4285938,0.0,60
VN,1938,cyclone,historical,0.202292541475,0.46154785,0.0,60
VN,1939,cyclone,historical,0.2219060528,0.52650243,0.0,60
VN,1940,cyclone,historical,0.19779833791333334,0.48999876,0.0,60
VN,1941,cyclone,historical,0.19711208093500002,0.47519106,0.0,60
VN,1942,cyclone,historical,0.20713881085,0.47764555,0.0,60
VN,1943,cyclone,historical,0.18232718940666667,0.4393233,0.0,60
VN,1944,cyclone,historical,0.22763418240666666,0.5260886,0.0,60
VN,1945,cyclone,historical,0.19232397577166666,0.4889897,0.0,60
VN,1946,cyclone,historical,0.17720824813166666,0.436464,0.0,60
VN,1947,cyclone,historical,0.21829830324166666,0.4919734,0.0,60
VN,1948,cyclone,historical,0.22734294523666668,0.44537413,0.0,60
VN,1949,cyclone,historical,0.192977166875,0.48490676,0.0,60
VN,1950,cyclone,historical,0.16512304473233333,0.43405405,0.0,60
VN,1951,cyclone,historical,0.21450958282166666,0.5163387,0.0,60
VN,1952,cyclone,historical,0.21372995767833333,0.4841009,0.0,60
VN,1953,cyclone,historical,0.175236831854,0.4147935,0.0,60
VN,1954,cyclone,historical,0.16399481593333334,0.41960233,0.0,60
VN,1955,cyclone,historical,0.2086632407,0.47241932,0.0,60
VN,1956,cyclone,historical,0.20161918385,0.4616838,0.0,60
VN,1957,cyclone,historical,0.227831485635,0.5259292,0.0,60
VN,1958,cyclone,historical,0.18751002795933333,0.3812855,0.0,60
VN,1959,cyclone,historical,0.16202135292666667,0.39113402,0.0,60
VN,1960,cyclone,historical,0.21733528115,0.49968296,0.0,60
VN,1961,cyclone,historical,0.22678212866666667,0.49498016,0.0,60
VN,1962,cyclone,historical,0.21261973664183334,0.456836,0.0,60
VN,1963,cyclone,historical,0.15654037317333333,0.3953916,0.0,60
VN,1964,cyclone,historical,0.17169830407666667,0.4630735,0.0,60
VN,1965,cyclone,historical,0.21307163813333335,0.4888713,0.0,60
VN,1966,cyclone,historical,0.18139591847166667,0.4394433,0.0,60
VN,1967,cyclone,historical,0.16355130336716667,0.46529663,0.0,60
VN,1968,cyclone,historical,0.19587981409433333,0.4824444,0.0,60
VN,1969,cyclone,historical,0.20492156683366666,0.49528986,0.0,60
VN,1970,cyclone,historical,0.19663274623333335,0.42971572,0.0,60
VN,1971,cyclone,historical,0.18105123679833335,0.48334822,0.0,60
VN,1972,cyclone,historical,0.15598320030666668,0.3826027,0.0,60
VN,1973,cyclone,historical,0.208050770055,0.49255392,0.0,60
VN,1974,cyclone,historical,0.17513847139933333,0.45652717,0.0,60
VN,1975,cyclone,historical,0.1674416868893333,0.43235245,0.0,60
VN,1976,cyclone,historical,0.16619627765833334,0.3882196,0.0,60
VN,1977,cyclone,historical,0.20176248751365,0.44318622,0.0,60
VN,1978,cyclone,historical,0.18085899033166666,0.4673286,0.0,60
VN,1979,cyclone,historical,0.201748770499,0.50878155,0.0,60
VN,1980,cyclone,historical,0.22091190146666667,0.4340496,0.0,60
VN,1981,cyclone,historical,0.20869572075333334,0.46382463,0.0,60
VN,1982,cyclone,historical,0.18969166793416667,0.41572237,0.0,60
VN,1983,cyclone,historical,0.16065083366333335,0.338593,0.0,60
VN,1984,cyclone,historical,0.17556995033333334,0.5046544,0.0,60
VN,1985,cyclone,historical,0.22944877105166667,0.47911492,0.0,60
VN,1986,cyclone,historical,0.18007170806666667,0.39983976,0.0,60
VN,1987,cyclone,historical,0.17997353443666667,0.41517568,0.0,60
VN,1988,cyclone,historical,0.20526585585,0.4457729,0.0,60
VN,1989,cyclone,historical,0.20099713892833335,0.46533474,0.0,60
VN,1990,cyclone,historical,0.18312952994333334,0.39903787,0.0,60
VN,1991,cyclone,historical,0.1916965655355,0.38524112,0.0,60
VN,1992,cyclone,historical,0.15508456682333333,0.41142455,0.0,60
VN,1993,cyclone,historical,0.19259669526166664,0.47715718,0.0,60
VN,1994,cyclone,historical,0.22018754609333333,0.49008176,0.0,60
VN,1995,cyclone,historical,0.18939055043333333,0.41438872,0.0,60
VN,1996,cyclone,historical,0.17702917059333334,0.4818098,0.0,60
VN,1997,cyclone,historical,0.21790055500333333,0.5508155,0.0,60
VN,1998,cyclone,historical,0.21773542485833333,0.4703799,0.0,60
VN,1999,cyclone,historical,0.1792005234645,0.41580087,0.0,60
VN,2000,cyclone,historical,0.18891677074000002,0.4465525,0.0,60
VN,2001,cyclone,historical,0.20616392840166667,0.48498064,0.0,60
VN,2002,cyclone,historical,0.23746612642976667,0.5633624,0.0,60
VN,2003,cyclone,historical,0.220857963705,0.43143824,0.0,60
VN,2004,cyclone,historical,0.194403596885,0.43532926,0.0,60
VN,2005,cyclone,historical,0.18720600829333334,0.46055862,0.0,60
VN,2006,cyclone,historical,0.21269859214666667,0.50723755,0.0,60
VN,2007,cyclone,historical,0.21107716402666668,0.48550886,0.0,60
VN,2008,cyclone,historical,0.21176044555333334,0.47732168,0.0,60
VN,2009,cyclone,historical,0.23469730941,0.5476646,0.0,60
VN,2010,cyclone,historical,0.22542426414166666,0.4784665,0.0,60
VN,2011,cyclone,historical,0.21827345510108334,0.43933475,0.0,60
VN,2012,cyclone,historical,0.201005337155,0.43307608,0.0,60
VN,2013,cyclone,historical,0.20629095129333336,0.4767246,0.0,60
VN,2014,cyclone,historical,0.214281745845,0.4498595,0.0,60
VU,1850,cyclone,historical,0.12429805957916668,0.29234248,0.0,48
VU,1851,cyclone,historical,0.13822863059166665,0.37446624,0.0,48
VU,1852,cyclone,historical,0.1310022124398875,0.35889864,0.0,48
VU,1853,cyclone,historical,0.12767637056666667,0.35518867,0.0,48
VU,1854,cyclone,historical,0.15448512194791666,0.36702418,0.0,48
VU,1855,cyclone,historical,0.137466881894875,0.3406504,0.0,48
VU,1856,cyclone,historical,0.11304111606979167,0.34445417,0.0,48
VU,1857,cyclone,historical,0.13999495740416665,0.30203104,0.0,48
VU,1858,cyclone,historical,0.13282211179166667,0.36738327,0.0,48
VU,1859,cyclone,historical,0.15036508373333332,0.4134454,0.0,48
VU,1860,cyclone,historical,0.14034709990083333,0.303514,0.0,48
VU,1861,cyclone,historical,0.13638617087083335,0.33937302,0.0,48
VU,1862,cyclone,historical,0.12095586578541667,0.35351962,0.0,48
VU,1863,cyclone,historical,0.12262251704166667,0.3428496,0.0,48
VU,1864,cyclone,historical,0.15008751191041667,0.3461489,0.0,48
VU,1865,cyclone,historical,0.14427679697770834,0.36443576,0.0,48
VU,1866,cyclone,historical,0.1308618656303125,0.35098916,0.0,48
VU,1867,cyclone,historical,0.11336648049166666,0.332462,0.0,48
VU,1868,cyclone,historical,0.14004408315270833,0.33194625,0.0,48
VU,1869,cyclone,historical,0.13978282248583332,0.34858286,0.0,48
VU,1870,cyclone,historical,0.14846780382916666,0.3497755,0.0,48
VU,1871,cyclone,historical,0.10976733006875,0.31950685,0.0,48
VU,1872,cyclone,historical,0.11597621055916667,0.34352165,0.0,48
VU,1873,cyclone,historical,0.13129944335625,0.35011852,0.0,48
VU,1874,cyclone,historical,0.16320481031814585,0.3244599,0.0,48
VU,1875,cyclone,historical,0.12641705952791668,0.31897646,0.0,48
VU,1876,cyclone,historical,0.13468113681041666,0.31672475,0.0,48
VU,1877,cyclone,historical,0.14209061785420832,0.33914617,0.0,48
VU,1878,cyclone,historical,0.14089100979166666,0.301448,0.0,48
VU,1879,cyclone,historical,0.14175441944166667,0.33330667,0.0,48
VU,1880,cyclone,historical,0.12855038355208334,0.32122862,0.0,48
VU,1881,cyclone,historical,0.13756426300833333,0.37712538,0.0,48
VU,1882,cyclone,historical,0.14040495320833332,0.33871192,0.0,48
VU,1883,cyclone,historical,0.15323195122291666,0.3424525,0.0,48
VU,1884,cyclone,historical,0.12598107511333334,0.3322506,0.0,48
VU,1885,cyclone,historical,0.09131479290416666,0.33011264,0.0,48
VU,1886,cyclone,historical,0.13116674185625,0.3350179,0.0,48
VU,1887,cyclone,historical,0.15261804295416667,0.3383424,0.0,48
VU,1888,cyclone,historical,0.15061849506041666,0.32877997,0.0014241652,48
VU,1889,cyclone,historical,0.15925638935833333,0.3583765,0.0,48
VU,1890,cyclone,historical,0.14650629634791668,0.32812554,0.0,48
VU,1891,cyclone,historical,0.11016143817020833,0.33284318,0.0,48
VU,1892,cyclone,historical,0.13093044681708335,0.33525512,0.0,48
VU,1893,cyclone,historical,0.16056543311250002,0.38565645,0.0,48
VU,1894,cyclone,historical,0.12406208206250001,0.34489036,0.0,48
VU,1895,cyclone,historical,0.12441150197708334,0.36569044,0.0,48
VU,1896,cyclone,historical,0.14282949672708334,0.33373123,0.0,48
VU,1897,cyclone,historical,0.13661457738958335,0.34307283,0.0,48
VU,1898,cyclone,historical,0.11946166480416666,0.3412376,0.0,48
VU,1899,cyclone,historical,0.11665434653541668,0.32626557,0.0,48
VU,1900,cyclone,historical,0.11169582785458333,0.36065778,0.0,48
VU,1901,cyclone,historical,0.12948252886270833,0.34700862,0.0,48
VU,1902,cyclone,historical,0.1266775660125,0.3193606,0.0,48
VU,1903,cyclone,historical,0.14128805918958334,0.37464547,0.0,48
VU,1904,cyclone,historical,0.14532017318749998,0.33371487,0.0,48
VU,1905,cyclone,historical,0.14398379678104167,0.35869265,0.0,48
VU,1906,cyclone,historical,0.13730402553,0.32800692,0.0,48
VU,1907,cyclone,historical,0.13045081122083332,0.35291418,0.0,48
VU,1908,cyclone,historical,0.137207044294375,0.39301613,0.0,48
VU,1909,cyclone,historical,0.13295196086166666,0.34633845,0.0,48
VU,1910,cyclone,historical,0.14459731667125,0.35129648,0.0,48
VU,1911,cyclone,historical,0.1246907026675,0.32253265,0.0,48
VU,1912,cyclone,historical,0.14266603688124999,0.355306,0.0,48
VU,1913,cyclone,historical,0.12001335262291667,0.3528947,0.0,48
VU,1914,cyclone,historical,0.13594389159583334,0.30849898,0.0,48
VU,1915,cyclone,historical,0.13129547633541666,0.36816055,0.0,48
VU,1916,cyclone,historical,0.14070230443958334,0.3546855,0.0,48
VU,1917,cyclone,historical,0.1267654110875,0.32406682,0.0,48
VU,1918,cyclone,historical,0.12161097362083334,0.3617543,0.0,48
VU,1919,cyclone,historical,0.14356876816458333,0.3552377,0.0,48
VU,1920,cyclone,historical,0.14816957632291666,0.41605145,0.0,48
VU,1921,cyclone,historical,0.15154197480208334,0.34359264,0.0,48
VU,1922,cyclone,historical,0.15081865416875,0.3419481,0.0,48
VU,1923,cyclone,historical,0.14260534458333332,0.35077232,0.0,48
VU,1924,cyclone,historical,0.16629997824375,0.3467632,0.0,48
VU,1925,cyclone,historical,0.16964494489256252,0.37122446,0.0,48
VU,1926,cyclone,historical,0.13616791866729167,0.3836325,0.0,48
VU,1927,cyclone,historical,0.14199303549583334,0.37326217,0.0,48
VU,1928,cyclone,historical,0.16985053380208334,0.36842656,0.0,48
VU,1929,cyclone,historical,0.15184890763333334,0.33607996,0.0,48
VU,1930,cyclone,historical,0.15361264541041666,0.39382628,0.0,48
VU,1931,cyclone,historical,0.1206733621,0.3565123,0.0,48
VU,1932,cyclone,historical,0.16508530040416666,0.39451537,0.0,48
VU,1933,cyclone,historical,0.14960225808541666,0.3761918,0.0,48
VU,1934,cyclone,historical,0.11931525690208333,0.3391248,0.0,48
VU,1935,cyclone,historical,0.1140775093875,0.3410688,0.0,48
VU,1936,cyclone,historical,0.14651937851458333,0.3888514,0.0,48
VU,1937,cyclone,historical,0.15195528676041667,0.35611814,0.0,48
VU,1938,cyclone,historical,0.12450328792083333,0.35161287,0.0,48
VU,1939,cyclone,historical,0.15886107128541668,0.33410406,0.0,48
VU,1940,cyclone,historical,0.15788135368916667,0.39894974,0.0,48
VU,1941,cyclone,historical,0.156524187595,0.37271577,0.0,48
VU,1942,cyclone,historical,0.14069675989895833,0.3521809,0.0,48
VU,1943,cyclone,historical,0.14356974567916667,0.3764426,0.0,48
VU,1944,cyclone,historical,0.11119684962083333,0.32971302,0.0,48
VU,1945,cyclone,historical,0.16270736464583332,0.4018306,0.0,48
VU,1946,cyclone,historical,0.12437715076604167,0.40807986,0.0,48
VU,1947,cyclone,historical,0.13656622424075002,0.36629894,0.0,48
VU,1948,cyclone,historical,0.153738580048125,0.35377136,0.0,48
VU,1949,cyclone,historical,0.17870241498541664,0.35302624,0.0,48
VU,1950,cyclone,historical,0.132316662553125,0.36264247,0.0,48
VU,1951,cyclone,historical,0.1068942604423125,0.34120464,0.0,48
VU,1952,cyclone,historical,0.13108292371729166,0.36131123,0.0,48
VU,1953,cyclone,historical,0.13819708431041666,0.3501735,0.0,48
VU,1954,cyclone,historical,0.14226535682916666,0.35783935,0.0,48
VU,1955,cyclone,historical,0.12631527082291666,0.34986305,0.0,48
VU,1956,cyclone,historical,0.12012844184645832,0.35055566,0.0,48
VU,1957,cyclone,historical,0.13954341267416667,0.36536825,0.0,48
VU,1958,cyclone,historical,0.14902970004583335,0.3645761,0.0,48
VU,1959,cyclone,historical,0.13371543446145834,0.35347396,0.0,48
VU,1960,cyclone,historical,0.11398397111812501,0.371116,0.0,48
VU,1961,cyclone,historical,0.1470200379375,0.36965424,0.0,48
VU,1962,cyclone,historical,0.16528749960416667,0.37857413,0.0,48
VU,1963,cyclone,historical,0.16636799042283332,0.31290215,7.6178796e-05,48
VU,1964,cyclone,historical,0.12112801385833333,0.35519627,0.0,48
VU,1965,cyclone,historical,0.15840387754791665,0.34532255,0.0,48
VU,1966,cyclone,historical,0.158118935743125,0.35015738,0.0,48
VU,1967,cyclone,historical,0.127491481649375,0.35060912,0.0,48
VU,1968,cyclone,historical,0.1306710511125,0.32262403,0.0,48
VU,1969,cyclone,historical,0.12705369579375,0.36082387,0.0,48
VU,1970,cyclone,historical,0.15602035889166666,0.35353908,0.0,48
VU,1971,cyclone,historical,0.1627491699375,0.35963625,0.0,48
VU,1972,cyclone,historical,0.12704997641458335,0.3582773,0.0,48
VU,1973,cyclone,historical,0.14355145268179167,0.32822,0.0,48
VU,1974,cyclone,historical,0.14493258657166666,0.36446518,0.0,48
VU,1975,cyclone,historical,0.13719920152291668,0.35997948,0.0,48
VU,1976,cyclone,historical,0.12930976134166666,0.3986627,0.0,48
VU,1977,cyclone,historical,0.13858775715000002,0.3308464,0.0,48
VU,1978,cyclone,historical,0.1447490916525,0.36818492,0.0,48
VU,1979,cyclone,historical,0.13961550248750002,0.3667885,0.0,48
VU,1980,cyclone,historical,0.12433379067020833,0.37656194,0.0,48
VU,1981,cyclone,historical,0.15302695280145834,0.30624554,0.0,48
VU,1982,cyclone,historical,0.15888786422291667,0.385242,0.0,48
VU,1983,cyclone,historical,0.15390184186958333,0.3390075,0.0,48
VU,1984,cyclone,historical,0.11612637168124999,0.3755805,0.0,48
VU,1985,cyclone,historical,0.16041349576666666,0.35136414,0.0,48
VU,1986,cyclone,historical,0.14919889173333334,0.36504963,0.0,48
VU,1987,cyclone,historical,0.16265656442375,0.3566207,0.0,48
VU,1988,cyclone,historical,0.13893709274416668,0.37471557,0.0,48
VU,1989,cyclone,historical,0.13534548669166666,0.35253397,0.0,48
VU,1990,cyclone,historical,0.170006627825,0.366368,0.0,48
VU,1991,cyclone,historical,0.14815320933958334,0.38613325,0.0,48
VU,1992,cyclone,historical,0.12731196735833333,0.3532776,0.0,48
VU,1993,cyclone,historical,0.11445030045791667,0.34081638,0.0,48
VU,1994,cyclone,historical,0.17586830543124998,0.3844074,0.0,48
VU,1995,cyclone,historical,0.15772975639375,0.38171098,0.0,48
VU,1996,cyclone,historical,0.13933682626041666,0.35768995,0.0,48
VU,1997,cyclone,historical,0.13646764085,0.36181626,0.0,48
VU,1998,cyclone,historical,0.17577016504166665,0.3568035,0.0,48
VU,1999,cyclone,historical,0.1813404269683125,0.37335616,0.0,48
VU,2000,cyclone,historical,0.15909769371750002,0.42336655,0.0,48
VU,2001,cyclone,historical,0.12008696065645834,0.34257275,0.0,48
VU,2002,cyclone,historical,0.20894039856250002,0.39641055,0.0,48
VU,2003,cyclone,historical,0.18060241954791667,0.4204618,0.0,48
VU,2004,cyclone,historical,0.16891978466041668,0.39036167,0.0,48
VU,2005,cyclone,historical,0.14599130064583335,0.36792278,0.0,48
VU,2006,cyclone,historical,0.165975741093125,0.38976923,0.0,48
VU,2007,cyclone,historical,0.16640948169791667,0.39648837,0.0,48
VU,2008,cyclone,historical,0.15884589321458334,0.4028603,0.0,48
VU,2009,cyclone,historical,0.13421736025729167,0.40407136,0.0,48
VU,2010,cyclone,historical,0.15558746067083332,0.38134485,0.0,48
VU,2011,cyclone,historical,0.19694745931250002,0.4350472,0.0,48
VU,2012,cyclone,historical,0.16647176083854168,0.3703362,0.0,48
VU,2013,cyclone,historical,0.1433978543673125,0.3697337,0.0,48
VU,2014,cyclone,historical,0.17704117001875,0.41102245,0.0,48
YE,1850,cyclone,historical,0.21218989652958334,0.66181403,0.0,96
YE,1851,cyclone,historical,0.2165902206489583,0.6582415,0.0,96
YE,1852,cyclone,historical,0.24037814870833332,0.6897137,0.0,96
YE,1853,cyclone,historical,0.227910585996875,0.66644543,0.0,96
YE,1854,cyclone,historical,0.22943572459895833,0.64298177,0.0,96
YE,1855,cyclone,historical,0.18432591123020833,0.5990021,0.0,96
YE,1856,cyclone,historical,0.22511216817708335,0.63479286,0.0,96
YE,1857,cyclone,historical,0.233975825396875,0.6771285,0.0,96
YE,1858,cyclone,historical,0.22603769041666666,0.64227015,0.0,96
YE,1859,cyclone,historical,0.216617666434375,0.6405462,0.0,96
YE,1860,cyclone,historical,0.17519306380083333,0.5682712,0.0,96
YE,1861,cyclone,historical,0.18384881633270833,0.6501789,0.0,96
YE,1862,cyclone,historical,0.23712392503125002,0.6966707,0.0,96
YE,1863,cyclone,historical,0.23234679524479165,0.6565531,0.0,96
YE,1864,cyclone,historical,0.20264373792708334,0.6207066,0.0,96
YE,1865,cyclone,historical,0.20600224283854165,0.6336568,0.0,96
YE,1866,cyclone,historical,0.21267307533229166,0.6634206,0.0,96
YE,1867,cyclone,historical,0.22816794856666667,0.6659215,0.0,96
YE,1868,cyclone,historical,0.23617463236979166,0.656401,0.0,96
YE,1869,cyclone,historical,0.20763347064270832,0.6517965,0.0,96
YE,1870,cyclone,historical,0.20883159738520832,0.60139775,0.0,96
YE,1871,cyclone,historical,0.23593149564583335,0.6630699,0.0,96
YE,1872,cyclone,historical,0.25275508644166667,0.7045142,0.0,96
YE,1873,cyclone,historical,0.22224103317708332,0.62449676,0.0,96
YE,1874,cyclone,historical,0.18549455700729167,0.58294195,0.0,96
YE,1875,cyclone,historical,0.22198521764583334,0.66622734,0.0,96
YE,1876,cyclone,historical,0.24396824728645836,0.644048,0.0,96
YE,1877,cyclone,historical,0.21531912020833333,0.6004952,0.0,96
YE,1878,cyclone,historical,0.18389078171041665,0.56494457,0.0,96
YE,1879,cyclone,historical,0.20866449218645833,0.6164605,0.0,96
YE,1880,cyclone,historical,0.24580185104375,0.6891838,0.0,96
YE,1881,cyclone,historical,0.24328458001145833,0.6765625,0.0,96
YE,1882,cyclone,historical,0.20581448964583335,0.62623274,0.0,96
YE,1883,cyclone,historical,0.17454822670416667,0.5820613,0.0,96
YE,1884,cyclone,historical,0.19540992178333336,0.5633378,0.0,96
YE,1885,cyclone,historical,0.21789454550666665,0.64937663,0.0,96
YE,1886,cyclone,historical,0.25846307503964583,0.69919294,0.0,96
YE,1887,cyclone,historical,0.219156379875,0.62982655,0.0,96
YE,1888,cyclone,historical,0.18997897296145835,0.6141136,0.0,96
YE,1889,cyclone,historical,0.19376626439375,0.6308742,0.0,96
YE,1890,cyclone,historical,0.2383566076510417,0.7068081,0.0,96
YE,1891,cyclone,historical,0.24365425485416667,0.6943655,0.0,96
YE,1892,cyclone,historical,0.23444388993020834,0.6631358,0.0,96
YE,1893,cyclone,historical,0.22193117473958335,0.6516569,0.0,96
YE,1894,cyclone,historical,0.21191804503125,0.6771483,0.0,96
YE,1895,cyclone,historical,0.2533940498958333,0.7001884,0.0,96
YE,1896,cyclone,historical,0.237821066078125,0.6234112,0.0,96
YE,1897,cyclone,historical,0.20909029264583334,0.6285289,0.0,96
YE,1898,cyclone,historical,0.22426903447291668,0.6452097,0.0,96
YE,1899,cyclone,historical,0.241807772,0.63724947,0.0,96
YE,1900,cyclone,historical,0.24898903045833332,0.662625,0.0,96
YE,1901,cyclone,historical,0.22682534408333332,0.6376881,0.0,96
YE,1902,cyclone,historical,0.25078658455520836,0.68093795,0.0,96
YE,1903,cyclone,historical,0.194508177246875,0.6121114,0.0,96
YE,1904,cyclone,historical,0.19533658382291666,0.602718,0.0,96
YE,1905,cyclone,historical,0.2174571271215625,0.6097428,0.0,96
YE,1906,cyclone,historical,0.23318775696322916,0.6441086,0.0,96
YE,1907,cyclone,historical,0.22405640916208333,0.6474554,0.0,96
YE,1908,cyclone,historical,0.22061957568020832,0.65925056,0.0,96
YE,1909,cyclone,historical,0.23820583471666668,0.67383605,0.0,96
YE,1910,cyclone,historical,0.22347578780937502,0.63016814,0.0,96
YE,1911,cyclone,historical,0.23495430277499998,0.65970415,0.0,96
YE,1912,cyclone,historical,0.23057419905208332,0.6633994,0.0,96
YE,1913,cyclone,historical,0.23257366007541666,0.6516161,0.0,96
YE,1914,cyclone,historical,0.24187694100770832,0.6745917,0.0,96
YE,1915,cyclone,historical,0.23563113925489584,0.6463315,0.0,96
YE,1916,cyclone,historical,0.203873658015625,0.65410835,0.0,96
YE,1917,cyclone,historical,0.216405326475,0.6312317,0.0,96
YE,1918,cyclone,historical,0.2224852373125,0.64524895,0.0,96
YE,1919,cyclone,historical,0.24989102058958335,0.727964,0.0,96
YE,1920,cyclone,historical,0.23323984055208333,0.6343925,0.0,96
YE,1921,cyclone,historical,0.19748808207291668,0.62946177,0.0,96
YE,1922,cyclone,historical,0.215647385378125,0.6397079,0.0,96
YE,1923,cyclone,historical,0.27149047612916666,0.7110565,0.0,96
YE,1924,cyclone,historical,0.23714100050416667,0.62478775,0.0,96
YE,1925,cyclone,historical,0.2163074257083333,0.64445585,0.0,96
YE,1926,cyclone,historical,0.24842102139583333,0.67856234,0.0,96
YE,1927,cyclone,historical,0.24917264920416668,0.7036206,0.0,96
YE,1928,cyclone,historical,0.24081124123958333,0.66568166,0.0,96
YE,1929,cyclone,historical,0.20619004385520834,0.57034636,0.0,96
YE,1930,cyclone,historical,0.2335497651,0.67358345,0.0,96
YE,1931,cyclone,historical,0.26926482178125,0.6497467,0.0,96
YE,1932,cyclone,historical,0.25570493525802085,0.68365073,0.0,96
YE,1933,cyclone,historical,0.21622370305208335,0.6607572,0.0,96
YE,1934,cyclone,historical,0.21500400932291666,0.69197226,0.0,96
YE,1935,cyclone,historical,0.2601576862395833,0.7297235,0.0,96
YE,1936,cyclone,historical,0.23152061255312498,0.67144734,0.0,96
YE,1937,cyclone,historical,0.22051755619270832,0.6641198,0.0,96
YE,1938,cyclone,historical,0.24710625758333335,0.6588137,0.0,96
YE,1939,cyclone,historical,0.2628514715208333,0.6656642,0.0,96
YE,1940,cyclone,historical,0.22552208126666665,0.6466981,0.0,96
YE,1941,cyclone,historical,0.204389664359375,0.6103597,0.0,96
YE,1942,cyclone,historical,0.21875846765624998,0.6221197,0.0,96
YE,1943,cyclone,historical,0.23191681881625,0.65427905,0.0,96
YE,1944,cyclone,historical,0.24990833056249998,0.7009189,0.0,96
YE,1945,cyclone,historical,0.23267663420833332,0.6802988,0.0,96
YE,1946,cyclone,historical,0.2344972131354167,0.6429123,0.0,96
YE,1947,cyclone,historical,0.28769073322916666,0.73498505,0.0,96
YE,1948,cyclone,historical,0.22975629973645836,0.64091724,0.0,96
YE,1949,cyclone,historical,0.1979708053310417,0.6235722,0.0,96
YE,1950,cyclone,historical,0.21609560488760415,0.61479914,0.0,96
YE,1951,cyclone,historical,0.2618912662447917,0.66445357,0.0,96
YE,1952,cyclone,historical,0.2621925294625,0.67907804,0.0,96
YE,1953,cyclone,historical,0.22182637879625,0.64044166,0.0,96
YE,1954,cyclone,historical,0.21958105797395833,0.6553117,0.0,96
YE,1955,cyclone,historical,0.24196547728124998,0.69323975,0.0,96
YE,1956,cyclone,historical,0.25076450428125,0.68598145,0.0,96
YE,1957,cyclone,historical,0.25008291570625,0.67156976,0.0,96
YE,1958,cyclone,historical,0.24414838015833332,0.71608424,0.0,96
YE,1959,cyclone,historical,0.23281456258958333,0.6369224,0.0,96
YE,1960,cyclone,historical,0.2531458392930208,0.67885965,0.0,96
YE,1961,cyclone,historical,0.2790744372083333,0.7520072,0.0,96
YE,1962,cyclone,historical,0.24597853578854167,0.62083906,0.0,96
YE,1963,cyclone,historical,0.19055811570416667,0.60177183,0.0,96
YE,1964,cyclone,historical,0.24379882155937502,0.656399,0.0,96
YE,1965,cyclone,historical,0.27240509436875,0.6616606,0.0,96
YE,1966,cyclone,historical,0.20961387555937502,0.61783916,0.0,96
YE,1967,cyclone,historical,0.189680207575,0.60866404,0.0,96
YE,1968,cyclone,historical,0.2538875496770833,0.67646027,0.0,96
YE,1969,cyclone,historical,0.2667728891354167,0.69065666,0.0,96
YE,1970,cyclone,historical,0.22946221796875,0.66375464,0.0,96
YE,1971,cyclone,historical,0.21046510823958334,0.61598027,0.0,96
YE,1972,cyclone,historical,0.21830873917395832,0.6411066,0.0,96
YE,1973,cyclone,historical,0.2612488883125,0.6230648,0.0,96
YE,1974,cyclone,historical,0.23701080080208334,0.67844266,0.0,96
YE,1975,cyclone,historical,0.22174879465625,0.6404947,0.0,96
YE,1976,cyclone,historical,0.23697212395833334,0.6814983,0.0,96
YE,1977,cyclone,historical,0.2568569837708333,0.6429162,0.0,96
YE,1978,cyclone,historical,0.24887723361458333,0.66102695,0.0,96
YE,1979,cyclone,historical,0.2429904442604167,0.684638,0.0,96
YE,1980,cyclone,historical,0.25414667078125003,0.6554005,0.0,96
YE,1981,cyclone,historical,0.26770439461458334,0.70302933,0.0,96
YE,1982,cyclone,historical,0.22729442858645832,0.63992774,0.0,96
YE,1983,cyclone,historical,0.19781440975729167,0.61226535,0.0,96
YE,1984,cyclone,historical,0.24380315016979168,0.64421225,0.0,96
YE,1985,cyclone,historical,0.2720511989791667,0.6878032,0.0,96
YE,1986,cyclone,historical,0.21967719069270833,0.59438545,0.0,96
YE,1987,cyclone,historical,0.23367356757291669,0.6329896,0.0,96
YE,1988,cyclone,historical,0.26136932483125,0.72594094,0.0,96
YE,1989,cyclone,historical,0.25932091788020833,0.69642043,0.0,96
YE,1990,cyclone,historical,0.2539290935833333,0.6852618,0.0,96
YE,1991,cyclone,historical,0.2370197440625,0.65952826,0.0,96
YE,1992,cyclone,historical,0.20543209458333334,0.61073524,0.0,96
YE,1993,cyclone,historical,0.24862963670833335,0.6626467,0.0,96
YE,1994,cyclone,historical,0.2826347838854167,0.6880612,0.0,96
YE,1995,cyclone,historical,0.244960766296875,0.66229135,0.0,96
YE,1996,cyclone,historical,0.229839299421875,0.6203969,0.0,96
YE,1997,cyclone,historical,0.29325306186458333,0.73051476,0.0,96
YE,1998,cyclone,historical,0.26667090481354166,0.7171118,0.0,96
YE,1999,cyclone,historical,0.25330158970208333,0.66561186,0.0,96
YE,2000,cyclone,historical,0.2618933042505208,0.6545699,0.0,96
YE,2001,cyclone,historical,0.2813469914229167,0.7057572,0.0,96
YE,2002,cyclone,historical,0.31346944404166666,0.7279621,0.0,96
YE,2003,cyclone,historical,0.2654721164166667,0.6469583,0.0,96
YE,2004,cyclone,historical,0.23004197628854164,0.63470495,0.0,96
YE,2005,cyclone,historical,0.2568379731479167,0.6598884,0.0,96
YE,2006,cyclone,historical,0.2697927589895833,0.7056803,0.0,96
YE,2007,cyclone,historical,0.284130487434375,0.6966532,0.0,96
YE,2008,cyclone,historical,0.28847939627083335,0.7399998,0.0,96
YE,2009,cyclone,historical,0.28186400139583334,0.69897157,0.0,96
YE,2010,cyclone,historical,0.3017229914375,0.6768548,0.0,96
YE,2011,cyclone,historical,0.27333620340364584,0.67002326,0.0,96
YE,2012,cyclone,historical,0.24154228421875001,0.6287609,0.0,96
YE,2013,cyclone,historical,0.2744751436422917,0.70110244,0.0,96
YE,2014,cyclone,historical,0.30062868455416664,0.68493533,0.0,96
ZA,1850,cyclone,historical,0.13319181222720902,0.46528605,0.0,708
ZA,1851,cyclone,historical,0.13032032224331638,0.46670777,0.0,708
ZA,1852,cyclone,historical,0.1283860885929308,0.5035864,0.0,708
ZA,1853,cyclone,historical,0.12882468517309323,0.48986313,0.0,708
ZA,1854,cyclone,historical,0.13352111149380508,0.48989555,0.0,708
ZA,1855,cyclone,historical,0.13536867091858756,0.4384206,0.0,708
ZA,1856,cyclone,historical,0.13169585892408955,0.48746487,0.0,708
ZA,1857,cyclone,historical,0.1322656479907627,0.49997333,0.0,708
ZA,1858,cyclone,historical,0.13142769539141244,0.4322993,0.0,708
ZA,1859,cyclone,historical,0.12505240250609986,0.53344285,0.0,708
ZA,1860,cyclone,historical,0.12336649103288559,0.49634427,0.0,708
ZA,1861,cyclone,historical,0.1225098280612712,0.47236663,0.0,708
ZA,1862,cyclone,historical,0.13251367792232133,0.4761572,0.0,708
ZA,1863,cyclone,historical,0.12844451117567796,0.47953093,0.0,708
ZA,1864,cyclone,historical,0.12082971998966102,0.46741772,0.0,708
ZA,1865,cyclone,historical,0.12921630659655367,0.45406646,0.0,708
ZA,1866,cyclone,historical,0.13267449959725988,0.5098485,0.0,708
ZA,1867,cyclone,historical,0.12320903935375706,0.46245742,0.0,708
ZA,1868,cyclone,historical,0.13125647485490113,0.49130112,0.0,708
ZA,1869,cyclone,historical,0.11937613599038419,0.44970477,0.0,708
ZA,1870,cyclone,historical,0.11551202797519775,0.43453252,0.0,708
ZA,1871,cyclone,historical,0.1262371379643178,0.44602332,0.0,708
ZA,1872,cyclone,historical,0.12834880688217515,0.50622135,0.0,708
ZA,1873,cyclone,historical,0.11933153060927966,0.46053028,0.0,708
ZA,1874,cyclone,historical,0.12095225388231215,0.45315713,0.0,708
ZA,1875,cyclone,historical,0.12728165697426552,0.4438609,0.0,708
ZA,1876,cyclone,historical,0.13863230504748023,0.52022314,0.0,708
ZA,1877,cyclone,historical,0.13078446304302965,0.513136,0.0,708
ZA,1878,cyclone,historical,0.12767574960633332,0.45294723,0.0,708
ZA,1879,cyclone,historical,0.11646273330564125,0.44168118,0.0,708
ZA,1880,cyclone,historical,0.11938340597730043,0.44676,0.0,708
ZA,1881,cyclone,historical,0.12160910581402543,0.4973727,0.0,708
ZA,1882,cyclone,historical,0.11965072738230226,0.4890155,0.0,708
ZA,1883,cyclone,historical,0.14224059594985874,0.5765368,0.0,708
ZA,1884,cyclone,historical,0.12559102107281073,0.48955494,0.0,708
ZA,1885,cyclone,historical,0.12181307893514973,0.4940249,0.0,708
ZA,1886,cyclone,historical,0.1369906834779096,0.52511126,0.0,708
ZA,1887,cyclone,historical,0.12542318290187854,0.43514222,0.0,708
ZA,1888,cyclone,historical,0.11774247084346329,0.42216858,0.0,708
ZA,1889,cyclone,historical,0.11861947972055084,0.43012708,0.0,708
ZA,1890,cyclone,historical,0.12967613674683615,0.51025206,0.0,708
ZA,1891,cyclone,historical,0.12834644112029095,0.45249638,0.0,708
ZA,1892,cyclone,historical,0.12276795810032486,0.49470294,0.0,708
ZA,1893,cyclone,historical,0.1274947898181497,0.44918317,0.0,708
ZA,1894,cyclone,historical,0.11046319242159604,0.44816363,0.0,708
ZA,1895,cyclone,historical,0.1294561155459774,0.46467447,0.0,708
ZA,1896,cyclone,historical,0.12221870581036949,0.45704576,0.0,708
ZA,1897,cyclone,historical,0.14194660187316385,0.47300497,0.0,708
ZA,1898,cyclone,historical,0.12142800371539549,0.4635642,0.0,708
ZA,1899,cyclone,historical,0.1274067826296328,0.4923468,0.0,708
ZA,1900,cyclone,historical,0.13826367844278248,0.5170374,0.0,708
ZA,1901,cyclone,historical,0.1152295377156836,0.47208512,0.0,708
ZA,1902,cyclone,historical,0.12149039590014124,0.4245042,0.0,708
ZA,1903,cyclone,historical,0.1335372511801695,0.5415251,0.0,708
ZA,1904,cyclone,historical,0.12436205111180791,0.4636593,0.0,708
ZA,1905,cyclone,historical,0.11829853133944916,0.4578089,0.0,708
ZA,1906,cyclone,historical,0.13066707223528248,0.4812609,0.0,708
ZA,1907,cyclone,historical,0.13291691867120056,0.48945147,0.0,708
ZA,1908,cyclone,historical,0.13519576721574858,0.47420004,0.0,708
ZA,1909,cyclone,historical,0.11512991981014971,0.45819682,0.0,708
ZA,1910,cyclone,historical,0.12608773573495763,0.52051735,0.0,708
ZA,1911,cyclone,historical,0.12959714817839052,0.49818504,0.0,708
ZA,1912,cyclone,historical,0.1254783209888842,0.44176596,0.0,708
ZA,1913,cyclone,historical,0.1408008802682627,0.46263385,0.0,708
ZA,1914,cyclone,historical,0.1295980378236582,0.444439,0.0,708
ZA,1915,cyclone,historical,0.12865245101694917,0.5270403,0.0,708
ZA,1916,cyclone,historical,0.12802735858902542,0.49549094,0.0,708
ZA,1917,cyclone,historical,0.12943681011105934,0.47645217,0.0,708
ZA,1918,cyclone,historical,0.13256455747052542,0.46457425,0.0,708
ZA,1919,cyclone,historical,0.12657111994089407,0.4794426,0.0,708
ZA,1920,cyclone,historical,0.13938099063978812,0.44635963,0.0,708
ZA,1921,cyclone,historical,0.12421746543010877,0.4104103,0.0,708
ZA,1922,cyclone,historical,0.11325595360973165,0.4866434,0.0,708
ZA,1923,cyclone,historical,0.1425961519439195,0.48489913,0.0,708
ZA,1924,cyclone,historical,0.13155886319330085,0.46075937,0.0,708
ZA,1925,cyclone,historical,0.14362179217358756,0.47583655,0.0,708
ZA,1926,cyclone,historical,0.1294459800843503,0.49957865,0.0,708
ZA,1927,cyclone,historical,0.12970880521579095,0.49281818,0.0,708
ZA,1928,cyclone,historical,0.1327049764331497,0.468783,0.0,708
ZA,1929,cyclone,historical,0.11341772266474576,0.45515424,0.0,708
ZA,1930,cyclone,historical,0.12575877252886158,0.49596262,0.0,708
ZA,1931,cyclone,historical,0.129416346062274,0.47340477,0.0,708
ZA,1932,cyclone,historical,0.13215053839427968,0.56135803,0.0,708
ZA,1933,cyclone,historical,0.11688108045099435,0.47017905,0.0,708
ZA,1934,cyclone,historical,0.12488485537042372,0.47398502,0.0,708
ZA,1935,cyclone,historical,0.1283934878337712,0.47658184,0.0,708
ZA,1936,cyclone,historical,0.12889892716010876,0.49167633,0.0,708
ZA,1937,cyclone,historical,0.12199178829072034,0.4779328,0.0,708
ZA,1938,cyclone,historical,0.12413651376988984,0.43295163,0.0,708
ZA,1939,cyclone,historical,0.1379856072214548,0.454822,0.0,708
ZA,1940,cyclone,historical,0.133994632577089,0.48526245,0.0,708
ZA,1941,cyclone,historical,0.12716938662261298,0.4701993,0.0,708
ZA,1942,cyclone,historical,0.1295238750968743,0.5113993,0.0,708
ZA,1943,cyclone,historical,0.13164540808174152,0.48119497,0.0,708
ZA,1944,cyclone,historical,0.12246994589111865,0.50739723,0.0,708
ZA,1945,cyclone,historical,0.12247275375354519,0.5075585,0.0,708
ZA,1946,cyclone,historical,0.11989494407882428,0.48541588,0.0,708
ZA,1947,cyclone,historical,0.11610421875227402,0.4708066,0.0,708
ZA,1948,cyclone,historical,0.13936694416488843,0.47835448,0.0,708
ZA,1949,cyclone,historical,0.12222740211731639,0.50190425,0.0,708
ZA,1950,cyclone,historical,0.13163953839872458,0.4631174,0.0,708
ZA,1951,cyclone,historical,0.13681966528795197,0.46012938,0.0,708
ZA,1952,cyclone,historical,0.13157949350751413,0.4584729,0.0,708
ZA,1953,cyclone,historical,0.13068837893502824,0.50362855,0.0,708
ZA,1954,cyclone,historical,0.11703099742771186,0.461613,0.0,708
ZA,1955,cyclone,historical,0.12785607098566384,0.48890066,0.0,708
ZA,1956,cyclone,historical,0.12442532230685027,0.47048563,0.0,708
ZA,1957,cyclone,historical,0.11219794516738701,0.47842526,0.0,708
ZA,1958,cyclone,historical,0.13031774668896892,0.44880632,0.0,708
ZA,1959,cyclone,historical,0.1302840886894774,0.49030593,0.0,708
ZA,1960,cyclone,historical,0.12872208827940113,0.4497685,0.0,708
ZA,1961,cyclone,historical,0.13985095369745762,0.49633616,0.0,708
ZA,1962,cyclone,historical,0.13477830497995763,0.47935128,0.0,708
ZA,1963,cyclone,historical,0.11760245991449435,0.4877231,0.0,708
ZA,1964,cyclone,historical,0.12254296216949151,0.42729715,0.0,708
ZA,1965,cyclone,historical,0.1400155683341243,0.4740574,0.0,708
ZA,1966,cyclone,historical,0.11724504970000423,0.44310018,0.0,708
ZA,1967,cyclone,historical,0.13397154362109465,0.4867401,0.0,708
ZA,1968,cyclone,historical,0.12079635182700284,0.4483846,0.0,708
ZA,1969,cyclone,historical,0.12856750813490114,0.47239903,0.0,708
ZA,1970,cyclone,historical,0.13524006262117655,0.4435132,0.0,708
ZA,1971,cyclone,historical,0.12105911844307911,0.44529828,0.0,708
ZA,1972,cyclone,historical,0.12379851257108758,0.43866128,0.0,708
ZA,1973,cyclone,historical,0.12684014218888418,0.44135618,0.0,708
ZA,1974,cyclone,historical,0.132578306029637,0.4876353,0.0,708
ZA,1975,cyclone,historical,0.11977541580714265,0.4351884,0.0,708
ZA,1976,cyclone,historical,0.11970017318957626,0.47332236,0.0,708
ZA,1977,cyclone,historical,0.12711522603528247,0.48926508,0.0,708
ZA,1978,cyclone,historical,0.1249627917863503,0.44428825,0.0,708
ZA,1979,cyclone,historical,0.12014469318037428,0.42362192,0.0,708
ZA,1980,cyclone,historical,0.12206895789100282,0.4550994,0.0,708
ZA,1981,cyclone,historical,0.13376545315854518,0.49429855,0.0,708
ZA,1982,cyclone,historical,0.11568276285532485,0.46512938,0.0,708
ZA,1983,cyclone,historical,0.12573843427915254,0.45933086,0.0,708
ZA,1984,cyclone,historical,0.14106318139213278,0.4695518,0.0,708
ZA,1985,cyclone,historical,0.1380275754176695,0.4839609,0.0,708
ZA,1986,cyclone,historical,0.12977749672981637,0.4326283,0.0,708
ZA,1987,cyclone,historical,0.11509709963333334,0.43210506,0.0,708
ZA,1988,cyclone,historical,0.13337805721430793,0.46288723,0.0,708
ZA,1989,cyclone,historical,0.12453194397283643,0.44049335,0.0,708
ZA,1990,cyclone,historical,0.1331913818301836,0.48660234,0.0,708
ZA,1991,cyclone,historical,0.1293269306789223,0.49337223,0.0,708
ZA,1992,cyclone,historical,0.1183145809761017,0.4559028,0.0,708
ZA,1993,cyclone,historical,0.12528928666620057,0.45339134,0.0,708
ZA,1994,cyclone,historical,0.14587725077235875,0.58327866,0.0,708
ZA,1995,cyclone,historical,0.1279251168594209,0.49434608,0.0,708
ZA,1996,cyclone,historical,0.1294788173132062,0.46847773,0.0,708
ZA,1997,cyclone,historical,0.1375423084844209,0.47185525,0.0,708
ZA,1998,cyclone,historical,0.13378188908221753,0.4588319,0.0,708
ZA,1999,cyclone,historical,0.12572522802401837,0.54751456,0.0,708
ZA,2000,cyclone,historical,0.12447278878260452,0.4750715,0.0,708
ZA,2001,cyclone,historical,0.13018202531900622,0.48483777,0.0,708
ZA,2002,cyclone,historical,0.12866232457995339,0.500059,0.0,708
ZA,2003,cyclone,historical,0.14242241521827684,0.5241617,0.0,708
ZA,2004,cyclone,historical,0.12693007400806497,0.48379427,0.0,708
ZA,2005,cyclone,historical,0.1271571064362627,0.55911756,0.0,708
ZA,2006,cyclone,historical,0.13352965977389125,0.506314,0.0,708
ZA,2007,cyclone,historical,0.12596248506812996,0.5098566,0.0,708
ZA,2008,cyclone,historical,0.13896589551080507,0.46919817,0.0,708
ZA,2009,cyclone,historical,0.13428378791200565,0.5123056,0.0,708
ZA,2010,cyclone,historical,0.12438667109341808,0.46233535,0.0,708
ZA,2011,cyclone,historical,0.1333922871560099,0.46558508,0.0,708
ZA,2012,cyclone,historical,0.13214126048269773,0.47854143,0.0,708
ZA,2013,cyclone,historical,0.12084760786861581,0.42396852,0.0,708
ZA,2014,cyclone,historical,0.1319332877598969,0.4578824,0.0,708
