country_code,year,event,experiment,intensity_mean,intensity_max,intensity_min,n_grid_points
AE,1850,marine_hw,abrupt-4xCO2,0.24052056666666666,0.67948806,0.0,12
AE,1851,marine_hw,abrupt-4xCO2,0.2955354025,0.7528353,0.0,12
AE,1852,marine_hw,abrupt-4xCO2,0.29975179916666667,0.72843266,0.0,12
AE,1853,marine_hw,abrupt-4xCO2,0.35511183166666666,0.83450806,0.0,12
AE,1854,marine_hw,abrupt-4xCO2,0.3442487289166667,0.8392783,0.0,12
AE,1855,marine_hw,abrupt-4xCO2,0.2994899583333333,0.7489227,0.0,12
AE,1856,marine_hw,abrupt-4xCO2,0.3274102825,0.81750375,0.0,12
AE,1857,marine_hw,abrupt-4xCO2,0.38012413166666664,0.9108833,0.0,12
AE,1858,marine_hw,abrupt-4xCO2,0.3377076508333334,0.8311875,0.0,12
AE,1859,marine_hw,abrupt-4xCO2,0.3387150783333333,0.8465409,0.0,12
AE,1860,marine_hw,abrupt-4xCO2,0.35979341266666665,0.86265,0.0,12
AE,1861,marine_hw,abrupt-4xCO2,0.299703328,0.7581275,0.0,12
AE,1862,marine_hw,abrupt-4xCO2,0.36892180913333333,0.83223844,0.0,12
AE,1863,marine_hw,abrupt-4xCO2,0.36435990883333336,0.87683165,0.0,12
AE,1864,marine_hw,abrupt-4xCO2,0.36170907416666664,0.88193476,0.0,12
AE,1865,marine_hw,abrupt-4xCO2,0.38018541499999997,0.8583791,0.0,12
AE,1866,marine_hw,abrupt-4xCO2,0.3907269945833333,0.8992679,0.0,12
AE,1867,marine_hw,abrupt-4xCO2,0.33626640449999995,0.8052106,0.0,12
AE,1868,marine_hw,abrupt-4xCO2,0.3654149559416667,0.8606931,0.0,12
AE,1869,marine_hw,abrupt-4xCO2,0.3572262523333333,0.9035026,0.0,12
AE,1870,marine_hw,abrupt-4xCO2,0.3163765125,0.79837334,0.0,12
AE,1871,marine_hw,abrupt-4xCO2,0.3361926391666667,0.8433465,0.0,12
AE,1872,marine_hw,abrupt-4xCO2,0.34717105583333335,0.8535526,0.0,12
AE,1873,marine_hw,abrupt-4xCO2,0.33386946166666664,0.84936625,0.0,12
AE,1874,marine_hw,abrupt-4xCO2,0.3710274803333333,0.91373277,0.0,12
AE,1875,marine_hw,abrupt-4xCO2,0.38040689916666665,0.9133127,0.0,12
AE,1876,marine_hw,abrupt-4xCO2,0.3494442283333334,0.8293057,0.0,12
AE,1877,marine_hw,abrupt-4xCO2,0.2988804958333333,0.75561625,0.0,12
AE,1878,marine_hw,abrupt-4xCO2,0.31060596875,0.7904786,0.0,12
AE,1879,marine_hw,abrupt-4xCO2,0.3748461476666667,0.8843104,0.0,12
AE,1880,marine_hw,abrupt-4xCO2,0.34958059808333336,0.8436109,0.0,12
AE,1881,marine_hw,abrupt-4xCO2,0.3480967125,0.9147515,0.0,12
AE,1882,marine_hw,abrupt-4xCO2,0.35113576075,0.8249006,0.0,12
AE,1883,marine_hw,abrupt-4xCO2,0.3466568741666667,0.80851907,0.0,12
AE,1884,marine_hw,abrupt-4xCO2,0.3545370029166666,0.9125302,0.0,12
AE,1885,marine_hw,abrupt-4xCO2,0.3558477791666667,0.8498051,0.0,12
AE,1886,marine_hw,abrupt-4xCO2,0.3142619425,0.7860332,0.0,12
AE,1887,marine_hw,abrupt-4xCO2,0.407917575,0.91136384,0.0,12
AE,1888,marine_hw,abrupt-4xCO2,0.43666379250000004,0.9008087,0.0,12
AE,1889,marine_hw,abrupt-4xCO2,0.37825623666666663,0.8974331,0.0,12
AE,1890,marine_hw,abrupt-4xCO2,0.318503225,0.797611,0.0,12
AE,1891,marine_hw,abrupt-4xCO2,0.3915452575,0.8864137,0.0,12
AE,1892,marine_hw,abrupt-4xCO2,0.37400804458333337,0.913267,0.0,12
AE,1893,marine_hw,abrupt-4xCO2,0.32143241283333335,0.848773,0.0,12
AE,1894,marine_hw,abrupt-4xCO2,0.357394205,0.8534237,0.0,12
AE,1895,marine_hw,abrupt-4xCO2,0.3865059258333334,0.898574,0.0,12
AE,1896,marine_hw,abrupt-4xCO2,0.35667647,0.81885,0.0,12
AE,1897,marine_hw,abrupt-4xCO2,0.33275034166666667,0.80664134,0.0,12
AE,1898,marine_hw,abrupt-4xCO2,0.37027072474999995,0.9067507,0.0,12
AE,1899,marine_hw,abrupt-4xCO2,0.35645321366666666,0.84790325,0.0,12
AE,1900,marine_hw,abrupt-4xCO2,0.3539510533333334,0.8889772,0.0,12
AE,1901,marine_hw,abrupt-4xCO2,0.3730703124416667,0.9114752,0.0,12
AE,1902,marine_hw,abrupt-4xCO2,0.3404892015,0.80544543,0.0,12
AE,1903,marine_hw,abrupt-4xCO2,0.35907061500000004,0.8409171,0.0,12
AE,1904,marine_hw,abrupt-4xCO2,0.3424155016666666,0.87667865,0.0,12
AE,1905,marine_hw,abrupt-4xCO2,0.3407224441666667,0.8704455,0.0,12
AE,1906,marine_hw,abrupt-4xCO2,0.37146502416666666,0.8492105,0.0,12
AE,1907,marine_hw,abrupt-4xCO2,0.34805724,0.8596341,0.0,12
AE,1908,marine_hw,abrupt-4xCO2,0.39097737083333334,0.88096297,0.0,12
AE,1909,marine_hw,abrupt-4xCO2,0.35193742666666666,0.8304654,0.0,12
AE,1910,marine_hw,abrupt-4xCO2,0.33648937166666665,0.863713,0.0,12
AE,1911,marine_hw,abrupt-4xCO2,0.3764502633333333,0.88344467,0.0,12
AE,1912,marine_hw,abrupt-4xCO2,0.33409474533333333,0.85728526,0.0,12
AE,1913,marine_hw,abrupt-4xCO2,0.3592523716666667,0.9181822,0.0,12
AE,1914,marine_hw,abrupt-4xCO2,0.40074009083333334,0.9046998,0.0,12
AE,1915,marine_hw,abrupt-4xCO2,0.3866679766666667,0.8494589,0.0,12
AE,1916,marine_hw,abrupt-4xCO2,0.3761348400833333,0.8761391,0.0,12
AE,1917,marine_hw,abrupt-4xCO2,0.32099005333333336,0.80761445,0.0,12
AE,1918,marine_hw,abrupt-4xCO2,0.30234281166666666,0.76300645,0.0,12
AE,1919,marine_hw,abrupt-4xCO2,0.3585782591666667,0.90070677,0.0,12
AE,1920,marine_hw,abrupt-4xCO2,0.3754386113333333,0.87540495,0.0,12
AE,1921,marine_hw,abrupt-4xCO2,0.37592629166666663,0.8280951,0.0,12
AE,1922,marine_hw,abrupt-4xCO2,0.36135972624999996,0.87670815,0.0,12
AE,1923,marine_hw,abrupt-4xCO2,0.31778279833333334,0.83436847,0.0,12
AE,1924,marine_hw,abrupt-4xCO2,0.34609823433333337,0.81707823,0.0,12
AE,1925,marine_hw,abrupt-4xCO2,0.3628955429166667,0.86391836,0.0,12
AE,1926,marine_hw,abrupt-4xCO2,0.37981978916666664,0.8672846,0.0,12
AE,1927,marine_hw,abrupt-4xCO2,0.32177691891666665,0.7888666,0.0,12
AE,1928,marine_hw,abrupt-4xCO2,0.3652010156416667,0.9101759,0.0,12
AE,1929,marine_hw,abrupt-4xCO2,0.34532724941666665,0.89532316,0.0,12
AE,1930,marine_hw,abrupt-4xCO2,0.33495054750000003,0.8240752,0.0,12
AE,1931,marine_hw,abrupt-4xCO2,0.34574528583333336,0.826318,0.0,12
AE,1932,marine_hw,abrupt-4xCO2,0.311237895,0.789837,0.0,12
AE,1933,marine_hw,abrupt-4xCO2,0.3548389191666667,0.8711421,0.0,12
AE,1934,marine_hw,abrupt-4xCO2,0.34838484,0.80495286,0.0,12
AE,1935,marine_hw,abrupt-4xCO2,0.35749945333333333,0.8531325,0.0,12
AE,1936,marine_hw,abrupt-4xCO2,0.370778576,0.9163259,0.0,12
AE,1937,marine_hw,abrupt-4xCO2,0.32694711833333334,0.81307316,0.0,12
AE,1938,marine_hw,abrupt-4xCO2,0.3458207044166666,0.8981364,0.0,12
AE,1939,marine_hw,abrupt-4xCO2,0.3766155066666667,0.89156234,0.0,12
AE,1940,marine_hw,abrupt-4xCO2,0.3413146816666666,0.827083,0.0,12
AE,1941,marine_hw,abrupt-4xCO2,0.30679913,0.8578825,0.0,12
AE,1942,marine_hw,abrupt-4xCO2,0.37903679416666664,0.8773229,0.0,12
AE,1943,marine_hw,abrupt-4xCO2,0.4153676679166667,0.9286849,0.0,12
AE,1944,marine_hw,abrupt-4xCO2,0.3395457736,0.83621407,0.0,12
AE,1945,marine_hw,abrupt-4xCO2,0.304845445,0.8388139,0.0,12
AE,1946,marine_hw,abrupt-4xCO2,0.3415396877583334,0.9138509,0.0,12
AE,1947,marine_hw,abrupt-4xCO2,0.3564949360833333,0.8217814,0.0,12
AE,1948,marine_hw,abrupt-4xCO2,0.3669834125,0.89932966,0.0,12
AE,1949,marine_hw,abrupt-4xCO2,0.35036615249999997,0.83876956,0.0,12
AE,1950,marine_hw,abrupt-4xCO2,0.29242010616666664,0.71921045,0.0,12
AE,1951,marine_hw,abrupt-4xCO2,0.4080628583333333,0.8940239,0.0,12
AE,1952,marine_hw,abrupt-4xCO2,0.37039642166666664,0.90965784,0.0,12
AE,1953,marine_hw,abrupt-4xCO2,0.29623512166666666,0.794991,0.0,12
AE,1954,marine_hw,abrupt-4xCO2,0.367745142,0.91152215,0.0,12
AE,1955,marine_hw,abrupt-4xCO2,0.3327490503333333,0.79577756,0.0,12
AE,1956,marine_hw,abrupt-4xCO2,0.3340870491666667,0.8194822,0.0,12
AE,1957,marine_hw,abrupt-4xCO2,0.36358594916666664,0.8240135,0.0,12
AE,1958,marine_hw,abrupt-4xCO2,0.33471904058333335,0.85895085,0.0,12
AE,1959,marine_hw,abrupt-4xCO2,0.3509923725,0.8595066,0.0,12
AE,1960,marine_hw,abrupt-4xCO2,0.3542023059166666,0.8433465,0.0,12
AE,1961,marine_hw,abrupt-4xCO2,0.37166413049999997,0.93202424,0.0,12
AE,1962,marine_hw,abrupt-4xCO2,0.32800379075,0.8147818,0.0,12
AE,1963,marine_hw,abrupt-4xCO2,0.35451020583333337,0.8634097,0.0,12
AE,1964,marine_hw,abrupt-4xCO2,0.3537555830833334,0.8694644,0.0,12
AE,1965,marine_hw,abrupt-4xCO2,0.34583006241666664,0.8381455,0.0,12
AE,1966,marine_hw,abrupt-4xCO2,0.4153275285,0.93545365,0.0,12
AE,1967,marine_hw,abrupt-4xCO2,0.32822149500000003,0.845098,0.0,12
AE,1968,marine_hw,abrupt-4xCO2,0.3144034783333333,0.82212365,0.0,12
AE,1969,marine_hw,abrupt-4xCO2,0.37623214866666665,0.8509299,0.0,12
AE,1970,marine_hw,abrupt-4xCO2,0.4270646633333333,0.91082156,0.0,12
AE,1971,marine_hw,abrupt-4xCO2,0.3735492458333334,0.84796906,0.0,12
AE,1972,marine_hw,abrupt-4xCO2,0.3618070935833333,0.8468523,0.0,12
AE,1973,marine_hw,abrupt-4xCO2,0.4190429583333333,0.93232095,0.0,12
AE,1974,marine_hw,abrupt-4xCO2,0.3381964850166667,0.9000437,0.0,12
AE,1975,marine_hw,abrupt-4xCO2,0.3817158319166667,0.8721179,0.0,12
AE,1976,marine_hw,abrupt-4xCO2,0.3661556378333333,0.83287597,0.0,12
AE,1977,marine_hw,abrupt-4xCO2,0.3774312089166667,0.9064702,0.0,12
AE,1978,marine_hw,abrupt-4xCO2,0.34399169858333334,0.8262979,0.0,12
AE,1979,marine_hw,abrupt-4xCO2,0.33441328375,0.81496567,0.0,12
AE,1980,marine_hw,abrupt-4xCO2,0.37829735366666667,0.92086923,0.0,12
AE,1981,marine_hw,abrupt-4xCO2,0.39036461866666666,0.9230141,0.0,12
AE,1982,marine_hw,abrupt-4xCO2,0.3461422575,0.8276441,0.0,12
AE,1983,marine_hw,abrupt-4xCO2,0.3654619525,0.8269944,0.0,12
AE,1984,marine_hw,abrupt-4xCO2,0.3510005303333334,0.8740775,0.0,12
AE,1985,marine_hw,abrupt-4xCO2,0.3793514066666667,0.8848164,0.0,12
AE,1986,marine_hw,abrupt-4xCO2,0.32917447836666663,0.83565164,0.0,12
AE,1987,marine_hw,abrupt-4xCO2,0.3692843915833333,0.8545431,0.0,12
AE,1988,marine_hw,abrupt-4xCO2,0.387144175,0.9515882,0.0,12
AE,1989,marine_hw,abrupt-4xCO2,0.35102685499999997,0.8614984,0.0,12
AE,1990,marine_hw,abrupt-4xCO2,0.3952346029166667,0.89727604,0.0,12
AE,1991,marine_hw,abrupt-4xCO2,0.3830606008333333,0.8783524,0.0,12
AE,1992,marine_hw,abrupt-4xCO2,0.36848883125000004,0.921429,0.0,12
AE,1993,marine_hw,abrupt-4xCO2,0.355313306,0.9149233,0.0,12
AE,1994,marine_hw,abrupt-4xCO2,0.37741857916666666,0.90510917,0.0,12
AE,1995,marine_hw,abrupt-4xCO2,0.4278714865833333,0.97974885,0.0,12
AE,1996,marine_hw,abrupt-4xCO2,0.3514147045,0.85956025,0.0,12
AE,1997,marine_hw,abrupt-4xCO2,0.33062729058333334,0.80407906,0.0,12
AE,1998,marine_hw,abrupt-4xCO2,0.37573490125,0.88026637,0.0,12
AE,1999,marine_hw,abrupt-4xCO2,0.4035243775,0.90427834,0.0,12
AE,2000,marine_hw,abrupt-4xCO2,0.36145412875,0.86491835,0.0,12
AO,1850,marine_hw,abrupt-4xCO2,0.09843954908333334,0.27718657,0.0,72
AO,1851,marine_hw,abrupt-4xCO2,0.16648395883333333,0.432738,0.0,72
AO,1852,marine_hw,abrupt-4xCO2,0.14888633467222223,0.36275128,0.0,72
AO,1853,marine_hw,abrupt-4xCO2,0.16848047934583332,0.41444468,0.0,72
AO,1854,marine_hw,abrupt-4xCO2,0.17076425530277778,0.40369886,0.0,72
AO,1855,marine_hw,abrupt-4xCO2,0.18216769290333332,0.39384037,0.0,72
AO,1856,marine_hw,abrupt-4xCO2,0.21948946852083334,0.47804353,0.0,72
AO,1857,marine_hw,abrupt-4xCO2,0.23787543972916664,0.49885476,0.0,72
AO,1858,marine_hw,abrupt-4xCO2,0.22359652214444445,0.48338723,0.0,72
AO,1859,marine_hw,abrupt-4xCO2,0.25493296420694445,0.512766,0.0,72
AO,1860,marine_hw,abrupt-4xCO2,0.2696985081763889,0.5498644,0.0,72
AO,1861,marine_hw,abrupt-4xCO2,0.22348217991805555,0.46619165,0.0,72
AO,1862,marine_hw,abrupt-4xCO2,0.2462740565,0.45821497,0.0,72
AO,1863,marine_hw,abrupt-4xCO2,0.2411288076611111,0.51948905,0.0,72
AO,1864,marine_hw,abrupt-4xCO2,0.22844389723611108,0.4718291,0.0,72
AO,1865,marine_hw,abrupt-4xCO2,0.25421019331944444,0.5186421,0.0,72
AO,1866,marine_hw,abrupt-4xCO2,0.27400609424166666,0.5253558,0.0,72
AO,1867,marine_hw,abrupt-4xCO2,0.2575613766222222,0.4952986,0.0,72
AO,1868,marine_hw,abrupt-4xCO2,0.23056409737499997,0.49140286,0.0,72
AO,1869,marine_hw,abrupt-4xCO2,0.29667050868055556,0.58064485,0.0,72
AO,1870,marine_hw,abrupt-4xCO2,0.2610478328472222,0.48701185,0.0,72
AO,1871,marine_hw,abrupt-4xCO2,0.2660216751944444,0.49264708,0.0,72
AO,1872,marine_hw,abrupt-4xCO2,0.2889283782541667,0.58191544,0.0,72
AO,1873,marine_hw,abrupt-4xCO2,0.28704970906944444,0.52408344,0.0,72
AO,1874,marine_hw,abrupt-4xCO2,0.2906746358055556,0.5130445,0.0,72
AO,1875,marine_hw,abrupt-4xCO2,0.28971671683333333,0.5680358,0.0,72
AO,1876,marine_hw,abrupt-4xCO2,0.2840146590486111,0.5337889,0.0,72
AO,1877,marine_hw,abrupt-4xCO2,0.27303138095833335,0.49967352,0.0,72
AO,1878,marine_hw,abrupt-4xCO2,0.2710602059166667,0.5411616,0.0,72
AO,1879,marine_hw,abrupt-4xCO2,0.26400730004166667,0.5165584,0.0,72
AO,1880,marine_hw,abrupt-4xCO2,0.25702537470833337,0.5034075,0.0,72
AO,1881,marine_hw,abrupt-4xCO2,0.2846017844861111,0.58706594,0.0,72
AO,1882,marine_hw,abrupt-4xCO2,0.2559582431194445,0.46744663,0.0,72
AO,1883,marine_hw,abrupt-4xCO2,0.2715525155236111,0.53829527,0.0,72
AO,1884,marine_hw,abrupt-4xCO2,0.30454241374999996,0.57976055,0.0,72
AO,1885,marine_hw,abrupt-4xCO2,0.26000523240277773,0.46960756,0.0,72
AO,1886,marine_hw,abrupt-4xCO2,0.2773812393194445,0.5373417,0.0,72
AO,1887,marine_hw,abrupt-4xCO2,0.3020887639027778,0.5641904,0.0,72
AO,1888,marine_hw,abrupt-4xCO2,0.29795469914305556,0.53958046,0.0,72
AO,1889,marine_hw,abrupt-4xCO2,0.2769214033944445,0.53005016,0.0,72
AO,1890,marine_hw,abrupt-4xCO2,0.2830165318472222,0.51199627,0.0,72
AO,1891,marine_hw,abrupt-4xCO2,0.30984601452777777,0.62264675,0.0,72
AO,1892,marine_hw,abrupt-4xCO2,0.2908809029444444,0.57194626,0.0,72
AO,1893,marine_hw,abrupt-4xCO2,0.25802410859722225,0.48683134,0.0,72
AO,1894,marine_hw,abrupt-4xCO2,0.2869208478888889,0.55475473,0.0,72
AO,1895,marine_hw,abrupt-4xCO2,0.26928617493055557,0.57161814,0.0,72
AO,1896,marine_hw,abrupt-4xCO2,0.26489064394791667,0.49335173,0.0,72
AO,1897,marine_hw,abrupt-4xCO2,0.3276446561222222,0.54652435,0.0,72
AO,1898,marine_hw,abrupt-4xCO2,0.3239146661805556,0.5958079,0.0,72
AO,1899,marine_hw,abrupt-4xCO2,0.28212686063055553,0.52891135,0.0,72
AO,1900,marine_hw,abrupt-4xCO2,0.2836764583611111,0.57742244,0.0,72
AO,1901,marine_hw,abrupt-4xCO2,0.3044242865,0.580465,0.0,72
AO,1902,marine_hw,abrupt-4xCO2,0.30065495246527774,0.55778074,0.0,72
AO,1903,marine_hw,abrupt-4xCO2,0.2650592150666667,0.46127653,0.0,72
AO,1904,marine_hw,abrupt-4xCO2,0.306973880625,0.5657594,0.0,72
AO,1905,marine_hw,abrupt-4xCO2,0.3293917452361111,0.5733247,0.0,72
AO,1906,marine_hw,abrupt-4xCO2,0.2855345739701389,0.54775786,0.0,72
AO,1907,marine_hw,abrupt-4xCO2,0.2662415430430556,0.5419779,0.0,72
AO,1908,marine_hw,abrupt-4xCO2,0.29674405127777775,0.53889257,0.0,72
AO,1909,marine_hw,abrupt-4xCO2,0.29374881819777776,0.54182863,0.0,72
AO,1910,marine_hw,abrupt-4xCO2,0.29589189894444445,0.5618675,0.0,72
AO,1911,marine_hw,abrupt-4xCO2,0.31928524065277775,0.6006329,0.0,72
AO,1912,marine_hw,abrupt-4xCO2,0.2514330204583333,0.47745675,0.0,72
AO,1913,marine_hw,abrupt-4xCO2,0.2739615157125,0.5478947,0.0,72
AO,1914,marine_hw,abrupt-4xCO2,0.3226584521388889,0.60147333,0.0,72
AO,1915,marine_hw,abrupt-4xCO2,0.3080952681138889,0.4895869,0.0,72
AO,1916,marine_hw,abrupt-4xCO2,0.32931386243611116,0.60134244,0.0,72
AO,1917,marine_hw,abrupt-4xCO2,0.3287315847055556,0.60393894,0.0,72
AO,1918,marine_hw,abrupt-4xCO2,0.2805103954861111,0.51830953,0.0,72
AO,1919,marine_hw,abrupt-4xCO2,0.29523979818055557,0.5413126,0.0,72
AO,1920,marine_hw,abrupt-4xCO2,0.3149958566111111,0.57717013,0.0,72
AO,1921,marine_hw,abrupt-4xCO2,0.28787024274166667,0.5435963,0.0,72
AO,1922,marine_hw,abrupt-4xCO2,0.305048600375,0.5718577,0.0,72
AO,1923,marine_hw,abrupt-4xCO2,0.30287758140277776,0.5687183,0.0,72
AO,1924,marine_hw,abrupt-4xCO2,0.2994648755736111,0.49357256,0.0,72
AO,1925,marine_hw,abrupt-4xCO2,0.2801125680791667,0.52809596,0.0,72
AO,1926,marine_hw,abrupt-4xCO2,0.32236718662499997,0.55879074,0.0,72
AO,1927,marine_hw,abrupt-4xCO2,0.3063995059097222,0.5787828,0.0,72
AO,1928,marine_hw,abrupt-4xCO2,0.2780722498611111,0.5333332,0.0,72
AO,1929,marine_hw,abrupt-4xCO2,0.30994173463888886,0.5982232,0.0,72
AO,1930,marine_hw,abrupt-4xCO2,0.2763966050069444,0.4693069,0.0,72
AO,1931,marine_hw,abrupt-4xCO2,0.3241761147361111,0.58252746,0.0,72
AO,1932,marine_hw,abrupt-4xCO2,0.3279741908888889,0.56407833,0.009290582,72
AO,1933,marine_hw,abrupt-4xCO2,0.29228488720277773,0.5630824,0.0,72
AO,1934,marine_hw,abrupt-4xCO2,0.292298968625,0.5403764,0.0,72
AO,1935,marine_hw,abrupt-4xCO2,0.3192448997222222,0.5973058,0.0,72
AO,1936,marine_hw,abrupt-4xCO2,0.31681184072222224,0.585275,0.0,72
AO,1937,marine_hw,abrupt-4xCO2,0.31551539719166666,0.5776943,0.0,72
AO,1938,marine_hw,abrupt-4xCO2,0.30129980742361107,0.53296906,0.0018017775,72
AO,1939,marine_hw,abrupt-4xCO2,0.30708040238472223,0.597795,0.0,72
AO,1940,marine_hw,abrupt-4xCO2,0.30174993327777777,0.5183502,0.0,72
AO,1941,marine_hw,abrupt-4xCO2,0.3168311251527778,0.57398486,0.0,72
AO,1942,marine_hw,abrupt-4xCO2,0.3412899099347222,0.5779861,0.0,72
AO,1943,marine_hw,abrupt-4xCO2,0.3202778625,0.6036356,0.0,72
AO,1944,marine_hw,abrupt-4xCO2,0.3041394346611111,0.5589994,0.0,72
AO,1945,marine_hw,abrupt-4xCO2,0.3231438517916667,0.5710497,0.0,72
AO,1946,marine_hw,abrupt-4xCO2,0.32884010593333335,0.5554151,0.0,72
AO,1947,marine_hw,abrupt-4xCO2,0.32519500929166667,0.5361753,0.0,72
AO,1948,marine_hw,abrupt-4xCO2,0.3073028561111111,0.5992607,0.0,72
AO,1949,marine_hw,abrupt-4xCO2,0.31398495324027775,0.56692445,0.00359093,72
AO,1950,marine_hw,abrupt-4xCO2,0.2808930140277778,0.49386847,0.0,72
AO,1951,marine_hw,abrupt-4xCO2,0.29634387036111115,0.5715725,0.0,72
AO,1952,marine_hw,abrupt-4xCO2,0.32689401038055554,0.59654003,0.0,72
AO,1953,marine_hw,abrupt-4xCO2,0.3279801826701389,0.5641421,0.0,72
AO,1954,marine_hw,abrupt-4xCO2,0.33795249098611113,0.6331345,0.0,72
AO,1955,marine_hw,abrupt-4xCO2,0.3102456191027778,0.5358565,0.0,72
AO,1956,marine_hw,abrupt-4xCO2,0.3428015462541667,0.6197172,0.0,72
AO,1957,marine_hw,abrupt-4xCO2,0.34134769163194445,0.5734918,0.0131333005,72
AO,1958,marine_hw,abrupt-4xCO2,0.3262008302916667,0.5670808,0.0,72
AO,1959,marine_hw,abrupt-4xCO2,0.34958666079166667,0.59928423,0.0,72
AO,1960,marine_hw,abrupt-4xCO2,0.3263226432708333,0.57166374,0.0038164195,72
AO,1961,marine_hw,abrupt-4xCO2,0.32224204888472224,0.5311488,0.00397547,72
AO,1962,marine_hw,abrupt-4xCO2,0.3397565217361111,0.55907655,0.0,72
AO,1963,marine_hw,abrupt-4xCO2,0.33507840255555554,0.60523415,0.0,72
AO,1964,marine_hw,abrupt-4xCO2,0.31764642663422227,0.5454204,4.6851164e-05,72
AO,1965,marine_hw,abrupt-4xCO2,0.34641997883888886,0.61074865,0.0063135824,72
AO,1966,marine_hw,abrupt-4xCO2,0.35544039044166664,0.62197477,0.0,72
AO,1967,marine_hw,abrupt-4xCO2,0.2872777196111111,0.5001151,0.0,72
AO,1968,marine_hw,abrupt-4xCO2,0.29784550830555556,0.5058604,0.0,72
AO,1969,marine_hw,abrupt-4xCO2,0.3510101524027778,0.6100956,0.0,72
AO,1970,marine_hw,abrupt-4xCO2,0.3386321559541667,0.61138576,0.0,72
AO,1971,marine_hw,abrupt-4xCO2,0.31602859293611113,0.57821906,0.0,72
AO,1972,marine_hw,abrupt-4xCO2,0.2987867574027778,0.5462398,0.0,72
AO,1973,marine_hw,abrupt-4xCO2,0.36049755530555555,0.63826036,0.0,72
AO,1974,marine_hw,abrupt-4xCO2,0.32534835295833336,0.59926206,0.0,72
AO,1975,marine_hw,abrupt-4xCO2,0.3249031102222222,0.5267491,0.005416993,72
AO,1976,marine_hw,abrupt-4xCO2,0.34444073294444444,0.6703262,0.0,72
AO,1977,marine_hw,abrupt-4xCO2,0.33385161418333337,0.60831654,0.0,72
AO,1978,marine_hw,abrupt-4xCO2,0.3237739597777778,0.5430346,0.007472572,72
AO,1979,marine_hw,abrupt-4xCO2,0.3104536416388889,0.53839123,0.0,72
AO,1980,marine_hw,abrupt-4xCO2,0.35439373008749997,0.6230843,0.0046895207,72
AO,1981,marine_hw,abrupt-4xCO2,0.3379903035453333,0.62291765,0.000101881364,72
AO,1982,marine_hw,abrupt-4xCO2,0.32039706317083333,0.54813504,0.0,72
AO,1983,marine_hw,abrupt-4xCO2,0.36262058876388886,0.63694745,0.005772005,72
AO,1984,marine_hw,abrupt-4xCO2,0.36205401760416667,0.6344881,0.0010964515,72
AO,1985,marine_hw,abrupt-4xCO2,0.3555776406416667,0.6123069,0.0030949872,72
AO,1986,marine_hw,abrupt-4xCO2,0.3204835439861111,0.5618603,0.009920745,72
AO,1987,marine_hw,abrupt-4xCO2,0.32529510165,0.5556701,0.0,72
AO,1988,marine_hw,abrupt-4xCO2,0.37580658905555553,0.6528561,0.007110178,72
AO,1989,marine_hw,abrupt-4xCO2,0.3432357427861111,0.5987715,0.0066350396,72
AO,1990,marine_hw,abrupt-4xCO2,0.34656830270833333,0.60267395,0.0,72
AO,1991,marine_hw,abrupt-4xCO2,0.3507966226138889,0.6109667,0.0,72
AO,1992,marine_hw,abrupt-4xCO2,0.35527396449722226,0.6076193,0.0035895878,72
AO,1993,marine_hw,abrupt-4xCO2,0.33062332510138887,0.55815387,0.0,72
AO,1994,marine_hw,abrupt-4xCO2,0.3262332191944444,0.57677287,0.0,72
AO,1995,marine_hw,abrupt-4xCO2,0.34731186053333335,0.60908425,0.003570797,72
AO,1996,marine_hw,abrupt-4xCO2,0.34173786054166666,0.63121086,0.0,72
AO,1997,marine_hw,abrupt-4xCO2,0.3508013904722222,0.59750915,0.013964793,72
AO,1998,marine_hw,abrupt-4xCO2,0.3182788548311111,0.55809945,0.0,72
AO,1999,marine_hw,abrupt-4xCO2,0.32874915203055555,0.58983576,0.0021245766,72
AO,2000,marine_hw,abrupt-4xCO2,0.33068811347777777,0.5485358,0.004745222,72
AQ,1850,marine_hw,abrupt-4xCO2,0.0,0.0,0.0,2388
AQ,1851,marine_hw,abrupt-4xCO2,0.0,0.0,0.0,2388
AQ,1852,marine_hw,abrupt-4xCO2,0.0,0.0,0.0,2388
AQ,1853,marine_hw,abrupt-4xCO2,0.0,0.0,0.0,2388
AQ,1854,marine_hw,abrupt-4xCO2,0.0,0.0,0.0,2388
AQ,1855,marine_hw,abrupt-4xCO2,0.0,0.0,0.0,2388
AQ,1856,marine_hw,abrupt-4xCO2,0.0,0.0,0.0,2388
AQ,1857,marine_hw,abrupt-4xCO2,0.0,0.0,0.0,2388
AQ,1858,marine_hw,abrupt-4xCO2,0.0,0.0,0.0,2388
AQ,1859,marine_hw,abrupt-4xCO2,0.0,0.0,0.0,2388
AQ,1860,marine_hw,abrupt-4xCO2,0.0,0.0,0.0,2388
AQ,1861,marine_hw,abrupt-4xCO2,0.0,0.0,0.0,2388
AQ,1862,marine_hw,abrupt-4xCO2,0.0,0.0,0.0,2388
AQ,1863,marine_hw,abrupt-4xCO2,0.0,0.0,0.0,2388
AQ,1864,marine_hw,abrupt-4xCO2,0.0,0.0,0.0,2388
AQ,1865,marine_hw,abrupt-4xCO2,0.0,0.0,0.0,2388
AQ,1866,marine_hw,abrupt-4xCO2,0.0,0.0,0.0,2388
AQ,1867,marine_hw,abrupt-4xCO2,0.0,0.0,0.0,2388
AQ,1868,marine_hw,abrupt-4xCO2,0.0,0.0,0.0,2388
AQ,1869,marine_hw,abrupt-4xCO2,0.0,0.0,0.0,2388
AQ,1870,marine_hw,abrupt-4xCO2,0.0,0.0,0.0,2388
AQ,1871,marine_hw,abrupt-4xCO2,0.0,0.0,0.0,2388
AQ,1872,marine_hw,abrupt-4xCO2,0.0,0.0,0.0,2388
AQ,1873,marine_hw,abrupt-4xCO2,0.0,0.0,0.0,2388
AQ,1874,marine_hw,abrupt-4xCO2,0.0,0.0,0.0,2388
AQ,1875,marine_hw,abrupt-4xCO2,0.0,0.0,0.0,2388
AQ,1876,marine_hw,abrupt-4xCO2,0.0,0.0,0.0,2388
AQ,1877,marine_hw,abrupt-4xCO2,0.0,0.0,0.0,2388
AQ,1878,marine_hw,abrupt-4xCO2,0.0,0.0,0.0,2388
AQ,1879,marine_hw,abrupt-4xCO2,0.0,0.0,0.0,2388
AQ,1880,marine_hw,abrupt-4xCO2,0.0,0.0,0.0,2388
AQ,1881,marine_hw,abrupt-4xCO2,0.0,0.0,0.0,2388
AQ,1882,marine_hw,abrupt-4xCO2,0.0,0.0,0.0,2388
AQ,1883,marine_hw,abrupt-4xCO2,0.0,0.0,0.0,2388
AQ,1884,marine_hw,abrupt-4xCO2,0.0,0.0,0.0,2388
AQ,1885,marine_hw,abrupt-4xCO2,0.0,0.0,0.0,2388
AQ,1886,marine_hw,abrupt-4xCO2,0.0,0.0,0.0,2388
AQ,1887,marine_hw,abrupt-4xCO2,0.0,0.0,0.0,2388
AQ,1888,marine_hw,abrupt-4xCO2,0.0,0.0,0.0,2388
AQ,1889,marine_hw,abrupt-4xCO2,0.0,0.0,0.0,2388
AQ,1890,marine_hw,abrupt-4xCO2,0.0,0.0,0.0,2388
AQ,1891,marine_hw,abrupt-4xCO2,0.0,0.0,0.0,2388
AQ,1892,marine_hw,abrupt-4xCO2,0.0,0.0,0.0,2388
AQ,1893,marine_hw,abrupt-4xCO2,0.0,0.0,0.0,2388
AQ,1894,marine_hw,abrupt-4xCO2,0.0,0.0,0.0,2388
AQ,1895,marine_hw,abrupt-4xCO2,0.0,0.0,0.0,2388
AQ,1896,marine_hw,abrupt-4xCO2,0.0,0.0,0.0,2388
AQ,1897,marine_hw,abrupt-4xCO2,0.0,0.0,0.0,2388
AQ,1898,marine_hw,abrupt-4xCO2,0.0,0.0,0.0,2388
AQ,1899,marine_hw,abrupt-4xCO2,0.0,0.0,0.0,2388
AQ,1900,marine_hw,abrupt-4xCO2,0.0,0.0,0.0,2388
AQ,1901,marine_hw,abrupt-4xCO2,0.0,0.0,0.0,2388
AQ,1902,marine_hw,abrupt-4xCO2,0.0,0.0,0.0,2388
AQ,1903,marine_hw,abrupt-4xCO2,0.0,0.0,0.0,2388
AQ,1904,marine_hw,abrupt-4xCO2,0.0,0.0,0.0,2388
AQ,1905,marine_hw,abrupt-4xCO2,0.0,0.0,0.0,2388
AQ,1906,marine_hw,abrupt-4xCO2,0.0,0.0,0.0,2388
AQ,1907,marine_hw,abrupt-4xCO2,0.0,0.0,0.0,2388
AQ,1908,marine_hw,abrupt-4xCO2,0.0,0.0,0.0,2388
AQ,1909,marine_hw,abrupt-4xCO2,0.0,0.0,0.0,2388
AQ,1910,marine_hw,abrupt-4xCO2,0.0,0.0,0.0,2388
AQ,1911,marine_hw,abrupt-4xCO2,0.0,0.0,0.0,2388
AQ,1912,marine_hw,abrupt-4xCO2,0.0,0.0,0.0,2388
AQ,1913,marine_hw,abrupt-4xCO2,0.0,0.0,0.0,2388
AQ,1914,marine_hw,abrupt-4xCO2,0.0,0.0,0.0,2388
AQ,1915,marine_hw,abrupt-4xCO2,0.0,0.0,0.0,2388
AQ,1916,marine_hw,abrupt-4xCO2,0.0,0.0,0.0,2388
AQ,1917,marine_hw,abrupt-4xCO2,0.0,0.0,0.0,2388
AQ,1918,marine_hw,abrupt-4xCO2,0.0,0.0,0.0,2388
AQ,1919,marine_hw,abrupt-4xCO2,0.0,0.0,0.0,2388
AQ,1920,marine_hw,abrupt-4xCO2,0.0,0.0,0.0,2388
AQ,1921,marine_hw,abrupt-4xCO2,0.0,0.0,0.0,2388
AQ,1922,marine_hw,abrupt-4xCO2,0.0,0.0,0.0,2388
AQ,1923,marine_hw,abrupt-4xCO2,0.0,0.0,0.0,2388
AQ,1924,marine_hw,abrupt-4xCO2,0.0,0.0,0.0,2388
AQ,1925,marine_hw,abrupt-4xCO2,0.0,0.0,0.0,2388
AQ,1926,marine_hw,abrupt-4xCO2,0.0,0.0,0.0,2388
AQ,1927,marine_hw,abrupt-4xCO2,0.0,0.0,0.0,2388
AQ,1928,marine_hw,abrupt-4xCO2,0.0,0.0,0.0,2388
AQ,1929,marine_hw,abrupt-4xCO2,0.0,0.0,0.0,2388
AQ,1930,marine_hw,abrupt-4xCO2,0.0,0.0,0.0,2388
AQ,1931,marine_hw,abrupt-4xCO2,0.0,0.0,0.0,2388
AQ,1932,marine_hw,abrupt-4xCO2,0.0,0.0,0.0,2388
AQ,1933,marine_hw,abrupt-4xCO2,0.0,0.0,0.0,2388
AQ,1934,marine_hw,abrupt-4xCO2,0.0,0.0,0.0,2388
AQ,1935,marine_hw,abrupt-4xCO2,0.0,0.0,0.0,2388
AQ,1936,marine_hw,abrupt-4xCO2,0.0,0.0,0.0,2388
AQ,1937,marine_hw,abrupt-4xCO2,0.0,0.0,0.0,2388
AQ,1938,marine_hw,abrupt-4xCO2,0.0,0.0,0.0,2388
AQ,1939,marine_hw,abrupt-4xCO2,0.0,0.0,0.0,2388
AQ,1940,marine_hw,abrupt-4xCO2,0.0,0.0,0.0,2388
AQ,1941,marine_hw,abrupt-4xCO2,0.0,0.0,0.0,2388
AQ,1942,marine_hw,abrupt-4xCO2,0.0,0.0,0.0,2388
AQ,1943,marine_hw,abrupt-4xCO2,0.0,0.0,0.0,2388
AQ,1944,marine_hw,abrupt-4xCO2,0.0,0.0,0.0,2388
AQ,1945,marine_hw,abrupt-4xCO2,0.0,0.0,0.0,2388
AQ,1946,marine_hw,abrupt-4xCO2,0.0,0.0,0.0,2388
AQ,1947,marine_hw,abrupt-4xCO2,0.0,0.0,0.0,2388
AQ,1948,marine_hw,abrupt-4xCO2,0.0,0.0,0.0,2388
AQ,1949,marine_hw,abrupt-4xCO2,0.0,0.0,0.0,2388
AQ,1950,marine_hw,abrupt-4xCO2,0.0,0.0,0.0,2388
AQ,1951,marine_hw,abrupt-4xCO2,0.0,0.0,0.0,2388
AQ,1952,marine_hw,abrupt-4xCO2,0.0,0.0,0.0,2388
AQ,1953,marine_hw,abrupt-4xCO2,0.0,0.0,0.0,2388
AQ,1954,marine_hw,abrupt-4xCO2,0.0,0.0,0.0,2388
AQ,1955,marine_hw,abrupt-4xCO2,0.0,0.0,0.0,2388
AQ,1956,marine_hw,abrupt-4xCO2,0.0,0.0,0.0,2388
AQ,1957,marine_hw,abrupt-4xCO2,0.0,0.0,0.0,2388
AQ,1958,marine_hw,abrupt-4xCO2,0.0,0.0,0.0,2388
AQ,1959,marine_hw,abrupt-4xCO2,0.0,0.0,0.0,2388
AQ,1960,marine_hw,abrupt-4xCO2,0.0,0.0,0.0,2388
AQ,1961,marine_hw,abrupt-4xCO2,0.0,0.0,0.0,2388
AQ,1962,marine_hw,abrupt-4xCO2,0.0,0.0,0.0,2388
AQ,1963,marine_hw,abrupt-4xCO2,0.0,0.0,0.0,2388
AQ,1964,marine_hw,abrupt-4xCO2,0.0,0.0,0.0,2388
AQ,1965,marine_hw,abrupt-4xCO2,0.0,0.0,0.0,2388
AQ,1966,marine_hw,abrupt-4xCO2,0.0,0.0,0.0,2388
AQ,1967,marine_hw,abrupt-4xCO2,0.0,0.0,0.0,2388
AQ,1968,marine_hw,abrupt-4xCO2,0.0,0.0,0.0,2388
AQ,1969,marine_hw,abrupt-4xCO2,0.0,0.0,0.0,2388
AQ,1970,marine_hw,abrupt-4xCO2,0.0,0.0,0.0,2388
AQ,1971,marine_hw,abrupt-4xCO2,0.0,0.0,0.0,2388
AQ,1972,marine_hw,abrupt-4xCO2,0.0,0.0,0.0,2388
AQ,1973,marine_hw,abrupt-4xCO2,0.0,0.0,0.0,2388
AQ,1974,marine_hw,abrupt-4xCO2,0.0,0.0,0.0,2388
AQ,1975,marine_hw,abrupt-4xCO2,0.0,0.0,0.0,2388
AQ,1976,marine_hw,abrupt-4xCO2,0.0,0.0,0.0,2388
AQ,1977,marine_hw,abrupt-4xCO2,0.0,0.0,0.0,2388
AQ,1978,marine_hw,abrupt-4xCO2,0.0,0.0,0.0,2388
AQ,1979,marine_hw,abrupt-4xCO2,0.0,0.0,0.0,2388
AQ,1980,marine_hw,abrupt-4xCO2,0.0,0.0,0.0,2388
AQ,1981,marine_hw,abrupt-4xCO2,0.0,0.0,0.0,2388
AQ,1982,marine_hw,abrupt-4xCO2,0.0,0.0,0.0,2388
AQ,1983,marine_hw,abrupt-4xCO2,0.0,0.0,0.0,2388
AQ,1984,marine_hw,abrupt-4xCO2,0.0,0.0,0.0,2388
AQ,1985,marine_hw,abrupt-4xCO2,0.0,0.0,0.0,2388
AQ,1986,marine_hw,abrupt-4xCO2,0.0,0.0,0.0,2388
AQ,1987,marine_hw,abrupt-4xCO2,0.0,0.0,0.0,2388
AQ,1988,marine_hw,abrupt-4xCO2,0.0,0.0,0.0,2388
AQ,1989,marine_hw,abrupt-4xCO2,0.0,0.0,0.0,2388
AQ,1990,marine_hw,abrupt-4xCO2,0.0,0.0,0.0,2388
AQ,1991,marine_hw,abrupt-4xCO2,0.0,0.0,0.0,2388
AQ,1992,marine_hw,abrupt-4xCO2,0.0,0.0,0.0,2388
AQ,1993,marine_hw,abrupt-4xCO2,0.0,0.0,0.0,2388
AQ,1994,marine_hw,abrupt-4xCO2,0.0,0.0,0.0,2388
AQ,1995,marine_hw,abrupt-4xCO2,0.0,0.0,0.0,2388
AQ,1996,marine_hw,abrupt-4xCO2,0.0,0.0,0.0,2388
AQ,1997,marine_hw,abrupt-4xCO2,0.0,0.0,0.0,2388
AQ,1998,marine_hw,abrupt-4xCO2,0.0,0.0,0.0,2388
AQ,1999,marine_hw,abrupt-4xCO2,0.0,0.0,0.0,2388
AQ,2000,marine_hw,abrupt-4xCO2,0.0,0.0,0.0,2388
AU,1850,marine_hw,abrupt-4xCO2,0.006717790475157104,0.34253427,0.0,1464
AU,1851,marine_hw,abrupt-4xCO2,0.01294195944784836,0.39465845,0.0,1464
AU,1852,marine_hw,abrupt-4xCO2,0.016636228414412566,0.51702815,0.0,1464
AU,1853,marine_hw,abrupt-4xCO2,0.01997135188531421,0.46832776,0.0,1464
AU,1854,marine_hw,abrupt-4xCO2,0.019020075063251367,0.4304509,0.0,1464
AU,1855,marine_hw,abrupt-4xCO2,0.017209972648161202,0.44362056,0.0,1464
AU,1856,marine_hw,abrupt-4xCO2,0.020143938720614752,0.505398,0.0,1464
AU,1857,marine_hw,abrupt-4xCO2,0.022233527433469947,0.4858247,0.0,1464
AU,1858,marine_hw,abrupt-4xCO2,0.02206536333333333,0.528104,0.0,1464
AU,1859,marine_hw,abrupt-4xCO2,0.023505451714685793,0.5397731,0.0,1464
AU,1860,marine_hw,abrupt-4xCO2,0.02572466698773907,0.5746488,0.0,1464
AU,1861,marine_hw,abrupt-4xCO2,0.023606189005464483,0.55206895,0.0,1464
AU,1862,marine_hw,abrupt-4xCO2,0.02217088871989754,0.48626894,0.0,1464
AU,1863,marine_hw,abrupt-4xCO2,0.026783036649904373,0.5478182,0.0,1464
AU,1864,marine_hw,abrupt-4xCO2,0.024674795734323768,0.53682023,0.0,1464
AU,1865,marine_hw,abrupt-4xCO2,0.027545264434426227,0.6100775,0.0,1464
AU,1866,marine_hw,abrupt-4xCO2,0.0286019614454235,0.58871776,0.0,1464
AU,1867,marine_hw,abrupt-4xCO2,0.025651285709699455,0.6054952,0.0,1464
AU,1868,marine_hw,abrupt-4xCO2,0.0258799541784153,0.55539095,0.0,1464
AU,1869,marine_hw,abrupt-4xCO2,0.03011181745956284,0.58368313,0.0,1464
AU,1870,marine_hw,abrupt-4xCO2,0.03009718555,0.58892983,0.0,1464
AU,1871,marine_hw,abrupt-4xCO2,0.024000223350170765,0.5321064,0.0,1464
AU,1872,marine_hw,abrupt-4xCO2,0.02583116241385929,0.5485645,0.0,1464
AU,1873,marine_hw,abrupt-4xCO2,0.0252372987560724,0.5683982,0.0,1464
AU,1874,marine_hw,abrupt-4xCO2,0.027405575864959016,0.6045034,0.0,1464
AU,1875,marine_hw,abrupt-4xCO2,0.03092217709873634,0.57891166,0.0,1464
AU,1876,marine_hw,abrupt-4xCO2,0.03174655757411202,0.6154101,0.0,1464
AU,1877,marine_hw,abrupt-4xCO2,0.024743898308948086,0.5204494,0.0,1464
AU,1878,marine_hw,abrupt-4xCO2,0.026074285074248634,0.59869695,0.0,1464
AU,1879,marine_hw,abrupt-4xCO2,0.03078971714086749,0.64427006,0.0,1464
AU,1880,marine_hw,abrupt-4xCO2,0.02720599346297814,0.5372739,0.0,1464
AU,1881,marine_hw,abrupt-4xCO2,0.03141526451476093,0.5291952,0.0,1464
AU,1882,marine_hw,abrupt-4xCO2,0.026320795677308745,0.5197542,0.0,1464
AU,1883,marine_hw,abrupt-4xCO2,0.029594489821994537,0.5780016,0.0,1464
AU,1884,marine_hw,abrupt-4xCO2,0.035216325681748636,0.6620904,0.0,1464
AU,1885,marine_hw,abrupt-4xCO2,0.02681207779895492,0.52807176,0.0,1464
AU,1886,marine_hw,abrupt-4xCO2,0.02940547705612022,0.54757524,0.0,1464
AU,1887,marine_hw,abrupt-4xCO2,0.03136167081878415,0.59278595,0.0,1464
AU,1888,marine_hw,abrupt-4xCO2,0.02767428533169399,0.54916716,0.0,1464
AU,1889,marine_hw,abrupt-4xCO2,0.027629607838183058,0.59210145,0.0,1464
AU,1890,marine_hw,abrupt-4xCO2,0.024364443789617485,0.49479863,0.0,1464
AU,1891,marine_hw,abrupt-4xCO2,0.03123321737796448,0.614947,0.0,1464
AU,1892,marine_hw,abrupt-4xCO2,0.0326110821898429,0.61445713,0.0,1464
AU,1893,marine_hw,abrupt-4xCO2,0.02985987008080601,0.62263644,0.0,1464
AU,1894,marine_hw,abrupt-4xCO2,0.028029930702550547,0.52701145,0.0,1464
AU,1895,marine_hw,abrupt-4xCO2,0.03307510128210382,0.6115217,0.0,1464
AU,1896,marine_hw,abrupt-4xCO2,0.028072890837568303,0.5974568,0.0,1464
AU,1897,marine_hw,abrupt-4xCO2,0.03082231634808743,0.59133637,0.0,1464
AU,1898,marine_hw,abrupt-4xCO2,0.036160912822062845,0.6563807,0.0,1464
AU,1899,marine_hw,abrupt-4xCO2,0.030918498472233606,0.5625489,0.0,1464
AU,1900,marine_hw,abrupt-4xCO2,0.03130554053927596,0.60795146,0.0,1464
AU,1901,marine_hw,abrupt-4xCO2,0.03305445602939891,0.6110788,0.0,1464
AU,1902,marine_hw,abrupt-4xCO2,0.03197390968712432,0.6189253,0.0,1464
AU,1903,marine_hw,abrupt-4xCO2,0.027518680833975406,0.5189582,0.0,1464
AU,1904,marine_hw,abrupt-4xCO2,0.029909885944453554,0.68011886,0.0,1464
AU,1905,marine_hw,abrupt-4xCO2,0.03370706595448087,0.62570477,0.0,1464
AU,1906,marine_hw,abrupt-4xCO2,0.029765761524820356,0.5327238,0.0,1464
AU,1907,marine_hw,abrupt-4xCO2,0.029228384521557373,0.6120291,0.0,1464
AU,1908,marine_hw,abrupt-4xCO2,0.034922392881420766,0.5981668,0.0,1464
AU,1909,marine_hw,abrupt-4xCO2,0.027024825835860654,0.56565875,0.0,1464
AU,1910,marine_hw,abrupt-4xCO2,0.032288020039344265,0.66591835,0.0,1464
AU,1911,marine_hw,abrupt-4xCO2,0.03219348371568989,0.57425284,0.0,1464
AU,1912,marine_hw,abrupt-4xCO2,0.029041262124453553,0.518271,0.0,1464
AU,1913,marine_hw,abrupt-4xCO2,0.030464123599041666,0.57962036,0.0,1464
AU,1914,marine_hw,abrupt-4xCO2,0.0370126551307888,0.6109741,0.0,1464
AU,1915,marine_hw,abrupt-4xCO2,0.030281497238900276,0.62778914,0.0,1464
AU,1916,marine_hw,abrupt-4xCO2,0.03340014825148019,0.63694566,0.0,1464
AU,1917,marine_hw,abrupt-4xCO2,0.03294387504986339,0.66757333,0.0,1464
AU,1918,marine_hw,abrupt-4xCO2,0.03227882004627732,0.6557714,0.0,1464
AU,1919,marine_hw,abrupt-4xCO2,0.031006514036065573,0.5751293,0.0,1464
AU,1920,marine_hw,abrupt-4xCO2,0.03644727721352459,0.605969,0.0,1464
AU,1921,marine_hw,abrupt-4xCO2,0.02928539360293716,0.56177175,0.0,1464
AU,1922,marine_hw,abrupt-4xCO2,0.028576975486202184,0.5864078,0.0,1464
AU,1923,marine_hw,abrupt-4xCO2,0.03452486373964481,0.6182783,0.0,1464
AU,1924,marine_hw,abrupt-4xCO2,0.028434617033538254,0.58700645,0.0,1464
AU,1925,marine_hw,abrupt-4xCO2,0.02803032219918989,0.5584364,0.0,1464
AU,1926,marine_hw,abrupt-4xCO2,0.02945491498920765,0.5712047,0.0,1464
AU,1927,marine_hw,abrupt-4xCO2,0.029031770516557375,0.5637609,0.0,1464
AU,1928,marine_hw,abrupt-4xCO2,0.03096928639656421,0.60177064,0.0,1464
AU,1929,marine_hw,abrupt-4xCO2,0.03452556671960383,0.6192863,0.0,1464
AU,1930,marine_hw,abrupt-4xCO2,0.030565583272984972,0.5876547,0.0,1464
AU,1931,marine_hw,abrupt-4xCO2,0.0335872451856694,0.6307769,0.0,1464
AU,1932,marine_hw,abrupt-4xCO2,0.02881154040522541,0.58801305,0.0,1464
AU,1933,marine_hw,abrupt-4xCO2,0.034585176611793715,0.614488,0.0,1464
AU,1934,marine_hw,abrupt-4xCO2,0.025965562468360653,0.53820133,0.0,1464
AU,1935,marine_hw,abrupt-4xCO2,0.03549666507943989,0.63733625,0.0,1464
AU,1936,marine_hw,abrupt-4xCO2,0.03370626924419911,0.59998685,0.0,1464
AU,1937,marine_hw,abrupt-4xCO2,0.03507549180798497,0.60136664,0.0,1464
AU,1938,marine_hw,abrupt-4xCO2,0.02886550247196038,0.5526152,0.0,1464
AU,1939,marine_hw,abrupt-4xCO2,0.032725967561345624,0.5770621,0.0,1464
AU,1940,marine_hw,abrupt-4xCO2,0.031470549609220626,0.71939164,0.0,1464
AU,1941,marine_hw,abrupt-4xCO2,0.03248842396007513,0.59187996,0.0,1464
AU,1942,marine_hw,abrupt-4xCO2,0.03403756009011612,0.6258913,0.0,1464
AU,1943,marine_hw,abrupt-4xCO2,0.035693979403722674,0.62878376,0.0,1464
AU,1944,marine_hw,abrupt-4xCO2,0.03377327164234972,0.5991359,0.0,1464
AU,1945,marine_hw,abrupt-4xCO2,0.032099336127254095,0.59079546,0.0,1464
AU,1946,marine_hw,abrupt-4xCO2,0.03576334846887295,0.6238364,0.0,1464
AU,1947,marine_hw,abrupt-4xCO2,0.02926561764805328,0.53936774,0.0,1464
AU,1948,marine_hw,abrupt-4xCO2,0.03468422714548292,0.66797197,0.0,1464
AU,1949,marine_hw,abrupt-4xCO2,0.036104195114501365,0.6078629,0.0,1464
AU,1950,marine_hw,abrupt-4xCO2,0.03005100484213798,0.5133183,0.0,1464
AU,1951,marine_hw,abrupt-4xCO2,0.032420463198019125,0.61843807,0.0,1464
AU,1952,marine_hw,abrupt-4xCO2,0.03450830155446038,0.6699638,0.0,1464
AU,1953,marine_hw,abrupt-4xCO2,0.03269014597793716,0.63045883,0.0,1464
AU,1954,marine_hw,abrupt-4xCO2,0.037662214101571036,0.6277355,0.0,1464
AU,1955,marine_hw,abrupt-4xCO2,0.029328764825068306,0.6098802,0.0,1464
AU,1956,marine_hw,abrupt-4xCO2,0.03408037969419399,0.6464807,0.0,1464
AU,1957,marine_hw,abrupt-4xCO2,0.03134279538449454,0.5947925,0.0,1464
AU,1958,marine_hw,abrupt-4xCO2,0.02879347715855874,0.59111357,0.0,1464
AU,1959,marine_hw,abrupt-4xCO2,0.03508842494590164,0.6114425,0.0,1464
AU,1960,marine_hw,abrupt-4xCO2,0.03215042747523224,0.614394,0.0,1464
AU,1961,marine_hw,abrupt-4xCO2,0.031140351289071038,0.57642454,0.0,1464
AU,1962,marine_hw,abrupt-4xCO2,0.03558593011368579,0.6151537,0.0,1464
AU,1963,marine_hw,abrupt-4xCO2,0.03864325048702186,0.6408689,0.0,1464
AU,1964,marine_hw,abrupt-4xCO2,0.03313689229553279,0.6018673,0.0,1464
AU,1965,marine_hw,abrupt-4xCO2,0.03238522820068989,0.5666721,0.0,1464
AU,1966,marine_hw,abrupt-4xCO2,0.03577682776213115,0.63237417,0.0,1464
AU,1967,marine_hw,abrupt-4xCO2,0.0379307972215847,0.5807048,0.0,1464
AU,1968,marine_hw,abrupt-4xCO2,0.028763731486489072,0.5638924,0.0,1464
AU,1969,marine_hw,abrupt-4xCO2,0.03809731641942623,0.6323634,0.0,1464
AU,1970,marine_hw,abrupt-4xCO2,0.03987959103035519,0.6648889,0.0,1464
AU,1971,marine_hw,abrupt-4xCO2,0.034079370274043716,0.7020182,0.0,1464
AU,1972,marine_hw,abrupt-4xCO2,0.028771963096516393,0.5271859,0.0,1464
AU,1973,marine_hw,abrupt-4xCO2,0.03612073709498634,0.58408713,0.0,1464
AU,1974,marine_hw,abrupt-4xCO2,0.03603355230396175,0.64687794,0.0,1464
AU,1975,marine_hw,abrupt-4xCO2,0.03259781799501366,0.56468296,0.0,1464
AU,1976,marine_hw,abrupt-4xCO2,0.03771372748125,0.6141833,0.0,1464
AU,1977,marine_hw,abrupt-4xCO2,0.036190063144443306,0.6225519,0.0,1464
AU,1978,marine_hw,abrupt-4xCO2,0.034971001579747266,0.63072324,0.0,1464
AU,1979,marine_hw,abrupt-4xCO2,0.0322018273784153,0.5729898,0.0,1464
AU,1980,marine_hw,abrupt-4xCO2,0.03664400610088798,0.6104251,0.0,1464
AU,1981,marine_hw,abrupt-4xCO2,0.035263594674316945,0.6569767,0.0,1464
AU,1982,marine_hw,abrupt-4xCO2,0.034383113494740436,0.6052778,0.0,1464
AU,1983,marine_hw,abrupt-4xCO2,0.03513832689084699,0.5791613,0.0,1464
AU,1984,marine_hw,abrupt-4xCO2,0.03292929532580601,0.6533353,0.0,1464
AU,1985,marine_hw,abrupt-4xCO2,0.03674964118961544,0.6206218,0.0,1464
AU,1986,marine_hw,abrupt-4xCO2,0.030737524341933064,0.5511415,0.0,1464
AU,1987,marine_hw,abrupt-4xCO2,0.03194706613995902,0.5803907,0.0,1464
AU,1988,marine_hw,abrupt-4xCO2,0.035211747664521856,0.63152856,0.0,1464
AU,1989,marine_hw,abrupt-4xCO2,0.03399931601730191,0.5921283,0.0,1464
AU,1990,marine_hw,abrupt-4xCO2,0.036402647677663935,0.6385093,0.0,1464
AU,1991,marine_hw,abrupt-4xCO2,0.035489747463046444,0.59107196,0.0,1464
AU,1992,marine_hw,abrupt-4xCO2,0.038305182467377054,0.6486389,0.0,1464
AU,1993,marine_hw,abrupt-4xCO2,0.03487970918243579,0.62643754,0.0,1464
AU,1994,marine_hw,abrupt-4xCO2,0.034348652824521854,0.63821,0.0,1464
AU,1995,marine_hw,abrupt-4xCO2,0.03584609387464481,0.61274314,0.0,1464
AU,1996,marine_hw,abrupt-4xCO2,0.03984399852301913,0.703857,0.0,1464
AU,1997,marine_hw,abrupt-4xCO2,0.03398758631827186,0.61412156,0.0,1464
AU,1998,marine_hw,abrupt-4xCO2,0.0317823549309877,0.58198524,0.0,1464
AU,1999,marine_hw,abrupt-4xCO2,0.03841718124327869,0.6750279,0.0,1464
AU,2000,marine_hw,abrupt-4xCO2,0.03351177380512295,0.61023986,0.0,1464
BA,1850,marine_hw,abrupt-4xCO2,0.0,0.0,0.0,12
BA,1851,marine_hw,abrupt-4xCO2,0.0,0.0,0.0,12
BA,1852,marine_hw,abrupt-4xCO2,0.0,0.0,0.0,12
BA,1853,marine_hw,abrupt-4xCO2,0.0009248666666666666,0.0110984,0.0,12
BA,1854,marine_hw,abrupt-4xCO2,0.0020052256666666666,0.024062708,0.0,12
BA,1855,marine_hw,abrupt-4xCO2,0.0,0.0,0.0,12
BA,1856,marine_hw,abrupt-4xCO2,0.0,0.0,0.0,12
BA,1857,marine_hw,abrupt-4xCO2,0.0,0.0,0.0,12
BA,1858,marine_hw,abrupt-4xCO2,0.0,0.0,0.0,12
BA,1859,marine_hw,abrupt-4xCO2,0.0,0.0,0.0,12
BA,1860,marine_hw,abrupt-4xCO2,0.0,0.0,0.0,12
BA,1861,marine_hw,abrupt-4xCO2,0.0,0.0,0.0,12
BA,1862,marine_hw,abrupt-4xCO2,0.0,0.0,0.0,12
BA,1863,marine_hw,abrupt-4xCO2,0.0008002656666666667,0.009603188,0.0,12
BA,1864,marine_hw,abrupt-4xCO2,0.0,0.0,0.0,12
BA,1865,marine_hw,abrupt-4xCO2,0.0,0.0,0.0,12
BA,1866,marine_hw,abrupt-4xCO2,0.001258179625,0.0150981555,0.0,12
BA,1867,marine_hw,abrupt-4xCO2,0.0,0.0,0.0,12
BA,1868,marine_hw,abrupt-4xCO2,0.0007916532916666666,0.0094998395,0.0,12
BA,1869,marine_hw,abrupt-4xCO2,0.0,0.0,0.0,12
BA,1870,marine_hw,abrupt-4xCO2,0.0,0.0,0.0,12
BA,1871,marine_hw,abrupt-4xCO2,0.0,0.0,0.0,12
BA,1872,marine_hw,abrupt-4xCO2,0.0,0.0,0.0,12
BA,1873,marine_hw,abrupt-4xCO2,0.0,0.0,0.0,12
BA,1874,marine_hw,abrupt-4xCO2,0.0,0.0,0.0,12
BA,1875,marine_hw,abrupt-4xCO2,0.007805521583333333,0.053925313,0.0,12
BA,1876,marine_hw,abrupt-4xCO2,0.0,0.0,0.0,12
BA,1877,marine_hw,abrupt-4xCO2,0.0,0.0,0.0,12
BA,1878,marine_hw,abrupt-4xCO2,0.0013964261666666667,0.016757114,0.0,12
BA,1879,marine_hw,abrupt-4xCO2,0.0,0.0,0.0,12
BA,1880,marine_hw,abrupt-4xCO2,0.0,0.0,0.0,12
BA,1881,marine_hw,abrupt-4xCO2,0.0024872991666666667,0.02984759,0.0,12
BA,1882,marine_hw,abrupt-4xCO2,0.0,0.0,0.0,12
BA,1883,marine_hw,abrupt-4xCO2,0.0,0.0,0.0,12
BA,1884,marine_hw,abrupt-4xCO2,0.0,0.0,0.0,12
BA,1885,marine_hw,abrupt-4xCO2,0.0,0.0,0.0,12
BA,1886,marine_hw,abrupt-4xCO2,0.0,0.0,0.0,12
BA,1887,marine_hw,abrupt-4xCO2,0.0,0.0,0.0,12
BA,1888,marine_hw,abrupt-4xCO2,0.0,0.0,0.0,12
BA,1889,marine_hw,abrupt-4xCO2,0.0007523939166666667,0.009028727,0.0,12
BA,1890,marine_hw,abrupt-4xCO2,0.0,0.0,0.0,12
BA,1891,marine_hw,abrupt-4xCO2,0.0,0.0,0.0,12
BA,1892,marine_hw,abrupt-4xCO2,0.0,0.0,0.0,12
BA,1893,marine_hw,abrupt-4xCO2,0.0,0.0,0.0,12
BA,1894,marine_hw,abrupt-4xCO2,0.0,0.0,0.0,12
BA,1895,marine_hw,abrupt-4xCO2,0.002350954,0.028211448,0.0,12
BA,1896,marine_hw,abrupt-4xCO2,0.0,0.0,0.0,12
BA,1897,marine_hw,abrupt-4xCO2,0.0022877588333333333,0.027453106,0.0,12
BA,1898,marine_hw,abrupt-4xCO2,0.0025196238333333332,0.030235486,0.0,12
BA,1899,marine_hw,abrupt-4xCO2,0.0,0.0,0.0,12
BA,1900,marine_hw,abrupt-4xCO2,0.0,0.0,0.0,12
BA,1901,marine_hw,abrupt-4xCO2,0.0,0.0,0.0,12
BA,1902,marine_hw,abrupt-4xCO2,0.0,0.0,0.0,12
BA,1903,marine_hw,abrupt-4xCO2,0.0,0.0,0.0,12
BA,1904,marine_hw,abrupt-4xCO2,0.0,0.0,0.0,12
BA,1905,marine_hw,abrupt-4xCO2,0.0,0.0,0.0,12
BA,1906,marine_hw,abrupt-4xCO2,0.0,0.0,0.0,12
BA,1907,marine_hw,abrupt-4xCO2,0.00462945025,0.055553403,0.0,12
BA,1908,marine_hw,abrupt-4xCO2,0.0,0.0,0.0,12
BA,1909,marine_hw,abrupt-4xCO2,0.0,0.0,0.0,12
BA,1910,marine_hw,abrupt-4xCO2,0.0,0.0,0.0,12
BA,1911,marine_hw,abrupt-4xCO2,0.0,0.0,0.0,12
BA,1912,marine_hw,abrupt-4xCO2,0.0,0.0,0.0,12
BA,1913,marine_hw,abrupt-4xCO2,0.0,0.0,0.0,12
BA,1914,marine_hw,abrupt-4xCO2,0.0,0.0,0.0,12
BA,1915,marine_hw,abrupt-4xCO2,0.0,0.0,0.0,12
BA,1916,marine_hw,abrupt-4xCO2,0.0,0.0,0.0,12
BA,1917,marine_hw,abrupt-4xCO2,0.0,0.0,0.0,12
BA,1918,marine_hw,abrupt-4xCO2,0.0,0.0,0.0,12
BA,1919,marine_hw,abrupt-4xCO2,0.0,0.0,0.0,12
BA,1920,marine_hw,abrupt-4xCO2,0.0,0.0,0.0,12
BA,1921,marine_hw,abrupt-4xCO2,0.004212452583333333,0.030493189,0.0,12
BA,1922,marine_hw,abrupt-4xCO2,0.0,0.0,0.0,12
BA,1923,marine_hw,abrupt-4xCO2,0.0,0.0,0.0,12
BA,1924,marine_hw,abrupt-4xCO2,0.0,0.0,0.0,12
BA,1925,marine_hw,abrupt-4xCO2,0.0,0.0,0.0,12
BA,1926,marine_hw,abrupt-4xCO2,8.901161666666667e-05,0.0010681394,0.0,12
BA,1927,marine_hw,abrupt-4xCO2,0.0,0.0,0.0,12
BA,1928,marine_hw,abrupt-4xCO2,0.0,0.0,0.0,12
BA,1929,marine_hw,abrupt-4xCO2,0.0,0.0,0.0,12
BA,1930,marine_hw,abrupt-4xCO2,0.0,0.0,0.0,12
BA,1931,marine_hw,abrupt-4xCO2,0.0,0.0,0.0,12
BA,1932,marine_hw,abrupt-4xCO2,0.0,0.0,0.0,12
BA,1933,marine_hw,abrupt-4xCO2,0.0,0.0,0.0,12
BA,1934,marine_hw,abrupt-4xCO2,0.0,0.0,0.0,12
BA,1935,marine_hw,abrupt-4xCO2,0.0,0.0,0.0,12
BA,1936,marine_hw,abrupt-4xCO2,0.0,0.0,0.0,12
BA,1937,marine_hw,abrupt-4xCO2,0.0,0.0,0.0,12
BA,1938,marine_hw,abrupt-4xCO2,0.0,0.0,0.0,12
BA,1939,marine_hw,abrupt-4xCO2,0.00177783475,0.021334017,0.0,12
BA,1940,marine_hw,abrupt-4xCO2,0.0,0.0,0.0,12
BA,1941,marine_hw,abrupt-4xCO2,0.0,0.0,0.0,12
BA,1942,marine_hw,abrupt-4xCO2,0.0,0.0,0.0,12
BA,1943,marine_hw,abrupt-4xCO2,0.005582279583333333,0.041661635,0.0,12
BA,1944,marine_hw,abrupt-4xCO2,0.0,0.0,0.0,12
BA,1945,marine_hw,abrupt-4xCO2,0.0006388661666666667,0.007666394,0.0,12
BA,1946,marine_hw,abrupt-4xCO2,0.004778658,0.057343896,0.0,12
BA,1947,marine_hw,abrupt-4xCO2,0.0,0.0,0.0,12
BA,1948,marine_hw,abrupt-4xCO2,0.004627415833333333,0.04048318,0.0,12
BA,1949,marine_hw,abrupt-4xCO2,0.0,0.0,0.0,12
BA,1950,marine_hw,abrupt-4xCO2,0.0,0.0,0.0,12
BA,1951,marine_hw,abrupt-4xCO2,0.0,0.0,0.0,12
BA,1952,marine_hw,abrupt-4xCO2,0.0,0.0,0.0,12
BA,1953,marine_hw,abrupt-4xCO2,0.0,0.0,0.0,12
BA,1954,marine_hw,abrupt-4xCO2,0.002599708416666667,0.031196501,0.0,12
BA,1955,marine_hw,abrupt-4xCO2,0.0,0.0,0.0,12
BA,1956,marine_hw,abrupt-4xCO2,0.0,0.0,0.0,12
BA,1957,marine_hw,abrupt-4xCO2,0.0011813386666666666,0.014176064,0.0,12
BA,1958,marine_hw,abrupt-4xCO2,0.0,0.0,0.0,12
BA,1959,marine_hw,abrupt-4xCO2,0.0,0.0,0.0,12
BA,1960,marine_hw,abrupt-4xCO2,0.0,0.0,0.0,12
BA,1961,marine_hw,abrupt-4xCO2,0.00529985825,0.040433522,0.0,12
BA,1962,marine_hw,abrupt-4xCO2,0.0,0.0,0.0,12
BA,1963,marine_hw,abrupt-4xCO2,0.0007782313333333334,0.009338776,0.0,12
BA,1964,marine_hw,abrupt-4xCO2,0.0,0.0,0.0,12
BA,1965,marine_hw,abrupt-4xCO2,0.0,0.0,0.0,12
BA,1966,marine_hw,abrupt-4xCO2,0.0,0.0,0.0,12
BA,1967,marine_hw,abrupt-4xCO2,0.0,0.0,0.0,12
BA,1968,marine_hw,abrupt-4xCO2,0.0019991648333333332,0.020387765,0.0,12
BA,1969,marine_hw,abrupt-4xCO2,0.0,0.0,0.0,12
BA,1970,marine_hw,abrupt-4xCO2,0.005364059916666667,0.03516807,0.0,12
BA,1971,marine_hw,abrupt-4xCO2,0.00010836166666666667,0.00130034,0.0,12
BA,1972,marine_hw,abrupt-4xCO2,0.0007983642500000001,0.009580371,0.0,12
BA,1973,marine_hw,abrupt-4xCO2,0.0,0.0,0.0,12
BA,1974,marine_hw,abrupt-4xCO2,0.00386996775,0.041267026,0.0,12
BA,1975,marine_hw,abrupt-4xCO2,0.0,0.0,0.0,12
BA,1976,marine_hw,abrupt-4xCO2,0.0,0.0,0.0,12
BA,1977,marine_hw,abrupt-4xCO2,0.0,0.0,0.0,12
BA,1978,marine_hw,abrupt-4xCO2,0.0042373041666666665,0.05084765,0.0,12
BA,1979,marine_hw,abrupt-4xCO2,0.0013614170833333335,0.016337005,0.0,12
BA,1980,marine_hw,abrupt-4xCO2,0.0,0.0,0.0,12
BA,1981,marine_hw,abrupt-4xCO2,0.009891300333333334,0.08427514,0.0,12
BA,1982,marine_hw,abrupt-4xCO2,0.0,0.0,0.0,12
BA,1983,marine_hw,abrupt-4xCO2,0.0,0.0,0.0,12
BA,1984,marine_hw,abrupt-4xCO2,0.0,0.0,0.0,12
BA,1985,marine_hw,abrupt-4xCO2,0.0,0.0,0.0,12
BA,1986,marine_hw,abrupt-4xCO2,0.004464338583333333,0.046909634,0.0,12
BA,1987,marine_hw,abrupt-4xCO2,0.0,0.0,0.0,12
BA,1988,marine_hw,abrupt-4xCO2,0.0,0.0,0.0,12
BA,1989,marine_hw,abrupt-4xCO2,0.0,0.0,0.0,12
BA,1990,marine_hw,abrupt-4xCO2,0.004281484833333333,0.051377818,0.0,12
BA,1991,marine_hw,abrupt-4xCO2,0.0,0.0,0.0,12
BA,1992,marine_hw,abrupt-4xCO2,0.0,0.0,0.0,12
BA,1993,marine_hw,abrupt-4xCO2,0.0,0.0,0.0,12
BA,1994,marine_hw,abrupt-4xCO2,0.006924815,0.08309778,0.0,12
BA,1995,marine_hw,abrupt-4xCO2,0.0,0.0,0.0,12
BA,1996,marine_hw,abrupt-4xCO2,0.0,0.0,0.0,12
BA,1997,marine_hw,abrupt-4xCO2,0.0005772368333333333,0.006926842,0.0,12
BA,1998,marine_hw,abrupt-4xCO2,0.00102653825,0.012318459,0.0,12
BA,1999,marine_hw,abrupt-4xCO2,0.00033407495,0.0040088994,0.0,12
BA,2000,marine_hw,abrupt-4xCO2,0.0,0.0,0.0,12
BE,1850,marine_hw,abrupt-4xCO2,0.0,0.0,0.0,12
BE,1851,marine_hw,abrupt-4xCO2,0.0,0.0,0.0,12
BE,1852,marine_hw,abrupt-4xCO2,0.0,0.0,0.0,12
BE,1853,marine_hw,abrupt-4xCO2,0.0,0.0,0.0,12
BE,1854,marine_hw,abrupt-4xCO2,0.0,0.0,0.0,12
BE,1855,marine_hw,abrupt-4xCO2,0.0,0.0,0.0,12
BE,1856,marine_hw,abrupt-4xCO2,0.0,0.0,0.0,12
BE,1857,marine_hw,abrupt-4xCO2,0.0,0.0,0.0,12
BE,1858,marine_hw,abrupt-4xCO2,0.0,0.0,0.0,12
BE,1859,marine_hw,abrupt-4xCO2,0.0,0.0,0.0,12
BE,1860,marine_hw,abrupt-4xCO2,0.0,0.0,0.0,12
BE,1861,marine_hw,abrupt-4xCO2,0.0,0.0,0.0,12
BE,1862,marine_hw,abrupt-4xCO2,0.0,0.0,0.0,12
BE,1863,marine_hw,abrupt-4xCO2,0.0,0.0,0.0,12
BE,1864,marine_hw,abrupt-4xCO2,0.0,0.0,0.0,12
BE,1865,marine_hw,abrupt-4xCO2,0.0,0.0,0.0,12
BE,1866,marine_hw,abrupt-4xCO2,0.0,0.0,0.0,12
BE,1867,marine_hw,abrupt-4xCO2,0.0,0.0,0.0,12
BE,1868,marine_hw,abrupt-4xCO2,0.0,0.0,0.0,12
BE,1869,marine_hw,abrupt-4xCO2,0.0,0.0,0.0,12
BE,1870,marine_hw,abrupt-4xCO2,0.0,0.0,0.0,12
BE,1871,marine_hw,abrupt-4xCO2,0.0,0.0,0.0,12
BE,1872,marine_hw,abrupt-4xCO2,0.0,0.0,0.0,12
BE,1873,marine_hw,abrupt-4xCO2,0.0,0.0,0.0,12
BE,1874,marine_hw,abrupt-4xCO2,0.0,0.0,0.0,12
BE,1875,marine_hw,abrupt-4xCO2,0.0,0.0,0.0,12
BE,1876,marine_hw,abrupt-4xCO2,0.0,0.0,0.0,12
BE,1877,marine_hw,abrupt-4xCO2,0.0,0.0,0.0,12
BE,1878,marine_hw,abrupt-4xCO2,0.0,0.0,0.0,12
BE,1879,marine_hw,abrupt-4xCO2,0.0,0.0,0.0,12
BE,1880,marine_hw,abrupt-4xCO2,0.0,0.0,0.0,12
BE,1881,marine_hw,abrupt-4xCO2,0.0,0.0,0.0,12
BE,1882,marine_hw,abrupt-4xCO2,0.0,0.0,0.0,12
BE,1883,marine_hw,abrupt-4xCO2,0.0,0.0,0.0,12
BE,1884,marine_hw,abrupt-4xCO2,0.0,0.0,0.0,12
BE,1885,marine_hw,abrupt-4xCO2,0.0,0.0,0.0,12
BE,1886,marine_hw,abrupt-4xCO2,0.0,0.0,0.0,12
BE,1887,marine_hw,abrupt-4xCO2,0.0,0.0,0.0,12
BE,1888,marine_hw,abrupt-4xCO2,0.0,0.0,0.0,12
BE,1889,marine_hw,abrupt-4xCO2,0.0,0.0,0.0,12
BE,1890,marine_hw,abrupt-4xCO2,0.0,0.0,0.0,12
BE,1891,marine_hw,abrupt-4xCO2,0.0,0.0,0.0,12
BE,1892,marine_hw,abrupt-4xCO2,0.0,0.0,0.0,12
BE,1893,marine_hw,abrupt-4xCO2,0.0,0.0,0.0,12
BE,1894,marine_hw,abrupt-4xCO2,0.0,0.0,0.0,12
BE,1895,marine_hw,abrupt-4xCO2,0.0,0.0,0.0,12
BE,1896,marine_hw,abrupt-4xCO2,0.0,0.0,0.0,12
BE,1897,marine_hw,abrupt-4xCO2,0.0,0.0,0.0,12
BE,1898,marine_hw,abrupt-4xCO2,0.0,0.0,0.0,12
BE,1899,marine_hw,abrupt-4xCO2,0.0,0.0,0.0,12
BE,1900,marine_hw,abrupt-4xCO2,0.0,0.0,0.0,12
BE,1901,marine_hw,abrupt-4xCO2,0.0,0.0,0.0,12
BE,1902,marine_hw,abrupt-4xCO2,0.0,0.0,0.0,12
BE,1903,marine_hw,abrupt-4xCO2,0.0,0.0,0.0,12
BE,1904,marine_hw,abrupt-4xCO2,0.0,0.0,0.0,12
BE,1905,marine_hw,abrupt-4xCO2,0.0,0.0,0.0,12
BE,1906,marine_hw,abrupt-4xCO2,0.0,0.0,0.0,12
BE,1907,marine_hw,abrupt-4xCO2,0.0,0.0,0.0,12
BE,1908,marine_hw,abrupt-4xCO2,0.0,0.0,0.0,12
BE,1909,marine_hw,abrupt-4xCO2,0.0,0.0,0.0,12
BE,1910,marine_hw,abrupt-4xCO2,0.0,0.0,0.0,12
BE,1911,marine_hw,abrupt-4xCO2,0.0,0.0,0.0,12
BE,1912,marine_hw,abrupt-4xCO2,0.0,0.0,0.0,12
BE,1913,marine_hw,abrupt-4xCO2,0.0,0.0,0.0,12
BE,1914,marine_hw,abrupt-4xCO2,0.0,0.0,0.0,12
BE,1915,marine_hw,abrupt-4xCO2,0.0,0.0,0.0,12
BE,1916,marine_hw,abrupt-4xCO2,0.0,0.0,0.0,12
BE,1917,marine_hw,abrupt-4xCO2,0.0,0.0,0.0,12
BE,1918,marine_hw,abrupt-4xCO2,0.0,0.0,0.0,12
BE,1919,marine_hw,abrupt-4xCO2,0.0,0.0,0.0,12
BE,1920,marine_hw,abrupt-4xCO2,0.0,0.0,0.0,12
BE,1921,marine_hw,abrupt-4xCO2,0.0,0.0,0.0,12
BE,1922,marine_hw,abrupt-4xCO2,0.0,0.0,0.0,12
BE,1923,marine_hw,abrupt-4xCO2,0.0,0.0,0.0,12
BE,1924,marine_hw,abrupt-4xCO2,0.0,0.0,0.0,12
BE,1925,marine_hw,abrupt-4xCO2,0.0,0.0,0.0,12
BE,1926,marine_hw,abrupt-4xCO2,0.0,0.0,0.0,12
BE,1927,marine_hw,abrupt-4xCO2,0.0,0.0,0.0,12
BE,1928,marine_hw,abrupt-4xCO2,0.0,0.0,0.0,12
BE,1929,marine_hw,abrupt-4xCO2,0.0,0.0,0.0,12
BE,1930,marine_hw,abrupt-4xCO2,0.0,0.0,0.0,12
BE,1931,marine_hw,abrupt-4xCO2,0.0,0.0,0.0,12
BE,1932,marine_hw,abrupt-4xCO2,0.0,0.0,0.0,12
BE,1933,marine_hw,abrupt-4xCO2,0.0,0.0,0.0,12
BE,1934,marine_hw,abrupt-4xCO2,0.0,0.0,0.0,12
BE,1935,marine_hw,abrupt-4xCO2,0.0,0.0,0.0,12
BE,1936,marine_hw,abrupt-4xCO2,0.0,0.0,0.0,12
BE,1937,marine_hw,abrupt-4xCO2,0.0,0.0,0.0,12
BE,1938,marine_hw,abrupt-4xCO2,0.0,0.0,0.0,12
BE,1939,marine_hw,abrupt-4xCO2,0.0,0.0,0.0,12
BE,1940,marine_hw,abrupt-4xCO2,0.0,0.0,0.0,12
BE,1941,marine_hw,abrupt-4xCO2,0.0,0.0,0.0,12
BE,1942,marine_hw,abrupt-4xCO2,0.0,0.0,0.0,12
BE,1943,marine_hw,abrupt-4xCO2,0.0,0.0,0.0,12
BE,1944,marine_hw,abrupt-4xCO2,0.0,0.0,0.0,12
BE,1945,marine_hw,abrupt-4xCO2,0.0,0.0,0.0,12
BE,1946,marine_hw,abrupt-4xCO2,0.0,0.0,0.0,12
BE,1947,marine_hw,abrupt-4xCO2,0.0,0.0,0.0,12
BE,1948,marine_hw,abrupt-4xCO2,0.0,0.0,0.0,12
BE,1949,marine_hw,abrupt-4xCO2,0.0,0.0,0.0,12
BE,1950,marine_hw,abrupt-4xCO2,0.0,0.0,0.0,12
BE,1951,marine_hw,abrupt-4xCO2,0.0,0.0,0.0,12
BE,1952,marine_hw,abrupt-4xCO2,0.0,0.0,0.0,12
BE,1953,marine_hw,abrupt-4xCO2,0.0,0.0,0.0,12
BE,1954,marine_hw,abrupt-4xCO2,0.0,0.0,0.0,12
BE,1955,marine_hw,abrupt-4xCO2,0.0,0.0,0.0,12
BE,1956,marine_hw,abrupt-4xCO2,0.0,0.0,0.0,12
BE,1957,marine_hw,abrupt-4xCO2,0.0,0.0,0.0,12
BE,1958,marine_hw,abrupt-4xCO2,0.0,0.0,0.0,12
BE,1959,marine_hw,abrupt-4xCO2,0.0,0.0,0.0,12
BE,1960,marine_hw,abrupt-4xCO2,0.0,0.0,0.0,12
BE,1961,marine_hw,abrupt-4xCO2,0.0,0.0,0.0,12
BE,1962,marine_hw,abrupt-4xCO2,0.0,0.0,0.0,12
BE,1963,marine_hw,abrupt-4xCO2,0.0,0.0,0.0,12
BE,1964,marine_hw,abrupt-4xCO2,0.0,0.0,0.0,12
BE,1965,marine_hw,abrupt-4xCO2,0.0,0.0,0.0,12
BE,1966,marine_hw,abrupt-4xCO2,0.0,0.0,0.0,12
BE,1967,marine_hw,abrupt-4xCO2,0.0,0.0,0.0,12
BE,1968,marine_hw,abrupt-4xCO2,0.0,0.0,0.0,12
BE,1969,marine_hw,abrupt-4xCO2,0.0,0.0,0.0,12
BE,1970,marine_hw,abrupt-4xCO2,0.0,0.0,0.0,12
BE,1971,marine_hw,abrupt-4xCO2,0.0,0.0,0.0,12
BE,1972,marine_hw,abrupt-4xCO2,0.0,0.0,0.0,12
BE,1973,marine_hw,abrupt-4xCO2,0.0,0.0,0.0,12
BE,1974,marine_hw,abrupt-4xCO2,0.0,0.0,0.0,12
BE,1975,marine_hw,abrupt-4xCO2,0.0,0.0,0.0,12
BE,1976,marine_hw,abrupt-4xCO2,0.0,0.0,0.0,12
BE,1977,marine_hw,abrupt-4xCO2,0.0,0.0,0.0,12
BE,1978,marine_hw,abrupt-4xCO2,0.0,0.0,0.0,12
BE,1979,marine_hw,abrupt-4xCO2,0.0,0.0,0.0,12
BE,1980,marine_hw,abrupt-4xCO2,0.0,0.0,0.0,12
BE,1981,marine_hw,abrupt-4xCO2,0.0,0.0,0.0,12
BE,1982,marine_hw,abrupt-4xCO2,0.0,0.0,0.0,12
BE,1983,marine_hw,abrupt-4xCO2,0.0,0.0,0.0,12
BE,1984,marine_hw,abrupt-4xCO2,0.0,0.0,0.0,12
BE,1985,marine_hw,abrupt-4xCO2,0.0,0.0,0.0,12
BE,1986,marine_hw,abrupt-4xCO2,0.0,0.0,0.0,12
BE,1987,marine_hw,abrupt-4xCO2,0.0,0.0,0.0,12
BE,1988,marine_hw,abrupt-4xCO2,0.0,0.0,0.0,12
BE,1989,marine_hw,abrupt-4xCO2,0.0,0.0,0.0,12
BE,1990,marine_hw,abrupt-4xCO2,0.0,0.0,0.0,12
BE,1991,marine_hw,abrupt-4xCO2,0.0,0.0,0.0,12
BE,1992,marine_hw,abrupt-4xCO2,0.0,0.0,0.0,12
BE,1993,marine_hw,abrupt-4xCO2,0.0,0.0,0.0,12
BE,1994,marine_hw,abrupt-4xCO2,0.0,0.0,0.0,12
BE,1995,marine_hw,abrupt-4xCO2,0.0,0.0,0.0,12
BE,1996,marine_hw,abrupt-4xCO2,0.0,0.0,0.0,12
BE,1997,marine_hw,abrupt-4xCO2,0.0,0.0,0.0,12
BE,1998,marine_hw,abrupt-4xCO2,0.0,0.0,0.0,12
BE,1999,marine_hw,abrupt-4xCO2,0.0,0.0,0.0,12
BE,2000,marine_hw,abrupt-4xCO2,0.0,0.0,0.0,12
BG,1850,marine_hw,abrupt-4xCO2,0.0,0.0,0.0,12
BG,1851,marine_hw,abrupt-4xCO2,0.0,0.0,0.0,12
BG,1852,marine_hw,abrupt-4xCO2,0.0,0.0,0.0,12
BG,1853,marine_hw,abrupt-4xCO2,0.0,0.0,0.0,12
BG,1854,marine_hw,abrupt-4xCO2,0.0,0.0,0.0,12
BG,1855,marine_hw,abrupt-4xCO2,0.0,0.0,0.0,12
BG,1856,marine_hw,abrupt-4xCO2,0.0,0.0,0.0,12
BG,1857,marine_hw,abrupt-4xCO2,0.0,0.0,0.0,12
BG,1858,marine_hw,abrupt-4xCO2,0.0,0.0,0.0,12
BG,1859,marine_hw,abrupt-4xCO2,0.0,0.0,0.0,12
BG,1860,marine_hw,abrupt-4xCO2,0.0,0.0,0.0,12
BG,1861,marine_hw,abrupt-4xCO2,0.0,0.0,0.0,12
BG,1862,marine_hw,abrupt-4xCO2,0.0,0.0,0.0,12
BG,1863,marine_hw,abrupt-4xCO2,0.0,0.0,0.0,12
BG,1864,marine_hw,abrupt-4xCO2,0.0,0.0,0.0,12
BG,1865,marine_hw,abrupt-4xCO2,0.001175389625,0.0141046755,0.0,12
BG,1866,marine_hw,abrupt-4xCO2,0.0033640703333333334,0.040368844,0.0,12
BG,1867,marine_hw,abrupt-4xCO2,0.0,0.0,0.0,12
BG,1868,marine_hw,abrupt-4xCO2,0.0,0.0,0.0,12
BG,1869,marine_hw,abrupt-4xCO2,0.0,0.0,0.0,12
BG,1870,marine_hw,abrupt-4xCO2,0.0,0.0,0.0,12
BG,1871,marine_hw,abrupt-4xCO2,0.0,0.0,0.0,12
BG,1872,marine_hw,abrupt-4xCO2,0.0,0.0,0.0,12
BG,1873,marine_hw,abrupt-4xCO2,0.0,0.0,0.0,12
BG,1874,marine_hw,abrupt-4xCO2,0.0,0.0,0.0,12
BG,1875,marine_hw,abrupt-4xCO2,0.0,0.0,0.0,12
BG,1876,marine_hw,abrupt-4xCO2,0.0,0.0,0.0,12
BG,1877,marine_hw,abrupt-4xCO2,0.0,0.0,0.0,12
BG,1878,marine_hw,abrupt-4xCO2,0.0,0.0,0.0,12
BG,1879,marine_hw,abrupt-4xCO2,0.0,0.0,0.0,12
BG,1880,marine_hw,abrupt-4xCO2,0.0,0.0,0.0,12
BG,1881,marine_hw,abrupt-4xCO2,0.0,0.0,0.0,12
BG,1882,marine_hw,abrupt-4xCO2,0.0,0.0,0.0,12
BG,1883,marine_hw,abrupt-4xCO2,0.0,0.0,0.0,12
BG,1884,marine_hw,abrupt-4xCO2,0.0,0.0,0.0,12
BG,1885,marine_hw,abrupt-4xCO2,0.0,0.0,0.0,12
BG,1886,marine_hw,abrupt-4xCO2,0.0,0.0,0.0,12
BG,1887,marine_hw,abrupt-4xCO2,0.0,0.0,0.0,12
BG,1888,marine_hw,abrupt-4xCO2,0.0,0.0,0.0,12
BG,1889,marine_hw,abrupt-4xCO2,0.0,0.0,0.0,12
BG,1890,marine_hw,abrupt-4xCO2,0.0,0.0,0.0,12
BG,1891,marine_hw,abrupt-4xCO2,0.0,0.0,0.0,12
BG,1892,marine_hw,abrupt-4xCO2,0.0,0.0,0.0,12
BG,1893,marine_hw,abrupt-4xCO2,0.0,0.0,0.0,12
BG,1894,marine_hw,abrupt-4xCO2,0.0,0.0,0.0,12
BG,1895,marine_hw,abrupt-4xCO2,0.0,0.0,0.0,12
BG,1896,marine_hw,abrupt-4xCO2,0.0,0.0,0.0,12
BG,1897,marine_hw,abrupt-4xCO2,0.0,0.0,0.0,12
BG,1898,marine_hw,abrupt-4xCO2,0.0,0.0,0.0,12
BG,1899,marine_hw,abrupt-4xCO2,0.0,0.0,0.0,12
BG,1900,marine_hw,abrupt-4xCO2,0.0,0.0,0.0,12
BG,1901,marine_hw,abrupt-4xCO2,0.0,0.0,0.0,12
BG,1902,marine_hw,abrupt-4xCO2,0.0,0.0,0.0,12
BG,1903,marine_hw,abrupt-4xCO2,0.0,0.0,0.0,12
BG,1904,marine_hw,abrupt-4xCO2,0.0,0.0,0.0,12
BG,1905,marine_hw,abrupt-4xCO2,0.0,0.0,0.0,12
BG,1906,marine_hw,abrupt-4xCO2,0.0,0.0,0.0,12
BG,1907,marine_hw,abrupt-4xCO2,0.0,0.0,0.0,12
BG,1908,marine_hw,abrupt-4xCO2,0.0,0.0,0.0,12
BG,1909,marine_hw,abrupt-4xCO2,0.0,0.0,0.0,12
BG,1910,marine_hw,abrupt-4xCO2,0.0,0.0,0.0,12
BG,1911,marine_hw,abrupt-4xCO2,0.0,0.0,0.0,12
BG,1912,marine_hw,abrupt-4xCO2,0.0,0.0,0.0,12
BG,1913,marine_hw,abrupt-4xCO2,0.0,0.0,0.0,12
BG,1914,marine_hw,abrupt-4xCO2,0.0,0.0,0.0,12
BG,1915,marine_hw,abrupt-4xCO2,0.0,0.0,0.0,12
BG,1916,marine_hw,abrupt-4xCO2,0.0,0.0,0.0,12
BG,1917,marine_hw,abrupt-4xCO2,0.0,0.0,0.0,12
BG,1918,marine_hw,abrupt-4xCO2,0.0,0.0,0.0,12
BG,1919,marine_hw,abrupt-4xCO2,0.0,0.0,0.0,12
BG,1920,marine_hw,abrupt-4xCO2,0.00025533255833333333,0.0030639907,0.0,12
BG,1921,marine_hw,abrupt-4xCO2,0.0,0.0,0.0,12
BG,1922,marine_hw,abrupt-4xCO2,0.0,0.0,0.0,12
BG,1923,marine_hw,abrupt-4xCO2,0.0,0.0,0.0,12
BG,1924,marine_hw,abrupt-4xCO2,0.0,0.0,0.0,12
BG,1925,marine_hw,abrupt-4xCO2,0.0,0.0,0.0,12
BG,1926,marine_hw,abrupt-4xCO2,0.0,0.0,0.0,12
BG,1927,marine_hw,abrupt-4xCO2,0.0,0.0,0.0,12
BG,1928,marine_hw,abrupt-4xCO2,0.0,0.0,0.0,12
BG,1929,marine_hw,abrupt-4xCO2,0.0053040871666666664,0.053177454,0.0,12
BG,1930,marine_hw,abrupt-4xCO2,0.0,0.0,0.0,12
BG,1931,marine_hw,abrupt-4xCO2,0.0,0.0,0.0,12
BG,1932,marine_hw,abrupt-4xCO2,0.0,0.0,0.0,12
BG,1933,marine_hw,abrupt-4xCO2,0.0,0.0,0.0,12
BG,1934,marine_hw,abrupt-4xCO2,0.0,0.0,0.0,12
BG,1935,marine_hw,abrupt-4xCO2,0.0,0.0,0.0,12
BG,1936,marine_hw,abrupt-4xCO2,0.0,0.0,0.0,12
BG,1937,marine_hw,abrupt-4xCO2,0.0,0.0,0.0,12
BG,1938,marine_hw,abrupt-4xCO2,0.0,0.0,0.0,12
BG,1939,marine_hw,abrupt-4xCO2,0.0,0.0,0.0,12
BG,1940,marine_hw,abrupt-4xCO2,0.00200699425,0.024083931,0.0,12
BG,1941,marine_hw,abrupt-4xCO2,0.0,0.0,0.0,12
BG,1942,marine_hw,abrupt-4xCO2,0.0,0.0,0.0,12
BG,1943,marine_hw,abrupt-4xCO2,0.0,0.0,0.0,12
BG,1944,marine_hw,abrupt-4xCO2,0.0,0.0,0.0,12
BG,1945,marine_hw,abrupt-4xCO2,0.0,0.0,0.0,12
BG,1946,marine_hw,abrupt-4xCO2,0.0,0.0,0.0,12
BG,1947,marine_hw,abrupt-4xCO2,0.0,0.0,0.0,12
BG,1948,marine_hw,abrupt-4xCO2,0.0,0.0,0.0,12
BG,1949,marine_hw,abrupt-4xCO2,0.0,0.0,0.0,12
BG,1950,marine_hw,abrupt-4xCO2,0.0,0.0,0.0,12
BG,1951,marine_hw,abrupt-4xCO2,0.0,0.0,0.0,12
BG,1952,marine_hw,abrupt-4xCO2,0.0,0.0,0.0,12
BG,1953,marine_hw,abrupt-4xCO2,0.0,0.0,0.0,12
BG,1954,marine_hw,abrupt-4xCO2,0.0,0.0,0.0,12
BG,1955,marine_hw,abrupt-4xCO2,0.0,0.0,0.0,12
BG,1956,marine_hw,abrupt-4xCO2,0.0,0.0,0.0,12
BG,1957,marine_hw,abrupt-4xCO2,0.0,0.0,0.0,12
BG,1958,marine_hw,abrupt-4xCO2,0.0007259973333333334,0.008711968,0.0,12
BG,1959,marine_hw,abrupt-4xCO2,0.0,0.0,0.0,12
BG,1960,marine_hw,abrupt-4xCO2,0.0,0.0,0.0,12
BG,1961,marine_hw,abrupt-4xCO2,0.0,0.0,0.0,12
BG,1962,marine_hw,abrupt-4xCO2,0.0,0.0,0.0,12
BG,1963,marine_hw,abrupt-4xCO2,0.0,0.0,0.0,12
BG,1964,marine_hw,abrupt-4xCO2,0.0,0.0,0.0,12
BG,1965,marine_hw,abrupt-4xCO2,0.0,0.0,0.0,12
BG,1966,marine_hw,abrupt-4xCO2,0.0,0.0,0.0,12
BG,1967,marine_hw,abrupt-4xCO2,0.0,0.0,0.0,12
BG,1968,marine_hw,abrupt-4xCO2,0.0014173420833333333,0.017008105,0.0,12
BG,1969,marine_hw,abrupt-4xCO2,0.00019772981666666667,0.0023727578,0.0,12
BG,1970,marine_hw,abrupt-4xCO2,0.0,0.0,0.0,12
BG,1971,marine_hw,abrupt-4xCO2,0.0,0.0,0.0,12
BG,1972,marine_hw,abrupt-4xCO2,0.0,0.0,0.0,12
BG,1973,marine_hw,abrupt-4xCO2,0.0,0.0,0.0,12
BG,1974,marine_hw,abrupt-4xCO2,0.0,0.0,0.0,12
BG,1975,marine_hw,abrupt-4xCO2,0.0,0.0,0.0,12
BG,1976,marine_hw,abrupt-4xCO2,0.0,0.0,0.0,12
BG,1977,marine_hw,abrupt-4xCO2,0.0,0.0,0.0,12
BG,1978,marine_hw,abrupt-4xCO2,0.0,0.0,0.0,12
BG,1979,marine_hw,abrupt-4xCO2,0.0,0.0,0.0,12
BG,1980,marine_hw,abrupt-4xCO2,0.0,0.0,0.0,12
BG,1981,marine_hw,abrupt-4xCO2,0.0,0.0,0.0,12
BG,1982,marine_hw,abrupt-4xCO2,0.0,0.0,0.0,12
BG,1983,marine_hw,abrupt-4xCO2,0.0,0.0,0.0,12
BG,1984,marine_hw,abrupt-4xCO2,0.0,0.0,0.0,12
BG,1985,marine_hw,abrupt-4xCO2,0.0,0.0,0.0,12
BG,1986,marine_hw,abrupt-4xCO2,0.0,0.0,0.0,12
BG,1987,marine_hw,abrupt-4xCO2,0.0,0.0,0.0,12
BG,1988,marine_hw,abrupt-4xCO2,0.0,0.0,0.0,12
BG,1989,marine_hw,abrupt-4xCO2,0.0,0.0,0.0,12
BG,1990,marine_hw,abrupt-4xCO2,0.0038878638333333334,0.046654366,0.0,12
BG,1991,marine_hw,abrupt-4xCO2,0.0,0.0,0.0,12
BG,1992,marine_hw,abrupt-4xCO2,0.0,0.0,0.0,12
BG,1993,marine_hw,abrupt-4xCO2,0.0,0.0,0.0,12
BG,1994,marine_hw,abrupt-4xCO2,0.0,0.0,0.0,12
BG,1995,marine_hw,abrupt-4xCO2,0.0,0.0,0.0,12
BG,1996,marine_hw,abrupt-4xCO2,0.0,0.0,0.0,12
BG,1997,marine_hw,abrupt-4xCO2,0.0,0.0,0.0,12
BG,1998,marine_hw,abrupt-4xCO2,0.0,0.0,0.0,12
BG,1999,marine_hw,abrupt-4xCO2,0.0,0.0,0.0,12
BG,2000,marine_hw,abrupt-4xCO2,0.0,0.0,0.0,12
BJ,1850,marine_hw,abrupt-4xCO2,0.17274655000000003,0.2535954,0.11028068,12
BJ,1851,marine_hw,abrupt-4xCO2,0.2593262,0.35409862,0.13837025,12
BJ,1852,marine_hw,abrupt-4xCO2,0.25049419916666665,0.3570259,0.14296392,12
BJ,1853,marine_hw,abrupt-4xCO2,0.2411893325,0.35523808,0.10231137,12
BJ,1854,marine_hw,abrupt-4xCO2,0.23197873,0.31568962,0.09887936,12
BJ,1855,marine_hw,abrupt-4xCO2,0.24280066250000001,0.30238372,0.15246603,12
BJ,1856,marine_hw,abrupt-4xCO2,0.3233762375,0.4125104,0.20191401,12
BJ,1857,marine_hw,abrupt-4xCO2,0.32956431166666666,0.41925293,0.22308654,12
BJ,1858,marine_hw,abrupt-4xCO2,0.3196977658333333,0.3873126,0.2192445,12
BJ,1859,marine_hw,abrupt-4xCO2,0.36298705166666667,0.4306274,0.25557315,12
BJ,1860,marine_hw,abrupt-4xCO2,0.32649143833333333,0.40490746,0.2097773,12
BJ,1861,marine_hw,abrupt-4xCO2,0.29824533583333335,0.38523954,0.21707147,12
BJ,1862,marine_hw,abrupt-4xCO2,0.33299044,0.38415304,0.264282,12
BJ,1863,marine_hw,abrupt-4xCO2,0.3724979308333333,0.4516939,0.26972663,12
BJ,1864,marine_hw,abrupt-4xCO2,0.3459066375,0.4225098,0.24614218,12
BJ,1865,marine_hw,abrupt-4xCO2,0.37598575666666667,0.47320598,0.2864095,12
BJ,1866,marine_hw,abrupt-4xCO2,0.3816337891666666,0.462708,0.3058909,12
BJ,1867,marine_hw,abrupt-4xCO2,0.32798811666666666,0.38647103,0.21950823,12
BJ,1868,marine_hw,abrupt-4xCO2,0.37390189333333335,0.4383276,0.29226017,12
BJ,1869,marine_hw,abrupt-4xCO2,0.3889118141666667,0.48322687,0.27491695,12
BJ,1870,marine_hw,abrupt-4xCO2,0.31590023500000003,0.38814005,0.21928275,12
BJ,1871,marine_hw,abrupt-4xCO2,0.3551664266666667,0.41155875,0.29164344,12
BJ,1872,marine_hw,abrupt-4xCO2,0.39767759999999996,0.4799512,0.29966843,12
BJ,1873,marine_hw,abrupt-4xCO2,0.3501431275,0.40956828,0.28662762,12
BJ,1874,marine_hw,abrupt-4xCO2,0.39813112916666665,0.4680593,0.32235628,12
BJ,1875,marine_hw,abrupt-4xCO2,0.39493465083333334,0.48666355,0.26457262,12
BJ,1876,marine_hw,abrupt-4xCO2,0.32788247083333333,0.40181437,0.22298588,12
BJ,1877,marine_hw,abrupt-4xCO2,0.3321650683333333,0.38015997,0.27434716,12
BJ,1878,marine_hw,abrupt-4xCO2,0.3730393433333334,0.41886973,0.28073606,12
BJ,1879,marine_hw,abrupt-4xCO2,0.3430875658333334,0.40741,0.24752934,12
BJ,1880,marine_hw,abrupt-4xCO2,0.3988909408333334,0.46330255,0.3237992,12
BJ,1881,marine_hw,abrupt-4xCO2,0.39310213,0.48916608,0.2807374,12
BJ,1882,marine_hw,abrupt-4xCO2,0.324169585,0.38342288,0.24977955,12
BJ,1883,marine_hw,abrupt-4xCO2,0.3921350516666667,0.46723253,0.25653887,12
BJ,1884,marine_hw,abrupt-4xCO2,0.3836254766666667,0.5074073,0.25069693,12
BJ,1885,marine_hw,abrupt-4xCO2,0.33522437749999995,0.38003248,0.2604903,12
BJ,1886,marine_hw,abrupt-4xCO2,0.39502233,0.4683506,0.29687062,12
BJ,1887,marine_hw,abrupt-4xCO2,0.4221845808333333,0.50305045,0.3265681,12
BJ,1888,marine_hw,abrupt-4xCO2,0.3875580216666667,0.4570338,0.2999087,12
BJ,1889,marine_hw,abrupt-4xCO2,0.3387726741666666,0.40750128,0.22442606,12
BJ,1890,marine_hw,abrupt-4xCO2,0.3490408266666667,0.40293443,0.2709494,12
BJ,1891,marine_hw,abrupt-4xCO2,0.41318877000000004,0.49691528,0.3060855,12
BJ,1892,marine_hw,abrupt-4xCO2,0.3886669233333333,0.5099165,0.27452567,12
BJ,1893,marine_hw,abrupt-4xCO2,0.31973952833333336,0.3948121,0.1867787,12
BJ,1894,marine_hw,abrupt-4xCO2,0.3898417941666667,0.4522912,0.3215208,12
BJ,1895,marine_hw,abrupt-4xCO2,0.38830879083333336,0.49959636,0.26424646,12
BJ,1896,marine_hw,abrupt-4xCO2,0.3350891375,0.3867435,0.26583695,12
BJ,1897,marine_hw,abrupt-4xCO2,0.4204444141666667,0.4870092,0.33780032,12
BJ,1898,marine_hw,abrupt-4xCO2,0.38863872666666666,0.4675936,0.24756962,12
BJ,1899,marine_hw,abrupt-4xCO2,0.35261942916666666,0.42926037,0.27302846,12
BJ,1900,marine_hw,abrupt-4xCO2,0.41406814166666667,0.49384367,0.33469042,12
BJ,1901,marine_hw,abrupt-4xCO2,0.4222596316666667,0.49726427,0.34402406,12
BJ,1902,marine_hw,abrupt-4xCO2,0.3635417425,0.4805203,0.23938018,12
BJ,1903,marine_hw,abrupt-4xCO2,0.35295436666666663,0.42245543,0.28986502,12
BJ,1904,marine_hw,abrupt-4xCO2,0.4172254275,0.48855606,0.33001685,12
BJ,1905,marine_hw,abrupt-4xCO2,0.39688630666666663,0.46403676,0.2948721,12
BJ,1906,marine_hw,abrupt-4xCO2,0.369474465,0.4326977,0.29030055,12
BJ,1907,marine_hw,abrupt-4xCO2,0.3998086183333333,0.4870877,0.32135436,12
BJ,1908,marine_hw,abrupt-4xCO2,0.3922510858333333,0.4663306,0.29185414,12
BJ,1909,marine_hw,abrupt-4xCO2,0.3808217425,0.41798455,0.3029018,12
BJ,1910,marine_hw,abrupt-4xCO2,0.43116053000000004,0.49346313,0.35769904,12
BJ,1911,marine_hw,abrupt-4xCO2,0.4045604025,0.5148276,0.27507263,12
BJ,1912,marine_hw,abrupt-4xCO2,0.3345609133333333,0.3918217,0.24602875,12
BJ,1913,marine_hw,abrupt-4xCO2,0.4025058166666667,0.4670332,0.3290304,12
BJ,1914,marine_hw,abrupt-4xCO2,0.423893485,0.5065053,0.3120999,12
BJ,1915,marine_hw,abrupt-4xCO2,0.38519725,0.43454662,0.3086209,12
BJ,1916,marine_hw,abrupt-4xCO2,0.43045118499999996,0.5307267,0.34576082,12
BJ,1917,marine_hw,abrupt-4xCO2,0.43014823583333334,0.4966153,0.34550717,12
BJ,1918,marine_hw,abrupt-4xCO2,0.3799278033333333,0.4621449,0.2942265,12
BJ,1919,marine_hw,abrupt-4xCO2,0.4149211533333333,0.48803058,0.33561447,12
BJ,1920,marine_hw,abrupt-4xCO2,0.4324393833333333,0.5015385,0.31853238,12
BJ,1921,marine_hw,abrupt-4xCO2,0.3762326516666667,0.4346661,0.2925474,12
BJ,1922,marine_hw,abrupt-4xCO2,0.4102348683333333,0.48565018,0.32634798,12
BJ,1923,marine_hw,abrupt-4xCO2,0.39583352583333337,0.47151482,0.28986302,12
BJ,1924,marine_hw,abrupt-4xCO2,0.3531670941666667,0.4069953,0.28346407,12
BJ,1925,marine_hw,abrupt-4xCO2,0.3970446783333333,0.46153358,0.3182975,12
BJ,1926,marine_hw,abrupt-4xCO2,0.43071340916666667,0.5116385,0.3609619,12
BJ,1927,marine_hw,abrupt-4xCO2,0.3679363583333333,0.43680018,0.28997576,12
BJ,1928,marine_hw,abrupt-4xCO2,0.4101852633333333,0.47571927,0.34096852,12
BJ,1929,marine_hw,abrupt-4xCO2,0.4100842841666667,0.50710464,0.28014684,12
BJ,1930,marine_hw,abrupt-4xCO2,0.37957477916666665,0.43586466,0.30990607,12
BJ,1931,marine_hw,abrupt-4xCO2,0.42648897,0.4879796,0.32865524,12
BJ,1932,marine_hw,abrupt-4xCO2,0.4044831441666667,0.45262402,0.35105112,12
BJ,1933,marine_hw,abrupt-4xCO2,0.4026354625,0.5084683,0.3194471,12
BJ,1934,marine_hw,abrupt-4xCO2,0.39462105999999997,0.44200993,0.32442933,12
BJ,1935,marine_hw,abrupt-4xCO2,0.43068848,0.54134345,0.33787674,12
BJ,1936,marine_hw,abrupt-4xCO2,0.4344312641666667,0.5125654,0.3469581,12
BJ,1937,marine_hw,abrupt-4xCO2,0.3868447666666666,0.4876447,0.2996718,12
BJ,1938,marine_hw,abrupt-4xCO2,0.3666201025,0.40318412,0.2945748,12
BJ,1939,marine_hw,abrupt-4xCO2,0.4327909775,0.5237445,0.3419718,12
BJ,1940,marine_hw,abrupt-4xCO2,0.37924725249999997,0.44365478,0.29072404,12
BJ,1941,marine_hw,abrupt-4xCO2,0.44193112333333334,0.5170342,0.37400937,12
BJ,1942,marine_hw,abrupt-4xCO2,0.4323501033333333,0.49206257,0.37437513,12
BJ,1943,marine_hw,abrupt-4xCO2,0.4145255641666667,0.50540537,0.28372982,12
BJ,1944,marine_hw,abrupt-4xCO2,0.375182055,0.43613645,0.29846987,12
BJ,1945,marine_hw,abrupt-4xCO2,0.445283045,0.5000675,0.3903936,12
BJ,1946,marine_hw,abrupt-4xCO2,0.40338316916666667,0.47023436,0.30160657,12
BJ,1947,marine_hw,abrupt-4xCO2,0.4241641425,0.47404355,0.37615085,12
BJ,1948,marine_hw,abrupt-4xCO2,0.43571355416666663,0.5156114,0.3530228,12
BJ,1949,marine_hw,abrupt-4xCO2,0.36946270166666667,0.47598302,0.25590467,12
BJ,1950,marine_hw,abrupt-4xCO2,0.34968851333333334,0.3924559,0.29041934,12
BJ,1951,marine_hw,abrupt-4xCO2,0.4297405575,0.51196605,0.3536248,12
BJ,1952,marine_hw,abrupt-4xCO2,0.4125913266666667,0.48285976,0.28242183,12
BJ,1953,marine_hw,abrupt-4xCO2,0.4074243083333333,0.44609088,0.32508704,12
BJ,1954,marine_hw,abrupt-4xCO2,0.4492019858333333,0.52409554,0.37009218,12
BJ,1955,marine_hw,abrupt-4xCO2,0.40499384416666667,0.4505208,0.35246378,12
BJ,1956,marine_hw,abrupt-4xCO2,0.42842575499999996,0.5146028,0.34407908,12
BJ,1957,marine_hw,abrupt-4xCO2,0.400471705,0.45746604,0.32511318,12
BJ,1958,marine_hw,abrupt-4xCO2,0.4283421508333333,0.50875354,0.34840164,12
BJ,1959,marine_hw,abrupt-4xCO2,0.435047495,0.49915075,0.3615948,12
BJ,1960,marine_hw,abrupt-4xCO2,0.38357242583333334,0.44122672,0.29608476,12
BJ,1961,marine_hw,abrupt-4xCO2,0.44086098833333337,0.4955147,0.37141153,12
BJ,1962,marine_hw,abrupt-4xCO2,0.40275294,0.4384061,0.3386539,12
BJ,1963,marine_hw,abrupt-4xCO2,0.42382386,0.5101836,0.3292948,12
BJ,1964,marine_hw,abrupt-4xCO2,0.3868983925,0.44310448,0.2859525,12
BJ,1965,marine_hw,abrupt-4xCO2,0.43358432083333337,0.48195243,0.3773166,12
BJ,1966,marine_hw,abrupt-4xCO2,0.43846955833333334,0.53832823,0.32954577,12
BJ,1967,marine_hw,abrupt-4xCO2,0.3706843075,0.46529508,0.26062852,12
BJ,1968,marine_hw,abrupt-4xCO2,0.38959207583333333,0.44603518,0.31855989,12
BJ,1969,marine_hw,abrupt-4xCO2,0.43152657,0.50266933,0.3415054,12
BJ,1970,marine_hw,abrupt-4xCO2,0.46010008499999994,0.540422,0.39469135,12
BJ,1971,marine_hw,abrupt-4xCO2,0.40248891833333333,0.4777547,0.32573998,12
BJ,1972,marine_hw,abrupt-4xCO2,0.4022982666666666,0.44695392,0.33874655,12
BJ,1973,marine_hw,abrupt-4xCO2,0.46069737250000004,0.5294952,0.37817085,12
BJ,1974,marine_hw,abrupt-4xCO2,0.416266885,0.49255383,0.333712,12
BJ,1975,marine_hw,abrupt-4xCO2,0.38958043166666667,0.4478968,0.3316437,12
BJ,1976,marine_hw,abrupt-4xCO2,0.44272536916666666,0.5442634,0.37704545,12
BJ,1977,marine_hw,abrupt-4xCO2,0.44925507833333334,0.5449399,0.35609514,12
BJ,1978,marine_hw,abrupt-4xCO2,0.38056685500000004,0.46449107,0.27497196,12
BJ,1979,marine_hw,abrupt-4xCO2,0.38409776999999995,0.4372189,0.32166442,12
BJ,1980,marine_hw,abrupt-4xCO2,0.4637948333333333,0.5520656,0.38275915,12
BJ,1981,marine_hw,abrupt-4xCO2,0.39977361166666664,0.49513486,0.30703646,12
BJ,1982,marine_hw,abrupt-4xCO2,0.44748732666666663,0.49658513,0.38514495,12
BJ,1983,marine_hw,abrupt-4xCO2,0.4591037333333334,0.54763097,0.3649932,12
BJ,1984,marine_hw,abrupt-4xCO2,0.4562208433333333,0.5313521,0.3887192,12
BJ,1985,marine_hw,abrupt-4xCO2,0.4144035183333333,0.47458512,0.3224073,12
BJ,1986,marine_hw,abrupt-4xCO2,0.37922369083333335,0.44529563,0.28377345,12
BJ,1987,marine_hw,abrupt-4xCO2,0.41810920999999995,0.45890823,0.34264895,12
BJ,1988,marine_hw,abrupt-4xCO2,0.467296015,0.5224278,0.4010849,12
BJ,1989,marine_hw,abrupt-4xCO2,0.4442522975,0.522807,0.36332017,12
BJ,1990,marine_hw,abrupt-4xCO2,0.405477235,0.48422074,0.30143276,12
BJ,1991,marine_hw,abrupt-4xCO2,0.4733309925,0.53755176,0.3941068,12
BJ,1992,marine_hw,abrupt-4xCO2,0.43076806916666666,0.49548653,0.32949752,12
BJ,1993,marine_hw,abrupt-4xCO2,0.3938398441666667,0.44085294,0.31334144,12
BJ,1994,marine_hw,abrupt-4xCO2,0.42683512749999997,0.48018074,0.36042503,12
BJ,1995,marine_hw,abrupt-4xCO2,0.4671112275,0.53064007,0.4114695,12
BJ,1996,marine_hw,abrupt-4xCO2,0.45303655,0.5264739,0.35003912,12
BJ,1997,marine_hw,abrupt-4xCO2,0.3991903083333333,0.48952112,0.30283937,12
BJ,1998,marine_hw,abrupt-4xCO2,0.43696049833333334,0.47995389,0.37580794,12
BJ,1999,marine_hw,abrupt-4xCO2,0.4131964391666667,0.4842711,0.30933297,12
BJ,2000,marine_hw,abrupt-4xCO2,0.40777862833333334,0.45476687,0.35861573,12
BN,1850,marine_hw,abrupt-4xCO2,0.09549748200000001,0.20251197,0.0,12
BN,1851,marine_hw,abrupt-4xCO2,0.15824974,0.32721642,0.008861497,12
BN,1852,marine_hw,abrupt-4xCO2,0.1872183778333333,0.3128314,0.03187339,12
BN,1853,marine_hw,abrupt-4xCO2,0.2441436425,0.33258516,0.09706404,12
BN,1854,marine_hw,abrupt-4xCO2,0.2281180575,0.33354223,0.10629435,12
BN,1855,marine_hw,abrupt-4xCO2,0.19029945,0.32362604,0.09515476,12
BN,1856,marine_hw,abrupt-4xCO2,0.237734624,0.42065352,0.052904993,12
BN,1857,marine_hw,abrupt-4xCO2,0.264589133,0.35646152,0.123630196,12
BN,1858,marine_hw,abrupt-4xCO2,0.24083019416666665,0.3581446,0.11973715,12
BN,1859,marine_hw,abrupt-4xCO2,0.26762833333333336,0.35771313,0.13838232,12
BN,1860,marine_hw,abrupt-4xCO2,0.2946804908333333,0.3765327,0.15738788,12
BN,1861,marine_hw,abrupt-4xCO2,0.25633355916666667,0.33355495,0.21560176,12
BN,1862,marine_hw,abrupt-4xCO2,0.2690135275,0.39898568,0.15219088,12
BN,1863,marine_hw,abrupt-4xCO2,0.29635394,0.41802347,0.13440472,12
BN,1864,marine_hw,abrupt-4xCO2,0.2880702325,0.40969378,0.15199894,12
BN,1865,marine_hw,abrupt-4xCO2,0.2895778491666667,0.4329494,0.13125591,12
BN,1866,marine_hw,abrupt-4xCO2,0.28533460166666663,0.4263263,0.13779108,12
BN,1867,marine_hw,abrupt-4xCO2,0.25713600583333335,0.3755623,0.14234719,12
BN,1868,marine_hw,abrupt-4xCO2,0.2735846575,0.41200504,0.13578315,12
BN,1869,marine_hw,abrupt-4xCO2,0.3314440358333333,0.45290723,0.11689773,12
BN,1870,marine_hw,abrupt-4xCO2,0.27281261416666663,0.36966532,0.15680738,12
BN,1871,marine_hw,abrupt-4xCO2,0.25738958416666663,0.3525638,0.1311217,12
BN,1872,marine_hw,abrupt-4xCO2,0.28876393333333333,0.43705118,0.14208949,12
BN,1873,marine_hw,abrupt-4xCO2,0.27442388,0.3662179,0.17474721,12
BN,1874,marine_hw,abrupt-4xCO2,0.3033821425,0.42553374,0.1487837,12
BN,1875,marine_hw,abrupt-4xCO2,0.3009737825,0.4239701,0.16687119,12
BN,1876,marine_hw,abrupt-4xCO2,0.31225698333333335,0.42201048,0.18954429,12
BN,1877,marine_hw,abrupt-4xCO2,0.26532414916666663,0.37102836,0.15461354,12
BN,1878,marine_hw,abrupt-4xCO2,0.302635265,0.45528966,0.17852283,12
BN,1879,marine_hw,abrupt-4xCO2,0.31148252,0.4176725,0.17890802,12
BN,1880,marine_hw,abrupt-4xCO2,0.29900449916666666,0.4491974,0.17395262,12
BN,1881,marine_hw,abrupt-4xCO2,0.33691857750000004,0.4487961,0.15182915,12
BN,1882,marine_hw,abrupt-4xCO2,0.25666838333333336,0.3247481,0.19815451,12
BN,1883,marine_hw,abrupt-4xCO2,0.28639634666666663,0.45764923,0.14221296,12
BN,1884,marine_hw,abrupt-4xCO2,0.34058843916666665,0.4550373,0.17447543,12
BN,1885,marine_hw,abrupt-4xCO2,0.2529933833333333,0.3454327,0.14962995,12
BN,1886,marine_hw,abrupt-4xCO2,0.2972053966666667,0.47106117,0.12728837,12
BN,1887,marine_hw,abrupt-4xCO2,0.31618056666666666,0.43277827,0.17620887,12
BN,1888,marine_hw,abrupt-4xCO2,0.28922021833333333,0.4441031,0.131874,12
BN,1889,marine_hw,abrupt-4xCO2,0.30309317416666665,0.41166347,0.16730672,12
BN,1890,marine_hw,abrupt-4xCO2,0.23535095250000002,0.29975972,0.12584081,12
BN,1891,marine_hw,abrupt-4xCO2,0.29267761833333333,0.4183852,0.13468188,12
BN,1892,marine_hw,abrupt-4xCO2,0.3345230975,0.4488766,0.15402901,12
BN,1893,marine_hw,abrupt-4xCO2,0.29203482750000004,0.3620376,0.21947335,12
BN,1894,marine_hw,abrupt-4xCO2,0.298945825,0.41216004,0.16199498,12
BN,1895,marine_hw,abrupt-4xCO2,0.3247470375,0.46808618,0.17884628,12
BN,1896,marine_hw,abrupt-4xCO2,0.23924454750000002,0.37486035,0.09522456,12
BN,1897,marine_hw,abrupt-4xCO2,0.2986052633333333,0.47095984,0.15132649,12
BN,1898,marine_hw,abrupt-4xCO2,0.30996958,0.39944607,0.15211369,12
BN,1899,marine_hw,abrupt-4xCO2,0.28026622916666666,0.40472627,0.17732088,12
BN,1900,marine_hw,abrupt-4xCO2,0.2926574141666667,0.4456466,0.13651735,12
BN,1901,marine_hw,abrupt-4xCO2,0.3152290133333333,0.4549004,0.17738867,12
BN,1902,marine_hw,abrupt-4xCO2,0.31246916416666665,0.40117818,0.2020073,12
BN,1903,marine_hw,abrupt-4xCO2,0.24449255916666668,0.3045997,0.16065478,12
BN,1904,marine_hw,abrupt-4xCO2,0.288556705,0.4306348,0.12013243,12
BN,1905,marine_hw,abrupt-4xCO2,0.32875327833333334,0.43200716,0.21264692,12
BN,1906,marine_hw,abrupt-4xCO2,0.28392402083333335,0.380764,0.20602787,12
BN,1907,marine_hw,abrupt-4xCO2,0.3046764575,0.4157719,0.15305525,12
BN,1908,marine_hw,abrupt-4xCO2,0.3173364166666667,0.49113777,0.15557389,12
BN,1909,marine_hw,abrupt-4xCO2,0.2821476216666667,0.38207465,0.17095819,12
BN,1910,marine_hw,abrupt-4xCO2,0.3149192216666667,0.49216056,0.12904128,12
BN,1911,marine_hw,abrupt-4xCO2,0.3489630291666667,0.47899356,0.15652953,12
BN,1912,marine_hw,abrupt-4xCO2,0.28639988833333335,0.34963846,0.23651525,12
BN,1913,marine_hw,abrupt-4xCO2,0.296358448,0.4306717,0.101266466,12
BN,1914,marine_hw,abrupt-4xCO2,0.301347755,0.4511503,0.14786631,12
BN,1915,marine_hw,abrupt-4xCO2,0.29405817916666666,0.3889138,0.18144211,12
BN,1916,marine_hw,abrupt-4xCO2,0.31333164583333334,0.41221642,0.19394201,12
BN,1917,marine_hw,abrupt-4xCO2,0.3125437791666667,0.47283554,0.17478144,12
BN,1918,marine_hw,abrupt-4xCO2,0.3045250208333333,0.42211986,0.18028244,12
BN,1919,marine_hw,abrupt-4xCO2,0.31528876916666665,0.44136298,0.15469071,12
BN,1920,marine_hw,abrupt-4xCO2,0.31983497,0.43552643,0.1744016,12
BN,1921,marine_hw,abrupt-4xCO2,0.26519,0.3781789,0.15334448,12
BN,1922,marine_hw,abrupt-4xCO2,0.3075953775,0.4901848,0.17131387,12
BN,1923,marine_hw,abrupt-4xCO2,0.32510581,0.47573134,0.21447968,12
BN,1924,marine_hw,abrupt-4xCO2,0.2895777525,0.40755633,0.17539683,12
BN,1925,marine_hw,abrupt-4xCO2,0.27387021500000003,0.41078296,0.14144455,12
BN,1926,marine_hw,abrupt-4xCO2,0.30717010166666664,0.471341,0.135355,12
BN,1927,marine_hw,abrupt-4xCO2,0.2836148591666667,0.42194405,0.17938586,12
BN,1928,marine_hw,abrupt-4xCO2,0.29886256083333335,0.43158236,0.15729593,12
BN,1929,marine_hw,abrupt-4xCO2,0.3182106875,0.44387424,0.14968967,12
BN,1930,marine_hw,abrupt-4xCO2,0.28055833,0.39353704,0.1258153,12
BN,1931,marine_hw,abrupt-4xCO2,0.30311285250000003,0.41899252,0.16261841,12
BN,1932,marine_hw,abrupt-4xCO2,0.29968373583333335,0.39929038,0.20726067,12
BN,1933,marine_hw,abrupt-4xCO2,0.32269359999999997,0.4302026,0.20099595,12
BN,1934,marine_hw,abrupt-4xCO2,0.27356510333333334,0.39861324,0.18010193,12
BN,1935,marine_hw,abrupt-4xCO2,0.3028132233333333,0.48625958,0.17329293,12
BN,1936,marine_hw,abrupt-4xCO2,0.319647515,0.4954563,0.15601614,12
BN,1937,marine_hw,abrupt-4xCO2,0.31031181999999996,0.39671403,0.21383074,12
BN,1938,marine_hw,abrupt-4xCO2,0.302932515,0.41174868,0.22879761,12
BN,1939,marine_hw,abrupt-4xCO2,0.31103120666666667,0.4477391,0.1688194,12
BN,1940,marine_hw,abrupt-4xCO2,0.2828937025,0.40434444,0.17987911,12
BN,1941,marine_hw,abrupt-4xCO2,0.31215295,0.4592196,0.12948823,12
BN,1942,marine_hw,abrupt-4xCO2,0.2923271766666667,0.4124896,0.1522506,12
BN,1943,marine_hw,abrupt-4xCO2,0.34442691750000004,0.48876947,0.19132808,12
BN,1944,marine_hw,abrupt-4xCO2,0.27676264833333336,0.38126665,0.15072183,12
BN,1945,marine_hw,abrupt-4xCO2,0.31438272166666664,0.44616872,0.14849043,12
BN,1946,marine_hw,abrupt-4xCO2,0.3348074941666667,0.50183445,0.22027665,12
BN,1947,marine_hw,abrupt-4xCO2,0.27784434,0.42382982,0.12197997,12
BN,1948,marine_hw,abrupt-4xCO2,0.3383460208333333,0.48366174,0.18319032,12
BN,1949,marine_hw,abrupt-4xCO2,0.3361603066666667,0.4537186,0.22446162,12
BN,1950,marine_hw,abrupt-4xCO2,0.270155305,0.3522296,0.17538007,12
BN,1951,marine_hw,abrupt-4xCO2,0.303811485,0.4716296,0.17641288,12
BN,1952,marine_hw,abrupt-4xCO2,0.32337609666666667,0.45514536,0.18703306,12
BN,1953,marine_hw,abrupt-4xCO2,0.31009302916666664,0.4252183,0.1914623,12
BN,1954,marine_hw,abrupt-4xCO2,0.295175935,0.44149116,0.1492575,12
BN,1955,marine_hw,abrupt-4xCO2,0.3103232833333333,0.47423816,0.15400352,12
BN,1956,marine_hw,abrupt-4xCO2,0.30384341,0.42608404,0.16330564,12
BN,1957,marine_hw,abrupt-4xCO2,0.31277330166666667,0.421234,0.20025775,12
BN,1958,marine_hw,abrupt-4xCO2,0.3125646325,0.4029358,0.21455015,12
BN,1959,marine_hw,abrupt-4xCO2,0.31796367833333333,0.43860677,0.17388082,12
BN,1960,marine_hw,abrupt-4xCO2,0.2850005191666667,0.41821674,0.16017696,12
BN,1961,marine_hw,abrupt-4xCO2,0.3271211425,0.48995128,0.15218887,12
BN,1962,marine_hw,abrupt-4xCO2,0.3138385475,0.4849912,0.18051733,12
BN,1963,marine_hw,abrupt-4xCO2,0.3480452608333333,0.4875031,0.22013706,12
BN,1964,marine_hw,abrupt-4xCO2,0.30897514833333334,0.46151543,0.19614053,12
BN,1965,marine_hw,abrupt-4xCO2,0.3138612416666667,0.44903296,0.15570274,12
BN,1966,marine_hw,abrupt-4xCO2,0.34762532583333333,0.4772051,0.21436022,12
BN,1967,marine_hw,abrupt-4xCO2,0.31599876583333336,0.42255136,0.20671976,12
BN,1968,marine_hw,abrupt-4xCO2,0.2970843633333333,0.35596022,0.18253934,12
BN,1969,marine_hw,abrupt-4xCO2,0.3307947058333333,0.44091266,0.15438873,12
BN,1970,marine_hw,abrupt-4xCO2,0.3382723783333333,0.49872592,0.22625011,12
BN,1971,marine_hw,abrupt-4xCO2,0.30627274833333334,0.46147382,0.17532504,12
BN,1972,marine_hw,abrupt-4xCO2,0.31379648499999996,0.4163504,0.19809008,12
BN,1973,marine_hw,abrupt-4xCO2,0.31981925166666664,0.46383542,0.1616621,12
BN,1974,marine_hw,abrupt-4xCO2,0.31453854333333336,0.41733354,0.19971079,12
BN,1975,marine_hw,abrupt-4xCO2,0.26383325916666667,0.33539104,0.14668651,12
BN,1976,marine_hw,abrupt-4xCO2,0.3355571025,0.4703471,0.16310698,12
BN,1977,marine_hw,abrupt-4xCO2,0.3356852858333333,0.49516776,0.18922485,12
BN,1978,marine_hw,abrupt-4xCO2,0.29439109166666666,0.36976534,0.16328214,12
BN,1979,marine_hw,abrupt-4xCO2,0.2844205791666667,0.36389726,0.19012749,12
BN,1980,marine_hw,abrupt-4xCO2,0.31086964083333335,0.43822557,0.1694046,12
BN,1981,marine_hw,abrupt-4xCO2,0.32043226583333334,0.380107,0.21649298,12
BN,1982,marine_hw,abrupt-4xCO2,0.32182434583333336,0.45634663,0.18040928,12
BN,1983,marine_hw,abrupt-4xCO2,0.3486297358333333,0.50198877,0.19465606,12
BN,1984,marine_hw,abrupt-4xCO2,0.33627529500000003,0.51564234,0.18188637,12
BN,1985,marine_hw,abrupt-4xCO2,0.3112478833333333,0.4365324,0.17944893,12
BN,1986,marine_hw,abrupt-4xCO2,0.29261845000000003,0.39476448,0.20934242,12
BN,1987,marine_hw,abrupt-4xCO2,0.29155160083333337,0.42700344,0.15905422,12
BN,1988,marine_hw,abrupt-4xCO2,0.3269557341666667,0.464426,0.1621567,12
BN,1989,marine_hw,abrupt-4xCO2,0.3265134925,0.48030156,0.19616738,12
BN,1990,marine_hw,abrupt-4xCO2,0.32069040666666665,0.45390248,0.21222144,12
BN,1991,marine_hw,abrupt-4xCO2,0.31081232583333335,0.44376886,0.16516256,12
BN,1992,marine_hw,abrupt-4xCO2,0.3254082283333333,0.48190415,0.1610071,12
BN,1993,marine_hw,abrupt-4xCO2,0.32661952499999997,0.44110796,0.21127988,12
BN,1994,marine_hw,abrupt-4xCO2,0.3095441816666667,0.43528417,0.22970158,12
BN,1995,marine_hw,abrupt-4xCO2,0.31407050375,0.462461,0.116684325,12
BN,1996,marine_hw,abrupt-4xCO2,0.3491192758333333,0.53437275,0.20432997,12
BN,1997,marine_hw,abrupt-4xCO2,0.3249063325,0.4152075,0.21934986,12
BN,1998,marine_hw,abrupt-4xCO2,0.32133564333333337,0.43912956,0.14289212,12
BN,1999,marine_hw,abrupt-4xCO2,0.33470302,0.4751683,0.20930685,12
BN,2000,marine_hw,abrupt-4xCO2,0.3102259733333333,0.45161405,0.17675313,12
CC,1850,marine_hw,abrupt-4xCO2,0.021433006776666666,0.1899389,0.0,300
CC,1851,marine_hw,abrupt-4xCO2,0.05349014819646667,0.31929004,0.0,300
CC,1852,marine_hw,abrupt-4xCO2,0.06798083991033334,0.29274404,0.0,300
CC,1853,marine_hw,abrupt-4xCO2,0.07600768779843332,0.29277623,0.0,300
CC,1854,marine_hw,abrupt-4xCO2,0.06824741692066666,0.27357274,0.0,300
CC,1855,marine_hw,abrupt-4xCO2,0.06447472629166667,0.28028774,0.0,300
CC,1856,marine_hw,abrupt-4xCO2,0.09076009361433333,0.36534083,0.0,300
CC,1857,marine_hw,abrupt-4xCO2,0.09524727249953333,0.3804714,0.0,300
CC,1858,marine_hw,abrupt-4xCO2,0.08975330862211667,0.36543742,0.0,300
CC,1859,marine_hw,abrupt-4xCO2,0.09715408943693334,0.3698915,0.0,300
CC,1860,marine_hw,abrupt-4xCO2,0.1132844556132,0.3753972,0.0,300
CC,1861,marine_hw,abrupt-4xCO2,0.097853616614,0.33619234,0.0,300
CC,1862,marine_hw,abrupt-4xCO2,0.10478354445133332,0.33952373,0.0,300
CC,1863,marine_hw,abrupt-4xCO2,0.11335581896619999,0.41307676,0.0,300
CC,1864,marine_hw,abrupt-4xCO2,0.114952509203,0.44252598,0.0,300
CC,1865,marine_hw,abrupt-4xCO2,0.12303653460406667,0.40009505,0.0,300
CC,1866,marine_hw,abrupt-4xCO2,0.1137335377415,0.40919918,0.0,300
CC,1867,marine_hw,abrupt-4xCO2,0.09971217730266667,0.36443222,0.0,300
CC,1868,marine_hw,abrupt-4xCO2,0.10679018351513332,0.40882537,0.0,300
CC,1869,marine_hw,abrupt-4xCO2,0.14311510416666667,0.47626084,0.0,300
CC,1870,marine_hw,abrupt-4xCO2,0.100606502578,0.34723333,0.0,300
CC,1871,marine_hw,abrupt-4xCO2,0.10768904415071667,0.37898153,0.0,300
CC,1872,marine_hw,abrupt-4xCO2,0.121991886259,0.4259411,0.0,300
CC,1873,marine_hw,abrupt-4xCO2,0.11225335239366667,0.4143069,0.0,300
CC,1874,marine_hw,abrupt-4xCO2,0.117465956475,0.4270115,0.0,300
CC,1875,marine_hw,abrupt-4xCO2,0.13202794321,0.453122,0.0,300
CC,1876,marine_hw,abrupt-4xCO2,0.12299175221266667,0.38457987,0.0,300
CC,1877,marine_hw,abrupt-4xCO2,0.11572362736866668,0.39174855,0.0,300
CC,1878,marine_hw,abrupt-4xCO2,0.11917857300765666,0.42578205,0.0,300
CC,1879,marine_hw,abrupt-4xCO2,0.12499794253326667,0.4059356,0.0,300
CC,1880,marine_hw,abrupt-4xCO2,0.11925896988268335,0.3862529,0.0,300
CC,1881,marine_hw,abrupt-4xCO2,0.14881673454983332,0.4347741,0.0,300
CC,1882,marine_hw,abrupt-4xCO2,0.11773929021646666,0.3620491,0.0,300
CC,1883,marine_hw,abrupt-4xCO2,0.127282958276,0.40155402,0.0,300
CC,1884,marine_hw,abrupt-4xCO2,0.138943884983,0.42494586,0.0,300
CC,1885,marine_hw,abrupt-4xCO2,0.11655433208666667,0.3573963,0.0,300
CC,1886,marine_hw,abrupt-4xCO2,0.1199126220268,0.35309058,0.0,300
CC,1887,marine_hw,abrupt-4xCO2,0.12842569555738334,0.47608635,0.0,300
CC,1888,marine_hw,abrupt-4xCO2,0.11440006038766666,0.44474936,0.0,300
CC,1889,marine_hw,abrupt-4xCO2,0.11997028983753334,0.4061336,0.0,300
CC,1890,marine_hw,abrupt-4xCO2,0.10616864372246666,0.38553482,0.0,300
CC,1891,marine_hw,abrupt-4xCO2,0.132873643945,0.45308912,0.0,300
CC,1892,marine_hw,abrupt-4xCO2,0.13865301691233334,0.44741362,0.0,300
CC,1893,marine_hw,abrupt-4xCO2,0.11913052276433334,0.34789628,0.0,300
CC,1894,marine_hw,abrupt-4xCO2,0.13759158131866667,0.40767646,0.0,300
CC,1895,marine_hw,abrupt-4xCO2,0.14959175244746667,0.43835646,0.0,300
CC,1896,marine_hw,abrupt-4xCO2,0.11808905897476668,0.38424835,0.0,300
CC,1897,marine_hw,abrupt-4xCO2,0.12113863178599998,0.4418549,0.0,300
CC,1898,marine_hw,abrupt-4xCO2,0.15131855361166666,0.4532052,0.0,300
CC,1899,marine_hw,abrupt-4xCO2,0.1206577872842,0.38372287,0.0,300
CC,1900,marine_hw,abrupt-4xCO2,0.13037105616833333,0.45973098,0.0,300
CC,1901,marine_hw,abrupt-4xCO2,0.13815414934566667,0.483447,0.0,300
CC,1902,marine_hw,abrupt-4xCO2,0.13182134609933333,0.46396026,0.0,300
CC,1903,marine_hw,abrupt-4xCO2,0.11218227940433333,0.35827687,0.0,300
CC,1904,marine_hw,abrupt-4xCO2,0.1340411712333,0.45607886,0.0,300
CC,1905,marine_hw,abrupt-4xCO2,0.158517141929,0.49202767,0.0,300
CC,1906,marine_hw,abrupt-4xCO2,0.12412685014666666,0.38610125,0.0,300
CC,1907,marine_hw,abrupt-4xCO2,0.13813797777223333,0.45990348,0.0,300
CC,1908,marine_hw,abrupt-4xCO2,0.14281061494309566,0.4574063,0.0,300
CC,1909,marine_hw,abrupt-4xCO2,0.116820714832,0.36956072,0.0,300
CC,1910,marine_hw,abrupt-4xCO2,0.13589865091766667,0.43231186,0.0,300
CC,1911,marine_hw,abrupt-4xCO2,0.13133726049413333,0.4593988,0.0,300
CC,1912,marine_hw,abrupt-4xCO2,0.12433640396316667,0.3764723,0.0,300
CC,1913,marine_hw,abrupt-4xCO2,0.13109775512733332,0.44200188,0.0,300
CC,1914,marine_hw,abrupt-4xCO2,0.15230308655133332,0.48861513,0.0,300
CC,1915,marine_hw,abrupt-4xCO2,0.12096733661850001,0.4245801,0.0,300
CC,1916,marine_hw,abrupt-4xCO2,0.13427969403275333,0.46042892,0.0,300
CC,1917,marine_hw,abrupt-4xCO2,0.13058767089376666,0.44043952,0.0,300
CC,1918,marine_hw,abrupt-4xCO2,0.1293869388421,0.4485471,0.0,300
CC,1919,marine_hw,abrupt-4xCO2,0.12425667226238,0.4098488,0.0,300
CC,1920,marine_hw,abrupt-4xCO2,0.161404510606,0.50349003,0.0,300
CC,1921,marine_hw,abrupt-4xCO2,0.12338404781333333,0.43873897,0.0,300
CC,1922,marine_hw,abrupt-4xCO2,0.13917435667966666,0.4415254,0.0,300
CC,1923,marine_hw,abrupt-4xCO2,0.14207825126166665,0.4755206,0.0,300
CC,1924,marine_hw,abrupt-4xCO2,0.12259235151256,0.42034075,0.0,300
CC,1925,marine_hw,abrupt-4xCO2,0.12677928480433331,0.40082318,0.0,300
CC,1926,marine_hw,abrupt-4xCO2,0.14626544788153334,0.43379834,0.0,300
CC,1927,marine_hw,abrupt-4xCO2,0.13257595176216666,0.43895036,0.0,300
CC,1928,marine_hw,abrupt-4xCO2,0.12397050193943333,0.374408,0.0,300
CC,1929,marine_hw,abrupt-4xCO2,0.1360246714201,0.47497433,0.0,300
CC,1930,marine_hw,abrupt-4xCO2,0.13479535131226666,0.41409686,0.0,300
CC,1931,marine_hw,abrupt-4xCO2,0.143674370432,0.4605021,0.0,300
CC,1932,marine_hw,abrupt-4xCO2,0.12030968084854665,0.4295355,0.0,300
CC,1933,marine_hw,abrupt-4xCO2,0.14738336542799998,0.44393998,0.0,300
CC,1934,marine_hw,abrupt-4xCO2,0.10749385603336667,0.3627007,0.0,300
CC,1935,marine_hw,abrupt-4xCO2,0.1404271042795,0.49840716,0.0,300
CC,1936,marine_hw,abrupt-4xCO2,0.14563382636733332,0.45024967,0.0,300
CC,1937,marine_hw,abrupt-4xCO2,0.1504429991142,0.47789362,0.0,300
CC,1938,marine_hw,abrupt-4xCO2,0.12836841129906668,0.3982448,0.0,300
CC,1939,marine_hw,abrupt-4xCO2,0.15529878034403335,0.47693732,0.0,300
CC,1940,marine_hw,abrupt-4xCO2,0.13422942356966666,0.46564338,0.0,300
CC,1941,marine_hw,abrupt-4xCO2,0.142612755402,0.45419103,0.0,300
CC,1942,marine_hw,abrupt-4xCO2,0.14818275042555332,0.44914573,0.0,300
CC,1943,marine_hw,abrupt-4xCO2,0.1578025824409,0.49444768,0.0,300
CC,1944,marine_hw,abrupt-4xCO2,0.13241000990122334,0.4488659,0.0,300
CC,1945,marine_hw,abrupt-4xCO2,0.15453653892558,0.44506276,0.0,300
CC,1946,marine_hw,abrupt-4xCO2,0.16267046027483334,0.49108544,0.0,300
CC,1947,marine_hw,abrupt-4xCO2,0.13886402066366665,0.43370908,0.0,300
CC,1948,marine_hw,abrupt-4xCO2,0.13898560228466666,0.46061683,0.0,300
CC,1949,marine_hw,abrupt-4xCO2,0.158182875484,0.46904317,0.0,300
CC,1950,marine_hw,abrupt-4xCO2,0.12398206965119998,0.36639643,0.0,300
CC,1951,marine_hw,abrupt-4xCO2,0.137774800965,0.43963826,0.0,300
CC,1952,marine_hw,abrupt-4xCO2,0.13997593082523332,0.4682808,0.0,300
CC,1953,marine_hw,abrupt-4xCO2,0.12278916134580001,0.47121015,0.0,300
CC,1954,marine_hw,abrupt-4xCO2,0.1497118470675,0.45669627,0.0,300
CC,1955,marine_hw,abrupt-4xCO2,0.13999965596723332,0.44957253,0.0,300
CC,1956,marine_hw,abrupt-4xCO2,0.13321925740786666,0.44677,0.0,300
CC,1957,marine_hw,abrupt-4xCO2,0.13028151623200002,0.40476388,0.0,300
CC,1958,marine_hw,abrupt-4xCO2,0.11874098840399999,0.40846568,0.0,300
CC,1959,marine_hw,abrupt-4xCO2,0.165115460013,0.4858274,0.0,300
CC,1960,marine_hw,abrupt-4xCO2,0.1381553021125,0.45191604,0.0,300
CC,1961,marine_hw,abrupt-4xCO2,0.15711698562953333,0.44845247,0.0,300
CC,1962,marine_hw,abrupt-4xCO2,0.1830416231248,0.4759897,0.0,300
CC,1963,marine_hw,abrupt-4xCO2,0.158925970843,0.47609776,0.0,300
CC,1964,marine_hw,abrupt-4xCO2,0.13491023617146666,0.40003663,0.0,300
CC,1965,marine_hw,abrupt-4xCO2,0.14771490608466667,0.45122948,0.0,300
CC,1966,marine_hw,abrupt-4xCO2,0.14747243405033333,0.48708636,0.0,300
CC,1967,marine_hw,abrupt-4xCO2,0.13129710695333335,0.41281974,0.0,300
CC,1968,marine_hw,abrupt-4xCO2,0.11779088079253335,0.36699304,0.0,300
CC,1969,marine_hw,abrupt-4xCO2,0.16855857470833333,0.49205115,0.0,300
CC,1970,marine_hw,abrupt-4xCO2,0.15450670763383334,0.4827477,0.0,300
CC,1971,marine_hw,abrupt-4xCO2,0.1314593077159,0.4436581,0.0,300
CC,1972,marine_hw,abrupt-4xCO2,0.12788051361466665,0.42485794,0.0,300
CC,1973,marine_hw,abrupt-4xCO2,0.16216609571566667,0.47620514,0.0,300
CC,1974,marine_hw,abrupt-4xCO2,0.13919081225946667,0.4504121,0.0,300
CC,1975,marine_hw,abrupt-4xCO2,0.11865179477933334,0.39778644,0.0,300
CC,1976,marine_hw,abrupt-4xCO2,0.162476792919,0.5101044,0.0,300
CC,1977,marine_hw,abrupt-4xCO2,0.1627672650523,0.48114848,0.0,300
CC,1978,marine_hw,abrupt-4xCO2,0.136823154048,0.40410283,0.0,300
CC,1979,marine_hw,abrupt-4xCO2,0.13063980310700002,0.44758677,0.0,300
CC,1980,marine_hw,abrupt-4xCO2,0.13926341512373333,0.45109326,0.0,300
CC,1981,marine_hw,abrupt-4xCO2,0.13884487910633334,0.46076313,0.0,300
CC,1982,marine_hw,abrupt-4xCO2,0.14775253643343333,0.47378045,0.0,300
CC,1983,marine_hw,abrupt-4xCO2,0.1673946890895,0.48373085,0.0,300
CC,1984,marine_hw,abrupt-4xCO2,0.1438960729277,0.4584049,0.0,300
CC,1985,marine_hw,abrupt-4xCO2,0.15425502241976666,0.48549855,0.0,300
CC,1986,marine_hw,abrupt-4xCO2,0.12486443857566668,0.432436,0.0,300
CC,1987,marine_hw,abrupt-4xCO2,0.13926102940488,0.43647736,0.0,300
CC,1988,marine_hw,abrupt-4xCO2,0.14182235674,0.4596954,0.0,300
CC,1989,marine_hw,abrupt-4xCO2,0.14963955501853335,0.4583539,0.0,300
CC,1990,marine_hw,abrupt-4xCO2,0.15877326903088335,0.47694874,0.0,300
CC,1991,marine_hw,abrupt-4xCO2,0.15029819157333332,0.47309595,0.0,300
CC,1992,marine_hw,abrupt-4xCO2,0.17529360069866667,0.49930775,0.0,300
CC,1993,marine_hw,abrupt-4xCO2,0.144306593596,0.4233426,0.0,300
CC,1994,marine_hw,abrupt-4xCO2,0.151081127597,0.4387517,0.0,300
CC,1995,marine_hw,abrupt-4xCO2,0.153564460816,0.47253022,0.0,300
CC,1996,marine_hw,abrupt-4xCO2,0.15954660906755333,0.49292827,0.0,300
CC,1997,marine_hw,abrupt-4xCO2,0.14182579231746667,0.4193489,0.0,300
CC,1998,marine_hw,abrupt-4xCO2,0.14495634779103334,0.4347748,0.0,300
CC,1999,marine_hw,abrupt-4xCO2,0.17310917368950002,0.47888082,0.0,300
CC,2000,marine_hw,abrupt-4xCO2,0.14072735653236668,0.42725915,0.0,300
CG,1850,marine_hw,abrupt-4xCO2,0.14705248508333332,0.23436907,0.07410504,12
CG,1851,marine_hw,abrupt-4xCO2,0.2584158925,0.39695227,0.16554911,12
CG,1852,marine_hw,abrupt-4xCO2,0.23370378,0.34154767,0.11973715,12
CG,1853,marine_hw,abrupt-4xCO2,0.2698470825,0.3933968,0.18226622,12
CG,1854,marine_hw,abrupt-4xCO2,0.25069960416666665,0.33612922,0.17706117,12
CG,1855,marine_hw,abrupt-4xCO2,0.256407095,0.3363037,0.1941769,12
CG,1856,marine_hw,abrupt-4xCO2,0.3349809816666667,0.4588921,0.23469791,12
CG,1857,marine_hw,abrupt-4xCO2,0.3384798666666667,0.47109807,0.2250542,12
CG,1858,marine_hw,abrupt-4xCO2,0.32141861833333335,0.44552782,0.20682445,12
CG,1859,marine_hw,abrupt-4xCO2,0.34973230916666664,0.46672785,0.22583671,12
CG,1860,marine_hw,abrupt-4xCO2,0.3551224775,0.4812921,0.24720052,12
CG,1861,marine_hw,abrupt-4xCO2,0.3120142825,0.3976341,0.2243093,12
CG,1862,marine_hw,abrupt-4xCO2,0.3286988075,0.41949856,0.19412723,12
CG,1863,marine_hw,abrupt-4xCO2,0.36398075916666667,0.49579054,0.2420921,12
CG,1864,marine_hw,abrupt-4xCO2,0.34696412583333336,0.44978663,0.24849975,12
CG,1865,marine_hw,abrupt-4xCO2,0.35318993416666666,0.47749233,0.22262348,12
CG,1866,marine_hw,abrupt-4xCO2,0.3861762575,0.50417924,0.2911844,12
CG,1867,marine_hw,abrupt-4xCO2,0.3488057533333333,0.42141253,0.27241775,12
CG,1868,marine_hw,abrupt-4xCO2,0.33864854333333333,0.46037525,0.22732922,12
CG,1869,marine_hw,abrupt-4xCO2,0.4074184725,0.5354874,0.30541307,12
CG,1870,marine_hw,abrupt-4xCO2,0.34302053166666663,0.41475654,0.27856505,12
CG,1871,marine_hw,abrupt-4xCO2,0.36291349,0.45657682,0.25530607,12
CG,1872,marine_hw,abrupt-4xCO2,0.3995763308333333,0.5421984,0.30501443,12
CG,1873,marine_hw,abrupt-4xCO2,0.3695618516666667,0.47683597,0.3017019,12
CG,1874,marine_hw,abrupt-4xCO2,0.3934807125,0.48481804,0.26769993,12
CG,1875,marine_hw,abrupt-4xCO2,0.40238197833333333,0.53063136,0.29153067,12
CG,1876,marine_hw,abrupt-4xCO2,0.3797935325,0.4734456,0.29754373,12
CG,1877,marine_hw,abrupt-4xCO2,0.3590976108333333,0.4225789,0.2933762,12
CG,1878,marine_hw,abrupt-4xCO2,0.3787305266666667,0.49874067,0.27407938,12
CG,1879,marine_hw,abrupt-4xCO2,0.37155255416666666,0.46769157,0.2794066,12
CG,1880,marine_hw,abrupt-4xCO2,0.3544531558333333,0.46477228,0.25136134,12
CG,1881,marine_hw,abrupt-4xCO2,0.4106904275,0.56172204,0.29331583,12
CG,1882,marine_hw,abrupt-4xCO2,0.3514442916666667,0.42813024,0.2943399,12
CG,1883,marine_hw,abrupt-4xCO2,0.3775371616666667,0.49110356,0.22573873,12
CG,1884,marine_hw,abrupt-4xCO2,0.43593090666666673,0.5475484,0.34714878,12
CG,1885,marine_hw,abrupt-4xCO2,0.3594631283333333,0.45185632,0.254133,12
CG,1886,marine_hw,abrupt-4xCO2,0.3786023291666667,0.48698434,0.24938563,12
CG,1887,marine_hw,abrupt-4xCO2,0.41878632833333335,0.54826653,0.3279714,12
CG,1888,marine_hw,abrupt-4xCO2,0.4084560758333333,0.5028814,0.32992163,12
CG,1889,marine_hw,abrupt-4xCO2,0.37944602583333337,0.49764544,0.27693292,12
CG,1890,marine_hw,abrupt-4xCO2,0.36102254833333336,0.43877655,0.28818592,12
CG,1891,marine_hw,abrupt-4xCO2,0.43006707166666663,0.5994204,0.30335546,12
CG,1892,marine_hw,abrupt-4xCO2,0.39952411,0.52620745,0.29963356,12
CG,1893,marine_hw,abrupt-4xCO2,0.345275415,0.41245872,0.27823353,12
CG,1894,marine_hw,abrupt-4xCO2,0.3886008308333333,0.50106,0.27423108,12
CG,1895,marine_hw,abrupt-4xCO2,0.4023807533333333,0.53541225,0.2805367,12
CG,1896,marine_hw,abrupt-4xCO2,0.3659018958333333,0.4647441,0.2977558,12
CG,1897,marine_hw,abrupt-4xCO2,0.42435084166666664,0.5355881,0.3392365,12
CG,1898,marine_hw,abrupt-4xCO2,0.43787485333333337,0.5697336,0.31748748,12
CG,1899,marine_hw,abrupt-4xCO2,0.37829452416666665,0.47950292,0.28454855,12
CG,1900,marine_hw,abrupt-4xCO2,0.4082750041666667,0.5476451,0.29533446,12
CG,1901,marine_hw,abrupt-4xCO2,0.42007417166666666,0.54262257,0.30113143,12
CG,1902,marine_hw,abrupt-4xCO2,0.39626825416666667,0.512368,0.3033058,12
CG,1903,marine_hw,abrupt-4xCO2,0.35565017000000004,0.4227064,0.28864092,12
CG,1904,marine_hw,abrupt-4xCO2,0.4157923241666666,0.52153796,0.27377206,12
CG,1905,marine_hw,abrupt-4xCO2,0.42077579333333337,0.53174675,0.34482273,12
CG,1906,marine_hw,abrupt-4xCO2,0.37779097749999996,0.46729025,0.29108912,12
CG,1907,marine_hw,abrupt-4xCO2,0.38440074416666664,0.5189676,0.28041995,12
CG,1908,marine_hw,abrupt-4xCO2,0.40264067833333334,0.51697177,0.29407418,12
CG,1909,marine_hw,abrupt-4xCO2,0.38722283583333333,0.4821068,0.2786013,12
CG,1910,marine_hw,abrupt-4xCO2,0.420937205,0.54259706,0.29505262,12
CG,1911,marine_hw,abrupt-4xCO2,0.42872910999999997,0.5821396,0.3298478,12
CG,1912,marine_hw,abrupt-4xCO2,0.35117673666666666,0.4340547,0.26757646,12
CG,1913,marine_hw,abrupt-4xCO2,0.3739068741666667,0.51601887,0.24827158,12
CG,1914,marine_hw,abrupt-4xCO2,0.4410658225,0.5597638,0.32852978,12
CG,1915,marine_hw,abrupt-4xCO2,0.38795164,0.46540445,0.3048668,12
CG,1916,marine_hw,abrupt-4xCO2,0.4283123583333333,0.5596994,0.32430184,12
CG,1917,marine_hw,abrupt-4xCO2,0.4323367116666667,0.5420011,0.3264413,12
CG,1918,marine_hw,abrupt-4xCO2,0.3850793458333333,0.5057939,0.29363123,12
CG,1919,marine_hw,abrupt-4xCO2,0.3984825375,0.48989826,0.2592924,12
CG,1920,marine_hw,abrupt-4xCO2,0.440200205,0.55315214,0.34125382,12
CG,1921,marine_hw,abrupt-4xCO2,0.3904397625,0.5026747,0.3116476,12
CG,1922,marine_hw,abrupt-4xCO2,0.4106074066666667,0.54534185,0.27588063,12
CG,1923,marine_hw,abrupt-4xCO2,0.4176711958333333,0.52155006,0.33160475,12
CG,1924,marine_hw,abrupt-4xCO2,0.381502255,0.46431997,0.32525882,12
CG,1925,marine_hw,abrupt-4xCO2,0.36311794333333336,0.4564963,0.24769443,12
CG,1926,marine_hw,abrupt-4xCO2,0.4273156725,0.5395731,0.3253407,12
CG,1927,marine_hw,abrupt-4xCO2,0.40106493083333333,0.5178603,0.32924247,12
CG,1928,marine_hw,abrupt-4xCO2,0.3926857975,0.48617768,0.27600276,12
CG,1929,marine_hw,abrupt-4xCO2,0.4346512425,0.5740072,0.31406087,12
CG,1930,marine_hw,abrupt-4xCO2,0.3823767941666667,0.45308843,0.29613847,12
CG,1931,marine_hw,abrupt-4xCO2,0.43888061083333335,0.5600524,0.32053295,12
CG,1932,marine_hw,abrupt-4xCO2,0.41391847666666665,0.49799174,0.3363843,12
CG,1933,marine_hw,abrupt-4xCO2,0.40303170250000003,0.5165074,0.30404133,12
CG,1934,marine_hw,abrupt-4xCO2,0.38794771499999997,0.44822297,0.30879807,12
CG,1935,marine_hw,abrupt-4xCO2,0.4321286858333333,0.5625731,0.3259031,12
CG,1936,marine_hw,abrupt-4xCO2,0.43649159083333333,0.54995364,0.3332288,12
CG,1937,marine_hw,abrupt-4xCO2,0.41377643583333334,0.5171248,0.3303538,12
CG,1938,marine_hw,abrupt-4xCO2,0.402796915,0.48634946,0.32105643,12
CG,1939,marine_hw,abrupt-4xCO2,0.4309263875,0.56139725,0.32736742,12
CG,1940,marine_hw,abrupt-4xCO2,0.40431954249999996,0.48817354,0.32345626,12
CG,1941,marine_hw,abrupt-4xCO2,0.43328822250000004,0.5607101,0.33093634,12
CG,1942,marine_hw,abrupt-4xCO2,0.44029279,0.5182388,0.35613194,12
CG,1943,marine_hw,abrupt-4xCO2,0.4407990683333333,0.5777962,0.34353018,12
CG,1944,marine_hw,abrupt-4xCO2,0.39880733583333333,0.4966482,0.31823778,12
CG,1945,marine_hw,abrupt-4xCO2,0.4076137391666667,0.5078878,0.28185746,12
CG,1946,marine_hw,abrupt-4xCO2,0.4320496833333333,0.5219634,0.34641862,12
CG,1947,marine_hw,abrupt-4xCO2,0.4144552458333333,0.49249944,0.33377242,12
CG,1948,marine_hw,abrupt-4xCO2,0.42727194583333333,0.56352866,0.27884555,12
CG,1949,marine_hw,abrupt-4xCO2,0.4222977358333333,0.52503574,0.34095442,12
CG,1950,marine_hw,abrupt-4xCO2,0.3566765158333333,0.45035303,0.28354326,12
CG,1951,marine_hw,abrupt-4xCO2,0.4157851641666667,0.5438413,0.30342257,12
CG,1952,marine_hw,abrupt-4xCO2,0.43738675499999996,0.564891,0.33866608,12
CG,1953,marine_hw,abrupt-4xCO2,0.4134231025,0.49413157,0.316705,12
CG,1954,marine_hw,abrupt-4xCO2,0.46090384833333337,0.5873138,0.35621122,12
CG,1955,marine_hw,abrupt-4xCO2,0.4148272675,0.50936687,0.32187918,12
CG,1956,marine_hw,abrupt-4xCO2,0.43486708,0.5663862,0.34377974,12
CG,1957,marine_hw,abrupt-4xCO2,0.42089891333333335,0.5055846,0.35630652,12
CG,1958,marine_hw,abrupt-4xCO2,0.41280571083333334,0.5052812,0.30774713,12
CG,1959,marine_hw,abrupt-4xCO2,0.4453868,0.56008863,0.34925997,12
CG,1960,marine_hw,abrupt-4xCO2,0.40913748666666666,0.51109564,0.32282674,12
CG,1961,marine_hw,abrupt-4xCO2,0.41994394,0.49431545,0.34088203,12
CG,1962,marine_hw,abrupt-4xCO2,0.43553864166666667,0.5126271,0.34346712,12
CG,1963,marine_hw,abrupt-4xCO2,0.447122705,0.56330585,0.35045588,12
CG,1964,marine_hw,abrupt-4xCO2,0.4083876108333333,0.5015526,0.31363136,12
CG,1965,marine_hw,abrupt-4xCO2,0.447556565,0.5494248,0.34688157,12
CG,1966,marine_hw,abrupt-4xCO2,0.46320918499999997,0.58825874,0.3564232,12
CG,1967,marine_hw,abrupt-4xCO2,0.39156919083333336,0.4944859,0.33198458,12
CG,1968,marine_hw,abrupt-4xCO2,0.39077852583333333,0.45743582,0.32436895,12
CG,1969,marine_hw,abrupt-4xCO2,0.4607719858333333,0.5755333,0.3291002,12
CG,1970,marine_hw,abrupt-4xCO2,0.4551673908333333,0.58338517,0.35896128,12
CG,1971,marine_hw,abrupt-4xCO2,0.42713893249999996,0.5333936,0.3515404,12
CG,1972,marine_hw,abrupt-4xCO2,0.39583906500000005,0.46197516,0.31199116,12
CG,1973,marine_hw,abrupt-4xCO2,0.4607047733333334,0.5921954,0.34072363,12
CG,1974,marine_hw,abrupt-4xCO2,0.4289356925,0.5597758,0.32129395,12
CG,1975,marine_hw,abrupt-4xCO2,0.40362012999999997,0.47411937,0.3197679,12
CG,1976,marine_hw,abrupt-4xCO2,0.4717068841666667,0.6437237,0.3347173,12
CG,1977,marine_hw,abrupt-4xCO2,0.4585135,0.5830389,0.359862,12
CG,1978,marine_hw,abrupt-4xCO2,0.3992669483333333,0.49884003,0.32295427,12
CG,1979,marine_hw,abrupt-4xCO2,0.40805096916666667,0.506712,0.32826805,12
CG,1980,marine_hw,abrupt-4xCO2,0.4713991716666666,0.589719,0.3835437,12
CG,1981,marine_hw,abrupt-4xCO2,0.4418588266666667,0.5744528,0.34835264,12
CG,1982,marine_hw,abrupt-4xCO2,0.4330877733333333,0.49869505,0.32455015,12
CG,1983,marine_hw,abrupt-4xCO2,0.47800549166666667,0.60586834,0.37313092,12
CG,1984,marine_hw,abrupt-4xCO2,0.4648433158333333,0.58646953,0.35226247,12
CG,1985,marine_hw,abrupt-4xCO2,0.4424263391666667,0.54266286,0.36499047,12
CG,1986,marine_hw,abrupt-4xCO2,0.40508379749999995,0.49502683,0.33523405,12
CG,1987,marine_hw,abrupt-4xCO2,0.40728244249999995,0.49805617,0.2957613,12
CG,1988,marine_hw,abrupt-4xCO2,0.467255915,0.58647895,0.37132162,12
CG,1989,marine_hw,abrupt-4xCO2,0.4532568791666667,0.56879544,0.36915398,12
CG,1990,marine_hw,abrupt-4xCO2,0.4290934775,0.5203514,0.35856268,12
CG,1991,marine_hw,abrupt-4xCO2,0.4556244025,0.5572552,0.3649153,12
CG,1992,marine_hw,abrupt-4xCO2,0.4476044325,0.5610697,0.35933042,12
CG,1993,marine_hw,abrupt-4xCO2,0.4167168666666667,0.5069469,0.3244186,12
CG,1994,marine_hw,abrupt-4xCO2,0.41977652083333333,0.5118271,0.29243398,12
CG,1995,marine_hw,abrupt-4xCO2,0.46914954416666665,0.5810806,0.357489,12
CG,1996,marine_hw,abrupt-4xCO2,0.4674966233333333,0.6037061,0.3509498,12
CG,1997,marine_hw,abrupt-4xCO2,0.44257353166666663,0.5529253,0.36985996,12
CG,1998,marine_hw,abrupt-4xCO2,0.4287176691666667,0.50078887,0.33317646,12
CG,1999,marine_hw,abrupt-4xCO2,0.45199352583333335,0.56501985,0.35571986,12
CG,2000,marine_hw,abrupt-4xCO2,0.4234055975,0.5051255,0.3206967,12
CN,1850,marine_hw,abrupt-4xCO2,0.024827926296666667,0.19651031,0.0,120
CN,1851,marine_hw,abrupt-4xCO2,0.045738762755833336,0.3345019,0.0,120
CN,1852,marine_hw,abrupt-4xCO2,0.05070109830833334,0.27805096,0.0,120
CN,1853,marine_hw,abrupt-4xCO2,0.06447667293666666,0.29134077,0.0,120
CN,1854,marine_hw,abrupt-4xCO2,0.056910405455,0.32363743,0.0,120
CN,1855,marine_hw,abrupt-4xCO2,0.0492430511625,0.2730446,0.0,120
CN,1856,marine_hw,abrupt-4xCO2,0.06692045641666668,0.35872447,0.0,120
CN,1857,marine_hw,abrupt-4xCO2,0.07914529349633333,0.37644747,0.0,120
CN,1858,marine_hw,abrupt-4xCO2,0.0781630070775,0.38150018,0.0,120
CN,1859,marine_hw,abrupt-4xCO2,0.07496337816750001,0.42833155,0.0,120
CN,1860,marine_hw,abrupt-4xCO2,0.0765958829875,0.39539665,0.0,120
CN,1861,marine_hw,abrupt-4xCO2,0.0712999855955,0.33000684,0.0,120
CN,1862,marine_hw,abrupt-4xCO2,0.0922845098675,0.37694213,0.0,120
CN,1863,marine_hw,abrupt-4xCO2,0.07811993222166666,0.38245654,0.0,120
CN,1864,marine_hw,abrupt-4xCO2,0.08175537949999999,0.40732682,0.0,120
CN,1865,marine_hw,abrupt-4xCO2,0.09263865489166667,0.42510694,0.0,120
CN,1866,marine_hw,abrupt-4xCO2,0.0802051409475,0.4186268,0.0,120
CN,1867,marine_hw,abrupt-4xCO2,0.08174693437083333,0.39140695,0.0,120
CN,1868,marine_hw,abrupt-4xCO2,0.07215064556666667,0.37355107,0.0,120
CN,1869,marine_hw,abrupt-4xCO2,0.07932449324666666,0.41582227,0.0,120
CN,1870,marine_hw,abrupt-4xCO2,0.078320518025,0.3851738,0.0,120
CN,1871,marine_hw,abrupt-4xCO2,0.07054669057083333,0.3852114,0.0,120
CN,1872,marine_hw,abrupt-4xCO2,0.077788818435,0.41926837,0.0,120
CN,1873,marine_hw,abrupt-4xCO2,0.07672982002249999,0.3888655,0.0,120
CN,1874,marine_hw,abrupt-4xCO2,0.08503884722675001,0.39806563,0.0,120
CN,1875,marine_hw,abrupt-4xCO2,0.08911929961083334,0.42136085,0.0,120
CN,1876,marine_hw,abrupt-4xCO2,0.07416909426916667,0.3579742,0.0,120
CN,1877,marine_hw,abrupt-4xCO2,0.07828801636166666,0.3292512,0.0,120
CN,1878,marine_hw,abrupt-4xCO2,0.07686719739999999,0.36253762,0.0,120
CN,1879,marine_hw,abrupt-4xCO2,0.08458141071366666,0.39897093,0.0,120
CN,1880,marine_hw,abrupt-4xCO2,0.0846194926205,0.42458612,0.0,120
CN,1881,marine_hw,abrupt-4xCO2,0.09103489978583333,0.42443985,0.0,120
CN,1882,marine_hw,abrupt-4xCO2,0.07453585723333332,0.35697693,0.0,120
CN,1883,marine_hw,abrupt-4xCO2,0.08219419496208333,0.42188767,0.0,120
CN,1884,marine_hw,abrupt-4xCO2,0.096149089755,0.42955428,0.0,120
CN,1885,marine_hw,abrupt-4xCO2,0.0740041462375,0.3802432,0.0,120
CN,1886,marine_hw,abrupt-4xCO2,0.08492012330750001,0.4398738,0.0,120
CN,1887,marine_hw,abrupt-4xCO2,0.08926674059083334,0.47631654,0.0,120
CN,1888,marine_hw,abrupt-4xCO2,0.08743970446666666,0.43065423,0.0,120
CN,1889,marine_hw,abrupt-4xCO2,0.09179996198366666,0.41309088,0.0,120
CN,1890,marine_hw,abrupt-4xCO2,0.06503700363966666,0.32514206,0.0,120
CN,1891,marine_hw,abrupt-4xCO2,0.08144460349275,0.4247586,0.0,120
CN,1892,marine_hw,abrupt-4xCO2,0.08310957228666666,0.41686046,0.0,120
CN,1893,marine_hw,abrupt-4xCO2,0.06813518544250001,0.34177724,0.0,120
CN,1894,marine_hw,abrupt-4xCO2,0.09013381969999999,0.36901715,0.0,120
CN,1895,marine_hw,abrupt-4xCO2,0.0960815528625,0.47323483,0.0,120
CN,1896,marine_hw,abrupt-4xCO2,0.07869354929166668,0.39242572,0.0,120
CN,1897,marine_hw,abrupt-4xCO2,0.0813098989575,0.42646724,0.0,120
CN,1898,marine_hw,abrupt-4xCO2,0.09353219487583334,0.42102396,0.0,120
CN,1899,marine_hw,abrupt-4xCO2,0.09640683890083333,0.43928793,0.0,120
CN,1900,marine_hw,abrupt-4xCO2,0.07929219591499999,0.39150023,0.0,120
CN,1901,marine_hw,abrupt-4xCO2,0.09184045331016666,0.43043077,0.0,120
CN,1902,marine_hw,abrupt-4xCO2,0.092322289095,0.38517177,0.0,120
CN,1903,marine_hw,abrupt-4xCO2,0.0604150816975,0.36384296,0.0,120
CN,1904,marine_hw,abrupt-4xCO2,0.08248902395833334,0.42694706,0.0,120
CN,1905,marine_hw,abrupt-4xCO2,0.10489308500666666,0.43322858,0.0,120
CN,1906,marine_hw,abrupt-4xCO2,0.07073412887500001,0.40692616,0.0,120
CN,1907,marine_hw,abrupt-4xCO2,0.09071549919416667,0.41092122,0.0,120
CN,1908,marine_hw,abrupt-4xCO2,0.09356570597583333,0.42942545,0.0,120
CN,1909,marine_hw,abrupt-4xCO2,0.07765131309324999,0.40660405,0.0,120
CN,1910,marine_hw,abrupt-4xCO2,0.09096534379333333,0.46828413,0.0,120
CN,1911,marine_hw,abrupt-4xCO2,0.08134515137916667,0.39989236,0.0,120
CN,1912,marine_hw,abrupt-4xCO2,0.08233974309583333,0.3939612,0.0,120
CN,1913,marine_hw,abrupt-4xCO2,0.07275493683666667,0.37842932,0.0,120
CN,1914,marine_hw,abrupt-4xCO2,0.0846035337425,0.4457882,0.0,120
CN,1915,marine_hw,abrupt-4xCO2,0.09184590088666668,0.39188814,0.0,120
CN,1916,marine_hw,abrupt-4xCO2,0.08290462818416668,0.38346383,0.0,120
CN,1917,marine_hw,abrupt-4xCO2,0.08532876096166667,0.42381707,0.0,120
CN,1918,marine_hw,abrupt-4xCO2,0.07967234620333333,0.38616502,0.0,120
CN,1919,marine_hw,abrupt-4xCO2,0.0774500567625,0.4590827,0.0,120
CN,1920,marine_hw,abrupt-4xCO2,0.08832493574666667,0.458066,0.0,120
CN,1921,marine_hw,abrupt-4xCO2,0.07835400097499999,0.39828908,0.0,120
CN,1922,marine_hw,abrupt-4xCO2,0.084425281219725,0.4337809,0.0,120
CN,1923,marine_hw,abrupt-4xCO2,0.10244378207499999,0.4657702,0.0,120
CN,1924,marine_hw,abrupt-4xCO2,0.07788815698416666,0.41379687,0.0,120
CN,1925,marine_hw,abrupt-4xCO2,0.07191933827166667,0.3827216,0.0,120
CN,1926,marine_hw,abrupt-4xCO2,0.08436029454583333,0.4388739,0.0,120
CN,1927,marine_hw,abrupt-4xCO2,0.07842365654666666,0.38681865,0.0,120
CN,1928,marine_hw,abrupt-4xCO2,0.09075898527166666,0.42875034,0.0,120
CN,1929,marine_hw,abrupt-4xCO2,0.078367542757,0.46536687,0.0,120
CN,1930,marine_hw,abrupt-4xCO2,0.08628160062166666,0.45380315,0.0,120
CN,1931,marine_hw,abrupt-4xCO2,0.08217461073299999,0.40556583,0.0,120
CN,1932,marine_hw,abrupt-4xCO2,0.07457560142250001,0.44249713,0.0,120
CN,1933,marine_hw,abrupt-4xCO2,0.09341137299166666,0.47158596,0.0,120
CN,1934,marine_hw,abrupt-4xCO2,0.08240617168466667,0.41927505,0.0,120
CN,1935,marine_hw,abrupt-4xCO2,0.08639665193469999,0.45948535,0.0,120
CN,1936,marine_hw,abrupt-4xCO2,0.08690024078333333,0.44027647,0.0,120
CN,1937,marine_hw,abrupt-4xCO2,0.08824971786083333,0.41263387,0.0,120
CN,1938,marine_hw,abrupt-4xCO2,0.0807753849375,0.40248415,0.0,120
CN,1939,marine_hw,abrupt-4xCO2,0.086585760775,0.45282942,0.0,120
CN,1940,marine_hw,abrupt-4xCO2,0.078938281685,0.35328794,0.0,120
CN,1941,marine_hw,abrupt-4xCO2,0.08570921445833334,0.43208164,0.0,120
CN,1942,marine_hw,abrupt-4xCO2,0.091470154045,0.45895118,0.0,120
CN,1943,marine_hw,abrupt-4xCO2,0.0909187660275,0.47116786,0.0,120
CN,1944,marine_hw,abrupt-4xCO2,0.06820526567916667,0.35221952,0.0,120
CN,1945,marine_hw,abrupt-4xCO2,0.06910969566916667,0.4132023,0.0,120
CN,1946,marine_hw,abrupt-4xCO2,0.08841741226500001,0.42409354,0.0,120
CN,1947,marine_hw,abrupt-4xCO2,0.07427190709083334,0.43250716,0.0,120
CN,1948,marine_hw,abrupt-4xCO2,0.09547985182583334,0.49394906,0.0,120
CN,1949,marine_hw,abrupt-4xCO2,0.092921867175,0.38496238,0.0,120
CN,1950,marine_hw,abrupt-4xCO2,0.06320225589916667,0.3595727,0.0,120
CN,1951,marine_hw,abrupt-4xCO2,0.07893857147533333,0.42099443,0.0,120
CN,1952,marine_hw,abrupt-4xCO2,0.09136796212666667,0.42730814,0.0,120
CN,1953,marine_hw,abrupt-4xCO2,0.08955663627416667,0.4498752,0.0,120
CN,1954,marine_hw,abrupt-4xCO2,0.08008284273333333,0.42426,0.0,120
CN,1955,marine_hw,abrupt-4xCO2,0.0894108838605725,0.45098385,0.0,120
CN,1956,marine_hw,abrupt-4xCO2,0.08772240780695834,0.42431504,0.0,120
CN,1957,marine_hw,abrupt-4xCO2,0.0873279133575,0.42670417,0.0,120
CN,1958,marine_hw,abrupt-4xCO2,0.08112702047166667,0.42486534,0.0,120
CN,1959,marine_hw,abrupt-4xCO2,0.09080447070833333,0.41869992,0.0,120
CN,1960,marine_hw,abrupt-4xCO2,0.0825052651275,0.4197059,0.0,120
CN,1961,marine_hw,abrupt-4xCO2,0.09031186848916667,0.46492666,0.0,120
CN,1962,marine_hw,abrupt-4xCO2,0.097875445465,0.45199856,0.0,120
CN,1963,marine_hw,abrupt-4xCO2,0.10237778812916667,0.47629374,0.0,120
CN,1964,marine_hw,abrupt-4xCO2,0.08469892534716666,0.422091,0.0,120
CN,1965,marine_hw,abrupt-4xCO2,0.09024455256416666,0.3857563,0.0,120
CN,1966,marine_hw,abrupt-4xCO2,0.09738360650333333,0.42669812,0.0,120
CN,1967,marine_hw,abrupt-4xCO2,0.08232232285166667,0.39308673,0.0,120
CN,1968,marine_hw,abrupt-4xCO2,0.08389705423958334,0.40339148,0.0,120
CN,1969,marine_hw,abrupt-4xCO2,0.10222027274166666,0.46828952,0.0,120
CN,1970,marine_hw,abrupt-4xCO2,0.09264347875333333,0.46517897,0.0,120
CN,1971,marine_hw,abrupt-4xCO2,0.08775350105166665,0.411344,0.0,120
CN,1972,marine_hw,abrupt-4xCO2,0.07872640833250001,0.39480743,0.0,120
CN,1973,marine_hw,abrupt-4xCO2,0.09461566604499999,0.43998453,0.0,120
CN,1974,marine_hw,abrupt-4xCO2,0.09700819430583334,0.45174825,0.0,120
CN,1975,marine_hw,abrupt-4xCO2,0.07401571069166667,0.3905661,0.0,120
CN,1976,marine_hw,abrupt-4xCO2,0.09891396714583332,0.51265395,0.0,120
CN,1977,marine_hw,abrupt-4xCO2,0.10617101080250001,0.51223516,0.0,120
CN,1978,marine_hw,abrupt-4xCO2,0.07239472751916667,0.36751723,0.0,120
CN,1979,marine_hw,abrupt-4xCO2,0.08624821924000001,0.41941866,0.0,120
CN,1980,marine_hw,abrupt-4xCO2,0.09705426999083334,0.4465942,0.0,120
CN,1981,marine_hw,abrupt-4xCO2,0.08592673375333333,0.40069768,0.0,120
CN,1982,marine_hw,abrupt-4xCO2,0.08980292940833333,0.39537787,0.0,120
CN,1983,marine_hw,abrupt-4xCO2,0.09307519575083334,0.4626006,0.0,120
CN,1984,marine_hw,abrupt-4xCO2,0.09402781735,0.45000875,0.0,120
CN,1985,marine_hw,abrupt-4xCO2,0.09132341308166667,0.4051236,0.0,120
CN,1986,marine_hw,abrupt-4xCO2,0.08950169381583332,0.4035297,0.0,120
CN,1987,marine_hw,abrupt-4xCO2,0.0806999529675,0.43098176,0.0,120
CN,1988,marine_hw,abrupt-4xCO2,0.09136487625083332,0.44937456,0.0,120
CN,1989,marine_hw,abrupt-4xCO2,0.08919704127,0.46323347,0.0,120
CN,1990,marine_hw,abrupt-4xCO2,0.103846335665,0.41008502,0.0,120
CN,1991,marine_hw,abrupt-4xCO2,0.08500866356,0.440863,0.0,120
CN,1992,marine_hw,abrupt-4xCO2,0.0919152830075,0.46189597,0.0,120
CN,1993,marine_hw,abrupt-4xCO2,0.07956648410249999,0.42123133,0.0,120
CN,1994,marine_hw,abrupt-4xCO2,0.08375400719250001,0.4178369,0.0,120
CN,1995,marine_hw,abrupt-4xCO2,0.08340458205083333,0.46319923,0.0,120
CN,1996,marine_hw,abrupt-4xCO2,0.10658711579,0.47580853,0.0,120
CN,1997,marine_hw,abrupt-4xCO2,0.0962442072275,0.43224543,0.0,120
CN,1998,marine_hw,abrupt-4xCO2,0.0893525002822,0.44785184,0.0,120
CN,1999,marine_hw,abrupt-4xCO2,0.10077013669416666,0.4530012,0.0,120
CN,2000,marine_hw,abrupt-4xCO2,0.08975533073083333,0.4206394,0.0,120
CX,1850,marine_hw,abrupt-4xCO2,0.058891665931250003,0.23432612,0.0,48
CX,1851,marine_hw,abrupt-4xCO2,0.11607646337291666,0.29852623,0.0,48
CX,1852,marine_hw,abrupt-4xCO2,0.13453045153666668,0.33034372,0.0,48
CX,1853,marine_hw,abrupt-4xCO2,0.16654776972708332,0.35939756,0.0031969943,48
CX,1854,marine_hw,abrupt-4xCO2,0.15723036983958333,0.3308028,0.0,48
CX,1855,marine_hw,abrupt-4xCO2,0.13920308833125,0.3289619,0.0,48
CX,1856,marine_hw,abrupt-4xCO2,0.19130487368750002,0.41960055,0.007638879,48
CX,1857,marine_hw,abrupt-4xCO2,0.17946504846875,0.4263753,0.0046081915,48
CX,1858,marine_hw,abrupt-4xCO2,0.16866033058625,0.37064248,0.0,48
CX,1859,marine_hw,abrupt-4xCO2,0.19298004031250002,0.41053802,0.01621218,48
CX,1860,marine_hw,abrupt-4xCO2,0.19961389589583334,0.3911251,0.007920741,48
CX,1861,marine_hw,abrupt-4xCO2,0.18860525591666666,0.3567991,0.017091323,48
CX,1862,marine_hw,abrupt-4xCO2,0.18342720229166667,0.38163307,0.009430716,48
CX,1863,marine_hw,abrupt-4xCO2,0.22517473420833334,0.4853784,0.013009692,48
CX,1864,marine_hw,abrupt-4xCO2,0.219357578,0.4420911,0.01201982,48
CX,1865,marine_hw,abrupt-4xCO2,0.2218881873125,0.43872958,0.03016569,48
CX,1866,marine_hw,abrupt-4xCO2,0.20939819733333334,0.4275316,0.015529672,48
CX,1867,marine_hw,abrupt-4xCO2,0.20875053775,0.3929364,0.054114986,48
CX,1868,marine_hw,abrupt-4xCO2,0.20936037322916667,0.39703748,0.008891823,48
CX,1869,marine_hw,abrupt-4xCO2,0.25479208497916667,0.52130306,0.04177077,48
CX,1870,marine_hw,abrupt-4xCO2,0.20012704222916666,0.35337245,0.019438159,48
CX,1871,marine_hw,abrupt-4xCO2,0.1928780584583333,0.3695372,0.008417355,48
CX,1872,marine_hw,abrupt-4xCO2,0.21898866966666666,0.5085669,0.006074545,48
CX,1873,marine_hw,abrupt-4xCO2,0.21793454420833333,0.42553377,0.018861683,48
CX,1874,marine_hw,abrupt-4xCO2,0.22146300322916668,0.4754911,0.016305463,48
CX,1875,marine_hw,abrupt-4xCO2,0.24943823935416667,0.49944535,0.035525095,48
CX,1876,marine_hw,abrupt-4xCO2,0.254428532625,0.42462373,0.0843722,48
CX,1877,marine_hw,abrupt-4xCO2,0.19812781302083335,0.3986045,0.010773587,48
CX,1878,marine_hw,abrupt-4xCO2,0.2117846933541667,0.46798417,0.004547122,48
CX,1879,marine_hw,abrupt-4xCO2,0.23014157389583334,0.41438812,0.029791217,48
CX,1880,marine_hw,abrupt-4xCO2,0.2313313145,0.42994356,0.026604164,48
CX,1881,marine_hw,abrupt-4xCO2,0.2694136658125,0.48807693,0.07158237,48
CX,1882,marine_hw,abrupt-4xCO2,0.2165951313125,0.3893259,0.032130674,48
CX,1883,marine_hw,abrupt-4xCO2,0.242612830875,0.4648186,0.038493123,48
CX,1884,marine_hw,abrupt-4xCO2,0.25217830229166666,0.50342023,0.040446147,48
CX,1885,marine_hw,abrupt-4xCO2,0.21245476583333334,0.3917083,0.028446207,48
CX,1886,marine_hw,abrupt-4xCO2,0.22873411304166666,0.48682934,0.0072389035,48
CX,1887,marine_hw,abrupt-4xCO2,0.2371751586666667,0.4860623,0.02296479,48
CX,1888,marine_hw,abrupt-4xCO2,0.21675974720833333,0.4618047,0.015685368,48
CX,1889,marine_hw,abrupt-4xCO2,0.23310456366666665,0.4121567,0.042532466,48
CX,1890,marine_hw,abrupt-4xCO2,0.19235393083333333,0.39337867,0.002171428,48
CX,1891,marine_hw,abrupt-4xCO2,0.25625694174999997,0.47016525,0.04082544,48
CX,1892,marine_hw,abrupt-4xCO2,0.255995892875,0.46293682,0.028532233,48
CX,1893,marine_hw,abrupt-4xCO2,0.22810001502083332,0.419169,0.036850393,48
CX,1894,marine_hw,abrupt-4xCO2,0.23822053845833335,0.42684373,0.026996758,48
CX,1895,marine_hw,abrupt-4xCO2,0.26203085256249997,0.48519453,0.02599749,48
CX,1896,marine_hw,abrupt-4xCO2,0.21848705060416665,0.41074806,0.030887123,48
CX,1897,marine_hw,abrupt-4xCO2,0.22490263696666668,0.4495504,0.0074583534,48
CX,1898,marine_hw,abrupt-4xCO2,0.2748934448125,0.51233315,0.069703296,48
CX,1899,marine_hw,abrupt-4xCO2,0.23503583810416664,0.40040576,0.05173728,48
CX,1900,marine_hw,abrupt-4xCO2,0.25064024945833335,0.46765533,0.03364132,48
CX,1901,marine_hw,abrupt-4xCO2,0.25562818547916666,0.5060033,0.018180517,48
CX,1902,marine_hw,abrupt-4xCO2,0.26059886610416666,0.50976485,0.05635444,48
CX,1903,marine_hw,abrupt-4xCO2,0.21453711247916665,0.39666972,0.02273997,48
CX,1904,marine_hw,abrupt-4xCO2,0.23025390210416666,0.44520167,0.021728624,48
CX,1905,marine_hw,abrupt-4xCO2,0.2786358482083333,0.5259377,0.05197082,48
CX,1906,marine_hw,abrupt-4xCO2,0.24637884612500002,0.4061886,0.048314665,48
CX,1907,marine_hw,abrupt-4xCO2,0.22707604334791667,0.45115432,0.0011246377,48
CX,1908,marine_hw,abrupt-4xCO2,0.26539297700000003,0.49172366,0.056783948,48
CX,1909,marine_hw,abrupt-4xCO2,0.21975850335416666,0.4518261,0.012285575,48
CX,1910,marine_hw,abrupt-4xCO2,0.24538264839583335,0.45670164,0.037983757,48
CX,1911,marine_hw,abrupt-4xCO2,0.26381770614583333,0.50121903,0.07872288,48
CX,1912,marine_hw,abrupt-4xCO2,0.25676129260416664,0.42153466,0.07445938,48
CX,1913,marine_hw,abrupt-4xCO2,0.2500988976458333,0.4483223,0.037256952,48
CX,1914,marine_hw,abrupt-4xCO2,0.27012973510416666,0.5341171,0.036208946,48
CX,1915,marine_hw,abrupt-4xCO2,0.2302654256875,0.45499438,0.030334137,48
CX,1916,marine_hw,abrupt-4xCO2,0.246009579125,0.49244106,0.026542421,48
CX,1917,marine_hw,abrupt-4xCO2,0.24106468772916667,0.47195238,0.01994618,48
CX,1918,marine_hw,abrupt-4xCO2,0.23796330764583332,0.47702792,0.021203151,48
CX,1919,marine_hw,abrupt-4xCO2,0.24000728891666667,0.4395416,0.058040917,48
CX,1920,marine_hw,abrupt-4xCO2,0.2751523069375,0.51269484,0.062435955,48
CX,1921,marine_hw,abrupt-4xCO2,0.22678479610416669,0.4504812,0.0243694,48
CX,1922,marine_hw,abrupt-4xCO2,0.24262285914583334,0.45427495,0.031058002,48
CX,1923,marine_hw,abrupt-4xCO2,0.26338501672916664,0.47493744,0.062948,48
CX,1924,marine_hw,abrupt-4xCO2,0.22649029722916666,0.42324933,0.024957284,48
CX,1925,marine_hw,abrupt-4xCO2,0.2312847631875,0.44502315,0.013888833,48
CX,1926,marine_hw,abrupt-4xCO2,0.2500113442083333,0.49104786,0.027042937,48
CX,1927,marine_hw,abrupt-4xCO2,0.24611383002083334,0.47160274,0.046077345,48
CX,1928,marine_hw,abrupt-4xCO2,0.22485498447916666,0.41379082,0.017330905,48
CX,1929,marine_hw,abrupt-4xCO2,0.2707264502291667,0.5342103,0.046522826,48
CX,1930,marine_hw,abrupt-4xCO2,0.24035570652083335,0.4260988,0.041645948,48
CX,1931,marine_hw,abrupt-4xCO2,0.2602725109583333,0.512368,0.019620027,48
CX,1932,marine_hw,abrupt-4xCO2,0.23690173060416667,0.47372073,0.023988217,48
CX,1933,marine_hw,abrupt-4xCO2,0.288357394625,0.49878028,0.06550221,48
CX,1934,marine_hw,abrupt-4xCO2,0.21068675939583334,0.40081578,0.01203257,48
CX,1935,marine_hw,abrupt-4xCO2,0.26795234333333334,0.480521,0.029766388,48
CX,1936,marine_hw,abrupt-4xCO2,0.2521531246666667,0.46764457,0.0728682,48
CX,1937,marine_hw,abrupt-4xCO2,0.26539226860416665,0.47413146,0.054437783,48
CX,1938,marine_hw,abrupt-4xCO2,0.22588282233333334,0.39270353,0.027064959,48
CX,1939,marine_hw,abrupt-4xCO2,0.2717238121666667,0.4754421,0.081379764,48
CX,1940,marine_hw,abrupt-4xCO2,0.24011662670833334,0.4578076,0.022907745,48
CX,1941,marine_hw,abrupt-4xCO2,0.25887479441666666,0.47449985,0.03871324,48
CX,1942,marine_hw,abrupt-4xCO2,0.25772352295833334,0.47649238,0.030732771,48
CX,1943,marine_hw,abrupt-4xCO2,0.27923934145833335,0.4835564,0.10937335,48
CX,1944,marine_hw,abrupt-4xCO2,0.24657700045833333,0.4385873,0.027112732,48
CX,1945,marine_hw,abrupt-4xCO2,0.2683096574583333,0.49505836,0.047071118,48
CX,1946,marine_hw,abrupt-4xCO2,0.2650077017083333,0.4641475,0.03959708,48
CX,1947,marine_hw,abrupt-4xCO2,0.22973677159374997,0.4360076,0.0057933545,48
CX,1948,marine_hw,abrupt-4xCO2,0.2614014944583333,0.49574152,0.022517163,48
CX,1949,marine_hw,abrupt-4xCO2,0.28728592770833333,0.49407315,0.08096503,48
CX,1950,marine_hw,abrupt-4xCO2,0.21649453831249998,0.3880441,0.02385668,48
CX,1951,marine_hw,abrupt-4xCO2,0.2479679876041667,0.4369136,0.022036657,48
CX,1952,marine_hw,abrupt-4xCO2,0.2477631514166667,0.49925876,0.025669992,48
CX,1953,marine_hw,abrupt-4xCO2,0.23857635764583332,0.47264698,0.018718068,48
CX,1954,marine_hw,abrupt-4xCO2,0.28279340147916665,0.5033726,0.049112603,48
CX,1955,marine_hw,abrupt-4xCO2,0.24045592783333333,0.4581331,0.030681096,48
CX,1956,marine_hw,abrupt-4xCO2,0.25324520397916667,0.47243357,0.023635888,48
CX,1957,marine_hw,abrupt-4xCO2,0.22782963829166666,0.40117884,0.025378063,48
CX,1958,marine_hw,abrupt-4xCO2,0.23105218502083333,0.46716878,0.012680182,48
CX,1959,marine_hw,abrupt-4xCO2,0.28424287691666666,0.53297883,0.032385565,48
CX,1960,marine_hw,abrupt-4xCO2,0.238665944875,0.45918202,0.032180753,48
CX,1961,marine_hw,abrupt-4xCO2,0.26622133404166665,0.45789886,0.06462038,48
CX,1962,marine_hw,abrupt-4xCO2,0.2958580102083333,0.5395442,0.06241649,48
CX,1963,marine_hw,abrupt-4xCO2,0.2945177983333333,0.48105788,0.0626903,48
CX,1964,marine_hw,abrupt-4xCO2,0.24801412864583336,0.4094891,0.04794355,48
CX,1965,marine_hw,abrupt-4xCO2,0.27691935277083335,0.48634815,0.04782099,48
CX,1966,marine_hw,abrupt-4xCO2,0.26788222756249996,0.48867822,0.026881998,48
CX,1967,marine_hw,abrupt-4xCO2,0.2749880270833333,0.47014445,0.08588217,48
CX,1968,marine_hw,abrupt-4xCO2,0.22271735791666666,0.4339379,0.01006759,48
CX,1969,marine_hw,abrupt-4xCO2,0.29104436539583334,0.50094056,0.057155065,48
CX,1970,marine_hw,abrupt-4xCO2,0.2887480259375,0.51272976,0.03949734,48
CX,1971,marine_hw,abrupt-4xCO2,0.2589789940833333,0.4541313,0.037281364,48
CX,1972,marine_hw,abrupt-4xCO2,0.23427775481250002,0.4379068,0.02940869,48
CX,1973,marine_hw,abrupt-4xCO2,0.27644105681250003,0.4874152,0.04956975,48
CX,1974,marine_hw,abrupt-4xCO2,0.25191265104166666,0.4560453,0.030169718,48
CX,1975,marine_hw,abrupt-4xCO2,0.21898085687500002,0.43012744,0.014937762,48
CX,1976,marine_hw,abrupt-4xCO2,0.2917844480625,0.5141921,0.04688187,48
CX,1977,marine_hw,abrupt-4xCO2,0.26300438660416664,0.4987977,0.024974063,48
CX,1978,marine_hw,abrupt-4xCO2,0.2492878198125,0.45025504,0.06446871,48
CX,1979,marine_hw,abrupt-4xCO2,0.25802075497916666,0.49715954,0.04108088,48
CX,1980,marine_hw,abrupt-4xCO2,0.25882777972916665,0.476285,0.03520364,48
CX,1981,marine_hw,abrupt-4xCO2,0.26219339997916663,0.46079403,0.03880518,48
CX,1982,marine_hw,abrupt-4xCO2,0.26494209183333334,0.4838718,0.038032748,48
CX,1983,marine_hw,abrupt-4xCO2,0.2744760990208333,0.5202112,0.046334248,48
CX,1984,marine_hw,abrupt-4xCO2,0.2597564027916667,0.4863119,0.039040737,48
CX,1985,marine_hw,abrupt-4xCO2,0.2680503665833333,0.4585324,0.04247207,48
CX,1986,marine_hw,abrupt-4xCO2,0.23589384227083332,0.4260686,0.043137804,48
CX,1987,marine_hw,abrupt-4xCO2,0.2552186825416667,0.4576895,0.026879985,48
CX,1988,marine_hw,abrupt-4xCO2,0.2583158229375,0.48414087,0.042370062,48
CX,1989,marine_hw,abrupt-4xCO2,0.26205568358333337,0.5211138,0.029278496,48
CX,1990,marine_hw,abrupt-4xCO2,0.27833259954166667,0.50958836,0.055265248,48
CX,1991,marine_hw,abrupt-4xCO2,0.26945703341666666,0.52877843,0.03938367,48
CX,1992,marine_hw,abrupt-4xCO2,0.31018626529166665,0.49259207,0.09579364,48
CX,1993,marine_hw,abrupt-4xCO2,0.26922826495833335,0.43209577,0.09996857,48
CX,1994,marine_hw,abrupt-4xCO2,0.2728980469791667,0.4665883,0.06699272,48
CX,1995,marine_hw,abrupt-4xCO2,0.27499241952083336,0.50931793,0.02358891,48
CX,1996,marine_hw,abrupt-4xCO2,0.28528629362499996,0.5529434,0.063370794,48
CX,1997,marine_hw,abrupt-4xCO2,0.268597325,0.46471256,0.08074558,48
CX,1998,marine_hw,abrupt-4xCO2,0.2499391875625,0.46339387,0.057132248,48
CX,1999,marine_hw,abrupt-4xCO2,0.3009637128125,0.5320668,0.09529636,48
CX,2000,marine_hw,abrupt-4xCO2,0.2610388025,0.4778896,0.03776162,48
DE,1850,marine_hw,abrupt-4xCO2,0.0,0.0,0.0,12
DE,1851,marine_hw,abrupt-4xCO2,0.0,0.0,0.0,12
DE,1852,marine_hw,abrupt-4xCO2,0.0,0.0,0.0,12
DE,1853,marine_hw,abrupt-4xCO2,0.0,0.0,0.0,12
DE,1854,marine_hw,abrupt-4xCO2,0.0,0.0,0.0,12
DE,1855,marine_hw,abrupt-4xCO2,0.0,0.0,0.0,12
DE,1856,marine_hw,abrupt-4xCO2,0.0,0.0,0.0,12
DE,1857,marine_hw,abrupt-4xCO2,0.0,0.0,0.0,12
DE,1858,marine_hw,abrupt-4xCO2,0.0,0.0,0.0,12
DE,1859,marine_hw,abrupt-4xCO2,0.0,0.0,0.0,12
DE,1860,marine_hw,abrupt-4xCO2,0.0,0.0,0.0,12
DE,1861,marine_hw,abrupt-4xCO2,0.0,0.0,0.0,12
DE,1862,marine_hw,abrupt-4xCO2,0.0,0.0,0.0,12
DE,1863,marine_hw,abrupt-4xCO2,0.0,0.0,0.0,12
DE,1864,marine_hw,abrupt-4xCO2,0.0,0.0,0.0,12
DE,1865,marine_hw,abrupt-4xCO2,0.0,0.0,0.0,12
DE,1866,marine_hw,abrupt-4xCO2,0.0,0.0,0.0,12
DE,1867,marine_hw,abrupt-4xCO2,0.0,0.0,0.0,12
DE,1868,marine_hw,abrupt-4xCO2,0.0,0.0,0.0,12
DE,1869,marine_hw,abrupt-4xCO2,0.0,0.0,0.0,12
DE,1870,marine_hw,abrupt-4xCO2,0.0,0.0,0.0,12
DE,1871,marine_hw,abrupt-4xCO2,0.0,0.0,0.0,12
DE,1872,marine_hw,abrupt-4xCO2,0.0,0.0,0.0,12
DE,1873,marine_hw,abrupt-4xCO2,0.0,0.0,0.0,12
DE,1874,marine_hw,abrupt-4xCO2,0.0,0.0,0.0,12
DE,1875,marine_hw,abrupt-4xCO2,0.0,0.0,0.0,12
DE,1876,marine_hw,abrupt-4xCO2,0.0,0.0,0.0,12
DE,1877,marine_hw,abrupt-4xCO2,0.0,0.0,0.0,12
DE,1878,marine_hw,abrupt-4xCO2,0.0,0.0,0.0,12
DE,1879,marine_hw,abrupt-4xCO2,0.0,0.0,0.0,12
DE,1880,marine_hw,abrupt-4xCO2,0.0,0.0,0.0,12
DE,1881,marine_hw,abrupt-4xCO2,0.0,0.0,0.0,12
DE,1882,marine_hw,abrupt-4xCO2,0.0,0.0,0.0,12
DE,1883,marine_hw,abrupt-4xCO2,0.0,0.0,0.0,12
DE,1884,marine_hw,abrupt-4xCO2,0.0,0.0,0.0,12
DE,1885,marine_hw,abrupt-4xCO2,0.0,0.0,0.0,12
DE,1886,marine_hw,abrupt-4xCO2,0.0,0.0,0.0,12
DE,1887,marine_hw,abrupt-4xCO2,0.0,0.0,0.0,12
DE,1888,marine_hw,abrupt-4xCO2,0.0,0.0,0.0,12
DE,1889,marine_hw,abrupt-4xCO2,0.0,0.0,0.0,12
DE,1890,marine_hw,abrupt-4xCO2,0.0,0.0,0.0,12
DE,1891,marine_hw,abrupt-4xCO2,0.0,0.0,0.0,12
DE,1892,marine_hw,abrupt-4xCO2,0.0,0.0,0.0,12
DE,1893,marine_hw,abrupt-4xCO2,0.0,0.0,0.0,12
DE,1894,marine_hw,abrupt-4xCO2,0.0,0.0,0.0,12
DE,1895,marine_hw,abrupt-4xCO2,0.0,0.0,0.0,12
DE,1896,marine_hw,abrupt-4xCO2,0.0,0.0,0.0,12
DE,1897,marine_hw,abrupt-4xCO2,0.0,0.0,0.0,12
DE,1898,marine_hw,abrupt-4xCO2,0.0,0.0,0.0,12
DE,1899,marine_hw,abrupt-4xCO2,0.0,0.0,0.0,12
DE,1900,marine_hw,abrupt-4xCO2,0.0,0.0,0.0,12
DE,1901,marine_hw,abrupt-4xCO2,0.0,0.0,0.0,12
DE,1902,marine_hw,abrupt-4xCO2,0.0,0.0,0.0,12
DE,1903,marine_hw,abrupt-4xCO2,0.0,0.0,0.0,12
DE,1904,marine_hw,abrupt-4xCO2,0.0,0.0,0.0,12
DE,1905,marine_hw,abrupt-4xCO2,0.0,0.0,0.0,12
DE,1906,marine_hw,abrupt-4xCO2,0.0,0.0,0.0,12
DE,1907,marine_hw,abrupt-4xCO2,0.0,0.0,0.0,12
DE,1908,marine_hw,abrupt-4xCO2,0.0,0.0,0.0,12
DE,1909,marine_hw,abrupt-4xCO2,0.0,0.0,0.0,12
DE,1910,marine_hw,abrupt-4xCO2,0.0,0.0,0.0,12
DE,1911,marine_hw,abrupt-4xCO2,0.0,0.0,0.0,12
DE,1912,marine_hw,abrupt-4xCO2,0.0,0.0,0.0,12
DE,1913,marine_hw,abrupt-4xCO2,0.0,0.0,0.0,12
DE,1914,marine_hw,abrupt-4xCO2,0.0,0.0,0.0,12
DE,1915,marine_hw,abrupt-4xCO2,0.0,0.0,0.0,12
DE,1916,marine_hw,abrupt-4xCO2,0.0,0.0,0.0,12
DE,1917,marine_hw,abrupt-4xCO2,0.0,0.0,0.0,12
DE,1918,marine_hw,abrupt-4xCO2,0.0,0.0,0.0,12
DE,1919,marine_hw,abrupt-4xCO2,0.0,0.0,0.0,12
DE,1920,marine_hw,abrupt-4xCO2,0.0,0.0,0.0,12
DE,1921,marine_hw,abrupt-4xCO2,0.0,0.0,0.0,12
DE,1922,marine_hw,abrupt-4xCO2,0.0,0.0,0.0,12
DE,1923,marine_hw,abrupt-4xCO2,0.0,0.0,0.0,12
DE,1924,marine_hw,abrupt-4xCO2,0.0,0.0,0.0,12
DE,1925,marine_hw,abrupt-4xCO2,0.0,0.0,0.0,12
DE,1926,marine_hw,abrupt-4xCO2,0.0,0.0,0.0,12
DE,1927,marine_hw,abrupt-4xCO2,0.0,0.0,0.0,12
DE,1928,marine_hw,abrupt-4xCO2,0.0,0.0,0.0,12
DE,1929,marine_hw,abrupt-4xCO2,0.0,0.0,0.0,12
DE,1930,marine_hw,abrupt-4xCO2,0.0,0.0,0.0,12
DE,1931,marine_hw,abrupt-4xCO2,0.0,0.0,0.0,12
DE,1932,marine_hw,abrupt-4xCO2,0.0,0.0,0.0,12
DE,1933,marine_hw,abrupt-4xCO2,0.0,0.0,0.0,12
DE,1934,marine_hw,abrupt-4xCO2,0.0,0.0,0.0,12
DE,1935,marine_hw,abrupt-4xCO2,0.0,0.0,0.0,12
DE,1936,marine_hw,abrupt-4xCO2,0.0,0.0,0.0,12
DE,1937,marine_hw,abrupt-4xCO2,0.0,0.0,0.0,12
DE,1938,marine_hw,abrupt-4xCO2,0.0,0.0,0.0,12
DE,1939,marine_hw,abrupt-4xCO2,0.0,0.0,0.0,12
DE,1940,marine_hw,abrupt-4xCO2,0.0,0.0,0.0,12
DE,1941,marine_hw,abrupt-4xCO2,0.0,0.0,0.0,12
DE,1942,marine_hw,abrupt-4xCO2,0.0,0.0,0.0,12
DE,1943,marine_hw,abrupt-4xCO2,0.0,0.0,0.0,12
DE,1944,marine_hw,abrupt-4xCO2,0.0,0.0,0.0,12
DE,1945,marine_hw,abrupt-4xCO2,0.0,0.0,0.0,12
DE,1946,marine_hw,abrupt-4xCO2,0.0,0.0,0.0,12
DE,1947,marine_hw,abrupt-4xCO2,0.0,0.0,0.0,12
DE,1948,marine_hw,abrupt-4xCO2,0.0,0.0,0.0,12
DE,1949,marine_hw,abrupt-4xCO2,0.0,0.0,0.0,12
DE,1950,marine_hw,abrupt-4xCO2,0.0,0.0,0.0,12
DE,1951,marine_hw,abrupt-4xCO2,0.0,0.0,0.0,12
DE,1952,marine_hw,abrupt-4xCO2,0.0,0.0,0.0,12
DE,1953,marine_hw,abrupt-4xCO2,0.0,0.0,0.0,12
DE,1954,marine_hw,abrupt-4xCO2,0.0,0.0,0.0,12
DE,1955,marine_hw,abrupt-4xCO2,0.0,0.0,0.0,12
DE,1956,marine_hw,abrupt-4xCO2,0.0,0.0,0.0,12
DE,1957,marine_hw,abrupt-4xCO2,0.0,0.0,0.0,12
DE,1958,marine_hw,abrupt-4xCO2,0.0,0.0,0.0,12
DE,1959,marine_hw,abrupt-4xCO2,0.0,0.0,0.0,12
DE,1960,marine_hw,abrupt-4xCO2,0.0,0.0,0.0,12
DE,1961,marine_hw,abrupt-4xCO2,0.0,0.0,0.0,12
DE,1962,marine_hw,abrupt-4xCO2,0.0,0.0,0.0,12
DE,1963,marine_hw,abrupt-4xCO2,0.0,0.0,0.0,12
DE,1964,marine_hw,abrupt-4xCO2,0.0,0.0,0.0,12
DE,1965,marine_hw,abrupt-4xCO2,0.0,0.0,0.0,12
DE,1966,marine_hw,abrupt-4xCO2,0.0,0.0,0.0,12
DE,1967,marine_hw,abrupt-4xCO2,0.0,0.0,0.0,12
DE,1968,marine_hw,abrupt-4xCO2,0.0,0.0,0.0,12
DE,1969,marine_hw,abrupt-4xCO2,0.0,0.0,0.0,12
DE,1970,marine_hw,abrupt-4xCO2,0.0,0.0,0.0,12
DE,1971,marine_hw,abrupt-4xCO2,0.0,0.0,0.0,12
DE,1972,marine_hw,abrupt-4xCO2,0.0,0.0,0.0,12
DE,1973,marine_hw,abrupt-4xCO2,0.0,0.0,0.0,12
DE,1974,marine_hw,abrupt-4xCO2,0.0,0.0,0.0,12
DE,1975,marine_hw,abrupt-4xCO2,0.0,0.0,0.0,12
DE,1976,marine_hw,abrupt-4xCO2,0.0,0.0,0.0,12
DE,1977,marine_hw,abrupt-4xCO2,0.0,0.0,0.0,12
DE,1978,marine_hw,abrupt-4xCO2,0.0,0.0,0.0,12
DE,1979,marine_hw,abrupt-4xCO2,0.0,0.0,0.0,12
DE,1980,marine_hw,abrupt-4xCO2,0.0,0.0,0.0,12
DE,1981,marine_hw,abrupt-4xCO2,0.0,0.0,0.0,12
DE,1982,marine_hw,abrupt-4xCO2,0.0,0.0,0.0,12
DE,1983,marine_hw,abrupt-4xCO2,0.0,0.0,0.0,12
DE,1984,marine_hw,abrupt-4xCO2,0.0,0.0,0.0,12
DE,1985,marine_hw,abrupt-4xCO2,0.0,0.0,0.0,12
DE,1986,marine_hw,abrupt-4xCO2,0.0,0.0,0.0,12
DE,1987,marine_hw,abrupt-4xCO2,0.0,0.0,0.0,12
DE,1988,marine_hw,abrupt-4xCO2,0.0,0.0,0.0,12
DE,1989,marine_hw,abrupt-4xCO2,0.0,0.0,0.0,12
DE,1990,marine_hw,abrupt-4xCO2,0.0,0.0,0.0,12
DE,1991,marine_hw,abrupt-4xCO2,0.0,0.0,0.0,12
DE,1992,marine_hw,abrupt-4xCO2,0.0,0.0,0.0,12
DE,1993,marine_hw,abrupt-4xCO2,0.0,0.0,0.0,12
DE,1994,marine_hw,abrupt-4xCO2,0.0,0.0,0.0,12
DE,1995,marine_hw,abrupt-4xCO2,0.0,0.0,0.0,12
DE,1996,marine_hw,abrupt-4xCO2,0.0,0.0,0.0,12
DE,1997,marine_hw,abrupt-4xCO2,0.0,0.0,0.0,12
DE,1998,marine_hw,abrupt-4xCO2,0.0,0.0,0.0,12
DE,1999,marine_hw,abrupt-4xCO2,0.0,0.0,0.0,12
DE,2000,marine_hw,abrupt-4xCO2,0.0,0.0,0.0,12
DJ,1850,marine_hw,abrupt-4xCO2,0.13092075208333334,0.28131655,0.0,12
DJ,1851,marine_hw,abrupt-4xCO2,0.21272015041666667,0.40266073,0.0,12
DJ,1852,marine_hw,abrupt-4xCO2,0.23678168691666668,0.44593182,0.0,12
DJ,1853,marine_hw,abrupt-4xCO2,0.22035650491666667,0.4595887,0.0,12
DJ,1854,marine_hw,abrupt-4xCO2,0.19588393073333332,0.41236073,0.0,12
DJ,1855,marine_hw,abrupt-4xCO2,0.2135918925,0.42495996,0.0,12
DJ,1856,marine_hw,abrupt-4xCO2,0.2590852090833333,0.45647615,0.0,12
DJ,1857,marine_hw,abrupt-4xCO2,0.2806436958333333,0.51978767,0.02904873,12
DJ,1858,marine_hw,abrupt-4xCO2,0.2653924004166667,0.4971609,0.023108153,12
DJ,1859,marine_hw,abrupt-4xCO2,0.3209987091666667,0.538808,0.031792186,12
DJ,1860,marine_hw,abrupt-4xCO2,0.316182233,0.5608993,0.062176906,12
DJ,1861,marine_hw,abrupt-4xCO2,0.2583430133333333,0.46153355,0.0,12
DJ,1862,marine_hw,abrupt-4xCO2,0.31045847158333334,0.5408388,0.0,12
DJ,1863,marine_hw,abrupt-4xCO2,0.33370161666666665,0.5432131,0.0638466,12
DJ,1864,marine_hw,abrupt-4xCO2,0.34303729833333335,0.5349344,0.08933632,12
DJ,1865,marine_hw,abrupt-4xCO2,0.33415685116666666,0.5544125,0.036679134,12
DJ,1866,marine_hw,abrupt-4xCO2,0.34854143833333334,0.5720718,0.07329972,12
DJ,1867,marine_hw,abrupt-4xCO2,0.29402553125,0.5087924,0.094350785,12
DJ,1868,marine_hw,abrupt-4xCO2,0.3382809816666667,0.5423018,0.01986003,12
DJ,1869,marine_hw,abrupt-4xCO2,0.36418163333333337,0.5885781,0.12649378,12
DJ,1870,marine_hw,abrupt-4xCO2,0.25593940725000003,0.48471737,0.031903587,12
DJ,1871,marine_hw,abrupt-4xCO2,0.3130812955,0.5562137,0.03272904,12
DJ,1872,marine_hw,abrupt-4xCO2,0.34683538583333334,0.57837206,0.09577486,12
DJ,1873,marine_hw,abrupt-4xCO2,0.31615661008333334,0.51044464,0.05306203,12
DJ,1874,marine_hw,abrupt-4xCO2,0.3604826525,0.58182555,0.07391713,12
DJ,1875,marine_hw,abrupt-4xCO2,0.3618265133333334,0.58564276,0.10237579,12
DJ,1876,marine_hw,abrupt-4xCO2,0.30987914833333335,0.52793086,0.09176302,12
DJ,1877,marine_hw,abrupt-4xCO2,0.3081087856666667,0.5119144,0.058106013,12
DJ,1878,marine_hw,abrupt-4xCO2,0.34768063591666665,0.59216183,0.060218636,12
DJ,1879,marine_hw,abrupt-4xCO2,0.3323325849166667,0.5597329,0.087486774,12
DJ,1880,marine_hw,abrupt-4xCO2,0.3458143985,0.5839797,0.053784132,12
DJ,1881,marine_hw,abrupt-4xCO2,0.3379427521666667,0.55975306,0.11534815,12
DJ,1882,marine_hw,abrupt-4xCO2,0.28527127625,0.49363095,0.002194245,12
DJ,1883,marine_hw,abrupt-4xCO2,0.3362613095,0.54496205,0.050613854,12
DJ,1884,marine_hw,abrupt-4xCO2,0.31930207299999996,0.5820913,0.06519149,12
DJ,1885,marine_hw,abrupt-4xCO2,0.29338809541666666,0.5144874,0.015281785,12
DJ,1886,marine_hw,abrupt-4xCO2,0.3266212998333333,0.5563654,0.036879122,12
DJ,1887,marine_hw,abrupt-4xCO2,0.39970562833333334,0.60863864,0.12380133,12
DJ,1888,marine_hw,abrupt-4xCO2,0.39332493500000004,0.58834195,0.1511406,12
DJ,1889,marine_hw,abrupt-4xCO2,0.32832958791666667,0.5576767,0.102680475,12
DJ,1890,marine_hw,abrupt-4xCO2,0.3359677058333333,0.536239,0.09352399,12
DJ,1891,marine_hw,abrupt-4xCO2,0.3698500941666667,0.59699774,0.1262401,12
DJ,1892,marine_hw,abrupt-4xCO2,0.34979941291666666,0.58175975,0.098451205,12
DJ,1893,marine_hw,abrupt-4xCO2,0.31252328216666664,0.5264813,0.111642346,12
DJ,1894,marine_hw,abrupt-4xCO2,0.3497179791666667,0.56222534,0.06859128,12
DJ,1895,marine_hw,abrupt-4xCO2,0.38699724500000005,0.6047879,0.12971237,12
DJ,1896,marine_hw,abrupt-4xCO2,0.3161726125,0.5146565,0.07382855,12
DJ,1897,marine_hw,abrupt-4xCO2,0.3300255645833334,0.5449043,0.05525921,12
DJ,1898,marine_hw,abrupt-4xCO2,0.37253895666666664,0.61213243,0.08795252,12
DJ,1899,marine_hw,abrupt-4xCO2,0.35748764358333335,0.5740421,0.060607873,12
DJ,1900,marine_hw,abrupt-4xCO2,0.36163046,0.5775211,0.08674051,12
DJ,1901,marine_hw,abrupt-4xCO2,0.36460622333333337,0.5665191,0.12344833,12
DJ,1902,marine_hw,abrupt-4xCO2,0.35453906533333335,0.58685344,0.099353164,12
DJ,1903,marine_hw,abrupt-4xCO2,0.3100518435,0.53053474,0.04717648,12
DJ,1904,marine_hw,abrupt-4xCO2,0.3523986733333333,0.56008726,0.06774838,12
DJ,1905,marine_hw,abrupt-4xCO2,0.3608444908333333,0.58732855,0.1357147,12
DJ,1906,marine_hw,abrupt-4xCO2,0.3282506229166667,0.5212319,0.067530945,12
DJ,1907,marine_hw,abrupt-4xCO2,0.3570763666666667,0.6001372,0.08788809,12
DJ,1908,marine_hw,abrupt-4xCO2,0.3750199166666666,0.60945606,0.12877554,12
DJ,1909,marine_hw,abrupt-4xCO2,0.31404276591666663,0.51941323,0.049686395,12
DJ,1910,marine_hw,abrupt-4xCO2,0.36329477083333334,0.60007143,0.06624914,12
DJ,1911,marine_hw,abrupt-4xCO2,0.36021419216666667,0.55680287,0.12035456,12
DJ,1912,marine_hw,abrupt-4xCO2,0.31764712375,0.5241579,0.080993205,12
DJ,1913,marine_hw,abrupt-4xCO2,0.35904906533333336,0.61298203,0.045165867,12
DJ,1914,marine_hw,abrupt-4xCO2,0.373698515,0.5985333,0.11758292,12
DJ,1915,marine_hw,abrupt-4xCO2,0.35166696999999997,0.56798613,0.08839544,12
DJ,1916,marine_hw,abrupt-4xCO2,0.3741714033333334,0.61122906,0.09628892,12
DJ,1917,marine_hw,abrupt-4xCO2,0.3742013775,0.58716345,0.14681335,12
DJ,1918,marine_hw,abrupt-4xCO2,0.36721411833333334,0.5866749,0.09722711,12
DJ,1919,marine_hw,abrupt-4xCO2,0.3713292876666667,0.5910424,0.079318136,12
DJ,1920,marine_hw,abrupt-4xCO2,0.394911305,0.61599797,0.13160086,12
DJ,1921,marine_hw,abrupt-4xCO2,0.34964807033333334,0.57191336,0.07573581,12
DJ,1922,marine_hw,abrupt-4xCO2,0.36857263458333334,0.586844,0.080405325,12
DJ,1923,marine_hw,abrupt-4xCO2,0.3665818305,0.60133845,0.070419356,12
DJ,1924,marine_hw,abrupt-4xCO2,0.30152261825,0.4906875,0.061771564,12
DJ,1925,marine_hw,abrupt-4xCO2,0.32740436591666666,0.5645796,0.027256891,12
DJ,1926,marine_hw,abrupt-4xCO2,0.37235596750000005,0.6050509,0.07157096,12
DJ,1927,marine_hw,abrupt-4xCO2,0.33855199083333337,0.5399569,0.07632772,12
DJ,1928,marine_hw,abrupt-4xCO2,0.3414011605,0.58084303,0.055319607,12
DJ,1929,marine_hw,abrupt-4xCO2,0.3960199566666667,0.6335378,0.1504722,12
DJ,1930,marine_hw,abrupt-4xCO2,0.37827036666666664,0.5858065,0.11088131,12
DJ,1931,marine_hw,abrupt-4xCO2,0.40909981166666665,0.60827625,0.16611955,12
DJ,1932,marine_hw,abrupt-4xCO2,0.34372149216666664,0.5548111,0.12220009,12
DJ,1933,marine_hw,abrupt-4xCO2,0.36114277699999997,0.58904386,0.102092594,12
DJ,1934,marine_hw,abrupt-4xCO2,0.3498113858333333,0.5673351,0.06111791,12
DJ,1935,marine_hw,abrupt-4xCO2,0.37857101875,0.6058589,0.06296209,12
DJ,1936,marine_hw,abrupt-4xCO2,0.39565543249999996,0.61693615,0.11992237,12
DJ,1937,marine_hw,abrupt-4xCO2,0.3817514958333333,0.610158,0.14582953,12
DJ,1938,marine_hw,abrupt-4xCO2,0.3300204186666667,0.56014365,0.07345944,12
DJ,1939,marine_hw,abrupt-4xCO2,0.37698744958333336,0.62871397,0.079983875,12
DJ,1940,marine_hw,abrupt-4xCO2,0.33643826541666666,0.55856925,0.093537405,12
DJ,1941,marine_hw,abrupt-4xCO2,0.35797898083333335,0.60870177,0.08411516,12
DJ,1942,marine_hw,abrupt-4xCO2,0.38401553000000005,0.6049758,0.12033175,12
DJ,1943,marine_hw,abrupt-4xCO2,0.3960774338333333,0.61685157,0.116660826,12
DJ,1944,marine_hw,abrupt-4xCO2,0.3509583971666667,0.5677781,0.091189906,12
DJ,1945,marine_hw,abrupt-4xCO2,0.34472266625000003,0.5899217,0.08597545,12
DJ,1946,marine_hw,abrupt-4xCO2,0.35112807916666666,0.5908009,0.09516281,12
DJ,1947,marine_hw,abrupt-4xCO2,0.3354690675,0.5584283,0.03854748,12
DJ,1948,marine_hw,abrupt-4xCO2,0.3790191,0.6475651,0.10340795,12
DJ,1949,marine_hw,abrupt-4xCO2,0.36037326416666665,0.5803075,0.10605879,12
DJ,1950,marine_hw,abrupt-4xCO2,0.3108379245833333,0.50562483,0.047757655,12
DJ,1951,marine_hw,abrupt-4xCO2,0.3730484395,0.5933282,0.072753444,12
DJ,1952,marine_hw,abrupt-4xCO2,0.38145921416666667,0.6131431,0.14103653,12
DJ,1953,marine_hw,abrupt-4xCO2,0.3770989816666666,0.5739764,0.12854734,12
DJ,1954,marine_hw,abrupt-4xCO2,0.3713131971666667,0.5925578,0.108422406,12
DJ,1955,marine_hw,abrupt-4xCO2,0.3681716629166667,0.5615355,0.102607995,12
DJ,1956,marine_hw,abrupt-4xCO2,0.3895926125,0.59955466,0.12795141,12
DJ,1957,marine_hw,abrupt-4xCO2,0.3687250975,0.5776272,0.13097137,12
DJ,1958,marine_hw,abrupt-4xCO2,0.3792352941666666,0.6019008,0.11077797,12
DJ,1959,marine_hw,abrupt-4xCO2,0.36468016166666667,0.57844186,0.12825476,12
DJ,1960,marine_hw,abrupt-4xCO2,0.3454381558333333,0.5764742,0.106190324,12
DJ,1961,marine_hw,abrupt-4xCO2,0.37028215583333335,0.61956954,0.07122736,12
DJ,1962,marine_hw,abrupt-4xCO2,0.3991628325,0.6028954,0.14239214,12
DJ,1963,marine_hw,abrupt-4xCO2,0.38601810000000003,0.592696,0.13350946,12
DJ,1964,marine_hw,abrupt-4xCO2,0.35113412833333335,0.5838845,0.04745163,12
DJ,1965,marine_hw,abrupt-4xCO2,0.38043691083333336,0.6135659,0.08803305,12
DJ,1966,marine_hw,abrupt-4xCO2,0.42615804333333335,0.6247424,0.16709533,12
DJ,1967,marine_hw,abrupt-4xCO2,0.3353609258333334,0.5279658,0.11560854,12
DJ,1968,marine_hw,abrupt-4xCO2,0.34460645375,0.5932504,0.06934962,12
DJ,1969,marine_hw,abrupt-4xCO2,0.3747944054166667,0.6023048,0.067622215,12
DJ,1970,marine_hw,abrupt-4xCO2,0.39993201666666667,0.62738514,0.11583941,12
DJ,1971,marine_hw,abrupt-4xCO2,0.38024140166666665,0.5756232,0.17862886,12
DJ,1972,marine_hw,abrupt-4xCO2,0.3471654575,0.5690236,0.05052393,12
DJ,1973,marine_hw,abrupt-4xCO2,0.3884439058333333,0.58985186,0.12701322,12
DJ,1974,marine_hw,abrupt-4xCO2,0.3894969816666667,0.60983455,0.1585576,12
DJ,1975,marine_hw,abrupt-4xCO2,0.3572002863333334,0.57454276,0.09168249,12
DJ,1976,marine_hw,abrupt-4xCO2,0.39860570666666667,0.6176113,0.1355429,12
DJ,1977,marine_hw,abrupt-4xCO2,0.3866464766666667,0.59532,0.14498661,12
DJ,1978,marine_hw,abrupt-4xCO2,0.35812631500000003,0.5735227,0.14182708,12
DJ,1979,marine_hw,abrupt-4xCO2,0.3230546288333333,0.5982957,0.057185266,12
DJ,1980,marine_hw,abrupt-4xCO2,0.39266323541666664,0.6185938,0.098302215,12
DJ,1981,marine_hw,abrupt-4xCO2,0.35516854216666666,0.57981896,0.099351816,12
DJ,1982,marine_hw,abrupt-4xCO2,0.38169677875,0.6143551,0.082797125,12
DJ,1983,marine_hw,abrupt-4xCO2,0.40316425333333333,0.597485,0.13811052,12
DJ,1984,marine_hw,abrupt-4xCO2,0.4084311575,0.6139766,0.13396984,12
DJ,1985,marine_hw,abrupt-4xCO2,0.3978132475,0.6156933,0.13515633,12
DJ,1986,marine_hw,abrupt-4xCO2,0.3657530283333333,0.5978635,0.10639434,12
DJ,1987,marine_hw,abrupt-4xCO2,0.36625934624999995,0.5809464,0.088478655,12
DJ,1988,marine_hw,abrupt-4xCO2,0.4078672125,0.65527743,0.12553278,12
DJ,1989,marine_hw,abrupt-4xCO2,0.39470137499999997,0.63231647,0.16041923,12
DJ,1990,marine_hw,abrupt-4xCO2,0.37410294833333335,0.57751036,0.11154168,12
DJ,1991,marine_hw,abrupt-4xCO2,0.39965832250000005,0.6583135,0.11697893,12
DJ,1992,marine_hw,abrupt-4xCO2,0.4057741716666667,0.60824275,0.14699052,12
DJ,1993,marine_hw,abrupt-4xCO2,0.3754553391666667,0.5812403,0.15266266,12
DJ,1994,marine_hw,abrupt-4xCO2,0.37217332833333333,0.59756553,0.10222815,12
DJ,1995,marine_hw,abrupt-4xCO2,0.39950172083333335,0.6679115,0.09303409,12
DJ,1996,marine_hw,abrupt-4xCO2,0.433517875,0.6296226,0.18520027,12
DJ,1997,marine_hw,abrupt-4xCO2,0.35561695866666665,0.5648709,0.09890352,12
DJ,1998,marine_hw,abrupt-4xCO2,0.3586655358333333,0.6156329,0.04411895,12
DJ,1999,marine_hw,abrupt-4xCO2,0.3901675275,0.619838,0.14788175,12
DJ,2000,marine_hw,abrupt-4xCO2,0.36795779866666667,0.5954717,0.0854775,12
DK,1850,marine_hw,abrupt-4xCO2,0.0,0.0,0.0,24
DK,1851,marine_hw,abrupt-4xCO2,0.0,0.0,0.0,24
DK,1852,marine_hw,abrupt-4xCO2,0.0,0.0,0.0,24
DK,1853,marine_hw,abrupt-4xCO2,0.0,0.0,0.0,24
DK,1854,marine_hw,abrupt-4xCO2,0.0,0.0,0.0,24
DK,1855,marine_hw,abrupt-4xCO2,0.0,0.0,0.0,24
DK,1856,marine_hw,abrupt-4xCO2,0.0,0.0,0.0,24
DK,1857,marine_hw,abrupt-4xCO2,0.0,0.0,0.0,24
DK,1858,marine_hw,abrupt-4xCO2,0.0,0.0,0.0,24
DK,1859,marine_hw,abrupt-4xCO2,0.0,0.0,0.0,24
DK,1860,marine_hw,abrupt-4xCO2,0.0,0.0,0.0,24
DK,1861,marine_hw,abrupt-4xCO2,0.0,0.0,0.0,24
DK,1862,marine_hw,abrupt-4xCO2,0.0,0.0,0.0,24
DK,1863,marine_hw,abrupt-4xCO2,0.0,0.0,0.0,24
DK,1864,marine_hw,abrupt-4xCO2,0.0,0.0,0.0,24
DK,1865,marine_hw,abrupt-4xCO2,0.0,0.0,0.0,24
DK,1866,marine_hw,abrupt-4xCO2,0.0,0.0,0.0,24
DK,1867,marine_hw,abrupt-4xCO2,0.0,0.0,0.0,24
DK,1868,marine_hw,abrupt-4xCO2,0.0,0.0,0.0,24
DK,1869,marine_hw,abrupt-4xCO2,0.0,0.0,0.0,24
DK,1870,marine_hw,abrupt-4xCO2,0.0,0.0,0.0,24
DK,1871,marine_hw,abrupt-4xCO2,0.0,0.0,0.0,24
DK,1872,marine_hw,abrupt-4xCO2,0.0,0.0,0.0,24
DK,1873,marine_hw,abrupt-4xCO2,0.0,0.0,0.0,24
DK,1874,marine_hw,abrupt-4xCO2,0.0,0.0,0.0,24
DK,1875,marine_hw,abrupt-4xCO2,0.0,0.0,0.0,24
DK,1876,marine_hw,abrupt-4xCO2,0.0,0.0,0.0,24
DK,1877,marine_hw,abrupt-4xCO2,0.0,0.0,0.0,24
DK,1878,marine_hw,abrupt-4xCO2,0.0,0.0,0.0,24
DK,1879,marine_hw,abrupt-4xCO2,0.0,0.0,0.0,24
DK,1880,marine_hw,abrupt-4xCO2,0.0,0.0,0.0,24
DK,1881,marine_hw,abrupt-4xCO2,0.0,0.0,0.0,24
DK,1882,marine_hw,abrupt-4xCO2,0.0,0.0,0.0,24
DK,1883,marine_hw,abrupt-4xCO2,0.0,0.0,0.0,24
DK,1884,marine_hw,abrupt-4xCO2,0.0,0.0,0.0,24
DK,1885,marine_hw,abrupt-4xCO2,0.0,0.0,0.0,24
DK,1886,marine_hw,abrupt-4xCO2,0.0,0.0,0.0,24
DK,1887,marine_hw,abrupt-4xCO2,0.0,0.0,0.0,24
DK,1888,marine_hw,abrupt-4xCO2,0.0,0.0,0.0,24
DK,1889,marine_hw,abrupt-4xCO2,0.0,0.0,0.0,24
DK,1890,marine_hw,abrupt-4xCO2,0.0,0.0,0.0,24
DK,1891,marine_hw,abrupt-4xCO2,0.0,0.0,0.0,24
DK,1892,marine_hw,abrupt-4xCO2,0.0,0.0,0.0,24
DK,1893,marine_hw,abrupt-4xCO2,0.0,0.0,0.0,24
DK,1894,marine_hw,abrupt-4xCO2,0.0,0.0,0.0,24
DK,1895,marine_hw,abrupt-4xCO2,0.0,0.0,0.0,24
DK,1896,marine_hw,abrupt-4xCO2,0.0,0.0,0.0,24
DK,1897,marine_hw,abrupt-4xCO2,0.0,0.0,0.0,24
DK,1898,marine_hw,abrupt-4xCO2,0.0,0.0,0.0,24
DK,1899,marine_hw,abrupt-4xCO2,0.0,0.0,0.0,24
DK,1900,marine_hw,abrupt-4xCO2,0.0,0.0,0.0,24
DK,1901,marine_hw,abrupt-4xCO2,0.0,0.0,0.0,24
DK,1902,marine_hw,abrupt-4xCO2,0.0,0.0,0.0,24
DK,1903,marine_hw,abrupt-4xCO2,0.0,0.0,0.0,24
DK,1904,marine_hw,abrupt-4xCO2,0.0,0.0,0.0,24
DK,1905,marine_hw,abrupt-4xCO2,0.0,0.0,0.0,24
DK,1906,marine_hw,abrupt-4xCO2,0.0,0.0,0.0,24
DK,1907,marine_hw,abrupt-4xCO2,0.0,0.0,0.0,24
DK,1908,marine_hw,abrupt-4xCO2,0.0,0.0,0.0,24
DK,1909,marine_hw,abrupt-4xCO2,0.0,0.0,0.0,24
DK,1910,marine_hw,abrupt-4xCO2,0.0,0.0,0.0,24
DK,1911,marine_hw,abrupt-4xCO2,0.0,0.0,0.0,24
DK,1912,marine_hw,abrupt-4xCO2,0.0,0.0,0.0,24
DK,1913,marine_hw,abrupt-4xCO2,0.0,0.0,0.0,24
DK,1914,marine_hw,abrupt-4xCO2,0.0,0.0,0.0,24
DK,1915,marine_hw,abrupt-4xCO2,0.0,0.0,0.0,24
DK,1916,marine_hw,abrupt-4xCO2,0.0,0.0,0.0,24
DK,1917,marine_hw,abrupt-4xCO2,0.0,0.0,0.0,24
DK,1918,marine_hw,abrupt-4xCO2,0.0,0.0,0.0,24
DK,1919,marine_hw,abrupt-4xCO2,0.0,0.0,0.0,24
DK,1920,marine_hw,abrupt-4xCO2,0.0,0.0,0.0,24
DK,1921,marine_hw,abrupt-4xCO2,0.0,0.0,0.0,24
DK,1922,marine_hw,abrupt-4xCO2,0.0,0.0,0.0,24
DK,1923,marine_hw,abrupt-4xCO2,0.0,0.0,0.0,24
DK,1924,marine_hw,abrupt-4xCO2,0.0,0.0,0.0,24
DK,1925,marine_hw,abrupt-4xCO2,0.0,0.0,0.0,24
DK,1926,marine_hw,abrupt-4xCO2,0.0,0.0,0.0,24
DK,1927,marine_hw,abrupt-4xCO2,0.0,0.0,0.0,24
DK,1928,marine_hw,abrupt-4xCO2,0.0,0.0,0.0,24
DK,1929,marine_hw,abrupt-4xCO2,0.0,0.0,0.0,24
DK,1930,marine_hw,abrupt-4xCO2,0.0,0.0,0.0,24
DK,1931,marine_hw,abrupt-4xCO2,0.0,0.0,0.0,24
DK,1932,marine_hw,abrupt-4xCO2,0.0,0.0,0.0,24
DK,1933,marine_hw,abrupt-4xCO2,0.0,0.0,0.0,24
DK,1934,marine_hw,abrupt-4xCO2,0.0,0.0,0.0,24
DK,1935,marine_hw,abrupt-4xCO2,0.0,0.0,0.0,24
DK,1936,marine_hw,abrupt-4xCO2,0.0,0.0,0.0,24
DK,1937,marine_hw,abrupt-4xCO2,0.0,0.0,0.0,24
DK,1938,marine_hw,abrupt-4xCO2,0.0,0.0,0.0,24
DK,1939,marine_hw,abrupt-4xCO2,0.0,0.0,0.0,24
DK,1940,marine_hw,abrupt-4xCO2,0.0,0.0,0.0,24
DK,1941,marine_hw,abrupt-4xCO2,0.0,0.0,0.0,24
DK,1942,marine_hw,abrupt-4xCO2,0.0,0.0,0.0,24
DK,1943,marine_hw,abrupt-4xCO2,0.0,0.0,0.0,24
DK,1944,marine_hw,abrupt-4xCO2,0.0,0.0,0.0,24
DK,1945,marine_hw,abrupt-4xCO2,0.0,0.0,0.0,24
DK,1946,marine_hw,abrupt-4xCO2,0.0,0.0,0.0,24
DK,1947,marine_hw,abrupt-4xCO2,0.0,0.0,0.0,24
DK,1948,marine_hw,abrupt-4xCO2,0.0,0.0,0.0,24
DK,1949,marine_hw,abrupt-4xCO2,0.0,0.0,0.0,24
DK,1950,marine_hw,abrupt-4xCO2,0.0,0.0,0.0,24
DK,1951,marine_hw,abrupt-4xCO2,0.0,0.0,0.0,24
DK,1952,marine_hw,abrupt-4xCO2,0.0,0.0,0.0,24
DK,1953,marine_hw,abrupt-4xCO2,0.0,0.0,0.0,24
DK,1954,marine_hw,abrupt-4xCO2,0.0,0.0,0.0,24
DK,1955,marine_hw,abrupt-4xCO2,0.0,0.0,0.0,24
DK,1956,marine_hw,abrupt-4xCO2,0.0,0.0,0.0,24
DK,1957,marine_hw,abrupt-4xCO2,0.0,0.0,0.0,24
DK,1958,marine_hw,abrupt-4xCO2,0.0,0.0,0.0,24
DK,1959,marine_hw,abrupt-4xCO2,0.0,0.0,0.0,24
DK,1960,marine_hw,abrupt-4xCO2,0.0,0.0,0.0,24
DK,1961,marine_hw,abrupt-4xCO2,0.0,0.0,0.0,24
DK,1962,marine_hw,abrupt-4xCO2,0.0,0.0,0.0,24
DK,1963,marine_hw,abrupt-4xCO2,0.0,0.0,0.0,24
DK,1964,marine_hw,abrupt-4xCO2,0.0,0.0,0.0,24
DK,1965,marine_hw,abrupt-4xCO2,0.0,0.0,0.0,24
DK,1966,marine_hw,abrupt-4xCO2,0.0,0.0,0.0,24
DK,1967,marine_hw,abrupt-4xCO2,0.0,0.0,0.0,24
DK,1968,marine_hw,abrupt-4xCO2,0.0,0.0,0.0,24
DK,1969,marine_hw,abrupt-4xCO2,0.0,0.0,0.0,24
DK,1970,marine_hw,abrupt-4xCO2,0.0,0.0,0.0,24
DK,1971,marine_hw,abrupt-4xCO2,0.0,0.0,0.0,24
DK,1972,marine_hw,abrupt-4xCO2,0.0,0.0,0.0,24
DK,1973,marine_hw,abrupt-4xCO2,0.0,0.0,0.0,24
DK,1974,marine_hw,abrupt-4xCO2,0.0,0.0,0.0,24
DK,1975,marine_hw,abrupt-4xCO2,0.0,0.0,0.0,24
DK,1976,marine_hw,abrupt-4xCO2,0.0,0.0,0.0,24
DK,1977,marine_hw,abrupt-4xCO2,0.0,0.0,0.0,24
DK,1978,marine_hw,abrupt-4xCO2,0.0,0.0,0.0,24
DK,1979,marine_hw,abrupt-4xCO2,0.0,0.0,0.0,24
DK,1980,marine_hw,abrupt-4xCO2,0.0,0.0,0.0,24
DK,1981,marine_hw,abrupt-4xCO2,0.0,0.0,0.0,24
DK,1982,marine_hw,abrupt-4xCO2,0.0,0.0,0.0,24
DK,1983,marine_hw,abrupt-4xCO2,0.0,0.0,0.0,24
DK,1984,marine_hw,abrupt-4xCO2,0.0,0.0,0.0,24
DK,1985,marine_hw,abrupt-4xCO2,0.0,0.0,0.0,24
DK,1986,marine_hw,abrupt-4xCO2,0.0,0.0,0.0,24
DK,1987,marine_hw,abrupt-4xCO2,0.0,0.0,0.0,24
DK,1988,marine_hw,abrupt-4xCO2,0.0,0.0,0.0,24
DK,1989,marine_hw,abrupt-4xCO2,0.0,0.0,0.0,24
DK,1990,marine_hw,abrupt-4xCO2,0.0,0.0,0.0,24
DK,1991,marine_hw,abrupt-4xCO2,0.0,0.0,0.0,24
DK,1992,marine_hw,abrupt-4xCO2,0.0,0.0,0.0,24
DK,1993,marine_hw,abrupt-4xCO2,0.0,0.0,0.0,24
DK,1994,marine_hw,abrupt-4xCO2,0.0,0.0,0.0,24
DK,1995,marine_hw,abrupt-4xCO2,0.0,0.0,0.0,24
DK,1996,marine_hw,abrupt-4xCO2,0.0,0.0,0.0,24
DK,1997,marine_hw,abrupt-4xCO2,0.0,0.0,0.0,24
DK,1998,marine_hw,abrupt-4xCO2,0.0,0.0,0.0,24
DK,1999,marine_hw,abrupt-4xCO2,0.0,0.0,0.0,24
DK,2000,marine_hw,abrupt-4xCO2,0.0,0.0,0.0,24
DZ,1850,marine_hw,abrupt-4xCO2,0.0,0.0,0.0,24
DZ,1851,marine_hw,abrupt-4xCO2,0.0,0.0,0.0,24
DZ,1852,marine_hw,abrupt-4xCO2,0.0028361172791666668,0.03461349,0.0,24
DZ,1853,marine_hw,abrupt-4xCO2,0.016306841075,0.14890853,0.0,24
DZ,1854,marine_hw,abrupt-4xCO2,0.010250552250000001,0.13685289,0.0,24
DZ,1855,marine_hw,abrupt-4xCO2,0.0025052300833333335,0.03429136,0.0,24
DZ,1856,marine_hw,abrupt-4xCO2,0.00421666075,0.031525087,0.0,24
DZ,1857,marine_hw,abrupt-4xCO2,0.00023246970833333333,0.005579273,0.0,24
DZ,1858,marine_hw,abrupt-4xCO2,0.0031185595,0.041818418,0.0,24
DZ,1859,marine_hw,abrupt-4xCO2,0.003535815916666666,0.054343827,0.0,24
DZ,1860,marine_hw,abrupt-4xCO2,0.011344357541666667,0.11733462,0.0,24
DZ,1861,marine_hw,abrupt-4xCO2,0.0018000263458333333,0.021652117,0.0,24
DZ,1862,marine_hw,abrupt-4xCO2,0.000515719375,0.010298449,0.0,24
DZ,1863,marine_hw,abrupt-4xCO2,0.006976423283333334,0.09373337,0.0,24
DZ,1864,marine_hw,abrupt-4xCO2,0.008065062291666666,0.06919795,0.0,24
DZ,1865,marine_hw,abrupt-4xCO2,0.005879824670833333,0.060846787,0.0,24
DZ,1866,marine_hw,abrupt-4xCO2,0.004643669208333334,0.04833346,0.0,24
DZ,1867,marine_hw,abrupt-4xCO2,0.009525956333333334,0.106968805,0.0,24
DZ,1868,marine_hw,abrupt-4xCO2,0.017412411833333332,0.14888033,0.0,24
DZ,1869,marine_hw,abrupt-4xCO2,0.0005000149166666666,0.012000358,0.0,24
DZ,1870,marine_hw,abrupt-4xCO2,0.0,0.0,0.0,24
DZ,1871,marine_hw,abrupt-4xCO2,0.0006543679166666666,0.01570483,0.0,24
DZ,1872,marine_hw,abrupt-4xCO2,0.007907909958333334,0.09422864,0.0,24
DZ,1873,marine_hw,abrupt-4xCO2,0.003812008575,0.038058918,0.0,24
DZ,1874,marine_hw,abrupt-4xCO2,0.0007430439541666667,0.01532096,0.0,24
DZ,1875,marine_hw,abrupt-4xCO2,0.0072756111958333335,0.08024292,0.0,24
DZ,1876,marine_hw,abrupt-4xCO2,0.008425362833333333,0.09273746,0.0,24
DZ,1877,marine_hw,abrupt-4xCO2,0.0020149042666666667,0.015985098,0.0,24
DZ,1878,marine_hw,abrupt-4xCO2,0.027118094250000002,0.16168895,0.0,24
DZ,1879,marine_hw,abrupt-4xCO2,0.005849782558333333,0.047283858,0.0,24
DZ,1880,marine_hw,abrupt-4xCO2,0.006727189791666667,0.06155815,0.0,24
DZ,1881,marine_hw,abrupt-4xCO2,0.015642528625000002,0.17259566,0.0,24
DZ,1882,marine_hw,abrupt-4xCO2,0.0,0.0,0.0,24
DZ,1883,marine_hw,abrupt-4xCO2,0.0,0.0,0.0,24
DZ,1884,marine_hw,abrupt-4xCO2,0.003820764291666667,0.061301794,0.0,24
DZ,1885,marine_hw,abrupt-4xCO2,0.004321104125,0.038606532,0.0,24
DZ,1886,marine_hw,abrupt-4xCO2,0.0078747252125,0.12673135,0.0,24
DZ,1887,marine_hw,abrupt-4xCO2,0.007091079833333333,0.08621034,0.0,24
DZ,1888,marine_hw,abrupt-4xCO2,0.005945313075,0.06338489,0.0,24
DZ,1889,marine_hw,abrupt-4xCO2,0.004643837083333334,0.06298089,0.0,24
DZ,1890,marine_hw,abrupt-4xCO2,0.004799476120833333,0.07720015,0.0,24
DZ,1891,marine_hw,abrupt-4xCO2,0.0005279110125,0.010534676,0.0,24
DZ,1892,marine_hw,abrupt-4xCO2,0.00497431875,0.06675381,0.0,24
DZ,1893,marine_hw,abrupt-4xCO2,0.009468520904166668,0.1281769,0.0,24
DZ,1894,marine_hw,abrupt-4xCO2,0.010674697249999998,0.15620069,0.0,24
DZ,1895,marine_hw,abrupt-4xCO2,0.019303044125,0.15762746,0.0,24
DZ,1896,marine_hw,abrupt-4xCO2,0.0,0.0,0.0,24
DZ,1897,marine_hw,abrupt-4xCO2,0.014814087708333333,0.17624779,0.0,24
DZ,1898,marine_hw,abrupt-4xCO2,0.010858202212500001,0.11627294,0.0,24
DZ,1899,marine_hw,abrupt-4xCO2,0.0034677133791666663,0.039472256,0.0,24
DZ,1900,marine_hw,abrupt-4xCO2,0.0026926451666666666,0.04460214,0.0,24
DZ,1901,marine_hw,abrupt-4xCO2,0.001334304,0.032023296,0.0,24
DZ,1902,marine_hw,abrupt-4xCO2,0.010744226291666667,0.108512335,0.0,24
DZ,1903,marine_hw,abrupt-4xCO2,0.006257049166666667,0.06610418,0.0,24
DZ,1904,marine_hw,abrupt-4xCO2,0.0021962655416666666,0.052710373,0.0,24
DZ,1905,marine_hw,abrupt-4xCO2,0.0004967607583333334,0.008761629,0.0,24
DZ,1906,marine_hw,abrupt-4xCO2,0.002223937841666667,0.026802137,0.0,24
DZ,1907,marine_hw,abrupt-4xCO2,0.004129784845833334,0.05657188,0.0,24
DZ,1908,marine_hw,abrupt-4xCO2,0.00038939525,0.009345486,0.0,24
DZ,1909,marine_hw,abrupt-4xCO2,0.0015459486666666664,0.018809086,0.0,24
DZ,1910,marine_hw,abrupt-4xCO2,0.007339320250000001,0.08422656,0.0,24
DZ,1911,marine_hw,abrupt-4xCO2,0.014135629750000002,0.122429594,0.0,24
DZ,1912,marine_hw,abrupt-4xCO2,0.0,0.0,0.0,24
DZ,1913,marine_hw,abrupt-4xCO2,0.013372320208333335,0.14067815,0.0,24
DZ,1914,marine_hw,abrupt-4xCO2,0.0007263993333333332,0.017433584,0.0,24
DZ,1915,marine_hw,abrupt-4xCO2,0.0,0.0,0.0,24
DZ,1916,marine_hw,abrupt-4xCO2,0.00081515225,0.019563654,0.0,24
DZ,1917,marine_hw,abrupt-4xCO2,0.003718848,0.0343625,0.0,24
DZ,1918,marine_hw,abrupt-4xCO2,0.00231123675,0.030138846,0.0,24
DZ,1919,marine_hw,abrupt-4xCO2,0.016705439416666665,0.12628171,0.0,24
DZ,1920,marine_hw,abrupt-4xCO2,0.0,0.0,0.0,24
DZ,1921,marine_hw,abrupt-4xCO2,0.020763403083333333,0.18148103,0.0,24
DZ,1922,marine_hw,abrupt-4xCO2,0.002153919833333333,0.05048769,0.0,24
DZ,1923,marine_hw,abrupt-4xCO2,0.0017728923333333332,0.03145798,0.0,24
DZ,1924,marine_hw,abrupt-4xCO2,0.0004893332083333333,0.011743997,0.0,24
DZ,1925,marine_hw,abrupt-4xCO2,0.0098961444,0.14533558,0.0,24
DZ,1926,marine_hw,abrupt-4xCO2,0.010934391875,0.11018068,0.0,24
DZ,1927,marine_hw,abrupt-4xCO2,0.0005171733999999999,0.009584398,0.0,24
DZ,1928,marine_hw,abrupt-4xCO2,0.006572232091666667,0.07432784,0.0,24
DZ,1929,marine_hw,abrupt-4xCO2,0.0007202475416666666,0.017285941,0.0,24
DZ,1930,marine_hw,abrupt-4xCO2,0.0032431498916666666,0.027949719,0.0,24
DZ,1931,marine_hw,abrupt-4xCO2,0.0,0.0,0.0,24
DZ,1932,marine_hw,abrupt-4xCO2,0.0021354085833333336,0.029569503,0.0,24
DZ,1933,marine_hw,abrupt-4xCO2,0.0048037265,0.05301371,0.0,24
DZ,1934,marine_hw,abrupt-4xCO2,0.008218999625,0.08947591,0.0,24
DZ,1935,marine_hw,abrupt-4xCO2,0.0006501071,0.011339995,0.0,24
DZ,1936,marine_hw,abrupt-4xCO2,0.0029920360416666666,0.039876252,0.0,24
DZ,1937,marine_hw,abrupt-4xCO2,0.0019176366666666667,0.02811053,0.0,24
DZ,1938,marine_hw,abrupt-4xCO2,0.0015997135416666666,0.038393125,0.0,24
DZ,1939,marine_hw,abrupt-4xCO2,0.007204128541666667,0.056660466,0.0,24
DZ,1940,marine_hw,abrupt-4xCO2,0.00012201785833333333,0.0029284286,0.0,24
DZ,1941,marine_hw,abrupt-4xCO2,0.0023926075958333333,0.03564455,0.0,24
DZ,1942,marine_hw,abrupt-4xCO2,0.00024330869041666668,0.0048880405,0.0,24
DZ,1943,marine_hw,abrupt-4xCO2,0.018621821666666667,0.13369603,0.0,24
DZ,1944,marine_hw,abrupt-4xCO2,0.0007534110833333332,0.018081866,0.0,24
DZ,1945,marine_hw,abrupt-4xCO2,0.0013807461708333333,0.02132462,0.0,24
DZ,1946,marine_hw,abrupt-4xCO2,0.013074229166666666,0.12193702,0.0,24
DZ,1947,marine_hw,abrupt-4xCO2,0.000997289475,0.021712516,0.0,24
DZ,1948,marine_hw,abrupt-4xCO2,0.011114561791666666,0.110349804,0.0,24
DZ,1949,marine_hw,abrupt-4xCO2,0.0,0.0,0.0,24
DZ,1950,marine_hw,abrupt-4xCO2,0.0,0.0,0.0,24
DZ,1951,marine_hw,abrupt-4xCO2,0.004787854125,0.048784435,0.0,24
DZ,1952,marine_hw,abrupt-4xCO2,0.0028714165416666667,0.034055136,0.0,24
DZ,1953,marine_hw,abrupt-4xCO2,0.00254315775,0.03793812,0.0,24
DZ,1954,marine_hw,abrupt-4xCO2,0.014908569250000002,0.1210968,0.0,24
DZ,1955,marine_hw,abrupt-4xCO2,0.0,0.0,0.0,24
DZ,1956,marine_hw,abrupt-4xCO2,0.00011139210833333333,0.0026734106,0.0,24
DZ,1957,marine_hw,abrupt-4xCO2,0.014922022958333331,0.1756438,0.0,24
DZ,1958,marine_hw,abrupt-4xCO2,0.008800808166666667,0.15957901,0.0,24
DZ,1959,marine_hw,abrupt-4xCO2,0.00035208280833333335,0.005435658,0.0,24
DZ,1960,marine_hw,abrupt-4xCO2,0.004333373,0.08869073,0.0,24
DZ,1961,marine_hw,abrupt-4xCO2,0.012748130625,0.10432198,0.0,24
DZ,1962,marine_hw,abrupt-4xCO2,0.0015156023333333334,0.025333771,0.0,24
DZ,1963,marine_hw,abrupt-4xCO2,0.00918905025,0.1311217,0.0,24
DZ,1964,marine_hw,abrupt-4xCO2,0.0019002334583333334,0.03172239,0.0,24
DZ,1965,marine_hw,abrupt-4xCO2,0.0022635222625,0.03564455,0.0,24
DZ,1966,marine_hw,abrupt-4xCO2,0.012236682916666667,0.17478614,0.0,24
DZ,1967,marine_hw,abrupt-4xCO2,0.002087201291666667,0.038819946,0.0,24
DZ,1968,marine_hw,abrupt-4xCO2,0.0020082596375,0.032567978,0.0,24
DZ,1969,marine_hw,abrupt-4xCO2,0.000848305275,0.014898167,0.0,24
DZ,1970,marine_hw,abrupt-4xCO2,0.03766843416666667,0.22588101,0.0,24
DZ,1971,marine_hw,abrupt-4xCO2,0.005393410083333334,0.05109302,0.0,24
DZ,1972,marine_hw,abrupt-4xCO2,0.0034094918749999997,0.06342247,0.0,24
DZ,1973,marine_hw,abrupt-4xCO2,0.0,0.0,0.0,24
DZ,1974,marine_hw,abrupt-4xCO2,0.020883428083333332,0.16452502,0.0,24
DZ,1975,marine_hw,abrupt-4xCO2,0.0005053732416666668,0.009105233,0.0,24
DZ,1976,marine_hw,abrupt-4xCO2,0.0038379895,0.07335073,0.0,24
DZ,1977,marine_hw,abrupt-4xCO2,0.0009074844583333333,0.021779627,0.0,24
DZ,1978,marine_hw,abrupt-4xCO2,0.015908106458333335,0.1407654,0.0,24
DZ,1979,marine_hw,abrupt-4xCO2,0.012176979737500001,0.16574106,0.0,24
DZ,1980,marine_hw,abrupt-4xCO2,0.000552975875,0.013271421,0.0,24
DZ,1981,marine_hw,abrupt-4xCO2,0.023590176229166666,0.23523748,0.0,24
DZ,1982,marine_hw,abrupt-4xCO2,0.003402378875,0.044092104,0.0,24
DZ,1983,marine_hw,abrupt-4xCO2,0.005222202749999999,0.042815674,0.0,24
DZ,1984,marine_hw,abrupt-4xCO2,0.00017839025833333333,0.0042813662,0.0,24
DZ,1985,marine_hw,abrupt-4xCO2,0.0005151041833333334,0.01088499,0.0,24
DZ,1986,marine_hw,abrupt-4xCO2,0.015072821083333333,0.119090214,0.0,24
DZ,1987,marine_hw,abrupt-4xCO2,0.0037006164166666668,0.04333779,0.0,24
DZ,1988,marine_hw,abrupt-4xCO2,0.007821404166666665,0.11085044,0.0,24
DZ,1989,marine_hw,abrupt-4xCO2,0.005958028875,0.077592075,0.0,24
DZ,1990,marine_hw,abrupt-4xCO2,0.015172367416666667,0.17857248,0.0,24
DZ,1991,marine_hw,abrupt-4xCO2,0.0,0.0,0.0,24
DZ,1992,marine_hw,abrupt-4xCO2,0.007307355933333333,0.09025842,0.0,24
DZ,1993,marine_hw,abrupt-4xCO2,0.004731894041666667,0.08207233,0.0,24
DZ,1994,marine_hw,abrupt-4xCO2,0.013390607541666667,0.16363916,0.0,24
DZ,1995,marine_hw,abrupt-4xCO2,0.015152849958333332,0.110834345,0.0,24
DZ,1996,marine_hw,abrupt-4xCO2,0.0012946321833333333,0.029526552,0.0,24
DZ,1997,marine_hw,abrupt-4xCO2,0.0006623651666666667,0.015896764,0.0,24
DZ,1998,marine_hw,abrupt-4xCO2,0.008369021666666665,0.1065903,0.0,24
DZ,1999,marine_hw,abrupt-4xCO2,0.012369249916666667,0.10678895,0.0,24
DZ,2000,marine_hw,abrupt-4xCO2,0.005448339,0.066795416,0.0,24
EG,1850,marine_hw,abrupt-4xCO2,0.02513500823611111,0.22335766,0.0,36
EG,1851,marine_hw,abrupt-4xCO2,0.04792688873611111,0.30877796,0.0,36
EG,1852,marine_hw,abrupt-4xCO2,0.04329149889722222,0.27114266,0.0,36
EG,1853,marine_hw,abrupt-4xCO2,0.046178618516666665,0.2884302,0.0,36
EG,1854,marine_hw,abrupt-4xCO2,0.05146343419444445,0.3189599,0.0,36
EG,1855,marine_hw,abrupt-4xCO2,0.055950950738888894,0.28749067,0.0,36
EG,1856,marine_hw,abrupt-4xCO2,0.09096596619444446,0.4596679,0.0,36
EG,1857,marine_hw,abrupt-4xCO2,0.07216814976666668,0.4670124,0.0,36
EG,1858,marine_hw,abrupt-4xCO2,0.05384760219444444,0.3350797,0.0,36
EG,1859,marine_hw,abrupt-4xCO2,0.06727785477777777,0.3789829,0.0,36
EG,1860,marine_hw,abrupt-4xCO2,0.05762421147222222,0.3298022,0.0,36
EG,1861,marine_hw,abrupt-4xCO2,0.057321417430555556,0.3469528,0.0,36
EG,1862,marine_hw,abrupt-4xCO2,0.07943681638888889,0.40937567,0.0,36
EG,1863,marine_hw,abrupt-4xCO2,0.07870124822083333,0.488646,0.0,36
EG,1864,marine_hw,abrupt-4xCO2,0.08609053676777778,0.44549963,0.0,36
EG,1865,marine_hw,abrupt-4xCO2,0.08055543874999999,0.42451033,0.0,36
EG,1866,marine_hw,abrupt-4xCO2,0.09079266156944445,0.4366465,0.0,36
EG,1867,marine_hw,abrupt-4xCO2,0.05463303242944444,0.38551137,0.0,36
EG,1868,marine_hw,abrupt-4xCO2,0.06858063706666667,0.42194402,0.0,36
EG,1869,marine_hw,abrupt-4xCO2,0.06885868068333333,0.37229607,0.0,36
EG,1870,marine_hw,abrupt-4xCO2,0.07641201366666667,0.4143284,0.0,36
EG,1871,marine_hw,abrupt-4xCO2,0.06992223848333333,0.36830434,0.0,36
EG,1872,marine_hw,abrupt-4xCO2,0.0896153457388889,0.45440915,0.0,36
EG,1873,marine_hw,abrupt-4xCO2,0.05799444822222222,0.36594746,0.0,36
EG,1874,marine_hw,abrupt-4xCO2,0.06666710920833334,0.40220833,0.0,36
EG,1875,marine_hw,abrupt-4xCO2,0.08226761472222223,0.44071335,0.0,36
EG,1876,marine_hw,abrupt-4xCO2,0.06618145680277777,0.42300704,0.0,36
EG,1877,marine_hw,abrupt-4xCO2,0.06788696377777778,0.3956718,0.0,36
EG,1878,marine_hw,abrupt-4xCO2,0.08211336352777777,0.39703548,0.0,36
EG,1879,marine_hw,abrupt-4xCO2,0.06289457527777778,0.30752435,0.0,36
EG,1880,marine_hw,abrupt-4xCO2,0.09941508786111111,0.4509597,0.0,36
EG,1881,marine_hw,abrupt-4xCO2,0.06208436348055556,0.3486735,0.0,36
EG,1882,marine_hw,abrupt-4xCO2,0.052468327277777775,0.34159204,0.0,36
EG,1883,marine_hw,abrupt-4xCO2,0.06620291391666666,0.37713334,0.0,36
EG,1884,marine_hw,abrupt-4xCO2,0.07485331977777779,0.40695703,0.0,36
EG,1885,marine_hw,abrupt-4xCO2,0.05539620566666667,0.30303603,0.0,36
EG,1886,marine_hw,abrupt-4xCO2,0.07541413233333333,0.41865295,0.0,36
EG,1887,marine_hw,abrupt-4xCO2,0.060330056658333325,0.432287,0.0,36
EG,1888,marine_hw,abrupt-4xCO2,0.08134407627222223,0.40898374,0.0,36
EG,1889,marine_hw,abrupt-4xCO2,0.064933879375,0.35697886,0.0,36
EG,1890,marine_hw,abrupt-4xCO2,0.07742011294444445,0.43898728,0.0,36
EG,1891,marine_hw,abrupt-4xCO2,0.07615922891666667,0.40947768,0.0,36
EG,1892,marine_hw,abrupt-4xCO2,0.086755431,0.4388799,0.0,36
EG,1893,marine_hw,abrupt-4xCO2,0.06401386405555555,0.3451301,0.0,36
EG,1894,marine_hw,abrupt-4xCO2,0.05769579851666667,0.3721189,0.0,36
EG,1895,marine_hw,abrupt-4xCO2,0.09093458533333333,0.42176417,0.0,36
EG,1896,marine_hw,abrupt-4xCO2,0.05445322472222222,0.3250293,0.0,36
EG,1897,marine_hw,abrupt-4xCO2,0.08750500643888888,0.41102657,0.0,36
EG,1898,marine_hw,abrupt-4xCO2,0.07480283944444445,0.41099167,0.0,36
EG,1899,marine_hw,abrupt-4xCO2,0.08214510973333333,0.40469676,0.0,36
EG,1900,marine_hw,abrupt-4xCO2,0.06616312931944444,0.39872396,0.0,36
EG,1901,marine_hw,abrupt-4xCO2,0.09495409288888888,0.4689774,0.0,36
EG,1902,marine_hw,abrupt-4xCO2,0.08447696216666667,0.42577466,0.0,36
EG,1903,marine_hw,abrupt-4xCO2,0.09081430224444445,0.4420502,0.0,36
EG,1904,marine_hw,abrupt-4xCO2,0.08674585571666667,0.4352882,0.0,36
EG,1905,marine_hw,abrupt-4xCO2,0.07422989633333334,0.4054806,0.0,36
EG,1906,marine_hw,abrupt-4xCO2,0.06528356417499999,0.37503147,0.0,36
EG,1907,marine_hw,abrupt-4xCO2,0.08273060263888889,0.4096092,0.0,36
EG,1908,marine_hw,abrupt-4xCO2,0.07691021861111111,0.36716616,0.0,36
EG,1909,marine_hw,abrupt-4xCO2,0.06990429822222222,0.3875354,0.0,36
EG,1910,marine_hw,abrupt-4xCO2,0.08616913880555556,0.503276,0.0,36
EG,1911,marine_hw,abrupt-4xCO2,0.06191918802777777,0.39101973,0.0,36
EG,1912,marine_hw,abrupt-4xCO2,0.06950546905555556,0.3558863,0.0,36
EG,1913,marine_hw,abrupt-4xCO2,0.07734927247222222,0.5013271,0.0,36
EG,1914,marine_hw,abrupt-4xCO2,0.06527584324999999,0.41334054,0.0,36
EG,1915,marine_hw,abrupt-4xCO2,0.06593457141666666,0.41068298,0.0,36
EG,1916,marine_hw,abrupt-4xCO2,0.07009278608333333,0.3796701,0.0,36
EG,1917,marine_hw,abrupt-4xCO2,0.08346941130555556,0.45697007,0.0,36
EG,1918,marine_hw,abrupt-4xCO2,0.07419305325833334,0.3892722,0.0,36
EG,1919,marine_hw,abrupt-4xCO2,0.07486511038888889,0.46623394,0.0,36
EG,1920,marine_hw,abrupt-4xCO2,0.08088864733972222,0.44425675,0.0,36
EG,1921,marine_hw,abrupt-4xCO2,0.08088386759611112,0.41720068,0.0,36
EG,1922,marine_hw,abrupt-4xCO2,0.04270700393055556,0.32692987,0.0,36
EG,1923,marine_hw,abrupt-4xCO2,0.07102341727638889,0.46783116,0.0,36
EG,1924,marine_hw,abrupt-4xCO2,0.06459876128888889,0.38127807,0.0,36
EG,1925,marine_hw,abrupt-4xCO2,0.075104925,0.37278998,0.0,36
EG,1926,marine_hw,abrupt-4xCO2,0.07667028363055556,0.4037572,0.0,36
EG,1927,marine_hw,abrupt-4xCO2,0.06474265511111112,0.3911835,0.0,36
EG,1928,marine_hw,abrupt-4xCO2,0.06942114508333334,0.4173376,0.0,36
EG,1929,marine_hw,abrupt-4xCO2,0.09760316461944445,0.43866783,0.0,36
EG,1930,marine_hw,abrupt-4xCO2,0.07540840119444445,0.41523302,0.0,36
EG,1931,marine_hw,abrupt-4xCO2,0.058074816008333335,0.39231363,0.0,36
EG,1932,marine_hw,abrupt-4xCO2,0.07736288602777779,0.42105818,0.0,36
EG,1933,marine_hw,abrupt-4xCO2,0.07919668497777778,0.37038475,0.0,36
EG,1934,marine_hw,abrupt-4xCO2,0.05994382977777778,0.31408232,0.0,36
EG,1935,marine_hw,abrupt-4xCO2,0.06745556627777777,0.41488406,0.0,36
EG,1936,marine_hw,abrupt-4xCO2,0.07375203975,0.43371782,0.0,36
EG,1937,marine_hw,abrupt-4xCO2,0.05766087661666667,0.36794734,0.0,36
EG,1938,marine_hw,abrupt-4xCO2,0.05798804427777778,0.34191418,0.0,36
EG,1939,marine_hw,abrupt-4xCO2,0.10312271991666666,0.49383762,0.0,36
EG,1940,marine_hw,abrupt-4xCO2,0.04727766671111111,0.3271285,0.0,36
EG,1941,marine_hw,abrupt-4xCO2,0.08530096818055556,0.4935692,0.0,36
EG,1942,marine_hw,abrupt-4xCO2,0.09609951908333333,0.47170207,0.0,36
EG,1943,marine_hw,abrupt-4xCO2,0.08623624505555555,0.43249103,0.0,36
EG,1944,marine_hw,abrupt-4xCO2,0.0657736371388889,0.3801533,0.0,36
EG,1945,marine_hw,abrupt-4xCO2,0.07991929083333332,0.48152697,0.0,36
EG,1946,marine_hw,abrupt-4xCO2,0.0845851776,0.42886978,0.0,36
EG,1947,marine_hw,abrupt-4xCO2,0.06295742755555556,0.35679096,0.0,36
EG,1948,marine_hw,abrupt-4xCO2,0.07815365851388889,0.41469884,0.0,36
EG,1949,marine_hw,abrupt-4xCO2,0.07377360818999999,0.39794818,0.0,36
EG,1950,marine_hw,abrupt-4xCO2,0.059990288388888896,0.34384426,0.0,36
EG,1951,marine_hw,abrupt-4xCO2,0.08770657311111112,0.48343825,0.0,36
EG,1952,marine_hw,abrupt-4xCO2,0.07269910119444445,0.39326122,0.0,36
EG,1953,marine_hw,abrupt-4xCO2,0.061627966722222226,0.35411462,0.0,36
EG,1954,marine_hw,abrupt-4xCO2,0.07937484558333334,0.3791386,0.0,36
EG,1955,marine_hw,abrupt-4xCO2,0.07260104,0.4194717,0.0,36
EG,1956,marine_hw,abrupt-4xCO2,0.0763139981388889,0.42838123,0.0,36
EG,1957,marine_hw,abrupt-4xCO2,0.06890558217666667,0.3984931,0.0,36
EG,1958,marine_hw,abrupt-4xCO2,0.06540235830555556,0.36396906,0.0,36
EG,1959,marine_hw,abrupt-4xCO2,0.07793323961111112,0.40842003,0.0,36
EG,1960,marine_hw,abrupt-4xCO2,0.06057947093055555,0.3453019,0.0,36
EG,1961,marine_hw,abrupt-4xCO2,0.09495572822222223,0.5087253,0.0,36
EG,1962,marine_hw,abrupt-4xCO2,0.06216556633333333,0.37854534,0.0,36
EG,1963,marine_hw,abrupt-4xCO2,0.08345552940277777,0.38115993,0.0,36
EG,1964,marine_hw,abrupt-4xCO2,0.07757030005555555,0.4546588,0.0,36
EG,1965,marine_hw,abrupt-4xCO2,0.06637399761111112,0.37769437,0.0,36
EG,1966,marine_hw,abrupt-4xCO2,0.08309748155555556,0.45339176,0.0,36
EG,1967,marine_hw,abrupt-4xCO2,0.060415673601388886,0.38969097,0.0,36
EG,1968,marine_hw,abrupt-4xCO2,0.07724276597222222,0.40652484,0.0,36
EG,1969,marine_hw,abrupt-4xCO2,0.1205026202222222,0.5544675,0.0,36
EG,1970,marine_hw,abrupt-4xCO2,0.09162429879166667,0.5118258,0.0,36
EG,1971,marine_hw,abrupt-4xCO2,0.06271641466666666,0.3584204,0.0,36
EG,1972,marine_hw,abrupt-4xCO2,0.07976650866666667,0.377034,0.0,36
EG,1973,marine_hw,abrupt-4xCO2,0.08615088075,0.44601503,0.0,36
EG,1974,marine_hw,abrupt-4xCO2,0.08127536991666667,0.40655437,0.0,36
EG,1975,marine_hw,abrupt-4xCO2,0.07151023141666667,0.39406922,0.0,36
EG,1976,marine_hw,abrupt-4xCO2,0.08285425411111111,0.42851007,0.0,36
EG,1977,marine_hw,abrupt-4xCO2,0.08737118811111111,0.4424743,0.0,36
EG,1978,marine_hw,abrupt-4xCO2,0.09734675805555555,0.463971,0.0,36
EG,1979,marine_hw,abrupt-4xCO2,0.07795372425,0.3791574,0.0,36
EG,1980,marine_hw,abrupt-4xCO2,0.08714424206388888,0.50155526,0.0,36
EG,1981,marine_hw,abrupt-4xCO2,0.09127342563888889,0.42009717,0.0,36
EG,1982,marine_hw,abrupt-4xCO2,0.10681104583333334,0.4771487,0.0,36
EG,1983,marine_hw,abrupt-4xCO2,0.08961411550361112,0.45442528,0.0,36
EG,1984,marine_hw,abrupt-4xCO2,0.0944867403611111,0.43226555,0.0,36
EG,1985,marine_hw,abrupt-4xCO2,0.07241799861111112,0.43370706,0.0,36
EG,1986,marine_hw,abrupt-4xCO2,0.06407683777777778,0.37681928,0.0,36
EG,1987,marine_hw,abrupt-4xCO2,0.07039720219444444,0.42336944,0.0,36
EG,1988,marine_hw,abrupt-4xCO2,0.09453453191277778,0.47017196,0.0,36
EG,1989,marine_hw,abrupt-4xCO2,0.07697903225833333,0.42111456,0.0,36
EG,1990,marine_hw,abrupt-4xCO2,0.07345764572222221,0.42216146,0.0,36
EG,1991,marine_hw,abrupt-4xCO2,0.07731440745833333,0.368401,0.0,36
EG,1992,marine_hw,abrupt-4xCO2,0.10379520683333333,0.43553245,0.0,36
EG,1993,marine_hw,abrupt-4xCO2,0.06382365979166667,0.34136924,0.0,36
EG,1994,marine_hw,abrupt-4xCO2,0.09131248111111111,0.40485513,0.0,36
EG,1995,marine_hw,abrupt-4xCO2,0.10757835046,0.5366538,0.0,36
EG,1996,marine_hw,abrupt-4xCO2,0.06887977725,0.39999637,0.0,36
EG,1997,marine_hw,abrupt-4xCO2,0.0910864228888889,0.4923451,0.0,36
EG,1998,marine_hw,abrupt-4xCO2,0.09823544563333333,0.48867285,0.0,36
EG,1999,marine_hw,abrupt-4xCO2,0.07752806298888888,0.5030988,0.0,36
EG,2000,marine_hw,abrupt-4xCO2,0.06940390445972222,0.38044053,0.0,36
ER,1850,marine_hw,abrupt-4xCO2,0.2426784830833333,0.51027155,0.0,12
ER,1851,marine_hw,abrupt-4xCO2,0.33843221074999996,0.5982017,0.042018406,12
ER,1852,marine_hw,abrupt-4xCO2,0.35897547,0.61023587,0.08193006,12
ER,1853,marine_hw,abrupt-4xCO2,0.3328403785833333,0.5617422,0.043430403,12
ER,1854,marine_hw,abrupt-4xCO2,0.32917124166666667,0.5464653,0.07758402,12
ER,1855,marine_hw,abrupt-4xCO2,0.343492975,0.58107525,0.06454589,12
ER,1856,marine_hw,abrupt-4xCO2,0.379355885,0.6617844,0.08199181,12
ER,1857,marine_hw,abrupt-4xCO2,0.3986855641666667,0.64395463,0.14427525,12
ER,1858,marine_hw,abrupt-4xCO2,0.3897648591666667,0.6296441,0.10800364,12
ER,1859,marine_hw,abrupt-4xCO2,0.43345926749999997,0.702394,0.10797411,12
ER,1860,marine_hw,abrupt-4xCO2,0.4347934216666667,0.6717677,0.12980096,12
ER,1861,marine_hw,abrupt-4xCO2,0.3830900941666667,0.6148423,0.06721418,12
ER,1862,marine_hw,abrupt-4xCO2,0.41787745291666667,0.7143852,0.073635265,12
ER,1863,marine_hw,abrupt-4xCO2,0.45448773416666666,0.7181783,0.12487509,12
ER,1864,marine_hw,abrupt-4xCO2,0.4700854425,0.74174464,0.15262105,12
ER,1865,marine_hw,abrupt-4xCO2,0.442938785,0.7142161,0.10969213,12
ER,1866,marine_hw,abrupt-4xCO2,0.45647130083333337,0.739275,0.16117892,12
ER,1867,marine_hw,abrupt-4xCO2,0.4274149075,0.65246147,0.18485263,12
ER,1868,marine_hw,abrupt-4xCO2,0.44161358166666664,0.732564,0.1073567,12
ER,1869,marine_hw,abrupt-4xCO2,0.4726658325,0.72448665,0.21104433,12
ER,1870,marine_hw,abrupt-4xCO2,0.37950418750000003,0.5935604,0.08074356,12
ER,1871,marine_hw,abrupt-4xCO2,0.4199039441666666,0.6962145,0.11123834,12
ER,1872,marine_hw,abrupt-4xCO2,0.4422730575,0.75065684,0.16217482,12
ER,1873,marine_hw,abrupt-4xCO2,0.3939355233333333,0.65735245,0.08051001,12
ER,1874,marine_hw,abrupt-4xCO2,0.47193432500000004,0.77650225,0.16377205,12
ER,1875,marine_hw,abrupt-4xCO2,0.4866457325,0.7236142,0.19281188,12
ER,1876,marine_hw,abrupt-4xCO2,0.4299570275,0.6160234,0.17996703,12
ER,1877,marine_hw,abrupt-4xCO2,0.4205576091666667,0.6971192,0.16001657,12
ER,1878,marine_hw,abrupt-4xCO2,0.43958507500000005,0.7361745,0.1474509,12
ER,1879,marine_hw,abrupt-4xCO2,0.440878955,0.6669841,0.16659066,12
ER,1880,marine_hw,abrupt-4xCO2,0.4467620458333333,0.76268834,0.18699747,12
ER,1881,marine_hw,abrupt-4xCO2,0.453452915,0.72866625,0.19163612,12
ER,1882,marine_hw,abrupt-4xCO2,0.40271305175,0.6839978,0.079449676,12
ER,1883,marine_hw,abrupt-4xCO2,0.4335042508333333,0.74906766,0.14301626,12
ER,1884,marine_hw,abrupt-4xCO2,0.43438807833333337,0.69858485,0.14632344,12
ER,1885,marine_hw,abrupt-4xCO2,0.40426351541666666,0.6648795,0.076268665,12
ER,1886,marine_hw,abrupt-4xCO2,0.44074385416666667,0.7738393,0.12193031,12
ER,1887,marine_hw,abrupt-4xCO2,0.4933220483333333,0.78373134,0.1861304,12
ER,1888,marine_hw,abrupt-4xCO2,0.5061492383333334,0.75238293,0.25161636,12
ER,1889,marine_hw,abrupt-4xCO2,0.43731318416666665,0.71481204,0.18622974,12
ER,1890,marine_hw,abrupt-4xCO2,0.44049463250000004,0.7193031,0.19074757,12
ER,1891,marine_hw,abrupt-4xCO2,0.4794712341666667,0.77239245,0.21618226,12
ER,1892,marine_hw,abrupt-4xCO2,0.4504996291666667,0.69695276,0.16154668,12
ER,1893,marine_hw,abrupt-4xCO2,0.4210938141666667,0.61774415,0.20325151,12
ER,1894,marine_hw,abrupt-4xCO2,0.4628561375,0.7552713,0.1572758,12
ER,1895,marine_hw,abrupt-4xCO2,0.5012059183333334,0.76292455,0.20072012,12
ER,1896,marine_hw,abrupt-4xCO2,0.4186317691666667,0.6777539,0.1514399,12
ER,1897,marine_hw,abrupt-4xCO2,0.43720422416666666,0.7706717,0.12219069,12
ER,1898,marine_hw,abrupt-4xCO2,0.4588445308333333,0.7366013,0.1214847,12
ER,1899,marine_hw,abrupt-4xCO2,0.46809519875,0.75347275,0.118207045,12
ER,1900,marine_hw,abrupt-4xCO2,0.45683771166666665,0.7577893,0.19224815,12
ER,1901,marine_hw,abrupt-4xCO2,0.47263562416666666,0.7388831,0.201359,12
ER,1902,marine_hw,abrupt-4xCO2,0.46704961916666665,0.7014196,0.18915841,12
ER,1903,marine_hw,abrupt-4xCO2,0.41518567050000005,0.7339545,0.094587006,12
ER,1904,marine_hw,abrupt-4xCO2,0.45498882749999997,0.751736,0.1315163,12
ER,1905,marine_hw,abrupt-4xCO2,0.47697763,0.73277336,0.19434735,12
ER,1906,marine_hw,abrupt-4xCO2,0.4543387625,0.7605408,0.15337536,12
ER,1907,marine_hw,abrupt-4xCO2,0.4692369358333333,0.7803275,0.18456541,12
ER,1908,marine_hw,abrupt-4xCO2,0.4719153125,0.74672955,0.20924309,12
ER,1909,marine_hw,abrupt-4xCO2,0.43181530533333334,0.7145436,0.093059584,12
ER,1910,marine_hw,abrupt-4xCO2,0.4603435216666667,0.7332727,0.13711327,12
ER,1911,marine_hw,abrupt-4xCO2,0.467408215,0.7041523,0.19727604,12
ER,1912,marine_hw,abrupt-4xCO2,0.427451365,0.66603917,0.15283044,12
ER,1913,marine_hw,abrupt-4xCO2,0.47648907916666666,0.7919,0.14350483,12
ER,1914,marine_hw,abrupt-4xCO2,0.47423889166666666,0.75377345,0.19094086,12
ER,1915,marine_hw,abrupt-4xCO2,0.4598802558333333,0.7206238,0.16509277,12
ER,1916,marine_hw,abrupt-4xCO2,0.4704455975,0.7463618,0.17671086,12
ER,1917,marine_hw,abrupt-4xCO2,0.4865224666666667,0.766884,0.22563136,12
ER,1918,marine_hw,abrupt-4xCO2,0.45779380249999996,0.7028665,0.15409479,12
ER,1919,marine_hw,abrupt-4xCO2,0.46738382,0.76657534,0.17765844,12
ER,1920,marine_hw,abrupt-4xCO2,0.4989554725,0.7760056,0.14906421,12
ER,1921,marine_hw,abrupt-4xCO2,0.4600768725,0.7515078,0.13699783,12
ER,1922,marine_hw,abrupt-4xCO2,0.45456200583333334,0.729536,0.12487509,12
ER,1923,marine_hw,abrupt-4xCO2,0.4669623663333333,0.7410655,0.122437656,12
ER,1924,marine_hw,abrupt-4xCO2,0.3935355608333333,0.69176114,0.11365162,12
ER,1925,marine_hw,abrupt-4xCO2,0.4270887366666667,0.73465246,0.09122614,12
ER,1926,marine_hw,abrupt-4xCO2,0.46617830416666667,0.78491783,0.11110143,12
ER,1927,marine_hw,abrupt-4xCO2,0.4327537321666666,0.70445025,0.106360786,12
ER,1928,marine_hw,abrupt-4xCO2,0.43988481916666666,0.7576309,0.14625365,12
ER,1929,marine_hw,abrupt-4xCO2,0.4881131875,0.7831488,0.19096501,12
ER,1930,marine_hw,abrupt-4xCO2,0.48593927833333334,0.75168496,0.1677208,12
ER,1931,marine_hw,abrupt-4xCO2,0.5241611141666667,0.7751037,0.25385246,12
ER,1932,marine_hw,abrupt-4xCO2,0.4502141925,0.7483671,0.1760129,12
ER,1933,marine_hw,abrupt-4xCO2,0.45772133833333334,0.7117223,0.16314927,12
ER,1934,marine_hw,abrupt-4xCO2,0.4551977733333333,0.77267694,0.14226463,12
ER,1935,marine_hw,abrupt-4xCO2,0.4745932158333333,0.82609385,0.13475369,12
ER,1936,marine_hw,abrupt-4xCO2,0.5016235516666666,0.7566645,0.21355423,12
ER,1937,marine_hw,abrupt-4xCO2,0.4827526816666667,0.74162114,0.22793457,12
ER,1938,marine_hw,abrupt-4xCO2,0.44246812583333334,0.6910417,0.17189504,12
ER,1939,marine_hw,abrupt-4xCO2,0.47548354749999994,0.821619,0.17199704,12
ER,1940,marine_hw,abrupt-4xCO2,0.43273424916666664,0.64144474,0.17970127,12
ER,1941,marine_hw,abrupt-4xCO2,0.453770775,0.74657655,0.15414579,12
ER,1942,marine_hw,abrupt-4xCO2,0.4887068966666667,0.7856319,0.17238629,12
ER,1943,marine_hw,abrupt-4xCO2,0.4982966825,0.7667176,0.18553716,12
ER,1944,marine_hw,abrupt-4xCO2,0.45970220749999996,0.7547989,0.1931018,12
ER,1945,marine_hw,abrupt-4xCO2,0.43562537333333334,0.78166705,0.14355583,12
ER,1946,marine_hw,abrupt-4xCO2,0.44089618583333334,0.70806617,0.15069366,12
ER,1947,marine_hw,abrupt-4xCO2,0.4127533741666667,0.68535614,0.09314012,12
ER,1948,marine_hw,abrupt-4xCO2,0.4669702091666667,0.7706207,0.15241972,12
ER,1949,marine_hw,abrupt-4xCO2,0.4658015791666667,0.6663076,0.18746725,12
ER,1950,marine_hw,abrupt-4xCO2,0.44692533333333334,0.7101922,0.16573703,12
ER,1951,marine_hw,abrupt-4xCO2,0.49781148,0.79800963,0.17984086,12
ER,1952,marine_hw,abrupt-4xCO2,0.4758544283333333,0.7388428,0.21148457,12
ER,1953,marine_hw,abrupt-4xCO2,0.47135248583333333,0.73320824,0.22091217,12
ER,1954,marine_hw,abrupt-4xCO2,0.4736868041666667,0.7546029,0.18664314,12
ER,1955,marine_hw,abrupt-4xCO2,0.47962825333333337,0.72929704,0.17921808,12
ER,1956,marine_hw,abrupt-4xCO2,0.49015826749999997,0.75430495,0.20807537,12
ER,1957,marine_hw,abrupt-4xCO2,0.47310715750000004,0.7049603,0.21564807,12
ER,1958,marine_hw,abrupt-4xCO2,0.4878856891666667,0.766221,0.21441324,12
ER,1959,marine_hw,abrupt-4xCO2,0.4739910166666666,0.77085966,0.19424804,12
ER,1960,marine_hw,abrupt-4xCO2,0.4467443658333334,0.69941163,0.17994824,12
ER,1961,marine_hw,abrupt-4xCO2,0.4729013775,0.79332805,0.14525774,12
ER,1962,marine_hw,abrupt-4xCO2,0.49193867583333334,0.7582134,0.18111058,12
ER,1963,marine_hw,abrupt-4xCO2,0.485787845,0.7676679,0.20601107,12
ER,1964,marine_hw,abrupt-4xCO2,0.4442208191666666,0.69229263,0.11288388,12
ER,1965,marine_hw,abrupt-4xCO2,0.49619010583333334,0.7951615,0.1769954,12
ER,1966,marine_hw,abrupt-4xCO2,0.5477113191666666,0.81970495,0.26825425,12
ER,1967,marine_hw,abrupt-4xCO2,0.45084770333333335,0.66836923,0.22171749,12
ER,1968,marine_hw,abrupt-4xCO2,0.44264372999999996,0.7198748,0.15047354,12
ER,1969,marine_hw,abrupt-4xCO2,0.4870633758333333,0.8059904,0.14082043,12
ER,1970,marine_hw,abrupt-4xCO2,0.5145916675000001,0.86531025,0.15713352,12
ER,1971,marine_hw,abrupt-4xCO2,0.48234487416666666,0.7068072,0.23535424,12
ER,1972,marine_hw,abrupt-4xCO2,0.4591867763333333,0.7663284,0.104999796,12
ER,1973,marine_hw,abrupt-4xCO2,0.4992492058333333,0.8166474,0.20534535,12
ER,1974,marine_hw,abrupt-4xCO2,0.49100498666666664,0.74712956,0.22806342,12
ER,1975,marine_hw,abrupt-4xCO2,0.4499410408333333,0.703704,0.18527946,12
ER,1976,marine_hw,abrupt-4xCO2,0.5074220891666666,0.788421,0.22464618,12
ER,1977,marine_hw,abrupt-4xCO2,0.5070511891666667,0.7768995,0.2261226,12
ER,1978,marine_hw,abrupt-4xCO2,0.46846652166666664,0.7082326,0.22762318,12
ER,1979,marine_hw,abrupt-4xCO2,0.4133998716666667,0.70230544,0.1098854,12
ER,1980,marine_hw,abrupt-4xCO2,0.5162613725,0.8611414,0.17861946,12
ER,1981,marine_hw,abrupt-4xCO2,0.45811145166666667,0.70376575,0.17304933,12
ER,1982,marine_hw,abrupt-4xCO2,0.48944532916666666,0.8079553,0.17146017,12
ER,1983,marine_hw,abrupt-4xCO2,0.5036357333333333,0.7907134,0.19046035,12
ER,1984,marine_hw,abrupt-4xCO2,0.5128946783333334,0.7799678,0.21570444,12
ER,1985,marine_hw,abrupt-4xCO2,0.5080061633333334,0.81349325,0.20120063,12
ER,1986,marine_hw,abrupt-4xCO2,0.4718332041666667,0.7345907,0.21779291,12
ER,1987,marine_hw,abrupt-4xCO2,0.46960090666666665,0.75083935,0.1860821,12
ER,1988,marine_hw,abrupt-4xCO2,0.5136939491666667,0.77808064,0.2138361,12
ER,1989,marine_hw,abrupt-4xCO2,0.49661155916666666,0.78247505,0.23437713,12
ER,1990,marine_hw,abrupt-4xCO2,0.4943591325,0.7283522,0.21123761,12
ER,1991,marine_hw,abrupt-4xCO2,0.48574331249999997,0.7948635,0.19756864,12
ER,1992,marine_hw,abrupt-4xCO2,0.49942816166666665,0.7511776,0.21030343,12
ER,1993,marine_hw,abrupt-4xCO2,0.4778854175,0.7464262,0.22633466,12
ER,1994,marine_hw,abrupt-4xCO2,0.4769255225,0.785189,0.18958524,12
ER,1995,marine_hw,abrupt-4xCO2,0.5051969408333333,0.8301929,0.15852135,12
ER,1996,marine_hw,abrupt-4xCO2,0.5135389208333333,0.7757318,0.25259614,12
ER,1997,marine_hw,abrupt-4xCO2,0.455112545,0.7320298,0.1521459,12
ER,1998,marine_hw,abrupt-4xCO2,0.447770915,0.78048855,0.1081137,12
ER,1999,marine_hw,abrupt-4xCO2,0.4955567975,0.74023867,0.20580974,12
ER,2000,marine_hw,abrupt-4xCO2,0.48018371,0.7714126,0.17075148,12
ES,1850,marine_hw,abrupt-4xCO2,0.0,0.0,0.0,12
ES,1851,marine_hw,abrupt-4xCO2,0.0,0.0,0.0,12
ES,1852,marine_hw,abrupt-4xCO2,2.2824389166666667e-06,2.7389267e-05,0.0,12
ES,1853,marine_hw,abrupt-4xCO2,0.016221801083333334,0.14494032,0.0,12
ES,1854,marine_hw,abrupt-4xCO2,0.004413782333333334,0.052965388,0.0,12
ES,1855,marine_hw,abrupt-4xCO2,0.0,0.0,0.0,12
ES,1856,marine_hw,abrupt-4xCO2,0.0003989025,0.00478683,0.0,12
ES,1857,marine_hw,abrupt-4xCO2,0.0,0.0,0.0,12
ES,1858,marine_hw,abrupt-4xCO2,0.0010288311666666666,0.012345974,0.0,12
ES,1859,marine_hw,abrupt-4xCO2,0.0,0.0,0.0,12
ES,1860,marine_hw,abrupt-4xCO2,0.0036081829999999996,0.028662428,0.0,12
ES,1861,marine_hw,abrupt-4xCO2,0.0005321613,0.00453047,0.0,12
ES,1862,marine_hw,abrupt-4xCO2,0.0,0.0,0.0,12
ES,1863,marine_hw,abrupt-4xCO2,0.0010897999166666666,0.013077599,0.0,12
ES,1864,marine_hw,abrupt-4xCO2,0.000615154,0.003852659,0.0,12
ES,1865,marine_hw,abrupt-4xCO2,0.000638653,0.007663836,0.0,12
ES,1866,marine_hw,abrupt-4xCO2,0.0,0.0,0.0,12
ES,1867,marine_hw,abrupt-4xCO2,0.0016285044500000002,0.017345669,0.0,12
ES,1868,marine_hw,abrupt-4xCO2,0.010290003666666667,0.08541844,0.0,12
ES,1869,marine_hw,abrupt-4xCO2,0.0,0.0,0.0,12
ES,1870,marine_hw,abrupt-4xCO2,0.0,0.0,0.0,12
ES,1871,marine_hw,abrupt-4xCO2,0.0,0.0,0.0,12
ES,1872,marine_hw,abrupt-4xCO2,0.0021413925,0.023374159,0.0,12
ES,1873,marine_hw,abrupt-4xCO2,5.490785833333334e-05,0.0006588943,0.0,12
ES,1874,marine_hw,abrupt-4xCO2,0.0,0.0,0.0,12
ES,1875,marine_hw,abrupt-4xCO2,8.678510833333333e-05,0.0010414213,0.0,12
ES,1876,marine_hw,abrupt-4xCO2,0.0002395057866666667,0.0025621338,0.0,12
ES,1877,marine_hw,abrupt-4xCO2,0.0003380456138333333,0.0040244604,0.0,12
ES,1878,marine_hw,abrupt-4xCO2,0.009469615,0.05763771,0.0,12
ES,1879,marine_hw,abrupt-4xCO2,0.0,0.0,0.0,12
ES,1880,marine_hw,abrupt-4xCO2,0.0,0.0,0.0,12
ES,1881,marine_hw,abrupt-4xCO2,0.015044509166666666,0.18053411,0.0,12
ES,1882,marine_hw,abrupt-4xCO2,0.0,0.0,0.0,12
ES,1883,marine_hw,abrupt-4xCO2,0.0,0.0,0.0,12
ES,1884,marine_hw,abrupt-4xCO2,0.0,0.0,0.0,12
ES,1885,marine_hw,abrupt-4xCO2,8.1293975e-05,0.0009755277,0.0,12
ES,1886,marine_hw,abrupt-4xCO2,0.0006035880000000001,0.007243056,0.0,12
ES,1887,marine_hw,abrupt-4xCO2,0.0,0.0,0.0,12
ES,1888,marine_hw,abrupt-4xCO2,0.0,0.0,0.0,12
ES,1889,marine_hw,abrupt-4xCO2,0.00027413385,0.0032896062,0.0,12
ES,1890,marine_hw,abrupt-4xCO2,0.00024057883333333333,0.002886946,0.0,12
ES,1891,marine_hw,abrupt-4xCO2,0.0,0.0,0.0,12
ES,1892,marine_hw,abrupt-4xCO2,0.0020972223333333333,0.025166668,0.0,12
ES,1893,marine_hw,abrupt-4xCO2,0.0025474081666666667,0.030568898,0.0,12
ES,1894,marine_hw,abrupt-4xCO2,0.005503649166666667,0.06604379,0.0,12
ES,1895,marine_hw,abrupt-4xCO2,0.009524970583333334,0.09479572,0.0,12
ES,1896,marine_hw,abrupt-4xCO2,0.0,0.0,0.0,12
ES,1897,marine_hw,abrupt-4xCO2,0.00644443,0.07733316,0.0,12
ES,1898,marine_hw,abrupt-4xCO2,0.0030583388333333336,0.036700066,0.0,12
ES,1899,marine_hw,abrupt-4xCO2,0.0,0.0,0.0,12
ES,1900,marine_hw,abrupt-4xCO2,0.0002902856833333333,0.0034834282,0.0,12
ES,1901,marine_hw,abrupt-4xCO2,0.0,0.0,0.0,12
ES,1902,marine_hw,abrupt-4xCO2,0.0023380248333333335,0.023042636,0.0,12
ES,1903,marine_hw,abrupt-4xCO2,0.0,0.0,0.0,12
ES,1904,marine_hw,abrupt-4xCO2,0.00018459793333333333,0.0022151752,0.0,12
ES,1905,marine_hw,abrupt-4xCO2,0.0,0.0,0.0,12
ES,1906,marine_hw,abrupt-4xCO2,0.0,0.0,0.0,12
ES,1907,marine_hw,abrupt-4xCO2,0.0008374558333333333,0.01004947,0.0,12
ES,1908,marine_hw,abrupt-4xCO2,0.0,0.0,0.0,12
ES,1909,marine_hw,abrupt-4xCO2,0.0,0.0,0.0,12
ES,1910,marine_hw,abrupt-4xCO2,0.0029704141666666664,0.03564497,0.0,12
ES,1911,marine_hw,abrupt-4xCO2,0.0021658211999999997,0.018394597,0.0,12
ES,1912,marine_hw,abrupt-4xCO2,0.0,0.0,0.0,12
ES,1913,marine_hw,abrupt-4xCO2,0.004594644125,0.050230786,0.0,12
ES,1914,marine_hw,abrupt-4xCO2,0.0,0.0,0.0,12
ES,1915,marine_hw,abrupt-4xCO2,0.0,0.0,0.0,12
ES,1916,marine_hw,abrupt-4xCO2,0.0,0.0,0.0,12
ES,1917,marine_hw,abrupt-4xCO2,0.0,0.0,0.0,12
ES,1918,marine_hw,abrupt-4xCO2,0.0,0.0,0.0,12
ES,1919,marine_hw,abrupt-4xCO2,0.001062162475,0.0095972745,0.0,12
ES,1920,marine_hw,abrupt-4xCO2,0.0,0.0,0.0,12
ES,1921,marine_hw,abrupt-4xCO2,0.01622233375,0.1785416,0.0,12
ES,1922,marine_hw,abrupt-4xCO2,0.0,0.0,0.0,12
ES,1923,marine_hw,abrupt-4xCO2,0.0,0.0,0.0,12
ES,1924,marine_hw,abrupt-4xCO2,0.0,0.0,0.0,12
ES,1925,marine_hw,abrupt-4xCO2,0.006704414166666666,0.08045297,0.0,12
ES,1926,marine_hw,abrupt-4xCO2,0.008505569583333334,0.090797976,0.0,12
ES,1927,marine_hw,abrupt-4xCO2,0.0,0.0,0.0,12
ES,1928,marine_hw,abrupt-4xCO2,0.00049067545,0.0058881054,0.0,12
ES,1929,marine_hw,abrupt-4xCO2,0.0,0.0,0.0,12
ES,1930,marine_hw,abrupt-4xCO2,9.217138333333332e-06,0.00011060566,0.0,12
ES,1931,marine_hw,abrupt-4xCO2,0.0,0.0,0.0,12
ES,1932,marine_hw,abrupt-4xCO2,0.0,0.0,0.0,12
ES,1933,marine_hw,abrupt-4xCO2,0.0003922474166666667,0.004706969,0.0,12
ES,1934,marine_hw,abrupt-4xCO2,0.0008682600416666667,0.00872539,0.0,12
ES,1935,marine_hw,abrupt-4xCO2,0.0,0.0,0.0,12
ES,1936,marine_hw,abrupt-4xCO2,0.00078158675,0.009379041,0.0,12
ES,1937,marine_hw,abrupt-4xCO2,0.0008724090000000001,0.010468908,0.0,12
ES,1938,marine_hw,abrupt-4xCO2,0.0,0.0,0.0,12
ES,1939,marine_hw,abrupt-4xCO2,0.0,0.0,0.0,12
ES,1940,marine_hw,abrupt-4xCO2,0.0,0.0,0.0,12
ES,1941,marine_hw,abrupt-4xCO2,0.0,0.0,0.0,12
ES,1942,marine_hw,abrupt-4xCO2,0.0,0.0,0.0,12
ES,1943,marine_hw,abrupt-4xCO2,0.0009370024166666666,0.011244029,0.0,12
ES,1944,marine_hw,abrupt-4xCO2,0.0,0.0,0.0,12
ES,1945,marine_hw,abrupt-4xCO2,0.0,0.0,0.0,12
ES,1946,marine_hw,abrupt-4xCO2,0.004508127916666667,0.036049895,0.0,12
ES,1947,marine_hw,abrupt-4xCO2,0.0,0.0,0.0,12
ES,1948,marine_hw,abrupt-4xCO2,0.0015372908524999998,0.017661758,0.0,12
ES,1949,marine_hw,abrupt-4xCO2,0.0,0.0,0.0,12
ES,1950,marine_hw,abrupt-4xCO2,0.0,0.0,0.0,12
ES,1951,marine_hw,abrupt-4xCO2,0.0003621598,0.0043459176,0.0,12
ES,1952,marine_hw,abrupt-4xCO2,0.0,0.0,0.0,12
ES,1953,marine_hw,abrupt-4xCO2,0.0,0.0,0.0,12
ES,1954,marine_hw,abrupt-4xCO2,0.006219356,0.058475792,0.0,12
ES,1955,marine_hw,abrupt-4xCO2,0.0,0.0,0.0,12
ES,1956,marine_hw,abrupt-4xCO2,0.0,0.0,0.0,12
ES,1957,marine_hw,abrupt-4xCO2,0.007336209166666666,0.08803451,0.0,12
ES,1958,marine_hw,abrupt-4xCO2,0.004543829166666667,0.05452595,0.0,12
ES,1959,marine_hw,abrupt-4xCO2,0.0,0.0,0.0,12
ES,1960,marine_hw,abrupt-4xCO2,0.000142039,0.001704468,0.0,12
ES,1961,marine_hw,abrupt-4xCO2,0.003291479619166667,0.039120052,0.0,12
ES,1962,marine_hw,abrupt-4xCO2,0.0002916278916666667,0.0034995347,0.0,12
ES,1963,marine_hw,abrupt-4xCO2,0.00043844150000000003,0.005261298,0.0,12
ES,1964,marine_hw,abrupt-4xCO2,0.0,0.0,0.0,12
ES,1965,marine_hw,abrupt-4xCO2,0.0,0.0,0.0,12
ES,1966,marine_hw,abrupt-4xCO2,0.003850013,0.046200156,0.0,12
ES,1967,marine_hw,abrupt-4xCO2,0.0,0.0,0.0,12
ES,1968,marine_hw,abrupt-4xCO2,0.0,0.0,0.0,12
ES,1969,marine_hw,abrupt-4xCO2,0.0,0.0,0.0,12
ES,1970,marine_hw,abrupt-4xCO2,0.023242705333333332,0.14271562,0.0,12
ES,1971,marine_hw,abrupt-4xCO2,0.0,0.0,0.0,12
ES,1972,marine_hw,abrupt-4xCO2,0.0004932480000000001,0.005918976,0.0,12
ES,1973,marine_hw,abrupt-4xCO2,0.0,0.0,0.0,12
ES,1974,marine_hw,abrupt-4xCO2,0.012619345833333332,0.09388101,0.0,12
ES,1975,marine_hw,abrupt-4xCO2,0.0,0.0,0.0,12
ES,1976,marine_hw,abrupt-4xCO2,0.00043223379166666665,0.0051868055,0.0,12
ES,1977,marine_hw,abrupt-4xCO2,0.0,0.0,0.0,12
ES,1978,marine_hw,abrupt-4xCO2,0.007925358,0.06378096,0.0,12
ES,1979,marine_hw,abrupt-4xCO2,0.0056289208749999995,0.06538355,0.0,12
ES,1980,marine_hw,abrupt-4xCO2,0.0,0.0,0.0,12
ES,1981,marine_hw,abrupt-4xCO2,0.011430212666666667,0.102938846,0.0,12
ES,1982,marine_hw,abrupt-4xCO2,0.0,0.0,0.0,12
ES,1983,marine_hw,abrupt-4xCO2,0.0,0.0,0.0,12
ES,1984,marine_hw,abrupt-4xCO2,0.0,0.0,0.0,12
ES,1985,marine_hw,abrupt-4xCO2,0.0,0.0,0.0,12
ES,1986,marine_hw,abrupt-4xCO2,0.0082341105,0.085654676,0.0,12
ES,1987,marine_hw,abrupt-4xCO2,0.0029886001666666663,0.035863202,0.0,12
ES,1988,marine_hw,abrupt-4xCO2,0.0025640282499999997,0.030768339,0.0,12
ES,1989,marine_hw,abrupt-4xCO2,0.006043559166666667,0.07252271,0.0,12
ES,1990,marine_hw,abrupt-4xCO2,0.009369566000000001,0.10782379,0.0,12
ES,1991,marine_hw,abrupt-4xCO2,0.0,0.0,0.0,12
ES,1992,marine_hw,abrupt-4xCO2,0.0007655362916666667,0.0091864355,0.0,12
ES,1993,marine_hw,abrupt-4xCO2,0.007187942083333333,0.086255305,0.0,12
ES,1994,marine_hw,abrupt-4xCO2,0.005287275,0.0634473,0.0,12
ES,1995,marine_hw,abrupt-4xCO2,0.0009637903666666666,0.008347686,0.0,12
ES,1996,marine_hw,abrupt-4xCO2,0.0,0.0,0.0,12
ES,1997,marine_hw,abrupt-4xCO2,0.0,0.0,0.0,12
ES,1998,marine_hw,abrupt-4xCO2,0.00242359,0.02908308,0.0,12
ES,1999,marine_hw,abrupt-4xCO2,0.0021564259583333333,0.0144505445,0.0,12
ES,2000,marine_hw,abrupt-4xCO2,0.0,0.0,0.0,12
FI,1850,marine_hw,abrupt-4xCO2,0.0,0.0,0.0,36
FI,1851,marine_hw,abrupt-4xCO2,0.0,0.0,0.0,36
FI,1852,marine_hw,abrupt-4xCO2,0.0,0.0,0.0,36
FI,1853,marine_hw,abrupt-4xCO2,0.0,0.0,0.0,36
FI,1854,marine_hw,abrupt-4xCO2,0.0,0.0,0.0,36
FI,1855,marine_hw,abrupt-4xCO2,0.0,0.0,0.0,36
FI,1856,marine_hw,abrupt-4xCO2,0.0,0.0,0.0,36
FI,1857,marine_hw,abrupt-4xCO2,0.0,0.0,0.0,36
FI,1858,marine_hw,abrupt-4xCO2,0.0,0.0,0.0,36
FI,1859,marine_hw,abrupt-4xCO2,0.0,0.0,0.0,36
FI,1860,marine_hw,abrupt-4xCO2,0.0,0.0,0.0,36
FI,1861,marine_hw,abrupt-4xCO2,0.0,0.0,0.0,36
FI,1862,marine_hw,abrupt-4xCO2,0.0,0.0,0.0,36
FI,1863,marine_hw,abrupt-4xCO2,0.0,0.0,0.0,36
FI,1864,marine_hw,abrupt-4xCO2,0.0,0.0,0.0,36
FI,1865,marine_hw,abrupt-4xCO2,0.0,0.0,0.0,36
FI,1866,marine_hw,abrupt-4xCO2,0.0,0.0,0.0,36
FI,1867,marine_hw,abrupt-4xCO2,0.0,0.0,0.0,36
FI,1868,marine_hw,abrupt-4xCO2,0.0,0.0,0.0,36
FI,1869,marine_hw,abrupt-4xCO2,0.0,0.0,0.0,36
FI,1870,marine_hw,abrupt-4xCO2,0.0,0.0,0.0,36
FI,1871,marine_hw,abrupt-4xCO2,0.0,0.0,0.0,36
FI,1872,marine_hw,abrupt-4xCO2,0.0,0.0,0.0,36
FI,1873,marine_hw,abrupt-4xCO2,0.0,0.0,0.0,36
FI,1874,marine_hw,abrupt-4xCO2,0.0,0.0,0.0,36
FI,1875,marine_hw,abrupt-4xCO2,0.0,0.0,0.0,36
FI,1876,marine_hw,abrupt-4xCO2,0.0,0.0,0.0,36
FI,1877,marine_hw,abrupt-4xCO2,0.0,0.0,0.0,36
FI,1878,marine_hw,abrupt-4xCO2,0.0,0.0,0.0,36
FI,1879,marine_hw,abrupt-4xCO2,0.0,0.0,0.0,36
FI,1880,marine_hw,abrupt-4xCO2,0.0,0.0,0.0,36
FI,1881,marine_hw,abrupt-4xCO2,0.0,0.0,0.0,36
FI,1882,marine_hw,abrupt-4xCO2,0.0,0.0,0.0,36
FI,1883,marine_hw,abrupt-4xCO2,0.0,0.0,0.0,36
FI,1884,marine_hw,abrupt-4xCO2,0.0,0.0,0.0,36
FI,1885,marine_hw,abrupt-4xCO2,0.0,0.0,0.0,36
FI,1886,marine_hw,abrupt-4xCO2,0.0,0.0,0.0,36
FI,1887,marine_hw,abrupt-4xCO2,0.0,0.0,0.0,36
FI,1888,marine_hw,abrupt-4xCO2,0.0,0.0,0.0,36
FI,1889,marine_hw,abrupt-4xCO2,0.0,0.0,0.0,36
FI,1890,marine_hw,abrupt-4xCO2,0.0,0.0,0.0,36
FI,1891,marine_hw,abrupt-4xCO2,0.0,0.0,0.0,36
FI,1892,marine_hw,abrupt-4xCO2,0.0,0.0,0.0,36
FI,1893,marine_hw,abrupt-4xCO2,0.0,0.0,0.0,36
FI,1894,marine_hw,abrupt-4xCO2,0.0,0.0,0.0,36
FI,1895,marine_hw,abrupt-4xCO2,0.0,0.0,0.0,36
FI,1896,marine_hw,abrupt-4xCO2,0.0,0.0,0.0,36
FI,1897,marine_hw,abrupt-4xCO2,0.0,0.0,0.0,36
FI,1898,marine_hw,abrupt-4xCO2,0.0,0.0,0.0,36
FI,1899,marine_hw,abrupt-4xCO2,0.0,0.0,0.0,36
FI,1900,marine_hw,abrupt-4xCO2,0.0,0.0,0.0,36
FI,1901,marine_hw,abrupt-4xCO2,0.0,0.0,0.0,36
FI,1902,marine_hw,abrupt-4xCO2,0.0,0.0,0.0,36
FI,1903,marine_hw,abrupt-4xCO2,0.0,0.0,0.0,36
FI,1904,marine_hw,abrupt-4xCO2,0.0,0.0,0.0,36
FI,1905,marine_hw,abrupt-4xCO2,0.0,0.0,0.0,36
FI,1906,marine_hw,abrupt-4xCO2,0.0,0.0,0.0,36
FI,1907,marine_hw,abrupt-4xCO2,0.0,0.0,0.0,36
FI,1908,marine_hw,abrupt-4xCO2,0.0,0.0,0.0,36
FI,1909,marine_hw,abrupt-4xCO2,0.0,0.0,0.0,36
FI,1910,marine_hw,abrupt-4xCO2,0.0,0.0,0.0,36
FI,1911,marine_hw,abrupt-4xCO2,0.0,0.0,0.0,36
FI,1912,marine_hw,abrupt-4xCO2,0.0,0.0,0.0,36
FI,1913,marine_hw,abrupt-4xCO2,0.0,0.0,0.0,36
FI,1914,marine_hw,abrupt-4xCO2,0.0,0.0,0.0,36
FI,1915,marine_hw,abrupt-4xCO2,0.0,0.0,0.0,36
FI,1916,marine_hw,abrupt-4xCO2,0.0,0.0,0.0,36
FI,1917,marine_hw,abrupt-4xCO2,0.0,0.0,0.0,36
FI,1918,marine_hw,abrupt-4xCO2,0.0,0.0,0.0,36
FI,1919,marine_hw,abrupt-4xCO2,0.0,0.0,0.0,36
FI,1920,marine_hw,abrupt-4xCO2,0.0,0.0,0.0,36
FI,1921,marine_hw,abrupt-4xCO2,0.0,0.0,0.0,36
FI,1922,marine_hw,abrupt-4xCO2,0.0,0.0,0.0,36
FI,1923,marine_hw,abrupt-4xCO2,0.0,0.0,0.0,36
FI,1924,marine_hw,abrupt-4xCO2,0.0,0.0,0.0,36
FI,1925,marine_hw,abrupt-4xCO2,0.0,0.0,0.0,36
FI,1926,marine_hw,abrupt-4xCO2,0.0,0.0,0.0,36
FI,1927,marine_hw,abrupt-4xCO2,0.0,0.0,0.0,36
FI,1928,marine_hw,abrupt-4xCO2,0.0,0.0,0.0,36
FI,1929,marine_hw,abrupt-4xCO2,0.0,0.0,0.0,36
FI,1930,marine_hw,abrupt-4xCO2,0.0,0.0,0.0,36
FI,1931,marine_hw,abrupt-4xCO2,0.0,0.0,0.0,36
FI,1932,marine_hw,abrupt-4xCO2,0.0,0.0,0.0,36
FI,1933,marine_hw,abrupt-4xCO2,0.0,0.0,0.0,36
FI,1934,marine_hw,abrupt-4xCO2,0.0,0.0,0.0,36
FI,1935,marine_hw,abrupt-4xCO2,0.0,0.0,0.0,36
FI,1936,marine_hw,abrupt-4xCO2,0.0,0.0,0.0,36
FI,1937,marine_hw,abrupt-4xCO2,0.0,0.0,0.0,36
FI,1938,marine_hw,abrupt-4xCO2,0.0,0.0,0.0,36
FI,1939,marine_hw,abrupt-4xCO2,0.0,0.0,0.0,36
FI,1940,marine_hw,abrupt-4xCO2,0.0,0.0,0.0,36
FI,1941,marine_hw,abrupt-4xCO2,0.0,0.0,0.0,36
FI,1942,marine_hw,abrupt-4xCO2,0.0,0.0,0.0,36
FI,1943,marine_hw,abrupt-4xCO2,0.0,0.0,0.0,36
FI,1944,marine_hw,abrupt-4xCO2,0.0,0.0,0.0,36
FI,1945,marine_hw,abrupt-4xCO2,0.0,0.0,0.0,36
FI,1946,marine_hw,abrupt-4xCO2,0.0,0.0,0.0,36
FI,1947,marine_hw,abrupt-4xCO2,0.0,0.0,0.0,36
FI,1948,marine_hw,abrupt-4xCO2,0.0,0.0,0.0,36
FI,1949,marine_hw,abrupt-4xCO2,0.0,0.0,0.0,36
FI,1950,marine_hw,abrupt-4xCO2,0.0,0.0,0.0,36
FI,1951,marine_hw,abrupt-4xCO2,0.0,0.0,0.0,36
FI,1952,marine_hw,abrupt-4xCO2,0.0,0.0,0.0,36
FI,1953,marine_hw,abrupt-4xCO2,0.0,0.0,0.0,36
FI,1954,marine_hw,abrupt-4xCO2,0.0,0.0,0.0,36
FI,1955,marine_hw,abrupt-4xCO2,0.0,0.0,0.0,36
FI,1956,marine_hw,abrupt-4xCO2,0.0,0.0,0.0,36
FI,1957,marine_hw,abrupt-4xCO2,0.0,0.0,0.0,36
FI,1958,marine_hw,abrupt-4xCO2,0.0,0.0,0.0,36
FI,1959,marine_hw,abrupt-4xCO2,0.0,0.0,0.0,36
FI,1960,marine_hw,abrupt-4xCO2,0.0,0.0,0.0,36
FI,1961,marine_hw,abrupt-4xCO2,0.0,0.0,0.0,36
FI,1962,marine_hw,abrupt-4xCO2,0.0,0.0,0.0,36
FI,1963,marine_hw,abrupt-4xCO2,0.0,0.0,0.0,36
FI,1964,marine_hw,abrupt-4xCO2,0.0,0.0,0.0,36
FI,1965,marine_hw,abrupt-4xCO2,0.0,0.0,0.0,36
FI,1966,marine_hw,abrupt-4xCO2,0.0,0.0,0.0,36
FI,1967,marine_hw,abrupt-4xCO2,0.0,0.0,0.0,36
FI,1968,marine_hw,abrupt-4xCO2,0.0,0.0,0.0,36
FI,1969,marine_hw,abrupt-4xCO2,0.0,0.0,0.0,36
FI,1970,marine_hw,abrupt-4xCO2,0.0,0.0,0.0,36
FI,1971,marine_hw,abrupt-4xCO2,0.0,0.0,0.0,36
FI,1972,marine_hw,abrupt-4xCO2,0.0,0.0,0.0,36
FI,1973,marine_hw,abrupt-4xCO2,0.0,0.0,0.0,36
FI,1974,marine_hw,abrupt-4xCO2,0.0,0.0,0.0,36
FI,1975,marine_hw,abrupt-4xCO2,0.0,0.0,0.0,36
FI,1976,marine_hw,abrupt-4xCO2,0.0,0.0,0.0,36
FI,1977,marine_hw,abrupt-4xCO2,0.0,0.0,0.0,36
FI,1978,marine_hw,abrupt-4xCO2,0.0,0.0,0.0,36
FI,1979,marine_hw,abrupt-4xCO2,0.0,0.0,0.0,36
FI,1980,marine_hw,abrupt-4xCO2,0.0,0.0,0.0,36
FI,1981,marine_hw,abrupt-4xCO2,0.0,0.0,0.0,36
FI,1982,marine_hw,abrupt-4xCO2,0.0,0.0,0.0,36
FI,1983,marine_hw,abrupt-4xCO2,0.0,0.0,0.0,36
FI,1984,marine_hw,abrupt-4xCO2,0.0,0.0,0.0,36
FI,1985,marine_hw,abrupt-4xCO2,0.0,0.0,0.0,36
FI,1986,marine_hw,abrupt-4xCO2,0.0,0.0,0.0,36
FI,1987,marine_hw,abrupt-4xCO2,0.0,0.0,0.0,36
FI,1988,marine_hw,abrupt-4xCO2,0.0,0.0,0.0,36
FI,1989,marine_hw,abrupt-4xCO2,0.0,0.0,0.0,36
FI,1990,marine_hw,abrupt-4xCO2,0.0,0.0,0.0,36
FI,1991,marine_hw,abrupt-4xCO2,0.0,0.0,0.0,36
FI,1992,marine_hw,abrupt-4xCO2,0.0,0.0,0.0,36
FI,1993,marine_hw,abrupt-4xCO2,0.0,0.0,0.0,36
FI,1994,marine_hw,abrupt-4xCO2,0.0,0.0,0.0,36
FI,1995,marine_hw,abrupt-4xCO2,0.0,0.0,0.0,36
FI,1996,marine_hw,abrupt-4xCO2,0.0,0.0,0.0,36
FI,1997,marine_hw,abrupt-4xCO2,0.0,0.0,0.0,36
FI,1998,marine_hw,abrupt-4xCO2,0.0,0.0,0.0,36
FI,1999,marine_hw,abrupt-4xCO2,0.0,0.0,0.0,36
FI,2000,marine_hw,abrupt-4xCO2,0.0,0.0,0.0,36
FJ,1850,marine_hw,abrupt-4xCO2,0.016229639976842476,0.24016872,0.0,2268
FJ,1851,marine_hw,abrupt-4xCO2,0.03322498978354453,0.32696402,0.0,2268
FJ,1852,marine_hw,abrupt-4xCO2,0.0387059856245194,0.3351146,0.0,2268
FJ,1853,marine_hw,abrupt-4xCO2,0.03962592246455908,0.32752043,0.0,2268
FJ,1854,marine_hw,abrupt-4xCO2,0.03784579914009436,0.31093013,0.0,2268
FJ,1855,marine_hw,abrupt-4xCO2,0.0393056312795194,0.32268316,0.0,2268
FJ,1856,marine_hw,abrupt-4xCO2,0.05178305673061288,0.37155986,0.0,2268
FJ,1857,marine_hw,abrupt-4xCO2,0.055635271651091715,0.36748293,0.0,2268
FJ,1858,marine_hw,abrupt-4xCO2,0.0570525388847134,0.37834406,0.0,2268
FJ,1859,marine_hw,abrupt-4xCO2,0.059021445735974426,0.39076138,0.0,2268
FJ,1860,marine_hw,abrupt-4xCO2,0.05983411118812831,0.43649954,0.0,2268
FJ,1861,marine_hw,abrupt-4xCO2,0.051831464006068785,0.3451649,0.0,2268
FJ,1862,marine_hw,abrupt-4xCO2,0.05234285721971649,0.37687367,0.0,2268
FJ,1863,marine_hw,abrupt-4xCO2,0.061884854961619926,0.3858281,0.0,2268
FJ,1864,marine_hw,abrupt-4xCO2,0.061250095804341716,0.42595923,0.0,2268
FJ,1865,marine_hw,abrupt-4xCO2,0.05803087261863756,0.4059873,0.0,2268
FJ,1866,marine_hw,abrupt-4xCO2,0.06185636859166799,0.43276685,0.0,2268
FJ,1867,marine_hw,abrupt-4xCO2,0.06009394954009877,0.38195586,0.0,2268
FJ,1868,marine_hw,abrupt-4xCO2,0.06119481829110979,0.41902673,0.0,2268
FJ,1869,marine_hw,abrupt-4xCO2,0.0649543386580732,0.42944422,0.0,2268
FJ,1870,marine_hw,abrupt-4xCO2,0.05676713124709435,0.37572005,0.0,2268
FJ,1871,marine_hw,abrupt-4xCO2,0.063499699599903,0.39967763,0.0,2268
FJ,1872,marine_hw,abrupt-4xCO2,0.06775697580183421,0.42307082,0.0,2268
FJ,1873,marine_hw,abrupt-4xCO2,0.06076494940854629,0.38936082,0.0,2268
FJ,1874,marine_hw,abrupt-4xCO2,0.06716354760248809,0.43281114,0.0,2268
FJ,1875,marine_hw,abrupt-4xCO2,0.06918376615126719,0.44940877,0.0,2268
FJ,1876,marine_hw,abrupt-4xCO2,0.06360460431960141,0.40165132,0.0,2268
FJ,1877,marine_hw,abrupt-4xCO2,0.06656310369643166,0.38671735,0.0,2268
FJ,1878,marine_hw,abrupt-4xCO2,0.06608149723341931,0.4154431,0.0,2268
FJ,1879,marine_hw,abrupt-4xCO2,0.06924271872104057,0.4223487,0.0,2268
FJ,1880,marine_hw,abrupt-4xCO2,0.062035252738138445,0.39748177,0.0,2268
FJ,1881,marine_hw,abrupt-4xCO2,0.06811064421930248,0.41875964,0.0,2268
FJ,1882,marine_hw,abrupt-4xCO2,0.06065056202469798,0.39385447,0.0,2268
FJ,1883,marine_hw,abrupt-4xCO2,0.06991344402060846,0.41766512,0.0,2268
FJ,1884,marine_hw,abrupt-4xCO2,0.06695359868445326,0.45840693,0.0,2268
FJ,1885,marine_hw,abrupt-4xCO2,0.06341842313106702,0.39000773,0.0,2268
FJ,1886,marine_hw,abrupt-4xCO2,0.06719165748604498,0.42387748,0.0,2268
FJ,1887,marine_hw,abrupt-4xCO2,0.06973955858638492,0.45044363,0.0,2268
FJ,1888,marine_hw,abrupt-4xCO2,0.07236444425722707,0.44250315,0.0,2268
FJ,1889,marine_hw,abrupt-4xCO2,0.06973361255308731,0.4467405,0.0,2268
FJ,1890,marine_hw,abrupt-4xCO2,0.06817221405929264,0.3853134,0.0,2268
FJ,1891,marine_hw,abrupt-4xCO2,0.07163082581514991,0.43740684,0.0,2268
FJ,1892,marine_hw,abrupt-4xCO2,0.07593903039606394,0.43040794,0.0,2268
FJ,1893,marine_hw,abrupt-4xCO2,0.06678950803265872,0.4019694,0.0,2268
FJ,1894,marine_hw,abrupt-4xCO2,0.06836579165704541,0.414676,0.0,2268
FJ,1895,marine_hw,abrupt-4xCO2,0.07171069043677998,0.43433186,0.0,2268
FJ,1896,marine_hw,abrupt-4xCO2,0.06618101906352866,0.3911795,0.0,2268
FJ,1897,marine_hw,abrupt-4xCO2,0.07649578812270018,0.44847128,0.0,2268
FJ,1898,marine_hw,abrupt-4xCO2,0.08201261404586861,0.44969335,0.0,2268
FJ,1899,marine_hw,abrupt-4xCO2,0.07319919674179454,0.411887,0.0,2268
FJ,1900,marine_hw,abrupt-4xCO2,0.07506457607843033,0.41894495,0.0,2268
FJ,1901,marine_hw,abrupt-4xCO2,0.08058948231862566,0.44927996,0.0,2268
FJ,1902,marine_hw,abrupt-4xCO2,0.06901829564932804,0.4402758,0.0,2268
FJ,1903,marine_hw,abrupt-4xCO2,0.06752598429495149,0.39282638,0.0,2268
FJ,1904,marine_hw,abrupt-4xCO2,0.07876084060768607,0.45846596,0.0,2268
FJ,1905,marine_hw,abrupt-4xCO2,0.07619567020108378,0.45540237,0.0,2268
FJ,1906,marine_hw,abrupt-4xCO2,0.07672407131184039,0.4044612,0.0,2268
FJ,1907,marine_hw,abrupt-4xCO2,0.07376737981059524,0.45270926,0.0,2268
FJ,1908,marine_hw,abrupt-4xCO2,0.07375679197573191,0.44345212,0.0,2268
FJ,1909,marine_hw,abrupt-4xCO2,0.07471139663451234,0.4223165,0.0,2268
FJ,1910,marine_hw,abrupt-4xCO2,0.0731121757633104,0.44274476,0.0,2268
FJ,1911,marine_hw,abrupt-4xCO2,0.07269865020315565,0.46369112,0.0,2268
FJ,1912,marine_hw,abrupt-4xCO2,0.06936841631165785,0.43483654,0.0,2268
FJ,1913,marine_hw,abrupt-4xCO2,0.07293022867736992,0.44442117,0.0,2268
FJ,1914,marine_hw,abrupt-4xCO2,0.07695760994193386,0.44013757,0.0,2268
FJ,1915,marine_hw,abrupt-4xCO2,0.07631286983224868,0.43808734,0.0,2268
FJ,1916,marine_hw,abrupt-4xCO2,0.07828890898526897,0.46586618,0.0,2268
FJ,1917,marine_hw,abrupt-4xCO2,0.07809295589467548,0.46749496,0.0,2268
FJ,1918,marine_hw,abrupt-4xCO2,0.07618907548260141,0.42817184,0.0,2268
FJ,1919,marine_hw,abrupt-4xCO2,0.07499520255276897,0.41000253,0.0,2268
FJ,1920,marine_hw,abrupt-4xCO2,0.08563405295728307,0.45471588,0.0,2268
FJ,1921,marine_hw,abrupt-4xCO2,0.07307183260212875,0.4281383,0.0,2268
FJ,1922,marine_hw,abrupt-4xCO2,0.07855284876734787,0.4532045,0.0,2268
FJ,1923,marine_hw,abrupt-4xCO2,0.0696114143785097,0.41389754,0.0,2268
FJ,1924,marine_hw,abrupt-4xCO2,0.07288676781606204,0.43929264,0.0,2268
FJ,1925,marine_hw,abrupt-4xCO2,0.07589095500905203,0.42610687,0.0,2268
FJ,1926,marine_hw,abrupt-4xCO2,0.07927252037625529,0.46769693,0.0,2268
FJ,1927,marine_hw,abrupt-4xCO2,0.0733337283020873,0.4315018,0.0,2268
FJ,1928,marine_hw,abrupt-4xCO2,0.07616756136002205,0.42549616,0.0,2268
FJ,1929,marine_hw,abrupt-4xCO2,0.07687250982433334,0.459984,0.0,2268
FJ,1930,marine_hw,abrupt-4xCO2,0.07503541038840565,0.4058773,0.0,2268
FJ,1931,marine_hw,abrupt-4xCO2,0.0827357420526455,0.4596498,0.0,2268
FJ,1932,marine_hw,abrupt-4xCO2,0.07421977402652337,0.42139775,0.0,2268
FJ,1933,marine_hw,abrupt-4xCO2,0.07496897205876103,0.41075277,0.0,2268
FJ,1934,marine_hw,abrupt-4xCO2,0.07442671065402116,0.42498547,0.0,2268
FJ,1935,marine_hw,abrupt-4xCO2,0.0783029555222725,0.4560708,0.0,2268
FJ,1936,marine_hw,abrupt-4xCO2,0.07828463969964726,0.4618168,0.0,2268
FJ,1937,marine_hw,abrupt-4xCO2,0.07421304145344727,0.43571365,0.0,2268
FJ,1938,marine_hw,abrupt-4xCO2,0.07312725236179013,0.42556328,0.0,2268
FJ,1939,marine_hw,abrupt-4xCO2,0.07496364123130513,0.42092732,0.0,2268
FJ,1940,marine_hw,abrupt-4xCO2,0.07503340527179013,0.42894363,0.0,2268
FJ,1941,marine_hw,abrupt-4xCO2,0.07952913795255974,0.43427148,0.0,2268
FJ,1942,marine_hw,abrupt-4xCO2,0.08332044717458113,0.44521576,0.0,2268
FJ,1943,marine_hw,abrupt-4xCO2,0.08120426013593474,0.4732228,0.0,2268
FJ,1944,marine_hw,abrupt-4xCO2,0.07544783251222442,0.42799532,0.0,2268
FJ,1945,marine_hw,abrupt-4xCO2,0.08031656586807627,0.43231723,0.0,2268
FJ,1946,marine_hw,abrupt-4xCO2,0.0828818158237037,0.45353204,0.0,2268
FJ,1947,marine_hw,abrupt-4xCO2,0.07718905310386949,0.44494665,0.0,2268
FJ,1948,marine_hw,abrupt-4xCO2,0.08368983632173589,0.44296825,0.0,2268
FJ,1949,marine_hw,abrupt-4xCO2,0.07106664646890652,0.43811888,0.0,2268
FJ,1950,marine_hw,abrupt-4xCO2,0.06872330634248179,0.40280426,0.0,2268
FJ,1951,marine_hw,abrupt-4xCO2,0.08338903707273809,0.42914492,0.0,2268
FJ,1952,marine_hw,abrupt-4xCO2,0.08440177046918872,0.45888317,0.0,2268
FJ,1953,marine_hw,abrupt-4xCO2,0.08294965521535715,0.40515983,0.0,2268
FJ,1954,marine_hw,abrupt-4xCO2,0.08392877038388448,0.48004317,0.0,2268
FJ,1955,marine_hw,abrupt-4xCO2,0.07893783177689154,0.4360546,0.0,2268
FJ,1956,marine_hw,abrupt-4xCO2,0.0858939606903351,0.47250202,0.0,2268
FJ,1957,marine_hw,abrupt-4xCO2,0.08239592864712081,0.43377554,0.0,2268
FJ,1958,marine_hw,abrupt-4xCO2,0.08767443741864198,0.43774372,0.0,2268
FJ,1959,marine_hw,abrupt-4xCO2,0.08826656879120635,0.4980877,0.0,2268
FJ,1960,marine_hw,abrupt-4xCO2,0.08579066571378748,0.440759,0.0,2268
FJ,1961,marine_hw,abrupt-4xCO2,0.08435415566164021,0.45997393,0.0,2268
FJ,1962,marine_hw,abrupt-4xCO2,0.09230735631638624,0.4618416,0.0,2268
FJ,1963,marine_hw,abrupt-4xCO2,0.0884068308573104,0.4626825,0.0,2268
FJ,1964,marine_hw,abrupt-4xCO2,0.08639189271761463,0.46303615,0.0,2268
FJ,1965,marine_hw,abrupt-4xCO2,0.08694803796518077,0.46605343,0.0,2268
FJ,1966,marine_hw,abrupt-4xCO2,0.0824153032271799,0.4636616,0.0,2268
FJ,1967,marine_hw,abrupt-4xCO2,0.07284175336293651,0.43098173,0.0,2268
FJ,1968,marine_hw,abrupt-4xCO2,0.0759753791508201,0.44899875,0.0,2268
FJ,1969,marine_hw,abrupt-4xCO2,0.0880828415703805,0.47058535,0.0,2268
FJ,1970,marine_hw,abrupt-4xCO2,0.08980389836703705,0.48201215,0.0,2268
FJ,1971,marine_hw,abrupt-4xCO2,0.08416521025287699,0.43664515,0.0,2268
FJ,1972,marine_hw,abrupt-4xCO2,0.07663954763777338,0.40414983,0.0,2268
FJ,1973,marine_hw,abrupt-4xCO2,0.0868832363667328,0.46279588,0.0,2268
FJ,1974,marine_hw,abrupt-4xCO2,0.08545120660355379,0.45810425,0.0,2268
FJ,1975,marine_hw,abrupt-4xCO2,0.07916571048885582,0.42047232,0.0,2268
FJ,1976,marine_hw,abrupt-4xCO2,0.0814322061977947,0.48763397,0.0,2268
FJ,1977,marine_hw,abrupt-4xCO2,0.09041128574359568,0.45343807,0.0,2268
FJ,1978,marine_hw,abrupt-4xCO2,0.08171686695773678,0.43490767,0.0,2268
FJ,1979,marine_hw,abrupt-4xCO2,0.07637803775557143,0.42691755,0.0,2268
FJ,1980,marine_hw,abrupt-4xCO2,0.08249043476311155,0.46171945,0.0,2268
FJ,1981,marine_hw,abrupt-4xCO2,0.08561111286432098,0.46829623,0.0,2268
FJ,1982,marine_hw,abrupt-4xCO2,0.08485902495752821,0.43158638,0.0,2268
FJ,1983,marine_hw,abrupt-4xCO2,0.09148087523262786,0.46800095,0.0,2268
FJ,1984,marine_hw,abrupt-4xCO2,0.09281439065707672,0.46064234,0.0,2268
FJ,1985,marine_hw,abrupt-4xCO2,0.08216589021511023,0.4569077,0.0,2268
FJ,1986,marine_hw,abrupt-4xCO2,0.07951408402276014,0.42058036,0.0,2268
FJ,1987,marine_hw,abrupt-4xCO2,0.08394764645943122,0.4398067,0.0,2268
FJ,1988,marine_hw,abrupt-4xCO2,0.09199995809050926,0.5023304,0.0,2268
FJ,1989,marine_hw,abrupt-4xCO2,0.09070199228766755,0.47988546,0.0,2268
FJ,1990,marine_hw,abrupt-4xCO2,0.08154318947197531,0.48426437,0.0,2268
FJ,1991,marine_hw,abrupt-4xCO2,0.08315200161404321,0.44981146,0.0,2268
FJ,1992,marine_hw,abrupt-4xCO2,0.09055111880565185,0.46630442,0.0,2268
FJ,1993,marine_hw,abrupt-4xCO2,0.085562115750265,0.49414298,0.0,2268
FJ,1994,marine_hw,abrupt-4xCO2,0.09111838059156525,0.4481545,0.0,2268
FJ,1995,marine_hw,abrupt-4xCO2,0.0920836133911023,0.4683627,0.0,2268
FJ,1996,marine_hw,abrupt-4xCO2,0.09326462084700353,0.4514006,0.0,2268
FJ,1997,marine_hw,abrupt-4xCO2,0.0883773838473501,0.46222746,0.0,2268
FJ,1998,marine_hw,abrupt-4xCO2,0.08206542005252646,0.4315837,0.0,2268
FJ,1999,marine_hw,abrupt-4xCO2,0.09104175947108907,0.47071153,0.0,2268
FJ,2000,marine_hw,abrupt-4xCO2,0.08699232595423104,0.43851817,0.0,2268
FM,1850,marine_hw,abrupt-4xCO2,0.10137017855572916,0.21357974,0.0,192
FM,1851,marine_hw,abrupt-4xCO2,0.16667088936354166,0.2841023,0.0,192
FM,1852,marine_hw,abrupt-4xCO2,0.19831789128125,0.30441245,0.0,192
FM,1853,marine_hw,abrupt-4xCO2,0.20785038709375,0.32699496,0.012182897,192
FM,1854,marine_hw,abrupt-4xCO2,0.22364790758333333,0.32901028,0.026094003,192
FM,1855,marine_hw,abrupt-4xCO2,0.23783999151041668,0.33094168,0.035801463,192
FM,1856,marine_hw,abrupt-4xCO2,0.23339211318229167,0.3252105,0.0,192
FM,1857,marine_hw,abrupt-4xCO2,0.2599752275208333,0.35829288,0.08183879,192
FM,1858,marine_hw,abrupt-4xCO2,0.28291853197916667,0.39873338,0.06801011,192
FM,1859,marine_hw,abrupt-4xCO2,0.25362717664583334,0.33785605,0.08050129,192
FM,1860,marine_hw,abrupt-4xCO2,0.26383148671875,0.3661669,0.04482092,192
FM,1861,marine_hw,abrupt-4xCO2,0.275698055890625,0.37735075,0.09599431,192
FM,1862,marine_hw,abrupt-4xCO2,0.258950563953125,0.36183435,0.01314257,192
FM,1863,marine_hw,abrupt-4xCO2,0.27392189844270837,0.41070443,0.024510078,192
FM,1864,marine_hw,abrupt-4xCO2,0.30648417091666663,0.3920526,0.08497015,192
FM,1865,marine_hw,abrupt-4xCO2,0.29940656463541665,0.39494434,0.10834456,192
FM,1866,marine_hw,abrupt-4xCO2,0.29410647866666667,0.42298087,0.053519048,192
FM,1867,marine_hw,abrupt-4xCO2,0.3045864831510417,0.3946336,0.0782256,192
FM,1868,marine_hw,abrupt-4xCO2,0.28083131846354165,0.3797701,0.052646615,192
FM,1869,marine_hw,abrupt-4xCO2,0.26556347009895837,0.39211363,0.05273453,192
FM,1870,marine_hw,abrupt-4xCO2,0.29069086857291665,0.39205122,0.10829893,192
FM,1871,marine_hw,abrupt-4xCO2,0.27610335720833334,0.3814982,0.048870336,192
FM,1872,marine_hw,abrupt-4xCO2,0.29029918169270835,0.39940178,0.05582092,192
FM,1873,marine_hw,abrupt-4xCO2,0.2987315803645833,0.3858818,0.07925908,192
FM,1874,marine_hw,abrupt-4xCO2,0.29960059427083335,0.41483977,0.08703445,192
FM,1875,marine_hw,abrupt-4xCO2,0.3062065990625,0.4099676,0.066332355,192
FM,1876,marine_hw,abrupt-4xCO2,0.295107877921875,0.39235455,0.058497936,192
FM,1877,marine_hw,abrupt-4xCO2,0.27606788622395834,0.38526773,0.022717824,192
FM,1878,marine_hw,abrupt-4xCO2,0.29024387715104166,0.3915298,0.08269982,192
FM,1879,marine_hw,abrupt-4xCO2,0.2984671850520833,0.37537843,0.098690115,192
FM,1880,marine_hw,abrupt-4xCO2,0.28951251090625,0.39520943,0.10164161,192
FM,1881,marine_hw,abrupt-4xCO2,0.2536105505,0.3930807,0.029960755,192
FM,1882,marine_hw,abrupt-4xCO2,0.295644557109375,0.3967939,0.11811242,192
FM,1883,marine_hw,abrupt-4xCO2,0.30307531203125,0.42696923,0.07040191,192
FM,1884,marine_hw,abrupt-4xCO2,0.31289317947916667,0.42207423,0.10845193,192
FM,1885,marine_hw,abrupt-4xCO2,0.31064250090625,0.38620728,0.122126944,192
FM,1886,marine_hw,abrupt-4xCO2,0.2960294403697917,0.41360694,0.035403375,192
FM,1887,marine_hw,abrupt-4xCO2,0.30253853354166665,0.41185606,0.08054492,192
FM,1888,marine_hw,abrupt-4xCO2,0.31320180731770836,0.4116601,0.064311005,192
FM,1889,marine_hw,abrupt-4xCO2,0.3005519131354167,0.39733616,0.076250546,192
FM,1890,marine_hw,abrupt-4xCO2,0.29080559982291665,0.40133655,0.026680669,192
FM,1891,marine_hw,abrupt-4xCO2,0.28715093141666664,0.37769774,0.044375982,192
FM,1892,marine_hw,abrupt-4xCO2,0.30029018158854165,0.4351976,0.09536683,192
FM,1893,marine_hw,abrupt-4xCO2,0.30970908578125,0.40056816,0.13242564,192
FM,1894,marine_hw,abrupt-4xCO2,0.2963925452708333,0.40617853,0.033945072,192
FM,1895,marine_hw,abrupt-4xCO2,0.29870277565625,0.4226232,0.077776626,192
FM,1896,marine_hw,abrupt-4xCO2,0.30755067307291667,0.39461416,0.07864033,192
FM,1897,marine_hw,abrupt-4xCO2,0.3176289434375,0.42925364,0.0764814,192
FM,1898,marine_hw,abrupt-4xCO2,0.30961791378125,0.41402772,0.088465236,192
FM,1899,marine_hw,abrupt-4xCO2,0.32803598802083334,0.3935518,0.11291945,192
FM,1900,marine_hw,abrupt-4xCO2,0.308472334453125,0.41587865,0.063113764,192
FM,1901,marine_hw,abrupt-4xCO2,0.31793033552083333,0.41509008,0.09163819,192
FM,1902,marine_hw,abrupt-4xCO2,0.3136460815104167,0.41370493,0.12126323,192
FM,1903,marine_hw,abrupt-4xCO2,0.30841532666666666,0.39992324,0.16391969,192
FM,1904,marine_hw,abrupt-4xCO2,0.3077112190364583,0.39975345,0.048656255,192
FM,1905,marine_hw,abrupt-4xCO2,0.2932727159895833,0.39583287,0.11285905,192
FM,1906,marine_hw,abrupt-4xCO2,0.33384181291666665,0.45013627,0.08316153,192
FM,1907,marine_hw,abrupt-4xCO2,0.30804904817708334,0.41009843,0.08802701,192
FM,1908,marine_hw,abrupt-4xCO2,0.2908482043645833,0.40890926,0.050280318,192
FM,1909,marine_hw,abrupt-4xCO2,0.328877111953125,0.43084416,0.11092225,192
FM,1910,marine_hw,abrupt-4xCO2,0.2977149305416667,0.40184122,0.014324377,192
FM,1911,marine_hw,abrupt-4xCO2,0.280662481015625,0.3899594,0.08075228,192
FM,1912,marine_hw,abrupt-4xCO2,0.31190269458333336,0.39351958,0.11211211,192
FM,1913,marine_hw,abrupt-4xCO2,0.31312367085416665,0.42708063,0.06500358,192
FM,1914,marine_hw,abrupt-4xCO2,0.3198315037708333,0.4538434,0.034004804,192
FM,1915,marine_hw,abrupt-4xCO2,0.32393361380208335,0.416843,0.1113947,192
FM,1916,marine_hw,abrupt-4xCO2,0.30993192091666666,0.41144332,0.06805172,192
FM,1917,marine_hw,abrupt-4xCO2,0.3319136603385417,0.43147832,0.119070075,192
FM,1918,marine_hw,abrupt-4xCO2,0.32493434638020835,0.41812143,0.0704972,192
FM,1919,marine_hw,abrupt-4xCO2,0.3194170814322917,0.44923633,0.0812395,192
FM,1920,marine_hw,abrupt-4xCO2,0.31386985481770835,0.433397,0.098910905,192
FM,1921,marine_hw,abrupt-4xCO2,0.32038770214583334,0.41893816,0.09746536,192
FM,1922,marine_hw,abrupt-4xCO2,0.303672227296875,0.39885283,0.09544601,192
FM,1923,marine_hw,abrupt-4xCO2,0.30938358041666664,0.42953888,0.12141356,192
FM,1924,marine_hw,abrupt-4xCO2,0.3279743015625,0.42189032,0.10543601,192
FM,1925,marine_hw,abrupt-4xCO2,0.285435773609375,0.43007776,0.028033607,192
FM,1926,marine_hw,abrupt-4xCO2,0.29995842148958335,0.40467596,0.060383726,192
FM,1927,marine_hw,abrupt-4xCO2,0.32030826265625,0.43204474,0.07567005,192
FM,1928,marine_hw,abrupt-4xCO2,0.30616984844270834,0.39556375,0.03805556,192
FM,1929,marine_hw,abrupt-4xCO2,0.32034443713541666,0.42394122,0.07270982,192
FM,1930,marine_hw,abrupt-4xCO2,0.30461109802083336,0.43125287,0.106432594,192
FM,1931,marine_hw,abrupt-4xCO2,0.32021570046875,0.45147443,0.03374844,192
FM,1932,marine_hw,abrupt-4xCO2,0.33460613302083336,0.43824506,0.1310868,192
FM,1933,marine_hw,abrupt-4xCO2,0.3269803109895833,0.41948915,0.13842192,192
FM,1934,marine_hw,abrupt-4xCO2,0.31717661309375,0.46144164,0.10774862,192
FM,1935,marine_hw,abrupt-4xCO2,0.31082516695833334,0.43531168,0.056830253,192
FM,1936,marine_hw,abrupt-4xCO2,0.31190590713541666,0.43302724,0.07781555,192
FM,1937,marine_hw,abrupt-4xCO2,0.33836464010416667,0.43291384,0.14227,192
FM,1938,marine_hw,abrupt-4xCO2,0.33500350854166666,0.44481513,0.06989455,192
FM,1939,marine_hw,abrupt-4xCO2,0.32803823364583334,0.4219796,0.09433803,192
FM,1940,marine_hw,abrupt-4xCO2,0.3212935249479167,0.40106142,0.09895117,192
FM,1941,marine_hw,abrupt-4xCO2,0.31592605791145834,0.4214313,0.054571334,192
FM,1942,marine_hw,abrupt-4xCO2,0.3122047231770833,0.41955492,0.10284422,192
FM,1943,marine_hw,abrupt-4xCO2,0.29716438745833335,0.4264592,0.05342912,192
FM,1944,marine_hw,abrupt-4xCO2,0.3340794937604166,0.4253881,0.051503062,192
FM,1945,marine_hw,abrupt-4xCO2,0.32618789947916665,0.40337807,0.06589816,192
FM,1946,marine_hw,abrupt-4xCO2,0.3215972209895833,0.42859733,0.1340732,192
FM,1947,marine_hw,abrupt-4xCO2,0.3249435978645833,0.43553042,0.13884068,192
FM,1948,marine_hw,abrupt-4xCO2,0.3154880708541667,0.410587,0.0732259,192
FM,1949,marine_hw,abrupt-4xCO2,0.2929126183333333,0.400546,0.102716714,192
FM,1950,marine_hw,abrupt-4xCO2,0.3130002629375,0.39875215,0.09329581,192
FM,1951,marine_hw,abrupt-4xCO2,0.3134310835364583,0.43158036,0.046734225,192
FM,1952,marine_hw,abrupt-4xCO2,0.3174392568229167,0.4373303,0.08421852,192
FM,1953,marine_hw,abrupt-4xCO2,0.3087392137291667,0.40481824,0.06925164,192
FM,1954,marine_hw,abrupt-4xCO2,0.3203018255729167,0.4265659,0.07528685,192
FM,1955,marine_hw,abrupt-4xCO2,0.3288086866354167,0.42441836,0.116401784,192
FM,1956,marine_hw,abrupt-4xCO2,0.3186726689375,0.4150223,0.103085816,192
FM,1957,marine_hw,abrupt-4xCO2,0.3266766028125,0.42715847,0.14235926,192
FM,1958,marine_hw,abrupt-4xCO2,0.3228875540833333,0.43374935,0.115569614,192
FM,1959,marine_hw,abrupt-4xCO2,0.319133795875,0.4372847,0.077163234,192
FM,1960,marine_hw,abrupt-4xCO2,0.33632901171875,0.42164204,0.15313041,192
FM,1961,marine_hw,abrupt-4xCO2,0.31963477859375,0.43731153,0.071376346,192
FM,1962,marine_hw,abrupt-4xCO2,0.31933748073958335,0.4478203,0.037339497,192
FM,1963,marine_hw,abrupt-4xCO2,0.32847719098958333,0.44156432,0.08761428,192
FM,1964,marine_hw,abrupt-4xCO2,0.3442594822916667,0.43108776,0.1240087,192
FM,1965,marine_hw,abrupt-4xCO2,0.3232501110416667,0.44655395,0.0793725,192
FM,1966,marine_hw,abrupt-4xCO2,0.30906048341145836,0.44670224,0.11055919,192
FM,1967,marine_hw,abrupt-4xCO2,0.3250047649479167,0.42199636,0.14700729,192
FM,1968,marine_hw,abrupt-4xCO2,0.314846139015625,0.4271739,0.053656623,192
FM,1969,marine_hw,abrupt-4xCO2,0.30321988114583337,0.42090786,0.06463246,192
FM,1970,marine_hw,abrupt-4xCO2,0.3299058194791667,0.44463125,0.08335683,192
FM,1971,marine_hw,abrupt-4xCO2,0.32102858687499997,0.4086992,0.07016836,192
FM,1972,marine_hw,abrupt-4xCO2,0.3162361000572917,0.42696387,0.078494705,192
FM,1973,marine_hw,abrupt-4xCO2,0.31307362003645833,0.44497687,0.056302097,192
FM,1974,marine_hw,abrupt-4xCO2,0.33640967958333334,0.4256183,0.12889767,192
FM,1975,marine_hw,abrupt-4xCO2,0.3237777317708333,0.4112004,0.16911265,192
FM,1976,marine_hw,abrupt-4xCO2,0.31359004776041666,0.4176584,0.08823639,192
FM,1977,marine_hw,abrupt-4xCO2,0.33365693606249996,0.42603773,0.042936474,192
FM,1978,marine_hw,abrupt-4xCO2,0.3269551753125,0.43809202,0.13994263,192
FM,1979,marine_hw,abrupt-4xCO2,0.3092322096666667,0.42666656,0.09958334,192
FM,1980,marine_hw,abrupt-4xCO2,0.33348291036458333,0.46427634,0.07623846,192
FM,1981,marine_hw,abrupt-4xCO2,0.34370787203125003,0.4386155,0.18370572,192
FM,1982,marine_hw,abrupt-4xCO2,0.32558296223958333,0.44916117,0.07584654,192
FM,1983,marine_hw,abrupt-4xCO2,0.31486515604166665,0.44145358,0.08506947,192
FM,1984,marine_hw,abrupt-4xCO2,0.35308769510416665,0.4625899,0.09115903,192
FM,1985,marine_hw,abrupt-4xCO2,0.34857082453125,0.4604457,0.11444351,192
FM,1986,marine_hw,abrupt-4xCO2,0.33419020145833334,0.45279717,0.0689275,192
FM,1987,marine_hw,abrupt-4xCO2,0.3152128,0.4181107,0.08575399,192
FM,1988,marine_hw,abrupt-4xCO2,0.3194207321875,0.4380632,0.04605977,192
FM,1989,marine_hw,abrupt-4xCO2,0.32859629916666666,0.4657991,0.12367718,192
FM,1990,marine_hw,abrupt-4xCO2,0.34038356003125,0.44665194,0.096296296,192
FM,1991,marine_hw,abrupt-4xCO2,0.33004198958333336,0.44170323,0.05791811,192
FM,1992,marine_hw,abrupt-4xCO2,0.32387359119791664,0.44552782,0.10476491,192
FM,1993,marine_hw,abrupt-4xCO2,0.3482557290104167,0.4277873,0.12402615,192
FM,1994,marine_hw,abrupt-4xCO2,0.32207594854166666,0.42628336,0.10081012,192
FM,1995,marine_hw,abrupt-4xCO2,0.3397088179166667,0.46585947,0.08808875,192
FM,1996,marine_hw,abrupt-4xCO2,0.347535430078125,0.45120132,0.10766943,192
FM,1997,marine_hw,abrupt-4xCO2,0.35985212510416664,0.45899343,0.1352221,192
FM,1998,marine_hw,abrupt-4xCO2,0.34573886593750003,0.44119388,0.08122675,192
FM,1999,marine_hw,abrupt-4xCO2,0.3262589234375,0.44211662,0.12898156,192
FM,2000,marine_hw,abrupt-4xCO2,0.3328762677604167,0.43181524,0.15854217,192
FR,1850,marine_hw,abrupt-4xCO2,0.0,0.0,0.0,24
FR,1851,marine_hw,abrupt-4xCO2,0.0,0.0,0.0,24
FR,1852,marine_hw,abrupt-4xCO2,0.0,0.0,0.0,24
FR,1853,marine_hw,abrupt-4xCO2,0.004738874416666667,0.059100583,0.0,24
FR,1854,marine_hw,abrupt-4xCO2,0.002230557916666667,0.05353339,0.0,24
FR,1855,marine_hw,abrupt-4xCO2,0.0,0.0,0.0,24
FR,1856,marine_hw,abrupt-4xCO2,0.0,0.0,0.0,24
FR,1857,marine_hw,abrupt-4xCO2,0.0,0.0,0.0,24
FR,1858,marine_hw,abrupt-4xCO2,0.0,0.0,0.0,24
FR,1859,marine_hw,abrupt-4xCO2,0.0,0.0,0.0,24
FR,1860,marine_hw,abrupt-4xCO2,0.0013533185,0.032479644,0.0,24
FR,1861,marine_hw,abrupt-4xCO2,0.0,0.0,0.0,24
FR,1862,marine_hw,abrupt-4xCO2,0.0,0.0,0.0,24
FR,1863,marine_hw,abrupt-4xCO2,0.00011681683333333333,0.002803604,0.0,24
FR,1864,marine_hw,abrupt-4xCO2,0.0,0.0,0.0,24
FR,1865,marine_hw,abrupt-4xCO2,0.0,0.0,0.0,24
FR,1866,marine_hw,abrupt-4xCO2,0.00013387395416666667,0.0032129749,0.0,24
FR,1867,marine_hw,abrupt-4xCO2,0.0,0.0,0.0,24
FR,1868,marine_hw,abrupt-4xCO2,0.006162245979166667,0.081381105,0.0,24
FR,1869,marine_hw,abrupt-4xCO2,0.0,0.0,0.0,24
FR,1870,marine_hw,abrupt-4xCO2,0.0,0.0,0.0,24
FR,1871,marine_hw,abrupt-4xCO2,0.0,0.0,0.0,24
FR,1872,marine_hw,abrupt-4xCO2,0.000742002375,0.017808057,0.0,24
FR,1873,marine_hw,abrupt-4xCO2,0.0,0.0,0.0,24
FR,1874,marine_hw,abrupt-4xCO2,0.0,0.0,0.0,24
FR,1875,marine_hw,abrupt-4xCO2,0.001116588,0.026798112,0.0,24
FR,1876,marine_hw,abrupt-4xCO2,0.0,0.0,0.0,24
FR,1877,marine_hw,abrupt-4xCO2,0.0,0.0,0.0,24
FR,1878,marine_hw,abrupt-4xCO2,0.0008334956666666667,0.020003896,0.0,24
FR,1879,marine_hw,abrupt-4xCO2,0.000330953625,0.007942887,0.0,24
FR,1880,marine_hw,abrupt-4xCO2,0.001205229125,0.028925499,0.0,24
FR,1881,marine_hw,abrupt-4xCO2,0.011968689999999999,0.18419227,0.0,24
FR,1882,marine_hw,abrupt-4xCO2,0.0,0.0,0.0,24
FR,1883,marine_hw,abrupt-4xCO2,0.0,0.0,0.0,24
FR,1884,marine_hw,abrupt-4xCO2,0.0,0.0,0.0,24
FR,1885,marine_hw,abrupt-4xCO2,0.0,0.0,0.0,24
FR,1886,marine_hw,abrupt-4xCO2,0.0,0.0,0.0,24
FR,1887,marine_hw,abrupt-4xCO2,0.0,0.0,0.0,24
FR,1888,marine_hw,abrupt-4xCO2,0.0,0.0,0.0,24
FR,1889,marine_hw,abrupt-4xCO2,0.0,0.0,0.0,24
FR,1890,marine_hw,abrupt-4xCO2,0.0,0.0,0.0,24
FR,1891,marine_hw,abrupt-4xCO2,0.0,0.0,0.0,24
FR,1892,marine_hw,abrupt-4xCO2,0.0,0.0,0.0,24
FR,1893,marine_hw,abrupt-4xCO2,0.0011945474166666667,0.028669138,0.0,24
FR,1894,marine_hw,abrupt-4xCO2,0.00021021157499999998,0.0050450778,0.0,24
FR,1895,marine_hw,abrupt-4xCO2,0.002919319708333333,0.0490491,0.0,24
FR,1896,marine_hw,abrupt-4xCO2,0.0,0.0,0.0,24
FR,1897,marine_hw,abrupt-4xCO2,0.0031030333333333334,0.0744728,0.0,24
FR,1898,marine_hw,abrupt-4xCO2,0.001531831125,0.036763947,0.0,24
FR,1899,marine_hw,abrupt-4xCO2,0.0,0.0,0.0,24
FR,1900,marine_hw,abrupt-4xCO2,0.0006892650833333334,0.016542362,0.0,24
FR,1901,marine_hw,abrupt-4xCO2,0.0,0.0,0.0,24
FR,1902,marine_hw,abrupt-4xCO2,0.00024617135416666664,0.0059081125,0.0,24
FR,1903,marine_hw,abrupt-4xCO2,0.0,0.0,0.0,24
FR,1904,marine_hw,abrupt-4xCO2,0.0,0.0,0.0,24
FR,1905,marine_hw,abrupt-4xCO2,0.0007464659,0.015053863,0.0,24
FR,1906,marine_hw,abrupt-4xCO2,0.0,0.0,0.0,24
FR,1907,marine_hw,abrupt-4xCO2,0.0008242120833333333,0.01978109,0.0,24
FR,1908,marine_hw,abrupt-4xCO2,0.0,0.0,0.0,24
FR,1909,marine_hw,abrupt-4xCO2,0.0,0.0,0.0,24
FR,1910,marine_hw,abrupt-4xCO2,0.0007524044166666667,0.018057706,0.0,24
FR,1911,marine_hw,abrupt-4xCO2,0.0,0.0,0.0,24
FR,1912,marine_hw,abrupt-4xCO2,0.0,0.0,0.0,24
FR,1913,marine_hw,abrupt-4xCO2,0.000416518875,0.009996453,0.0,24
FR,1914,marine_hw,abrupt-4xCO2,0.0,0.0,0.0,24
FR,1915,marine_hw,abrupt-4xCO2,0.0,0.0,0.0,24
FR,1916,marine_hw,abrupt-4xCO2,0.0,0.0,0.0,24
FR,1917,marine_hw,abrupt-4xCO2,0.0,0.0,0.0,24
FR,1918,marine_hw,abrupt-4xCO2,0.0,0.0,0.0,24
FR,1919,marine_hw,abrupt-4xCO2,0.0017414834583333334,0.031502523,0.0,24
FR,1920,marine_hw,abrupt-4xCO2,0.0,0.0,0.0,24
FR,1921,marine_hw,abrupt-4xCO2,0.010404290095833333,0.12531132,0.0,24
FR,1922,marine_hw,abrupt-4xCO2,0.0,0.0,0.0,24
FR,1923,marine_hw,abrupt-4xCO2,0.0,0.0,0.0,24
FR,1924,marine_hw,abrupt-4xCO2,0.0,0.0,0.0,24
FR,1925,marine_hw,abrupt-4xCO2,0.00444577175,0.06357951,0.0,24
FR,1926,marine_hw,abrupt-4xCO2,0.00230793725,0.036567986,0.0,24
FR,1927,marine_hw,abrupt-4xCO2,0.0,0.0,0.0,24
FR,1928,marine_hw,abrupt-4xCO2,0.0,0.0,0.0,24
FR,1929,marine_hw,abrupt-4xCO2,0.0,0.0,0.0,24
FR,1930,marine_hw,abrupt-4xCO2,8.443625416666667e-05,0.0020264701,0.0,24
FR,1931,marine_hw,abrupt-4xCO2,0.0,0.0,0.0,24
FR,1932,marine_hw,abrupt-4xCO2,0.0,0.0,0.0,24
FR,1933,marine_hw,abrupt-4xCO2,0.0,0.0,0.0,24
FR,1934,marine_hw,abrupt-4xCO2,0.0,0.0,0.0,24
FR,1935,marine_hw,abrupt-4xCO2,0.0,0.0,0.0,24
FR,1936,marine_hw,abrupt-4xCO2,0.0,0.0,0.0,24
FR,1937,marine_hw,abrupt-4xCO2,0.0,0.0,0.0,24
FR,1938,marine_hw,abrupt-4xCO2,0.0,0.0,0.0,24
FR,1939,marine_hw,abrupt-4xCO2,0.0013843009583333335,0.033223223,0.0,24
FR,1940,marine_hw,abrupt-4xCO2,0.0,0.0,0.0,24
FR,1941,marine_hw,abrupt-4xCO2,0.0012634365416666668,0.015679328,0.0,24
FR,1942,marine_hw,abrupt-4xCO2,0.0,0.0,0.0,24
FR,1943,marine_hw,abrupt-4xCO2,0.00230476,0.03147031,0.0,24
FR,1944,marine_hw,abrupt-4xCO2,0.0,0.0,0.0,24
FR,1945,marine_hw,abrupt-4xCO2,0.0009205149999999999,0.02209236,0.0,24
FR,1946,marine_hw,abrupt-4xCO2,0.004167757541666667,0.06544113,0.0,24
FR,1947,marine_hw,abrupt-4xCO2,0.0,0.0,0.0,24
FR,1948,marine_hw,abrupt-4xCO2,0.004594206916666666,0.067051776,0.0,24
FR,1949,marine_hw,abrupt-4xCO2,0.0,0.0,0.0,24
FR,1950,marine_hw,abrupt-4xCO2,0.0,0.0,0.0,24
FR,1951,marine_hw,abrupt-4xCO2,0.0,0.0,0.0,24
FR,1952,marine_hw,abrupt-4xCO2,1.90040125e-05,0.0004560963,0.0,24
FR,1953,marine_hw,abrupt-4xCO2,0.0,0.0,0.0,24
FR,1954,marine_hw,abrupt-4xCO2,0.005304164166666667,0.073305085,0.0,24
FR,1955,marine_hw,abrupt-4xCO2,0.0,0.0,0.0,24
FR,1956,marine_hw,abrupt-4xCO2,0.0,0.0,0.0,24
FR,1957,marine_hw,abrupt-4xCO2,0.006494101249999999,0.15585843,0.0,24
FR,1958,marine_hw,abrupt-4xCO2,0.0009578728750000001,0.022988949,0.0,24
FR,1959,marine_hw,abrupt-4xCO2,0.0,0.0,0.0,24
FR,1960,marine_hw,abrupt-4xCO2,0.0,0.0,0.0,24
FR,1961,marine_hw,abrupt-4xCO2,0.0038340291250000005,0.07328655,0.0,24
FR,1962,marine_hw,abrupt-4xCO2,0.0,0.0,0.0,24
FR,1963,marine_hw,abrupt-4xCO2,0.0006215399166666667,0.014916958,0.0,24
FR,1964,marine_hw,abrupt-4xCO2,0.0,0.0,0.0,24
FR,1965,marine_hw,abrupt-4xCO2,0.0,0.0,0.0,24
FR,1966,marine_hw,abrupt-4xCO2,0.00013851573333333335,0.0033243776,0.0,24
FR,1967,marine_hw,abrupt-4xCO2,0.0,0.0,0.0,24
FR,1968,marine_hw,abrupt-4xCO2,0.0017816480416666667,0.042759553,0.0,24
FR,1969,marine_hw,abrupt-4xCO2,0.0,0.0,0.0,24
FR,1970,marine_hw,abrupt-4xCO2,0.006046054879166666,0.08465901,0.0,24
FR,1971,marine_hw,abrupt-4xCO2,0.00010641477916666667,0.0025539547,0.0,24
FR,1972,marine_hw,abrupt-4xCO2,0.0,0.0,0.0,24
FR,1973,marine_hw,abrupt-4xCO2,0.0,0.0,0.0,24
FR,1974,marine_hw,abrupt-4xCO2,0.011100611708333333,0.1333645,0.0,24
FR,1975,marine_hw,abrupt-4xCO2,0.0,0.0,0.0,24
FR,1976,marine_hw,abrupt-4xCO2,0.00011961307499999999,0.0028707138,0.0,24
FR,1977,marine_hw,abrupt-4xCO2,0.0,0.0,0.0,24
FR,1978,marine_hw,abrupt-4xCO2,0.0029737454166666667,0.07136989,0.0,24
FR,1979,marine_hw,abrupt-4xCO2,0.0033238915,0.079773396,0.0,24
FR,1980,marine_hw,abrupt-4xCO2,0.0,0.0,0.0,24
FR,1981,marine_hw,abrupt-4xCO2,0.006442528083333334,0.09516684,0.0,24
FR,1982,marine_hw,abrupt-4xCO2,0.0,0.0,0.0,24
FR,1983,marine_hw,abrupt-4xCO2,0.0,0.0,0.0,24
FR,1984,marine_hw,abrupt-4xCO2,0.0,0.0,0.0,24
FR,1985,marine_hw,abrupt-4xCO2,0.0,0.0,0.0,24
FR,1986,marine_hw,abrupt-4xCO2,0.005372493904166667,0.10458505,0.0,24
FR,1987,marine_hw,abrupt-4xCO2,0.0,0.0,0.0,24
FR,1988,marine_hw,abrupt-4xCO2,0.0,0.0,0.0,24
FR,1989,marine_hw,abrupt-4xCO2,0.0047707515,0.0721575,0.0,24
FR,1990,marine_hw,abrupt-4xCO2,0.0012252502499999999,0.029406006,0.0,24
FR,1991,marine_hw,abrupt-4xCO2,0.0,0.0,0.0,24
FR,1992,marine_hw,abrupt-4xCO2,0.00012190600000000001,0.002925744,0.0,24
FR,1993,marine_hw,abrupt-4xCO2,0.00019807585833333334,0.0047538206,0.0,24
FR,1994,marine_hw,abrupt-4xCO2,0.002387126975,0.056024514,0.0,24
FR,1995,marine_hw,abrupt-4xCO2,0.0,0.0,0.0,24
FR,1996,marine_hw,abrupt-4xCO2,0.0,0.0,0.0,24
FR,1997,marine_hw,abrupt-4xCO2,0.0,0.0,0.0,24
FR,1998,marine_hw,abrupt-4xCO2,0.0018461295833333332,0.04430711,0.0,24
FR,1999,marine_hw,abrupt-4xCO2,0.0,0.0,0.0,24
FR,2000,marine_hw,abrupt-4xCO2,0.0,0.0,0.0,24
GA,1850,marine_hw,abrupt-4xCO2,0.1876653255,0.28253257,0.10043229,12
GA,1851,marine_hw,abrupt-4xCO2,0.27424333,0.42641422,0.17235273,12
GA,1852,marine_hw,abrupt-4xCO2,0.247600575,0.35676417,0.10731442,12
GA,1853,marine_hw,abrupt-4xCO2,0.28626490916666664,0.4197254,0.17236145,12
GA,1854,marine_hw,abrupt-4xCO2,0.27249284749999997,0.37168938,0.17331173,12
GA,1855,marine_hw,abrupt-4xCO2,0.280425695,0.37464356,0.18761286,12
GA,1856,marine_hw,abrupt-4xCO2,0.35018676750000005,0.47503608,0.23127934,12
GA,1857,marine_hw,abrupt-4xCO2,0.3561237941666667,0.49039018,0.21528634,12
GA,1858,marine_hw,abrupt-4xCO2,0.34525768333333334,0.46213824,0.2190868,12
GA,1859,marine_hw,abrupt-4xCO2,0.373483575,0.48395166,0.22791511,12
GA,1860,marine_hw,abrupt-4xCO2,0.3702727691666667,0.5022975,0.26543966,12
GA,1861,marine_hw,abrupt-4xCO2,0.33119530166666666,0.4377169,0.22352074,12
GA,1862,marine_hw,abrupt-4xCO2,0.3493105633333333,0.44253337,0.21677284,12
GA,1863,marine_hw,abrupt-4xCO2,0.3710188033333333,0.5133573,0.23153166,12
GA,1864,marine_hw,abrupt-4xCO2,0.3629353866666667,0.46022022,0.24905074,12
GA,1865,marine_hw,abrupt-4xCO2,0.37687531916666667,0.507616,0.2365515,12
GA,1866,marine_hw,abrupt-4xCO2,0.40616400083333337,0.5399006,0.29663104,12
GA,1867,marine_hw,abrupt-4xCO2,0.3672952475,0.4664413,0.26571548,12
GA,1868,marine_hw,abrupt-4xCO2,0.3603938275,0.47601724,0.22278455,12
GA,1869,marine_hw,abrupt-4xCO2,0.43047693166666673,0.5657681,0.30186427,12
GA,1870,marine_hw,abrupt-4xCO2,0.3629254591666667,0.460237,0.27252245,12
GA,1871,marine_hw,abrupt-4xCO2,0.38960651249999995,0.47522065,0.27583164,12
GA,1872,marine_hw,abrupt-4xCO2,0.419668085,0.5641105,0.29610288,12
GA,1873,marine_hw,abrupt-4xCO2,0.39634849666666666,0.4980441,0.30901417,12
GA,1874,marine_hw,abrupt-4xCO2,0.412102775,0.5122405,0.27551153,12
GA,1875,marine_hw,abrupt-4xCO2,0.42094301083333335,0.5680686,0.2830708,12
GA,1876,marine_hw,abrupt-4xCO2,0.3947106733333334,0.51156676,0.30553788,12
GA,1877,marine_hw,abrupt-4xCO2,0.3820562408333334,0.4687459,0.29966843,12
GA,1878,marine_hw,abrupt-4xCO2,0.392558295,0.5207602,0.25836158,12
GA,1879,marine_hw,abrupt-4xCO2,0.38691660083333335,0.50249016,0.27098632,12
GA,1880,marine_hw,abrupt-4xCO2,0.38033168666666667,0.4853019,0.26069567,12
GA,1881,marine_hw,abrupt-4xCO2,0.42353442,0.58234566,0.28268224,12
GA,1882,marine_hw,abrupt-4xCO2,0.3764926708333333,0.4632999,0.29304335,12
GA,1883,marine_hw,abrupt-4xCO2,0.4017471575,0.513168,0.22926,12
GA,1884,marine_hw,abrupt-4xCO2,0.4471672166666667,0.58731174,0.33970487,12
GA,1885,marine_hw,abrupt-4xCO2,0.37372046416666665,0.46988606,0.24923462,12
GA,1886,marine_hw,abrupt-4xCO2,0.40224561166666667,0.5311709,0.25297332,12
GA,1887,marine_hw,abrupt-4xCO2,0.43099205083333336,0.5624213,0.30785918,12
GA,1888,marine_hw,abrupt-4xCO2,0.4266172,0.5263095,0.32905385,12
GA,1889,marine_hw,abrupt-4xCO2,0.3974588241666667,0.52007425,0.26687112,12
GA,1890,marine_hw,abrupt-4xCO2,0.3871121516666667,0.48337114,0.29402384,12
GA,1891,marine_hw,abrupt-4xCO2,0.4440651416666667,0.6108902,0.30475742,12
GA,1892,marine_hw,abrupt-4xCO2,0.42034126833333335,0.5506449,0.30340245,12
GA,1893,marine_hw,abrupt-4xCO2,0.36827969666666666,0.46229124,0.26932332,12
GA,1894,marine_hw,abrupt-4xCO2,0.4135613708333333,0.5469069,0.27381095,12
GA,1895,marine_hw,abrupt-4xCO2,0.41771056916666666,0.5736287,0.26318544,12
GA,1896,marine_hw,abrupt-4xCO2,0.38612294249999995,0.48808897,0.29950336,12
GA,1897,marine_hw,abrupt-4xCO2,0.45181274583333336,0.54544586,0.34874457,12
GA,1898,marine_hw,abrupt-4xCO2,0.44743651083333336,0.5865749,0.3041386,12
GA,1899,marine_hw,abrupt-4xCO2,0.3976400791666666,0.51203316,0.27715573,12
GA,1900,marine_hw,abrupt-4xCO2,0.42609141916666665,0.58565485,0.28339225,12
GA,1901,marine_hw,abrupt-4xCO2,0.44317351666666666,0.5809705,0.30477816,12
GA,1902,marine_hw,abrupt-4xCO2,0.40882676333333334,0.52971464,0.2951452,12
GA,1903,marine_hw,abrupt-4xCO2,0.3688170808333333,0.44324073,0.283399,12
GA,1904,marine_hw,abrupt-4xCO2,0.4315646833333333,0.543044,0.27939987,12
GA,1905,marine_hw,abrupt-4xCO2,0.4366842533333333,0.54974896,0.3470695,12
GA,1906,marine_hw,abrupt-4xCO2,0.40207806083333336,0.51952666,0.29002273,12
GA,1907,marine_hw,abrupt-4xCO2,0.39735956749999995,0.54182935,0.27473843,12
GA,1908,marine_hw,abrupt-4xCO2,0.414033085,0.5480564,0.2880262,12
GA,1909,marine_hw,abrupt-4xCO2,0.41420467333333333,0.5147102,0.28646386,12
GA,1910,marine_hw,abrupt-4xCO2,0.43902300749999995,0.56975514,0.2857787,12
GA,1911,marine_hw,abrupt-4xCO2,0.4402705658333333,0.5776956,0.32463467,12
GA,1912,marine_hw,abrupt-4xCO2,0.3673249941666667,0.4675399,0.2601608,12
GA,1913,marine_hw,abrupt-4xCO2,0.400248205,0.5350472,0.25779048,12
GA,1914,marine_hw,abrupt-4xCO2,0.45452948,0.60019755,0.32323408,12
GA,1915,marine_hw,abrupt-4xCO2,0.41666060499999996,0.4990883,0.31297302,12
GA,1916,marine_hw,abrupt-4xCO2,0.44648757666666666,0.5919383,0.3240407,12
GA,1917,marine_hw,abrupt-4xCO2,0.45727924000000003,0.5744736,0.32935452,12
GA,1918,marine_hw,abrupt-4xCO2,0.4073883641666667,0.52783555,0.29096025,12
GA,1919,marine_hw,abrupt-4xCO2,0.4199160608333334,0.5171208,0.2637431,12
GA,1920,marine_hw,abrupt-4xCO2,0.4575932141666667,0.5652037,0.33818954,12
GA,1921,marine_hw,abrupt-4xCO2,0.4050793341666667,0.52032864,0.29503113,12
GA,1922,marine_hw,abrupt-4xCO2,0.4300567041666667,0.5866507,0.27395055,12
GA,1923,marine_hw,abrupt-4xCO2,0.43668489083333334,0.5583854,0.32363474,12
GA,1924,marine_hw,abrupt-4xCO2,0.40584576583333337,0.49284574,0.3300088,12
GA,1925,marine_hw,abrupt-4xCO2,0.3935786433333333,0.50479734,0.2546141,12
GA,1926,marine_hw,abrupt-4xCO2,0.4504491391666667,0.5603993,0.3287304,12
GA,1927,marine_hw,abrupt-4xCO2,0.4174131783333333,0.5525521,0.31703448,12
GA,1928,marine_hw,abrupt-4xCO2,0.4106205983333333,0.5274879,0.27984148,12
GA,1929,marine_hw,abrupt-4xCO2,0.45182142499999994,0.602541,0.31206965,12
GA,1930,marine_hw,abrupt-4xCO2,0.4013103866666667,0.4768937,0.2986054,12
GA,1931,marine_hw,abrupt-4xCO2,0.4540716258333333,0.5905653,0.32030472,12
GA,1932,marine_hw,abrupt-4xCO2,0.43865123916666665,0.5375571,0.34825867,12
GA,1933,marine_hw,abrupt-4xCO2,0.42284211,0.5486638,0.3046433,12
GA,1934,marine_hw,abrupt-4xCO2,0.412108475,0.509534,0.30591908,12
GA,1935,marine_hw,abrupt-4xCO2,0.449605185,0.5916914,0.3170029,12
GA,1936,marine_hw,abrupt-4xCO2,0.45398499,0.58234835,0.32568294,12
GA,1937,marine_hw,abrupt-4xCO2,0.4298415158333333,0.55465674,0.32889616,12
GA,1938,marine_hw,abrupt-4xCO2,0.4193112716666667,0.5099561,0.32647347,12
GA,1939,marine_hw,abrupt-4xCO2,0.45074951166666666,0.5870413,0.31952828,12
GA,1940,marine_hw,abrupt-4xCO2,0.42200121166666665,0.5163201,0.3128106,12
GA,1941,marine_hw,abrupt-4xCO2,0.45049316333333334,0.58079207,0.32347566,12
GA,1942,marine_hw,abrupt-4xCO2,0.4613597008333333,0.56400985,0.34937203,12
GA,1943,marine_hw,abrupt-4xCO2,0.45638998583333334,0.6063851,0.34665275,12
GA,1944,marine_hw,abrupt-4xCO2,0.4146557066666667,0.5250894,0.30710626,12
GA,1945,marine_hw,abrupt-4xCO2,0.4396922475,0.53735507,0.3085847,12
GA,1946,marine_hw,abrupt-4xCO2,0.44902521833333336,0.5388758,0.34987736,12
GA,1947,marine_hw,abrupt-4xCO2,0.4377462625,0.5182348,0.3437972,12
GA,1948,marine_hw,abrupt-4xCO2,0.4411972041666667,0.5962723,0.28053606,12
GA,1949,marine_hw,abrupt-4xCO2,0.4341670725,0.5420273,0.34373686,12
GA,1950,marine_hw,abrupt-4xCO2,0.38505965000000003,0.47200137,0.29880944,12
GA,1951,marine_hw,abrupt-4xCO2,0.43677269,0.56401455,0.30316287,12
GA,1952,marine_hw,abrupt-4xCO2,0.4518539675,0.5722785,0.32722443,12
GA,1953,marine_hw,abrupt-4xCO2,0.43079384249999997,0.5247827,0.31989872,12
GA,1954,marine_hw,abrupt-4xCO2,0.47528407250000004,0.6144625,0.36395907,12
GA,1955,marine_hw,abrupt-4xCO2,0.43286546750000005,0.5383476,0.32464135,12
GA,1956,marine_hw,abrupt-4xCO2,0.4578174575,0.5888828,0.34072155,12
GA,1957,marine_hw,abrupt-4xCO2,0.44694105333333334,0.54477143,0.36942446,12
GA,1958,marine_hw,abrupt-4xCO2,0.43401782583333337,0.5462411,0.29620826,12
GA,1959,marine_hw,abrupt-4xCO2,0.4627114075,0.5728281,0.3484768,12
GA,1960,marine_hw,abrupt-4xCO2,0.43354956083333335,0.53782886,0.32509166,12
GA,1961,marine_hw,abrupt-4xCO2,0.44917392333333334,0.5360391,0.34901637,12
GA,1962,marine_hw,abrupt-4xCO2,0.4460302266666667,0.53014815,0.32764655,12
GA,1963,marine_hw,abrupt-4xCO2,0.4652343016666667,0.59394765,0.34670305,12
GA,1964,marine_hw,abrupt-4xCO2,0.43333362249999996,0.5256202,0.3206517,12
GA,1965,marine_hw,abrupt-4xCO2,0.46436929666666665,0.5799518,0.34768757,12
GA,1966,marine_hw,abrupt-4xCO2,0.47681406416666666,0.6057865,0.35522804,12
GA,1967,marine_hw,abrupt-4xCO2,0.40981711666666665,0.51989573,0.33181944,12
GA,1968,marine_hw,abrupt-4xCO2,0.4156536675,0.50076544,0.32482457,12
GA,1969,marine_hw,abrupt-4xCO2,0.4743870416666667,0.611609,0.3326543,12
GA,1970,marine_hw,abrupt-4xCO2,0.47518424499999995,0.5939966,0.36265177,12
GA,1971,marine_hw,abrupt-4xCO2,0.44169798,0.55559623,0.34286773,12
GA,1972,marine_hw,abrupt-4xCO2,0.41946597916666667,0.51044333,0.30618817,12
GA,1973,marine_hw,abrupt-4xCO2,0.484871365,0.6283268,0.3477943,12
GA,1974,marine_hw,abrupt-4xCO2,0.45275726833333335,0.59261215,0.3294075,12
GA,1975,marine_hw,abrupt-4xCO2,0.4295964966666667,0.50819314,0.32634467,12
GA,1976,marine_hw,abrupt-4xCO2,0.47799298,0.64648336,0.33363008,12
GA,1977,marine_hw,abrupt-4xCO2,0.47413112,0.60822326,0.34827143,12
GA,1978,marine_hw,abrupt-4xCO2,0.42039437916666667,0.5274913,0.34199733,12
GA,1979,marine_hw,abrupt-4xCO2,0.4246610558333333,0.5433306,0.32379782,12
GA,1980,marine_hw,abrupt-4xCO2,0.49132061583333336,0.62522155,0.3855322,12
GA,1981,marine_hw,abrupt-4xCO2,0.45508167166666663,0.5931074,0.3484258,12
GA,1982,marine_hw,abrupt-4xCO2,0.4532248458333333,0.5309877,0.3287478,12
GA,1983,marine_hw,abrupt-4xCO2,0.4895863166666667,0.62686974,0.37642807,12
GA,1984,marine_hw,abrupt-4xCO2,0.4857345516666667,0.6111103,0.35720378,12
GA,1985,marine_hw,abrupt-4xCO2,0.4581627366666667,0.5687612,0.35608634,12
GA,1986,marine_hw,abrupt-4xCO2,0.42163211166666664,0.53374326,0.31464806,12
GA,1987,marine_hw,abrupt-4xCO2,0.43041803166666665,0.541028,0.2910844,12
GA,1988,marine_hw,abrupt-4xCO2,0.49219366416666666,0.61869174,0.38705826,12
GA,1989,marine_hw,abrupt-4xCO2,0.4770491141666667,0.60958624,0.35632396,12
GA,1990,marine_hw,abrupt-4xCO2,0.44899545916666667,0.5601054,0.3525725,12
GA,1991,marine_hw,abrupt-4xCO2,0.4798038691666667,0.6107694,0.37400874,12
GA,1992,marine_hw,abrupt-4xCO2,0.4697684641666667,0.58595145,0.36142427,12
GA,1993,marine_hw,abrupt-4xCO2,0.4370010641666667,0.54485667,0.33532792,12
GA,1994,marine_hw,abrupt-4xCO2,0.44735043999999996,0.5603845,0.30590633,12
GA,1995,marine_hw,abrupt-4xCO2,0.48807664666666667,0.6141853,0.35957813,12
GA,1996,marine_hw,abrupt-4xCO2,0.4794924891666667,0.62144995,0.3492076,12
GA,1997,marine_hw,abrupt-4xCO2,0.45612690250000004,0.5861233,0.37404364,12
GA,1998,marine_hw,abrupt-4xCO2,0.44544982000000005,0.53357816,0.3427469,12
GA,1999,marine_hw,abrupt-4xCO2,0.4605604616666667,0.5789089,0.3442046,12
GA,2000,marine_hw,abrupt-4xCO2,0.44190401333333335,0.5218091,0.328321,12
GB,1850,marine_hw,abrupt-4xCO2,0.0,0.0,0.0,12
GB,1851,marine_hw,abrupt-4xCO2,0.0,0.0,0.0,12
GB,1852,marine_hw,abrupt-4xCO2,0.0,0.0,0.0,12
GB,1853,marine_hw,abrupt-4xCO2,0.0,0.0,0.0,12
GB,1854,marine_hw,abrupt-4xCO2,0.0,0.0,0.0,12
GB,1855,marine_hw,abrupt-4xCO2,0.0,0.0,0.0,12
GB,1856,marine_hw,abrupt-4xCO2,0.0,0.0,0.0,12
GB,1857,marine_hw,abrupt-4xCO2,0.0,0.0,0.0,12
GB,1858,marine_hw,abrupt-4xCO2,0.0,0.0,0.0,12
GB,1859,marine_hw,abrupt-4xCO2,0.0,0.0,0.0,12
GB,1860,marine_hw,abrupt-4xCO2,0.0,0.0,0.0,12
GB,1861,marine_hw,abrupt-4xCO2,0.0,0.0,0.0,12
GB,1862,marine_hw,abrupt-4xCO2,0.0,0.0,0.0,12
GB,1863,marine_hw,abrupt-4xCO2,0.0,0.0,0.0,12
GB,1864,marine_hw,abrupt-4xCO2,0.0,0.0,0.0,12
GB,1865,marine_hw,abrupt-4xCO2,0.0,0.0,0.0,12
GB,1866,marine_hw,abrupt-4xCO2,0.0,0.0,0.0,12
GB,1867,marine_hw,abrupt-4xCO2,0.0,0.0,0.0,12
GB,1868,marine_hw,abrupt-4xCO2,0.0,0.0,0.0,12
GB,1869,marine_hw,abrupt-4xCO2,0.0,0.0,0.0,12
GB,1870,marine_hw,abrupt-4xCO2,0.0,0.0,0.0,12
GB,1871,marine_hw,abrupt-4xCO2,0.0,0.0,0.0,12
GB,1872,marine_hw,abrupt-4xCO2,0.0,0.0,0.0,12
GB,1873,marine_hw,abrupt-4xCO2,0.0,0.0,0.0,12
GB,1874,marine_hw,abrupt-4xCO2,0.0,0.0,0.0,12
GB,1875,marine_hw,abrupt-4xCO2,0.0,0.0,0.0,12
GB,1876,marine_hw,abrupt-4xCO2,0.0,0.0,0.0,12
GB,1877,marine_hw,abrupt-4xCO2,0.0,0.0,0.0,12
GB,1878,marine_hw,abrupt-4xCO2,0.0,0.0,0.0,12
GB,1879,marine_hw,abrupt-4xCO2,0.0,0.0,0.0,12
GB,1880,marine_hw,abrupt-4xCO2,0.0,0.0,0.0,12
GB,1881,marine_hw,abrupt-4xCO2,0.0,0.0,0.0,12
GB,1882,marine_hw,abrupt-4xCO2,0.0,0.0,0.0,12
GB,1883,marine_hw,abrupt-4xCO2,0.0,0.0,0.0,12
GB,1884,marine_hw,abrupt-4xCO2,0.0,0.0,0.0,12
GB,1885,marine_hw,abrupt-4xCO2,0.0,0.0,0.0,12
GB,1886,marine_hw,abrupt-4xCO2,0.0,0.0,0.0,12
GB,1887,marine_hw,abrupt-4xCO2,0.0,0.0,0.0,12
GB,1888,marine_hw,abrupt-4xCO2,0.0,0.0,0.0,12
GB,1889,marine_hw,abrupt-4xCO2,0.0,0.0,0.0,12
GB,1890,marine_hw,abrupt-4xCO2,0.0,0.0,0.0,12
GB,1891,marine_hw,abrupt-4xCO2,0.0,0.0,0.0,12
GB,1892,marine_hw,abrupt-4xCO2,0.0,0.0,0.0,12
GB,1893,marine_hw,abrupt-4xCO2,0.0,0.0,0.0,12
GB,1894,marine_hw,abrupt-4xCO2,0.0,0.0,0.0,12
GB,1895,marine_hw,abrupt-4xCO2,0.0,0.0,0.0,12
GB,1896,marine_hw,abrupt-4xCO2,0.0,0.0,0.0,12
GB,1897,marine_hw,abrupt-4xCO2,0.0,0.0,0.0,12
GB,1898,marine_hw,abrupt-4xCO2,0.0,0.0,0.0,12
GB,1899,marine_hw,abrupt-4xCO2,0.0,0.0,0.0,12
GB,1900,marine_hw,abrupt-4xCO2,0.0,0.0,0.0,12
GB,1901,marine_hw,abrupt-4xCO2,0.0,0.0,0.0,12
GB,1902,marine_hw,abrupt-4xCO2,0.0,0.0,0.0,12
GB,1903,marine_hw,abrupt-4xCO2,0.0,0.0,0.0,12
GB,1904,marine_hw,abrupt-4xCO2,0.0,0.0,0.0,12
GB,1905,marine_hw,abrupt-4xCO2,0.0,0.0,0.0,12
GB,1906,marine_hw,abrupt-4xCO2,0.0,0.0,0.0,12
GB,1907,marine_hw,abrupt-4xCO2,0.0,0.0,0.0,12
GB,1908,marine_hw,abrupt-4xCO2,0.0,0.0,0.0,12
GB,1909,marine_hw,abrupt-4xCO2,0.0,0.0,0.0,12
GB,1910,marine_hw,abrupt-4xCO2,0.0,0.0,0.0,12
GB,1911,marine_hw,abrupt-4xCO2,0.0,0.0,0.0,12
GB,1912,marine_hw,abrupt-4xCO2,0.0,0.0,0.0,12
GB,1913,marine_hw,abrupt-4xCO2,0.0,0.0,0.0,12
GB,1914,marine_hw,abrupt-4xCO2,0.0,0.0,0.0,12
GB,1915,marine_hw,abrupt-4xCO2,0.0,0.0,0.0,12
GB,1916,marine_hw,abrupt-4xCO2,0.0,0.0,0.0,12
GB,1917,marine_hw,abrupt-4xCO2,0.0,0.0,0.0,12
GB,1918,marine_hw,abrupt-4xCO2,0.0,0.0,0.0,12
GB,1919,marine_hw,abrupt-4xCO2,0.0,0.0,0.0,12
GB,1920,marine_hw,abrupt-4xCO2,0.0,0.0,0.0,12
GB,1921,marine_hw,abrupt-4xCO2,0.0,0.0,0.0,12
GB,1922,marine_hw,abrupt-4xCO2,0.0,0.0,0.0,12
GB,1923,marine_hw,abrupt-4xCO2,0.0,0.0,0.0,12
GB,1924,marine_hw,abrupt-4xCO2,0.0,0.0,0.0,12
GB,1925,marine_hw,abrupt-4xCO2,0.0,0.0,0.0,12
GB,1926,marine_hw,abrupt-4xCO2,0.0,0.0,0.0,12
GB,1927,marine_hw,abrupt-4xCO2,0.0,0.0,0.0,12
GB,1928,marine_hw,abrupt-4xCO2,0.0,0.0,0.0,12
GB,1929,marine_hw,abrupt-4xCO2,0.0,0.0,0.0,12
GB,1930,marine_hw,abrupt-4xCO2,0.0,0.0,0.0,12
GB,1931,marine_hw,abrupt-4xCO2,0.0,0.0,0.0,12
GB,1932,marine_hw,abrupt-4xCO2,0.0,0.0,0.0,12
GB,1933,marine_hw,abrupt-4xCO2,0.0,0.0,0.0,12
GB,1934,marine_hw,abrupt-4xCO2,0.0,0.0,0.0,12
GB,1935,marine_hw,abrupt-4xCO2,0.0,0.0,0.0,12
GB,1936,marine_hw,abrupt-4xCO2,0.0,0.0,0.0,12
GB,1937,marine_hw,abrupt-4xCO2,0.0,0.0,0.0,12
GB,1938,marine_hw,abrupt-4xCO2,0.0,0.0,0.0,12
GB,1939,marine_hw,abrupt-4xCO2,0.0,0.0,0.0,12
GB,1940,marine_hw,abrupt-4xCO2,0.0,0.0,0.0,12
GB,1941,marine_hw,abrupt-4xCO2,0.0,0.0,0.0,12
GB,1942,marine_hw,abrupt-4xCO2,0.0,0.0,0.0,12
GB,1943,marine_hw,abrupt-4xCO2,0.0,0.0,0.0,12
GB,1944,marine_hw,abrupt-4xCO2,0.0,0.0,0.0,12
GB,1945,marine_hw,abrupt-4xCO2,0.0,0.0,0.0,12
GB,1946,marine_hw,abrupt-4xCO2,0.0,0.0,0.0,12
GB,1947,marine_hw,abrupt-4xCO2,0.0,0.0,0.0,12
GB,1948,marine_hw,abrupt-4xCO2,0.0,0.0,0.0,12
GB,1949,marine_hw,abrupt-4xCO2,0.0,0.0,0.0,12
GB,1950,marine_hw,abrupt-4xCO2,0.0,0.0,0.0,12
GB,1951,marine_hw,abrupt-4xCO2,0.0,0.0,0.0,12
GB,1952,marine_hw,abrupt-4xCO2,0.0,0.0,0.0,12
GB,1953,marine_hw,abrupt-4xCO2,0.0,0.0,0.0,12
GB,1954,marine_hw,abrupt-4xCO2,0.0,0.0,0.0,12
GB,1955,marine_hw,abrupt-4xCO2,0.0,0.0,0.0,12
GB,1956,marine_hw,abrupt-4xCO2,0.0,0.0,0.0,12
GB,1957,marine_hw,abrupt-4xCO2,0.0,0.0,0.0,12
GB,1958,marine_hw,abrupt-4xCO2,0.0,0.0,0.0,12
GB,1959,marine_hw,abrupt-4xCO2,0.0,0.0,0.0,12
GB,1960,marine_hw,abrupt-4xCO2,0.0,0.0,0.0,12
GB,1961,marine_hw,abrupt-4xCO2,0.0,0.0,0.0,12
GB,1962,marine_hw,abrupt-4xCO2,0.0,0.0,0.0,12
GB,1963,marine_hw,abrupt-4xCO2,0.0,0.0,0.0,12
GB,1964,marine_hw,abrupt-4xCO2,0.0,0.0,0.0,12
GB,1965,marine_hw,abrupt-4xCO2,0.0,0.0,0.0,12
GB,1966,marine_hw,abrupt-4xCO2,0.0,0.0,0.0,12
GB,1967,marine_hw,abrupt-4xCO2,0.0,0.0,0.0,12
GB,1968,marine_hw,abrupt-4xCO2,0.0,0.0,0.0,12
GB,1969,marine_hw,abrupt-4xCO2,0.0,0.0,0.0,12
GB,1970,marine_hw,abrupt-4xCO2,0.0,0.0,0.0,12
GB,1971,marine_hw,abrupt-4xCO2,0.0,0.0,0.0,12
GB,1972,marine_hw,abrupt-4xCO2,0.0,0.0,0.0,12
GB,1973,marine_hw,abrupt-4xCO2,0.0,0.0,0.0,12
GB,1974,marine_hw,abrupt-4xCO2,0.0,0.0,0.0,12
GB,1975,marine_hw,abrupt-4xCO2,0.0,0.0,0.0,12
GB,1976,marine_hw,abrupt-4xCO2,0.0,0.0,0.0,12
GB,1977,marine_hw,abrupt-4xCO2,0.0,0.0,0.0,12
GB,1978,marine_hw,abrupt-4xCO2,0.0,0.0,0.0,12
GB,1979,marine_hw,abrupt-4xCO2,0.0,0.0,0.0,12
GB,1980,marine_hw,abrupt-4xCO2,0.0,0.0,0.0,12
GB,1981,marine_hw,abrupt-4xCO2,0.0,0.0,0.0,12
GB,1982,marine_hw,abrupt-4xCO2,0.0,0.0,0.0,12
GB,1983,marine_hw,abrupt-4xCO2,0.0,0.0,0.0,12
GB,1984,marine_hw,abrupt-4xCO2,0.0,0.0,0.0,12
GB,1985,marine_hw,abrupt-4xCO2,0.0,0.0,0.0,12
GB,1986,marine_hw,abrupt-4xCO2,0.0,0.0,0.0,12
GB,1987,marine_hw,abrupt-4xCO2,0.0,0.0,0.0,12
GB,1988,marine_hw,abrupt-4xCO2,0.0,0.0,0.0,12
GB,1989,marine_hw,abrupt-4xCO2,0.0,0.0,0.0,12
GB,1990,marine_hw,abrupt-4xCO2,0.0,0.0,0.0,12
GB,1991,marine_hw,abrupt-4xCO2,0.0,0.0,0.0,12
GB,1992,marine_hw,abrupt-4xCO2,0.0,0.0,0.0,12
GB,1993,marine_hw,abrupt-4xCO2,0.0,0.0,0.0,12
GB,1994,marine_hw,abrupt-4xCO2,0.0,0.0,0.0,12
GB,1995,marine_hw,abrupt-4xCO2,0.0,0.0,0.0,12
GB,1996,marine_hw,abrupt-4xCO2,0.0,0.0,0.0,12
GB,1997,marine_hw,abrupt-4xCO2,0.0,0.0,0.0,12
GB,1998,marine_hw,abrupt-4xCO2,0.0,0.0,0.0,12
GB,1999,marine_hw,abrupt-4xCO2,0.0,0.0,0.0,12
GB,2000,marine_hw,abrupt-4xCO2,0.0,0.0,0.0,12
GQ,1850,marine_hw,abrupt-4xCO2,0.16629310386111112,0.30866185,0.012376845,36
GQ,1851,marine_hw,abrupt-4xCO2,0.24088382570833333,0.42816716,0.0057505295,36
GQ,1852,marine_hw,abrupt-4xCO2,0.21388067041666667,0.36238325,0.0,36
GQ,1853,marine_hw,abrupt-4xCO2,0.23883571055277775,0.41277683,0.0015561549,36
GQ,1854,marine_hw,abrupt-4xCO2,0.23530599323333334,0.40154123,0.0067961034,36
GQ,1855,marine_hw,abrupt-4xCO2,0.2454375592222222,0.39966285,0.028009992,36
GQ,1856,marine_hw,abrupt-4xCO2,0.3039099691666667,0.4480129,0.02491769,36
GQ,1857,marine_hw,abrupt-4xCO2,0.31460408250000005,0.48486102,0.023498314,36
GQ,1858,marine_hw,abrupt-4xCO2,0.3048908461111111,0.4484082,0.036998034,36
GQ,1859,marine_hw,abrupt-4xCO2,0.3412723536944445,0.49003518,0.054971978,36
GQ,1860,marine_hw,abrupt-4xCO2,0.32892496875,0.53380364,0.07924096,36
GQ,1861,marine_hw,abrupt-4xCO2,0.2953927415,0.4481129,0.053897,36
GQ,1862,marine_hw,abrupt-4xCO2,0.3147230401111111,0.451508,0.07358158,36
GQ,1863,marine_hw,abrupt-4xCO2,0.3236953959444444,0.5176006,0.03663174,36
GQ,1864,marine_hw,abrupt-4xCO2,0.31046819694444444,0.44006038,0.04522035,36
GQ,1865,marine_hw,abrupt-4xCO2,0.3427825315,0.51401156,0.065909564,36
GQ,1866,marine_hw,abrupt-4xCO2,0.3601143491666667,0.51699793,0.12250343,36
GQ,1867,marine_hw,abrupt-4xCO2,0.3242190113888889,0.4765944,0.08956315,36
GQ,1868,marine_hw,abrupt-4xCO2,0.3290873793888889,0.4838141,0.036460485,36
GQ,1869,marine_hw,abrupt-4xCO2,0.38161987416666665,0.5575035,0.09213078,36
GQ,1870,marine_hw,abrupt-4xCO2,0.3207609344444444,0.48742458,0.08027177,36
GQ,1871,marine_hw,abrupt-4xCO2,0.34978504625,0.47874996,0.09535073,36
GQ,1872,marine_hw,abrupt-4xCO2,0.37840157694444443,0.5616858,0.11961031,36
GQ,1873,marine_hw,abrupt-4xCO2,0.3583801816666667,0.50217736,0.16114,36
GQ,1874,marine_hw,abrupt-4xCO2,0.3743514597222222,0.49639854,0.12253698,36
GQ,1875,marine_hw,abrupt-4xCO2,0.37488704638888887,0.5511173,0.07500566,36
GQ,1876,marine_hw,abrupt-4xCO2,0.34121139083333335,0.5218889,0.12718032,36
GQ,1877,marine_hw,abrupt-4xCO2,0.3392266211111111,0.47947943,0.14769852,36
GQ,1878,marine_hw,abrupt-4xCO2,0.3435195613888889,0.52535987,0.07900206,36
GQ,1879,marine_hw,abrupt-4xCO2,0.33531365055555556,0.48660114,0.07002005,36
GQ,1880,marine_hw,abrupt-4xCO2,0.3521636776388889,0.49330276,0.09142277,36
GQ,1881,marine_hw,abrupt-4xCO2,0.3665881870833333,0.55769753,0.08743979,36
GQ,1882,marine_hw,abrupt-4xCO2,0.3255832452777778,0.4439306,0.08949672,36
GQ,1883,marine_hw,abrupt-4xCO2,0.3679244188888889,0.5257209,0.05144736,36
GQ,1884,marine_hw,abrupt-4xCO2,0.38341117319444445,0.56607014,0.117396355,36
GQ,1885,marine_hw,abrupt-4xCO2,0.3355876870555556,0.4598464,0.10450587,36
GQ,1886,marine_hw,abrupt-4xCO2,0.36285296361111113,0.53583646,0.06284868,36
GQ,1887,marine_hw,abrupt-4xCO2,0.3845472657222222,0.5617127,0.1014678,36
GQ,1888,marine_hw,abrupt-4xCO2,0.3798608375,0.52272844,0.1459463,36
GQ,1889,marine_hw,abrupt-4xCO2,0.3484790147222222,0.5159088,0.10635877,36
GQ,1890,marine_hw,abrupt-4xCO2,0.3503483118055556,0.47435224,0.114234805,36
GQ,1891,marine_hw,abrupt-4xCO2,0.39523721349999996,0.58663064,0.11256778,36
GQ,1892,marine_hw,abrupt-4xCO2,0.3754274762777778,0.55099386,0.101951666,36
GQ,1893,marine_hw,abrupt-4xCO2,0.32122290569444445,0.4864864,0.061288495,36
GQ,1894,marine_hw,abrupt-4xCO2,0.3693322196111111,0.5433655,0.0958319,36
GQ,1895,marine_hw,abrupt-4xCO2,0.353276255,0.5475424,0.04868121,36
GQ,1896,marine_hw,abrupt-4xCO2,0.34047267541666665,0.46455353,0.120045185,36
GQ,1897,marine_hw,abrupt-4xCO2,0.42148053583333334,0.5332755,0.1956862,36
GQ,1898,marine_hw,abrupt-4xCO2,0.3936407302777778,0.57335424,0.11792182,36
GQ,1899,marine_hw,abrupt-4xCO2,0.3510055761111111,0.4875031,0.12558779,36
GQ,1900,marine_hw,abrupt-4xCO2,0.37141726844444445,0.5635743,0.09181873,36
GQ,1901,marine_hw,abrupt-4xCO2,0.40356061277777777,0.55946785,0.14822936,36
GQ,1902,marine_hw,abrupt-4xCO2,0.36193009555555555,0.5510194,0.11505623,36
GQ,1903,marine_hw,abrupt-4xCO2,0.33194982683333335,0.45827872,0.093819946,36
GQ,1904,marine_hw,abrupt-4xCO2,0.39379451,0.537902,0.13291085,36
GQ,1905,marine_hw,abrupt-4xCO2,0.39196529472222225,0.56307566,0.15742746,36
GQ,1906,marine_hw,abrupt-4xCO2,0.36234001555555556,0.5213822,0.12371812,36
GQ,1907,marine_hw,abrupt-4xCO2,0.35161604930555557,0.53120714,0.0758848,36
GQ,1908,marine_hw,abrupt-4xCO2,0.37410718833333334,0.55331653,0.10846536,36
GQ,1909,marine_hw,abrupt-4xCO2,0.37821886638888885,0.53197354,0.14454368,36
GQ,1910,marine_hw,abrupt-4xCO2,0.40070006722222223,0.5632857,0.08749147,36
GQ,1911,marine_hw,abrupt-4xCO2,0.39297429194444444,0.57174695,0.11196716,36
GQ,1912,marine_hw,abrupt-4xCO2,0.3234244611111111,0.47123164,0.079342306,36
GQ,1913,marine_hw,abrupt-4xCO2,0.3605765321111111,0.518224,0.06913353,36
GQ,1914,marine_hw,abrupt-4xCO2,0.3986149177777778,0.5953697,0.1272293,36
GQ,1915,marine_hw,abrupt-4xCO2,0.3794735561111111,0.51708055,0.16737048,36
GQ,1916,marine_hw,abrupt-4xCO2,0.40778552805555557,0.5883527,0.17168565,36
GQ,1917,marine_hw,abrupt-4xCO2,0.4150206952777778,0.5959791,0.1341913,36
GQ,1918,marine_hw,abrupt-4xCO2,0.3630483677777778,0.5050618,0.12316111,36
GQ,1919,marine_hw,abrupt-4xCO2,0.38226887986111113,0.508928,0.122106805,36
GQ,1920,marine_hw,abrupt-4xCO2,0.40884252249999997,0.5503583,0.13758707,36
GQ,1921,marine_hw,abrupt-4xCO2,0.36091963250000003,0.5113419,0.10042155,36
GQ,1922,marine_hw,abrupt-4xCO2,0.3857374030555556,0.5583679,0.1226967,36
GQ,1923,marine_hw,abrupt-4xCO2,0.3918986565277778,0.5461673,0.0905792,36
GQ,1924,marine_hw,abrupt-4xCO2,0.36065260694444445,0.4901298,0.14933668,36
GQ,1925,marine_hw,abrupt-4xCO2,0.36074633666666667,0.4940611,0.06338489,36
GQ,1926,marine_hw,abrupt-4xCO2,0.415866275,0.5782365,0.16249695,36
GQ,1927,marine_hw,abrupt-4xCO2,0.3771552472222222,0.5600141,0.14752539,36
GQ,1928,marine_hw,abrupt-4xCO2,0.3644939194444444,0.5217453,0.08920613,36
GQ,1929,marine_hw,abrupt-4xCO2,0.3919983022222222,0.5902163,0.12100755,36
GQ,1930,marine_hw,abrupt-4xCO2,0.35480654305555553,0.46720302,0.116276965,36
GQ,1931,marine_hw,abrupt-4xCO2,0.40605498055555556,0.55831957,0.131723,36
GQ,1932,marine_hw,abrupt-4xCO2,0.40309942944444443,0.5651205,0.19565533,36
GQ,1933,marine_hw,abrupt-4xCO2,0.3786658411111111,0.54642236,0.11840502,36
GQ,1934,marine_hw,abrupt-4xCO2,0.36906129711111113,0.5108433,0.124755636,36
GQ,1935,marine_hw,abrupt-4xCO2,0.40398820488888887,0.5640273,0.107868746,36
GQ,1936,marine_hw,abrupt-4xCO2,0.4091265286111111,0.5851354,0.14733009,36
GQ,1937,marine_hw,abrupt-4xCO2,0.37732348000000004,0.54507077,0.13900712,36
GQ,1938,marine_hw,abrupt-4xCO2,0.36719262,0.4793828,0.15677783,36
GQ,1939,marine_hw,abrupt-4xCO2,0.4009178338888889,0.57414687,0.12528983,36
GQ,1940,marine_hw,abrupt-4xCO2,0.37870115944444444,0.516298,0.12621595,36
GQ,1941,marine_hw,abrupt-4xCO2,0.40961611166666667,0.56065506,0.13805482,36
GQ,1942,marine_hw,abrupt-4xCO2,0.42319669083333333,0.5795579,0.17386338,36
GQ,1943,marine_hw,abrupt-4xCO2,0.404170225,0.5911256,0.12479725,36
GQ,1944,marine_hw,abrupt-4xCO2,0.3697289125,0.51729256,0.10202481,36
GQ,1945,marine_hw,abrupt-4xCO2,0.41700100444444443,0.5445111,0.15329483,36
GQ,1946,marine_hw,abrupt-4xCO2,0.40252503166666664,0.55158913,0.15966491,36
GQ,1947,marine_hw,abrupt-4xCO2,0.3999966888888889,0.5087152,0.1899248,36
GQ,1948,marine_hw,abrupt-4xCO2,0.4010250977777778,0.57652724,0.0808308,36
GQ,1949,marine_hw,abrupt-4xCO2,0.3792554175,0.550718,0.1321478,36
GQ,1950,marine_hw,abrupt-4xCO2,0.3563069369444445,0.4925082,0.13313296,36
GQ,1951,marine_hw,abrupt-4xCO2,0.40232031611111113,0.54775584,0.13489461,36
GQ,1952,marine_hw,abrupt-4xCO2,0.40227322694444445,0.5598538,0.1302365,36
GQ,1953,marine_hw,abrupt-4xCO2,0.3953206572222222,0.53277147,0.17456803,36
GQ,1954,marine_hw,abrupt-4xCO2,0.41998418111111113,0.60983324,0.1355919,36
GQ,1955,marine_hw,abrupt-4xCO2,0.38749302916666667,0.5368571,0.16483037,36
GQ,1956,marine_hw,abrupt-4xCO2,0.4245354902777778,0.5999593,0.18424663,36
GQ,1957,marine_hw,abrupt-4xCO2,0.40333468333333333,0.54093474,0.21061951,36
GQ,1958,marine_hw,abrupt-4xCO2,0.3996372372222222,0.54477346,0.1319901,36
GQ,1959,marine_hw,abrupt-4xCO2,0.41878474972222224,0.5628012,0.18094146,36
GQ,1960,marine_hw,abrupt-4xCO2,0.39028670972222224,0.5372739,0.15353106,36
GQ,1961,marine_hw,abrupt-4xCO2,0.41222006916666665,0.5156249,0.20060739,36
GQ,1962,marine_hw,abrupt-4xCO2,0.3997262088888889,0.5312655,0.16077425,36
GQ,1963,marine_hw,abrupt-4xCO2,0.41539391722222224,0.5892788,0.1326055,36
GQ,1964,marine_hw,abrupt-4xCO2,0.39209210055555554,0.51030374,0.15844285,36
GQ,1965,marine_hw,abrupt-4xCO2,0.4213745841666667,0.57863647,0.17369895,36
GQ,1966,marine_hw,abrupt-4xCO2,0.43026031777777773,0.59341747,0.17342246,36
GQ,1967,marine_hw,abrupt-4xCO2,0.36331947333333336,0.5083334,0.13864473,36
GQ,1968,marine_hw,abrupt-4xCO2,0.3774982327777778,0.50937223,0.1619292,36
GQ,1969,marine_hw,abrupt-4xCO2,0.4235528430555556,0.5896687,0.16933078,36
GQ,1970,marine_hw,abrupt-4xCO2,0.42897425027777775,0.5794109,0.17092463,36
GQ,1971,marine_hw,abrupt-4xCO2,0.39754884805555557,0.5631079,0.16117758,36
GQ,1972,marine_hw,abrupt-4xCO2,0.3871183905555556,0.5143585,0.15250763,36
GQ,1973,marine_hw,abrupt-4xCO2,0.44211383722222225,0.6109741,0.20188515,36
GQ,1974,marine_hw,abrupt-4xCO2,0.4113461775,0.5756487,0.13539055,36
GQ,1975,marine_hw,abrupt-4xCO2,0.3901257688888889,0.49995202,0.17221582,36
GQ,1976,marine_hw,abrupt-4xCO2,0.42729564833333333,0.60342693,0.16012327,36
GQ,1977,marine_hw,abrupt-4xCO2,0.42041038305555556,0.58078396,0.16656382,36
GQ,1978,marine_hw,abrupt-4xCO2,0.3800315444444444,0.531487,0.18009454,36
GQ,1979,marine_hw,abrupt-4xCO2,0.38371388694444447,0.5408374,0.17006093,36
GQ,1980,marine_hw,abrupt-4xCO2,0.44797328972222217,0.61197,0.20961824,36
GQ,1981,marine_hw,abrupt-4xCO2,0.40230562583333335,0.6074971,0.1584274,36
GQ,1982,marine_hw,abrupt-4xCO2,0.41549762361111114,0.5210615,0.17349292,36
GQ,1983,marine_hw,abrupt-4xCO2,0.44307124111111107,0.60872996,0.20682646,36
GQ,1984,marine_hw,abrupt-4xCO2,0.4420133466666667,0.61402965,0.19437957,36
GQ,1985,marine_hw,abrupt-4xCO2,0.4155280552777778,0.59140885,0.18191189,36
GQ,1986,marine_hw,abrupt-4xCO2,0.37849936194444445,0.52158093,0.16234529,36
GQ,1987,marine_hw,abrupt-4xCO2,0.3998899411111111,0.5390698,0.16486526,36
GQ,1988,marine_hw,abrupt-4xCO2,0.45250137888888886,0.62582624,0.2142166,36
GQ,1989,marine_hw,abrupt-4xCO2,0.43130870722222225,0.5920672,0.19233742,36
GQ,1990,marine_hw,abrupt-4xCO2,0.40835157805555555,0.60125524,0.16384251,36
GQ,1991,marine_hw,abrupt-4xCO2,0.44620793000000003,0.5894371,0.19855045,36
GQ,1992,marine_hw,abrupt-4xCO2,0.4284862513888889,0.5820296,0.18000662,36
GQ,1993,marine_hw,abrupt-4xCO2,0.39140997583333337,0.54685384,0.1367965,36
GQ,1994,marine_hw,abrupt-4xCO2,0.4124191858333333,0.545105,0.17537737,36
GQ,1995,marine_hw,abrupt-4xCO2,0.4380918675,0.5897472,0.17481232,36
GQ,1996,marine_hw,abrupt-4xCO2,0.42527272194444443,0.6072072,0.15198082,36
GQ,1997,marine_hw,abrupt-4xCO2,0.4082830505555555,0.5611557,0.18032943,36
GQ,1998,marine_hw,abrupt-4xCO2,0.40181398361111115,0.5246049,0.1734842,36
GQ,1999,marine_hw,abrupt-4xCO2,0.40552112611111113,0.55357087,0.17422912,36
GQ,2000,marine_hw,abrupt-4xCO2,0.4009176875,0.5211105,0.18686527,36
GR,1850,marine_hw,abrupt-4xCO2,0.0,0.0,0.0,36
GR,1851,marine_hw,abrupt-4xCO2,0.0,0.0,0.0,36
GR,1852,marine_hw,abrupt-4xCO2,4.4518625000000004e-06,0.00016026705,0.0,36
GR,1853,marine_hw,abrupt-4xCO2,0.002674827305555556,0.056302097,0.0,36
GR,1854,marine_hw,abrupt-4xCO2,0.005141032222222223,0.10787613,0.0,36
GR,1855,marine_hw,abrupt-4xCO2,0.0014018835119444443,0.032269463,0.0,36
GR,1856,marine_hw,abrupt-4xCO2,0.0043433336472222216,0.057063125,0.0,36
GR,1857,marine_hw,abrupt-4xCO2,0.00428215048888889,0.084690966,0.0,36
GR,1858,marine_hw,abrupt-4xCO2,7.39479888888889e-05,0.0026621276,0.0,36
GR,1859,marine_hw,abrupt-4xCO2,0.0021799272611111114,0.049027376,0.0,36
GR,1860,marine_hw,abrupt-4xCO2,0.0028948626583333334,0.06308155,0.0,36
GR,1861,marine_hw,abrupt-4xCO2,0.0012851202777777778,0.028926713,0.0,36
GR,1862,marine_hw,abrupt-4xCO2,0.005785771194444444,0.1023013,0.0,36
GR,1863,marine_hw,abrupt-4xCO2,0.00307386725,0.053656075,0.0,36
GR,1864,marine_hw,abrupt-4xCO2,0.004088232944444444,0.06214805,0.0,36
GR,1865,marine_hw,abrupt-4xCO2,0.005434358438888889,0.06371171,0.0,36
GR,1866,marine_hw,abrupt-4xCO2,0.009419542082222223,0.08713175,0.0,36
GR,1867,marine_hw,abrupt-4xCO2,0.000667193375,0.01235214,0.0,36
GR,1868,marine_hw,abrupt-4xCO2,0.0043793586305555555,0.09090267,0.0,36
GR,1869,marine_hw,abrupt-4xCO2,0.0006461247666666667,0.012327309,0.0,36
GR,1870,marine_hw,abrupt-4xCO2,0.003028129166666666,0.036600072,0.0,36
GR,1871,marine_hw,abrupt-4xCO2,0.0021118388444444445,0.036866497,0.0,36
GR,1872,marine_hw,abrupt-4xCO2,0.006174081397222222,0.098706216,0.0,36
GR,1873,marine_hw,abrupt-4xCO2,0.000720479,0.013796892,0.0,36
GR,1874,marine_hw,abrupt-4xCO2,0.0012650653527777776,0.017360559,0.0,36
GR,1875,marine_hw,abrupt-4xCO2,0.008908309305555556,0.11059341,0.0,36
GR,1876,marine_hw,abrupt-4xCO2,0.0020325310694444447,0.04037031,0.0,36
GR,1877,marine_hw,abrupt-4xCO2,0.001321649748611111,0.022734474,0.0,36
GR,1878,marine_hw,abrupt-4xCO2,0.007375594575000001,0.09910552,0.0,36
GR,1879,marine_hw,abrupt-4xCO2,0.0027301635694444446,0.05100041,0.0,36
GR,1880,marine_hw,abrupt-4xCO2,0.009192425055555556,0.1049092,0.0,36
GR,1881,marine_hw,abrupt-4xCO2,0.004124938472222222,0.06682025,0.0,36
GR,1882,marine_hw,abrupt-4xCO2,3.921856944444445e-05,0.0014118685,0.0,36
GR,1883,marine_hw,abrupt-4xCO2,0.0006467690833333333,0.011600382,0.0,36
GR,1884,marine_hw,abrupt-4xCO2,0.0011662272222222221,0.023977477,0.0,36
GR,1885,marine_hw,abrupt-4xCO2,0.002188732236111111,0.039569017,0.0,36
GR,1886,marine_hw,abrupt-4xCO2,0.006309382472222222,0.10354887,0.0,36
GR,1887,marine_hw,abrupt-4xCO2,0.0008235736111111111,0.016403444,0.0,36
GR,1888,marine_hw,abrupt-4xCO2,0.004659825611111111,0.04787858,0.0,36
GR,1889,marine_hw,abrupt-4xCO2,0.002394363008333333,0.030434662,0.0,36
GR,1890,marine_hw,abrupt-4xCO2,0.007210722611111112,0.06721498,0.0,36
GR,1891,marine_hw,abrupt-4xCO2,0.0035332651277777774,0.05196155,0.0,36
GR,1892,marine_hw,abrupt-4xCO2,0.0025955362083333335,0.045767173,0.0,36
GR,1893,marine_hw,abrupt-4xCO2,0.0017634991944444445,0.024229813,0.0,36
GR,1894,marine_hw,abrupt-4xCO2,0.0006688152222222223,0.01754096,0.0,36
GR,1895,marine_hw,abrupt-4xCO2,0.0058108591111111114,0.08325817,0.0,36
GR,1896,marine_hw,abrupt-4xCO2,0.0,0.0,0.0,36
GR,1897,marine_hw,abrupt-4xCO2,0.008476648694444444,0.110220954,0.0,36
GR,1898,marine_hw,abrupt-4xCO2,0.003037904787222222,0.032590248,0.0,36
GR,1899,marine_hw,abrupt-4xCO2,0.0037530717805555553,0.07588425,0.0,36
GR,1900,marine_hw,abrupt-4xCO2,0.0010262842666666668,0.013612466,0.0,36
GR,1901,marine_hw,abrupt-4xCO2,0.008467781316666666,0.084646,0.0,36
GR,1902,marine_hw,abrupt-4xCO2,0.0075328017222222226,0.07498552,0.0,36
GR,1903,marine_hw,abrupt-4xCO2,0.005493301416666666,0.06233126,0.0,36
GR,1904,marine_hw,abrupt-4xCO2,0.0033658816277777775,0.027442366,0.0,36
GR,1905,marine_hw,abrupt-4xCO2,0.0030190984722222223,0.04845694,0.0,36
GR,1906,marine_hw,abrupt-4xCO2,0.0006247462833333334,0.011857539,0.0,36
GR,1907,marine_hw,abrupt-4xCO2,0.002703978963888889,0.033528447,0.0,36
GR,1908,marine_hw,abrupt-4xCO2,0.0007780332388888889,0.012248665,0.0,36
GR,1909,marine_hw,abrupt-4xCO2,0.001861389001388889,0.030176304,0.0,36
GR,1910,marine_hw,abrupt-4xCO2,0.004630907647222222,0.04979524,0.0,36
GR,1911,marine_hw,abrupt-4xCO2,0.0027755497055555554,0.037567124,0.0,36
GR,1912,marine_hw,abrupt-4xCO2,0.0013353576361111114,0.019194549,0.0,36
GR,1913,marine_hw,abrupt-4xCO2,0.0019008253611111111,0.03263643,0.0,36
GR,1914,marine_hw,abrupt-4xCO2,0.0008478835555555556,0.015532357,0.0,36
GR,1915,marine_hw,abrupt-4xCO2,0.001986000661111111,0.027220108,0.0,36
GR,1916,marine_hw,abrupt-4xCO2,0.0,0.0,0.0,36
GR,1917,marine_hw,abrupt-4xCO2,0.004262645603611111,0.03556859,0.0,36
GR,1918,marine_hw,abrupt-4xCO2,0.0034148034722222224,0.050285812,0.0,36
GR,1919,marine_hw,abrupt-4xCO2,0.008152452791666666,0.10799827,0.0,36
GR,1920,marine_hw,abrupt-4xCO2,0.0049095295,0.058531493,0.0,36
GR,1921,marine_hw,abrupt-4xCO2,0.008331319244444444,0.09420985,0.0,36
GR,1922,marine_hw,abrupt-4xCO2,2.9599469444444447e-05,0.0010655809,0.0,36
GR,1923,marine_hw,abrupt-4xCO2,0.0060229853055555555,0.0587712,0.0,36
GR,1924,marine_hw,abrupt-4xCO2,0.0007940514333333333,0.013539861,0.0,36
GR,1925,marine_hw,abrupt-4xCO2,0.004119388361111111,0.047039703,0.0,36
GR,1926,marine_hw,abrupt-4xCO2,0.002196253801111111,0.04997094,0.0,36
GR,1927,marine_hw,abrupt-4xCO2,0.0033046071666666663,0.056497514,0.0,36
GR,1928,marine_hw,abrupt-4xCO2,0.005689730183333333,0.10974044,0.0,36
GR,1929,marine_hw,abrupt-4xCO2,0.0062008555555555555,0.067865275,0.0,36
GR,1930,marine_hw,abrupt-4xCO2,0.0025508533055555557,0.032466643,0.0,36
GR,1931,marine_hw,abrupt-4xCO2,0.00030933280555555553,0.006818921,0.0,36
GR,1932,marine_hw,abrupt-4xCO2,0.0014768836944444445,0.033708975,0.0,36
GR,1933,marine_hw,abrupt-4xCO2,0.004041939305555556,0.064437166,0.0,36
GR,1934,marine_hw,abrupt-4xCO2,0.0002905198694444445,0.0056351004,0.0,36
GR,1935,marine_hw,abrupt-4xCO2,0.00044737432222222227,0.010315351,0.0,36
GR,1936,marine_hw,abrupt-4xCO2,0.005072364958333333,0.0541123,0.0,36
GR,1937,marine_hw,abrupt-4xCO2,9.646712222222222e-05,0.0034728164,0.0,36
GR,1938,marine_hw,abrupt-4xCO2,0.0003173487361111111,0.0114245545,0.0,36
GR,1939,marine_hw,abrupt-4xCO2,0.007502377055555555,0.08499497,0.0,36
GR,1940,marine_hw,abrupt-4xCO2,0.00036322584444444444,0.010173749,0.0,36
GR,1941,marine_hw,abrupt-4xCO2,0.0077968945222222225,0.080222115,0.0,36
GR,1942,marine_hw,abrupt-4xCO2,0.004827616544444444,0.051262263,0.0,36
GR,1943,marine_hw,abrupt-4xCO2,0.00768117946388889,0.109891444,0.0,36
GR,1944,marine_hw,abrupt-4xCO2,0.001330691022222222,0.026140979,0.0,36
GR,1945,marine_hw,abrupt-4xCO2,0.003884071086111111,0.04997241,0.0,36
GR,1946,marine_hw,abrupt-4xCO2,0.005214929216666667,0.056462493,0.0,36
GR,1947,marine_hw,abrupt-4xCO2,0.0005647049861111111,0.012369589,0.0,36
GR,1948,marine_hw,abrupt-4xCO2,0.006729939572222222,0.10483672,0.0,36
GR,1949,marine_hw,abrupt-4xCO2,0.002416210352777778,0.03997839,0.0,36
GR,1950,marine_hw,abrupt-4xCO2,0.0007855970638888889,0.0137849385,0.0,36
GR,1951,marine_hw,abrupt-4xCO2,0.007642828444444444,0.09172074,0.0,36
GR,1952,marine_hw,abrupt-4xCO2,0.0031132925555555553,0.061474267,0.0,36
GR,1953,marine_hw,abrupt-4xCO2,0.00026988354166666666,0.00745915,0.0,36
GR,1954,marine_hw,abrupt-4xCO2,0.002607993452777778,0.034391608,0.0,36
GR,1955,marine_hw,abrupt-4xCO2,0.005889477972222222,0.071307346,0.0,36
GR,1956,marine_hw,abrupt-4xCO2,0.00393842861111111,0.059198566,0.0,36
GR,1957,marine_hw,abrupt-4xCO2,0.004888071,0.091700606,0.0,36
GR,1958,marine_hw,abrupt-4xCO2,0.006148520908333333,0.08593586,0.0,36
GR,1959,marine_hw,abrupt-4xCO2,0.0007275593562361112,0.013727098,0.0,36
GR,1960,marine_hw,abrupt-4xCO2,0.0006579098305555556,0.011828682,0.0,36
GR,1961,marine_hw,abrupt-4xCO2,0.011235424055555556,0.10180536,0.0,36
GR,1962,marine_hw,abrupt-4xCO2,0.0021907118527777778,0.0433708,0.0,36
GR,1963,marine_hw,abrupt-4xCO2,0.004230845333333334,0.072608486,0.0,36
GR,1964,marine_hw,abrupt-4xCO2,0.007924056216666666,0.124625444,0.0,36
GR,1965,marine_hw,abrupt-4xCO2,0.002267354,0.037853688,0.0,36
GR,1966,marine_hw,abrupt-4xCO2,0.004290160188888888,0.09308911,0.0,36
GR,1967,marine_hw,abrupt-4xCO2,0.0003894208888888889,0.014019152,0.0,36
GR,1968,marine_hw,abrupt-4xCO2,0.005915045941666666,0.07887333,0.0,36
GR,1969,marine_hw,abrupt-4xCO2,0.017522231333333332,0.135459,0.0,36
GR,1970,marine_hw,abrupt-4xCO2,0.00941365175,0.10515684,0.0,36
GR,1971,marine_hw,abrupt-4xCO2,0.0017546148333333334,0.026098028,0.0,36
GR,1972,marine_hw,abrupt-4xCO2,0.005273084208333333,0.08155224,0.0,36
GR,1973,marine_hw,abrupt-4xCO2,0.0027094270944444444,0.029648818,0.0,36
GR,1974,marine_hw,abrupt-4xCO2,0.005849633452777777,0.09388168,0.0,36
GR,1975,marine_hw,abrupt-4xCO2,0.0019570374,0.02613775,0.0,36
GR,1976,marine_hw,abrupt-4xCO2,0.007829054430555557,0.10074167,0.0,36
GR,1977,marine_hw,abrupt-4xCO2,0.012087048944444444,0.114518,0.0,36
GR,1978,marine_hw,abrupt-4xCO2,0.006333623861111111,0.074185565,0.0,36
GR,1979,marine_hw,abrupt-4xCO2,0.0050606344725000005,0.074735194,0.0,36
GR,1980,marine_hw,abrupt-4xCO2,0.0056137928527777775,0.07583446,0.0,36
GR,1981,marine_hw,abrupt-4xCO2,0.01954144994444444,0.20899613,0.0,36
GR,1982,marine_hw,abrupt-4xCO2,0.011103633083333333,0.10285026,0.0,36
GR,1983,marine_hw,abrupt-4xCO2,0.0045951465833333335,0.0691464,0.0,36
GR,1984,marine_hw,abrupt-4xCO2,0.0016905532055555552,0.016769277,0.0,36
GR,1985,marine_hw,abrupt-4xCO2,0.001196050398611111,0.022857413,0.0,36
GR,1986,marine_hw,abrupt-4xCO2,0.004016067986111111,0.06894025,0.0,36
GR,1987,marine_hw,abrupt-4xCO2,0.0028836065833333334,0.047144394,0.0,36
GR,1988,marine_hw,abrupt-4xCO2,0.007489396719444444,0.094809145,0.0,36
GR,1989,marine_hw,abrupt-4xCO2,0.0030893974166666667,0.041286238,0.0,36
GR,1990,marine_hw,abrupt-4xCO2,0.011041653555555555,0.13966681,0.0,36
GR,1991,marine_hw,abrupt-4xCO2,0.0,0.0,0.0,36
GR,1992,marine_hw,abrupt-4xCO2,0.011147229583333333,0.09768748,0.0,36
GR,1993,marine_hw,abrupt-4xCO2,0.0010783725833333332,0.026437186,0.0,36
GR,1994,marine_hw,abrupt-4xCO2,0.008143047055555554,0.089545034,0.0,36
GR,1995,marine_hw,abrupt-4xCO2,0.008903120822222221,0.09647749,0.0,36
GR,1996,marine_hw,abrupt-4xCO2,0.0038005029249999996,0.048349015,0.0,36
GR,1997,marine_hw,abrupt-4xCO2,0.008015824444444444,0.08412066,0.0,36
GR,1998,marine_hw,abrupt-4xCO2,0.005942961305555555,0.09316495,0.0,36
GR,1999,marine_hw,abrupt-4xCO2,0.010785814355555555,0.13079554,0.0,36
GR,2000,marine_hw,abrupt-4xCO2,0.002851835027777778,0.05433108,0.0,36
GU,1850,marine_hw,abrupt-4xCO2,0.056812281562500004,0.14534901,0.0,24
GU,1851,marine_hw,abrupt-4xCO2,0.10568376415833335,0.22437505,0.004859183,24
GU,1852,marine_hw,abrupt-4xCO2,0.13682402675,0.21849756,0.0363409,24
GU,1853,marine_hw,abrupt-4xCO2,0.18552121666666666,0.28172255,0.06288156,24
GU,1854,marine_hw,abrupt-4xCO2,0.19085721666666666,0.25684354,0.09155834,24
GU,1855,marine_hw,abrupt-4xCO2,0.17923413333333335,0.23660317,0.13384031,24
GU,1856,marine_hw,abrupt-4xCO2,0.16966528375,0.28241783,0.067658454,24
GU,1857,marine_hw,abrupt-4xCO2,0.23244704833333332,0.31433466,0.12819034,24
GU,1858,marine_hw,abrupt-4xCO2,0.23162497375,0.28421772,0.19026774,24
GU,1859,marine_hw,abrupt-4xCO2,0.19838195658333332,0.32326633,0.099110216,24
GU,1860,marine_hw,abrupt-4xCO2,0.25464604458333334,0.34794867,0.14059225,24
GU,1861,marine_hw,abrupt-4xCO2,0.21549050375,0.27764294,0.15996557,24
GU,1862,marine_hw,abrupt-4xCO2,0.18920304166666665,0.3068915,0.09096508,24
GU,1863,marine_hw,abrupt-4xCO2,0.22576565595833334,0.33363545,0.097804934,24
GU,1864,marine_hw,abrupt-4xCO2,0.2659950108333333,0.3925928,0.16458945,24
GU,1865,marine_hw,abrupt-4xCO2,0.24954787625,0.34905192,0.17404927,24
GU,1866,marine_hw,abrupt-4xCO2,0.24221618420833332,0.35181952,0.09701035,24
GU,1867,marine_hw,abrupt-4xCO2,0.23706916166666667,0.324581,0.16072458,24
GU,1868,marine_hw,abrupt-4xCO2,0.23420823416666667,0.3487654,0.1372985,24
GU,1869,marine_hw,abrupt-4xCO2,0.25583636541666666,0.3675903,0.12004183,24
GU,1870,marine_hw,abrupt-4xCO2,0.24574234541666665,0.31889278,0.15564635,24
GU,1871,marine_hw,abrupt-4xCO2,0.21794471625,0.3249991,0.1415593,24
GU,1872,marine_hw,abrupt-4xCO2,0.24679615458333334,0.3752368,0.13056736,24
GU,1873,marine_hw,abrupt-4xCO2,0.24030590500000001,0.29509825,0.18647134,24
GU,1874,marine_hw,abrupt-4xCO2,0.25166418166666665,0.35776684,0.17135882,24
GU,1875,marine_hw,abrupt-4xCO2,0.25291792916666667,0.37809032,0.12844601,24
GU,1876,marine_hw,abrupt-4xCO2,0.2686357179166667,0.32985854,0.2189633,24
GU,1877,marine_hw,abrupt-4xCO2,0.20588328666666666,0.31925315,0.121229,24
GU,1878,marine_hw,abrupt-4xCO2,0.24247210291666665,0.33554882,0.12257523,24
GU,1879,marine_hw,abrupt-4xCO2,0.2625496708333333,0.36505756,0.16805097,24
GU,1880,marine_hw,abrupt-4xCO2,0.22420102041666667,0.3041185,0.15013127,24
GU,1881,marine_hw,abrupt-4xCO2,0.24961800879166665,0.37282825,0.105942026,24
GU,1882,marine_hw,abrupt-4xCO2,0.23197702541666665,0.28941202,0.17192255,24
GU,1883,marine_hw,abrupt-4xCO2,0.24908424333333334,0.38285244,0.12564081,24
GU,1884,marine_hw,abrupt-4xCO2,0.3002089854166667,0.37348926,0.20205696,24
GU,1885,marine_hw,abrupt-4xCO2,0.2616961575,0.3371561,0.20431118,24
GU,1886,marine_hw,abrupt-4xCO2,0.23828407291666667,0.33426765,0.12450665,24
GU,1887,marine_hw,abrupt-4xCO2,0.25827392374999997,0.3583708,0.14308338,24
GU,1888,marine_hw,abrupt-4xCO2,0.2462404975,0.338315,0.13737701,24
GU,1889,marine_hw,abrupt-4xCO2,0.2415677125,0.345016,0.13599186,24
GU,1890,marine_hw,abrupt-4xCO2,0.23177943999999998,0.34019953,0.1522412,24
GU,1891,marine_hw,abrupt-4xCO2,0.23340674095833333,0.3518517,0.108035184,24
GU,1892,marine_hw,abrupt-4xCO2,0.26651783166666665,0.35701045,0.1595535,24
GU,1893,marine_hw,abrupt-4xCO2,0.26604001041666664,0.36004114,0.20321462,24
GU,1894,marine_hw,abrupt-4xCO2,0.23502894833333332,0.36980835,0.12211754,24
GU,1895,marine_hw,abrupt-4xCO2,0.254088665,0.37123972,0.12602267,24
GU,1896,marine_hw,abrupt-4xCO2,0.25325072583333336,0.31430382,0.19587278,24
GU,1897,marine_hw,abrupt-4xCO2,0.26730207791666666,0.38788572,0.161948,24
GU,1898,marine_hw,abrupt-4xCO2,0.27975729541666666,0.36527774,0.1538874,24
GU,1899,marine_hw,abrupt-4xCO2,0.26763012625,0.35119206,0.20012084,24
GU,1900,marine_hw,abrupt-4xCO2,0.23795588041666668,0.34965932,0.13574088,24
GU,1901,marine_hw,abrupt-4xCO2,0.261547115,0.34369797,0.15110704,24
GU,1902,marine_hw,abrupt-4xCO2,0.26838435374999997,0.34197655,0.13932723,24
GU,1903,marine_hw,abrupt-4xCO2,0.24755294458333332,0.2983766,0.21264893,24
GU,1904,marine_hw,abrupt-4xCO2,0.24834741166666666,0.3370762,0.1333135,24
GU,1905,marine_hw,abrupt-4xCO2,0.27040486625,0.36523944,0.1690254,24
GU,1906,marine_hw,abrupt-4xCO2,0.26900516,0.3337214,0.20798343,24
GU,1907,marine_hw,abrupt-4xCO2,0.2493393925,0.37900102,0.14357999,24
GU,1908,marine_hw,abrupt-4xCO2,0.247384939125,0.3576004,0.08964436,24
GU,1909,marine_hw,abrupt-4xCO2,0.26744464375,0.35741717,0.1932548,24
GU,1910,marine_hw,abrupt-4xCO2,0.23420263458333335,0.36810035,0.11315232,24
GU,1911,marine_hw,abrupt-4xCO2,0.25896015916666665,0.3373379,0.15499808,24
GU,1912,marine_hw,abrupt-4xCO2,0.2569472016666667,0.31195492,0.18193135,24
GU,1913,marine_hw,abrupt-4xCO2,0.24264935541666666,0.35259736,0.13628781,24
GU,1914,marine_hw,abrupt-4xCO2,0.2537577645833333,0.3699244,0.11637226,24
GU,1915,marine_hw,abrupt-4xCO2,0.2546760520833333,0.34029347,0.16601889,24
GU,1916,marine_hw,abrupt-4xCO2,0.25840198291666666,0.40196136,0.1513728,24
GU,1917,marine_hw,abrupt-4xCO2,0.2663073425,0.37954998,0.17000052,24
GU,1918,marine_hw,abrupt-4xCO2,0.2673919270833333,0.3934921,0.17214066,24
GU,1919,marine_hw,abrupt-4xCO2,0.26895233291666665,0.3652864,0.14678448,24
GU,1920,marine_hw,abrupt-4xCO2,0.28200089041666665,0.38184983,0.1617433,24
GU,1921,marine_hw,abrupt-4xCO2,0.2436789925,0.32333344,0.17350838,24
GU,1922,marine_hw,abrupt-4xCO2,0.24524981541666668,0.33430055,0.15103927,24
GU,1923,marine_hw,abrupt-4xCO2,0.25794347791666666,0.3435429,0.15089834,24
GU,1924,marine_hw,abrupt-4xCO2,0.25138894291666664,0.3649381,0.17871073,24
GU,1925,marine_hw,abrupt-4xCO2,0.21943474,0.35087195,0.11131149,24
GU,1926,marine_hw,abrupt-4xCO2,0.23768054583333334,0.379552,0.12439592,24
GU,1927,marine_hw,abrupt-4xCO2,0.24619669833333332,0.36327112,0.15343845,24
GU,1928,marine_hw,abrupt-4xCO2,0.2386270375,0.33661985,0.1238208,24
GU,1929,marine_hw,abrupt-4xCO2,0.28022177708333335,0.3779192,0.1538666,24
GU,1930,marine_hw,abrupt-4xCO2,0.24102353291666667,0.3377305,0.18036163,24
GU,1931,marine_hw,abrupt-4xCO2,0.26300667166666664,0.3755663,0.1437605,24
GU,1932,marine_hw,abrupt-4xCO2,0.2741124920833333,0.37574887,0.1914972,24
GU,1933,marine_hw,abrupt-4xCO2,0.28459410125,0.35152963,0.20423065,24
GU,1934,marine_hw,abrupt-4xCO2,0.2461550025,0.37252557,0.18509355,24
GU,1935,marine_hw,abrupt-4xCO2,0.25803644770833334,0.3752576,0.10664801,24
GU,1936,marine_hw,abrupt-4xCO2,0.25190482625,0.3318423,0.13346718,24
GU,1937,marine_hw,abrupt-4xCO2,0.28188109041666665,0.39452153,0.1967546,24
GU,1938,marine_hw,abrupt-4xCO2,0.26418593583333333,0.34460932,0.18085624,24
GU,1939,marine_hw,abrupt-4xCO2,0.2581597766666667,0.38228065,0.16966364,24
GU,1940,marine_hw,abrupt-4xCO2,0.2779081875,0.3583701,0.20280054,24
GU,1941,marine_hw,abrupt-4xCO2,0.25039722999999997,0.35302013,0.14730325,24
GU,1942,marine_hw,abrupt-4xCO2,0.24582063416666666,0.35798562,0.15301901,24
GU,1943,marine_hw,abrupt-4xCO2,0.256333580625,0.37771183,0.10988473,24
GU,1944,marine_hw,abrupt-4xCO2,0.2652468620833333,0.33234763,0.20201334,24
GU,1945,marine_hw,abrupt-4xCO2,0.26981826625,0.39815286,0.17887247,24
GU,1946,marine_hw,abrupt-4xCO2,0.284227905,0.37503278,0.16841471,24
GU,1947,marine_hw,abrupt-4xCO2,0.2665218704166667,0.3790064,0.19544259,24
GU,1948,marine_hw,abrupt-4xCO2,0.25895716208333336,0.3647858,0.13026604,24
GU,1949,marine_hw,abrupt-4xCO2,0.27945638208333334,0.35602325,0.19533387,24
GU,1950,marine_hw,abrupt-4xCO2,0.25699912750000004,0.30819008,0.21809356,24
GU,1951,marine_hw,abrupt-4xCO2,0.24067025791666666,0.32983708,0.13525902,24
GU,1952,marine_hw,abrupt-4xCO2,0.28542492583333334,0.39038688,0.1810891,24
GU,1953,marine_hw,abrupt-4xCO2,0.25301174374999996,0.3706633,0.1670376,24
GU,1954,marine_hw,abrupt-4xCO2,0.26726397166666666,0.37815678,0.14793006,24
GU,1955,marine_hw,abrupt-4xCO2,0.25586871166666664,0.34629646,0.17408752,24
GU,1956,marine_hw,abrupt-4xCO2,0.27355338916666666,0.35261676,0.16346401,24
GU,1957,marine_hw,abrupt-4xCO2,0.2620502329166667,0.36525825,0.1762223,24
GU,1958,marine_hw,abrupt-4xCO2,0.26145972708333337,0.34156114,0.18708336,24
GU,1959,marine_hw,abrupt-4xCO2,0.28984240625,0.3775823,0.17962745,24
GU,1960,marine_hw,abrupt-4xCO2,0.28251215375,0.36630112,0.21416897,24
GU,1961,marine_hw,abrupt-4xCO2,0.25867627249999997,0.4121802,0.13086465,24
GU,1962,marine_hw,abrupt-4xCO2,0.25567069166666667,0.3882038,0.13976412,24
GU,1963,marine_hw,abrupt-4xCO2,0.29110303249999997,0.3868878,0.15702683,24
GU,1964,marine_hw,abrupt-4xCO2,0.26457198291666667,0.33807012,0.1797912,24
GU,1965,marine_hw,abrupt-4xCO2,0.25834853125,0.3502599,0.14453295,24
GU,1966,marine_hw,abrupt-4xCO2,0.27300013625,0.3958631,0.14246395,24
GU,1967,marine_hw,abrupt-4xCO2,0.29689060916666665,0.35157794,0.21721911,24
GU,1968,marine_hw,abrupt-4xCO2,0.26459547833333336,0.40495715,0.18445131,24
GU,1969,marine_hw,abrupt-4xCO2,0.2535041245833333,0.37544423,0.12948555,24
GU,1970,marine_hw,abrupt-4xCO2,0.273396885,0.40958977,0.13883062,24
GU,1971,marine_hw,abrupt-4xCO2,0.2668633804166667,0.37562203,0.15791468,24
GU,1972,marine_hw,abrupt-4xCO2,0.2512253441666667,0.3299263,0.16445658,24
GU,1973,marine_hw,abrupt-4xCO2,0.25118133958333333,0.37070757,0.09685667,24
GU,1974,marine_hw,abrupt-4xCO2,0.29714528375,0.4145049,0.18187228,24
GU,1975,marine_hw,abrupt-4xCO2,0.26884426083333335,0.34852108,0.21852508,24
GU,1976,marine_hw,abrupt-4xCO2,0.24927621041666667,0.35775673,0.12921846,24
GU,1977,marine_hw,abrupt-4xCO2,0.27416614375,0.3729987,0.14408532,24
GU,1978,marine_hw,abrupt-4xCO2,0.27580747833333336,0.34356976,0.19740959,24
GU,1979,marine_hw,abrupt-4xCO2,0.24098469583333335,0.32232612,0.16631015,24
GU,1980,marine_hw,abrupt-4xCO2,0.2720728679166667,0.3936451,0.14141233,24
GU,1981,marine_hw,abrupt-4xCO2,0.29345217416666664,0.35743666,0.22739097,24
GU,1982,marine_hw,abrupt-4xCO2,0.2634340954166667,0.3545596,0.16693562,24
GU,1983,marine_hw,abrupt-4xCO2,0.2730939316666667,0.37995866,0.13542345,24
GU,1984,marine_hw,abrupt-4xCO2,0.290990235,0.38880914,0.20135364,24
GU,1985,marine_hw,abrupt-4xCO2,0.2765869220833333,0.36977142,0.19040331,24
GU,1986,marine_hw,abrupt-4xCO2,0.25430540291666665,0.3704861,0.12993988,24
GU,1987,marine_hw,abrupt-4xCO2,0.24286665541666666,0.3340905,0.15708184,24
GU,1988,marine_hw,abrupt-4xCO2,0.26745002458333333,0.40134597,0.1540297,24
GU,1989,marine_hw,abrupt-4xCO2,0.27566818249999997,0.39356524,0.16900125,24
GU,1990,marine_hw,abrupt-4xCO2,0.2761571845833333,0.37594348,0.16418679,24
GU,1991,marine_hw,abrupt-4xCO2,0.2675496875,0.38538584,0.15807441,24
GU,1992,marine_hw,abrupt-4xCO2,0.27509064916666665,0.43096763,0.17456669,24
GU,1993,marine_hw,abrupt-4xCO2,0.2952868054166667,0.37963587,0.22828689,24
GU,1994,marine_hw,abrupt-4xCO2,0.25193434249999996,0.35932973,0.15405451,24
GU,1995,marine_hw,abrupt-4xCO2,0.2843868679166667,0.39146,0.18488955,24
GU,1996,marine_hw,abrupt-4xCO2,0.3011948295833333,0.42362446,0.16831808,24
GU,1997,marine_hw,abrupt-4xCO2,0.28732882083333333,0.389948,0.1942581,24
GU,1998,marine_hw,abrupt-4xCO2,0.28942595916666664,0.37077332,0.19191799,24
GU,1999,marine_hw,abrupt-4xCO2,0.28663357208333334,0.39254516,0.18136628,24
GU,2000,marine_hw,abrupt-4xCO2,0.26930896875,0.34103903,0.21474946,24
ID,1850,marine_hw,abrupt-4xCO2,0.12760156980391893,0.36966333,0.0,444
ID,1851,marine_hw,abrupt-4xCO2,0.2068415070493243,0.42841142,0.0,444
ID,1852,marine_hw,abrupt-4xCO2,0.22713912703355857,0.4314025,0.0,444
ID,1853,marine_hw,abrupt-4xCO2,0.2561943487027027,0.41059977,0.05985234,444
ID,1854,marine_hw,abrupt-4xCO2,0.2407027034752252,0.4015171,0.026504716,444
ID,1855,marine_hw,abrupt-4xCO2,0.22941481687792792,0.43516806,0.0,444
ID,1856,marine_hw,abrupt-4xCO2,0.2751137113407658,0.5053067,0.0,444
ID,1857,marine_hw,abrupt-4xCO2,0.29081425238963965,0.44878733,0.023525702,444
ID,1858,marine_hw,abrupt-4xCO2,0.28243214441036035,0.48995933,0.0008662642,444
ID,1859,marine_hw,abrupt-4xCO2,0.3046380698986486,0.5028398,0.028094426,444
ID,1860,marine_hw,abrupt-4xCO2,0.3013258405630631,0.4717826,0.05781891,444
ID,1861,marine_hw,abrupt-4xCO2,0.29190290400450447,0.448833,0.007329628,444
ID,1862,marine_hw,abrupt-4xCO2,0.29251640575,0.5178872,0.009758884,444
ID,1863,marine_hw,abrupt-4xCO2,0.3318147393918919,0.5559747,0.050581098,444
ID,1864,marine_hw,abrupt-4xCO2,0.3180698997117117,0.51403034,0.047467865,444
ID,1865,marine_hw,abrupt-4xCO2,0.33076506322522525,0.53342515,0.06383855,444
ID,1866,marine_hw,abrupt-4xCO2,0.3381966327252252,0.5321259,0.11795404,444
ID,1867,marine_hw,abrupt-4xCO2,0.3118715314279279,0.4927068,0.05966376,444
ID,1868,marine_hw,abrupt-4xCO2,0.30953292637387386,0.5325601,0.010827148,444
ID,1869,marine_hw,abrupt-4xCO2,0.34509290536036036,0.5283013,0.08676466,444
ID,1870,marine_hw,abrupt-4xCO2,0.3264858174954955,0.46977735,0.104411244,444
ID,1871,marine_hw,abrupt-4xCO2,0.28867058388063066,0.5239445,0.0,444
ID,1872,marine_hw,abrupt-4xCO2,0.3113872154391892,0.5274457,0.0,444
ID,1873,marine_hw,abrupt-4xCO2,0.31127047846126127,0.53566796,0.0046935473,444
ID,1874,marine_hw,abrupt-4xCO2,0.3466993424481982,0.56376356,0.047327477,444
ID,1875,marine_hw,abrupt-4xCO2,0.3560211845945946,0.54585326,0.10937067,444
ID,1876,marine_hw,abrupt-4xCO2,0.3283641798761261,0.4910358,0.081546985,444
ID,1877,marine_hw,abrupt-4xCO2,0.3116203189234234,0.5220903,0.005155264,444
ID,1878,marine_hw,abrupt-4xCO2,0.3344485693153153,0.53564984,0.05243388,444
ID,1879,marine_hw,abrupt-4xCO2,0.3257553744864865,0.49624753,0.059124872,444
ID,1880,marine_hw,abrupt-4xCO2,0.3278288792117117,0.53610015,0.06348421,444
ID,1881,marine_hw,abrupt-4xCO2,0.3654814225,0.54564315,0.17928252,444
ID,1882,marine_hw,abrupt-4xCO2,0.3103427919436937,0.46513936,0.012582076,444
ID,1883,marine_hw,abrupt-4xCO2,0.34246960803603604,0.5473082,0.05277425,444
ID,1884,marine_hw,abrupt-4xCO2,0.36237544126126126,0.5983151,0.15351294,444
ID,1885,marine_hw,abrupt-4xCO2,0.31407613439414417,0.5279047,0.018604651,444
ID,1886,marine_hw,abrupt-4xCO2,0.3324266514301802,0.5583075,0.02666364,444
ID,1887,marine_hw,abrupt-4xCO2,0.3563723349324324,0.5492476,0.0958876,444
ID,1888,marine_hw,abrupt-4xCO2,0.3339361263716217,0.5561848,0.01879579,444
ID,1889,marine_hw,abrupt-4xCO2,0.3239940365360361,0.5300777,0.026450481,444
ID,1890,marine_hw,abrupt-4xCO2,0.28323624850675677,0.49895477,0.002314498,444
ID,1891,marine_hw,abrupt-4xCO2,0.35045232441441443,0.5284261,0.08087174,444
ID,1892,marine_hw,abrupt-4xCO2,0.351233386509009,0.51733553,0.079536244,444
ID,1893,marine_hw,abrupt-4xCO2,0.326408995759009,0.49105054,0.01754553,444
ID,1894,marine_hw,abrupt-4xCO2,0.33915232535360357,0.57330394,0.0713636,444
ID,1895,marine_hw,abrupt-4xCO2,0.34600845333333335,0.54124546,0.0716629,444
ID,1896,marine_hw,abrupt-4xCO2,0.30712182534684684,0.48566362,0.016669871,444
ID,1897,marine_hw,abrupt-4xCO2,0.3453964797297297,0.56818277,0.09561446,444
ID,1898,marine_hw,abrupt-4xCO2,0.3631997675900901,0.55816656,0.1336967,444
ID,1899,marine_hw,abrupt-4xCO2,0.33786673020495495,0.5110949,0.04137092,444
ID,1900,marine_hw,abrupt-4xCO2,0.3563918186824324,0.5820544,0.08876119,444
ID,1901,marine_hw,abrupt-4xCO2,0.36820129749999997,0.5715034,0.10501523,444
ID,1902,marine_hw,abrupt-4xCO2,0.3648137102927928,0.5373833,0.1260475,444
ID,1903,marine_hw,abrupt-4xCO2,0.3237558156306306,0.5521079,0.027649738,444
ID,1904,marine_hw,abrupt-4xCO2,0.3349188422364865,0.5521945,0.038517278,444
ID,1905,marine_hw,abrupt-4xCO2,0.3672216190225225,0.5419092,0.11689705,444
ID,1906,marine_hw,abrupt-4xCO2,0.33902607486036035,0.5405019,0.04248763,444
ID,1907,marine_hw,abrupt-4xCO2,0.33705276884234237,0.5608295,0.06728532,444
ID,1908,marine_hw,abrupt-4xCO2,0.35971831234234236,0.5294777,0.11426232,444
ID,1909,marine_hw,abrupt-4xCO2,0.32423310039414416,0.57027924,0.0,444
ID,1910,marine_hw,abrupt-4xCO2,0.34720649329954956,0.5855038,0.05050782,444
ID,1911,marine_hw,abrupt-4xCO2,0.34830283277027024,0.50787634,0.12184373,444
ID,1912,marine_hw,abrupt-4xCO2,0.34382575561936934,0.49963525,0.04795374,444
ID,1913,marine_hw,abrupt-4xCO2,0.33824833273648647,0.5679814,0.057173185,444
ID,1914,marine_hw,abrupt-4xCO2,0.382915161463964,0.55663913,0.17974624,444
ID,1915,marine_hw,abrupt-4xCO2,0.34484956624324326,0.5242224,0.040630028,444
ID,1916,marine_hw,abrupt-4xCO2,0.36453023056306305,0.6055429,0.09571177,444
ID,1917,marine_hw,abrupt-4xCO2,0.36687063219594596,0.56732774,0.07791756,444
ID,1918,marine_hw,abrupt-4xCO2,0.34734414616441445,0.51683956,0.04375937,444
ID,1919,marine_hw,abrupt-4xCO2,0.3404606999391892,0.560645,0.038516607,444
ID,1920,marine_hw,abrupt-4xCO2,0.3734143223648649,0.5837288,0.13097808,444
ID,1921,marine_hw,abrupt-4xCO2,0.33821499922522524,0.53685653,0.032039404,444
ID,1922,marine_hw,abrupt-4xCO2,0.341276288009009,0.55262333,0.019187042,444
ID,1923,marine_hw,abrupt-4xCO2,0.3763712690315315,0.55386686,0.13840982,444
ID,1924,marine_hw,abrupt-4xCO2,0.33691031120495496,0.5255827,0.037076008,444
ID,1925,marine_hw,abrupt-4xCO2,0.3134534747378378,0.509989,0.0031988816,444
ID,1926,marine_hw,abrupt-4xCO2,0.34797266372972974,0.5534333,0.08219582,444
ID,1927,marine_hw,abrupt-4xCO2,0.3435424263828829,0.5234519,0.051750697,444
ID,1928,marine_hw,abrupt-4xCO2,0.3350599801328829,0.5507368,0.045300756,444
ID,1929,marine_hw,abrupt-4xCO2,0.3669733974099099,0.5335506,0.13071366,444
ID,1930,marine_hw,abrupt-4xCO2,0.3309431008918919,0.5371122,0.02955541,444
ID,1931,marine_hw,abrupt-4xCO2,0.3642235762747748,0.59907347,0.091590546,444
ID,1932,marine_hw,abrupt-4xCO2,0.3466670546576576,0.53481495,0.015678532,444
ID,1933,marine_hw,abrupt-4xCO2,0.37860835249999997,0.5450902,0.12665887,444
ID,1934,marine_hw,abrupt-4xCO2,0.31332361434684686,0.55764174,0.014022928,444
ID,1935,marine_hw,abrupt-4xCO2,0.3641173448873874,0.5603658,0.1330652,444
ID,1936,marine_hw,abrupt-4xCO2,0.3756408295495495,0.5658554,0.11564411,444
ID,1937,marine_hw,abrupt-4xCO2,0.37179924704954953,0.5290529,0.1513728,444
ID,1938,marine_hw,abrupt-4xCO2,0.3394225100112612,0.52185535,0.046622403,444
ID,1939,marine_hw,abrupt-4xCO2,0.35951395338963965,0.55559963,0.0780647,444
ID,1940,marine_hw,abrupt-4xCO2,0.35435637862387387,0.5134767,0.06777657,444
ID,1941,marine_hw,abrupt-4xCO2,0.35915556249999997,0.59387445,0.07616733,444
ID,1942,marine_hw,abrupt-4xCO2,0.35504406063063065,0.5788063,0.10134901,444
ID,1943,marine_hw,abrupt-4xCO2,0.36340089498873873,0.5503335,0.1028167,444
ID,1944,marine_hw,abrupt-4xCO2,0.3493532581441442,0.514178,0.10975051,444
ID,1945,marine_hw,abrupt-4xCO2,0.36573715342342344,0.6050731,0.06590286,444
ID,1946,marine_hw,abrupt-4xCO2,0.3755804043243243,0.54940337,0.13212767,444
ID,1947,marine_hw,abrupt-4xCO2,0.344885457027027,0.5812021,0.10861434,444
ID,1948,marine_hw,abrupt-4xCO2,0.3744444336261261,0.5801189,0.09248445,444
ID,1949,marine_hw,abrupt-4xCO2,0.36664356331081077,0.5686002,0.15730801,444
ID,1950,marine_hw,abrupt-4xCO2,0.32893121049099094,0.50987494,0.067805424,444
ID,1951,marine_hw,abrupt-4xCO2,0.3609620373783784,0.5582753,0.105517216,444
ID,1952,marine_hw,abrupt-4xCO2,0.36848109093468473,0.55650365,0.04288144,444
ID,1953,marine_hw,abrupt-4xCO2,0.3678338410135135,0.5387771,0.11374423,444
ID,1954,marine_hw,abrupt-4xCO2,0.36725635060810813,0.5399368,0.1201237,444
ID,1955,marine_hw,abrupt-4xCO2,0.35860338081981985,0.54941005,0.0486576,444
ID,1956,marine_hw,abrupt-4xCO2,0.354508657936937,0.54435396,0.087835744,444
ID,1957,marine_hw,abrupt-4xCO2,0.346672960759009,0.53612494,0.020584943,444
ID,1958,marine_hw,abrupt-4xCO2,0.34730244304729735,0.54529357,0.008554259,444
ID,1959,marine_hw,abrupt-4xCO2,0.3840642984009009,0.5587672,0.1272387,444
ID,1960,marine_hw,abrupt-4xCO2,0.34600591110360357,0.538141,0.11336438,444
ID,1961,marine_hw,abrupt-4xCO2,0.3410280058400901,0.5715591,0.039663516,444
ID,1962,marine_hw,abrupt-4xCO2,0.38022963340090093,0.57960415,0.06942613,444
ID,1963,marine_hw,abrupt-4xCO2,0.40444885114864865,0.5758681,0.22847345,444
ID,1964,marine_hw,abrupt-4xCO2,0.3649080311801802,0.542534,0.08382189,444
ID,1965,marine_hw,abrupt-4xCO2,0.38082746432432435,0.6082313,0.11503878,444
ID,1966,marine_hw,abrupt-4xCO2,0.4019892177927928,0.5702551,0.18626732,444
ID,1967,marine_hw,abrupt-4xCO2,0.3704093917567568,0.52157146,0.15544303,444
ID,1968,marine_hw,abrupt-4xCO2,0.32250062668243246,0.5710517,0.011168739,444
ID,1969,marine_hw,abrupt-4xCO2,0.39175644522522524,0.565946,0.14230892,444
ID,1970,marine_hw,abrupt-4xCO2,0.39559260004504504,0.62604296,0.11168194,444
ID,1971,marine_hw,abrupt-4xCO2,0.36238665792792796,0.5393838,0.1357167,444
ID,1972,marine_hw,abrupt-4xCO2,0.3402275316328829,0.55588615,0.033447117,444
ID,1973,marine_hw,abrupt-4xCO2,0.37825057925675676,0.58579105,0.16250366,444
ID,1974,marine_hw,abrupt-4xCO2,0.3601138955945946,0.5145068,0.08701432,444
ID,1975,marine_hw,abrupt-4xCO2,0.3366741891734234,0.54489756,0.053194363,444
ID,1976,marine_hw,abrupt-4xCO2,0.37578679820720723,0.57331467,0.104540765,444
ID,1977,marine_hw,abrupt-4xCO2,0.39367861646396396,0.5609912,0.15926225,444
ID,1978,marine_hw,abrupt-4xCO2,0.34865996574549546,0.5061268,0.102957636,444
ID,1979,marine_hw,abrupt-4xCO2,0.34797199570045045,0.5604678,0.07586869,444
ID,1980,marine_hw,abrupt-4xCO2,0.3690763357567568,0.55216026,0.116755456,444
ID,1981,marine_hw,abrupt-4xCO2,0.3712376163063063,0.53845906,0.07072081,444
ID,1982,marine_hw,abrupt-4xCO2,0.3647222218378378,0.6192132,0.069848254,444
ID,1983,marine_hw,abrupt-4xCO2,0.3845426504954955,0.57465214,0.12777491,444
ID,1984,marine_hw,abrupt-4xCO2,0.3737884444684685,0.57666546,0.09860019,444
ID,1985,marine_hw,abrupt-4xCO2,0.3727161765315315,0.52251035,0.1563376,444
ID,1986,marine_hw,abrupt-4xCO2,0.34400880238738735,0.50967157,0.053749908,444
ID,1987,marine_hw,abrupt-4xCO2,0.3391273807972973,0.5855347,0.04638672,444
ID,1988,marine_hw,abrupt-4xCO2,0.3786672795765766,0.5719309,0.115354866,444
ID,1989,marine_hw,abrupt-4xCO2,0.37557853119369367,0.569841,0.10450654,444
ID,1990,marine_hw,abrupt-4xCO2,0.38475035682432435,0.5370927,0.18922082,444
ID,1991,marine_hw,abrupt-4xCO2,0.3745580101351351,0.6132203,0.06920198,444
ID,1992,marine_hw,abrupt-4xCO2,0.37034519295045043,0.5821396,0.08532919,444
ID,1993,marine_hw,abrupt-4xCO2,0.3753517488063063,0.53959787,0.10823987,444
ID,1994,marine_hw,abrupt-4xCO2,0.36255327270270266,0.58968616,0.03874893,444
ID,1995,marine_hw,abrupt-4xCO2,0.3783794716891892,0.5684176,0.11983178,444
ID,1996,marine_hw,abrupt-4xCO2,0.41068348407657657,0.5869977,0.16759597,444
ID,1997,marine_hw,abrupt-4xCO2,0.3715483951373874,0.5184368,0.066167265,444
ID,1998,marine_hw,abrupt-4xCO2,0.356613360704955,0.60689116,0.03843742,444
ID,1999,marine_hw,abrupt-4xCO2,0.3885806985810811,0.5851589,0.13115457,444
ID,2000,marine_hw,abrupt-4xCO2,0.3648825098423424,0.5887392,0.09223413,444
IN,1850,marine_hw,abrupt-4xCO2,0.08467397080166666,0.28629074,0.0,180
IN,1851,marine_hw,abrupt-4xCO2,0.16006559146444443,0.37980437,0.0,180
IN,1852,marine_hw,abrupt-4xCO2,0.17737451900499998,0.41487533,0.0,180
IN,1853,marine_hw,abrupt-4xCO2,0.18984213044,0.39431083,0.0018071464,180
IN,1854,marine_hw,abrupt-4xCO2,0.17971745787444446,0.3706136,0.0,180
IN,1855,marine_hw,abrupt-4xCO2,0.16228469647777777,0.36260873,0.0,180
IN,1856,marine_hw,abrupt-4xCO2,0.21892913581277776,0.43207228,0.0,180
IN,1857,marine_hw,abrupt-4xCO2,0.2331577052611111,0.4351083,0.024652604,180
IN,1858,marine_hw,abrupt-4xCO2,0.24438366600555558,0.4623758,0.024218403,180
IN,1859,marine_hw,abrupt-4xCO2,0.2682761562888889,0.4946369,0.010018725,180
IN,1860,marine_hw,abrupt-4xCO2,0.2771588960888889,0.4639193,0.008881211,180
IN,1861,marine_hw,abrupt-4xCO2,0.23048504089166666,0.42941204,0.0,180
IN,1862,marine_hw,abrupt-4xCO2,0.2602073421562889,0.4561339,0.0,180
IN,1863,marine_hw,abrupt-4xCO2,0.2865507962833333,0.46260262,0.07239172,180
IN,1864,marine_hw,abrupt-4xCO2,0.27451605450555555,0.48911175,0.035563223,180
IN,1865,marine_hw,abrupt-4xCO2,0.2771535660277778,0.46753117,0.010747414,180
IN,1866,marine_hw,abrupt-4xCO2,0.2887271775388889,0.47316036,0.059357617,180
IN,1867,marine_hw,abrupt-4xCO2,0.24068898210555553,0.45197508,0.038682494,180
IN,1868,marine_hw,abrupt-4xCO2,0.2792513416405556,0.4764078,0.0069014663,180
IN,1869,marine_hw,abrupt-4xCO2,0.30502093924444446,0.4862354,0.06279297,180
IN,1870,marine_hw,abrupt-4xCO2,0.2540613172555556,0.45300657,0.038970396,180
IN,1871,marine_hw,abrupt-4xCO2,0.26695319461555556,0.44574592,0.0043539708,180
IN,1872,marine_hw,abrupt-4xCO2,0.29218430297222225,0.490713,0.022773525,180
IN,1873,marine_hw,abrupt-4xCO2,0.2587566470888889,0.45932162,0.011911898,180
IN,1874,marine_hw,abrupt-4xCO2,0.30658017615555555,0.49847358,0.044308998,180
IN,1875,marine_hw,abrupt-4xCO2,0.30891068786111114,0.52533364,0.029985838,180
IN,1876,marine_hw,abrupt-4xCO2,0.2922602666388889,0.47048873,0.07684715,180
IN,1877,marine_hw,abrupt-4xCO2,0.2599950618833333,0.46013767,0.017130245,180
IN,1878,marine_hw,abrupt-4xCO2,0.2876590414833333,0.4594236,0.04842741,180
IN,1879,marine_hw,abrupt-4xCO2,0.28575375928333335,0.47897878,0.03920931,180
IN,1880,marine_hw,abrupt-4xCO2,0.29994489969444443,0.47646755,0.038975764,180
IN,1881,marine_hw,abrupt-4xCO2,0.3172085352333333,0.5387503,0.037168495,180
IN,1882,marine_hw,abrupt-4xCO2,0.25319067731666667,0.48667833,0.01694435,180
IN,1883,marine_hw,abrupt-4xCO2,0.29426140687222224,0.47916204,0.047534183,180
IN,1884,marine_hw,abrupt-4xCO2,0.3220516068888889,0.5441668,0.04917715,180
IN,1885,marine_hw,abrupt-4xCO2,0.2554747160388889,0.4483075,0.027446268,180
IN,1886,marine_hw,abrupt-4xCO2,0.27076854382,0.51462424,0.0073403656,180
IN,1887,marine_hw,abrupt-4xCO2,0.3199599089222222,0.49414366,0.07167633,180
IN,1888,marine_hw,abrupt-4xCO2,0.3105958353888889,0.52490413,0.10243351,180
IN,1889,marine_hw,abrupt-4xCO2,0.2851835433611111,0.48132965,0.06266815,180
IN,1890,marine_hw,abrupt-4xCO2,0.2613212068888889,0.43971074,0.06001932,180
IN,1891,marine_hw,abrupt-4xCO2,0.2978139050388889,0.5330037,0.067218885,180
IN,1892,marine_hw,abrupt-4xCO2,0.3122313323888889,0.5105346,0.10480785,180
IN,1893,marine_hw,abrupt-4xCO2,0.2813561621666667,0.48572,0.03974619,180
IN,1894,marine_hw,abrupt-4xCO2,0.2977368608,0.46999812,0.04039246,180
IN,1895,marine_hw,abrupt-4xCO2,0.3063665784444444,0.52178895,0.06436872,180
IN,1896,marine_hw,abrupt-4xCO2,0.25481589225555556,0.4890379,0.011680914,180
IN,1897,marine_hw,abrupt-4xCO2,0.30907980732222223,0.48860574,0.038430832,180
IN,1898,marine_hw,abrupt-4xCO2,0.32312938287222226,0.50864816,0.047710802,180
IN,1899,marine_hw,abrupt-4xCO2,0.3048942153611111,0.5273316,0.05447872,180
IN,1900,marine_hw,abrupt-4xCO2,0.31353387815555556,0.48733935,0.098062634,180
IN,1901,marine_hw,abrupt-4xCO2,0.3222443353055556,0.52412105,0.059733555,180
IN,1902,marine_hw,abrupt-4xCO2,0.30700597316666667,0.5046685,0.08522248,180
IN,1903,marine_hw,abrupt-4xCO2,0.27320682595555557,0.46417433,0.04600822,180
IN,1904,marine_hw,abrupt-4xCO2,0.3325869129555556,0.54515064,0.07368829,180
IN,1905,marine_hw,abrupt-4xCO2,0.3230485401666667,0.52896297,0.07121327,180
IN,1906,marine_hw,abrupt-4xCO2,0.29396638886111115,0.4635039,0.054456025,180
IN,1907,marine_hw,abrupt-4xCO2,0.3098136183222222,0.51280355,0.04495728,180
IN,1908,marine_hw,abrupt-4xCO2,0.3257331542222222,0.51949984,0.09535475,180
IN,1909,marine_hw,abrupt-4xCO2,0.27653120363333333,0.5154289,0.011848144,180
IN,1910,marine_hw,abrupt-4xCO2,0.32169401152777777,0.5049074,0.02788328,180
IN,1911,marine_hw,abrupt-4xCO2,0.32846978294444446,0.48954928,0.09046176,180
IN,1912,marine_hw,abrupt-4xCO2,0.27312450508333336,0.48774537,0.078920186,180
IN,1913,marine_hw,abrupt-4xCO2,0.3063018502388889,0.5064073,0.048946172,180
IN,1914,marine_hw,abrupt-4xCO2,0.3319299663333333,0.5196562,0.11856206,180
IN,1915,marine_hw,abrupt-4xCO2,0.30308166557777777,0.5011909,0.055278,180
IN,1916,marine_hw,abrupt-4xCO2,0.3175476942777778,0.5048282,0.07263197,180
IN,1917,marine_hw,abrupt-4xCO2,0.3266311527222222,0.53666055,0.057989914,180
IN,1918,marine_hw,abrupt-4xCO2,0.3014503503277778,0.519526,0.09467626,180
IN,1919,marine_hw,abrupt-4xCO2,0.3175013116666667,0.48612332,0.0795282,180
IN,1920,marine_hw,abrupt-4xCO2,0.32765492380555555,0.5156108,0.06809467,180
IN,1921,marine_hw,abrupt-4xCO2,0.3038554082222222,0.4899902,0.095764115,180
IN,1922,marine_hw,abrupt-4xCO2,0.31830378377222224,0.5332701,0.052778155,180
IN,1923,marine_hw,abrupt-4xCO2,0.30666922923333334,0.51954544,0.037022192,180
IN,1924,marine_hw,abrupt-4xCO2,0.2797663238111111,0.46894586,0.050260186,180
IN,1925,marine_hw,abrupt-4xCO2,0.27456712874444444,0.44763708,0.03276352,180
IN,1926,marine_hw,abrupt-4xCO2,0.3190533034,0.51124394,0.06776247,180
IN,1927,marine_hw,abrupt-4xCO2,0.2917449160555555,0.5540232,0.05320845,180
IN,1928,marine_hw,abrupt-4xCO2,0.30373963993333336,0.48899093,0.023050688,180
IN,1929,marine_hw,abrupt-4xCO2,0.33089709605555556,0.5168557,0.12453753,180
IN,1930,marine_hw,abrupt-4xCO2,0.2838458186555556,0.47761914,0.032285567,180
IN,1931,marine_hw,abrupt-4xCO2,0.3409505281888889,0.5362511,0.05119113,180
IN,1932,marine_hw,abrupt-4xCO2,0.30658070939444443,0.5111272,0.045445167,180
IN,1933,marine_hw,abrupt-4xCO2,0.30661595810555553,0.55066705,0.026000846,180
IN,1934,marine_hw,abrupt-4xCO2,0.27223515019444444,0.4788332,0.025767302,180
IN,1935,marine_hw,abrupt-4xCO2,0.3283330918888889,0.5246055,0.07727934,180
IN,1936,marine_hw,abrupt-4xCO2,0.3517877914111111,0.50978565,0.102866374,180
IN,1937,marine_hw,abrupt-4xCO2,0.3302379400277778,0.5300468,0.085464075,180
IN,1938,marine_hw,abrupt-4xCO2,0.2998863592666667,0.484255,0.063111074,180
IN,1939,marine_hw,abrupt-4xCO2,0.32850147446666667,0.5340949,0.09150733,180
IN,1940,marine_hw,abrupt-4xCO2,0.30918217182777774,0.5341996,0.046394777,180
IN,1941,marine_hw,abrupt-4xCO2,0.3151590738277778,0.4926075,0.083405145,180
IN,1942,marine_hw,abrupt-4xCO2,0.31404923791666667,0.52764696,0.08114487,180
IN,1943,marine_hw,abrupt-4xCO2,0.33853934916666667,0.54537004,0.08439367,180
IN,1944,marine_hw,abrupt-4xCO2,0.2850070317611111,0.479309,0.038151655,180
IN,1945,marine_hw,abrupt-4xCO2,0.32933943080555556,0.5210467,0.010856258,180
IN,1946,marine_hw,abrupt-4xCO2,0.3454449595,0.55884975,0.06002817,180
IN,1947,marine_hw,abrupt-4xCO2,0.2950448668111111,0.47543406,0.039144214,180
IN,1948,marine_hw,abrupt-4xCO2,0.3302702766055556,0.54642504,0.08020936,180
IN,1949,marine_hw,abrupt-4xCO2,0.32767537472222225,0.5544581,0.10804324,180
IN,1950,marine_hw,abrupt-4xCO2,0.27128036380555554,0.4430944,0.05917575,180
IN,1951,marine_hw,abrupt-4xCO2,0.32236213766666666,0.5278201,0.08029258,180
IN,1952,marine_hw,abrupt-4xCO2,0.33414175227777776,0.55096704,0.13299204,180
IN,1953,marine_hw,abrupt-4xCO2,0.3159637564666667,0.48887283,0.06488547,180
IN,1954,marine_hw,abrupt-4xCO2,0.3225691876388889,0.51234853,0.112669125,180
IN,1955,marine_hw,abrupt-4xCO2,0.3054929767444445,0.5201125,0.09363807,180
IN,1956,marine_hw,abrupt-4xCO2,0.31138893484444446,0.5052067,0.095899016,180
IN,1957,marine_hw,abrupt-4xCO2,0.3141707558,0.537594,0.09358908,180
IN,1958,marine_hw,abrupt-4xCO2,0.30094379935,0.5246559,0.039344203,180
IN,1959,marine_hw,abrupt-4xCO2,0.3208328875222222,0.5140478,0.06033004,180
IN,1960,marine_hw,abrupt-4xCO2,0.29057348963888885,0.5020901,0.09007185,180
IN,1961,marine_hw,abrupt-4xCO2,0.33686830879444446,0.52664363,0.054218333,180
IN,1962,marine_hw,abrupt-4xCO2,0.3276080786388889,0.505602,0.106374875,180
IN,1963,marine_hw,abrupt-4xCO2,0.3375881605,0.574469,0.08455071,180
IN,1964,marine_hw,abrupt-4xCO2,0.3195647900388889,0.49561873,0.06107295,180
IN,1965,marine_hw,abrupt-4xCO2,0.32649673441666666,0.49992585,0.08022614,180
IN,1966,marine_hw,abrupt-4xCO2,0.3610702104444445,0.5495852,0.05627068,180
IN,1967,marine_hw,abrupt-4xCO2,0.2948163978333333,0.470129,0.07186088,180
IN,1968,marine_hw,abrupt-4xCO2,0.3046665692777778,0.45698214,0.066093445,180
IN,1969,marine_hw,abrupt-4xCO2,0.3431390201666667,0.5312796,0.050824035,180
IN,1970,marine_hw,abrupt-4xCO2,0.3696256107222223,0.5868333,0.08327898,180
IN,1971,marine_hw,abrupt-4xCO2,0.32790150794444445,0.54661226,0.10883178,180
IN,1972,marine_hw,abrupt-4xCO2,0.3050521070944444,0.48950166,0.017473178,180
IN,1973,marine_hw,abrupt-4xCO2,0.3522698446111111,0.54349095,0.06825237,180
IN,1974,marine_hw,abrupt-4xCO2,0.33184665894444443,0.5353526,0.08338165,180
IN,1975,marine_hw,abrupt-4xCO2,0.29736334985,0.48710915,0.054047875,180
IN,1976,marine_hw,abrupt-4xCO2,0.3436641999444444,0.51231563,0.12800041,180
IN,1977,marine_hw,abrupt-4xCO2,0.34945758577777775,0.55966246,0.07260446,180
IN,1978,marine_hw,abrupt-4xCO2,0.3066874643333333,0.48694408,0.11122358,180
IN,1979,marine_hw,abrupt-4xCO2,0.3063767971,0.5186039,0.030035373,180
IN,1980,marine_hw,abrupt-4xCO2,0.3378113866111111,0.5671627,0.12052837,180
IN,1981,marine_hw,abrupt-4xCO2,0.3171848094722222,0.5359082,0.06760342,180
IN,1982,marine_hw,abrupt-4xCO2,0.32736194739444446,0.5446311,0.03545853,180
IN,1983,marine_hw,abrupt-4xCO2,0.3619278344777778,0.5613389,0.048821475,180
IN,1984,marine_hw,abrupt-4xCO2,0.3453879015888889,0.544652,0.112281896,180
IN,1985,marine_hw,abrupt-4xCO2,0.32858564548888886,0.49874738,0.024793535,180
IN,1986,marine_hw,abrupt-4xCO2,0.30285176120555557,0.51576316,0.051601842,180
IN,1987,marine_hw,abrupt-4xCO2,0.3098235653777778,0.48047736,0.052478842,180
IN,1988,marine_hw,abrupt-4xCO2,0.3572674097222222,0.58177924,0.10760836,180
IN,1989,marine_hw,abrupt-4xCO2,0.34397732183333335,0.56312734,0.11847347,180
IN,1990,marine_hw,abrupt-4xCO2,0.32928321213333334,0.5434856,0.02024415,180
IN,1991,marine_hw,abrupt-4xCO2,0.3356028141888889,0.55334675,0.079578534,180
IN,1992,marine_hw,abrupt-4xCO2,0.33265051891111114,0.5436272,0.08263941,180
IN,1993,marine_hw,abrupt-4xCO2,0.33296755761111113,0.5636394,0.09241734,180
IN,1994,marine_hw,abrupt-4xCO2,0.3150288680555556,0.5351499,0.078809455,180
IN,1995,marine_hw,abrupt-4xCO2,0.33844941338333334,0.53378415,0.063392274,180
IN,1996,marine_hw,abrupt-4xCO2,0.3593070796666667,0.5328037,0.09599632,180
IN,1997,marine_hw,abrupt-4xCO2,0.3186292180222222,0.5603242,0.061775044,180
IN,1998,marine_hw,abrupt-4xCO2,0.3269471485777778,0.5172235,0.018634181,180
IN,1999,marine_hw,abrupt-4xCO2,0.3408413648888889,0.5400429,0.10532326,180
IN,2000,marine_hw,abrupt-4xCO2,0.3282799339222222,0.47479182,0.108553946,180
IR,1850,marine_hw,abrupt-4xCO2,0.17256039916666666,0.5838679,0.0,24
IR,1851,marine_hw,abrupt-4xCO2,0.2055476227791667,0.6400936,0.0,24
IR,1852,marine_hw,abrupt-4xCO2,0.22285423413750002,0.6206192,0.0,24
IR,1853,marine_hw,abrupt-4xCO2,0.27434734791666665,0.72334844,0.0,24
IR,1854,marine_hw,abrupt-4xCO2,0.26014489496666665,0.7259845,0.0,24
IR,1855,marine_hw,abrupt-4xCO2,0.21886875975,0.64304906,0.0,24
IR,1856,marine_hw,abrupt-4xCO2,0.23156221425,0.7222407,0.0,24
IR,1857,marine_hw,abrupt-4xCO2,0.2953004604583333,0.76608056,0.0,24
IR,1858,marine_hw,abrupt-4xCO2,0.25201967229166666,0.7062631,0.0,24
IR,1859,marine_hw,abrupt-4xCO2,0.25046362166666664,0.74828833,0.0,24
IR,1860,marine_hw,abrupt-4xCO2,0.2756789465833333,0.7549885,0.0,24
IR,1861,marine_hw,abrupt-4xCO2,0.21683682270833335,0.66320086,0.0,24
IR,1862,marine_hw,abrupt-4xCO2,0.272525930375,0.7451663,0.0,24
IR,1863,marine_hw,abrupt-4xCO2,0.2735494446541667,0.74488807,0.0,24
IR,1864,marine_hw,abrupt-4xCO2,0.267821719375,0.7382048,0.0,24
IR,1865,marine_hw,abrupt-4xCO2,0.2943148155,0.7579217,0.0,24
IR,1866,marine_hw,abrupt-4xCO2,0.30711019958333335,0.79267484,0.0,24
IR,1867,marine_hw,abrupt-4xCO2,0.26063088320833333,0.7403057,0.0,24
IR,1868,marine_hw,abrupt-4xCO2,0.2794089634375,0.7649531,0.0,24
IR,1869,marine_hw,abrupt-4xCO2,0.26727390945833335,0.7992329,0.0,24
IR,1870,marine_hw,abrupt-4xCO2,0.2297061272083333,0.6983674,0.0,24
IR,1871,marine_hw,abrupt-4xCO2,0.25515793000000003,0.74695855,0.0,24
IR,1872,marine_hw,abrupt-4xCO2,0.2553783362916667,0.7416319,0.0,24
IR,1873,marine_hw,abrupt-4xCO2,0.24503049224999998,0.7301633,0.0,24
IR,1874,marine_hw,abrupt-4xCO2,0.2778147758333333,0.8019924,0.0,24
IR,1875,marine_hw,abrupt-4xCO2,0.2869259161041667,0.7931884,0.0,24
IR,1876,marine_hw,abrupt-4xCO2,0.262667293875,0.7599368,0.0,24
IR,1877,marine_hw,abrupt-4xCO2,0.21791859179166664,0.6610301,0.0,24
IR,1878,marine_hw,abrupt-4xCO2,0.22974370154166668,0.6809483,0.0,24
IR,1879,marine_hw,abrupt-4xCO2,0.2896969544583333,0.77203006,0.0,24
IR,1880,marine_hw,abrupt-4xCO2,0.26060594895833333,0.7422618,0.0,24
IR,1881,marine_hw,abrupt-4xCO2,0.267420409125,0.80144304,0.0,24
IR,1882,marine_hw,abrupt-4xCO2,0.2685416530208333,0.7293284,0.0,24
IR,1883,marine_hw,abrupt-4xCO2,0.25900276266666666,0.7028566,0.0,24
IR,1884,marine_hw,abrupt-4xCO2,0.27748943708333335,0.80577207,0.0,24
IR,1885,marine_hw,abrupt-4xCO2,0.2723877054166667,0.75069624,0.0,24
IR,1886,marine_hw,abrupt-4xCO2,0.222384776875,0.6985348,0.0,24
IR,1887,marine_hw,abrupt-4xCO2,0.31105986412500003,0.779669,0.0,24
IR,1888,marine_hw,abrupt-4xCO2,0.3393819517916667,0.7954863,0.0,24
IR,1889,marine_hw,abrupt-4xCO2,0.2844923750833333,0.8088421,0.0,24
IR,1890,marine_hw,abrupt-4xCO2,0.23751400158333333,0.7048914,0.0,24
IR,1891,marine_hw,abrupt-4xCO2,0.29814682458333336,0.7375453,0.0,24
IR,1892,marine_hw,abrupt-4xCO2,0.28521637270833333,0.8058347,0.0,24
IR,1893,marine_hw,abrupt-4xCO2,0.24459411320833332,0.73370403,0.0,24
IR,1894,marine_hw,abrupt-4xCO2,0.2716154802708333,0.75034004,0.0,24
IR,1895,marine_hw,abrupt-4xCO2,0.29612946825833336,0.7816527,0.0,24
IR,1896,marine_hw,abrupt-4xCO2,0.26720068336249997,0.7105098,0.0,24
IR,1897,marine_hw,abrupt-4xCO2,0.24667343,0.70398855,0.0,24
IR,1898,marine_hw,abrupt-4xCO2,0.27720295333333334,0.8144981,0.0,24
IR,1899,marine_hw,abrupt-4xCO2,0.27104723075,0.7517476,0.0,24
IR,1900,marine_hw,abrupt-4xCO2,0.26557005836666664,0.774411,0.0,24
IR,1901,marine_hw,abrupt-4xCO2,0.28514165372083333,0.8107856,0.0,24
IR,1902,marine_hw,abrupt-4xCO2,0.26063572166666665,0.7083704,0.0,24
IR,1903,marine_hw,abrupt-4xCO2,0.26256320552083334,0.742439,0.0,24
IR,1904,marine_hw,abrupt-4xCO2,0.2583423518333333,0.77143407,0.0,24
IR,1905,marine_hw,abrupt-4xCO2,0.2606444172125,0.74374276,0.0,24
IR,1906,marine_hw,abrupt-4xCO2,0.2838812854166667,0.7321721,0.0,24
IR,1907,marine_hw,abrupt-4xCO2,0.26695599833333333,0.7585883,0.0,24
IR,1908,marine_hw,abrupt-4xCO2,0.2965799044583333,0.75137806,0.0,24
IR,1909,marine_hw,abrupt-4xCO2,0.2681103984166667,0.7202739,0.0,24
IR,1910,marine_hw,abrupt-4xCO2,0.25154289916666667,0.7393555,0.0,24
IR,1911,marine_hw,abrupt-4xCO2,0.28495136266666665,0.78546095,0.0,24
IR,1912,marine_hw,abrupt-4xCO2,0.246218416625,0.7688356,0.0,24
IR,1913,marine_hw,abrupt-4xCO2,0.28028009766666667,0.8248599,0.0,24
IR,1914,marine_hw,abrupt-4xCO2,0.31525659483333335,0.8195618,0.0,24
IR,1915,marine_hw,abrupt-4xCO2,0.2929504491666666,0.7659767,0.0,24
IR,1916,marine_hw,abrupt-4xCO2,0.28396778650000004,0.7621917,0.0,24
IR,1917,marine_hw,abrupt-4xCO2,0.22962842679166665,0.70844823,0.0,24
IR,1918,marine_hw,abrupt-4xCO2,0.225400473375,0.6833616,0.0,24
IR,1919,marine_hw,abrupt-4xCO2,0.27651310156250003,0.75586367,0.0,24
IR,1920,marine_hw,abrupt-4xCO2,0.2819334283583333,0.7716175,0.0,24
IR,1921,marine_hw,abrupt-4xCO2,0.28698885383333333,0.7192324,0.0,24
IR,1922,marine_hw,abrupt-4xCO2,0.27664746454166667,0.77802163,0.0,24
IR,1923,marine_hw,abrupt-4xCO2,0.23653840541666668,0.7242138,0.0,24
IR,1924,marine_hw,abrupt-4xCO2,0.2533884855,0.70651454,0.0,24
IR,1925,marine_hw,abrupt-4xCO2,0.27397215904,0.75469065,0.0,24
IR,1926,marine_hw,abrupt-4xCO2,0.289530836375,0.7632521,0.0,24
IR,1927,marine_hw,abrupt-4xCO2,0.2394651504166667,0.6785145,0.0,24
IR,1928,marine_hw,abrupt-4xCO2,0.27233546875,0.79313207,0.0,24
IR,1929,marine_hw,abrupt-4xCO2,0.25500559275,0.7802255,0.0,24
IR,1930,marine_hw,abrupt-4xCO2,0.25843862475,0.71395206,0.0,24
IR,1931,marine_hw,abrupt-4xCO2,0.2613235180208333,0.71506166,0.0,24
IR,1932,marine_hw,abrupt-4xCO2,0.2224470910833333,0.6950012,0.0,24
IR,1933,marine_hw,abrupt-4xCO2,0.26262111441666663,0.71969146,0.0,24
IR,1934,marine_hw,abrupt-4xCO2,0.2596960870833333,0.6939981,0.0,24
IR,1935,marine_hw,abrupt-4xCO2,0.2803262201666667,0.77639127,0.0,24
IR,1936,marine_hw,abrupt-4xCO2,0.28485974465,0.8334151,0.0,24
IR,1937,marine_hw,abrupt-4xCO2,0.24593958208333333,0.70518845,0.0,24
IR,1938,marine_hw,abrupt-4xCO2,0.2562896624166667,0.7878447,0.0,24
IR,1939,marine_hw,abrupt-4xCO2,0.282837265,0.76862264,0.0,24
IR,1940,marine_hw,abrupt-4xCO2,0.2694254625,0.71411496,0.0,24
IR,1941,marine_hw,abrupt-4xCO2,0.21749921673333336,0.70991117,0.0,24
IR,1942,marine_hw,abrupt-4xCO2,0.28160252583333334,0.7845456,0.0,24
IR,1943,marine_hw,abrupt-4xCO2,0.3054537029166667,0.82629424,0.0,24
IR,1944,marine_hw,abrupt-4xCO2,0.2568510325,0.74243814,0.0,24
IR,1945,marine_hw,abrupt-4xCO2,0.217432538625,0.72124296,0.0,24
IR,1946,marine_hw,abrupt-4xCO2,0.2606993402916667,0.8278396,0.0,24
IR,1947,marine_hw,abrupt-4xCO2,0.27014172541666664,0.7195036,0.0,24
IR,1948,marine_hw,abrupt-4xCO2,0.2832114950291667,0.7889561,0.0,24
IR,1949,marine_hw,abrupt-4xCO2,0.2644160783333333,0.73736376,0.0,24
IR,1950,marine_hw,abrupt-4xCO2,0.21002980145833336,0.62427527,0.0,24
IR,1951,marine_hw,abrupt-4xCO2,0.320832384125,0.7863352,0.0,24
IR,1952,marine_hw,abrupt-4xCO2,0.29047201233333336,0.8428812,0.0,24
IR,1953,marine_hw,abrupt-4xCO2,0.22625499904166668,0.6981043,0.0,24
IR,1954,marine_hw,abrupt-4xCO2,0.2747484450416667,0.7854163,0.0,24
IR,1955,marine_hw,abrupt-4xCO2,0.25107355454166663,0.6788921,0.0,24
IR,1956,marine_hw,abrupt-4xCO2,0.25495550719166665,0.6970628,0.0,24
IR,1957,marine_hw,abrupt-4xCO2,0.2734147089166667,0.72778934,0.0,24
IR,1958,marine_hw,abrupt-4xCO2,0.258330587125,0.7191885,0.0,24
IR,1959,marine_hw,abrupt-4xCO2,0.2580359325416667,0.74774426,0.0,24
IR,1960,marine_hw,abrupt-4xCO2,0.26469662125,0.72560424,0.0,24
IR,1961,marine_hw,abrupt-4xCO2,0.278848683125,0.8425188,0.0,24
IR,1962,marine_hw,abrupt-4xCO2,0.24782394966666665,0.7121286,0.0,24
IR,1963,marine_hw,abrupt-4xCO2,0.26227138375,0.7663713,0.0,24
IR,1964,marine_hw,abrupt-4xCO2,0.26902851845833337,0.7841358,0.0,24
IR,1965,marine_hw,abrupt-4xCO2,0.26361816583333336,0.75893456,0.0,24
IR,1966,marine_hw,abrupt-4xCO2,0.3162489908333333,0.77150923,0.0,24
IR,1967,marine_hw,abrupt-4xCO2,0.24527191445833332,0.7424614,0.0,24
IR,1968,marine_hw,abrupt-4xCO2,0.233036913375,0.7246933,0.0,24
IR,1969,marine_hw,abrupt-4xCO2,0.277456228875,0.7539765,0.0,24
IR,1970,marine_hw,abrupt-4xCO2,0.33143583083333333,0.80452293,0.0,24
IR,1971,marine_hw,abrupt-4xCO2,0.2827500979,0.73008364,0.0,24
IR,1972,marine_hw,abrupt-4xCO2,0.28006666458333335,0.7274278,0.0,24
IR,1973,marine_hw,abrupt-4xCO2,0.3283600614166667,0.80781573,0.0,24
IR,1974,marine_hw,abrupt-4xCO2,0.25862805408333334,0.7621434,0.0,24
IR,1975,marine_hw,abrupt-4xCO2,0.29725689925000004,0.76264983,0.0,24
IR,1976,marine_hw,abrupt-4xCO2,0.2791553568333333,0.7116042,0.0,24
IR,1977,marine_hw,abrupt-4xCO2,0.29721487258333334,0.796544,0.0,24
IR,1978,marine_hw,abrupt-4xCO2,0.25765176654166666,0.7341111,0.0,24
IR,1979,marine_hw,abrupt-4xCO2,0.25430888833333337,0.74310297,0.0,24
IR,1980,marine_hw,abrupt-4xCO2,0.279972798,0.8109583,0.0,24
IR,1981,marine_hw,abrupt-4xCO2,0.3042784074583333,0.82808477,0.0,24
IR,1982,marine_hw,abrupt-4xCO2,0.25798951358333333,0.73093194,0.0,24
IR,1983,marine_hw,abrupt-4xCO2,0.2721288821666667,0.75381464,0.0,24
IR,1984,marine_hw,abrupt-4xCO2,0.2720521739583333,0.77015716,0.0,24
IR,1985,marine_hw,abrupt-4xCO2,0.28627550375,0.8122048,0.0,24
IR,1986,marine_hw,abrupt-4xCO2,0.24806811316666666,0.71040696,0.0,24
IR,1987,marine_hw,abrupt-4xCO2,0.27427147225,0.71167755,0.0,24
IR,1988,marine_hw,abrupt-4xCO2,0.2930929503583333,0.8420642,0.0,24
IR,1989,marine_hw,abrupt-4xCO2,0.2585120059166667,0.7502739,0.0,24
IR,1990,marine_hw,abrupt-4xCO2,0.3037436728333333,0.8178992,0.0,24
IR,1991,marine_hw,abrupt-4xCO2,0.288011674625,0.7703326,0.0,24
IR,1992,marine_hw,abrupt-4xCO2,0.28126564095833334,0.7829457,0.0,24
IR,1993,marine_hw,abrupt-4xCO2,0.2711108764583333,0.7941799,0.0,24
IR,1994,marine_hw,abrupt-4xCO2,0.28275014625,0.79011303,0.0,24
IR,1995,marine_hw,abrupt-4xCO2,0.32681046575,0.8695919,0.0,24
IR,1996,marine_hw,abrupt-4xCO2,0.25874252168333334,0.73644656,0.0,24
IR,1997,marine_hw,abrupt-4xCO2,0.24247551020833336,0.69410276,0.0,24
IR,1998,marine_hw,abrupt-4xCO2,0.28145175875,0.76677936,0.0,24
IR,1999,marine_hw,abrupt-4xCO2,0.31628689424166667,0.80474025,0.0,24
IR,2000,marine_hw,abrupt-4xCO2,0.2759863610416667,0.7386647,0.0,24
IT,1850,marine_hw,abrupt-4xCO2,7.394041666666666e-05,0.00532371,0.0,72
IT,1851,marine_hw,abrupt-4xCO2,0.00014755460555555556,0.0077497363,0.0,72
IT,1852,marine_hw,abrupt-4xCO2,0.0017803937630555555,0.04402659,0.0,72
IT,1853,marine_hw,abrupt-4xCO2,0.014807363316666667,0.20755258,0.0,72
IT,1854,marine_hw,abrupt-4xCO2,0.011457857491111112,0.18547273,0.0,72
IT,1855,marine_hw,abrupt-4xCO2,0.0044556272625,0.07890475,0.0,72
IT,1856,marine_hw,abrupt-4xCO2,0.0057468183722222226,0.09036378,0.0,72
IT,1857,marine_hw,abrupt-4xCO2,0.0025151109041666665,0.07960068,0.0,72
IT,1858,marine_hw,abrupt-4xCO2,0.0019400288215277778,0.037346337,0.0,72
IT,1859,marine_hw,abrupt-4xCO2,0.002241098675,0.08211797,0.0,72
IT,1860,marine_hw,abrupt-4xCO2,0.007431350328111111,0.12581865,0.0,72
IT,1861,marine_hw,abrupt-4xCO2,0.0024358185277777774,0.05329704,0.0,72
IT,1862,marine_hw,abrupt-4xCO2,0.0030667515555555555,0.0723234,0.0,72
IT,1863,marine_hw,abrupt-4xCO2,0.005505924873611111,0.12458317,0.0,72
IT,1864,marine_hw,abrupt-4xCO2,0.008341544670833333,0.14008021,0.0,72
IT,1865,marine_hw,abrupt-4xCO2,0.005222278513888889,0.08469176,0.0,72
IT,1866,marine_hw,abrupt-4xCO2,0.006980725638888889,0.1286017,0.0,72
IT,1867,marine_hw,abrupt-4xCO2,0.0041072610125,0.07547945,0.0,72
IT,1868,marine_hw,abrupt-4xCO2,0.013601236555555556,0.19728342,0.0,72
IT,1869,marine_hw,abrupt-4xCO2,0.0009398539486111111,0.027349755,0.0,72
IT,1870,marine_hw,abrupt-4xCO2,0.0010923782638888888,0.026011582,0.0,72
IT,1871,marine_hw,abrupt-4xCO2,0.002708331736111111,0.06910279,0.0,72
IT,1872,marine_hw,abrupt-4xCO2,0.006606022083333333,0.1514124,0.0,72
IT,1873,marine_hw,abrupt-4xCO2,0.0029404995708333334,0.07947048,0.0,72
IT,1874,marine_hw,abrupt-4xCO2,0.0031795709263888893,0.065772116,0.0,72
IT,1875,marine_hw,abrupt-4xCO2,0.013857058533333334,0.18353727,0.0,72
IT,1876,marine_hw,abrupt-4xCO2,0.004658827147222222,0.10254894,0.0,72
IT,1877,marine_hw,abrupt-4xCO2,0.002791949407777778,0.05306685,0.0,72
IT,1878,marine_hw,abrupt-4xCO2,0.016982509402777776,0.20323607,0.0,72
IT,1879,marine_hw,abrupt-4xCO2,0.008185679358333333,0.09159726,0.0,72
IT,1880,marine_hw,abrupt-4xCO2,0.010978236125,0.13242698,0.0,72
IT,1881,marine_hw,abrupt-4xCO2,0.01738398057222222,0.22545353,0.0,72
IT,1882,marine_hw,abrupt-4xCO2,0.00019360710277777776,0.00856311,0.0,72
IT,1883,marine_hw,abrupt-4xCO2,0.0019260172777777777,0.044655286,0.0,72
IT,1884,marine_hw,abrupt-4xCO2,0.0033397737916666666,0.103516,0.0,72
IT,1885,marine_hw,abrupt-4xCO2,0.007527180036111112,0.10757145,0.0,72
IT,1886,marine_hw,abrupt-4xCO2,0.0048581153194444445,0.1184822,0.0,72
IT,1887,marine_hw,abrupt-4xCO2,0.0031505304583333334,0.113771066,0.0,72
IT,1888,marine_hw,abrupt-4xCO2,0.008413509269444445,0.10689901,0.0,72
IT,1889,marine_hw,abrupt-4xCO2,0.005019680819444445,0.12458316,0.0,72
IT,1890,marine_hw,abrupt-4xCO2,0.0069830200694444445,0.13070494,0.0,72
IT,1891,marine_hw,abrupt-4xCO2,0.003350252161111111,0.075372875,0.0,72
IT,1892,marine_hw,abrupt-4xCO2,0.0050016357125,0.11611857,0.0,72
IT,1893,marine_hw,abrupt-4xCO2,0.007537711068055556,0.13880914,0.0,72
IT,1894,marine_hw,abrupt-4xCO2,0.006200043080555555,0.15435651,0.0,72
IT,1895,marine_hw,abrupt-4xCO2,0.01612769555,0.22084641,0.0,72
IT,1896,marine_hw,abrupt-4xCO2,0.00037545478680555555,0.01779799,0.0,72
IT,1897,marine_hw,abrupt-4xCO2,0.015826130066666666,0.26280424,0.0,72
IT,1898,marine_hw,abrupt-4xCO2,0.009615764486111112,0.13367993,0.0,72
IT,1899,marine_hw,abrupt-4xCO2,0.0035370341666666662,0.08941229,0.0,72
IT,1900,marine_hw,abrupt-4xCO2,0.005011782444444444,0.1086338,0.0,72
IT,1901,marine_hw,abrupt-4xCO2,0.007039488973611111,0.13659787,0.0,72
IT,1902,marine_hw,abrupt-4xCO2,0.009562555666666667,0.11844528,0.0,72
IT,1903,marine_hw,abrupt-4xCO2,0.006343605354166667,0.09112023,0.0,72
IT,1904,marine_hw,abrupt-4xCO2,0.005155222694444444,0.12229404,0.0,72
IT,1905,marine_hw,abrupt-4xCO2,0.004407369715277778,0.081715435,0.0,72
IT,1906,marine_hw,abrupt-4xCO2,0.003408496254861111,0.069963805,0.0,72
IT,1907,marine_hw,abrupt-4xCO2,0.008495131361111111,0.132278,0.0,72
IT,1908,marine_hw,abrupt-4xCO2,0.0028000207180555554,0.06582916,0.0,72
IT,1909,marine_hw,abrupt-4xCO2,0.0021017744444444446,0.07067719,0.0,72
IT,1910,marine_hw,abrupt-4xCO2,0.0089204469875,0.14152172,0.0,72
IT,1911,marine_hw,abrupt-4xCO2,0.006919386374999999,0.11343753,0.0,72
IT,1912,marine_hw,abrupt-4xCO2,0.003057285527777778,0.052050136,0.0,72
IT,1913,marine_hw,abrupt-4xCO2,0.009956739527777779,0.1546773,0.0,72
IT,1914,marine_hw,abrupt-4xCO2,0.0020179748166666667,0.06660348,0.0,72
IT,1915,marine_hw,abrupt-4xCO2,0.0007863806111111111,0.024641868,0.0,72
IT,1916,marine_hw,abrupt-4xCO2,0.0012922821763888888,0.03349032,0.0,72
IT,1917,marine_hw,abrupt-4xCO2,0.004823350876388889,0.088835016,0.0,72
IT,1918,marine_hw,abrupt-4xCO2,0.0033722872222222222,0.07645658,0.0,72
IT,1919,marine_hw,abrupt-4xCO2,0.01573145881527778,0.19086635,0.0,72
IT,1920,marine_hw,abrupt-4xCO2,0.004768096347222223,0.08537091,0.0,72
IT,1921,marine_hw,abrupt-4xCO2,0.02156573510611111,0.2279849,0.0,72
IT,1922,marine_hw,abrupt-4xCO2,0.00048206822638888886,0.02896912,0.0,72
IT,1923,marine_hw,abrupt-4xCO2,0.005670797429166667,0.11221815,0.0,72
IT,1924,marine_hw,abrupt-4xCO2,0.0017767179347222223,0.06025903,0.0,72
IT,1925,marine_hw,abrupt-4xCO2,0.008550418797222223,0.13795012,0.0,72
IT,1926,marine_hw,abrupt-4xCO2,0.009093709090277778,0.17249298,0.0,72
IT,1927,marine_hw,abrupt-4xCO2,0.0015203635208333333,0.03776376,0.0,72
IT,1928,marine_hw,abrupt-4xCO2,0.010943026152777778,0.1760337,0.0,72
IT,1929,marine_hw,abrupt-4xCO2,0.004223946833333333,0.09449507,0.0,72
IT,1930,marine_hw,abrupt-4xCO2,0.0065804555055555556,0.09042095,0.0,72
IT,1931,marine_hw,abrupt-4xCO2,0.0005369288888888889,0.02220913,0.0,72
IT,1932,marine_hw,abrupt-4xCO2,0.001306541352777778,0.049487203,0.0,72
IT,1933,marine_hw,abrupt-4xCO2,0.004798382090277778,0.0710106,0.0,72
IT,1934,marine_hw,abrupt-4xCO2,0.0034041398819444446,0.07006849,0.0,72
IT,1935,marine_hw,abrupt-4xCO2,0.0020650713277777775,0.07388291,0.0,72
IT,1936,marine_hw,abrupt-4xCO2,0.007556227304166666,0.10919149,0.0,72
IT,1937,marine_hw,abrupt-4xCO2,0.0016211141805555556,0.059171848,0.0,72
IT,1938,marine_hw,abrupt-4xCO2,0.0006216645833333334,0.02710816,0.0,72
IT,1939,marine_hw,abrupt-4xCO2,0.010754042180555555,0.16153929,0.0,72
IT,1940,marine_hw,abrupt-4xCO2,0.0020199823430555558,0.06906307,0.0,72
IT,1941,marine_hw,abrupt-4xCO2,0.009232321620833334,0.12552606,0.0,72
IT,1942,marine_hw,abrupt-4xCO2,0.0055680143152777774,0.081812076,0.0,72
IT,1943,marine_hw,abrupt-4xCO2,0.018477597999999998,0.18672836,0.0,72
IT,1944,marine_hw,abrupt-4xCO2,0.0036535446013888887,0.09336293,0.0,72
IT,1945,marine_hw,abrupt-4xCO2,0.007768985234722222,0.08921217,0.0,72
IT,1946,marine_hw,abrupt-4xCO2,0.016399927305555555,0.16775167,0.0,72
IT,1947,marine_hw,abrupt-4xCO2,0.001789349961111111,0.048187282,0.0,72
IT,1948,marine_hw,abrupt-4xCO2,0.017934501297222225,0.1940467,0.0,72
IT,1949,marine_hw,abrupt-4xCO2,0.0014722564361111111,0.043651447,0.0,72
IT,1950,marine_hw,abrupt-4xCO2,0.0006828989486111111,0.025459938,0.0,72
IT,1951,marine_hw,abrupt-4xCO2,0.005978852888888889,0.09734255,0.0,72
IT,1952,marine_hw,abrupt-4xCO2,0.004674243069444445,0.100487985,0.0,72
IT,1953,marine_hw,abrupt-4xCO2,0.002815394736111111,0.08760488,0.0,72
IT,1954,marine_hw,abrupt-4xCO2,0.0119774019125,0.12657566,0.0,72
IT,1955,marine_hw,abrupt-4xCO2,0.0015838174208333332,0.04332315,0.0,72
IT,1956,marine_hw,abrupt-4xCO2,0.002906666090277778,0.059761744,0.0,72
IT,1957,marine_hw,abrupt-4xCO2,0.015551854966666667,0.23375435,0.0,72
IT,1958,marine_hw,abrupt-4xCO2,0.005683212201388889,0.14196801,0.0,72
IT,1959,marine_hw,abrupt-4xCO2,0.003306738981944444,0.08259244,0.0,72
IT,1960,marine_hw,abrupt-4xCO2,0.0028421136041666666,0.10213353,0.0,72
IT,1961,marine_hw,abrupt-4xCO2,0.018641642411111114,0.16415055,0.0,72
IT,1962,marine_hw,abrupt-4xCO2,0.002173718401388889,0.072425276,0.0,72
IT,1963,marine_hw,abrupt-4xCO2,0.008294287409722222,0.19667405,0.0,72
IT,1964,marine_hw,abrupt-4xCO2,0.004221093969444444,0.09904391,0.0,72
IT,1965,marine_hw,abrupt-4xCO2,0.007893298861111111,0.08993696,0.0,72
IT,1966,marine_hw,abrupt-4xCO2,0.008506660958333334,0.18934163,0.0,72
IT,1967,marine_hw,abrupt-4xCO2,0.0016257559312499999,0.0598851,0.0,72
IT,1968,marine_hw,abrupt-4xCO2,0.004804349606111111,0.062290993,0.0,72
IT,1969,marine_hw,abrupt-4xCO2,0.004656786918055555,0.08203421,0.0,72
IT,1970,marine_hw,abrupt-4xCO2,0.02885952115972222,0.28016025,0.0,72
IT,1971,marine_hw,abrupt-4xCO2,0.0076577538916666665,0.11581591,0.0,72
IT,1972,marine_hw,abrupt-4xCO2,0.005824666333333333,0.09936591,0.0,72
IT,1973,marine_hw,abrupt-4xCO2,0.002757107583333333,0.05046634,0.0,72
IT,1974,marine_hw,abrupt-4xCO2,0.019534194379166665,0.18147297,0.0,72
IT,1975,marine_hw,abrupt-4xCO2,0.002916753013888889,0.0668291,0.0,72
IT,1976,marine_hw,abrupt-4xCO2,0.007021461725000001,0.081138164,0.0,72
IT,1977,marine_hw,abrupt-4xCO2,0.007817777227777777,0.115445465,0.0,72
IT,1978,marine_hw,abrupt-4xCO2,0.017441836386111114,0.21084166,0.0,72
IT,1979,marine_hw,abrupt-4xCO2,0.012335068465277777,0.17078035,0.0,72
IT,1980,marine_hw,abrupt-4xCO2,0.004480838242083333,0.08927324,0.0,72
IT,1981,marine_hw,abrupt-4xCO2,0.029030810888888887,0.310457,0.0,72
IT,1982,marine_hw,abrupt-4xCO2,0.004745173027777778,0.09735664,0.0,72
IT,1983,marine_hw,abrupt-4xCO2,0.005228778076944444,0.100820184,0.0,72
IT,1984,marine_hw,abrupt-4xCO2,0.0021157131055555556,0.057830863,0.0,72
IT,1985,marine_hw,abrupt-4xCO2,0.002194194543055556,0.061116025,0.0,72
IT,1986,marine_hw,abrupt-4xCO2,0.01800166309722222,0.17096356,0.0,72
IT,1987,marine_hw,abrupt-4xCO2,0.0035508800916666666,0.07440783,0.0,72
IT,1988,marine_hw,abrupt-4xCO2,0.0060653932555555555,0.13648647,0.0,72
IT,1989,marine_hw,abrupt-4xCO2,0.006987179431944444,0.12644546,0.0,72
IT,1990,marine_hw,abrupt-4xCO2,0.012024688629166667,0.16846237,0.0,72
IT,1991,marine_hw,abrupt-4xCO2,7.21257638888889e-06,0.0005193055,0.0,72
IT,1992,marine_hw,abrupt-4xCO2,0.010914141611111112,0.14030637,0.0,72
IT,1993,marine_hw,abrupt-4xCO2,0.005224970426388888,0.1083063,0.0,72
IT,1994,marine_hw,abrupt-4xCO2,0.014619358006944444,0.19455138,0.0,72
IT,1995,marine_hw,abrupt-4xCO2,0.013377643527777778,0.17822754,0.0,72
IT,1996,marine_hw,abrupt-4xCO2,0.002532799998611111,0.051702507,0.0,72
IT,1997,marine_hw,abrupt-4xCO2,0.004672793280555556,0.10493,0.0,72
IT,1998,marine_hw,abrupt-4xCO2,0.0091811376,0.17419288,0.0,72
IT,1999,marine_hw,abrupt-4xCO2,0.0082212837375,0.13322559,0.0,72
IT,2000,marine_hw,abrupt-4xCO2,0.004156004920833334,0.10725872,0.0,72
JP,1850,marine_hw,abrupt-4xCO2,0.009948905444345239,0.18144009,0.0,336
JP,1851,marine_hw,abrupt-4xCO2,0.019363483467857143,0.25576106,0.0,336
JP,1852,marine_hw,abrupt-4xCO2,0.02648737515565476,0.2919709,0.0,336
JP,1853,marine_hw,abrupt-4xCO2,0.03219952546973214,0.27184063,0.0,336
JP,1854,marine_hw,abrupt-4xCO2,0.026598422251190478,0.2955479,0.0,336
JP,1855,marine_hw,abrupt-4xCO2,0.0308482889952381,0.33347443,0.0,336
JP,1856,marine_hw,abrupt-4xCO2,0.03783240550386905,0.28032732,0.0,336
JP,1857,marine_hw,abrupt-4xCO2,0.04766183654672619,0.33972636,0.0,336
JP,1858,marine_hw,abrupt-4xCO2,0.041233849974047616,0.34820837,0.0,336
JP,1859,marine_hw,abrupt-4xCO2,0.0362942685639881,0.32257777,0.0,336
JP,1860,marine_hw,abrupt-4xCO2,0.036855178872511905,0.31283945,0.0,336
JP,1861,marine_hw,abrupt-4xCO2,0.03652913149508928,0.31249452,0.0,336
JP,1862,marine_hw,abrupt-4xCO2,0.04634985486452381,0.3740396,0.0,336
JP,1863,marine_hw,abrupt-4xCO2,0.04499212245877976,0.35902178,0.0,336
JP,1864,marine_hw,abrupt-4xCO2,0.051326148251071436,0.37574887,0.0,336
JP,1865,marine_hw,abrupt-4xCO2,0.05522429098988096,0.43416542,0.0,336
JP,1866,marine_hw,abrupt-4xCO2,0.04716422905267857,0.38125792,0.0,336
JP,1867,marine_hw,abrupt-4xCO2,0.050526776755535706,0.33984178,0.0,336
JP,1868,marine_hw,abrupt-4xCO2,0.03912982263767857,0.32880017,0.0,336
JP,1869,marine_hw,abrupt-4xCO2,0.046886134054761906,0.32347503,0.0,336
JP,1870,marine_hw,abrupt-4xCO2,0.05091822771625,0.35661042,0.0,336
JP,1871,marine_hw,abrupt-4xCO2,0.037982321938392856,0.36227795,0.0,336
JP,1872,marine_hw,abrupt-4xCO2,0.04021466994035714,0.35692656,0.0,336
JP,1873,marine_hw,abrupt-4xCO2,0.042059923159642854,0.34531862,0.0,336
JP,1874,marine_hw,abrupt-4xCO2,0.04378267123125,0.3777266,0.0,336
JP,1875,marine_hw,abrupt-4xCO2,0.05425891814553572,0.387575,0.0,336
JP,1876,marine_hw,abrupt-4xCO2,0.03954148655083333,0.3248998,0.0,336
JP,1877,marine_hw,abrupt-4xCO2,0.04022583987651786,0.31318775,0.0,336
JP,1878,marine_hw,abrupt-4xCO2,0.04867066574345238,0.3497029,0.0,336
JP,1879,marine_hw,abrupt-4xCO2,0.04604902862452381,0.37987617,0.0,336
JP,1880,marine_hw,abrupt-4xCO2,0.042619322785714286,0.38768303,0.0,336
JP,1881,marine_hw,abrupt-4xCO2,0.049914018027648804,0.34630847,0.0,336
JP,1882,marine_hw,abrupt-4xCO2,0.04667523877113095,0.35019618,0.0,336
JP,1883,marine_hw,abrupt-4xCO2,0.04541763188720238,0.38739645,0.0,336
JP,1884,marine_hw,abrupt-4xCO2,0.0618807922453869,0.41334254,0.0,336
JP,1885,marine_hw,abrupt-4xCO2,0.04375499567529762,0.32982096,0.0,336
JP,1886,marine_hw,abrupt-4xCO2,0.039098748560625,0.31624395,0.0,336
JP,1887,marine_hw,abrupt-4xCO2,0.05158655019482143,0.33178258,0.0,336
JP,1888,marine_hw,abrupt-4xCO2,0.05305919429732143,0.37958488,0.0,336
JP,1889,marine_hw,abrupt-4xCO2,0.045244651408214286,0.31639224,0.0,336
JP,1890,marine_hw,abrupt-4xCO2,0.03689816645833333,0.37677366,0.0,336
JP,1891,marine_hw,abrupt-4xCO2,0.043953495548422615,0.3426779,0.0,336
JP,1892,marine_hw,abrupt-4xCO2,0.05350409285363095,0.37455162,0.0,336
JP,1893,marine_hw,abrupt-4xCO2,0.037632107416160715,0.29297692,0.0,336
JP,1894,marine_hw,abrupt-4xCO2,0.05804423525190477,0.40939513,0.0,336
JP,1895,marine_hw,abrupt-4xCO2,0.05513703430532738,0.4309656,0.0,336
JP,1896,marine_hw,abrupt-4xCO2,0.049886504731339286,0.36623737,0.0,336
JP,1897,marine_hw,abrupt-4xCO2,0.044332195879553574,0.3428047,0.0,336
JP,1898,marine_hw,abrupt-4xCO2,0.05372276407928571,0.35392678,0.0,336
JP,1899,marine_hw,abrupt-4xCO2,0.050870412769196426,0.40621144,0.0,336
JP,1900,marine_hw,abrupt-4xCO2,0.048596541192053574,0.39700526,0.0,336
JP,1901,marine_hw,abrupt-4xCO2,0.05432583379196428,0.38505834,0.0,336
JP,1902,marine_hw,abrupt-4xCO2,0.0575160694000119,0.36612937,0.0,336
JP,1903,marine_hw,abrupt-4xCO2,0.033805434363541664,0.33224362,0.0,336
JP,1904,marine_hw,abrupt-4xCO2,0.04405675455416667,0.35857683,0.0,336
JP,1905,marine_hw,abrupt-4xCO2,0.06701524114345238,0.38014925,0.0,336
JP,1906,marine_hw,abrupt-4xCO2,0.04221107132267262,0.3506894,0.0,336
JP,1907,marine_hw,abrupt-4xCO2,0.048065410875892854,0.3784125,0.0,336
JP,1908,marine_hw,abrupt-4xCO2,0.04971271809654762,0.34767485,0.0,336
JP,1909,marine_hw,abrupt-4xCO2,0.042376633479613096,0.35701722,0.0,336
JP,1910,marine_hw,abrupt-4xCO2,0.04557170495416667,0.39454034,0.0,336
JP,1911,marine_hw,abrupt-4xCO2,0.03962330848826488,0.30800954,0.0,336
JP,1912,marine_hw,abrupt-4xCO2,0.046439215746130955,0.32167047,0.0,336
JP,1913,marine_hw,abrupt-4xCO2,0.04526391662946429,0.3604982,0.0,336
JP,1914,marine_hw,abrupt-4xCO2,0.044438189297886906,0.3737067,0.0,336
JP,1915,marine_hw,abrupt-4xCO2,0.06281351639017857,0.3668192,0.0,336
JP,1916,marine_hw,abrupt-4xCO2,0.0445710901889881,0.32907197,0.0,336
JP,1917,marine_hw,abrupt-4xCO2,0.04821033970247024,0.40102583,0.0,336
JP,1918,marine_hw,abrupt-4xCO2,0.04163403368363096,0.33893245,0.0,336
JP,1919,marine_hw,abrupt-4xCO2,0.03945049587797619,0.3530879,0.0,336
JP,1920,marine_hw,abrupt-4xCO2,0.04919200811458333,0.41260028,0.0,336
JP,1921,marine_hw,abrupt-4xCO2,0.047496326230059525,0.32645205,0.0,336
JP,1922,marine_hw,abrupt-4xCO2,0.04581218428330357,0.3624376,0.0,336
JP,1923,marine_hw,abrupt-4xCO2,0.06114454035208333,0.4044894,0.0,336
JP,1924,marine_hw,abrupt-4xCO2,0.04995446586477976,0.3264091,0.0,336
JP,1925,marine_hw,abrupt-4xCO2,0.04032663903303572,0.33978543,0.0,336
JP,1926,marine_hw,abrupt-4xCO2,0.05134618633925595,0.39302567,0.0,336
JP,1927,marine_hw,abrupt-4xCO2,0.05104275995223214,0.39719385,0.0,336
JP,1928,marine_hw,abrupt-4xCO2,0.04950256748440477,0.39144254,0.0,336
JP,1929,marine_hw,abrupt-4xCO2,0.04562407081190476,0.37163502,0.0,336
JP,1930,marine_hw,abrupt-4xCO2,0.048032958684107147,0.33506763,0.0,336
JP,1931,marine_hw,abrupt-4xCO2,0.050890829338392854,0.36916205,0.0,336
JP,1932,marine_hw,abrupt-4xCO2,0.052848527821666665,0.37260413,0.0,336
JP,1933,marine_hw,abrupt-4xCO2,0.04480285891369048,0.39846694,0.0,336
JP,1934,marine_hw,abrupt-4xCO2,0.04598275630029762,0.36261612,0.0,336
JP,1935,marine_hw,abrupt-4xCO2,0.0420604601797619,0.38052237,0.0,336
JP,1936,marine_hw,abrupt-4xCO2,0.05302193397785714,0.4007849,0.0,336
JP,1937,marine_hw,abrupt-4xCO2,0.04993798681875,0.4210548,0.0,336
JP,1938,marine_hw,abrupt-4xCO2,0.04853868717636905,0.33272278,0.0,336
JP,1939,marine_hw,abrupt-4xCO2,0.04558427712151786,0.42003876,0.0,336
JP,1940,marine_hw,abrupt-4xCO2,0.042261093152202375,0.34192422,0.0,336
JP,1941,marine_hw,abrupt-4xCO2,0.04998367211447917,0.4315072,0.0,336
JP,1942,marine_hw,abrupt-4xCO2,0.048775555564464286,0.373604,0.0,336
JP,1943,marine_hw,abrupt-4xCO2,0.053454799450297616,0.35030288,0.0,336
JP,1944,marine_hw,abrupt-4xCO2,0.038013339648065476,0.35335165,0.0,336
JP,1945,marine_hw,abrupt-4xCO2,0.04202950880109524,0.38027745,0.0,336
JP,1946,marine_hw,abrupt-4xCO2,0.05215774131833333,0.38184917,0.0,336
JP,1947,marine_hw,abrupt-4xCO2,0.04078590440997024,0.332406,0.0,336
JP,1948,marine_hw,abrupt-4xCO2,0.056439767640327376,0.45694122,0.0,336
JP,1949,marine_hw,abrupt-4xCO2,0.05072936926041667,0.38457784,0.0,336
JP,1950,marine_hw,abrupt-4xCO2,0.04377157826190476,0.30079052,0.0,336
JP,1951,marine_hw,abrupt-4xCO2,0.04321535937827381,0.38760653,0.0,336
JP,1952,marine_hw,abrupt-4xCO2,0.04994239715702381,0.38741863,0.0,336
JP,1953,marine_hw,abrupt-4xCO2,0.048025710911755955,0.365071,0.0,336
JP,1954,marine_hw,abrupt-4xCO2,0.04360241041622024,0.34823316,0.0,336
JP,1955,marine_hw,abrupt-4xCO2,0.053993679013779765,0.41536123,0.0,336
JP,1956,marine_hw,abrupt-4xCO2,0.05301151945458333,0.3582641,0.0,336
JP,1957,marine_hw,abrupt-4xCO2,0.05530253730863096,0.35853052,0.0,336
JP,1958,marine_hw,abrupt-4xCO2,0.049727969163125,0.39358735,0.0,336
JP,1959,marine_hw,abrupt-4xCO2,0.04570579066190476,0.4104642,0.0,336
JP,1960,marine_hw,abrupt-4xCO2,0.04960919902102977,0.3743295,0.0,336
JP,1961,marine_hw,abrupt-4xCO2,0.04120237775148809,0.3295861,0.0,336
JP,1962,marine_hw,abrupt-4xCO2,0.052652736485,0.39074326,0.0,336
JP,1963,marine_hw,abrupt-4xCO2,0.06545090397767857,0.4454795,0.0,336
JP,1964,marine_hw,abrupt-4xCO2,0.055585876654761904,0.39159352,0.0,336
JP,1965,marine_hw,abrupt-4xCO2,0.051215592639583335,0.375267,0.0,336
JP,1966,marine_hw,abrupt-4xCO2,0.05594235978571429,0.3712532,0.0,336
JP,1967,marine_hw,abrupt-4xCO2,0.049940698870238096,0.3623215,0.0,336
JP,1968,marine_hw,abrupt-4xCO2,0.034888536539672624,0.32974982,0.0,336
JP,1969,marine_hw,abrupt-4xCO2,0.05996589964553571,0.4013077,0.0,336
JP,1970,marine_hw,abrupt-4xCO2,0.05349384424218452,0.41777986,0.0,336
JP,1971,marine_hw,abrupt-4xCO2,0.0448959713797619,0.37080628,0.0,336
JP,1972,marine_hw,abrupt-4xCO2,0.046448446429761904,0.35622466,0.0,336
JP,1973,marine_hw,abrupt-4xCO2,0.05617341387363095,0.4026432,0.0,336
JP,1974,marine_hw,abrupt-4xCO2,0.055288158399702386,0.41964886,0.0,336
JP,1975,marine_hw,abrupt-4xCO2,0.047305254725565474,0.33399644,0.0,336
JP,1976,marine_hw,abrupt-4xCO2,0.05420487095059524,0.39666504,0.0,336
JP,1977,marine_hw,abrupt-4xCO2,0.057104085307723214,0.41688663,0.0,336
JP,1978,marine_hw,abrupt-4xCO2,0.04698727636488095,0.34004852,0.0,336
JP,1979,marine_hw,abrupt-4xCO2,0.04375474367014286,0.3633685,0.0,336
JP,1980,marine_hw,abrupt-4xCO2,0.05385894465955357,0.40201035,0.0,336
JP,1981,marine_hw,abrupt-4xCO2,0.05198104725892857,0.35444555,0.0,336
JP,1982,marine_hw,abrupt-4xCO2,0.045678812808035714,0.37306452,0.0,336
JP,1983,marine_hw,abrupt-4xCO2,0.05721610212678571,0.4147324,0.0,336
JP,1984,marine_hw,abrupt-4xCO2,0.0505281696672619,0.38836622,0.0,336
JP,1985,marine_hw,abrupt-4xCO2,0.05484734311071429,0.40143186,0.0,336
JP,1986,marine_hw,abrupt-4xCO2,0.05207170094880952,0.3606297,0.0,336
JP,1987,marine_hw,abrupt-4xCO2,0.050114043586785714,0.35366234,0.0,336
JP,1988,marine_hw,abrupt-4xCO2,0.053174064581011905,0.40264654,0.0,336
JP,1989,marine_hw,abrupt-4xCO2,0.05480261821894048,0.3880179,0.0,336
JP,1990,marine_hw,abrupt-4xCO2,0.059186151202678575,0.40705767,0.0,336
JP,1991,marine_hw,abrupt-4xCO2,0.04938103428880952,0.38421613,0.0,336
JP,1992,marine_hw,abrupt-4xCO2,0.05686373023857142,0.35883382,0.0,336
JP,1993,marine_hw,abrupt-4xCO2,0.04579647036803571,0.36144572,0.0,336
JP,1994,marine_hw,abrupt-4xCO2,0.047303564566666664,0.3817854,0.0,336
JP,1995,marine_hw,abrupt-4xCO2,0.052287860318452374,0.3984958,0.0,336
JP,1996,marine_hw,abrupt-4xCO2,0.06400426655744047,0.47005048,0.0,336
JP,1997,marine_hw,abrupt-4xCO2,0.051766419647142854,0.35572666,0.0,336
JP,1998,marine_hw,abrupt-4xCO2,0.046110954,0.37982848,0.0,336
JP,1999,marine_hw,abrupt-4xCO2,0.06619547552620536,0.42336944,0.0,336
JP,2000,marine_hw,abrupt-4xCO2,0.047062272044732144,0.38869572,0.0,336
KE,1850,marine_hw,abrupt-4xCO2,0.07282601235833333,0.1610494,0.0,12
KE,1851,marine_hw,abrupt-4xCO2,0.14555932824999998,0.304548,0.008149586,12
KE,1852,marine_hw,abrupt-4xCO2,0.16750973141666667,0.30440372,0.02734816,12
KE,1853,marine_hw,abrupt-4xCO2,0.1733214700333333,0.3643711,0.0,12
KE,1854,marine_hw,abrupt-4xCO2,0.13227643349999998,0.24997014,0.0,12
KE,1855,marine_hw,abrupt-4xCO2,0.14508565393333334,0.2715091,0.0029976778,12
KE,1856,marine_hw,abrupt-4xCO2,0.22082446583333334,0.37312758,0.06771952,12
KE,1857,marine_hw,abrupt-4xCO2,0.23601218216666667,0.3785212,0.085702986,12
KE,1858,marine_hw,abrupt-4xCO2,0.21703690274999998,0.36909765,0.060915913,12
KE,1859,marine_hw,abrupt-4xCO2,0.26828437116666665,0.41158628,0.114215344,12
KE,1860,marine_hw,abrupt-4xCO2,0.25838054416666667,0.4149136,0.06463112,12
KE,1861,marine_hw,abrupt-4xCO2,0.188451543,0.32140738,0.009297838,12
KE,1862,marine_hw,abrupt-4xCO2,0.25706106833333336,0.38746828,0.13883868,12
KE,1863,marine_hw,abrupt-4xCO2,0.2948902783333333,0.42699742,0.16984281,12
KE,1864,marine_hw,abrupt-4xCO2,0.28070432991666666,0.46886668,0.103968985,12
KE,1865,marine_hw,abrupt-4xCO2,0.2683163008333333,0.40317136,0.14089023,12
KE,1866,marine_hw,abrupt-4xCO2,0.2722917325,0.40681073,0.12946406,12
KE,1867,marine_hw,abrupt-4xCO2,0.23251681466666665,0.38561672,0.05492097,12
KE,1868,marine_hw,abrupt-4xCO2,0.2587307091666667,0.36317655,0.15994342,12
KE,1869,marine_hw,abrupt-4xCO2,0.293811687,0.41209495,0.10664198,12
KE,1870,marine_hw,abrupt-4xCO2,0.21809029458333332,0.3684104,0.033694755,12
KE,1871,marine_hw,abrupt-4xCO2,0.24516567166666667,0.33821642,0.12591395,12
KE,1872,marine_hw,abrupt-4xCO2,0.29351713333333335,0.43634987,0.14365986,12
KE,1873,marine_hw,abrupt-4xCO2,0.27412935499999996,0.4184308,0.10473874,12
KE,1874,marine_hw,abrupt-4xCO2,0.30847389166666667,0.44081333,0.16338214,12
KE,1875,marine_hw,abrupt-4xCO2,0.29933462833333335,0.4371572,0.14753747,12
KE,1876,marine_hw,abrupt-4xCO2,0.22862749758333334,0.41704834,0.036416736,12
KE,1877,marine_hw,abrupt-4xCO2,0.22622710783333333,0.3604257,0.048599884,12
KE,1878,marine_hw,abrupt-4xCO2,0.3098319166666667,0.42438146,0.18028244,12
KE,1879,marine_hw,abrupt-4xCO2,0.28106863083333333,0.44115427,0.11084105,12
KE,1880,marine_hw,abrupt-4xCO2,0.28092610333333334,0.38153845,0.17424725,12
KE,1881,marine_hw,abrupt-4xCO2,0.31154662,0.44774312,0.16252714,12
KE,1882,marine_hw,abrupt-4xCO2,0.21351402741666667,0.34378114,0.055553824,12
KE,1883,marine_hw,abrupt-4xCO2,0.2767303125,0.3807942,0.12076729,12
KE,1884,marine_hw,abrupt-4xCO2,0.30171349666666664,0.41261774,0.14256528,12
KE,1885,marine_hw,abrupt-4xCO2,0.21550757625000003,0.35045117,0.06380232,12
KE,1886,marine_hw,abrupt-4xCO2,0.279797755,0.3899641,0.1485998,12
KE,1887,marine_hw,abrupt-4xCO2,0.34558238583333334,0.46692586,0.22743796,12
KE,1888,marine_hw,abrupt-4xCO2,0.318371935,0.46437433,0.172191,12
KE,1889,marine_hw,abrupt-4xCO2,0.26340355616666666,0.40067956,0.076853864,12
KE,1890,marine_hw,abrupt-4xCO2,0.25916470166666666,0.3497042,0.12559384,12
KE,1891,marine_hw,abrupt-4xCO2,0.3069138575,0.4317978,0.16365527,12
KE,1892,marine_hw,abrupt-4xCO2,0.30450857000000003,0.45064497,0.14707708,12
KE,1893,marine_hw,abrupt-4xCO2,0.24129736916666666,0.39116472,0.05920393,12
KE,1894,marine_hw,abrupt-4xCO2,0.2816845983333333,0.40162045,0.13768706,12
KE,1895,marine_hw,abrupt-4xCO2,0.3238592733333333,0.46255967,0.16707654,12
KE,1896,marine_hw,abrupt-4xCO2,0.25633257083333333,0.3697633,0.11595617,12
KE,1897,marine_hw,abrupt-4xCO2,0.29165747833333333,0.3934894,0.14078486,12
KE,1898,marine_hw,abrupt-4xCO2,0.33899382,0.47785,0.19232197,12
KE,1899,marine_hw,abrupt-4xCO2,0.27187497,0.39120564,0.11767419,12
KE,1900,marine_hw,abrupt-4xCO2,0.3099223983333333,0.41559678,0.17942208,12
KE,1901,marine_hw,abrupt-4xCO2,0.33558472666666667,0.4412093,0.19431582,12
KE,1902,marine_hw,abrupt-4xCO2,0.29353580333333334,0.46146244,0.10435218,12
KE,1903,marine_hw,abrupt-4xCO2,0.23493358500000003,0.3246763,0.10690303,12
KE,1904,marine_hw,abrupt-4xCO2,0.3170593133333333,0.43273398,0.1677926,12
KE,1905,marine_hw,abrupt-4xCO2,0.3370965475,0.4831819,0.17045821,12
KE,1906,marine_hw,abrupt-4xCO2,0.25296018783333335,0.39949507,0.08479767,12
KE,1907,marine_hw,abrupt-4xCO2,0.3097235875,0.41862613,0.1745244,12
KE,1908,marine_hw,abrupt-4xCO2,0.3198855916666667,0.4722678,0.14229752,12
KE,1909,marine_hw,abrupt-4xCO2,0.2735913583333333,0.4042042,0.13663545,12
KE,1910,marine_hw,abrupt-4xCO2,0.32232695083333335,0.42102867,0.20924443,12
KE,1911,marine_hw,abrupt-4xCO2,0.31506090000000003,0.44925982,0.17175612,12
KE,1912,marine_hw,abrupt-4xCO2,0.22890954466666666,0.39580402,0.04624231,12
KE,1913,marine_hw,abrupt-4xCO2,0.2894446491666667,0.36822516,0.15834889,12
KE,1914,marine_hw,abrupt-4xCO2,0.3415707133333334,0.4739469,0.18008918,12
KE,1915,marine_hw,abrupt-4xCO2,0.2881736691666667,0.44260585,0.12532741,12
KE,1916,marine_hw,abrupt-4xCO2,0.32375112833333336,0.4353271,0.19015297,12
KE,1917,marine_hw,abrupt-4xCO2,0.32609997083333336,0.46693322,0.15779322,12
KE,1918,marine_hw,abrupt-4xCO2,0.30487761666666663,0.4359331,0.13470805,12
KE,1919,marine_hw,abrupt-4xCO2,0.31775323333333333,0.41726443,0.19102475,12
KE,1920,marine_hw,abrupt-4xCO2,0.3409093991666667,0.4498873,0.1887061,12
KE,1921,marine_hw,abrupt-4xCO2,0.2978681525,0.42870334,0.1566275,12
KE,1922,marine_hw,abrupt-4xCO2,0.3116177633333333,0.4424025,0.18277021,12
KE,1923,marine_hw,abrupt-4xCO2,0.33139233166666665,0.45370317,0.18539354,12
KE,1924,marine_hw,abrupt-4xCO2,0.25320631633333335,0.41816574,0.053164706,12
KE,1925,marine_hw,abrupt-4xCO2,0.28032435083333335,0.3710626,0.1876934,12
KE,1926,marine_hw,abrupt-4xCO2,0.3185461491666666,0.40670335,0.21846467,12
KE,1927,marine_hw,abrupt-4xCO2,0.2804214116666667,0.44071066,0.10233956,12
KE,1928,marine_hw,abrupt-4xCO2,0.29256933166666665,0.39008692,0.16253923,12
KE,1929,marine_hw,abrupt-4xCO2,0.3339860641666667,0.46363074,0.19026439,12
KE,1930,marine_hw,abrupt-4xCO2,0.2990094383333333,0.38346452,0.1876028,12
KE,1931,marine_hw,abrupt-4xCO2,0.34160281750000004,0.45356357,0.2260971,12
KE,1932,marine_hw,abrupt-4xCO2,0.3203028475,0.47075045,0.16914889,12
KE,1933,marine_hw,abrupt-4xCO2,0.30371188083333334,0.4683318,0.14205727,12
KE,1934,marine_hw,abrupt-4xCO2,0.2724771791666667,0.38688105,0.18465199,12
KE,1935,marine_hw,abrupt-4xCO2,0.3223001008333333,0.4558339,0.17691016,12
KE,1936,marine_hw,abrupt-4xCO2,0.3401838383333333,0.461196,0.20323542,12
KE,1937,marine_hw,abrupt-4xCO2,0.2776362346666667,0.42959592,0.10458505,12
KE,1938,marine_hw,abrupt-4xCO2,0.26777288083333334,0.3967147,0.10344888,12
KE,1939,marine_hw,abrupt-4xCO2,0.32414887,0.428296,0.21874788,12
KE,1940,marine_hw,abrupt-4xCO2,0.30866620166666664,0.468313,0.14314042,12
KE,1941,marine_hw,abrupt-4xCO2,0.3156250133333333,0.43457144,0.17711955,12
KE,1942,marine_hw,abrupt-4xCO2,0.3389397875,0.45120466,0.19198844,12
KE,1943,marine_hw,abrupt-4xCO2,0.33503973916666663,0.4612168,0.17004481,12
KE,1944,marine_hw,abrupt-4xCO2,0.27581398083333336,0.40517998,0.09486149,12
KE,1945,marine_hw,abrupt-4xCO2,0.32746785666666667,0.43811554,0.19615531,12
KE,1946,marine_hw,abrupt-4xCO2,0.3391293791666667,0.47346303,0.19990005,12
KE,1947,marine_hw,abrupt-4xCO2,0.30568055916666664,0.39726835,0.19585264,12
KE,1948,marine_hw,abrupt-4xCO2,0.3376130366666667,0.44843367,0.22298387,12
KE,1949,marine_hw,abrupt-4xCO2,0.30618302000000003,0.47057527,0.09791298,12
KE,1950,marine_hw,abrupt-4xCO2,0.23545216416666667,0.3540818,0.06775308,12
KE,1951,marine_hw,abrupt-4xCO2,0.313742755,0.4335044,0.17012736,12
KE,1952,marine_hw,abrupt-4xCO2,0.3351952708333334,0.47829765,0.19358298,12
KE,1953,marine_hw,abrupt-4xCO2,0.30355326583333336,0.42539954,0.17547938,12
KE,1954,marine_hw,abrupt-4xCO2,0.32028232500000003,0.42474923,0.18683642,12
KE,1955,marine_hw,abrupt-4xCO2,0.2951871541666667,0.4442514,0.11554412,12
KE,1956,marine_hw,abrupt-4xCO2,0.3237853625,0.43982482,0.1965895,12
KE,1957,marine_hw,abrupt-4xCO2,0.29303074916666666,0.43765917,0.13277125,12
KE,1958,marine_hw,abrupt-4xCO2,0.30650617416666665,0.39913937,0.2098907,12
KE,1959,marine_hw,abrupt-4xCO2,0.3153826258333334,0.43216756,0.16042258,12
KE,1960,marine_hw,abrupt-4xCO2,0.28130834416666667,0.41089168,0.15422297,12
KE,1961,marine_hw,abrupt-4xCO2,0.3180249766666667,0.41467333,0.176633,12
KE,1962,marine_hw,abrupt-4xCO2,0.3357546966666667,0.4416925,0.19231392,12
KE,1963,marine_hw,abrupt-4xCO2,0.33077519083333334,0.4841409,0.18173805,12
KE,1964,marine_hw,abrupt-4xCO2,0.2763103175,0.3955577,0.1264213,12
KE,1965,marine_hw,abrupt-4xCO2,0.3217243475,0.4425931,0.17201449,12
KE,1966,marine_hw,abrupt-4xCO2,0.3614684316666667,0.48554015,0.20705463,12
KE,1967,marine_hw,abrupt-4xCO2,0.2571946575,0.40086478,0.08138983,12
KE,1968,marine_hw,abrupt-4xCO2,0.28718918,0.3970254,0.1660793,12
KE,1969,marine_hw,abrupt-4xCO2,0.37519431249999996,0.4825484,0.24187869,12
KE,1970,marine_hw,abrupt-4xCO2,0.36728155,0.48280004,0.21430252,12
KE,1971,marine_hw,abrupt-4xCO2,0.3049322675,0.4578895,0.14550202,12
KE,1972,marine_hw,abrupt-4xCO2,0.26508567833333335,0.38136464,0.14309143,12
KE,1973,marine_hw,abrupt-4xCO2,0.3447984841666667,0.4607725,0.200802,12
KE,1974,marine_hw,abrupt-4xCO2,0.3518067275,0.4859844,0.18442515,12
KE,1975,marine_hw,abrupt-4xCO2,0.28211797083333334,0.39511144,0.16381902,12
KE,1976,marine_hw,abrupt-4xCO2,0.37272328,0.48413822,0.2588817,12
KE,1977,marine_hw,abrupt-4xCO2,0.3604290083333333,0.49350744,0.2094404,12
KE,1978,marine_hw,abrupt-4xCO2,0.29409685416666664,0.4371223,0.13990036,12
KE,1979,marine_hw,abrupt-4xCO2,0.28584255583333334,0.38298666,0.15345052,12
KE,1980,marine_hw,abrupt-4xCO2,0.34326373000000004,0.46451926,0.22234498,12
KE,1981,marine_hw,abrupt-4xCO2,0.3364882025,0.4784419,0.17651556,12
KE,1982,marine_hw,abrupt-4xCO2,0.32978052666666663,0.42869663,0.2118859,12
KE,1983,marine_hw,abrupt-4xCO2,0.3656433591666666,0.4994084,0.23701522,12
KE,1984,marine_hw,abrupt-4xCO2,0.3504008241666667,0.48251015,0.23876612,12
KE,1985,marine_hw,abrupt-4xCO2,0.34184267500000004,0.47003704,0.22172086,12
KE,1986,marine_hw,abrupt-4xCO2,0.3002054325,0.42695916,0.13261825,12
KE,1987,marine_hw,abrupt-4xCO2,0.31739624666666666,0.41033268,0.18702029,12
KE,1988,marine_hw,abrupt-4xCO2,0.3541090941666667,0.47736815,0.23394829,12
KE,1989,marine_hw,abrupt-4xCO2,0.3596108275,0.49029958,0.21975788,12
KE,1990,marine_hw,abrupt-4xCO2,0.34009430916666666,0.49848366,0.18454392,12
KE,1991,marine_hw,abrupt-4xCO2,0.34353463749999996,0.44278437,0.24321082,12
KE,1992,marine_hw,abrupt-4xCO2,0.36080774250000003,0.49675757,0.20931692,12
KE,1993,marine_hw,abrupt-4xCO2,0.30418940833333336,0.44350445,0.13270682,12
KE,1994,marine_hw,abrupt-4xCO2,0.3048161208333333,0.4302207,0.16037226,12
KE,1995,marine_hw,abrupt-4xCO2,0.3500967558333333,0.4242298,0.23860842,12
KE,1996,marine_hw,abrupt-4xCO2,0.37227414166666667,0.523009,0.21431862,12
KE,1997,marine_hw,abrupt-4xCO2,0.30862829333333336,0.41175336,0.156349,12
KE,1998,marine_hw,abrupt-4xCO2,0.3227335416666667,0.42313254,0.21866803,12
KE,1999,marine_hw,abrupt-4xCO2,0.34436707083333334,0.47782317,0.1588757,12
KE,2000,marine_hw,abrupt-4xCO2,0.30301348333333333,0.41997033,0.16784227,12
KI,1850,marine_hw,abrupt-4xCO2,0.1002158454,0.25451615,0.0,168
KI,1851,marine_hw,abrupt-4xCO2,0.14225092085457142,0.2885161,0.0,168
KI,1852,marine_hw,abrupt-4xCO2,0.16511458135946427,0.30088916,0.0,168
KI,1853,marine_hw,abrupt-4xCO2,0.1431218399702381,0.2948392,0.0,168
KI,1854,marine_hw,abrupt-4xCO2,0.14798024871885715,0.26978973,0.0,168
KI,1855,marine_hw,abrupt-4xCO2,0.1880164714404762,0.31515542,0.0,168
KI,1856,marine_hw,abrupt-4xCO2,0.2013677611892857,0.34189063,0.0,168
KI,1857,marine_hw,abrupt-4xCO2,0.1833960193797619,0.31956184,0.0,168
KI,1858,marine_hw,abrupt-4xCO2,0.23993973555297618,0.3905587,0.0,168
KI,1859,marine_hw,abrupt-4xCO2,0.21432939903511908,0.36006594,0.0,168
KI,1860,marine_hw,abrupt-4xCO2,0.1949737260970238,0.3520477,0.0,168
KI,1861,marine_hw,abrupt-4xCO2,0.2015410422720238,0.327456,0.0,168
KI,1862,marine_hw,abrupt-4xCO2,0.23387926542857143,0.35817617,0.0,168
KI,1863,marine_hw,abrupt-4xCO2,0.2223890289934524,0.41341704,0.0,168
KI,1864,marine_hw,abrupt-4xCO2,0.2491504838154762,0.373141,0.0,168
KI,1865,marine_hw,abrupt-4xCO2,0.26355869051785713,0.42813092,0.0,168
KI,1866,marine_hw,abrupt-4xCO2,0.2368389287190476,0.3876092,0.0,168
KI,1867,marine_hw,abrupt-4xCO2,0.2276676173672619,0.3583023,0.0,168
KI,1868,marine_hw,abrupt-4xCO2,0.26044289701785717,0.41337138,0.0,168
KI,1869,marine_hw,abrupt-4xCO2,0.18885809147886906,0.3415296,0.0,168
KI,1870,marine_hw,abrupt-4xCO2,0.21311960501190474,0.33719635,0.0,168
KI,1871,marine_hw,abrupt-4xCO2,0.25109064800238096,0.37553078,0.0,168
KI,1872,marine_hw,abrupt-4xCO2,0.23541550067261904,0.37143907,0.0,168
KI,1873,marine_hw,abrupt-4xCO2,0.26914031328035715,0.38286787,0.0,168
KI,1874,marine_hw,abrupt-4xCO2,0.2571403844105119,0.41454446,0.0,168
KI,1875,marine_hw,abrupt-4xCO2,0.25732577803392853,0.42140716,0.0,168
KI,1876,marine_hw,abrupt-4xCO2,0.20429872658809525,0.33067125,0.0,168
KI,1877,marine_hw,abrupt-4xCO2,0.23775899716458335,0.3874629,0.0,168
KI,1878,marine_hw,abrupt-4xCO2,0.21965701568005952,0.37703067,0.0,168
KI,1879,marine_hw,abrupt-4xCO2,0.22529475992321427,0.37596902,0.0,168
KI,1880,marine_hw,abrupt-4xCO2,0.26336138623214284,0.3984535,0.0,168
KI,1881,marine_hw,abrupt-4xCO2,0.1650776791440476,0.3240891,0.0,168
KI,1882,marine_hw,abrupt-4xCO2,0.24945924967261904,0.36853188,0.0,168
KI,1883,marine_hw,abrupt-4xCO2,0.26355811576785715,0.4075127,0.0,168
KI,1884,marine_hw,abrupt-4xCO2,0.2100789376904762,0.34447235,0.0,168
KI,1885,marine_hw,abrupt-4xCO2,0.25347391303,0.388891,0.0,168
KI,1886,marine_hw,abrupt-4xCO2,0.2751229767202381,0.40548867,0.0,168
KI,1887,marine_hw,abrupt-4xCO2,0.23761110512916664,0.40523767,0.0,168
KI,1888,marine_hw,abrupt-4xCO2,0.26672997910738094,0.42359155,0.0,168
KI,1889,marine_hw,abrupt-4xCO2,0.22233732117267857,0.3603083,0.0,168
KI,1890,marine_hw,abrupt-4xCO2,0.2571013865684524,0.38320544,0.0,168
KI,1891,marine_hw,abrupt-4xCO2,0.22848984550357143,0.38367522,0.0,168
KI,1892,marine_hw,abrupt-4xCO2,0.24048887661488094,0.41656047,0.0,168
KI,1893,marine_hw,abrupt-4xCO2,0.22016987759226192,0.349464,0.0,168
KI,1894,marine_hw,abrupt-4xCO2,0.2576948685761905,0.42839932,0.0,168
KI,1895,marine_hw,abrupt-4xCO2,0.2423039693166667,0.41089168,0.0,168
KI,1896,marine_hw,abrupt-4xCO2,0.2577757859047619,0.3892145,0.0,168
KI,1897,marine_hw,abrupt-4xCO2,0.27059833051190474,0.406098,0.0,168
KI,1898,marine_hw,abrupt-4xCO2,0.2233398229845238,0.37717628,0.0,168
KI,1899,marine_hw,abrupt-4xCO2,0.271597318625,0.40048224,0.0,168
KI,1900,marine_hw,abrupt-4xCO2,0.27446328146964283,0.4647696,0.0,168
KI,1901,marine_hw,abrupt-4xCO2,0.27046673245535713,0.43428892,0.0,168
KI,1902,marine_hw,abrupt-4xCO2,0.24598399056071427,0.42569077,0.0,168
KI,1903,marine_hw,abrupt-4xCO2,0.26417033307559523,0.3796211,0.0,168
KI,1904,marine_hw,abrupt-4xCO2,0.28122171032142856,0.40749994,0.0,168
KI,1905,marine_hw,abrupt-4xCO2,0.21125152123392854,0.36863318,0.0,168
KI,1906,marine_hw,abrupt-4xCO2,0.2779959143988095,0.39633888,0.0,168
KI,1907,marine_hw,abrupt-4xCO2,0.2626471548601191,0.3875139,0.0,168
KI,1908,marine_hw,abrupt-4xCO2,0.22916734126964286,0.36423814,0.0,168
KI,1909,marine_hw,abrupt-4xCO2,0.2995287348190476,0.41715237,0.0,168
KI,1910,marine_hw,abrupt-4xCO2,0.24998619227380953,0.39510405,0.0,168
KI,1911,marine_hw,abrupt-4xCO2,0.20452207550714285,0.35577232,0.0,168
KI,1912,marine_hw,abrupt-4xCO2,0.235085661140875,0.360886,0.0,168
KI,1913,marine_hw,abrupt-4xCO2,0.25995818430059525,0.4030002,0.0,168
KI,1914,marine_hw,abrupt-4xCO2,0.26039772047916665,0.41590482,0.0,168
KI,1915,marine_hw,abrupt-4xCO2,0.27832803227238095,0.43301582,0.0,168
KI,1916,marine_hw,abrupt-4xCO2,0.2724494166904762,0.4244036,0.0,168
KI,1917,marine_hw,abrupt-4xCO2,0.28335615081523813,0.4246197,0.0,168
KI,1918,marine_hw,abrupt-4xCO2,0.2683400109357143,0.42245272,0.0,168
KI,1919,marine_hw,abrupt-4xCO2,0.2605166024652381,0.41536054,0.0,168
KI,1920,marine_hw,abrupt-4xCO2,0.26315703854464284,0.40346932,0.0,168
KI,1921,marine_hw,abrupt-4xCO2,0.2882846559464286,0.4127144,0.0,168
KI,1922,marine_hw,abrupt-4xCO2,0.2628374077142857,0.42594376,0.0,168
KI,1923,marine_hw,abrupt-4xCO2,0.2449399041511905,0.39958298,0.0,168
KI,1924,marine_hw,abrupt-4xCO2,0.2820420212738095,0.41425794,0.0,168
KI,1925,marine_hw,abrupt-4xCO2,0.2977607652261905,0.41975558,0.0,168
KI,1926,marine_hw,abrupt-4xCO2,0.2619600288279762,0.42201787,0.0,168
KI,1927,marine_hw,abrupt-4xCO2,0.2555271010660119,0.41207686,0.0,168
KI,1928,marine_hw,abrupt-4xCO2,0.26130587707142855,0.40840325,0.0,168
KI,1929,marine_hw,abrupt-4xCO2,0.23128827064285715,0.3885937,0.0,168
KI,1930,marine_hw,abrupt-4xCO2,0.28821319786309524,0.43445802,0.0,168
KI,1931,marine_hw,abrupt-4xCO2,0.2590574437639881,0.41596922,0.0,168
KI,1932,marine_hw,abrupt-4xCO2,0.2988629567619047,0.43156224,0.0,168
KI,1933,marine_hw,abrupt-4xCO2,0.24944248242857142,0.3666944,0.0,168
KI,1934,marine_hw,abrupt-4xCO2,0.2920622655535714,0.43817928,0.0,168
KI,1935,marine_hw,abrupt-4xCO2,0.25767118012857143,0.43509758,0.0,168
KI,1936,marine_hw,abrupt-4xCO2,0.26602309621130954,0.4148505,0.0,168
KI,1937,marine_hw,abrupt-4xCO2,0.2627365649244047,0.41256475,0.0,168
KI,1938,marine_hw,abrupt-4xCO2,0.26357747946428567,0.40595174,0.0,168
KI,1939,marine_hw,abrupt-4xCO2,0.26453500072023806,0.4306938,0.0,168
KI,1940,marine_hw,abrupt-4xCO2,0.2598310575535714,0.416994,0.0,168
KI,1941,marine_hw,abrupt-4xCO2,0.2581765129172619,0.41143256,0.0,168
KI,1942,marine_hw,abrupt-4xCO2,0.28134329409267855,0.41803756,0.0,168
KI,1943,marine_hw,abrupt-4xCO2,0.23328218090178574,0.3886964,0.0,168
KI,1944,marine_hw,abrupt-4xCO2,0.2808773856845238,0.3988629,0.0,168
KI,1945,marine_hw,abrupt-4xCO2,0.28750922926785716,0.430971,0.0,168
KI,1946,marine_hw,abrupt-4xCO2,0.26192205111309524,0.4402194,0.0,168
KI,1947,marine_hw,abrupt-4xCO2,0.2941718372738095,0.4198509,0.0,168
KI,1948,marine_hw,abrupt-4xCO2,0.27251194054761907,0.42549953,0.0,168
KI,1949,marine_hw,abrupt-4xCO2,0.2088441090297619,0.3711109,0.0,168
KI,1950,marine_hw,abrupt-4xCO2,0.25744884858333333,0.37831113,0.0,168
KI,1951,marine_hw,abrupt-4xCO2,0.27463566575119047,0.43143338,0.0,168
KI,1952,marine_hw,abrupt-4xCO2,0.2333181190297619,0.38014793,0.0,168
KI,1953,marine_hw,abrupt-4xCO2,0.27982833024404763,0.42140514,0.0,168
KI,1954,marine_hw,abrupt-4xCO2,0.2508250973357143,0.42027768,0.0,168
KI,1955,marine_hw,abrupt-4xCO2,0.2920058772142857,0.43028513,0.0,168
KI,1956,marine_hw,abrupt-4xCO2,0.2455903110047619,0.40053996,0.0,168
KI,1957,marine_hw,abrupt-4xCO2,0.28418364653571426,0.43184006,0.0,168
KI,1958,marine_hw,abrupt-4xCO2,0.2790781217559524,0.43087637,0.0,168
KI,1959,marine_hw,abrupt-4xCO2,0.23147048004761905,0.39205658,0.0,168
KI,1960,marine_hw,abrupt-4xCO2,0.2804689462619048,0.40996087,0.0,168
KI,1961,marine_hw,abrupt-4xCO2,0.2953256678779762,0.41618463,0.0,168
KI,1962,marine_hw,abrupt-4xCO2,0.2827576769642857,0.4163739,0.0,168
KI,1963,marine_hw,abrupt-4xCO2,0.2417351550940476,0.39190292,0.0,168
KI,1964,marine_hw,abrupt-4xCO2,0.2792388704702381,0.43182665,0.0,168
KI,1965,marine_hw,abrupt-4xCO2,0.27528473612380955,0.42410633,0.0,168
KI,1966,marine_hw,abrupt-4xCO2,0.22234823757142858,0.38086802,0.0,168
KI,1967,marine_hw,abrupt-4xCO2,0.22721568292261907,0.3638328,0.0,168
KI,1968,marine_hw,abrupt-4xCO2,0.28131301354761906,0.41389686,0.0,168
KI,1969,marine_hw,abrupt-4xCO2,0.2700552671097024,0.43600762,0.0,168
KI,1970,marine_hw,abrupt-4xCO2,0.2831720720238095,0.44764245,0.0,168
KI,1971,marine_hw,abrupt-4xCO2,0.2666633818428571,0.42690614,0.0,168
KI,1972,marine_hw,abrupt-4xCO2,0.29383037557261904,0.40671343,0.0,168
KI,1973,marine_hw,abrupt-4xCO2,0.26401856077613095,0.4676231,0.0,168
KI,1974,marine_hw,abrupt-4xCO2,0.25483381597142857,0.4195717,0.0,168
KI,1975,marine_hw,abrupt-4xCO2,0.2768987295892857,0.43023816,0.0,168
KI,1976,marine_hw,abrupt-4xCO2,0.2717105526547619,0.4064812,0.0,168
KI,1977,marine_hw,abrupt-4xCO2,0.2539432369357143,0.40663558,0.0,168
KI,1978,marine_hw,abrupt-4xCO2,0.25857890659666666,0.385812,0.0,168
KI,1979,marine_hw,abrupt-4xCO2,0.2793517842857143,0.39746097,0.0,168
KI,1980,marine_hw,abrupt-4xCO2,0.2747224255479167,0.43293732,0.0,168
KI,1981,marine_hw,abrupt-4xCO2,0.27046820476190475,0.44364002,0.0,168
KI,1982,marine_hw,abrupt-4xCO2,0.30705606306547617,0.45457762,0.0,168
KI,1983,marine_hw,abrupt-4xCO2,0.25836116138154763,0.44270587,0.0,168
KI,1984,marine_hw,abrupt-4xCO2,0.29268182591708336,0.44838804,0.0,168
KI,1985,marine_hw,abrupt-4xCO2,0.29822693204166667,0.46794188,0.0,168
KI,1986,marine_hw,abrupt-4xCO2,0.2812479442202381,0.43423724,0.0,168
KI,1987,marine_hw,abrupt-4xCO2,0.29631062184702384,0.41651952,0.0,168
KI,1988,marine_hw,abrupt-4xCO2,0.2624179963922619,0.45057648,0.0,168
KI,1989,marine_hw,abrupt-4xCO2,0.28458018463095236,0.42978585,0.0,168
KI,1990,marine_hw,abrupt-4xCO2,0.2868392099702381,0.4339876,0.0,168
KI,1991,marine_hw,abrupt-4xCO2,0.2750435555297619,0.41910124,0.0,168
KI,1992,marine_hw,abrupt-4xCO2,0.2830269004375,0.43771958,0.0,168
KI,1993,marine_hw,abrupt-4xCO2,0.26919704239285713,0.38911048,0.0,168
KI,1994,marine_hw,abrupt-4xCO2,0.3056682750952381,0.44873905,0.0,168
KI,1995,marine_hw,abrupt-4xCO2,0.30966501055357143,0.43552577,0.0,168
KI,1996,marine_hw,abrupt-4xCO2,0.2724968759452381,0.42470425,0.0,168
KI,1997,marine_hw,abrupt-4xCO2,0.2868348775892857,0.4297187,0.0,168
KI,1998,marine_hw,abrupt-4xCO2,0.28647636151190475,0.42062196,0.0,168
KI,1999,marine_hw,abrupt-4xCO2,0.26866795163095236,0.43574786,0.0,168
KI,2000,marine_hw,abrupt-4xCO2,0.3070153739702381,0.42947847,0.0,168
KM,1850,marine_hw,abrupt-4xCO2,0.07485445566666667,0.18833296,0.0,12
KM,1851,marine_hw,abrupt-4xCO2,0.1522785777375,0.30588216,0.0,12
KM,1852,marine_hw,abrupt-4xCO2,0.16999994591666667,0.34577024,0.0,12
KM,1853,marine_hw,abrupt-4xCO2,0.18091464283333333,0.3758616,0.0,12
KM,1854,marine_hw,abrupt-4xCO2,0.14698618075,0.3060412,0.0,12
KM,1855,marine_hw,abrupt-4xCO2,0.16812349133333335,0.33510387,0.0,12
KM,1856,marine_hw,abrupt-4xCO2,0.212925194,0.41751814,0.011670722,12
KM,1857,marine_hw,abrupt-4xCO2,0.23311692708333331,0.40848646,0.03173057,12
KM,1858,marine_hw,abrupt-4xCO2,0.21099712533333334,0.3703915,0.018433396,12
KM,1859,marine_hw,abrupt-4xCO2,0.25225309783333333,0.41137892,0.045579936,12
KM,1860,marine_hw,abrupt-4xCO2,0.24736732066666667,0.42423916,0.033072643,12
KM,1861,marine_hw,abrupt-4xCO2,0.19645802783333333,0.39879578,0.0,12
KM,1862,marine_hw,abrupt-4xCO2,0.26234869050000004,0.4081811,0.093611896,12
KM,1863,marine_hw,abrupt-4xCO2,0.28371169041666666,0.4840154,0.08694788,12
KM,1864,marine_hw,abrupt-4xCO2,0.24679756733333336,0.4495826,0.045353774,12
KM,1865,marine_hw,abrupt-4xCO2,0.2598575804166667,0.47786477,0.073546015,12
KM,1866,marine_hw,abrupt-4xCO2,0.25531549833333333,0.4403637,0.02520144,12
KM,1867,marine_hw,abrupt-4xCO2,0.23225596525,0.42293927,0.013056543,12
KM,1868,marine_hw,abrupt-4xCO2,0.253631439,0.4436635,0.061842028,12
KM,1869,marine_hw,abrupt-4xCO2,0.2885814641666667,0.4850623,0.06721217,12
KM,1870,marine_hw,abrupt-4xCO2,0.21972202024999998,0.4234587,0.016935501,12
KM,1871,marine_hw,abrupt-4xCO2,0.24375527500000002,0.38842928,0.06338019,12
KM,1872,marine_hw,abrupt-4xCO2,0.27765926874999997,0.47395897,0.09047854,12
KM,1873,marine_hw,abrupt-4xCO2,0.2604848716666667,0.44276625,0.06775711,12
KM,1874,marine_hw,abrupt-4xCO2,0.29262757916666665,0.4439937,0.10792042,12
KM,1875,marine_hw,abrupt-4xCO2,0.2838143575,0.45030403,0.07973892,12
KM,1876,marine_hw,abrupt-4xCO2,0.22981285241666669,0.4460392,0.011490322,12
KM,1877,marine_hw,abrupt-4xCO2,0.22721749016666667,0.41783625,0.014246404,12
KM,1878,marine_hw,abrupt-4xCO2,0.29851307083333334,0.4687606,0.08881824,12
KM,1879,marine_hw,abrupt-4xCO2,0.2712699565,0.45257035,0.062057454,12
KM,1880,marine_hw,abrupt-4xCO2,0.26692407166666665,0.40140167,0.10378644,12
KM,1881,marine_hw,abrupt-4xCO2,0.3111195795833333,0.49423292,0.11275368,12
KM,1882,marine_hw,abrupt-4xCO2,0.19228681266666667,0.35691315,0.00477475,12
KM,1883,marine_hw,abrupt-4xCO2,0.26182600725,0.4936591,0.05486527,12
KM,1884,marine_hw,abrupt-4xCO2,0.31570973,0.48395032,0.1195432,12
KM,1885,marine_hw,abrupt-4xCO2,0.20740460591666668,0.43107033,0.014880592,12
KM,1886,marine_hw,abrupt-4xCO2,0.2797429575,0.46259254,0.07973825,12
KM,1887,marine_hw,abrupt-4xCO2,0.32043829583333333,0.48356712,0.13775483,12
KM,1888,marine_hw,abrupt-4xCO2,0.2984049653333333,0.4656615,0.108530454,12
KM,1889,marine_hw,abrupt-4xCO2,0.2685159163333333,0.45664996,0.055252496,12
KM,1890,marine_hw,abrupt-4xCO2,0.2492722496666667,0.41684365,0.057497326,12
KM,1891,marine_hw,abrupt-4xCO2,0.28886685166666665,0.47708297,0.10603597,12
KM,1892,marine_hw,abrupt-4xCO2,0.31292051,0.5016989,0.10684666,12
KM,1893,marine_hw,abrupt-4xCO2,0.2411540806666667,0.4365351,0.022801585,12
KM,1894,marine_hw,abrupt-4xCO2,0.26460379775,0.46667284,0.046574503,12
KM,1895,marine_hw,abrupt-4xCO2,0.3026599583333333,0.49124518,0.08509162,12
KM,1896,marine_hw,abrupt-4xCO2,0.24460509916666665,0.40906695,0.0557169,12
KM,1897,marine_hw,abrupt-4xCO2,0.285259535,0.47344357,0.0997169,12
KM,1898,marine_hw,abrupt-4xCO2,0.33252771166666667,0.5184757,0.1258643,12
KM,1899,marine_hw,abrupt-4xCO2,0.26460605458333336,0.48353088,0.053273425,12
KM,1900,marine_hw,abrupt-4xCO2,0.29167797791666666,0.47325432,0.108693525,12
KM,1901,marine_hw,abrupt-4xCO2,0.327595735,0.49530798,0.14399606,12
KM,1902,marine_hw,abrupt-4xCO2,0.29177937449999997,0.47496027,0.07846115,12
KM,1903,marine_hw,abrupt-4xCO2,0.22417219433333332,0.36898953,0.034473356,12
KM,1904,marine_hw,abrupt-4xCO2,0.2984185995,0.45658016,0.09128184,12
KM,1905,marine_hw,abrupt-4xCO2,0.34117728583333334,0.51863074,0.14525774,12
KM,1906,marine_hw,abrupt-4xCO2,0.23583499258333332,0.41303653,0.046780534,12
KM,1907,marine_hw,abrupt-4xCO2,0.2968088108333333,0.45281866,0.10489779,12
KM,1908,marine_hw,abrupt-4xCO2,0.3149529991666667,0.48783326,0.09825793,12
KM,1909,marine_hw,abrupt-4xCO2,0.2619792458333333,0.44737133,0.08184282,12
KM,1910,marine_hw,abrupt-4xCO2,0.3091815408333333,0.4539998,0.138336,12
KM,1911,marine_hw,abrupt-4xCO2,0.3000078975,0.46436763,0.09823914,12
KM,1912,marine_hw,abrupt-4xCO2,0.21870076358333335,0.41078028,0.02128423,12
KM,1913,marine_hw,abrupt-4xCO2,0.289123773,0.4431045,0.072131336,12
KM,1914,marine_hw,abrupt-4xCO2,0.3307607666666667,0.5174315,0.11642595,12
KM,1915,marine_hw,abrupt-4xCO2,0.28898921375000003,0.48665148,0.08133614,12
KM,1916,marine_hw,abrupt-4xCO2,0.31408308,0.48022503,0.12387247,12
KM,1917,marine_hw,abrupt-4xCO2,0.30814274,0.50370413,0.11071421,12
KM,1918,marine_hw,abrupt-4xCO2,0.29752615625,0.48345035,0.100898705,12
KM,1919,marine_hw,abrupt-4xCO2,0.3050302916666667,0.45729154,0.12702462,12
KM,1920,marine_hw,abrupt-4xCO2,0.3221855633333333,0.49630326,0.1262703,12
KM,1921,marine_hw,abrupt-4xCO2,0.28896756041666666,0.479464,0.086219065,12
KM,1922,marine_hw,abrupt-4xCO2,0.3043223921666667,0.4527623,0.11824597,12
KM,1923,marine_hw,abrupt-4xCO2,0.3107150633333333,0.4988259,0.1101223,12
KM,1924,marine_hw,abrupt-4xCO2,0.2602107931666667,0.454589,0.022568043,12
KM,1925,marine_hw,abrupt-4xCO2,0.28519336624999997,0.43657133,0.117041335,12
KM,1926,marine_hw,abrupt-4xCO2,0.32805057249999997,0.5173851,0.1359885,12
KM,1927,marine_hw,abrupt-4xCO2,0.27381564583333334,0.47448376,0.06120046,12
KM,1928,marine_hw,abrupt-4xCO2,0.2788836350833333,0.45461854,0.096338585,12
KM,1929,marine_hw,abrupt-4xCO2,0.3345050575,0.5165792,0.13905677,12
KM,1930,marine_hw,abrupt-4xCO2,0.28547149833333335,0.44739482,0.13713408,12
KM,1931,marine_hw,abrupt-4xCO2,0.33296979,0.51059633,0.14619593,12
KM,1932,marine_hw,abrupt-4xCO2,0.29796931833333334,0.4583237,0.09722108,12
KM,1933,marine_hw,abrupt-4xCO2,0.29364128916666665,0.4676889,0.10519576,12
KM,1934,marine_hw,abrupt-4xCO2,0.261526275,0.4184503,0.11320735,12
KM,1935,marine_hw,abrupt-4xCO2,0.29269043916666665,0.48841113,0.09775661,12
KM,1936,marine_hw,abrupt-4xCO2,0.3332507616666667,0.51269084,0.13118142,12
KM,1937,marine_hw,abrupt-4xCO2,0.2728280700833334,0.46600577,0.067403436,12
KM,1938,marine_hw,abrupt-4xCO2,0.2595004229166667,0.40511754,0.053483475,12
KM,1939,marine_hw,abrupt-4xCO2,0.30172523833333337,0.4484934,0.12391811,12
KM,1940,marine_hw,abrupt-4xCO2,0.29360996916666665,0.48542473,0.09169457,12
KM,1941,marine_hw,abrupt-4xCO2,0.303322005,0.47653466,0.12783398,12
KM,1942,marine_hw,abrupt-4xCO2,0.32432826416666666,0.50031304,0.12481738,12
KM,1943,marine_hw,abrupt-4xCO2,0.3293546533333333,0.5258672,0.10625945,12
KM,1944,marine_hw,abrupt-4xCO2,0.2691723139166667,0.46134028,0.052138597,12
KM,1945,marine_hw,abrupt-4xCO2,0.3290861216666667,0.47833857,0.14746901,12
KM,1946,marine_hw,abrupt-4xCO2,0.3315047366666667,0.5211984,0.15496117,12
KM,1947,marine_hw,abrupt-4xCO2,0.307849685,0.46798283,0.12545961,12
KM,1948,marine_hw,abrupt-4xCO2,0.3307960975,0.4807693,0.16089235,12
KM,1949,marine_hw,abrupt-4xCO2,0.32067748733333334,0.5180006,0.091254994,12
KM,1950,marine_hw,abrupt-4xCO2,0.23849384283333333,0.4078194,0.027192593,12
KM,1951,marine_hw,abrupt-4xCO2,0.30111716666666666,0.4574036,0.10539239,12
KM,1952,marine_hw,abrupt-4xCO2,0.32024804833333337,0.4936477,0.14237738,12
KM,1953,marine_hw,abrupt-4xCO2,0.2873739341666667,0.45498562,0.1058078,12
KM,1954,marine_hw,abrupt-4xCO2,0.30330780916666666,0.4933665,0.11506294,12
KM,1955,marine_hw,abrupt-4xCO2,0.29329364291666665,0.47122425,0.076117665,12
KM,1956,marine_hw,abrupt-4xCO2,0.32151993916666666,0.527655,0.11175106,12
KM,1957,marine_hw,abrupt-4xCO2,0.2815002486666667,0.44729418,0.094496414,12
KM,1958,marine_hw,abrupt-4xCO2,0.30100250666666667,0.41418678,0.14271092,12
KM,1959,marine_hw,abrupt-4xCO2,0.32234627875,0.52157617,0.08225018,12
KM,1960,marine_hw,abrupt-4xCO2,0.27840691624999997,0.44621503,0.094017245,12
KM,1961,marine_hw,abrupt-4xCO2,0.2966377966666667,0.42604512,0.13196728,12
KM,1962,marine_hw,abrupt-4xCO2,0.32640699458333333,0.48729238,0.123136275,12
KM,1963,marine_hw,abrupt-4xCO2,0.3247464091666667,0.5140847,0.11275838,12
KM,1964,marine_hw,abrupt-4xCO2,0.28668788500000003,0.49480265,0.08322461,12
KM,1965,marine_hw,abrupt-4xCO2,0.31206732541666665,0.48911777,0.118237235,12
KM,1966,marine_hw,abrupt-4xCO2,0.35085723333333335,0.54391575,0.1597817,12
KM,1967,marine_hw,abrupt-4xCO2,0.2544437335,0.44105563,0.043413624,12
KM,1968,marine_hw,abrupt-4xCO2,0.27180483333333333,0.4196482,0.11176717,12
KM,1969,marine_hw,abrupt-4xCO2,0.36645190833333335,0.54085886,0.17532435,12
KM,1970,marine_hw,abrupt-4xCO2,0.34879237583333333,0.54238033,0.14668718,12
KM,1971,marine_hw,abrupt-4xCO2,0.29425695458333334,0.50061977,0.095231265,12
KM,1972,marine_hw,abrupt-4xCO2,0.25606669625,0.43072337,0.07086295,12
KM,1973,marine_hw,abrupt-4xCO2,0.3255139316666667,0.52341366,0.1208646,12
KM,1974,marine_hw,abrupt-4xCO2,0.3416955933333334,0.5493544,0.13315244,12
KM,1975,marine_hw,abrupt-4xCO2,0.27613861241666665,0.44085562,0.097329125,12
KM,1976,marine_hw,abrupt-4xCO2,0.35012288333333336,0.50324106,0.16025011,12
KM,1977,marine_hw,abrupt-4xCO2,0.34811937666666665,0.52738863,0.15524438,12
KM,1978,marine_hw,abrupt-4xCO2,0.28213308583333335,0.4507812,0.08044693,12
KM,1979,marine_hw,abrupt-4xCO2,0.28242240166666666,0.46801168,0.095546685,12
KM,1980,marine_hw,abrupt-4xCO2,0.3269054616666667,0.5002708,0.13605696,12
KM,1981,marine_hw,abrupt-4xCO2,0.32867352833333335,0.51451015,0.14212303,12
KM,1982,marine_hw,abrupt-4xCO2,0.3257665425,0.50603086,0.14657041,12
KM,1983,marine_hw,abrupt-4xCO2,0.3453640491666667,0.54815376,0.13431144,12
KM,1984,marine_hw,abrupt-4xCO2,0.33104060916666667,0.497073,0.16973612,12
KM,1985,marine_hw,abrupt-4xCO2,0.3272311583333333,0.5221493,0.13962184,12
KM,1986,marine_hw,abrupt-4xCO2,0.30123909,0.47212017,0.093793765,12
KM,1987,marine_hw,abrupt-4xCO2,0.2950750191666667,0.460747,0.10375021,12
KM,1988,marine_hw,abrupt-4xCO2,0.35036900666666665,0.5309347,0.1735842,12
KM,1989,marine_hw,abrupt-4xCO2,0.34967827166666665,0.5190287,0.14801998,12
KM,1990,marine_hw,abrupt-4xCO2,0.3331968475,0.50651336,0.14807032,12
KM,1991,marine_hw,abrupt-4xCO2,0.34799314833333334,0.5269598,0.15985483,12
KM,1992,marine_hw,abrupt-4xCO2,0.34551342916666666,0.5241814,0.14950112,12
KM,1993,marine_hw,abrupt-4xCO2,0.3027075491666667,0.48525023,0.10325964,12
KM,1994,marine_hw,abrupt-4xCO2,0.29937743916666665,0.45344278,0.10773117,12
KM,1995,marine_hw,abrupt-4xCO2,0.33737310333333337,0.47871438,0.15839787,12
KM,1996,marine_hw,abrupt-4xCO2,0.357729915,0.55168444,0.15756035,12
KM,1997,marine_hw,abrupt-4xCO2,0.3016479988333333,0.45439106,0.10591182,12
KM,1998,marine_hw,abrupt-4xCO2,0.3100870075,0.4710927,0.14073385,12
KM,1999,marine_hw,abrupt-4xCO2,0.34278423133333336,0.5105661,0.11565351,12
KM,2000,marine_hw,abrupt-4xCO2,0.30402598166666667,0.50121903,0.111028954,12
KP,1850,marine_hw,abrupt-4xCO2,0.0,0.0,0.0,12
KP,1851,marine_hw,abrupt-4xCO2,0.0,0.0,0.0,12
KP,1852,marine_hw,abrupt-4xCO2,0.0,0.0,0.0,12
KP,1853,marine_hw,abrupt-4xCO2,0.0,0.0,0.0,12
KP,1854,marine_hw,abrupt-4xCO2,0.0,0.0,0.0,12
KP,1855,marine_hw,abrupt-4xCO2,0.0,0.0,0.0,12
KP,1856,marine_hw,abrupt-4xCO2,0.0,0.0,0.0,12
KP,1857,marine_hw,abrupt-4xCO2,0.0,0.0,0.0,12
KP,1858,marine_hw,abrupt-4xCO2,0.0,0.0,0.0,12
KP,1859,marine_hw,abrupt-4xCO2,0.0,0.0,0.0,12
KP,1860,marine_hw,abrupt-4xCO2,0.0,0.0,0.0,12
KP,1861,marine_hw,abrupt-4xCO2,0.0,0.0,0.0,12
KP,1862,marine_hw,abrupt-4xCO2,0.0,0.0,0.0,12
KP,1863,marine_hw,abrupt-4xCO2,0.0,0.0,0.0,12
KP,1864,marine_hw,abrupt-4xCO2,0.0,0.0,0.0,12
KP,1865,marine_hw,abrupt-4xCO2,0.0,0.0,0.0,12
KP,1866,marine_hw,abrupt-4xCO2,0.0,0.0,0.0,12
KP,1867,marine_hw,abrupt-4xCO2,0.0,0.0,0.0,12
KP,1868,marine_hw,abrupt-4xCO2,0.0,0.0,0.0,12
KP,1869,marine_hw,abrupt-4xCO2,0.0,0.0,0.0,12
KP,1870,marine_hw,abrupt-4xCO2,0.0,0.0,0.0,12
KP,1871,marine_hw,abrupt-4xCO2,0.0,0.0,0.0,12
KP,1872,marine_hw,abrupt-4xCO2,0.0,0.0,0.0,12
KP,1873,marine_hw,abrupt-4xCO2,0.0,0.0,0.0,12
KP,1874,marine_hw,abrupt-4xCO2,0.0,0.0,0.0,12
KP,1875,marine_hw,abrupt-4xCO2,0.0,0.0,0.0,12
KP,1876,marine_hw,abrupt-4xCO2,0.0,0.0,0.0,12
KP,1877,marine_hw,abrupt-4xCO2,0.0,0.0,0.0,12
KP,1878,marine_hw,abrupt-4xCO2,0.0,0.0,0.0,12
KP,1879,marine_hw,abrupt-4xCO2,0.0,0.0,0.0,12
KP,1880,marine_hw,abrupt-4xCO2,0.0,0.0,0.0,12
KP,1881,marine_hw,abrupt-4xCO2,0.0,0.0,0.0,12
KP,1882,marine_hw,abrupt-4xCO2,0.0,0.0,0.0,12
KP,1883,marine_hw,abrupt-4xCO2,0.0,0.0,0.0,12
KP,1884,marine_hw,abrupt-4xCO2,0.0,0.0,0.0,12
KP,1885,marine_hw,abrupt-4xCO2,0.0,0.0,0.0,12
KP,1886,marine_hw,abrupt-4xCO2,0.0,0.0,0.0,12
KP,1887,marine_hw,abrupt-4xCO2,0.0,0.0,0.0,12
KP,1888,marine_hw,abrupt-4xCO2,0.0,0.0,0.0,12
KP,1889,marine_hw,abrupt-4xCO2,0.0,0.0,0.0,12
KP,1890,marine_hw,abrupt-4xCO2,0.0,0.0,0.0,12
KP,1891,marine_hw,abrupt-4xCO2,0.0,0.0,0.0,12
KP,1892,marine_hw,abrupt-4xCO2,0.0,0.0,0.0,12
KP,1893,marine_hw,abrupt-4xCO2,0.0,0.0,0.0,12
KP,1894,marine_hw,abrupt-4xCO2,0.0,0.0,0.0,12
KP,1895,marine_hw,abrupt-4xCO2,0.0,0.0,0.0,12
KP,1896,marine_hw,abrupt-4xCO2,0.0,0.0,0.0,12
KP,1897,marine_hw,abrupt-4xCO2,0.0,0.0,0.0,12
KP,1898,marine_hw,abrupt-4xCO2,0.0,0.0,0.0,12
KP,1899,marine_hw,abrupt-4xCO2,0.0,0.0,0.0,12
KP,1900,marine_hw,abrupt-4xCO2,0.0,0.0,0.0,12
KP,1901,marine_hw,abrupt-4xCO2,0.0,0.0,0.0,12
KP,1902,marine_hw,abrupt-4xCO2,0.0,0.0,0.0,12
KP,1903,marine_hw,abrupt-4xCO2,0.0,0.0,0.0,12
KP,1904,marine_hw,abrupt-4xCO2,0.0,0.0,0.0,12
KP,1905,marine_hw,abrupt-4xCO2,0.0,0.0,0.0,12
KP,1906,marine_hw,abrupt-4xCO2,0.0,0.0,0.0,12
KP,1907,marine_hw,abrupt-4xCO2,0.0,0.0,0.0,12
KP,1908,marine_hw,abrupt-4xCO2,0.0,0.0,0.0,12
KP,1909,marine_hw,abrupt-4xCO2,0.0,0.0,0.0,12
KP,1910,marine_hw,abrupt-4xCO2,0.0,0.0,0.0,12
KP,1911,marine_hw,abrupt-4xCO2,0.0,0.0,0.0,12
KP,1912,marine_hw,abrupt-4xCO2,0.0,0.0,0.0,12
KP,1913,marine_hw,abrupt-4xCO2,0.0,0.0,0.0,12
KP,1914,marine_hw,abrupt-4xCO2,0.0,0.0,0.0,12
KP,1915,marine_hw,abrupt-4xCO2,0.0,0.0,0.0,12
KP,1916,marine_hw,abrupt-4xCO2,0.0,0.0,0.0,12
KP,1917,marine_hw,abrupt-4xCO2,0.0,0.0,0.0,12
KP,1918,marine_hw,abrupt-4xCO2,0.0,0.0,0.0,12
KP,1919,marine_hw,abrupt-4xCO2,0.0,0.0,0.0,12
KP,1920,marine_hw,abrupt-4xCO2,0.0,0.0,0.0,12
KP,1921,marine_hw,abrupt-4xCO2,0.0,0.0,0.0,12
KP,1922,marine_hw,abrupt-4xCO2,0.0,0.0,0.0,12
KP,1923,marine_hw,abrupt-4xCO2,0.0,0.0,0.0,12
KP,1924,marine_hw,abrupt-4xCO2,0.0,0.0,0.0,12
KP,1925,marine_hw,abrupt-4xCO2,0.0,0.0,0.0,12
KP,1926,marine_hw,abrupt-4xCO2,0.0,0.0,0.0,12
KP,1927,marine_hw,abrupt-4xCO2,0.0,0.0,0.0,12
KP,1928,marine_hw,abrupt-4xCO2,0.0,0.0,0.0,12
KP,1929,marine_hw,abrupt-4xCO2,0.0,0.0,0.0,12
KP,1930,marine_hw,abrupt-4xCO2,0.0,0.0,0.0,12
KP,1931,marine_hw,abrupt-4xCO2,0.0,0.0,0.0,12
KP,1932,marine_hw,abrupt-4xCO2,0.0,0.0,0.0,12
KP,1933,marine_hw,abrupt-4xCO2,0.0,0.0,0.0,12
KP,1934,marine_hw,abrupt-4xCO2,0.0,0.0,0.0,12
KP,1935,marine_hw,abrupt-4xCO2,0.0,0.0,0.0,12
KP,1936,marine_hw,abrupt-4xCO2,0.0,0.0,0.0,12
KP,1937,marine_hw,abrupt-4xCO2,0.0,0.0,0.0,12
KP,1938,marine_hw,abrupt-4xCO2,0.0,0.0,0.0,12
KP,1939,marine_hw,abrupt-4xCO2,0.0,0.0,0.0,12
KP,1940,marine_hw,abrupt-4xCO2,0.0,0.0,0.0,12
KP,1941,marine_hw,abrupt-4xCO2,0.0,0.0,0.0,12
KP,1942,marine_hw,abrupt-4xCO2,0.0,0.0,0.0,12
KP,1943,marine_hw,abrupt-4xCO2,0.0,0.0,0.0,12
KP,1944,marine_hw,abrupt-4xCO2,0.0,0.0,0.0,12
KP,1945,marine_hw,abrupt-4xCO2,0.0,0.0,0.0,12
KP,1946,marine_hw,abrupt-4xCO2,0.0,0.0,0.0,12
KP,1947,marine_hw,abrupt-4xCO2,0.0,0.0,0.0,12
KP,1948,marine_hw,abrupt-4xCO2,0.0,0.0,0.0,12
KP,1949,marine_hw,abrupt-4xCO2,0.0,0.0,0.0,12
KP,1950,marine_hw,abrupt-4xCO2,0.0,0.0,0.0,12
KP,1951,marine_hw,abrupt-4xCO2,0.0,0.0,0.0,12
KP,1952,marine_hw,abrupt-4xCO2,0.0,0.0,0.0,12
KP,1953,marine_hw,abrupt-4xCO2,0.0,0.0,0.0,12
KP,1954,marine_hw,abrupt-4xCO2,0.0,0.0,0.0,12
KP,1955,marine_hw,abrupt-4xCO2,0.0,0.0,0.0,12
KP,1956,marine_hw,abrupt-4xCO2,0.0,0.0,0.0,12
KP,1957,marine_hw,abrupt-4xCO2,0.0,0.0,0.0,12
KP,1958,marine_hw,abrupt-4xCO2,0.0,0.0,0.0,12
KP,1959,marine_hw,abrupt-4xCO2,0.0,0.0,0.0,12
KP,1960,marine_hw,abrupt-4xCO2,0.0,0.0,0.0,12
KP,1961,marine_hw,abrupt-4xCO2,0.0,0.0,0.0,12
KP,1962,marine_hw,abrupt-4xCO2,0.0,0.0,0.0,12
KP,1963,marine_hw,abrupt-4xCO2,0.0,0.0,0.0,12
KP,1964,marine_hw,abrupt-4xCO2,0.0,0.0,0.0,12
KP,1965,marine_hw,abrupt-4xCO2,0.0,0.0,0.0,12
KP,1966,marine_hw,abrupt-4xCO2,0.0,0.0,0.0,12
KP,1967,marine_hw,abrupt-4xCO2,0.0,0.0,0.0,12
KP,1968,marine_hw,abrupt-4xCO2,0.0,0.0,0.0,12
KP,1969,marine_hw,abrupt-4xCO2,0.0,0.0,0.0,12
KP,1970,marine_hw,abrupt-4xCO2,0.0,0.0,0.0,12
KP,1971,marine_hw,abrupt-4xCO2,0.0,0.0,0.0,12
KP,1972,marine_hw,abrupt-4xCO2,0.0,0.0,0.0,12
KP,1973,marine_hw,abrupt-4xCO2,0.0,0.0,0.0,12
KP,1974,marine_hw,abrupt-4xCO2,0.0,0.0,0.0,12
KP,1975,marine_hw,abrupt-4xCO2,0.0,0.0,0.0,12
KP,1976,marine_hw,abrupt-4xCO2,0.0,0.0,0.0,12
KP,1977,marine_hw,abrupt-4xCO2,0.0,0.0,0.0,12
KP,1978,marine_hw,abrupt-4xCO2,0.0,0.0,0.0,12
KP,1979,marine_hw,abrupt-4xCO2,0.0,0.0,0.0,12
KP,1980,marine_hw,abrupt-4xCO2,0.0,0.0,0.0,12
KP,1981,marine_hw,abrupt-4xCO2,0.0,0.0,0.0,12
KP,1982,marine_hw,abrupt-4xCO2,0.0,0.0,0.0,12
KP,1983,marine_hw,abrupt-4xCO2,0.0,0.0,0.0,12
KP,1984,marine_hw,abrupt-4xCO2,0.0,0.0,0.0,12
KP,1985,marine_hw,abrupt-4xCO2,0.0,0.0,0.0,12
KP,1986,marine_hw,abrupt-4xCO2,0.0,0.0,0.0,12
KP,1987,marine_hw,abrupt-4xCO2,0.0,0.0,0.0,12
KP,1988,marine_hw,abrupt-4xCO2,0.0,0.0,0.0,12
KP,1989,marine_hw,abrupt-4xCO2,0.0,0.0,0.0,12
KP,1990,marine_hw,abrupt-4xCO2,0.0,0.0,0.0,12
KP,1991,marine_hw,abrupt-4xCO2,0.0,0.0,0.0,12
KP,1992,marine_hw,abrupt-4xCO2,0.0,0.0,0.0,12
KP,1993,marine_hw,abrupt-4xCO2,0.0,0.0,0.0,12
KP,1994,marine_hw,abrupt-4xCO2,0.0,0.0,0.0,12
KP,1995,marine_hw,abrupt-4xCO2,0.0,0.0,0.0,12
KP,1996,marine_hw,abrupt-4xCO2,0.0,0.0,0.0,12
KP,1997,marine_hw,abrupt-4xCO2,0.0,0.0,0.0,12
KP,1998,marine_hw,abrupt-4xCO2,0.0,0.0,0.0,12
KP,1999,marine_hw,abrupt-4xCO2,0.0,0.0,0.0,12
KP,2000,marine_hw,abrupt-4xCO2,0.0,0.0,0.0,12
KR,1850,marine_hw,abrupt-4xCO2,0.0,0.0,0.0,12
KR,1851,marine_hw,abrupt-4xCO2,0.0,0.0,0.0,12
KR,1852,marine_hw,abrupt-4xCO2,0.0031676161666666664,0.038011394,0.0,12
KR,1853,marine_hw,abrupt-4xCO2,0.008252442916666667,0.07805526,0.0,12
KR,1854,marine_hw,abrupt-4xCO2,0.005387157116666666,0.063288376,0.0,12
KR,1855,marine_hw,abrupt-4xCO2,0.008391290833333334,0.10069549,0.0,12
KR,1856,marine_hw,abrupt-4xCO2,0.0038178563333333333,0.045814276,0.0,12
KR,1857,marine_hw,abrupt-4xCO2,0.002877197833333333,0.034526374,0.0,12
KR,1858,marine_hw,abrupt-4xCO2,0.0012928635833333332,0.015514363,0.0,12
KR,1859,marine_hw,abrupt-4xCO2,0.0,0.0,0.0,12
KR,1860,marine_hw,abrupt-4xCO2,0.0,0.0,0.0,12
KR,1861,marine_hw,abrupt-4xCO2,0.007848761666666667,0.09418514,0.0,12
KR,1862,marine_hw,abrupt-4xCO2,0.0121155382,0.1358383,0.0,12
KR,1863,marine_hw,abrupt-4xCO2,0.00107619975,0.012914397,0.0,12
KR,1864,marine_hw,abrupt-4xCO2,0.0,0.0,0.0,12
KR,1865,marine_hw,abrupt-4xCO2,0.010043090833333332,0.12051709,0.0,12
KR,1866,marine_hw,abrupt-4xCO2,0.0,0.0,0.0,12
KR,1867,marine_hw,abrupt-4xCO2,0.010796770916666669,0.09958951,0.0,12
KR,1868,marine_hw,abrupt-4xCO2,0.0021056669166666666,0.025268003,0.0,12
KR,1869,marine_hw,abrupt-4xCO2,0.0015692903333333333,0.018831484,0.0,12
KR,1870,marine_hw,abrupt-4xCO2,0.0,0.0,0.0,12
KR,1871,marine_hw,abrupt-4xCO2,0.00046633758333333334,0.005596051,0.0,12
KR,1872,marine_hw,abrupt-4xCO2,0.003859128833333333,0.046309546,0.0,12
KR,1873,marine_hw,abrupt-4xCO2,0.003902918,0.046835016,0.0,12
KR,1874,marine_hw,abrupt-4xCO2,0.0037495158333333335,0.04499419,0.0,12
KR,1875,marine_hw,abrupt-4xCO2,0.0,0.0,0.0,12
KR,1876,marine_hw,abrupt-4xCO2,0.005573621666666667,0.06688346,0.0,12
KR,1877,marine_hw,abrupt-4xCO2,0.006392586666666666,0.07671104,0.0,12
KR,1878,marine_hw,abrupt-4xCO2,0.00018156748333333334,0.0021788098,0.0,12
KR,1879,marine_hw,abrupt-4xCO2,0.002937205,0.03524646,0.0,12
KR,1880,marine_hw,abrupt-4xCO2,0.00163571875,0.019628625,0.0,12
KR,1881,marine_hw,abrupt-4xCO2,0.001561059,0.018732708,0.0,12
KR,1882,marine_hw,abrupt-4xCO2,0.004706783833333333,0.056481406,0.0,12
KR,1883,marine_hw,abrupt-4xCO2,0.00528365,0.0634038,0.0,12
KR,1884,marine_hw,abrupt-4xCO2,0.0057160625,0.06859275,0.0,12
KR,1885,marine_hw,abrupt-4xCO2,0.005496835833333334,0.06596203,0.0,12
KR,1886,marine_hw,abrupt-4xCO2,0.0002522566833333333,0.001603803,0.0,12
KR,1887,marine_hw,abrupt-4xCO2,0.0,0.0,0.0,12
KR,1888,marine_hw,abrupt-4xCO2,0.0013447969166666667,0.016137563,0.0,12
KR,1889,marine_hw,abrupt-4xCO2,0.006875020583333333,0.04699541,0.0,12
KR,1890,marine_hw,abrupt-4xCO2,0.0009028321666666667,0.010833986,0.0,12
KR,1891,marine_hw,abrupt-4xCO2,0.0007065459166666668,0.008478551,0.0,12
KR,1892,marine_hw,abrupt-4xCO2,0.00046713099999999997,0.005605572,0.0,12
KR,1893,marine_hw,abrupt-4xCO2,0.0013888658333333333,0.01666639,0.0,12
KR,1894,marine_hw,abrupt-4xCO2,0.009407055833333334,0.11288467,0.0,12
KR,1895,marine_hw,abrupt-4xCO2,0.0023614016666666667,0.02833682,0.0,12
KR,1896,marine_hw,abrupt-4xCO2,0.0065862555,0.079035066,0.0,12
KR,1897,marine_hw,abrupt-4xCO2,0.0,0.0,0.0,12
KR,1898,marine_hw,abrupt-4xCO2,0.006171515,0.07405818,0.0,12
KR,1899,marine_hw,abrupt-4xCO2,0.011757583333333333,0.141091,0.0,12
KR,1900,marine_hw,abrupt-4xCO2,0.0,0.0,0.0,12
KR,1901,marine_hw,abrupt-4xCO2,0.0035574133333333333,0.04268896,0.0,12
KR,1902,marine_hw,abrupt-4xCO2,0.007059828333333334,0.08471794,0.0,12
KR,1903,marine_hw,abrupt-4xCO2,0.0014901460833333334,0.017881753,0.0,12
KR,1904,marine_hw,abrupt-4xCO2,0.0,0.0,0.0,12
KR,1905,marine_hw,abrupt-4xCO2,0.009063431866666668,0.101361886,0.0,12
KR,1906,marine_hw,abrupt-4xCO2,0.0017151985833333333,0.020582383,0.0,12
KR,1907,marine_hw,abrupt-4xCO2,0.00018661121666666667,0.0022393346,0.0,12
KR,1908,marine_hw,abrupt-4xCO2,0.0044721225,0.05366547,0.0,12
KR,1909,marine_hw,abrupt-4xCO2,0.005749729166666666,0.06899675,0.0,12
KR,1910,marine_hw,abrupt-4xCO2,0.0,0.0,0.0,12
KR,1911,marine_hw,abrupt-4xCO2,0.004607349333333333,0.055288192,0.0,12
KR,1912,marine_hw,abrupt-4xCO2,0.0037400647499999996,0.03561771,0.0,12
KR,1913,marine_hw,abrupt-4xCO2,0.0,0.0,0.0,12
KR,1914,marine_hw,abrupt-4xCO2,0.0,0.0,0.0,12
KR,1915,marine_hw,abrupt-4xCO2,0.008197286666666666,0.09836744,0.0,12
KR,1916,marine_hw,abrupt-4xCO2,0.00324389775,0.038926773,0.0,12
KR,1917,marine_hw,abrupt-4xCO2,0.00141638093,0.016822211,0.0,12
KR,1918,marine_hw,abrupt-4xCO2,0.00662550465,0.07826666,0.0,12
KR,1919,marine_hw,abrupt-4xCO2,0.0,0.0,0.0,12
KR,1920,marine_hw,abrupt-4xCO2,0.010631142500000001,0.12757371,0.0,12
KR,1921,marine_hw,abrupt-4xCO2,0.0008487526666666667,0.010185032,0.0,12
KR,1922,marine_hw,abrupt-4xCO2,0.0005274181416666667,0.0063290177,0.0,12
KR,1923,marine_hw,abrupt-4xCO2,0.00433259,0.05199108,0.0,12
KR,1924,marine_hw,abrupt-4xCO2,0.004462559666666667,0.053550716,0.0,12
KR,1925,marine_hw,abrupt-4xCO2,0.0,0.0,0.0,12
KR,1926,marine_hw,abrupt-4xCO2,0.0030341794166666666,0.036410153,0.0,12
KR,1927,marine_hw,abrupt-4xCO2,0.0008940520000000001,0.010728624,0.0,12
KR,1928,marine_hw,abrupt-4xCO2,0.005436493333333334,0.06523792,0.0,12
KR,1929,marine_hw,abrupt-4xCO2,0.0,0.0,0.0,12
KR,1930,marine_hw,abrupt-4xCO2,0.009349051483333334,0.11107002,0.0,12
KR,1931,marine_hw,abrupt-4xCO2,0.0,0.0,0.0,12
KR,1932,marine_hw,abrupt-4xCO2,0.0015173815,0.018208578,0.0,12
KR,1933,marine_hw,abrupt-4xCO2,0.0017509243333333332,0.021011092,0.0,12
KR,1934,marine_hw,abrupt-4xCO2,0.0010692649166666667,0.012831179,0.0,12
KR,1935,marine_hw,abrupt-4xCO2,0.0,0.0,0.0,12
KR,1936,marine_hw,abrupt-4xCO2,0.0005731088666666666,0.0068773064,0.0,12
KR,1937,marine_hw,abrupt-4xCO2,0.0010121095833333334,0.012145315,0.0,12
KR,1938,marine_hw,abrupt-4xCO2,0.0007604470833333333,0.009125365,0.0,12
KR,1939,marine_hw,abrupt-4xCO2,0.00016726116666666664,0.002007134,0.0,12
KR,1940,marine_hw,abrupt-4xCO2,0.010117695333333334,0.121412344,0.0,12
KR,1941,marine_hw,abrupt-4xCO2,0.0,0.0,0.0,12
KR,1942,marine_hw,abrupt-4xCO2,0.0045033289999999995,0.054039948,0.0,12
KR,1943,marine_hw,abrupt-4xCO2,0.0,0.0,0.0,12
KR,1944,marine_hw,abrupt-4xCO2,0.0006091245833333333,0.007309495,0.0,12
KR,1945,marine_hw,abrupt-4xCO2,0.0,0.0,0.0,12
KR,1946,marine_hw,abrupt-4xCO2,0.0,0.0,0.0,12
KR,1947,marine_hw,abrupt-4xCO2,0.0001270511,0.0015246132,0.0,12
KR,1948,marine_hw,abrupt-4xCO2,0.00197419775,0.023690373,0.0,12
KR,1949,marine_hw,abrupt-4xCO2,0.007618854166666667,0.09142625,0.0,12
KR,1950,marine_hw,abrupt-4xCO2,0.0,0.0,0.0,12
KR,1951,marine_hw,abrupt-4xCO2,0.0,0.0,0.0,12
KR,1952,marine_hw,abrupt-4xCO2,0.00039202375,0.004704285,0.0,12
KR,1953,marine_hw,abrupt-4xCO2,0.0021251183333333332,0.02550142,0.0,12
KR,1954,marine_hw,abrupt-4xCO2,0.0020067250833333333,0.024080701,0.0,12
KR,1955,marine_hw,abrupt-4xCO2,0.0015613489166666668,0.018736187,0.0,12
KR,1956,marine_hw,abrupt-4xCO2,0.007852498725,0.09131955,0.0,12
KR,1957,marine_hw,abrupt-4xCO2,0.0,0.0,0.0,12
KR,1958,marine_hw,abrupt-4xCO2,0.000418028875,0.0050163465,0.0,12
KR,1959,marine_hw,abrupt-4xCO2,0.00023677594166666668,0.0028413113,0.0,12
KR,1960,marine_hw,abrupt-4xCO2,0.00483630625,0.058035675,0.0,12
KR,1961,marine_hw,abrupt-4xCO2,0.002142734833333333,0.025712818,0.0,12
KR,1962,marine_hw,abrupt-4xCO2,0.006379835833333333,0.07655803,0.0,12
KR,1963,marine_hw,abrupt-4xCO2,0.0080416475,0.09649977,0.0,12
KR,1964,marine_hw,abrupt-4xCO2,4.9147583333333333e-05,0.000589771,0.0,12
KR,1965,marine_hw,abrupt-4xCO2,0.0044408605,0.053290326,0.0,12
KR,1966,marine_hw,abrupt-4xCO2,0.0028919514583333333,0.031578902,0.0,12
KR,1967,marine_hw,abrupt-4xCO2,0.00606839,0.07282068,0.0,12
KR,1968,marine_hw,abrupt-4xCO2,0.010093570583333334,0.11214311,0.0,12
KR,1969,marine_hw,abrupt-4xCO2,0.00099191025,0.011902923,0.0,12
KR,1970,marine_hw,abrupt-4xCO2,0.0,0.0,0.0,12
KR,1971,marine_hw,abrupt-4xCO2,0.002312813333333333,0.02775376,0.0,12
KR,1972,marine_hw,abrupt-4xCO2,0.0035027191666666666,0.04203263,0.0,12
KR,1973,marine_hw,abrupt-4xCO2,0.0035970641666666667,0.04316477,0.0,12
KR,1974,marine_hw,abrupt-4xCO2,0.000517453,0.006209436,0.0,12
KR,1975,marine_hw,abrupt-4xCO2,0.0,0.0,0.0,12
KR,1976,marine_hw,abrupt-4xCO2,0.0008522864166666667,0.010227437,0.0,12
KR,1977,marine_hw,abrupt-4xCO2,0.011518326833333334,0.13379817,0.0,12
KR,1978,marine_hw,abrupt-4xCO2,0.0017547375833333334,0.021056851,0.0,12
KR,1979,marine_hw,abrupt-4xCO2,0.0047488746666666665,0.034873333,0.0,12
KR,1980,marine_hw,abrupt-4xCO2,0.013142900833333334,0.15771481,0.0,12
KR,1981,marine_hw,abrupt-4xCO2,0.0070585425,0.08470251,0.0,12
KR,1982,marine_hw,abrupt-4xCO2,0.005842040441666667,0.06643986,0.0,12
KR,1983,marine_hw,abrupt-4xCO2,0.0,0.0,0.0,12
KR,1984,marine_hw,abrupt-4xCO2,0.0062235258333333335,0.07468231,0.0,12
KR,1985,marine_hw,abrupt-4xCO2,0.0038832326666666667,0.046598792,0.0,12
KR,1986,marine_hw,abrupt-4xCO2,0.00603113275,0.069086,0.0,12
KR,1987,marine_hw,abrupt-4xCO2,0.0,0.0,0.0,12
KR,1988,marine_hw,abrupt-4xCO2,0.0019193808333333332,0.02303257,0.0,12
KR,1989,marine_hw,abrupt-4xCO2,0.0035618875,0.04274265,0.0,12
KR,1990,marine_hw,abrupt-4xCO2,0.0035844358333333333,0.04301323,0.0,12
KR,1991,marine_hw,abrupt-4xCO2,0.0,0.0,0.0,12
KR,1992,marine_hw,abrupt-4xCO2,0.0056330700000000004,0.06759684,0.0,12
KR,1993,marine_hw,abrupt-4xCO2,0.004634641083333333,0.055615693,0.0,12
KR,1994,marine_hw,abrupt-4xCO2,0.00046829495,0.0056195394,0.0,12
KR,1995,marine_hw,abrupt-4xCO2,0.0,0.0,0.0,12
KR,1996,marine_hw,abrupt-4xCO2,0.00050722925,0.006086751,0.0,12
KR,1997,marine_hw,abrupt-4xCO2,0.006254711166666667,0.05213201,0.0,12
KR,1998,marine_hw,abrupt-4xCO2,0.0,0.0,0.0,12
KR,1999,marine_hw,abrupt-4xCO2,0.00026904466666666666,0.003228536,0.0,12
KR,2000,marine_hw,abrupt-4xCO2,0.0013842904166666665,0.016611485,0.0,12
KW,1850,marine_hw,abrupt-4xCO2,0.20682744266666667,0.6110157,0.0,12
KW,1851,marine_hw,abrupt-4xCO2,0.2654998588333333,0.6835978,0.0,12
KW,1852,marine_hw,abrupt-4xCO2,0.24744942242499998,0.64567804,0.0,12
KW,1853,marine_hw,abrupt-4xCO2,0.3043613691666667,0.70740044,0.0,12
KW,1854,marine_hw,abrupt-4xCO2,0.2859429091666667,0.7127867,0.0,12
KW,1855,marine_hw,abrupt-4xCO2,0.26291055793333334,0.66571844,0.0,12
KW,1856,marine_hw,abrupt-4xCO2,0.29684482191666667,0.7733642,0.0,12
KW,1857,marine_hw,abrupt-4xCO2,0.33060942249999997,0.85109496,0.0,12
KW,1858,marine_hw,abrupt-4xCO2,0.2942805475,0.74306,0.0,12
KW,1859,marine_hw,abrupt-4xCO2,0.31569074999999996,0.8266884,0.0,12
KW,1860,marine_hw,abrupt-4xCO2,0.3214101008333333,0.7644775,0.0,12
KW,1861,marine_hw,abrupt-4xCO2,0.26533141916666664,0.7250531,0.0,12
KW,1862,marine_hw,abrupt-4xCO2,0.3389545491666666,0.8071219,0.0,12
KW,1863,marine_hw,abrupt-4xCO2,0.315772075,0.8313754,0.0,12
KW,1864,marine_hw,abrupt-4xCO2,0.3408482741666667,0.81779236,0.0,12
KW,1865,marine_hw,abrupt-4xCO2,0.3361631889166667,0.7925563,0.0,12
KW,1866,marine_hw,abrupt-4xCO2,0.33909379999999995,0.8001518,0.0,12
KW,1867,marine_hw,abrupt-4xCO2,0.27584355659166665,0.7937925,0.0,12
KW,1868,marine_hw,abrupt-4xCO2,0.3299165133333333,0.8268831,0.0,12
KW,1869,marine_hw,abrupt-4xCO2,0.32636527333333337,0.84203386,0.0,12
KW,1870,marine_hw,abrupt-4xCO2,0.2991779058333333,0.78504,0.0,12
KW,1871,marine_hw,abrupt-4xCO2,0.30874688916666665,0.80402136,0.0,12
KW,1872,marine_hw,abrupt-4xCO2,0.32834971416666664,0.822996,0.0,12
KW,1873,marine_hw,abrupt-4xCO2,0.29936961,0.79383004,0.0,12
KW,1874,marine_hw,abrupt-4xCO2,0.3468832533333333,0.87398756,0.0,12
KW,1875,marine_hw,abrupt-4xCO2,0.33471622125000006,0.8611239,0.0,12
KW,1876,marine_hw,abrupt-4xCO2,0.32102455333333335,0.8218001,0.0,12
KW,1877,marine_hw,abrupt-4xCO2,0.27681740833333335,0.7139611,0.0,12
KW,1878,marine_hw,abrupt-4xCO2,0.28035006916666666,0.7306379,0.0,12
KW,1879,marine_hw,abrupt-4xCO2,0.3220888025,0.81531596,0.0,12
KW,1880,marine_hw,abrupt-4xCO2,0.3317435758333333,0.8110156,0.0,12
KW,1881,marine_hw,abrupt-4xCO2,0.29869896166666665,0.82056665,0.0,12
KW,1882,marine_hw,abrupt-4xCO2,0.3150660766666667,0.7915604,0.0,12
KW,1883,marine_hw,abrupt-4xCO2,0.3049339291666667,0.7583933,0.0,12
KW,1884,marine_hw,abrupt-4xCO2,0.3120159241666667,0.8275837,0.0,12
KW,1885,marine_hw,abrupt-4xCO2,0.316009755,0.79356295,0.0,12
KW,1886,marine_hw,abrupt-4xCO2,0.262278385,0.7854104,0.0,12
KW,1887,marine_hw,abrupt-4xCO2,0.355796695,0.87349766,0.0,12
KW,1888,marine_hw,abrupt-4xCO2,0.37484749375,0.8838702,0.0,12
KW,1889,marine_hw,abrupt-4xCO2,0.329557135,0.8542881,0.0,12
KW,1890,marine_hw,abrupt-4xCO2,0.27563996058333334,0.77081263,0.0,12
KW,1891,marine_hw,abrupt-4xCO2,0.3279934775,0.80117726,0.0,12
KW,1892,marine_hw,abrupt-4xCO2,0.3314712225,0.86549544,0.0,12
KW,1893,marine_hw,abrupt-4xCO2,0.2759906139166666,0.7705697,0.0,12
KW,1894,marine_hw,abrupt-4xCO2,0.31053805500000004,0.7861996,0.0,12
KW,1895,marine_hw,abrupt-4xCO2,0.3671364494166667,0.8127376,0.0,12
KW,1896,marine_hw,abrupt-4xCO2,0.29464708133333334,0.71263504,0.0,12
KW,1897,marine_hw,abrupt-4xCO2,0.3011462316666667,0.7725347,0.0,12
KW,1898,marine_hw,abrupt-4xCO2,0.33027454166666664,0.82735145,0.0,12
KW,1899,marine_hw,abrupt-4xCO2,0.31448065,0.80040413,0.0,12
KW,1900,marine_hw,abrupt-4xCO2,0.32239617083333333,0.82893795,0.0,12
KW,1901,marine_hw,abrupt-4xCO2,0.3449221941666667,0.8782557,0.0,12
KW,1902,marine_hw,abrupt-4xCO2,0.30178770250000003,0.77978396,0.0,12
KW,1903,marine_hw,abrupt-4xCO2,0.32103853416666667,0.8143147,0.0,12
KW,1904,marine_hw,abrupt-4xCO2,0.31378691633333333,0.8160998,0.0,12
KW,1905,marine_hw,abrupt-4xCO2,0.2913437058333333,0.76082,0.0,12
KW,1906,marine_hw,abrupt-4xCO2,0.323403573775,0.80826,0.0,12
KW,1907,marine_hw,abrupt-4xCO2,0.3139661525,0.79925525,0.0,12
KW,1908,marine_hw,abrupt-4xCO2,0.36303348249999995,0.8399869,0.0,12
KW,1909,marine_hw,abrupt-4xCO2,0.31343430333333333,0.74190974,0.0,12
KW,1910,marine_hw,abrupt-4xCO2,0.29380629508333334,0.8252053,0.0,12
KW,1911,marine_hw,abrupt-4xCO2,0.3200099275,0.8566021,0.0,12
KW,1912,marine_hw,abrupt-4xCO2,0.30934438999999997,0.848318,0.0,12
KW,1913,marine_hw,abrupt-4xCO2,0.32039259833333333,0.9149327,0.0,12
KW,1914,marine_hw,abrupt-4xCO2,0.3644143791666667,0.8736346,0.0,12
KW,1915,marine_hw,abrupt-4xCO2,0.33809741858333336,0.8325485,0.0,12
KW,1916,marine_hw,abrupt-4xCO2,0.31845756125,0.78928936,0.0,12
KW,1917,marine_hw,abrupt-4xCO2,0.28812186125,0.78004295,0.0,12
KW,1918,marine_hw,abrupt-4xCO2,0.28584415,0.7611891,0.0,12
KW,1919,marine_hw,abrupt-4xCO2,0.3128421675,0.83086133,0.0,12
KW,1920,marine_hw,abrupt-4xCO2,0.3409782516666667,0.8684282,0.0,12
KW,1921,marine_hw,abrupt-4xCO2,0.327482300975,0.75500154,0.0,12
KW,1922,marine_hw,abrupt-4xCO2,0.30843010975,0.8189882,0.0,12
KW,1923,marine_hw,abrupt-4xCO2,0.27822067916666665,0.7911094,0.0,12
KW,1924,marine_hw,abrupt-4xCO2,0.3268912941666667,0.75237215,0.0,12
KW,1925,marine_hw,abrupt-4xCO2,0.32527853833333337,0.8034818,0.0,12
KW,1926,marine_hw,abrupt-4xCO2,0.3360225058333333,0.8192835,0.0,12
KW,1927,marine_hw,abrupt-4xCO2,0.28833427166666664,0.77297896,0.0,12
KW,1928,marine_hw,abrupt-4xCO2,0.31988736641666665,0.84909785,0.0,12
KW,1929,marine_hw,abrupt-4xCO2,0.3273466479166667,0.8612447,0.0,12
KW,1930,marine_hw,abrupt-4xCO2,0.2973325941666667,0.7639406,0.0,12
KW,1931,marine_hw,abrupt-4xCO2,0.30617601499999997,0.8127363,0.0,12
KW,1932,marine_hw,abrupt-4xCO2,0.2679505975,0.75561893,0.0,12
KW,1933,marine_hw,abrupt-4xCO2,0.31841318583333333,0.807691,0.0,12
KW,1934,marine_hw,abrupt-4xCO2,0.2986403503333333,0.71556234,0.0,12
KW,1935,marine_hw,abrupt-4xCO2,0.3186539958333333,0.8605763,0.0,12
KW,1936,marine_hw,abrupt-4xCO2,0.32278763666666666,0.8989283,0.0,12
KW,1937,marine_hw,abrupt-4xCO2,0.2986886641666667,0.7463027,0.0,12
KW,1938,marine_hw,abrupt-4xCO2,0.304174769,0.8112424,0.0,12
KW,1939,marine_hw,abrupt-4xCO2,0.3355162866666666,0.8357657,0.0,12
KW,1940,marine_hw,abrupt-4xCO2,0.297295115,0.7347088,0.0,12
KW,1941,marine_hw,abrupt-4xCO2,0.28244759766666666,0.79644597,0.0,12
KW,1942,marine_hw,abrupt-4xCO2,0.3434628350433333,0.8639264,0.0,12
KW,1943,marine_hw,abrupt-4xCO2,0.3585250658333334,0.873095,0.0,12
KW,1944,marine_hw,abrupt-4xCO2,0.30706881416666665,0.7716945,0.0,12
KW,1945,marine_hw,abrupt-4xCO2,0.27396120291666665,0.7985318,0.0,12
KW,1946,marine_hw,abrupt-4xCO2,0.33383439333333337,0.9034663,0.0,12
KW,1947,marine_hw,abrupt-4xCO2,0.30559438916666665,0.7702865,0.0,12
KW,1948,marine_hw,abrupt-4xCO2,0.33621244083333335,0.90512395,0.0,12
KW,1949,marine_hw,abrupt-4xCO2,0.3316174041666667,0.835963,0.0,12
KW,1950,marine_hw,abrupt-4xCO2,0.2620426928333333,0.7079279,0.0,12
KW,1951,marine_hw,abrupt-4xCO2,0.3470226916666667,0.8320532,0.0,12
KW,1952,marine_hw,abrupt-4xCO2,0.3228070966666667,0.8900483,0.0,12
KW,1953,marine_hw,abrupt-4xCO2,0.26394551233333335,0.7189514,0.0,12
KW,1954,marine_hw,abrupt-4xCO2,0.30268763083333333,0.8115202,0.0,12
KW,1955,marine_hw,abrupt-4xCO2,0.30702941131666667,0.7275106,0.0,12
KW,1956,marine_hw,abrupt-4xCO2,0.3015836708333333,0.75262046,0.0,12
KW,1957,marine_hw,abrupt-4xCO2,0.3122935475,0.7758003,0.0,12
KW,1958,marine_hw,abrupt-4xCO2,0.26557581416666665,0.7556592,0.0,12
KW,1959,marine_hw,abrupt-4xCO2,0.3146337570216667,0.7894934,0.0,12
KW,1960,marine_hw,abrupt-4xCO2,0.3127530216666667,0.8045274,0.0,12
KW,1961,marine_hw,abrupt-4xCO2,0.35007915441666665,0.9273628,0.0,12
KW,1962,marine_hw,abrupt-4xCO2,0.28389997,0.73785496,0.0,12
KW,1963,marine_hw,abrupt-4xCO2,0.3315095983333333,0.8394971,0.0,12
KW,1964,marine_hw,abrupt-4xCO2,0.3381824105,0.87437415,0.0,12
KW,1965,marine_hw,abrupt-4xCO2,0.3100451225,0.81229466,0.0,12
KW,1966,marine_hw,abrupt-4xCO2,0.343780425,0.82751256,0.0,12
KW,1967,marine_hw,abrupt-4xCO2,0.30759367649999997,0.8289004,0.0,12
KW,1968,marine_hw,abrupt-4xCO2,0.2999488745,0.7774203,0.0,12
KW,1969,marine_hw,abrupt-4xCO2,0.33549235,0.8115914,0.0,12
KW,1970,marine_hw,abrupt-4xCO2,0.38839635025,0.89965177,0.0,12
KW,1971,marine_hw,abrupt-4xCO2,0.3383532475,0.79235494,0.0,12
KW,1972,marine_hw,abrupt-4xCO2,0.31342780666666664,0.76403725,0.0,12
KW,1973,marine_hw,abrupt-4xCO2,0.36438702933333333,0.85576046,0.0,12
KW,1974,marine_hw,abrupt-4xCO2,0.301275985,0.80222416,0.0,12
KW,1975,marine_hw,abrupt-4xCO2,0.3401892575,0.84033054,0.0,12
KW,1976,marine_hw,abrupt-4xCO2,0.31181535483333334,0.75086755,0.0,12
KW,1977,marine_hw,abrupt-4xCO2,0.32383567916666667,0.8439975,0.0,12
KW,1978,marine_hw,abrupt-4xCO2,0.32480128999999996,0.7832804,0.0,12
KW,1979,marine_hw,abrupt-4xCO2,0.30423452666666667,0.7890048,0.0,12
KW,1980,marine_hw,abrupt-4xCO2,0.32271192541666666,0.8726977,0.0,12
KW,1981,marine_hw,abrupt-4xCO2,0.3573025241666667,0.8543606,0.0,12
KW,1982,marine_hw,abrupt-4xCO2,0.32874745916666664,0.80870295,0.0,12
KW,1983,marine_hw,abrupt-4xCO2,0.3231264366666667,0.8213129,0.0,12
KW,1984,marine_hw,abrupt-4xCO2,0.34874835833333334,0.82544553,0.0,12
KW,1985,marine_hw,abrupt-4xCO2,0.34197639916666667,0.9014007,0.0,12
KW,1986,marine_hw,abrupt-4xCO2,0.2811860366666667,0.76472306,0.0,12
KW,1987,marine_hw,abrupt-4xCO2,0.33507301250000004,0.7819556,0.0,12
KW,1988,marine_hw,abrupt-4xCO2,0.34553759333333334,0.8902993,0.0,12
KW,1989,marine_hw,abrupt-4xCO2,0.32096169583333334,0.76368964,0.0,12
KW,1990,marine_hw,abrupt-4xCO2,0.3589855391666667,0.876935,0.0,12
KW,1991,marine_hw,abrupt-4xCO2,0.35365875541666664,0.82652473,0.0,12
KW,1992,marine_hw,abrupt-4xCO2,0.3386802941666667,0.8195144,0.0,12
KW,1993,marine_hw,abrupt-4xCO2,0.3205431425,0.81557095,0.0,12
KW,1994,marine_hw,abrupt-4xCO2,0.3315193966666667,0.8803805,0.0,12
KW,1995,marine_hw,abrupt-4xCO2,0.38482362925,0.9235577,0.0,12
KW,1996,marine_hw,abrupt-4xCO2,0.30116469416666664,0.80569506,0.0,12
KW,1997,marine_hw,abrupt-4xCO2,0.30867283916666666,0.79544604,0.0,12
KW,1998,marine_hw,abrupt-4xCO2,0.33966234,0.8293755,0.0,12
KW,1999,marine_hw,abrupt-4xCO2,0.3411977958333334,0.8758787,0.0,12
KW,2000,marine_hw,abrupt-4xCO2,0.29948672416666666,0.7743776,0.0,12
LK,1850,marine_hw,abrupt-4xCO2,0.11605451291013888,0.27238083,0.0,72
LK,1851,marine_hw,abrupt-4xCO2,0.18920610743055555,0.351333,0.10086784,72
LK,1852,marine_hw,abrupt-4xCO2,0.21572872033333332,0.37049413,0.07340911,72
LK,1853,marine_hw,abrupt-4xCO2,0.2302088631111111,0.36284095,0.102346934,72
LK,1854,marine_hw,abrupt-4xCO2,0.206804596875,0.33477166,0.092142195,72
LK,1855,marine_hw,abrupt-4xCO2,0.20494038345833332,0.32976395,0.08508625,72
LK,1856,marine_hw,abrupt-4xCO2,0.2640833386111111,0.41542295,0.14010435,72
LK,1857,marine_hw,abrupt-4xCO2,0.2700945605,0.42439556,0.110853136,72
LK,1858,marine_hw,abrupt-4xCO2,0.2894779329166666,0.4556185,0.17411974,72
LK,1859,marine_hw,abrupt-4xCO2,0.30137226875,0.4472029,0.16717117,72
LK,1860,marine_hw,abrupt-4xCO2,0.31846742680555556,0.43011132,0.18312925,72
LK,1861,marine_hw,abrupt-4xCO2,0.2833055663888889,0.40408134,0.18978052,72
LK,1862,marine_hw,abrupt-4xCO2,0.29854803194444446,0.42275,0.18633509,72
LK,1863,marine_hw,abrupt-4xCO2,0.3078541572222222,0.43272862,0.18374264,72
LK,1864,marine_hw,abrupt-4xCO2,0.30388568194444443,0.48050016,0.16257212,72
LK,1865,marine_hw,abrupt-4xCO2,0.31023300513888885,0.44223675,0.15835291,72
LK,1866,marine_hw,abrupt-4xCO2,0.32491503722222226,0.4640844,0.22405627,72
LK,1867,marine_hw,abrupt-4xCO2,0.2895297970833333,0.40180096,0.16537462,72
LK,1868,marine_hw,abrupt-4xCO2,0.30330134249999996,0.4306717,0.17063338,72
LK,1869,marine_hw,abrupt-4xCO2,0.3126652195833333,0.47685814,0.15701742,72
LK,1870,marine_hw,abrupt-4xCO2,0.28501046944444447,0.43317956,0.1764035,72
LK,1871,marine_hw,abrupt-4xCO2,0.2961468222222222,0.4269209,0.17847651,72
LK,1872,marine_hw,abrupt-4xCO2,0.30836059666666665,0.47395092,0.1966385,72
LK,1873,marine_hw,abrupt-4xCO2,0.3037365240277778,0.4435736,0.12687765,72
LK,1874,marine_hw,abrupt-4xCO2,0.33796824569444445,0.48341745,0.19933362,72
LK,1875,marine_hw,abrupt-4xCO2,0.33210252902777776,0.4820115,0.22066252,72
LK,1876,marine_hw,abrupt-4xCO2,0.3253371325,0.42366675,0.21051751,72
LK,1877,marine_hw,abrupt-4xCO2,0.30301224111111114,0.41255134,0.18760146,72
LK,1878,marine_hw,abrupt-4xCO2,0.31250187777777777,0.44570568,0.21361464,72
LK,1879,marine_hw,abrupt-4xCO2,0.3116245523611111,0.44169852,0.19127037,72
LK,1880,marine_hw,abrupt-4xCO2,0.3218145227777778,0.43052202,0.17470828,72
LK,1881,marine_hw,abrupt-4xCO2,0.3496408644444445,0.50763744,0.24861787,72
LK,1882,marine_hw,abrupt-4xCO2,0.31016055958333333,0.41633162,0.2064493,72
LK,1883,marine_hw,abrupt-4xCO2,0.33272981375,0.45802033,0.18301584,72
LK,1884,marine_hw,abrupt-4xCO2,0.34355173819444446,0.49251154,0.21406294,72
LK,1885,marine_hw,abrupt-4xCO2,0.28649022194444446,0.39567447,0.17345668,72
LK,1886,marine_hw,abrupt-4xCO2,0.31150132333333336,0.49693543,0.16476393,72
LK,1887,marine_hw,abrupt-4xCO2,0.3430054109722222,0.48061693,0.22746144,72
LK,1888,marine_hw,abrupt-4xCO2,0.3387546929166667,0.48127264,0.2340899,72
LK,1889,marine_hw,abrupt-4xCO2,0.31458146805555554,0.4464573,0.19839543,72
LK,1890,marine_hw,abrupt-4xCO2,0.28111660708333336,0.40345523,0.17070048,72
LK,1891,marine_hw,abrupt-4xCO2,0.3281074325,0.4855039,0.15001652,72
LK,1892,marine_hw,abrupt-4xCO2,0.3352450186111111,0.46965188,0.18748537,72
LK,1893,marine_hw,abrupt-4xCO2,0.3225002618055555,0.44939268,0.23838696,72
LK,1894,marine_hw,abrupt-4xCO2,0.3317713179166667,0.45518494,0.17729537,72
LK,1895,marine_hw,abrupt-4xCO2,0.3309030522222222,0.50700325,0.18328494,72
LK,1896,marine_hw,abrupt-4xCO2,0.29308860152777777,0.435515,0.15315323,72
LK,1897,marine_hw,abrupt-4xCO2,0.3415930526388889,0.4716571,0.19873434,72
LK,1898,marine_hw,abrupt-4xCO2,0.3369145734722222,0.48765144,0.21497965,72
LK,1899,marine_hw,abrupt-4xCO2,0.3383879034722222,0.44609758,0.22432405,72
LK,1900,marine_hw,abrupt-4xCO2,0.3330775997222222,0.46311533,0.20369579,72
LK,1901,marine_hw,abrupt-4xCO2,0.35534190055555553,0.5009392,0.22663264,72
LK,1902,marine_hw,abrupt-4xCO2,0.33381278125,0.4783909,0.21736541,72
LK,1903,marine_hw,abrupt-4xCO2,0.30032894555555556,0.3845047,0.20530844,72
LK,1904,marine_hw,abrupt-4xCO2,0.3241212058333333,0.46945387,0.20938738,72
LK,1905,marine_hw,abrupt-4xCO2,0.3502797363888889,0.46961492,0.24582878,72
LK,1906,marine_hw,abrupt-4xCO2,0.31822075027777774,0.44793037,0.21807209,72
LK,1907,marine_hw,abrupt-4xCO2,0.3376649061111111,0.49296921,0.18034083,72
LK,1908,marine_hw,abrupt-4xCO2,0.3444011530555555,0.49412218,0.24778771,72
LK,1909,marine_hw,abrupt-4xCO2,0.31785603375,0.45368975,0.19345212,72
LK,1910,marine_hw,abrupt-4xCO2,0.3407703272222222,0.4669876,0.19846523,72
LK,1911,marine_hw,abrupt-4xCO2,0.33994570916666667,0.45894244,0.21697886,72
LK,1912,marine_hw,abrupt-4xCO2,0.3132597713888889,0.44541305,0.2185016,72
LK,1913,marine_hw,abrupt-4xCO2,0.32020312319444444,0.4625825,0.14437458,72
LK,1914,marine_hw,abrupt-4xCO2,0.3512480647222222,0.49734545,0.25777367,72
LK,1915,marine_hw,abrupt-4xCO2,0.33260422375,0.4645481,0.22763392,72
LK,1916,marine_hw,abrupt-4xCO2,0.3488831677777778,0.48449257,0.19847396,72
LK,1917,marine_hw,abrupt-4xCO2,0.3553695577777778,0.52290225,0.22665411,72
LK,1918,marine_hw,abrupt-4xCO2,0.32867229305555556,0.45735192,0.21723051,72
LK,1919,marine_hw,abrupt-4xCO2,0.3401510209722222,0.46643057,0.19961952,72
LK,1920,marine_hw,abrupt-4xCO2,0.34711027333333333,0.48805878,0.2160702,72
LK,1921,marine_hw,abrupt-4xCO2,0.3236505734722222,0.45237574,0.22240403,72
LK,1922,marine_hw,abrupt-4xCO2,0.3495696463888889,0.52174467,0.23782256,72
LK,1923,marine_hw,abrupt-4xCO2,0.3632335752777778,0.5210675,0.22384757,72
LK,1924,marine_hw,abrupt-4xCO2,0.3220138372222222,0.44004425,0.22297916,72
LK,1925,marine_hw,abrupt-4xCO2,0.30576463708333335,0.44197434,0.15869786,72
LK,1926,marine_hw,abrupt-4xCO2,0.33607947416666667,0.47859696,0.1862747,72
LK,1927,marine_hw,abrupt-4xCO2,0.3331433990277778,0.48524487,0.23243228,72
LK,1928,marine_hw,abrupt-4xCO2,0.34167173208333335,0.479513,0.2111148,72
LK,1929,marine_hw,abrupt-4xCO2,0.3341302729166667,0.4713155,0.2149877,72
LK,1930,marine_hw,abrupt-4xCO2,0.32163131125,0.48017,0.14289814,72
LK,1931,marine_hw,abrupt-4xCO2,0.3544622248611111,0.50405043,0.21038665,72
LK,1932,marine_hw,abrupt-4xCO2,0.3419869381944445,0.47488508,0.23745143,72
LK,1933,marine_hw,abrupt-4xCO2,0.35498468916666664,0.50951517,0.2115255,72
LK,1934,marine_hw,abrupt-4xCO2,0.3038918575,0.44224277,0.1788785,72
LK,1935,marine_hw,abrupt-4xCO2,0.34354464222222225,0.5035424,0.19092341,72
LK,1936,marine_hw,abrupt-4xCO2,0.3700091327777778,0.5225768,0.2412794,72
LK,1937,marine_hw,abrupt-4xCO2,0.3461103773611111,0.4661467,0.25791395,72
LK,1938,marine_hw,abrupt-4xCO2,0.34045362041666666,0.44711834,0.22582127,72
LK,1939,marine_hw,abrupt-4xCO2,0.3558142786111111,0.5113641,0.23085788,72
LK,1940,marine_hw,abrupt-4xCO2,0.34781586138888887,0.5027498,0.2449993,72
LK,1941,marine_hw,abrupt-4xCO2,0.3397271852777778,0.46596953,0.20423335,72
LK,1942,marine_hw,abrupt-4xCO2,0.3374061690277778,0.49393895,0.20203951,72
LK,1943,marine_hw,abrupt-4xCO2,0.35902345319444445,0.4777782,0.2345751,72
LK,1944,marine_hw,abrupt-4xCO2,0.3170502161111111,0.43106228,0.21703994,72
LK,1945,marine_hw,abrupt-4xCO2,0.3710493920833333,0.48088875,0.23677698,72
LK,1946,marine_hw,abrupt-4xCO2,0.36040881166666666,0.50219345,0.26938775,72
LK,1947,marine_hw,abrupt-4xCO2,0.3245875733333333,0.46850157,0.16056016,72
LK,1948,marine_hw,abrupt-4xCO2,0.3618679097222222,0.5322689,0.20213816,72
LK,1949,marine_hw,abrupt-4xCO2,0.3668232605555556,0.4864797,0.24390003,72
LK,1950,marine_hw,abrupt-4xCO2,0.31372072624999997,0.4017513,0.22418648,72
LK,1951,marine_hw,abrupt-4xCO2,0.34450751875,0.4946671,0.19602443,72
LK,1952,marine_hw,abrupt-4xCO2,0.3610368040277778,0.5255726,0.24811454,72
LK,1953,marine_hw,abrupt-4xCO2,0.33809798458333334,0.4540803,0.20963569,72
LK,1954,marine_hw,abrupt-4xCO2,0.3442592784722222,0.47512197,0.20599967,72
LK,1955,marine_hw,abrupt-4xCO2,0.3418739690277778,0.49218202,0.19324407,72
LK,1956,marine_hw,abrupt-4xCO2,0.3244760844444444,0.4714363,0.18266955,72
LK,1957,marine_hw,abrupt-4xCO2,0.35479579375,0.52806437,0.21883513,72
LK,1958,marine_hw,abrupt-4xCO2,0.33919707791666664,0.5050651,0.17934424,72
LK,1959,marine_hw,abrupt-4xCO2,0.3372527990277778,0.4689049,0.16145945,72
LK,1960,marine_hw,abrupt-4xCO2,0.33085567402777777,0.44145358,0.21671042,72
LK,1961,marine_hw,abrupt-4xCO2,0.35512986722222223,0.46083695,0.17059311,72
LK,1962,marine_hw,abrupt-4xCO2,0.35454546375,0.48155448,0.20928067,72
LK,1963,marine_hw,abrupt-4xCO2,0.3905696348611111,0.5347418,0.29747596,72
LK,1964,marine_hw,abrupt-4xCO2,0.3578344225,0.470582,0.2513385,72
LK,1965,marine_hw,abrupt-4xCO2,0.35204423569444443,0.48363554,0.22423412,72
LK,1966,marine_hw,abrupt-4xCO2,0.37024463194444446,0.53738195,0.25232235,72
LK,1967,marine_hw,abrupt-4xCO2,0.3236147625,0.4535213,0.22287515,72
LK,1968,marine_hw,abrupt-4xCO2,0.332659605,0.43724445,0.23708904,72
LK,1969,marine_hw,abrupt-4xCO2,0.3707649908333333,0.5117258,0.24693006,72
LK,1970,marine_hw,abrupt-4xCO2,0.38352058652777776,0.5095769,0.26933068,72
LK,1971,marine_hw,abrupt-4xCO2,0.3569674198611111,0.49176326,0.27634034,72
LK,1972,marine_hw,abrupt-4xCO2,0.34148120555555556,0.4755213,0.23168871,72
LK,1973,marine_hw,abrupt-4xCO2,0.36335959763888886,0.49943393,0.24430338,72
LK,1974,marine_hw,abrupt-4xCO2,0.3539659227777778,0.4856455,0.23370335,72
LK,1975,marine_hw,abrupt-4xCO2,0.3152740204166667,0.43305075,0.16506055,72
LK,1976,marine_hw,abrupt-4xCO2,0.35824369347222224,0.5306736,0.20855455,72
LK,1977,marine_hw,abrupt-4xCO2,0.3758363611111111,0.53002805,0.2561919,72
LK,1978,marine_hw,abrupt-4xCO2,0.3394347265277778,0.4350211,0.22292481,72
LK,1979,marine_hw,abrupt-4xCO2,0.3350495886111111,0.45633322,0.25367326,72
LK,1980,marine_hw,abrupt-4xCO2,0.3480984373611111,0.5034585,0.20628756,72
LK,1981,marine_hw,abrupt-4xCO2,0.35565943069444445,0.5076784,0.23002237,72
LK,1982,marine_hw,abrupt-4xCO2,0.35425542875,0.48108605,0.18218434,72
LK,1983,marine_hw,abrupt-4xCO2,0.3675006894444445,0.5154202,0.2634049,72
LK,1984,marine_hw,abrupt-4xCO2,0.36351879430555556,0.49909973,0.25171298,72
LK,1985,marine_hw,abrupt-4xCO2,0.3561707609722222,0.5038645,0.25654423,72
LK,1986,marine_hw,abrupt-4xCO2,0.35329170791666664,0.48229536,0.2375823,72
LK,1987,marine_hw,abrupt-4xCO2,0.32741855249999996,0.44452858,0.19701901,72
LK,1988,marine_hw,abrupt-4xCO2,0.36818979125,0.52728724,0.23506165,72
LK,1989,marine_hw,abrupt-4xCO2,0.3737391945833333,0.54821754,0.2506231,72
LK,1990,marine_hw,abrupt-4xCO2,0.3621899269444444,0.49857223,0.25434572,72
LK,1991,marine_hw,abrupt-4xCO2,0.3547697777777778,0.49400473,0.18697733,72
LK,1992,marine_hw,abrupt-4xCO2,0.36274877236111114,0.5103447,0.21900222,72
LK,1993,marine_hw,abrupt-4xCO2,0.36309550138888885,0.492333,0.2522049,72
LK,1994,marine_hw,abrupt-4xCO2,0.34870012680555557,0.4920894,0.21844655,72
LK,1995,marine_hw,abrupt-4xCO2,0.33819969125000005,0.45766333,0.1581187,72
LK,1996,marine_hw,abrupt-4xCO2,0.3896272061111111,0.5293784,0.2643189,72
LK,1997,marine_hw,abrupt-4xCO2,0.36873553583333335,0.51929647,0.24195719,72
LK,1998,marine_hw,abrupt-4xCO2,0.3555595208333333,0.48607835,0.16786642,72
LK,1999,marine_hw,abrupt-4xCO2,0.36652126444444444,0.5028511,0.21074837,72
LK,2000,marine_hw,abrupt-4xCO2,0.34740431777777775,0.46382335,0.22561255,72
LT,1850,marine_hw,abrupt-4xCO2,0.0,0.0,0.0,12
LT,1851,marine_hw,abrupt-4xCO2,0.0,0.0,0.0,12
LT,1852,marine_hw,abrupt-4xCO2,0.0,0.0,0.0,12
LT,1853,marine_hw,abrupt-4xCO2,0.0,0.0,0.0,12
LT,1854,marine_hw,abrupt-4xCO2,0.0,0.0,0.0,12
LT,1855,marine_hw,abrupt-4xCO2,0.0,0.0,0.0,12
LT,1856,marine_hw,abrupt-4xCO2,0.0,0.0,0.0,12
LT,1857,marine_hw,abrupt-4xCO2,0.0,0.0,0.0,12
LT,1858,marine_hw,abrupt-4xCO2,0.0,0.0,0.0,12
LT,1859,marine_hw,abrupt-4xCO2,0.0,0.0,0.0,12
LT,1860,marine_hw,abrupt-4xCO2,0.0,0.0,0.0,12
LT,1861,marine_hw,abrupt-4xCO2,0.0,0.0,0.0,12
LT,1862,marine_hw,abrupt-4xCO2,0.0,0.0,0.0,12
LT,1863,marine_hw,abrupt-4xCO2,0.0,0.0,0.0,12
LT,1864,marine_hw,abrupt-4xCO2,0.0,0.0,0.0,12
LT,1865,marine_hw,abrupt-4xCO2,0.0,0.0,0.0,12
LT,1866,marine_hw,abrupt-4xCO2,0.0,0.0,0.0,12
LT,1867,marine_hw,abrupt-4xCO2,0.0,0.0,0.0,12
LT,1868,marine_hw,abrupt-4xCO2,0.0,0.0,0.0,12
LT,1869,marine_hw,abrupt-4xCO2,0.0,0.0,0.0,12
LT,1870,marine_hw,abrupt-4xCO2,0.0,0.0,0.0,12
LT,1871,marine_hw,abrupt-4xCO2,0.0,0.0,0.0,12
LT,1872,marine_hw,abrupt-4xCO2,0.0,0.0,0.0,12
LT,1873,marine_hw,abrupt-4xCO2,0.0,0.0,0.0,12
LT,1874,marine_hw,abrupt-4xCO2,0.0,0.0,0.0,12
LT,1875,marine_hw,abrupt-4xCO2,0.0,0.0,0.0,12
LT,1876,marine_hw,abrupt-4xCO2,0.0,0.0,0.0,12
LT,1877,marine_hw,abrupt-4xCO2,0.0,0.0,0.0,12
LT,1878,marine_hw,abrupt-4xCO2,0.0,0.0,0.0,12
LT,1879,marine_hw,abrupt-4xCO2,0.0,0.0,0.0,12
LT,1880,marine_hw,abrupt-4xCO2,0.0,0.0,0.0,12
LT,1881,marine_hw,abrupt-4xCO2,0.0,0.0,0.0,12
LT,1882,marine_hw,abrupt-4xCO2,0.0,0.0,0.0,12
LT,1883,marine_hw,abrupt-4xCO2,0.0,0.0,0.0,12
LT,1884,marine_hw,abrupt-4xCO2,0.0,0.0,0.0,12
LT,1885,marine_hw,abrupt-4xCO2,0.0,0.0,0.0,12
LT,1886,marine_hw,abrupt-4xCO2,0.0,0.0,0.0,12
LT,1887,marine_hw,abrupt-4xCO2,0.0,0.0,0.0,12
LT,1888,marine_hw,abrupt-4xCO2,0.0,0.0,0.0,12
LT,1889,marine_hw,abrupt-4xCO2,0.0,0.0,0.0,12
LT,1890,marine_hw,abrupt-4xCO2,0.0,0.0,0.0,12
LT,1891,marine_hw,abrupt-4xCO2,0.0,0.0,0.0,12
LT,1892,marine_hw,abrupt-4xCO2,0.0,0.0,0.0,12
LT,1893,marine_hw,abrupt-4xCO2,0.0,0.0,0.0,12
LT,1894,marine_hw,abrupt-4xCO2,0.0,0.0,0.0,12
LT,1895,marine_hw,abrupt-4xCO2,0.0,0.0,0.0,12
LT,1896,marine_hw,abrupt-4xCO2,0.0,0.0,0.0,12
LT,1897,marine_hw,abrupt-4xCO2,0.0,0.0,0.0,12
LT,1898,marine_hw,abrupt-4xCO2,0.0,0.0,0.0,12
LT,1899,marine_hw,abrupt-4xCO2,0.0,0.0,0.0,12
LT,1900,marine_hw,abrupt-4xCO2,0.0,0.0,0.0,12
LT,1901,marine_hw,abrupt-4xCO2,0.0,0.0,0.0,12
LT,1902,marine_hw,abrupt-4xCO2,0.0,0.0,0.0,12
LT,1903,marine_hw,abrupt-4xCO2,0.0,0.0,0.0,12
LT,1904,marine_hw,abrupt-4xCO2,0.0,0.0,0.0,12
LT,1905,marine_hw,abrupt-4xCO2,0.0,0.0,0.0,12
LT,1906,marine_hw,abrupt-4xCO2,0.0,0.0,0.0,12
LT,1907,marine_hw,abrupt-4xCO2,0.0,0.0,0.0,12
LT,1908,marine_hw,abrupt-4xCO2,0.0,0.0,0.0,12
LT,1909,marine_hw,abrupt-4xCO2,0.0,0.0,0.0,12
LT,1910,marine_hw,abrupt-4xCO2,0.0,0.0,0.0,12
LT,1911,marine_hw,abrupt-4xCO2,0.0,0.0,0.0,12
LT,1912,marine_hw,abrupt-4xCO2,0.0,0.0,0.0,12
LT,1913,marine_hw,abrupt-4xCO2,0.0,0.0,0.0,12
LT,1914,marine_hw,abrupt-4xCO2,0.0,0.0,0.0,12
LT,1915,marine_hw,abrupt-4xCO2,0.0,0.0,0.0,12
LT,1916,marine_hw,abrupt-4xCO2,0.0,0.0,0.0,12
LT,1917,marine_hw,abrupt-4xCO2,0.0,0.0,0.0,12
LT,1918,marine_hw,abrupt-4xCO2,0.0,0.0,0.0,12
LT,1919,marine_hw,abrupt-4xCO2,0.0,0.0,0.0,12
LT,1920,marine_hw,abrupt-4xCO2,0.0,0.0,0.0,12
LT,1921,marine_hw,abrupt-4xCO2,0.0,0.0,0.0,12
LT,1922,marine_hw,abrupt-4xCO2,0.0,0.0,0.0,12
LT,1923,marine_hw,abrupt-4xCO2,0.0,0.0,0.0,12
LT,1924,marine_hw,abrupt-4xCO2,0.0,0.0,0.0,12
LT,1925,marine_hw,abrupt-4xCO2,0.0,0.0,0.0,12
LT,1926,marine_hw,abrupt-4xCO2,0.0,0.0,0.0,12
LT,1927,marine_hw,abrupt-4xCO2,0.0,0.0,0.0,12
LT,1928,marine_hw,abrupt-4xCO2,0.0,0.0,0.0,12
LT,1929,marine_hw,abrupt-4xCO2,0.0,0.0,0.0,12
LT,1930,marine_hw,abrupt-4xCO2,0.0,0.0,0.0,12
LT,1931,marine_hw,abrupt-4xCO2,0.0,0.0,0.0,12
LT,1932,marine_hw,abrupt-4xCO2,0.0,0.0,0.0,12
LT,1933,marine_hw,abrupt-4xCO2,0.0,0.0,0.0,12
LT,1934,marine_hw,abrupt-4xCO2,0.0,0.0,0.0,12
LT,1935,marine_hw,abrupt-4xCO2,0.0,0.0,0.0,12
LT,1936,marine_hw,abrupt-4xCO2,0.0,0.0,0.0,12
LT,1937,marine_hw,abrupt-4xCO2,0.0,0.0,0.0,12
LT,1938,marine_hw,abrupt-4xCO2,0.0,0.0,0.0,12
LT,1939,marine_hw,abrupt-4xCO2,0.0,0.0,0.0,12
LT,1940,marine_hw,abrupt-4xCO2,0.0,0.0,0.0,12
LT,1941,marine_hw,abrupt-4xCO2,0.0,0.0,0.0,12
LT,1942,marine_hw,abrupt-4xCO2,0.0,0.0,0.0,12
LT,1943,marine_hw,abrupt-4xCO2,0.0,0.0,0.0,12
LT,1944,marine_hw,abrupt-4xCO2,0.0,0.0,0.0,12
LT,1945,marine_hw,abrupt-4xCO2,0.0,0.0,0.0,12
LT,1946,marine_hw,abrupt-4xCO2,0.0,0.0,0.0,12
LT,1947,marine_hw,abrupt-4xCO2,0.0,0.0,0.0,12
LT,1948,marine_hw,abrupt-4xCO2,0.0,0.0,0.0,12
LT,1949,marine_hw,abrupt-4xCO2,0.0,0.0,0.0,12
LT,1950,marine_hw,abrupt-4xCO2,0.0,0.0,0.0,12
LT,1951,marine_hw,abrupt-4xCO2,0.0,0.0,0.0,12
LT,1952,marine_hw,abrupt-4xCO2,0.0,0.0,0.0,12
LT,1953,marine_hw,abrupt-4xCO2,0.0,0.0,0.0,12
LT,1954,marine_hw,abrupt-4xCO2,0.0,0.0,0.0,12
LT,1955,marine_hw,abrupt-4xCO2,0.0,0.0,0.0,12
LT,1956,marine_hw,abrupt-4xCO2,0.0,0.0,0.0,12
LT,1957,marine_hw,abrupt-4xCO2,0.0,0.0,0.0,12
LT,1958,marine_hw,abrupt-4xCO2,0.0,0.0,0.0,12
LT,1959,marine_hw,abrupt-4xCO2,0.0,0.0,0.0,12
LT,1960,marine_hw,abrupt-4xCO2,0.0,0.0,0.0,12
LT,1961,marine_hw,abrupt-4xCO2,0.0,0.0,0.0,12
LT,1962,marine_hw,abrupt-4xCO2,0.0,0.0,0.0,12
LT,1963,marine_hw,abrupt-4xCO2,0.0,0.0,0.0,12
LT,1964,marine_hw,abrupt-4xCO2,0.0,0.0,0.0,12
LT,1965,marine_hw,abrupt-4xCO2,0.0,0.0,0.0,12
LT,1966,marine_hw,abrupt-4xCO2,0.0,0.0,0.0,12
LT,1967,marine_hw,abrupt-4xCO2,0.0,0.0,0.0,12
LT,1968,marine_hw,abrupt-4xCO2,0.0,0.0,0.0,12
LT,1969,marine_hw,abrupt-4xCO2,0.0,0.0,0.0,12
LT,1970,marine_hw,abrupt-4xCO2,0.0,0.0,0.0,12
LT,1971,marine_hw,abrupt-4xCO2,0.0,0.0,0.0,12
LT,1972,marine_hw,abrupt-4xCO2,0.0,0.0,0.0,12
LT,1973,marine_hw,abrupt-4xCO2,0.0,0.0,0.0,12
LT,1974,marine_hw,abrupt-4xCO2,0.0,0.0,0.0,12
LT,1975,marine_hw,abrupt-4xCO2,0.0,0.0,0.0,12
LT,1976,marine_hw,abrupt-4xCO2,0.0,0.0,0.0,12
LT,1977,marine_hw,abrupt-4xCO2,0.0,0.0,0.0,12
LT,1978,marine_hw,abrupt-4xCO2,0.0,0.0,0.0,12
LT,1979,marine_hw,abrupt-4xCO2,0.0,0.0,0.0,12
LT,1980,marine_hw,abrupt-4xCO2,0.0,0.0,0.0,12
LT,1981,marine_hw,abrupt-4xCO2,0.0,0.0,0.0,12
LT,1982,marine_hw,abrupt-4xCO2,0.0,0.0,0.0,12
LT,1983,marine_hw,abrupt-4xCO2,0.0,0.0,0.0,12
LT,1984,marine_hw,abrupt-4xCO2,0.0,0.0,0.0,12
LT,1985,marine_hw,abrupt-4xCO2,0.0,0.0,0.0,12
LT,1986,marine_hw,abrupt-4xCO2,0.0,0.0,0.0,12
LT,1987,marine_hw,abrupt-4xCO2,0.0,0.0,0.0,12
LT,1988,marine_hw,abrupt-4xCO2,0.0,0.0,0.0,12
LT,1989,marine_hw,abrupt-4xCO2,0.0,0.0,0.0,12
LT,1990,marine_hw,abrupt-4xCO2,0.0,0.0,0.0,12
LT,1991,marine_hw,abrupt-4xCO2,0.0,0.0,0.0,12
LT,1992,marine_hw,abrupt-4xCO2,0.0,0.0,0.0,12
LT,1993,marine_hw,abrupt-4xCO2,0.0,0.0,0.0,12
LT,1994,marine_hw,abrupt-4xCO2,0.0,0.0,0.0,12
LT,1995,marine_hw,abrupt-4xCO2,0.0,0.0,0.0,12
LT,1996,marine_hw,abrupt-4xCO2,0.0,0.0,0.0,12
LT,1997,marine_hw,abrupt-4xCO2,0.0,0.0,0.0,12
LT,1998,marine_hw,abrupt-4xCO2,0.0,0.0,0.0,12
LT,1999,marine_hw,abrupt-4xCO2,0.0,0.0,0.0,12
LT,2000,marine_hw,abrupt-4xCO2,0.0,0.0,0.0,12
LY,1850,marine_hw,abrupt-4xCO2,0.00293014,0.048184596,0.0,36
LY,1851,marine_hw,abrupt-4xCO2,0.006067960027777777,0.07414799,0.0,36
LY,1852,marine_hw,abrupt-4xCO2,0.015578785999999999,0.11345029,0.0,36
LY,1853,marine_hw,abrupt-4xCO2,0.03091219568888889,0.2124241,0.0,36
LY,1854,marine_hw,abrupt-4xCO2,0.030851698972222223,0.22345968,0.0,36
LY,1855,marine_hw,abrupt-4xCO2,0.02850573599166667,0.18476471,0.0,36
LY,1856,marine_hw,abrupt-4xCO2,0.03431128569444444,0.20054564,0.0,36
LY,1857,marine_hw,abrupt-4xCO2,0.025471464838888888,0.21390858,0.0,36
LY,1858,marine_hw,abrupt-4xCO2,0.012256539266666667,0.10800632,0.0,36
LY,1859,marine_hw,abrupt-4xCO2,0.018854900472222224,0.17825706,0.0,36
LY,1860,marine_hw,abrupt-4xCO2,0.023425242833333335,0.16091383,0.0,36
LY,1861,marine_hw,abrupt-4xCO2,0.022247861916666667,0.167045,0.0,36
LY,1862,marine_hw,abrupt-4xCO2,0.025110293425,0.19482249,0.0,36
LY,1863,marine_hw,abrupt-4xCO2,0.023867152555555556,0.19238037,0.0,36
LY,1864,marine_hw,abrupt-4xCO2,0.04033416386111111,0.2256602,0.0,36
LY,1865,marine_hw,abrupt-4xCO2,0.028072315916666663,0.18513316,0.0,36
LY,1866,marine_hw,abrupt-4xCO2,0.03608652172222222,0.23360334,0.0,36
LY,1867,marine_hw,abrupt-4xCO2,0.019908204316666664,0.1542035,0.0,36
LY,1868,marine_hw,abrupt-4xCO2,0.028563285305555557,0.22314157,0.0,36
LY,1869,marine_hw,abrupt-4xCO2,0.01436271936111111,0.13207264,0.0,36
LY,1870,marine_hw,abrupt-4xCO2,0.015254440055555556,0.116678946,0.0,36
LY,1871,marine_hw,abrupt-4xCO2,0.020607944194444443,0.16324322,0.0,36
LY,1872,marine_hw,abrupt-4xCO2,0.028033490444444444,0.23324567,0.0,36
LY,1873,marine_hw,abrupt-4xCO2,0.019190792166666668,0.15120167,0.0,36
LY,1874,marine_hw,abrupt-4xCO2,0.020862402258333333,0.174615,0.0,36
LY,1875,marine_hw,abrupt-4xCO2,0.03978435702777778,0.23902114,0.0,36
LY,1876,marine_hw,abrupt-4xCO2,0.021020389305555557,0.18298966,0.0,36
LY,1877,marine_hw,abrupt-4xCO2,0.024126327722222222,0.17197557,0.0,36
LY,1878,marine_hw,abrupt-4xCO2,0.04297726119444444,0.25148213,0.0,36
LY,1879,marine_hw,abrupt-4xCO2,0.03278914045833334,0.18620625,0.0,36
LY,1880,marine_hw,abrupt-4xCO2,0.04569809261111111,0.22317514,0.0,36
LY,1881,marine_hw,abrupt-4xCO2,0.03499341855111111,0.2372085,0.0,36
LY,1882,marine_hw,abrupt-4xCO2,0.008669498777777777,0.076855205,0.0,36
LY,1883,marine_hw,abrupt-4xCO2,0.017580331165,0.1308774,0.0,36
LY,1884,marine_hw,abrupt-4xCO2,0.01908878078611111,0.16213858,0.0,36
LY,1885,marine_hw,abrupt-4xCO2,0.02580399928888889,0.18536803,0.0,36
LY,1886,marine_hw,abrupt-4xCO2,0.032514032694444445,0.2519539,0.0,36
LY,1887,marine_hw,abrupt-4xCO2,0.013215782861111112,0.15058896,0.0,36
LY,1888,marine_hw,abrupt-4xCO2,0.036812054999999996,0.19452855,0.0,36
LY,1889,marine_hw,abrupt-4xCO2,0.021023999138888888,0.15624297,0.0,36
LY,1890,marine_hw,abrupt-4xCO2,0.032461977833333336,0.20506415,0.0,36
LY,1891,marine_hw,abrupt-4xCO2,0.02308700419444444,0.1936984,0.0,36
LY,1892,marine_hw,abrupt-4xCO2,0.023451028772222222,0.19907594,0.0,36
LY,1893,marine_hw,abrupt-4xCO2,0.022366866305555556,0.16524711,0.0,36
LY,1894,marine_hw,abrupt-4xCO2,0.021507052844444444,0.16930191,0.0,36
LY,1895,marine_hw,abrupt-4xCO2,0.033993605975,0.22869694,0.0,36
LY,1896,marine_hw,abrupt-4xCO2,0.013752100855555555,0.11122089,0.0,36
LY,1897,marine_hw,abrupt-4xCO2,0.03786398275,0.25188947,0.0,36
LY,1898,marine_hw,abrupt-4xCO2,0.028974260138888888,0.20332667,0.0,36
LY,1899,marine_hw,abrupt-4xCO2,0.029558990444444447,0.21913847,0.0,36
LY,1900,marine_hw,abrupt-4xCO2,0.017594025055555556,0.1356335,0.0,36
LY,1901,marine_hw,abrupt-4xCO2,0.030954654558333333,0.19502181,0.0,36
LY,1902,marine_hw,abrupt-4xCO2,0.040044233194444445,0.23503816,0.0,36
LY,1903,marine_hw,abrupt-4xCO2,0.03778182903333333,0.22444418,0.0,36
LY,1904,marine_hw,abrupt-4xCO2,0.030680696344444442,0.19770889,0.0,36
LY,1905,marine_hw,abrupt-4xCO2,0.02145519723888889,0.19640629,0.0,36
LY,1906,marine_hw,abrupt-4xCO2,0.020148324166666665,0.16014878,0.0,36
LY,1907,marine_hw,abrupt-4xCO2,0.02351724886111111,0.16433376,0.0,36
LY,1908,marine_hw,abrupt-4xCO2,0.02481976725,0.15315256,0.0,36
LY,1909,marine_hw,abrupt-4xCO2,0.022397704916666667,0.1786094,0.0,36
LY,1910,marine_hw,abrupt-4xCO2,0.03463429888888889,0.1998269,0.0,36
LY,1911,marine_hw,abrupt-4xCO2,0.023945260472222223,0.1837413,0.0,36
LY,1912,marine_hw,abrupt-4xCO2,0.023550501944444444,0.17048573,0.0,36
LY,1913,marine_hw,abrupt-4xCO2,0.0233920465,0.18692231,0.0,36
LY,1914,marine_hw,abrupt-4xCO2,0.014569026533333335,0.1344074,0.0,36
LY,1915,marine_hw,abrupt-4xCO2,0.01724449547222222,0.15161037,0.0,36
LY,1916,marine_hw,abrupt-4xCO2,0.015630972658333336,0.13564155,0.0,36
LY,1917,marine_hw,abrupt-4xCO2,0.030951749722222224,0.20363069,0.0,36
LY,1918,marine_hw,abrupt-4xCO2,0.02290655672222222,0.15658456,0.0,36
LY,1919,marine_hw,abrupt-4xCO2,0.034591386249999995,0.2472495,0.0,36
LY,1920,marine_hw,abrupt-4xCO2,0.029766493916666668,0.17933755,0.0,36
LY,1921,marine_hw,abrupt-4xCO2,0.04239109638888889,0.24436511,0.0,36
LY,1922,marine_hw,abrupt-4xCO2,0.005942134416666666,0.08649623,0.0,36
LY,1923,marine_hw,abrupt-4xCO2,0.02809093902777778,0.22176649,0.0,36
LY,1924,marine_hw,abrupt-4xCO2,0.012868795027777777,0.1508413,0.0,36
LY,1925,marine_hw,abrupt-4xCO2,0.02494847579722222,0.18037036,0.0,36
LY,1926,marine_hw,abrupt-4xCO2,0.01937284538888889,0.17937109,0.0,36
LY,1927,marine_hw,abrupt-4xCO2,0.016291368555555557,0.13510065,0.0,36
LY,1928,marine_hw,abrupt-4xCO2,0.025819612055555555,0.21311936,0.0,36
LY,1929,marine_hw,abrupt-4xCO2,0.028071985333333334,0.19076906,0.0,36
LY,1930,marine_hw,abrupt-4xCO2,0.024899496611111113,0.17464924,0.0,36
LY,1931,marine_hw,abrupt-4xCO2,0.008909076358333334,0.1212243,0.0,36
LY,1932,marine_hw,abrupt-4xCO2,0.012122900050833333,0.14949372,0.0,36
LY,1933,marine_hw,abrupt-4xCO2,0.025322689722222222,0.14060701,0.0,36
LY,1934,marine_hw,abrupt-4xCO2,0.019353087194444445,0.15000376,0.0,36
LY,1935,marine_hw,abrupt-4xCO2,0.012753914369444445,0.12983653,0.0,36
LY,1936,marine_hw,abrupt-4xCO2,0.029713037666666664,0.18577743,0.0,36
LY,1937,marine_hw,abrupt-4xCO2,0.012945415277777778,0.1310029,0.0,36
LY,1938,marine_hw,abrupt-4xCO2,0.007902598215555555,0.108532466,0.0,36
LY,1939,marine_hw,abrupt-4xCO2,0.03725283413611111,0.23418519,0.0,36
LY,1940,marine_hw,abrupt-4xCO2,0.012119235638888889,0.12316379,0.0,36
LY,1941,marine_hw,abrupt-4xCO2,0.033671062075,0.23879565,0.0,36
LY,1942,marine_hw,abrupt-4xCO2,0.03498565317638889,0.24849035,0.0,36
LY,1943,marine_hw,abrupt-4xCO2,0.04427992583333333,0.26466656,0.0,36
LY,1944,marine_hw,abrupt-4xCO2,0.022623752591666667,0.19100931,0.0,36
LY,1945,marine_hw,abrupt-4xCO2,0.028438117444444442,0.18163471,0.0,36
LY,1946,marine_hw,abrupt-4xCO2,0.03246198138888889,0.20812169,0.0,36
LY,1947,marine_hw,abrupt-4xCO2,0.014283139305555557,0.102460355,0.0,36
LY,1948,marine_hw,abrupt-4xCO2,0.03141055719444444,0.23686424,0.0,36
LY,1949,marine_hw,abrupt-4xCO2,0.019735469944444445,0.18189242,0.0,36
LY,1950,marine_hw,abrupt-4xCO2,0.012404677,0.13743943,0.0,36
LY,1951,marine_hw,abrupt-4xCO2,0.034227556666666666,0.2002725,0.0,36
LY,1952,marine_hw,abrupt-4xCO2,0.028937192583333333,0.21791035,0.0,36
LY,1953,marine_hw,abrupt-4xCO2,0.014561979883333333,0.11285703,0.0,36
LY,1954,marine_hw,abrupt-4xCO2,0.02630410266666667,0.19834241,0.0,36
LY,1955,marine_hw,abrupt-4xCO2,0.019340951861111108,0.17998113,0.0,36
LY,1956,marine_hw,abrupt-4xCO2,0.022471901083333332,0.17329228,0.0,36
LY,1957,marine_hw,abrupt-4xCO2,0.02921763754166666,0.2540068,0.0,36
LY,1958,marine_hw,abrupt-4xCO2,0.020819402012222224,0.16316202,0.0,36
LY,1959,marine_hw,abrupt-4xCO2,0.023460394250000002,0.18174142,0.0,36
LY,1960,marine_hw,abrupt-4xCO2,0.011931039472222222,0.1283299,0.0,36
LY,1961,marine_hw,abrupt-4xCO2,0.04109673125,0.23376241,0.0,36
LY,1962,marine_hw,abrupt-4xCO2,0.014927833547222222,0.15542893,0.0,36
LY,1963,marine_hw,abrupt-4xCO2,0.024916113625,0.22326103,0.0,36
LY,1964,marine_hw,abrupt-4xCO2,0.028999586463888886,0.22582395,0.0,36
LY,1965,marine_hw,abrupt-4xCO2,0.019814323527777775,0.15848713,0.0,36
LY,1966,marine_hw,abrupt-4xCO2,0.030210626861111114,0.23065251,0.0,36
LY,1967,marine_hw,abrupt-4xCO2,0.009653077238888889,0.09982561,0.0,36
LY,1968,marine_hw,abrupt-4xCO2,0.022914272583333332,0.18158841,0.0,36
LY,1969,marine_hw,abrupt-4xCO2,0.04571799233333333,0.2429719,0.0,36
LY,1970,marine_hw,abrupt-4xCO2,0.05067127853055556,0.29866314,0.0,36
LY,1971,marine_hw,abrupt-4xCO2,0.02556771913888889,0.19128177,0.0,36
LY,1972,marine_hw,abrupt-4xCO2,0.02929412969444444,0.19691901,0.0,36
LY,1973,marine_hw,abrupt-4xCO2,0.021756077750000002,0.17211047,0.0,36
LY,1974,marine_hw,abrupt-4xCO2,0.03764034236111111,0.24690254,0.0,36
LY,1975,marine_hw,abrupt-4xCO2,0.0242986515,0.17138366,0.0,36
LY,1976,marine_hw,abrupt-4xCO2,0.03333572,0.20849615,0.0,36
LY,1977,marine_hw,abrupt-4xCO2,0.04018977611111111,0.25990242,0.0,36
LY,1978,marine_hw,abrupt-4xCO2,0.03929696013888889,0.2369783,0.0,36
LY,1979,marine_hw,abrupt-4xCO2,0.03799977222222222,0.22986868,0.0,36
LY,1980,marine_hw,abrupt-4xCO2,0.025554174213888888,0.20250458,0.0,36
LY,1981,marine_hw,abrupt-4xCO2,0.05146011386111111,0.2986269,0.0,36
LY,1982,marine_hw,abrupt-4xCO2,0.03769231158333333,0.23449256,0.0,36
LY,1983,marine_hw,abrupt-4xCO2,0.03197074058333334,0.21489376,0.0,36
LY,1984,marine_hw,abrupt-4xCO2,0.022776596833333333,0.13346249,0.0,36
LY,1985,marine_hw,abrupt-4xCO2,0.017101187866666666,0.15256132,0.0,36
LY,1986,marine_hw,abrupt-4xCO2,0.03199979861111111,0.21508771,0.0,36
LY,1987,marine_hw,abrupt-4xCO2,0.022120565822222223,0.16545919,0.0,36
LY,1988,marine_hw,abrupt-4xCO2,0.028283176805555556,0.2119503,0.0,36
LY,1989,marine_hw,abrupt-4xCO2,0.021900164869444447,0.14110833,0.0,36
LY,1990,marine_hw,abrupt-4xCO2,0.035303671611111115,0.22659841,0.0,36
LY,1991,marine_hw,abrupt-4xCO2,0.0050400505000000005,0.07482245,0.0,36
LY,1992,marine_hw,abrupt-4xCO2,0.040550364166666665,0.24512078,0.0,36
LY,1993,marine_hw,abrupt-4xCO2,0.020456890916666668,0.17626457,0.0,36
LY,1994,marine_hw,abrupt-4xCO2,0.03878931730555556,0.23973787,0.0,36
LY,1995,marine_hw,abrupt-4xCO2,0.03941735888888889,0.20826194,0.0,36
LY,1996,marine_hw,abrupt-4xCO2,0.027407681152777776,0.18421039,0.0,36
LY,1997,marine_hw,abrupt-4xCO2,0.030401485833333335,0.22456029,0.0,36
LY,1998,marine_hw,abrupt-4xCO2,0.02174050234722222,0.19089389,0.0,36
LY,1999,marine_hw,abrupt-4xCO2,0.033634061500000006,0.23168668,0.0,36
LY,2000,marine_hw,abrupt-4xCO2,0.024486856324166667,0.21190937,0.0,36
MG,1850,marine_hw,abrupt-4xCO2,0.024256868206666667,0.2893805,0.0,264
MG,1851,marine_hw,abrupt-4xCO2,0.05119277404886364,0.41879588,0.0,264
MG,1852,marine_hw,abrupt-4xCO2,0.05996085391238636,0.4353479,0.0,264
MG,1853,marine_hw,abrupt-4xCO2,0.05347737153030303,0.40384042,0.0,264
MG,1854,marine_hw,abrupt-4xCO2,0.04825369779181818,0.37174845,0.0,264
MG,1855,marine_hw,abrupt-4xCO2,0.05676661985606061,0.43421376,0.0,264
MG,1856,marine_hw,abrupt-4xCO2,0.07680631870265152,0.4515959,0.0,264
MG,1857,marine_hw,abrupt-4xCO2,0.07476467141022726,0.4609262,0.0,264
MG,1858,marine_hw,abrupt-4xCO2,0.0664978152840909,0.4484867,0.0,264
MG,1859,marine_hw,abrupt-4xCO2,0.0867762730253788,0.5074898,0.0,264
MG,1860,marine_hw,abrupt-4xCO2,0.08134015465984848,0.52609,0.0,264
MG,1861,marine_hw,abrupt-4xCO2,0.06645683707462122,0.47367847,0.0,264
MG,1862,marine_hw,abrupt-4xCO2,0.08119612031729168,0.47419855,0.0,264
MG,1863,marine_hw,abrupt-4xCO2,0.09921861668863637,0.58026457,0.0,264
MG,1864,marine_hw,abrupt-4xCO2,0.08751615428799242,0.5393026,0.0,264
MG,1865,marine_hw,abrupt-4xCO2,0.08967457980606061,0.51130235,0.0,264
MG,1866,marine_hw,abrupt-4xCO2,0.08967789470757577,0.5538367,0.0,264
MG,1867,marine_hw,abrupt-4xCO2,0.07732898463939393,0.47774732,0.0,264
MG,1868,marine_hw,abrupt-4xCO2,0.0862550753689394,0.5155833,0.0,264
MG,1869,marine_hw,abrupt-4xCO2,0.10178849336814394,0.5509851,0.0,264
MG,1870,marine_hw,abrupt-4xCO2,0.07930342452992424,0.52745163,0.0,264
MG,1871,marine_hw,abrupt-4xCO2,0.08889269595454545,0.45879078,0.0,264
MG,1872,marine_hw,abrupt-4xCO2,0.10013698231818181,0.5090414,0.0,264
MG,1873,marine_hw,abrupt-4xCO2,0.09476898282863636,0.54718405,0.0,264
MG,1874,marine_hw,abrupt-4xCO2,0.10431527921742424,0.56772375,0.0,264
MG,1875,marine_hw,abrupt-4xCO2,0.11090449501704547,0.57616615,0.0,264
MG,1876,marine_hw,abrupt-4xCO2,0.0842399716405303,0.5171288,0.0,264
MG,1877,marine_hw,abrupt-4xCO2,0.07432277909166667,0.52362573,0.0,264
MG,1878,marine_hw,abrupt-4xCO2,0.1166415422590909,0.5768863,0.0,264
MG,1879,marine_hw,abrupt-4xCO2,0.09570093503749999,0.51924413,0.0,264
MG,1880,marine_hw,abrupt-4xCO2,0.0914089802715909,0.4938813,0.0,264
MG,1881,marine_hw,abrupt-4xCO2,0.1027608455328409,0.59747493,0.0,264
MG,1882,marine_hw,abrupt-4xCO2,0.07425933153484848,0.5069965,0.0,264
MG,1883,marine_hw,abrupt-4xCO2,0.09408120871117424,0.53816444,0.0,264
MG,1884,marine_hw,abrupt-4xCO2,0.11159088812689394,0.6029404,0.0,264
MG,1885,marine_hw,abrupt-4xCO2,0.07932675625151515,0.4875669,0.0,264
MG,1886,marine_hw,abrupt-4xCO2,0.10582318310214393,0.5610235,0.0,264
MG,1887,marine_hw,abrupt-4xCO2,0.11587093449863636,0.61897826,0.0,264
MG,1888,marine_hw,abrupt-4xCO2,0.11212894575871213,0.5630616,0.0,264
MG,1889,marine_hw,abrupt-4xCO2,0.09229511166590909,0.4896285,0.0,264
MG,1890,marine_hw,abrupt-4xCO2,0.09055409782424242,0.4850046,0.0,264
MG,1891,marine_hw,abrupt-4xCO2,0.11148939895340909,0.57642925,0.0,264
MG,1892,marine_hw,abrupt-4xCO2,0.11118350836325758,0.59578776,0.0,264
MG,1893,marine_hw,abrupt-4xCO2,0.07824876958446969,0.5125036,0.0,264
MG,1894,marine_hw,abrupt-4xCO2,0.09321257198390152,0.5340701,0.0,264
MG,1895,marine_hw,abrupt-4xCO2,0.11199607777674243,0.6180334,0.0,264
MG,1896,marine_hw,abrupt-4xCO2,0.0865143774085606,0.5196388,0.0,264
MG,1897,marine_hw,abrupt-4xCO2,0.09768255312295455,0.548694,0.0,264
MG,1898,marine_hw,abrupt-4xCO2,0.12346172087992424,0.6293119,0.0,264
MG,1899,marine_hw,abrupt-4xCO2,0.09129174220416666,0.5303703,0.0,264
MG,1900,marine_hw,abrupt-4xCO2,0.10206772876136364,0.53463846,0.0,264
MG,1901,marine_hw,abrupt-4xCO2,0.11943279933628788,0.6395441,0.0,264
MG,1902,marine_hw,abrupt-4xCO2,0.10289914755795454,0.6277254,0.0,264
MG,1903,marine_hw,abrupt-4xCO2,0.07773310497727272,0.48802322,0.0,264
MG,1904,marine_hw,abrupt-4xCO2,0.09771396621098485,0.52222514,0.0,264
MG,1905,marine_hw,abrupt-4xCO2,0.11583493005806818,0.63986427,0.0,264
MG,1906,marine_hw,abrupt-4xCO2,0.08685639115378788,0.59731454,0.0,264
MG,1907,marine_hw,abrupt-4xCO2,0.1015182991344697,0.55506945,0.0,264
MG,1908,marine_hw,abrupt-4xCO2,0.1092596580878788,0.6083313,0.0,264
MG,1909,marine_hw,abrupt-4xCO2,0.09719716548409091,0.53036225,0.0,264
MG,1910,marine_hw,abrupt-4xCO2,0.1092276211860985,0.5827456,0.0,264
MG,1911,marine_hw,abrupt-4xCO2,0.11187440009712121,0.63039106,0.0,264
MG,1912,marine_hw,abrupt-4xCO2,0.08068459658458334,0.46918476,0.0,264
MG,1913,marine_hw,abrupt-4xCO2,0.10008498405151516,0.5438608,0.0,264
MG,1914,marine_hw,abrupt-4xCO2,0.11270576567636363,0.6331694,0.0,264
MG,1915,marine_hw,abrupt-4xCO2,0.0953820774619697,0.553991,0.0,264
MG,1916,marine_hw,abrupt-4xCO2,0.10803313969696969,0.546617,0.0,264
MG,1917,marine_hw,abrupt-4xCO2,0.11178572842916668,0.577303,0.0,264
MG,1918,marine_hw,abrupt-4xCO2,0.1026061116064394,0.5614382,0.0,264
MG,1919,marine_hw,abrupt-4xCO2,0.10980047640833333,0.5398818,0.0,264
MG,1920,marine_hw,abrupt-4xCO2,0.11794641187916667,0.65106297,0.0,264
MG,1921,marine_hw,abrupt-4xCO2,0.10768643042045455,0.5796438,0.0,264
MG,1922,marine_hw,abrupt-4xCO2,0.11097285134848485,0.5654393,0.0,264
MG,1923,marine_hw,abrupt-4xCO2,0.11488414956685605,0.6084796,0.0,264
MG,1924,marine_hw,abrupt-4xCO2,0.09259725912272727,0.5440178,0.0,264
MG,1925,marine_hw,abrupt-4xCO2,0.0966558539844697,0.5341848,0.0,264
MG,1926,marine_hw,abrupt-4xCO2,0.12236630376704545,0.64422977,0.0,264
MG,1927,marine_hw,abrupt-4xCO2,0.09630077467575758,0.548141,0.0,264
MG,1928,marine_hw,abrupt-4xCO2,0.10204764509140152,0.54795045,0.0,264
MG,1929,marine_hw,abrupt-4xCO2,0.11841591683484848,0.63073796,0.0,264
MG,1930,marine_hw,abrupt-4xCO2,0.1013117421435606,0.5422206,0.0,264
MG,1931,marine_hw,abrupt-4xCO2,0.11766329272462121,0.61822265,0.0,264
MG,1932,marine_hw,abrupt-4xCO2,0.10545131746757576,0.6011076,0.0,264
MG,1933,marine_hw,abrupt-4xCO2,0.10839589417689394,0.5612879,0.0,264
MG,1934,marine_hw,abrupt-4xCO2,0.09437801552045455,0.50918436,0.0,264
MG,1935,marine_hw,abrupt-4xCO2,0.10743900024734848,0.53238696,0.0,264
MG,1936,marine_hw,abrupt-4xCO2,0.12218281776124999,0.5884802,0.0,264
MG,1937,marine_hw,abrupt-4xCO2,0.1038122966278409,0.5534763,0.0,264
MG,1938,marine_hw,abrupt-4xCO2,0.0912397208125,0.51695365,0.0,264
MG,1939,marine_hw,abrupt-4xCO2,0.10684974060700757,0.5629173,0.0,264
MG,1940,marine_hw,abrupt-4xCO2,0.1085556060530303,0.59857893,0.0,264
MG,1941,marine_hw,abrupt-4xCO2,0.10960442473484848,0.53727055,0.0,264
MG,1942,marine_hw,abrupt-4xCO2,0.12005684856628789,0.6140866,0.0,264
MG,1943,marine_hw,abrupt-4xCO2,0.11913578256553031,0.6528803,0.0,264
MG,1944,marine_hw,abrupt-4xCO2,0.11108299114973486,0.57041955,0.0,264
MG,1945,marine_hw,abrupt-4xCO2,0.12013459530583333,0.6383395,0.0,264
MG,1946,marine_hw,abrupt-4xCO2,0.12104107926553032,0.63281775,0.0,264
MG,1947,marine_hw,abrupt-4xCO2,0.10181119286306818,0.5170879,0.0,264
MG,1948,marine_hw,abrupt-4xCO2,0.11957607015882576,0.54507744,0.0,264
MG,1949,marine_hw,abrupt-4xCO2,0.10136711868409091,0.5612161,0.0,264
MG,1950,marine_hw,abrupt-4xCO2,0.08462963951439394,0.4729087,0.0,264
MG,1951,marine_hw,abrupt-4xCO2,0.10836126764015153,0.5653702,0.0,264
MG,1952,marine_hw,abrupt-4xCO2,0.11170719889848485,0.592996,0.0,264
MG,1953,marine_hw,abrupt-4xCO2,0.10575269222159091,0.50995946,0.0,264
MG,1954,marine_hw,abrupt-4xCO2,0.11744437922045455,0.6256188,0.0,264
MG,1955,marine_hw,abrupt-4xCO2,0.10342596189128787,0.5274255,0.0,264
MG,1956,marine_hw,abrupt-4xCO2,0.11652000613041667,0.5708906,0.0,264
MG,1957,marine_hw,abrupt-4xCO2,0.10018895800553031,0.54550695,0.0,264
MG,1958,marine_hw,abrupt-4xCO2,0.10751545679628789,0.51751876,0.0,264
MG,1959,marine_hw,abrupt-4xCO2,0.11908992768977272,0.581998,0.0,264
MG,1960,marine_hw,abrupt-4xCO2,0.10249726617484849,0.5846274,0.0,264
MG,1961,marine_hw,abrupt-4xCO2,0.11312296798465908,0.55696535,0.0,264
MG,1962,marine_hw,abrupt-4xCO2,0.11056864245314395,0.61290216,0.0,264
MG,1963,marine_hw,abrupt-4xCO2,0.10951991066439394,0.5810598,0.0,264
MG,1964,marine_hw,abrupt-4xCO2,0.09916575720833333,0.5184489,0.0,264
MG,1965,marine_hw,abrupt-4xCO2,0.10686006572609849,0.5532763,0.0,264
MG,1966,marine_hw,abrupt-4xCO2,0.12719120949886364,0.66838264,0.0,264
MG,1967,marine_hw,abrupt-4xCO2,0.09781396354924242,0.5344016,0.0,264
MG,1968,marine_hw,abrupt-4xCO2,0.1073021741121212,0.5050403,0.0,264
MG,1969,marine_hw,abrupt-4xCO2,0.13204117639166665,0.63258684,0.0,264
MG,1970,marine_hw,abrupt-4xCO2,0.12648579458068182,0.6349545,0.0,264
MG,1971,marine_hw,abrupt-4xCO2,0.1149639927689394,0.6383617,0.0,264
MG,1972,marine_hw,abrupt-4xCO2,0.09339876296223484,0.50610936,0.0,264
MG,1973,marine_hw,abrupt-4xCO2,0.11485956733647727,0.60894734,0.0,264
MG,1974,marine_hw,abrupt-4xCO2,0.1253235701223485,0.554191,0.0,264
MG,1975,marine_hw,abrupt-4xCO2,0.10032162498977272,0.53093135,0.0,264
MG,1976,marine_hw,abrupt-4xCO2,0.13916800333333335,0.6245263,0.0,264
MG,1977,marine_hw,abrupt-4xCO2,0.12149835770984849,0.59181756,0.0,264
MG,1978,marine_hw,abrupt-4xCO2,0.1013719882994697,0.5772077,0.0,264
MG,1979,marine_hw,abrupt-4xCO2,0.10224257402992423,0.54622036,0.0,264
MG,1980,marine_hw,abrupt-4xCO2,0.12487969454734849,0.5620046,0.0,264
MG,1981,marine_hw,abrupt-4xCO2,0.12012465005113637,0.5905438,0.0,264
MG,1982,marine_hw,abrupt-4xCO2,0.12577125857083332,0.60628843,0.0,264
MG,1983,marine_hw,abrupt-4xCO2,0.1263192381284091,0.6423849,0.0,264
MG,1984,marine_hw,abrupt-4xCO2,0.12222987992499999,0.5844898,0.0,264
MG,1985,marine_hw,abrupt-4xCO2,0.12388105795378788,0.6073723,0.0,264
MG,1986,marine_hw,abrupt-4xCO2,0.11192484369901515,0.6169623,0.0,264
MG,1987,marine_hw,abrupt-4xCO2,0.10381733413257577,0.5269967,0.0,264
MG,1988,marine_hw,abrupt-4xCO2,0.12513796174242425,0.61202365,0.0,264
MG,1989,marine_hw,abrupt-4xCO2,0.12804343426761364,0.5904606,0.0,264
MG,1990,marine_hw,abrupt-4xCO2,0.11032712674015151,0.60163105,0.0,264
MG,1991,marine_hw,abrupt-4xCO2,0.12548905646553032,0.60579926,0.0,264
MG,1992,marine_hw,abrupt-4xCO2,0.12146887128636365,0.632407,0.0,264
MG,1993,marine_hw,abrupt-4xCO2,0.10703717552954545,0.56976724,0.0,264
MG,1994,marine_hw,abrupt-4xCO2,0.10579422592083333,0.5428313,0.0,264
MG,1995,marine_hw,abrupt-4xCO2,0.1244987311939394,0.58777755,0.0,264
MG,1996,marine_hw,abrupt-4xCO2,0.12491603227916667,0.61570805,0.0,264
MG,1997,marine_hw,abrupt-4xCO2,0.11160719172296969,0.59310937,0.0,264
MG,1998,marine_hw,abrupt-4xCO2,0.11517478910965909,0.57720166,0.0,264
MG,1999,marine_hw,abrupt-4xCO2,0.1256187027705682,0.6504395,0.0,264
MG,2000,marine_hw,abrupt-4xCO2,0.10830621566420455,0.5278463,0.0,264
MH,1850,marine_hw,abrupt-4xCO2,0.019392932079468597,0.19428092,0.0,828
MH,1851,marine_hw,abrupt-4xCO2,0.04649572252995169,0.28077227,0.0,828
MH,1852,marine_hw,abrupt-4xCO2,0.04475167549559179,0.2662678,0.0,828
MH,1853,marine_hw,abrupt-4xCO2,0.05606711574233091,0.28127158,0.0,828
MH,1854,marine_hw,abrupt-4xCO2,0.06115005253857488,0.28714705,0.0,828
MH,1855,marine_hw,abrupt-4xCO2,0.06441702566027778,0.30548888,0.0,828
MH,1856,marine_hw,abrupt-4xCO2,0.05766471741118358,0.31208113,0.0,828
MH,1857,marine_hw,abrupt-4xCO2,0.07200068981726812,0.3319893,0.0,828
MH,1858,marine_hw,abrupt-4xCO2,0.08137213511024155,0.3799352,0.0,828
MH,1859,marine_hw,abrupt-4xCO2,0.06571191180182367,0.351486,0.0,828
MH,1860,marine_hw,abrupt-4xCO2,0.08142968414172705,0.3468501,0.0,828
MH,1861,marine_hw,abrupt-4xCO2,0.07471108109108092,0.34503338,0.0,828
MH,1862,marine_hw,abrupt-4xCO2,0.06809603810780193,0.3472259,0.0,828
MH,1863,marine_hw,abrupt-4xCO2,0.08148871979510869,0.38499123,0.0,828
MH,1864,marine_hw,abrupt-4xCO2,0.09068766952874396,0.3731611,0.0,828
MH,1865,marine_hw,abrupt-4xCO2,0.08201227838163043,0.35700172,0.0,828
MH,1866,marine_hw,abrupt-4xCO2,0.08195348083678744,0.37912717,0.0,828
MH,1867,marine_hw,abrupt-4xCO2,0.08805146631172706,0.36360472,0.0,828
MH,1868,marine_hw,abrupt-4xCO2,0.08044873082240338,0.36337513,0.0,828
MH,1869,marine_hw,abrupt-4xCO2,0.07689637719998309,0.3464716,0.0,828
MH,1870,marine_hw,abrupt-4xCO2,0.09144815767157004,0.34509578,0.0,828
MH,1871,marine_hw,abrupt-4xCO2,0.08146453142495169,0.36376303,0.0,828
MH,1872,marine_hw,abrupt-4xCO2,0.09175458327782608,0.3748697,0.0,828
MH,1873,marine_hw,abrupt-4xCO2,0.09097258596547222,0.38208205,0.0,828
MH,1874,marine_hw,abrupt-4xCO2,0.09106581815021497,0.3602431,0.0,828
MH,1875,marine_hw,abrupt-4xCO2,0.0895849843000483,0.40207544,0.0,828
MH,1876,marine_hw,abrupt-4xCO2,0.08420589347398068,0.3405135,0.0,828
MH,1877,marine_hw,abrupt-4xCO2,0.08617521367820895,0.3920331,0.0,828
MH,1878,marine_hw,abrupt-4xCO2,0.08097873846745894,0.36392617,0.0,828
MH,1879,marine_hw,abrupt-4xCO2,0.08405169394815942,0.3663206,0.0,828
MH,1880,marine_hw,abrupt-4xCO2,0.07934368722170289,0.3808519,0.0,828
MH,1881,marine_hw,abrupt-4xCO2,0.07380936590112319,0.33660176,0.0,828
MH,1882,marine_hw,abrupt-4xCO2,0.0833674525608454,0.3852201,0.0,828
MH,1883,marine_hw,abrupt-4xCO2,0.08424825280060386,0.39622277,0.0,828
MH,1884,marine_hw,abrupt-4xCO2,0.08434661724432369,0.37158334,0.0,828
MH,1885,marine_hw,abrupt-4xCO2,0.09029220095912681,0.37097338,0.0,828
MH,1886,marine_hw,abrupt-4xCO2,0.08899410883344203,0.3850429,0.0,828
MH,1887,marine_hw,abrupt-4xCO2,0.08849788922413043,0.4106387,0.0,828
MH,1888,marine_hw,abrupt-4xCO2,0.07967556893492754,0.4110098,0.0,828
MH,1889,marine_hw,abrupt-4xCO2,0.07551451510951208,0.37469122,0.0,828
MH,1890,marine_hw,abrupt-4xCO2,0.08675714418669081,0.37221223,0.0,828
MH,1891,marine_hw,abrupt-4xCO2,0.08189121530486715,0.37162563,0.0,828
MH,1892,marine_hw,abrupt-4xCO2,0.08623582659770168,0.3829028,0.0,828
MH,1893,marine_hw,abrupt-4xCO2,0.0934666895048913,0.35795605,0.0,828
MH,1894,marine_hw,abrupt-4xCO2,0.08489650824572464,0.4138821,0.0,828
MH,1895,marine_hw,abrupt-4xCO2,0.0914653024340942,0.40878442,0.0,828
MH,1896,marine_hw,abrupt-4xCO2,0.09514457204271738,0.36912912,0.0,828
MH,1897,marine_hw,abrupt-4xCO2,0.09363297598172705,0.37850577,0.0,828
MH,1898,marine_hw,abrupt-4xCO2,0.094177625240157,0.39565367,0.0,828
MH,1899,marine_hw,abrupt-4xCO2,0.10750016512681158,0.3879119,0.0,828
MH,1900,marine_hw,abrupt-4xCO2,0.09381209282891305,0.42213732,0.0,828
MH,1901,marine_hw,abrupt-4xCO2,0.08783385108387681,0.3795936,0.0,828
MH,1902,marine_hw,abrupt-4xCO2,0.09364512346183576,0.3826122,0.0,828
MH,1903,marine_hw,abrupt-4xCO2,0.09614195372710144,0.3865522,0.0,828
MH,1904,marine_hw,abrupt-4xCO2,0.09271068111524156,0.39514703,0.0,828
MH,1905,marine_hw,abrupt-4xCO2,0.0933303793393116,0.37051094,0.0,828
MH,1906,marine_hw,abrupt-4xCO2,0.10322628921405796,0.41448677,0.0,828
MH,1907,marine_hw,abrupt-4xCO2,0.08413812545573189,0.36999017,0.0,828
MH,1908,marine_hw,abrupt-4xCO2,0.08289934966615942,0.37025857,0.0,828
MH,1909,marine_hw,abrupt-4xCO2,0.08885352847988406,0.416537,0.0,828
MH,1910,marine_hw,abrupt-4xCO2,0.08730002870728308,0.38437587,0.0,828
MH,1911,marine_hw,abrupt-4xCO2,0.08467517225785749,0.3510961,0.0,828
MH,1912,marine_hw,abrupt-4xCO2,0.08870574764356158,0.36910027,0.0,828
MH,1913,marine_hw,abrupt-4xCO2,0.08140394625963768,0.38741255,0.0,828
MH,1914,marine_hw,abrupt-4xCO2,0.08263830218198068,0.41363847,0.0,828
MH,1915,marine_hw,abrupt-4xCO2,0.09447308751650724,0.43010592,0.0,828
MH,1916,marine_hw,abrupt-4xCO2,0.09412573685403382,0.39196935,0.0,828
MH,1917,marine_hw,abrupt-4xCO2,0.10204495152142512,0.40908307,0.0,828
MH,1918,marine_hw,abrupt-4xCO2,0.0948534164542738,0.4076563,0.0,828
MH,1919,marine_hw,abrupt-4xCO2,0.0919542547230918,0.42018172,0.0,828
MH,1920,marine_hw,abrupt-4xCO2,0.09229414906278986,0.3961483,0.0,828
MH,1921,marine_hw,abrupt-4xCO2,0.09638336757120616,0.41220704,0.0,828
MH,1922,marine_hw,abrupt-4xCO2,0.08999715413402173,0.4113903,0.0,828
MH,1923,marine_hw,abrupt-4xCO2,0.08955660935120772,0.40934813,0.0,828
MH,1924,marine_hw,abrupt-4xCO2,0.08459185585870772,0.39431214,0.0,828
MH,1925,marine_hw,abrupt-4xCO2,0.09343050531326086,0.40385318,0.0,828
MH,1926,marine_hw,abrupt-4xCO2,0.09194453691996377,0.40194327,0.0,828
MH,1927,marine_hw,abrupt-4xCO2,0.08345879666702899,0.39926088,0.0,828
MH,1928,marine_hw,abrupt-4xCO2,0.08148962829618961,0.38766158,0.0,828
MH,1929,marine_hw,abrupt-4xCO2,0.0885257010223913,0.3988649,0.0,828
MH,1930,marine_hw,abrupt-4xCO2,0.0811177686659541,0.42575923,0.0,828
MH,1931,marine_hw,abrupt-4xCO2,0.09494931282615943,0.43179846,0.0,828
MH,1932,marine_hw,abrupt-4xCO2,0.10959134201022584,0.41922945,0.0,828
MH,1933,marine_hw,abrupt-4xCO2,0.09219942751666667,0.38219008,0.0,828
MH,1934,marine_hw,abrupt-4xCO2,0.09941036262066426,0.44628954,0.0,828
MH,1935,marine_hw,abrupt-4xCO2,0.09685763020332126,0.40719998,0.0,828
MH,1936,marine_hw,abrupt-4xCO2,0.08659199794438406,0.4165014,0.0,828
MH,1937,marine_hw,abrupt-4xCO2,0.10041220918772344,0.41629672,0.0,828
MH,1938,marine_hw,abrupt-4xCO2,0.0926833716972947,0.42845303,0.0,828
MH,1939,marine_hw,abrupt-4xCO2,0.09002355128397342,0.43482915,0.0,828
MH,1940,marine_hw,abrupt-4xCO2,0.09674676762799517,0.37829033,0.0,828
MH,1941,marine_hw,abrupt-4xCO2,0.08300998448778986,0.3968382,0.0,828
MH,1942,marine_hw,abrupt-4xCO2,0.08579826047073068,0.39381754,0.0,828
MH,1943,marine_hw,abrupt-4xCO2,0.0908741720085628,0.3976791,0.0,828
MH,1944,marine_hw,abrupt-4xCO2,0.10125253529916667,0.4166061,0.0,828
MH,1945,marine_hw,abrupt-4xCO2,0.08881758663604347,0.41799662,0.0,828
MH,1946,marine_hw,abrupt-4xCO2,0.09757919096083334,0.41664234,0.0,828
MH,1947,marine_hw,abrupt-4xCO2,0.09673804484000846,0.37283295,0.0,828
MH,1948,marine_hw,abrupt-4xCO2,0.08645394214897342,0.42141992,0.0,828
MH,1949,marine_hw,abrupt-4xCO2,0.08378951660423913,0.38164783,0.0,828
MH,1950,marine_hw,abrupt-4xCO2,0.09211741131236716,0.3999702,0.0,828
MH,1951,marine_hw,abrupt-4xCO2,0.08105326255276207,0.39967492,0.0,828
MH,1952,marine_hw,abrupt-4xCO2,0.09681895157755435,0.4022895,0.0,828
MH,1953,marine_hw,abrupt-4xCO2,0.08724948105724638,0.39122844,0.0,828
MH,1954,marine_hw,abrupt-4xCO2,0.09582747095230676,0.42994756,0.0,828
MH,1955,marine_hw,abrupt-4xCO2,0.09150219559626811,0.43140316,0.0,828
MH,1956,marine_hw,abrupt-4xCO2,0.09314465005395652,0.40106076,0.0,828
MH,1957,marine_hw,abrupt-4xCO2,0.10836360312453502,0.42888722,0.0,828
MH,1958,marine_hw,abrupt-4xCO2,0.09413183917278502,0.41856503,0.0,828
MH,1959,marine_hw,abrupt-4xCO2,0.09782113699937198,0.3966543,0.0,828
MH,1960,marine_hw,abrupt-4xCO2,0.0951994904834058,0.3919982,0.0,828
MH,1961,marine_hw,abrupt-4xCO2,0.09897711803429951,0.4029224,0.0,828
MH,1962,marine_hw,abrupt-4xCO2,0.09679376019285024,0.40409344,0.0,828
MH,1963,marine_hw,abrupt-4xCO2,0.09890026432120533,0.39604023,0.0,828
MH,1964,marine_hw,abrupt-4xCO2,0.11137050088813648,0.4357593,0.0,828
MH,1965,marine_hw,abrupt-4xCO2,0.08692109225844204,0.41643295,0.0,828
MH,1966,marine_hw,abrupt-4xCO2,0.0931935406126087,0.3943712,0.0,828
MH,1967,marine_hw,abrupt-4xCO2,0.10308357551766184,0.36408448,0.0,828
MH,1968,marine_hw,abrupt-4xCO2,0.09312975046437198,0.40808448,0.0,828
MH,1969,marine_hw,abrupt-4xCO2,0.0846103576944058,0.3993132,0.0,828
MH,1970,marine_hw,abrupt-4xCO2,0.09541528352487923,0.4282913,0.0,828
MH,1971,marine_hw,abrupt-4xCO2,0.1036690040263285,0.38550866,0.0,828
MH,1972,marine_hw,abrupt-4xCO2,0.09733032741911836,0.39604026,0.0,828
MH,1973,marine_hw,abrupt-4xCO2,0.08980988296124395,0.41705507,0.0,828
MH,1974,marine_hw,abrupt-4xCO2,0.09644712076838163,0.41221577,0.0,828
MH,1975,marine_hw,abrupt-4xCO2,0.09521989978657004,0.4189093,0.0,828
MH,1976,marine_hw,abrupt-4xCO2,0.08481039122543116,0.40559405,0.0,828
MH,1977,marine_hw,abrupt-4xCO2,0.08772310803538648,0.41230974,0.0,828
MH,1978,marine_hw,abrupt-4xCO2,0.09130173354589373,0.38057205,0.0,828
MH,1979,marine_hw,abrupt-4xCO2,0.0900393690936232,0.41121113,0.0,828
MH,1980,marine_hw,abrupt-4xCO2,0.1004964711460145,0.4369713,0.0,828
MH,1981,marine_hw,abrupt-4xCO2,0.10581149272879227,0.40852606,0.0,828
MH,1982,marine_hw,abrupt-4xCO2,0.0942892746424517,0.42653704,0.0,828
MH,1983,marine_hw,abrupt-4xCO2,0.09861268168959987,0.42356408,0.0,828
MH,1984,marine_hw,abrupt-4xCO2,0.10140884199811595,0.43644986,0.0,828
MH,1985,marine_hw,abrupt-4xCO2,0.10602441426165458,0.45656407,0.0,828
MH,1986,marine_hw,abrupt-4xCO2,0.10686990540990339,0.44509363,0.0,828
MH,1987,marine_hw,abrupt-4xCO2,0.08882860065060386,0.40006214,0.0,828
MH,1988,marine_hw,abrupt-4xCO2,0.08399710223652174,0.434807,0.0,828
MH,1989,marine_hw,abrupt-4xCO2,0.10474368313111111,0.42596257,0.0,828
MH,1990,marine_hw,abrupt-4xCO2,0.09698042452811441,0.4350788,0.0,828
MH,1991,marine_hw,abrupt-4xCO2,0.0949387708233768,0.39392895,0.0,828
MH,1992,marine_hw,abrupt-4xCO2,0.10354085828310387,0.4231386,0.0,828
MH,1993,marine_hw,abrupt-4xCO2,0.11189937325207729,0.41463038,0.0,828
MH,1994,marine_hw,abrupt-4xCO2,0.09983125952256039,0.44360042,0.0,828
MH,1995,marine_hw,abrupt-4xCO2,0.10357490251179348,0.4546333,0.0,828
MH,1996,marine_hw,abrupt-4xCO2,0.10293660229263285,0.42461163,0.0,828
MH,1997,marine_hw,abrupt-4xCO2,0.11401460304042271,0.44719213,0.0,828
MH,1998,marine_hw,abrupt-4xCO2,0.10610361491545894,0.4184932,0.0,828
MH,1999,marine_hw,abrupt-4xCO2,0.09707077188361111,0.41606522,0.0,828
MH,2000,marine_hw,abrupt-4xCO2,0.10352025949415458,0.43186224,0.0,828
MM,1850,marine_hw,abrupt-4xCO2,0.069594087800625,0.26809788,0.0,48
MM,1851,marine_hw,abrupt-4xCO2,0.1260325299375,0.37719652,0.0,48
MM,1852,marine_hw,abrupt-4xCO2,0.1330896104375,0.37983054,0.0,48
MM,1853,marine_hw,abrupt-4xCO2,0.14605482470833334,0.35321543,0.0,48
MM,1854,marine_hw,abrupt-4xCO2,0.13396437947916667,0.28353184,0.0,48
MM,1855,marine_hw,abrupt-4xCO2,0.126232460875,0.31441385,0.0,48
MM,1856,marine_hw,abrupt-4xCO2,0.1693357667083333,0.44873166,0.0,48
MM,1857,marine_hw,abrupt-4xCO2,0.16815071680000002,0.4334232,0.0,48
MM,1858,marine_hw,abrupt-4xCO2,0.1749246126875,0.41104877,0.0,48
MM,1859,marine_hw,abrupt-4xCO2,0.19902453627083336,0.4977206,0.0,48
MM,1860,marine_hw,abrupt-4xCO2,0.2024531475625,0.43611902,0.0,48
MM,1861,marine_hw,abrupt-4xCO2,0.18492815177083333,0.4237855,0.0,48
MM,1862,marine_hw,abrupt-4xCO2,0.17911693208333335,0.44141734,0.0,48
MM,1863,marine_hw,abrupt-4xCO2,0.2166793465,0.47674468,0.0,48
MM,1864,marine_hw,abrupt-4xCO2,0.20575771637499998,0.44395947,0.0,48
MM,1865,marine_hw,abrupt-4xCO2,0.22237566708333334,0.45776534,0.0,48
MM,1866,marine_hw,abrupt-4xCO2,0.21038295752083333,0.48144913,0.0,48
MM,1867,marine_hw,abrupt-4xCO2,0.18170932710416665,0.41076756,0.0,48
MM,1868,marine_hw,abrupt-4xCO2,0.20709492608333332,0.4549608,0.0,48
MM,1869,marine_hw,abrupt-4xCO2,0.22272935572916666,0.48204437,0.0,48
MM,1870,marine_hw,abrupt-4xCO2,0.20211998757500002,0.43486202,0.0,48
MM,1871,marine_hw,abrupt-4xCO2,0.20067943968750002,0.4408073,0.011313152,48
MM,1872,marine_hw,abrupt-4xCO2,0.21555812302083333,0.47805133,0.0,48
MM,1873,marine_hw,abrupt-4xCO2,0.18214851645416666,0.42499554,0.0,48
MM,1874,marine_hw,abrupt-4xCO2,0.23857120834854165,0.50852734,0.00015007473,48
MM,1875,marine_hw,abrupt-4xCO2,0.233480986375,0.5199897,0.0,48
MM,1876,marine_hw,abrupt-4xCO2,0.22876856002083334,0.44780082,0.0,48
MM,1877,marine_hw,abrupt-4xCO2,0.20871304181250003,0.44633785,0.0,48
MM,1878,marine_hw,abrupt-4xCO2,0.20384021860416668,0.4515127,0.0,48
MM,1879,marine_hw,abrupt-4xCO2,0.20860035108333333,0.46483403,0.0,48
MM,1880,marine_hw,abrupt-4xCO2,0.22070494760416667,0.4470962,0.0,48
MM,1881,marine_hw,abrupt-4xCO2,0.2541773198333333,0.53929454,0.0,48
MM,1882,marine_hw,abrupt-4xCO2,0.16742052502083335,0.35045856,0.0,48
MM,1883,marine_hw,abrupt-4xCO2,0.18767909296875,0.4875152,0.0,48
MM,1884,marine_hw,abrupt-4xCO2,0.22970325988958332,0.50879174,0.0,48
MM,1885,marine_hw,abrupt-4xCO2,0.19015147290833334,0.41619742,0.0,48
MM,1886,marine_hw,abrupt-4xCO2,0.2200076668395833,0.4686244,0.0,48
MM,1887,marine_hw,abrupt-4xCO2,0.2319328384375,0.48875538,0.025982054,48
MM,1888,marine_hw,abrupt-4xCO2,0.22091855445833333,0.48057336,0.00244121,48
MM,1889,marine_hw,abrupt-4xCO2,0.19768925638125,0.4526086,0.0,48
MM,1890,marine_hw,abrupt-4xCO2,0.1709895376875,0.38236392,0.0,48
MM,1891,marine_hw,abrupt-4xCO2,0.21576062975,0.50786424,0.0,48
MM,1892,marine_hw,abrupt-4xCO2,0.2228087315625,0.51595235,0.0,48
MM,1893,marine_hw,abrupt-4xCO2,0.22196507522916667,0.4550447,0.020295152,48
MM,1894,marine_hw,abrupt-4xCO2,0.21604348185416666,0.46001354,0.0,48
MM,1895,marine_hw,abrupt-4xCO2,0.2016287505625,0.51009977,0.0,48
MM,1896,marine_hw,abrupt-4xCO2,0.16825787798125,0.40674096,0.0,48
MM,1897,marine_hw,abrupt-4xCO2,0.2263488539375,0.46712852,0.0,48
MM,1898,marine_hw,abrupt-4xCO2,0.24920400833333334,0.5196226,0.008651569,48
MM,1899,marine_hw,abrupt-4xCO2,0.22730350120833331,0.5043551,0.0,48
MM,1900,marine_hw,abrupt-4xCO2,0.22521626091666666,0.46142083,0.0,48
MM,1901,marine_hw,abrupt-4xCO2,0.2394270245625,0.53614044,0.0,48
MM,1902,marine_hw,abrupt-4xCO2,0.2337161116041667,0.4775017,0.0,48
MM,1903,marine_hw,abrupt-4xCO2,0.18380403852083335,0.338794,0.0,48
MM,1904,marine_hw,abrupt-4xCO2,0.260641373375,0.504233,0.024089552,48
MM,1905,marine_hw,abrupt-4xCO2,0.24931279775,0.49005195,0.0,48
MM,1906,marine_hw,abrupt-4xCO2,0.198023109,0.42641288,0.0,48
MM,1907,marine_hw,abrupt-4xCO2,0.23417756807708334,0.48322955,0.0,48
MM,1908,marine_hw,abrupt-4xCO2,0.25100740060416665,0.52326405,0.018885843,48
MM,1909,marine_hw,abrupt-4xCO2,0.20806809629166667,0.49879974,0.0,48
MM,1910,marine_hw,abrupt-4xCO2,0.24450606516666665,0.4874783,0.0,48
MM,1911,marine_hw,abrupt-4xCO2,0.24077092192708335,0.4656729,0.0009070755,48
MM,1912,marine_hw,abrupt-4xCO2,0.21897170762499998,0.44328701,0.0,48
MM,1913,marine_hw,abrupt-4xCO2,0.2224594985625,0.4939356,0.0,48
MM,1914,marine_hw,abrupt-4xCO2,0.25698597429166664,0.51382565,0.052175086,48
MM,1915,marine_hw,abrupt-4xCO2,0.23452086202083333,0.48277655,0.0,48
MM,1916,marine_hw,abrupt-4xCO2,0.24477102387500002,0.48073572,0.0,48
MM,1917,marine_hw,abrupt-4xCO2,0.25588443483333334,0.4992581,0.021430654,48
MM,1918,marine_hw,abrupt-4xCO2,0.22696061411875001,0.5098601,0.0011365917,48
MM,1919,marine_hw,abrupt-4xCO2,0.226931346375,0.4175759,0.0,48
MM,1920,marine_hw,abrupt-4xCO2,0.22224214620833335,0.4949503,0.0,48
MM,1921,marine_hw,abrupt-4xCO2,0.221785040175,0.475932,0.0,48
MM,1922,marine_hw,abrupt-4xCO2,0.23459463460416666,0.5126277,0.0,48
MM,1923,marine_hw,abrupt-4xCO2,0.24751949946666665,0.49719042,0.0025781144,48
MM,1924,marine_hw,abrupt-4xCO2,0.21316125120833332,0.46043298,0.0,48
MM,1925,marine_hw,abrupt-4xCO2,0.1865414438125,0.42553777,0.0,48
MM,1926,marine_hw,abrupt-4xCO2,0.22671997945833333,0.4950765,0.0,48
MM,1927,marine_hw,abrupt-4xCO2,0.22804902816666664,0.5183019,0.00856701,48
MM,1928,marine_hw,abrupt-4xCO2,0.21835390854166667,0.44396415,0.0,48
MM,1929,marine_hw,abrupt-4xCO2,0.22564080127083333,0.48824602,0.0,48
MM,1930,marine_hw,abrupt-4xCO2,0.2006928129375,0.47856674,0.0,48
MM,1931,marine_hw,abrupt-4xCO2,0.2610797228958333,0.5093883,0.06513243,48
MM,1932,marine_hw,abrupt-4xCO2,0.2292564365708333,0.44299847,0.0049095154,48
MM,1933,marine_hw,abrupt-4xCO2,0.26053677000000003,0.54485196,0.0,48
MM,1934,marine_hw,abrupt-4xCO2,0.1917446870375,0.4344332,0.0,48
MM,1935,marine_hw,abrupt-4xCO2,0.23415492602083332,0.5247338,0.0,48
MM,1936,marine_hw,abrupt-4xCO2,0.24055094384375,0.5060657,0.0064463345,48
MM,1937,marine_hw,abrupt-4xCO2,0.2758493693333333,0.5357492,0.058166414,48
MM,1938,marine_hw,abrupt-4xCO2,0.23290396445833336,0.4482666,0.0,48
MM,1939,marine_hw,abrupt-4xCO2,0.23264599866666666,0.5116929,0.0,48
MM,1940,marine_hw,abrupt-4xCO2,0.251853049,0.47333753,0.029858327,48
MM,1941,marine_hw,abrupt-4xCO2,0.22957891426458332,0.49271154,0.0,48
MM,1942,marine_hw,abrupt-4xCO2,0.21827451114583332,0.5122566,0.0,48
MM,1943,marine_hw,abrupt-4xCO2,0.25634005385416664,0.54074013,0.02921273,48
MM,1944,marine_hw,abrupt-4xCO2,0.2257838483083333,0.45414138,0.0030237248,48
MM,1945,marine_hw,abrupt-4xCO2,0.26214044052083335,0.4948691,0.03239643,48
MM,1946,marine_hw,abrupt-4xCO2,0.27412891843750004,0.52258146,0.009964241,48
MM,1947,marine_hw,abrupt-4xCO2,0.21267511780833334,0.51444244,0.0,48
MM,1948,marine_hw,abrupt-4xCO2,0.25014577660416665,0.5326292,0.0,48
MM,1949,marine_hw,abrupt-4xCO2,0.2519444167791667,0.5066375,0.0019539914,48
MM,1950,marine_hw,abrupt-4xCO2,0.19105742118541666,0.4065993,0.0,48
MM,1951,marine_hw,abrupt-4xCO2,0.2265015076875,0.5212319,0.0,48
MM,1952,marine_hw,abrupt-4xCO2,0.24188485009583335,0.5163195,0.0,48
MM,1953,marine_hw,abrupt-4xCO2,0.23902263691666667,0.48736352,0.0,48
MM,1954,marine_hw,abrupt-4xCO2,0.23599034823541667,0.5049658,0.0019942573,48
MM,1955,marine_hw,abrupt-4xCO2,0.23581223564583334,0.50316393,0.0,48
MM,1956,marine_hw,abrupt-4xCO2,0.22542567322916665,0.5014385,0.0,48
MM,1957,marine_hw,abrupt-4xCO2,0.22794960377083331,0.5162181,0.0,48
MM,1958,marine_hw,abrupt-4xCO2,0.209693823175,0.49940038,0.0,48
MM,1959,marine_hw,abrupt-4xCO2,0.24480738088749998,0.5070871,0.0,48
MM,1960,marine_hw,abrupt-4xCO2,0.21365468297916668,0.4699646,0.0,48
MM,1961,marine_hw,abrupt-4xCO2,0.23712358891666666,0.4517845,0.0,48
MM,1962,marine_hw,abrupt-4xCO2,0.254085804125,0.48202023,0.0,48
MM,1963,marine_hw,abrupt-4xCO2,0.2823947108541667,0.56587416,0.04613116,48
MM,1964,marine_hw,abrupt-4xCO2,0.22975202850624998,0.45612586,0.0037726723,48
MM,1965,marine_hw,abrupt-4xCO2,0.24451269027083333,0.4989252,0.0,48
MM,1966,marine_hw,abrupt-4xCO2,0.2772352738958333,0.5299012,0.0,48
MM,1967,marine_hw,abrupt-4xCO2,0.23665309679166666,0.4452889,0.0,48
MM,1968,marine_hw,abrupt-4xCO2,0.238609757125,0.42992276,0.018222796,48
MM,1969,marine_hw,abrupt-4xCO2,0.25583026091666666,0.5264786,0.021121949,48
MM,1970,marine_hw,abrupt-4xCO2,0.28125231264583334,0.5569458,0.029077167,48
MM,1971,marine_hw,abrupt-4xCO2,0.26561813027645836,0.52457064,0.00083862327,48
MM,1972,marine_hw,abrupt-4xCO2,0.2425276063125,0.5039706,0.0,48
MM,1973,marine_hw,abrupt-4xCO2,0.2571259238625,0.53388286,0.0070905904,48
MM,1974,marine_hw,abrupt-4xCO2,0.26773383411875,0.53073937,0.0052115107,48
MM,1975,marine_hw,abrupt-4xCO2,0.19930477159854165,0.40131176,0.0,48
MM,1976,marine_hw,abrupt-4xCO2,0.25944640168541666,0.5193206,0.0013124199,48
MM,1977,marine_hw,abrupt-4xCO2,0.2630892629375,0.55249107,0.02663302,48
MM,1978,marine_hw,abrupt-4xCO2,0.21890695102083335,0.47236043,0.0,48
MM,1979,marine_hw,abrupt-4xCO2,0.24337886470833334,0.4902184,0.0,48
MM,1980,marine_hw,abrupt-4xCO2,0.2432608697291667,0.5169946,0.0,48
MM,1981,marine_hw,abrupt-4xCO2,0.24804310532083332,0.48647904,0.0,48
MM,1982,marine_hw,abrupt-4xCO2,0.2551604593958333,0.5444325,0.0,48
MM,1983,marine_hw,abrupt-4xCO2,0.29580002345833334,0.5490873,0.080971986,48
MM,1984,marine_hw,abrupt-4xCO2,0.27147206258333334,0.5537454,0.03181769,48
MM,1985,marine_hw,abrupt-4xCO2,0.22962545685416666,0.5019378,0.027945692,48
MM,1986,marine_hw,abrupt-4xCO2,0.23304657381458335,0.51375854,0.0007097721,48
MM,1987,marine_hw,abrupt-4xCO2,0.22017080172916667,0.41605783,0.0,48
MM,1988,marine_hw,abrupt-4xCO2,0.27956037598958333,0.55654585,0.0003769065,48
MM,1989,marine_hw,abrupt-4xCO2,0.26131376785,0.5331198,0.0,48
MM,1990,marine_hw,abrupt-4xCO2,0.2745265571666667,0.5319447,0.0,48
MM,1991,marine_hw,abrupt-4xCO2,0.2485149466875,0.53656924,0.0,48
MM,1992,marine_hw,abrupt-4xCO2,0.2523018680833333,0.52328414,0.0,48
MM,1993,marine_hw,abrupt-4xCO2,0.2613514961066667,0.5159403,0.00037422212,48
MM,1994,marine_hw,abrupt-4xCO2,0.24186576484375,0.5279228,0.0,48
MM,1995,marine_hw,abrupt-4xCO2,0.22343367658333332,0.48454085,0.0,48
MM,1996,marine_hw,abrupt-4xCO2,0.27382540775,0.53599215,0.009721302,48
MM,1997,marine_hw,abrupt-4xCO2,0.26106920254166666,0.4914398,0.0,48
MM,1998,marine_hw,abrupt-4xCO2,0.2565543452291667,0.5017405,0.0,48
MM,1999,marine_hw,abrupt-4xCO2,0.24624320966666668,0.52516997,0.0,48
MM,2000,marine_hw,abrupt-4xCO2,0.24254091727083335,0.4354875,0.0,48
MP,1850,marine_hw,abrupt-4xCO2,0.025499764281375,0.1408909,0.0,120
MP,1851,marine_hw,abrupt-4xCO2,0.0693827109125,0.24419734,0.0,120
MP,1852,marine_hw,abrupt-4xCO2,0.08487800809666667,0.23679376,0.0,120
MP,1853,marine_hw,abrupt-4xCO2,0.10344979055166667,0.25818172,0.0,120
MP,1854,marine_hw,abrupt-4xCO2,0.09836590598,0.287841,0.0,120
MP,1855,marine_hw,abrupt-4xCO2,0.09322397166291667,0.26402497,0.0,120
MP,1856,marine_hw,abrupt-4xCO2,0.1084803274675,0.2773893,0.0,120
MP,1857,marine_hw,abrupt-4xCO2,0.13955296358416666,0.31715193,0.0,120
MP,1858,marine_hw,abrupt-4xCO2,0.13794043010716667,0.34224567,0.0,120
MP,1859,marine_hw,abrupt-4xCO2,0.11847485079941666,0.2901113,0.0,120
MP,1860,marine_hw,abrupt-4xCO2,0.13516296087750002,0.32978204,0.0,120
MP,1861,marine_hw,abrupt-4xCO2,0.12395589777666666,0.29742363,0.0,120
MP,1862,marine_hw,abrupt-4xCO2,0.11618511950683333,0.33429587,0.0,120
MP,1863,marine_hw,abrupt-4xCO2,0.15337635121616666,0.37623742,0.0,120
MP,1864,marine_hw,abrupt-4xCO2,0.16546664015333334,0.38065195,0.0,120
MP,1865,marine_hw,abrupt-4xCO2,0.16653389570333335,0.36798558,0.0,120
MP,1866,marine_hw,abrupt-4xCO2,0.156190002527,0.35651323,0.0,120
MP,1867,marine_hw,abrupt-4xCO2,0.14335489205000002,0.34714666,0.0,120
MP,1868,marine_hw,abrupt-4xCO2,0.14421589775500002,0.32820225,0.0,120
MP,1869,marine_hw,abrupt-4xCO2,0.15794839904666666,0.3368608,0.0,120
MP,1870,marine_hw,abrupt-4xCO2,0.15044640836666667,0.33687085,0.0,120
MP,1871,marine_hw,abrupt-4xCO2,0.127757600780875,0.35147125,0.0,120
MP,1872,marine_hw,abrupt-4xCO2,0.1500108649555,0.34840164,0.0,120
MP,1873,marine_hw,abrupt-4xCO2,0.14633487885583335,0.33060214,0.0,120
MP,1874,marine_hw,abrupt-4xCO2,0.15921928924333334,0.34968078,0.0,120
MP,1875,marine_hw,abrupt-4xCO2,0.15612244093583336,0.36998945,0.0,120
MP,1876,marine_hw,abrupt-4xCO2,0.13399127212508333,0.31767136,0.0,120
MP,1877,marine_hw,abrupt-4xCO2,0.13169349964916666,0.33759636,0.0,120
MP,1878,marine_hw,abrupt-4xCO2,0.15860006583333333,0.3592083,0.0,120
MP,1879,marine_hw,abrupt-4xCO2,0.14725539778083335,0.35380328,0.0,120
MP,1880,marine_hw,abrupt-4xCO2,0.14513279856833333,0.40203315,0.0,120
MP,1881,marine_hw,abrupt-4xCO2,0.14735282231916666,0.30963898,0.0,120
MP,1882,marine_hw,abrupt-4xCO2,0.13203812300388332,0.3095108,0.0,120
MP,1883,marine_hw,abrupt-4xCO2,0.14996224612791667,0.38172835,0.0,120
MP,1884,marine_hw,abrupt-4xCO2,0.17995677615,0.35022634,0.0,120
MP,1885,marine_hw,abrupt-4xCO2,0.15783473764166667,0.34486163,0.0,120
MP,1886,marine_hw,abrupt-4xCO2,0.143663861815,0.33280602,0.0,120
MP,1887,marine_hw,abrupt-4xCO2,0.16809622060624999,0.34226447,0.0,120
MP,1888,marine_hw,abrupt-4xCO2,0.14540890611666668,0.32527894,0.0,120
MP,1889,marine_hw,abrupt-4xCO2,0.13999777374558334,0.3437093,0.0,120
MP,1890,marine_hw,abrupt-4xCO2,0.1337835105375,0.34298855,0.0,120
MP,1891,marine_hw,abrupt-4xCO2,0.149503072175,0.34128135,0.0,120
MP,1892,marine_hw,abrupt-4xCO2,0.16571954920666665,0.35941365,0.0,120
MP,1893,marine_hw,abrupt-4xCO2,0.17339214843832002,0.33653802,0.0,120
MP,1894,marine_hw,abrupt-4xCO2,0.15565129107333334,0.38201493,0.0,120
MP,1895,marine_hw,abrupt-4xCO2,0.152823773838,0.3543281,0.0,120
MP,1896,marine_hw,abrupt-4xCO2,0.15426441887,0.35271943,0.0,120
MP,1897,marine_hw,abrupt-4xCO2,0.17194681077500001,0.3904748,0.0,120
MP,1898,marine_hw,abrupt-4xCO2,0.18221329000166667,0.36856407,0.0,120
MP,1899,marine_hw,abrupt-4xCO2,0.15808196029054164,0.40570006,0.0,120
MP,1900,marine_hw,abrupt-4xCO2,0.15075083736583333,0.35272354,0.0,120
MP,1901,marine_hw,abrupt-4xCO2,0.1714819602875,0.35409993,0.0,120
MP,1902,marine_hw,abrupt-4xCO2,0.15884318348333334,0.3332476,0.0,120
MP,1903,marine_hw,abrupt-4xCO2,0.15280149878333335,0.3076787,0.0,120
MP,1904,marine_hw,abrupt-4xCO2,0.15095581375249997,0.32013565,0.0,120
MP,1905,marine_hw,abrupt-4xCO2,0.17539898175666666,0.36579582,0.0,120
MP,1906,marine_hw,abrupt-4xCO2,0.15610293553583335,0.3383097,0.0,120
MP,1907,marine_hw,abrupt-4xCO2,0.15990226808875,0.38652134,0.0,120
MP,1908,marine_hw,abrupt-4xCO2,0.15062604869750001,0.33064508,0.0,120
MP,1909,marine_hw,abrupt-4xCO2,0.1463824526275,0.34048274,0.0,120
MP,1910,marine_hw,abrupt-4xCO2,0.14004327702083333,0.38273367,0.0,120
MP,1911,marine_hw,abrupt-4xCO2,0.16184280343166665,0.31851158,0.0,120
MP,1912,marine_hw,abrupt-4xCO2,0.14139670745000002,0.3053124,0.0,120
MP,1913,marine_hw,abrupt-4xCO2,0.15187360328383334,0.3723685,0.0,120
MP,1914,marine_hw,abrupt-4xCO2,0.1513653676975,0.3644207,0.0,120
MP,1915,marine_hw,abrupt-4xCO2,0.17056792753275,0.37496838,0.0,120
MP,1916,marine_hw,abrupt-4xCO2,0.1678993967375,0.3839779,0.0,120
MP,1917,marine_hw,abrupt-4xCO2,0.16605832645166665,0.38140422,0.0,120
MP,1918,marine_hw,abrupt-4xCO2,0.1494808636675,0.34941435,0.0,120
MP,1919,marine_hw,abrupt-4xCO2,0.16812569030723334,0.37070957,0.0,120
MP,1920,marine_hw,abrupt-4xCO2,0.17624934024833333,0.35752383,0.0,120
MP,1921,marine_hw,abrupt-4xCO2,0.15478123823466666,0.35005522,0.0,120
MP,1922,marine_hw,abrupt-4xCO2,0.1648409365305,0.3616464,0.0,120
MP,1923,marine_hw,abrupt-4xCO2,0.17163683737125,0.37289602,0.0,120
MP,1924,marine_hw,abrupt-4xCO2,0.13961690596249998,0.33895195,0.0,120
MP,1925,marine_hw,abrupt-4xCO2,0.13539543532166667,0.3537382,0.0,120
MP,1926,marine_hw,abrupt-4xCO2,0.15143964983,0.37322754,0.0,120
MP,1927,marine_hw,abrupt-4xCO2,0.14694013013366666,0.38727164,0.0,120
MP,1928,marine_hw,abrupt-4xCO2,0.16058530705750002,0.36199403,0.0,120
MP,1929,marine_hw,abrupt-4xCO2,0.17446255401283334,0.38930306,0.0,120
MP,1930,marine_hw,abrupt-4xCO2,0.1400958336525,0.3141803,0.0,120
MP,1931,marine_hw,abrupt-4xCO2,0.16712535348750002,0.39385045,0.0,120
MP,1932,marine_hw,abrupt-4xCO2,0.1851683567475,0.4036888,0.0,120
MP,1933,marine_hw,abrupt-4xCO2,0.18799925894416666,0.3944692,0.0,120
MP,1934,marine_hw,abrupt-4xCO2,0.1508088056355,0.35196453,0.0,120
MP,1935,marine_hw,abrupt-4xCO2,0.163542147035,0.38481542,0.0,120
MP,1936,marine_hw,abrupt-4xCO2,0.15055902390666667,0.384598,0.0,120
MP,1937,marine_hw,abrupt-4xCO2,0.17778585063166666,0.40521082,0.0,120
MP,1938,marine_hw,abrupt-4xCO2,0.14977242624466666,0.325032,0.0,120
MP,1939,marine_hw,abrupt-4xCO2,0.17092259855533334,0.4120856,0.0,120
MP,1940,marine_hw,abrupt-4xCO2,0.1593242678675,0.3413384,0.0,120
MP,1941,marine_hw,abrupt-4xCO2,0.17132697244125,0.38396448,0.0,120
MP,1942,marine_hw,abrupt-4xCO2,0.14973046968333334,0.34037536,0.0,120
MP,1943,marine_hw,abrupt-4xCO2,0.16315221084358333,0.35138267,0.0,120
MP,1944,marine_hw,abrupt-4xCO2,0.15092242560000002,0.3302055,0.0,120
MP,1945,marine_hw,abrupt-4xCO2,0.15948979886053335,0.38151497,0.0,120
MP,1946,marine_hw,abrupt-4xCO2,0.1771377915683333,0.37727898,0.0,120
MP,1947,marine_hw,abrupt-4xCO2,0.1668552042608333,0.36948416,0.0,120
MP,1948,marine_hw,abrupt-4xCO2,0.161897758645,0.38922927,0.0,120
MP,1949,marine_hw,abrupt-4xCO2,0.1688602353041667,0.35740572,0.0,120
MP,1950,marine_hw,abrupt-4xCO2,0.13701511204583333,0.30236024,0.0,120
MP,1951,marine_hw,abrupt-4xCO2,0.13180106548083334,0.31958535,0.0,120
MP,1952,marine_hw,abrupt-4xCO2,0.18906507023416666,0.39044327,0.0,120
MP,1953,marine_hw,abrupt-4xCO2,0.1635883225489,0.3856268,0.0,120
MP,1954,marine_hw,abrupt-4xCO2,0.17998014091183334,0.3829511,0.0,120
MP,1955,marine_hw,abrupt-4xCO2,0.1708806719058333,0.3760173,0.0,120
MP,1956,marine_hw,abrupt-4xCO2,0.17815916058716666,0.36726415,0.0,120
MP,1957,marine_hw,abrupt-4xCO2,0.18280203183333335,0.3799439,0.0,120
MP,1958,marine_hw,abrupt-4xCO2,0.17736692251458336,0.33537298,0.0,120
MP,1959,marine_hw,abrupt-4xCO2,0.18235213906583334,0.39311826,0.0,120
MP,1960,marine_hw,abrupt-4xCO2,0.15806290799999997,0.3523343,0.0,120
MP,1961,marine_hw,abrupt-4xCO2,0.1446189340246667,0.38065863,0.0,120
MP,1962,marine_hw,abrupt-4xCO2,0.14938844215666666,0.3550066,0.0,120
MP,1963,marine_hw,abrupt-4xCO2,0.18620306421,0.42477673,0.0,120
MP,1964,marine_hw,abrupt-4xCO2,0.18050146548333332,0.36742857,0.0,120
MP,1965,marine_hw,abrupt-4xCO2,0.16510331325833333,0.35699233,0.0,120
MP,1966,marine_hw,abrupt-4xCO2,0.180339012405,0.38738975,0.0,120
MP,1967,marine_hw,abrupt-4xCO2,0.18410012811666665,0.34768766,0.0,120
MP,1968,marine_hw,abrupt-4xCO2,0.13762835558633332,0.3801486,0.0,120
MP,1969,marine_hw,abrupt-4xCO2,0.16590018993916666,0.3832994,0.0,120
MP,1970,marine_hw,abrupt-4xCO2,0.17510317935775,0.4150337,0.0,120
MP,1971,marine_hw,abrupt-4xCO2,0.15737459991166666,0.38637373,0.0,120
MP,1972,marine_hw,abrupt-4xCO2,0.16088624731749998,0.3703915,0.0,120
MP,1973,marine_hw,abrupt-4xCO2,0.166577879263,0.4091032,0.0,120
MP,1974,marine_hw,abrupt-4xCO2,0.20214594890833334,0.41835365,0.0,120
MP,1975,marine_hw,abrupt-4xCO2,0.16991769960333333,0.35797814,0.0,120
MP,1976,marine_hw,abrupt-4xCO2,0.15122998491166667,0.3668816,0.0,120
MP,1977,marine_hw,abrupt-4xCO2,0.1594138756383333,0.38313162,0.0,120
MP,1978,marine_hw,abrupt-4xCO2,0.16261277369583332,0.33083433,0.0,120
MP,1979,marine_hw,abrupt-4xCO2,0.130329309585,0.2982665,0.0,120
MP,1980,marine_hw,abrupt-4xCO2,0.18350711588083335,0.41873148,0.0,120
MP,1981,marine_hw,abrupt-4xCO2,0.18207215558583334,0.34575883,0.0,120
MP,1982,marine_hw,abrupt-4xCO2,0.151780615635,0.39019698,0.0,120
MP,1983,marine_hw,abrupt-4xCO2,0.18292787032583335,0.40988368,0.0,120
MP,1984,marine_hw,abrupt-4xCO2,0.18604680137666665,0.4247526,0.0,120
MP,1985,marine_hw,abrupt-4xCO2,0.16306868059866667,0.36321276,0.0,120
MP,1986,marine_hw,abrupt-4xCO2,0.16871234961033332,0.38123712,0.0,120
MP,1987,marine_hw,abrupt-4xCO2,0.14547939782833333,0.33034977,0.0,120
MP,1988,marine_hw,abrupt-4xCO2,0.14160245839783334,0.35553676,0.0,120
MP,1989,marine_hw,abrupt-4xCO2,0.18625576848866665,0.40399277,0.0,120
MP,1990,marine_hw,abrupt-4xCO2,0.154053957315,0.34339795,0.0,120
MP,1991,marine_hw,abrupt-4xCO2,0.1677405851233333,0.3724323,0.0,120
MP,1992,marine_hw,abrupt-4xCO2,0.16073257805516666,0.3766482,0.0,120
MP,1993,marine_hw,abrupt-4xCO2,0.17621933072416668,0.35573202,0.0,120
MP,1994,marine_hw,abrupt-4xCO2,0.16369878932666668,0.37935537,0.0,120
MP,1995,marine_hw,abrupt-4xCO2,0.15625345086583334,0.3621055,0.0,120
MP,1996,marine_hw,abrupt-4xCO2,0.1974488367,0.45694256,0.0,120
MP,1997,marine_hw,abrupt-4xCO2,0.16757449262416665,0.37804604,0.0,120
MP,1998,marine_hw,abrupt-4xCO2,0.17609840311666666,0.39184922,0.0,120
MP,1999,marine_hw,abrupt-4xCO2,0.17411934686750002,0.36923516,0.0,120
MP,2000,marine_hw,abrupt-4xCO2,0.162933382,0.3804298,0.0,120
MU,1850,marine_hw,abrupt-4xCO2,0.012250947844935897,0.15357535,0.0,312
MU,1851,marine_hw,abrupt-4xCO2,0.037371847087339746,0.24473892,0.0,312
MU,1852,marine_hw,abrupt-4xCO2,0.060739952897756404,0.31524134,0.0,312
MU,1853,marine_hw,abrupt-4xCO2,0.05308601318685898,0.31167105,0.0,312
MU,1854,marine_hw,abrupt-4xCO2,0.037064627073910256,0.2685603,0.0,312
MU,1855,marine_hw,abrupt-4xCO2,0.04851132642403846,0.29405606,0.0,312
MU,1856,marine_hw,abrupt-4xCO2,0.06696132016153845,0.32390454,0.0,312
MU,1857,marine_hw,abrupt-4xCO2,0.08288354352692308,0.35221347,0.0,312
MU,1858,marine_hw,abrupt-4xCO2,0.07673702072147436,0.34856743,0.0,312
MU,1859,marine_hw,abrupt-4xCO2,0.09011942731939102,0.40740263,0.0,312
MU,1860,marine_hw,abrupt-4xCO2,0.08688187532163462,0.4050538,0.0,312
MU,1861,marine_hw,abrupt-4xCO2,0.06969695719679486,0.31315553,0.0,312
MU,1862,marine_hw,abrupt-4xCO2,0.0861248448146795,0.35158134,0.0,312
MU,1863,marine_hw,abrupt-4xCO2,0.09678458895288462,0.44636604,0.0,312
MU,1864,marine_hw,abrupt-4xCO2,0.09291702322192308,0.4011473,0.0,312
MU,1865,marine_hw,abrupt-4xCO2,0.10188617439046795,0.374559,0.0,312
MU,1866,marine_hw,abrupt-4xCO2,0.087240648225,0.40340957,0.0,312
MU,1867,marine_hw,abrupt-4xCO2,0.0706269816586859,0.37207863,0.0,312
MU,1868,marine_hw,abrupt-4xCO2,0.08167075662105769,0.38854876,0.0,312
MU,1869,marine_hw,abrupt-4xCO2,0.11037009439358975,0.45937395,0.0,312
MU,1870,marine_hw,abrupt-4xCO2,0.06563673074976763,0.4035418,0.0,312
MU,1871,marine_hw,abrupt-4xCO2,0.09464756047608974,0.36460865,0.0,312
MU,1872,marine_hw,abrupt-4xCO2,0.10305088002281089,0.387228,0.0,312
MU,1873,marine_hw,abrupt-4xCO2,0.09074723092711538,0.36999017,0.0,312
MU,1874,marine_hw,abrupt-4xCO2,0.09662173482201923,0.36734477,0.0,312
MU,1875,marine_hw,abrupt-4xCO2,0.10459574925470513,0.39395246,0.0,312
MU,1876,marine_hw,abrupt-4xCO2,0.08584734893253206,0.38581535,0.0,312
MU,1877,marine_hw,abrupt-4xCO2,0.07383934931131411,0.33698225,0.0,312
MU,1878,marine_hw,abrupt-4xCO2,0.10536079725141026,0.43835577,0.0,312
MU,1879,marine_hw,abrupt-4xCO2,0.09222974059541666,0.3926304,0.0,312
MU,1880,marine_hw,abrupt-4xCO2,0.09768508145195512,0.34593338,0.0,312
MU,1881,marine_hw,abrupt-4xCO2,0.11606248115961539,0.42224735,0.0,312
MU,1882,marine_hw,abrupt-4xCO2,0.07924085862457692,0.34299725,0.0,312
MU,1883,marine_hw,abrupt-4xCO2,0.09037613455560899,0.3978616,0.0,312
MU,1884,marine_hw,abrupt-4xCO2,0.11710557699473398,0.43923357,0.0,312
MU,1885,marine_hw,abrupt-4xCO2,0.07775000773451923,0.36401808,0.0,312
MU,1886,marine_hw,abrupt-4xCO2,0.10543403824371794,0.40987563,0.0,312
MU,1887,marine_hw,abrupt-4xCO2,0.11851973842035257,0.4421267,0.0,312
MU,1888,marine_hw,abrupt-4xCO2,0.10721595558286538,0.40461355,0.0,312
MU,1889,marine_hw,abrupt-4xCO2,0.10247025249532052,0.41539007,0.0,312
MU,1890,marine_hw,abrupt-4xCO2,0.08633873141221154,0.35471466,0.0,312
MU,1891,marine_hw,abrupt-4xCO2,0.10411473414823717,0.42881405,0.0,312
MU,1892,marine_hw,abrupt-4xCO2,0.12396111245801282,0.43564186,0.0,312
MU,1893,marine_hw,abrupt-4xCO2,0.0892815280236859,0.37294704,0.0,312
MU,1894,marine_hw,abrupt-4xCO2,0.10454395354294871,0.411344,0.0,312
MU,1895,marine_hw,abrupt-4xCO2,0.11615098112435898,0.42146486,0.0,312
MU,1896,marine_hw,abrupt-4xCO2,0.09374112284716667,0.36790973,0.0,312
MU,1897,marine_hw,abrupt-4xCO2,0.10478982841769231,0.39084458,0.0,312
MU,1898,marine_hw,abrupt-4xCO2,0.12200195251923077,0.4198455,0.0,312
MU,1899,marine_hw,abrupt-4xCO2,0.0957451637475641,0.40983874,0.0,312
MU,1900,marine_hw,abrupt-4xCO2,0.10023524025480769,0.4258116,0.0,312
MU,1901,marine_hw,abrupt-4xCO2,0.12713136058076924,0.4538132,0.0,312
MU,1902,marine_hw,abrupt-4xCO2,0.10413824534625,0.38759243,0.0,312
MU,1903,marine_hw,abrupt-4xCO2,0.08148892941394231,0.32973036,0.0,312
MU,1904,marine_hw,abrupt-4xCO2,0.10780902857375001,0.40482295,0.0,312
MU,1905,marine_hw,abrupt-4xCO2,0.1296647166375641,0.44482788,0.0,312
MU,1906,marine_hw,abrupt-4xCO2,0.09115428188679486,0.38268468,0.0,312
MU,1907,marine_hw,abrupt-4xCO2,0.10616641365833332,0.38437384,0.0,312
MU,1908,marine_hw,abrupt-4xCO2,0.11133421600407051,0.41653094,0.0,312
MU,1909,marine_hw,abrupt-4xCO2,0.10217121544733013,0.39395514,0.0,312
MU,1910,marine_hw,abrupt-4xCO2,0.12648671034583334,0.4346627,0.0,312
MU,1911,marine_hw,abrupt-4xCO2,0.11136202976189101,0.43918526,0.0,312
MU,1912,marine_hw,abrupt-4xCO2,0.0805969559125,0.35932714,0.0,312
MU,1913,marine_hw,abrupt-4xCO2,0.10645902367083333,0.38892725,0.0,312
MU,1914,marine_hw,abrupt-4xCO2,0.12769087592807693,0.46124968,0.0,312
MU,1915,marine_hw,abrupt-4xCO2,0.09365024146009615,0.41225064,0.0,312
MU,1916,marine_hw,abrupt-4xCO2,0.11922048481365384,0.42771214,0.0,312
MU,1917,marine_hw,abrupt-4xCO2,0.11707133823589744,0.4286235,0.0,312
MU,1918,marine_hw,abrupt-4xCO2,0.11403432394788461,0.44203073,0.0,312
MU,1919,marine_hw,abrupt-4xCO2,0.11743838135179488,0.4188187,0.0,312
MU,1920,marine_hw,abrupt-4xCO2,0.12997099330961537,0.43419158,0.0,312
MU,1921,marine_hw,abrupt-4xCO2,0.09962554388057693,0.42571425,0.0,312
MU,1922,marine_hw,abrupt-4xCO2,0.11595089031907051,0.41094136,0.0,312
MU,1923,marine_hw,abrupt-4xCO2,0.11533668408557692,0.46294957,0.0,312
MU,1924,marine_hw,abrupt-4xCO2,0.09951230018910256,0.41227013,0.0,312
MU,1925,marine_hw,abrupt-4xCO2,0.10480707513916666,0.36716682,0.0,312
MU,1926,marine_hw,abrupt-4xCO2,0.12643562037919873,0.4133224,0.0,312
MU,1927,marine_hw,abrupt-4xCO2,0.0999061372036859,0.36869025,0.0,312
MU,1928,marine_hw,abrupt-4xCO2,0.10649454165958334,0.40733823,0.0,312
MU,1929,marine_hw,abrupt-4xCO2,0.1217943464451923,0.42598337,0.0,312
MU,1930,marine_hw,abrupt-4xCO2,0.1106580116311859,0.38063717,0.0,312
MU,1931,marine_hw,abrupt-4xCO2,0.12608646114379807,0.447319,0.0,312
MU,1932,marine_hw,abrupt-4xCO2,0.1068367327490705,0.40875423,0.0,312
MU,1933,marine_hw,abrupt-4xCO2,0.1152741265621795,0.44993293,0.0,312
MU,1934,marine_hw,abrupt-4xCO2,0.09519807793482692,0.36822918,0.0,312
MU,1935,marine_hw,abrupt-4xCO2,0.11166433789064104,0.4563144,0.0,312
MU,1936,marine_hw,abrupt-4xCO2,0.1281865066403846,0.48522407,0.0,312
MU,1937,marine_hw,abrupt-4xCO2,0.11197701438544871,0.44637743,0.0,312
MU,1938,marine_hw,abrupt-4xCO2,0.10077144072900641,0.40757242,0.0,312
MU,1939,marine_hw,abrupt-4xCO2,0.12427830003333333,0.44322798,0.0,312
MU,1940,marine_hw,abrupt-4xCO2,0.1118591146046154,0.4236889,0.0,312
MU,1941,marine_hw,abrupt-4xCO2,0.12805233723301282,0.4655219,0.0,312
MU,1942,marine_hw,abrupt-4xCO2,0.12728545970801283,0.4378558,0.0,312
MU,1943,marine_hw,abrupt-4xCO2,0.12281807529817307,0.4872917,0.0,312
MU,1944,marine_hw,abrupt-4xCO2,0.10309135570365385,0.44218308,0.0,312
MU,1945,marine_hw,abrupt-4xCO2,0.12696376707150642,0.38899505,0.0,312
MU,1946,marine_hw,abrupt-4xCO2,0.1381833515242628,0.46389517,0.0,312
MU,1947,marine_hw,abrupt-4xCO2,0.10887961754884615,0.37010625,0.0,312
MU,1948,marine_hw,abrupt-4xCO2,0.1212514201125,0.41389418,0.0,312
MU,1949,marine_hw,abrupt-4xCO2,0.12569220367996795,0.46596885,0.0,312
MU,1950,marine_hw,abrupt-4xCO2,0.0830136975025641,0.37015125,0.0,312
MU,1951,marine_hw,abrupt-4xCO2,0.11491685742039745,0.43591362,0.0,312
MU,1952,marine_hw,abrupt-4xCO2,0.11918105965842948,0.44003823,0.0,312
MU,1953,marine_hw,abrupt-4xCO2,0.10392608102499999,0.38540465,0.0,312
MU,1954,marine_hw,abrupt-4xCO2,0.11684117008733974,0.43333864,0.0,312
MU,1955,marine_hw,abrupt-4xCO2,0.11636125241586538,0.4702505,0.0,312
MU,1956,marine_hw,abrupt-4xCO2,0.11675715899391026,0.45617348,0.0,312
MU,1957,marine_hw,abrupt-4xCO2,0.10053512031903845,0.4104964,0.0,312
MU,1958,marine_hw,abrupt-4xCO2,0.10586581787115384,0.4208374,0.0,312
MU,1959,marine_hw,abrupt-4xCO2,0.12913737054711538,0.4484491,0.0,312
MU,1960,marine_hw,abrupt-4xCO2,0.10972270263589742,0.4317146,0.0,312
MU,1961,marine_hw,abrupt-4xCO2,0.13341236588076924,0.41209698,0.0,312
MU,1962,marine_hw,abrupt-4xCO2,0.1341513330216346,0.49355575,0.0,312
MU,1963,marine_hw,abrupt-4xCO2,0.12173959341217948,0.47285435,0.0,312
MU,1964,marine_hw,abrupt-4xCO2,0.11453425240195514,0.42592767,0.0,312
MU,1965,marine_hw,abrupt-4xCO2,0.1147835092228205,0.4291939,0.0,312
MU,1966,marine_hw,abrupt-4xCO2,0.12355931530192307,0.46733856,0.0,312
MU,1967,marine_hw,abrupt-4xCO2,0.09559401692211539,0.3955188,0.0,312
MU,1968,marine_hw,abrupt-4xCO2,0.11065207506826923,0.367642,0.0,312
MU,1969,marine_hw,abrupt-4xCO2,0.1365868694951923,0.46244758,0.0,312
MU,1970,marine_hw,abrupt-4xCO2,0.1204074294924359,0.48422882,0.0,312
MU,1971,marine_hw,abrupt-4xCO2,0.10835976391509615,0.42860603,0.0,312
MU,1972,marine_hw,abrupt-4xCO2,0.09871554109391026,0.35232016,0.0,312
MU,1973,marine_hw,abrupt-4xCO2,0.127980327105,0.47717556,0.0,312
MU,1974,marine_hw,abrupt-4xCO2,0.1247859718134936,0.45832908,0.0,312
MU,1975,marine_hw,abrupt-4xCO2,0.09645875482573718,0.37513143,0.0,312
MU,1976,marine_hw,abrupt-4xCO2,0.1472068306698718,0.46978474,0.0,312
MU,1977,marine_hw,abrupt-4xCO2,0.1440349838150641,0.498891,0.0,312
MU,1978,marine_hw,abrupt-4xCO2,0.11350680153057692,0.4345855,0.0,312
MU,1979,marine_hw,abrupt-4xCO2,0.0975501541900641,0.40209892,0.0,312
MU,1980,marine_hw,abrupt-4xCO2,0.13298746715576923,0.44366753,0.0,312
MU,1981,marine_hw,abrupt-4xCO2,0.12747900626284295,0.42924964,0.0,312
MU,1982,marine_hw,abrupt-4xCO2,0.1233056527415064,0.42814097,0.0,312
MU,1983,marine_hw,abrupt-4xCO2,0.13595820894102564,0.51076543,0.0,312
MU,1984,marine_hw,abrupt-4xCO2,0.12696223218842947,0.44695392,0.0,312
MU,1985,marine_hw,abrupt-4xCO2,0.12335870778023396,0.46770027,0.0,312
MU,1986,marine_hw,abrupt-4xCO2,0.11158942930021154,0.41574037,0.0,312
MU,1987,marine_hw,abrupt-4xCO2,0.1182582033325,0.39245725,0.0,312
MU,1988,marine_hw,abrupt-4xCO2,0.13072884748589741,0.5045182,0.0,312
MU,1989,marine_hw,abrupt-4xCO2,0.14324917266054488,0.46354014,0.0,312
MU,1990,marine_hw,abrupt-4xCO2,0.12243247327586539,0.4444601,0.0,312
MU,1991,marine_hw,abrupt-4xCO2,0.13225853822810257,0.44169784,0.0,312
MU,1992,marine_hw,abrupt-4xCO2,0.13951037725173077,0.48111892,0.0,312
MU,1993,marine_hw,abrupt-4xCO2,0.11498790315701922,0.4265887,0.0,312
MU,1994,marine_hw,abrupt-4xCO2,0.10616048440278429,0.41759062,0.0,312
MU,1995,marine_hw,abrupt-4xCO2,0.13551252802115385,0.4786768,0.0,312
MU,1996,marine_hw,abrupt-4xCO2,0.13587963267233014,0.47069407,0.0,312
MU,1997,marine_hw,abrupt-4xCO2,0.1241744083948718,0.47013438,0.0,312
MU,1998,marine_hw,abrupt-4xCO2,0.1293769986642628,0.3807251,0.0,312
MU,1999,marine_hw,abrupt-4xCO2,0.12390043807772436,0.4727953,0.0,312
MU,2000,marine_hw,abrupt-4xCO2,0.10696219574227565,0.393482,0.0,312
MV,1850,marine_hw,abrupt-4xCO2,0.11805795332032407,0.27682957,0.0,216
MV,1851,marine_hw,abrupt-4xCO2,0.19806811301805555,0.3858422,0.0,216
MV,1852,marine_hw,abrupt-4xCO2,0.23211344676851853,0.39222234,0.013320411,216
MV,1853,marine_hw,abrupt-4xCO2,0.23959495833796296,0.4010755,0.013898229,216
MV,1854,marine_hw,abrupt-4xCO2,0.22396474989814816,0.3877649,0.014461281,216
MV,1855,marine_hw,abrupt-4xCO2,0.21662238250231483,0.3882521,0.0060175015,216
MV,1856,marine_hw,abrupt-4xCO2,0.27171763679166666,0.4927538,0.025965277,216
MV,1857,marine_hw,abrupt-4xCO2,0.2908194028240741,0.48756754,0.06451838,216
MV,1858,marine_hw,abrupt-4xCO2,0.2944354691064815,0.5002594,0.041760035,216
MV,1859,marine_hw,abrupt-4xCO2,0.32279869300925923,0.50626504,0.06543711,216
MV,1860,marine_hw,abrupt-4xCO2,0.3202532346759259,0.47813052,0.08796795,216
MV,1861,marine_hw,abrupt-4xCO2,0.30112244329166665,0.48210412,0.08607478,216
MV,1862,marine_hw,abrupt-4xCO2,0.3098256721712963,0.46958137,0.1089472,216
MV,1863,marine_hw,abrupt-4xCO2,0.32248949335648147,0.49613076,0.06121455,216
MV,1864,marine_hw,abrupt-4xCO2,0.3193441138657407,0.51405585,0.08700492,216
MV,1865,marine_hw,abrupt-4xCO2,0.3260927864074074,0.5068872,0.08759079,216
MV,1866,marine_hw,abrupt-4xCO2,0.34076185400000003,0.5214272,0.06842753,216
MV,1867,marine_hw,abrupt-4xCO2,0.31162120501851853,0.47950897,0.06408283,216
MV,1868,marine_hw,abrupt-4xCO2,0.313811361162037,0.5310045,0.062767476,216
MV,1869,marine_hw,abrupt-4xCO2,0.35003946648148143,0.5155014,0.1244268,216
MV,1870,marine_hw,abrupt-4xCO2,0.2996842494259259,0.4937779,0.019209985,216
MV,1871,marine_hw,abrupt-4xCO2,0.3118031901388889,0.4685217,0.07749208,216
MV,1872,marine_hw,abrupt-4xCO2,0.32309328857870373,0.53057563,0.09234151,216
MV,1873,marine_hw,abrupt-4xCO2,0.31791869756944446,0.49589455,0.102920055,216
MV,1874,marine_hw,abrupt-4xCO2,0.35051161867592595,0.53388083,0.10040343,216
MV,1875,marine_hw,abrupt-4xCO2,0.35678494083333334,0.5617127,0.12042838,216
MV,1876,marine_hw,abrupt-4xCO2,0.3349831711990741,0.5042739,0.09012821,216
MV,1877,marine_hw,abrupt-4xCO2,0.31668289613425926,0.47106588,0.067490675,216
MV,1878,marine_hw,abrupt-4xCO2,0.3345253472037037,0.49840248,0.077238396,216
MV,1879,marine_hw,abrupt-4xCO2,0.32609262043518517,0.5219742,0.06227153,216
MV,1880,marine_hw,abrupt-4xCO2,0.3357595826388889,0.48790845,0.0783323,216
MV,1881,marine_hw,abrupt-4xCO2,0.36289700759259264,0.53694034,0.0894088,216
MV,1882,marine_hw,abrupt-4xCO2,0.31336606078703705,0.44796258,0.08154619,216
MV,1883,marine_hw,abrupt-4xCO2,0.3475102756481481,0.52394724,0.11556426,216
MV,1884,marine_hw,abrupt-4xCO2,0.3556523233796296,0.57214826,0.1393393,216
MV,1885,marine_hw,abrupt-4xCO2,0.3095709435185185,0.47259396,0.04895959,216
MV,1886,marine_hw,abrupt-4xCO2,0.3181143937314815,0.47964185,0.099721596,216
MV,1887,marine_hw,abrupt-4xCO2,0.36239060935185186,0.5427722,0.07226823,216
MV,1888,marine_hw,abrupt-4xCO2,0.34993943817592593,0.5386752,0.079562426,216
MV,1889,marine_hw,abrupt-4xCO2,0.333818795162037,0.5131298,0.11179066,216
MV,1890,marine_hw,abrupt-4xCO2,0.3006486359907407,0.4774554,0.06845371,216
MV,1891,marine_hw,abrupt-4xCO2,0.3471683978703704,0.5235795,0.13856217,216
MV,1892,marine_hw,abrupt-4xCO2,0.35422408851851855,0.5261491,0.1551719,216
MV,1893,marine_hw,abrupt-4xCO2,0.32696332818981483,0.4776742,0.10390858,216
MV,1894,marine_hw,abrupt-4xCO2,0.34778568821296296,0.49916282,0.11267382,216
MV,1895,marine_hw,abrupt-4xCO2,0.35730188597222223,0.5618154,0.15672348,216
MV,1896,marine_hw,abrupt-4xCO2,0.32089790083796293,0.50141567,0.108127795,216
MV,1897,marine_hw,abrupt-4xCO2,0.3453179563888889,0.55256355,0.11181213,216
MV,1898,marine_hw,abrupt-4xCO2,0.3682308601388889,0.54432446,0.15901394,216
MV,1899,marine_hw,abrupt-4xCO2,0.35026422953703706,0.5168141,0.12516502,216
MV,1900,marine_hw,abrupt-4xCO2,0.3579889924074074,0.5273141,0.11847213,216
MV,1901,marine_hw,abrupt-4xCO2,0.36776543601851847,0.5466095,0.12532406,216
MV,1902,marine_hw,abrupt-4xCO2,0.34482019773148154,0.52346,0.06476668,216
MV,1903,marine_hw,abrupt-4xCO2,0.3179525884722222,0.47604007,0.06834432,216
MV,1904,marine_hw,abrupt-4xCO2,0.3411686820601852,0.5278852,0.07512444,216
MV,1905,marine_hw,abrupt-4xCO2,0.3836014066666667,0.53119504,0.13679516,216
MV,1906,marine_hw,abrupt-4xCO2,0.3399792338425926,0.5286033,0.10523132,216
MV,1907,marine_hw,abrupt-4xCO2,0.3479171898888889,0.5272718,0.08753039,216
MV,1908,marine_hw,abrupt-4xCO2,0.3640810981388889,0.5530977,0.09161269,216
MV,1909,marine_hw,abrupt-4xCO2,0.33010452576388893,0.5032518,0.077060565,216
MV,1910,marine_hw,abrupt-4xCO2,0.3527969451851852,0.559894,0.12525493,216
MV,1911,marine_hw,abrupt-4xCO2,0.3475096512037037,0.50137675,0.10737549,216
MV,1912,marine_hw,abrupt-4xCO2,0.32980944532870365,0.50322497,0.09181201,216
MV,1913,marine_hw,abrupt-4xCO2,0.34543412305555554,0.5449573,0.1528472,216
MV,1914,marine_hw,abrupt-4xCO2,0.37627887842592594,0.5705484,0.14991853,216
MV,1915,marine_hw,abrupt-4xCO2,0.3493714451388889,0.5170013,0.07084215,216
MV,1916,marine_hw,abrupt-4xCO2,0.3645180310648148,0.5482679,0.13962117,216
MV,1917,marine_hw,abrupt-4xCO2,0.359881749537037,0.5546735,0.1006249,216
MV,1918,marine_hw,abrupt-4xCO2,0.361776037824074,0.5275363,0.1185285,216
MV,1919,marine_hw,abrupt-4xCO2,0.35391321305555556,0.5037706,0.13774075,216
MV,1920,marine_hw,abrupt-4xCO2,0.3821418194444444,0.53760874,0.16321504,216
MV,1921,marine_hw,abrupt-4xCO2,0.3441512584675926,0.4886554,0.096664734,216
MV,1922,marine_hw,abrupt-4xCO2,0.3647946749537037,0.5585585,0.13072371,216
MV,1923,marine_hw,abrupt-4xCO2,0.38045841532407404,0.5633985,0.12961105,216
MV,1924,marine_hw,abrupt-4xCO2,0.34918021349074074,0.501966,0.078985944,216
MV,1925,marine_hw,abrupt-4xCO2,0.3251959831712963,0.49900305,0.10947267,216
MV,1926,marine_hw,abrupt-4xCO2,0.3529523728703704,0.56886125,0.12945938,216
MV,1927,marine_hw,abrupt-4xCO2,0.3399177162962963,0.50530136,0.06916977,216
MV,1928,marine_hw,abrupt-4xCO2,0.3482925614351852,0.5209024,0.09547286,216
MV,1929,marine_hw,abrupt-4xCO2,0.3731503873148148,0.5552634,0.15129092,216
MV,1930,marine_hw,abrupt-4xCO2,0.3405653673148148,0.4947114,0.09882232,216
MV,1931,marine_hw,abrupt-4xCO2,0.36859742074074076,0.57315964,0.11621522,216
MV,1932,marine_hw,abrupt-4xCO2,0.3533571336759259,0.5330775,0.085698284,216
MV,1933,marine_hw,abrupt-4xCO2,0.3685810160648148,0.532236,0.13801321,216
MV,1934,marine_hw,abrupt-4xCO2,0.31247753014351853,0.52411497,0.08742435,216
MV,1935,marine_hw,abrupt-4xCO2,0.36546435731481486,0.55750555,0.09490108,216
MV,1936,marine_hw,abrupt-4xCO2,0.38852722495370373,0.5603061,0.16014408,216
MV,1937,marine_hw,abrupt-4xCO2,0.3675801448148148,0.5542943,0.1216867,216
MV,1938,marine_hw,abrupt-4xCO2,0.35725338558333336,0.54335207,0.092620686,216
MV,1939,marine_hw,abrupt-4xCO2,0.3734804698611111,0.5840616,0.17666051,216
MV,1940,marine_hw,abrupt-4xCO2,0.3637962889583334,0.56175226,0.10565747,216
MV,1941,marine_hw,abrupt-4xCO2,0.3627726694907408,0.53672224,0.13857828,216
MV,1942,marine_hw,abrupt-4xCO2,0.3639019487962963,0.5406696,0.12645285,216
MV,1943,marine_hw,abrupt-4xCO2,0.3858048363425926,0.5908988,0.15449005,216
MV,1944,marine_hw,abrupt-4xCO2,0.34432456810185186,0.5120553,0.12972312,216
MV,1945,marine_hw,abrupt-4xCO2,0.3764706395833333,0.53636324,0.1535324,216
MV,1946,marine_hw,abrupt-4xCO2,0.3796542459722222,0.55125695,0.13212028,216
MV,1947,marine_hw,abrupt-4xCO2,0.3402033228009259,0.5200448,0.080497265,216
MV,1948,marine_hw,abrupt-4xCO2,0.37257997689814815,0.5835415,0.14823607,216
MV,1949,marine_hw,abrupt-4xCO2,0.3797604863888889,0.56978333,0.14772806,216
MV,1950,marine_hw,abrupt-4xCO2,0.31877459037037037,0.47657758,0.10406697,216
MV,1951,marine_hw,abrupt-4xCO2,0.3619674774027778,0.5490309,0.102294594,216
MV,1952,marine_hw,abrupt-4xCO2,0.3809624283333334,0.57423073,0.15352032,216
MV,1953,marine_hw,abrupt-4xCO2,0.3508485413240741,0.5070784,0.067550406,216
MV,1954,marine_hw,abrupt-4xCO2,0.3670249613888889,0.5755749,0.12164643,216
MV,1955,marine_hw,abrupt-4xCO2,0.3688339115462963,0.53102326,0.097695544,216
MV,1956,marine_hw,abrupt-4xCO2,0.35037137166666665,0.5297629,0.1250771,216
MV,1957,marine_hw,abrupt-4xCO2,0.3604388711388889,0.5606416,0.110681996,216
MV,1958,marine_hw,abrupt-4xCO2,0.3466040369166667,0.5439627,0.075141884,216
MV,1959,marine_hw,abrupt-4xCO2,0.37339686370370373,0.53010786,0.11701517,216
MV,1960,marine_hw,abrupt-4xCO2,0.34613388219444446,0.50198543,0.120318994,216
MV,1961,marine_hw,abrupt-4xCO2,0.36695082083333336,0.55224884,0.15994208,216
MV,1962,marine_hw,abrupt-4xCO2,0.3842445622222222,0.546782,0.16519612,216
MV,1963,marine_hw,abrupt-4xCO2,0.389617056712963,0.5621093,0.13057742,216
MV,1964,marine_hw,abrupt-4xCO2,0.37194538083333334,0.53683496,0.11913652,216
MV,1965,marine_hw,abrupt-4xCO2,0.37823371272222217,0.5387033,0.09099595,216
MV,1966,marine_hw,abrupt-4xCO2,0.39486637050925927,0.59571195,0.1122215,216
MV,1967,marine_hw,abrupt-4xCO2,0.3391129017685185,0.5289442,0.039168246,216
MV,1968,marine_hw,abrupt-4xCO2,0.33455154566666667,0.5321286,0.118698284,216
MV,1969,marine_hw,abrupt-4xCO2,0.38362976009259264,0.5653346,0.12670518,216
MV,1970,marine_hw,abrupt-4xCO2,0.39726074745370366,0.57580644,0.12528916,216
MV,1971,marine_hw,abrupt-4xCO2,0.3693508519722222,0.54745114,0.09208045,216
MV,1972,marine_hw,abrupt-4xCO2,0.34672415377777777,0.5272953,0.08032278,216
MV,1973,marine_hw,abrupt-4xCO2,0.38372398416666664,0.58038735,0.16898784,216
MV,1974,marine_hw,abrupt-4xCO2,0.37500395805555553,0.55752367,0.13184515,216
MV,1975,marine_hw,abrupt-4xCO2,0.3297077160833333,0.50926685,0.054230414,216
MV,1976,marine_hw,abrupt-4xCO2,0.3827603889351852,0.5584639,0.14297801,216
MV,1977,marine_hw,abrupt-4xCO2,0.40670033874999995,0.59383285,0.14682007,216
MV,1978,marine_hw,abrupt-4xCO2,0.3632509238888889,0.49561,0.134196,216
MV,1979,marine_hw,abrupt-4xCO2,0.34428048814814816,0.48907885,0.07835981,216
MV,1980,marine_hw,abrupt-4xCO2,0.3659673036574074,0.60352015,0.12987345,216
MV,1981,marine_hw,abrupt-4xCO2,0.3720648409259259,0.5593323,0.12009619,216
MV,1982,marine_hw,abrupt-4xCO2,0.37018128210648144,0.57093894,0.115813226,216
MV,1983,marine_hw,abrupt-4xCO2,0.3816428514814815,0.56862235,0.1571154,216
MV,1984,marine_hw,abrupt-4xCO2,0.3688753016203704,0.5671848,0.11837482,216
MV,1985,marine_hw,abrupt-4xCO2,0.3844687219444445,0.5585196,0.14549397,216
MV,1986,marine_hw,abrupt-4xCO2,0.3699230784722222,0.5219527,0.1378555,216
MV,1987,marine_hw,abrupt-4xCO2,0.35250178373148144,0.51413107,0.116829276,216
MV,1988,marine_hw,abrupt-4xCO2,0.3750603230092593,0.581235,0.11212822,216
MV,1989,marine_hw,abrupt-4xCO2,0.3822823891203704,0.5686673,0.12450397,216
MV,1990,marine_hw,abrupt-4xCO2,0.3856753362685185,0.5545641,0.092667654,216
MV,1991,marine_hw,abrupt-4xCO2,0.37689868393518516,0.5844985,0.14722003,216
MV,1992,marine_hw,abrupt-4xCO2,0.38973614023148145,0.5616677,0.17886508,216
MV,1993,marine_hw,abrupt-4xCO2,0.3829221999537037,0.57051814,0.10432668,216
MV,1994,marine_hw,abrupt-4xCO2,0.3657378239351852,0.5504758,0.11262483,216
MV,1995,marine_hw,abrupt-4xCO2,0.3757102665277778,0.5558909,0.15203115,216
MV,1996,marine_hw,abrupt-4xCO2,0.4025996061111111,0.5777835,0.18873832,216
MV,1997,marine_hw,abrupt-4xCO2,0.37729392083333335,0.5458499,0.11889425,216
MV,1998,marine_hw,abrupt-4xCO2,0.36690529050925924,0.54569083,0.16194665,216
MV,1999,marine_hw,abrupt-4xCO2,0.40197264268518523,0.5646702,0.13554022,216
MV,2000,marine_hw,abrupt-4xCO2,0.3681909145277778,0.52792144,0.09356962,216
MY,1850,marine_hw,abrupt-4xCO2,0.157416996625,0.2544958,0.013552472,24
MY,1851,marine_hw,abrupt-4xCO2,0.23919420125000002,0.37250462,0.09511986,24
MY,1852,marine_hw,abrupt-4xCO2,0.26100622916666666,0.3443471,0.1216773,24
MY,1853,marine_hw,abrupt-4xCO2,0.29515608916666664,0.38606074,0.16282983,24
MY,1854,marine_hw,abrupt-4xCO2,0.2688640925,0.36883768,0.13887423,24
MY,1855,marine_hw,abrupt-4xCO2,0.2582193208333333,0.34063372,0.12907527,24
MY,1856,marine_hw,abrupt-4xCO2,0.31090599583333334,0.43417773,0.13835615,24
MY,1857,marine_hw,abrupt-4xCO2,0.32293186749999997,0.4215503,0.19395454,24
MY,1858,marine_hw,abrupt-4xCO2,0.31221768333333333,0.44630316,0.16957034,24
MY,1859,marine_hw,abrupt-4xCO2,0.3404968279166667,0.41836485,0.2250408,24
MY,1860,marine_hw,abrupt-4xCO2,0.35140049624999997,0.41407874,0.23552515,24
MY,1861,marine_hw,abrupt-4xCO2,0.31894712541666664,0.41708708,0.24733025,24
MY,1862,marine_hw,abrupt-4xCO2,0.33937824958333335,0.42688242,0.19519652,24
MY,1863,marine_hw,abrupt-4xCO2,0.35884495125,0.46100202,0.21134564,24
MY,1864,marine_hw,abrupt-4xCO2,0.35398619708333334,0.4742603,0.2199807,24
MY,1865,marine_hw,abrupt-4xCO2,0.35965628833333335,0.46153983,0.17977466,24
MY,1866,marine_hw,abrupt-4xCO2,0.35264896333333334,0.43076295,0.20603703,24
MY,1867,marine_hw,abrupt-4xCO2,0.308272955,0.4047209,0.16753648,24
MY,1868,marine_hw,abrupt-4xCO2,0.34627324875,0.43745092,0.21717997,24
MY,1869,marine_hw,abrupt-4xCO2,0.38027662375,0.51917654,0.20713249,24
MY,1870,marine_hw,abrupt-4xCO2,0.3352911129166667,0.4304545,0.1842558,24
MY,1871,marine_hw,abrupt-4xCO2,0.33039666166666665,0.41206813,0.19498535,24
MY,1872,marine_hw,abrupt-4xCO2,0.3559573558333333,0.45170867,0.22360396,24
MY,1873,marine_hw,abrupt-4xCO2,0.3499032395833333,0.43102,0.2134916,24
MY,1874,marine_hw,abrupt-4xCO2,0.37611914375,0.48224548,0.22604543,24
MY,1875,marine_hw,abrupt-4xCO2,0.36718343166666667,0.46835372,0.24753428,24
MY,1876,marine_hw,abrupt-4xCO2,0.3619308058333333,0.4645132,0.23710896,24
MY,1877,marine_hw,abrupt-4xCO2,0.3424165704166667,0.4594263,0.20274417,24
MY,1878,marine_hw,abrupt-4xCO2,0.3741890395833333,0.50802875,0.2395795,24
MY,1879,marine_hw,abrupt-4xCO2,0.35880807583333335,0.45528874,0.25379696,24
MY,1880,marine_hw,abrupt-4xCO2,0.36673869124999997,0.48217836,0.1735316,24
MY,1881,marine_hw,abrupt-4xCO2,0.40093039124999996,0.5262697,0.23625688,24
MY,1882,marine_hw,abrupt-4xCO2,0.33689859375,0.41191688,0.21881925,24
MY,1883,marine_hw,abrupt-4xCO2,0.3553589558333334,0.45899412,0.22675611,24
MY,1884,marine_hw,abrupt-4xCO2,0.38777600624999997,0.48481444,0.2554443,24
MY,1885,marine_hw,abrupt-4xCO2,0.33174090875,0.45539165,0.20811027,24
MY,1886,marine_hw,abrupt-4xCO2,0.373350815,0.5051023,0.19250587,24
MY,1887,marine_hw,abrupt-4xCO2,0.3879425691666667,0.49682805,0.24631332,24
MY,1888,marine_hw,abrupt-4xCO2,0.36749154916666665,0.47484818,0.2270118,24
MY,1889,marine_hw,abrupt-4xCO2,0.35494716833333334,0.43669304,0.23151915,24
MY,1890,marine_hw,abrupt-4xCO2,0.31585360625,0.40719235,0.18032674,24
MY,1891,marine_hw,abrupt-4xCO2,0.36781507124999996,0.51467305,0.21588631,24
MY,1892,marine_hw,abrupt-4xCO2,0.3809722108333333,0.46893892,0.21708421,24
MY,1893,marine_hw,abrupt-4xCO2,0.35492848125,0.45415685,0.28822887,24
MY,1894,marine_hw,abrupt-4xCO2,0.3664908820833333,0.47460482,0.21541184,24
MY,1895,marine_hw,abrupt-4xCO2,0.38034033916666665,0.48495492,0.26609668,24
MY,1896,marine_hw,abrupt-4xCO2,0.31861637770833334,0.44041002,0.121116035,24
MY,1897,marine_hw,abrupt-4xCO2,0.3690494445833334,0.4626646,0.2172569,24
MY,1898,marine_hw,abrupt-4xCO2,0.37655012000000004,0.46134117,0.24214646,24
MY,1899,marine_hw,abrupt-4xCO2,0.3558808495833334,0.46237287,0.2437072,24
MY,1900,marine_hw,abrupt-4xCO2,0.37286365208333333,0.47695813,0.21724662,24
MY,1901,marine_hw,abrupt-4xCO2,0.3944992104166667,0.50092983,0.2563818,24
MY,1902,marine_hw,abrupt-4xCO2,0.37774665916666667,0.4850632,0.2791216,24
MY,1903,marine_hw,abrupt-4xCO2,0.3269393295833333,0.45763937,0.18366344,24
MY,1904,marine_hw,abrupt-4xCO2,0.3575002175,0.46599412,0.20149525,24
MY,1905,marine_hw,abrupt-4xCO2,0.39093672166666665,0.4985228,0.2817984,24
MY,1906,marine_hw,abrupt-4xCO2,0.35150667333333335,0.4267491,0.23022348,24
MY,1907,marine_hw,abrupt-4xCO2,0.3750358304166667,0.4821166,0.22687691,24
MY,1908,marine_hw,abrupt-4xCO2,0.38546502583333336,0.49028617,0.2520787,24
MY,1909,marine_hw,abrupt-4xCO2,0.34833829,0.45058212,0.20866953,24
MY,1910,marine_hw,abrupt-4xCO2,0.37773195291666667,0.4857701,0.21950912,24
MY,1911,marine_hw,abrupt-4xCO2,0.3994722208333333,0.49347973,0.25489062,24
MY,1912,marine_hw,abrupt-4xCO2,0.3596674554166666,0.43514144,0.29150563,24
MY,1913,marine_hw,abrupt-4xCO2,0.35773930541666665,0.48279938,0.12377717,24
MY,1914,marine_hw,abrupt-4xCO2,0.38543840916666666,0.50404906,0.2573442,24
MY,1915,marine_hw,abrupt-4xCO2,0.3641659320833333,0.46109423,0.23350829,24
MY,1916,marine_hw,abrupt-4xCO2,0.3962727108333333,0.49156305,0.26304474,24
MY,1917,marine_hw,abrupt-4xCO2,0.38057055375,0.49249005,0.22689481,24
MY,1918,marine_hw,abrupt-4xCO2,0.3699850125,0.45993364,0.25804818,24
MY,1919,marine_hw,abrupt-4xCO2,0.3802086879166667,0.49973795,0.22464618,24
MY,1920,marine_hw,abrupt-4xCO2,0.38205672124999995,0.50229436,0.24225135,24
MY,1921,marine_hw,abrupt-4xCO2,0.33669966416666663,0.44266137,0.19741832,24
MY,1922,marine_hw,abrupt-4xCO2,0.37988264,0.51061445,0.25791395,24
MY,1923,marine_hw,abrupt-4xCO2,0.39261955624999995,0.5238617,0.27460286,24
MY,1924,marine_hw,abrupt-4xCO2,0.355509245,0.46151474,0.22709525,24
MY,1925,marine_hw,abrupt-4xCO2,0.34506508166666666,0.44011292,0.16508113,24
MY,1926,marine_hw,abrupt-4xCO2,0.3840414175,0.50949305,0.21563645,24
MY,1927,marine_hw,abrupt-4xCO2,0.3613553579166667,0.4842454,0.2606073,24
MY,1928,marine_hw,abrupt-4xCO2,0.36705498999999997,0.47855797,0.22804463,24
MY,1929,marine_hw,abrupt-4xCO2,0.3747232308333333,0.4836745,0.245914,24
MY,1930,marine_hw,abrupt-4xCO2,0.35409826166666664,0.468326,0.14510742,24
MY,1931,marine_hw,abrupt-4xCO2,0.38238084999999994,0.4725387,0.24710722,24
MY,1932,marine_hw,abrupt-4xCO2,0.36995488375,0.45728683,0.28852502,24
MY,1933,marine_hw,abrupt-4xCO2,0.38756651875,0.49321127,0.24619119,24
MY,1934,marine_hw,abrupt-4xCO2,0.34584073708333335,0.4412538,0.16528605,24
MY,1935,marine_hw,abrupt-4xCO2,0.38241069333333333,0.5300072,0.23627321,24
MY,1936,marine_hw,abrupt-4xCO2,0.39534436791666666,0.5002695,0.25284648,24
MY,1937,marine_hw,abrupt-4xCO2,0.3810923154166667,0.4905707,0.2874459,24
MY,1938,marine_hw,abrupt-4xCO2,0.36545684041666665,0.46607646,0.24979363,24
MY,1939,marine_hw,abrupt-4xCO2,0.38070844708333335,0.48644838,0.2602467,24
MY,1940,marine_hw,abrupt-4xCO2,0.3544798845833333,0.45610636,0.26598865,24
MY,1941,marine_hw,abrupt-4xCO2,0.3791956941666667,0.49707568,0.20918941,24
MY,1942,marine_hw,abrupt-4xCO2,0.3729252691666667,0.47378874,0.2265691,24
MY,1943,marine_hw,abrupt-4xCO2,0.3957774508333333,0.5043591,0.27502567,24
MY,1944,marine_hw,abrupt-4xCO2,0.3478227366666667,0.44080105,0.20794027,24
MY,1945,marine_hw,abrupt-4xCO2,0.38159311874999996,0.46926728,0.23989715,24
MY,1946,marine_hw,abrupt-4xCO2,0.3928154883333333,0.4979669,0.2694989,24
MY,1947,marine_hw,abrupt-4xCO2,0.35211616875,0.49302247,0.1514784,24
MY,1948,marine_hw,abrupt-4xCO2,0.40287129791666665,0.52709377,0.25718516,24
MY,1949,marine_hw,abrupt-4xCO2,0.39510977208333337,0.49240413,0.28129864,24
MY,1950,marine_hw,abrupt-4xCO2,0.3396518954166667,0.42166665,0.19350445,24
MY,1951,marine_hw,abrupt-4xCO2,0.3711285670833333,0.48311257,0.20993835,24
MY,1952,marine_hw,abrupt-4xCO2,0.39172638291666667,0.5027865,0.27783823,24
MY,1953,marine_hw,abrupt-4xCO2,0.37687594583333334,0.48493704,0.24663408,24
MY,1954,marine_hw,abrupt-4xCO2,0.3682592466666667,0.4838561,0.23517641,24
MY,1955,marine_hw,abrupt-4xCO2,0.37997925416666667,0.49970126,0.20979877,24
MY,1956,marine_hw,abrupt-4xCO2,0.37219817875,0.46782935,0.20488632,24
MY,1957,marine_hw,abrupt-4xCO2,0.37900338875,0.49305645,0.2340899,24
MY,1958,marine_hw,abrupt-4xCO2,0.38030185125,0.47086453,0.22626846,24
MY,1959,marine_hw,abrupt-4xCO2,0.38445153125000003,0.49300277,0.24889795,24
MY,1960,marine_hw,abrupt-4xCO2,0.3503768775,0.44468626,0.19809657,24
MY,1961,marine_hw,abrupt-4xCO2,0.38456006708333335,0.51698166,0.20525229,24
MY,1962,marine_hw,abrupt-4xCO2,0.3888919925,0.5196392,0.27107623,24
MY,1963,marine_hw,abrupt-4xCO2,0.4254288883333333,0.5370162,0.30321455,24
MY,1964,marine_hw,abrupt-4xCO2,0.3758241979166667,0.5076167,0.24093242,24
MY,1965,marine_hw,abrupt-4xCO2,0.3875799041666667,0.49388054,0.22737442,24
MY,1966,marine_hw,abrupt-4xCO2,0.4196649520833333,0.5206011,0.30416477,24
MY,1967,marine_hw,abrupt-4xCO2,0.37278056666666665,0.4541568,0.23282821,24
MY,1968,marine_hw,abrupt-4xCO2,0.36466858166666666,0.44811335,0.23529698,24
MY,1969,marine_hw,abrupt-4xCO2,0.41260074583333334,0.50081795,0.23162562,24
MY,1970,marine_hw,abrupt-4xCO2,0.4170458670833333,0.50878435,0.30596736,24
MY,1971,marine_hw,abrupt-4xCO2,0.36837101041666664,0.4880534,0.24697234,24
MY,1972,marine_hw,abrupt-4xCO2,0.38332548375,0.45952472,0.24688554,24
MY,1973,marine_hw,abrupt-4xCO2,0.39193453875,0.4925849,0.25460947,24
MY,1974,marine_hw,abrupt-4xCO2,0.380031225,0.4770163,0.2845667,24
MY,1975,marine_hw,abrupt-4xCO2,0.3329998008333333,0.4297968,0.1672358,24
MY,1976,marine_hw,abrupt-4xCO2,0.40615226833333334,0.50309163,0.25846514,24
MY,1977,marine_hw,abrupt-4xCO2,0.41037886791666667,0.5242183,0.2831804,24
MY,1978,marine_hw,abrupt-4xCO2,0.34816427624999996,0.41716847,0.2112904,24
MY,1979,marine_hw,abrupt-4xCO2,0.35941160791666665,0.44516143,0.24485433,24
MY,1980,marine_hw,abrupt-4xCO2,0.3860751416666666,0.48243877,0.25553557,24
MY,1981,marine_hw,abrupt-4xCO2,0.38172949375,0.4761895,0.25619504,24
MY,1982,marine_hw,abrupt-4xCO2,0.38820188625,0.51338613,0.22090949,24
MY,1983,marine_hw,abrupt-4xCO2,0.41015459958333333,0.52250427,0.29415873,24
MY,1984,marine_hw,abrupt-4xCO2,0.40453417374999995,0.5040142,0.24602206,24
MY,1985,marine_hw,abrupt-4xCO2,0.3809871329166667,0.4825211,0.2531035,24
MY,1986,marine_hw,abrupt-4xCO2,0.3664498170833333,0.47270426,0.26235035,24
MY,1987,marine_hw,abrupt-4xCO2,0.3533229375,0.4535242,0.1969369,24
MY,1988,marine_hw,abrupt-4xCO2,0.39534109458333333,0.48598036,0.2540645,24
MY,1989,marine_hw,abrupt-4xCO2,0.397702705,0.503786,0.26990876,24
MY,1990,marine_hw,abrupt-4xCO2,0.3912448895833333,0.4938072,0.27940884,24
MY,1991,marine_hw,abrupt-4xCO2,0.38007847875,0.49236298,0.22346504,24
MY,1992,marine_hw,abrupt-4xCO2,0.3916734525,0.50219953,0.25479132,24
MY,1993,marine_hw,abrupt-4xCO2,0.3961787495833333,0.4960751,0.28168967,24
MY,1994,marine_hw,abrupt-4xCO2,0.3778988383333333,0.47006547,0.26943183,24
MY,1995,marine_hw,abrupt-4xCO2,0.38213999875,0.49426982,0.1834827,24
MY,1996,marine_hw,abrupt-4xCO2,0.4204713191666667,0.55391806,0.28151384,24
MY,1997,marine_hw,abrupt-4xCO2,0.39265128083333334,0.4656094,0.26497927,24
MY,1998,marine_hw,abrupt-4xCO2,0.38818511499999997,0.50780815,0.17928429,24
MY,1999,marine_hw,abrupt-4xCO2,0.4035552970833333,0.5225294,0.26752767,24
MY,2000,marine_hw,abrupt-4xCO2,0.3781343283333333,0.5007133,0.22301675,24
MZ,1850,marine_hw,abrupt-4xCO2,0.05986042536944444,0.23241952,0.0,72
MZ,1851,marine_hw,abrupt-4xCO2,0.12542816628333334,0.36191484,0.0,72
MZ,1852,marine_hw,abrupt-4xCO2,0.14621019077305555,0.41452166,0.0,72
MZ,1853,marine_hw,abrupt-4xCO2,0.1383702959625,0.42116824,0.0,72
MZ,1854,marine_hw,abrupt-4xCO2,0.12189814793472221,0.33309862,0.0,72
MZ,1855,marine_hw,abrupt-4xCO2,0.13246707101805555,0.40705365,0.0,72
MZ,1856,marine_hw,abrupt-4xCO2,0.18791002191458334,0.43280175,0.0,72
MZ,1857,marine_hw,abrupt-4xCO2,0.1877116183125,0.43957448,0.0,72
MZ,1858,marine_hw,abrupt-4xCO2,0.16847155394166669,0.4331004,0.0,72
MZ,1859,marine_hw,abrupt-4xCO2,0.20148374065055555,0.44033685,0.0,72
MZ,1860,marine_hw,abrupt-4xCO2,0.21353838545833334,0.51429546,0.0,72
MZ,1861,marine_hw,abrupt-4xCO2,0.15949432193055554,0.43804237,0.0,72
MZ,1862,marine_hw,abrupt-4xCO2,0.1879525024388889,0.41517666,0.0,72
MZ,1863,marine_hw,abrupt-4xCO2,0.21836893349444444,0.5009352,0.0,72
MZ,1864,marine_hw,abrupt-4xCO2,0.2122700195111111,0.47094372,0.0,72
MZ,1865,marine_hw,abrupt-4xCO2,0.20567203160833333,0.4888131,0.0,72
MZ,1866,marine_hw,abrupt-4xCO2,0.22067294275555555,0.4988494,0.0,72
MZ,1867,marine_hw,abrupt-4xCO2,0.19144794122777778,0.43723035,0.0,72
MZ,1868,marine_hw,abrupt-4xCO2,0.2098851366388889,0.46416426,0.0,72
MZ,1869,marine_hw,abrupt-4xCO2,0.2490006802541667,0.5191797,0.0,72
MZ,1870,marine_hw,abrupt-4xCO2,0.19921573860416666,0.4636972,0.0,72
MZ,1871,marine_hw,abrupt-4xCO2,0.20063447934722223,0.42954355,0.0,72
MZ,1872,marine_hw,abrupt-4xCO2,0.23722175105555557,0.5212071,0.0,72
MZ,1873,marine_hw,abrupt-4xCO2,0.21944457472222223,0.49109954,0.0,72
MZ,1874,marine_hw,abrupt-4xCO2,0.2460480588333333,0.5133398,0.0,72
MZ,1875,marine_hw,abrupt-4xCO2,0.24618248131944442,0.5005265,0.0,72
MZ,1876,marine_hw,abrupt-4xCO2,0.21409913425138888,0.504696,0.0,72
MZ,1877,marine_hw,abrupt-4xCO2,0.18225752915319443,0.41892543,0.0,72
MZ,1878,marine_hw,abrupt-4xCO2,0.25649357040277776,0.5358364,0.0,72
MZ,1879,marine_hw,abrupt-4xCO2,0.2395783120638889,0.48241684,0.0034278526,72
MZ,1880,marine_hw,abrupt-4xCO2,0.21435012306944445,0.45795256,0.0,72
MZ,1881,marine_hw,abrupt-4xCO2,0.23818661894444443,0.5368625,0.0,72
MZ,1882,marine_hw,abrupt-4xCO2,0.18700776584722223,0.48070285,0.0,72
MZ,1883,marine_hw,abrupt-4xCO2,0.22279121415833336,0.49986678,0.0,72
MZ,1884,marine_hw,abrupt-4xCO2,0.2581376011486111,0.5310904,0.0,72
MZ,1885,marine_hw,abrupt-4xCO2,0.18819183180555557,0.43315744,0.0,72
MZ,1886,marine_hw,abrupt-4xCO2,0.24743884819805556,0.5319333,0.0,72
MZ,1887,marine_hw,abrupt-4xCO2,0.26669568783333336,0.57287645,0.0,72
MZ,1888,marine_hw,abrupt-4xCO2,0.2617033894819445,0.5139572,0.0,72
MZ,1889,marine_hw,abrupt-4xCO2,0.23014824295833336,0.4875682,0.0,72
MZ,1890,marine_hw,abrupt-4xCO2,0.21543991792222222,0.45643857,0.0,72
MZ,1891,marine_hw,abrupt-4xCO2,0.2692716153611111,0.5049853,0.0,72
MZ,1892,marine_hw,abrupt-4xCO2,0.2565226959583333,0.5394859,0.0,72
MZ,1893,marine_hw,abrupt-4xCO2,0.1940563265277778,0.4797566,0.0,72
MZ,1894,marine_hw,abrupt-4xCO2,0.20964335899583333,0.48986942,0.0,72
MZ,1895,marine_hw,abrupt-4xCO2,0.2829515647013889,0.54474926,0.0,72
MZ,1896,marine_hw,abrupt-4xCO2,0.21079642425833334,0.4690096,0.0,72
MZ,1897,marine_hw,abrupt-4xCO2,0.23105140233333332,0.47974452,0.0,72
MZ,1898,marine_hw,abrupt-4xCO2,0.2749650551944444,0.54808867,0.0,72
MZ,1899,marine_hw,abrupt-4xCO2,0.22237046263194443,0.48218733,0.0,72
MZ,1900,marine_hw,abrupt-4xCO2,0.2516679144583333,0.52301097,0.0,72
MZ,1901,marine_hw,abrupt-4xCO2,0.2657719232083333,0.55395746,0.0,72
MZ,1902,marine_hw,abrupt-4xCO2,0.2302144380513889,0.54429626,0.0,72
MZ,1903,marine_hw,abrupt-4xCO2,0.180132502675,0.43271384,0.0,72
MZ,1904,marine_hw,abrupt-4xCO2,0.22452346165555553,0.49033853,0.0,72
MZ,1905,marine_hw,abrupt-4xCO2,0.2647569650416666,0.5637595,0.0,72
MZ,1906,marine_hw,abrupt-4xCO2,0.2075046425138889,0.50200623,0.0,72
MZ,1907,marine_hw,abrupt-4xCO2,0.2446629812847222,0.5000661,0.0,72
MZ,1908,marine_hw,abrupt-4xCO2,0.26611476400555556,0.55955106,0.0,72
MZ,1909,marine_hw,abrupt-4xCO2,0.22774063041944442,0.49462146,0.0,72
MZ,1910,marine_hw,abrupt-4xCO2,0.24818504943055558,0.4716504,0.0,72
MZ,1911,marine_hw,abrupt-4xCO2,0.2591323494763889,0.5497161,0.0,72
MZ,1912,marine_hw,abrupt-4xCO2,0.20080004176388888,0.42856646,0.0,72
MZ,1913,marine_hw,abrupt-4xCO2,0.22717552847027778,0.4809183,0.0,72
MZ,1914,marine_hw,abrupt-4xCO2,0.2673039772925,0.55996716,0.0,72
MZ,1915,marine_hw,abrupt-4xCO2,0.22167497759672222,0.5040424,0.0,72
MZ,1916,marine_hw,abrupt-4xCO2,0.23848069371250002,0.49923998,0.0,72
MZ,1917,marine_hw,abrupt-4xCO2,0.266198206325,0.5405616,0.0,72
MZ,1918,marine_hw,abrupt-4xCO2,0.2191882714736111,0.49835008,0.0,72
MZ,1919,marine_hw,abrupt-4xCO2,0.24052762861666668,0.487132,0.0,72
MZ,1920,marine_hw,abrupt-4xCO2,0.27362516625,0.5790988,0.0,72
MZ,1921,marine_hw,abrupt-4xCO2,0.2392942861468056,0.5042236,0.0,72
MZ,1922,marine_hw,abrupt-4xCO2,0.2470289383972222,0.48959494,0.0,72
MZ,1923,marine_hw,abrupt-4xCO2,0.2581694299722222,0.5246841,0.0,72
MZ,1924,marine_hw,abrupt-4xCO2,0.2284078270263889,0.5155303,0.0,72
MZ,1925,marine_hw,abrupt-4xCO2,0.23041291356388888,0.49185318,0.0,72
MZ,1926,marine_hw,abrupt-4xCO2,0.28899074217916665,0.56027246,0.0,72
MZ,1927,marine_hw,abrupt-4xCO2,0.2370628811527778,0.51502025,0.0,72
MZ,1928,marine_hw,abrupt-4xCO2,0.23689944990361111,0.49641195,0.0,72
MZ,1929,marine_hw,abrupt-4xCO2,0.2700360571111111,0.5557271,0.0,72
MZ,1930,marine_hw,abrupt-4xCO2,0.219513558775,0.4629402,0.0,72
MZ,1931,marine_hw,abrupt-4xCO2,0.260230655375,0.521846,0.0,72
MZ,1932,marine_hw,abrupt-4xCO2,0.2607743745319444,0.53834367,0.0,72
MZ,1933,marine_hw,abrupt-4xCO2,0.2551575273472222,0.52415454,0.0,72
MZ,1934,marine_hw,abrupt-4xCO2,0.21438163203333332,0.4668809,0.0,72
MZ,1935,marine_hw,abrupt-4xCO2,0.2635273474402778,0.49914065,0.0,72
MZ,1936,marine_hw,abrupt-4xCO2,0.27300300275833334,0.5161289,0.0,72
MZ,1937,marine_hw,abrupt-4xCO2,0.24745726361249998,0.49494895,0.0,72
MZ,1938,marine_hw,abrupt-4xCO2,0.20556724256527778,0.45526546,0.0,72
MZ,1939,marine_hw,abrupt-4xCO2,0.2421812241986111,0.50536376,0.0,72
MZ,1940,marine_hw,abrupt-4xCO2,0.2588687904083333,0.54418087,0.0,72
MZ,1941,marine_hw,abrupt-4xCO2,0.2576544010638889,0.4911237,0.0,72
MZ,1942,marine_hw,abrupt-4xCO2,0.2765996182263889,0.5583518,0.0,72
MZ,1943,marine_hw,abrupt-4xCO2,0.28296956174305554,0.5509422,0.0,72
MZ,1944,marine_hw,abrupt-4xCO2,0.2672968341527778,0.5176804,0.0,72
MZ,1945,marine_hw,abrupt-4xCO2,0.26168443179166667,0.54966974,0.0,72
MZ,1946,marine_hw,abrupt-4xCO2,0.27586440630555553,0.5536682,0.0,72
MZ,1947,marine_hw,abrupt-4xCO2,0.24465612141666668,0.51512086,0.0,72
MZ,1948,marine_hw,abrupt-4xCO2,0.2806187884583333,0.53251445,0.0,72
MZ,1949,marine_hw,abrupt-4xCO2,0.24178340914444446,0.52249897,0.0,72
MZ,1950,marine_hw,abrupt-4xCO2,0.19962636017541666,0.4637616,0.0,72
MZ,1951,marine_hw,abrupt-4xCO2,0.23851223303055555,0.50848776,0.0,72
MZ,1952,marine_hw,abrupt-4xCO2,0.25679209022916666,0.5374329,0.0,72
MZ,1953,marine_hw,abrupt-4xCO2,0.25313891326944443,0.49611804,0.0,72
MZ,1954,marine_hw,abrupt-4xCO2,0.2794409783888889,0.55583584,0.0017064813,72
MZ,1955,marine_hw,abrupt-4xCO2,0.2365929912638889,0.48968756,0.0,72
MZ,1956,marine_hw,abrupt-4xCO2,0.2675910346326389,0.57056046,0.0,72
MZ,1957,marine_hw,abrupt-4xCO2,0.2558921551944444,0.52039707,0.0,72
MZ,1958,marine_hw,abrupt-4xCO2,0.2574247117222222,0.5026237,0.0,72
MZ,1959,marine_hw,abrupt-4xCO2,0.2730091331486111,0.54461503,0.0,72
MZ,1960,marine_hw,abrupt-4xCO2,0.23386766344444446,0.5232318,0.0,72
MZ,1961,marine_hw,abrupt-4xCO2,0.24936718840277777,0.45763314,0.0,72
MZ,1962,marine_hw,abrupt-4xCO2,0.25800495321666667,0.5514609,0.0,72
MZ,1963,marine_hw,abrupt-4xCO2,0.2570096965097222,0.5466351,0.0,72
MZ,1964,marine_hw,abrupt-4xCO2,0.2245305336638889,0.5096071,0.0,72
MZ,1965,marine_hw,abrupt-4xCO2,0.23901070372083336,0.53433245,0.0,72
MZ,1966,marine_hw,abrupt-4xCO2,0.2988019197138889,0.5708282,0.0,72
MZ,1967,marine_hw,abrupt-4xCO2,0.23371573590694444,0.50348806,0.0,72
MZ,1968,marine_hw,abrupt-4xCO2,0.23047591381111113,0.46719763,0.0,72
MZ,1969,marine_hw,abrupt-4xCO2,0.27621608706944445,0.5677801,0.0,72
MZ,1970,marine_hw,abrupt-4xCO2,0.2949335436625,0.5850401,0.0,72
MZ,1971,marine_hw,abrupt-4xCO2,0.2700121197222222,0.5581867,0.0,72
MZ,1972,marine_hw,abrupt-4xCO2,0.21516916330555558,0.48518312,0.0,72
MZ,1973,marine_hw,abrupt-4xCO2,0.2572936340972222,0.55118984,0.0,72
MZ,1974,marine_hw,abrupt-4xCO2,0.27726427312277774,0.54362786,0.0,72
MZ,1975,marine_hw,abrupt-4xCO2,0.23035280438055553,0.46909013,0.0,72
MZ,1976,marine_hw,abrupt-4xCO2,0.2876706968888889,0.5769648,0.0,72
MZ,1977,marine_hw,abrupt-4xCO2,0.2709394705388889,0.55536205,0.0,72
MZ,1978,marine_hw,abrupt-4xCO2,0.2305141819625,0.5022364,0.0,72
MZ,1979,marine_hw,abrupt-4xCO2,0.243046629125,0.49730587,0.0,72
MZ,1980,marine_hw,abrupt-4xCO2,0.2905735893333333,0.50524163,0.005841128,72
MZ,1981,marine_hw,abrupt-4xCO2,0.27662801812500004,0.55373734,0.0,72
MZ,1982,marine_hw,abrupt-4xCO2,0.28584709227361116,0.5298381,0.0,72
MZ,1983,marine_hw,abrupt-4xCO2,0.28372976118055554,0.5736609,0.0,72
MZ,1984,marine_hw,abrupt-4xCO2,0.28644061611805555,0.5469753,0.0,72
MZ,1985,marine_hw,abrupt-4xCO2,0.2793591081944444,0.5648212,0.0,72
MZ,1986,marine_hw,abrupt-4xCO2,0.2519475976513889,0.5345902,0.0,72
MZ,1987,marine_hw,abrupt-4xCO2,0.242395349,0.49805546,0.0,72
MZ,1988,marine_hw,abrupt-4xCO2,0.28727837205972223,0.5604698,0.0,72
MZ,1989,marine_hw,abrupt-4xCO2,0.2886347439111111,0.5474283,0.0,72
MZ,1990,marine_hw,abrupt-4xCO2,0.26420841609444445,0.5547151,0.0,72
MZ,1991,marine_hw,abrupt-4xCO2,0.26930026688888886,0.57055175,0.0,72
MZ,1992,marine_hw,abrupt-4xCO2,0.2648261254027778,0.576342,0.0,72
MZ,1993,marine_hw,abrupt-4xCO2,0.2508462435416667,0.54361445,0.0,72
MZ,1994,marine_hw,abrupt-4xCO2,0.25448734605555556,0.51177746,0.0,72
MZ,1995,marine_hw,abrupt-4xCO2,0.27555626295,0.5129861,0.0,72
MZ,1996,marine_hw,abrupt-4xCO2,0.29211890609722224,0.5770097,0.0,72
MZ,1997,marine_hw,abrupt-4xCO2,0.2533186721458333,0.5491336,0.0,72
MZ,1998,marine_hw,abrupt-4xCO2,0.2639393425,0.50513357,0.0,72
MZ,1999,marine_hw,abrupt-4xCO2,0.2849185450972222,0.5785331,0.0,72
MZ,2000,marine_hw,abrupt-4xCO2,0.25086148236805556,0.52348745,0.0,72
NA,1850,marine_hw,abrupt-4xCO2,2.13343375e-05,0.0025601205,0.0,120
NA,1851,marine_hw,abrupt-4xCO2,0.0017146761983333333,0.07899959,0.0,120
NA,1852,marine_hw,abrupt-4xCO2,0.0001132348375,0.007918183,0.0,120
NA,1853,marine_hw,abrupt-4xCO2,0.0003713267125,0.022420652,0.0,120
NA,1854,marine_hw,abrupt-4xCO2,0.002036591175,0.05630657,0.0,120
NA,1855,marine_hw,abrupt-4xCO2,0.0020692681216666667,0.072669774,0.0,120
NA,1856,marine_hw,abrupt-4xCO2,0.0015358984275,0.05528739,0.0,120
NA,1857,marine_hw,abrupt-4xCO2,0.004341775691666667,0.13383114,0.0,120
NA,1858,marine_hw,abrupt-4xCO2,0.0034857468583333333,0.08751541,0.0,120
NA,1859,marine_hw,abrupt-4xCO2,0.004050372324166667,0.10441638,0.0,120
NA,1860,marine_hw,abrupt-4xCO2,0.006997890141666667,0.15225418,0.0,120
NA,1861,marine_hw,abrupt-4xCO2,0.005117985383333333,0.14355762,0.0,120
NA,1862,marine_hw,abrupt-4xCO2,0.0069955744625,0.14370795,0.0,120
NA,1863,marine_hw,abrupt-4xCO2,0.0030544879283333336,0.11909378,0.0,120
NA,1864,marine_hw,abrupt-4xCO2,0.0018537740283333334,0.05508082,0.0,120
NA,1865,marine_hw,abrupt-4xCO2,0.004883327816666667,0.12562226,0.0,120
NA,1866,marine_hw,abrupt-4xCO2,0.004280600891666667,0.11286956,0.0,120
NA,1867,marine_hw,abrupt-4xCO2,0.008081991841666667,0.17945074,0.0,120
NA,1868,marine_hw,abrupt-4xCO2,0.002716651058333333,0.07623914,0.0,120
NA,1869,marine_hw,abrupt-4xCO2,0.0073561756583333335,0.16037358,0.0,120
NA,1870,marine_hw,abrupt-4xCO2,0.004865396624166667,0.11192554,0.0,120
NA,1871,marine_hw,abrupt-4xCO2,0.004438949415000001,0.105020374,0.0,120
NA,1872,marine_hw,abrupt-4xCO2,0.008202765406,0.18600781,0.0,120
NA,1873,marine_hw,abrupt-4xCO2,0.006987777788333333,0.15559089,0.0,120
NA,1874,marine_hw,abrupt-4xCO2,0.009332423805,0.1767565,0.0,120
NA,1875,marine_hw,abrupt-4xCO2,0.008347356408333334,0.20274685,0.0,120
NA,1876,marine_hw,abrupt-4xCO2,0.006602075458333333,0.16540147,0.0,120
NA,1877,marine_hw,abrupt-4xCO2,0.007419318714166666,0.1628665,0.0,120
NA,1878,marine_hw,abrupt-4xCO2,0.0035255166791666667,0.10394392,0.0,120
NA,1879,marine_hw,abrupt-4xCO2,0.0053365081416666665,0.11946692,0.0,120
NA,1880,marine_hw,abrupt-4xCO2,0.008422510655,0.13816825,0.0,120
NA,1881,marine_hw,abrupt-4xCO2,0.005504293638333334,0.14009385,0.0,120
NA,1882,marine_hw,abrupt-4xCO2,0.003912159535,0.072618775,0.0,120
NA,1883,marine_hw,abrupt-4xCO2,0.005806439494999999,0.14399607,0.0,120
NA,1884,marine_hw,abrupt-4xCO2,0.00594078815,0.11429677,0.0,120
NA,1885,marine_hw,abrupt-4xCO2,0.005744064492083333,0.13259184,0.0,120
NA,1886,marine_hw,abrupt-4xCO2,0.006165102608333333,0.142287,0.0,120
NA,1887,marine_hw,abrupt-4xCO2,0.005687123643333333,0.1369012,0.0,120
NA,1888,marine_hw,abrupt-4xCO2,0.005821633411666667,0.13581134,0.0,120
NA,1889,marine_hw,abrupt-4xCO2,0.0063728065499999995,0.14068262,0.0,120
NA,1890,marine_hw,abrupt-4xCO2,0.007551276575,0.1357308,0.0,120
NA,1891,marine_hw,abrupt-4xCO2,0.006984992690833334,0.14976394,0.0,120
NA,1892,marine_hw,abrupt-4xCO2,0.00746646875,0.14547427,0.0,120
NA,1893,marine_hw,abrupt-4xCO2,0.008644371933333334,0.17769425,0.0,120
NA,1894,marine_hw,abrupt-4xCO2,0.007249751433333334,0.15773214,0.0,120
NA,1895,marine_hw,abrupt-4xCO2,0.0037117660191666665,0.1099382,0.0,120
NA,1896,marine_hw,abrupt-4xCO2,0.0031208545916666668,0.083112985,0.0,120
NA,1897,marine_hw,abrupt-4xCO2,0.011182267849499999,0.18136112,0.0,120
NA,1898,marine_hw,abrupt-4xCO2,0.007364099366666667,0.17093045,0.0,120
NA,1899,marine_hw,abrupt-4xCO2,0.005041997795833334,0.11434599,0.0,120
NA,1900,marine_hw,abrupt-4xCO2,0.007692789690250001,0.17617308,0.0,120
NA,1901,marine_hw,abrupt-4xCO2,0.005793076169166666,0.14365695,0.0,120
NA,1902,marine_hw,abrupt-4xCO2,0.0091588187625,0.1887477,0.0,120
NA,1903,marine_hw,abrupt-4xCO2,0.007509218811666667,0.119537614,0.0,120
NA,1904,marine_hw,abrupt-4xCO2,0.0050156350858333336,0.12421652,0.0,120
NA,1905,marine_hw,abrupt-4xCO2,0.007581233879166666,0.14306638,0.0,120
NA,1906,marine_hw,abrupt-4xCO2,0.007518254736666666,0.12557302,0.0,120
NA,1907,marine_hw,abrupt-4xCO2,0.006059418608333334,0.14859892,0.0,120
NA,1908,marine_hw,abrupt-4xCO2,0.006361791733333334,0.16033334,0.0,120
NA,1909,marine_hw,abrupt-4xCO2,0.008543667848333332,0.1813486,0.0,120
NA,1910,marine_hw,abrupt-4xCO2,0.0052149447941666665,0.14056541,0.0,120
NA,1911,marine_hw,abrupt-4xCO2,0.010558549561666667,0.20359512,0.0,120
NA,1912,marine_hw,abrupt-4xCO2,0.004660368718583333,0.13927422,0.0,120
NA,1913,marine_hw,abrupt-4xCO2,0.006820200625,0.15006885,0.0,120
NA,1914,marine_hw,abrupt-4xCO2,0.0074089042716666675,0.18245368,0.0,120
NA,1915,marine_hw,abrupt-4xCO2,0.012535565066666667,0.19334161,0.0,120
NA,1916,marine_hw,abrupt-4xCO2,0.01381044799975,0.236241,0.0,120
NA,1917,marine_hw,abrupt-4xCO2,0.010185997695833334,0.19648772,0.0,120
NA,1918,marine_hw,abrupt-4xCO2,0.0066392422,0.15961212,0.0,120
NA,1919,marine_hw,abrupt-4xCO2,0.00589353868,0.13151361,0.0,120
NA,1920,marine_hw,abrupt-4xCO2,0.0063083966308333335,0.14402203,0.0,120
NA,1921,marine_hw,abrupt-4xCO2,0.006255077781916666,0.11961188,0.0,120
NA,1922,marine_hw,abrupt-4xCO2,0.010018894516666666,0.20405059,0.0,120
NA,1923,marine_hw,abrupt-4xCO2,0.0058065021895,0.117086746,0.0,120
NA,1924,marine_hw,abrupt-4xCO2,0.009946623966666667,0.16431071,0.0,120
NA,1925,marine_hw,abrupt-4xCO2,0.0090636832355,0.16189432,0.0,120
NA,1926,marine_hw,abrupt-4xCO2,0.006852701375,0.1580829,0.0,120
NA,1927,marine_hw,abrupt-4xCO2,0.010130611931666667,0.17823738,0.0,120
NA,1928,marine_hw,abrupt-4xCO2,0.00550301217,0.1309651,0.0,120
NA,1929,marine_hw,abrupt-4xCO2,0.005723412704166667,0.14008133,0.0,120
NA,1930,marine_hw,abrupt-4xCO2,0.0057442931499999995,0.114465885,0.0,120
NA,1931,marine_hw,abrupt-4xCO2,0.007881762475,0.16311258,0.0,120
NA,1932,marine_hw,abrupt-4xCO2,0.00640584775,0.14848618,0.0,120
NA,1933,marine_hw,abrupt-4xCO2,0.00621714128375,0.12851514,0.0,120
NA,1934,marine_hw,abrupt-4xCO2,0.0068605415575000005,0.14477365,0.0,120
NA,1935,marine_hw,abrupt-4xCO2,0.009829325414166668,0.19886164,0.0,120
NA,1936,marine_hw,abrupt-4xCO2,0.009650041597916666,0.18223356,0.0,120
NA,1937,marine_hw,abrupt-4xCO2,0.010221418441666666,0.18691336,0.0,120
NA,1938,marine_hw,abrupt-4xCO2,0.007866637925,0.16832031,0.0,120
NA,1939,marine_hw,abrupt-4xCO2,0.008319051838333334,0.16893236,0.0,120
NA,1940,marine_hw,abrupt-4xCO2,0.009618342941666667,0.17758417,0.0,120
NA,1941,marine_hw,abrupt-4xCO2,0.011242517957166666,0.2116322,0.0,120
NA,1942,marine_hw,abrupt-4xCO2,0.007523365895833333,0.15626378,0.0,120
NA,1943,marine_hw,abrupt-4xCO2,0.0093294712,0.1861483,0.0,120
NA,1944,marine_hw,abrupt-4xCO2,0.009274539455666668,0.15493143,0.0,120
NA,1945,marine_hw,abrupt-4xCO2,0.013378723399999999,0.24021304,0.0,120
NA,1946,marine_hw,abrupt-4xCO2,0.0066345255775,0.13456935,0.0,120
NA,1947,marine_hw,abrupt-4xCO2,0.014184626475,0.2198071,0.0,120
NA,1948,marine_hw,abrupt-4xCO2,0.010818525366666666,0.21892035,0.0,120
NA,1949,marine_hw,abrupt-4xCO2,0.008458781944416667,0.17262252,0.0,120
NA,1950,marine_hw,abrupt-4xCO2,0.010277008003333334,0.18370461,0.0,120
NA,1951,marine_hw,abrupt-4xCO2,0.006556211477500001,0.1470545,0.0,120
NA,1952,marine_hw,abrupt-4xCO2,0.0096165346,0.19709976,0.0,120
NA,1953,marine_hw,abrupt-4xCO2,0.011254914066666667,0.20761456,0.0,120
NA,1954,marine_hw,abrupt-4xCO2,0.013254435573333332,0.251917,0.0,120
NA,1955,marine_hw,abrupt-4xCO2,0.008564021775833335,0.16179723,0.0,120
NA,1956,marine_hw,abrupt-4xCO2,0.013083758525,0.2428813,0.0,120
NA,1957,marine_hw,abrupt-4xCO2,0.0130540756875,0.22075379,0.0,120
NA,1958,marine_hw,abrupt-4xCO2,0.014022245878583334,0.2170019,0.0,120
NA,1959,marine_hw,abrupt-4xCO2,0.0109078077245,0.21958339,0.0,120
NA,1960,marine_hw,abrupt-4xCO2,0.01066268422125,0.2185356,0.0,120
NA,1961,marine_hw,abrupt-4xCO2,0.012788241936666667,0.2420187,0.0,120
NA,1962,marine_hw,abrupt-4xCO2,0.011481408487833333,0.22894926,0.0,120
NA,1963,marine_hw,abrupt-4xCO2,0.0132084904025,0.22133273,0.0,120
NA,1964,marine_hw,abrupt-4xCO2,0.010078233181666667,0.18174052,0.0,120
NA,1965,marine_hw,abrupt-4xCO2,0.011311480808333333,0.21718176,0.0,120
NA,1966,marine_hw,abrupt-4xCO2,0.0117415031975,0.19610475,0.0,120
NA,1967,marine_hw,abrupt-4xCO2,0.00982914583,0.18034284,0.0,120
NA,1968,marine_hw,abrupt-4xCO2,0.009691800904999999,0.1475869,0.0,120
NA,1969,marine_hw,abrupt-4xCO2,0.011748103808833333,0.22567968,0.0,120
NA,1970,marine_hw,abrupt-4xCO2,0.010654609516666667,0.19992107,0.0,120
NA,1971,marine_hw,abrupt-4xCO2,0.009762193212499999,0.2086221,0.0,120
NA,1972,marine_hw,abrupt-4xCO2,0.00976910905,0.19231705,0.0,120
NA,1973,marine_hw,abrupt-4xCO2,0.011658412266666668,0.2068674,0.0,120
NA,1974,marine_hw,abrupt-4xCO2,0.011962993358333333,0.2017053,0.0,120
NA,1975,marine_hw,abrupt-4xCO2,0.010837825470833333,0.20959832,0.0,120
NA,1976,marine_hw,abrupt-4xCO2,0.01082335564,0.22711761,0.0,120
NA,1977,marine_hw,abrupt-4xCO2,0.009237919555,0.17820425,0.0,120
NA,1978,marine_hw,abrupt-4xCO2,0.012579927335833333,0.198663,0.0,120
NA,1979,marine_hw,abrupt-4xCO2,0.009545112263333332,0.17895502,0.0,120
NA,1980,marine_hw,abrupt-4xCO2,0.013358128533333334,0.20677076,0.0,120
NA,1981,marine_hw,abrupt-4xCO2,0.010778243966666667,0.19461848,0.0,120
NA,1982,marine_hw,abrupt-4xCO2,0.010401099492500001,0.20449258,0.0,120
NA,1983,marine_hw,abrupt-4xCO2,0.011729628066666666,0.20414005,0.0,120
NA,1984,marine_hw,abrupt-4xCO2,0.012344427311666666,0.2183271,0.0,120
NA,1985,marine_hw,abrupt-4xCO2,0.012987846625,0.2288061,0.0,120
NA,1986,marine_hw,abrupt-4xCO2,0.012245800895249999,0.22763838,0.0,120
NA,1987,marine_hw,abrupt-4xCO2,0.012439902015,0.21766137,0.0,120
NA,1988,marine_hw,abrupt-4xCO2,0.012746345950333334,0.2268456,0.0,120
NA,1989,marine_hw,abrupt-4xCO2,0.012999702791666668,0.2589161,0.0,120
NA,1990,marine_hw,abrupt-4xCO2,0.014726775,0.267712,0.0,120
NA,1991,marine_hw,abrupt-4xCO2,0.014586255210833335,0.25898948,0.0,120
NA,1992,marine_hw,abrupt-4xCO2,0.013583486966666667,0.22913986,0.0,120
NA,1993,marine_hw,abrupt-4xCO2,0.014708920508333334,0.22699234,0.0,120
NA,1994,marine_hw,abrupt-4xCO2,0.013611147870833333,0.21894722,0.0,120
NA,1995,marine_hw,abrupt-4xCO2,0.010100279388333333,0.20405953,0.0,120
NA,1996,marine_hw,abrupt-4xCO2,0.010163071614166666,0.20590012,0.0,120
NA,1997,marine_hw,abrupt-4xCO2,0.013295401058333333,0.22379613,0.0,120
NA,1998,marine_hw,abrupt-4xCO2,0.0164123251375,0.25613865,0.0,120
NA,1999,marine_hw,abrupt-4xCO2,0.007896817766666666,0.17411683,0.0,120
NA,2000,marine_hw,abrupt-4xCO2,0.012611057108333332,0.26626155,0.0,120
NC,1850,marine_hw,abrupt-4xCO2,0.0015379853369047616,0.060297158,0.0,84
NC,1851,marine_hw,abrupt-4xCO2,0.023808743979761907,0.2179486,0.0,84
NC,1852,marine_hw,abrupt-4xCO2,0.04708470452380952,0.30787867,0.0,84
NC,1853,marine_hw,abrupt-4xCO2,0.04535098139285714,0.23832992,0.0,84
NC,1854,marine_hw,abrupt-4xCO2,0.04689828795238095,0.2366347,0.0,84
NC,1855,marine_hw,abrupt-4xCO2,0.037839946033333335,0.22890297,0.0,84
NC,1856,marine_hw,abrupt-4xCO2,0.04464182414357143,0.28922343,0.0,84
NC,1857,marine_hw,abrupt-4xCO2,0.06057471977142857,0.26660737,0.0,84
NC,1858,marine_hw,abrupt-4xCO2,0.05280430926904762,0.29355672,0.0,84
NC,1859,marine_hw,abrupt-4xCO2,0.05554554654761904,0.29266083,0.0,84
NC,1860,marine_hw,abrupt-4xCO2,0.07372293855,0.36173427,0.0,84
NC,1861,marine_hw,abrupt-4xCO2,0.06266542567428572,0.2984551,0.0,84
NC,1862,marine_hw,abrupt-4xCO2,0.05880957559880952,0.26909715,0.0,84
NC,1863,marine_hw,abrupt-4xCO2,0.08892607572816666,0.36344695,0.0,84
NC,1864,marine_hw,abrupt-4xCO2,0.07811606898690476,0.32430655,0.0,84
NC,1865,marine_hw,abrupt-4xCO2,0.06477418942023809,0.3279211,0.0,84
NC,1866,marine_hw,abrupt-4xCO2,0.09023122179357143,0.3470554,0.0,84
NC,1867,marine_hw,abrupt-4xCO2,0.0789972026067262,0.35301274,0.0,84
NC,1868,marine_hw,abrupt-4xCO2,0.07641096918285714,0.34831238,0.0,84
NC,1869,marine_hw,abrupt-4xCO2,0.09862672483885714,0.40530276,0.0,84
NC,1870,marine_hw,abrupt-4xCO2,0.11283132209642857,0.3679648,0.0,84
NC,1871,marine_hw,abrupt-4xCO2,0.06465142424404761,0.2976699,0.0,84
NC,1872,marine_hw,abrupt-4xCO2,0.07740925587690477,0.3354562,0.0,84
NC,1873,marine_hw,abrupt-4xCO2,0.06236505291904763,0.31774855,0.0,84
NC,1874,marine_hw,abrupt-4xCO2,0.0874379004452381,0.37111357,0.0,84
NC,1875,marine_hw,abrupt-4xCO2,0.10016632363809523,0.35670313,0.0,84
NC,1876,marine_hw,abrupt-4xCO2,0.09859218979285715,0.3649489,0.0,84
NC,1877,marine_hw,abrupt-4xCO2,0.0691521101202381,0.3321483,0.0,84
NC,1878,marine_hw,abrupt-4xCO2,0.07364243064714285,0.38910374,0.0,84
NC,1879,marine_hw,abrupt-4xCO2,0.0859751348375,0.3355958,0.0,84
NC,1880,marine_hw,abrupt-4xCO2,0.06513597004285715,0.2764316,0.0,84
NC,1881,marine_hw,abrupt-4xCO2,0.11774193051785715,0.3824585,0.0,84
NC,1882,marine_hw,abrupt-4xCO2,0.07485512987857143,0.33312747,0.0,84
NC,1883,marine_hw,abrupt-4xCO2,0.08036587773761905,0.3161238,0.0,84
NC,1884,marine_hw,abrupt-4xCO2,0.12105803042261905,0.41871268,0.0,84
NC,1885,marine_hw,abrupt-4xCO2,0.08435752675357143,0.34418517,0.0,84
NC,1886,marine_hw,abrupt-4xCO2,0.08455061231345239,0.33402073,0.0,84
NC,1887,marine_hw,abrupt-4xCO2,0.10292719508690477,0.36130616,0.0,84
NC,1888,marine_hw,abrupt-4xCO2,0.10065342733452382,0.4028311,0.0,84
NC,1889,marine_hw,abrupt-4xCO2,0.08676417179666666,0.38339472,0.0,84
NC,1890,marine_hw,abrupt-4xCO2,0.055912319097619054,0.3117194,0.0,84
NC,1891,marine_hw,abrupt-4xCO2,0.09489312446666667,0.32550043,0.0,84
NC,1892,marine_hw,abrupt-4xCO2,0.09783142452499999,0.40878442,0.0,84
NC,1893,marine_hw,abrupt-4xCO2,0.07858751371619047,0.31309715,0.0,84
NC,1894,marine_hw,abrupt-4xCO2,0.09353197413333333,0.36470526,0.0,84
NC,1895,marine_hw,abrupt-4xCO2,0.10049903241607143,0.40053257,0.0,84
NC,1896,marine_hw,abrupt-4xCO2,0.10268526988452382,0.41098362,0.0,84
NC,1897,marine_hw,abrupt-4xCO2,0.10130654671904761,0.33372474,0.0,84
NC,1898,marine_hw,abrupt-4xCO2,0.11744598795238097,0.39449805,0.0,84
NC,1899,marine_hw,abrupt-4xCO2,0.1047707607007143,0.38347122,0.0,84
NC,1900,marine_hw,abrupt-4xCO2,0.09484548048095238,0.3794171,0.0,84
NC,1901,marine_hw,abrupt-4xCO2,0.1073164498357143,0.39172572,0.0,84
NC,1902,marine_hw,abrupt-4xCO2,0.10432088817380951,0.3524752,0.0,84
NC,1903,marine_hw,abrupt-4xCO2,0.08110365730595237,0.33049676,0.0,84
NC,1904,marine_hw,abrupt-4xCO2,0.10670227004642856,0.46543467,0.0,84
NC,1905,marine_hw,abrupt-4xCO2,0.10830199728845237,0.38327524,0.0,84
NC,1906,marine_hw,abrupt-4xCO2,0.08225671957142858,0.3646845,0.0,84
NC,1907,marine_hw,abrupt-4xCO2,0.08349990489047619,0.40401894,0.0,84
NC,1908,marine_hw,abrupt-4xCO2,0.11260238815476191,0.39020705,0.0,84
NC,1909,marine_hw,abrupt-4xCO2,0.08139255723809524,0.37167937,0.0,84
NC,1910,marine_hw,abrupt-4xCO2,0.11257182375238095,0.4078395,0.0,84
NC,1911,marine_hw,abrupt-4xCO2,0.1264086953809524,0.40458468,0.0,84
NC,1912,marine_hw,abrupt-4xCO2,0.08125309346071428,0.3045326,0.0,84
NC,1913,marine_hw,abrupt-4xCO2,0.10238518753761905,0.3486318,0.0,84
NC,1914,marine_hw,abrupt-4xCO2,0.13189771739642855,0.41979048,0.0,84
NC,1915,marine_hw,abrupt-4xCO2,0.08715762468928571,0.33588302,0.0,84
NC,1916,marine_hw,abrupt-4xCO2,0.10448263218809524,0.3551348,0.0,84
NC,1917,marine_hw,abrupt-4xCO2,0.09518639020238095,0.34558636,0.0,84
NC,1918,marine_hw,abrupt-4xCO2,0.09825714054761905,0.34857744,0.0,84
NC,1919,marine_hw,abrupt-4xCO2,0.09314923105404763,0.33610314,0.0,84
NC,1920,marine_hw,abrupt-4xCO2,0.11583833472023809,0.38748172,0.0,84
NC,1921,marine_hw,abrupt-4xCO2,0.095190810925,0.3757831,0.0,84
NC,1922,marine_hw,abrupt-4xCO2,0.08422582726785714,0.35683534,0.0,84
NC,1923,marine_hw,abrupt-4xCO2,0.10956207612619047,0.3983428,0.0,84
NC,1924,marine_hw,abrupt-4xCO2,0.09731462126666666,0.38063177,0.0,84
NC,1925,marine_hw,abrupt-4xCO2,0.09137717245357144,0.3565031,0.0,84
NC,1926,marine_hw,abrupt-4xCO2,0.09922579924404762,0.397471,0.0,84
NC,1927,marine_hw,abrupt-4xCO2,0.11524522459482144,0.39829245,0.0,84
NC,1928,marine_hw,abrupt-4xCO2,0.104472809785,0.3791923,0.0,84
NC,1929,marine_hw,abrupt-4xCO2,0.11737486170595239,0.4373619,0.0,84
NC,1930,marine_hw,abrupt-4xCO2,0.09775520000785713,0.40180498,0.0,84
NC,1931,marine_hw,abrupt-4xCO2,0.13659085852380953,0.39546847,0.0,84
NC,1932,marine_hw,abrupt-4xCO2,0.08923916442428571,0.37035596,0.0,84
NC,1933,marine_hw,abrupt-4xCO2,0.08387683231166666,0.38773674,0.0,84
NC,1934,marine_hw,abrupt-4xCO2,0.09823896310357143,0.4243969,0.0,84
NC,1935,marine_hw,abrupt-4xCO2,0.08689439733928571,0.32227778,0.0,84
NC,1936,marine_hw,abrupt-4xCO2,0.10833889265952382,0.4059329,0.0,84
NC,1937,marine_hw,abrupt-4xCO2,0.10726680464595238,0.36728364,0.0,84
NC,1938,marine_hw,abrupt-4xCO2,0.09028349622142857,0.3740886,0.0,84
NC,1939,marine_hw,abrupt-4xCO2,0.10788176663095239,0.3965395,0.0,84
NC,1940,marine_hw,abrupt-4xCO2,0.11879307188690477,0.43011132,0.0,84
NC,1941,marine_hw,abrupt-4xCO2,0.08194142870952381,0.31621104,0.0,84
NC,1942,marine_hw,abrupt-4xCO2,0.1030489859892857,0.36331272,0.0,84
NC,1943,marine_hw,abrupt-4xCO2,0.1274283221392857,0.39500272,0.0,84
NC,1944,marine_hw,abrupt-4xCO2,0.11864324636261904,0.42221916,0.0,84
NC,1945,marine_hw,abrupt-4xCO2,0.09885405909107144,0.37191084,0.0,84
NC,1946,marine_hw,abrupt-4xCO2,0.11743234457142858,0.3954396,0.0,84
NC,1947,marine_hw,abrupt-4xCO2,0.10171710039285714,0.40121442,0.0,84
NC,1948,marine_hw,abrupt-4xCO2,0.10249018024583334,0.36227658,0.0,84
NC,1949,marine_hw,abrupt-4xCO2,0.12193302551547618,0.4204146,0.0,84
NC,1950,marine_hw,abrupt-4xCO2,0.0872183396,0.3384184,0.0,84
NC,1951,marine_hw,abrupt-4xCO2,0.07646924022857143,0.3389271,0.0,84
NC,1952,marine_hw,abrupt-4xCO2,0.12994302608333333,0.40707648,0.0,84
NC,1953,marine_hw,abrupt-4xCO2,0.09990154540714286,0.38892794,0.0,84
NC,1954,marine_hw,abrupt-4xCO2,0.11690742582142857,0.39034528,0.0,84
NC,1955,marine_hw,abrupt-4xCO2,0.09434030039761905,0.38573682,0.0,84
NC,1956,marine_hw,abrupt-4xCO2,0.11938400525535713,0.40655503,0.0,84
NC,1957,marine_hw,abrupt-4xCO2,0.10069699919559523,0.40259153,0.0,84
NC,1958,marine_hw,abrupt-4xCO2,0.10654873520238095,0.39948368,0.0,84
NC,1959,marine_hw,abrupt-4xCO2,0.11426617760119048,0.41693494,0.0,84
NC,1960,marine_hw,abrupt-4xCO2,0.10179199392095238,0.41772214,0.0,84
NC,1961,marine_hw,abrupt-4xCO2,0.08600529146904762,0.37416378,0.0,84
NC,1962,marine_hw,abrupt-4xCO2,0.11386277821666667,0.3837806,0.0,84
NC,1963,marine_hw,abrupt-4xCO2,0.11986457808380953,0.40598994,0.0,84
NC,1964,marine_hw,abrupt-4xCO2,0.10541799289166667,0.41083127,0.0,84
NC,1965,marine_hw,abrupt-4xCO2,0.10678151949999999,0.42287686,0.0,84
NC,1966,marine_hw,abrupt-4xCO2,0.11292061618095237,0.38311285,0.0,84
NC,1967,marine_hw,abrupt-4xCO2,0.10984193557380952,0.38368464,0.0,84
NC,1968,marine_hw,abrupt-4xCO2,0.0931209924392857,0.35372344,0.0,84
NC,1969,marine_hw,abrupt-4xCO2,0.12570203806785715,0.3825122,0.0,84
NC,1970,marine_hw,abrupt-4xCO2,0.13249295742809522,0.388838,0.0,84
NC,1971,marine_hw,abrupt-4xCO2,0.13551386298809526,0.40933406,0.0,84
NC,1972,marine_hw,abrupt-4xCO2,0.10839113305595237,0.3180324,0.0,84
NC,1973,marine_hw,abrupt-4xCO2,0.12687109651190476,0.42813426,0.0,84
NC,1974,marine_hw,abrupt-4xCO2,0.12163588194714285,0.4151706,0.0,84
NC,1975,marine_hw,abrupt-4xCO2,0.11949123668035715,0.38423693,0.0,84
NC,1976,marine_hw,abrupt-4xCO2,0.14208773929366666,0.44517213,0.0,84
NC,1977,marine_hw,abrupt-4xCO2,0.1235945568875,0.3935538,0.0,84
NC,1978,marine_hw,abrupt-4xCO2,0.14208561125595237,0.4303972,0.0,84
NC,1979,marine_hw,abrupt-4xCO2,0.12312238915714287,0.37725413,0.0,84
NC,1980,marine_hw,abrupt-4xCO2,0.12523780985357144,0.4255049,0.0,84
NC,1981,marine_hw,abrupt-4xCO2,0.116162276375,0.3615967,0.0,84
NC,1982,marine_hw,abrupt-4xCO2,0.10681815928571428,0.36336243,0.0,84
NC,1983,marine_hw,abrupt-4xCO2,0.1296833625797619,0.46372,0.0,84
NC,1984,marine_hw,abrupt-4xCO2,0.1249900286857143,0.41848853,0.0,84
NC,1985,marine_hw,abrupt-4xCO2,0.11873401226190476,0.41467267,0.0,84
NC,1986,marine_hw,abrupt-4xCO2,0.11420577377857143,0.41287744,0.0,84
NC,1987,marine_hw,abrupt-4xCO2,0.11777634387142857,0.4008554,0.0,84
NC,1988,marine_hw,abrupt-4xCO2,0.10179319559761904,0.37618977,0.0,84
NC,1989,marine_hw,abrupt-4xCO2,0.12058518251011906,0.43106896,0.0,84
NC,1990,marine_hw,abrupt-4xCO2,0.132222950875,0.43843025,0.0,84
NC,1991,marine_hw,abrupt-4xCO2,0.12030051954047619,0.36594748,0.0,84
NC,1992,marine_hw,abrupt-4xCO2,0.12376796271988096,0.42325267,0.0,84
NC,1993,marine_hw,abrupt-4xCO2,0.12862436648095238,0.42849666,0.0,84
NC,1994,marine_hw,abrupt-4xCO2,0.10807463248976192,0.40937567,0.0,84
NC,1995,marine_hw,abrupt-4xCO2,0.14139799626178573,0.42072868,0.0,84
NC,1996,marine_hw,abrupt-4xCO2,0.13134844320833333,0.40382433,0.0,84
NC,1997,marine_hw,abrupt-4xCO2,0.12341446420714286,0.4046283,0.0,84
NC,1998,marine_hw,abrupt-4xCO2,0.10402671875714287,0.3399008,0.0,84
NC,1999,marine_hw,abrupt-4xCO2,0.11400892788928571,0.42540556,0.0,84
NC,2000,marine_hw,abrupt-4xCO2,0.12121926882619048,0.4715222,0.0,84
NF,1850,marine_hw,abrupt-4xCO2,0.0,0.0,0.0,72
NF,1851,marine_hw,abrupt-4xCO2,0.0,0.0,0.0,72
NF,1852,marine_hw,abrupt-4xCO2,0.0025798370347222222,0.06769872,0.0,72
NF,1853,marine_hw,abrupt-4xCO2,0.0016227120847222222,0.058950257,0.0,72
NF,1854,marine_hw,abrupt-4xCO2,0.0014040057541666667,0.024245918,0.0,72
NF,1855,marine_hw,abrupt-4xCO2,0.0006497715513888889,0.016983945,0.0,72
NF,1856,marine_hw,abrupt-4xCO2,0.0006689124472222222,0.030096315,0.0,72
NF,1857,marine_hw,abrupt-4xCO2,0.007027593351388889,0.1029261,0.0,72
NF,1858,marine_hw,abrupt-4xCO2,0.0022162300805555557,0.04249556,0.0,72
NF,1859,marine_hw,abrupt-4xCO2,0.005901787015833333,0.08860214,0.0,72
NF,1860,marine_hw,abrupt-4xCO2,0.0037481199583333335,0.052129198,0.0,72
NF,1861,marine_hw,abrupt-4xCO2,0.0025855244722222223,0.0685886,0.0,72
NF,1862,marine_hw,abrupt-4xCO2,0.004045363736111111,0.06246011,0.0,72
NF,1863,marine_hw,abrupt-4xCO2,0.014216364952222223,0.16322644,0.0,72
NF,1864,marine_hw,abrupt-4xCO2,0.006685285569444445,0.083275616,0.0,72
NF,1865,marine_hw,abrupt-4xCO2,0.0035540981916666664,0.069481164,0.0,72
NF,1866,marine_hw,abrupt-4xCO2,0.012628361519444443,0.15439811,0.0,72
NF,1867,marine_hw,abrupt-4xCO2,0.003970133506944445,0.05850532,0.0,72
NF,1868,marine_hw,abrupt-4xCO2,0.01223370715625,0.12397045,0.0,72
NF,1869,marine_hw,abrupt-4xCO2,0.0114324140625,0.12567908,0.0,72
NF,1870,marine_hw,abrupt-4xCO2,0.021430220833333333,0.19579089,0.0,72
NF,1871,marine_hw,abrupt-4xCO2,0.0023245131583333337,0.044865884,0.0,72
NF,1872,marine_hw,abrupt-4xCO2,0.012927819631944445,0.15703487,0.0,72
NF,1873,marine_hw,abrupt-4xCO2,0.004383527631486112,0.08362862,0.0,72
NF,1874,marine_hw,abrupt-4xCO2,0.0039925199625,0.05754229,0.0,72
NF,1875,marine_hw,abrupt-4xCO2,0.013870224375,0.14105597,0.0,72
NF,1876,marine_hw,abrupt-4xCO2,0.01171771061111111,0.12050892,0.0,72
NF,1877,marine_hw,abrupt-4xCO2,0.004637968972222222,0.076213636,0.0,72
NF,1878,marine_hw,abrupt-4xCO2,0.003103660138888889,0.06040319,0.0,72
NF,1879,marine_hw,abrupt-4xCO2,0.008046378669444444,0.13283701,0.0,72
NF,1880,marine_hw,abrupt-4xCO2,0.0018683562861111112,0.031682253,0.0,72
NF,1881,marine_hw,abrupt-4xCO2,0.017604485354999998,0.15427531,0.0,72
NF,1882,marine_hw,abrupt-4xCO2,0.004704571900555555,0.08603652,0.0,72
NF,1883,marine_hw,abrupt-4xCO2,0.004903898680555556,0.057255063,0.0,72
NF,1884,marine_hw,abrupt-4xCO2,0.017547816904166666,0.2012335,0.0,72
NF,1885,marine_hw,abrupt-4xCO2,0.014369694332894443,0.16376668,0.0,72
NF,1886,marine_hw,abrupt-4xCO2,0.016730432246944444,0.14526713,0.0,72
NF,1887,marine_hw,abrupt-4xCO2,0.0187535213575,0.18037036,0.0,72
NF,1888,marine_hw,abrupt-4xCO2,0.01665666593611111,0.16845767,0.0,72
NF,1889,marine_hw,abrupt-4xCO2,0.01683574338888889,0.15054332,0.0,72
NF,1890,marine_hw,abrupt-4xCO2,0.0045649040486111115,0.083385006,0.0,72
NF,1891,marine_hw,abrupt-4xCO2,0.02111904691666667,0.21939012,0.0,72
NF,1892,marine_hw,abrupt-4xCO2,0.01653465807986111,0.1372844,0.0,72
NF,1893,marine_hw,abrupt-4xCO2,0.00854114574861111,0.11827416,0.0,72
NF,1894,marine_hw,abrupt-4xCO2,0.011920189120833334,0.12739506,0.0,72
NF,1895,marine_hw,abrupt-4xCO2,0.02332622778888889,0.19179583,0.0,72
NF,1896,marine_hw,abrupt-4xCO2,0.025204628597222223,0.23201954,0.0,72
NF,1897,marine_hw,abrupt-4xCO2,0.011531556643055555,0.1355919,0.0,72
NF,1898,marine_hw,abrupt-4xCO2,0.023439008118430558,0.21312204,0.0,72
NF,1899,marine_hw,abrupt-4xCO2,0.023715058084166667,0.1830957,0.0,72
NF,1900,marine_hw,abrupt-4xCO2,0.019088929995833333,0.16788119,0.0,72
NF,1901,marine_hw,abrupt-4xCO2,0.01792793526388889,0.16193593,0.0,72
NF,1902,marine_hw,abrupt-4xCO2,0.026980024444444445,0.17703834,0.0,72
NF,1903,marine_hw,abrupt-4xCO2,0.007857692119444445,0.11728093,0.0,72
NF,1904,marine_hw,abrupt-4xCO2,0.015174946843055556,0.1631063,0.0,72
NF,1905,marine_hw,abrupt-4xCO2,0.020907710192597222,0.17872818,0.0,72
NF,1906,marine_hw,abrupt-4xCO2,0.008544052032361112,0.13250348,0.0,72
NF,1907,marine_hw,abrupt-4xCO2,0.009590673483333333,0.10438843,0.0,72
NF,1908,marine_hw,abrupt-4xCO2,0.022355889457777778,0.20264283,0.0,72
NF,1909,marine_hw,abrupt-4xCO2,0.006352499263888889,0.09805592,0.0,72
NF,1910,marine_hw,abrupt-4xCO2,0.020027903340277778,0.18446943,0.0,72
NF,1911,marine_hw,abrupt-4xCO2,0.020885614347222223,0.18249977,0.0,72
NF,1912,marine_hw,abrupt-4xCO2,0.005759260277777778,0.06447341,0.0,72
NF,1913,marine_hw,abrupt-4xCO2,0.017728037486111112,0.15470079,0.0,72
NF,1914,marine_hw,abrupt-4xCO2,0.027439242236111112,0.25894272,0.0,72
NF,1915,marine_hw,abrupt-4xCO2,0.008734719408333334,0.11102292,0.0,72
NF,1916,marine_hw,abrupt-4xCO2,0.013875165805555555,0.11877815,0.0,72
NF,1917,marine_hw,abrupt-4xCO2,0.009708889290277778,0.115003884,0.0,72
NF,1918,marine_hw,abrupt-4xCO2,0.010938236905555556,0.13646364,0.0,72
NF,1919,marine_hw,abrupt-4xCO2,0.009023880327777779,0.09850623,0.0,72
NF,1920,marine_hw,abrupt-4xCO2,0.022753215005555556,0.15995617,0.0,72
NF,1921,marine_hw,abrupt-4xCO2,0.010306284945833334,0.12539117,0.0,72
NF,1922,marine_hw,abrupt-4xCO2,0.013001350245,0.12721789,0.0,72
NF,1923,marine_hw,abrupt-4xCO2,0.02591237976388889,0.21245432,0.0,72
NF,1924,marine_hw,abrupt-4xCO2,0.013477763681472223,0.1403936,0.0,72
NF,1925,marine_hw,abrupt-4xCO2,0.01514578036111111,0.17748128,0.0,72
NF,1926,marine_hw,abrupt-4xCO2,0.011028188904166666,0.14178681,0.0,72
NF,1927,marine_hw,abrupt-4xCO2,0.0129135000065,0.124787174,0.0,72
NF,1928,marine_hw,abrupt-4xCO2,0.015296898720833334,0.14932528,0.0,72
NF,1929,marine_hw,abrupt-4xCO2,0.02178063520763889,0.15480211,0.0,72
NF,1930,marine_hw,abrupt-4xCO2,0.005253763585555555,0.067494705,0.0,72
NF,1931,marine_hw,abrupt-4xCO2,0.01752272161111111,0.17592634,0.0,72
NF,1932,marine_hw,abrupt-4xCO2,0.016136537668055555,0.18371242,0.0,72
NF,1933,marine_hw,abrupt-4xCO2,0.01207908396875,0.15038964,0.0,72
NF,1934,marine_hw,abrupt-4xCO2,0.0167884345,0.17784703,0.0,72
NF,1935,marine_hw,abrupt-4xCO2,0.010388163481944443,0.11008472,0.0,72
NF,1936,marine_hw,abrupt-4xCO2,0.021330972055555553,0.17218764,0.0,72
NF,1937,marine_hw,abrupt-4xCO2,0.013822579166666666,0.16011521,0.0,72
NF,1938,marine_hw,abrupt-4xCO2,0.009137278747222222,0.11295434,0.0,72
NF,1939,marine_hw,abrupt-4xCO2,0.016323319930555556,0.16333315,0.0,72
NF,1940,marine_hw,abrupt-4xCO2,0.022483599215277775,0.23306578,0.0,72
NF,1941,marine_hw,abrupt-4xCO2,0.005748402170277778,0.08942826,0.0,72
NF,1942,marine_hw,abrupt-4xCO2,0.011377269256944444,0.115459554,0.0,72
NF,1943,marine_hw,abrupt-4xCO2,0.01926391702361111,0.1880652,0.0,72
NF,1944,marine_hw,abrupt-4xCO2,0.011323504018055555,0.11233425,0.0,72
NF,1945,marine_hw,abrupt-4xCO2,0.010030989747222222,0.1010195,0.0,72
NF,1946,marine_hw,abrupt-4xCO2,0.02851781172277778,0.21039268,0.0,72
NF,1947,marine_hw,abrupt-4xCO2,0.020245198487916668,0.1854479,0.0,72
NF,1948,marine_hw,abrupt-4xCO2,0.020850636354166667,0.15662886,0.0,72
NF,1949,marine_hw,abrupt-4xCO2,0.033268658138888886,0.28666857,0.0,72
NF,1950,marine_hw,abrupt-4xCO2,0.012037508920833334,0.11704201,0.0,72
NF,1951,marine_hw,abrupt-4xCO2,0.00864806550888889,0.11513609,0.0,72
NF,1952,marine_hw,abrupt-4xCO2,0.03192172418472222,0.21309388,0.0,72
NF,1953,marine_hw,abrupt-4xCO2,0.01281051177,0.11766949,0.0,72
NF,1954,marine_hw,abrupt-4xCO2,0.023163953305555554,0.21598294,0.0,72
NF,1955,marine_hw,abrupt-4xCO2,0.015226582147083334,0.15517928,0.0,72
NF,1956,marine_hw,abrupt-4xCO2,0.023996688090277777,0.20059395,0.0,72
NF,1957,marine_hw,abrupt-4xCO2,0.016509393375,0.19272867,0.0,72
NF,1958,marine_hw,abrupt-4xCO2,0.016263283602777776,0.15090907,0.0,72
NF,1959,marine_hw,abrupt-4xCO2,0.01901269881388889,0.18328628,0.0,72
NF,1960,marine_hw,abrupt-4xCO2,0.01228918911111111,0.18041867,0.0,72
NF,1961,marine_hw,abrupt-4xCO2,0.009202402211944445,0.09308509,0.0,72
NF,1962,marine_hw,abrupt-4xCO2,0.018446700701388888,0.18381244,0.0,72
NF,1963,marine_hw,abrupt-4xCO2,0.01215963217361111,0.10640038,0.0,72
NF,1964,marine_hw,abrupt-4xCO2,0.019031733895833333,0.17450562,0.0,72
NF,1965,marine_hw,abrupt-4xCO2,0.01896698353472222,0.20644394,0.0,72
NF,1966,marine_hw,abrupt-4xCO2,0.019191259290277776,0.15339482,0.0,72
NF,1967,marine_hw,abrupt-4xCO2,0.021192832845833332,0.22043636,0.0,72
NF,1968,marine_hw,abrupt-4xCO2,0.00960521876111111,0.10550513,0.0,72
NF,1969,marine_hw,abrupt-4xCO2,0.03129222890319445,0.23722461,0.0,72
NF,1970,marine_hw,abrupt-4xCO2,0.03180317530972222,0.23495898,0.0,72
NF,1971,marine_hw,abrupt-4xCO2,0.01981778152777778,0.16568401,0.0,72
NF,1972,marine_hw,abrupt-4xCO2,0.020305081694444446,0.19628416,0.0,72
NF,1973,marine_hw,abrupt-4xCO2,0.01569017516388889,0.17928652,0.0,72
NF,1974,marine_hw,abrupt-4xCO2,0.02195157748611111,0.20524803,0.0,72
NF,1975,marine_hw,abrupt-4xCO2,0.03359685722777778,0.22642997,0.0,72
NF,1976,marine_hw,abrupt-4xCO2,0.037348449425,0.2622526,0.0,72
NF,1977,marine_hw,abrupt-4xCO2,0.021514578569444446,0.1720098,0.0,72
NF,1978,marine_hw,abrupt-4xCO2,0.025715798834722223,0.20813376,0.0,72
NF,1979,marine_hw,abrupt-4xCO2,0.028210992427222224,0.20766601,0.0,72
NF,1980,marine_hw,abrupt-4xCO2,0.037968275381944444,0.27565446,0.0,72
NF,1981,marine_hw,abrupt-4xCO2,0.026184941565694442,0.21276772,0.0,72
NF,1982,marine_hw,abrupt-4xCO2,0.02798434488472222,0.20096642,0.0,72
NF,1983,marine_hw,abrupt-4xCO2,0.02630372095138889,0.23310742,0.0,72
NF,1984,marine_hw,abrupt-4xCO2,0.02199526663263889,0.21779492,0.0,72
NF,1985,marine_hw,abrupt-4xCO2,0.023934491386944444,0.16905427,0.0,72
NF,1986,marine_hw,abrupt-4xCO2,0.01913989201388889,0.17928317,0.0,72
NF,1987,marine_hw,abrupt-4xCO2,0.02494465479861111,0.21220197,0.0,72
NF,1988,marine_hw,abrupt-4xCO2,0.023219432633333332,0.20525676,0.0,72
NF,1989,marine_hw,abrupt-4xCO2,0.024559309994444445,0.18508081,0.0,72
NF,1990,marine_hw,abrupt-4xCO2,0.037764979605555554,0.25197738,0.0,72
NF,1991,marine_hw,abrupt-4xCO2,0.03405637830555555,0.2167547,0.0,72
NF,1992,marine_hw,abrupt-4xCO2,0.027995441509722226,0.22312011,0.0,72
NF,1993,marine_hw,abrupt-4xCO2,0.02769623876388889,0.2209115,0.0,72
NF,1994,marine_hw,abrupt-4xCO2,0.015166456841666667,0.14679858,0.0,72
NF,1995,marine_hw,abrupt-4xCO2,0.03671985657222222,0.25362158,0.0,72
NF,1996,marine_hw,abrupt-4xCO2,0.028824151454722224,0.19305012,0.0,72
NF,1997,marine_hw,abrupt-4xCO2,0.02975950462588889,0.2298935,0.0,72
NF,1998,marine_hw,abrupt-4xCO2,0.016035252927222222,0.16584373,0.0,72
NF,1999,marine_hw,abrupt-4xCO2,0.014967502004166668,0.19356754,0.0,72
NF,2000,marine_hw,abrupt-4xCO2,0.02539912285833333,0.22346707,0.0,72
NG,1850,marine_hw,abrupt-4xCO2,0.18168745416666665,0.24081902,0.11394019,12
NG,1851,marine_hw,abrupt-4xCO2,0.28433449166666663,0.39443833,0.19341184,12
NG,1852,marine_hw,abrupt-4xCO2,0.27954856833333336,0.38493294,0.19902694,12
NG,1853,marine_hw,abrupt-4xCO2,0.27417819083333334,0.39723077,0.15357065,12
NG,1854,marine_hw,abrupt-4xCO2,0.25870075,0.3363709,0.15090974,12
NG,1855,marine_hw,abrupt-4xCO2,0.2605786641666667,0.3027978,0.19731764,12
NG,1856,marine_hw,abrupt-4xCO2,0.3491035466666667,0.44749147,0.25935277,12
NG,1857,marine_hw,abrupt-4xCO2,0.3589963858333333,0.44981816,0.2657752,12
NG,1858,marine_hw,abrupt-4xCO2,0.34640073250000003,0.43174207,0.27640542,12
NG,1859,marine_hw,abrupt-4xCO2,0.3793353808333333,0.44331992,0.31292397,12
NG,1860,marine_hw,abrupt-4xCO2,0.35216620916666663,0.4514335,0.22392675,12
NG,1861,marine_hw,abrupt-4xCO2,0.31234144999999996,0.3956691,0.2518915,12
NG,1862,marine_hw,abrupt-4xCO2,0.35497705583333333,0.40831468,0.3035313,12
NG,1863,marine_hw,abrupt-4xCO2,0.39523641416666666,0.47761783,0.3313094,12
NG,1864,marine_hw,abrupt-4xCO2,0.38111073500000003,0.4649649,0.30327427,12
NG,1865,marine_hw,abrupt-4xCO2,0.3950072825,0.49355307,0.34107187,12
NG,1866,marine_hw,abrupt-4xCO2,0.40341923583333333,0.4903573,0.3400887,12
NG,1867,marine_hw,abrupt-4xCO2,0.34567294333333337,0.41885495,0.2536028,12
NG,1868,marine_hw,abrupt-4xCO2,0.3947967358333333,0.47287515,0.3267882,12
NG,1869,marine_hw,abrupt-4xCO2,0.4174375791666667,0.5285281,0.30890548,12
NG,1870,marine_hw,abrupt-4xCO2,0.3371608208333334,0.43024552,0.2559107,12
NG,1871,marine_hw,abrupt-4xCO2,0.3829571425,0.454791,0.3370762,12
NG,1872,marine_hw,abrupt-4xCO2,0.4162899883333333,0.51378137,0.3293109,12
NG,1873,marine_hw,abrupt-4xCO2,0.37702092083333333,0.44935712,0.323883,12
NG,1874,marine_hw,abrupt-4xCO2,0.4224678908333333,0.5014076,0.37136057,12
NG,1875,marine_hw,abrupt-4xCO2,0.42708014749999995,0.52537525,0.31560433,12
NG,1876,marine_hw,abrupt-4xCO2,0.3537934,0.4450084,0.24158743,12
NG,1877,marine_hw,abrupt-4xCO2,0.35371979583333335,0.39543894,0.30729413,12
NG,1878,marine_hw,abrupt-4xCO2,0.40372525416666666,0.47607762,0.32466686,12
NG,1879,marine_hw,abrupt-4xCO2,0.37112566166666666,0.44446614,0.278457,12
NG,1880,marine_hw,abrupt-4xCO2,0.4161340141666667,0.48243362,0.3421725,12
NG,1881,marine_hw,abrupt-4xCO2,0.4210083908333333,0.5337553,0.31881353,12
NG,1882,marine_hw,abrupt-4xCO2,0.35224713416666664,0.4124245,0.29962215,12
NG,1883,marine_hw,abrupt-4xCO2,0.421054405,0.4914881,0.3197497,12
NG,1884,marine_hw,abrupt-4xCO2,0.4142034475,0.5446178,0.30034694,12
NG,1885,marine_hw,abrupt-4xCO2,0.3611178208333334,0.40683153,0.30613846,12
NG,1886,marine_hw,abrupt-4xCO2,0.4129301775,0.49906614,0.34189934,12
NG,1887,marine_hw,abrupt-4xCO2,0.44672025666666665,0.54224,0.35984784,12
NG,1888,marine_hw,abrupt-4xCO2,0.4141976516666666,0.4978575,0.33909482,12
NG,1889,marine_hw,abrupt-4xCO2,0.3737665458333333,0.46308511,0.27728525,12
NG,1890,marine_hw,abrupt-4xCO2,0.373975245,0.4331487,0.3059311,12
NG,1891,marine_hw,abrupt-4xCO2,0.44136875416666665,0.54692966,0.34666818,12
NG,1892,marine_hw,abrupt-4xCO2,0.4097232866666667,0.53649545,0.30492115,12
NG,1893,marine_hw,abrupt-4xCO2,0.34839474916666663,0.4175537,0.2519452,12
NG,1894,marine_hw,abrupt-4xCO2,0.4166653025,0.47268456,0.3401324,12
NG,1895,marine_hw,abrupt-4xCO2,0.42525454416666664,0.5455761,0.31431717,12
NG,1896,marine_hw,abrupt-4xCO2,0.35532787166666663,0.42350298,0.30453658,12
NG,1897,marine_hw,abrupt-4xCO2,0.4385778633333333,0.48435163,0.35921505,12
NG,1898,marine_hw,abrupt-4xCO2,0.43314130749999996,0.53888524,0.3138407,12
NG,1899,marine_hw,abrupt-4xCO2,0.3784447716666666,0.46389782,0.30633244,12
NG,1900,marine_hw,abrupt-4xCO2,0.4371848358333333,0.5306455,0.3678031,12
NG,1901,marine_hw,abrupt-4xCO2,0.4535972483333333,0.54503584,0.3855288,12
NG,1902,marine_hw,abrupt-4xCO2,0.39776816666666664,0.5190415,0.29171324,12
NG,1903,marine_hw,abrupt-4xCO2,0.36709222333333336,0.42777655,0.3093007,12
NG,1904,marine_hw,abrupt-4xCO2,0.44412421999999996,0.518312,0.38785622,12
NG,1905,marine_hw,abrupt-4xCO2,0.41812604999999997,0.47162154,0.35008004,12
NG,1906,marine_hw,abrupt-4xCO2,0.3909308025,0.46430856,0.322165,12
NG,1907,marine_hw,abrupt-4xCO2,0.42220443750000003,0.5061812,0.3517974,12
NG,1908,marine_hw,abrupt-4xCO2,0.43261258083333337,0.5306823,0.36017203,12
NG,1909,marine_hw,abrupt-4xCO2,0.4043962925,0.4535723,0.33924848,12
NG,1910,marine_hw,abrupt-4xCO2,0.45466362,0.5352425,0.3983589,12
NG,1911,marine_hw,abrupt-4xCO2,0.4308154458333333,0.54698,0.31265083,12
NG,1912,marine_hw,abrupt-4xCO2,0.3620147541666667,0.42479688,0.29134881,12
NG,1913,marine_hw,abrupt-4xCO2,0.42689473916666665,0.4967401,0.36055127,12
NG,1914,marine_hw,abrupt-4xCO2,0.4611299541666667,0.5622314,0.35822317,12
NG,1915,marine_hw,abrupt-4xCO2,0.40912095416666666,0.46009606,0.35141554,12
NG,1916,marine_hw,abrupt-4xCO2,0.45482111499999994,0.5690418,0.36919492,12
NG,1917,marine_hw,abrupt-4xCO2,0.4552526825,0.53679204,0.37312156,12
NG,1918,marine_hw,abrupt-4xCO2,0.4059818908333333,0.49881315,0.31914973,12
NG,1919,marine_hw,abrupt-4xCO2,0.43621983583333335,0.5123573,0.36788225,12
NG,1920,marine_hw,abrupt-4xCO2,0.4619356075,0.54018843,0.36508918,12
NG,1921,marine_hw,abrupt-4xCO2,0.4046976191666667,0.47539848,0.325642,12
NG,1922,marine_hw,abrupt-4xCO2,0.43813427,0.54133344,0.36768296,12
NG,1923,marine_hw,abrupt-4xCO2,0.42917827833333333,0.5198662,0.3272875,12
NG,1924,marine_hw,abrupt-4xCO2,0.3757197741666667,0.4614792,0.30856985,12
NG,1925,marine_hw,abrupt-4xCO2,0.4091678808333334,0.47860032,0.3567776,12
NG,1926,marine_hw,abrupt-4xCO2,0.4569020783333333,0.5621288,0.3845356,12
NG,1927,marine_hw,abrupt-4xCO2,0.3892754175,0.47558707,0.3206275,12
NG,1928,marine_hw,abrupt-4xCO2,0.4226348383333333,0.49015865,0.34776813,12
NG,1929,marine_hw,abrupt-4xCO2,0.4382646458333333,0.5460465,0.31928667,12
NG,1930,marine_hw,abrupt-4xCO2,0.40373324499999996,0.47574747,0.34029943,12
NG,1931,marine_hw,abrupt-4xCO2,0.4525639316666667,0.5351056,0.3698513,12
NG,1932,marine_hw,abrupt-4xCO2,0.41728091500000003,0.48090687,0.36700717,12
NG,1933,marine_hw,abrupt-4xCO2,0.42214785166666663,0.5364431,0.34382474,12
NG,1934,marine_hw,abrupt-4xCO2,0.40685593666666664,0.46160203,0.3452347,12
NG,1935,marine_hw,abrupt-4xCO2,0.4564750358333334,0.57330525,0.38419467,12
NG,1936,marine_hw,abrupt-4xCO2,0.4592305741666667,0.54154074,0.38360143,12
NG,1937,marine_hw,abrupt-4xCO2,0.4162468133333333,0.54181325,0.32416755,12
NG,1938,marine_hw,abrupt-4xCO2,0.39639522583333336,0.4556138,0.33743656,12
NG,1939,marine_hw,abrupt-4xCO2,0.4587290925,0.56178117,0.37775147,12
NG,1940,marine_hw,abrupt-4xCO2,0.4022349241666667,0.47867346,0.3101785,12
NG,1941,marine_hw,abrupt-4xCO2,0.46279824750000004,0.5477216,0.4007829,12
NG,1942,marine_hw,abrupt-4xCO2,0.45160111833333333,0.5191797,0.4033962,12
NG,1943,marine_hw,abrupt-4xCO2,0.4457874533333333,0.5483531,0.32784453,12
NG,1944,marine_hw,abrupt-4xCO2,0.3979611316666667,0.47743058,0.32797807,12
NG,1945,marine_hw,abrupt-4xCO2,0.4647740775,0.52117085,0.4138754,12
NG,1946,marine_hw,abrupt-4xCO2,0.4421943225,0.5339258,0.34264356,12
NG,1947,marine_hw,abrupt-4xCO2,0.4432725958333333,0.50075936,0.38856155,12
NG,1948,marine_hw,abrupt-4xCO2,0.4586480058333333,0.553138,0.38770658,12
NG,1949,marine_hw,abrupt-4xCO2,0.39978833999999996,0.5232184,0.3018676,12
NG,1950,marine_hw,abrupt-4xCO2,0.36873111750000004,0.43293864,0.30657473,12
NG,1951,marine_hw,abrupt-4xCO2,0.45144861166666667,0.5456412,0.36374027,12
NG,1952,marine_hw,abrupt-4xCO2,0.4451313883333334,0.53993684,0.32778952,12
NG,1953,marine_hw,abrupt-4xCO2,0.42387636666666667,0.48408923,0.354069,12
NG,1954,marine_hw,abrupt-4xCO2,0.47391703749999997,0.5656272,0.40008837,12
NG,1955,marine_hw,abrupt-4xCO2,0.4245778275,0.47767618,0.37297124,12
NG,1956,marine_hw,abrupt-4xCO2,0.4533764683333333,0.55370784,0.3531738,12
NG,1957,marine_hw,abrupt-4xCO2,0.42475953083333334,0.49957016,0.35180813,12
NG,1958,marine_hw,abrupt-4xCO2,0.4415380425,0.52656585,0.36767894,12
NG,1959,marine_hw,abrupt-4xCO2,0.45769190666666665,0.54190516,0.38356924,12
NG,1960,marine_hw,abrupt-4xCO2,0.40895195916666666,0.49146396,0.32233816,12
NG,1961,marine_hw,abrupt-4xCO2,0.4536666966666667,0.49553415,0.38446578,12
NG,1962,marine_hw,abrupt-4xCO2,0.4310512025,0.4772749,0.369348,12
NG,1963,marine_hw,abrupt-4xCO2,0.45183320833333335,0.56271863,0.360772,12
NG,1964,marine_hw,abrupt-4xCO2,0.41489382416666665,0.47523203,0.3212617,12
NG,1965,marine_hw,abrupt-4xCO2,0.4561464708333333,0.5199488,0.40186608,12
NG,1966,marine_hw,abrupt-4xCO2,0.4716274658333333,0.5945798,0.36673066,12
NG,1967,marine_hw,abrupt-4xCO2,0.3895748016666667,0.49418524,0.2916354,12
NG,1968,marine_hw,abrupt-4xCO2,0.40622567083333333,0.46693724,0.30965173,12
NG,1969,marine_hw,abrupt-4xCO2,0.4620720075,0.54580295,0.39097142,12
NG,1970,marine_hw,abrupt-4xCO2,0.47917576,0.5701195,0.4203468,12
NG,1971,marine_hw,abrupt-4xCO2,0.43054543083333335,0.5287013,0.35073572,12
NG,1972,marine_hw,abrupt-4xCO2,0.420677005,0.46578833,0.37027675,12
NG,1973,marine_hw,abrupt-4xCO2,0.4867083025,0.5857488,0.40681005,12
NG,1974,marine_hw,abrupt-4xCO2,0.4435713591666666,0.5427816,0.35275707,12
NG,1975,marine_hw,abrupt-4xCO2,0.4112016516666666,0.46668762,0.34929284,12
NG,1976,marine_hw,abrupt-4xCO2,0.480128225,0.60188335,0.40690738,12
NG,1977,marine_hw,abrupt-4xCO2,0.47905302333333327,0.5949952,0.39672682,12
NG,1978,marine_hw,abrupt-4xCO2,0.40530106833333335,0.495512,0.30128247,12
NG,1979,marine_hw,abrupt-4xCO2,0.40733202916666666,0.47990492,0.3230059,12
NG,1980,marine_hw,abrupt-4xCO2,0.4834233316666667,0.5775788,0.40960586,12
NG,1981,marine_hw,abrupt-4xCO2,0.4272771133333333,0.537943,0.32680094,12
NG,1982,marine_hw,abrupt-4xCO2,0.46536570583333337,0.5114513,0.4089643,12
NG,1983,marine_hw,abrupt-4xCO2,0.4849870008333333,0.59817153,0.40263045,12
NG,1984,marine_hw,abrupt-4xCO2,0.4787426858333333,0.5705309,0.39256132,12
NG,1985,marine_hw,abrupt-4xCO2,0.43992600666666665,0.5152793,0.34836203,12
NG,1986,marine_hw,abrupt-4xCO2,0.40309990999999995,0.48298192,0.3074928,12
NG,1987,marine_hw,abrupt-4xCO2,0.43792125833333334,0.48466706,0.37093845,12
NG,1988,marine_hw,abrupt-4xCO2,0.48871160666666663,0.5560654,0.41881737,12
NG,1989,marine_hw,abrupt-4xCO2,0.46368254333333336,0.5683452,0.3947967,12
NG,1990,marine_hw,abrupt-4xCO2,0.4245894075,0.5107782,0.33789152,12
NG,1991,marine_hw,abrupt-4xCO2,0.48518591,0.5628723,0.4118346,12
NG,1992,marine_hw,abrupt-4xCO2,0.4495930316666667,0.52707314,0.3554737,12
NG,1993,marine_hw,abrupt-4xCO2,0.4139007016666667,0.47679237,0.32184625,12
NG,1994,marine_hw,abrupt-4xCO2,0.4450327233333333,0.5070375,0.38066068,12
NG,1995,marine_hw,abrupt-4xCO2,0.4887475641666667,0.56058455,0.4119581,12
NG,1996,marine_hw,abrupt-4xCO2,0.485496135,0.56356424,0.40032393,12
NG,1997,marine_hw,abrupt-4xCO2,0.4211367716666667,0.51408803,0.33583528,12
NG,1998,marine_hw,abrupt-4xCO2,0.4522317308333333,0.5069449,0.38571942,12
NG,1999,marine_hw,abrupt-4xCO2,0.449859735,0.5400616,0.35235506,12
NG,2000,marine_hw,abrupt-4xCO2,0.4279353833333333,0.4711947,0.3844792,12
NO,1850,marine_hw,abrupt-4xCO2,0.0,0.0,0.0,300
NO,1851,marine_hw,abrupt-4xCO2,0.0,0.0,0.0,300
NO,1852,marine_hw,abrupt-4xCO2,0.0,0.0,0.0,300
NO,1853,marine_hw,abrupt-4xCO2,0.0,0.0,0.0,300
NO,1854,marine_hw,abrupt-4xCO2,0.0,0.0,0.0,300
NO,1855,marine_hw,abrupt-4xCO2,0.0,0.0,0.0,300
NO,1856,marine_hw,abrupt-4xCO2,0.0,0.0,0.0,300
NO,1857,marine_hw,abrupt-4xCO2,0.0,0.0,0.0,300
NO,1858,marine_hw,abrupt-4xCO2,0.0,0.0,0.0,300
NO,1859,marine_hw,abrupt-4xCO2,0.0,0.0,0.0,300
NO,1860,marine_hw,abrupt-4xCO2,0.0,0.0,0.0,300
NO,1861,marine_hw,abrupt-4xCO2,0.0,0.0,0.0,300
NO,1862,marine_hw,abrupt-4xCO2,0.0,0.0,0.0,300
NO,1863,marine_hw,abrupt-4xCO2,0.0,0.0,0.0,300
NO,1864,marine_hw,abrupt-4xCO2,0.0,0.0,0.0,300
NO,1865,marine_hw,abrupt-4xCO2,0.0,0.0,0.0,300
NO,1866,marine_hw,abrupt-4xCO2,0.0,0.0,0.0,300
NO,1867,marine_hw,abrupt-4xCO2,0.0,0.0,0.0,300
NO,1868,marine_hw,abrupt-4xCO2,0.0,0.0,0.0,300
NO,1869,marine_hw,abrupt-4xCO2,0.0,0.0,0.0,300
NO,1870,marine_hw,abrupt-4xCO2,0.0,0.0,0.0,300
NO,1871,marine_hw,abrupt-4xCO2,0.0,0.0,0.0,300
NO,1872,marine_hw,abrupt-4xCO2,0.0,0.0,0.0,300
NO,1873,marine_hw,abrupt-4xCO2,0.0,0.0,0.0,300
NO,1874,marine_hw,abrupt-4xCO2,0.0,0.0,0.0,300
NO,1875,marine_hw,abrupt-4xCO2,0.0,0.0,0.0,300
NO,1876,marine_hw,abrupt-4xCO2,0.0,0.0,0.0,300
NO,1877,marine_hw,abrupt-4xCO2,0.0,0.0,0.0,300
NO,1878,marine_hw,abrupt-4xCO2,0.0,0.0,0.0,300
NO,1879,marine_hw,abrupt-4xCO2,0.0,0.0,0.0,300
NO,1880,marine_hw,abrupt-4xCO2,0.0,0.0,0.0,300
NO,1881,marine_hw,abrupt-4xCO2,0.0,0.0,0.0,300
NO,1882,marine_hw,abrupt-4xCO2,0.0,0.0,0.0,300
NO,1883,marine_hw,abrupt-4xCO2,0.0,0.0,0.0,300
NO,1884,marine_hw,abrupt-4xCO2,0.0,0.0,0.0,300
NO,1885,marine_hw,abrupt-4xCO2,0.0,0.0,0.0,300
NO,1886,marine_hw,abrupt-4xCO2,0.0,0.0,0.0,300
NO,1887,marine_hw,abrupt-4xCO2,0.0,0.0,0.0,300
NO,1888,marine_hw,abrupt-4xCO2,0.0,0.0,0.0,300
NO,1889,marine_hw,abrupt-4xCO2,0.0,0.0,0.0,300
NO,1890,marine_hw,abrupt-4xCO2,0.0,0.0,0.0,300
NO,1891,marine_hw,abrupt-4xCO2,0.0,0.0,0.0,300
NO,1892,marine_hw,abrupt-4xCO2,0.0,0.0,0.0,300
NO,1893,marine_hw,abrupt-4xCO2,0.0,0.0,0.0,300
NO,1894,marine_hw,abrupt-4xCO2,0.0,0.0,0.0,300
NO,1895,marine_hw,abrupt-4xCO2,0.0,0.0,0.0,300
NO,1896,marine_hw,abrupt-4xCO2,0.0,0.0,0.0,300
NO,1897,marine_hw,abrupt-4xCO2,0.0,0.0,0.0,300
NO,1898,marine_hw,abrupt-4xCO2,0.0,0.0,0.0,300
NO,1899,marine_hw,abrupt-4xCO2,0.0,0.0,0.0,300
NO,1900,marine_hw,abrupt-4xCO2,0.0,0.0,0.0,300
NO,1901,marine_hw,abrupt-4xCO2,0.0,0.0,0.0,300
NO,1902,marine_hw,abrupt-4xCO2,0.0,0.0,0.0,300
NO,1903,marine_hw,abrupt-4xCO2,0.0,0.0,0.0,300
NO,1904,marine_hw,abrupt-4xCO2,0.0,0.0,0.0,300
NO,1905,marine_hw,abrupt-4xCO2,0.0,0.0,0.0,300
NO,1906,marine_hw,abrupt-4xCO2,0.0,0.0,0.0,300
NO,1907,marine_hw,abrupt-4xCO2,0.0,0.0,0.0,300
NO,1908,marine_hw,abrupt-4xCO2,0.0,0.0,0.0,300
NO,1909,marine_hw,abrupt-4xCO2,0.0,0.0,0.0,300
NO,1910,marine_hw,abrupt-4xCO2,0.0,0.0,0.0,300
NO,1911,marine_hw,abrupt-4xCO2,0.0,0.0,0.0,300
NO,1912,marine_hw,abrupt-4xCO2,0.0,0.0,0.0,300
NO,1913,marine_hw,abrupt-4xCO2,0.0,0.0,0.0,300
NO,1914,marine_hw,abrupt-4xCO2,0.0,0.0,0.0,300
NO,1915,marine_hw,abrupt-4xCO2,0.0,0.0,0.0,300
NO,1916,marine_hw,abrupt-4xCO2,0.0,0.0,0.0,300
NO,1917,marine_hw,abrupt-4xCO2,0.0,0.0,0.0,300
NO,1918,marine_hw,abrupt-4xCO2,0.0,0.0,0.0,300
NO,1919,marine_hw,abrupt-4xCO2,0.0,0.0,0.0,300
NO,1920,marine_hw,abrupt-4xCO2,0.0,0.0,0.0,300
NO,1921,marine_hw,abrupt-4xCO2,0.0,0.0,0.0,300
NO,1922,marine_hw,abrupt-4xCO2,0.0,0.0,0.0,300
NO,1923,marine_hw,abrupt-4xCO2,0.0,0.0,0.0,300
NO,1924,marine_hw,abrupt-4xCO2,0.0,0.0,0.0,300
NO,1925,marine_hw,abrupt-4xCO2,0.0,0.0,0.0,300
NO,1926,marine_hw,abrupt-4xCO2,0.0,0.0,0.0,300
NO,1927,marine_hw,abrupt-4xCO2,0.0,0.0,0.0,300
NO,1928,marine_hw,abrupt-4xCO2,0.0,0.0,0.0,300
NO,1929,marine_hw,abrupt-4xCO2,0.0,0.0,0.0,300
NO,1930,marine_hw,abrupt-4xCO2,0.0,0.0,0.0,300
NO,1931,marine_hw,abrupt-4xCO2,0.0,0.0,0.0,300
NO,1932,marine_hw,abrupt-4xCO2,0.0,0.0,0.0,300
NO,1933,marine_hw,abrupt-4xCO2,0.0,0.0,0.0,300
NO,1934,marine_hw,abrupt-4xCO2,0.0,0.0,0.0,300
NO,1935,marine_hw,abrupt-4xCO2,0.0,0.0,0.0,300
NO,1936,marine_hw,abrupt-4xCO2,0.0,0.0,0.0,300
NO,1937,marine_hw,abrupt-4xCO2,0.0,0.0,0.0,300
NO,1938,marine_hw,abrupt-4xCO2,0.0,0.0,0.0,300
NO,1939,marine_hw,abrupt-4xCO2,0.0,0.0,0.0,300
NO,1940,marine_hw,abrupt-4xCO2,0.0,0.0,0.0,300
NO,1941,marine_hw,abrupt-4xCO2,0.0,0.0,0.0,300
NO,1942,marine_hw,abrupt-4xCO2,0.0,0.0,0.0,300
NO,1943,marine_hw,abrupt-4xCO2,0.0,0.0,0.0,300
NO,1944,marine_hw,abrupt-4xCO2,0.0,0.0,0.0,300
NO,1945,marine_hw,abrupt-4xCO2,0.0,0.0,0.0,300
NO,1946,marine_hw,abrupt-4xCO2,0.0,0.0,0.0,300
NO,1947,marine_hw,abrupt-4xCO2,0.0,0.0,0.0,300
NO,1948,marine_hw,abrupt-4xCO2,0.0,0.0,0.0,300
NO,1949,marine_hw,abrupt-4xCO2,0.0,0.0,0.0,300
NO,1950,marine_hw,abrupt-4xCO2,0.0,0.0,0.0,300
NO,1951,marine_hw,abrupt-4xCO2,0.0,0.0,0.0,300
NO,1952,marine_hw,abrupt-4xCO2,0.0,0.0,0.0,300
NO,1953,marine_hw,abrupt-4xCO2,0.0,0.0,0.0,300
NO,1954,marine_hw,abrupt-4xCO2,0.0,0.0,0.0,300
NO,1955,marine_hw,abrupt-4xCO2,0.0,0.0,0.0,300
NO,1956,marine_hw,abrupt-4xCO2,0.0,0.0,0.0,300
NO,1957,marine_hw,abrupt-4xCO2,0.0,0.0,0.0,300
NO,1958,marine_hw,abrupt-4xCO2,0.0,0.0,0.0,300
NO,1959,marine_hw,abrupt-4xCO2,0.0,0.0,0.0,300
NO,1960,marine_hw,abrupt-4xCO2,0.0,0.0,0.0,300
NO,1961,marine_hw,abrupt-4xCO2,0.0,0.0,0.0,300
NO,1962,marine_hw,abrupt-4xCO2,0.0,0.0,0.0,300
NO,1963,marine_hw,abrupt-4xCO2,0.0,0.0,0.0,300
NO,1964,marine_hw,abrupt-4xCO2,0.0,0.0,0.0,300
NO,1965,marine_hw,abrupt-4xCO2,0.0,0.0,0.0,300
NO,1966,marine_hw,abrupt-4xCO2,0.0,0.0,0.0,300
NO,1967,marine_hw,abrupt-4xCO2,0.0,0.0,0.0,300
NO,1968,marine_hw,abrupt-4xCO2,0.0,0.0,0.0,300
NO,1969,marine_hw,abrupt-4xCO2,0.0,0.0,0.0,300
NO,1970,marine_hw,abrupt-4xCO2,0.0,0.0,0.0,300
NO,1971,marine_hw,abrupt-4xCO2,0.0,0.0,0.0,300
NO,1972,marine_hw,abrupt-4xCO2,0.0,0.0,0.0,300
NO,1973,marine_hw,abrupt-4xCO2,0.0,0.0,0.0,300
NO,1974,marine_hw,abrupt-4xCO2,0.0,0.0,0.0,300
NO,1975,marine_hw,abrupt-4xCO2,0.0,0.0,0.0,300
NO,1976,marine_hw,abrupt-4xCO2,0.0,0.0,0.0,300
NO,1977,marine_hw,abrupt-4xCO2,0.0,0.0,0.0,300
NO,1978,marine_hw,abrupt-4xCO2,0.0,0.0,0.0,300
NO,1979,marine_hw,abrupt-4xCO2,0.0,0.0,0.0,300
NO,1980,marine_hw,abrupt-4xCO2,0.0,0.0,0.0,300
NO,1981,marine_hw,abrupt-4xCO2,0.0,0.0,0.0,300
NO,1982,marine_hw,abrupt-4xCO2,0.0,0.0,0.0,300
NO,1983,marine_hw,abrupt-4xCO2,0.0,0.0,0.0,300
NO,1984,marine_hw,abrupt-4xCO2,0.0,0.0,0.0,300
NO,1985,marine_hw,abrupt-4xCO2,0.0,0.0,0.0,300
NO,1986,marine_hw,abrupt-4xCO2,0.0,0.0,0.0,300
NO,1987,marine_hw,abrupt-4xCO2,0.0,0.0,0.0,300
NO,1988,marine_hw,abrupt-4xCO2,0.0,0.0,0.0,300
NO,1989,marine_hw,abrupt-4xCO2,0.0,0.0,0.0,300
NO,1990,marine_hw,abrupt-4xCO2,0.0,0.0,0.0,300
NO,1991,marine_hw,abrupt-4xCO2,0.0,0.0,0.0,300
NO,1992,marine_hw,abrupt-4xCO2,0.0,0.0,0.0,300
NO,1993,marine_hw,abrupt-4xCO2,0.0,0.0,0.0,300
NO,1994,marine_hw,abrupt-4xCO2,0.0,0.0,0.0,300
NO,1995,marine_hw,abrupt-4xCO2,0.0,0.0,0.0,300
NO,1996,marine_hw,abrupt-4xCO2,0.0,0.0,0.0,300
NO,1997,marine_hw,abrupt-4xCO2,0.0,0.0,0.0,300
NO,1998,marine_hw,abrupt-4xCO2,0.0,0.0,0.0,300
NO,1999,marine_hw,abrupt-4xCO2,0.0,0.0,0.0,300
NO,2000,marine_hw,abrupt-4xCO2,0.0,0.0,0.0,300
NR,1850,marine_hw,abrupt-4xCO2,0.16443686402777777,0.21386027,0.09312401,36
NR,1851,marine_hw,abrupt-4xCO2,0.22957511055555557,0.29761353,0.111365855,36
NR,1852,marine_hw,abrupt-4xCO2,0.23857172416666664,0.29749608,0.12893122,36
NR,1853,marine_hw,abrupt-4xCO2,0.16289379006388888,0.30989802,0.0,36
NR,1854,marine_hw,abrupt-4xCO2,0.16794408115555556,0.2804951,0.0026748786,36
NR,1855,marine_hw,abrupt-4xCO2,0.2528838280555556,0.3135857,0.1559866,36
NR,1856,marine_hw,abrupt-4xCO2,0.27470117388888887,0.33058602,0.21449175,36
NR,1857,marine_hw,abrupt-4xCO2,0.23862235722222222,0.35335773,0.04554034,36
NR,1858,marine_hw,abrupt-4xCO2,0.3353923413888889,0.39844477,0.2600286,36
NR,1859,marine_hw,abrupt-4xCO2,0.2862403847222222,0.36472672,0.1822897,36
NR,1860,marine_hw,abrupt-4xCO2,0.2215284095,0.36639842,0.004830997,36
NR,1861,marine_hw,abrupt-4xCO2,0.25866013055555553,0.35875663,0.15607251,36
NR,1862,marine_hw,abrupt-4xCO2,0.3193099369444445,0.39612746,0.24786155,36
NR,1863,marine_hw,abrupt-4xCO2,0.29154785361111113,0.3984542,0.20007855,36
NR,1864,marine_hw,abrupt-4xCO2,0.3189767947222222,0.38912857,0.2344409,36
NR,1865,marine_hw,abrupt-4xCO2,0.33769553472222225,0.37990767,0.26713687,36
NR,1866,marine_hw,abrupt-4xCO2,0.3031185138888889,0.3631329,0.21260798,36
NR,1867,marine_hw,abrupt-4xCO2,0.2758932236111111,0.36057806,0.19120193,36
NR,1868,marine_hw,abrupt-4xCO2,0.33846555472222223,0.3886105,0.2978974,36
NR,1869,marine_hw,abrupt-4xCO2,0.2127082382222222,0.35422266,0.020583475,36
NR,1870,marine_hw,abrupt-4xCO2,0.23792461180555557,0.3292787,0.10713591,36
NR,1871,marine_hw,abrupt-4xCO2,0.33515201305555553,0.3873099,0.2839372,36
NR,1872,marine_hw,abrupt-4xCO2,0.29490691,0.38832796,0.17586796,36
NR,1873,marine_hw,abrupt-4xCO2,0.32606086194444445,0.361031,0.2672731,36
NR,1874,marine_hw,abrupt-4xCO2,0.33927779222222226,0.3903191,0.27087086,36
NR,1875,marine_hw,abrupt-4xCO2,0.3119868416666667,0.4226205,0.17762622,36
NR,1876,marine_hw,abrupt-4xCO2,0.229663943,0.3971509,0.061880954,36
NR,1877,marine_hw,abrupt-4xCO2,0.33898287499999996,0.3939122,0.24028549,36
NR,1878,marine_hw,abrupt-4xCO2,0.30742734416666667,0.36859763,0.24331617,36
NR,1879,marine_hw,abrupt-4xCO2,0.286432535,0.43178636,0.12328458,36
NR,1880,marine_hw,abrupt-4xCO2,0.33288928638888887,0.37843192,0.241117,36
NR,1881,marine_hw,abrupt-4xCO2,0.19811502605555556,0.33909553,0.05610681,36
NR,1882,marine_hw,abrupt-4xCO2,0.3148200172222222,0.35883647,0.23148805,36
NR,1883,marine_hw,abrupt-4xCO2,0.3473236766666667,0.4070711,0.28501028,36
NR,1884,marine_hw,abrupt-4xCO2,0.2489416106111111,0.41983008,0.036223456,36
NR,1885,marine_hw,abrupt-4xCO2,0.3204163261111111,0.38886887,0.20409577,36
NR,1886,marine_hw,abrupt-4xCO2,0.35258503722222223,0.38391143,0.30267566,36
NR,1887,marine_hw,abrupt-4xCO2,0.33788260833333333,0.43054417,0.23725748,36
NR,1888,marine_hw,abrupt-4xCO2,0.3788496175,0.43021265,0.28683567,36
NR,1889,marine_hw,abrupt-4xCO2,0.2916759886111111,0.40048894,0.1293869,36
NR,1890,marine_hw,abrupt-4xCO2,0.3522732213888889,0.39287332,0.28192925,36
NR,1891,marine_hw,abrupt-4xCO2,0.31493105583333336,0.371578,0.20747474,36
NR,1892,marine_hw,abrupt-4xCO2,0.28018799361111113,0.41873485,0.08103414,36
NR,1893,marine_hw,abrupt-4xCO2,0.29205150944444447,0.39059427,0.16570616,36
NR,1894,marine_hw,abrupt-4xCO2,0.3580163725,0.43120253,0.2886624,36
NR,1895,marine_hw,abrupt-4xCO2,0.3103043588888889,0.48085117,0.15877838,36
NR,1896,marine_hw,abrupt-4xCO2,0.3387979688888889,0.3980683,0.26057285,36
NR,1897,marine_hw,abrupt-4xCO2,0.34727554083333334,0.40467864,0.26835224,36
NR,1898,marine_hw,abrupt-4xCO2,0.28292034972222224,0.38770518,0.12459658,36
NR,1899,marine_hw,abrupt-4xCO2,0.33150122305555557,0.38885075,0.24217194,36
NR,1900,marine_hw,abrupt-4xCO2,0.3734605977777778,0.4449547,0.30038518,36
NR,1901,marine_hw,abrupt-4xCO2,0.36259538555555554,0.41966164,0.27153593,36
NR,1902,marine_hw,abrupt-4xCO2,0.2935564322222222,0.394186,0.13422687,36
NR,1903,marine_hw,abrupt-4xCO2,0.3462135975,0.40660805,0.25612748,36
NR,1904,marine_hw,abrupt-4xCO2,0.36520586499999996,0.4222769,0.31253678,36
NR,1905,marine_hw,abrupt-4xCO2,0.26603648874999997,0.3730383,0.10559372,36
NR,1906,marine_hw,abrupt-4xCO2,0.3710344275,0.43397483,0.30615127,36
NR,1907,marine_hw,abrupt-4xCO2,0.34411926916666663,0.39313436,0.22126049,36
NR,1908,marine_hw,abrupt-4xCO2,0.29595219944444445,0.40322638,0.1522137,36
NR,1909,marine_hw,abrupt-4xCO2,0.3741667977777778,0.41254997,0.33888614,36
NR,1910,marine_hw,abrupt-4xCO2,0.34625264555555557,0.42720947,0.25799984,36
NR,1911,marine_hw,abrupt-4xCO2,0.2400487291388889,0.37344027,0.038022004,36
NR,1912,marine_hw,abrupt-4xCO2,0.29244980972222223,0.3784514,0.21655942,36
NR,1913,marine_hw,abrupt-4xCO2,0.36386986000000004,0.39592683,0.31491178,36
NR,1914,marine_hw,abrupt-4xCO2,0.35405135805555554,0.43265074,0.24082305,36
NR,1915,marine_hw,abrupt-4xCO2,0.38281430222222224,0.42438886,0.33836812,36
NR,1916,marine_hw,abrupt-4xCO2,0.35975847194444444,0.42043337,0.2575294,36
NR,1917,marine_hw,abrupt-4xCO2,0.3649685088888889,0.4200871,0.308684,36
NR,1918,marine_hw,abrupt-4xCO2,0.35197503722222223,0.42912883,0.23340538,36
NR,1919,marine_hw,abrupt-4xCO2,0.3556500961111111,0.41198492,0.27129903,36
NR,1920,marine_hw,abrupt-4xCO2,0.3201041797222222,0.42838925,0.15498534,36
NR,1921,marine_hw,abrupt-4xCO2,0.37515594138888886,0.45290858,0.2844311,36
NR,1922,marine_hw,abrupt-4xCO2,0.3595844108333333,0.4320018,0.3142615,36
NR,1923,marine_hw,abrupt-4xCO2,0.31444161694444445,0.4048531,0.22619373,36
NR,1924,marine_hw,abrupt-4xCO2,0.3474468025,0.43233466,0.25294042,36
NR,1925,marine_hw,abrupt-4xCO2,0.36636855083333336,0.41960323,0.29534322,36
NR,1926,marine_hw,abrupt-4xCO2,0.3469120861111111,0.44894102,0.23617435,36
NR,1927,marine_hw,abrupt-4xCO2,0.3546573791666667,0.40937632,0.28063,36
NR,1928,marine_hw,abrupt-4xCO2,0.3651486313888889,0.41782752,0.31690496,36
NR,1929,marine_hw,abrupt-4xCO2,0.3028036572222222,0.43528146,0.10722315,36
NR,1930,marine_hw,abrupt-4xCO2,0.3879641525,0.43889737,0.33810964,36
NR,1931,marine_hw,abrupt-4xCO2,0.3666409727777778,0.45205492,0.22938012,36
NR,1932,marine_hw,abrupt-4xCO2,0.37166725888888885,0.42922747,0.28152525,36
NR,1933,marine_hw,abrupt-4xCO2,0.31900087083333334,0.36801308,0.23812321,36
NR,1934,marine_hw,abrupt-4xCO2,0.3949563486111111,0.47096387,0.34997672,36
NR,1935,marine_hw,abrupt-4xCO2,0.34634940805555553,0.4112259,0.28890333,36
NR,1936,marine_hw,abrupt-4xCO2,0.3556437811111111,0.43723035,0.24300009,36
NR,1937,marine_hw,abrupt-4xCO2,0.33097801555555556,0.4431548,0.1973908,36
NR,1938,marine_hw,abrupt-4xCO2,0.36876295416666666,0.43553516,0.29755583,36
NR,1939,marine_hw,abrupt-4xCO2,0.36946776416666666,0.4420247,0.24419531,36
NR,1940,marine_hw,abrupt-4xCO2,0.32008724805555555,0.42509887,0.22355229,36
NR,1941,marine_hw,abrupt-4xCO2,0.3583137963888889,0.38186526,0.29352924,36
NR,1942,marine_hw,abrupt-4xCO2,0.3589284225,0.39947963,0.30887592,36
NR,1943,marine_hw,abrupt-4xCO2,0.29077884677777777,0.42425597,0.109961234,36
NR,1944,marine_hw,abrupt-4xCO2,0.33793252083333336,0.43891075,0.25761932,36
NR,1945,marine_hw,abrupt-4xCO2,0.3532257338888889,0.41636586,0.27051854,36
NR,1946,marine_hw,abrupt-4xCO2,0.32684743055555554,0.42724034,0.16720405,36
NR,1947,marine_hw,abrupt-4xCO2,0.38149358916666665,0.4120292,0.34285638,36
NR,1948,marine_hw,abrupt-4xCO2,0.3560066144444444,0.42865837,0.2675241,36
NR,1949,marine_hw,abrupt-4xCO2,0.2326606439444444,0.38929904,0.056147072,36
NR,1950,marine_hw,abrupt-4xCO2,0.32512425472222223,0.40878844,0.22366235,36
NR,1951,marine_hw,abrupt-4xCO2,0.3656424413888889,0.43920606,0.30542916,36
NR,1952,marine_hw,abrupt-4xCO2,0.3071031255555556,0.40679866,0.15400955,36
NR,1953,marine_hw,abrupt-4xCO2,0.3764124930555555,0.43699813,0.32125974,36
NR,1954,marine_hw,abrupt-4xCO2,0.3427651436111111,0.4408362,0.21577021,36
NR,1955,marine_hw,abrupt-4xCO2,0.397451255,0.4828336,0.35753793,36
NR,1956,marine_hw,abrupt-4xCO2,0.3167095447222222,0.38354906,0.21825865,36
NR,1957,marine_hw,abrupt-4xCO2,0.3794549077777778,0.45757005,0.2693723,36
NR,1958,marine_hw,abrupt-4xCO2,0.3948071019444444,0.42621022,0.36233628,36
NR,1959,marine_hw,abrupt-4xCO2,0.3109941827777778,0.40316665,0.18405202,36
NR,1960,marine_hw,abrupt-4xCO2,0.36226949861111113,0.46574134,0.24432483,36
NR,1961,marine_hw,abrupt-4xCO2,0.3591808477777778,0.41504782,0.28133,36
NR,1962,marine_hw,abrupt-4xCO2,0.36312941972222224,0.4456003,0.28144205,36
NR,1963,marine_hw,abrupt-4xCO2,0.31057969722222223,0.4109051,0.17625451,36
NR,1964,marine_hw,abrupt-4xCO2,0.38463955722222226,0.44519967,0.30152538,36
NR,1965,marine_hw,abrupt-4xCO2,0.3978371963888889,0.43857253,0.34750172,36
NR,1966,marine_hw,abrupt-4xCO2,0.2884082327777778,0.41389215,0.12624213,36
NR,1967,marine_hw,abrupt-4xCO2,0.26483326444444444,0.41847175,0.14919373,36
NR,1968,marine_hw,abrupt-4xCO2,0.37355689527777775,0.4262129,0.298033,36
NR,1969,marine_hw,abrupt-4xCO2,0.3444239877777778,0.41098362,0.22830367,36
NR,1970,marine_hw,abrupt-4xCO2,0.37955668472222226,0.46606416,0.28250307,36
NR,1971,marine_hw,abrupt-4xCO2,0.31559076888888893,0.4487974,0.14803274,36
NR,1972,marine_hw,abrupt-4xCO2,0.37761406888888893,0.41757315,0.31199253,36
NR,1973,marine_hw,abrupt-4xCO2,0.36483276138888887,0.46427566,0.27583498,36
NR,1974,marine_hw,abrupt-4xCO2,0.3436917836111111,0.43439227,0.20748213,36
NR,1975,marine_hw,abrupt-4xCO2,0.3720732263888889,0.43912888,0.30286622,36
NR,1976,marine_hw,abrupt-4xCO2,0.3641190905555556,0.45093554,0.27779865,36
NR,1977,marine_hw,abrupt-4xCO2,0.3590708436111111,0.43916112,0.22609374,36
NR,1978,marine_hw,abrupt-4xCO2,0.31576467416666665,0.427184,0.16948646,36
NR,1979,marine_hw,abrupt-4xCO2,0.36753934194444443,0.42545322,0.28317147,36
NR,1980,marine_hw,abrupt-4xCO2,0.3698222319444444,0.44430107,0.27329957,36
NR,1981,marine_hw,abrupt-4xCO2,0.3543001247222222,0.45675665,0.24456912,36
NR,1982,marine_hw,abrupt-4xCO2,0.37570876,0.44342327,0.28451568,36
NR,1983,marine_hw,abrupt-4xCO2,0.3259130138888889,0.43306953,0.202975,36
NR,1984,marine_hw,abrupt-4xCO2,0.40529201305555557,0.4638757,0.31876594,36
NR,1985,marine_hw,abrupt-4xCO2,0.3919211630555555,0.46535212,0.26401156,36
NR,1986,marine_hw,abrupt-4xCO2,0.38405359194444444,0.4575808,0.274119,36
NR,1987,marine_hw,abrupt-4xCO2,0.38173488194444444,0.42212123,0.35705346,36
NR,1988,marine_hw,abrupt-4xCO2,0.35592928916666666,0.4260854,0.3012529,36
NR,1989,marine_hw,abrupt-4xCO2,0.3621185402777778,0.43203068,0.2810783,36
NR,1990,marine_hw,abrupt-4xCO2,0.3550245011111111,0.4456795,0.263923,36
NR,1991,marine_hw,abrupt-4xCO2,0.3831976041666667,0.42069107,0.3266185,36
NR,1992,marine_hw,abrupt-4xCO2,0.361547625,0.44565868,0.27213454,36
NR,1993,marine_hw,abrupt-4xCO2,0.33550162027777775,0.44955105,0.22091419,36
NR,1994,marine_hw,abrupt-4xCO2,0.3950789747222222,0.4417227,0.3260843,36
NR,1995,marine_hw,abrupt-4xCO2,0.3737779036111111,0.44395342,0.28722894,36
NR,1996,marine_hw,abrupt-4xCO2,0.3506719586111111,0.43599957,0.2439242,36
NR,1997,marine_hw,abrupt-4xCO2,0.3845252430555555,0.49347994,0.23584819,36
NR,1998,marine_hw,abrupt-4xCO2,0.3841100513888889,0.42788798,0.29604584,36
NR,1999,marine_hw,abrupt-4xCO2,0.32583063805555557,0.40888977,0.17757052,36
NR,2000,marine_hw,abrupt-4xCO2,0.4046857033333333,0.45318374,0.3547267,36
NZ,1850,marine_hw,abrupt-4xCO2,0.0,0.0,0.0,3372
NZ,1851,marine_hw,abrupt-4xCO2,0.0,0.0,0.0,3372
NZ,1852,marine_hw,abrupt-4xCO2,4.8003199881376036e-06,0.016186679,0.0,3372
NZ,1853,marine_hw,abrupt-4xCO2,5.551625444839858e-06,0.018720081,0.0,3372
NZ,1854,marine_hw,abrupt-4xCO2,9.732790510083036e-06,0.02707729,0.0,3372
NZ,1855,marine_hw,abrupt-4xCO2,0.0,0.0,0.0,3372
NZ,1856,marine_hw,abrupt-4xCO2,0.0,0.0,0.0,3372
NZ,1857,marine_hw,abrupt-4xCO2,4.034647686832741e-06,0.010321937,0.0,3372
NZ,1858,marine_hw,abrupt-4xCO2,2.026532384341637e-05,0.05328752,0.0,3372
NZ,1859,marine_hw,abrupt-4xCO2,2.4075473680308423e-05,0.059821345,0.0,3372
NZ,1860,marine_hw,abrupt-4xCO2,2.7226493179122185e-05,0.04737538,0.0,3372
NZ,1861,marine_hw,abrupt-4xCO2,1.3969520166073547e-05,0.042034768,0.0,3372
NZ,1862,marine_hw,abrupt-4xCO2,4.1581556049822066e-05,0.09812707,0.0,3372
NZ,1863,marine_hw,abrupt-4xCO2,7.268991853499407e-05,0.11316775,0.0,3372
NZ,1864,marine_hw,abrupt-4xCO2,4.850423665480427e-05,0.07747463,0.0,3372
NZ,1865,marine_hw,abrupt-4xCO2,5.011282621589561e-06,0.016898045,0.0,3372
NZ,1866,marine_hw,abrupt-4xCO2,5.1464256613285885e-05,0.04743083,0.0,3372
NZ,1867,marine_hw,abrupt-4xCO2,2.489276788256228e-05,0.039845638,0.0,3372
NZ,1868,marine_hw,abrupt-4xCO2,7.34547746619217e-05,0.08594929,0.0,3372
NZ,1869,marine_hw,abrupt-4xCO2,0.00010406180460379596,0.10618161,0.0,3372
NZ,1870,marine_hw,abrupt-4xCO2,0.00012671030524911032,0.12957883,0.0,3372
NZ,1871,marine_hw,abrupt-4xCO2,2.3422446619217085e-06,0.007898049,0.0,3372
NZ,1872,marine_hw,abrupt-4xCO2,0.00011472869632265718,0.13559255,0.0,3372
NZ,1873,marine_hw,abrupt-4xCO2,7.641473754448398e-06,0.017654374,0.0,3372
NZ,1874,marine_hw,abrupt-4xCO2,2.7057361803084222e-05,0.04666133,0.0,3372
NZ,1875,marine_hw,abrupt-4xCO2,8.056146195136417e-05,0.10417837,0.0,3372
NZ,1876,marine_hw,abrupt-4xCO2,7.815168638790037e-05,0.081395194,0.0,3372
NZ,1877,marine_hw,abrupt-4xCO2,3.3726057236061683e-05,0.056971185,0.0,3372
NZ,1878,marine_hw,abrupt-4xCO2,2.8898470047449585e-05,0.073743984,0.0,3372
NZ,1879,marine_hw,abrupt-4xCO2,2.94637040628707e-05,0.0601522,0.0,3372
NZ,1880,marine_hw,abrupt-4xCO2,8.282521945432976e-06,0.01708394,0.0,3372
NZ,1881,marine_hw,abrupt-4xCO2,0.00010806533959074732,0.12598173,0.0,3372
NZ,1882,marine_hw,abrupt-4xCO2,3.563723400613879e-05,0.035660658,0.0,3372
NZ,1883,marine_hw,abrupt-4xCO2,3.5233045077105575e-05,0.040668406,0.0,3372
NZ,1884,marine_hw,abrupt-4xCO2,9.711955263641755e-05,0.13538787,0.0,3372
NZ,1885,marine_hw,abrupt-4xCO2,6.400007351720048e-05,0.11407977,0.0,3372
NZ,1886,marine_hw,abrupt-4xCO2,7.907059386120996e-05,0.09830826,0.0,3372
NZ,1887,marine_hw,abrupt-4xCO2,0.00017446554153618032,0.16965693,0.0,3372
NZ,1888,marine_hw,abrupt-4xCO2,5.803760794780546e-05,0.079095334,0.0,3372
NZ,1889,marine_hw,abrupt-4xCO2,9.653452578291815e-05,0.10530044,0.0,3372
NZ,1890,marine_hw,abrupt-4xCO2,8.206495551601424e-06,0.016310161,0.0,3372
NZ,1891,marine_hw,abrupt-4xCO2,0.0002485169735172005,0.1841057,0.0,3372
NZ,1892,marine_hw,abrupt-4xCO2,0.0001649807059015421,0.15659598,0.0,3372
NZ,1893,marine_hw,abrupt-4xCO2,4.4968424080664296e-05,0.08102878,0.0,3372
NZ,1894,marine_hw,abrupt-4xCO2,3.910206946619217e-05,0.07177095,0.0,3372
NZ,1895,marine_hw,abrupt-4xCO2,0.00013399274568801897,0.14351758,0.0,3372
NZ,1896,marine_hw,abrupt-4xCO2,0.00025793083269572955,0.18885306,0.0,3372
NZ,1897,marine_hw,abrupt-4xCO2,0.00010474387049228944,0.14459133,0.0,3372
NZ,1898,marine_hw,abrupt-4xCO2,0.0002882947319098458,0.22152221,0.0,3372
NZ,1899,marine_hw,abrupt-4xCO2,0.0002423959902846975,0.15777242,0.0,3372
NZ,1900,marine_hw,abrupt-4xCO2,0.00014801520265421116,0.1388588,0.0,3372
NZ,1901,marine_hw,abrupt-4xCO2,9.10496268950178e-05,0.1099344,0.0,3372
NZ,1902,marine_hw,abrupt-4xCO2,0.00014228776576215895,0.109078735,0.0,3372
NZ,1903,marine_hw,abrupt-4xCO2,1.5898035290628705e-05,0.034791455,0.0,3372
NZ,1904,marine_hw,abrupt-4xCO2,0.00011624131134341638,0.11932039,0.0,3372
NZ,1905,marine_hw,abrupt-4xCO2,0.00016511113532028467,0.14573824,0.0,3372
NZ,1906,marine_hw,abrupt-4xCO2,3.171669771648873e-05,0.0718649,0.0,3372
NZ,1907,marine_hw,abrupt-4xCO2,0.00010728557378410439,0.13808636,0.0,3372
NZ,1908,marine_hw,abrupt-4xCO2,0.00017870918460854092,0.1725903,0.0,3372
NZ,1909,marine_hw,abrupt-4xCO2,3.9073286091340454e-05,0.07498619,0.0,3372
NZ,1910,marine_hw,abrupt-4xCO2,0.00014008971419632267,0.14108014,0.0,3372
NZ,1911,marine_hw,abrupt-4xCO2,0.00012263957107058125,0.0995706,0.0,3372
NZ,1912,marine_hw,abrupt-4xCO2,4.393830136417556e-05,0.052130543,0.0,3372
NZ,1913,marine_hw,abrupt-4xCO2,0.0001304517696915777,0.15377131,0.0,3372
NZ,1914,marine_hw,abrupt-4xCO2,0.0002598109636892052,0.2249079,0.0,3372
NZ,1915,marine_hw,abrupt-4xCO2,3.2928939605575325e-05,0.06411907,0.0,3372
NZ,1916,marine_hw,abrupt-4xCO2,4.593857642348754e-05,0.062305756,0.0,3372
NZ,1917,marine_hw,abrupt-4xCO2,4.899669157769869e-05,0.06689474,0.0,3372
NZ,1918,marine_hw,abrupt-4xCO2,3.7399193357058126e-05,0.057282574,0.0,3372
NZ,1919,marine_hw,abrupt-4xCO2,1.7305639976275205e-05,0.02314196,0.0,3372
NZ,1920,marine_hw,abrupt-4xCO2,0.0003922082871470937,0.21095306,0.0,3372
NZ,1921,marine_hw,abrupt-4xCO2,6.481129890272835e-05,0.12744674,0.0,3372
NZ,1922,marine_hw,abrupt-4xCO2,8.40515853351127e-05,0.120539784,0.0,3372
NZ,1923,marine_hw,abrupt-4xCO2,0.00022484859887307238,0.19662239,0.0,3372
NZ,1924,marine_hw,abrupt-4xCO2,0.00018895391954329774,0.18067907,0.0,3372
NZ,1925,marine_hw,abrupt-4xCO2,0.00017609029890569395,0.15662214,0.0,3372
NZ,1926,marine_hw,abrupt-4xCO2,4.866643861209965e-05,0.07095489,0.0,3372
NZ,1927,marine_hw,abrupt-4xCO2,0.0001376252371886121,0.16977303,0.0,3372
NZ,1928,marine_hw,abrupt-4xCO2,6.625929240806643e-05,0.089844346,0.0,3372
NZ,1929,marine_hw,abrupt-4xCO2,0.00018192168493475682,0.17156553,0.0,3372
NZ,1930,marine_hw,abrupt-4xCO2,3.940398663997627e-05,0.033091016,0.0,3372
NZ,1931,marine_hw,abrupt-4xCO2,0.0001244894512158956,0.17048371,0.0,3372
NZ,1932,marine_hw,abrupt-4xCO2,5.207630857058126e-05,0.07568682,0.0,3372
NZ,1933,marine_hw,abrupt-4xCO2,5.314836138790036e-05,0.07950941,0.0,3372
NZ,1934,marine_hw,abrupt-4xCO2,0.00019392381509489916,0.16037762,0.0,3372
NZ,1935,marine_hw,abrupt-4xCO2,4.32819162218268e-05,0.06777925,0.0,3372
NZ,1936,marine_hw,abrupt-4xCO2,0.00014368856574733095,0.122403435,0.0,3372
NZ,1937,marine_hw,abrupt-4xCO2,6.132388622182681e-05,0.06897515,0.0,3372
NZ,1938,marine_hw,abrupt-4xCO2,0.00011572115245106761,0.10175569,0.0,3372
NZ,1939,marine_hw,abrupt-4xCO2,0.00011285224415776987,0.14610669,0.0,3372
NZ,1940,marine_hw,abrupt-4xCO2,0.00016777516244365363,0.1590569,0.0,3372
NZ,1941,marine_hw,abrupt-4xCO2,1.3489517497034402e-05,0.024777431,0.0,3372
NZ,1942,marine_hw,abrupt-4xCO2,0.00011542064779359431,0.11081756,0.0,3372
NZ,1943,marine_hw,abrupt-4xCO2,0.00024883442339857653,0.21436962,0.0,3372
NZ,1944,marine_hw,abrupt-4xCO2,0.00011019873751482801,0.15215732,0.0,3372
NZ,1945,marine_hw,abrupt-4xCO2,5.846378677342823e-05,0.07429093,0.0,3372
NZ,1946,marine_hw,abrupt-4xCO2,0.0002617431896322657,0.1446853,0.0,3372
NZ,1947,marine_hw,abrupt-4xCO2,7.931162112396205e-05,0.0851802,0.0,3372
NZ,1948,marine_hw,abrupt-4xCO2,0.00020304879386120995,0.14413297,0.0,3372
NZ,1949,marine_hw,abrupt-4xCO2,0.00041065048859134043,0.20173481,0.0,3372
NZ,1950,marine_hw,abrupt-4xCO2,4.515422153024911e-05,0.091071784,0.0,3372
NZ,1951,marine_hw,abrupt-4xCO2,1.66583837485172e-05,0.037356272,0.0,3372
NZ,1952,marine_hw,abrupt-4xCO2,0.0001764870483985765,0.13162166,0.0,3372
NZ,1953,marine_hw,abrupt-4xCO2,6.68426565836299e-05,0.10860829,0.0,3372
NZ,1954,marine_hw,abrupt-4xCO2,0.0002189683546530249,0.2018308,0.0,3372
NZ,1955,marine_hw,abrupt-4xCO2,9.680048422301305e-05,0.13700522,0.0,3372
NZ,1956,marine_hw,abrupt-4xCO2,0.00011894436390865955,0.1157649,0.0,3372
NZ,1957,marine_hw,abrupt-4xCO2,9.9390084371293e-05,0.09887198,0.0,3372
NZ,1958,marine_hw,abrupt-4xCO2,0.00011586797760972716,0.11534615,0.0,3372
NZ,1959,marine_hw,abrupt-4xCO2,0.00011805671082443653,0.13383226,0.0,3372
NZ,1960,marine_hw,abrupt-4xCO2,7.571437188612099e-05,0.118351996,0.0,3372
NZ,1961,marine_hw,abrupt-4xCO2,4.418858451957295e-05,0.06506398,0.0,3372
NZ,1962,marine_hw,abrupt-4xCO2,0.00017033303317022538,0.17844564,0.0,3372
NZ,1963,marine_hw,abrupt-4xCO2,6.444616933570582e-05,0.08480103,0.0,3372
NZ,1964,marine_hw,abrupt-4xCO2,6.509792947805457e-05,0.08579896,0.0,3372
NZ,1965,marine_hw,abrupt-4xCO2,0.0002665760553262159,0.19680426,0.0,3372
NZ,1966,marine_hw,abrupt-4xCO2,0.00013244219519572954,0.109964594,0.0,3372
NZ,1967,marine_hw,abrupt-4xCO2,8.416010323843417e-05,0.05775033,0.0,3372
NZ,1968,marine_hw,abrupt-4xCO2,7.852677793594307e-05,0.099295445,0.0,3372
NZ,1969,marine_hw,abrupt-4xCO2,0.0002676213678529063,0.19049993,0.0,3372
NZ,1970,marine_hw,abrupt-4xCO2,0.0002666796009311981,0.19349438,0.0,3372
NZ,1971,marine_hw,abrupt-4xCO2,0.0002339886944246738,0.16627525,0.0,3372
NZ,1972,marine_hw,abrupt-4xCO2,0.0002119519903024911,0.17210308,0.0,3372
NZ,1973,marine_hw,abrupt-4xCO2,0.0002183777200474496,0.15752478,0.0,3372
NZ,1974,marine_hw,abrupt-4xCO2,0.0001111329181316726,0.101485915,0.0,3372
NZ,1975,marine_hw,abrupt-4xCO2,0.00027618464922894427,0.15347335,0.0,3372
NZ,1976,marine_hw,abrupt-4xCO2,0.00042989837220047444,0.23110484,0.0,3372
NZ,1977,marine_hw,abrupt-4xCO2,6.666432357651245e-05,0.072805114,0.0,3372
NZ,1978,marine_hw,abrupt-4xCO2,0.00022929742527580074,0.12801182,0.0,3372
NZ,1979,marine_hw,abrupt-4xCO2,0.00020283289534400948,0.16376936,0.0,3372
NZ,1980,marine_hw,abrupt-4xCO2,0.00032078573090569396,0.18790412,0.0,3372
NZ,1981,marine_hw,abrupt-4xCO2,0.00018190515412218268,0.15380286,0.0,3372
NZ,1982,marine_hw,abrupt-4xCO2,0.00014721343518683274,0.12812926,0.0,3372
NZ,1983,marine_hw,abrupt-4xCO2,0.00014280746135824436,0.099402145,0.0,3372
NZ,1984,marine_hw,abrupt-4xCO2,0.0004114278139086595,0.20363069,0.0,3372
NZ,1985,marine_hw,abrupt-4xCO2,0.00019645900513048635,0.1537022,0.0,3372
NZ,1986,marine_hw,abrupt-4xCO2,0.00016198810679122182,0.121459864,0.0,3372
NZ,1987,marine_hw,abrupt-4xCO2,0.00019825578033807827,0.1768585,0.0,3372
NZ,1988,marine_hw,abrupt-4xCO2,7.0131424356465e-05,0.07340508,0.0,3372
NZ,1989,marine_hw,abrupt-4xCO2,0.00010168697835112693,0.108655274,0.0,3372
NZ,1990,marine_hw,abrupt-4xCO2,0.00041412104966192175,0.23367918,0.0,3372
NZ,1991,marine_hw,abrupt-4xCO2,0.00025357868444543296,0.13444632,0.0,3372
NZ,1992,marine_hw,abrupt-4xCO2,0.0001592081922212337,0.12718502,0.0,3372
NZ,1993,marine_hw,abrupt-4xCO2,0.00027242546516607354,0.18548885,0.0,3372
NZ,1994,marine_hw,abrupt-4xCO2,0.0001691529115361803,0.15119898,0.0,3372
NZ,1995,marine_hw,abrupt-4xCO2,0.0004141392174673784,0.18429226,0.0,3372
NZ,1996,marine_hw,abrupt-4xCO2,0.00017248150711743774,0.12336042,0.0,3372
NZ,1997,marine_hw,abrupt-4xCO2,0.0003395620948250297,0.21469712,0.0,3372
NZ,1998,marine_hw,abrupt-4xCO2,5.4708107918149466e-05,0.06451905,0.0,3372
NZ,1999,marine_hw,abrupt-4xCO2,5.5272031290035594e-05,0.059063002,0.0,3372
NZ,2000,marine_hw,abrupt-4xCO2,0.0002872002755931198,0.20994909,0.0,3372
OM,1850,marine_hw,abrupt-4xCO2,0.05367896109883333,0.4850597,0.0,60
OM,1851,marine_hw,abrupt-4xCO2,0.10675593074333332,0.5594918,0.0,60
OM,1852,marine_hw,abrupt-4xCO2,0.13504675923599999,0.6155376,0.0,60
OM,1853,marine_hw,abrupt-4xCO2,0.14659109074833332,0.58872396,0.0,60
OM,1854,marine_hw,abrupt-4xCO2,0.13971845550666667,0.5791156,0.0,60
OM,1855,marine_hw,abrupt-4xCO2,0.11783007944683334,0.5203891,0.0,60
OM,1856,marine_hw,abrupt-4xCO2,0.16001693401666667,0.65854883,0.0,60
OM,1857,marine_hw,abrupt-4xCO2,0.19438308849666666,0.69942063,0.0,60
OM,1858,marine_hw,abrupt-4xCO2,0.18383567371333334,0.6494227,0.0,60
OM,1859,marine_hw,abrupt-4xCO2,0.1994510257,0.6789842,0.0,60
OM,1860,marine_hw,abrupt-4xCO2,0.20662912629366667,0.6391675,0.0,60
OM,1861,marine_hw,abrupt-4xCO2,0.13768541327166667,0.5500105,0.0,60
OM,1862,marine_hw,abrupt-4xCO2,0.1980708272,0.6474873,0.0,60
OM,1863,marine_hw,abrupt-4xCO2,0.23900864711666667,0.7341111,0.0,60
OM,1864,marine_hw,abrupt-4xCO2,0.20612294305,0.7006259,0.0,60
OM,1865,marine_hw,abrupt-4xCO2,0.21552034705,0.70837307,0.0,60
OM,1866,marine_hw,abrupt-4xCO2,0.24865886725666667,0.7181621,0.0,60
OM,1867,marine_hw,abrupt-4xCO2,0.19508334068,0.6618963,0.0,60
OM,1868,marine_hw,abrupt-4xCO2,0.21653190885333334,0.688581,0.0,60
OM,1869,marine_hw,abrupt-4xCO2,0.25233161838333334,0.7133383,0.0,60
OM,1870,marine_hw,abrupt-4xCO2,0.16702635123333334,0.6487937,0.0,60
OM,1871,marine_hw,abrupt-4xCO2,0.19478740770666667,0.69185233,0.0,60
OM,1872,marine_hw,abrupt-4xCO2,0.217372684805,0.7212796,0.0,60
OM,1873,marine_hw,abrupt-4xCO2,0.19515808745,0.65059495,0.0,60
OM,1874,marine_hw,abrupt-4xCO2,0.24685154725833333,0.70818424,0.0,60
OM,1875,marine_hw,abrupt-4xCO2,0.24542044676666666,0.76531726,0.0,60
OM,1876,marine_hw,abrupt-4xCO2,0.2175476446,0.60601157,0.0,60
OM,1877,marine_hw,abrupt-4xCO2,0.1838740372083333,0.60898316,0.0,60
OM,1878,marine_hw,abrupt-4xCO2,0.22811974838166668,0.71245956,0.0,60
OM,1879,marine_hw,abrupt-4xCO2,0.25102389005116665,0.74076575,0.0,60
OM,1880,marine_hw,abrupt-4xCO2,0.23599821576666666,0.7085655,0.0,60
OM,1881,marine_hw,abrupt-4xCO2,0.22644789552166664,0.6896216,0.0,60
OM,1882,marine_hw,abrupt-4xCO2,0.18243847846666666,0.63895446,0.0,60
OM,1883,marine_hw,abrupt-4xCO2,0.23459891598333332,0.73886514,0.0,60
OM,1884,marine_hw,abrupt-4xCO2,0.23686177411666667,0.6898606,0.0,60
OM,1885,marine_hw,abrupt-4xCO2,0.19261653878999999,0.64394206,0.0,60
OM,1886,marine_hw,abrupt-4xCO2,0.20707621730666667,0.6479705,0.0,60
OM,1887,marine_hw,abrupt-4xCO2,0.28772732691666664,0.7798793,0.0,60
OM,1888,marine_hw,abrupt-4xCO2,0.29266325941666665,0.7246459,0.0,60
OM,1889,marine_hw,abrupt-4xCO2,0.25145737496666665,0.67693156,0.0,60
OM,1890,marine_hw,abrupt-4xCO2,0.22097408536666666,0.659772,0.0,60
OM,1891,marine_hw,abrupt-4xCO2,0.25831633441833335,0.7582886,0.0,60
OM,1892,marine_hw,abrupt-4xCO2,0.2569233102166667,0.6958709,0.0,60
OM,1893,marine_hw,abrupt-4xCO2,0.20566256535833333,0.6162731,0.0,60
OM,1894,marine_hw,abrupt-4xCO2,0.23435006980833334,0.70901996,0.0,60
OM,1895,marine_hw,abrupt-4xCO2,0.26776247375,0.7061038,0.0,60
OM,1896,marine_hw,abrupt-4xCO2,0.22436819113300002,0.67693967,0.0,60
OM,1897,marine_hw,abrupt-4xCO2,0.22126966175833335,0.68180734,0.0,60
OM,1898,marine_hw,abrupt-4xCO2,0.24497562537833334,0.72402763,0.0,60
OM,1899,marine_hw,abrupt-4xCO2,0.24173202671266666,0.6958656,0.0,60
OM,1900,marine_hw,abrupt-4xCO2,0.23720439555,0.7231293,0.0,60
OM,1901,marine_hw,abrupt-4xCO2,0.2586885148,0.6933109,0.0,60
OM,1902,marine_hw,abrupt-4xCO2,0.23083466093333332,0.6643346,0.0,60
OM,1903,marine_hw,abrupt-4xCO2,0.20674376817333334,0.6857176,0.0,60
OM,1904,marine_hw,abrupt-4xCO2,0.2519550526166667,0.69516224,0.0,60
OM,1905,marine_hw,abrupt-4xCO2,0.232503934,0.7542593,0.0,60
OM,1906,marine_hw,abrupt-4xCO2,0.22700114728333334,0.67596793,0.0,60
OM,1907,marine_hw,abrupt-4xCO2,0.25391605793333333,0.7406082,0.0,60
OM,1908,marine_hw,abrupt-4xCO2,0.26113682211666667,0.76421756,0.0,60
OM,1909,marine_hw,abrupt-4xCO2,0.19044283329166667,0.69867164,0.0,60
OM,1910,marine_hw,abrupt-4xCO2,0.23923684723,0.74904346,0.0,60
OM,1911,marine_hw,abrupt-4xCO2,0.2711708692,0.7547908,0.0,60
OM,1912,marine_hw,abrupt-4xCO2,0.20553794656666666,0.6289184,0.0,60
OM,1913,marine_hw,abrupt-4xCO2,0.25378180688333335,0.77360135,0.0,60
OM,1914,marine_hw,abrupt-4xCO2,0.26412487263333334,0.6940956,0.0,60
OM,1915,marine_hw,abrupt-4xCO2,0.24648033411666667,0.70337296,0.0,60
OM,1916,marine_hw,abrupt-4xCO2,0.27245015219166663,0.77311635,0.0,60
OM,1917,marine_hw,abrupt-4xCO2,0.24769400076666667,0.6639686,0.0,60
OM,1918,marine_hw,abrupt-4xCO2,0.24551309461666668,0.6665313,0.0,60
OM,1919,marine_hw,abrupt-4xCO2,0.2808314769333334,0.7357316,0.0,60
OM,1920,marine_hw,abrupt-4xCO2,0.28666391941666663,0.7175877,0.0,60
OM,1921,marine_hw,abrupt-4xCO2,0.2459143281,0.6668803,0.0,60
OM,1922,marine_hw,abrupt-4xCO2,0.24470664071666667,0.7262055,0.0,60
OM,1923,marine_hw,abrupt-4xCO2,0.24221870734,0.6917522,0.0,60
OM,1924,marine_hw,abrupt-4xCO2,0.20076353881666667,0.6265687,0.0,60
OM,1925,marine_hw,abrupt-4xCO2,0.2290675331,0.7187035,0.0,60
OM,1926,marine_hw,abrupt-4xCO2,0.26616798447833334,0.7531157,0.0,60
OM,1927,marine_hw,abrupt-4xCO2,0.21864527479333334,0.6744127,0.0,60
OM,1928,marine_hw,abrupt-4xCO2,0.24622356058333333,0.7562806,0.0,60
OM,1929,marine_hw,abrupt-4xCO2,0.29481087776666665,0.75994486,0.0,60
OM,1930,marine_hw,abrupt-4xCO2,0.24755532971283334,0.6963926,0.0,60
OM,1931,marine_hw,abrupt-4xCO2,0.27238738943333335,0.71682805,0.0,60
OM,1932,marine_hw,abrupt-4xCO2,0.2212886541095,0.67171496,0.0,60
OM,1933,marine_hw,abrupt-4xCO2,0.23321742599166667,0.74236655,0.0,60
OM,1934,marine_hw,abrupt-4xCO2,0.22538883637166668,0.6725095,0.0,60
OM,1935,marine_hw,abrupt-4xCO2,0.26272647365833335,0.7539193,0.0,60
OM,1936,marine_hw,abrupt-4xCO2,0.2996407252333333,0.74178404,0.0,60
OM,1937,marine_hw,abrupt-4xCO2,0.25189126296666664,0.7199938,0.0,60
OM,1938,marine_hw,abrupt-4xCO2,0.21678446425,0.672097,0.0,60
OM,1939,marine_hw,abrupt-4xCO2,0.26972315123333335,0.7407586,0.0,60
OM,1940,marine_hw,abrupt-4xCO2,0.22395576643166668,0.6540659,0.0,60
OM,1941,marine_hw,abrupt-4xCO2,0.24644917951666664,0.7341791,0.0,60
OM,1942,marine_hw,abrupt-4xCO2,0.27449584436666663,0.7173551,0.0,60
OM,1943,marine_hw,abrupt-4xCO2,0.2845531430083333,0.7074084,0.0,60
OM,1944,marine_hw,abrupt-4xCO2,0.2131081892566667,0.6620797,0.0,60
OM,1945,marine_hw,abrupt-4xCO2,0.22120176411166667,0.6907607,0.0,60
OM,1946,marine_hw,abrupt-4xCO2,0.25203141955,0.7249591,0.0,60
OM,1947,marine_hw,abrupt-4xCO2,0.23387453809716666,0.73449856,0.0,60
OM,1948,marine_hw,abrupt-4xCO2,0.26067326308333333,0.8017723,0.0,60
OM,1949,marine_hw,abrupt-4xCO2,0.24100473953333335,0.6492912,0.0,60
OM,1950,marine_hw,abrupt-4xCO2,0.19469804863333331,0.56075346,0.0,60
OM,1951,marine_hw,abrupt-4xCO2,0.28399839825,0.76582193,0.0,60
OM,1952,marine_hw,abrupt-4xCO2,0.29770852075,0.7066398,0.0,60
OM,1953,marine_hw,abrupt-4xCO2,0.24198564004999998,0.67295057,0.0,60
OM,1954,marine_hw,abrupt-4xCO2,0.26955778908333333,0.7876255,0.0,60
OM,1955,marine_hw,abrupt-4xCO2,0.2505443857833333,0.72177535,0.0,60
OM,1956,marine_hw,abrupt-4xCO2,0.2673462061833333,0.691031,0.0,60
OM,1957,marine_hw,abrupt-4xCO2,0.25027007868333334,0.68605137,0.0,60
OM,1958,marine_hw,abrupt-4xCO2,0.2575277384833333,0.7594626,0.0,60
OM,1959,marine_hw,abrupt-4xCO2,0.27221975865000003,0.7385207,0.0,60
OM,1960,marine_hw,abrupt-4xCO2,0.23118730736666665,0.6620725,0.0,60
OM,1961,marine_hw,abrupt-4xCO2,0.265144638525,0.77696484,0.0,60
OM,1962,marine_hw,abrupt-4xCO2,0.2662233325933333,0.699094,0.0,60
OM,1963,marine_hw,abrupt-4xCO2,0.2583941825,0.6872925,0.0,60
OM,1964,marine_hw,abrupt-4xCO2,0.23187434143500002,0.6704228,0.0,60
OM,1965,marine_hw,abrupt-4xCO2,0.24545151233333332,0.69118756,0.0,60
OM,1966,marine_hw,abrupt-4xCO2,0.30126726481666666,0.7731207,0.0,60
OM,1967,marine_hw,abrupt-4xCO2,0.22764620961666668,0.6654996,0.0,60
OM,1968,marine_hw,abrupt-4xCO2,0.22088877513333335,0.72980356,0.0,60
OM,1969,marine_hw,abrupt-4xCO2,0.26513657347333336,0.6667854,0.0,60
OM,1970,marine_hw,abrupt-4xCO2,0.29079914858,0.7338104,0.0,60
OM,1971,marine_hw,abrupt-4xCO2,0.2568280121666667,0.6506612,0.0,60
OM,1972,marine_hw,abrupt-4xCO2,0.2235461768166667,0.70299715,0.0,60
OM,1973,marine_hw,abrupt-4xCO2,0.3041310710333333,0.76310974,0.0,60
OM,1974,marine_hw,abrupt-4xCO2,0.2484308422,0.78259677,0.0,60
OM,1975,marine_hw,abrupt-4xCO2,0.24202982681666668,0.6944992,0.0,60
OM,1976,marine_hw,abrupt-4xCO2,0.2892591919333333,0.7340959,0.0,60
OM,1977,marine_hw,abrupt-4xCO2,0.2809574066833333,0.76591945,0.0,60
OM,1978,marine_hw,abrupt-4xCO2,0.2528349326616667,0.65187186,0.0,60
OM,1979,marine_hw,abrupt-4xCO2,0.20654264715833334,0.6538815,0.0,60
OM,1980,marine_hw,abrupt-4xCO2,0.2953173425833333,0.7996659,0.0,60
OM,1981,marine_hw,abrupt-4xCO2,0.249637205,0.69432473,0.0,60
OM,1982,marine_hw,abrupt-4xCO2,0.2617366533166667,0.7355929,0.0,60
OM,1983,marine_hw,abrupt-4xCO2,0.28504694671666664,0.76536465,0.0,60
OM,1984,marine_hw,abrupt-4xCO2,0.28742415041666663,0.76546043,0.0,60
OM,1985,marine_hw,abrupt-4xCO2,0.2678839429875,0.7197647,0.0,60
OM,1986,marine_hw,abrupt-4xCO2,0.23208378358333331,0.6713417,0.0,60
OM,1987,marine_hw,abrupt-4xCO2,0.25407999738166664,0.73940206,0.0,60
OM,1988,marine_hw,abrupt-4xCO2,0.29996500115,0.8089549,0.0,60
OM,1989,marine_hw,abrupt-4xCO2,0.26142100804,0.75723547,0.0,60
OM,1990,marine_hw,abrupt-4xCO2,0.24742055241666666,0.6921441,0.0,60
OM,1991,marine_hw,abrupt-4xCO2,0.2900723283166667,0.7726572,0.0,60
OM,1992,marine_hw,abrupt-4xCO2,0.2750034739166667,0.7706923,0.0,60
OM,1993,marine_hw,abrupt-4xCO2,0.24236875923333334,0.68030053,0.0,60
OM,1994,marine_hw,abrupt-4xCO2,0.25831362785,0.70359486,0.0,60
OM,1995,marine_hw,abrupt-4xCO2,0.30341561455000005,0.7843291,0.0,60
OM,1996,marine_hw,abrupt-4xCO2,0.2883336274166667,0.70975643,0.0,60
OM,1997,marine_hw,abrupt-4xCO2,0.237218546625,0.6785941,0.0,60
OM,1998,marine_hw,abrupt-4xCO2,0.2569684622833333,0.71923953,0.0,60
OM,1999,marine_hw,abrupt-4xCO2,0.2891378762333333,0.7394817,0.0,60
OM,2000,marine_hw,abrupt-4xCO2,0.24717820814016667,0.70120484,0.0,60
PG,1850,marine_hw,abrupt-4xCO2,0.07877516889138889,0.2281124,0.0,144
PG,1851,marine_hw,abrupt-4xCO2,0.14094615457291665,0.29317957,0.0,144
PG,1852,marine_hw,abrupt-4xCO2,0.15529604702847222,0.3798044,0.0,144
PG,1853,marine_hw,abrupt-4xCO2,0.164997846704375,0.3409289,0.0,144
PG,1854,marine_hw,abrupt-4xCO2,0.19264675147569443,0.3519591,0.0,144
PG,1855,marine_hw,abrupt-4xCO2,0.2086247966125,0.33585954,0.0,144
PG,1856,marine_hw,abrupt-4xCO2,0.19564662244791667,0.41105208,0.0,144
PG,1857,marine_hw,abrupt-4xCO2,0.20504234454166667,0.3749603,0.0,144
PG,1858,marine_hw,abrupt-4xCO2,0.22603605083194445,0.44007444,0.0,144
PG,1859,marine_hw,abrupt-4xCO2,0.2093380565972222,0.39729452,0.0,144
PG,1860,marine_hw,abrupt-4xCO2,0.2071024574576389,0.48658168,0.0,144
PG,1861,marine_hw,abrupt-4xCO2,0.23592226359722224,0.37044927,0.0,144
PG,1862,marine_hw,abrupt-4xCO2,0.20575128399305556,0.36515957,0.0,144
PG,1863,marine_hw,abrupt-4xCO2,0.22519569474305554,0.44147438,0.0,144
PG,1864,marine_hw,abrupt-4xCO2,0.22373818443958335,0.3807452,0.0,144
PG,1865,marine_hw,abrupt-4xCO2,0.24037497122569443,0.47457033,0.0,144
PG,1866,marine_hw,abrupt-4xCO2,0.26203767264583333,0.4751193,0.0045008156,144
PG,1867,marine_hw,abrupt-4xCO2,0.27003328281944444,0.4861884,0.0,144
PG,1868,marine_hw,abrupt-4xCO2,0.23525492108333332,0.49558246,0.0,144
PG,1869,marine_hw,abrupt-4xCO2,0.2296112248611111,0.4220044,0.0,144
PG,1870,marine_hw,abrupt-4xCO2,0.2681474485625,0.43659413,0.00492709,144
PG,1871,marine_hw,abrupt-4xCO2,0.2265396967152778,0.43619418,0.0,144
PG,1872,marine_hw,abrupt-4xCO2,0.23118941713194444,0.44974905,0.0,144
PG,1873,marine_hw,abrupt-4xCO2,0.23378748668611113,0.41658062,0.0,144
PG,1874,marine_hw,abrupt-4xCO2,0.24641130821618054,0.45504534,0.0,144
PG,1875,marine_hw,abrupt-4xCO2,0.2588285998333333,0.44172135,0.008948866,144
PG,1876,marine_hw,abrupt-4xCO2,0.27197178917638887,0.49397856,0.0,144
PG,1877,marine_hw,abrupt-4xCO2,0.24446174815972224,0.3985837,0.0,144
PG,1878,marine_hw,abrupt-4xCO2,0.25076442089861106,0.43198705,0.0,144
PG,1879,marine_hw,abrupt-4xCO2,0.25919330823402775,0.5091078,0.0,144
PG,1880,marine_hw,abrupt-4xCO2,0.23430228312361112,0.44183812,0.0,144
PG,1881,marine_hw,abrupt-4xCO2,0.25157942639583336,0.47539178,0.050133348,144
PG,1882,marine_hw,abrupt-4xCO2,0.2551366929347222,0.42504182,0.0,144
PG,1883,marine_hw,abrupt-4xCO2,0.24375661129444445,0.45044968,0.0,144
PG,1884,marine_hw,abrupt-4xCO2,0.2770628585138889,0.4508859,0.020660106,144
PG,1885,marine_hw,abrupt-4xCO2,0.2577050448604167,0.442222,0.0,144
PG,1886,marine_hw,abrupt-4xCO2,0.2550030004127778,0.4155149,0.0,144
PG,1887,marine_hw,abrupt-4xCO2,0.26668172925416667,0.4620624,0.0,144
PG,1888,marine_hw,abrupt-4xCO2,0.2625467972261111,0.46494004,0.0,144
PG,1889,marine_hw,abrupt-4xCO2,0.25225754035,0.44361922,0.0,144
PG,1890,marine_hw,abrupt-4xCO2,0.24506301669375002,0.401907,0.0,144
PG,1891,marine_hw,abrupt-4xCO2,0.25125331323541666,0.44410375,0.0,144
PG,1892,marine_hw,abrupt-4xCO2,0.24538076409374998,0.4787513,0.0,144
PG,1893,marine_hw,abrupt-4xCO2,0.2662849794465278,0.48804468,0.0,144
PG,1894,marine_hw,abrupt-4xCO2,0.25585526523472224,0.4183805,0.0,144
PG,1895,marine_hw,abrupt-4xCO2,0.25932940977125,0.48921978,0.0,144
PG,1896,marine_hw,abrupt-4xCO2,0.2615942915048611,0.4491558,0.0,144
PG,1897,marine_hw,abrupt-4xCO2,0.27111810119444446,0.48245043,0.01695643,144
PG,1898,marine_hw,abrupt-4xCO2,0.2779154051805556,0.5340365,0.015455181,144
PG,1899,marine_hw,abrupt-4xCO2,0.28323562138194447,0.4390544,0.0,144
PG,1900,marine_hw,abrupt-4xCO2,0.2654315779145833,0.5553762,0.0,144
PG,1901,marine_hw,abrupt-4xCO2,0.27297941578402773,0.44089186,0.0011239665,144
PG,1902,marine_hw,abrupt-4xCO2,0.2750444175868056,0.44669017,0.0078759035,144
PG,1903,marine_hw,abrupt-4xCO2,0.27039759937847224,0.41632625,0.0,144
PG,1904,marine_hw,abrupt-4xCO2,0.25406101695625,0.5364779,0.0,144
PG,1905,marine_hw,abrupt-4xCO2,0.26167482852847224,0.5001674,0.0046083177,144
PG,1906,marine_hw,abrupt-4xCO2,0.2821550218680555,0.43822896,0.0,144
PG,1907,marine_hw,abrupt-4xCO2,0.25819286125069446,0.47220406,0.0,144
PG,1908,marine_hw,abrupt-4xCO2,0.2665510601527778,0.47917408,0.012083574,144
PG,1909,marine_hw,abrupt-4xCO2,0.25746952186805555,0.45505744,0.0,144
PG,1910,marine_hw,abrupt-4xCO2,0.2618392048152778,0.48676425,0.0,144
PG,1911,marine_hw,abrupt-4xCO2,0.25071134677958334,0.44426483,0.00018576886,144
PG,1912,marine_hw,abrupt-4xCO2,0.27659711326736114,0.42144072,0.0,144
PG,1913,marine_hw,abrupt-4xCO2,0.2734191750527778,0.42309833,0.0,144
PG,1914,marine_hw,abrupt-4xCO2,0.30762196333333336,0.48282352,0.029583594,144
PG,1915,marine_hw,abrupt-4xCO2,0.27405227718083336,0.45068324,0.0,144
PG,1916,marine_hw,abrupt-4xCO2,0.2734579869902778,0.48870236,0.0,144
PG,1917,marine_hw,abrupt-4xCO2,0.27122992905277776,0.46825796,0.0,144
PG,1918,marine_hw,abrupt-4xCO2,0.2749401885875,0.49297392,0.0,144
PG,1919,marine_hw,abrupt-4xCO2,0.26505711679166666,0.4349137,0.0,144
PG,1920,marine_hw,abrupt-4xCO2,0.2875790167291667,0.49390072,0.01092794,144
PG,1921,marine_hw,abrupt-4xCO2,0.2820429947083333,0.47196648,0.0,144
PG,1922,marine_hw,abrupt-4xCO2,0.24293563411805558,0.5070395,0.0,144
PG,1923,marine_hw,abrupt-4xCO2,0.2764335586527778,0.4804975,0.004147817,144
PG,1924,marine_hw,abrupt-4xCO2,0.27857260937291667,0.46531588,0.0,144
PG,1925,marine_hw,abrupt-4xCO2,0.24124673599305554,0.44647944,0.0,144
PG,1926,marine_hw,abrupt-4xCO2,0.2548807191458333,0.40794355,0.0,144
PG,1927,marine_hw,abrupt-4xCO2,0.27931755258194446,0.4527341,0.0,144
PG,1928,marine_hw,abrupt-4xCO2,0.2680740457148611,0.42596394,0.0,144
PG,1929,marine_hw,abrupt-4xCO2,0.28118304802777777,0.4698176,0.015119631,144
PG,1930,marine_hw,abrupt-4xCO2,0.25960582099930557,0.40669194,0.0,144
PG,1931,marine_hw,abrupt-4xCO2,0.2792415339652778,0.45029265,0.008393195,144
PG,1932,marine_hw,abrupt-4xCO2,0.26469314530625,0.43943825,0.0,144
PG,1933,marine_hw,abrupt-4xCO2,0.27304643112569443,0.526488,0.0,144
PG,1934,marine_hw,abrupt-4xCO2,0.2576739489541666,0.4289456,0.0,144
PG,1935,marine_hw,abrupt-4xCO2,0.27513770453472225,0.4818961,0.02493581,144
PG,1936,marine_hw,abrupt-4xCO2,0.2715220408027778,0.4458379,0.0021231086,144
PG,1937,marine_hw,abrupt-4xCO2,0.2983548248402778,0.45839953,0.009669627,144
PG,1938,marine_hw,abrupt-4xCO2,0.28933857490902776,0.45725864,0.0,144
PG,1939,marine_hw,abrupt-4xCO2,0.28003196302083333,0.44492382,0.007243601,144
PG,1940,marine_hw,abrupt-4xCO2,0.2872082550666667,0.5299428,0.0,144
PG,1941,marine_hw,abrupt-4xCO2,0.2677689565986111,0.4837631,0.0,144
PG,1942,marine_hw,abrupt-4xCO2,0.2786154040916667,0.49796623,0.0039284932,144
PG,1943,marine_hw,abrupt-4xCO2,0.27996063851875,0.5030713,0.0018989613,144
PG,1944,marine_hw,abrupt-4xCO2,0.3182757735208333,0.48967412,0.012386911,144
PG,1945,marine_hw,abrupt-4xCO2,0.27499461888055554,0.44338703,0.0,144
PG,1946,marine_hw,abrupt-4xCO2,0.29051152536111113,0.47560787,0.014587447,144
PG,1947,marine_hw,abrupt-4xCO2,0.27161771139374996,0.43011665,0.0,144
PG,1948,marine_hw,abrupt-4xCO2,0.27873268396944445,0.5118513,0.0,144
PG,1949,marine_hw,abrupt-4xCO2,0.2574431867659722,0.44371518,0.0053470726,144
PG,1950,marine_hw,abrupt-4xCO2,0.27773155458194443,0.45443332,0.0,144
PG,1951,marine_hw,abrupt-4xCO2,0.27071373769722223,0.50544363,0.0020306227,144
PG,1952,marine_hw,abrupt-4xCO2,0.2827472893923611,0.47020417,0.0,144
PG,1953,marine_hw,abrupt-4xCO2,0.2813184696201389,0.5105507,0.0,144
PG,1954,marine_hw,abrupt-4xCO2,0.29221686944444447,0.47135043,0.013453289,144
PG,1955,marine_hw,abrupt-4xCO2,0.2756816551638889,0.46594268,0.0,144
PG,1956,marine_hw,abrupt-4xCO2,0.2870436976222222,0.46147585,0.0,144
PG,1957,marine_hw,abrupt-4xCO2,0.2843792073777778,0.46418306,0.0,144
PG,1958,marine_hw,abrupt-4xCO2,0.2661351340434028,0.502527,0.0,144
PG,1959,marine_hw,abrupt-4xCO2,0.2953030896423611,0.5062556,0.0068846885,144
PG,1960,marine_hw,abrupt-4xCO2,0.29641529801019934,0.46555477,0.0,144
PG,1961,marine_hw,abrupt-4xCO2,0.2520738178131945,0.46601114,0.0,144
PG,1962,marine_hw,abrupt-4xCO2,0.2915441391534722,0.46684062,0.0,144
PG,1963,marine_hw,abrupt-4xCO2,0.3055606830277778,0.49240953,0.025418876,144
PG,1964,marine_hw,abrupt-4xCO2,0.30501673406944446,0.4613282,0.0,144
PG,1965,marine_hw,abrupt-4xCO2,0.2946988616652778,0.46311736,0.0,144
PG,1966,marine_hw,abrupt-4xCO2,0.2898219517152778,0.5125412,0.027490687,144
PG,1967,marine_hw,abrupt-4xCO2,0.2968808783541667,0.5146109,0.0,144
PG,1968,marine_hw,abrupt-4xCO2,0.2774348884919444,0.4491256,0.0,144
PG,1969,marine_hw,abrupt-4xCO2,0.29517044378472224,0.5334124,0.023312418,144
PG,1970,marine_hw,abrupt-4xCO2,0.2904300511826389,0.47632056,0.005292042,144
PG,1971,marine_hw,abrupt-4xCO2,0.30031570758958337,0.5825114,0.0015360219,144
PG,1972,marine_hw,abrupt-4xCO2,0.2801567123701389,0.44696128,0.0,144
PG,1973,marine_hw,abrupt-4xCO2,0.29534024759027777,0.49269944,0.030353473,144
PG,1974,marine_hw,abrupt-4xCO2,0.29278740248159724,0.46870357,0.0,144
PG,1975,marine_hw,abrupt-4xCO2,0.30032616783125,0.45451385,0.0,144
PG,1976,marine_hw,abrupt-4xCO2,0.29560235594444445,0.49711794,0.004177471,144
PG,1977,marine_hw,abrupt-4xCO2,0.3010825958611111,0.4687251,0.013798235,144
PG,1978,marine_hw,abrupt-4xCO2,0.30094947906944447,0.51300424,0.0,144
PG,1979,marine_hw,abrupt-4xCO2,0.2948530921388889,0.46728355,0.0,144
PG,1980,marine_hw,abrupt-4xCO2,0.2913853496666667,0.48285842,0.012346646,144
PG,1981,marine_hw,abrupt-4xCO2,0.29809985393055555,0.47839296,0.0,144
PG,1982,marine_hw,abrupt-4xCO2,0.27414497850625,0.45028192,0.0,144
PG,1983,marine_hw,abrupt-4xCO2,0.290389026875,0.50984067,0.011672189,144
PG,1984,marine_hw,abrupt-4xCO2,0.30442328629166665,0.55893433,0.009238781,144
PG,1985,marine_hw,abrupt-4xCO2,0.3030213258402778,0.46813047,0.015348475,144
PG,1986,marine_hw,abrupt-4xCO2,0.291369921754375,0.46491724,0.0,144
PG,1987,marine_hw,abrupt-4xCO2,0.2840790306854861,0.47674066,0.0,144
PG,1988,marine_hw,abrupt-4xCO2,0.2914936288125,0.51322436,0.008938129,144
PG,1989,marine_hw,abrupt-4xCO2,0.2801303911298611,0.49532077,0.0,144
PG,1990,marine_hw,abrupt-4xCO2,0.3038690718472222,0.45390984,0.015121643,144
PG,1991,marine_hw,abrupt-4xCO2,0.30234821065833334,0.49094516,0.0,144
PG,1992,marine_hw,abrupt-4xCO2,0.27951056720083334,0.53813016,0.0,144
PG,1993,marine_hw,abrupt-4xCO2,0.30776587265277777,0.48361677,0.0,144
PG,1994,marine_hw,abrupt-4xCO2,0.2824977219548611,0.4711061,0.0,144
PG,1995,marine_hw,abrupt-4xCO2,0.3066347601944444,0.4928283,0.014951855,144
PG,1996,marine_hw,abrupt-4xCO2,0.3212529798611111,0.5440694,0.03541961,144
PG,1997,marine_hw,abrupt-4xCO2,0.3104423048388889,0.50727105,0.0,144
PG,1998,marine_hw,abrupt-4xCO2,0.297039442,0.47196513,0.0,144
PG,1999,marine_hw,abrupt-4xCO2,0.3023387250694445,0.576795,0.022417046,144
PG,2000,marine_hw,abrupt-4xCO2,0.2982527446895833,0.46744728,0.0005864155,144
PH,1850,marine_hw,abrupt-4xCO2,0.07632478513888889,0.25175795,0.0,144
PH,1851,marine_hw,abrupt-4xCO2,0.13698810886736112,0.3318678,0.0,144
PH,1852,marine_hw,abrupt-4xCO2,0.16383400777361112,0.33029944,0.0,144
PH,1853,marine_hw,abrupt-4xCO2,0.21389723504861113,0.3629248,0.0,144
PH,1854,marine_hw,abrupt-4xCO2,0.19807052572152778,0.3410042,0.0,144
PH,1855,marine_hw,abrupt-4xCO2,0.17463611730694445,0.3077129,0.0,144
PH,1856,marine_hw,abrupt-4xCO2,0.2108474969611111,0.40343577,0.0,144
PH,1857,marine_hw,abrupt-4xCO2,0.24365476995138888,0.40550947,0.001072963,144
PH,1858,marine_hw,abrupt-4xCO2,0.2230190405486111,0.39294848,0.0,144
PH,1859,marine_hw,abrupt-4xCO2,0.24504081530277777,0.4147545,0.0,144
PH,1860,marine_hw,abrupt-4xCO2,0.2535350019076389,0.39535707,0.0017621827,144
PH,1861,marine_hw,abrupt-4xCO2,0.23186576702777778,0.3635705,0.0,144
PH,1862,marine_hw,abrupt-4xCO2,0.22951034280694443,0.40679798,0.0,144
PH,1863,marine_hw,abrupt-4xCO2,0.2643911672840278,0.41559005,0.0033553739,144
PH,1864,marine_hw,abrupt-4xCO2,0.2683809182958333,0.432079,0.0005132656,144
PH,1865,marine_hw,abrupt-4xCO2,0.2619460654826389,0.4629516,0.0,144
PH,1866,marine_hw,abrupt-4xCO2,0.2674390525597222,0.49391413,0.0046417466,144
PH,1867,marine_hw,abrupt-4xCO2,0.2431390128659722,0.39295116,0.0051451977,144
PH,1868,marine_hw,abrupt-4xCO2,0.24100155147222221,0.4186939,0.0,144
PH,1869,marine_hw,abrupt-4xCO2,0.29097305905555554,0.44862425,0.0,144
PH,1870,marine_hw,abrupt-4xCO2,0.2620478477736111,0.4056249,0.0022567834,144
PH,1871,marine_hw,abrupt-4xCO2,0.23254197107152777,0.451457,0.0,144
PH,1872,marine_hw,abrupt-4xCO2,0.26841138080763893,0.45442727,0.0,144
PH,1873,marine_hw,abrupt-4xCO2,0.25177802865277776,0.4157169,0.0,144
PH,1874,marine_hw,abrupt-4xCO2,0.2734011319409722,0.44222936,0.0,144
PH,1875,marine_hw,abrupt-4xCO2,0.2814568788086111,0.48532134,0.00037501904,144
PH,1876,marine_hw,abrupt-4xCO2,0.2605602290020833,0.40273783,0.0,144
PH,1877,marine_hw,abrupt-4xCO2,0.22515204763055557,0.38605696,0.0,144
PH,1878,marine_hw,abrupt-4xCO2,0.2757591186319444,0.4571741,0.014069485,144
PH,1879,marine_hw,abrupt-4xCO2,0.2819999678541667,0.4534837,0.033735942,144
PH,1880,marine_hw,abrupt-4xCO2,0.2671353009409722,0.44483054,0.0,144
PH,1881,marine_hw,abrupt-4xCO2,0.29525740756249996,0.45850486,0.011911772,144
PH,1882,marine_hw,abrupt-4xCO2,0.25100706565277775,0.37757626,0.017845638,144
PH,1883,marine_hw,abrupt-4xCO2,0.2750324627291667,0.53783965,0.0,144
PH,1884,marine_hw,abrupt-4xCO2,0.3069002991784722,0.45442125,0.0,144
PH,1885,marine_hw,abrupt-4xCO2,0.2529204586666667,0.4402523,0.0,144
PH,1886,marine_hw,abrupt-4xCO2,0.26397961769444445,0.4824826,0.01155609,144
PH,1887,marine_hw,abrupt-4xCO2,0.2917148757083334,0.4268256,0.026524976,144
PH,1888,marine_hw,abrupt-4xCO2,0.26496388613194444,0.4433434,0.003793602,144
PH,1889,marine_hw,abrupt-4xCO2,0.2684242186875,0.43395203,0.0,144
PH,1890,marine_hw,abrupt-4xCO2,0.21403809168402776,0.38039556,0.0,144
PH,1891,marine_hw,abrupt-4xCO2,0.2720130862545833,0.461547,0.00019113766,144
PH,1892,marine_hw,abrupt-4xCO2,0.29730341289583334,0.45203748,0.0,144
PH,1893,marine_hw,abrupt-4xCO2,0.2646527609027778,0.42188093,0.039016705,144
PH,1894,marine_hw,abrupt-4xCO2,0.26166023798125004,0.4385363,0.0045652413,144
PH,1895,marine_hw,abrupt-4xCO2,0.29511037352083336,0.4919525,0.034611057,144
PH,1896,marine_hw,abrupt-4xCO2,0.23494162600833335,0.4106662,0.0,144
PH,1897,marine_hw,abrupt-4xCO2,0.28075830688888886,0.48316714,0.0,144
PH,1898,marine_hw,abrupt-4xCO2,0.2968043669513889,0.43867922,0.017880537,144
PH,1899,marine_hw,abrupt-4xCO2,0.25702925343402777,0.43748537,0.0,144
PH,1900,marine_hw,abrupt-4xCO2,0.2576669767129514,0.43650422,0.0,144
PH,1901,marine_hw,abrupt-4xCO2,0.2885878460486111,0.47822177,0.004161365,144
PH,1902,marine_hw,abrupt-4xCO2,0.28849237358333335,0.44929,0.03408827,144
PH,1903,marine_hw,abrupt-4xCO2,0.23637815023680556,0.38395774,0.0,144
PH,1904,marine_hw,abrupt-4xCO2,0.27146579958333333,0.4868253,0.0,144
PH,1905,marine_hw,abrupt-4xCO2,0.3084362316388889,0.4747079,0.028918788,144
PH,1906,marine_hw,abrupt-4xCO2,0.25867009893055554,0.4021513,0.007061733,144
PH,1907,marine_hw,abrupt-4xCO2,0.2737006007125,0.46190333,0.0,144
PH,1908,marine_hw,abrupt-4xCO2,0.2836576406111111,0.4753871,0.06712157,144
PH,1909,marine_hw,abrupt-4xCO2,0.25811544440972223,0.41661483,0.0,144
PH,1910,marine_hw,abrupt-4xCO2,0.27615806485069444,0.49240077,0.0,144
PH,1911,marine_hw,abrupt-4xCO2,0.29999620391666665,0.46290797,0.0,144
PH,1912,marine_hw,abrupt-4xCO2,0.2704280479166667,0.4343218,0.023390267,144
PH,1913,marine_hw,abrupt-4xCO2,0.26507653332638886,0.45369244,0.0,144
PH,1914,marine_hw,abrupt-4xCO2,0.28026158993055555,0.5073858,0.014268676,144
PH,1915,marine_hw,abrupt-4xCO2,0.27911588335416665,0.41689065,0.007975101,144
PH,1916,marine_hw,abrupt-4xCO2,0.27582299067361116,0.43881148,0.02166407,144
PH,1917,marine_hw,abrupt-4xCO2,0.2978861925657639,0.51916695,0.00015624047,144
PH,1918,marine_hw,abrupt-4xCO2,0.2620575444166666,0.41244727,0.015507526,144
PH,1919,marine_hw,abrupt-4xCO2,0.28420318301874997,0.4705632,0.0042069997,144
PH,1920,marine_hw,abrupt-4xCO2,0.29744171735416663,0.45001882,0.0,144
PH,1921,marine_hw,abrupt-4xCO2,0.2643369312291666,0.4495504,0.0,144
PH,1922,marine_hw,abrupt-4xCO2,0.28829692911805554,0.5121553,0.016814157,144
PH,1923,marine_hw,abrupt-4xCO2,0.3031946825,0.5112983,0.045329865,144
PH,1924,marine_hw,abrupt-4xCO2,0.25947961314444445,0.45003024,0.0016688998,144
PH,1925,marine_hw,abrupt-4xCO2,0.24134984414583333,0.44095564,0.0,144
PH,1926,marine_hw,abrupt-4xCO2,0.2738110643680556,0.5176865,0.0,144
PH,1927,marine_hw,abrupt-4xCO2,0.25276737274305555,0.4125513,0.011146047,144
PH,1928,marine_hw,abrupt-4xCO2,0.27204780488888886,0.47069407,0.0,144
PH,1929,marine_hw,abrupt-4xCO2,0.29670925158333333,0.44200927,0.011431266,144
PH,1930,marine_hw,abrupt-4xCO2,0.25335134531250003,0.4266679,0.020235425,144
PH,1931,marine_hw,abrupt-4xCO2,0.2840744628680556,0.46424478,0.03663887,144
PH,1932,marine_hw,abrupt-4xCO2,0.2823610102777778,0.4808995,0.029058376,144
PH,1933,marine_hw,abrupt-4xCO2,0.3121575585129861,0.5130405,0.00013208087,144
PH,1934,marine_hw,abrupt-4xCO2,0.2605617538777778,0.4008876,0.0075007584,144
PH,1935,marine_hw,abrupt-4xCO2,0.2864319049717361,0.46985787,0.00060252193,144
PH,1936,marine_hw,abrupt-4xCO2,0.2931140321319445,0.47490925,0.015370621,144
PH,1937,marine_hw,abrupt-4xCO2,0.30014030803472225,0.43786252,0.042078387,144
PH,1938,marine_hw,abrupt-4xCO2,0.26842094750347223,0.42519218,0.0055827545,144
PH,1939,marine_hw,abrupt-4xCO2,0.2936799377638889,0.45128185,0.0,144
PH,1940,marine_hw,abrupt-4xCO2,0.2574782557117778,0.4395832,5.8259866e-05,144
PH,1941,marine_hw,abrupt-4xCO2,0.28775515597222223,0.4475975,0.0,144
PH,1942,marine_hw,abrupt-4xCO2,0.2803373711388889,0.421842,0.013213035,144
PH,1943,marine_hw,abrupt-4xCO2,0.29875944636805557,0.5089891,0.04448885,144
PH,1944,marine_hw,abrupt-4xCO2,0.24640464976874998,0.438896,0.0,144
PH,1945,marine_hw,abrupt-4xCO2,0.2868158480625,0.47808692,0.0,144
PH,1946,marine_hw,abrupt-4xCO2,0.3010040774138889,0.47199667,0.0064357226,144
PH,1947,marine_hw,abrupt-4xCO2,0.27774098350555554,0.4500537,0.0041466006,144
PH,1948,marine_hw,abrupt-4xCO2,0.3116037147465278,0.49241355,0.0085951965,144
PH,1949,marine_hw,abrupt-4xCO2,0.3035537670069444,0.45357567,0.04012213,144
PH,1950,marine_hw,abrupt-4xCO2,0.23687990820138888,0.3975811,0.0,144
PH,1951,marine_hw,abrupt-4xCO2,0.270345982125,0.4698136,0.0,144
PH,1952,marine_hw,abrupt-4xCO2,0.29808364247222224,0.4866924,0.025728922,144
PH,1953,marine_hw,abrupt-4xCO2,0.2817928118263889,0.48265508,0.011646688,144
PH,1954,marine_hw,abrupt-4xCO2,0.2826821613819444,0.452267,0.0,144
PH,1955,marine_hw,abrupt-4xCO2,0.2779365721388889,0.48677632,0.0,144
PH,1956,marine_hw,abrupt-4xCO2,0.2862621038888889,0.46243283,0.010836,144
PH,1957,marine_hw,abrupt-4xCO2,0.2864479770069444,0.4772185,0.004082175,144
PH,1958,marine_hw,abrupt-4xCO2,0.27671045739583333,0.47495085,0.017766448,144
PH,1959,marine_hw,abrupt-4xCO2,0.3052273077263889,0.47501662,0.0069444166,144
PH,1960,marine_hw,abrupt-4xCO2,0.2712188422131944,0.43262994,0.0,144
PH,1961,marine_hw,abrupt-4xCO2,0.2844123556729167,0.4418079,0.0014333436,144
PH,1962,marine_hw,abrupt-4xCO2,0.2802090191736111,0.4879635,0.017915431,144
PH,1963,marine_hw,abrupt-4xCO2,0.3169014860277778,0.5291543,0.01338014,144
PH,1964,marine_hw,abrupt-4xCO2,0.2901645266458333,0.49150687,0.008138974,144
PH,1965,marine_hw,abrupt-4xCO2,0.28357110174930555,0.45887065,0.0023453685,144
PH,1966,marine_hw,abrupt-4xCO2,0.32522318194444444,0.4820041,0.07548147,144
PH,1967,marine_hw,abrupt-4xCO2,0.3024077458611111,0.44298437,0.011327244,144
PH,1968,marine_hw,abrupt-4xCO2,0.25723114127083335,0.39487723,0.0,144
PH,1969,marine_hw,abrupt-4xCO2,0.30108124380694445,0.52562296,0.0018125152,144
PH,1970,marine_hw,abrupt-4xCO2,0.3105975445763889,0.49957824,0.035464026,144
PH,1971,marine_hw,abrupt-4xCO2,0.27887991968402776,0.45855924,0.0095300395,144
PH,1972,marine_hw,abrupt-4xCO2,0.2662663522201389,0.45920885,0.0,144
PH,1973,marine_hw,abrupt-4xCO2,0.2934877261527778,0.5048859,0.015005544,144
PH,1974,marine_hw,abrupt-4xCO2,0.29617399806944444,0.4405429,0.044643752,144
PH,1975,marine_hw,abrupt-4xCO2,0.2656416226180556,0.40942332,0.0,144
PH,1976,marine_hw,abrupt-4xCO2,0.3055878986625,0.5212098,0.0016393714,144
PH,1977,marine_hw,abrupt-4xCO2,0.3071771844097222,0.52254057,0.022472873,144
PH,1978,marine_hw,abrupt-4xCO2,0.27714491510069444,0.42117965,0.0026131375,144
PH,1979,marine_hw,abrupt-4xCO2,0.25525377645694447,0.4146747,0.0028748664,144
PH,1980,marine_hw,abrupt-4xCO2,0.2883868951875,0.5234277,0.00970788,144
PH,1981,marine_hw,abrupt-4xCO2,0.3129495423263889,0.45617482,0.025698178,144
PH,1982,marine_hw,abrupt-4xCO2,0.28389135924166664,0.48790443,0.0,144
PH,1983,marine_hw,abrupt-4xCO2,0.31848937131944444,0.5163114,0.016480621,144
PH,1984,marine_hw,abrupt-4xCO2,0.29635091033333333,0.5108588,0.012651996,144
PH,1985,marine_hw,abrupt-4xCO2,0.28510768084444443,0.45704526,0.0,144
PH,1986,marine_hw,abrupt-4xCO2,0.269189315125,0.463773,0.01987236,144
PH,1987,marine_hw,abrupt-4xCO2,0.26213833679861115,0.43488753,0.0,144
PH,1988,marine_hw,abrupt-4xCO2,0.2884430867152778,0.4677533,0.012470128,144
PH,1989,marine_hw,abrupt-4xCO2,0.30025010010416664,0.47257113,0.041693173,144
PH,1990,marine_hw,abrupt-4xCO2,0.2844487430138889,0.4497195,0.019983763,144
PH,1991,marine_hw,abrupt-4xCO2,0.29060371087361114,0.53025484,0.0,144
PH,1992,marine_hw,abrupt-4xCO2,0.2958377119027778,0.50742745,0.0,144
PH,1993,marine_hw,abrupt-4xCO2,0.2864078946388889,0.44638014,0.010410522,144
PH,1994,marine_hw,abrupt-4xCO2,0.27965516277777774,0.47581255,0.009713921,144
PH,1995,marine_hw,abrupt-4xCO2,0.2869692252638889,0.48551732,0.0,144
PH,1996,marine_hw,abrupt-4xCO2,0.3369820017361111,0.5275953,0.05991329,144
PH,1997,marine_hw,abrupt-4xCO2,0.3033364821875,0.47535887,0.045824885,144
PH,1998,marine_hw,abrupt-4xCO2,0.28758762480833333,0.4585049,0.0,144
PH,1999,marine_hw,abrupt-4xCO2,0.31257101086805555,0.50740457,0.027994012,144
PH,2000,marine_hw,abrupt-4xCO2,0.2892102536548611,0.4545152,0.0041298233,144
PK,1850,marine_hw,abrupt-4xCO2,0.043011880291666665,0.22328582,0.0,24
PK,1851,marine_hw,abrupt-4xCO2,0.08613717396666666,0.35531262,0.0,24
PK,1852,marine_hw,abrupt-4xCO2,0.11590974344,0.36940235,0.0,24
PK,1853,marine_hw,abrupt-4xCO2,0.14013777079166667,0.39371362,0.0,24
PK,1854,marine_hw,abrupt-4xCO2,0.12702877314416666,0.3782488,0.0,24
PK,1855,marine_hw,abrupt-4xCO2,0.10827863433333333,0.326409,0.0,24
PK,1856,marine_hw,abrupt-4xCO2,0.13202448791666666,0.41199437,0.0,24
PK,1857,marine_hw,abrupt-4xCO2,0.191530906875,0.48353758,0.0,24
PK,1858,marine_hw,abrupt-4xCO2,0.1600031667,0.44151536,0.0,24
PK,1859,marine_hw,abrupt-4xCO2,0.15361454044583334,0.42532104,0.0,24
PK,1860,marine_hw,abrupt-4xCO2,0.16720831656666668,0.40385327,0.0,24
PK,1861,marine_hw,abrupt-4xCO2,0.12747696995833332,0.37326655,0.0,24
PK,1862,marine_hw,abrupt-4xCO2,0.17026510208333334,0.4193563,0.0,24
PK,1863,marine_hw,abrupt-4xCO2,0.194067693825,0.49995267,0.0,24
PK,1864,marine_hw,abrupt-4xCO2,0.164702668215,0.42559552,0.0,24
PK,1865,marine_hw,abrupt-4xCO2,0.17763922458333334,0.45502126,0.0,24
PK,1866,marine_hw,abrupt-4xCO2,0.21394542220833335,0.5369739,0.0,24
PK,1867,marine_hw,abrupt-4xCO2,0.15883316845416667,0.45508367,0.0,24
PK,1868,marine_hw,abrupt-4xCO2,0.17758189629166665,0.4123239,0.0,24
PK,1869,marine_hw,abrupt-4xCO2,0.1945938364083333,0.49127004,0.0,24
PK,1870,marine_hw,abrupt-4xCO2,0.14107196525833332,0.3987918,0.0,24
PK,1871,marine_hw,abrupt-4xCO2,0.15511997649583334,0.41341177,0.0,24
PK,1872,marine_hw,abrupt-4xCO2,0.165033990325,0.46252617,0.0,24
PK,1873,marine_hw,abrupt-4xCO2,0.16253167029166668,0.41196686,0.0,24
PK,1874,marine_hw,abrupt-4xCO2,0.18639834775833333,0.4766038,0.0,24
PK,1875,marine_hw,abrupt-4xCO2,0.208781864625,0.5265926,0.0,24
PK,1876,marine_hw,abrupt-4xCO2,0.19015745122083336,0.4604739,0.0,24
PK,1877,marine_hw,abrupt-4xCO2,0.15214486983333333,0.37818435,0.0,24
PK,1878,marine_hw,abrupt-4xCO2,0.17596613760000002,0.47909093,0.0,24
PK,1879,marine_hw,abrupt-4xCO2,0.21242095522083335,0.51413834,0.0,24
PK,1880,marine_hw,abrupt-4xCO2,0.19041232829166665,0.43450505,0.0,24
PK,1881,marine_hw,abrupt-4xCO2,0.18105881121458334,0.4814908,0.0,24
PK,1882,marine_hw,abrupt-4xCO2,0.160462873,0.41724038,0.0,24
PK,1883,marine_hw,abrupt-4xCO2,0.19243848153333332,0.5072032,0.0,24
PK,1884,marine_hw,abrupt-4xCO2,0.21034852659166667,0.5101158,0.0,24
PK,1885,marine_hw,abrupt-4xCO2,0.17627910125000001,0.42173332,0.0,24
PK,1886,marine_hw,abrupt-4xCO2,0.1573248075,0.42511433,0.0,24
PK,1887,marine_hw,abrupt-4xCO2,0.22917565079166669,0.53782153,0.0,24
PK,1888,marine_hw,abrupt-4xCO2,0.2553695744166667,0.57263076,0.015877973,24
PK,1889,marine_hw,abrupt-4xCO2,0.2167634913958333,0.4917666,0.0,24
PK,1890,marine_hw,abrupt-4xCO2,0.1751318018175,0.43875444,0.0,24
PK,1891,marine_hw,abrupt-4xCO2,0.221319789775,0.5457519,0.0,24
PK,1892,marine_hw,abrupt-4xCO2,0.22034002408333334,0.49681532,0.0,24
PK,1893,marine_hw,abrupt-4xCO2,0.17395519318333333,0.41576993,0.0,24
PK,1894,marine_hw,abrupt-4xCO2,0.197063480625,0.5052819,0.0,24
PK,1895,marine_hw,abrupt-4xCO2,0.22713471099166668,0.49010363,0.0,24
PK,1896,marine_hw,abrupt-4xCO2,0.20137139454166667,0.4865361,0.0,24
PK,1897,marine_hw,abrupt-4xCO2,0.17956804408333335,0.4460795,0.0,24
PK,1898,marine_hw,abrupt-4xCO2,0.19910971841666666,0.49985874,0.0,24
PK,1899,marine_hw,abrupt-4xCO2,0.2010254081875,0.49108276,0.0,24
PK,1900,marine_hw,abrupt-4xCO2,0.18153123595833334,0.4991561,0.0,24
PK,1901,marine_hw,abrupt-4xCO2,0.21910775158333332,0.48267055,0.0,24
PK,1902,marine_hw,abrupt-4xCO2,0.184216031925,0.5138478,0.0,24
PK,1903,marine_hw,abrupt-4xCO2,0.163114570375,0.43030596,0.0,24
PK,1904,marine_hw,abrupt-4xCO2,0.19301392799999997,0.46929017,0.0,24
PK,1905,marine_hw,abrupt-4xCO2,0.18935268864166666,0.5107353,0.0,24
PK,1906,marine_hw,abrupt-4xCO2,0.19286604350833333,0.4849214,0.0,24
PK,1907,marine_hw,abrupt-4xCO2,0.20913056733333332,0.4901077,0.0,24
PK,1908,marine_hw,abrupt-4xCO2,0.21227306499999998,0.5157155,0.0,24
PK,1909,marine_hw,abrupt-4xCO2,0.16199340275,0.45520312,0.0,24
PK,1910,marine_hw,abrupt-4xCO2,0.1913807529875,0.48742533,0.0,24
PK,1911,marine_hw,abrupt-4xCO2,0.23418393225,0.5084817,0.0,24
PK,1912,marine_hw,abrupt-4xCO2,0.16481349645833335,0.47072232,0.0,24
PK,1913,marine_hw,abrupt-4xCO2,0.21352427045833333,0.50224924,0.0,24
PK,1914,marine_hw,abrupt-4xCO2,0.21962181183333332,0.5023552,0.0,24
PK,1915,marine_hw,abrupt-4xCO2,0.21360820470833333,0.4648542,0.0,24
PK,1916,marine_hw,abrupt-4xCO2,0.22007028616666668,0.5107755,0.0,24
PK,1917,marine_hw,abrupt-4xCO2,0.17739293391666666,0.4777178,0.0,24
PK,1918,marine_hw,abrupt-4xCO2,0.1956904617916667,0.49520734,0.0,24
PK,1919,marine_hw,abrupt-4xCO2,0.22979095229375,0.52064806,0.0,24
PK,1920,marine_hw,abrupt-4xCO2,0.23975210158333335,0.52065074,0.0,24
PK,1921,marine_hw,abrupt-4xCO2,0.19461634620833335,0.46658966,0.0,24
PK,1922,marine_hw,abrupt-4xCO2,0.19684518427083333,0.46407706,0.0,24
PK,1923,marine_hw,abrupt-4xCO2,0.1906631273,0.4726752,0.0,24
PK,1924,marine_hw,abrupt-4xCO2,0.1696235505,0.39528462,0.0,24
PK,1925,marine_hw,abrupt-4xCO2,0.18015122525000002,0.4728443,0.0,24
PK,1926,marine_hw,abrupt-4xCO2,0.22176730016666668,0.5221426,0.0,24
PK,1927,marine_hw,abrupt-4xCO2,0.16921853941666665,0.43428424,0.0,24
PK,1928,marine_hw,abrupt-4xCO2,0.197340437025,0.4567104,0.0,24
PK,1929,marine_hw,abrupt-4xCO2,0.225844893,0.5310427,0.0,24
PK,1930,marine_hw,abrupt-4xCO2,0.20969786350833333,0.47784463,0.0,24
PK,1931,marine_hw,abrupt-4xCO2,0.21574362270833333,0.52597994,0.0,24
PK,1932,marine_hw,abrupt-4xCO2,0.1704611391666667,0.44065636,0.0,24
PK,1933,marine_hw,abrupt-4xCO2,0.18792440541666666,0.47654748,0.0,24
PK,1934,marine_hw,abrupt-4xCO2,0.18598765827083333,0.44268978,0.0,24
PK,1935,marine_hw,abrupt-4xCO2,0.22103939154583332,0.51816833,0.0,24
PK,1936,marine_hw,abrupt-4xCO2,0.24245250976666666,0.53238827,0.0,24
PK,1937,marine_hw,abrupt-4xCO2,0.200018640925,0.4868488,0.0,24
PK,1938,marine_hw,abrupt-4xCO2,0.1810604192916667,0.4414536,0.0,24
PK,1939,marine_hw,abrupt-4xCO2,0.21422564895416665,0.5090736,0.0,24
PK,1940,marine_hw,abrupt-4xCO2,0.18907218114000002,0.47776413,0.0,24
PK,1941,marine_hw,abrupt-4xCO2,0.1774103135625,0.50066406,0.0,24
PK,1942,marine_hw,abrupt-4xCO2,0.22411504787916667,0.50293237,0.0,24
PK,1943,marine_hw,abrupt-4xCO2,0.2428190247916667,0.5281966,0.0,24
PK,1944,marine_hw,abrupt-4xCO2,0.164579248625,0.42103538,0.0,24
PK,1945,marine_hw,abrupt-4xCO2,0.17147805922916667,0.4510584,0.0,24
PK,1946,marine_hw,abrupt-4xCO2,0.1965469822625,0.5009231,0.0,24
PK,1947,marine_hw,abrupt-4xCO2,0.20538134233333336,0.48303565,0.0,24
PK,1948,marine_hw,abrupt-4xCO2,0.226890385875,0.53389895,0.0,24
PK,1949,marine_hw,abrupt-4xCO2,0.202050224275,0.5178818,0.0,24
PK,1950,marine_hw,abrupt-4xCO2,0.1733902147666667,0.4356976,0.0,24
PK,1951,marine_hw,abrupt-4xCO2,0.25863064348750003,0.54365206,0.0,24
PK,1952,marine_hw,abrupt-4xCO2,0.26048036327083335,0.52161515,0.0024326115,24
PK,1953,marine_hw,abrupt-4xCO2,0.1978012878016667,0.5063805,0.0,24
PK,1954,marine_hw,abrupt-4xCO2,0.21992026488333336,0.5418226,0.0,24
PK,1955,marine_hw,abrupt-4xCO2,0.21038620316666667,0.5357431,0.0,24
PK,1956,marine_hw,abrupt-4xCO2,0.21905865915416667,0.48936144,0.0,24
PK,1957,marine_hw,abrupt-4xCO2,0.22345217952083332,0.48812455,0.0,24
PK,1958,marine_hw,abrupt-4xCO2,0.21364255495833331,0.49892327,0.0,24
PK,1959,marine_hw,abrupt-4xCO2,0.21507077016666665,0.50239885,0.008315474,24
PK,1960,marine_hw,abrupt-4xCO2,0.19176111032916665,0.49817693,0.0,24
PK,1961,marine_hw,abrupt-4xCO2,0.20809230879166665,0.5018003,0.0,24
PK,1962,marine_hw,abrupt-4xCO2,0.19893545971666668,0.47640243,0.0,24
PK,1963,marine_hw,abrupt-4xCO2,0.207850254125,0.52039504,0.0,24
PK,1964,marine_hw,abrupt-4xCO2,0.21108252708333333,0.48339602,0.0,24
PK,1965,marine_hw,abrupt-4xCO2,0.18350295931250002,0.45775193,0.0,24
PK,1966,marine_hw,abrupt-4xCO2,0.25195039058333335,0.52663696,0.0,24
PK,1967,marine_hw,abrupt-4xCO2,0.19249188753083335,0.44558558,0.0,24
PK,1968,marine_hw,abrupt-4xCO2,0.1667672647625,0.49433628,0.0,24
PK,1969,marine_hw,abrupt-4xCO2,0.21864087954166667,0.5050739,0.0,24
PK,1970,marine_hw,abrupt-4xCO2,0.24078290829166668,0.54191995,0.0,24
PK,1971,marine_hw,abrupt-4xCO2,0.21087797434333333,0.47655547,0.0,24
PK,1972,marine_hw,abrupt-4xCO2,0.20308859099999998,0.468758,0.0,24
PK,1973,marine_hw,abrupt-4xCO2,0.2558959015666667,0.5417287,0.0,24
PK,1974,marine_hw,abrupt-4xCO2,0.19861096997499997,0.53088635,0.0,24
PK,1975,marine_hw,abrupt-4xCO2,0.21204895904166665,0.5077717,0.0,24
PK,1976,marine_hw,abrupt-4xCO2,0.22144626116666666,0.5132485,0.0,24
PK,1977,marine_hw,abrupt-4xCO2,0.22410785390416665,0.53071994,0.0,24
PK,1978,marine_hw,abrupt-4xCO2,0.19897233959166669,0.4710417,0.0,24
PK,1979,marine_hw,abrupt-4xCO2,0.1729554022416667,0.46330395,0.0,24
PK,1980,marine_hw,abrupt-4xCO2,0.253188296875,0.54237497,0.0,24
PK,1981,marine_hw,abrupt-4xCO2,0.21905359595833332,0.50750387,0.0,24
PK,1982,marine_hw,abrupt-4xCO2,0.2030889543125,0.49450272,0.0,24
PK,1983,marine_hw,abrupt-4xCO2,0.21439459745833334,0.5299408,0.0,24
PK,1984,marine_hw,abrupt-4xCO2,0.22302854494583335,0.54157096,0.0,24
PK,1985,marine_hw,abrupt-4xCO2,0.21369728158333334,0.49423224,0.0,24
PK,1986,marine_hw,abrupt-4xCO2,0.19126581016666666,0.47683865,0.0,24
PK,1987,marine_hw,abrupt-4xCO2,0.20778114404166667,0.5087817,0.0,24
PK,1988,marine_hw,abrupt-4xCO2,0.2365917295875,0.56137043,0.0,24
PK,1989,marine_hw,abrupt-4xCO2,0.20376838179166668,0.5138102,0.0,24
PK,1990,marine_hw,abrupt-4xCO2,0.20583475233333334,0.4819075,0.0,24
PK,1991,marine_hw,abrupt-4xCO2,0.23387113822083336,0.5335493,0.0,24
PK,1992,marine_hw,abrupt-4xCO2,0.22528459608333332,0.49287865,0.0,24
PK,1993,marine_hw,abrupt-4xCO2,0.1925867280875,0.4754998,0.0,24
PK,1994,marine_hw,abrupt-4xCO2,0.21410358774166668,0.49037877,0.0,24
PK,1995,marine_hw,abrupt-4xCO2,0.24535421587499998,0.520634,0.0,24
PK,1996,marine_hw,abrupt-4xCO2,0.2374963719583333,0.5089239,0.0,24
PK,1997,marine_hw,abrupt-4xCO2,0.18705850378333333,0.5098769,0.0,24
PK,1998,marine_hw,abrupt-4xCO2,0.213234852125,0.47495425,0.0,24
PK,1999,marine_hw,abrupt-4xCO2,0.24505003535833333,0.5664761,0.0,24
PK,2000,marine_hw,abrupt-4xCO2,0.20148342317083334,0.47207922,0.0,24
PW,1850,marine_hw,abrupt-4xCO2,0.10459380770416667,0.19576673,0.0,48
PW,1851,marine_hw,abrupt-4xCO2,0.1732642216875,0.27425593,0.008156297,48
PW,1852,marine_hw,abrupt-4xCO2,0.2120010932916667,0.3225194,0.026215471,48
PW,1853,marine_hw,abrupt-4xCO2,0.23070885604166666,0.31687343,0.08444199,48
PW,1854,marine_hw,abrupt-4xCO2,0.24912856291666666,0.32815126,0.12274435,48
PW,1855,marine_hw,abrupt-4xCO2,0.242397333125,0.32739025,0.13226055,48
PW,1856,marine_hw,abrupt-4xCO2,0.2446268925,0.3157856,0.07785514,48
PW,1857,marine_hw,abrupt-4xCO2,0.2818721170833333,0.36143774,0.14765826,48
PW,1858,marine_hw,abrupt-4xCO2,0.27620858645833335,0.37382618,0.17808123,48
PW,1859,marine_hw,abrupt-4xCO2,0.28051993125,0.38686833,0.14121234,48
PW,1860,marine_hw,abrupt-4xCO2,0.286367360625,0.3705418,0.15106073,48
PW,1861,marine_hw,abrupt-4xCO2,0.2926311010416667,0.36612934,0.18644716,48
PW,1862,marine_hw,abrupt-4xCO2,0.28244409583333335,0.36966538,0.113147624,48
PW,1863,marine_hw,abrupt-4xCO2,0.30763802145833335,0.41522163,0.11710778,48
PW,1864,marine_hw,abrupt-4xCO2,0.3233034564583333,0.4014218,0.19698277,48
PW,1865,marine_hw,abrupt-4xCO2,0.3201665079166667,0.42756113,0.19043082,48
PW,1866,marine_hw,abrupt-4xCO2,0.31339568916666666,0.42971537,0.1245429,48
PW,1867,marine_hw,abrupt-4xCO2,0.31746556229166667,0.39500475,0.17048103,48
PW,1868,marine_hw,abrupt-4xCO2,0.29851637833333333,0.39689454,0.14397997,48
PW,1869,marine_hw,abrupt-4xCO2,0.30794878062500003,0.38783002,0.13741124,48
PW,1870,marine_hw,abrupt-4xCO2,0.32049368958333335,0.39655966,0.197723,48
PW,1871,marine_hw,abrupt-4xCO2,0.283013813125,0.3846094,0.1373891,48
PW,1872,marine_hw,abrupt-4xCO2,0.30328215354166665,0.4011708,0.16030045,48
PW,1873,marine_hw,abrupt-4xCO2,0.30293521875,0.38910848,0.18492578,48
PW,1874,marine_hw,abrupt-4xCO2,0.31342681104166664,0.43525326,0.16441965,48
PW,1875,marine_hw,abrupt-4xCO2,0.3197060145833333,0.44053954,0.13112505,48
PW,1876,marine_hw,abrupt-4xCO2,0.32336355916666665,0.38976812,0.19216695,48
PW,1877,marine_hw,abrupt-4xCO2,0.2815377766666667,0.3887427,0.13224377,48
PW,1878,marine_hw,abrupt-4xCO2,0.313667049375,0.402964,0.17188632,48
PW,1879,marine_hw,abrupt-4xCO2,0.31800568583333333,0.37646493,0.18923157,48
PW,1880,marine_hw,abrupt-4xCO2,0.3200450535416667,0.41187215,0.1969888,48
PW,1881,marine_hw,abrupt-4xCO2,0.304935853125,0.40036148,0.13711394,48
PW,1882,marine_hw,abrupt-4xCO2,0.297057295625,0.3785232,0.20041478,48
PW,1883,marine_hw,abrupt-4xCO2,0.314923921875,0.4114306,0.16010985,48
PW,1884,marine_hw,abrupt-4xCO2,0.34484713937499994,0.42481834,0.2335671,48
PW,1885,marine_hw,abrupt-4xCO2,0.31852528333333335,0.4163484,0.21544808,48
PW,1886,marine_hw,abrupt-4xCO2,0.30375774770833336,0.4129714,0.12521333,48
PW,1887,marine_hw,abrupt-4xCO2,0.31974471875,0.39042044,0.16404718,48
PW,1888,marine_hw,abrupt-4xCO2,0.30800171625,0.4027351,0.15535377,48
PW,1889,marine_hw,abrupt-4xCO2,0.3187200854166667,0.4040941,0.16884018,48
PW,1890,marine_hw,abrupt-4xCO2,0.2855364645833333,0.3754992,0.15165669,48
PW,1891,marine_hw,abrupt-4xCO2,0.300864798125,0.38695487,0.13390139,48
PW,1892,marine_hw,abrupt-4xCO2,0.335577813125,0.44870415,0.18999192,48
PW,1893,marine_hw,abrupt-4xCO2,0.32174668562500003,0.38829577,0.20826328,48
PW,1894,marine_hw,abrupt-4xCO2,0.30731547833333334,0.3939605,0.15772879,48
PW,1895,marine_hw,abrupt-4xCO2,0.31722742708333335,0.3977368,0.16985086,48
PW,1896,marine_hw,abrupt-4xCO2,0.3081367566666667,0.3734906,0.19713241,48
PW,1897,marine_hw,abrupt-4xCO2,0.33754934583333335,0.44136363,0.18428421,48
PW,1898,marine_hw,abrupt-4xCO2,0.339233164375,0.43664715,0.17675245,48
PW,1899,marine_hw,abrupt-4xCO2,0.32713583104166666,0.39304915,0.20461452,48
PW,1900,marine_hw,abrupt-4xCO2,0.32161045041666664,0.41519007,0.16016355,48
PW,1901,marine_hw,abrupt-4xCO2,0.32854467520833336,0.41967034,0.17897046,48
PW,1902,marine_hw,abrupt-4xCO2,0.34082443395833334,0.42842686,0.20098186,48
PW,1903,marine_hw,abrupt-4xCO2,0.316413224375,0.38955474,0.21934852,48
PW,1904,marine_hw,abrupt-4xCO2,0.32412338270833335,0.42348015,0.14739117,48
PW,1905,marine_hw,abrupt-4xCO2,0.3328682339583333,0.41175404,0.20628488,48
PW,1906,marine_hw,abrupt-4xCO2,0.3264016814583333,0.38881516,0.20416757,48
PW,1907,marine_hw,abrupt-4xCO2,0.310916615,0.4075288,0.15223785,48
PW,1908,marine_hw,abrupt-4xCO2,0.31357732083333334,0.4191187,0.13208672,48
PW,1909,marine_hw,abrupt-4xCO2,0.33308648958333337,0.39417255,0.21811436,48
PW,1910,marine_hw,abrupt-4xCO2,0.30762613833333335,0.4035089,0.12053374,48
PW,1911,marine_hw,abrupt-4xCO2,0.31853703916666665,0.41567463,0.18615592,48
PW,1912,marine_hw,abrupt-4xCO2,0.32871813625,0.3983287,0.21411797,48
PW,1913,marine_hw,abrupt-4xCO2,0.32356943,0.41913885,0.17380902,48
PW,1914,marine_hw,abrupt-4xCO2,0.3337199717916666,0.46242207,0.124869056,48
PW,1915,marine_hw,abrupt-4xCO2,0.329761924375,0.39948902,0.18710284,48
PW,1916,marine_hw,abrupt-4xCO2,0.32850224833333336,0.4199683,0.16748792,48
PW,1917,marine_hw,abrupt-4xCO2,0.342822496875,0.42928922,0.21483336,48
PW,1918,marine_hw,abrupt-4xCO2,0.3190861285416667,0.4026935,0.18203402,48
PW,1919,marine_hw,abrupt-4xCO2,0.33586884916666665,0.4187979,0.17834833,48
PW,1920,marine_hw,abrupt-4xCO2,0.3475622339583333,0.44818673,0.1824568,48
PW,1921,marine_hw,abrupt-4xCO2,0.316910908125,0.38837492,0.20448902,48
PW,1922,marine_hw,abrupt-4xCO2,0.32095513187499997,0.40883946,0.17424254,48
PW,1923,marine_hw,abrupt-4xCO2,0.3302151479166667,0.4171893,0.19817933,48
PW,1924,marine_hw,abrupt-4xCO2,0.32060831166666665,0.43000394,0.18120924,48
PW,1925,marine_hw,abrupt-4xCO2,0.2860126047916667,0.40243584,0.14585367,48
PW,1926,marine_hw,abrupt-4xCO2,0.31466957458333333,0.4136895,0.15521753,48
PW,1927,marine_hw,abrupt-4xCO2,0.311716956875,0.40192175,0.17123267,48
PW,1928,marine_hw,abrupt-4xCO2,0.31128475375000003,0.4031888,0.13689718,48
PW,1929,marine_hw,abrupt-4xCO2,0.3416595872916666,0.4406241,0.15257406,48
PW,1930,marine_hw,abrupt-4xCO2,0.31472351354166667,0.41617325,0.2148441,48
PW,1931,marine_hw,abrupt-4xCO2,0.33364858104166667,0.45460713,0.14799315,48
PW,1932,marine_hw,abrupt-4xCO2,0.34116086854166666,0.42400363,0.22632527,48
PW,1933,marine_hw,abrupt-4xCO2,0.35323110458333334,0.43539354,0.21998069,48
PW,1934,marine_hw,abrupt-4xCO2,0.3217143691666667,0.4120198,0.19433057,48
PW,1935,marine_hw,abrupt-4xCO2,0.32195915479166665,0.41648462,0.15583226,48
PW,1936,marine_hw,abrupt-4xCO2,0.32244134125,0.42010856,0.1670289,48
PW,1937,marine_hw,abrupt-4xCO2,0.3552544597916667,0.42598137,0.23314431,48
PW,1938,marine_hw,abrupt-4xCO2,0.32361169875,0.39363098,0.17704573,48
PW,1939,marine_hw,abrupt-4xCO2,0.33527216666666665,0.42884293,0.18301249,48
PW,1940,marine_hw,abrupt-4xCO2,0.32835099520833333,0.41441026,0.19866589,48
PW,1941,marine_hw,abrupt-4xCO2,0.3310019439583333,0.4079912,0.14249885,48
PW,1942,marine_hw,abrupt-4xCO2,0.32552356354166667,0.43246755,0.186319,48
PW,1943,marine_hw,abrupt-4xCO2,0.3315682079166667,0.42720276,0.15035407,48
PW,1944,marine_hw,abrupt-4xCO2,0.3368865797916667,0.43485868,0.17494184,48
PW,1945,marine_hw,abrupt-4xCO2,0.35187939458333334,0.405137,0.18954295,48
PW,1946,marine_hw,abrupt-4xCO2,0.34888477083333336,0.42345268,0.23490998,48
PW,1947,marine_hw,abrupt-4xCO2,0.34451380416666666,0.43488082,0.22293353,48
PW,1948,marine_hw,abrupt-4xCO2,0.34057152395833334,0.43835577,0.17830405,48
PW,1949,marine_hw,abrupt-4xCO2,0.3314415345833333,0.41325128,0.2132603,48
PW,1950,marine_hw,abrupt-4xCO2,0.32487810791666666,0.4056685,0.2164185,48
PW,1951,marine_hw,abrupt-4xCO2,0.3283411689583333,0.4188174,0.172291,48
PW,1952,marine_hw,abrupt-4xCO2,0.34694658895833336,0.46010882,0.1820642,48
PW,1953,marine_hw,abrupt-4xCO2,0.32746657916666666,0.41503304,0.17754033,48
PW,1954,marine_hw,abrupt-4xCO2,0.3348964554166667,0.43025625,0.1581093,48
PW,1955,marine_hw,abrupt-4xCO2,0.32715533645833333,0.41726378,0.20130867,48
PW,1956,marine_hw,abrupt-4xCO2,0.34023404500000004,0.43317756,0.18368223,48
PW,1957,marine_hw,abrupt-4xCO2,0.3304334952083333,0.4207924,0.21308783,48
PW,1958,marine_hw,abrupt-4xCO2,0.338076609375,0.4597001,0.21092689,48
PW,1959,marine_hw,abrupt-4xCO2,0.34846105958333334,0.44315082,0.17850135,48
PW,1960,marine_hw,abrupt-4xCO2,0.331643641875,0.41148293,0.22983646,48
PW,1961,marine_hw,abrupt-4xCO2,0.33378837625,0.437884,0.17138165,48
PW,1962,marine_hw,abrupt-4xCO2,0.3325600997916667,0.4517959,0.15173788,48
PW,1963,marine_hw,abrupt-4xCO2,0.361619588125,0.4596491,0.18954496,48
PW,1964,marine_hw,abrupt-4xCO2,0.34308727874999995,0.42215273,0.22891036,48
PW,1965,marine_hw,abrupt-4xCO2,0.332466588125,0.4429904,0.16939653,48
PW,1966,marine_hw,abrupt-4xCO2,0.35193633229166665,0.46841905,0.1890752,48
PW,1967,marine_hw,abrupt-4xCO2,0.36060965,0.423905,0.23479657,48
PW,1968,marine_hw,abrupt-4xCO2,0.31940053270833335,0.4038089,0.17514719,48
PW,1969,marine_hw,abrupt-4xCO2,0.33298653791666666,0.4375612,0.15633157,48
PW,1970,marine_hw,abrupt-4xCO2,0.34470006375,0.45654058,0.18501908,48
PW,1971,marine_hw,abrupt-4xCO2,0.34164153354166665,0.42092463,0.17608806,48
PW,1972,marine_hw,abrupt-4xCO2,0.3301738335416667,0.41626653,0.18695518,48
PW,1973,marine_hw,abrupt-4xCO2,0.33283014270833333,0.46067995,0.15956761,48
PW,1974,marine_hw,abrupt-4xCO2,0.342764184375,0.4325105,0.20578559,48
PW,1975,marine_hw,abrupt-4xCO2,0.32648820333333334,0.39934608,0.22913182,48
PW,1976,marine_hw,abrupt-4xCO2,0.3359660689583333,0.41921803,0.18226823,48
PW,1977,marine_hw,abrupt-4xCO2,0.354423086875,0.4543528,0.15812206,48
PW,1978,marine_hw,abrupt-4xCO2,0.34340519166666666,0.45147508,0.21782446,48
PW,1979,marine_hw,abrupt-4xCO2,0.31410908145833333,0.3932827,0.19086099,48
PW,1980,marine_hw,abrupt-4xCO2,0.3367239127083333,0.44023085,0.15754893,48
PW,1981,marine_hw,abrupt-4xCO2,0.36210434500000005,0.44442856,0.26701942,48
PW,1982,marine_hw,abrupt-4xCO2,0.3476688125,0.45659292,0.18339032,48
PW,1983,marine_hw,abrupt-4xCO2,0.33977430729166663,0.43404394,0.17456803,48
PW,1984,marine_hw,abrupt-4xCO2,0.3532662008333333,0.46202883,0.19796258,48
PW,1985,marine_hw,abrupt-4xCO2,0.34962676479166666,0.41786775,0.21993774,48
PW,1986,marine_hw,abrupt-4xCO2,0.3245948575,0.42570084,0.15205732,48
PW,1987,marine_hw,abrupt-4xCO2,0.3248145954166667,0.4087851,0.16969785,48
PW,1988,marine_hw,abrupt-4xCO2,0.3375641616666667,0.45870957,0.1560846,48
PW,1989,marine_hw,abrupt-4xCO2,0.34181396166666667,0.46154296,0.20535274,48
PW,1990,marine_hw,abrupt-4xCO2,0.3451799389583334,0.4481686,0.18576197,48
PW,1991,marine_hw,abrupt-4xCO2,0.351403005625,0.45710495,0.18042403,48
PW,1992,marine_hw,abrupt-4xCO2,0.33440571437500005,0.42883152,0.20464069,48
PW,1993,marine_hw,abrupt-4xCO2,0.35591843854166666,0.40700266,0.22788894,48
PW,1994,marine_hw,abrupt-4xCO2,0.32787107583333336,0.4012782,0.193738,48
PW,1995,marine_hw,abrupt-4xCO2,0.35587977833333334,0.47680646,0.18280378,48
PW,1996,marine_hw,abrupt-4xCO2,0.373442879375,0.47566962,0.20393671,48
PW,1997,marine_hw,abrupt-4xCO2,0.35440915375,0.42331642,0.2205706,48
PW,1998,marine_hw,abrupt-4xCO2,0.35934298666666664,0.4283933,0.21018532,48
PW,1999,marine_hw,abrupt-4xCO2,0.35074745979166666,0.44676465,0.20816329,48
PW,2000,marine_hw,abrupt-4xCO2,0.34457523687499997,0.4299066,0.24307525,48
RE,1850,marine_hw,abrupt-4xCO2,0.0082346269375,0.10236304,0.0,72
RE,1851,marine_hw,abrupt-4xCO2,0.022960982593055554,0.20458029,0.0,72
RE,1852,marine_hw,abrupt-4xCO2,0.03390991652777778,0.2547866,0.0,72
RE,1853,marine_hw,abrupt-4xCO2,0.027851548309166665,0.2664443,0.0,72
RE,1854,marine_hw,abrupt-4xCO2,0.02169943103888889,0.2298284,0.0,72
RE,1855,marine_hw,abrupt-4xCO2,0.03032315877027778,0.20287973,0.0,72
RE,1856,marine_hw,abrupt-4xCO2,0.041525586368750006,0.2443074,0.0,72
RE,1857,marine_hw,abrupt-4xCO2,0.045140073763888885,0.30055094,0.0,72
RE,1858,marine_hw,abrupt-4xCO2,0.0348372207875,0.26543832,0.0,72
RE,1859,marine_hw,abrupt-4xCO2,0.053395555750000004,0.34043705,0.0,72
RE,1860,marine_hw,abrupt-4xCO2,0.04465591984305556,0.29402447,0.0,72
RE,1861,marine_hw,abrupt-4xCO2,0.04661634471480555,0.273719,0.0,72
RE,1862,marine_hw,abrupt-4xCO2,0.03874335169166667,0.24525163,0.0,72
RE,1863,marine_hw,abrupt-4xCO2,0.06110823274444445,0.36569583,0.0,72
RE,1864,marine_hw,abrupt-4xCO2,0.05340218555277778,0.36731988,0.0,72
RE,1865,marine_hw,abrupt-4xCO2,0.06275392927708333,0.35988745,0.0,72
RE,1866,marine_hw,abrupt-4xCO2,0.05579489284583334,0.31192273,0.0,72
RE,1867,marine_hw,abrupt-4xCO2,0.04222541190833333,0.2659269,0.0,72
RE,1868,marine_hw,abrupt-4xCO2,0.04891531605555556,0.29518214,0.0,72
RE,1869,marine_hw,abrupt-4xCO2,0.06566560428958333,0.3801553,0.0,72
RE,1870,marine_hw,abrupt-4xCO2,0.04418383200694445,0.31692243,0.0,72
RE,1871,marine_hw,abrupt-4xCO2,0.06691016902083333,0.3391566,0.0,72
RE,1872,marine_hw,abrupt-4xCO2,0.0647438535138889,0.3588466,0.0,72
RE,1873,marine_hw,abrupt-4xCO2,0.06510190154444445,0.36658835,0.0,72
RE,1874,marine_hw,abrupt-4xCO2,0.06764831778055555,0.31928337,0.0,72
RE,1875,marine_hw,abrupt-4xCO2,0.08301726818472223,0.3833417,0.0,72
RE,1876,marine_hw,abrupt-4xCO2,0.060499698556944446,0.35733527,0.0,72
RE,1877,marine_hw,abrupt-4xCO2,0.04533350289444445,0.2678865,0.0,72
RE,1878,marine_hw,abrupt-4xCO2,0.08434113217916667,0.37009552,0.0,72
RE,1879,marine_hw,abrupt-4xCO2,0.06389495320694444,0.3678346,0.0,72
RE,1880,marine_hw,abrupt-4xCO2,0.054603267911111114,0.3320255,0.0,72
RE,1881,marine_hw,abrupt-4xCO2,0.063506036775,0.38509732,0.0,72
RE,1882,marine_hw,abrupt-4xCO2,0.048381001506944445,0.30094153,0.0,72
RE,1883,marine_hw,abrupt-4xCO2,0.05571457157583334,0.3048037,0.0,72
RE,1884,marine_hw,abrupt-4xCO2,0.07698204729166666,0.4025888,0.0,72
RE,1885,marine_hw,abrupt-4xCO2,0.053651776549583335,0.3430637,0.0,72
RE,1886,marine_hw,abrupt-4xCO2,0.07380220470833333,0.3820344,0.0,72
RE,1887,marine_hw,abrupt-4xCO2,0.07599382457972222,0.4513389,0.0,72
RE,1888,marine_hw,abrupt-4xCO2,0.08244245733333333,0.37381613,0.0,72
RE,1889,marine_hw,abrupt-4xCO2,0.05794293773611111,0.37694746,0.0,72
RE,1890,marine_hw,abrupt-4xCO2,0.05995672894444445,0.3056681,0.0,72
RE,1891,marine_hw,abrupt-4xCO2,0.07469948834583334,0.41851336,0.0,72
RE,1892,marine_hw,abrupt-4xCO2,0.07071174227625,0.36885336,0.0,72
RE,1893,marine_hw,abrupt-4xCO2,0.04858857708888889,0.33416367,0.0,72
RE,1894,marine_hw,abrupt-4xCO2,0.059683509225,0.34366438,0.0,72
RE,1895,marine_hw,abrupt-4xCO2,0.061584368211111115,0.39318603,0.0,72
RE,1896,marine_hw,abrupt-4xCO2,0.04788819473611111,0.29347485,0.0,72
RE,1897,marine_hw,abrupt-4xCO2,0.05477471503981944,0.2930487,0.0,72
RE,1898,marine_hw,abrupt-4xCO2,0.08510205392083332,0.4133392,0.0,72
RE,1899,marine_hw,abrupt-4xCO2,0.05479907825486111,0.32374012,0.0,72
RE,1900,marine_hw,abrupt-4xCO2,0.060287669359027775,0.33419243,0.0,72
RE,1901,marine_hw,abrupt-4xCO2,0.08211749926041667,0.38862324,0.0,72
RE,1902,marine_hw,abrupt-4xCO2,0.06878868822916667,0.3578245,0.0,72
RE,1903,marine_hw,abrupt-4xCO2,0.04572163461111111,0.26171505,0.0,72
RE,1904,marine_hw,abrupt-4xCO2,0.05730408263888889,0.32743657,0.0,72
RE,1905,marine_hw,abrupt-4xCO2,0.07497908816111111,0.42382714,0.0,72
RE,1906,marine_hw,abrupt-4xCO2,0.055791036981944445,0.31878138,0.0,72
RE,1907,marine_hw,abrupt-4xCO2,0.05364102586111111,0.33657485,0.0,72
RE,1908,marine_hw,abrupt-4xCO2,0.06417261659083334,0.35835198,0.0,72
RE,1909,marine_hw,abrupt-4xCO2,0.06475147557638888,0.34477767,0.0,72
RE,1910,marine_hw,abrupt-4xCO2,0.07787721952222222,0.42623302,0.0,72
RE,1911,marine_hw,abrupt-4xCO2,0.07313036424861112,0.43278363,0.0,72
RE,1912,marine_hw,abrupt-4xCO2,0.05297894113888889,0.3085907,0.0,72
RE,1913,marine_hw,abrupt-4xCO2,0.05723725413888889,0.339719,0.0,72
RE,1914,marine_hw,abrupt-4xCO2,0.06742883466388888,0.43468285,0.0,72
RE,1915,marine_hw,abrupt-4xCO2,0.05016301519361111,0.3211886,0.0,72
RE,1916,marine_hw,abrupt-4xCO2,0.06944668793055556,0.381774,0.0,72
RE,1917,marine_hw,abrupt-4xCO2,0.07420250527777777,0.38543886,0.0,72
RE,1918,marine_hw,abrupt-4xCO2,0.06763267639444444,0.3951893,0.0,72
RE,1919,marine_hw,abrupt-4xCO2,0.07107290675555555,0.34398317,0.0,72
RE,1920,marine_hw,abrupt-4xCO2,0.079121558875,0.42786917,0.0,72
RE,1921,marine_hw,abrupt-4xCO2,0.07351806504444444,0.3718706,0.0,72
RE,1922,marine_hw,abrupt-4xCO2,0.0721245278263889,0.36687562,0.0,72
RE,1923,marine_hw,abrupt-4xCO2,0.08260224729166667,0.37164977,0.0,72
RE,1924,marine_hw,abrupt-4xCO2,0.05613644325,0.3359937,0.0,72
RE,1925,marine_hw,abrupt-4xCO2,0.053992212222222224,0.30230653,0.0,72
RE,1926,marine_hw,abrupt-4xCO2,0.08824750175972224,0.40336597,0.0,72
RE,1927,marine_hw,abrupt-4xCO2,0.06603027106527777,0.36556295,0.0,72
RE,1928,marine_hw,abrupt-4xCO2,0.06177307744444444,0.30919874,0.0,72
RE,1929,marine_hw,abrupt-4xCO2,0.07374268333666667,0.42529684,0.0,72
RE,1930,marine_hw,abrupt-4xCO2,0.06995898309722222,0.33102357,0.0,72
RE,1931,marine_hw,abrupt-4xCO2,0.06776066176444445,0.36677498,0.0,72
RE,1932,marine_hw,abrupt-4xCO2,0.06749553308055556,0.35035115,0.0,72
RE,1933,marine_hw,abrupt-4xCO2,0.06942236919861111,0.3762817,0.0,72
RE,1934,marine_hw,abrupt-4xCO2,0.05805325043819444,0.3659844,0.0,72
RE,1935,marine_hw,abrupt-4xCO2,0.06862007228055556,0.36530322,0.0,72
RE,1936,marine_hw,abrupt-4xCO2,0.08291515957125001,0.42007905,0.0,72
RE,1937,marine_hw,abrupt-4xCO2,0.06919891144027777,0.3918177,0.0,72
RE,1938,marine_hw,abrupt-4xCO2,0.05716068755972222,0.29811686,0.0,72
RE,1939,marine_hw,abrupt-4xCO2,0.06938453630555556,0.34520787,0.0,72
RE,1940,marine_hw,abrupt-4xCO2,0.07437011103472221,0.4208045,0.0,72
RE,1941,marine_hw,abrupt-4xCO2,0.07534649874305556,0.38324708,0.0,72
RE,1942,marine_hw,abrupt-4xCO2,0.07977225078611111,0.3934478,0.0,72
RE,1943,marine_hw,abrupt-4xCO2,0.07502616397777778,0.40488398,0.0,72
RE,1944,marine_hw,abrupt-4xCO2,0.07957638972777778,0.38573483,0.0,72
RE,1945,marine_hw,abrupt-4xCO2,0.08223495384583333,0.40688187,0.0,72
RE,1946,marine_hw,abrupt-4xCO2,0.08475265202083333,0.4356935,0.0,72
RE,1947,marine_hw,abrupt-4xCO2,0.06240310743055555,0.30197102,0.0,72
RE,1948,marine_hw,abrupt-4xCO2,0.08580719452361112,0.3763334,0.0,72
RE,1949,marine_hw,abrupt-4xCO2,0.05760931938611111,0.353455,0.0,72
RE,1950,marine_hw,abrupt-4xCO2,0.051973207816666665,0.28423315,0.0,72
RE,1951,marine_hw,abrupt-4xCO2,0.07460872286666667,0.401252,0.0,72
RE,1952,marine_hw,abrupt-4xCO2,0.07194799814027779,0.41198957,0.0,72
RE,1953,marine_hw,abrupt-4xCO2,0.075665249625,0.32289654,0.0,72
RE,1954,marine_hw,abrupt-4xCO2,0.07858878380555556,0.4431159,0.0,72
RE,1955,marine_hw,abrupt-4xCO2,0.06735731539166666,0.4163618,0.0,72
RE,1956,marine_hw,abrupt-4xCO2,0.07506341917638888,0.3921814,0.0,72
RE,1957,marine_hw,abrupt-4xCO2,0.05795261607499999,0.33216375,0.0,72
RE,1958,marine_hw,abrupt-4xCO2,0.05884301710138889,0.3589003,0.0,72
RE,1959,marine_hw,abrupt-4xCO2,0.08670373109305556,0.43539825,0.0,72
RE,1960,marine_hw,abrupt-4xCO2,0.07267949667958334,0.3446925,0.0,72
RE,1961,marine_hw,abrupt-4xCO2,0.08219912405138889,0.36765206,0.0,72
RE,1962,marine_hw,abrupt-4xCO2,0.06792406966388889,0.39972526,0.0,72
RE,1963,marine_hw,abrupt-4xCO2,0.06719611193277777,0.408118,0.0,72
RE,1964,marine_hw,abrupt-4xCO2,0.06589574531055556,0.34249333,0.0,72
RE,1965,marine_hw,abrupt-4xCO2,0.06530489517361111,0.35547838,0.0,72
RE,1966,marine_hw,abrupt-4xCO2,0.0809593692375,0.4011889,0.0,72
RE,1967,marine_hw,abrupt-4xCO2,0.07470733063888889,0.37454826,0.0,72
RE,1968,marine_hw,abrupt-4xCO2,0.08080748987819444,0.34511596,0.0,72
RE,1969,marine_hw,abrupt-4xCO2,0.09057299958000001,0.43190718,0.0,72
RE,1970,marine_hw,abrupt-4xCO2,0.08182462311527777,0.43513986,0.0,72
RE,1971,marine_hw,abrupt-4xCO2,0.08316435049027777,0.37056464,0.0,72
RE,1972,marine_hw,abrupt-4xCO2,0.06315190144583332,0.34001833,0.0,72
RE,1973,marine_hw,abrupt-4xCO2,0.07038402166666667,0.3837685,0.0,72
RE,1974,marine_hw,abrupt-4xCO2,0.09490828417777777,0.39930177,0.0,72
RE,1975,marine_hw,abrupt-4xCO2,0.06589183925972222,0.348709,0.0,72
RE,1976,marine_hw,abrupt-4xCO2,0.10738461617916667,0.46257043,0.0,72
RE,1977,marine_hw,abrupt-4xCO2,0.08362600590694444,0.4200455,0.0,72
RE,1978,marine_hw,abrupt-4xCO2,0.06406233423333334,0.3567139,0.0,72
RE,1979,marine_hw,abrupt-4xCO2,0.0630231900625,0.3153091,0.0,72
RE,1980,marine_hw,abrupt-4xCO2,0.08927884440972222,0.3984374,0.0,72
RE,1981,marine_hw,abrupt-4xCO2,0.081245684,0.3821297,0.0,72
RE,1982,marine_hw,abrupt-4xCO2,0.08553403659027778,0.37525293,0.0,72
RE,1983,marine_hw,abrupt-4xCO2,0.08437954729027779,0.39821327,0.0,72
RE,1984,marine_hw,abrupt-4xCO2,0.08185580930972222,0.4156384,0.0,72
RE,1985,marine_hw,abrupt-4xCO2,0.08104854949027779,0.44763505,0.0,72
RE,1986,marine_hw,abrupt-4xCO2,0.0833606454861111,0.36399728,0.0,72
RE,1987,marine_hw,abrupt-4xCO2,0.07253413650000001,0.33898148,0.0,72
RE,1988,marine_hw,abrupt-4xCO2,0.07709328171527778,0.39350617,0.0,72
RE,1989,marine_hw,abrupt-4xCO2,0.09664173734027777,0.40428805,0.0,72
RE,1990,marine_hw,abrupt-4xCO2,0.06207992326388889,0.34056184,0.0,72
RE,1991,marine_hw,abrupt-4xCO2,0.07782877169208333,0.35731846,0.0,72
RE,1992,marine_hw,abrupt-4xCO2,0.08305019660277778,0.45719558,0.0,72
RE,1993,marine_hw,abrupt-4xCO2,0.07306878239083334,0.39498326,0.0,72
RE,1994,marine_hw,abrupt-4xCO2,0.06513739648333333,0.32529843,0.0,72
RE,1995,marine_hw,abrupt-4xCO2,0.08616036744986111,0.4420978,0.0,72
RE,1996,marine_hw,abrupt-4xCO2,0.08257516377847222,0.4117111,0.0,72
RE,1997,marine_hw,abrupt-4xCO2,0.0799004116888889,0.3812076,0.0,72
RE,1998,marine_hw,abrupt-4xCO2,0.08037312028333334,0.37438786,0.0,72
RE,1999,marine_hw,abrupt-4xCO2,0.08062964912638888,0.4354533,0.0,72
RE,2000,marine_hw,abrupt-4xCO2,0.07364381339305555,0.34917676,0.0,72
RU,1850,marine_hw,abrupt-4xCO2,0.0006828627259641025,0.2421196,0.0,7800
RU,1851,marine_hw,abrupt-4xCO2,0.0010034083169778206,0.32107383,0.0,7800
RU,1852,marine_hw,abrupt-4xCO2,0.001301568572751282,0.33207917,0.0,7800
RU,1853,marine_hw,abrupt-4xCO2,0.0014164758533525641,0.32505614,0.0,7800
RU,1854,marine_hw,abrupt-4xCO2,0.0017126198927941026,0.38179076,0.0,7800
RU,1855,marine_hw,abrupt-4xCO2,0.0015536053762737181,0.35134375,0.0,7800
RU,1856,marine_hw,abrupt-4xCO2,0.0018711962611064102,0.37461203,0.0,7800
RU,1857,marine_hw,abrupt-4xCO2,0.0018448173064692308,0.39536512,0.0,7800
RU,1858,marine_hw,abrupt-4xCO2,0.0016980511987884615,0.39717844,0.0,7800
RU,1859,marine_hw,abrupt-4xCO2,0.0017993523665864103,0.35166204,0.0,7800
RU,1860,marine_hw,abrupt-4xCO2,0.001656263508223077,0.36429322,0.0,7800
RU,1861,marine_hw,abrupt-4xCO2,0.0015821465511306027,0.37194377,0.0,7800
RU,1862,marine_hw,abrupt-4xCO2,0.001745033282294872,0.37930033,0.0,7800
RU,1863,marine_hw,abrupt-4xCO2,0.001896416567275,0.39085197,0.0,7800
RU,1864,marine_hw,abrupt-4xCO2,0.0020065293935448716,0.41879255,0.0,7800
RU,1865,marine_hw,abrupt-4xCO2,0.002154204055017949,0.42146552,0.0,7800
RU,1866,marine_hw,abrupt-4xCO2,0.0018901601757358973,0.3955557,0.0,7800
RU,1867,marine_hw,abrupt-4xCO2,0.0019045844121051282,0.4155726,0.0,7800
RU,1868,marine_hw,abrupt-4xCO2,0.002016315430146154,0.35451198,0.0,7800
RU,1869,marine_hw,abrupt-4xCO2,0.0017335186840858974,0.3834182,0.0,7800
RU,1870,marine_hw,abrupt-4xCO2,0.0023356340104423077,0.42538476,0.0,7800
RU,1871,marine_hw,abrupt-4xCO2,0.0018325127441153847,0.39328605,0.0,7800
RU,1872,marine_hw,abrupt-4xCO2,0.002105581351705128,0.37250477,0.0,7800
RU,1873,marine_hw,abrupt-4xCO2,0.0021210630790294872,0.42455998,0.0,7800
RU,1874,marine_hw,abrupt-4xCO2,0.002008642675294872,0.42217487,0.0,7800
RU,1875,marine_hw,abrupt-4xCO2,0.002419094667983077,0.42958316,0.0,7800
RU,1876,marine_hw,abrupt-4xCO2,0.002224821997937179,0.41433173,0.0,7800
RU,1877,marine_hw,abrupt-4xCO2,0.0017746468183416667,0.39077613,0.0,7800
RU,1878,marine_hw,abrupt-4xCO2,0.0024524877452025643,0.3830263,0.0,7800
RU,1879,marine_hw,abrupt-4xCO2,0.0020126757123397434,0.41768217,0.0,7800
RU,1880,marine_hw,abrupt-4xCO2,0.0016374053776153847,0.35126656,0.0,7800
RU,1881,marine_hw,abrupt-4xCO2,0.0016496499297820513,0.35449523,0.0,7800
RU,1882,marine_hw,abrupt-4xCO2,0.0020397272116871794,0.40086478,0.0,7800
RU,1883,marine_hw,abrupt-4xCO2,0.0015642360853717948,0.36778894,0.0,7800
RU,1884,marine_hw,abrupt-4xCO2,0.0019326661741012822,0.40500143,0.0,7800
RU,1885,marine_hw,abrupt-4xCO2,0.0018435297585935896,0.4451829,0.0,7800
RU,1886,marine_hw,abrupt-4xCO2,0.0020731030815589746,0.4042062,0.0,7800
RU,1887,marine_hw,abrupt-4xCO2,0.0017780247604871795,0.40469274,0.0,7800
RU,1888,marine_hw,abrupt-4xCO2,0.002192150901627564,0.45142478,0.0,7800
RU,1889,marine_hw,abrupt-4xCO2,0.0017618339392692307,0.37102973,0.0,7800
RU,1890,marine_hw,abrupt-4xCO2,0.002041366438019231,0.43919668,0.0,7800
RU,1891,marine_hw,abrupt-4xCO2,0.0017382216479307692,0.4102857,0.0,7800
RU,1892,marine_hw,abrupt-4xCO2,0.0018832428271205127,0.3832665,0.0,7800
RU,1893,marine_hw,abrupt-4xCO2,0.002300458388076923,0.42423382,0.0,7800
RU,1894,marine_hw,abrupt-4xCO2,0.0017106094526282052,0.37429392,0.0,7800
RU,1895,marine_hw,abrupt-4xCO2,0.0018821757006205128,0.3846302,0.0,7800
RU,1896,marine_hw,abrupt-4xCO2,0.0023145097366589745,0.46129668,0.0,7800
RU,1897,marine_hw,abrupt-4xCO2,0.002178387907096154,0.37946138,0.0,7800
RU,1898,marine_hw,abrupt-4xCO2,0.001896844824560641,0.41667992,0.0,7800
RU,1899,marine_hw,abrupt-4xCO2,0.0023381955331432053,0.4486491,0.0,7800
RU,1900,marine_hw,abrupt-4xCO2,0.0017938052273782051,0.35996264,0.0,7800
RU,1901,marine_hw,abrupt-4xCO2,0.0020600126881923078,0.43024015,0.0,7800
RU,1902,marine_hw,abrupt-4xCO2,0.002343636922142308,0.41902742,0.0,7800
RU,1903,marine_hw,abrupt-4xCO2,0.0020288126325346155,0.41515383,0.0,7800
RU,1904,marine_hw,abrupt-4xCO2,0.002022165877102564,0.4069047,0.0,7800
RU,1905,marine_hw,abrupt-4xCO2,0.0024114813188948715,0.41111314,0.0,7800
RU,1906,marine_hw,abrupt-4xCO2,0.0024291203354192305,0.42386806,0.0,7800
RU,1907,marine_hw,abrupt-4xCO2,0.0017730547624743589,0.39100766,0.0,7800
RU,1908,marine_hw,abrupt-4xCO2,0.0021423096151948714,0.41664904,0.0,7800
RU,1909,marine_hw,abrupt-4xCO2,0.0018552852956602564,0.38722062,0.0,7800
RU,1910,marine_hw,abrupt-4xCO2,0.001724797262819231,0.43681294,0.0,7800
RU,1911,marine_hw,abrupt-4xCO2,0.0017852023460846154,0.37419796,0.0,7800
RU,1912,marine_hw,abrupt-4xCO2,0.001961164262517949,0.4211273,0.0,7800
RU,1913,marine_hw,abrupt-4xCO2,0.0014393815758397437,0.33546886,0.0,7800
RU,1914,marine_hw,abrupt-4xCO2,0.0018700622130897436,0.40279284,0.0,7800
RU,1915,marine_hw,abrupt-4xCO2,0.001984363626025641,0.414064,0.0,7800
RU,1916,marine_hw,abrupt-4xCO2,0.0019240655555974359,0.45102143,0.0,7800
RU,1917,marine_hw,abrupt-4xCO2,0.001920255476576923,0.42877245,0.0,7800
RU,1918,marine_hw,abrupt-4xCO2,0.001979746404070513,0.3990025,0.0,7800
RU,1919,marine_hw,abrupt-4xCO2,0.0014891919442179488,0.4006903,0.0,7800
RU,1920,marine_hw,abrupt-4xCO2,0.001827941973251795,0.44146097,0.0,7800
RU,1921,marine_hw,abrupt-4xCO2,0.0021135990041589747,0.43666124,0.0,7800
RU,1922,marine_hw,abrupt-4xCO2,0.0020703096461076923,0.4520402,0.0,7800
RU,1923,marine_hw,abrupt-4xCO2,0.0020872098858974357,0.40936357,0.0,7800
RU,1924,marine_hw,abrupt-4xCO2,0.001730729999423077,0.3456649,0.0,7800
RU,1925,marine_hw,abrupt-4xCO2,0.0016631352801089745,0.3633235,0.0,7800
RU,1926,marine_hw,abrupt-4xCO2,0.0016815165566512822,0.39202505,0.0,7800
RU,1927,marine_hw,abrupt-4xCO2,0.0021198226019371793,0.43352383,0.0,7800
RU,1928,marine_hw,abrupt-4xCO2,0.002072423308217949,0.43860745,0.0,7800
RU,1929,marine_hw,abrupt-4xCO2,0.002535591597576923,0.43601227,0.0,7800
RU,1930,marine_hw,abrupt-4xCO2,0.0023578070220214103,0.460739,0.0,7800
RU,1931,marine_hw,abrupt-4xCO2,0.002073498193532051,0.41273186,0.0,7800
RU,1932,marine_hw,abrupt-4xCO2,0.002333737886473077,0.45389578,0.0,7800
RU,1933,marine_hw,abrupt-4xCO2,0.0019487265807307693,0.41480017,0.0,7800
RU,1934,marine_hw,abrupt-4xCO2,0.0018151933563153846,0.40204793,0.0,7800
RU,1935,marine_hw,abrupt-4xCO2,0.001945908839705128,0.41317275,0.0,7800
RU,1936,marine_hw,abrupt-4xCO2,0.002052034747820513,0.40334314,0.0,7800
RU,1937,marine_hw,abrupt-4xCO2,0.002318169808047436,0.41886863,0.0,7800
RU,1938,marine_hw,abrupt-4xCO2,0.0017578023185128204,0.3827746,0.0,7800
RU,1939,marine_hw,abrupt-4xCO2,0.001784956333124359,0.37075993,0.0,7800
RU,1940,marine_hw,abrupt-4xCO2,0.0020376566288179488,0.38223237,0.0,7800
RU,1941,marine_hw,abrupt-4xCO2,0.0019706081232128206,0.44147438,0.0,7800
RU,1942,marine_hw,abrupt-4xCO2,0.0017241553175897436,0.38281825,0.0,7800
RU,1943,marine_hw,abrupt-4xCO2,0.002110922558644872,0.3985797,0.0,7800
RU,1944,marine_hw,abrupt-4xCO2,0.0023651646830128207,0.44579226,0.0,7800
RU,1945,marine_hw,abrupt-4xCO2,0.0016866131943217948,0.37925604,0.0,7800
RU,1946,marine_hw,abrupt-4xCO2,0.002150478970576923,0.4758602,0.0,7800
RU,1947,marine_hw,abrupt-4xCO2,0.0017405050556558975,0.4070094,0.0,7800
RU,1948,marine_hw,abrupt-4xCO2,0.0022959662595023076,0.4453265,0.0,7800
RU,1949,marine_hw,abrupt-4xCO2,0.0017612096467243589,0.40084532,0.0,7800
RU,1950,marine_hw,abrupt-4xCO2,0.0019839441893846153,0.38742986,0.0,7800
RU,1951,marine_hw,abrupt-4xCO2,0.0024191680363705127,0.41554308,0.0,7800
RU,1952,marine_hw,abrupt-4xCO2,0.002160844801948718,0.4005608,0.0,7800
RU,1953,marine_hw,abrupt-4xCO2,0.002260004022589103,0.43645525,0.0,7800
RU,1954,marine_hw,abrupt-4xCO2,0.001953946495989423,0.4205488,0.0,7800
RU,1955,marine_hw,abrupt-4xCO2,0.0019846439150410255,0.4052182,0.0,7800
RU,1956,marine_hw,abrupt-4xCO2,0.00225540755006,0.42475122,0.0,7800
RU,1957,marine_hw,abrupt-4xCO2,0.0022461004816025643,0.40507728,0.0,7800
RU,1958,marine_hw,abrupt-4xCO2,0.0022741821376538462,0.46060073,0.0,7800
RU,1959,marine_hw,abrupt-4xCO2,0.002136293290198718,0.42310435,0.0,7800
RU,1960,marine_hw,abrupt-4xCO2,0.0021149258816192304,0.38469395,0.0,7800
RU,1961,marine_hw,abrupt-4xCO2,0.0015677750911705127,0.39641404,0.0,7800
RU,1962,marine_hw,abrupt-4xCO2,0.0021771038497996153,0.42339227,0.0,7800
RU,1963,marine_hw,abrupt-4xCO2,0.0019615631985115383,0.42690346,0.0,7800
RU,1964,marine_hw,abrupt-4xCO2,0.002217867678508077,0.42272183,0.0,7800
RU,1965,marine_hw,abrupt-4xCO2,0.001977335710371154,0.46009472,0.0,7800
RU,1966,marine_hw,abrupt-4xCO2,0.0018691279781076922,0.43647468,0.0,7800
RU,1967,marine_hw,abrupt-4xCO2,0.0020044557562416665,0.43111596,0.0,7800
RU,1968,marine_hw,abrupt-4xCO2,0.0014998149338384613,0.39645365,0.0,7800
RU,1969,marine_hw,abrupt-4xCO2,0.002346634645320513,0.4479337,0.0,7800
RU,1970,marine_hw,abrupt-4xCO2,0.0021984895424064102,0.43382317,0.0,7800
RU,1971,marine_hw,abrupt-4xCO2,0.002059290702694872,0.4545756,0.0,7800
RU,1972,marine_hw,abrupt-4xCO2,0.002185074014596154,0.46550512,0.0,7800
RU,1973,marine_hw,abrupt-4xCO2,0.002237909979746154,0.42472908,0.0,7800
RU,1974,marine_hw,abrupt-4xCO2,0.0023727025664743587,0.43258497,0.0,7800
RU,1975,marine_hw,abrupt-4xCO2,0.0023318261613692304,0.45013088,0.0,7800
RU,1976,marine_hw,abrupt-4xCO2,0.0021420549965166665,0.45147043,0.0,7800
RU,1977,marine_hw,abrupt-4xCO2,0.002408655099974359,0.45827,0.0,7800
RU,1978,marine_hw,abrupt-4xCO2,0.0023893602579571796,0.43297023,0.0,7800
RU,1979,marine_hw,abrupt-4xCO2,0.002191969075982051,0.40860322,0.0,7800
RU,1980,marine_hw,abrupt-4xCO2,0.002223894715226923,0.4887359,0.0,7800
RU,1981,marine_hw,abrupt-4xCO2,0.0026168847137846155,0.47990963,0.0,7800
RU,1982,marine_hw,abrupt-4xCO2,0.002056315481602564,0.4063195,0.0,7800
RU,1983,marine_hw,abrupt-4xCO2,0.0024055042957987177,0.45879143,0.0,7800
RU,1984,marine_hw,abrupt-4xCO2,0.0022661594251692308,0.47540116,0.0,7800
RU,1985,marine_hw,abrupt-4xCO2,0.002278084429324359,0.43200582,0.0,7800
RU,1986,marine_hw,abrupt-4xCO2,0.002263506189453846,0.44154823,0.0,7800
RU,1987,marine_hw,abrupt-4xCO2,0.002155938378653846,0.3856664,0.0,7800
RU,1988,marine_hw,abrupt-4xCO2,0.0021914209242615383,0.48266113,0.0,7800
RU,1989,marine_hw,abrupt-4xCO2,0.0024861975455641025,0.49557644,0.0,7800
RU,1990,marine_hw,abrupt-4xCO2,0.001971883488257526,0.40600342,0.0,7800
RU,1991,marine_hw,abrupt-4xCO2,0.002183860764426923,0.44365478,0.0,7800
RU,1992,marine_hw,abrupt-4xCO2,0.0022205131635846154,0.41154385,0.0,7800
RU,1993,marine_hw,abrupt-4xCO2,0.002204848675344872,0.44128448,0.0,7800
RU,1994,marine_hw,abrupt-4xCO2,0.0023620513520384617,0.4365062,0.0,7800
RU,1995,marine_hw,abrupt-4xCO2,0.002590992042576923,0.4445272,0.0,7800
RU,1996,marine_hw,abrupt-4xCO2,0.0023543797168589743,0.45530307,0.0,7800
RU,1997,marine_hw,abrupt-4xCO2,0.0023358051415641023,0.42060316,0.0,7800
RU,1998,marine_hw,abrupt-4xCO2,0.0021047507087435897,0.3916707,0.0,7800
RU,1999,marine_hw,abrupt-4xCO2,0.0020369114732987177,0.4101783,0.0,7800
RU,2000,marine_hw,abrupt-4xCO2,0.0023779658504794873,0.41368815,0.0,7800
SA,1850,marine_hw,abrupt-4xCO2,0.1803257653611111,0.57470787,0.0,36
SA,1851,marine_hw,abrupt-4xCO2,0.24954775525833334,0.6516293,0.0,36
SA,1852,marine_hw,abrupt-4xCO2,0.24015953395555556,0.6437775,0.0,36
SA,1853,marine_hw,abrupt-4xCO2,0.23571799866666668,0.6031303,0.0,36
SA,1854,marine_hw,abrupt-4xCO2,0.26153579313888886,0.6333799,0.0,36
SA,1855,marine_hw,abrupt-4xCO2,0.26311720433333335,0.6263718,0.0,36
SA,1856,marine_hw,abrupt-4xCO2,0.31046512744444443,0.73838913,0.0,36
SA,1857,marine_hw,abrupt-4xCO2,0.32090935980555557,0.6837643,0.0,36
SA,1858,marine_hw,abrupt-4xCO2,0.2866762356111111,0.67115027,0.0,36
SA,1859,marine_hw,abrupt-4xCO2,0.31530849819444445,0.71567374,0.0,36
SA,1860,marine_hw,abrupt-4xCO2,0.3060091226805556,0.7148765,0.0,36
SA,1861,marine_hw,abrupt-4xCO2,0.2780723604861111,0.6667935,0.0,36
SA,1862,marine_hw,abrupt-4xCO2,0.3152638124638889,0.75406605,0.0,36
SA,1863,marine_hw,abrupt-4xCO2,0.3440364816388889,0.79147047,0.0,36
SA,1864,marine_hw,abrupt-4xCO2,0.3584767338611111,0.7807758,0.0,36
SA,1865,marine_hw,abrupt-4xCO2,0.3301928451666667,0.76738065,0.0,36
SA,1866,marine_hw,abrupt-4xCO2,0.3557392737777778,0.7768136,0.0,36
SA,1867,marine_hw,abrupt-4xCO2,0.29586113177777773,0.662885,0.0,36
SA,1868,marine_hw,abrupt-4xCO2,0.322676732425,0.78711367,0.0,36
SA,1869,marine_hw,abrupt-4xCO2,0.3451429492777778,0.74632424,0.0,36
SA,1870,marine_hw,abrupt-4xCO2,0.2926120351111111,0.69773746,0.0,36
SA,1871,marine_hw,abrupt-4xCO2,0.3053247184444444,0.70742726,0.0,36
SA,1872,marine_hw,abrupt-4xCO2,0.3387868706027778,0.7864909,0.0,36
SA,1873,marine_hw,abrupt-4xCO2,0.2772651122222222,0.66846323,0.0,36
SA,1874,marine_hw,abrupt-4xCO2,0.35497192357222224,0.84152377,0.0,36
SA,1875,marine_hw,abrupt-4xCO2,0.3666348216388889,0.7726018,0.0,36
SA,1876,marine_hw,abrupt-4xCO2,0.33168307616666665,0.69146675,0.0,36
SA,1877,marine_hw,abrupt-4xCO2,0.3059952998694444,0.72655094,0.0,36
SA,1878,marine_hw,abrupt-4xCO2,0.3166996314972222,0.75388616,0.0,36
SA,1879,marine_hw,abrupt-4xCO2,0.3106094698388889,0.7145946,0.0,36
SA,1880,marine_hw,abrupt-4xCO2,0.34474277225,0.80143493,0.0,36
SA,1881,marine_hw,abrupt-4xCO2,0.31735916399999997,0.7312889,0.0,36
SA,1882,marine_hw,abrupt-4xCO2,0.2868602131388889,0.7235632,0.0,36
SA,1883,marine_hw,abrupt-4xCO2,0.3111083766,0.7742822,0.0,36
SA,1884,marine_hw,abrupt-4xCO2,0.34799141491666663,0.73860925,0.0,36
SA,1885,marine_hw,abrupt-4xCO2,0.29036352649999997,0.67488426,0.0,36
SA,1886,marine_hw,abrupt-4xCO2,0.3264670033888889,0.7774283,0.0,36
SA,1887,marine_hw,abrupt-4xCO2,0.3498310096388889,0.8217102,0.0,36
SA,1888,marine_hw,abrupt-4xCO2,0.36191986905555557,0.78422797,0.0,36
SA,1889,marine_hw,abrupt-4xCO2,0.31765097138888887,0.72645164,0.0,36
SA,1890,marine_hw,abrupt-4xCO2,0.3191510201527778,0.7752325,0.0,36
SA,1891,marine_hw,abrupt-4xCO2,0.34666328760555554,0.7625138,0.0,36
SA,1892,marine_hw,abrupt-4xCO2,0.35367833069444443,0.77023417,0.0,36
SA,1893,marine_hw,abrupt-4xCO2,0.2956465761388889,0.6655721,0.0,36
SA,1894,marine_hw,abrupt-4xCO2,0.3299995192777778,0.7762338,0.0,36
SA,1895,marine_hw,abrupt-4xCO2,0.3793346994,0.7958943,0.0,36
SA,1896,marine_hw,abrupt-4xCO2,0.3007907813888889,0.7001525,0.0,36
SA,1897,marine_hw,abrupt-4xCO2,0.3277664431666667,0.7966567,0.0,36
SA,1898,marine_hw,abrupt-4xCO2,0.3348383900833334,0.78636473,0.0,36
SA,1899,marine_hw,abrupt-4xCO2,0.33719530875,0.76151794,0.0,36
SA,1900,marine_hw,abrupt-4xCO2,0.33240915658333337,0.79288244,0.0,36
SA,1901,marine_hw,abrupt-4xCO2,0.3642614475,0.76544785,0.0,36
SA,1902,marine_hw,abrupt-4xCO2,0.3455154494166667,0.77630895,0.0,36
SA,1903,marine_hw,abrupt-4xCO2,0.3258287154444444,0.7524312,0.0,36
SA,1904,marine_hw,abrupt-4xCO2,0.3478037457777778,0.8198231,0.0,36
SA,1905,marine_hw,abrupt-4xCO2,0.3353694291111111,0.7332431,0.0,36
SA,1906,marine_hw,abrupt-4xCO2,0.3464877038333333,0.77603513,0.0,36
SA,1907,marine_hw,abrupt-4xCO2,0.34459648108333335,0.7904477,0.0,36
SA,1908,marine_hw,abrupt-4xCO2,0.3389261924472222,0.7688624,0.0,36
SA,1909,marine_hw,abrupt-4xCO2,0.30871040819444445,0.7037174,0.0,36
SA,1910,marine_hw,abrupt-4xCO2,0.35003741330555554,0.82737786,0.0,36
SA,1911,marine_hw,abrupt-4xCO2,0.3343145295277778,0.74699533,0.0,36
SA,1912,marine_hw,abrupt-4xCO2,0.29330715613888886,0.71234506,0.0,36
SA,1913,marine_hw,abrupt-4xCO2,0.3527758171611111,0.8592641,0.0,36
SA,1914,marine_hw,abrupt-4xCO2,0.3539925231666667,0.76376206,0.0,36
SA,1915,marine_hw,abrupt-4xCO2,0.3347277304722222,0.76843023,0.0,36
SA,1916,marine_hw,abrupt-4xCO2,0.3493196334888889,0.76513916,0.0,36
SA,1917,marine_hw,abrupt-4xCO2,0.3550236024722222,0.75691956,0.0,36
SA,1918,marine_hw,abrupt-4xCO2,0.31064344883333334,0.69834864,0.0,36
SA,1919,marine_hw,abrupt-4xCO2,0.33640469175000004,0.7830334,0.0,36
SA,1920,marine_hw,abrupt-4xCO2,0.36584373950000004,0.81056726,0.0,36
SA,1921,marine_hw,abrupt-4xCO2,0.32739974384166665,0.7653298,0.0,36
SA,1922,marine_hw,abrupt-4xCO2,0.3109214875,0.70747024,0.0,36
SA,1923,marine_hw,abrupt-4xCO2,0.3256282956111111,0.7943696,0.0,36
SA,1924,marine_hw,abrupt-4xCO2,0.2925396967138889,0.7290689,0.0,36
SA,1925,marine_hw,abrupt-4xCO2,0.3193573664166667,0.7622239,0.0,36
SA,1926,marine_hw,abrupt-4xCO2,0.347317211375,0.7972983,0.0,36
SA,1927,marine_hw,abrupt-4xCO2,0.2883440773611111,0.7234075,0.0,36
SA,1928,marine_hw,abrupt-4xCO2,0.32069288538888885,0.7981815,0.0,36
SA,1929,marine_hw,abrupt-4xCO2,0.3567760885833333,0.79396695,0.0,36
SA,1930,marine_hw,abrupt-4xCO2,0.33874697131111114,0.7754822,0.0,36
SA,1931,marine_hw,abrupt-4xCO2,0.3574538168611111,0.7941387,0.0,36
SA,1932,marine_hw,abrupt-4xCO2,0.3158527045833333,0.76565456,0.0,36
SA,1933,marine_hw,abrupt-4xCO2,0.31645705977777777,0.7328539,0.0,36
SA,1934,marine_hw,abrupt-4xCO2,0.3077722552222222,0.7389931,0.0,36
SA,1935,marine_hw,abrupt-4xCO2,0.34474896713888886,0.83815753,0.0,36
SA,1936,marine_hw,abrupt-4xCO2,0.36399975149999997,0.8160461,0.0,36
SA,1937,marine_hw,abrupt-4xCO2,0.32389251861111107,0.7517628,0.0,36
SA,1938,marine_hw,abrupt-4xCO2,0.3277830777986111,0.7221566,0.0,36
SA,1939,marine_hw,abrupt-4xCO2,0.3721850686388889,0.8173454,0.0,36
SA,1940,marine_hw,abrupt-4xCO2,0.2832956354944444,0.650016,0.0,36
SA,1941,marine_hw,abrupt-4xCO2,0.3432203011944444,0.79111075,0.0,36
SA,1942,marine_hw,abrupt-4xCO2,0.36774317594444444,0.8039905,0.0,36
SA,1943,marine_hw,abrupt-4xCO2,0.35959360569444443,0.8205049,0.0,36
SA,1944,marine_hw,abrupt-4xCO2,0.3297490449666667,0.77846456,0.0,36
SA,1945,marine_hw,abrupt-4xCO2,0.3092310923333333,0.7857554,0.0,36
SA,1946,marine_hw,abrupt-4xCO2,0.34287301885555554,0.75145143,0.0,36
SA,1947,marine_hw,abrupt-4xCO2,0.28944542075,0.7090486,0.0,36
SA,1948,marine_hw,abrupt-4xCO2,0.34643977634444445,0.77299106,0.0,36
SA,1949,marine_hw,abrupt-4xCO2,0.34440661194444444,0.7302017,0.0,36
SA,1950,marine_hw,abrupt-4xCO2,0.31191577613055554,0.7618884,0.0,36
SA,1951,marine_hw,abrupt-4xCO2,0.38867483669444447,0.82605356,0.0,36
SA,1952,marine_hw,abrupt-4xCO2,0.3395477782222222,0.7309319,0.0,36
SA,1953,marine_hw,abrupt-4xCO2,0.3075361804722222,0.7680571,0.0,36
SA,1954,marine_hw,abrupt-4xCO2,0.35223476724999997,0.76856714,0.0,36
SA,1955,marine_hw,abrupt-4xCO2,0.3359268862777778,0.7571263,0.0,36
SA,1956,marine_hw,abrupt-4xCO2,0.351714668,0.7960232,0.0,36
SA,1957,marine_hw,abrupt-4xCO2,0.33437261780555555,0.7365584,0.0,36
SA,1958,marine_hw,abrupt-4xCO2,0.32743528255,0.76129246,0.0,36
SA,1959,marine_hw,abrupt-4xCO2,0.3642295827777777,0.7987586,0.0,36
SA,1960,marine_hw,abrupt-4xCO2,0.3182033911388889,0.7043697,0.0,36
SA,1961,marine_hw,abrupt-4xCO2,0.36330226081666667,0.85062927,0.0,36
SA,1962,marine_hw,abrupt-4xCO2,0.337240938565,0.73183113,0.0,36
SA,1963,marine_hw,abrupt-4xCO2,0.35038399344444443,0.77995974,0.0,36
SA,1964,marine_hw,abrupt-4xCO2,0.32752078347222224,0.7568874,0.0,36
SA,1965,marine_hw,abrupt-4xCO2,0.3445795697888889,0.8121779,0.0,36
SA,1966,marine_hw,abrupt-4xCO2,0.3891609761111111,0.8371509,0.0,36
SA,1967,marine_hw,abrupt-4xCO2,0.3277613097222222,0.73479474,0.0,36
SA,1968,marine_hw,abrupt-4xCO2,0.32462053208333336,0.7360859,0.0,36
SA,1969,marine_hw,abrupt-4xCO2,0.3869923976944445,0.81695884,0.0,36
SA,1970,marine_hw,abrupt-4xCO2,0.38425180457222224,0.9067359,0.0,36
SA,1971,marine_hw,abrupt-4xCO2,0.3360157888888889,0.717883,0.0,36
SA,1972,marine_hw,abrupt-4xCO2,0.3233456467083333,0.7533332,0.0,36
SA,1973,marine_hw,abrupt-4xCO2,0.40332234083333335,0.85946095,0.0,36
SA,1974,marine_hw,abrupt-4xCO2,0.3487059586111111,0.77568084,0.0,36
SA,1975,marine_hw,abrupt-4xCO2,0.32278114541666664,0.76164675,0.0,36
SA,1976,marine_hw,abrupt-4xCO2,0.37031643461111113,0.8069111,0.0,36
SA,1977,marine_hw,abrupt-4xCO2,0.35314268280555555,0.80990154,0.0,36
SA,1978,marine_hw,abrupt-4xCO2,0.35626628175,0.7333935,0.0,36
SA,1979,marine_hw,abrupt-4xCO2,0.2973612692027778,0.7008505,0.0,36
SA,1980,marine_hw,abrupt-4xCO2,0.3801601923333333,0.8739352,0.0,36
SA,1981,marine_hw,abrupt-4xCO2,0.3458175211944445,0.7488771,0.0,36
SA,1982,marine_hw,abrupt-4xCO2,0.3709686372777778,0.82926947,0.0,36
SA,1983,marine_hw,abrupt-4xCO2,0.3785063503888889,0.82814205,0.0,36
SA,1984,marine_hw,abrupt-4xCO2,0.3910361582222222,0.7696302,0.0,36
SA,1985,marine_hw,abrupt-4xCO2,0.35863215972222223,0.8475771,0.0,36
SA,1986,marine_hw,abrupt-4xCO2,0.3129990971666667,0.7276972,0.0,36
SA,1987,marine_hw,abrupt-4xCO2,0.3439040339166667,0.7928207,0.0,36
SA,1988,marine_hw,abrupt-4xCO2,0.39001679156944447,0.8473006,0.0,36
SA,1989,marine_hw,abrupt-4xCO2,0.34873080391666667,0.80342674,0.0,36
SA,1990,marine_hw,abrupt-4xCO2,0.3537317794888889,0.7710261,0.0,36
SA,1991,marine_hw,abrupt-4xCO2,0.37136899594444445,0.8157938,0.0,36
SA,1992,marine_hw,abrupt-4xCO2,0.36493798408333333,0.77842695,0.0,36
SA,1993,marine_hw,abrupt-4xCO2,0.32458458548333335,0.7751305,0.0,36
SA,1994,marine_hw,abrupt-4xCO2,0.34754749283333336,0.8125537,0.0,36
SA,1995,marine_hw,abrupt-4xCO2,0.39914183559072225,0.84567654,0.0,36
SA,1996,marine_hw,abrupt-4xCO2,0.33484095475,0.7632279,0.0,36
SA,1997,marine_hw,abrupt-4xCO2,0.32280830988888887,0.77075493,0.0,36
SA,1998,marine_hw,abrupt-4xCO2,0.36434783206666665,0.7986969,0.0,36
SA,1999,marine_hw,abrupt-4xCO2,0.36139568791666665,0.7830468,0.0,36
SA,2000,marine_hw,abrupt-4xCO2,0.33338799908333333,0.764052,0.0,36
SB,1850,marine_hw,abrupt-4xCO2,0.07103567119821429,0.19844644,0.0,84
SB,1851,marine_hw,abrupt-4xCO2,0.15116157296309524,0.30230117,0.0,84
SB,1852,marine_hw,abrupt-4xCO2,0.1625155052261905,0.3220778,0.0,84
SB,1853,marine_hw,abrupt-4xCO2,0.1804606339583333,0.34033304,0.0,84
SB,1854,marine_hw,abrupt-4xCO2,0.20279897458404764,0.292132,0.0,84
SB,1855,marine_hw,abrupt-4xCO2,0.2133381965547619,0.32489643,0.0,84
SB,1856,marine_hw,abrupt-4xCO2,0.20975183433333336,0.37429392,0.0,84
SB,1857,marine_hw,abrupt-4xCO2,0.21572828815714287,0.350476,0.0,84
SB,1858,marine_hw,abrupt-4xCO2,0.21353576257142856,0.3834182,0.0,84
SB,1859,marine_hw,abrupt-4xCO2,0.20162863001785714,0.3571869,0.0,84
SB,1860,marine_hw,abrupt-4xCO2,0.22801815476190473,0.3728524,0.0,84
SB,1861,marine_hw,abrupt-4xCO2,0.24736709641666665,0.3543207,0.0,84
SB,1862,marine_hw,abrupt-4xCO2,0.2070605067857143,0.3855496,0.0,84
SB,1863,marine_hw,abrupt-4xCO2,0.24222663198095237,0.38153175,0.0,84
SB,1864,marine_hw,abrupt-4xCO2,0.22694531930238096,0.3632778,0.0,84
SB,1865,marine_hw,abrupt-4xCO2,0.23415390375595238,0.4031935,0.0,84
SB,1866,marine_hw,abrupt-4xCO2,0.26788487492857144,0.39852065,0.0027680355,84
SB,1867,marine_hw,abrupt-4xCO2,0.2764666115178572,0.41766176,0.0,84
SB,1868,marine_hw,abrupt-4xCO2,0.22857979373809523,0.40436524,0.0,84
SB,1869,marine_hw,abrupt-4xCO2,0.2608748567261905,0.42141318,0.01959184,84
SB,1870,marine_hw,abrupt-4xCO2,0.28095798264285715,0.39311156,0.028210107,84
SB,1871,marine_hw,abrupt-4xCO2,0.23923701819047619,0.38517782,0.0,84
SB,1872,marine_hw,abrupt-4xCO2,0.25308942011666663,0.39807838,0.0,84
SB,1873,marine_hw,abrupt-4xCO2,0.24495361617857142,0.3737617,0.0,84
SB,1874,marine_hw,abrupt-4xCO2,0.25932911732142855,0.3758227,0.0,84
SB,1875,marine_hw,abrupt-4xCO2,0.2663688716428571,0.39876962,0.00939716,84
SB,1876,marine_hw,abrupt-4xCO2,0.2916717839285714,0.42907915,0.006623631,84
SB,1877,marine_hw,abrupt-4xCO2,0.24733851823809525,0.39584026,0.0,84
SB,1878,marine_hw,abrupt-4xCO2,0.2728986044642857,0.41113126,0.030305281,84
SB,1879,marine_hw,abrupt-4xCO2,0.28437605977380953,0.43708876,0.015789388,84
SB,1880,marine_hw,abrupt-4xCO2,0.2340587599047619,0.3764609,0.0,84
SB,1881,marine_hw,abrupt-4xCO2,0.2784480860952381,0.3998937,0.043296978,84
SB,1882,marine_hw,abrupt-4xCO2,0.26531136782142856,0.38745618,0.0,84
SB,1883,marine_hw,abrupt-4xCO2,0.2519212589661905,0.3993501,0.0,84
SB,1884,marine_hw,abrupt-4xCO2,0.2990375258809524,0.43174207,0.052821774,84
SB,1885,marine_hw,abrupt-4xCO2,0.2680871435833333,0.40049767,0.0,84
SB,1886,marine_hw,abrupt-4xCO2,0.26442500614642855,0.38524157,0.0,84
SB,1887,marine_hw,abrupt-4xCO2,0.28001080408333334,0.41088697,0.0,84
SB,1888,marine_hw,abrupt-4xCO2,0.28102407704285715,0.47003707,0.0,84
SB,1889,marine_hw,abrupt-4xCO2,0.2743103186547619,0.40630674,0.0,84
SB,1890,marine_hw,abrupt-4xCO2,0.24942654791583335,0.39270955,0.0,84
SB,1891,marine_hw,abrupt-4xCO2,0.2646923511547619,0.39368135,0.0,84
SB,1892,marine_hw,abrupt-4xCO2,0.27205817563095236,0.4290268,0.007428154,84
SB,1893,marine_hw,abrupt-4xCO2,0.2698371370357143,0.38698846,0.0,84
SB,1894,marine_hw,abrupt-4xCO2,0.2699381530476191,0.4190348,0.0,84
SB,1895,marine_hw,abrupt-4xCO2,0.27413734738333334,0.48967883,0.0,84
SB,1896,marine_hw,abrupt-4xCO2,0.26940806235476195,0.4159088,0.0,84
SB,1897,marine_hw,abrupt-4xCO2,0.2692259944404762,0.4012258,0.010605141,84
SB,1898,marine_hw,abrupt-4xCO2,0.2861168137857143,0.39967492,0.018147632,84
SB,1899,marine_hw,abrupt-4xCO2,0.2854456797488095,0.43255478,0.0,84
SB,1900,marine_hw,abrupt-4xCO2,0.2690980950761905,0.44274408,0.0,84
SB,1901,marine_hw,abrupt-4xCO2,0.2852495464113095,0.44400507,0.00041729835,84
SB,1902,marine_hw,abrupt-4xCO2,0.2849689570595238,0.39704153,0.016354453,84
SB,1903,marine_hw,abrupt-4xCO2,0.27572380248369044,0.40844217,0.0,84
SB,1904,marine_hw,abrupt-4xCO2,0.2804881975261905,0.4959355,0.0,84
SB,1905,marine_hw,abrupt-4xCO2,0.2721964987857143,0.39478463,0.008517349,84
SB,1906,marine_hw,abrupt-4xCO2,0.2934589636666667,0.4225581,0.0,84
SB,1907,marine_hw,abrupt-4xCO2,0.27009174346261905,0.45760426,0.0,84
SB,1908,marine_hw,abrupt-4xCO2,0.2890161085357143,0.42350835,0.021655474,84
SB,1909,marine_hw,abrupt-4xCO2,0.2611998208809524,0.41586724,0.0,84
SB,1910,marine_hw,abrupt-4xCO2,0.27077432289047615,0.45069396,0.0,84
SB,1911,marine_hw,abrupt-4xCO2,0.28111751359166665,0.39804816,0.0060295817,84
SB,1912,marine_hw,abrupt-4xCO2,0.2843190178845238,0.39326996,0.0059498465,84
SB,1913,marine_hw,abrupt-4xCO2,0.27186328322619047,0.38356382,0.025165327,84
SB,1914,marine_hw,abrupt-4xCO2,0.30826213410714287,0.43242326,0.02914348,84
SB,1915,marine_hw,abrupt-4xCO2,0.2797511713404762,0.42306343,0.0,84
SB,1916,marine_hw,abrupt-4xCO2,0.2798754937742857,0.43071932,0.0,84
SB,1917,marine_hw,abrupt-4xCO2,0.2731974090952381,0.3915593,0.015369279,84
SB,1918,marine_hw,abrupt-4xCO2,0.2797143105952381,0.41164196,0.0,84
SB,1919,marine_hw,abrupt-4xCO2,0.26037816779166667,0.38827562,0.0,84
SB,1920,marine_hw,abrupt-4xCO2,0.29092392588095234,0.4239855,0.008257633,84
SB,1921,marine_hw,abrupt-4xCO2,0.2988563220238095,0.45305556,0.0,84
SB,1922,marine_hw,abrupt-4xCO2,0.2562067584678571,0.426884,0.0,84
SB,1923,marine_hw,abrupt-4xCO2,0.2831438919761905,0.4601464,0.008840819,84
SB,1924,marine_hw,abrupt-4xCO2,0.2887233438452381,0.43192732,0.0,84
SB,1925,marine_hw,abrupt-4xCO2,0.2531003359559524,0.39552012,0.0,84
SB,1926,marine_hw,abrupt-4xCO2,0.26576526386904764,0.40621278,0.001348114,84
SB,1927,marine_hw,abrupt-4xCO2,0.3037026862619048,0.4139378,0.013557309,84
SB,1928,marine_hw,abrupt-4xCO2,0.2716544750642857,0.40356395,0.0,84
SB,1929,marine_hw,abrupt-4xCO2,0.2950664199761905,0.43190852,0.010624602,84
SB,1930,marine_hw,abrupt-4xCO2,0.2641660886428571,0.42953283,0.0,84
SB,1931,marine_hw,abrupt-4xCO2,0.29203840235714285,0.4280175,0.012090284,84
SB,1932,marine_hw,abrupt-4xCO2,0.2667659655833333,0.43333596,0.0,84
SB,1933,marine_hw,abrupt-4xCO2,0.272263102952381,0.42485994,0.0,84
SB,1934,marine_hw,abrupt-4xCO2,0.2690779165357143,0.42999992,0.0,84
SB,1935,marine_hw,abrupt-4xCO2,0.2749336115238095,0.39357597,0.0227695,84
SB,1936,marine_hw,abrupt-4xCO2,0.27397357116309523,0.41336536,0.0,84
SB,1937,marine_hw,abrupt-4xCO2,0.3078088131190476,0.43998116,0.025132442,84
SB,1938,marine_hw,abrupt-4xCO2,0.29325956248809526,0.41406262,0.0,84
SB,1939,marine_hw,abrupt-4xCO2,0.3013890933333333,0.43157497,0.020687075,84
SB,1940,marine_hw,abrupt-4xCO2,0.31428515027380954,0.4541575,0.0,84
SB,1941,marine_hw,abrupt-4xCO2,0.2641773391666667,0.38932925,0.0,84
SB,1942,marine_hw,abrupt-4xCO2,0.281442400102381,0.41927844,0.0008374069,84
SB,1943,marine_hw,abrupt-4xCO2,0.30270347076190474,0.41789258,0.029303998,84
SB,1944,marine_hw,abrupt-4xCO2,0.3121769392142857,0.45381522,0.019504597,84
SB,1945,marine_hw,abrupt-4xCO2,0.27381447686190474,0.420073,0.0,84
SB,1946,marine_hw,abrupt-4xCO2,0.30132389064285714,0.43515462,0.018671092,84
SB,1947,marine_hw,abrupt-4xCO2,0.2774889463162976,0.42521363,7.927369e-06,84
SB,1948,marine_hw,abrupt-4xCO2,0.29746394132142856,0.4265773,0.030321386,84
SB,1949,marine_hw,abrupt-4xCO2,0.28404827970238095,0.4180624,0.018127501,84
SB,1950,marine_hw,abrupt-4xCO2,0.2766183084761905,0.41866437,0.0,84
SB,1951,marine_hw,abrupt-4xCO2,0.2804029722619048,0.42269835,0.014771329,84
SB,1952,marine_hw,abrupt-4xCO2,0.3081051999404762,0.44208777,0.010815195,84
SB,1953,marine_hw,abrupt-4xCO2,0.28196786745833335,0.42850804,0.0013526859,84
SB,1954,marine_hw,abrupt-4xCO2,0.29332833710714284,0.44095093,0.020963568,84
SB,1955,marine_hw,abrupt-4xCO2,0.2891798046309524,0.4716974,0.004981323,84
SB,1956,marine_hw,abrupt-4xCO2,0.2942486817619048,0.43576667,0.012936542,84
SB,1957,marine_hw,abrupt-4xCO2,0.2969691125309524,0.45047784,0.0,84
SB,1958,marine_hw,abrupt-4xCO2,0.2792740228529762,0.4225809,0.0,84
SB,1959,marine_hw,abrupt-4xCO2,0.30862576910714284,0.4293939,0.038145617,84
SB,1960,marine_hw,abrupt-4xCO2,0.3062253668214286,0.4554527,0.0,84
SB,1961,marine_hw,abrupt-4xCO2,0.25743613615714284,0.40891865,0.0,84
SB,1962,marine_hw,abrupt-4xCO2,0.3038226858214286,0.44294545,0.0,84
SB,1963,marine_hw,abrupt-4xCO2,0.32083238657142854,0.44678345,0.033536375,84
SB,1964,marine_hw,abrupt-4xCO2,0.31189672887619047,0.44324207,0.0008555266,84
SB,1965,marine_hw,abrupt-4xCO2,0.29785261362654764,0.43475598,0.00088237063,84
SB,1966,marine_hw,abrupt-4xCO2,0.30254851278571426,0.4371283,0.02706588,84
SB,1967,marine_hw,abrupt-4xCO2,0.30573940555952384,0.4301697,0.004362569,84
SB,1968,marine_hw,abrupt-4xCO2,0.29014820375,0.44281793,0.0,84
SB,1969,marine_hw,abrupt-4xCO2,0.29276031457142854,0.40863678,0.030459382,84
SB,1970,marine_hw,abrupt-4xCO2,0.3061918365833333,0.44599357,0.013275448,84
SB,1971,marine_hw,abrupt-4xCO2,0.3190823356428571,0.43820545,0.029678471,84
SB,1972,marine_hw,abrupt-4xCO2,0.28633122675,0.42350432,0.0,84
SB,1973,marine_hw,abrupt-4xCO2,0.3115686996428571,0.4830973,0.02846311,84
SB,1974,marine_hw,abrupt-4xCO2,0.29812341310714285,0.44502652,0.0,84
SB,1975,marine_hw,abrupt-4xCO2,0.3003471928404762,0.41884488,0.0,84
SB,1976,marine_hw,abrupt-4xCO2,0.3049860160833333,0.48566967,0.005286674,84
SB,1977,marine_hw,abrupt-4xCO2,0.3105536505238095,0.4320461,0.017342985,84
SB,1978,marine_hw,abrupt-4xCO2,0.3208592711190476,0.44868267,0.014225725,84
SB,1979,marine_hw,abrupt-4xCO2,0.30220872047619046,0.41659334,0.0,84
SB,1980,marine_hw,abrupt-4xCO2,0.3108347603928571,0.44293875,0.036238477,84
SB,1981,marine_hw,abrupt-4xCO2,0.3111214409285714,0.448935,0.0,84
SB,1982,marine_hw,abrupt-4xCO2,0.2694942044047619,0.43783164,0.0,84
SB,1983,marine_hw,abrupt-4xCO2,0.3084827108095238,0.4919129,0.024700925,84
SB,1984,marine_hw,abrupt-4xCO2,0.31589815961904766,0.46335894,0.019613314,84
SB,1985,marine_hw,abrupt-4xCO2,0.31178447320238095,0.46447298,0.017527536,84
SB,1986,marine_hw,abrupt-4xCO2,0.30645289569285716,0.45610368,0.0005527347,84
SB,1987,marine_hw,abrupt-4xCO2,0.2897755616226191,0.44210723,0.0,84
SB,1988,marine_hw,abrupt-4xCO2,0.29655551617857145,0.43930537,0.015708184,84
SB,1989,marine_hw,abrupt-4xCO2,0.2897342386190476,0.42878053,0.0,84
SB,1990,marine_hw,abrupt-4xCO2,0.30921682946428575,0.44446546,0.014358602,84
SB,1991,marine_hw,abrupt-4xCO2,0.29304710168761905,0.4277759,0.0,84
SB,1992,marine_hw,abrupt-4xCO2,0.2962564395892857,0.4668339,0.004867236,84
SB,1993,marine_hw,abrupt-4xCO2,0.31019047773809527,0.44582915,0.0,84
SB,1994,marine_hw,abrupt-4xCO2,0.2895839722738095,0.47516495,0.0,84
SB,1995,marine_hw,abrupt-4xCO2,0.3065804011547619,0.44276357,0.018562373,84
SB,1996,marine_hw,abrupt-4xCO2,0.3276149052380952,0.48438048,0.0332702,84
SB,1997,marine_hw,abrupt-4xCO2,0.33368948141666666,0.50953865,0.028997181,84
SB,1998,marine_hw,abrupt-4xCO2,0.3040243696904762,0.4385692,0.0,84
SB,1999,marine_hw,abrupt-4xCO2,0.31880051107142854,0.44842833,0.04136207,84
SB,2000,marine_hw,abrupt-4xCO2,0.3021017085,0.4898231,0.008782433,84
SC,1850,marine_hw,abrupt-4xCO2,0.10928043693370369,0.22657426,0.0,108
SC,1851,marine_hw,abrupt-4xCO2,0.20052501430555555,0.37333357,0.035391964,108
SC,1852,marine_hw,abrupt-4xCO2,0.23955228299999998,0.38816422,0.071560904,108
SC,1853,marine_hw,abrupt-4xCO2,0.24501740428703705,0.424411,0.057600003,108
SC,1854,marine_hw,abrupt-4xCO2,0.23262905175925927,0.37966138,0.01002531,108
SC,1855,marine_hw,abrupt-4xCO2,0.2244985651111111,0.37671793,0.04484642,108
SC,1856,marine_hw,abrupt-4xCO2,0.2872445026851852,0.42459285,0.12492543,108
SC,1857,marine_hw,abrupt-4xCO2,0.29433105546296295,0.42343992,0.11740643,108
SC,1858,marine_hw,abrupt-4xCO2,0.3014744138888889,0.4475579,0.11178126,108
SC,1859,marine_hw,abrupt-4xCO2,0.33253769527777777,0.47686952,0.14880517,108
SC,1860,marine_hw,abrupt-4xCO2,0.3393896414814815,0.4692814,0.1628419,108
SC,1861,marine_hw,abrupt-4xCO2,0.30231507194444446,0.4624939,0.079577185,108
SC,1862,marine_hw,abrupt-4xCO2,0.3192870715740741,0.42404792,0.17140648,108
SC,1863,marine_hw,abrupt-4xCO2,0.3460411674074074,0.48072836,0.1839782,108
SC,1864,marine_hw,abrupt-4xCO2,0.3416597635185185,0.4814874,0.1501581,108
SC,1865,marine_hw,abrupt-4xCO2,0.3321890072222222,0.45694792,0.18589082,108
SC,1866,marine_hw,abrupt-4xCO2,0.34682370620370373,0.48369998,0.1661001,108
SC,1867,marine_hw,abrupt-4xCO2,0.31711589305555554,0.42389023,0.12007203,108
SC,1868,marine_hw,abrupt-4xCO2,0.3224903421296296,0.47718897,0.17995562,108
SC,1869,marine_hw,abrupt-4xCO2,0.36652310685185185,0.47365963,0.18916714,108
SC,1870,marine_hw,abrupt-4xCO2,0.29401900487037036,0.45132008,0.06563777,108
SC,1871,marine_hw,abrupt-4xCO2,0.3111225905555556,0.43819806,0.16166547,108
SC,1872,marine_hw,abrupt-4xCO2,0.3392126273148148,0.48907885,0.19414401,108
SC,1873,marine_hw,abrupt-4xCO2,0.32988706342592594,0.4632576,0.17361373,108
SC,1874,marine_hw,abrupt-4xCO2,0.3633380523148148,0.48584214,0.22408918,108
SC,1875,marine_hw,abrupt-4xCO2,0.3644581884259259,0.5022693,0.2100001,108
SC,1876,marine_hw,abrupt-4xCO2,0.333621377962963,0.51202846,0.09049867,108
SC,1877,marine_hw,abrupt-4xCO2,0.3140221324074074,0.45481855,0.09914377,108
SC,1878,marine_hw,abrupt-4xCO2,0.359829465,0.5073563,0.21844454,108
SC,1879,marine_hw,abrupt-4xCO2,0.34320593064814814,0.5082965,0.14021778,108
SC,1880,marine_hw,abrupt-4xCO2,0.3354545601851852,0.46977064,0.19084288,108
SC,1881,marine_hw,abrupt-4xCO2,0.3732345944444444,0.5065805,0.206201,108
SC,1882,marine_hw,abrupt-4xCO2,0.31175072296296297,0.44973496,0.11745876,108
SC,1883,marine_hw,abrupt-4xCO2,0.34803286925925925,0.46330863,0.16967505,108
SC,1884,marine_hw,abrupt-4xCO2,0.37162138898148145,0.49786222,0.1956419,108
SC,1885,marine_hw,abrupt-4xCO2,0.30702484962962967,0.4416388,0.11190944,108
SC,1886,marine_hw,abrupt-4xCO2,0.3390787065740741,0.46667016,0.18552575,108
SC,1887,marine_hw,abrupt-4xCO2,0.3791701066666666,0.52737045,0.22207186,108
SC,1888,marine_hw,abrupt-4xCO2,0.3637972941666667,0.49260885,0.19612645,108
SC,1889,marine_hw,abrupt-4xCO2,0.3549622209259259,0.49613142,0.14487654,108
SC,1890,marine_hw,abrupt-4xCO2,0.313509902037037,0.4416106,0.16832948,108
SC,1891,marine_hw,abrupt-4xCO2,0.3557728463888889,0.46920824,0.21741307,108
SC,1892,marine_hw,abrupt-4xCO2,0.3682037610185185,0.49112707,0.20958468,108
SC,1893,marine_hw,abrupt-4xCO2,0.3314088434259259,0.4754099,0.11027397,108
SC,1894,marine_hw,abrupt-4xCO2,0.3558136662037037,0.4984058,0.18501705,108
SC,1895,marine_hw,abrupt-4xCO2,0.3857873622222222,0.5122506,0.22307849,108
SC,1896,marine_hw,abrupt-4xCO2,0.33610124435185185,0.45693183,0.16659805,108
SC,1897,marine_hw,abrupt-4xCO2,0.3549532684259259,0.50065804,0.18718202,108
SC,1898,marine_hw,abrupt-4xCO2,0.3860488227777778,0.52694166,0.23168601,108
SC,1899,marine_hw,abrupt-4xCO2,0.35605392694444443,0.48142296,0.17526263,108
SC,1900,marine_hw,abrupt-4xCO2,0.36562728990740745,0.47278857,0.22342277,108
SC,1901,marine_hw,abrupt-4xCO2,0.3794928024074074,0.5114292,0.23228128,108
SC,1902,marine_hw,abrupt-4xCO2,0.3636911675,0.515698,0.16224328,108
SC,1903,marine_hw,abrupt-4xCO2,0.31698591981481483,0.4312629,0.14731264,108
SC,1904,marine_hw,abrupt-4xCO2,0.36194419018518514,0.4930954,0.20002486,108
SC,1905,marine_hw,abrupt-4xCO2,0.3872870494444445,0.5069328,0.21545279,108
SC,1906,marine_hw,abrupt-4xCO2,0.33986962842592594,0.4659145,0.13781255,108
SC,1907,marine_hw,abrupt-4xCO2,0.3602521078703704,0.49486846,0.2011107,108
SC,1908,marine_hw,abrupt-4xCO2,0.3815254426851852,0.54652166,0.16916433,108
SC,1909,marine_hw,abrupt-4xCO2,0.3402143559259259,0.47689438,0.188137,108
SC,1910,marine_hw,abrupt-4xCO2,0.3659256951851852,0.47757018,0.23353827,108
SC,1911,marine_hw,abrupt-4xCO2,0.3667600369444444,0.49605495,0.19266692,108
SC,1912,marine_hw,abrupt-4xCO2,0.33627940500000003,0.4702518,0.13091029,108
SC,1913,marine_hw,abrupt-4xCO2,0.3556247649074074,0.46841365,0.2077378,108
SC,1914,marine_hw,abrupt-4xCO2,0.3941894238888889,0.5388785,0.22644809,108
SC,1915,marine_hw,abrupt-4xCO2,0.36233372564814814,0.50198746,0.18882488,108
SC,1916,marine_hw,abrupt-4xCO2,0.3780646062037037,0.51380956,0.23288393,108
SC,1917,marine_hw,abrupt-4xCO2,0.3733504684259259,0.5060523,0.19825786,108
SC,1918,marine_hw,abrupt-4xCO2,0.3701354969444445,0.5168832,0.19082743,108
SC,1919,marine_hw,abrupt-4xCO2,0.3669890592592593,0.46879217,0.25201967,108
SC,1920,marine_hw,abrupt-4xCO2,0.39983576953703703,0.5150061,0.24390405,108
SC,1921,marine_hw,abrupt-4xCO2,0.3610490593518519,0.47770104,0.20052953,108
SC,1922,marine_hw,abrupt-4xCO2,0.37867622416666663,0.51991385,0.23529454,108
SC,1923,marine_hw,abrupt-4xCO2,0.3942584024074074,0.52453506,0.2126402,108
SC,1924,marine_hw,abrupt-4xCO2,0.3526886486111111,0.4660373,0.11910094,108
SC,1925,marine_hw,abrupt-4xCO2,0.33737724657407403,0.44079322,0.20906124,108
SC,1926,marine_hw,abrupt-4xCO2,0.36500187916666665,0.48991776,0.22929019,108
SC,1927,marine_hw,abrupt-4xCO2,0.3544631365740741,0.5054879,0.16559945,108
SC,1928,marine_hw,abrupt-4xCO2,0.353819677962963,0.45845053,0.21822913,108
SC,1929,marine_hw,abrupt-4xCO2,0.3980115066666667,0.544858,0.24413896,108
SC,1930,marine_hw,abrupt-4xCO2,0.3535640836111111,0.47766143,0.21842039,108
SC,1931,marine_hw,abrupt-4xCO2,0.3881674790740741,0.53013206,0.23909831,108
SC,1932,marine_hw,abrupt-4xCO2,0.36762715925925926,0.4962744,0.18771219,108
SC,1933,marine_hw,abrupt-4xCO2,0.3754005438888889,0.5175127,0.18452045,108
SC,1934,marine_hw,abrupt-4xCO2,0.3251603849074074,0.45141202,0.19900614,108
SC,1935,marine_hw,abrupt-4xCO2,0.37488093518518517,0.5315534,0.21924317,108
SC,1936,marine_hw,abrupt-4xCO2,0.40156849296296293,0.5211192,0.23922113,108
SC,1937,marine_hw,abrupt-4xCO2,0.3680704805555556,0.51271296,0.1647552,108
SC,1938,marine_hw,abrupt-4xCO2,0.3560895594444445,0.4934551,0.15660402,108
SC,1939,marine_hw,abrupt-4xCO2,0.39465811685185187,0.5103755,0.2594803,108
SC,1940,marine_hw,abrupt-4xCO2,0.37091455935185186,0.5256411,0.20070805,108
SC,1941,marine_hw,abrupt-4xCO2,0.36905456259259256,0.4693096,0.22583939,108
SC,1942,marine_hw,abrupt-4xCO2,0.3826941912037037,0.5100863,0.22126181,108
SC,1943,marine_hw,abrupt-4xCO2,0.4025604623148148,0.5354619,0.2082002,108
SC,1944,marine_hw,abrupt-4xCO2,0.3519688327777778,0.4760481,0.17110315,108
SC,1945,marine_hw,abrupt-4xCO2,0.3879414812962963,0.48639244,0.24525231,108
SC,1946,marine_hw,abrupt-4xCO2,0.3974036903703703,0.5286026,0.24165253,108
SC,1947,marine_hw,abrupt-4xCO2,0.353420815,0.48311478,0.20078185,108
SC,1948,marine_hw,abrupt-4xCO2,0.38707529768518517,0.51261497,0.23440063,108
SC,1949,marine_hw,abrupt-4xCO2,0.3949083306481481,0.5276208,0.18699479,108
SC,1950,marine_hw,abrupt-4xCO2,0.3205709797685185,0.4557084,0.122506775,108
SC,1951,marine_hw,abrupt-4xCO2,0.3874719837037037,0.5191287,0.23620051,108
SC,1952,marine_hw,abrupt-4xCO2,0.3927287381481481,0.5190475,0.25037885,108
SC,1953,marine_hw,abrupt-4xCO2,0.35600569944444443,0.47880766,0.17865032,108
SC,1954,marine_hw,abrupt-4xCO2,0.3757248549074074,0.49254644,0.20799954,108
SC,1955,marine_hw,abrupt-4xCO2,0.3793107214814815,0.50123453,0.17817184,108
SC,1956,marine_hw,abrupt-4xCO2,0.366762579537037,0.49216524,0.21886867,108
SC,1957,marine_hw,abrupt-4xCO2,0.36771041462962967,0.50323236,0.1878236,108
SC,1958,marine_hw,abrupt-4xCO2,0.3622625989814815,0.4961509,0.23070821,108
SC,1959,marine_hw,abrupt-4xCO2,0.38097579648148144,0.50836086,0.18527544,108
SC,1960,marine_hw,abrupt-4xCO2,0.3533561661111111,0.48461604,0.18975905,108
SC,1961,marine_hw,abrupt-4xCO2,0.3800963047222222,0.4922639,0.2502379,108
SC,1962,marine_hw,abrupt-4xCO2,0.3919093041666667,0.5056671,0.22395024,108
SC,1963,marine_hw,abrupt-4xCO2,0.40047255537037035,0.54324466,0.24472952,108
SC,1964,marine_hw,abrupt-4xCO2,0.37712650240740736,0.5103849,0.20628622,108
SC,1965,marine_hw,abrupt-4xCO2,0.3936718205555556,0.5172181,0.21498367,108
SC,1966,marine_hw,abrupt-4xCO2,0.4127516131481482,0.541026,0.26159024,108
SC,1967,marine_hw,abrupt-4xCO2,0.34488401959259257,0.49378932,0.119804256,108
SC,1968,marine_hw,abrupt-4xCO2,0.35529763268518516,0.50790185,0.21073964,108
SC,1969,marine_hw,abrupt-4xCO2,0.3940091362962963,0.52126276,0.26148754,108
SC,1970,marine_hw,abrupt-4xCO2,0.40992935685185183,0.5401301,0.255753,108
SC,1971,marine_hw,abrupt-4xCO2,0.3691697186111111,0.50079155,0.16917306,108
SC,1972,marine_hw,abrupt-4xCO2,0.3509113450925926,0.4973542,0.1642378,108
SC,1973,marine_hw,abrupt-4xCO2,0.4012117775,0.5232969,0.2709514,108
SC,1974,marine_hw,abrupt-4xCO2,0.3935853164814815,0.51377,0.21697482,108
SC,1975,marine_hw,abrupt-4xCO2,0.34078745092592594,0.49249208,0.1968801,108
SC,1976,marine_hw,abrupt-4xCO2,0.39575392425925926,0.52121985,0.266653,108
SC,1977,marine_hw,abrupt-4xCO2,0.4173692191666667,0.54317355,0.23606496,108
SC,1978,marine_hw,abrupt-4xCO2,0.38092521805555557,0.47458512,0.19527012,108
SC,1979,marine_hw,abrupt-4xCO2,0.3542849240740741,0.47635412,0.20132211,108
SC,1980,marine_hw,abrupt-4xCO2,0.3840653237037037,0.5258504,0.2523982,108
SC,1981,marine_hw,abrupt-4xCO2,0.38595734064814813,0.51714224,0.20535743,108
SC,1982,marine_hw,abrupt-4xCO2,0.3833649723148148,0.5155081,0.2380192,108
SC,1983,marine_hw,abrupt-4xCO2,0.3958597624074074,0.5286181,0.25092444,108
SC,1984,marine_hw,abrupt-4xCO2,0.38984007083333333,0.5180227,0.24359939,108
SC,1985,marine_hw,abrupt-4xCO2,0.3925995134259259,0.51037824,0.23362617,108
SC,1986,marine_hw,abrupt-4xCO2,0.37965673953703705,0.5164067,0.20654057,108
SC,1987,marine_hw,abrupt-4xCO2,0.3725794474074074,0.49320278,0.22260937,108
SC,1988,marine_hw,abrupt-4xCO2,0.3964971073148148,0.5428984,0.24907556,108
SC,1989,marine_hw,abrupt-4xCO2,0.3968784242592593,0.51056546,0.23805074,108
SC,1990,marine_hw,abrupt-4xCO2,0.39934727509259255,0.5548775,0.21406293,108
SC,1991,marine_hw,abrupt-4xCO2,0.3993933609259259,0.52048767,0.28376403,108
SC,1992,marine_hw,abrupt-4xCO2,0.40331440462962964,0.5282892,0.26825088,108
SC,1993,marine_hw,abrupt-4xCO2,0.3848076264814815,0.5235479,0.20048726,108
SC,1994,marine_hw,abrupt-4xCO2,0.37157459000000004,0.5059436,0.22184569,108
SC,1995,marine_hw,abrupt-4xCO2,0.39505385805555554,0.49980035,0.2945815,108
SC,1996,marine_hw,abrupt-4xCO2,0.42693801953703703,0.5586988,0.26087284,108
SC,1997,marine_hw,abrupt-4xCO2,0.3782599850925926,0.49782193,0.21355088,108
SC,1998,marine_hw,abrupt-4xCO2,0.37260728305555557,0.4699807,0.25804278,108
SC,1999,marine_hw,abrupt-4xCO2,0.4195330302777778,0.55564797,0.24928829,108
SC,2000,marine_hw,abrupt-4xCO2,0.3830544712037037,0.5257075,0.21178858,108
SD,1850,marine_hw,abrupt-4xCO2,0.310850685,0.65832555,0.0,12
SD,1851,marine_hw,abrupt-4xCO2,0.424258387,0.7365006,0.08188443,12
SD,1852,marine_hw,abrupt-4xCO2,0.41807812633333336,0.7165851,0.097789496,12
SD,1853,marine_hw,abrupt-4xCO2,0.414336953,0.6907598,0.064384826,12
SD,1854,marine_hw,abrupt-4xCO2,0.4310595375,0.7022665,0.11410931,12
SD,1855,marine_hw,abrupt-4xCO2,0.43346329666666666,0.7238598,0.08708948,12
SD,1856,marine_hw,abrupt-4xCO2,0.4711653591666667,0.83132035,0.12077601,12
SD,1857,marine_hw,abrupt-4xCO2,0.5009090525000001,0.7551532,0.19398093,12
SD,1858,marine_hw,abrupt-4xCO2,0.45875493416666663,0.7497307,0.13938293,12
SD,1859,marine_hw,abrupt-4xCO2,0.5088529924999999,0.81068003,0.13502616,12
SD,1860,marine_hw,abrupt-4xCO2,0.503583515,0.78874713,0.14207941,12
SD,1861,marine_hw,abrupt-4xCO2,0.45957960458333336,0.7541989,0.096412405,12
SD,1862,marine_hw,abrupt-4xCO2,0.4820005983333333,0.84145665,0.09726469,12
SD,1863,marine_hw,abrupt-4xCO2,0.543696595,0.88896513,0.13338062,12
SD,1864,marine_hw,abrupt-4xCO2,0.5543979541666667,0.8619722,0.17715108,12
SD,1865,marine_hw,abrupt-4xCO2,0.5141068025000001,0.84097075,0.1318344,12
SD,1866,marine_hw,abrupt-4xCO2,0.5376841083333334,0.8326639,0.21416897,12
SD,1867,marine_hw,abrupt-4xCO2,0.49364214666666667,0.7278944,0.19011271,12
SD,1868,marine_hw,abrupt-4xCO2,0.5125324033333333,0.87433386,0.1149267,12
SD,1869,marine_hw,abrupt-4xCO2,0.5423732808333334,0.8151549,0.2628774,12
SD,1870,marine_hw,abrupt-4xCO2,0.45663962,0.7638909,0.09616543,12
SD,1871,marine_hw,abrupt-4xCO2,0.4880128733333333,0.7656063,0.11908753,12
SD,1872,marine_hw,abrupt-4xCO2,0.5118090658333333,0.88838935,0.15975618,12
SD,1873,marine_hw,abrupt-4xCO2,0.44681269583333333,0.72811323,0.09465546,12
SD,1874,marine_hw,abrupt-4xCO2,0.54899674,0.9399822,0.22627024,12
SD,1875,marine_hw,abrupt-4xCO2,0.5669628433333334,0.8566544,0.20189723,12
SD,1876,marine_hw,abrupt-4xCO2,0.5140718833333333,0.7760633,0.2068741,12
SD,1877,marine_hw,abrupt-4xCO2,0.49929093500000005,0.8074829,0.16081786,12
SD,1878,marine_hw,abrupt-4xCO2,0.4932804275,0.82407916,0.15734962,12
SD,1879,marine_hw,abrupt-4xCO2,0.5053606858333334,0.78714186,0.18221387,12
SD,1880,marine_hw,abrupt-4xCO2,0.5133227391666667,0.8831011,0.19255954,12
SD,1881,marine_hw,abrupt-4xCO2,0.5070848591666667,0.77983224,0.2052514,12
SD,1882,marine_hw,abrupt-4xCO2,0.4600528453333333,0.78178245,0.066957824,12
SD,1883,marine_hw,abrupt-4xCO2,0.48743561166666666,0.83689046,0.15334046,12
SD,1884,marine_hw,abrupt-4xCO2,0.5293615658333334,0.8250174,0.21301198,12
SD,1885,marine_hw,abrupt-4xCO2,0.47656244500000006,0.73855287,0.10256639,12
SD,1886,marine_hw,abrupt-4xCO2,0.5116191483333333,0.85212046,0.13190284,12
SD,1887,marine_hw,abrupt-4xCO2,0.556690445,0.8975955,0.20593323,12
SD,1888,marine_hw,abrupt-4xCO2,0.5682869275,0.8432498,0.29289436,12
SD,1889,marine_hw,abrupt-4xCO2,0.499599415,0.7995424,0.17719404,12
SD,1890,marine_hw,abrupt-4xCO2,0.5023329183333333,0.86141515,0.18747395,12
SD,1891,marine_hw,abrupt-4xCO2,0.5340611833333334,0.84695834,0.20765258,12
SD,1892,marine_hw,abrupt-4xCO2,0.5322706691666667,0.8579509,0.1524157,12
SD,1893,marine_hw,abrupt-4xCO2,0.47997924000000003,0.7473094,0.20852636,12
SD,1894,marine_hw,abrupt-4xCO2,0.5232453825,0.84506047,0.15434846,12
SD,1895,marine_hw,abrupt-4xCO2,0.5627977691666667,0.87729204,0.19190857,12
SD,1896,marine_hw,abrupt-4xCO2,0.489418265,0.775909,0.19464667,12
SD,1897,marine_hw,abrupt-4xCO2,0.49975421416666665,0.88156164,0.14815286,12
SD,1898,marine_hw,abrupt-4xCO2,0.5284297383333333,0.85946494,0.15769054,12
SD,1899,marine_hw,abrupt-4xCO2,0.532164295,0.8276991,0.16520283,12
SD,1900,marine_hw,abrupt-4xCO2,0.5227674633333333,0.84521484,0.21110606,12
SD,1901,marine_hw,abrupt-4xCO2,0.5472685325,0.84118956,0.20579901,12
SD,1902,marine_hw,abrupt-4xCO2,0.5263112075,0.85161984,0.20453063,12
SD,1903,marine_hw,abrupt-4xCO2,0.49843370416666666,0.8417103,0.11707692,12
SD,1904,marine_hw,abrupt-4xCO2,0.5230975108333333,0.8821629,0.16274393,12
SD,1905,marine_hw,abrupt-4xCO2,0.523814595,0.78023493,0.18682164,12
SD,1906,marine_hw,abrupt-4xCO2,0.5303315233333333,0.84084195,0.15671879,12
SD,1907,marine_hw,abrupt-4xCO2,0.54219198,0.8689261,0.19972153,12
SD,1908,marine_hw,abrupt-4xCO2,0.5336482258333334,0.8498025,0.19242534,12
SD,1909,marine_hw,abrupt-4xCO2,0.484960815,0.78416353,0.08651636,12
SD,1910,marine_hw,abrupt-4xCO2,0.5314181675,0.8891182,0.13996276,12
SD,1911,marine_hw,abrupt-4xCO2,0.5366680483333334,0.8059783,0.2622372,12
SD,1912,marine_hw,abrupt-4xCO2,0.4734702391666667,0.7835797,0.15886764,12
SD,1913,marine_hw,abrupt-4xCO2,0.5480515833333334,0.9173728,0.17894696,12
SD,1914,marine_hw,abrupt-4xCO2,0.5487304091666666,0.8329592,0.26333642,12
SD,1915,marine_hw,abrupt-4xCO2,0.5304409266666666,0.8315996,0.19627342,12
SD,1916,marine_hw,abrupt-4xCO2,0.5350103283333333,0.82590055,0.18462446,12
SD,1917,marine_hw,abrupt-4xCO2,0.55692598,0.843227,0.23272353,12
SD,1918,marine_hw,abrupt-4xCO2,0.5001087716666667,0.75972205,0.17341441,12
SD,1919,marine_hw,abrupt-4xCO2,0.5196338625,0.8747808,0.19173007,12
SD,1920,marine_hw,abrupt-4xCO2,0.5638338325,0.88802296,0.1619614,12
SD,1921,marine_hw,abrupt-4xCO2,0.5243293325,0.8228135,0.15132046,12
SD,1922,marine_hw,abrupt-4xCO2,0.50147792,0.76268965,0.1279608,12
SD,1923,marine_hw,abrupt-4xCO2,0.5273720933333333,0.889396,0.13585295,12
SD,1924,marine_hw,abrupt-4xCO2,0.4545950095833333,0.81900567,0.121460535,12
SD,1925,marine_hw,abrupt-4xCO2,0.49012347666666667,0.8360449,0.09567956,12
SD,1926,marine_hw,abrupt-4xCO2,0.5358160983333333,0.88776255,0.13599925,12
SD,1927,marine_hw,abrupt-4xCO2,0.4726640283333334,0.7695805,0.09654528,12
SD,1928,marine_hw,abrupt-4xCO2,0.5091563141666667,0.8869196,0.13313633,12
SD,1929,marine_hw,abrupt-4xCO2,0.5556866858333334,0.88130116,0.23519856,12
SD,1930,marine_hw,abrupt-4xCO2,0.5355172333333333,0.8422351,0.14377998,12
SD,1931,marine_hw,abrupt-4xCO2,0.5779578125,0.8842057,0.28600085,12
SD,1932,marine_hw,abrupt-4xCO2,0.5062559341666667,0.8563806,0.19795385,12
SD,1933,marine_hw,abrupt-4xCO2,0.5080459891666667,0.8072587,0.16010651,12
SD,1934,marine_hw,abrupt-4xCO2,0.5145596691666666,0.81217384,0.14883873,12
SD,1935,marine_hw,abrupt-4xCO2,0.5371944183333334,0.92313355,0.15111645,12
SD,1936,marine_hw,abrupt-4xCO2,0.5818766908333334,0.9003712,0.25392762,12
SD,1937,marine_hw,abrupt-4xCO2,0.5307915591666666,0.803514,0.24608245,12
SD,1938,marine_hw,abrupt-4xCO2,0.5130605358333333,0.7713603,0.17883018,12
SD,1939,marine_hw,abrupt-4xCO2,0.562763895,0.927893,0.19524127,12
SD,1940,marine_hw,abrupt-4xCO2,0.47941720083333333,0.6884687,0.19304408,12
SD,1941,marine_hw,abrupt-4xCO2,0.5342081475,0.8735769,0.17488813,12
SD,1942,marine_hw,abrupt-4xCO2,0.5647342341666667,0.8733312,0.19703445,12
SD,1943,marine_hw,abrupt-4xCO2,0.5627401641666666,0.8901557,0.22585952,12
SD,1944,marine_hw,abrupt-4xCO2,0.5273172958333333,0.8519567,0.2271212,12
SD,1945,marine_hw,abrupt-4xCO2,0.4919153216666667,0.8900228,0.13543954,12
SD,1946,marine_hw,abrupt-4xCO2,0.5190031283333333,0.8525728,0.16177216,12
SD,1947,marine_hw,abrupt-4xCO2,0.46925742833333334,0.7602603,0.12849098,12
SD,1948,marine_hw,abrupt-4xCO2,0.5292679366666667,0.8316519,0.15024401,12
SD,1949,marine_hw,abrupt-4xCO2,0.5416499683333333,0.7913269,0.23744808,12
SD,1950,marine_hw,abrupt-4xCO2,0.5161709966666667,0.84679997,0.1851627,12
SD,1951,marine_hw,abrupt-4xCO2,0.5828754041666667,0.92199266,0.2064634,12
SD,1952,marine_hw,abrupt-4xCO2,0.5278891808333334,0.8089902,0.21095842,12
SD,1953,marine_hw,abrupt-4xCO2,0.5000756574999999,0.8243624,0.23282287,12
SD,1954,marine_hw,abrupt-4xCO2,0.5435554391666667,0.84248346,0.23370335,12
SD,1955,marine_hw,abrupt-4xCO2,0.539758465,0.8291769,0.18922284,12
SD,1956,marine_hw,abrupt-4xCO2,0.5578288608333334,0.8758962,0.23729642,12
SD,1957,marine_hw,abrupt-4xCO2,0.5328281216666667,0.7982123,0.2315773,12
SD,1958,marine_hw,abrupt-4xCO2,0.5404659083333333,0.8285648,0.22956535,12
SD,1959,marine_hw,abrupt-4xCO2,0.5534703941666667,0.87605727,0.21004975,12
SD,1960,marine_hw,abrupt-4xCO2,0.50513697,0.75691015,0.20124358,12
SD,1961,marine_hw,abrupt-4xCO2,0.5454132625,0.94124925,0.14899173,12
SD,1962,marine_hw,abrupt-4xCO2,0.5425228400000001,0.80589235,0.17896307,12
SD,1963,marine_hw,abrupt-4xCO2,0.543654435,0.8485837,0.21697953,12
SD,1964,marine_hw,abrupt-4xCO2,0.5086218008333333,0.83615094,0.13622205,12
SD,1965,marine_hw,abrupt-4xCO2,0.556141025,0.87183607,0.18892354,12
SD,1966,marine_hw,abrupt-4xCO2,0.6064604025,0.9033227,0.29813832,12
SD,1967,marine_hw,abrupt-4xCO2,0.51700136,0.8103082,0.22858152,12
SD,1968,marine_hw,abrupt-4xCO2,0.5127421158333333,0.8160622,0.15671073,12
SD,1969,marine_hw,abrupt-4xCO2,0.5651409141666667,0.8947836,0.18254003,12
SD,1970,marine_hw,abrupt-4xCO2,0.5864847175,0.94604623,0.16306202,12
SD,1971,marine_hw,abrupt-4xCO2,0.5458038166666667,0.7803114,0.24521807,12
SD,1972,marine_hw,abrupt-4xCO2,0.5219365233333334,0.8265784,0.12864533,12
SD,1973,marine_hw,abrupt-4xCO2,0.5965822916666667,0.9384588,0.23150483,12
SD,1974,marine_hw,abrupt-4xCO2,0.5521117191666667,0.8498628,0.2342268,12
SD,1975,marine_hw,abrupt-4xCO2,0.5131331541666667,0.8314774,0.19290584,12
SD,1976,marine_hw,abrupt-4xCO2,0.5774868116666666,0.85574436,0.28185475,12
SD,1977,marine_hw,abrupt-4xCO2,0.568825695,0.88305813,0.25066608,12
SD,1978,marine_hw,abrupt-4xCO2,0.5502281841666666,0.8181225,0.25584963,12
SD,1979,marine_hw,abrupt-4xCO2,0.47787646666666667,0.77831423,0.12290072,12
SD,1980,marine_hw,abrupt-4xCO2,0.5912414466666667,0.97229564,0.20980816,12
SD,1981,marine_hw,abrupt-4xCO2,0.5291027533333333,0.82498384,0.20760024,12
SD,1982,marine_hw,abrupt-4xCO2,0.5605679525,0.91025513,0.19014761,12
SD,1983,marine_hw,abrupt-4xCO2,0.5728478325,0.90954113,0.21182817,12
SD,1984,marine_hw,abrupt-4xCO2,0.5825070858333333,0.83386517,0.2698998,12
SD,1985,marine_hw,abrupt-4xCO2,0.5675853058333333,0.93463624,0.2260877,12
SD,1986,marine_hw,abrupt-4xCO2,0.5122949208333333,0.7917644,0.24992785,12
SD,1987,marine_hw,abrupt-4xCO2,0.5377511908333333,0.8570597,0.21503066,12
SD,1988,marine_hw,abrupt-4xCO2,0.5953734075,0.94581807,0.23853661,12
SD,1989,marine_hw,abrupt-4xCO2,0.5435252525,0.8736198,0.22725675,12
SD,1990,marine_hw,abrupt-4xCO2,0.55870407,0.8506306,0.22388113,12
SD,1991,marine_hw,abrupt-4xCO2,0.5505542258333334,0.90673053,0.20879883,12
SD,1992,marine_hw,abrupt-4xCO2,0.5650635166666667,0.84496653,0.2188358,12
SD,1993,marine_hw,abrupt-4xCO2,0.5285688733333334,0.82907623,0.20952496,12
SD,1994,marine_hw,abrupt-4xCO2,0.5405138041666667,0.8787859,0.18452111,12
SD,1995,marine_hw,abrupt-4xCO2,0.5842137908333334,0.94161564,0.18923491,12
SD,1996,marine_hw,abrupt-4xCO2,0.5431273766666667,0.8241141,0.24130556,12
SD,1997,marine_hw,abrupt-4xCO2,0.5083206808333333,0.84620136,0.15545711,12
SD,1998,marine_hw,abrupt-4xCO2,0.526122055,0.86561763,0.12798631,12
SD,1999,marine_hw,abrupt-4xCO2,0.5628438525,0.86357343,0.23122832,12
SD,2000,marine_hw,abrupt-4xCO2,0.5279304441666667,0.8238,0.17355132,12
SE,1850,marine_hw,abrupt-4xCO2,0.0,0.0,0.0,48
SE,1851,marine_hw,abrupt-4xCO2,0.0,0.0,0.0,48
SE,1852,marine_hw,abrupt-4xCO2,0.0,0.0,0.0,48
SE,1853,marine_hw,abrupt-4xCO2,0.0,0.0,0.0,48
SE,1854,marine_hw,abrupt-4xCO2,0.0,0.0,0.0,48
SE,1855,marine_hw,abrupt-4xCO2,0.0,0.0,0.0,48
SE,1856,marine_hw,abrupt-4xCO2,0.0,0.0,0.0,48
SE,1857,marine_hw,abrupt-4xCO2,0.0,0.0,0.0,48
SE,1858,marine_hw,abrupt-4xCO2,0.0,0.0,0.0,48
SE,1859,marine_hw,abrupt-4xCO2,0.0,0.0,0.0,48
SE,1860,marine_hw,abrupt-4xCO2,0.0,0.0,0.0,48
SE,1861,marine_hw,abrupt-4xCO2,0.0,0.0,0.0,48
SE,1862,marine_hw,abrupt-4xCO2,0.0,0.0,0.0,48
SE,1863,marine_hw,abrupt-4xCO2,0.0,0.0,0.0,48
SE,1864,marine_hw,abrupt-4xCO2,0.0,0.0,0.0,48
SE,1865,marine_hw,abrupt-4xCO2,0.0,0.0,0.0,48
SE,1866,marine_hw,abrupt-4xCO2,0.0,0.0,0.0,48
SE,1867,marine_hw,abrupt-4xCO2,0.0,0.0,0.0,48
SE,1868,marine_hw,abrupt-4xCO2,0.0,0.0,0.0,48
SE,1869,marine_hw,abrupt-4xCO2,0.0,0.0,0.0,48
SE,1870,marine_hw,abrupt-4xCO2,0.0,0.0,0.0,48
SE,1871,marine_hw,abrupt-4xCO2,0.0,0.0,0.0,48
SE,1872,marine_hw,abrupt-4xCO2,0.0,0.0,0.0,48
SE,1873,marine_hw,abrupt-4xCO2,0.0,0.0,0.0,48
SE,1874,marine_hw,abrupt-4xCO2,0.0,0.0,0.0,48
SE,1875,marine_hw,abrupt-4xCO2,0.0,0.0,0.0,48
SE,1876,marine_hw,abrupt-4xCO2,0.0,0.0,0.0,48
SE,1877,marine_hw,abrupt-4xCO2,0.0,0.0,0.0,48
SE,1878,marine_hw,abrupt-4xCO2,0.0,0.0,0.0,48
SE,1879,marine_hw,abrupt-4xCO2,0.0,0.0,0.0,48
SE,1880,marine_hw,abrupt-4xCO2,0.0,0.0,0.0,48
SE,1881,marine_hw,abrupt-4xCO2,0.0,0.0,0.0,48
SE,1882,marine_hw,abrupt-4xCO2,0.0,0.0,0.0,48
SE,1883,marine_hw,abrupt-4xCO2,0.0,0.0,0.0,48
SE,1884,marine_hw,abrupt-4xCO2,0.0,0.0,0.0,48
SE,1885,marine_hw,abrupt-4xCO2,0.0,0.0,0.0,48
SE,1886,marine_hw,abrupt-4xCO2,0.0,0.0,0.0,48
SE,1887,marine_hw,abrupt-4xCO2,0.0,0.0,0.0,48
SE,1888,marine_hw,abrupt-4xCO2,0.0,0.0,0.0,48
SE,1889,marine_hw,abrupt-4xCO2,0.0,0.0,0.0,48
SE,1890,marine_hw,abrupt-4xCO2,0.0,0.0,0.0,48
SE,1891,marine_hw,abrupt-4xCO2,0.0,0.0,0.0,48
SE,1892,marine_hw,abrupt-4xCO2,0.0,0.0,0.0,48
SE,1893,marine_hw,abrupt-4xCO2,0.0,0.0,0.0,48
SE,1894,marine_hw,abrupt-4xCO2,0.0,0.0,0.0,48
SE,1895,marine_hw,abrupt-4xCO2,0.0,0.0,0.0,48
SE,1896,marine_hw,abrupt-4xCO2,0.0,0.0,0.0,48
SE,1897,marine_hw,abrupt-4xCO2,0.0,0.0,0.0,48
SE,1898,marine_hw,abrupt-4xCO2,0.0,0.0,0.0,48
SE,1899,marine_hw,abrupt-4xCO2,0.0,0.0,0.0,48
SE,1900,marine_hw,abrupt-4xCO2,0.0,0.0,0.0,48
SE,1901,marine_hw,abrupt-4xCO2,0.0,0.0,0.0,48
SE,1902,marine_hw,abrupt-4xCO2,0.0,0.0,0.0,48
SE,1903,marine_hw,abrupt-4xCO2,0.0,0.0,0.0,48
SE,1904,marine_hw,abrupt-4xCO2,0.0,0.0,0.0,48
SE,1905,marine_hw,abrupt-4xCO2,0.0,0.0,0.0,48
SE,1906,marine_hw,abrupt-4xCO2,0.0,0.0,0.0,48
SE,1907,marine_hw,abrupt-4xCO2,0.0,0.0,0.0,48
SE,1908,marine_hw,abrupt-4xCO2,0.0,0.0,0.0,48
SE,1909,marine_hw,abrupt-4xCO2,0.0,0.0,0.0,48
SE,1910,marine_hw,abrupt-4xCO2,0.0,0.0,0.0,48
SE,1911,marine_hw,abrupt-4xCO2,0.0,0.0,0.0,48
SE,1912,marine_hw,abrupt-4xCO2,0.0,0.0,0.0,48
SE,1913,marine_hw,abrupt-4xCO2,0.0,0.0,0.0,48
SE,1914,marine_hw,abrupt-4xCO2,0.0,0.0,0.0,48
SE,1915,marine_hw,abrupt-4xCO2,0.0,0.0,0.0,48
SE,1916,marine_hw,abrupt-4xCO2,0.0,0.0,0.0,48
SE,1917,marine_hw,abrupt-4xCO2,0.0,0.0,0.0,48
SE,1918,marine_hw,abrupt-4xCO2,0.0,0.0,0.0,48
SE,1919,marine_hw,abrupt-4xCO2,0.0,0.0,0.0,48
SE,1920,marine_hw,abrupt-4xCO2,0.0,0.0,0.0,48
SE,1921,marine_hw,abrupt-4xCO2,0.0,0.0,0.0,48
SE,1922,marine_hw,abrupt-4xCO2,0.0,0.0,0.0,48
SE,1923,marine_hw,abrupt-4xCO2,0.0,0.0,0.0,48
SE,1924,marine_hw,abrupt-4xCO2,0.0,0.0,0.0,48
SE,1925,marine_hw,abrupt-4xCO2,0.0,0.0,0.0,48
SE,1926,marine_hw,abrupt-4xCO2,0.0,0.0,0.0,48
SE,1927,marine_hw,abrupt-4xCO2,0.0,0.0,0.0,48
SE,1928,marine_hw,abrupt-4xCO2,0.0,0.0,0.0,48
SE,1929,marine_hw,abrupt-4xCO2,0.0,0.0,0.0,48
SE,1930,marine_hw,abrupt-4xCO2,0.0,0.0,0.0,48
SE,1931,marine_hw,abrupt-4xCO2,0.0,0.0,0.0,48
SE,1932,marine_hw,abrupt-4xCO2,0.0,0.0,0.0,48
SE,1933,marine_hw,abrupt-4xCO2,0.0,0.0,0.0,48
SE,1934,marine_hw,abrupt-4xCO2,0.0,0.0,0.0,48
SE,1935,marine_hw,abrupt-4xCO2,0.0,0.0,0.0,48
SE,1936,marine_hw,abrupt-4xCO2,0.0,0.0,0.0,48
SE,1937,marine_hw,abrupt-4xCO2,0.0,0.0,0.0,48
SE,1938,marine_hw,abrupt-4xCO2,0.0,0.0,0.0,48
SE,1939,marine_hw,abrupt-4xCO2,0.0,0.0,0.0,48
SE,1940,marine_hw,abrupt-4xCO2,0.0,0.0,0.0,48
SE,1941,marine_hw,abrupt-4xCO2,0.0,0.0,0.0,48
SE,1942,marine_hw,abrupt-4xCO2,0.0,0.0,0.0,48
SE,1943,marine_hw,abrupt-4xCO2,0.0,0.0,0.0,48
SE,1944,marine_hw,abrupt-4xCO2,0.0,0.0,0.0,48
SE,1945,marine_hw,abrupt-4xCO2,0.0,0.0,0.0,48
SE,1946,marine_hw,abrupt-4xCO2,0.0,0.0,0.0,48
SE,1947,marine_hw,abrupt-4xCO2,0.0,0.0,0.0,48
SE,1948,marine_hw,abrupt-4xCO2,0.0,0.0,0.0,48
SE,1949,marine_hw,abrupt-4xCO2,0.0,0.0,0.0,48
SE,1950,marine_hw,abrupt-4xCO2,0.0,0.0,0.0,48
SE,1951,marine_hw,abrupt-4xCO2,0.0,0.0,0.0,48
SE,1952,marine_hw,abrupt-4xCO2,0.0,0.0,0.0,48
SE,1953,marine_hw,abrupt-4xCO2,0.0,0.0,0.0,48
SE,1954,marine_hw,abrupt-4xCO2,0.0,0.0,0.0,48
SE,1955,marine_hw,abrupt-4xCO2,0.0,0.0,0.0,48
SE,1956,marine_hw,abrupt-4xCO2,0.0,0.0,0.0,48
SE,1957,marine_hw,abrupt-4xCO2,0.0,0.0,0.0,48
SE,1958,marine_hw,abrupt-4xCO2,0.0,0.0,0.0,48
SE,1959,marine_hw,abrupt-4xCO2,0.0,0.0,0.0,48
SE,1960,marine_hw,abrupt-4xCO2,0.0,0.0,0.0,48
SE,1961,marine_hw,abrupt-4xCO2,0.0,0.0,0.0,48
SE,1962,marine_hw,abrupt-4xCO2,0.0,0.0,0.0,48
SE,1963,marine_hw,abrupt-4xCO2,0.0,0.0,0.0,48
SE,1964,marine_hw,abrupt-4xCO2,0.0,0.0,0.0,48
SE,1965,marine_hw,abrupt-4xCO2,0.0,0.0,0.0,48
SE,1966,marine_hw,abrupt-4xCO2,0.0,0.0,0.0,48
SE,1967,marine_hw,abrupt-4xCO2,0.0,0.0,0.0,48
SE,1968,marine_hw,abrupt-4xCO2,0.0,0.0,0.0,48
SE,1969,marine_hw,abrupt-4xCO2,0.0,0.0,0.0,48
SE,1970,marine_hw,abrupt-4xCO2,0.0,0.0,0.0,48
SE,1971,marine_hw,abrupt-4xCO2,0.0,0.0,0.0,48
SE,1972,marine_hw,abrupt-4xCO2,0.0,0.0,0.0,48
SE,1973,marine_hw,abrupt-4xCO2,0.0,0.0,0.0,48
SE,1974,marine_hw,abrupt-4xCO2,0.0,0.0,0.0,48
SE,1975,marine_hw,abrupt-4xCO2,0.0,0.0,0.0,48
SE,1976,marine_hw,abrupt-4xCO2,0.0,0.0,0.0,48
SE,1977,marine_hw,abrupt-4xCO2,0.0,0.0,0.0,48
SE,1978,marine_hw,abrupt-4xCO2,0.0,0.0,0.0,48
SE,1979,marine_hw,abrupt-4xCO2,0.0,0.0,0.0,48
SE,1980,marine_hw,abrupt-4xCO2,0.0,0.0,0.0,48
SE,1981,marine_hw,abrupt-4xCO2,0.0,0.0,0.0,48
SE,1982,marine_hw,abrupt-4xCO2,0.0,0.0,0.0,48
SE,1983,marine_hw,abrupt-4xCO2,0.0,0.0,0.0,48
SE,1984,marine_hw,abrupt-4xCO2,0.0,0.0,0.0,48
SE,1985,marine_hw,abrupt-4xCO2,0.0,0.0,0.0,48
SE,1986,marine_hw,abrupt-4xCO2,0.0,0.0,0.0,48
SE,1987,marine_hw,abrupt-4xCO2,0.0,0.0,0.0,48
SE,1988,marine_hw,abrupt-4xCO2,0.0,0.0,0.0,48
SE,1989,marine_hw,abrupt-4xCO2,0.0,0.0,0.0,48
SE,1990,marine_hw,abrupt-4xCO2,0.0,0.0,0.0,48
SE,1991,marine_hw,abrupt-4xCO2,0.0,0.0,0.0,48
SE,1992,marine_hw,abrupt-4xCO2,0.0,0.0,0.0,48
SE,1993,marine_hw,abrupt-4xCO2,0.0,0.0,0.0,48
SE,1994,marine_hw,abrupt-4xCO2,0.0,0.0,0.0,48
SE,1995,marine_hw,abrupt-4xCO2,0.0,0.0,0.0,48
SE,1996,marine_hw,abrupt-4xCO2,0.0,0.0,0.0,48
SE,1997,marine_hw,abrupt-4xCO2,0.0,0.0,0.0,48
SE,1998,marine_hw,abrupt-4xCO2,0.0,0.0,0.0,48
SE,1999,marine_hw,abrupt-4xCO2,0.0,0.0,0.0,48
SE,2000,marine_hw,abrupt-4xCO2,0.0,0.0,0.0,48
SH,1850,marine_hw,abrupt-4xCO2,0.004804556929545454,0.13043448,0.0,132
SH,1851,marine_hw,abrupt-4xCO2,0.01300175441969697,0.3261372,0.0,132
SH,1852,marine_hw,abrupt-4xCO2,0.007819413583333334,0.22303756,0.0,132
SH,1853,marine_hw,abrupt-4xCO2,0.009927227059848484,0.26894346,0.0,132
SH,1854,marine_hw,abrupt-4xCO2,0.013211648322727273,0.3340146,0.0,132
SH,1855,marine_hw,abrupt-4xCO2,0.013551105215151515,0.32531786,0.0,132
SH,1856,marine_hw,abrupt-4xCO2,0.014099088651515152,0.34145772,0.0,132
SH,1857,marine_hw,abrupt-4xCO2,0.018973285442424243,0.38056606,0.0,132
SH,1858,marine_hw,abrupt-4xCO2,0.017318757129545455,0.34691378,0.0,132
SH,1859,marine_hw,abrupt-4xCO2,0.020557745912499998,0.37904942,0.0,132
SH,1860,marine_hw,abrupt-4xCO2,0.023351763651515152,0.44789547,0.0,132
SH,1861,marine_hw,abrupt-4xCO2,0.01855319335151515,0.37439534,0.0,132
SH,1862,marine_hw,abrupt-4xCO2,0.020894271070833335,0.38441277,0.0,132
SH,1863,marine_hw,abrupt-4xCO2,0.014883378731818182,0.3702909,0.0,132
SH,1864,marine_hw,abrupt-4xCO2,0.01428079663030303,0.30298364,0.0,132
SH,1865,marine_hw,abrupt-4xCO2,0.019977954418939396,0.3917426,0.0,132
SH,1866,marine_hw,abrupt-4xCO2,0.018191953017424243,0.36365104,0.0,132
SH,1867,marine_hw,abrupt-4xCO2,0.02012449372272727,0.41158292,0.0,132
SH,1868,marine_hw,abrupt-4xCO2,0.018309000028030306,0.33664733,0.0,132
SH,1869,marine_hw,abrupt-4xCO2,0.02361515080939394,0.4146928,0.0,132
SH,1870,marine_hw,abrupt-4xCO2,0.021059408306060606,0.38655025,0.0,132
SH,1871,marine_hw,abrupt-4xCO2,0.021281728776515154,0.35698968,0.0,132
SH,1872,marine_hw,abrupt-4xCO2,0.024655030730303028,0.46501994,0.0,132
SH,1873,marine_hw,abrupt-4xCO2,0.023790552542424244,0.40909782,0.0,132
SH,1874,marine_hw,abrupt-4xCO2,0.024727088526515152,0.38443762,0.0,132
SH,1875,marine_hw,abrupt-4xCO2,0.02422211363439394,0.43035024,0.0,132
SH,1876,marine_hw,abrupt-4xCO2,0.021726607999999998,0.4023365,0.0,132
SH,1877,marine_hw,abrupt-4xCO2,0.024147902365151516,0.4080999,0.0,132
SH,1878,marine_hw,abrupt-4xCO2,0.019456427451060607,0.41961265,0.0,132
SH,1879,marine_hw,abrupt-4xCO2,0.019966348352272727,0.37365043,0.0,132
SH,1880,marine_hw,abrupt-4xCO2,0.02415289675530303,0.40439677,0.0,132
SH,1881,marine_hw,abrupt-4xCO2,0.01961558728384091,0.40461355,0.0,132
SH,1882,marine_hw,abrupt-4xCO2,0.019983745379090912,0.34438443,0.0,132
SH,1883,marine_hw,abrupt-4xCO2,0.021940741756545454,0.42464453,0.0,132
SH,1884,marine_hw,abrupt-4xCO2,0.022381314704545456,0.4090522,0.0,132
SH,1885,marine_hw,abrupt-4xCO2,0.020781736350757578,0.35197186,0.0,132
SH,1886,marine_hw,abrupt-4xCO2,0.023837273937121213,0.42399287,0.0,132
SH,1887,marine_hw,abrupt-4xCO2,0.02157717965909091,0.39850453,0.0,132
SH,1888,marine_hw,abrupt-4xCO2,0.02158184944090909,0.39527658,0.0,132
SH,1889,marine_hw,abrupt-4xCO2,0.02299658393939394,0.39374647,0.0,132
SH,1890,marine_hw,abrupt-4xCO2,0.024035002745454545,0.39849243,0.0,132
SH,1891,marine_hw,abrupt-4xCO2,0.024794870486363637,0.44840482,0.0,132
SH,1892,marine_hw,abrupt-4xCO2,0.02566501760121212,0.43640625,0.0,132
SH,1893,marine_hw,abrupt-4xCO2,0.02354676390909091,0.43443722,0.0,132
SH,1894,marine_hw,abrupt-4xCO2,0.02343829395,0.4405261,0.0,132
SH,1895,marine_hw,abrupt-4xCO2,0.017846443670454546,0.37116334,0.0,132
SH,1896,marine_hw,abrupt-4xCO2,0.018327687969318184,0.3519799,0.0,132
SH,1897,marine_hw,abrupt-4xCO2,0.033044861901515156,0.46639967,0.0,132
SH,1898,marine_hw,abrupt-4xCO2,0.02571684593181818,0.45642582,0.0,132
SH,1899,marine_hw,abrupt-4xCO2,0.02088946730227273,0.36796552,0.0,132
SH,1900,marine_hw,abrupt-4xCO2,0.022837136490151518,0.44832295,0.0,132
SH,1901,marine_hw,abrupt-4xCO2,0.022176880837121212,0.42407274,0.0,132
SH,1902,marine_hw,abrupt-4xCO2,0.025712220481060605,0.47322816,0.0,132
SH,1903,marine_hw,abrupt-4xCO2,0.02370415475409091,0.37801656,0.0,132
SH,1904,marine_hw,abrupt-4xCO2,0.02442496239121212,0.3958034,0.0,132
SH,1905,marine_hw,abrupt-4xCO2,0.027840432008333336,0.45575404,0.0,132
SH,1906,marine_hw,abrupt-4xCO2,0.02562313483712121,0.42213932,0.0,132
SH,1907,marine_hw,abrupt-4xCO2,0.02062417993939394,0.40770933,0.0,132
SH,1908,marine_hw,abrupt-4xCO2,0.023560117018484848,0.43558145,0.0,132
SH,1909,marine_hw,abrupt-4xCO2,0.025345655195454547,0.43728405,0.0,132
SH,1910,marine_hw,abrupt-4xCO2,0.022546951545000003,0.45136237,0.0,132
SH,1911,marine_hw,abrupt-4xCO2,0.027047155556060604,0.44565332,0.0,132
SH,1912,marine_hw,abrupt-4xCO2,0.017769734818484848,0.3736625,0.0,132
SH,1913,marine_hw,abrupt-4xCO2,0.022363316511363637,0.41224864,0.0,132
SH,1914,marine_hw,abrupt-4xCO2,0.022730820848484847,0.43858597,0.0,132
SH,1915,marine_hw,abrupt-4xCO2,0.03008991118939394,0.4497994,0.0,132
SH,1916,marine_hw,abrupt-4xCO2,0.033413991446969694,0.48257524,0.0,132
SH,1917,marine_hw,abrupt-4xCO2,0.02877334043939394,0.48995262,0.0,132
SH,1918,marine_hw,abrupt-4xCO2,0.022317828840151516,0.4007574,0.0,132
SH,1919,marine_hw,abrupt-4xCO2,0.024038068108333335,0.42520824,0.0,132
SH,1920,marine_hw,abrupt-4xCO2,0.023494562175,0.4267907,0.0,132
SH,1921,marine_hw,abrupt-4xCO2,0.02360855589469697,0.42591965,0.0,132
SH,1922,marine_hw,abrupt-4xCO2,0.027550363061363638,0.44311455,0.0,132
SH,1923,marine_hw,abrupt-4xCO2,0.022624427867424243,0.41725373,0.0,132
SH,1924,marine_hw,abrupt-4xCO2,0.026485348077780302,0.40562022,0.0,132
SH,1925,marine_hw,abrupt-4xCO2,0.026697404212121214,0.41905025,0.0,132
SH,1926,marine_hw,abrupt-4xCO2,0.02660662843712121,0.44622308,0.0,132
SH,1927,marine_hw,abrupt-4xCO2,0.02825696860151515,0.45658085,0.0,132
SH,1928,marine_hw,abrupt-4xCO2,0.021627935509848484,0.40544504,0.0,132
SH,1929,marine_hw,abrupt-4xCO2,0.02156317125,0.42969793,0.0,132
SH,1930,marine_hw,abrupt-4xCO2,0.0218480418980303,0.34567294,0.0,132
SH,1931,marine_hw,abrupt-4xCO2,0.02681206588287879,0.43686795,0.0,132
SH,1932,marine_hw,abrupt-4xCO2,0.02644082487878788,0.46017325,0.0,132
SH,1933,marine_hw,abrupt-4xCO2,0.022958408189393938,0.39601547,0.0,132
SH,1934,marine_hw,abrupt-4xCO2,0.022303322178030303,0.39282036,0.0,132
SH,1935,marine_hw,abrupt-4xCO2,0.02693510739015152,0.45610505,0.0,132
SH,1936,marine_hw,abrupt-4xCO2,0.027104330231060608,0.47828957,0.0,132
SH,1937,marine_hw,abrupt-4xCO2,0.02696160313787879,0.45204556,0.0,132
SH,1938,marine_hw,abrupt-4xCO2,0.02501009083333333,0.4048249,0.0,132
SH,1939,marine_hw,abrupt-4xCO2,0.027354155477651514,0.45847064,0.0,132
SH,1940,marine_hw,abrupt-4xCO2,0.02632711524848485,0.4163551,0.0,132
SH,1941,marine_hw,abrupt-4xCO2,0.029457892015151515,0.47444016,0.0,132
SH,1942,marine_hw,abrupt-4xCO2,0.027176039252272726,0.4528408,0.0,132
SH,1943,marine_hw,abrupt-4xCO2,0.02650935462878788,0.49591804,0.0,132
SH,1944,marine_hw,abrupt-4xCO2,0.025947203577272725,0.42406738,0.0,132
SH,1945,marine_hw,abrupt-4xCO2,0.033696907666666664,0.4713021,0.0,132
SH,1946,marine_hw,abrupt-4xCO2,0.024800818425757577,0.4189516,0.0,132
SH,1947,marine_hw,abrupt-4xCO2,0.03159415509848485,0.41690004,0.0,132
SH,1948,marine_hw,abrupt-4xCO2,0.02709224781060606,0.45890218,0.0,132
SH,1949,marine_hw,abrupt-4xCO2,0.025794096954545452,0.45915788,0.0,132
SH,1950,marine_hw,abrupt-4xCO2,0.02896001911185606,0.43627402,0.0,132
SH,1951,marine_hw,abrupt-4xCO2,0.024707582931818184,0.42058706,0.0,132
SH,1952,marine_hw,abrupt-4xCO2,0.02648410696818182,0.43036902,0.0,132
SH,1953,marine_hw,abrupt-4xCO2,0.03095589587878788,0.45439506,0.0,132
SH,1954,marine_hw,abrupt-4xCO2,0.02959942094318182,0.5069583,0.0,132
SH,1955,marine_hw,abrupt-4xCO2,0.02482254906893939,0.39432696,0.0,132
SH,1956,marine_hw,abrupt-4xCO2,0.03274827267045455,0.508375,0.0,132
SH,1957,marine_hw,abrupt-4xCO2,0.03081283163333333,0.45625132,0.0,132
SH,1958,marine_hw,abrupt-4xCO2,0.031989800969772726,0.45371523,0.0,132
SH,1959,marine_hw,abrupt-4xCO2,0.03131354408227273,0.47197992,0.0,132
SH,1960,marine_hw,abrupt-4xCO2,0.02944044188409091,0.45432526,0.0,132
SH,1961,marine_hw,abrupt-4xCO2,0.03221123386022728,0.48064584,0.0,132
SH,1962,marine_hw,abrupt-4xCO2,0.027575989022727274,0.42173398,0.0,132
SH,1963,marine_hw,abrupt-4xCO2,0.030803683939393943,0.48199806,0.0,132
SH,1964,marine_hw,abrupt-4xCO2,0.029482022017424243,0.4349808,0.0,132
SH,1965,marine_hw,abrupt-4xCO2,0.030378310841666666,0.46402133,0.0,132
SH,1966,marine_hw,abrupt-4xCO2,0.03217901896166667,0.46540108,0.0,132
SH,1967,marine_hw,abrupt-4xCO2,0.025904648662121214,0.42009178,0.0,132
SH,1968,marine_hw,abrupt-4xCO2,0.0278452956469697,0.4037854,0.0,132
SH,1969,marine_hw,abrupt-4xCO2,0.03344093799469697,0.48827085,0.0,132
SH,1970,marine_hw,abrupt-4xCO2,0.028953758424242425,0.44738072,0.0,132
SH,1971,marine_hw,abrupt-4xCO2,0.02591477682121212,0.46150133,0.0,132
SH,1972,marine_hw,abrupt-4xCO2,0.027855571945454547,0.42046022,0.0,132
SH,1973,marine_hw,abrupt-4xCO2,0.030293643790454548,0.44924572,0.0,132
SH,1974,marine_hw,abrupt-4xCO2,0.03118170745909091,0.4709605,0.0,132
SH,1975,marine_hw,abrupt-4xCO2,0.02927151617272727,0.41123933,0.0,132
SH,1976,marine_hw,abrupt-4xCO2,0.029765037765151516,0.47111017,0.0,132
SH,1977,marine_hw,abrupt-4xCO2,0.02601736341840909,0.4030982,0.0,132
SH,1978,marine_hw,abrupt-4xCO2,0.03131991411363636,0.46246034,0.0,132
SH,1979,marine_hw,abrupt-4xCO2,0.02804367202878788,0.43913224,0.0,132
SH,1980,marine_hw,abrupt-4xCO2,0.032988308695075755,0.49332556,0.0,132
SH,1981,marine_hw,abrupt-4xCO2,0.029833070674242422,0.4980803,0.0,132
SH,1982,marine_hw,abrupt-4xCO2,0.028573977034848486,0.4226346,0.0,132
SH,1983,marine_hw,abrupt-4xCO2,0.029626822757575756,0.45225894,0.0,132
SH,1984,marine_hw,abrupt-4xCO2,0.03140156961363637,0.49537915,0.0,132
SH,1985,marine_hw,abrupt-4xCO2,0.032339771182575756,0.489605,0.0,132
SH,1986,marine_hw,abrupt-4xCO2,0.03104300795909091,0.4508644,0.0,132
SH,1987,marine_hw,abrupt-4xCO2,0.03162100095151515,0.45485678,0.0,132
SH,1988,marine_hw,abrupt-4xCO2,0.035732162916666664,0.5409287,0.0,132
SH,1989,marine_hw,abrupt-4xCO2,0.03079524508560606,0.49229878,0.0,132
SH,1990,marine_hw,abrupt-4xCO2,0.0330370558469697,0.52015746,0.0,132
SH,1991,marine_hw,abrupt-4xCO2,0.03460180669621212,0.47392207,0.0,132
SH,1992,marine_hw,abrupt-4xCO2,0.031708543196969696,0.46713725,0.0,132
SH,1993,marine_hw,abrupt-4xCO2,0.0351427261810606,0.48067,0.0,132
SH,1994,marine_hw,abrupt-4xCO2,0.033470843106060605,0.44878936,0.0,132
SH,1995,marine_hw,abrupt-4xCO2,0.029330845043181817,0.48296446,0.0,132
SH,1996,marine_hw,abrupt-4xCO2,0.028484581977272726,0.47960693,0.0,132
SH,1997,marine_hw,abrupt-4xCO2,0.031485916621212126,0.48360333,0.0,132
SH,1998,marine_hw,abrupt-4xCO2,0.030255848706060608,0.42814165,0.0,132
SH,1999,marine_hw,abrupt-4xCO2,0.025375319829545454,0.43820277,0.0,132
SH,2000,marine_hw,abrupt-4xCO2,0.03204966440151515,0.4629234,0.0,132
SJ,1850,marine_hw,abrupt-4xCO2,0.0,0.0,0.0,240
SJ,1851,marine_hw,abrupt-4xCO2,0.0,0.0,0.0,240
SJ,1852,marine_hw,abrupt-4xCO2,0.0,0.0,0.0,240
SJ,1853,marine_hw,abrupt-4xCO2,0.0,0.0,0.0,240
SJ,1854,marine_hw,abrupt-4xCO2,0.0,0.0,0.0,240
SJ,1855,marine_hw,abrupt-4xCO2,0.0,0.0,0.0,240
SJ,1856,marine_hw,abrupt-4xCO2,0.0,0.0,0.0,240
SJ,1857,marine_hw,abrupt-4xCO2,0.0,0.0,0.0,240
SJ,1858,marine_hw,abrupt-4xCO2,0.0,0.0,0.0,240
SJ,1859,marine_hw,abrupt-4xCO2,0.0,0.0,0.0,240
SJ,1860,marine_hw,abrupt-4xCO2,0.0,0.0,0.0,240
SJ,1861,marine_hw,abrupt-4xCO2,0.0,0.0,0.0,240
SJ,1862,marine_hw,abrupt-4xCO2,0.0,0.0,0.0,240
SJ,1863,marine_hw,abrupt-4xCO2,0.0,0.0,0.0,240
SJ,1864,marine_hw,abrupt-4xCO2,0.0,0.0,0.0,240
SJ,1865,marine_hw,abrupt-4xCO2,0.0,0.0,0.0,240
SJ,1866,marine_hw,abrupt-4xCO2,0.0,0.0,0.0,240
SJ,1867,marine_hw,abrupt-4xCO2,0.0,0.0,0.0,240
SJ,1868,marine_hw,abrupt-4xCO2,0.0,0.0,0.0,240
SJ,1869,marine_hw,abrupt-4xCO2,0.0,0.0,0.0,240
SJ,1870,marine_hw,abrupt-4xCO2,0.0,0.0,0.0,240
SJ,1871,marine_hw,abrupt-4xCO2,0.0,0.0,0.0,240
SJ,1872,marine_hw,abrupt-4xCO2,0.0,0.0,0.0,240
SJ,1873,marine_hw,abrupt-4xCO2,0.0,0.0,0.0,240
SJ,1874,marine_hw,abrupt-4xCO2,0.0,0.0,0.0,240
SJ,1875,marine_hw,abrupt-4xCO2,0.0,0.0,0.0,240
SJ,1876,marine_hw,abrupt-4xCO2,0.0,0.0,0.0,240
SJ,1877,marine_hw,abrupt-4xCO2,0.0,0.0,0.0,240
SJ,1878,marine_hw,abrupt-4xCO2,0.0,0.0,0.0,240
SJ,1879,marine_hw,abrupt-4xCO2,0.0,0.0,0.0,240
SJ,1880,marine_hw,abrupt-4xCO2,0.0,0.0,0.0,240
SJ,1881,marine_hw,abrupt-4xCO2,0.0,0.0,0.0,240
SJ,1882,marine_hw,abrupt-4xCO2,0.0,0.0,0.0,240
SJ,1883,marine_hw,abrupt-4xCO2,0.0,0.0,0.0,240
SJ,1884,marine_hw,abrupt-4xCO2,0.0,0.0,0.0,240
SJ,1885,marine_hw,abrupt-4xCO2,0.0,0.0,0.0,240
SJ,1886,marine_hw,abrupt-4xCO2,0.0,0.0,0.0,240
SJ,1887,marine_hw,abrupt-4xCO2,0.0,0.0,0.0,240
SJ,1888,marine_hw,abrupt-4xCO2,0.0,0.0,0.0,240
SJ,1889,marine_hw,abrupt-4xCO2,0.0,0.0,0.0,240
SJ,1890,marine_hw,abrupt-4xCO2,0.0,0.0,0.0,240
SJ,1891,marine_hw,abrupt-4xCO2,0.0,0.0,0.0,240
SJ,1892,marine_hw,abrupt-4xCO2,0.0,0.0,0.0,240
SJ,1893,marine_hw,abrupt-4xCO2,0.0,0.0,0.0,240
SJ,1894,marine_hw,abrupt-4xCO2,0.0,0.0,0.0,240
SJ,1895,marine_hw,abrupt-4xCO2,0.0,0.0,0.0,240
SJ,1896,marine_hw,abrupt-4xCO2,0.0,0.0,0.0,240
SJ,1897,marine_hw,abrupt-4xCO2,0.0,0.0,0.0,240
SJ,1898,marine_hw,abrupt-4xCO2,0.0,0.0,0.0,240
SJ,1899,marine_hw,abrupt-4xCO2,0.0,0.0,0.0,240
SJ,1900,marine_hw,abrupt-4xCO2,0.0,0.0,0.0,240
SJ,1901,marine_hw,abrupt-4xCO2,0.0,0.0,0.0,240
SJ,1902,marine_hw,abrupt-4xCO2,0.0,0.0,0.0,240
SJ,1903,marine_hw,abrupt-4xCO2,0.0,0.0,0.0,240
SJ,1904,marine_hw,abrupt-4xCO2,0.0,0.0,0.0,240
SJ,1905,marine_hw,abrupt-4xCO2,0.0,0.0,0.0,240
SJ,1906,marine_hw,abrupt-4xCO2,0.0,0.0,0.0,240
SJ,1907,marine_hw,abrupt-4xCO2,0.0,0.0,0.0,240
SJ,1908,marine_hw,abrupt-4xCO2,0.0,0.0,0.0,240
SJ,1909,marine_hw,abrupt-4xCO2,0.0,0.0,0.0,240
SJ,1910,marine_hw,abrupt-4xCO2,0.0,0.0,0.0,240
SJ,1911,marine_hw,abrupt-4xCO2,0.0,0.0,0.0,240
SJ,1912,marine_hw,abrupt-4xCO2,0.0,0.0,0.0,240
SJ,1913,marine_hw,abrupt-4xCO2,0.0,0.0,0.0,240
SJ,1914,marine_hw,abrupt-4xCO2,0.0,0.0,0.0,240
SJ,1915,marine_hw,abrupt-4xCO2,0.0,0.0,0.0,240
SJ,1916,marine_hw,abrupt-4xCO2,0.0,0.0,0.0,240
SJ,1917,marine_hw,abrupt-4xCO2,0.0,0.0,0.0,240
SJ,1918,marine_hw,abrupt-4xCO2,0.0,0.0,0.0,240
SJ,1919,marine_hw,abrupt-4xCO2,0.0,0.0,0.0,240
SJ,1920,marine_hw,abrupt-4xCO2,0.0,0.0,0.0,240
SJ,1921,marine_hw,abrupt-4xCO2,0.0,0.0,0.0,240
SJ,1922,marine_hw,abrupt-4xCO2,0.0,0.0,0.0,240
SJ,1923,marine_hw,abrupt-4xCO2,0.0,0.0,0.0,240
SJ,1924,marine_hw,abrupt-4xCO2,0.0,0.0,0.0,240
SJ,1925,marine_hw,abrupt-4xCO2,0.0,0.0,0.0,240
SJ,1926,marine_hw,abrupt-4xCO2,0.0,0.0,0.0,240
SJ,1927,marine_hw,abrupt-4xCO2,0.0,0.0,0.0,240
SJ,1928,marine_hw,abrupt-4xCO2,0.0,0.0,0.0,240
SJ,1929,marine_hw,abrupt-4xCO2,0.0,0.0,0.0,240
SJ,1930,marine_hw,abrupt-4xCO2,0.0,0.0,0.0,240
SJ,1931,marine_hw,abrupt-4xCO2,0.0,0.0,0.0,240
SJ,1932,marine_hw,abrupt-4xCO2,0.0,0.0,0.0,240
SJ,1933,marine_hw,abrupt-4xCO2,0.0,0.0,0.0,240
SJ,1934,marine_hw,abrupt-4xCO2,0.0,0.0,0.0,240
SJ,1935,marine_hw,abrupt-4xCO2,0.0,0.0,0.0,240
SJ,1936,marine_hw,abrupt-4xCO2,0.0,0.0,0.0,240
SJ,1937,marine_hw,abrupt-4xCO2,0.0,0.0,0.0,240
SJ,1938,marine_hw,abrupt-4xCO2,0.0,0.0,0.0,240
SJ,1939,marine_hw,abrupt-4xCO2,0.0,0.0,0.0,240
SJ,1940,marine_hw,abrupt-4xCO2,0.0,0.0,0.0,240
SJ,1941,marine_hw,abrupt-4xCO2,0.0,0.0,0.0,240
SJ,1942,marine_hw,abrupt-4xCO2,0.0,0.0,0.0,240
SJ,1943,marine_hw,abrupt-4xCO2,0.0,0.0,0.0,240
SJ,1944,marine_hw,abrupt-4xCO2,0.0,0.0,0.0,240
SJ,1945,marine_hw,abrupt-4xCO2,0.0,0.0,0.0,240
SJ,1946,marine_hw,abrupt-4xCO2,0.0,0.0,0.0,240
SJ,1947,marine_hw,abrupt-4xCO2,0.0,0.0,0.0,240
SJ,1948,marine_hw,abrupt-4xCO2,0.0,0.0,0.0,240
SJ,1949,marine_hw,abrupt-4xCO2,0.0,0.0,0.0,240
SJ,1950,marine_hw,abrupt-4xCO2,0.0,0.0,0.0,240
SJ,1951,marine_hw,abrupt-4xCO2,0.0,0.0,0.0,240
SJ,1952,marine_hw,abrupt-4xCO2,0.0,0.0,0.0,240
SJ,1953,marine_hw,abrupt-4xCO2,0.0,0.0,0.0,240
SJ,1954,marine_hw,abrupt-4xCO2,0.0,0.0,0.0,240
SJ,1955,marine_hw,abrupt-4xCO2,0.0,0.0,0.0,240
SJ,1956,marine_hw,abrupt-4xCO2,0.0,0.0,0.0,240
SJ,1957,marine_hw,abrupt-4xCO2,0.0,0.0,0.0,240
SJ,1958,marine_hw,abrupt-4xCO2,0.0,0.0,0.0,240
SJ,1959,marine_hw,abrupt-4xCO2,0.0,0.0,0.0,240
SJ,1960,marine_hw,abrupt-4xCO2,0.0,0.0,0.0,240
SJ,1961,marine_hw,abrupt-4xCO2,0.0,0.0,0.0,240
SJ,1962,marine_hw,abrupt-4xCO2,0.0,0.0,0.0,240
SJ,1963,marine_hw,abrupt-4xCO2,0.0,0.0,0.0,240
SJ,1964,marine_hw,abrupt-4xCO2,0.0,0.0,0.0,240
SJ,1965,marine_hw,abrupt-4xCO2,0.0,0.0,0.0,240
SJ,1966,marine_hw,abrupt-4xCO2,0.0,0.0,0.0,240
SJ,1967,marine_hw,abrupt-4xCO2,0.0,0.0,0.0,240
SJ,1968,marine_hw,abrupt-4xCO2,0.0,0.0,0.0,240
SJ,1969,marine_hw,abrupt-4xCO2,0.0,0.0,0.0,240
SJ,1970,marine_hw,abrupt-4xCO2,0.0,0.0,0.0,240
SJ,1971,marine_hw,abrupt-4xCO2,0.0,0.0,0.0,240
SJ,1972,marine_hw,abrupt-4xCO2,0.0,0.0,0.0,240
SJ,1973,marine_hw,abrupt-4xCO2,0.0,0.0,0.0,240
SJ,1974,marine_hw,abrupt-4xCO2,0.0,0.0,0.0,240
SJ,1975,marine_hw,abrupt-4xCO2,0.0,0.0,0.0,240
SJ,1976,marine_hw,abrupt-4xCO2,0.0,0.0,0.0,240
SJ,1977,marine_hw,abrupt-4xCO2,0.0,0.0,0.0,240
SJ,1978,marine_hw,abrupt-4xCO2,0.0,0.0,0.0,240
SJ,1979,marine_hw,abrupt-4xCO2,0.0,0.0,0.0,240
SJ,1980,marine_hw,abrupt-4xCO2,0.0,0.0,0.0,240
SJ,1981,marine_hw,abrupt-4xCO2,0.0,0.0,0.0,240
SJ,1982,marine_hw,abrupt-4xCO2,0.0,0.0,0.0,240
SJ,1983,marine_hw,abrupt-4xCO2,0.0,0.0,0.0,240
SJ,1984,marine_hw,abrupt-4xCO2,0.0,0.0,0.0,240
SJ,1985,marine_hw,abrupt-4xCO2,0.0,0.0,0.0,240
SJ,1986,marine_hw,abrupt-4xCO2,0.0,0.0,0.0,240
SJ,1987,marine_hw,abrupt-4xCO2,0.0,0.0,0.0,240
SJ,1988,marine_hw,abrupt-4xCO2,0.0,0.0,0.0,240
SJ,1989,marine_hw,abrupt-4xCO2,0.0,0.0,0.0,240
SJ,1990,marine_hw,abrupt-4xCO2,0.0,0.0,0.0,240
SJ,1991,marine_hw,abrupt-4xCO2,0.0,0.0,0.0,240
SJ,1992,marine_hw,abrupt-4xCO2,0.0,0.0,0.0,240
SJ,1993,marine_hw,abrupt-4xCO2,0.0,0.0,0.0,240
SJ,1994,marine_hw,abrupt-4xCO2,0.0,0.0,0.0,240
SJ,1995,marine_hw,abrupt-4xCO2,0.0,0.0,0.0,240
SJ,1996,marine_hw,abrupt-4xCO2,0.0,0.0,0.0,240
SJ,1997,marine_hw,abrupt-4xCO2,0.0,0.0,0.0,240
SJ,1998,marine_hw,abrupt-4xCO2,0.0,0.0,0.0,240
SJ,1999,marine_hw,abrupt-4xCO2,0.0,0.0,0.0,240
SJ,2000,marine_hw,abrupt-4xCO2,0.0,0.0,0.0,240
SO,1850,marine_hw,abrupt-4xCO2,0.08964300700833333,0.28482032,0.0,108
SO,1851,marine_hw,abrupt-4xCO2,0.1790243432240741,0.40912807,0.0,108
SO,1852,marine_hw,abrupt-4xCO2,0.20068615655555555,0.4714249,0.0,108
SO,1853,marine_hw,abrupt-4xCO2,0.1913272730311111,0.4593807,0.0,108
SO,1854,marine_hw,abrupt-4xCO2,0.17163317800277778,0.41710478,0.0,108
SO,1855,marine_hw,abrupt-4xCO2,0.1855363096759259,0.44242337,0.0,108
SO,1856,marine_hw,abrupt-4xCO2,0.2581856931453704,0.4702377,0.0,108
SO,1857,marine_hw,abrupt-4xCO2,0.25616063088888885,0.52848583,0.01802805,108
SO,1858,marine_hw,abrupt-4xCO2,0.26807398530555554,0.52999246,0.01648385,108
SO,1859,marine_hw,abrupt-4xCO2,0.29844325874074074,0.5531763,0.011625088,108
SO,1860,marine_hw,abrupt-4xCO2,0.2854240582962963,0.58659506,0.024059897,108
SO,1861,marine_hw,abrupt-4xCO2,0.23490364269722222,0.4847207,0.0,108
SO,1862,marine_hw,abrupt-4xCO2,0.2944898517338889,0.5181482,0.0,108
SO,1863,marine_hw,abrupt-4xCO2,0.3188369793981481,0.57314485,0.034131095,108
SO,1864,marine_hw,abrupt-4xCO2,0.30515158879629634,0.5681492,0.06094611,108
SO,1865,marine_hw,abrupt-4xCO2,0.2971032169962963,0.54988253,0.0071971696,108
SO,1866,marine_hw,abrupt-4xCO2,0.3100236744074074,0.5905981,0.05790804,108
SO,1867,marine_hw,abrupt-4xCO2,0.27172610251851853,0.5385537,0.057578087,108
SO,1868,marine_hw,abrupt-4xCO2,0.3026899474235185,0.53465056,0.00084948674,108
SO,1869,marine_hw,abrupt-4xCO2,0.3190236734722222,0.5671493,0.09761435,108
SO,1870,marine_hw,abrupt-4xCO2,0.25511302134259256,0.4909123,0.0,108
SO,1871,marine_hw,abrupt-4xCO2,0.2843836974074074,0.5427447,0.009763582,108
SO,1872,marine_hw,abrupt-4xCO2,0.31696683181481483,0.58621585,0.07283196,108
SO,1873,marine_hw,abrupt-4xCO2,0.29379893096296295,0.5466565,0.026274528,108
SO,1874,marine_hw,abrupt-4xCO2,0.33392023101851853,0.5950053,0.054665286,108
SO,1875,marine_hw,abrupt-4xCO2,0.3283856499074074,0.59680116,0.06720546,108
SO,1876,marine_hw,abrupt-4xCO2,0.27546252637962965,0.52295935,0.04056436,108
SO,1877,marine_hw,abrupt-4xCO2,0.2731713297037037,0.5154853,0.03214598,108
SO,1878,marine_hw,abrupt-4xCO2,0.3312376623425926,0.5609181,0.027146958,108
SO,1879,marine_hw,abrupt-4xCO2,0.30775613166666665,0.567356,0.05715104,108
SO,1880,marine_hw,abrupt-4xCO2,0.3187322500740741,0.56625664,0.025005478,108
SO,1881,marine_hw,abrupt-4xCO2,0.3355670877685185,0.59377044,0.058367744,108
SO,1882,marine_hw,abrupt-4xCO2,0.26833650594444447,0.52857107,0.0,108
SO,1883,marine_hw,abrupt-4xCO2,0.3147281005740741,0.5570251,0.031742647,108
SO,1884,marine_hw,abrupt-4xCO2,0.32352654769444444,0.5874487,0.050791025,108
SO,1885,marine_hw,abrupt-4xCO2,0.26618881055555554,0.52580816,0.0,108
SO,1886,marine_hw,abrupt-4xCO2,0.31504390964814816,0.544099,0.016511366,108
SO,1887,marine_hw,abrupt-4xCO2,0.36845608222222226,0.60923594,0.09604867,108
SO,1888,marine_hw,abrupt-4xCO2,0.34320092925925927,0.58827615,0.12982915,108
SO,1889,marine_hw,abrupt-4xCO2,0.30224905134259256,0.5880869,0.06471031,108
SO,1890,marine_hw,abrupt-4xCO2,0.2986536347222222,0.5517757,0.06270305,108
SO,1891,marine_hw,abrupt-4xCO2,0.32960891142592597,0.57923305,0.09216568,108
SO,1892,marine_hw,abrupt-4xCO2,0.3223148790185185,0.6107204,0.06411169,108
SO,1893,marine_hw,abrupt-4xCO2,0.2847568641203704,0.5542722,0.070829175,108
SO,1894,marine_hw,abrupt-4xCO2,0.3233917625,0.562569,0.02838782,108
SO,1895,marine_hw,abrupt-4xCO2,0.3497625898148148,0.58680576,0.1086338,108
SO,1896,marine_hw,abrupt-4xCO2,0.2960601014814815,0.5037726,0.029764246,108
SO,1897,marine_hw,abrupt-4xCO2,0.3239314559814815,0.5136095,0.029947458,108
SO,1898,marine_hw,abrupt-4xCO2,0.3561252699351852,0.6013894,0.055726293,108
SO,1899,marine_hw,abrupt-4xCO2,0.31959656237962963,0.60291755,0.031828552,108
SO,1900,marine_hw,abrupt-4xCO2,0.3454314587222222,0.57513607,0.06307282,108
SO,1901,marine_hw,abrupt-4xCO2,0.35465546685185184,0.5900814,0.10043027,108
SO,1902,marine_hw,abrupt-4xCO2,0.3134002002870371,0.60928965,0.07074417,108
SO,1903,marine_hw,abrupt-4xCO2,0.287162383,0.5396154,0.015582562,108
SO,1904,marine_hw,abrupt-4xCO2,0.34317687327777774,0.54604584,0.04977834,108
SO,1905,marine_hw,abrupt-4xCO2,0.3402508367222222,0.60814476,0.091758326,108
SO,1906,marine_hw,abrupt-4xCO2,0.29747069247222224,0.54658544,0.02477395,108
SO,1907,marine_hw,abrupt-4xCO2,0.33607593537037034,0.60047674,0.05899187,108
SO,1908,marine_hw,abrupt-4xCO2,0.34052907107407404,0.6260483,0.102791876,108
SO,1909,marine_hw,abrupt-4xCO2,0.3034176953240741,0.5321796,0.004179359,108
SO,1910,marine_hw,abrupt-4xCO2,0.35009939237962967,0.5925195,0.035625637,108
SO,1911,marine_hw,abrupt-4xCO2,0.33966299532407407,0.58290064,0.101995945,108
SO,1912,marine_hw,abrupt-4xCO2,0.2776581739259259,0.55020803,0.044410877,108
SO,1913,marine_hw,abrupt-4xCO2,0.32448868100925926,0.5855763,0.0197964,108
SO,1914,marine_hw,abrupt-4xCO2,0.3548837626851852,0.6147269,0.09713718,108
SO,1915,marine_hw,abrupt-4xCO2,0.3253400833796296,0.552171,0.06527068,108
SO,1916,marine_hw,abrupt-4xCO2,0.35010996892592594,0.61691606,0.06886777,108
SO,1917,marine_hw,abrupt-4xCO2,0.35209609750000004,0.5776272,0.12489657,108
SO,1918,marine_hw,abrupt-4xCO2,0.32347757601851856,0.61093986,0.07049922,108
SO,1919,marine_hw,abrupt-4xCO2,0.34858567378703703,0.58468306,0.045617513,108
SO,1920,marine_hw,abrupt-4xCO2,0.35820439074074073,0.59503615,0.10381396,108
SO,1921,marine_hw,abrupt-4xCO2,0.33083770836111115,0.54681826,0.04251972,108
SO,1922,marine_hw,abrupt-4xCO2,0.3523305167037037,0.58519375,0.042871375,108
SO,1923,marine_hw,abrupt-4xCO2,0.3579499059907408,0.5936657,0.034092173,108
SO,1924,marine_hw,abrupt-4xCO2,0.28868647989814816,0.5198555,0.026591957,108
SO,1925,marine_hw,abrupt-4xCO2,0.3145313728518519,0.58268654,0.006495325,108
SO,1926,marine_hw,abrupt-4xCO2,0.3504215032777778,0.6067596,0.036227614,108
SO,1927,marine_hw,abrupt-4xCO2,0.3089050226851852,0.5744246,0.04504574,108
SO,1928,marine_hw,abrupt-4xCO2,0.33084411774074074,0.59937274,0.028439496,108
SO,1929,marine_hw,abrupt-4xCO2,0.36703976453703707,0.6171986,0.13815147,108
SO,1930,marine_hw,abrupt-4xCO2,0.33535464680555555,0.5904787,0.0692597,108
SO,1931,marine_hw,abrupt-4xCO2,0.3748072549074074,0.6082293,0.12886614,108
SO,1932,marine_hw,abrupt-4xCO2,0.34285005203703706,0.5387268,0.07320576,108
SO,1933,marine_hw,abrupt-4xCO2,0.32695263053703705,0.559247,0.061354935,108
SO,1934,marine_hw,abrupt-4xCO2,0.3038894665833333,0.5521696,0.024938367,108
SO,1935,marine_hw,abrupt-4xCO2,0.3483300587222222,0.64425796,0.051121876,108
SO,1936,marine_hw,abrupt-4xCO2,0.36289710737037034,0.6251497,0.09418972,108
SO,1937,marine_hw,abrupt-4xCO2,0.3224760605925926,0.6401401,0.110940374,108
SO,1938,marine_hw,abrupt-4xCO2,0.2989737878703704,0.5803216,0.037153058,108
SO,1939,marine_hw,abrupt-4xCO2,0.3627707948703704,0.6311339,0.048557732,108
SO,1940,marine_hw,abrupt-4xCO2,0.32967927794444446,0.60238194,0.061760828,108
SO,1941,marine_hw,abrupt-4xCO2,0.3450016215277778,0.5961093,0.05289895,108
SO,1942,marine_hw,abrupt-4xCO2,0.35547963259259263,0.5905572,0.08533187,108
SO,1943,marine_hw,abrupt-4xCO2,0.35708993685185186,0.6185609,0.08400175,108
SO,1944,marine_hw,abrupt-4xCO2,0.3116174034166667,0.55069995,0.057220835,108
SO,1945,marine_hw,abrupt-4xCO2,0.35539147283333333,0.5663332,0.036296066,108
SO,1946,marine_hw,abrupt-4xCO2,0.35469957925925927,0.6083857,0.07145017,108
SO,1947,marine_hw,abrupt-4xCO2,0.33237030352777774,0.56931627,0.018424671,108
SO,1948,marine_hw,abrupt-4xCO2,0.36242502055555553,0.6325929,0.0772337,108
SO,1949,marine_hw,abrupt-4xCO2,0.3264750112407407,0.6202527,0.07426946,108
SO,1950,marine_hw,abrupt-4xCO2,0.2818915647962963,0.49738443,0.008372936,108
SO,1951,marine_hw,abrupt-4xCO2,0.34809603747222223,0.60331416,0.04265742,108
SO,1952,marine_hw,abrupt-4xCO2,0.3588148080185185,0.607028,0.108825736,108
SO,1953,marine_hw,abrupt-4xCO2,0.3345509663518519,0.6110607,0.10020277,108
SO,1954,marine_hw,abrupt-4xCO2,0.3559230671296297,0.60893327,0.09392799,108
SO,1955,marine_hw,abrupt-4xCO2,0.33582641639814814,0.58129805,0.091733485,108
SO,1956,marine_hw,abrupt-4xCO2,0.3469571827222222,0.60800517,0.104282394,108
SO,1957,marine_hw,abrupt-4xCO2,0.3287278021296296,0.58770037,0.08931082,108
SO,1958,marine_hw,abrupt-4xCO2,0.3404791750555556,0.5915061,0.07430637,108
SO,1959,marine_hw,abrupt-4xCO2,0.33529758024074074,0.5966891,0.102883816,108
SO,1960,marine_hw,abrupt-4xCO2,0.31658666164814814,0.5931906,0.060785048,108
SO,1961,marine_hw,abrupt-4xCO2,0.3525502995833333,0.60046804,0.026763089,108
SO,1962,marine_hw,abrupt-4xCO2,0.36132107018518517,0.57353073,0.09878541,108
SO,1963,marine_hw,abrupt-4xCO2,0.3643983293518519,0.59225106,0.10363209,108
SO,1964,marine_hw,abrupt-4xCO2,0.32134116349074077,0.59112966,0.014513501,108
SO,1965,marine_hw,abrupt-4xCO2,0.3545931578240741,0.6168214,0.067677915,108
SO,1966,marine_hw,abrupt-4xCO2,0.38132537148148143,0.64992535,0.13991445,108
SO,1967,marine_hw,abrupt-4xCO2,0.2948330607407407,0.5261464,0.08176632,108
SO,1968,marine_hw,abrupt-4xCO2,0.3259170066666667,0.5960247,0.02495246,108
SO,1969,marine_hw,abrupt-4xCO2,0.3761339135833333,0.59619045,0.047034882,108
SO,1970,marine_hw,abrupt-4xCO2,0.38787745487037034,0.6281456,0.076269336,108
SO,1971,marine_hw,abrupt-4xCO2,0.3373209119444444,0.60319805,0.13395306,108
SO,1972,marine_hw,abrupt-4xCO2,0.31383980889074076,0.56825924,0.0061019342,108
SO,1973,marine_hw,abrupt-4xCO2,0.3720489616666666,0.6011096,0.09224688,108
SO,1974,marine_hw,abrupt-4xCO2,0.36651447962962963,0.6067321,0.126275,108
SO,1975,marine_hw,abrupt-4xCO2,0.3191171051481482,0.5769574,0.06131857,108
SO,1976,marine_hw,abrupt-4xCO2,0.3858176468518518,0.60236186,0.11968078,108
SO,1977,marine_hw,abrupt-4xCO2,0.37805692592592594,0.6016666,0.1119799,108
SO,1978,marine_hw,abrupt-4xCO2,0.3353615187962963,0.5825094,0.12294635,108
SO,1979,marine_hw,abrupt-4xCO2,0.32648796975,0.58597624,0.015630882,108
SO,1980,marine_hw,abrupt-4xCO2,0.37118444172222226,0.61921585,0.072787,108
SO,1981,marine_hw,abrupt-4xCO2,0.3479816463703704,0.6148604,0.057014808,108
SO,1982,marine_hw,abrupt-4xCO2,0.36187008146296296,0.59535027,0.043237124,108
SO,1983,marine_hw,abrupt-4xCO2,0.3859413112037037,0.63512295,0.11167925,108
SO,1984,marine_hw,abrupt-4xCO2,0.36955455579629626,0.61643684,0.109825686,108
SO,1985,marine_hw,abrupt-4xCO2,0.3631848572222222,0.6108922,0.09253613,108
SO,1986,marine_hw,abrupt-4xCO2,0.3368638118518518,0.6048275,0.08023352,108
SO,1987,marine_hw,abrupt-4xCO2,0.346537702037037,0.5843046,0.06225945,108
SO,1988,marine_hw,abrupt-4xCO2,0.3765770800462963,0.6641607,0.1028006,108
SO,1989,marine_hw,abrupt-4xCO2,0.376294441712963,0.6460451,0.122345045,108
SO,1990,marine_hw,abrupt-4xCO2,0.3563946013888889,0.6023431,0.07259774,108
SO,1991,marine_hw,abrupt-4xCO2,0.3729531108333333,0.64829326,0.08190188,108
SO,1992,marine_hw,abrupt-4xCO2,0.38055370166666663,0.5967032,0.11524816,108
SO,1993,marine_hw,abrupt-4xCO2,0.33809736412037034,0.5982661,0.11422071,108
SO,1994,marine_hw,abrupt-4xCO2,0.34385941672222226,0.58611786,0.07650019,108
SO,1995,marine_hw,abrupt-4xCO2,0.3797422109259259,0.646886,0.06594111,108
SO,1996,marine_hw,abrupt-4xCO2,0.3959083223148148,0.59998953,0.14981048,108
SO,1997,marine_hw,abrupt-4xCO2,0.33710070992592595,0.59286046,0.054738436,108
SO,1998,marine_hw,abrupt-4xCO2,0.35381539415740737,0.58620846,0.018454872,108
SO,1999,marine_hw,abrupt-4xCO2,0.3673378192592593,0.63854355,0.12644681,108
SO,2000,marine_hw,abrupt-4xCO2,0.3493628160925926,0.5690324,0.046710193,108
ST,1850,marine_hw,abrupt-4xCO2,0.2136720708333333,0.28356135,0.12985599,12
ST,1851,marine_hw,abrupt-4xCO2,0.30852523583333336,0.4262632,0.24305512,12
ST,1852,marine_hw,abrupt-4xCO2,0.2991610575,0.3937223,0.22704804,12
ST,1853,marine_hw,abrupt-4xCO2,0.310426855,0.41233924,0.21922436,12
ST,1854,marine_hw,abrupt-4xCO2,0.28844651083333334,0.35194838,0.20633522,12
ST,1855,marine_hw,abrupt-4xCO2,0.2980051166666667,0.33760303,0.24459194,12
ST,1856,marine_hw,abrupt-4xCO2,0.3821723533333334,0.46854857,0.31224084,12
ST,1857,marine_hw,abrupt-4xCO2,0.3924823508333333,0.4888963,0.30756932,12
ST,1858,marine_hw,abrupt-4xCO2,0.37393968916666664,0.45540708,0.31022754,12
ST,1859,marine_hw,abrupt-4xCO2,0.41224894,0.47932643,0.34467298,12
ST,1860,marine_hw,abrupt-4xCO2,0.3864533641666667,0.4850818,0.26963538,12
ST,1861,marine_hw,abrupt-4xCO2,0.34886905333333335,0.42026025,0.29521906,12
ST,1862,marine_hw,abrupt-4xCO2,0.38715805000000003,0.4457332,0.3373319,12
ST,1863,marine_hw,abrupt-4xCO2,0.4238478425,0.50399876,0.34859222,12
ST,1864,marine_hw,abrupt-4xCO2,0.4093836741666667,0.47805536,0.35248995,12
ST,1865,marine_hw,abrupt-4xCO2,0.4225072616666667,0.51080036,0.35899693,12
ST,1866,marine_hw,abrupt-4xCO2,0.4433365166666667,0.53202057,0.39345852,12
ST,1867,marine_hw,abrupt-4xCO2,0.38409866333333337,0.44132942,0.31500575,12
ST,1868,marine_hw,abrupt-4xCO2,0.4198500925,0.49981177,0.34782916,12
ST,1869,marine_hw,abrupt-4xCO2,0.452801925,0.5474786,0.3717713,12
ST,1870,marine_hw,abrupt-4xCO2,0.37249912916666666,0.447223,0.3122348,12
ST,1871,marine_hw,abrupt-4xCO2,0.4182142325,0.4838698,0.37214512,12
ST,1872,marine_hw,abrupt-4xCO2,0.4440288141666667,0.544307,0.35931766,12
ST,1873,marine_hw,abrupt-4xCO2,0.4090808325,0.48606497,0.36652526,12
ST,1874,marine_hw,abrupt-4xCO2,0.45114878166666667,0.53055346,0.39600065,12
ST,1875,marine_hw,abrupt-4xCO2,0.46243060583333334,0.56165767,0.3657448,12
ST,1876,marine_hw,abrupt-4xCO2,0.3946088225,0.49174246,0.3203343,12
ST,1877,marine_hw,abrupt-4xCO2,0.39040526000000003,0.4318045,0.34762582,12
ST,1878,marine_hw,abrupt-4xCO2,0.4350385475,0.5151726,0.35175848,12
ST,1879,marine_hw,abrupt-4xCO2,0.40652654083333334,0.4845308,0.33379388,12
ST,1880,marine_hw,abrupt-4xCO2,0.43842446333333335,0.5129653,0.3719847,12
ST,1881,marine_hw,abrupt-4xCO2,0.452583445,0.56597954,0.36049753,12
ST,1882,marine_hw,abrupt-4xCO2,0.38873529166666665,0.45153618,0.3431073,12
ST,1883,marine_hw,abrupt-4xCO2,0.45579845500000005,0.51674896,0.3587916,12
ST,1884,marine_hw,abrupt-4xCO2,0.45583843749999997,0.5798874,0.36976337,12
ST,1885,marine_hw,abrupt-4xCO2,0.39595676333333335,0.44506812,0.3428805,12
ST,1886,marine_hw,abrupt-4xCO2,0.44686493916666664,0.5355418,0.3722216,12
ST,1887,marine_hw,abrupt-4xCO2,0.4746072575,0.57358515,0.39289948,12
ST,1888,marine_hw,abrupt-4xCO2,0.45184198,0.5205179,0.38764006,12
ST,1889,marine_hw,abrupt-4xCO2,0.41568677083333333,0.49813598,0.3324557,12
ST,1890,marine_hw,abrupt-4xCO2,0.4053396333333333,0.46296567,0.3448952,12
ST,1891,marine_hw,abrupt-4xCO2,0.47686691000000003,0.5939181,0.384651,12
ST,1892,marine_hw,abrupt-4xCO2,0.44914371999999997,0.56079125,0.35448313,12
ST,1893,marine_hw,abrupt-4xCO2,0.3835039066666666,0.43404865,0.31804717,12
ST,1894,marine_hw,abrupt-4xCO2,0.45509267999999997,0.5096575,0.39391756,12
ST,1895,marine_hw,abrupt-4xCO2,0.46002583583333334,0.57560176,0.3498371,12
ST,1896,marine_hw,abrupt-4xCO2,0.3953252033333334,0.46204695,0.35268593,12
ST,1897,marine_hw,abrupt-4xCO2,0.47622868916666666,0.5300039,0.4131318,12
ST,1898,marine_hw,abrupt-4xCO2,0.47084428916666665,0.57040405,0.37075388,12
ST,1899,marine_hw,abrupt-4xCO2,0.4133967475,0.49415302,0.35689843,12
ST,1900,marine_hw,abrupt-4xCO2,0.46528601,0.57511985,0.3886058,12
ST,1901,marine_hw,abrupt-4xCO2,0.485888385,0.57550716,0.4136392,12
ST,1902,marine_hw,abrupt-4xCO2,0.43498820250000003,0.5368444,0.34108865,12
ST,1903,marine_hw,abrupt-4xCO2,0.39798058000000003,0.45833912,0.35051358,12
ST,1904,marine_hw,abrupt-4xCO2,0.47307043833333334,0.5356378,0.40177208,12
ST,1905,marine_hw,abrupt-4xCO2,0.4583312916666667,0.52068365,0.39570135,12
ST,1906,marine_hw,abrupt-4xCO2,0.4264152966666666,0.49761862,0.3721511,12
ST,1907,marine_hw,abrupt-4xCO2,0.45120651166666664,0.54333055,0.3852376,12
ST,1908,marine_hw,abrupt-4xCO2,0.45874071666666666,0.5428957,0.3800224,12
ST,1909,marine_hw,abrupt-4xCO2,0.4419940316666667,0.4956006,0.37716353,12
ST,1910,marine_hw,abrupt-4xCO2,0.4857343658333333,0.5635884,0.4143539,12
ST,1911,marine_hw,abrupt-4xCO2,0.4626062633333334,0.58179533,0.35963652,12
ST,1912,marine_hw,abrupt-4xCO2,0.3973132383333333,0.46537963,0.32548362,12
ST,1913,marine_hw,abrupt-4xCO2,0.456522455,0.53630614,0.39507654,12
ST,1914,marine_hw,abrupt-4xCO2,0.4900502133333333,0.59240544,0.40086544,12
ST,1915,marine_hw,abrupt-4xCO2,0.444667635,0.5032592,0.38159883,12
ST,1916,marine_hw,abrupt-4xCO2,0.4801675341666667,0.5994036,0.41044742,12
ST,1917,marine_hw,abrupt-4xCO2,0.48653398416666666,0.56611645,0.4081878,12
ST,1918,marine_hw,abrupt-4xCO2,0.43369723083333334,0.529316,0.36786142,12
ST,1919,marine_hw,abrupt-4xCO2,0.4657925316666667,0.5347419,0.40443772,12
ST,1920,marine_hw,abrupt-4xCO2,0.4958639025,0.5671513,0.41772416,12
ST,1921,marine_hw,abrupt-4xCO2,0.4322705866666667,0.50208145,0.3594197,12
ST,1922,marine_hw,abrupt-4xCO2,0.4684510433333333,0.57234627,0.39518526,12
ST,1923,marine_hw,abrupt-4xCO2,0.47240951666666664,0.54562706,0.3970375,12
ST,1924,marine_hw,abrupt-4xCO2,0.4149673308333333,0.48067802,0.36812252,12
ST,1925,marine_hw,abrupt-4xCO2,0.4335769991666667,0.49366784,0.37371683,12
ST,1926,marine_hw,abrupt-4xCO2,0.48803780750000003,0.5753615,0.41451764,12
ST,1927,marine_hw,abrupt-4xCO2,0.4311429158333333,0.5174355,0.3637651,12
ST,1928,marine_hw,abrupt-4xCO2,0.4563408066666667,0.516204,0.39400816,12
ST,1929,marine_hw,abrupt-4xCO2,0.4739107075,0.5819745,0.37439927,12
ST,1930,marine_hw,abrupt-4xCO2,0.436754595,0.48574686,0.3763663,12
ST,1931,marine_hw,abrupt-4xCO2,0.48432254083333337,0.5868883,0.40630603,12
ST,1932,marine_hw,abrupt-4xCO2,0.45455668666666665,0.50379944,0.40486386,12
ST,1933,marine_hw,abrupt-4xCO2,0.4559402166666667,0.5523582,0.36954454,12
ST,1934,marine_hw,abrupt-4xCO2,0.4348469383333333,0.48886144,0.37667766,12
ST,1935,marine_hw,abrupt-4xCO2,0.48736050000000003,0.5922772,0.41122052,12
ST,1936,marine_hw,abrupt-4xCO2,0.490769585,0.57101953,0.42189908,12
ST,1937,marine_hw,abrupt-4xCO2,0.44666175916666667,0.56054425,0.37338993,12
ST,1938,marine_hw,abrupt-4xCO2,0.43620535,0.491572,0.37518513,12
ST,1939,marine_hw,abrupt-4xCO2,0.4927094541666666,0.5946201,0.41962135,12
ST,1940,marine_hw,abrupt-4xCO2,0.43840119166666663,0.5063006,0.36780238,12
ST,1941,marine_hw,abrupt-4xCO2,0.48998874833333333,0.58154905,0.42566326,12
ST,1942,marine_hw,abrupt-4xCO2,0.4884857025,0.5432379,0.43305945,12
ST,1943,marine_hw,abrupt-4xCO2,0.47880297916666664,0.5945657,0.38265583,12
ST,1944,marine_hw,abrupt-4xCO2,0.42575458166666663,0.5191052,0.37236518,12
ST,1945,marine_hw,abrupt-4xCO2,0.48853755,0.5444734,0.4403355,12
ST,1946,marine_hw,abrupt-4xCO2,0.47778775833333337,0.5576545,0.40213114,12
ST,1947,marine_hw,abrupt-4xCO2,0.47142355500000005,0.5231177,0.41681278,12
ST,1948,marine_hw,abrupt-4xCO2,0.4895402258333333,0.5822436,0.4029841,12
ST,1949,marine_hw,abrupt-4xCO2,0.4422243866666667,0.54898524,0.36404288,12
ST,1950,marine_hw,abrupt-4xCO2,0.396482905,0.45444137,0.34709638,12
ST,1951,marine_hw,abrupt-4xCO2,0.4827066466666667,0.56624997,0.4212944,12
ST,1952,marine_hw,abrupt-4xCO2,0.47948592333333334,0.55785453,0.38630995,12
ST,1953,marine_hw,abrupt-4xCO2,0.4546868875,0.49742734,0.39085868,12
ST,1954,marine_hw,abrupt-4xCO2,0.5064651466666666,0.6082702,0.439096,12
ST,1955,marine_hw,abrupt-4xCO2,0.460196055,0.52645576,0.40736037,12
ST,1956,marine_hw,abrupt-4xCO2,0.47923158833333335,0.5736328,0.38562346,12
ST,1957,marine_hw,abrupt-4xCO2,0.4559129766666667,0.52894354,0.4029472,12
ST,1958,marine_hw,abrupt-4xCO2,0.470139575,0.53303725,0.396859,12
ST,1959,marine_hw,abrupt-4xCO2,0.4861477125,0.5564647,0.4224366,12
ST,1960,marine_hw,abrupt-4xCO2,0.4439335641666667,0.52905357,0.36562866,12
ST,1961,marine_hw,abrupt-4xCO2,0.48480842,0.5308025,0.4362465,12
ST,1962,marine_hw,abrupt-4xCO2,0.4719615508333333,0.5226855,0.3982663,12
ST,1963,marine_hw,abrupt-4xCO2,0.490780375,0.5907485,0.41407943,12
ST,1964,marine_hw,abrupt-4xCO2,0.4531800383333333,0.5006305,0.38246658,12
ST,1965,marine_hw,abrupt-4xCO2,0.4951540433333333,0.5625489,0.43406075,12
ST,1966,marine_hw,abrupt-4xCO2,0.5056789091666667,0.61991584,0.42384595,12
ST,1967,marine_hw,abrupt-4xCO2,0.42566903916666665,0.52511495,0.3525222,12
ST,1968,marine_hw,abrupt-4xCO2,0.4465884416666667,0.49916548,0.38339537,12
ST,1969,marine_hw,abrupt-4xCO2,0.49792949333333336,0.57949346,0.42030388,12
ST,1970,marine_hw,abrupt-4xCO2,0.5108447425,0.60222495,0.44791293,12
ST,1971,marine_hw,abrupt-4xCO2,0.45778506999999996,0.5470216,0.39367327,12
ST,1972,marine_hw,abrupt-4xCO2,0.44982526916666665,0.49891788,0.39403367,12
ST,1973,marine_hw,abrupt-4xCO2,0.5143002449999999,0.6104466,0.43645725,12
ST,1974,marine_hw,abrupt-4xCO2,0.47125433166666664,0.58095515,0.3953403,12
ST,1975,marine_hw,abrupt-4xCO2,0.4453240866666666,0.50254714,0.3852597,12
ST,1976,marine_hw,abrupt-4xCO2,0.5179756333333333,0.6394032,0.43910876,12
ST,1977,marine_hw,abrupt-4xCO2,0.5075313041666667,0.606465,0.4268075,12
ST,1978,marine_hw,abrupt-4xCO2,0.43460270500000003,0.51687646,0.36702323,12
ST,1979,marine_hw,abrupt-4xCO2,0.43932780666666665,0.5099111,0.3746516,12
ST,1980,marine_hw,abrupt-4xCO2,0.5182783016666667,0.6088373,0.44653445,12
ST,1981,marine_hw,abrupt-4xCO2,0.4672380733333334,0.5723684,0.38831386,12
ST,1982,marine_hw,abrupt-4xCO2,0.4947790658333333,0.5353492,0.4570573,12
ST,1983,marine_hw,abrupt-4xCO2,0.520163865,0.63073194,0.44611302,12
ST,1984,marine_hw,abrupt-4xCO2,0.50871071,0.6056684,0.42685583,12
ST,1985,marine_hw,abrupt-4xCO2,0.4726003825,0.53910327,0.40130636,12
ST,1986,marine_hw,abrupt-4xCO2,0.44139877499999997,0.5214849,0.35500455,12
ST,1987,marine_hw,abrupt-4xCO2,0.4637707791666667,0.5106205,0.38982317,12
ST,1988,marine_hw,abrupt-4xCO2,0.5214302941666666,0.60068613,0.46241605,12
ST,1989,marine_hw,abrupt-4xCO2,0.49782250250000004,0.5968206,0.41974685,12
ST,1990,marine_hw,abrupt-4xCO2,0.4595078925,0.528716,0.388285,12
ST,1991,marine_hw,abrupt-4xCO2,0.5201955241666667,0.60781324,0.45276228,12
ST,1992,marine_hw,abrupt-4xCO2,0.4912226341666666,0.5726429,0.41419083,12
ST,1993,marine_hw,abrupt-4xCO2,0.4470891891666667,0.5167624,0.37803665,12
ST,1994,marine_hw,abrupt-4xCO2,0.4776835191666666,0.5467901,0.4051538,12
ST,1995,marine_hw,abrupt-4xCO2,0.5170520916666667,0.6009378,0.45646945,12
ST,1996,marine_hw,abrupt-4xCO2,0.5138157683333333,0.6116915,0.43227226,12
ST,1997,marine_hw,abrupt-4xCO2,0.4627634583333333,0.5530857,0.39776498,12
ST,1998,marine_hw,abrupt-4xCO2,0.4811230741666666,0.531593,0.43112803,12
ST,1999,marine_hw,abrupt-4xCO2,0.4817899291666667,0.5629609,0.4047283,12
ST,2000,marine_hw,abrupt-4xCO2,0.46263460333333334,0.51613224,0.41089773,12
SY,1850,marine_hw,abrupt-4xCO2,0.0,0.0,0.0,12
SY,1851,marine_hw,abrupt-4xCO2,0.007673629416666668,0.051368423,0.0,12
SY,1852,marine_hw,abrupt-4xCO2,0.0051489515,0.044060145,0.0,12
SY,1853,marine_hw,abrupt-4xCO2,0.007608441916666667,0.052813973,0.0,12
SY,1854,marine_hw,abrupt-4xCO2,0.008053472083333334,0.05694258,0.0,12
SY,1855,marine_hw,abrupt-4xCO2,0.006471262916666667,0.045627832,0.0,12
SY,1856,marine_hw,abrupt-4xCO2,0.025670230583333332,0.13761257,0.0,12
SY,1857,marine_hw,abrupt-4xCO2,0.015591357083333333,0.12896208,0.0,12
SY,1858,marine_hw,abrupt-4xCO2,0.00890353225,0.06392739,0.0,12
SY,1859,marine_hw,abrupt-4xCO2,0.0191627275,0.12576228,0.0,12
SY,1860,marine_hw,abrupt-4xCO2,0.015045194666666666,0.10748824,0.0,12
SY,1861,marine_hw,abrupt-4xCO2,0.0131612135,0.11003304,0.0,12
SY,1862,marine_hw,abrupt-4xCO2,0.025484692083333333,0.17202523,0.0,12
SY,1863,marine_hw,abrupt-4xCO2,0.021316064,0.13219008,0.0,12
SY,1864,marine_hw,abrupt-4xCO2,0.02522634,0.1607078,0.0,12
SY,1865,marine_hw,abrupt-4xCO2,0.020390707416666664,0.12943722,0.0,12
SY,1866,marine_hw,abrupt-4xCO2,0.02246767091666667,0.1523526,0.0,12
SY,1867,marine_hw,abrupt-4xCO2,0.008732311,0.07379793,0.0,12
SY,1868,marine_hw,abrupt-4xCO2,0.013598435916666667,0.086753935,0.0,12
SY,1869,marine_hw,abrupt-4xCO2,0.016284156916666667,0.10276101,0.0,12
SY,1870,marine_hw,abrupt-4xCO2,0.018445769416666664,0.1260522,0.0,12
SY,1871,marine_hw,abrupt-4xCO2,0.013331225583333333,0.07531595,0.0,12
SY,1872,marine_hw,abrupt-4xCO2,0.028296042500000004,0.18470769,0.0,12
SY,1873,marine_hw,abrupt-4xCO2,0.012681153333333334,0.07737757,0.0,12
SY,1874,marine_hw,abrupt-4xCO2,0.024860345416666665,0.12658237,0.0,12
SY,1875,marine_hw,abrupt-4xCO2,0.020006860333333334,0.11738696,0.0,12
SY,1876,marine_hw,abrupt-4xCO2,0.012948586666666666,0.1017463,0.0,12
SY,1877,marine_hw,abrupt-4xCO2,0.0162894345,0.078890234,0.0,12
SY,1878,marine_hw,abrupt-4xCO2,0.023034750333333336,0.12996471,0.0,12
SY,1879,marine_hw,abrupt-4xCO2,0.015839307833333333,0.10563465,0.0,12
SY,1880,marine_hw,abrupt-4xCO2,0.023125663416666664,0.12595019,0.0,12
SY,1881,marine_hw,abrupt-4xCO2,0.012317082,0.0779064,0.0,12
SY,1882,marine_hw,abrupt-4xCO2,0.011317010416666667,0.08739953,0.0,12
SY,1883,marine_hw,abrupt-4xCO2,0.013585419416666668,0.06843693,0.0,12
SY,1884,marine_hw,abrupt-4xCO2,0.014982578583333331,0.08421876,0.0,12
SY,1885,marine_hw,abrupt-4xCO2,0.0077769998333333335,0.05524604,0.0,12
SY,1886,marine_hw,abrupt-4xCO2,0.019500626916666666,0.1592381,0.0,12
SY,1887,marine_hw,abrupt-4xCO2,0.014386285733333332,0.111199416,0.0,12
SY,1888,marine_hw,abrupt-4xCO2,0.02149110925,0.11204903,0.0,12
SY,1889,marine_hw,abrupt-4xCO2,0.010658458333333334,0.067854665,0.0,12
SY,1890,marine_hw,abrupt-4xCO2,0.01682481875,0.10205904,0.0,12
SY,1891,marine_hw,abrupt-4xCO2,0.015355039000000001,0.0763575,0.0,12
SY,1892,marine_hw,abrupt-4xCO2,0.017255818000000003,0.092724286,0.0,12
SY,1893,marine_hw,abrupt-4xCO2,0.006139627833333334,0.05222743,0.0,12
SY,1894,marine_hw,abrupt-4xCO2,0.009846986666666667,0.05094563,0.0,12
SY,1895,marine_hw,abrupt-4xCO2,0.020030886666666668,0.10056114,0.0,12
SY,1896,marine_hw,abrupt-4xCO2,0.007029821083333333,0.046290882,0.0,12
SY,1897,marine_hw,abrupt-4xCO2,0.017034669666666665,0.110003516,0.0,12
SY,1898,marine_hw,abrupt-4xCO2,0.018364006333333332,0.12695415,0.0,12
SY,1899,marine_hw,abrupt-4xCO2,0.021780240833333336,0.1527915,0.0,12
SY,1900,marine_hw,abrupt-4xCO2,0.011285265583333334,0.06283081,0.0,12
SY,1901,marine_hw,abrupt-4xCO2,0.019396159166666666,0.08692598,0.0,12
SY,1902,marine_hw,abrupt-4xCO2,0.023492308666666666,0.1464429,0.0,12
SY,1903,marine_hw,abrupt-4xCO2,0.02786888708333333,0.16528471,0.0,12
SY,1904,marine_hw,abrupt-4xCO2,0.025975824999999998,0.16328214,0.0,12
SY,1905,marine_hw,abrupt-4xCO2,0.011490958416666667,0.07208931,0.0,12
SY,1906,marine_hw,abrupt-4xCO2,0.015919861583333333,0.09534804,0.0,12
SY,1907,marine_hw,abrupt-4xCO2,0.015050003525,0.073554985,0.0,12
SY,1908,marine_hw,abrupt-4xCO2,0.0306480915,0.1479032,0.0,12
SY,1909,marine_hw,abrupt-4xCO2,0.015340590000000001,0.0719602,0.0,12
SY,1910,marine_hw,abrupt-4xCO2,0.03255381416666667,0.15925285,0.0,12
SY,1911,marine_hw,abrupt-4xCO2,0.012645564333333333,0.090557724,0.0,12
SY,1912,marine_hw,abrupt-4xCO2,0.01567030325,0.09884447,0.0,12
SY,1913,marine_hw,abrupt-4xCO2,0.01723843981666667,0.12968688,0.0,12
SY,1914,marine_hw,abrupt-4xCO2,0.01297643775,0.08411676,0.0,12
SY,1915,marine_hw,abrupt-4xCO2,0.021552402499999998,0.1446779,0.0,12
SY,1916,marine_hw,abrupt-4xCO2,0.014604190500000001,0.07387309,0.0,12
SY,1917,marine_hw,abrupt-4xCO2,0.025221530833333335,0.14541075,0.0,12
SY,1918,marine_hw,abrupt-4xCO2,0.020712948,0.13649586,0.0,12
SY,1919,marine_hw,abrupt-4xCO2,0.026597846166666664,0.20414007,0.0,12
SY,1920,marine_hw,abrupt-4xCO2,0.024857436666666666,0.13624486,0.0,12
SY,1921,marine_hw,abrupt-4xCO2,0.018566119750000002,0.107515074,0.0,12
SY,1922,marine_hw,abrupt-4xCO2,0.006402454026666666,0.06848818,0.0,12
SY,1923,marine_hw,abrupt-4xCO2,0.015903551916666668,0.14731936,0.0,12
SY,1924,marine_hw,abrupt-4xCO2,0.012217088083333334,0.07227453,0.0,12
SY,1925,marine_hw,abrupt-4xCO2,0.016787034,0.108935125,0.0,12
SY,1926,marine_hw,abrupt-4xCO2,0.014139523558333334,0.105513856,0.0,12
SY,1927,marine_hw,abrupt-4xCO2,0.016459648583333333,0.11623132,0.0,12
SY,1928,marine_hw,abrupt-4xCO2,0.019264399166666665,0.13078077,0.0,12
SY,1929,marine_hw,abrupt-4xCO2,0.026791770000000003,0.1387749,0.0,12
SY,1930,marine_hw,abrupt-4xCO2,0.012884811416666668,0.09607148,0.0,12
SY,1931,marine_hw,abrupt-4xCO2,0.013883967416666665,0.101467125,0.0,12
SY,1932,marine_hw,abrupt-4xCO2,0.010681834833333334,0.07662057,0.0,12
SY,1933,marine_hw,abrupt-4xCO2,0.017087127025,0.07905129,0.0,12
SY,1934,marine_hw,abrupt-4xCO2,0.010636312166666667,0.05316429,0.0,12
SY,1935,marine_hw,abrupt-4xCO2,0.014165829416666666,0.10837677,0.0,12
SY,1936,marine_hw,abrupt-4xCO2,0.0165794408,0.11379792,0.0,12
SY,1937,marine_hw,abrupt-4xCO2,0.006319258833333333,0.038600076,0.0,12
SY,1938,marine_hw,abrupt-4xCO2,0.0060778656166666665,0.04779817,0.0,12
SY,1939,marine_hw,abrupt-4xCO2,0.029138230708333334,0.16128495,0.0,12
SY,1940,marine_hw,abrupt-4xCO2,0.00826410625,0.058453895,0.0,12
SY,1941,marine_hw,abrupt-4xCO2,0.022065213750000003,0.1547887,0.0,12
SY,1942,marine_hw,abrupt-4xCO2,0.024209378916666666,0.16536927,0.0,12
SY,1943,marine_hw,abrupt-4xCO2,0.023673861666666667,0.1378394,0.0,12
SY,1944,marine_hw,abrupt-4xCO2,0.015733294999999998,0.11144235,0.0,12
SY,1945,marine_hw,abrupt-4xCO2,0.016374643500000004,0.13077809,0.0,12
SY,1946,marine_hw,abrupt-4xCO2,0.012660573500000001,0.08248733,0.0,12
SY,1947,marine_hw,abrupt-4xCO2,0.011040112166666666,0.067268126,0.0,12
SY,1948,marine_hw,abrupt-4xCO2,0.019226930583333333,0.12728435,0.0,12
SY,1949,marine_hw,abrupt-4xCO2,0.019051660833333334,0.13278468,0.0,12
SY,1950,marine_hw,abrupt-4xCO2,0.014576095249999999,0.11341539,0.0,12
SY,1951,marine_hw,abrupt-4xCO2,0.01719036525,0.08961148,0.0,12
SY,1952,marine_hw,abrupt-4xCO2,0.01929256475,0.12922248,0.0,12
SY,1953,marine_hw,abrupt-4xCO2,0.008333342,0.057927754,0.0,12
SY,1954,marine_hw,abrupt-4xCO2,0.014633921166666666,0.09478028,0.0,12
SY,1955,marine_hw,abrupt-4xCO2,0.02086081375,0.16225402,0.0,12
SY,1956,marine_hw,abrupt-4xCO2,0.025096685500000004,0.16079505,0.0,12
SY,1957,marine_hw,abrupt-4xCO2,0.01742155925,0.12977278,0.0,12
SY,1958,marine_hw,abrupt-4xCO2,0.010884060000000001,0.06940063,0.0,12
SY,1959,marine_hw,abrupt-4xCO2,0.011482793,0.077513136,0.0,12
SY,1960,marine_hw,abrupt-4xCO2,0.007998330208333333,0.06212213,0.0,12
SY,1961,marine_hw,abrupt-4xCO2,0.030432580249999997,0.16794226,0.0,12
SY,1962,marine_hw,abrupt-4xCO2,0.009128776583333333,0.07772629,0.0,12
SY,1963,marine_hw,abrupt-4xCO2,0.023138618,0.13990505,0.0,12
SY,1964,marine_hw,abrupt-4xCO2,0.019022244333333334,0.15492292,0.0,12
SY,1965,marine_hw,abrupt-4xCO2,0.012794884166666666,0.08259177,0.0,12
SY,1966,marine_hw,abrupt-4xCO2,0.023865014166666667,0.16840935,0.0,12
SY,1967,marine_hw,abrupt-4xCO2,0.01712180075,0.117411114,0.0,12
SY,1968,marine_hw,abrupt-4xCO2,0.01230328175,0.07498686,0.0,12
SY,1969,marine_hw,abrupt-4xCO2,0.04134307829166667,0.20038457,0.0,12
SY,1970,marine_hw,abrupt-4xCO2,0.0401781819775,0.21850026,0.0,12
SY,1971,marine_hw,abrupt-4xCO2,0.016286617166666666,0.097989485,0.0,12
SY,1972,marine_hw,abrupt-4xCO2,0.018790714166666667,0.11595214,0.0,12
SY,1973,marine_hw,abrupt-4xCO2,0.01866969191666667,0.12529519,0.0,12
SY,1974,marine_hw,abrupt-4xCO2,0.012224582416666666,0.08124848,0.0,12
SY,1975,marine_hw,abrupt-4xCO2,0.01842507641666667,0.1305848,0.0,12
SY,1976,marine_hw,abrupt-4xCO2,0.014635354783333334,0.08692439,0.0,12
SY,1977,marine_hw,abrupt-4xCO2,0.02680051625,0.18382317,0.0,12
SY,1978,marine_hw,abrupt-4xCO2,0.0226761375,0.13405707,0.0,12
SY,1979,marine_hw,abrupt-4xCO2,0.019796918083333333,0.12997143,0.0,12
SY,1980,marine_hw,abrupt-4xCO2,0.020489939750000002,0.14427659,0.0,12
SY,1981,marine_hw,abrupt-4xCO2,0.0169255255,0.08124848,0.0,12
SY,1982,marine_hw,abrupt-4xCO2,0.03794406883333334,0.17490694,0.0,12
SY,1983,marine_hw,abrupt-4xCO2,0.019430273333333335,0.14379743,0.0,12
SY,1984,marine_hw,abrupt-4xCO2,0.029428929333333336,0.1442672,0.0,12
SY,1985,marine_hw,abrupt-4xCO2,0.0165039415,0.12044583,0.0,12
SY,1986,marine_hw,abrupt-4xCO2,0.009250735500000001,0.06527093,0.0,12
SY,1987,marine_hw,abrupt-4xCO2,0.01698140825,0.094236694,0.0,12
SY,1988,marine_hw,abrupt-4xCO2,0.028959849499999996,0.15717244,0.0,12
SY,1989,marine_hw,abrupt-4xCO2,0.015439465333333333,0.085468106,0.0,12
SY,1990,marine_hw,abrupt-4xCO2,0.0243901275,0.13719648,0.0,12
SY,1991,marine_hw,abrupt-4xCO2,0.009722274000000001,0.05607015,0.0,12
SY,1992,marine_hw,abrupt-4xCO2,0.033454319583333336,0.14463228,0.0,12
SY,1993,marine_hw,abrupt-4xCO2,0.016534588916666666,0.09717343,0.0,12
SY,1994,marine_hw,abrupt-4xCO2,0.021441406416666666,0.13197802,0.0,12
SY,1995,marine_hw,abrupt-4xCO2,0.03481051916666667,0.19669217,0.0,12
SY,1996,marine_hw,abrupt-4xCO2,0.013085379666666667,0.09205562,0.0,12
SY,1997,marine_hw,abrupt-4xCO2,0.03562825616666667,0.20016713,0.0,12
SY,1998,marine_hw,abrupt-4xCO2,0.023984133333333334,0.14845352,0.0,12
SY,1999,marine_hw,abrupt-4xCO2,0.021964904999999996,0.1618849,0.0,12
SY,2000,marine_hw,abrupt-4xCO2,0.013748538083333333,0.077879556,0.0,12
TF,1850,marine_hw,abrupt-4xCO2,0.0,0.0,0.0,780
TF,1851,marine_hw,abrupt-4xCO2,0.0,0.0,0.0,780
TF,1852,marine_hw,abrupt-4xCO2,0.0,0.0,0.0,780
TF,1853,marine_hw,abrupt-4xCO2,0.0,0.0,0.0,780
TF,1854,marine_hw,abrupt-4xCO2,0.0,0.0,0.0,780
TF,1855,marine_hw,abrupt-4xCO2,0.0,0.0,0.0,780
TF,1856,marine_hw,abrupt-4xCO2,0.0,0.0,0.0,780
TF,1857,marine_hw,abrupt-4xCO2,0.0,0.0,0.0,780
TF,1858,marine_hw,abrupt-4xCO2,0.0,0.0,0.0,780
TF,1859,marine_hw,abrupt-4xCO2,4.4637824358974355e-07,0.00034817503,0.0,780
TF,1860,marine_hw,abrupt-4xCO2,0.0,0.0,0.0,780
TF,1861,marine_hw,abrupt-4xCO2,0.0,0.0,0.0,780
TF,1862,marine_hw,abrupt-4xCO2,0.0,0.0,0.0,780
TF,1863,marine_hw,abrupt-4xCO2,0.0,0.0,0.0,780
TF,1864,marine_hw,abrupt-4xCO2,0.0,0.0,0.0,780
TF,1865,marine_hw,abrupt-4xCO2,0.0,0.0,0.0,780
TF,1866,marine_hw,abrupt-4xCO2,0.0,0.0,0.0,780
TF,1867,marine_hw,abrupt-4xCO2,0.0,0.0,0.0,780
TF,1868,marine_hw,abrupt-4xCO2,0.0,0.0,0.0,780
TF,1869,marine_hw,abrupt-4xCO2,0.0,0.0,0.0,780
TF,1870,marine_hw,abrupt-4xCO2,0.0,0.0,0.0,780
TF,1871,marine_hw,abrupt-4xCO2,0.0,0.0,0.0,780
TF,1872,marine_hw,abrupt-4xCO2,0.0,0.0,0.0,780
TF,1873,marine_hw,abrupt-4xCO2,0.0,0.0,0.0,780
TF,1874,marine_hw,abrupt-4xCO2,0.0,0.0,0.0,780
TF,1875,marine_hw,abrupt-4xCO2,0.0,0.0,0.0,780
TF,1876,marine_hw,abrupt-4xCO2,0.0,0.0,0.0,780
TF,1877,marine_hw,abrupt-4xCO2,0.0,0.0,0.0,780
TF,1878,marine_hw,abrupt-4xCO2,0.0,0.0,0.0,780
TF,1879,marine_hw,abrupt-4xCO2,0.0,0.0,0.0,780
TF,1880,marine_hw,abrupt-4xCO2,0.0,0.0,0.0,780
TF,1881,marine_hw,abrupt-4xCO2,1.2603021794871795e-06,0.0009830357,0.0,780
TF,1882,marine_hw,abrupt-4xCO2,0.0,0.0,0.0,780
TF,1883,marine_hw,abrupt-4xCO2,0.0,0.0,0.0,780
TF,1884,marine_hw,abrupt-4xCO2,0.0,0.0,0.0,780
TF,1885,marine_hw,abrupt-4xCO2,0.0,0.0,0.0,780
TF,1886,marine_hw,abrupt-4xCO2,0.0,0.0,0.0,780
TF,1887,marine_hw,abrupt-4xCO2,0.0,0.0,0.0,780
TF,1888,marine_hw,abrupt-4xCO2,0.0,0.0,0.0,780
TF,1889,marine_hw,abrupt-4xCO2,0.0,0.0,0.0,780
TF,1890,marine_hw,abrupt-4xCO2,0.0,0.0,0.0,780
TF,1891,marine_hw,abrupt-4xCO2,0.0,0.0,0.0,780
TF,1892,marine_hw,abrupt-4xCO2,0.0,0.0,0.0,780
TF,1893,marine_hw,abrupt-4xCO2,0.0,0.0,0.0,780
TF,1894,marine_hw,abrupt-4xCO2,0.0,0.0,0.0,780
TF,1895,marine_hw,abrupt-4xCO2,4.467815641025641e-06,0.0034848962,0.0,780
TF,1896,marine_hw,abrupt-4xCO2,0.0,0.0,0.0,780
TF,1897,marine_hw,abrupt-4xCO2,0.0,0.0,0.0,780
TF,1898,marine_hw,abrupt-4xCO2,0.0,0.0,0.0,780
TF,1899,marine_hw,abrupt-4xCO2,0.0,0.0,0.0,780
TF,1900,marine_hw,abrupt-4xCO2,0.0,0.0,0.0,780
TF,1901,marine_hw,abrupt-4xCO2,0.0,0.0,0.0,780
TF,1902,marine_hw,abrupt-4xCO2,7.783576794871795e-05,0.045448653,0.0,780
TF,1903,marine_hw,abrupt-4xCO2,0.0,0.0,0.0,780
TF,1904,marine_hw,abrupt-4xCO2,0.0,0.0,0.0,780
TF,1905,marine_hw,abrupt-4xCO2,0.0,0.0,0.0,780
TF,1906,marine_hw,abrupt-4xCO2,0.0,0.0,0.0,780
TF,1907,marine_hw,abrupt-4xCO2,0.0,0.0,0.0,780
TF,1908,marine_hw,abrupt-4xCO2,0.0,0.0,0.0,780
TF,1909,marine_hw,abrupt-4xCO2,1.0220185897435898e-05,0.007971745,0.0,780
TF,1910,marine_hw,abrupt-4xCO2,2.1482189743589743e-06,0.0016756108,0.0,780
TF,1911,marine_hw,abrupt-4xCO2,1.403255e-05,0.010945389,0.0,780
TF,1912,marine_hw,abrupt-4xCO2,0.0,0.0,0.0,780
TF,1913,marine_hw,abrupt-4xCO2,0.0,0.0,0.0,780
TF,1914,marine_hw,abrupt-4xCO2,0.0,0.0,0.0,780
TF,1915,marine_hw,abrupt-4xCO2,0.0,0.0,0.0,780
TF,1916,marine_hw,abrupt-4xCO2,7.370591923076924e-06,0.0057490617,0.0,780
TF,1917,marine_hw,abrupt-4xCO2,0.0,0.0,0.0,780
TF,1918,marine_hw,abrupt-4xCO2,0.0,0.0,0.0,780
TF,1919,marine_hw,abrupt-4xCO2,6.0767346153846145e-06,0.004739853,0.0,780
TF,1920,marine_hw,abrupt-4xCO2,2.1327320512820512e-06,0.001663531,0.0,780
TF,1921,marine_hw,abrupt-4xCO2,0.0,0.0,0.0,780
TF,1922,marine_hw,abrupt-4xCO2,0.0,0.0,0.0,780
TF,1923,marine_hw,abrupt-4xCO2,0.0,0.0,0.0,780
TF,1924,marine_hw,abrupt-4xCO2,0.0,0.0,0.0,780
TF,1925,marine_hw,abrupt-4xCO2,0.0,0.0,0.0,780
TF,1926,marine_hw,abrupt-4xCO2,1.4142679487179485e-05,0.01103129,0.0,780
TF,1927,marine_hw,abrupt-4xCO2,0.0,0.0,0.0,780
TF,1928,marine_hw,abrupt-4xCO2,0.0,0.0,0.0,780
TF,1929,marine_hw,abrupt-4xCO2,0.0,0.0,0.0,780
TF,1930,marine_hw,abrupt-4xCO2,4.585688461538461e-06,0.003576837,0.0,780
TF,1931,marine_hw,abrupt-4xCO2,0.0,0.0,0.0,780
TF,1932,marine_hw,abrupt-4xCO2,0.0,0.0,0.0,780
TF,1933,marine_hw,abrupt-4xCO2,0.0,0.0,0.0,780
TF,1934,marine_hw,abrupt-4xCO2,0.0,0.0,0.0,780
TF,1935,marine_hw,abrupt-4xCO2,2.669966846153846e-05,0.01740137,0.0,780
TF,1936,marine_hw,abrupt-4xCO2,0.0,0.0,0.0,780
TF,1937,marine_hw,abrupt-4xCO2,8.788059076923077e-05,0.044586957,0.0,780
TF,1938,marine_hw,abrupt-4xCO2,0.0,0.0,0.0,780
TF,1939,marine_hw,abrupt-4xCO2,5.544942051282051e-05,0.035717703,0.0,780
TF,1940,marine_hw,abrupt-4xCO2,0.0,0.0,0.0,780
TF,1941,marine_hw,abrupt-4xCO2,0.0,0.0,0.0,780
TF,1942,marine_hw,abrupt-4xCO2,2.884708076923077e-06,0.0022500723,0.0,780
TF,1943,marine_hw,abrupt-4xCO2,1.1329651282051282e-06,0.0008837128,0.0,780
TF,1944,marine_hw,abrupt-4xCO2,0.0,0.0,0.0,780
TF,1945,marine_hw,abrupt-4xCO2,4.0702426923076925e-05,0.021368913,0.0,780
TF,1946,marine_hw,abrupt-4xCO2,9.379815641025641e-05,0.055083632,0.0,780
TF,1947,marine_hw,abrupt-4xCO2,0.0,0.0,0.0,780
TF,1948,marine_hw,abrupt-4xCO2,5.640358974358974e-06,0.00439948,0.0,780
TF,1949,marine_hw,abrupt-4xCO2,8.05906076923077e-06,0.0062860674,0.0,780
TF,1950,marine_hw,abrupt-4xCO2,0.0,0.0,0.0,780
TF,1951,marine_hw,abrupt-4xCO2,0.0,0.0,0.0,780
TF,1952,marine_hw,abrupt-4xCO2,2.1406046153846154e-05,0.016696716,0.0,780
TF,1953,marine_hw,abrupt-4xCO2,0.0,0.0,0.0,780
TF,1954,marine_hw,abrupt-4xCO2,0.0,0.0,0.0,780
TF,1955,marine_hw,abrupt-4xCO2,0.0,0.0,0.0,780
TF,1956,marine_hw,abrupt-4xCO2,0.0,0.0,0.0,780
TF,1957,marine_hw,abrupt-4xCO2,0.0,0.0,0.0,780
TF,1958,marine_hw,abrupt-4xCO2,0.0,0.0,0.0,780
TF,1959,marine_hw,abrupt-4xCO2,0.00010072737089743589,0.056276597,0.0,780
TF,1960,marine_hw,abrupt-4xCO2,0.0,0.0,0.0,780
TF,1961,marine_hw,abrupt-4xCO2,0.0,0.0,0.0,780
TF,1962,marine_hw,abrupt-4xCO2,1.3669144358974358e-05,0.0057436926,0.0,780
TF,1963,marine_hw,abrupt-4xCO2,0.0,0.0,0.0,780
TF,1964,marine_hw,abrupt-4xCO2,1.3807558974358973e-06,0.0010769896,0.0,780
TF,1965,marine_hw,abrupt-4xCO2,0.0,0.0,0.0,780
TF,1966,marine_hw,abrupt-4xCO2,5.649123974358975e-06,0.0044063167,0.0,780
TF,1967,marine_hw,abrupt-4xCO2,0.0,0.0,0.0,780
TF,1968,marine_hw,abrupt-4xCO2,0.0,0.0,0.0,780
TF,1969,marine_hw,abrupt-4xCO2,0.0,0.0,0.0,780
TF,1970,marine_hw,abrupt-4xCO2,0.0,0.0,0.0,780
TF,1971,marine_hw,abrupt-4xCO2,0.0,0.0,0.0,780
TF,1972,marine_hw,abrupt-4xCO2,0.0,0.0,0.0,780
TF,1973,marine_hw,abrupt-4xCO2,0.0,0.0,0.0,780
TF,1974,marine_hw,abrupt-4xCO2,3.897907538461539e-05,0.026231702,0.0,780
TF,1975,marine_hw,abrupt-4xCO2,0.0,0.0,0.0,780
TF,1976,marine_hw,abrupt-4xCO2,1.5225042307692308e-05,0.011875533,0.0,780
TF,1977,marine_hw,abrupt-4xCO2,4.023609743589743e-05,0.017577197,0.0,780
TF,1978,marine_hw,abrupt-4xCO2,0.0,0.0,0.0,780
TF,1979,marine_hw,abrupt-4xCO2,0.0,0.0,0.0,780
TF,1980,marine_hw,abrupt-4xCO2,9.999980564102564e-05,0.04159708,0.0,780
TF,1981,marine_hw,abrupt-4xCO2,4.43254e-06,0.0034573812,0.0,780
TF,1982,marine_hw,abrupt-4xCO2,0.0,0.0,0.0,780
TF,1983,marine_hw,abrupt-4xCO2,0.0,0.0,0.0,780
TF,1984,marine_hw,abrupt-4xCO2,0.0,0.0,0.0,780
TF,1985,marine_hw,abrupt-4xCO2,3.252092307692308e-06,0.002536632,0.0,780
TF,1986,marine_hw,abrupt-4xCO2,1.2304896153846154e-05,0.009597819,0.0,780
TF,1987,marine_hw,abrupt-4xCO2,0.0,0.0,0.0,780
TF,1988,marine_hw,abrupt-4xCO2,1.705922153846154e-05,0.012643943,0.0,780
TF,1989,marine_hw,abrupt-4xCO2,4.010617948717949e-05,0.025739115,0.0,780
TF,1990,marine_hw,abrupt-4xCO2,0.0,0.0,0.0,780
TF,1991,marine_hw,abrupt-4xCO2,6.2942505128205124e-06,0.0049095154,0.0,780
TF,1992,marine_hw,abrupt-4xCO2,6.545913461538463e-07,0.00051058125,0.0,780
TF,1993,marine_hw,abrupt-4xCO2,0.0,0.0,0.0,780
TF,1994,marine_hw,abrupt-4xCO2,0.0,0.0,0.0,780
TF,1995,marine_hw,abrupt-4xCO2,0.0,0.0,0.0,780
TF,1996,marine_hw,abrupt-4xCO2,0.0,0.0,0.0,780
TF,1997,marine_hw,abrupt-4xCO2,0.0,0.0,0.0,780
TF,1998,marine_hw,abrupt-4xCO2,2.4577958974358974e-06,0.0019170808,0.0,780
TF,1999,marine_hw,abrupt-4xCO2,0.0,0.0,0.0,780
TF,2000,marine_hw,abrupt-4xCO2,0.0,0.0,0.0,780
TH,1850,marine_hw,abrupt-4xCO2,0.14516202902777778,0.33290735,0.0,36
TH,1851,marine_hw,abrupt-4xCO2,0.22471776708333335,0.43897924,0.08782098,36
TH,1852,marine_hw,abrupt-4xCO2,0.2261543678611111,0.41154733,0.041912373,36
TH,1853,marine_hw,abrupt-4xCO2,0.25678292305555556,0.3723614,0.03872929,36
TH,1854,marine_hw,abrupt-4xCO2,0.2142145487777778,0.33022833,0.013044953,36
TH,1855,marine_hw,abrupt-4xCO2,0.21299933325,0.39183846,0.014277987,36
TH,1856,marine_hw,abrupt-4xCO2,0.2921517169444445,0.5226305,0.11631723,36
TH,1857,marine_hw,abrupt-4xCO2,0.28557746097222225,0.47548172,0.07308675,36
TH,1858,marine_hw,abrupt-4xCO2,0.2901437447222222,0.4864656,0.1379553,36
TH,1859,marine_hw,abrupt-4xCO2,0.31445483055555556,0.50155705,0.14859265,36
TH,1860,marine_hw,abrupt-4xCO2,0.3330986416666667,0.47968277,0.16133282,36
TH,1861,marine_hw,abrupt-4xCO2,0.2941610158333334,0.47896874,0.16490754,36
TH,1862,marine_hw,abrupt-4xCO2,0.3116256657222222,0.50106853,0.089984156,36
TH,1863,marine_hw,abrupt-4xCO2,0.34965960888888886,0.50587624,0.16460288,36
TH,1864,marine_hw,abrupt-4xCO2,0.32139648694444445,0.5393991,0.11619821,36
TH,1865,marine_hw,abrupt-4xCO2,0.33002338124999997,0.51276803,0.088665225,36
TH,1866,marine_hw,abrupt-4xCO2,0.3151716325,0.50886494,0.130447,36
TH,1867,marine_hw,abrupt-4xCO2,0.28567911333333335,0.47055495,0.07493094,36
TH,1868,marine_hw,abrupt-4xCO2,0.3215389702777778,0.5266562,0.16066799,36
TH,1869,marine_hw,abrupt-4xCO2,0.3510681861111111,0.53960127,0.1283505,36
TH,1870,marine_hw,abrupt-4xCO2,0.27839176016666667,0.47260404,0.0419112,36
TH,1871,marine_hw,abrupt-4xCO2,0.31345596694444444,0.48674813,0.11019232,36
TH,1872,marine_hw,abrupt-4xCO2,0.33137323472222224,0.5212274,0.16264729,36
TH,1873,marine_hw,abrupt-4xCO2,0.29796240844444444,0.45482704,0.09276519,36
TH,1874,marine_hw,abrupt-4xCO2,0.3512476680555555,0.545303,0.16605826,36
TH,1875,marine_hw,abrupt-4xCO2,0.3473294519444445,0.5423843,0.16846974,36
TH,1876,marine_hw,abrupt-4xCO2,0.32527268305555557,0.48190546,0.12950031,36
TH,1877,marine_hw,abrupt-4xCO2,0.31552956388888886,0.47722474,0.14320238,36
TH,1878,marine_hw,abrupt-4xCO2,0.33843207722222224,0.5463391,0.15437575,36
TH,1879,marine_hw,abrupt-4xCO2,0.3196558777777778,0.5190871,0.08170368,36
TH,1880,marine_hw,abrupt-4xCO2,0.3351399866111111,0.52133125,0.029657809,36
TH,1881,marine_hw,abrupt-4xCO2,0.3834261861111111,0.5575928,0.12946273,36
TH,1882,marine_hw,abrupt-4xCO2,0.2674872607777778,0.4197437,0.027222164,36
TH,1883,marine_hw,abrupt-4xCO2,0.3284690415,0.5239264,0.095865674,36
TH,1884,marine_hw,abrupt-4xCO2,0.3689367691666667,0.5527808,0.18051197,36
TH,1885,marine_hw,abrupt-4xCO2,0.2740234558333333,0.43413925,0.10971718,36
TH,1886,marine_hw,abrupt-4xCO2,0.34737599444444445,0.56229067,0.17708063,36
TH,1887,marine_hw,abrupt-4xCO2,0.3725325125,0.52479684,0.21825528,36
TH,1888,marine_hw,abrupt-4xCO2,0.3378821102777778,0.50658673,0.20498206,36
TH,1889,marine_hw,abrupt-4xCO2,0.3202518475,0.50602573,0.12330741,36
TH,1890,marine_hw,abrupt-4xCO2,0.26281201277777777,0.39562798,0.07962506,36
TH,1891,marine_hw,abrupt-4xCO2,0.3395116138888889,0.5364212,0.1290368,36
TH,1892,marine_hw,abrupt-4xCO2,0.34628965250000004,0.5417756,0.12611349,36
TH,1893,marine_hw,abrupt-4xCO2,0.33694576972222223,0.4913107,0.19158064,36
TH,1894,marine_hw,abrupt-4xCO2,0.34114160416666667,0.49665892,0.07096071,36
TH,1895,marine_hw,abrupt-4xCO2,0.33610241127777774,0.5427957,0.075164646,36
TH,1896,marine_hw,abrupt-4xCO2,0.2653114793888889,0.47376192,0.0,36
TH,1897,marine_hw,abrupt-4xCO2,0.34237528833333336,0.5229142,0.11797887,36
TH,1898,marine_hw,abrupt-4xCO2,0.3529961622222222,0.5360484,0.19280316,36
TH,1899,marine_hw,abrupt-4xCO2,0.3236527227777778,0.4955807,0.16826575,36
TH,1900,marine_hw,abrupt-4xCO2,0.3357191366666667,0.52107424,0.1523875,36
TH,1901,marine_hw,abrupt-4xCO2,0.36446963472222227,0.55351365,0.191467,36
TH,1902,marine_hw,abrupt-4xCO2,0.3361299802777778,0.5100505,0.12109367,36
TH,1903,marine_hw,abrupt-4xCO2,0.27194296925,0.39462692,0.04790457,36
TH,1904,marine_hw,abrupt-4xCO2,0.3442209563888889,0.50895435,0.19387557,36
TH,1905,marine_hw,abrupt-4xCO2,0.35224713694444443,0.53363746,0.16862811,36
TH,1906,marine_hw,abrupt-4xCO2,0.31262094333333335,0.47178975,0.08983562,36
TH,1907,marine_hw,abrupt-4xCO2,0.3533553025,0.52697456,0.12322328,36
TH,1908,marine_hw,abrupt-4xCO2,0.3522850836111111,0.5362176,0.17615159,36
TH,1909,marine_hw,abrupt-4xCO2,0.30525589611111115,0.51622194,0.11495891,36
TH,1910,marine_hw,abrupt-4xCO2,0.3615151261111111,0.55813074,0.14952324,36
TH,1911,marine_hw,abrupt-4xCO2,0.35821000305555556,0.52098703,0.18260646,36
TH,1912,marine_hw,abrupt-4xCO2,0.31658339555555554,0.45638755,0.17537314,36
TH,1913,marine_hw,abrupt-4xCO2,0.32348527666666665,0.5409757,0.03744525,36
TH,1914,marine_hw,abrupt-4xCO2,0.3698876566666667,0.54485106,0.22565752,36
TH,1915,marine_hw,abrupt-4xCO2,0.33541882722222227,0.51599735,0.13758482,36
TH,1916,marine_hw,abrupt-4xCO2,0.37532973000000003,0.54421216,0.17730589,36
TH,1917,marine_hw,abrupt-4xCO2,0.36116477027777777,0.5461223,0.18476404,36
TH,1918,marine_hw,abrupt-4xCO2,0.3466394961111111,0.5289809,0.20651038,36
TH,1919,marine_hw,abrupt-4xCO2,0.3535642011111111,0.5197877,0.15086724,36
TH,1920,marine_hw,abrupt-4xCO2,0.3461188313888889,0.5382477,0.12603386,36
TH,1921,marine_hw,abrupt-4xCO2,0.30331689444444443,0.4782896,0.10896913,36
TH,1922,marine_hw,abrupt-4xCO2,0.34449570944444446,0.5424092,0.1694925,36
TH,1923,marine_hw,abrupt-4xCO2,0.3641602113888889,0.54444575,0.2090534,36
TH,1924,marine_hw,abrupt-4xCO2,0.3156487680555556,0.53768104,0.15126722,36
TH,1925,marine_hw,abrupt-4xCO2,0.3069766911111111,0.4937846,0.052757964,36
TH,1926,marine_hw,abrupt-4xCO2,0.3455879136111111,0.54636997,0.13586234,36
TH,1927,marine_hw,abrupt-4xCO2,0.3322540497222222,0.52376693,0.19746841,36
TH,1928,marine_hw,abrupt-4xCO2,0.3419686880555555,0.4880742,0.15745118,36
TH,1929,marine_hw,abrupt-4xCO2,0.3243633215277778,0.5308179,0.097854815,36
TH,1930,marine_hw,abrupt-4xCO2,0.32281704351388885,0.49792597,0.0138431145,36
TH,1931,marine_hw,abrupt-4xCO2,0.3787338111111111,0.5425206,0.23468113,36
TH,1932,marine_hw,abrupt-4xCO2,0.34271894750000004,0.5295401,0.19075386,36
TH,1933,marine_hw,abrupt-4xCO2,0.3718072875,0.5650968,0.13633479,36
TH,1934,marine_hw,abrupt-4xCO2,0.3068767158611111,0.47712544,0.021009566,36
TH,1935,marine_hw,abrupt-4xCO2,0.35194956583333337,0.5605168,0.13594376,36
TH,1936,marine_hw,abrupt-4xCO2,0.37182210027777773,0.54107904,0.21159554,36
TH,1937,marine_hw,abrupt-4xCO2,0.36341793111111115,0.5499926,0.25218007,36
TH,1938,marine_hw,abrupt-4xCO2,0.3308379230555556,0.48282555,0.09601063,36
TH,1939,marine_hw,abrupt-4xCO2,0.35512635000000004,0.5320004,0.18753345,36
TH,1940,marine_hw,abrupt-4xCO2,0.3347667280555556,0.5158927,0.23287924,36
TH,1941,marine_hw,abrupt-4xCO2,0.34678539361111116,0.5483945,0.1319995,36
TH,1942,marine_hw,abrupt-4xCO2,0.3342826487777778,0.50301737,0.116081886,36
TH,1943,marine_hw,abrupt-4xCO2,0.39742449333333335,0.5849336,0.21094768,36
TH,1944,marine_hw,abrupt-4xCO2,0.31505132166666666,0.48024026,0.15472203,36
TH,1945,marine_hw,abrupt-4xCO2,0.3714100588888889,0.53714037,0.22212015,36
TH,1946,marine_hw,abrupt-4xCO2,0.37899159222222223,0.55940944,0.17020386,36
TH,1947,marine_hw,abrupt-4xCO2,0.30948323825,0.53736514,0.024360592,36
TH,1948,marine_hw,abrupt-4xCO2,0.38374986972222225,0.5682581,0.18110521,36
TH,1949,marine_hw,abrupt-4xCO2,0.3749497952777778,0.54289144,0.1784253,36
TH,1950,marine_hw,abrupt-4xCO2,0.27297829055555556,0.42730612,0.03568518,36
TH,1951,marine_hw,abrupt-4xCO2,0.3476912005555556,0.5400167,0.10035936,36
TH,1952,marine_hw,abrupt-4xCO2,0.3657291933333333,0.5467006,0.18408757,36
TH,1953,marine_hw,abrupt-4xCO2,0.3453033283333333,0.52016824,0.08599067,36
TH,1954,marine_hw,abrupt-4xCO2,0.3506191236111111,0.5512265,0.1692932,36
TH,1955,marine_hw,abrupt-4xCO2,0.34380244055555553,0.5637859,0.10034952,36
TH,1956,marine_hw,abrupt-4xCO2,0.33478143527777776,0.528867,0.11259217,36
TH,1957,marine_hw,abrupt-4xCO2,0.34002059625,0.5557553,0.08259222,36
TH,1958,marine_hw,abrupt-4xCO2,0.33421282175,0.541611,0.057820573,36
TH,1959,marine_hw,abrupt-4xCO2,0.34129713208333334,0.5357724,0.078838535,36
TH,1960,marine_hw,abrupt-4xCO2,0.3073018963888889,0.4842248,0.08364898,36
TH,1961,marine_hw,abrupt-4xCO2,0.3670413436111111,0.5641279,0.11763526,36
TH,1962,marine_hw,abrupt-4xCO2,0.3665670847222222,0.5463948,0.16026801,36
TH,1963,marine_hw,abrupt-4xCO2,0.40440891,0.5753535,0.2705566,36
TH,1964,marine_hw,abrupt-4xCO2,0.35461790666666665,0.5401616,0.18528663,36
TH,1965,marine_hw,abrupt-4xCO2,0.3589358166666667,0.537133,0.17879216,36
TH,1966,marine_hw,abrupt-4xCO2,0.3847158577777778,0.5396758,0.16080667,36
TH,1967,marine_hw,abrupt-4xCO2,0.3250379883333333,0.4915863,0.10140091,36
TH,1968,marine_hw,abrupt-4xCO2,0.3320578487222222,0.45787203,0.105383664,36
TH,1969,marine_hw,abrupt-4xCO2,0.39029591055555557,0.53241444,0.21312474,36
TH,1970,marine_hw,abrupt-4xCO2,0.3886054027777778,0.56211895,0.2202912,36
TH,1971,marine_hw,abrupt-4xCO2,0.3447878252777778,0.5170262,0.15335925,36
TH,1972,marine_hw,abrupt-4xCO2,0.34186765291666665,0.5194159,0.120034225,36
TH,1973,marine_hw,abrupt-4xCO2,0.37225130916666666,0.551724,0.22430256,36
TH,1974,marine_hw,abrupt-4xCO2,0.35874349944444445,0.5408128,0.13150735,36
TH,1975,marine_hw,abrupt-4xCO2,0.27650447511111115,0.41781676,0.016878275,36
TH,1976,marine_hw,abrupt-4xCO2,0.3859106027777778,0.5514565,0.19112608,36
TH,1977,marine_hw,abrupt-4xCO2,0.3768400666666667,0.5698612,0.20063065,36
TH,1978,marine_hw,abrupt-4xCO2,0.31137318166666667,0.48626938,0.07682434,36
TH,1979,marine_hw,abrupt-4xCO2,0.32899076,0.52209276,0.14287399,36
TH,1980,marine_hw,abrupt-4xCO2,0.3633037038888889,0.5418495,0.18948591,36
TH,1981,marine_hw,abrupt-4xCO2,0.33967778861111114,0.5370332,0.09273478,36
TH,1982,marine_hw,abrupt-4xCO2,0.354999454,0.54644585,0.075490184,36
TH,1983,marine_hw,abrupt-4xCO2,0.3982434147222222,0.54696596,0.25242567,36
TH,1984,marine_hw,abrupt-4xCO2,0.3867267647222222,0.58266777,0.21012805,36
TH,1985,marine_hw,abrupt-4xCO2,0.34323841833333335,0.5182066,0.19865716,36
TH,1986,marine_hw,abrupt-4xCO2,0.3349241011111111,0.51563835,0.12646516,36
TH,1987,marine_hw,abrupt-4xCO2,0.3134790586111111,0.46721467,0.15547545,36
TH,1988,marine_hw,abrupt-4xCO2,0.38259030194444443,0.55444866,0.17765844,36
TH,1989,marine_hw,abrupt-4xCO2,0.3741884138888889,0.56947464,0.1900192,36
TH,1990,marine_hw,abrupt-4xCO2,0.36221994194444446,0.53851944,0.12673807,36
TH,1991,marine_hw,abrupt-4xCO2,0.3396671041666666,0.5422736,0.09450558,36
TH,1992,marine_hw,abrupt-4xCO2,0.35737938194444446,0.54868346,0.15245104,36
TH,1993,marine_hw,abrupt-4xCO2,0.3516792302777778,0.5541382,0.12777156,36
TH,1994,marine_hw,abrupt-4xCO2,0.3545482038888889,0.53818256,0.15563385,36
TH,1995,marine_hw,abrupt-4xCO2,0.3540661765277778,0.5429353,0.09866283,36
TH,1996,marine_hw,abrupt-4xCO2,0.3997701227777778,0.60751575,0.20593143,36
TH,1997,marine_hw,abrupt-4xCO2,0.354852385,0.50293684,0.08220298,36
TH,1998,marine_hw,abrupt-4xCO2,0.36644591694444445,0.55558753,0.06433471,36
TH,1999,marine_hw,abrupt-4xCO2,0.3683927472222222,0.55100197,0.16368346,36
TH,2000,marine_hw,abrupt-4xCO2,0.34783714083333334,0.505596,0.13650839,36
TL,1850,marine_hw,abrupt-4xCO2,0.10323512878333334,0.28804564,0.0,24
TL,1851,marine_hw,abrupt-4xCO2,0.17840710570833332,0.33396092,0.0,24
TL,1852,marine_hw,abrupt-4xCO2,0.19410104566666667,0.33724195,0.0,24
TL,1853,marine_hw,abrupt-4xCO2,0.24920262945833335,0.37914133,0.106614456,24
TL,1854,marine_hw,abrupt-4xCO2,0.212866101875,0.36292422,0.06592366,24
TL,1855,marine_hw,abrupt-4xCO2,0.2099651542333333,0.38831055,0.0053941756,24
TL,1856,marine_hw,abrupt-4xCO2,0.24464838404166667,0.41360962,0.029931227,24
TL,1857,marine_hw,abrupt-4xCO2,0.26102005979166665,0.41294527,0.08585935,24
TL,1858,marine_hw,abrupt-4xCO2,0.26631436566666666,0.4397725,0.046009436,24
TL,1859,marine_hw,abrupt-4xCO2,0.26892790879166667,0.45187712,0.073653385,24
TL,1860,marine_hw,abrupt-4xCO2,0.2938643505833333,0.43122467,0.113456324,24
TL,1861,marine_hw,abrupt-4xCO2,0.26262907375,0.429206,0.06118569,24
TL,1862,marine_hw,abrupt-4xCO2,0.258623682875,0.41585648,0.055916887,24
TL,1863,marine_hw,abrupt-4xCO2,0.3075373070833333,0.46407366,0.12404292,24
TL,1864,marine_hw,abrupt-4xCO2,0.28972839375,0.45201266,0.10175838,24
TL,1865,marine_hw,abrupt-4xCO2,0.3052827160416667,0.45633522,0.116056845,24
TL,1866,marine_hw,abrupt-4xCO2,0.3241766379166667,0.5182113,0.17054546,24
TL,1867,marine_hw,abrupt-4xCO2,0.2991953958333333,0.45121473,0.11666888,24
TL,1868,marine_hw,abrupt-4xCO2,0.2753781835833333,0.4423824,0.061836656,24
TL,1869,marine_hw,abrupt-4xCO2,0.3367348266666667,0.5040873,0.14780256,24
TL,1870,marine_hw,abrupt-4xCO2,0.30252493125,0.47113833,0.15069231,24
TL,1871,marine_hw,abrupt-4xCO2,0.25737859441666666,0.43366545,0.028788343,24
TL,1872,marine_hw,abrupt-4xCO2,0.2775520525,0.44544595,0.043066666,24
TL,1873,marine_hw,abrupt-4xCO2,0.27825020441666665,0.4586022,0.056463834,24
TL,1874,marine_hw,abrupt-4xCO2,0.32307377058333336,0.49917153,0.104312584,24
TL,1875,marine_hw,abrupt-4xCO2,0.33599944416666666,0.47437167,0.16066754,24
TL,1876,marine_hw,abrupt-4xCO2,0.30914703875,0.47774532,0.1400829,24
TL,1877,marine_hw,abrupt-4xCO2,0.265785931,0.42112058,0.065065324,24
TL,1878,marine_hw,abrupt-4xCO2,0.29966818375,0.47757152,0.10870896,24
TL,1879,marine_hw,abrupt-4xCO2,0.32274950291666665,0.54103273,0.11551325,24
TL,1880,marine_hw,abrupt-4xCO2,0.2905936920416667,0.46842575,0.098302215,24
TL,1881,marine_hw,abrupt-4xCO2,0.3478055,0.4664829,0.21699095,24
TL,1882,marine_hw,abrupt-4xCO2,0.26749983558333335,0.43028647,0.050440714,24
TL,1883,marine_hw,abrupt-4xCO2,0.32184089666666665,0.49463356,0.1160602,24
TL,1884,marine_hw,abrupt-4xCO2,0.3741597616666667,0.5566613,0.20239049,24
TL,1885,marine_hw,abrupt-4xCO2,0.257463679,0.41327274,0.05724768,24
TL,1886,marine_hw,abrupt-4xCO2,0.2999983039583333,0.48114443,0.085482195,24
TL,1887,marine_hw,abrupt-4xCO2,0.34138468208333334,0.4790996,0.16182518,24
TL,1888,marine_hw,abrupt-4xCO2,0.29677432291666667,0.47851977,0.08489297,24
TL,1889,marine_hw,abrupt-4xCO2,0.3048428285,0.52186006,0.09007118,24
TL,1890,marine_hw,abrupt-4xCO2,0.24984510041666666,0.40825695,0.038372323,24
TL,1891,marine_hw,abrupt-4xCO2,0.33744231249999995,0.47257918,0.15664563,24
TL,1892,marine_hw,abrupt-4xCO2,0.343754275,0.5026807,0.15567186,24
TL,1893,marine_hw,abrupt-4xCO2,0.29086781333333334,0.48444423,0.07344937,24
TL,1894,marine_hw,abrupt-4xCO2,0.31314120458333333,0.47594005,0.12399729,24
TL,1895,marine_hw,abrupt-4xCO2,0.34062642791666664,0.5076388,0.14491414,24
TL,1896,marine_hw,abrupt-4xCO2,0.2842100745,0.5131284,0.061511848,24
TL,1897,marine_hw,abrupt-4xCO2,0.3262838845833333,0.5101561,0.13485366,24
TL,1898,marine_hw,abrupt-4xCO2,0.3693592479166667,0.51111245,0.19138512,24
TL,1899,marine_hw,abrupt-4xCO2,0.30468458724999997,0.46540648,0.102181174,24
TL,1900,marine_hw,abrupt-4xCO2,0.3331388229166667,0.4559285,0.13616905,24
TL,1901,marine_hw,abrupt-4xCO2,0.35063064708333336,0.5304408,0.14723815,24
TL,1902,marine_hw,abrupt-4xCO2,0.3460849345833333,0.5483981,0.18827659,24
TL,1903,marine_hw,abrupt-4xCO2,0.29957316733333333,0.46502194,0.118501656,24
TL,1904,marine_hw,abrupt-4xCO2,0.3063177295833333,0.47775203,0.09831765,24
TL,1905,marine_hw,abrupt-4xCO2,0.33897144333333334,0.49698576,0.1771766,24
TL,1906,marine_hw,abrupt-4xCO2,0.31049754775,0.45449507,0.11073166,24
TL,1907,marine_hw,abrupt-4xCO2,0.29835867208333333,0.469323,0.11486295,24
TL,1908,marine_hw,abrupt-4xCO2,0.3473151529166667,0.50187135,0.16229562,24
TL,1909,marine_hw,abrupt-4xCO2,0.27899051241666667,0.49912456,0.045729585,24
TL,1910,marine_hw,abrupt-4xCO2,0.33384932933333333,0.5180348,0.114597194,24
TL,1911,marine_hw,abrupt-4xCO2,0.32245953541666666,0.4827061,0.17751886,24
TL,1912,marine_hw,abrupt-4xCO2,0.32140085125,0.469976,0.13765687,24
TL,1913,marine_hw,abrupt-4xCO2,0.31795468416666667,0.49849305,0.1098485,24
TL,1914,marine_hw,abrupt-4xCO2,0.3853127329166666,0.5164805,0.21148457,24
TL,1915,marine_hw,abrupt-4xCO2,0.3180450764166667,0.48515227,0.112557724,24
TL,1916,marine_hw,abrupt-4xCO2,0.34001751291666665,0.4976555,0.15183318,24
TL,1917,marine_hw,abrupt-4xCO2,0.3507637158333334,0.5555419,0.13864875,24
TL,1918,marine_hw,abrupt-4xCO2,0.3184935325,0.510948,0.11795471,24
TL,1919,marine_hw,abrupt-4xCO2,0.30961118666666665,0.4734751,0.09328642,24
TL,1920,marine_hw,abrupt-4xCO2,0.35802315,0.5036699,0.18726523,24
TL,1921,marine_hw,abrupt-4xCO2,0.31821136145833334,0.47314492,0.097182825,24
TL,1922,marine_hw,abrupt-4xCO2,0.2943000675,0.45691103,0.07181927,24
TL,1923,marine_hw,abrupt-4xCO2,0.3465858229166667,0.4706605,0.20109594,24
TL,1924,marine_hw,abrupt-4xCO2,0.29508606541666665,0.4561708,0.09587418,24
TL,1925,marine_hw,abrupt-4xCO2,0.29305284000000004,0.45612448,0.057714768,24
TL,1926,marine_hw,abrupt-4xCO2,0.3269700775,0.51221234,0.13696563,24
TL,1927,marine_hw,abrupt-4xCO2,0.30333806170833333,0.4480136,0.104130715,24
TL,1928,marine_hw,abrupt-4xCO2,0.31392337375,0.50070906,0.097413,24
TL,1929,marine_hw,abrupt-4xCO2,0.3628352383333333,0.50960374,0.18855576,24
TL,1930,marine_hw,abrupt-4xCO2,0.30424552958333334,0.46011418,0.09075436,24
TL,1931,marine_hw,abrupt-4xCO2,0.34458436708333334,0.508679,0.13012443,24
TL,1932,marine_hw,abrupt-4xCO2,0.3105137275,0.5228332,0.07664314,24
TL,1933,marine_hw,abrupt-4xCO2,0.36350655416666666,0.5167664,0.17668468,24
TL,1934,marine_hw,abrupt-4xCO2,0.28430302212499997,0.46882036,0.071742095,24
TL,1935,marine_hw,abrupt-4xCO2,0.36188539208333337,0.52311707,0.17385936,24
TL,1936,marine_hw,abrupt-4xCO2,0.34551684708333336,0.4970891,0.1730151,24
TL,1937,marine_hw,abrupt-4xCO2,0.374012065,0.5071992,0.20363404,24
TL,1938,marine_hw,abrupt-4xCO2,0.2997615275,0.49323362,0.103091195,24
TL,1939,marine_hw,abrupt-4xCO2,0.34451354458333333,0.5198548,0.13945943,24
TL,1940,marine_hw,abrupt-4xCO2,0.3193033979166667,0.4775225,0.13108814,24
TL,1941,marine_hw,abrupt-4xCO2,0.32890855583333334,0.50126874,0.13315311,24
TL,1942,marine_hw,abrupt-4xCO2,0.33167085958333337,0.5045135,0.15043259,24
TL,1943,marine_hw,abrupt-4xCO2,0.35217912291666664,0.49917287,0.173403,24
TL,1944,marine_hw,abrupt-4xCO2,0.33522105458333334,0.4779084,0.16250366,24
TL,1945,marine_hw,abrupt-4xCO2,0.33060104625000003,0.51998633,0.12833059,24
TL,1946,marine_hw,abrupt-4xCO2,0.3582466225,0.49965405,0.170275,24
TL,1947,marine_hw,abrupt-4xCO2,0.30993526458333337,0.4758897,0.15178889,24
TL,1948,marine_hw,abrupt-4xCO2,0.3710445795833333,0.5739925,0.1485515,24
TL,1949,marine_hw,abrupt-4xCO2,0.3521910133333333,0.5545943,0.20535004,24
TL,1950,marine_hw,abrupt-4xCO2,0.29000955708333337,0.4472257,0.13827696,24
TL,1951,marine_hw,abrupt-4xCO2,0.34912333874999996,0.49690792,0.15628056,24
TL,1952,marine_hw,abrupt-4xCO2,0.34501512937499995,0.5021317,0.10893781,24
TL,1953,marine_hw,abrupt-4xCO2,0.34464360541666667,0.5001037,0.18225884,24
TL,1954,marine_hw,abrupt-4xCO2,0.3578487475,0.527902,0.18969798,24
TL,1955,marine_hw,abrupt-4xCO2,0.30815534837499997,0.48300743,0.105498426,24
TL,1956,marine_hw,abrupt-4xCO2,0.3539485683333334,0.49725622,0.15331295,24
TL,1957,marine_hw,abrupt-4xCO2,0.305928299625,0.46829087,0.075127125,24
TL,1958,marine_hw,abrupt-4xCO2,0.300720283125,0.45447963,0.06801212,24
TL,1959,marine_hw,abrupt-4xCO2,0.3555697675,0.5370189,0.17701015,24
TL,1960,marine_hw,abrupt-4xCO2,0.33485435458333335,0.4981649,0.12798698,24
TL,1961,marine_hw,abrupt-4xCO2,0.30277408604166667,0.48669446,0.077784,24
TL,1962,marine_hw,abrupt-4xCO2,0.34492412708333337,0.5414629,0.13363495,24
TL,1963,marine_hw,abrupt-4xCO2,0.40712797666666667,0.52108294,0.2662631,24
TL,1964,marine_hw,abrupt-4xCO2,0.3389789525,0.47771716,0.15306532,24
TL,1965,marine_hw,abrupt-4xCO2,0.35755292958333335,0.50224113,0.17371842,24
TL,1966,marine_hw,abrupt-4xCO2,0.3959394633333333,0.5250559,0.23835877,24
TL,1967,marine_hw,abrupt-4xCO2,0.37883805833333334,0.5162443,0.2072365,24
TL,1968,marine_hw,abrupt-4xCO2,0.29648288500000003,0.4861475,0.06595319,24
TL,1969,marine_hw,abrupt-4xCO2,0.38872783083333334,0.5210883,0.1988095,24
TL,1970,marine_hw,abrupt-4xCO2,0.3800506666666667,0.53797925,0.16085073,24
TL,1971,marine_hw,abrupt-4xCO2,0.34281913166666667,0.48029482,0.1858378,24
TL,1972,marine_hw,abrupt-4xCO2,0.27869459458333334,0.4670057,0.09205629,24
TL,1973,marine_hw,abrupt-4xCO2,0.3760946095833333,0.54298294,0.21184292,24
TL,1974,marine_hw,abrupt-4xCO2,0.34549162125000005,0.5361686,0.1726574,24
TL,1975,marine_hw,abrupt-4xCO2,0.32552293875,0.5009969,0.12959293,24
TL,1976,marine_hw,abrupt-4xCO2,0.35898527625000004,0.5266416,0.1673772,24
TL,1977,marine_hw,abrupt-4xCO2,0.38156498166666664,0.5411488,0.2188754,24
TL,1978,marine_hw,abrupt-4xCO2,0.3401926429166667,0.57126105,0.15653491,24
TL,1979,marine_hw,abrupt-4xCO2,0.3421652025,0.4788996,0.14729923,24
TL,1980,marine_hw,abrupt-4xCO2,0.36300832208333333,0.55806255,0.15834822,24
TL,1981,marine_hw,abrupt-4xCO2,0.3468630641666666,0.50502956,0.15024066,24
TL,1982,marine_hw,abrupt-4xCO2,0.32222066416666667,0.53842753,0.11281341,24
TL,1983,marine_hw,abrupt-4xCO2,0.36747093000000003,0.5226748,0.18362117,24
TL,1984,marine_hw,abrupt-4xCO2,0.3597727304166667,0.5146296,0.15569402,24
TL,1985,marine_hw,abrupt-4xCO2,0.37483008749999996,0.5270524,0.1880162,24
TL,1986,marine_hw,abrupt-4xCO2,0.312672135625,0.5091555,0.10421394,24
TL,1987,marine_hw,abrupt-4xCO2,0.3117892547916667,0.4948201,0.108362675,24
TL,1988,marine_hw,abrupt-4xCO2,0.36447600999999996,0.51775765,0.17699674,24
TL,1989,marine_hw,abrupt-4xCO2,0.35053794749999995,0.49430943,0.16236138,24
TL,1990,marine_hw,abrupt-4xCO2,0.35300074541666665,0.49825346,0.24497044,24
TL,1991,marine_hw,abrupt-4xCO2,0.34978950645833334,0.5461311,0.118758015,24
TL,1992,marine_hw,abrupt-4xCO2,0.3482587320833333,0.5761185,0.13085324,24
TL,1993,marine_hw,abrupt-4xCO2,0.3434896095833333,0.47673398,0.1808804,24
TL,1994,marine_hw,abrupt-4xCO2,0.32781280316666667,0.51190364,0.10443607,24
TL,1995,marine_hw,abrupt-4xCO2,0.3620182054166667,0.51015276,0.17370969,24
TL,1996,marine_hw,abrupt-4xCO2,0.40365675083333336,0.5360411,0.2262783,24
TL,1997,marine_hw,abrupt-4xCO2,0.3380530316666667,0.48356444,0.12291548,24
TL,1998,marine_hw,abrupt-4xCO2,0.31224650479166666,0.52752817,0.095953375,24
TL,1999,marine_hw,abrupt-4xCO2,0.36982062875000005,0.50833476,0.19690962,24
TL,2000,marine_hw,abrupt-4xCO2,0.3345101675,0.49744612,0.14139086,24
TR,1850,marine_hw,abrupt-4xCO2,2.9989778333333334e-07,1.7993867e-05,0.0,60
TR,1851,marine_hw,abrupt-4xCO2,0.0018341595833333334,0.054388374,0.0,60
TR,1852,marine_hw,abrupt-4xCO2,0.0014454045916666668,0.044352073,0.0,60
TR,1853,marine_hw,abrupt-4xCO2,0.002634806166666666,0.08191622,0.0,60
TR,1854,marine_hw,abrupt-4xCO2,0.0026765353333333334,0.07680982,0.0,60
TR,1855,marine_hw,abrupt-4xCO2,0.0020872537,0.053236097,0.0,60
TR,1856,marine_hw,abrupt-4xCO2,0.005010322373333333,0.12749775,0.0,60
TR,1857,marine_hw,abrupt-4xCO2,0.0034835064500000003,0.1168541,0.0,60
TR,1858,marine_hw,abrupt-4xCO2,0.0021145115666666666,0.05452662,0.0,60
TR,1859,marine_hw,abrupt-4xCO2,0.003573333366666667,0.1150153,0.0,60
TR,1860,marine_hw,abrupt-4xCO2,0.00344368785,0.111802734,0.0,60
TR,1861,marine_hw,abrupt-4xCO2,0.002288438216666667,0.07383752,0.0,60
TR,1862,marine_hw,abrupt-4xCO2,0.004984117608333333,0.14906153,0.0,60
TR,1863,marine_hw,abrupt-4xCO2,0.003972436183333334,0.1258361,0.0,60
TR,1864,marine_hw,abrupt-4xCO2,0.0049048738333333335,0.14182037,0.0,60
TR,1865,marine_hw,abrupt-4xCO2,0.004306452608333333,0.1256133,0.0,60
TR,1866,marine_hw,abrupt-4xCO2,0.00559732305,0.12432277,0.0,60
TR,1867,marine_hw,abrupt-4xCO2,0.0024567278310833334,0.09203897,0.0,60
TR,1868,marine_hw,abrupt-4xCO2,0.0032890695826666666,0.095759004,0.0,60
TR,1869,marine_hw,abrupt-4xCO2,0.003626819783333333,0.10563868,0.0,60
TR,1870,marine_hw,abrupt-4xCO2,0.00399111635,0.11084978,0.0,60
TR,1871,marine_hw,abrupt-4xCO2,0.003222922583333333,0.07687828,0.0,60
TR,1872,marine_hw,abrupt-4xCO2,0.00613440335,0.18812023,0.0,60
TR,1873,marine_hw,abrupt-4xCO2,0.0027310847166666665,0.0760139,0.0,60
TR,1874,marine_hw,abrupt-4xCO2,0.004745640066666667,0.1260475,0.0,60
TR,1875,marine_hw,abrupt-4xCO2,0.004924096483333333,0.109475486,0.0,60
TR,1876,marine_hw,abrupt-4xCO2,0.0029759447750000003,0.10088755,0.0,60
TR,1877,marine_hw,abrupt-4xCO2,0.0033389333499999996,0.07411804,0.0,60
TR,1878,marine_hw,abrupt-4xCO2,0.0055412499499999995,0.123119496,0.0,60
TR,1879,marine_hw,abrupt-4xCO2,0.003901856933333334,0.08933163,0.0,60
TR,1880,marine_hw,abrupt-4xCO2,0.00492582005,0.107150674,0.0,60
TR,1881,marine_hw,abrupt-4xCO2,0.0031535085333333334,0.09013183,0.0,60
TR,1882,marine_hw,abrupt-4xCO2,0.002597848983333333,0.07770105,0.0,60
TR,1883,marine_hw,abrupt-4xCO2,0.0030412678400000004,0.06849489,0.0,60
TR,1884,marine_hw,abrupt-4xCO2,0.0033322447833333334,0.09492147,0.0,60
TR,1885,marine_hw,abrupt-4xCO2,0.0020849964316666664,0.064066306,0.0,60
TR,1886,marine_hw,abrupt-4xCO2,0.0038070306999999997,0.12738232,0.0,60
TR,1887,marine_hw,abrupt-4xCO2,0.0027871124883333334,0.102108955,0.0,60
TR,1888,marine_hw,abrupt-4xCO2,0.004688233666666667,0.10042168,0.0,60
TR,1889,marine_hw,abrupt-4xCO2,0.0029425762583333336,0.08151692,0.0,60
TR,1890,marine_hw,abrupt-4xCO2,0.004514646966666667,0.1049657,0.0,60
TR,1891,marine_hw,abrupt-4xCO2,0.0036493346666666665,0.094023414,0.0,60
TR,1892,marine_hw,abrupt-4xCO2,0.0039243542,0.10926141,0.0,60
TR,1893,marine_hw,abrupt-4xCO2,0.002372088861666667,0.07395698,0.0,60
TR,1894,marine_hw,abrupt-4xCO2,0.0021663764166666663,0.059966557,0.0,60
TR,1895,marine_hw,abrupt-4xCO2,0.0046519474166666665,0.10918838,0.0,60
TR,1896,marine_hw,abrupt-4xCO2,0.0016936982833333333,0.052158978,0.0,60
TR,1897,marine_hw,abrupt-4xCO2,0.004565179478333333,0.12390266,0.0,60
TR,1898,marine_hw,abrupt-4xCO2,0.00391331235,0.124054335,0.0,60
TR,1899,marine_hw,abrupt-4xCO2,0.0050585882833333335,0.13385239,0.0,60
TR,1900,marine_hw,abrupt-4xCO2,0.0026248628,0.07170342,0.0,60
TR,1901,marine_hw,abrupt-4xCO2,0.004792972233333333,0.1002339,0.0,60
TR,1902,marine_hw,abrupt-4xCO2,0.004386684843333334,0.11975929,0.0,60
TR,1903,marine_hw,abrupt-4xCO2,0.005859380965,0.16004679,0.0,60
TR,1904,marine_hw,abrupt-4xCO2,0.0053849562500000005,0.15331362,0.0,60
TR,1905,marine_hw,abrupt-4xCO2,0.002685313516666667,0.085197106,0.0,60
TR,1906,marine_hw,abrupt-4xCO2,0.0034405917833333338,0.08915727,0.0,60
TR,1907,marine_hw,abrupt-4xCO2,0.00367347265,0.07890232,0.0,60
TR,1908,marine_hw,abrupt-4xCO2,0.0054802797533333334,0.13045327,0.0,60
TR,1909,marine_hw,abrupt-4xCO2,0.0028908287666666666,0.08027471,0.0,60
TR,1910,marine_hw,abrupt-4xCO2,0.005683247083333333,0.14293036,0.0,60
TR,1911,marine_hw,abrupt-4xCO2,0.0034283217666666666,0.102894686,0.0,60
TR,1912,marine_hw,abrupt-4xCO2,0.00375313,0.09798894,0.0,60
TR,1913,marine_hw,abrupt-4xCO2,0.003646020366666667,0.11388583,0.0,60
TR,1914,marine_hw,abrupt-4xCO2,0.0029184556666666667,0.08710718,0.0,60
TR,1915,marine_hw,abrupt-4xCO2,0.0038413155,0.11459786,0.0,60
TR,1916,marine_hw,abrupt-4xCO2,0.00305741815,0.072931536,0.0,60
TR,1917,marine_hw,abrupt-4xCO2,0.004852499016666667,0.1263864,0.0,60
TR,1918,marine_hw,abrupt-4xCO2,0.004478665366666666,0.13048281,0.0,60
TR,1919,marine_hw,abrupt-4xCO2,0.0055725272,0.1899463,0.0,60
TR,1920,marine_hw,abrupt-4xCO2,0.004901081833333334,0.10894251,0.0,60
TR,1921,marine_hw,abrupt-4xCO2,0.005050146666666667,0.12778242,0.0,60
TR,1922,marine_hw,abrupt-4xCO2,0.0013682973383333332,0.06674601,0.0,60
TR,1923,marine_hw,abrupt-4xCO2,0.0037439939500000003,0.124128826,0.0,60
TR,1924,marine_hw,abrupt-4xCO2,0.0028685685000000003,0.08890426,0.0,60
TR,1925,marine_hw,abrupt-4xCO2,0.004178420483333333,0.09597296,0.0,60
TR,1926,marine_hw,abrupt-4xCO2,0.003268662886666667,0.0921497,0.0,60
TR,1927,marine_hw,abrupt-4xCO2,0.003959078633333333,0.114140175,0.0,60
TR,1928,marine_hw,abrupt-4xCO2,0.0037952631316666664,0.11677961,0.0,60
TR,1929,marine_hw,abrupt-4xCO2,0.006643413880000001,0.13802664,0.0,60
TR,1930,marine_hw,abrupt-4xCO2,0.0031758113,0.103089295,0.0,60
TR,1931,marine_hw,abrupt-4xCO2,0.002691152033333333,0.09801444,0.0,60
TR,1932,marine_hw,abrupt-4xCO2,0.0019272076499999998,0.07716954,0.0,60
TR,1933,marine_hw,abrupt-4xCO2,0.0046853216,0.079915,0.0,60
TR,1934,marine_hw,abrupt-4xCO2,0.0028032838666666665,0.06572594,0.0,60
TR,1935,marine_hw,abrupt-4xCO2,0.002981313266666667,0.10212761,0.0,60
TR,1936,marine_hw,abrupt-4xCO2,0.004032982825000001,0.12611943,0.0,60
TR,1937,marine_hw,abrupt-4xCO2,0.001725566455,0.053107243,0.0,60
TR,1938,marine_hw,abrupt-4xCO2,0.0012068509083333334,0.04167237,0.0,60
TR,1939,marine_hw,abrupt-4xCO2,0.006163808966666667,0.16693026,0.0,60
TR,1940,marine_hw,abrupt-4xCO2,0.0021416282,0.07348788,0.0,60
TR,1941,marine_hw,abrupt-4xCO2,0.0042855129,0.14093384,0.0,60
TR,1942,marine_hw,abrupt-4xCO2,0.005539564583333333,0.16154534,0.0,60
TR,1943,marine_hw,abrupt-4xCO2,0.005405502171666667,0.14150764,0.0,60
TR,1944,marine_hw,abrupt-4xCO2,0.0033535256666666667,0.10530045,0.0,60
TR,1945,marine_hw,abrupt-4xCO2,0.0036459695483333334,0.12058475,0.0,60
TR,1946,marine_hw,abrupt-4xCO2,0.003527555086666667,0.09937623,0.0,60
TR,1947,marine_hw,abrupt-4xCO2,0.0027573468575,0.08523548,0.0,60
TR,1948,marine_hw,abrupt-4xCO2,0.004221526333333333,0.14430277,0.0,60
TR,1949,marine_hw,abrupt-4xCO2,0.003926175333333334,0.11776009,0.0,60
TR,1950,marine_hw,abrupt-4xCO2,0.0033165591666666663,0.10659097,0.0,60
TR,1951,marine_hw,abrupt-4xCO2,0.0046139513,0.10801115,0.0,60
TR,1952,marine_hw,abrupt-4xCO2,0.003557886683333333,0.11532333,0.0,60
TR,1953,marine_hw,abrupt-4xCO2,0.0021015522500000003,0.0759441,0.0,60
TR,1954,marine_hw,abrupt-4xCO2,0.003680767333333333,0.09963314,0.0,60
TR,1955,marine_hw,abrupt-4xCO2,0.005303530516666667,0.16466662,0.0,60
TR,1956,marine_hw,abrupt-4xCO2,0.005065698633333334,0.15536651,0.0,60
TR,1957,marine_hw,abrupt-4xCO2,0.004007277833333334,0.13619119,0.0,60
TR,1958,marine_hw,abrupt-4xCO2,0.003706270283333333,0.077310346,0.0,60
TR,1959,marine_hw,abrupt-4xCO2,0.003384472366666667,0.09268658,0.0,60
TR,1960,marine_hw,abrupt-4xCO2,0.002368534083333333,0.07330601,0.0,60
TR,1961,marine_hw,abrupt-4xCO2,0.006693690916666667,0.16002999,0.0,60
TR,1962,marine_hw,abrupt-4xCO2,0.0021749441499999997,0.08346848,0.0,60
TR,1963,marine_hw,abrupt-4xCO2,0.0051183289049999995,0.14165461,0.0,60
TR,1964,marine_hw,abrupt-4xCO2,0.004349779983333333,0.12669444,0.0,60
TR,1965,marine_hw,abrupt-4xCO2,0.0035554727499999997,0.11160421,0.0,60
TR,1966,marine_hw,abrupt-4xCO2,0.004768942733333333,0.16097021,0.0,60
TR,1967,marine_hw,abrupt-4xCO2,0.003399440033333333,0.106417835,0.0,60
TR,1968,marine_hw,abrupt-4xCO2,0.0040156676,0.08763588,0.0,60
TR,1969,marine_hw,abrupt-4xCO2,0.009942553933333332,0.16742954,0.0,60
TR,1970,marine_hw,abrupt-4xCO2,0.007431402256666666,0.18135284,0.0,60
TR,1971,marine_hw,abrupt-4xCO2,0.0029963571166666666,0.08683123,0.0,60
TR,1972,marine_hw,abrupt-4xCO2,0.004213019133333333,0.10712248,0.0,60
TR,1973,marine_hw,abrupt-4xCO2,0.0037953219333333333,0.114950866,0.0,60
TR,1974,marine_hw,abrupt-4xCO2,0.0033879015,0.095557675,0.0,60
TR,1975,marine_hw,abrupt-4xCO2,0.004215296333333333,0.13340478,0.0,60
TR,1976,marine_hw,abrupt-4xCO2,0.004484744691666666,0.100387454,0.0,60
TR,1977,marine_hw,abrupt-4xCO2,0.00689211655,0.17874765,0.0,60
TR,1978,marine_hw,abrupt-4xCO2,0.005896175733333333,0.16148694,0.0,60
TR,1979,marine_hw,abrupt-4xCO2,0.004682549666666667,0.14629191,0.0,60
TR,1980,marine_hw,abrupt-4xCO2,0.004265336130166666,0.13607575,0.0,60
TR,1981,marine_hw,abrupt-4xCO2,0.00606645705,0.10678773,0.0,60
TR,1982,marine_hw,abrupt-4xCO2,0.008959459199999999,0.16906501,0.0,60
TR,1983,marine_hw,abrupt-4xCO2,0.003950288200000001,0.1248308,0.0,60
TR,1984,marine_hw,abrupt-4xCO2,0.005592491856666667,0.13593079,0.0,60
TR,1985,marine_hw,abrupt-4xCO2,0.0034905103166666665,0.1087668,0.0,60
TR,1986,marine_hw,abrupt-4xCO2,0.0024365318333333334,0.08222896,0.0,60
TR,1987,marine_hw,abrupt-4xCO2,0.0036635134083333335,0.094758265,0.0,60
TR,1988,marine_hw,abrupt-4xCO2,0.006013901738333332,0.13993928,0.0,60
TR,1989,marine_hw,abrupt-4xCO2,0.004045062616666667,0.10372282,0.0,60
TR,1990,marine_hw,abrupt-4xCO2,0.00619678325,0.12025525,0.0,60
TR,1991,marine_hw,abrupt-4xCO2,0.0018175386666666668,0.055497702,0.0,60
TR,1992,marine_hw,abrupt-4xCO2,0.007810051616666666,0.16593768,0.0,60
TR,1993,marine_hw,abrupt-4xCO2,0.004008342233333333,0.1155684,0.0,60
TR,1994,marine_hw,abrupt-4xCO2,0.005346671283333334,0.14128482,0.0,60
TR,1995,marine_hw,abrupt-4xCO2,0.00717206395,0.18674716,0.0,60
TR,1996,marine_hw,abrupt-4xCO2,0.0029706784166666665,0.082675904,0.0,60
TR,1997,marine_hw,abrupt-4xCO2,0.008195390678333333,0.1657283,0.0,60
TR,1998,marine_hw,abrupt-4xCO2,0.0052214782,0.14699186,0.0,60
TR,1999,marine_hw,abrupt-4xCO2,0.006255448483333333,0.16193658,0.0,60
TR,2000,marine_hw,abrupt-4xCO2,0.0032487197549999998,0.0943866,0.0,60
TV,1850,marine_hw,abrupt-4xCO2,0.07132464265736776,0.35161215,0.0,3108
TV,1851,marine_hw,abrupt-4xCO2,0.12549543947013964,0.41113263,0.0,3108
TV,1852,marine_hw,abrupt-4xCO2,0.1409553736774791,0.43142468,0.0,3108
TV,1853,marine_hw,abrupt-4xCO2,0.10989809124649484,0.3888011,0.0,3108
TV,1854,marine_hw,abrupt-4xCO2,0.09624563199605823,0.39833808,0.0,3108
TV,1855,marine_hw,abrupt-4xCO2,0.1189673893898359,0.44968396,0.0,3108
TV,1856,marine_hw,abrupt-4xCO2,0.19294180211662484,0.516298,0.0,3108
TV,1857,marine_hw,abrupt-4xCO2,0.17927140150991586,0.5018002,0.0,3108
TV,1858,marine_hw,abrupt-4xCO2,0.17334199326528638,0.51531416,0.0,3108
TV,1859,marine_hw,abrupt-4xCO2,0.20116886807103362,0.4910096,0.0,3108
TV,1860,marine_hw,abrupt-4xCO2,0.16246160733264106,0.50659055,0.0,3108
TV,1861,marine_hw,abrupt-4xCO2,0.1326809313995161,0.43319437,0.0,3108
TV,1862,marine_hw,abrupt-4xCO2,0.1881845259255267,0.4986863,0.0,3108
TV,1863,marine_hw,abrupt-4xCO2,0.2169080900840476,0.53583837,0.0,3108
TV,1864,marine_hw,abrupt-4xCO2,0.1967426851643256,0.5065315,0.0,3108
TV,1865,marine_hw,abrupt-4xCO2,0.2104903789912484,0.49442953,0.0,3108
TV,1866,marine_hw,abrupt-4xCO2,0.20975907096030566,0.5054376,0.0,3108
TV,1867,marine_hw,abrupt-4xCO2,0.1572547095596258,0.46260935,0.0,3108
TV,1868,marine_hw,abrupt-4xCO2,0.22118701661111326,0.5272933,0.0,3108
TV,1869,marine_hw,abrupt-4xCO2,0.2047988489785991,0.5326312,0.0,3108
TV,1870,marine_hw,abrupt-4xCO2,0.14604097228958718,0.46857205,0.0,3108
TV,1871,marine_hw,abrupt-4xCO2,0.20469794146096845,0.48416036,0.0,3108
TV,1872,marine_hw,abrupt-4xCO2,0.20898729807790056,0.54444325,0.0,3108
TV,1873,marine_hw,abrupt-4xCO2,0.1882354113368198,0.49123782,0.0,3108
TV,1874,marine_hw,abrupt-4xCO2,0.22851801166564029,0.52769196,0.0,3108
TV,1875,marine_hw,abrupt-4xCO2,0.22469418183135778,0.5328976,0.0,3108
TV,1876,marine_hw,abrupt-4xCO2,0.1518806329115737,0.50181365,0.0,3108
TV,1877,marine_hw,abrupt-4xCO2,0.17895491183041987,0.47425628,0.0,3108
TV,1878,marine_hw,abrupt-4xCO2,0.2201772652175901,0.51005745,0.0,3108
TV,1879,marine_hw,abrupt-4xCO2,0.17759502971314223,0.5100796,0.0,3108
TV,1880,marine_hw,abrupt-4xCO2,0.228077815551676,0.5360525,0.0,3108
TV,1881,marine_hw,abrupt-4xCO2,0.2047298236599202,0.54629683,0.0,3108
TV,1882,marine_hw,abrupt-4xCO2,0.16552707474108108,0.4572848,0.0,3108
TV,1883,marine_hw,abrupt-4xCO2,0.2348652534469691,0.5257209,0.0,3108
TV,1884,marine_hw,abrupt-4xCO2,0.20450798441532692,0.5393745,0.0,3108
TV,1885,marine_hw,abrupt-4xCO2,0.1719360513789286,0.47402945,0.0,3108
TV,1886,marine_hw,abrupt-4xCO2,0.22900791860001607,0.51564837,0.0,3108
TV,1887,marine_hw,abrupt-4xCO2,0.24502270945162483,0.56469774,0.0,3108
TV,1888,marine_hw,abrupt-4xCO2,0.21691938498208171,0.5127305,0.0,3108
TV,1889,marine_hw,abrupt-4xCO2,0.17205965505422577,0.5054785,0.0,3108
TV,1890,marine_hw,abrupt-4xCO2,0.18848408085781854,0.5131264,0.0,3108
TV,1891,marine_hw,abrupt-4xCO2,0.23062514817120336,0.5571606,0.0,3108
TV,1892,marine_hw,abrupt-4xCO2,0.2145748509953237,0.5169134,0.0,3108
TV,1893,marine_hw,abrupt-4xCO2,0.16308023190933074,0.49567172,0.0,3108
TV,1894,marine_hw,abrupt-4xCO2,0.22855283920992278,0.5211977,0.0,3108
TV,1895,marine_hw,abrupt-4xCO2,0.2216197646676583,0.5492772,0.0,3108
TV,1896,marine_hw,abrupt-4xCO2,0.179442214772592,0.51833946,0.0,3108
TV,1897,marine_hw,abrupt-4xCO2,0.2415575708900917,0.5465968,0.0,3108
TV,1898,marine_hw,abrupt-4xCO2,0.22099919700957849,0.57090473,0.0,3108
TV,1899,marine_hw,abrupt-4xCO2,0.18448482310515896,0.5028398,0.0,3108
TV,1900,marine_hw,abrupt-4xCO2,0.2319281019955116,0.5451124,0.0,3108
TV,1901,marine_hw,abrupt-4xCO2,0.24378260601373808,0.55182135,0.0,3108
TV,1902,marine_hw,abrupt-4xCO2,0.18461240042918323,0.5294167,0.0,3108
TV,1903,marine_hw,abrupt-4xCO2,0.1926976368851673,0.5051188,0.0,3108
TV,1904,marine_hw,abrupt-4xCO2,0.2501654212940109,0.58669305,0.0,3108
TV,1905,marine_hw,abrupt-4xCO2,0.21912562363527865,0.54366344,0.0,3108
TV,1906,marine_hw,abrupt-4xCO2,0.1930134790209707,0.52019775,0.0,3108
TV,1907,marine_hw,abrupt-4xCO2,0.2328818578760415,0.5436641,0.0,3108
TV,1908,marine_hw,abrupt-4xCO2,0.22175865197688546,0.5510167,0.0,3108
TV,1909,marine_hw,abrupt-4xCO2,0.21695718267473615,0.5026123,0.0,3108
TV,1910,marine_hw,abrupt-4xCO2,0.2563810219345222,0.5519529,0.0,3108
TV,1911,marine_hw,abrupt-4xCO2,0.2051428292898584,0.5564016,0.0,3108
TV,1912,marine_hw,abrupt-4xCO2,0.16318496586879505,0.46682787,0.0,3108
TV,1913,marine_hw,abrupt-4xCO2,0.24518103524516088,0.5852038,0.0,3108
TV,1914,marine_hw,abrupt-4xCO2,0.2352892719844337,0.58943176,0.0,3108
TV,1915,marine_hw,abrupt-4xCO2,0.21662153454085908,0.5540031,0.0,3108
TV,1916,marine_hw,abrupt-4xCO2,0.24129356621653603,0.570243,0.0,3108
TV,1917,marine_hw,abrupt-4xCO2,0.23786338275117988,0.5707034,0.0,3108
TV,1918,marine_hw,abrupt-4xCO2,0.20233941084498197,0.52927506,0.0,3108
TV,1919,marine_hw,abrupt-4xCO2,0.23718182045278638,0.5219614,0.0,3108
TV,1920,marine_hw,abrupt-4xCO2,0.23996835184013837,0.55691695,0.0,3108
TV,1921,marine_hw,abrupt-4xCO2,0.20542648395996269,0.52306336,0.0,3108
TV,1922,marine_hw,abrupt-4xCO2,0.23545154065916474,0.52558804,0.0,3108
TV,1923,marine_hw,abrupt-4xCO2,0.22685712072753217,0.5485866,0.0,3108
TV,1924,marine_hw,abrupt-4xCO2,0.18047712238657176,0.4852898,0.0,3108
TV,1925,marine_hw,abrupt-4xCO2,0.21800158655653926,0.52639204,0.0,3108
TV,1926,marine_hw,abrupt-4xCO2,0.23834087450915983,0.5681754,0.0,3108
TV,1927,marine_hw,abrupt-4xCO2,0.1922080287160682,0.50235724,0.0,3108
TV,1928,marine_hw,abrupt-4xCO2,0.23639946573254023,0.5505301,0.0,3108
TV,1929,marine_hw,abrupt-4xCO2,0.23125570506012227,0.5892338,0.0,3108
TV,1930,marine_hw,abrupt-4xCO2,0.22143872611356952,0.5310769,0.0,3108
TV,1931,marine_hw,abrupt-4xCO2,0.23789809368809844,0.5451003,0.0,3108
TV,1932,marine_hw,abrupt-4xCO2,0.21293650290112612,0.5248854,0.0,3108
TV,1933,marine_hw,abrupt-4xCO2,0.21526580583826577,0.52817917,0.0,3108
TV,1934,marine_hw,abrupt-4xCO2,0.20892116966279278,0.54831016,0.0,3108
TV,1935,marine_hw,abrupt-4xCO2,0.24915068436869692,0.5707309,0.0,3108
TV,1936,marine_hw,abrupt-4xCO2,0.24754943001391572,0.57967865,0.0,3108
TV,1937,marine_hw,abrupt-4xCO2,0.1898629374919575,0.5356122,0.0,3108
TV,1938,marine_hw,abrupt-4xCO2,0.1853083875780856,0.51341695,0.0,3108
TV,1939,marine_hw,abrupt-4xCO2,0.23746009989997846,0.5595356,0.0,3108
TV,1940,marine_hw,abrupt-4xCO2,0.19005371990612452,0.5415414,0.0,3108
TV,1941,marine_hw,abrupt-4xCO2,0.24017356880006754,0.54905367,0.0,3108
TV,1942,marine_hw,abrupt-4xCO2,0.24121778675951738,0.5637984,0.0,3108
TV,1943,marine_hw,abrupt-4xCO2,0.22563117517193695,0.5756313,0.0,3108
TV,1944,marine_hw,abrupt-4xCO2,0.18508332141739062,0.48961908,0.0,3108
TV,1945,marine_hw,abrupt-4xCO2,0.2466814991736979,0.52596587,0.0,3108
TV,1946,marine_hw,abrupt-4xCO2,0.22001179699509008,0.5374692,0.0,3108
TV,1947,marine_hw,abrupt-4xCO2,0.23100383673655084,0.51707643,0.0,3108
TV,1948,marine_hw,abrupt-4xCO2,0.25296821709623474,0.56421053,0.0,3108
TV,1949,marine_hw,abrupt-4xCO2,0.17871421453953185,0.5365901,0.0,3108
TV,1950,marine_hw,abrupt-4xCO2,0.1746250019304376,0.5169443,0.0,3108
TV,1951,marine_hw,abrupt-4xCO2,0.2529414283513288,0.5817873,0.0,3108
TV,1952,marine_hw,abrupt-4xCO2,0.22462880990409548,0.55658746,0.0,3108
TV,1953,marine_hw,abrupt-4xCO2,0.2227280722516094,0.53509146,0.0,3108
TV,1954,marine_hw,abrupt-4xCO2,0.2469274998692085,0.5855683,0.0,3108
TV,1955,marine_hw,abrupt-4xCO2,0.22460674466547587,0.5257645,0.0,3108
TV,1956,marine_hw,abrupt-4xCO2,0.2286120838240161,0.5913028,0.0,3108
TV,1957,marine_hw,abrupt-4xCO2,0.2025248493755116,0.53170645,0.0,3108
TV,1958,marine_hw,abrupt-4xCO2,0.23089733322009526,0.55041134,0.0,3108
TV,1959,marine_hw,abrupt-4xCO2,0.23725951133617276,0.56356287,0.0,3108
TV,1960,marine_hw,abrupt-4xCO2,0.1909378896605074,0.50842535,0.0,3108
TV,1961,marine_hw,abrupt-4xCO2,0.23780298217888998,0.5343721,0.0,3108
TV,1962,marine_hw,abrupt-4xCO2,0.22993749381818984,0.55718076,0.0,3108
TV,1963,marine_hw,abrupt-4xCO2,0.22568171770846848,0.5621321,0.0,3108
TV,1964,marine_hw,abrupt-4xCO2,0.20005021031556208,0.53511363,0.0,3108
TV,1965,marine_hw,abrupt-4xCO2,0.23398846851713964,0.5477551,0.0,3108
TV,1966,marine_hw,abrupt-4xCO2,0.2354358939034138,0.5742307,0.0,3108
TV,1967,marine_hw,abrupt-4xCO2,0.17462598583681369,0.48810712,0.0,3108
TV,1968,marine_hw,abrupt-4xCO2,0.21686469710153344,0.55348295,0.0,3108
TV,1969,marine_hw,abrupt-4xCO2,0.2539742070059331,0.56652445,0.0,3108
TV,1970,marine_hw,abrupt-4xCO2,0.25748317450841696,0.5965569,0.0,3108
TV,1971,marine_hw,abrupt-4xCO2,0.18811310708838191,0.533411,0.0,3108
TV,1972,marine_hw,abrupt-4xCO2,0.21709648508909868,0.5353807,0.0,3108
TV,1973,marine_hw,abrupt-4xCO2,0.2643170239059942,0.6022706,0.0,3108
TV,1974,marine_hw,abrupt-4xCO2,0.214177004112648,0.5620254,0.0,3108
TV,1975,marine_hw,abrupt-4xCO2,0.20022760038127413,0.50994205,0.0,3108
TV,1976,marine_hw,abrupt-4xCO2,0.2573064052862281,0.5764554,0.0,3108
TV,1977,marine_hw,abrupt-4xCO2,0.245835701413861,0.56361187,0.0,3108
TV,1978,marine_hw,abrupt-4xCO2,0.1881131088025772,0.5373826,0.0,3108
TV,1979,marine_hw,abrupt-4xCO2,0.19423713402204473,0.51564974,0.0,3108
TV,1980,marine_hw,abrupt-4xCO2,0.252053381503195,0.58661854,0.0,3108
TV,1981,marine_hw,abrupt-4xCO2,0.21651000206311455,0.56668687,0.0,3108
TV,1982,marine_hw,abrupt-4xCO2,0.2601395959097281,0.5650138,0.0,3108
TV,1983,marine_hw,abrupt-4xCO2,0.2581546006454086,0.59398115,0.0,3108
TV,1984,marine_hw,abrupt-4xCO2,0.24381124722525097,0.5985098,0.0,3108
TV,1985,marine_hw,abrupt-4xCO2,0.21278503261327122,0.55281794,0.0,3108
TV,1986,marine_hw,abrupt-4xCO2,0.1926997572248198,0.51000243,0.0,3108
TV,1987,marine_hw,abrupt-4xCO2,0.2243581700870045,0.5506697,0.0,3108
TV,1988,marine_hw,abrupt-4xCO2,0.2588910404336448,0.6029155,0.0,3108
TV,1989,marine_hw,abrupt-4xCO2,0.24465230580684685,0.5783318,0.0,3108
TV,1990,marine_hw,abrupt-4xCO2,0.2052034278927156,0.57362866,0.0,3108
TV,1991,marine_hw,abrupt-4xCO2,0.2635702889925418,0.5851723,0.0,3108
TV,1992,marine_hw,abrupt-4xCO2,0.23794020657697643,0.5619442,0.0,3108
TV,1993,marine_hw,abrupt-4xCO2,0.1905004524076512,0.54504055,0.0,3108
TV,1994,marine_hw,abrupt-4xCO2,0.2311660059436358,0.5303938,0.0,3108
TV,1995,marine_hw,abrupt-4xCO2,0.26674970551392496,0.5974212,0.0,3108
TV,1996,marine_hw,abrupt-4xCO2,0.254114199150148,0.58459985,0.0,3108
TV,1997,marine_hw,abrupt-4xCO2,0.2063155002675367,0.5491631,0.0,3108
TV,1998,marine_hw,abrupt-4xCO2,0.25507280759813383,0.5891875,0.0,3108
TV,1999,marine_hw,abrupt-4xCO2,0.22478668339737065,0.55888534,0.0,3108
TV,2000,marine_hw,abrupt-4xCO2,0.22031018693795593,0.5394845,0.0,3108
TZ,1850,marine_hw,abrupt-4xCO2,0.06342798975000001,0.18273263,0.0,36
TZ,1851,marine_hw,abrupt-4xCO2,0.13983673226944443,0.307978,0.0,36
TZ,1852,marine_hw,abrupt-4xCO2,0.15617057544444443,0.33236712,0.0,36
TZ,1853,marine_hw,abrupt-4xCO2,0.17257052744444445,0.3742228,0.0,36
TZ,1854,marine_hw,abrupt-4xCO2,0.13686825777777778,0.29333794,0.0,36
TZ,1855,marine_hw,abrupt-4xCO2,0.14969166490277777,0.32554403,0.0,36
TZ,1856,marine_hw,abrupt-4xCO2,0.20590689391666667,0.40461826,0.030448643,36
TZ,1857,marine_hw,abrupt-4xCO2,0.22468447949999998,0.38143712,0.0449491,36
TZ,1858,marine_hw,abrupt-4xCO2,0.20769531230555555,0.38239744,0.030141952,36
TZ,1859,marine_hw,abrupt-4xCO2,0.254471161,0.4212528,0.07370372,36
TZ,1860,marine_hw,abrupt-4xCO2,0.2567724130833333,0.4231379,0.042524416,36
TZ,1861,marine_hw,abrupt-4xCO2,0.19236856044444445,0.37240884,0.0,36
TZ,1862,marine_hw,abrupt-4xCO2,0.2589468484722222,0.42176685,0.11205507,36
TZ,1863,marine_hw,abrupt-4xCO2,0.28879112011111113,0.474063,0.119123094,36
TZ,1864,marine_hw,abrupt-4xCO2,0.2638541298888889,0.4584975,0.065691456,36
TZ,1865,marine_hw,abrupt-4xCO2,0.2611721003888889,0.4489088,0.1002833,36
TZ,1866,marine_hw,abrupt-4xCO2,0.26502981208333337,0.45644662,0.07067639,36
TZ,1867,marine_hw,abrupt-4xCO2,0.2330599273611111,0.4170215,0.019847529,36
TZ,1868,marine_hw,abrupt-4xCO2,0.2573003194444444,0.44219714,0.10407368,36
TZ,1869,marine_hw,abrupt-4xCO2,0.28870655794444444,0.47125643,0.08034559,36
TZ,1870,marine_hw,abrupt-4xCO2,0.2211718262777778,0.41160977,0.008909271,36
TZ,1871,marine_hw,abrupt-4xCO2,0.23663699058333332,0.38965473,0.08492585,36
TZ,1872,marine_hw,abrupt-4xCO2,0.28214813972222225,0.459078,0.111641,36
TZ,1873,marine_hw,abrupt-4xCO2,0.26176846405555554,0.43874902,0.07745517,36
TZ,1874,marine_hw,abrupt-4xCO2,0.29335614833333334,0.4387403,0.12670317,36
TZ,1875,marine_hw,abrupt-4xCO2,0.2893256468888889,0.4693606,0.10388577,36
TZ,1876,marine_hw,abrupt-4xCO2,0.2367415524861111,0.46167046,0.0129466085,36
TZ,1877,marine_hw,abrupt-4xCO2,0.21995964930555556,0.3975623,0.017156294,36
TZ,1878,marine_hw,abrupt-4xCO2,0.3029965883333333,0.46663594,0.13022777,36
TZ,1879,marine_hw,abrupt-4xCO2,0.2757093348611111,0.43915707,0.073897,36
TZ,1880,marine_hw,abrupt-4xCO2,0.27551904000000005,0.3977965,0.12854332,36
TZ,1881,marine_hw,abrupt-4xCO2,0.30219869944444444,0.4767749,0.1297077,36
TZ,1882,marine_hw,abrupt-4xCO2,0.19583221727777778,0.34976465,0.017646993,36
TZ,1883,marine_hw,abrupt-4xCO2,0.2646997785833334,0.45481718,0.073748015,36
TZ,1884,marine_hw,abrupt-4xCO2,0.3033295961111111,0.45866796,0.12283562,36
TZ,1885,marine_hw,abrupt-4xCO2,0.21332912066666665,0.41547263,0.026655586,36
TZ,1886,marine_hw,abrupt-4xCO2,0.2615234796388889,0.422701,0.0986767,36
TZ,1887,marine_hw,abrupt-4xCO2,0.32405569444444443,0.48104176,0.17191584,36
TZ,1888,marine_hw,abrupt-4xCO2,0.3055541986111111,0.47262618,0.12955266,36
TZ,1889,marine_hw,abrupt-4xCO2,0.2695223426111111,0.4509228,0.05593232,36
TZ,1890,marine_hw,abrupt-4xCO2,0.24555321675,0.3930552,0.0812791,36
TZ,1891,marine_hw,abrupt-4xCO2,0.2945989086111111,0.4474109,0.12653473,36
TZ,1892,marine_hw,abrupt-4xCO2,0.304988506,0.500105,0.122694016,36
TZ,1893,marine_hw,abrupt-4xCO2,0.24425941569444445,0.42300034,0.03560672,36
TZ,1894,marine_hw,abrupt-4xCO2,0.27086080877777774,0.46988004,0.09023291,36
TZ,1895,marine_hw,abrupt-4xCO2,0.30812045722222225,0.49420202,0.116770886,36
TZ,1896,marine_hw,abrupt-4xCO2,0.24630805394444444,0.4047954,0.072021276,36
TZ,1897,marine_hw,abrupt-4xCO2,0.28600724972222225,0.4448735,0.11138531,36
TZ,1898,marine_hw,abrupt-4xCO2,0.3248326922222222,0.49853867,0.14563625,36
TZ,1899,marine_hw,abrupt-4xCO2,0.26639398719444446,0.45932633,0.078864485,36
TZ,1900,marine_hw,abrupt-4xCO2,0.2942760427777778,0.46225768,0.13614354,36
TZ,1901,marine_hw,abrupt-4xCO2,0.3250901175,0.49315444,0.15878712,36
TZ,1902,marine_hw,abrupt-4xCO2,0.29186237830555556,0.47118533,0.08537415,36
TZ,1903,marine_hw,abrupt-4xCO2,0.22415794969444447,0.3498834,0.06040386,36
TZ,1904,marine_hw,abrupt-4xCO2,0.30059174961111107,0.43879536,0.118535876,36
TZ,1905,marine_hw,abrupt-4xCO2,0.33085763027777776,0.51347065,0.14470342,36
TZ,1906,marine_hw,abrupt-4xCO2,0.24621684441666666,0.4086039,0.055275314,36
TZ,1907,marine_hw,abrupt-4xCO2,0.2989742691666667,0.44694853,0.12826414,36
TZ,1908,marine_hw,abrupt-4xCO2,0.3093351042777778,0.4932551,0.10430655,36
TZ,1909,marine_hw,abrupt-4xCO2,0.2655531815555556,0.43131793,0.10246304,36
TZ,1910,marine_hw,abrupt-4xCO2,0.31010467388888885,0.45418972,0.17195141,36
TZ,1911,marine_hw,abrupt-4xCO2,0.3045728105555556,0.46727282,0.12668774,36
TZ,1912,marine_hw,abrupt-4xCO2,0.22927600763888892,0.4268833,0.025503978,36
TZ,1913,marine_hw,abrupt-4xCO2,0.2853784690555556,0.43053076,0.106749356,36
TZ,1914,marine_hw,abrupt-4xCO2,0.33482019444444444,0.5161436,0.13514225,36
TZ,1915,marine_hw,abrupt-4xCO2,0.28957367177777776,0.47392207,0.09106507,36
TZ,1916,marine_hw,abrupt-4xCO2,0.31603029083333334,0.47868085,0.15339616,36
TZ,1917,marine_hw,abrupt-4xCO2,0.31315009805555555,0.47832114,0.13452283,36
TZ,1918,marine_hw,abrupt-4xCO2,0.29812886916666664,0.48839837,0.1147388,36
TZ,1919,marine_hw,abrupt-4xCO2,0.3092776108333333,0.455548,0.15218619,36
TZ,1920,marine_hw,abrupt-4xCO2,0.32840945222222223,0.49628246,0.14800656,36
TZ,1921,marine_hw,abrupt-4xCO2,0.2934661411111111,0.48196587,0.11110748,36
TZ,1922,marine_hw,abrupt-4xCO2,0.29854107583333334,0.46648425,0.1390353,36
TZ,1923,marine_hw,abrupt-4xCO2,0.3184043811111111,0.49048412,0.12882653,36
TZ,1924,marine_hw,abrupt-4xCO2,0.2513606116666667,0.44553387,0.018964907,36
TZ,1925,marine_hw,abrupt-4xCO2,0.277202775,0.41815367,0.14055467,36
TZ,1926,marine_hw,abrupt-4xCO2,0.3147877869444444,0.46496555,0.16489077,36
TZ,1927,marine_hw,abrupt-4xCO2,0.27519132777777777,0.47861642,0.07403122,36
TZ,1928,marine_hw,abrupt-4xCO2,0.2835392152777778,0.4269652,0.1317901,36
TZ,1929,marine_hw,abrupt-4xCO2,0.32717308055555555,0.49510732,0.15302974,36
TZ,1930,marine_hw,abrupt-4xCO2,0.28582222916666666,0.4314032,0.14857566,36
TZ,1931,marine_hw,abrupt-4xCO2,0.32543422194444444,0.4940477,0.17729606,36
TZ,1932,marine_hw,abrupt-4xCO2,0.30350657750000004,0.45651105,0.117654726,36
TZ,1933,marine_hw,abrupt-4xCO2,0.2998504123611111,0.4678909,0.110977955,36
TZ,1934,marine_hw,abrupt-4xCO2,0.26487626000000003,0.41974348,0.14204988,36
TZ,1935,marine_hw,abrupt-4xCO2,0.30210269916666666,0.48709977,0.13629183,36
TZ,1936,marine_hw,abrupt-4xCO2,0.33307052277777777,0.5074824,0.15967229,36
TZ,1937,marine_hw,abrupt-4xCO2,0.27680367405555556,0.4747066,0.07657401,36
TZ,1938,marine_hw,abrupt-4xCO2,0.26465394366666667,0.40986624,0.059818663,36
TZ,1939,marine_hw,abrupt-4xCO2,0.3070895141666667,0.4716437,0.15772946,36
TZ,1940,marine_hw,abrupt-4xCO2,0.29520086027777775,0.47005588,0.09928874,36
TZ,1941,marine_hw,abrupt-4xCO2,0.3062848602777778,0.47029608,0.1433545,36
TZ,1942,marine_hw,abrupt-4xCO2,0.3256952413888889,0.4902848,0.1521439,36
TZ,1943,marine_hw,abrupt-4xCO2,0.3242720435,0.5017922,0.124538206,36
TZ,1944,marine_hw,abrupt-4xCO2,0.27457301038888887,0.44133815,0.063976124,36
TZ,1945,marine_hw,abrupt-4xCO2,0.3250910169444444,0.4486558,0.1583925,36
TZ,1946,marine_hw,abrupt-4xCO2,0.3338686677777778,0.5054047,0.17401572,36
TZ,1947,marine_hw,abrupt-4xCO2,0.30033950138888893,0.4435568,0.15196203,36
TZ,1948,marine_hw,abrupt-4xCO2,0.32443258694444443,0.46019605,0.17127627,36
TZ,1949,marine_hw,abrupt-4xCO2,0.3151859716388889,0.52247816,0.089014865,36
TZ,1950,marine_hw,abrupt-4xCO2,0.2378004358611111,0.41974416,0.027154885,36
TZ,1951,marine_hw,abrupt-4xCO2,0.30468470733333336,0.43719542,0.122545704,36
TZ,1952,marine_hw,abrupt-4xCO2,0.3290480377777778,0.51633155,0.15551752,36
TZ,1953,marine_hw,abrupt-4xCO2,0.2961204336111111,0.45678416,0.12901108,36
TZ,1954,marine_hw,abrupt-4xCO2,0.3065242888888889,0.47557834,0.14349677,36
TZ,1955,marine_hw,abrupt-4xCO2,0.2923547909722222,0.46629164,0.087488115,36
TZ,1956,marine_hw,abrupt-4xCO2,0.3163036080555555,0.49751592,0.15028293,36
TZ,1957,marine_hw,abrupt-4xCO2,0.2855217736111111,0.44919473,0.1034811,36
TZ,1958,marine_hw,abrupt-4xCO2,0.29783452916666664,0.42605788,0.15832809,36
TZ,1959,marine_hw,abrupt-4xCO2,0.3112407558333333,0.49635223,0.11071421,36
TZ,1960,marine_hw,abrupt-4xCO2,0.27102719044444445,0.44770285,0.107021146,36
TZ,1961,marine_hw,abrupt-4xCO2,0.30380411527777773,0.44681165,0.14464301,36
TZ,1962,marine_hw,abrupt-4xCO2,0.32585554361111113,0.49605024,0.1481636,36
TZ,1963,marine_hw,abrupt-4xCO2,0.32211400916666666,0.51824623,0.13804208,36
TZ,1964,marine_hw,abrupt-4xCO2,0.27683717044444445,0.45946455,0.10528166,36
TZ,1965,marine_hw,abrupt-4xCO2,0.3119546233333333,0.48215044,0.13202365,36
TZ,1966,marine_hw,abrupt-4xCO2,0.3492932772222222,0.5204052,0.17077297,36
TZ,1967,marine_hw,abrupt-4xCO2,0.25895261480555554,0.4327675,0.048607938,36
TZ,1968,marine_hw,abrupt-4xCO2,0.2775681030555555,0.41977236,0.12058542,36
TZ,1969,marine_hw,abrupt-4xCO2,0.3621659569444444,0.51857305,0.19961683,36
TZ,1970,marine_hw,abrupt-4xCO2,0.34918718666666665,0.5304448,0.17110649,36
TZ,1971,marine_hw,abrupt-4xCO2,0.3039894736111111,0.5002339,0.106876194,36
TZ,1972,marine_hw,abrupt-4xCO2,0.257639383,0.4127466,0.09292469,36
TZ,1973,marine_hw,abrupt-4xCO2,0.3277005783333333,0.4918693,0.15405184,36
TZ,1974,marine_hw,abrupt-4xCO2,0.34308119249999997,0.5452076,0.1430874,36
TZ,1975,marine_hw,abrupt-4xCO2,0.2738184893055556,0.4357311,0.11670244,36
TZ,1976,marine_hw,abrupt-4xCO2,0.35903639944444443,0.50943065,0.19615464,36
TZ,1977,marine_hw,abrupt-4xCO2,0.34890740416666666,0.53600484,0.16788588,36
TZ,1978,marine_hw,abrupt-4xCO2,0.28985047225,0.48515895,0.10079334,36
TZ,1979,marine_hw,abrupt-4xCO2,0.277068995,0.42313993,0.12064381,36
TZ,1980,marine_hw,abrupt-4xCO2,0.33301501944444445,0.4945235,0.16651282,36
TZ,1981,marine_hw,abrupt-4xCO2,0.3305028661111111,0.5250512,0.1488696,36
TZ,1982,marine_hw,abrupt-4xCO2,0.3244233272222222,0.5105487,0.17536731,36
TZ,1983,marine_hw,abrupt-4xCO2,0.34096853222222223,0.52287006,0.17258829,36
TZ,1984,marine_hw,abrupt-4xCO2,0.3326267286111111,0.49543014,0.19415408,36
TZ,1985,marine_hw,abrupt-4xCO2,0.32940760333333335,0.50921524,0.17235541,36
TZ,1986,marine_hw,abrupt-4xCO2,0.30022128944444443,0.46350995,0.10323413,36
TZ,1987,marine_hw,abrupt-4xCO2,0.3035362652777778,0.44239378,0.13392755,36
TZ,1988,marine_hw,abrupt-4xCO2,0.3485184202777778,0.52677387,0.19214883,36
TZ,1989,marine_hw,abrupt-4xCO2,0.35077535111111113,0.52208894,0.1702146,36
TZ,1990,marine_hw,abrupt-4xCO2,0.33047219055555555,0.4982481,0.1552115,36
TZ,1991,marine_hw,abrupt-4xCO2,0.3436588669444445,0.52763486,0.19470438,36
TZ,1992,marine_hw,abrupt-4xCO2,0.34511034027777776,0.51685905,0.16887778,36
TZ,1993,marine_hw,abrupt-4xCO2,0.2992871101666667,0.48257992,0.11115646,36
TZ,1994,marine_hw,abrupt-4xCO2,0.30072045861111113,0.4637549,0.12838763,36
TZ,1995,marine_hw,abrupt-4xCO2,0.3336501,0.46277845,0.17946303,36
TZ,1996,marine_hw,abrupt-4xCO2,0.355837785,0.55279845,0.16946834,36
TZ,1997,marine_hw,abrupt-4xCO2,0.30444014455555557,0.4519771,0.113976434,36
TZ,1998,marine_hw,abrupt-4xCO2,0.31252025666666666,0.45747676,0.16715237,36
TZ,1999,marine_hw,abrupt-4xCO2,0.33554648638888884,0.50844413,0.12958957,36
TZ,2000,marine_hw,abrupt-4xCO2,0.2981278608333333,0.47838086,0.12943856,36
UA,1850,marine_hw,abrupt-4xCO2,0.0,0.0,0.0,24
UA,1851,marine_hw,abrupt-4xCO2,0.0,0.0,0.0,24
UA,1852,marine_hw,abrupt-4xCO2,0.0,0.0,0.0,24
UA,1853,marine_hw,abrupt-4xCO2,0.0,0.0,0.0,24
UA,1854,marine_hw,abrupt-4xCO2,0.0,0.0,0.0,24
UA,1855,marine_hw,abrupt-4xCO2,0.0,0.0,0.0,24
UA,1856,marine_hw,abrupt-4xCO2,4.898505416666666e-05,0.0011756413,0.0,24
UA,1857,marine_hw,abrupt-4xCO2,0.0,0.0,0.0,24
UA,1858,marine_hw,abrupt-4xCO2,0.0,0.0,0.0,24
UA,1859,marine_hw,abrupt-4xCO2,0.0,0.0,0.0,24
UA,1860,marine_hw,abrupt-4xCO2,0.000486262625,0.011670303,0.0,24
UA,1861,marine_hw,abrupt-4xCO2,0.0,0.0,0.0,24
UA,1862,marine_hw,abrupt-4xCO2,9.13762e-05,0.0021930288,0.0,24
UA,1863,marine_hw,abrupt-4xCO2,0.0,0.0,0.0,24
UA,1864,marine_hw,abrupt-4xCO2,0.0,0.0,0.0,24
UA,1865,marine_hw,abrupt-4xCO2,0.0008972396666666666,0.021533752,0.0,24
UA,1866,marine_hw,abrupt-4xCO2,0.0002367986429166667,0.00501018,0.0,24
UA,1867,marine_hw,abrupt-4xCO2,0.0,0.0,0.0,24
UA,1868,marine_hw,abrupt-4xCO2,0.0,0.0,0.0,24
UA,1869,marine_hw,abrupt-4xCO2,0.0,0.0,0.0,24
UA,1870,marine_hw,abrupt-4xCO2,0.0,0.0,0.0,24
UA,1871,marine_hw,abrupt-4xCO2,0.0,0.0,0.0,24
UA,1872,marine_hw,abrupt-4xCO2,0.0,0.0,0.0,24
UA,1873,marine_hw,abrupt-4xCO2,0.0,0.0,0.0,24
UA,1874,marine_hw,abrupt-4xCO2,0.0,0.0,0.0,24
UA,1875,marine_hw,abrupt-4xCO2,0.0,0.0,0.0,24
UA,1876,marine_hw,abrupt-4xCO2,0.0,0.0,0.0,24
UA,1877,marine_hw,abrupt-4xCO2,0.0,0.0,0.0,24
UA,1878,marine_hw,abrupt-4xCO2,0.0,0.0,0.0,24
UA,1879,marine_hw,abrupt-4xCO2,0.0005222957916666667,0.007853757,0.0,24
UA,1880,marine_hw,abrupt-4xCO2,0.0,0.0,0.0,24
UA,1881,marine_hw,abrupt-4xCO2,0.0,0.0,0.0,24
UA,1882,marine_hw,abrupt-4xCO2,0.0,0.0,0.0,24
UA,1883,marine_hw,abrupt-4xCO2,0.0,0.0,0.0,24
UA,1884,marine_hw,abrupt-4xCO2,0.0,0.0,0.0,24
UA,1885,marine_hw,abrupt-4xCO2,0.0,0.0,0.0,24
UA,1886,marine_hw,abrupt-4xCO2,0.0,0.0,0.0,24
UA,1887,marine_hw,abrupt-4xCO2,0.0,0.0,0.0,24
UA,1888,marine_hw,abrupt-4xCO2,0.0,0.0,0.0,24
UA,1889,marine_hw,abrupt-4xCO2,0.0,0.0,0.0,24
UA,1890,marine_hw,abrupt-4xCO2,0.0,0.0,0.0,24
UA,1891,marine_hw,abrupt-4xCO2,0.0,0.0,0.0,24
UA,1892,marine_hw,abrupt-4xCO2,0.0,0.0,0.0,24
UA,1893,marine_hw,abrupt-4xCO2,0.0,0.0,0.0,24
UA,1894,marine_hw,abrupt-4xCO2,0.0,0.0,0.0,24
UA,1895,marine_hw,abrupt-4xCO2,0.0,0.0,0.0,24
UA,1896,marine_hw,abrupt-4xCO2,0.0,0.0,0.0,24
UA,1897,marine_hw,abrupt-4xCO2,0.0,0.0,0.0,24
UA,1898,marine_hw,abrupt-4xCO2,0.0,0.0,0.0,24
UA,1899,marine_hw,abrupt-4xCO2,0.00012901372083333335,0.0030963293,0.0,24
UA,1900,marine_hw,abrupt-4xCO2,0.0,0.0,0.0,24
UA,1901,marine_hw,abrupt-4xCO2,0.0,0.0,0.0,24
UA,1902,marine_hw,abrupt-4xCO2,0.0,0.0,0.0,24
UA,1903,marine_hw,abrupt-4xCO2,0.0,0.0,0.0,24
UA,1904,marine_hw,abrupt-4xCO2,0.0,0.0,0.0,24
UA,1905,marine_hw,abrupt-4xCO2,0.0,0.0,0.0,24
UA,1906,marine_hw,abrupt-4xCO2,0.0,0.0,0.0,24
UA,1907,marine_hw,abrupt-4xCO2,0.0,0.0,0.0,24
UA,1908,marine_hw,abrupt-4xCO2,0.0,0.0,0.0,24
UA,1909,marine_hw,abrupt-4xCO2,0.0,0.0,0.0,24
UA,1910,marine_hw,abrupt-4xCO2,0.0,0.0,0.0,24
UA,1911,marine_hw,abrupt-4xCO2,0.0,0.0,0.0,24
UA,1912,marine_hw,abrupt-4xCO2,0.0,0.0,0.0,24
UA,1913,marine_hw,abrupt-4xCO2,0.0,0.0,0.0,24
UA,1914,marine_hw,abrupt-4xCO2,0.0,0.0,0.0,24
UA,1915,marine_hw,abrupt-4xCO2,0.0,0.0,0.0,24
UA,1916,marine_hw,abrupt-4xCO2,0.0,0.0,0.0,24
UA,1917,marine_hw,abrupt-4xCO2,0.0,0.0,0.0,24
UA,1918,marine_hw,abrupt-4xCO2,0.0,0.0,0.0,24
UA,1919,marine_hw,abrupt-4xCO2,0.0,0.0,0.0,24
UA,1920,marine_hw,abrupt-4xCO2,0.0,0.0,0.0,24
UA,1921,marine_hw,abrupt-4xCO2,0.0,0.0,0.0,24
UA,1922,marine_hw,abrupt-4xCO2,0.0,0.0,0.0,24
UA,1923,marine_hw,abrupt-4xCO2,0.0,0.0,0.0,24
UA,1924,marine_hw,abrupt-4xCO2,0.0,0.0,0.0,24
UA,1925,marine_hw,abrupt-4xCO2,0.0,0.0,0.0,24
UA,1926,marine_hw,abrupt-4xCO2,0.0,0.0,0.0,24
UA,1927,marine_hw,abrupt-4xCO2,0.00012356104166666668,0.002965465,0.0,24
UA,1928,marine_hw,abrupt-4xCO2,0.0,0.0,0.0,24
UA,1929,marine_hw,abrupt-4xCO2,0.0031409295416666666,0.038644116,0.0,24
UA,1930,marine_hw,abrupt-4xCO2,0.0,0.0,0.0,24
UA,1931,marine_hw,abrupt-4xCO2,0.0,0.0,0.0,24
UA,1932,marine_hw,abrupt-4xCO2,0.0,0.0,0.0,24
UA,1933,marine_hw,abrupt-4xCO2,0.0,0.0,0.0,24
UA,1934,marine_hw,abrupt-4xCO2,0.0,0.0,0.0,24
UA,1935,marine_hw,abrupt-4xCO2,0.0,0.0,0.0,24
UA,1936,marine_hw,abrupt-4xCO2,0.0,0.0,0.0,24
UA,1937,marine_hw,abrupt-4xCO2,0.0,0.0,0.0,24
UA,1938,marine_hw,abrupt-4xCO2,0.0,0.0,0.0,24
UA,1939,marine_hw,abrupt-4xCO2,0.0,0.0,0.0,24
UA,1940,marine_hw,abrupt-4xCO2,0.0012983617499999999,0.031160682,0.0,24
UA,1941,marine_hw,abrupt-4xCO2,0.0,0.0,0.0,24
UA,1942,marine_hw,abrupt-4xCO2,0.0,0.0,0.0,24
UA,1943,marine_hw,abrupt-4xCO2,0.0,0.0,0.0,24
UA,1944,marine_hw,abrupt-4xCO2,0.0,0.0,0.0,24
UA,1945,marine_hw,abrupt-4xCO2,0.0,0.0,0.0,24
UA,1946,marine_hw,abrupt-4xCO2,0.0,0.0,0.0,24
UA,1947,marine_hw,abrupt-4xCO2,0.0,0.0,0.0,24
UA,1948,marine_hw,abrupt-4xCO2,0.0,0.0,0.0,24
UA,1949,marine_hw,abrupt-4xCO2,0.0,0.0,0.0,24
UA,1950,marine_hw,abrupt-4xCO2,0.0,0.0,0.0,24
UA,1951,marine_hw,abrupt-4xCO2,0.0,0.0,0.0,24
UA,1952,marine_hw,abrupt-4xCO2,0.0,0.0,0.0,24
UA,1953,marine_hw,abrupt-4xCO2,0.0,0.0,0.0,24
UA,1954,marine_hw,abrupt-4xCO2,0.0,0.0,0.0,24
UA,1955,marine_hw,abrupt-4xCO2,0.0,0.0,0.0,24
UA,1956,marine_hw,abrupt-4xCO2,0.00046501112499999997,0.011160267,0.0,24
UA,1957,marine_hw,abrupt-4xCO2,0.0,0.0,0.0,24
UA,1958,marine_hw,abrupt-4xCO2,8.539222916666667e-05,0.0020494135,0.0,24
UA,1959,marine_hw,abrupt-4xCO2,0.0,0.0,0.0,24
UA,1960,marine_hw,abrupt-4xCO2,0.0,0.0,0.0,24
UA,1961,marine_hw,abrupt-4xCO2,0.00010088345000000001,0.0024212028,0.0,24
UA,1962,marine_hw,abrupt-4xCO2,0.0,0.0,0.0,24
UA,1963,marine_hw,abrupt-4xCO2,0.0,0.0,0.0,24
UA,1964,marine_hw,abrupt-4xCO2,0.0,0.0,0.0,24
UA,1965,marine_hw,abrupt-4xCO2,0.0,0.0,0.0,24
UA,1966,marine_hw,abrupt-4xCO2,0.0,0.0,0.0,24
UA,1967,marine_hw,abrupt-4xCO2,0.0,0.0,0.0,24
UA,1968,marine_hw,abrupt-4xCO2,0.0008986377916666667,0.021567307,0.0,24
UA,1969,marine_hw,abrupt-4xCO2,0.0,0.0,0.0,24
UA,1970,marine_hw,abrupt-4xCO2,0.0,0.0,0.0,24
UA,1971,marine_hw,abrupt-4xCO2,0.0,0.0,0.0,24
UA,1972,marine_hw,abrupt-4xCO2,0.0,0.0,0.0,24
UA,1973,marine_hw,abrupt-4xCO2,0.0,0.0,0.0,24
UA,1974,marine_hw,abrupt-4xCO2,0.0,0.0,0.0,24
UA,1975,marine_hw,abrupt-4xCO2,0.0,0.0,0.0,24
UA,1976,marine_hw,abrupt-4xCO2,0.0,0.0,0.0,24
UA,1977,marine_hw,abrupt-4xCO2,0.00023717266666666665,0.005692144,0.0,24
UA,1978,marine_hw,abrupt-4xCO2,0.0,0.0,0.0,24
UA,1979,marine_hw,abrupt-4xCO2,0.0,0.0,0.0,24
UA,1980,marine_hw,abrupt-4xCO2,0.0,0.0,0.0,24
UA,1981,marine_hw,abrupt-4xCO2,0.0,0.0,0.0,24
UA,1982,marine_hw,abrupt-4xCO2,0.0,0.0,0.0,24
UA,1983,marine_hw,abrupt-4xCO2,0.0,0.0,0.0,24
UA,1984,marine_hw,abrupt-4xCO2,0.0,0.0,0.0,24
UA,1985,marine_hw,abrupt-4xCO2,0.0,0.0,0.0,24
UA,1986,marine_hw,abrupt-4xCO2,0.0,0.0,0.0,24
UA,1987,marine_hw,abrupt-4xCO2,0.0,0.0,0.0,24
UA,1988,marine_hw,abrupt-4xCO2,2.8734961249999997e-05,0.00068963907,0.0,24
UA,1989,marine_hw,abrupt-4xCO2,0.0,0.0,0.0,24
UA,1990,marine_hw,abrupt-4xCO2,0.0027842401250000003,0.0523104,0.0,24
UA,1991,marine_hw,abrupt-4xCO2,0.0,0.0,0.0,24
UA,1992,marine_hw,abrupt-4xCO2,0.0,0.0,0.0,24
UA,1993,marine_hw,abrupt-4xCO2,0.0,0.0,0.0,24
UA,1994,marine_hw,abrupt-4xCO2,0.0,0.0,0.0,24
UA,1995,marine_hw,abrupt-4xCO2,0.0,0.0,0.0,24
UA,1996,marine_hw,abrupt-4xCO2,0.0,0.0,0.0,24
UA,1997,marine_hw,abrupt-4xCO2,0.0,0.0,0.0,24
UA,1998,marine_hw,abrupt-4xCO2,0.0,0.0,0.0,24
UA,1999,marine_hw,abrupt-4xCO2,0.0,0.0,0.0,24
UA,2000,marine_hw,abrupt-4xCO2,0.0,0.0,0.0,24
VN,1850,marine_hw,abrupt-4xCO2,0.05844219396166666,0.2175795,0.0,60
VN,1851,marine_hw,abrupt-4xCO2,0.11982517339,0.35872114,0.0,60
VN,1852,marine_hw,abrupt-4xCO2,0.12202594886666666,0.31743044,0.0,60
VN,1853,marine_hw,abrupt-4xCO2,0.166327011715,0.37798908,0.0,60
VN,1854,marine_hw,abrupt-4xCO2,0.13678124607716666,0.32888737,0.0,60
VN,1855,marine_hw,abrupt-4xCO2,0.12054827441666666,0.32975447,0.0,60
VN,1856,marine_hw,abrupt-4xCO2,0.16970458049566664,0.4207481,0.0,60
VN,1857,marine_hw,abrupt-4xCO2,0.18483970849,0.40434983,0.0,60
VN,1858,marine_hw,abrupt-4xCO2,0.18460454961666667,0.41751078,0.0,60
VN,1859,marine_hw,abrupt-4xCO2,0.20085373108333335,0.4355895,0.0,60
VN,1860,marine_hw,abrupt-4xCO2,0.21570163786666666,0.39430413,0.0,60
VN,1861,marine_hw,abrupt-4xCO2,0.169854954962075,0.3758999,0.0,60
VN,1862,marine_hw,abrupt-4xCO2,0.19725412951933335,0.39142177,0.0,60
VN,1863,marine_hw,abrupt-4xCO2,0.21383475011666667,0.4672822,0.0,60
VN,1864,marine_hw,abrupt-4xCO2,0.20554189131666664,0.44635126,0.0,60
VN,1865,marine_hw,abrupt-4xCO2,0.21009677511666666,0.5020754,0.0,60
VN,1866,marine_hw,abrupt-4xCO2,0.20024087298333332,0.44903904,0.0,60
VN,1867,marine_hw,abrupt-4xCO2,0.18733780221666668,0.44027176,0.0,60
VN,1868,marine_hw,abrupt-4xCO2,0.19609696217833333,0.43284538,0.0,60
VN,1869,marine_hw,abrupt-4xCO2,0.237046753,0.47646487,0.0,60
VN,1870,marine_hw,abrupt-4xCO2,0.18598485872166667,0.41636717,0.0,60
VN,1871,marine_hw,abrupt-4xCO2,0.18641392942833335,0.45284483,0.0,60
VN,1872,marine_hw,abrupt-4xCO2,0.2045706307,0.42987442,0.0,60
VN,1873,marine_hw,abrupt-4xCO2,0.18631729580833334,0.4487484,0.0,60
VN,1874,marine_hw,abrupt-4xCO2,0.22377034734999998,0.44627744,0.0,60
VN,1875,marine_hw,abrupt-4xCO2,0.22024827665,0.44490302,0.0,60
VN,1876,marine_hw,abrupt-4xCO2,0.19704431221666666,0.43817726,0.0,60
VN,1877,marine_hw,abrupt-4xCO2,0.181337247505,0.37822455,0.0,60
VN,1878,marine_hw,abrupt-4xCO2,0.19717630808833334,0.4753683,0.0,60
VN,1879,marine_hw,abrupt-4xCO2,0.21015826717333333,0.41777316,0.0,60
VN,1880,marine_hw,abrupt-4xCO2,0.22116383671666667,0.48231483,0.0,60
VN,1881,marine_hw,abrupt-4xCO2,0.24786766006,0.48685685,0.0,60
VN,1882,marine_hw,abrupt-4xCO2,0.16718147471666667,0.41468143,0.0,60
VN,1883,marine_hw,abrupt-4xCO2,0.20714432573,0.47249264,0.0,60
VN,1884,marine_hw,abrupt-4xCO2,0.23971097793166668,0.47599912,0.0,60
VN,1885,marine_hw,abrupt-4xCO2,0.17300080355,0.39850324,0.0,60
VN,1886,marine_hw,abrupt-4xCO2,0.21408451951666668,0.48762593,0.0,60
VN,1887,marine_hw,abrupt-4xCO2,0.23855885411666666,0.45680028,0.0,60
VN,1888,marine_hw,abrupt-4xCO2,0.21678796826666666,0.46969616,0.0,60
VN,1889,marine_hw,abrupt-4xCO2,0.21831098,0.43706727,0.0,60
VN,1890,marine_hw,abrupt-4xCO2,0.15538459051166667,0.32833573,0.0,60
VN,1891,marine_hw,abrupt-4xCO2,0.21528033239666666,0.47710037,0.0,60
VN,1892,marine_hw,abrupt-4xCO2,0.21851242329666667,0.44251996,0.0,60
VN,1893,marine_hw,abrupt-4xCO2,0.20513696087166666,0.39494434,0.0,60
VN,1894,marine_hw,abrupt-4xCO2,0.20947526296666666,0.43765783,0.0,60
VN,1895,marine_hw,abrupt-4xCO2,0.23212062761666666,0.5146189,0.0,60
VN,1896,marine_hw,abrupt-4xCO2,0.1608052751,0.4127513,0.0,60
VN,1897,marine_hw,abrupt-4xCO2,0.20343684383333335,0.43723774,0.0,60
VN,1898,marine_hw,abrupt-4xCO2,0.23224847511366667,0.44341722,0.0,60
VN,1899,marine_hw,abrupt-4xCO2,0.20797350135166667,0.4685801,0.0,60
VN,1900,marine_hw,abrupt-4xCO2,0.21072138948333335,0.46680772,0.0,60
VN,1901,marine_hw,abrupt-4xCO2,0.22716811520333333,0.46313077,0.0,60
VN,1902,marine_hw,abrupt-4xCO2,0.21929701138333335,0.4343815,0.0,60
VN,1903,marine_hw,abrupt-4xCO2,0.16080468273333332,0.3778461,0.0,60
VN,1904,marine_hw,abrupt-4xCO2,0.21332948230866666,0.49442685,0.0,60
VN,1905,marine_hw,abrupt-4xCO2,0.24475081662499998,0.45512792,0.0,60
VN,1906,marine_hw,abrupt-4xCO2,0.189651516495,0.40366998,0.0,60
VN,1907,marine_hw,abrupt-4xCO2,0.2288141051,0.46691042,0.0,60
VN,1908,marine_hw,abrupt-4xCO2,0.23642206698166665,0.49023315,0.0,60
VN,1909,marine_hw,abrupt-4xCO2,0.19670168692966666,0.44709083,0.0,60
VN,1910,marine_hw,abrupt-4xCO2,0.235838893125,0.4983038,0.0,60
VN,1911,marine_hw,abrupt-4xCO2,0.23746404729666667,0.49389195,0.0,60
VN,1912,marine_hw,abrupt-4xCO2,0.19708996227,0.4154807,0.0,60
VN,1913,marine_hw,abrupt-4xCO2,0.1977665697,0.4585465,0.0,60
VN,1914,marine_hw,abrupt-4xCO2,0.22268432015,0.498887,0.0,60
VN,1915,marine_hw,abrupt-4xCO2,0.21082804371666666,0.43515664,0.0,60
VN,1916,marine_hw,abrupt-4xCO2,0.226373541145,0.4499101,0.0,60
VN,1917,marine_hw,abrupt-4xCO2,0.2152325245416667,0.4774084,0.0,60
VN,1918,marine_hw,abrupt-4xCO2,0.1976454910133333,0.415735,0.0,60
VN,1919,marine_hw,abrupt-4xCO2,0.21774828291666667,0.49949566,0.0,60
VN,1920,marine_hw,abrupt-4xCO2,0.21844847639999998,0.4724698,0.0,60
VN,1921,marine_hw,abrupt-4xCO2,0.19548437442716665,0.4249647,0.0,60
VN,1922,marine_hw,abrupt-4xCO2,0.22405275461166668,0.49501002,0.0,60
VN,1923,marine_hw,abrupt-4xCO2,0.24410390740666665,0.49362487,0.0,60
VN,1924,marine_hw,abrupt-4xCO2,0.19263846238333335,0.4285443,0.0,60
VN,1925,marine_hw,abrupt-4xCO2,0.18674526717333334,0.42828256,0.0,60
VN,1926,marine_hw,abrupt-4xCO2,0.21413098168333333,0.4870233,0.0,60
VN,1927,marine_hw,abrupt-4xCO2,0.20059626238333333,0.4411865,0.0,60
VN,1928,marine_hw,abrupt-4xCO2,0.219187620225,0.4455909,0.0,60
VN,1929,marine_hw,abrupt-4xCO2,0.21571622966666665,0.44200522,0.0,60
VN,1930,marine_hw,abrupt-4xCO2,0.20395687642,0.4930739,0.0,60
VN,1931,marine_hw,abrupt-4xCO2,0.23982491883666668,0.45441318,0.0,60
VN,1932,marine_hw,abrupt-4xCO2,0.20568391255000001,0.4492712,0.0,60
VN,1933,marine_hw,abrupt-4xCO2,0.23803558628333335,0.44527346,0.0,60
VN,1934,marine_hw,abrupt-4xCO2,0.19248446898333332,0.42519015,0.0,60
VN,1935,marine_hw,abrupt-4xCO2,0.22414557683333333,0.5072576,0.0,60
VN,1936,marine_hw,abrupt-4xCO2,0.23390125563333333,0.48064983,0.0,60
VN,1937,marine_hw,abrupt-4xCO2,0.22944943696666667,0.4432689,0.0,60
VN,1938,marine_hw,abrupt-4xCO2,0.21560302103333334,0.4368921,0.0,60
VN,1939,marine_hw,abrupt-4xCO2,0.2243125176,0.48783195,0.0,60
VN,1940,marine_hw,abrupt-4xCO2,0.19542493753499998,0.4141298,0.0,60
VN,1941,marine_hw,abrupt-4xCO2,0.22719190921666668,0.46048933,0.0,60
VN,1942,marine_hw,abrupt-4xCO2,0.22034338996666666,0.474065,0.0,60
VN,1943,marine_hw,abrupt-4xCO2,0.25854600015,0.52183795,0.0,60
VN,1944,marine_hw,abrupt-4xCO2,0.18690152221666667,0.4038223,0.0,60
VN,1945,marine_hw,abrupt-4xCO2,0.20625110031666666,0.4845892,0.0,60
VN,1946,marine_hw,abrupt-4xCO2,0.24253021339333333,0.50742066,0.0,60
VN,1947,marine_hw,abrupt-4xCO2,0.19217578721666667,0.4443829,0.0,60
VN,1948,marine_hw,abrupt-4xCO2,0.24626702825000002,0.52752215,0.0,60
VN,1949,marine_hw,abrupt-4xCO2,0.24053828703333335,0.47995996,0.0,60
VN,1950,marine_hw,abrupt-4xCO2,0.16098573651666664,0.38332894,0.0,60
VN,1951,marine_hw,abrupt-4xCO2,0.2131540046333333,0.491523,0.0,60
VN,1952,marine_hw,abrupt-4xCO2,0.22889051875500002,0.45108452,0.0,60
VN,1953,marine_hw,abrupt-4xCO2,0.22804983193,0.486475,0.0,60
VN,1954,marine_hw,abrupt-4xCO2,0.21656684740833335,0.4953919,0.0,60
VN,1955,marine_hw,abrupt-4xCO2,0.22018361805666667,0.49305916,0.0,60
VN,1956,marine_hw,abrupt-4xCO2,0.21405571476666668,0.45250928,0.0,60
VN,1957,marine_hw,abrupt-4xCO2,0.21621636530000002,0.44279307,0.0,60
VN,1958,marine_hw,abrupt-4xCO2,0.199045802525,0.4347372,0.0,60
VN,1959,marine_hw,abrupt-4xCO2,0.23639960541,0.4669285,0.0,60
VN,1960,marine_hw,abrupt-4xCO2,0.18886380426666666,0.42063805,0.0,60
VN,1961,marine_hw,abrupt-4xCO2,0.23250966801666667,0.53259563,0.0,60
VN,1962,marine_hw,abrupt-4xCO2,0.23449127279066667,0.5020982,0.0,60
VN,1963,marine_hw,abrupt-4xCO2,0.2554168554783333,0.5092119,0.0,60
VN,1964,marine_hw,abrupt-4xCO2,0.21878987263333333,0.4901231,0.0,60
VN,1965,marine_hw,abrupt-4xCO2,0.21694286842333332,0.46781707,0.0,60
VN,1966,marine_hw,abrupt-4xCO2,0.24851424484666668,0.4820182,0.0,60
VN,1967,marine_hw,abrupt-4xCO2,0.20575243990666667,0.4312663,0.0,60
VN,1968,marine_hw,abrupt-4xCO2,0.21874723253333334,0.43513316,0.0,60
VN,1969,marine_hw,abrupt-4xCO2,0.2531008688333333,0.4596055,0.0,60
VN,1970,marine_hw,abrupt-4xCO2,0.25131959261166664,0.51050436,0.0,60
VN,1971,marine_hw,abrupt-4xCO2,0.2195513802,0.47917342,0.0,60
VN,1972,marine_hw,abrupt-4xCO2,0.21065482410283334,0.44347492,0.0,60
VN,1973,marine_hw,abrupt-4xCO2,0.23807207456666665,0.45703584,0.0,60
VN,1974,marine_hw,abrupt-4xCO2,0.23595154311,0.45273075,0.0,60
VN,1975,marine_hw,abrupt-4xCO2,0.18014672538333334,0.37909567,0.0,60
VN,1976,marine_hw,abrupt-4xCO2,0.24693564740666665,0.52749795,0.0,60
VN,1977,marine_hw,abrupt-4xCO2,0.24763123291666667,0.546931,0.0,60
VN,1978,marine_hw,abrupt-4xCO2,0.20091123230833335,0.4425797,0.0,60
VN,1979,marine_hw,abrupt-4xCO2,0.21471873503333333,0.46869084,0.0,60
VN,1980,marine_hw,abrupt-4xCO2,0.22988479514183335,0.46587422,0.0,60
VN,1981,marine_hw,abrupt-4xCO2,0.21860132332333335,0.44037646,0.0,60
VN,1982,marine_hw,abrupt-4xCO2,0.22305981249999998,0.46100807,0.0,60
VN,1983,marine_hw,abrupt-4xCO2,0.25578720780666664,0.50707376,0.0,60
VN,1984,marine_hw,abrupt-4xCO2,0.23654299609883334,0.52958643,0.0,60
VN,1985,marine_hw,abrupt-4xCO2,0.21124097550666668,0.43564653,0.0,60
VN,1986,marine_hw,abrupt-4xCO2,0.20990784575000002,0.423352,0.0,60
VN,1987,marine_hw,abrupt-4xCO2,0.20145644629999998,0.45640835,0.0,60
VN,1988,marine_hw,abrupt-4xCO2,0.24494677274666668,0.48109144,0.0,60
VN,1989,marine_hw,abrupt-4xCO2,0.225665172,0.4954912,0.0,60
VN,1990,marine_hw,abrupt-4xCO2,0.2433451995633333,0.45822638,0.0,60
VN,1991,marine_hw,abrupt-4xCO2,0.21791702999166668,0.48023844,0.0,60
VN,1992,marine_hw,abrupt-4xCO2,0.23436953095666666,0.50082713,0.0,60
VN,1993,marine_hw,abrupt-4xCO2,0.2197188238166667,0.4709115,0.0,60
VN,1994,marine_hw,abrupt-4xCO2,0.22051107660833333,0.44284678,0.0,60
VN,1995,marine_hw,abrupt-4xCO2,0.21402005225166668,0.4730436,0.0,60
VN,1996,marine_hw,abrupt-4xCO2,0.25529135036666667,0.5592773,0.0,60
VN,1997,marine_hw,abrupt-4xCO2,0.2457408712666667,0.4663433,0.0,60
VN,1998,marine_hw,abrupt-4xCO2,0.238603696855,0.5139719,0.0,60
VN,1999,marine_hw,abrupt-4xCO2,0.23543928231333336,0.48540458,0.0,60
VN,2000,marine_hw,abrupt-4xCO2,0.21571026441666669,0.46348375,0.0,60
VU,1850,marine_hw,abrupt-4xCO2,0.018923346026666666,0.13422151,0.0,48
VU,1851,marine_hw,abrupt-4xCO2,0.07281424001041667,0.23635016,0.0,48
VU,1852,marine_hw,abrupt-4xCO2,0.09842149847916666,0.34020287,0.0,48
VU,1853,marine_hw,abrupt-4xCO2,0.0987792520625,0.31481382,0.0,48
VU,1854,marine_hw,abrupt-4xCO2,0.1053105065625,0.25874677,0.0,48
VU,1855,marine_hw,abrupt-4xCO2,0.11194376443333333,0.3164037,0.0,48
VU,1856,marine_hw,abrupt-4xCO2,0.10814764058895833,0.34217322,0.0,48
VU,1857,marine_hw,abrupt-4xCO2,0.11188767491041667,0.2973256,0.0,48
VU,1858,marine_hw,abrupt-4xCO2,0.10020970662916667,0.3058278,0.0,48
VU,1859,marine_hw,abrupt-4xCO2,0.10973848251458333,0.33376706,0.0,48
VU,1860,marine_hw,abrupt-4xCO2,0.148404849225,0.39034596,0.0,48
VU,1861,marine_hw,abrupt-4xCO2,0.13545450465208334,0.29943693,0.0,48
VU,1862,marine_hw,abrupt-4xCO2,0.10924914208333332,0.32304555,0.0,48
VU,1863,marine_hw,abrupt-4xCO2,0.1492144697,0.37396175,0.0,48
VU,1864,marine_hw,abrupt-4xCO2,0.14610215143333333,0.3708425,0.0,48
VU,1865,marine_hw,abrupt-4xCO2,0.12005514491041668,0.33498842,0.0,48
VU,1866,marine_hw,abrupt-4xCO2,0.17349300827083333,0.4159189,0.0,48
VU,1867,marine_hw,abrupt-4xCO2,0.15410994064725,0.3841725,0.0,48
VU,1868,marine_hw,abrupt-4xCO2,0.13772411702433332,0.39042312,0.0,48
VU,1869,marine_hw,abrupt-4xCO2,0.18227020949999997,0.3962919,0.0,48
VU,1870,marine_hw,abrupt-4xCO2,0.18518496420833333,0.3384043,0.0,48
VU,1871,marine_hw,abrupt-4xCO2,0.130086253125,0.3455669,0.0,48
VU,1872,marine_hw,abrupt-4xCO2,0.1531443578875,0.3452086,0.0,48
VU,1873,marine_hw,abrupt-4xCO2,0.13916302422708335,0.37463617,0.0,48
VU,1874,marine_hw,abrupt-4xCO2,0.16224844192500001,0.37731117,0.0,48
VU,1875,marine_hw,abrupt-4xCO2,0.175255657840625,0.40348408,0.0,48
VU,1876,marine_hw,abrupt-4xCO2,0.194151909125,0.38974398,0.0,48
VU,1877,marine_hw,abrupt-4xCO2,0.14647265191458333,0.36455226,0.0,48
VU,1878,marine_hw,abrupt-4xCO2,0.17728177606874998,0.37141222,0.0,48
VU,1879,marine_hw,abrupt-4xCO2,0.16795133497916667,0.4025056,0.0,48
VU,1880,marine_hw,abrupt-4xCO2,0.13156502281520835,0.358195,0.0,48
VU,1881,marine_hw,abrupt-4xCO2,0.203756007219375,0.38619655,0.0,48
VU,1882,marine_hw,abrupt-4xCO2,0.15935051887845833,0.36908552,0.0,48
VU,1883,marine_hw,abrupt-4xCO2,0.14595701328125,0.3887239,0.0,48
VU,1884,marine_hw,abrupt-4xCO2,0.20030501945833334,0.4220306,0.0,48
VU,1885,marine_hw,abrupt-4xCO2,0.15767854363958334,0.35749835,0.0,48
VU,1886,marine_hw,abrupt-4xCO2,0.15334009272291668,0.34626487,0.0,48
VU,1887,marine_hw,abrupt-4xCO2,0.1928812672972652,0.4004205,0.0,48
VU,1888,marine_hw,abrupt-4xCO2,0.17762746799374998,0.42304397,0.0,48
VU,1889,marine_hw,abrupt-4xCO2,0.17814330264583333,0.437182,0.0,48
VU,1890,marine_hw,abrupt-4xCO2,0.11835696812083334,0.33733732,0.0,48
VU,1891,marine_hw,abrupt-4xCO2,0.15946225154791668,0.39160496,0.0,48
VU,1892,marine_hw,abrupt-4xCO2,0.18720844734375,0.4249888,0.0,48
VU,1893,marine_hw,abrupt-4xCO2,0.16598976693541667,0.35925528,0.0,48
VU,1894,marine_hw,abrupt-4xCO2,0.16144940479166667,0.37893257,0.0,48
VU,1895,marine_hw,abrupt-4xCO2,0.16981380219304165,0.43923426,0.0,48
VU,1896,marine_hw,abrupt-4xCO2,0.162361421225625,0.3982871,0.0,48
VU,1897,marine_hw,abrupt-4xCO2,0.17089148189666667,0.39876157,0.0,48
VU,1898,marine_hw,abrupt-4xCO2,0.19956252409166667,0.4371599,0.0,48
VU,1899,marine_hw,abrupt-4xCO2,0.15975531809375002,0.39955413,0.0,48
VU,1900,marine_hw,abrupt-4xCO2,0.16405515277708335,0.39842665,0.0,48
VU,1901,marine_hw,abrupt-4xCO2,0.18523968011666667,0.44051135,0.0,48
VU,1902,marine_hw,abrupt-4xCO2,0.18441338811041666,0.3853315,0.0,48
VU,1903,marine_hw,abrupt-4xCO2,0.16042046856041667,0.34444752,0.0,48
VU,1904,marine_hw,abrupt-4xCO2,0.1947194250270833,0.48479924,0.0,48
VU,1905,marine_hw,abrupt-4xCO2,0.18434916690625,0.41753623,0.0,48
VU,1906,marine_hw,abrupt-4xCO2,0.16956197322916666,0.36294967,0.0,48
VU,1907,marine_hw,abrupt-4xCO2,0.16277029166666668,0.47604275,0.0,48
VU,1908,marine_hw,abrupt-4xCO2,0.19913607645833334,0.42379695,0.0,48
VU,1909,marine_hw,abrupt-4xCO2,0.14816265587083333,0.35229868,0.0,48
VU,1910,marine_hw,abrupt-4xCO2,0.18240082205133334,0.4254613,0.0,48
VU,1911,marine_hw,abrupt-4xCO2,0.2074214260625,0.40503365,0.0,48
VU,1912,marine_hw,abrupt-4xCO2,0.1812010795625,0.3538429,0.0,48
VU,1913,marine_hw,abrupt-4xCO2,0.16863734270833333,0.39328337,0.0,48
VU,1914,marine_hw,abrupt-4xCO2,0.19589029860416665,0.39537048,0.0,48
VU,1915,marine_hw,abrupt-4xCO2,0.17009856554791666,0.38096872,0.0,48
VU,1916,marine_hw,abrupt-4xCO2,0.18034767253124998,0.38688242,0.0,48
VU,1917,marine_hw,abrupt-4xCO2,0.1707425339166667,0.3862536,0.0,48
VU,1918,marine_hw,abrupt-4xCO2,0.17439446245,0.39666772,0.0,48
VU,1919,marine_hw,abrupt-4xCO2,0.14628382816041666,0.35449857,0.0,48
VU,1920,marine_hw,abrupt-4xCO2,0.19955702333333333,0.44937256,0.0,48
VU,1921,marine_hw,abrupt-4xCO2,0.17980870460416667,0.3795117,0.0,48
VU,1922,marine_hw,abrupt-4xCO2,0.15659757434687502,0.39418936,0.0,48
VU,1923,marine_hw,abrupt-4xCO2,0.18335580124999998,0.43984225,0.0,48
VU,1924,marine_hw,abrupt-4xCO2,0.178711310190625,0.40771335,0.0,48
VU,1925,marine_hw,abrupt-4xCO2,0.16066290530270833,0.36464953,0.0,48
VU,1926,marine_hw,abrupt-4xCO2,0.17319676056666666,0.40141845,0.0,48
VU,1927,marine_hw,abrupt-4xCO2,0.21791139585416666,0.4215662,0.0,48
VU,1928,marine_hw,abrupt-4xCO2,0.16998164213333333,0.39516646,0.0,48
VU,1929,marine_hw,abrupt-4xCO2,0.19699234615625003,0.44776192,0.0,48
VU,1930,marine_hw,abrupt-4xCO2,0.16200261775,0.4136989,0.0,48
VU,1931,marine_hw,abrupt-4xCO2,0.20647274806666668,0.40063596,0.0,48
VU,1932,marine_hw,abrupt-4xCO2,0.15346153233125,0.3896876,0.0,48
VU,1933,marine_hw,abrupt-4xCO2,0.162373949707625,0.36861038,0.0,48
VU,1934,marine_hw,abrupt-4xCO2,0.17821173208625,0.41927975,0.0,48
VU,1935,marine_hw,abrupt-4xCO2,0.15988550722916667,0.37376374,0.0,48
VU,1936,marine_hw,abrupt-4xCO2,0.17871789450416667,0.39762068,0.0,48
VU,1937,marine_hw,abrupt-4xCO2,0.20833656244166665,0.4224574,0.0,48
VU,1938,marine_hw,abrupt-4xCO2,0.1792951377291667,0.40232038,0.0,48
VU,1939,marine_hw,abrupt-4xCO2,0.20125203859583332,0.44379303,0.0,48
VU,1940,marine_hw,abrupt-4xCO2,0.20731362604166667,0.43312994,0.0,48
VU,1941,marine_hw,abrupt-4xCO2,0.15090470755270832,0.37237257,0.0,48
VU,1942,marine_hw,abrupt-4xCO2,0.18645915497916665,0.44041002,0.0,48
VU,1943,marine_hw,abrupt-4xCO2,0.22423800603333333,0.39749652,0.0016205806,48
VU,1944,marine_hw,abrupt-4xCO2,0.19061682321666665,0.4231171,0.0,48
VU,1945,marine_hw,abrupt-4xCO2,0.17392559022916665,0.3980636,0.0,48
VU,1946,marine_hw,abrupt-4xCO2,0.19297385885416665,0.39998296,0.0,48
VU,1947,marine_hw,abrupt-4xCO2,0.17059664434791666,0.4121473,0.0,48
VU,1948,marine_hw,abrupt-4xCO2,0.18674970133333332,0.3874448,0.0,48
VU,1949,marine_hw,abrupt-4xCO2,0.201333048375,0.40470815,0.0,48
VU,1950,marine_hw,abrupt-4xCO2,0.15752076848958332,0.35578305,0.0,48
VU,1951,marine_hw,abrupt-4xCO2,0.16113414195833334,0.3752925,0.0,48
VU,1952,marine_hw,abrupt-4xCO2,0.2078359601041667,0.39123315,0.0,48
VU,1953,marine_hw,abrupt-4xCO2,0.1700364405625,0.3665991,0.0,48
VU,1954,marine_hw,abrupt-4xCO2,0.19526795151041665,0.433897,0.0,48
VU,1955,marine_hw,abrupt-4xCO2,0.16025784722083333,0.41791877,0.0,48
VU,1956,marine_hw,abrupt-4xCO2,0.1912625118125,0.3904426,0.0,48
VU,1957,marine_hw,abrupt-4xCO2,0.18003090173541667,0.40753886,0.0,48
VU,1958,marine_hw,abrupt-4xCO2,0.17640344013541667,0.40581882,0.0,48
VU,1959,marine_hw,abrupt-4xCO2,0.19906758727083332,0.43938458,0.0,48
VU,1960,marine_hw,abrupt-4xCO2,0.17837643293750002,0.4106984,0.0,48
VU,1961,marine_hw,abrupt-4xCO2,0.15666102685625,0.42659208,0.0,48
VU,1962,marine_hw,abrupt-4xCO2,0.19211617778541668,0.4374525,0.0,48
VU,1963,marine_hw,abrupt-4xCO2,0.21416660497916665,0.45493597,0.0,48
VU,1964,marine_hw,abrupt-4xCO2,0.1876682322083333,0.41057628,0.0,48
VU,1965,marine_hw,abrupt-4xCO2,0.18668355162500003,0.44486815,0.0,48
VU,1966,marine_hw,abrupt-4xCO2,0.20933394917708334,0.44357693,0.0,48
VU,1967,marine_hw,abrupt-4xCO2,0.20116164110416668,0.4288463,0.0,48
VU,1968,marine_hw,abrupt-4xCO2,0.16742726760416668,0.39558995,0.0,48
VU,1969,marine_hw,abrupt-4xCO2,0.19870155977083334,0.40792608,0.0,48
VU,1970,marine_hw,abrupt-4xCO2,0.21166450410416668,0.41435388,0.0,48
VU,1971,marine_hw,abrupt-4xCO2,0.226897409440625,0.40230295,0.0,48
VU,1972,marine_hw,abrupt-4xCO2,0.18278004845833332,0.385612,0.0,48
VU,1973,marine_hw,abrupt-4xCO2,0.215918521225,0.4474257,0.0,48
VU,1974,marine_hw,abrupt-4xCO2,0.19041797272708336,0.43270177,0.0,48
VU,1975,marine_hw,abrupt-4xCO2,0.1777809419916667,0.38196257,0.0,48
VU,1976,marine_hw,abrupt-4xCO2,0.21323130558958334,0.49697837,0.0,48
VU,1977,marine_hw,abrupt-4xCO2,0.20914976327083334,0.39628518,0.0,48
VU,1978,marine_hw,abrupt-4xCO2,0.22761085997916666,0.438237,0.0,48
VU,1979,marine_hw,abrupt-4xCO2,0.18593153077083333,0.38606298,0.0,48
VU,1980,marine_hw,abrupt-4xCO2,0.22417007881249998,0.43669412,0.0,48
VU,1981,marine_hw,abrupt-4xCO2,0.1917762254583333,0.41059774,0.0,48
VU,1982,marine_hw,abrupt-4xCO2,0.16066733964583332,0.35882378,0.0,48
VU,1983,marine_hw,abrupt-4xCO2,0.22273984604166666,0.45979676,0.0,48
VU,1984,marine_hw,abrupt-4xCO2,0.209188212375,0.43800747,0.0,48
VU,1985,marine_hw,abrupt-4xCO2,0.20931740845833333,0.45254955,0.0,48
VU,1986,marine_hw,abrupt-4xCO2,0.18785534952083335,0.39873135,0.0,48
VU,1987,marine_hw,abrupt-4xCO2,0.18133577486666666,0.40380216,0.0,48
VU,1988,marine_hw,abrupt-4xCO2,0.17089681145208332,0.4052001,0.0,48
VU,1989,marine_hw,abrupt-4xCO2,0.19689054110416668,0.43424195,0.0,48
VU,1990,marine_hw,abrupt-4xCO2,0.20633632936458335,0.44416952,0.0,48
VU,1991,marine_hw,abrupt-4xCO2,0.18165787572916667,0.37433016,0.0,48
VU,1992,marine_hw,abrupt-4xCO2,0.210386351,0.46060342,0.0,48
VU,1993,marine_hw,abrupt-4xCO2,0.21114085183333334,0.43298766,0.0,48
VU,1994,marine_hw,abrupt-4xCO2,0.17542397403541665,0.45131472,0.0,48
VU,1995,marine_hw,abrupt-4xCO2,0.20944893362499997,0.40759858,0.0,48
VU,1996,marine_hw,abrupt-4xCO2,0.21415906058333334,0.42516598,0.0,48
VU,1997,marine_hw,abrupt-4xCO2,0.2224812239375,0.44043213,0.0,48
VU,1998,marine_hw,abrupt-4xCO2,0.18371614137916667,0.39638987,0.0,48
VU,1999,marine_hw,abrupt-4xCO2,0.21695646516666667,0.45452392,0.0,48
VU,2000,marine_hw,abrupt-4xCO2,0.18950840188333332,0.4465432,0.0,48
YE,1850,marine_hw,abrupt-4xCO2,0.10519833198958334,0.49752155,0.0,96
YE,1851,marine_hw,abrupt-4xCO2,0.18586689084166666,0.59814173,0.0,96
YE,1852,marine_hw,abrupt-4xCO2,0.21394931416770835,0.6274805,0.0,96
YE,1853,marine_hw,abrupt-4xCO2,0.20274156696562498,0.5676014,0.0,96
YE,1854,marine_hw,abrupt-4xCO2,0.185233266953125,0.54834616,0.0,96
YE,1855,marine_hw,abrupt-4xCO2,0.19193522444270836,0.5527834,0.0,96
YE,1856,marine_hw,abrupt-4xCO2,0.2527600999583333,0.65478975,0.0,96
YE,1857,marine_hw,abrupt-4xCO2,0.2604114409479167,0.6216437,0.0,96
YE,1858,marine_hw,abrupt-4xCO2,0.26855320663541665,0.62142444,0.0,96
YE,1859,marine_hw,abrupt-4xCO2,0.2992347215479167,0.6815192,0.0,96
YE,1860,marine_hw,abrupt-4xCO2,0.29015583553125,0.6656768,0.0,96
YE,1861,marine_hw,abrupt-4xCO2,0.23431968147916668,0.61380345,0.0,96
YE,1862,marine_hw,abrupt-4xCO2,0.29203919640625003,0.69204384,0.0,96
YE,1863,marine_hw,abrupt-4xCO2,0.3200386210833333,0.70335054,0.0,96
YE,1864,marine_hw,abrupt-4xCO2,0.3092884073125,0.7188118,0.008495622,96
YE,1865,marine_hw,abrupt-4xCO2,0.30799378814583334,0.70917386,0.0,96
YE,1866,marine_hw,abrupt-4xCO2,0.32643303986458333,0.74410963,0.023745697,96
YE,1867,marine_hw,abrupt-4xCO2,0.281172807625,0.61388755,0.015960937,96
YE,1868,marine_hw,abrupt-4xCO2,0.3132224463197917,0.6998984,0.0,96
YE,1869,marine_hw,abrupt-4xCO2,0.33692545828125,0.7097063,0.06394727,96
YE,1870,marine_hw,abrupt-4xCO2,0.2557331610875,0.5641653,0.0,96
YE,1871,marine_hw,abrupt-4xCO2,0.28868046035416667,0.6897308,0.0,96
YE,1872,marine_hw,abrupt-4xCO2,0.32243741965625,0.743213,0.009502272,96
YE,1873,marine_hw,abrupt-4xCO2,0.2901830212916667,0.6541929,0.0,96
YE,1874,marine_hw,abrupt-4xCO2,0.3382339564166667,0.74843687,0.021225046,96
YE,1875,marine_hw,abrupt-4xCO2,0.33894245839583337,0.714081,0.022696096,96
YE,1876,marine_hw,abrupt-4xCO2,0.2925402997916667,0.5968282,0.01575424,96
YE,1877,marine_hw,abrupt-4xCO2,0.27953090189583335,0.68403006,0.0,96
YE,1878,marine_hw,abrupt-4xCO2,0.32323908883333335,0.7004299,0.0,96
YE,1879,marine_hw,abrupt-4xCO2,0.3137773891666667,0.67233324,0.011265922,96
YE,1880,marine_hw,abrupt-4xCO2,0.33128744515625,0.71467155,0.0,96
YE,1881,marine_hw,abrupt-4xCO2,0.327583546125,0.7111308,0.0,96
YE,1882,marine_hw,abrupt-4xCO2,0.26906938970416666,0.6643525,0.0,96
YE,1883,marine_hw,abrupt-4xCO2,0.32546492034375,0.70772344,0.0,96
YE,1884,marine_hw,abrupt-4xCO2,0.32316426353125,0.66896516,0.012511484,96
YE,1885,marine_hw,abrupt-4xCO2,0.27333822044791667,0.6501582,0.0,96
YE,1886,marine_hw,abrupt-4xCO2,0.3041915769239583,0.7279594,0.0,96
YE,1887,marine_hw,abrupt-4xCO2,0.3685159371875,0.7618267,0.06740746,96
YE,1888,marine_hw,abrupt-4xCO2,0.3559377825,0.7485183,0.09139794,96
YE,1889,marine_hw,abrupt-4xCO2,0.31172474815625,0.6812508,0.014004011,96
YE,1890,marine_hw,abrupt-4xCO2,0.3093354187395833,0.694671,0.027643446,96
YE,1891,marine_hw,abrupt-4xCO2,0.3417414991354167,0.74395484,0.050050132,96
YE,1892,marine_hw,abrupt-4xCO2,0.3322496866302083,0.67920893,0.0074030715,96
YE,1893,marine_hw,abrupt-4xCO2,0.2933452544375,0.612421,0.013005414,96
YE,1894,marine_hw,abrupt-4xCO2,0.3291934313125,0.7296013,0.0,96
YE,1895,marine_hw,abrupt-4xCO2,0.35774037177083334,0.7510371,0.07408625,96
YE,1896,marine_hw,abrupt-4xCO2,0.292320680090625,0.6698931,0.0,96
YE,1897,marine_hw,abrupt-4xCO2,0.32278349463541667,0.7085171,0.0,96
YE,1898,marine_hw,abrupt-4xCO2,0.34977598791666664,0.73489946,0.0,96
YE,1899,marine_hw,abrupt-4xCO2,0.3307408934479167,0.73054355,0.0,96
YE,1900,marine_hw,abrupt-4xCO2,0.3485378195729167,0.72468346,0.013169162,96
YE,1901,marine_hw,abrupt-4xCO2,0.35136635791666665,0.7181174,0.05761477,96
YE,1902,marine_hw,abrupt-4xCO2,0.3233177739375,0.7041881,0.027170992,96
YE,1903,marine_hw,abrupt-4xCO2,0.300324328875,0.6966341,0.0,96
YE,1904,marine_hw,abrupt-4xCO2,0.34917559671875,0.72213244,0.018360792,96
YE,1905,marine_hw,abrupt-4xCO2,0.33380827179166667,0.70367,0.029978873,96
YE,1906,marine_hw,abrupt-4xCO2,0.31322344055208334,0.72785205,0.0,96
YE,1907,marine_hw,abrupt-4xCO2,0.3451789544583333,0.73843384,0.010589454,96
YE,1908,marine_hw,abrupt-4xCO2,0.3468507467083333,0.7356573,0.046316132,96
YE,1909,marine_hw,abrupt-4xCO2,0.293674935825,0.70043534,0.0,96
YE,1910,marine_hw,abrupt-4xCO2,0.35129931634375006,0.7175072,0.0,96
YE,1911,marine_hw,abrupt-4xCO2,0.34355521115625004,0.70569944,0.08490169,96
YE,1912,marine_hw,abrupt-4xCO2,0.29085143426041665,0.6474828,0.0,96
YE,1913,marine_hw,abrupt-4xCO2,0.34281131066666665,0.75896865,0.0,96
YE,1914,marine_hw,abrupt-4xCO2,0.35204097756249997,0.72706366,0.05824292,96
YE,1915,marine_hw,abrupt-4xCO2,0.3356031683541667,0.7213969,0.035350356,96
YE,1916,marine_hw,abrupt-4xCO2,0.3523629613541666,0.72742605,0.012871194,96
YE,1917,marine_hw,abrupt-4xCO2,0.3618920521875,0.7221432,0.08690962,96
YE,1918,marine_hw,abrupt-4xCO2,0.3368387394791667,0.69105244,0.0237108,96
YE,1919,marine_hw,abrupt-4xCO2,0.35989345008333334,0.72657156,0.004232795,96
YE,1920,marine_hw,abrupt-4xCO2,0.36315787120833337,0.7527936,0.06422108,96
YE,1921,marine_hw,abrupt-4xCO2,0.33259808583333333,0.7152567,0.0,96
YE,1922,marine_hw,abrupt-4xCO2,0.34564196656249996,0.70408964,0.0,96
YE,1923,marine_hw,abrupt-4xCO2,0.3459730934583333,0.713553,0.0,96
YE,1924,marine_hw,abrupt-4xCO2,0.2878123103958333,0.65955186,0.0,96
YE,1925,marine_hw,abrupt-4xCO2,0.31439483701041665,0.70284677,0.0,96
YE,1926,marine_hw,abrupt-4xCO2,0.35745836965625005,0.7590626,0.0,96
YE,1927,marine_hw,abrupt-4xCO2,0.310215205625,0.68908477,0.0,96
YE,1928,marine_hw,abrupt-4xCO2,0.33521996982291663,0.72290105,0.0,96
YE,1929,marine_hw,abrupt-4xCO2,0.37918183875000006,0.771375,0.10517696,96
YE,1930,marine_hw,abrupt-4xCO2,0.34188134623958333,0.7211016,0.011700795,96
YE,1931,marine_hw,abrupt-4xCO2,0.38049659697916666,0.7564891,0.09492793,96
YE,1932,marine_hw,abrupt-4xCO2,0.33163383370104166,0.73519915,0.0028503293,96
YE,1933,marine_hw,abrupt-4xCO2,0.32791469415625,0.6951882,0.0,96
YE,1934,marine_hw,abrupt-4xCO2,0.31750295784375,0.7233842,0.0,96
YE,1935,marine_hw,abrupt-4xCO2,0.35576320557187496,0.78241867,0.0011725794,96
YE,1936,marine_hw,abrupt-4xCO2,0.37926323814583335,0.7543085,0.057518132,96
YE,1937,marine_hw,abrupt-4xCO2,0.34754088317708337,0.72417706,0.063485555,96
YE,1938,marine_hw,abrupt-4xCO2,0.3063488769166667,0.6894991,0.0,96
YE,1939,marine_hw,abrupt-4xCO2,0.3691626845,0.77460796,0.016122002,96
YE,1940,marine_hw,abrupt-4xCO2,0.31835301227708335,0.607419,0.0073789116,96
YE,1941,marine_hw,abrupt-4xCO2,0.3520041542916667,0.70568776,0.004761622,96
YE,1942,marine_hw,abrupt-4xCO2,0.3633870325208333,0.7637639,0.031270072,96
YE,1943,marine_hw,abrupt-4xCO2,0.36490222541666667,0.7603967,0.03777974,96
YE,1944,marine_hw,abrupt-4xCO2,0.3193200889166667,0.73691446,0.024959046,96
YE,1945,marine_hw,abrupt-4xCO2,0.34224227647916666,0.722689,0.0,96
YE,1946,marine_hw,abrupt-4xCO2,0.34753173081250005,0.68637615,0.015163671,96
YE,1947,marine_hw,abrupt-4xCO2,0.32401180340625,0.6894257,0.0,96
YE,1948,marine_hw,abrupt-4xCO2,0.35259104306250005,0.7330077,0.025624778,96
YE,1949,marine_hw,abrupt-4xCO2,0.3304470771145833,0.6507748,0.024414113,96
YE,1950,marine_hw,abrupt-4xCO2,0.287776933,0.69962907,0.0,96
YE,1951,marine_hw,abrupt-4xCO2,0.35586782959375,0.7648153,0.006361524,96
YE,1952,marine_hw,abrupt-4xCO2,0.36271695013541666,0.709573,0.057885893,96
YE,1953,marine_hw,abrupt-4xCO2,0.340028269375,0.7255989,0.058959655,96
YE,1954,marine_hw,abrupt-4xCO2,0.3653943169791667,0.72341555,0.06781549,96
YE,1955,marine_hw,abrupt-4xCO2,0.34415713160416667,0.72473985,0.055690054,96
YE,1956,marine_hw,abrupt-4xCO2,0.3559237741666667,0.71868294,0.07218838,96
YE,1957,marine_hw,abrupt-4xCO2,0.33774997684375,0.69520336,0.040955383,96
YE,1958,marine_hw,abrupt-4xCO2,0.34675505921875,0.74522185,0.03391152,96
YE,1959,marine_hw,abrupt-4xCO2,0.351736688125,0.7444326,0.06065351,96
YE,1960,marine_hw,abrupt-4xCO2,0.31918297031250004,0.6839674,0.025208695,96
YE,1961,marine_hw,abrupt-4xCO2,0.36019050141666664,0.7572658,0.0,96
YE,1962,marine_hw,abrupt-4xCO2,0.36482961026041666,0.7328127,0.03643217,96
YE,1963,marine_hw,abrupt-4xCO2,0.36000897161458334,0.7476244,0.04414445,96
YE,1964,marine_hw,abrupt-4xCO2,0.32760426084895833,0.6857919,0.0,96
YE,1965,marine_hw,abrupt-4xCO2,0.36057176153125003,0.75762373,0.027393797,96
YE,1966,marine_hw,abrupt-4xCO2,0.39518490244791665,0.7899851,0.092748195,96
YE,1967,marine_hw,abrupt-4xCO2,0.3071913421875,0.65264314,0.03504702,96
YE,1968,marine_hw,abrupt-4xCO2,0.327499913375,0.6867833,0.0,96
YE,1969,marine_hw,abrupt-4xCO2,0.3630214210625,0.7620414,0.0,96
YE,1970,marine_hw,abrupt-4xCO2,0.39071922704687495,0.79163784,0.0040341495,96
YE,1971,marine_hw,abrupt-4xCO2,0.3499070078541667,0.6829822,0.08789749,96
YE,1972,marine_hw,abrupt-4xCO2,0.32683915705520833,0.7345657,0.0,96
YE,1973,marine_hw,abrupt-4xCO2,0.3809549176979166,0.7678916,0.044791393,96
YE,1974,marine_hw,abrupt-4xCO2,0.36041415214583333,0.7264829,0.0645781,96
YE,1975,marine_hw,abrupt-4xCO2,0.33146711060416667,0.7006142,0.021029085,96
YE,1976,marine_hw,abrupt-4xCO2,0.3850475296354167,0.76118237,0.09051209,96
YE,1977,marine_hw,abrupt-4xCO2,0.37942585371875004,0.7631044,0.050887663,96
YE,1978,marine_hw,abrupt-4xCO2,0.34257137131250004,0.68413115,0.08929606,96
YE,1979,marine_hw,abrupt-4xCO2,0.3129138372145833,0.6961134,0.0,96
YE,1980,marine_hw,abrupt-4xCO2,0.38136788277083333,0.8176613,0.032005597,96
YE,1981,marine_hw,abrupt-4xCO2,0.33484888714895833,0.6718921,0.0048448383,96
YE,1982,marine_hw,abrupt-4xCO2,0.3667829534895833,0.76210934,0.0,96
YE,1983,marine_hw,abrupt-4xCO2,0.3921657764375,0.7569311,0.057676513,96
YE,1984,marine_hw,abrupt-4xCO2,0.37995896474999996,0.7591807,0.0810979,96
YE,1985,marine_hw,abrupt-4xCO2,0.36909729333333335,0.7735887,0.037489824,96
YE,1986,marine_hw,abrupt-4xCO2,0.3350147339270833,0.71555656,0.048576396,96
YE,1987,marine_hw,abrupt-4xCO2,0.34713664866666666,0.7338131,0.01954998,96
YE,1988,marine_hw,abrupt-4xCO2,0.38202823930208335,0.76041913,0.059091188,96
YE,1989,marine_hw,abrupt-4xCO2,0.37054098881249997,0.738348,0.08586271,96
YE,1990,marine_hw,abrupt-4xCO2,0.35418929086458334,0.7365351,0.009682126,96
YE,1991,marine_hw,abrupt-4xCO2,0.37679946265625003,0.7641272,0.039368905,96
YE,1992,marine_hw,abrupt-4xCO2,0.38006171471875,0.75677013,0.060581032,96
YE,1993,marine_hw,abrupt-4xCO2,0.3520214711770833,0.73803025,0.062146038,96
YE,1994,marine_hw,abrupt-4xCO2,0.34833124532291665,0.76187944,0.019233221,96
YE,1995,marine_hw,abrupt-4xCO2,0.38542434557291666,0.7960491,0.026446203,96
YE,1996,marine_hw,abrupt-4xCO2,0.39622316218750003,0.75559163,0.09520979,96
YE,1997,marine_hw,abrupt-4xCO2,0.33659155403125,0.7050578,0.0,96
YE,1998,marine_hw,abrupt-4xCO2,0.3595097052291667,0.7401027,0.0,96
YE,1999,marine_hw,abrupt-4xCO2,0.3726609529166667,0.7371686,0.08436482,96
YE,2000,marine_hw,abrupt-4xCO2,0.354069342125,0.7382147,0.0,96
ZA,1850,marine_hw,abrupt-4xCO2,0.00011326738418079097,0.030515753,0.0,708
ZA,1851,marine_hw,abrupt-4xCO2,0.0007519140042372882,0.13500601,0.0,708
ZA,1852,marine_hw,abrupt-4xCO2,0.001181470093220339,0.17826872,0.0,708
ZA,1853,marine_hw,abrupt-4xCO2,0.0008869176596045197,0.13761884,0.0,708
ZA,1854,marine_hw,abrupt-4xCO2,0.0011391409486723163,0.18196064,0.0,708
ZA,1855,marine_hw,abrupt-4xCO2,0.001300220295282486,0.19776101,0.0,708
ZA,1856,marine_hw,abrupt-4xCO2,0.001823024031779661,0.22782451,0.0,708
ZA,1857,marine_hw,abrupt-4xCO2,0.0019707564885028247,0.19077443,0.0,708
ZA,1858,marine_hw,abrupt-4xCO2,0.001855124209463277,0.2202384,0.0,708
ZA,1859,marine_hw,abrupt-4xCO2,0.002055078859745763,0.23474042,0.0,708
ZA,1860,marine_hw,abrupt-4xCO2,0.003293818549576271,0.29097232,0.0,708
ZA,1861,marine_hw,abrupt-4xCO2,0.001642220163276836,0.19841242,0.0,708
ZA,1862,marine_hw,abrupt-4xCO2,0.0018789387129237289,0.21213956,0.0,708
ZA,1863,marine_hw,abrupt-4xCO2,0.0023472139152542373,0.28683114,0.0,708
ZA,1864,marine_hw,abrupt-4xCO2,0.0030314753651129946,0.26444957,0.0,708
ZA,1865,marine_hw,abrupt-4xCO2,0.002334098898587571,0.25182304,0.0,708
ZA,1866,marine_hw,abrupt-4xCO2,0.002478462543644068,0.25843474,0.0,708
ZA,1867,marine_hw,abrupt-4xCO2,0.002591453111440678,0.2592114,0.0,708
ZA,1868,marine_hw,abrupt-4xCO2,0.002454608002966102,0.24419218,0.0,708
ZA,1869,marine_hw,abrupt-4xCO2,0.003361204893079096,0.345377,0.0,708
ZA,1870,marine_hw,abrupt-4xCO2,0.0030137342985593223,0.30254567,0.0,708
ZA,1871,marine_hw,abrupt-4xCO2,0.002120714007062147,0.23915894,0.0,708
ZA,1872,marine_hw,abrupt-4xCO2,0.003730036449858757,0.34175932,0.0,708
ZA,1873,marine_hw,abrupt-4xCO2,0.0036551915589830507,0.29722342,0.0,708
ZA,1874,marine_hw,abrupt-4xCO2,0.003898079809322034,0.35811174,0.0,708
ZA,1875,marine_hw,abrupt-4xCO2,0.0032323406772598873,0.33521923,0.0,708
ZA,1876,marine_hw,abrupt-4xCO2,0.004199912247881356,0.32433578,0.0,708
ZA,1877,marine_hw,abrupt-4xCO2,0.0026914337026836157,0.23138762,0.0,708
ZA,1878,marine_hw,abrupt-4xCO2,0.0033459182313700566,0.34098712,0.0,708
ZA,1879,marine_hw,abrupt-4xCO2,0.0032003543969915255,0.24484807,0.0,708
ZA,1880,marine_hw,abrupt-4xCO2,0.0023559113562146893,0.23030043,0.0,708
ZA,1881,marine_hw,abrupt-4xCO2,0.002708015098728814,0.2818794,0.0,708
ZA,1882,marine_hw,abrupt-4xCO2,0.0024138090906920904,0.244381,0.0,708
ZA,1883,marine_hw,abrupt-4xCO2,0.002987997783474576,0.30990535,0.0,708
ZA,1884,marine_hw,abrupt-4xCO2,0.004709827328531074,0.3648058,0.0,708
ZA,1885,marine_hw,abrupt-4xCO2,0.003428630252118644,0.2754449,0.0,708
ZA,1886,marine_hw,abrupt-4xCO2,0.0034190913490112994,0.28413692,0.0,708
ZA,1887,marine_hw,abrupt-4xCO2,0.004122364896468927,0.3925141,0.0,708
ZA,1888,marine_hw,abrupt-4xCO2,0.0038358316103107347,0.32764205,0.0,708
ZA,1889,marine_hw,abrupt-4xCO2,0.003180567813700565,0.25887048,0.0,708
ZA,1890,marine_hw,abrupt-4xCO2,0.002825059030084746,0.25945926,0.0,708
ZA,1891,marine_hw,abrupt-4xCO2,0.0036840061831920905,0.29747748,0.0,708
ZA,1892,marine_hw,abrupt-4xCO2,0.004220778500564972,0.34709415,0.0,708
ZA,1893,marine_hw,abrupt-4xCO2,0.0023069340014124293,0.2237308,0.0,708
ZA,1894,marine_hw,abrupt-4xCO2,0.0026643524748587574,0.24453044,0.0,708
ZA,1895,marine_hw,abrupt-4xCO2,0.004578308778389831,0.33300373,0.0,708
ZA,1896,marine_hw,abrupt-4xCO2,0.0026445313012711863,0.25831032,0.0,708
ZA,1897,marine_hw,abrupt-4xCO2,0.0032983947058474574,0.2510195,0.0,708
ZA,1898,marine_hw,abrupt-4xCO2,0.0047712495720338985,0.37572858,0.0,708
ZA,1899,marine_hw,abrupt-4xCO2,0.003020869435522599,0.29323968,0.0,708
ZA,1900,marine_hw,abrupt-4xCO2,0.0035673725923728813,0.2834274,0.0,708
ZA,1901,marine_hw,abrupt-4xCO2,0.0033379717411299433,0.3253478,0.0,708
ZA,1902,marine_hw,abrupt-4xCO2,0.0028608648783898303,0.31403306,0.0,708
ZA,1903,marine_hw,abrupt-4xCO2,0.0018512474457627118,0.21807833,0.0,708
ZA,1904,marine_hw,abrupt-4xCO2,0.0033347185699152547,0.29702118,0.0,708
ZA,1905,marine_hw,abrupt-4xCO2,0.00262066551779661,0.28763115,0.0,708
ZA,1906,marine_hw,abrupt-4xCO2,0.002685343102485876,0.26113522,0.0,708
ZA,1907,marine_hw,abrupt-4xCO2,0.003040915614689265,0.30159983,0.0,708
ZA,1908,marine_hw,abrupt-4xCO2,0.0035163183940677962,0.32238513,0.0,708
ZA,1909,marine_hw,abrupt-4xCO2,0.003747241884887006,0.2909267,0.0,708
ZA,1910,marine_hw,abrupt-4xCO2,0.003271324364830508,0.29455423,0.0,708
ZA,1911,marine_hw,abrupt-4xCO2,0.004908601913983051,0.38411105,0.0,708
ZA,1912,marine_hw,abrupt-4xCO2,0.0030092363773446323,0.2967429,0.0,708
ZA,1913,marine_hw,abrupt-4xCO2,0.0035812312637853107,0.30914298,0.0,708
ZA,1914,marine_hw,abrupt-4xCO2,0.003691835438700565,0.35016862,0.0,708
ZA,1915,marine_hw,abrupt-4xCO2,0.0040583895495762716,0.336761,0.0,708
ZA,1916,marine_hw,abrupt-4xCO2,0.002383206396892655,0.2590772,0.0,708
ZA,1917,marine_hw,abrupt-4xCO2,0.003371489633474576,0.31468,0.0,708
ZA,1918,marine_hw,abrupt-4xCO2,0.0029078420132768357,0.2889062,0.0,708
ZA,1919,marine_hw,abrupt-4xCO2,0.00326098183460452,0.31405723,0.0,708
ZA,1920,marine_hw,abrupt-4xCO2,0.0038502962442090393,0.35343108,0.0,708
ZA,1921,marine_hw,abrupt-4xCO2,0.0028724227443502823,0.31084132,0.0,708
ZA,1922,marine_hw,abrupt-4xCO2,0.0033526004735875705,0.30290443,0.0,708
ZA,1923,marine_hw,abrupt-4xCO2,0.00356274067740113,0.3520298,0.0,708
ZA,1924,marine_hw,abrupt-4xCO2,0.003825542221892655,0.31723556,0.0,708
ZA,1925,marine_hw,abrupt-4xCO2,0.0036898507531497172,0.30855688,0.0,708
ZA,1926,marine_hw,abrupt-4xCO2,0.0036789477055084747,0.35924545,0.0,708
ZA,1927,marine_hw,abrupt-4xCO2,0.003104906778764124,0.26569244,0.0,708
ZA,1928,marine_hw,abrupt-4xCO2,0.0034403814203389834,0.29924917,0.0,708
ZA,1929,marine_hw,abrupt-4xCO2,0.003687615008757062,0.37242854,0.0,708
ZA,1930,marine_hw,abrupt-4xCO2,0.002645812953344633,0.24779375,0.0,708
ZA,1931,marine_hw,abrupt-4xCO2,0.0034813146320621467,0.34249577,0.0,708
ZA,1932,marine_hw,abrupt-4xCO2,0.0032657360224576273,0.33970752,0.0,708
ZA,1933,marine_hw,abrupt-4xCO2,0.0034260327846045197,0.32167646,0.0,708
ZA,1934,marine_hw,abrupt-4xCO2,0.0028319734911016947,0.28419688,0.0,708
ZA,1935,marine_hw,abrupt-4xCO2,0.004609039711158192,0.34481418,0.0,708
ZA,1936,marine_hw,abrupt-4xCO2,0.004454637086158192,0.35805985,0.0,708
ZA,1937,marine_hw,abrupt-4xCO2,0.0034455890819209034,0.28273302,0.0,708
ZA,1938,marine_hw,abrupt-4xCO2,0.002759927858615819,0.25962123,0.0,708
ZA,1939,marine_hw,abrupt-4xCO2,0.003951637394774011,0.34671652,0.0,708
ZA,1940,marine_hw,abrupt-4xCO2,0.0036287385032485876,0.3133289,0.0,708
ZA,1941,marine_hw,abrupt-4xCO2,0.0030825898662429382,0.27387986,0.0,708
ZA,1942,marine_hw,abrupt-4xCO2,0.003996437288135594,0.30462515,0.0,708
ZA,1943,marine_hw,abrupt-4xCO2,0.004677958002966102,0.35085404,0.0,708
ZA,1944,marine_hw,abrupt-4xCO2,0.005590595628531074,0.40634143,0.0,708
ZA,1945,marine_hw,abrupt-4xCO2,0.003780158204011299,0.35950586,0.0,708
ZA,1946,marine_hw,abrupt-4xCO2,0.003463139341666667,0.33358893,0.0,708
ZA,1947,marine_hw,abrupt-4xCO2,0.00416906809279661,0.30259848,0.0,708
ZA,1948,marine_hw,abrupt-4xCO2,0.004835137728954802,0.3796326,0.0,708
ZA,1949,marine_hw,abrupt-4xCO2,0.0032428205170903952,0.32623723,0.0,708
ZA,1950,marine_hw,abrupt-4xCO2,0.002524069209039548,0.27394518,0.0,708
ZA,1951,marine_hw,abrupt-4xCO2,0.003176373485649718,0.30515486,0.0,708
ZA,1952,marine_hw,abrupt-4xCO2,0.0035052123654519774,0.32622293,0.0,708
ZA,1953,marine_hw,abrupt-4xCO2,0.0040730041443502825,0.29492906,0.0,708
ZA,1954,marine_hw,abrupt-4xCO2,0.004124932925235875,0.4157628,0.0,708
ZA,1955,marine_hw,abrupt-4xCO2,0.003596317436158192,0.29518864,0.0,708
ZA,1956,marine_hw,abrupt-4xCO2,0.004662363380084746,0.32767248,0.0,708
ZA,1957,marine_hw,abrupt-4xCO2,0.0035347750627118648,0.2833701,0.0,708
ZA,1958,marine_hw,abrupt-4xCO2,0.004452346052824859,0.28650728,0.0,708
ZA,1959,marine_hw,abrupt-4xCO2,0.0046547081625,0.35034397,0.0,708
ZA,1960,marine_hw,abrupt-4xCO2,0.0035511629787570624,0.29309568,0.0,708
ZA,1961,marine_hw,abrupt-4xCO2,0.004031819999011299,0.29014194,0.0,708
ZA,1962,marine_hw,abrupt-4xCO2,0.004016291497881356,0.3327648,0.0,708
ZA,1963,marine_hw,abrupt-4xCO2,0.0029804161958333335,0.28329226,0.0,708
ZA,1964,marine_hw,abrupt-4xCO2,0.0031112326394067795,0.2565494,0.0,708
ZA,1965,marine_hw,abrupt-4xCO2,0.0030594315425141244,0.30928704,0.0,708
ZA,1966,marine_hw,abrupt-4xCO2,0.004006154365254237,0.35602328,0.0,708
ZA,1967,marine_hw,abrupt-4xCO2,0.004012571736440678,0.34265324,0.0,708
ZA,1968,marine_hw,abrupt-4xCO2,0.0037450670086158194,0.30372587,0.0,708
ZA,1969,marine_hw,abrupt-4xCO2,0.0031438333342514125,0.29958025,0.0,708
ZA,1970,marine_hw,abrupt-4xCO2,0.0049639742819209045,0.36969045,0.0,708
ZA,1971,marine_hw,abrupt-4xCO2,0.00440095013878531,0.39460525,0.0,708
ZA,1972,marine_hw,abrupt-4xCO2,0.0038892133651129944,0.28258982,0.0,708
ZA,1973,marine_hw,abrupt-4xCO2,0.0045679774045197736,0.38430163,0.0,708
ZA,1974,marine_hw,abrupt-4xCO2,0.004290817845070622,0.29030475,0.0,708
ZA,1975,marine_hw,abrupt-4xCO2,0.0037914967975988703,0.2785507,0.0,708
ZA,1976,marine_hw,abrupt-4xCO2,0.0038963179412429376,0.35396972,0.0,708
ZA,1977,marine_hw,abrupt-4xCO2,0.00439958415263418,0.3449994,0.0,708
ZA,1978,marine_hw,abrupt-4xCO2,0.004203252507918079,0.3655189,0.0,708
ZA,1979,marine_hw,abrupt-4xCO2,0.004008063992231638,0.29643062,0.0,708
ZA,1980,marine_hw,abrupt-4xCO2,0.005312252324858757,0.33595207,0.0,708
ZA,1981,marine_hw,abrupt-4xCO2,0.004766949510875707,0.3731775,0.0,708
ZA,1982,marine_hw,abrupt-4xCO2,0.0050420143737288136,0.37651327,0.0,708
ZA,1983,marine_hw,abrupt-4xCO2,0.0039031618707161017,0.31567144,0.0,708
ZA,1984,marine_hw,abrupt-4xCO2,0.004644755130084746,0.33770588,0.0,708
ZA,1985,marine_hw,abrupt-4xCO2,0.00454966027029661,0.3827894,0.0,708
ZA,1986,marine_hw,abrupt-4xCO2,0.0035517327765112994,0.325448,0.0,708
ZA,1987,marine_hw,abrupt-4xCO2,0.004386422036723164,0.33140203,0.0,708
ZA,1988,marine_hw,abrupt-4xCO2,0.004831954808333334,0.3471746,0.0,708
ZA,1989,marine_hw,abrupt-4xCO2,0.00475636729279661,0.3626949,0.0,708
ZA,1990,marine_hw,abrupt-4xCO2,0.003985420105932203,0.33681822,0.0,708
ZA,1991,marine_hw,abrupt-4xCO2,0.0038024943584180795,0.2805694,0.0,708
ZA,1992,marine_hw,abrupt-4xCO2,0.003450138467514125,0.28993347,0.0,708
ZA,1993,marine_hw,abrupt-4xCO2,0.004435253006779661,0.32755974,0.0,708
ZA,1994,marine_hw,abrupt-4xCO2,0.004080324894632769,0.32057855,0.0,708
ZA,1995,marine_hw,abrupt-4xCO2,0.003974843570621469,0.32191268,0.0,708
ZA,1996,marine_hw,abrupt-4xCO2,0.0045010712296610165,0.35523048,0.0,708
ZA,1997,marine_hw,abrupt-4xCO2,0.0049294655544491525,0.3414005,0.0,708
ZA,1998,marine_hw,abrupt-4xCO2,0.004367844710310735,0.34116697,0.0,708
ZA,1999,marine_hw,abrupt-4xCO2,0.004656605401977401,0.37395683,0.0,708
ZA,2000,marine_hw,abrupt-4xCO2,0.004942398088276836,0.36110035,0.0,708
